query,clicks,impressions,n_pages,second_page_share,ads_volume_IL,cpc_usd,pages (top5)
פרויקטים חדשים,0,1260,5,0.04,390,4.56,https://nad-lan.co.il/projects/ [1159i p27 0c] || https://nad-lan.co.il/ [49i p79 0c] || https://nad-lan.co.il/city/ירושלים/projects/ [24i p64 0c] || https://nad-lan.co.il/city/תל אביב יפו/projects/ [24i p95 0c] || https://nad-lan.co.il/projects/?city=חיפה [4i p30 0c]
פרויקטים חדשים בתל אביב,0,677,5,0.15,320,10.18,https://nad-lan.co.il/projects/ [478i p39 0c] || https://nad-lan.co.il/projects/?city=תל אביב-יפו [100i p45 0c] || https://nad-lan.co.il/city/תל אביב יפו/projects/ [97i p75 0c] || https://nad-lan.co.il/projects/ashdar-einstein/ [1i p12 0c] || https://nad-lan.co.il/projects/rainbow-tel-aviv/ [1i p30 0c]
דירות מקבלן,0,592,4,0.03,210,3.69,https://nad-lan.co.il/projects/ [557i p26 0c] || https://nad-lan.co.il/ [20i p82 0c] || https://nad-lan.co.il/catalog/ [14i p88 0c] || https://nad-lan.co.il/buying-new-apartment-developer-2026-negotiation/ [1i p1 0c]
פרויקטים חדשים תל אביב,0,589,4,0.13,70,11.63,https://nad-lan.co.il/projects/ [423i p33 0c] || https://nad-lan.co.il/city/תל אביב יפו/projects/ [77i p71 0c] || https://nad-lan.co.il/projects/?city=תל אביב-יפו [77i p40 0c] || https://nad-lan.co.il/new-projects/north-tel-aviv-new-projects/ [12i p78 0c]
דירות חדשות בתל אביב,0,527,3,0.15,90,9.85,https://nad-lan.co.il/projects/ [371i p37 0c] || https://nad-lan.co.il/projects/?city=תל אביב-יפו [81i p43 0c] || https://nad-lan.co.il/city/תל אביב יפו/projects/ [75i p73 0c]
פרויקטים חדשים בראשון לציון,0,481,3,0.34,210,10.65,https://nad-lan.co.il/city/ראשון לציון/projects/ [297i p27 0c] || https://nad-lan.co.il/projects/ [162i p47 0c] || https://nad-lan.co.il/city/ראשון-לציון/projects/ [22i p91 0c]
פרויקטים בתל אביב,0,456,5,0.18,140,10.18,https://nad-lan.co.il/projects/ [297i p43 0c] || https://nad-lan.co.il/projects/?city=תל אביב-יפו [80i p42 0c] || https://nad-lan.co.il/city/תל אביב יפו/projects/ [75i p73 0c] || https://nad-lan.co.il/city/תל-אביב-יפו/ [3i p98 0c] || https://nad-lan.co.il/ [1i p85 0c]
נדלן,1,443,12,0.27,8100,7.55,https://nad-lan.co.il/ [207i p55 1c] || https://nad-lan.co.il/properties/ [121i p84 0c] || https://nad-lan.co.il/projects/ [57i p37 0c] || https://nad-lan.co.il/investment/ [18i p69 0c] || https://nad-lan.co.il/projects/זוגות-צעירים/ [15i p41 0c]
דירות חדשות מקבלן,0,416,5,0.14,170,5.39,https://nad-lan.co.il/projects/ [348i p47 0c] || https://nad-lan.co.il/new-projects/north-tel-aviv-new-projects/ [57i p74 0c] || https://nad-lan.co.il/ [7i p74 0c] || https://nad-lan.co.il/catalog/ [2i p97 0c] || https://nad-lan.co.il/projects/?city=חיפה [2i p50 0c]
פרויקטים חדשים במרכז,0,403,6,0.07,70,6.47,https://nad-lan.co.il/projects/ [359i p35 0c] || https://nad-lan.co.il/city/תל אביב יפו/projects/ [27i p72 0c] || https://nad-lan.co.il/projects/?city=תל אביב-יפו [6i p60 0c] || https://nad-lan.co.il/city/ירושלים/projects/ [5i p67 0c] || https://nad-lan.co.il/projects/?city=חיפה [5i p48 0c]
מחשבון קניית דירה,0,394,6,0.26,40,0.9,https://nad-lan.co.il/apartment-purchase-cost-calculator/ [120i p52 0c] || https://nad-lan.co.il/buy-or-rent/ [103i p85 0c] || https://nad-lan.co.il/mortgage-calculator/ [80i p82 0c] || https://nad-lan.co.il/purchase-tax-calculator/ [73i p69 0c] || https://nad-lan.co.il/property-value-estimator/ [16i p34 0c]
פרויקטים תל אביב,0,349,3,0.22,260,6.62,https://nad-lan.co.il/projects/ [208i p42 0c] || https://nad-lan.co.il/projects/?city=תל אביב-יפו [76i p33 0c] || https://nad-lan.co.il/city/תל אביב יפו/projects/ [65i p70 0c]
פרויקטים חדשים ברמת גן,0,344,3,0.43,170,7.45,https://nad-lan.co.il/city/רמת-גן/projects/ [150i p28 0c] || https://nad-lan.co.il/city/רמת גן/projects/ [149i p21 0c] || https://nad-lan.co.il/city/רמת-גן/ [45i p69 0c]
שדה דב,1,340,11,0.02,4400,4.92,https://nad-lan.co.il/sde-dov/ [320i p20 1c] || https://nad-lan.co.il/projects/duo-tel-aviv/ [6i p14 0c] || https://nad-lan.co.il/projects/ashira-sde-dov/ [4i p13 0c] || https://nad-lan.co.il/projects/dimri-yama-sde-dov/ [2i p8 0c] || https://nad-lan.co.il/tours/ [2i p12 0c]
דירות חדשות,0,331,3,0.17,260,5.48,https://nad-lan.co.il/projects/ [273i p48 0c] || https://nad-lan.co.il/ [56i p82 0c] || https://nad-lan.co.il/city/תל אביב יפו/projects/ [2i p82 0c]
פרויקטים חדשים בדרום,0,320,7,0.09,20,1.45,https://nad-lan.co.il/projects/ [192i p29 0c] || https://nad-lan.co.il/city/אשקלון/projects/ [30i p53 0c] || https://nad-lan.co.il/projects/?city=באר שבע [28i p64 0c] || https://nad-lan.co.il/city/לוד/projects/ [24i p75 0c] || https://nad-lan.co.il/ [22i p89 0c]
דירות חדשות למכירה,0,319,3,0.13,260,3.53,https://nad-lan.co.il/projects/ [269i p43 0c] || https://nad-lan.co.il/ [41i p58 0c] || https://nad-lan.co.il/city/תל אביב יפו/projects/ [9i p50 0c]
פרויקטים חדשים בתל אביב מחירים,0,318,6,0.18,50,9.93,https://nad-lan.co.il/projects/ [170i p40 0c] || https://nad-lan.co.il/projects/יפו/ [56i p82 0c] || https://nad-lan.co.il/city/תל אביב יפו/projects/ [37i p43 0c] || https://nad-lan.co.il/projects/?city=תל אביב-יפו [37i p54 0c] || https://nad-lan.co.il/ [17i p47 0c]
דירות מקבלן בתל אביב,0,308,6,0.12,20,9.04,https://nad-lan.co.il/projects/ [207i p32 0c] || https://nad-lan.co.il/city/תל אביב יפו/projects/ [37i p76 0c] || https://nad-lan.co.il/projects/?city=תל אביב-יפו [25i p57 0c] || https://nad-lan.co.il/new-projects/north-tel-aviv-new-projects/ [24i p62 0c] || https://nad-lan.co.il/city/תל-אביב-יפו/ [13i p97 0c]
פרויקט נדלן,0,307,8,0.09,110,9.17,https://nad-lan.co.il/projects/ [252i p24 0c] || https://nad-lan.co.il/city/אשקלון/projects/ [28i p22 0c] || https://nad-lan.co.il/city/תל אביב יפו/projects/ [17i p23 0c] || https://nad-lan.co.il/projects/יפת/ [5i p27 0c] || https://nad-lan.co.il/ [2i p80 0c]
duo tel aviv,0,291,4,0.02,260,2.99,https://nad-lan.co.il/projects/duo-tel-aviv/ [284i p23 0c] || http://nad-lan.co.il/projects/duo-tel-aviv/ [5i p22 0c] || https://nad-lan.co.il/projects/duo-tel-aviv-fr/ [1i p10 0c] || https://nad-lan.co.il/projects/duo-tel-aviv-ru/ [1i p40 0c]
פרויקטים חדשים בצפון הישן תל אביב,0,284,5,0.22,30,19.64,https://nad-lan.co.il/projects/ [205i p31 0c] || https://nad-lan.co.il/north-tel-aviv/old-north/ [62i p24 0c] || https://nad-lan.co.il/city/תל אביב יפו/projects/ [13i p70 0c] || https://nad-lan.co.il/projects/?city=תל אביב-יפו [3i p47 0c] || https://nad-lan.co.il/new-projects/north-tel-aviv-new-projects/ [1i p68 0c]
פרויקטים חדשים בבאר שבע,0,282,4,0.32,110,3.67,https://nad-lan.co.il/projects/?city=באר שבע [138i p37 0c] || https://nad-lan.co.il/projects/ [90i p30 0c] || https://nad-lan.co.il/city/באר-שבע/projects/ [31i p64 0c] || https://nad-lan.co.il/city/באר-שבע/ [23i p89 0c]
duo תל אביב,0,280,2,0.02,210,3.1,https://nad-lan.co.il/projects/duo-tel-aviv/ [274i p25 0c] || http://nad-lan.co.il/projects/duo-tel-aviv/ [6i p18 0c]
מפת התחדשות עירונית,1,272,2,0.0,260,2.83,https://nad-lan.co.il/urban-renewal/map/ [271i p16 1c] || https://nad-lan.co.il/projects/ [1i p47 0c]
פרויקטים חדשים בצפון תל אביב,0,259,4,0.15,20,18.29,https://nad-lan.co.il/projects/ [159i p37 0c] || https://nad-lan.co.il/new-projects/north-tel-aviv-new-projects/ [38i p57 0c] || https://nad-lan.co.il/city/תל אביב יפו/projects/ [33i p60 0c] || https://nad-lan.co.il/projects/?city=תל אביב-יפו [29i p54 0c]
פרויקטים חדשים בישראל,0,256,6,0.12,10,0.68,https://nad-lan.co.il/projects/ [204i p22 0c] || https://nad-lan.co.il/ [32i p61 0c] || https://nad-lan.co.il/city/אשקלון/projects/ [7i p81 0c] || https://nad-lan.co.il/city/ירושלים/projects/ [7i p78 0c] || https://nad-lan.co.il/catalog/ [3i p98 0c]
פרויקטים חדשים למגורים,0,255,5,0.44,20,0.0,https://nad-lan.co.il/new-projects/new-projects-tel-aviv/ [134i p15 0c] || https://nad-lan.co.il/projects/ [111i p35 0c] || https://nad-lan.co.il/city/ירושלים/projects/ [5i p65 0c] || https://nad-lan.co.il/city/תל אביב יפו/projects/ [3i p89 0c] || https://nad-lan.co.il/ [2i p88 0c]
פרויקטים בבאר שבע,0,251,4,0.35,70,3.57,https://nad-lan.co.il/projects/?city=באר שבע [122i p38 0c] || https://nad-lan.co.il/projects/ [88i p46 0c] || https://nad-lan.co.il/city/באר-שבע/projects/ [32i p77 0c] || https://nad-lan.co.il/city/באר-שבע/ [9i p90 0c]
פרויקטים חדשים בתל אביב ליד הים,0,249,3,0.29,30,9.81,https://nad-lan.co.il/projects/ [155i p35 0c] || https://nad-lan.co.il/projects/?city=תל אביב-יפו [71i p39 0c] || https://nad-lan.co.il/city/תל אביב יפו/projects/ [23i p77 0c]
פרויקטים בהתחדשות עירונית,0,247,2,0.43,10,0.0,https://nad-lan.co.il/urban-renewal/map/ [142i p70 0c] || https://nad-lan.co.il/projects/ [105i p49 0c]
איזה פרויקטים חדשים יש בהרצליה,0,243,4,0.17,,,https://nad-lan.co.il/herzliya-projects/ [161i p33 0c] || https://nad-lan.co.il/city/הרצליה/projects/ [41i p83 0c] || https://nad-lan.co.il/projects/ [31i p74 0c] || https://nad-lan.co.il/investment/herzliya-investment-apartment/ [10i p6 0c]
קניית דירה,0,238,3,0.24,210,9.21,https://nad-lan.co.il/buying-apartment/ [178i p45 0c] || https://nad-lan.co.il/investment/ [58i p86 0c] || https://nad-lan.co.il/ [2i p88 0c]
פרויקטים חדשים על הנייר,1,230,6,0.12,170,5.1,https://nad-lan.co.il/projects/ [184i p31 1c] || https://nad-lan.co.il/ [27i p73 0c] || https://nad-lan.co.il/projects/הזמיר/ [11i p80 0c] || https://nad-lan.co.il/city/ירושלים/projects/ [6i p80 0c] || https://nad-lan.co.il/catalog/ [1i p98 0c]
דירות להשקעה,0,224,3,0.11,480,8.42,https://nad-lan.co.il/investment/ [193i p55 0c] || https://nad-lan.co.il/properties/ [24i p53 0c] || https://nad-lan.co.il/ [7i p51 0c]
פרויקט נדלן חדש,0,222,7,0.42,20,0.0,https://nad-lan.co.il/projects/ [120i p23 0c] || https://nad-lan.co.il/new-projects/new-projects-tel-aviv/ [94i p16 0c] || https://nad-lan.co.il/city/אשקלון/projects/ [4i p22 0c] || https://nad-lan.co.il/ [1i p88 0c] || https://nad-lan.co.il/city/ירושלים/projects/ [1i p88 0c]
madlan,0,219,5,0.16,8100,2.23,https://nad-lan.co.il/en/ [175i p32 0c] || https://nad-lan.co.il/ [35i p33 0c] || https://nad-lan.co.il/fr/ [7i p37 0c] || https://nad-lan.co.il/global/?lang=en [1i p42 0c] || https://nad-lan.co.il/ru/ [1i p46 0c]
projet immobilier israël,0,218,5,0.33,,,https://nad-lan.co.il/projects/ [125i p75 0c] || https://nad-lan.co.il/fr/ [73i p59 0c] || https://nad-lan.co.il/site-map/ [18i p97 0c] || https://nad-lan.co.il/ [1i p90 0c] || https://nad-lan.co.il/premium/ [1i p63 0c]
פרויקטים חדשים מחירים,0,218,8,0.2,10,0.0,https://nad-lan.co.il/projects/ [132i p24 0c] || https://nad-lan.co.il/new-projects/new-projects-tel-aviv/ [43i p14 0c] || https://nad-lan.co.il/ [28i p25 0c] || https://nad-lan.co.il/city/תל אביב יפו/projects/ [6i p38 0c] || https://nad-lan.co.il/premium/ [4i p58 0c]
שדה דב פרויקטים,0,216,15,0.33,390,13.87,https://nad-lan.co.il/sde-dov/merkaz/ [81i p45 0c] || https://nad-lan.co.il/sde-dov/ [71i p46 0c] || https://nad-lan.co.il/sde-dov-luxury-projects-2026/ [14i p82 0c] || https://nad-lan.co.il/projects/rainbow-tel-aviv/ [11i p29 0c] || https://nad-lan.co.il/projects/הבילויים/ [9i p75 0c]
דירות למכירה בשדה דב,0,212,3,0.31,40,11.73,https://nad-lan.co.il/sde-dov/ [144i p32 0c] || https://nad-lan.co.il/sde-dov/prices/ [66i p23 0c] || https://nad-lan.co.il/ [2i p28 0c]
מכירת נכס,0,210,2,0.47,20,0.0,https://nad-lan.co.il/selling-apartment/ [112i p59 0c] || https://nad-lan.co.il/investment/ [98i p87 0c]
новостройки израиль,0,206,3,0.11,,,https://nad-lan.co.il/projects/ [178i p71 0c] || https://nad-lan.co.il/ru/ [23i p85 0c] || https://nad-lan.co.il/ru/new-projects/ [5i p18 0c]
פרויקטים עתידיים בתל אביב,0,202,4,0.25,10,7.04,https://nad-lan.co.il/projects/ [114i p43 0c] || https://nad-lan.co.il/projects/?city=תל אביב-יפו [51i p43 0c] || https://nad-lan.co.il/city/תל אביב יפו/projects/ [35i p67 0c] || https://nad-lan.co.il/projects/מעוז-אביב-צפון-מרכז/ [2i p4 0c]
פרויקטים למגורים,0,198,8,0.09,10,1.77,https://nad-lan.co.il/projects/ [162i p36 0c] || https://nad-lan.co.il/city/תל אביב יפו/projects/ [18i p72 0c] || https://nad-lan.co.il/ [5i p66 0c] || https://nad-lan.co.il/city/חיפה/projects/ [5i p89 0c] || https://nad-lan.co.il/city/ירושלים/projects/ [5i p91 0c]
new projects israel,0,190,4,0.01,,,https://nad-lan.co.il/projects/ [186i p77 0c] || https://nad-lan.co.il/en/ [2i p8 0c] || https://nad-lan.co.il/ [1i p84 0c] || https://nad-lan.co.il/city/ירושלים/projects/ [1i p96 0c]
פרויקטים להשקעה,0,185,5,0.18,30,3.21,https://nad-lan.co.il/projects/ [114i p25 0c] || https://nad-lan.co.il/investment/ [34i p85 0c] || https://nad-lan.co.il/site-map/ [24i p75 0c] || https://nad-lan.co.il/ [10i p63 0c] || https://nad-lan.co.il/catalog/ [3i p93 0c]
פרויקטים בבנייה,0,182,3,0.03,90,17.13,https://nad-lan.co.il/projects/ [172i p33 0c] || https://nad-lan.co.il/city/גבעתים/projects/ [5i p73 0c] || https://nad-lan.co.il/city/ירושלים/projects/ [5i p68 0c]
פרויקטים בשדה דב,0,181,11,0.33,70,30.18,https://nad-lan.co.il/sde-dov/merkaz/ [71i p54 0c] || https://nad-lan.co.il/sde-dov/ [60i p35 0c] || https://nad-lan.co.il/sde-dov/prices/ [20i p34 0c] || https://nad-lan.co.il/premium/ [12i p88 0c] || https://nad-lan.co.il/projects/הרכבת/ [6i p83 0c]
שדה דב דירות,0,180,6,0.29,50,13.0,https://nad-lan.co.il/sde-dov/ [62i p52 0c] || https://nad-lan.co.il/sde-dov/merkaz/ [52i p30 0c] || https://nad-lan.co.il/ [37i p66 0c] || https://nad-lan.co.il/sde-dov/prices/ [24i p23 0c] || https://nad-lan.co.il/projects/הרכבת/ [4i p90 0c]
nadlan,10,179,9,0.21,,,https://nad-lan.co.il/ru/ [65i p8 8c] || https://nad-lan.co.il/ [38i p32 0c] || https://nad-lan.co.il/en/ [31i p16 1c] || https://nad-lan.co.il/fr/ [18i p22 1c] || https://nad-lan.co.il/buying-apartment/ [11i p80 0c]
פרויקטים חדשים בהרצליה,0,178,3,0.43,110,4.99,https://nad-lan.co.il/projects/ [94i p34 0c] || https://nad-lan.co.il/city/הרצליה/projects/ [76i p42 0c] || https://nad-lan.co.il/projects/?city=הרצליה [8i p57 0c]
comprar apartamento em israel sendo estrangeiro,0,177,2,0.05,,,https://nad-lan.co.il/en/buy-property-in-israel/ [169i p63 0c] || https://nad-lan.co.il/buy-property-israel-foreign-buyers/ [8i p80 0c]
"ת""י 466",1,176,5,0.11,40,1.55,https://nad-lan.co.il/glossary/תי-466/ [139i p9 1c] || https://nad-lan.co.il/glossary-category/standards-regulation/page/2/ [20i p71 0c] || https://nad-lan.co.il/glossary/תי-118/ [14i p78 0c] || https://nad-lan.co.il/glossary/בטון-ב-40/ [2i p86 0c] || https://nad-lan.co.il/glossary/בטון-מזוין/ [1i p90 0c]
דירות חדשות תל אביב,0,176,4,0.19,40,8.81,https://nad-lan.co.il/projects/ [118i p36 0c] || https://nad-lan.co.il/projects/?city=תל אביב-יפו [33i p38 0c] || https://nad-lan.co.il/city/תל אביב יפו/projects/ [21i p71 0c] || https://nad-lan.co.il/new-projects/north-tel-aviv-new-projects/ [4i p63 0c]
פרויקט דירות,0,174,3,0.01,40,12.44,https://nad-lan.co.il/projects/ [172i p27 0c] || https://nad-lan.co.il/premium/ [1i p22 0c] || https://nad-lan.co.il/projects/יפת/ [1i p30 0c]
פרויקטים בהרצליה,0,171,4,0.34,70,5.82,https://nad-lan.co.il/city/הרצליה/projects/ [64i p46 0c] || https://nad-lan.co.il/city/הרצליה/ [58i p25 0c] || https://nad-lan.co.il/projects/ [43i p48 0c] || https://nad-lan.co.il/projects/?city=הרצליה [6i p59 0c]
דמי תיווך,0,170,2,0.03,110,0.12,https://nad-lan.co.il/commercial-real-estate/commercial-real-estate-brokerage-fee/ [165i p42 0c] || https://nad-lan.co.il/real-estate-broker/ [5i p94 0c]
סוקולוב 14,0,170,5,0.18,50,0.0,https://nad-lan.co.il/projects/ [89i p51 0c] || https://nad-lan.co.il/catalog/ [31i p72 0c] || https://nad-lan.co.il/ [28i p68 0c] || https://nad-lan.co.il/projects/סוקולוב/ [12i p37 0c] || https://nad-lan.co.il/ru/ [10i p65 0c]
פרויקטים חדשים בכפר סבא,0,170,3,0.2,70,2.64,https://nad-lan.co.il/city/כפר סבא/projects/ [123i p19 0c] || https://nad-lan.co.il/projects/ [34i p65 0c] || https://nad-lan.co.il/city/כפר-סבא/projects/ [13i p58 0c]
פרויקטים בבניה,0,169,2,0.01,40,8.83,https://nad-lan.co.il/projects/ [167i p34 0c] || https://nad-lan.co.il/city/גבעתים/projects/ [2i p67 0c]
פרויקט בנייה,0,167,7,0.05,50,14.4,https://nad-lan.co.il/projects/ [148i p36 0c] || https://nad-lan.co.il/projects/הקרן/ [8i p96 0c] || https://nad-lan.co.il/city/ירושלים/projects/ [4i p78 0c] || https://nad-lan.co.il/city/גבעתים/projects/ [3i p86 0c] || https://nad-lan.co.il/ [2i p90 0c]
פרויקטים בנתניה,0,165,4,0.26,90,5.0,https://nad-lan.co.il/projects/ [51i p26 0c] || https://nad-lan.co.il/city/נתניה/projects/ [43i p41 0c] || https://nad-lan.co.il/projects/?city=נתניה [40i p63 0c] || https://nad-lan.co.il/city/נתניה/ [31i p75 0c]
מכירת דירה,0,158,4,0.32,140,1.67,https://nad-lan.co.il/selling-apartment/ [76i p52 0c] || https://nad-lan.co.il/buying-apartment/ [50i p74 0c] || https://nad-lan.co.il/investment/ [31i p84 0c] || https://nad-lan.co.il/properties/ [1i p96 0c]
פרויקטים ברמת גן,0,156,3,0.19,90,8.11,https://nad-lan.co.il/city/רמת גן/projects/ [104i p27 0c] || https://nad-lan.co.il/city/רמת-גן/projects/ [29i p40 0c] || https://nad-lan.co.il/city/רמת-גן/ [23i p66 0c]
פרויקטים חדשים בנתניה,0,155,2,0.4,170,4.56,https://nad-lan.co.il/projects/?city=נתניה [93i p60 0c] || https://nad-lan.co.il/city/נתניה/projects/ [62i p41 0c]
דירות בשדה דב,0,154,4,0.32,50,10.25,https://nad-lan.co.il/sde-dov/ [97i p40 0c] || https://nad-lan.co.il/sde-dov/prices/ [50i p18 0c] || https://nad-lan.co.il/sde-dov/merkaz/ [5i p49 0c] || https://nad-lan.co.il/ [2i p67 0c]
פרויקטי בניה חדשים,0,154,2,0.01,30,3.38,https://nad-lan.co.il/projects/ [153i p27 0c] || https://nad-lan.co.il/projects/?city=חיפה [1i p30 0c]
דירות חדשות בישראל,0,153,3,0.17,,,https://nad-lan.co.il/projects/ [107i p34 0c] || https://nad-lan.co.il/ [26i p79 0c] || https://nad-lan.co.il/new-projects/new-projects-tel-aviv/ [20i p15 0c]
פרויקטים חדשים באר שבע,0,151,4,0.33,30,3.44,https://nad-lan.co.il/projects/?city=באר שבע [72i p29 0c] || https://nad-lan.co.il/projects/ [50i p30 0c] || https://nad-lan.co.il/city/באר-שבע/projects/ [18i p55 0c] || https://nad-lan.co.il/city/באר-שבע/ [11i p91 0c]
"""בדיקת משכנתא""",0,150,2,0.17,170,5.08,https://nad-lan.co.il/mortgage-calculator/ [125i p17 0c] || https://nad-lan.co.il/investment-property-mortgage/ [25i p23 0c]
דירות חדשות בבניה,0,149,7,0.45,10,6.5,https://nad-lan.co.il/new-projects/new-projects-tel-aviv/ [67i p15 0c] || https://nad-lan.co.il/projects/ [67i p48 0c] || https://nad-lan.co.il/city/גבעתים/projects/ [8i p87 0c] || https://nad-lan.co.il/city/תל אביב יפו/projects/ [3i p76 0c] || https://nad-lan.co.il/projects/?city=חיפה [2i p38 0c]
שדה דב למכירה,0,149,3,0.25,70,6.25,https://nad-lan.co.il/sde-dov/ [86i p38 0c] || https://nad-lan.co.il/sde-dov/prices/ [37i p25 0c] || https://nad-lan.co.il/ [26i p42 0c]
invertir en inmuebles en israel,0,146,2,0.4,,,https://nad-lan.co.il/investment/ [88i p82 0c] || https://nad-lan.co.il/site-map/ [58i p83 0c]
פרויקטי פינוי בינוי בתל אביב,0,146,4,0.25,,,https://nad-lan.co.il/urban-renewal/pinui-binui-tel-aviv/ [41i p74 0c] || https://nad-lan.co.il/city/תל אביב יפו/projects/ [36i p67 0c] || https://nad-lan.co.il/projects/ [35i p49 0c] || https://nad-lan.co.il/projects/?city=תל אביב-יפו [34i p50 0c]
פרויקטים בראשון לציון,0,142,4,0.11,90,5.35,https://nad-lan.co.il/city/ראשון לציון/projects/ [120i p27 0c] || https://nad-lan.co.il/projects/ [15i p47 0c] || https://nad-lan.co.il/city/ראשון-לציון/ [4i p92 0c] || https://nad-lan.co.il/city/ראשון-לציון/projects/ [3i p81 0c]
פרויקט שדה דב,0,141,7,0.43,210,15.49,https://nad-lan.co.il/sde-dov/merkaz/ [68i p52 0c] || https://nad-lan.co.il/sde-dov/ [60i p43 0c] || https://nad-lan.co.il/projects/הרכבת/ [6i p84 0c] || https://nad-lan.co.il/premium/ [2i p86 0c] || https://nad-lan.co.il/projects/הבילויים/ [2i p65 0c]
קניית נכס,0,139,2,0.4,10,3.15,https://nad-lan.co.il/buying-apartment/ [83i p41 0c] || https://nad-lan.co.il/investment/ [56i p83 0c]
buying apartment in israel from usa / uk / abroad,0,138,2,0.14,,,https://nad-lan.co.il/en/buy-property-in-israel/ [119i p56 0c] || https://nad-lan.co.il/buy-property-israel-foreign-buyers/ [19i p76 0c]
פרויקט פינוי בינוי,0,135,2,0.06,210,4.03,https://nad-lan.co.il/projects/ [127i p34 0c] || https://nad-lan.co.il/urban-renewal/map/ [8i p58 0c]
פרויקטים חדשים ביפו,0,135,4,0.3,30,8.21,https://nad-lan.co.il/projects/ [65i p34 0c] || https://nad-lan.co.il/projects/יפו/ [41i p84 0c] || https://nad-lan.co.il/city/תל אביב יפו/projects/ [20i p56 0c] || https://nad-lan.co.il/projects/?city=תל אביב-יפו [9i p43 0c]
פרויקטים חדשים בירושלים,0,135,4,0.1,480,5.91,https://nad-lan.co.il/projects/ [116i p40 0c] || https://nad-lan.co.il/city/ירושלים/ [14i p86 0c] || https://nad-lan.co.il/city/ירושלים/projects/ [4i p32 0c] || https://nad-lan.co.il/projects/?city=ירושלים [1i p79 0c]
פרויקטים על הנייר,0,134,7,0.12,50,6.29,https://nad-lan.co.il/projects/ [104i p31 0c] || https://nad-lan.co.il/ [16i p82 0c] || https://nad-lan.co.il/projects/הזמיר/ [6i p71 0c] || https://nad-lan.co.il/city/תל אביב יפו/projects/ [4i p68 0c] || https://nad-lan.co.il/premium/ [2i p86 0c]
דירות חדשות בבאר שבע,0,131,3,0.27,70,1.81,https://nad-lan.co.il/projects/?city=באר שבע [71i p38 0c] || https://nad-lan.co.il/projects/ [35i p28 0c] || https://nad-lan.co.il/city/באר-שבע/projects/ [25i p57 0c]
מחשבון נדלן,0,131,6,0.32,170,1.44,https://nad-lan.co.il/property-value-estimator/ [63i p23 0c] || https://nad-lan.co.il/buy-or-rent/ [42i p74 0c] || https://nad-lan.co.il/buy-vs-rent/ [14i p88 0c] || https://nad-lan.co.il/investment/ [9i p92 0c] || https://nad-lan.co.il/apartment-purchase-cost-calculator/ [2i p58 0c]
פרויקטים חדשים ביהוד,0,131,2,0.4,30,14.28,https://nad-lan.co.il/city/יהוד/projects/ [79i p21 0c] || https://nad-lan.co.il/projects/ [52i p48 0c]
פרויקט בניה,0,129,3,0.02,90,17.13,https://nad-lan.co.il/projects/ [126i p41 0c] || https://nad-lan.co.il/city/גבעתים/projects/ [2i p65 0c] || https://nad-lan.co.il/catalog/ [1i p95 0c]
פרויקטים חדשים בפתח תקווה,0,129,3,0.17,260,6.12,https://nad-lan.co.il/projects/ [93i p24 0c] || https://nad-lan.co.il/projects/?city=פתח תקוה [22i p53 0c] || https://nad-lan.co.il/city/פתח-תקוה/projects/ [14i p25 0c]
התחדשות עירונית פרויקטים,0,125,2,0.41,70,3.81,https://nad-lan.co.il/urban-renewal/map/ [74i p72 0c] || https://nad-lan.co.il/projects/ [51i p65 0c]
דירות חדשות בהרצליה,0,123,3,0.36,40,4.42,https://nad-lan.co.il/herzliya-apartment-prices/ [74i p28 0c] || https://nad-lan.co.il/city/הרצליה/projects/ [44i p66 0c] || https://nad-lan.co.il/projects/?city=הרצליה [5i p63 0c]
new apartments israel,0,120,2,0.06,,,https://nad-lan.co.il/projects/ [113i p78 0c] || https://nad-lan.co.il/ [7i p84 0c]
פרויקטים פינוי בינוי,0,120,2,0.39,210,4.03,https://nad-lan.co.il/projects/ [73i p46 0c] || https://nad-lan.co.il/urban-renewal/map/ [47i p55 0c]
שדה דב תל אביב,0,120,3,0.18,320,8.64,https://nad-lan.co.il/sde-dov/ [97i p31 0c] || https://nad-lan.co.il/sde-dov-luxury-projects-2026/ [22i p51 0c] || https://nad-lan.co.il/sde-dov/merkaz/ [1i p31 0c]
פרויקטים חדשים באזור,0,119,4,0.18,20,5.25,https://nad-lan.co.il/projects/ [79i p31 0c] || https://nad-lan.co.il/projects/?city=באר שבע [22i p62 0c] || https://nad-lan.co.il/ [13i p73 0c] || https://nad-lan.co.il/city/ירושלים/projects/ [5i p68 0c]
פרויקטים חדשים בהוד השרון,0,119,2,0.34,70,8.1,https://nad-lan.co.il/projects/ [79i p43 0c] || https://nad-lan.co.il/city/הוד-השרון/projects/ [40i p34 0c]
דירה חדשה,0,118,5,0.06,110,4.38,https://nad-lan.co.il/projects/ [108i p24 0c] || https://nad-lan.co.il/ [7i p81 0c] || https://nad-lan.co.il/3-room-apartment-690k-israel-2026/ [1i p5 0c] || https://nad-lan.co.il/netanya-apartment-prices/ [1i p21 0c] || https://nad-lan.co.il/property-value-estimator/ [1i p4 0c]
פרויקט מגורים,0,116,9,0.06,90,17.93,https://nad-lan.co.il/projects/ [101i p37 0c] || https://nad-lan.co.il/city/תל אביב יפו/projects/ [7i p87 0c] || https://nad-lan.co.il/ [2i p88 0c] || https://nad-lan.co.il/catalog/ [1i p65 0c] || https://nad-lan.co.il/city/ירושלים/projects/ [1i p99 0c]
מחשבון דירה,1,115,4,0.19,320,0.62,https://nad-lan.co.il/property-value-estimator/ [67i p26 1c] || https://nad-lan.co.il/buy-or-rent/ [22i p79 0c] || https://nad-lan.co.il/apartment-purchase-cost-calculator/ [14i p73 0c] || https://nad-lan.co.il/buy-vs-rent/ [12i p83 0c]
פרויקטים בכפר סבא,0,113,2,0.03,40,3.66,https://nad-lan.co.il/city/כפר סבא/projects/ [110i p21 0c] || https://nad-lan.co.il/projects/ [3i p68 0c]
פרויקטים בצפון תל אביב,0,110,6,0.21,20,13.49,https://nad-lan.co.il/projects/ [53i p38 0c] || https://nad-lan.co.il/city/תל אביב יפו/projects/ [23i p61 0c] || https://nad-lan.co.il/new-projects/north-tel-aviv-new-projects/ [15i p70 0c] || https://nad-lan.co.il/projects/?city=תל אביב-יפו [10i p45 0c] || https://nad-lan.co.il/north-tel-aviv/old-north/ [6i p35 0c]
מתחמי פינוי בינוי,0,109,2,0.07,70,1.87,https://nad-lan.co.il/urban-renewal/map/ [101i p24 0c] || https://nad-lan.co.il/projects/ [8i p72 0c]
פרויקטים חדשים אכלוס מיידי תל אביב 2026,0,109,6,0.22,,,https://nad-lan.co.il/new-projects/new-projects-tel-aviv/ [56i p11 0c] || https://nad-lan.co.il/projects/ [24i p63 0c] || https://nad-lan.co.il/new-projects/north-tel-aviv-new-projects/ [21i p62 0c] || https://nad-lan.co.il/city/תל אביב יפו/projects/ [4i p61 0c] || https://nad-lan.co.il/ [3i p76 0c]
פרויקטי יוקרה בתל אביב,0,108,6,0.23,,,https://nad-lan.co.il/luxury-tel-aviv/ [57i p74 0c] || https://nad-lan.co.il/city/תל אביב-יפו/projects/ [25i p39 0c] || https://nad-lan.co.il/projects/?city=תל אביב-יפו [9i p43 0c] || https://nad-lan.co.il/city/תל אביב יפו/projects/ [8i p54 0c] || https://nad-lan.co.il/projects/ [8i p42 0c]
פרויקטים חדשים בשדרות,0,107,4,0.33,90,1.77,https://nad-lan.co.il/projects/ [57i p56 0c] || https://nad-lan.co.il/projects/ashdar-einstein/ [35i p64 0c] || https://nad-lan.co.il/city/שדרות/ [13i p29 0c] || https://nad-lan.co.il/city/שדרות/projects/ [2i p64 0c]
ריינבו קנדה ישראל,0,107,2,0.02,50,5.4,https://nad-lan.co.il/projects/rainbow-tel-aviv/ [105i p17 0c] || https://nad-lan.co.il/projects/rainbow-tel-aviv-en/ [2i p74 0c]
דירה על הנייר,0,106,2,0.15,210,4.2,https://nad-lan.co.il/projects/ [90i p67 0c] || https://nad-lan.co.il/ [16i p89 0c]
דירות,0,106,6,0.32,2900,3.59,https://nad-lan.co.il/properties/ [58i p52 0c] || https://nad-lan.co.il/ [34i p46 0c] || https://nad-lan.co.il/site-map/ [9i p81 0c] || https://nad-lan.co.il/ru/ [3i p96 0c] || https://nad-lan.co.il/projects/duo-tel-aviv/ [1i p1 0c]
מגדלי יוקרה,0,105,3,0.08,40,2.48,https://nad-lan.co.il/projects/ [92i p38 0c] || https://nad-lan.co.il/luxury-apartments-israel-guide-he/ [8i p58 0c] || https://nad-lan.co.il/projects/yoo-tel-aviv/ [5i p39 0c]
rainbow tel aviv,0,104,2,0.04,170,6.27,https://nad-lan.co.il/projects/rainbow-tel-aviv/ [100i p18 0c] || https://nad-lan.co.il/projects/rainbow-tel-aviv-en/ [4i p11 0c]
פרויקטים חדשים ברמת אביב,0,104,5,0.14,20,11.29,https://nad-lan.co.il/projects/ [73i p34 0c] || https://nad-lan.co.il/projects/?city=תל אביב-יפו [15i p53 0c] || https://nad-lan.co.il/city/תל אביב יפו/projects/ [11i p85 0c] || https://nad-lan.co.il/new-projects/north-tel-aviv-new-projects/ [3i p68 0c] || https://nad-lan.co.il/projects/einstein-tower/ [2i p3 0c]
זכויות בנייה,0,103,2,0.37,110,2.53,https://nad-lan.co.il/glossary/יתרת-זכויות-בנייה/ [65i p78 0c] || https://nad-lan.co.il/property-value/building-rights-check/ [38i p85 0c]
פרויקטים בשיווק בתל אביב,0,103,5,0.31,10,14.36,https://nad-lan.co.il/city/תל אביב יפו/projects/ [38i p67 0c] || https://nad-lan.co.il/echo-city/ [32i p81 0c] || https://nad-lan.co.il/projects/ [17i p37 0c] || https://nad-lan.co.il/projects/?city=תל אביב-יפו [11i p39 0c] || https://nad-lan.co.il/premium/ [5i p89 0c]
פרויקטים בת ים,0,103,3,0.33,50,10.83,https://nad-lan.co.il/projects/ [49i p44 0c] || https://nad-lan.co.il/projects/?city=בת ים [34i p66 0c] || https://nad-lan.co.il/city/בת-ים/projects/ [20i p59 0c]
פרויקטים חדשים באשקלון,0,103,3,0.1,170,7.36,https://nad-lan.co.il/city/אשקלון/projects/ [88i p27 0c] || https://nad-lan.co.il/projects/ [10i p39 0c] || https://nad-lan.co.il/city/אשקלון/ [5i p82 0c]
פרויקט בניה חדש בתל אביב,0,102,3,0.22,10,12.7,https://nad-lan.co.il/projects/ [65i p43 0c] || https://nad-lan.co.il/projects/?city=תל אביב-יפו [22i p45 0c] || https://nad-lan.co.il/city/תל אביב יפו/projects/ [15i p80 0c]
פרויקטים חדשים באחיסמך,0,102,5,0.34,10,10.58,https://nad-lan.co.il/projects/ [45i p29 0c] || https://nad-lan.co.il/city/לוד/projects/ [35i p46 0c] || https://nad-lan.co.il/city/יהוד/projects/ [12i p73 0c] || https://nad-lan.co.il/premium/ [7i p80 0c] || https://nad-lan.co.il/catalog/ [3i p86 0c]
lançamentos imobiliários israel,0,101,4,0.3,,,https://nad-lan.co.il/ar/ [48i p49 0c] || https://nad-lan.co.il/ [30i p41 0c] || https://nad-lan.co.il/projects/ [21i p35 0c] || https://nad-lan.co.il/fr/ [2i p57 0c]
עלויות רכישת דירה מקבלן,0,101,3,0.35,10,0.0,https://nad-lan.co.il/apartment-purchase-cost-calculator/ [61i p63 0c] || https://nad-lan.co.il/buying-apartment/ [35i p45 0c] || https://nad-lan.co.il/purchase-tax-calculator/ [5i p88 0c]
פרויקטים חדשים בחיפה,0,100,3,0.09,210,4.02,https://nad-lan.co.il/city/חיפה/projects/ [90i p43 0c] || https://nad-lan.co.il/projects/?city=חיפה [9i p50 0c] || https://nad-lan.co.il/projects/המלך-אמציה/ [1i p15 0c]
פרויקטים חדשים בבת ים,0,99,3,0.39,110,7.49,https://nad-lan.co.il/projects/?city=בת ים [59i p60 0c] || https://nad-lan.co.il/city/בת-ים/projects/ [39i p51 0c] || https://nad-lan.co.il/projects/aura-pivko-bat-yam/ [1i p8 0c]
nuove costruzioni israele,0,98,2,0.39,,,https://nad-lan.co.il/ar/ [60i p59 0c] || https://nad-lan.co.il/projects/ [38i p51 0c]
פרוייקטים חדשים,0,98,6,0.01,390,4.56,https://nad-lan.co.il/projects/ [93i p27 0c] || https://nad-lan.co.il/ [1i p83 0c] || https://nad-lan.co.il/city/אשקלון/projects/ [1i p88 0c] || https://nad-lan.co.il/city/קרית-עקרון/projects/ [1i p7 0c] || https://nad-lan.co.il/projects/?city=תל אביב-יפו [1i p60 0c]
פרויקטים חדשים בבניה,0,98,7,0.08,10,7.17,https://nad-lan.co.il/projects/ [75i p27 0c] || https://nad-lan.co.il/city/גבעתים/projects/ [8i p85 0c] || https://nad-lan.co.il/new-projects/north-tel-aviv-new-projects/ [5i p68 0c] || https://nad-lan.co.il/city/תל אביב יפו/projects/ [4i p60 0c] || https://nad-lan.co.il/ [2i p68 0c]
duo פרויקט,0,97,2,0.04,20,0.7,https://nad-lan.co.il/projects/duo-tel-aviv/ [93i p20 0c] || http://nad-lan.co.il/projects/duo-tel-aviv/ [4i p18 0c]
פרויקטים בשדרות,0,97,3,0.45,70,1.57,https://nad-lan.co.il/projects/ [52i p52 0c] || https://nad-lan.co.il/city/שדרות/ [44i p23 0c] || https://nad-lan.co.il/city/שדרות/projects/ [1i p89 0c]
השקעות נדל״ן בתל אביב,0,96,2,0.21,10,0.0,https://nad-lan.co.il/investment/ [76i p84 0c] || https://nad-lan.co.il/ [20i p82 0c]
פרויקטים חדשים במרכז נדלן ישראל 2026 פרויקטים חדשים תל אביב רמת גן פתח תקווה,0,96,5,0.22,,,https://nad-lan.co.il/projects/ [58i p21 0c] || https://nad-lan.co.il/projects/?city=פתח תקוה [21i p43 0c] || https://nad-lan.co.il/city/תל אביב יפו/projects/ [13i p62 0c] || https://nad-lan.co.il/city/רמת גן/projects/ [3i p51 0c] || https://nad-lan.co.il/projects/?city=תל אביב-יפו [1i p70 0c]
פרויקטים לבניה,0,95,7,0.13,10,0.0,https://nad-lan.co.il/projects/ [56i p29 0c] || https://nad-lan.co.il/city/אשקלון/projects/ [12i p67 0c] || https://nad-lan.co.il/projects/?city=באר שבע [12i p80 0c] || https://nad-lan.co.il/city/גבעתים/projects/ [5i p92 0c] || https://nad-lan.co.il/city/תל אביב יפו/projects/ [5i p79 0c]
עלות בדיקת אל הרס,0,93,2,0.03,10,5.53,https://nad-lan.co.il/glossary/בדיקות-אל-הרס/ [90i p29 0c] || https://nad-lan.co.il/glossary/תוכנית-בקרת-איכות/ [3i p76 0c]
how to buy an apartment in israel,0,92,2,0.14,,,https://nad-lan.co.il/en/buy-property-in-israel/ [79i p73 0c] || https://nad-lan.co.il/buying-apartment/ [13i p94 0c]
פרויקטים חדשים בשרון,0,92,2,0.03,10,3.17,https://nad-lan.co.il/projects/ [89i p43 0c] || https://nad-lan.co.il/city/רמת-השרון/projects/ [3i p64 0c]
פרויקטים בירושלים,0,90,3,0.4,210,5.87,https://nad-lan.co.il/projects/ [49i p40 0c] || https://nad-lan.co.il/city/ירושלים/ [36i p86 0c] || https://nad-lan.co.il/city/ירושלים/projects/ [5i p40 0c]
פרויקטים חדשים בצור יצחק,0,90,3,0.38,10,3.21,https://nad-lan.co.il/projects/צביה-ויצחק/ [54i p70 0c] || https://nad-lan.co.il/projects/ [34i p32 0c] || https://nad-lan.co.il/projects/?city=חיפה [2i p40 0c]
דירות חדשות מקבלן בנתניה,0,89,2,0.34,10,5.33,https://nad-lan.co.il/projects/?city=נתניה [59i p62 0c] || https://nad-lan.co.il/city/נתניה/projects/ [30i p49 0c]
דירה חדשה מקבלן בתל אביב,0,88,5,0.17,10,26.96,https://nad-lan.co.il/new-projects/new-projects-tel-aviv/ [47i p19 0c] || https://nad-lan.co.il/projects/?city=תל אביב-יפו [15i p37 0c] || https://nad-lan.co.il/projects/ [13i p44 0c] || https://nad-lan.co.il/new-projects/north-tel-aviv-new-projects/ [12i p49 0c] || https://nad-lan.co.il/city/תל אביב יפו/projects/ [1i p40 0c]
משכנתא לדירה,0,88,2,0.39,50,5.56,https://nad-lan.co.il/investment-property-mortgage/ [54i p47 0c] || https://nad-lan.co.il/mortgage-calculator/ [34i p74 0c]
פרויקטים בלוד,0,88,2,0.5,40,9.24,https://nad-lan.co.il/city/לוד/ [44i p19 0c] || https://nad-lan.co.il/city/לוד/projects/ [44i p22 0c]
דירות חדשות בבת ים,0,87,2,0.4,70,4.08,https://nad-lan.co.il/projects/?city=בת ים [52i p62 0c] || https://nad-lan.co.il/city/בת-ים/projects/ [35i p55 0c]
מכירת פרויקטים למגורים,0,87,4,0.26,,,https://nad-lan.co.il/projects/ [48i p46 0c] || https://nad-lan.co.il/ [23i p44 0c] || https://nad-lan.co.il/catalog/ [9i p72 0c] || https://nad-lan.co.il/site-map/ [7i p88 0c]
נדל״ן בתל אביב,0,87,4,0.32,40,8.0,https://nad-lan.co.il/ [30i p62 0c] || https://nad-lan.co.il/city/תל אביב יפו/projects/ [28i p25 0c] || https://nad-lan.co.il/city/תל-אביב-יפו/ [27i p72 0c] || https://nad-lan.co.il/projects/?city=תל אביב-יפו [2i p26 0c]
כן,1,85,34,0.11,8100,0.41,https://nad-lan.co.il/projects/duo-tel-aviv/ [9i p5 0c] || https://nad-lan.co.il/sde-dov/prices/ [9i p8 0c] || https://nad-lan.co.il/sde-dov/ [7i p7 0c] || https://nad-lan.co.il/projects/ashira-sde-dov-en/ [6i p2 0c] || https://nad-lan.co.il/projects/ashira-sde-dov/ [5i p7 0c]
גוש חלקה נסח טאבו,0,85,2,0.12,90,0.81,https://nad-lan.co.il/tabu-extract-check/ [75i p44 0c] || https://nad-lan.co.il/glossary/land-registry-extract/ [10i p51 0c]
סוקולוב 23 תל אביב,0,85,2,0.14,30,0.0,https://nad-lan.co.il/projects/ [73i p36 0c] || https://nad-lan.co.il/ [12i p62 0c]
פרויקט מגורים במרכז,0,85,5,0.15,10,2.77,https://nad-lan.co.il/projects/ [66i p43 0c] || https://nad-lan.co.il/city/תל אביב יפו/projects/ [13i p60 0c] || https://nad-lan.co.il/projects/?city=תל אביב-יפו [3i p59 0c] || https://nad-lan.co.il/city/ירושלים/projects/ [2i p84 0c] || https://nad-lan.co.il/projects/?city=חיפה [1i p79 0c]
פרויקטים חדשים בקרית אונו,0,85,2,0.15,40,4.09,https://nad-lan.co.il/city/קרית אונו/projects/ [72i p26 0c] || https://nad-lan.co.il/city/קרית-אונו/projects/ [13i p67 0c]
פרויקטים חדשים הרצליה,0,85,3,0.39,20,5.46,https://nad-lan.co.il/city/הרצליה/projects/ [46i p45 0c] || https://nad-lan.co.il/projects/ [33i p26 0c] || https://nad-lan.co.il/projects/?city=הרצליה [6i p55 0c]
מכירת דירות מגורים,0,84,6,0.21,,,https://nad-lan.co.il/selling-apartment/ [51i p35 0c] || https://nad-lan.co.il/properties/ [18i p70 0c] || https://nad-lan.co.il/investment/ [12i p77 0c] || http://nad-lan.co.il/selling-apartment/ [1i p38 0c] || https://nad-lan.co.il/ [1i p60 0c]
פרויקטים חדשים בקרית ארבע,0,84,3,0.21,10,0.0,https://nad-lan.co.il/projects/ [49i p35 0c] || https://nad-lan.co.il/city/באר-שבע/projects/ [18i p70 0c] || https://nad-lan.co.il/city/חיפה/projects/ [17i p66 0c]
דירה למכירה בשדה דב,0,83,2,0.3,40,11.73,https://nad-lan.co.il/sde-dov/ [58i p35 0c] || https://nad-lan.co.il/sde-dov/prices/ [25i p20 0c]
פרויקטים חדשים בבני ברק,0,83,2,0.07,40,2.58,https://nad-lan.co.il/projects/ [77i p39 0c] || https://nad-lan.co.il/city/בני-ברק/ [6i p81 0c]
פרויקטים חדשים בנהריה,0,83,2,0.41,110,4.35,https://nad-lan.co.il/city/נהריה/projects/ [49i p22 0c] || https://nad-lan.co.il/city/נהריה/ [34i p24 0c]
מידע נדלן,0,82,2,0.17,14800,4.77,https://nad-lan.co.il/ [68i p43 0c] || https://nad-lan.co.il/investment/ [14i p47 0c]
הערכת נכס,0,81,2,0.01,30,0.84,https://nad-lan.co.il/property-value-estimator/ [80i p24 0c] || https://nad-lan.co.il/investment/ [1i p83 0c]
פרויקטים חדשים במגדל,0,81,4,0.17,10,0.0,https://nad-lan.co.il/projects/ [44i p39 0c] || https://nad-lan.co.il/projects/מגדל/ [14i p58 0c] || https://nad-lan.co.il/city/מגדל-העמק/projects/ [12i p55 0c] || https://nad-lan.co.il/city/מגדל-העמק/ [11i p87 0c]
"פרויקטים חדשים במרכז 2026 נדל""ן",0,81,6,0.15,,,https://nad-lan.co.il/projects/ [47i p29 0c] || https://nad-lan.co.il/ [12i p64 0c] || https://nad-lan.co.il/new-projects/new-projects-tel-aviv/ [8i p14 0c] || https://nad-lan.co.il/sde-dov/ [8i p70 0c] || https://nad-lan.co.il/city/ירושלים/projects/ [3i p56 0c]
פרויקטים חדשים ברמת ישי,0,81,5,0.12,10,1.88,https://nad-lan.co.il/projects/ [66i p39 0c] || https://nad-lan.co.il/city/גבעתים/projects/ [10i p81 0c] || https://nad-lan.co.il/projects/המעפילים/ [3i p92 0c] || https://nad-lan.co.il/catalog/ [1i p97 0c] || https://nad-lan.co.il/city/תל אביב יפו/projects/ [1i p76 0c]
פרויקטים בבת ים,0,80,2,0.31,140,8.78,https://nad-lan.co.il/projects/?city=בת ים [55i p63 0c] || https://nad-lan.co.il/city/בת-ים/projects/ [25i p59 0c]
דירות יוקרה בתל אביב,0,78,2,0.01,140,2.18,https://nad-lan.co.il/property-value/luxury-apartments-tel-aviv/ [77i p42 0c] || https://nad-lan.co.il/tel-aviv-luxury-apartment-prices/ [1i p25 0c]
פרויקטים חדשים בלוד,0,78,3,0.17,50,8.37,https://nad-lan.co.il/city/לוד/projects/ [62i p23 0c] || https://nad-lan.co.il/city/לוד/ [13i p48 0c] || https://nad-lan.co.il/projects/ [3i p65 0c]
פרויקטים חדשים בנעלה,0,77,2,0.17,10,2.77,https://nad-lan.co.il/projects/ [64i p19 0c] || https://nad-lan.co.il/catalog/ [13i p66 0c]
מידע על נדלן בבקעת אונו,0,76,3,0.13,10,0.0,https://nad-lan.co.il/city/קרית אונו/projects/ [65i p20 0c] || https://nad-lan.co.il/city/קרית-אונו/projects/ [10i p22 0c] || https://nad-lan.co.il/city/קרית-אונו/ [1i p71 0c]
"פרויקט נדל""ן",0,76,8,0.12,110,9.17,https://nad-lan.co.il/projects/ [49i p26 0c] || https://nad-lan.co.il/city/אשקלון/projects/ [9i p19 0c] || https://nad-lan.co.il/city/תל אביב יפו/projects/ [5i p23 0c] || https://nad-lan.co.il/city/נהריה/projects/ [4i p26 0c] || https://nad-lan.co.il/projects/יפת/ [3i p19 0c]
פרויקטים חדשים בנס ציונה,0,76,3,0.12,90,5.71,https://nad-lan.co.il/city/נס-ציונה/projects/ [64i p24 0c] || https://nad-lan.co.il/city/נס-ציונה/ [9i p93 0c] || https://nad-lan.co.il/projects/ [3i p78 0c]
תמא 38 רובע 3 תל אביב,0,76,3,0.04,,,https://nad-lan.co.il/urban-renewal/tama-38-tel-aviv/ [71i p48 0c] || https://nad-lan.co.il/projects/?project_type=tama38 [3i p86 0c] || https://nad-lan.co.il/projects/?project_type=pinui_binui [2i p84 0c]
פרויקטים חדשים בהרצליה פיתוח,0,75,2,0.11,20,7.89,https://nad-lan.co.il/city/הרצליה/projects/ [67i p40 0c] || https://nad-lan.co.il/projects/?city=הרצליה [8i p69 0c]
דירות חדשות בראשון לציון,0,74,3,0.34,110,4.97,https://nad-lan.co.il/city/ראשון לציון/projects/ [33i p38 0c] || https://nad-lan.co.il/projects/ [25i p44 0c] || https://nad-lan.co.il/city/ראשון-לציון/projects/ [16i p69 0c]
real estate developments in tel aviv,0,73,3,0.08,,,https://nad-lan.co.il/projects/ [65i p60 0c] || https://nad-lan.co.il/ [6i p84 0c] || https://nad-lan.co.il/projects/?city=תל אביב-יפו [2i p60 0c]
דירות חדשות ברמת גן,0,73,2,0.29,70,3.78,https://nad-lan.co.il/city/רמת-גן/projects/ [52i p50 0c] || https://nad-lan.co.il/city/רמת גן/projects/ [21i p41 0c]
נדלן טו גו,0,73,3,0.33,70,0.0,https://nad-lan.co.il/ [32i p24 0c] || https://nad-lan.co.il/ru/ [24i p48 0c] || https://nad-lan.co.il/ar/ [17i p48 0c]
פרויקטים חדשים במוצא עילית,0,73,2,0.29,10,0.0,https://nad-lan.co.il/projects/ [52i p30 0c] || https://nad-lan.co.il/city/ירושלים/projects/ [21i p62 0c]
פרויקטים חדשים פתח תקווה,0,73,2,0.37,30,4.2,https://nad-lan.co.il/projects/ [46i p24 0c] || https://nad-lan.co.il/city/פתח-תקוה/projects/ [27i p26 0c]
חישוב מס רכישה בהעברה ללא תמורה,0,72,2,0.15,40,0.77,https://nad-lan.co.il/purchase-tax-calculator/ [61i p75 0c] || https://nad-lan.co.il/real-estate-tax-advisor/gift-transfer-apartment/ [11i p89 0c]
מכירת פרוייקטים למגורים,0,72,5,0.26,,,https://nad-lan.co.il/projects/ [41i p48 0c] || https://nad-lan.co.il/ [19i p42 0c] || https://nad-lan.co.il/ru/ [8i p89 0c] || https://nad-lan.co.il/catalog/ [3i p87 0c] || https://nad-lan.co.il/projects/אור-גנים/ [1i p67 0c]
פרויקטים חדשים בפרדס כץ,0,72,3,0.24,10,0.0,https://nad-lan.co.il/projects/ [49i p41 0c] || https://nad-lan.co.il/projects/שוק-פרדס-כץ/ [17i p24 0c] || https://nad-lan.co.il/catalog/ [6i p79 0c]
בדיקת נסח טאבו,0,70,2,0.3,110,0.7,https://nad-lan.co.il/tabu-extract-check/ [49i p27 0c] || https://nad-lan.co.il/glossary/land-registry-extract/ [21i p30 0c]
נדל ן,0,70,10,0.23,8100,7.55,https://nad-lan.co.il/ [34i p59 0c] || https://nad-lan.co.il/properties/ [16i p91 0c] || https://nad-lan.co.il/projects/ [8i p32 0c] || https://nad-lan.co.il/en/ [4i p93 0c] || https://nad-lan.co.il/investment/ [3i p87 0c]
סוקולוב 14 תל אביב,0,70,2,0.1,30,0.0,https://nad-lan.co.il/projects/ [63i p43 0c] || https://nad-lan.co.il/ [7i p70 0c]
פרויקטים חדשים בחולון,0,70,3,0.46,140,7.36,https://nad-lan.co.il/city/חולון/ [36i p30 0c] || https://nad-lan.co.il/projects/ [32i p58 0c] || https://nad-lan.co.il/projects/?city=חולון [2i p54 0c]
פרויקטים חדשים באר שבע 2026,0,69,3,0.3,,,https://nad-lan.co.il/projects/?city=באר שבע [37i p30 0c] || https://nad-lan.co.il/projects/ [21i p30 0c] || https://nad-lan.co.il/city/באר-שבע/projects/ [11i p60 0c]
פרויקטים חדשים בצפון 2026,0,69,6,0.26,,,https://nad-lan.co.il/projects/ [39i p32 0c] || https://nad-lan.co.il/city/חיפה/projects/ [18i p58 0c] || https://nad-lan.co.il/city/אשקלון/projects/ [7i p46 0c] || https://nad-lan.co.il/city/ירושלים/projects/ [2i p76 0c] || https://nad-lan.co.il/projects/שלמה-המלך-צפון/ [2i p74 0c]
financiamento imobiliário israel estrangeiro,0,68,3,0.38,,,https://nad-lan.co.il/israel-mortgage-non-residents/ [37i p72 0c] || https://nad-lan.co.il/buy-property-israel-foreign-buyers/ [26i p72 0c] || https://nad-lan.co.il/buying-real-estate-israel-foreign-investor/ [5i p54 0c]
הערכת שווי נכס לפני קניה,0,68,2,0.46,,,https://nad-lan.co.il/property-value-estimator/ [37i p20 0c] || https://nad-lan.co.il/property-value/ [31i p42 0c]
נכס להשקעה,0,68,2,0.01,50,8.26,https://nad-lan.co.il/investment/ [67i p54 0c] || https://nad-lan.co.il/investment/herzliya-investment-apartment/ [1i p3 0c]
הלוואה להשקעה בנדלן,0,67,2,0.15,,,https://nad-lan.co.il/investment/ [57i p60 0c] || https://nad-lan.co.il/investment-property-mortgage/ [10i p81 0c]
פרויקטים חדשים במצליח,0,67,3,0.07,10,0.0,https://nad-lan.co.il/projects/ [57i p23 0c] || https://nad-lan.co.il/catalog/ [5i p78 0c] || https://nad-lan.co.il/premium/ [5i p76 0c]
דירות חדשות באבן יהודה,0,66,3,0.2,20,2.0,https://nad-lan.co.il/projects/ [50i p46 0c] || https://nad-lan.co.il/city/אבן-יהודה/ [13i p81 0c] || https://nad-lan.co.il/projects/העצמאות-3/ [3i p70 0c]
דירות חדשות מקבלן באשקלון,0,66,2,0.32,10,5.9,https://nad-lan.co.il/city/אשקלון/projects/ [45i p40 0c] || https://nad-lan.co.il/city/אשקלון/ [21i p75 0c]
יזם תמא 38 תל אביב,0,66,2,0.05,,,https://nad-lan.co.il/urban-renewal/tama-38-tel-aviv/ [63i p27 0c] || https://nad-lan.co.il/projects/?project_type=tama38 [3i p80 0c]
פרויקטים חדשים ביבנה,0,66,3,0.17,50,4.42,https://nad-lan.co.il/city/יבנה/projects/ [50i p24 0c] || https://nad-lan.co.il/city/יבנה/ [11i p52 0c] || https://nad-lan.co.il/projects/ [5i p70 0c]
פרויקטים חדשים בדרום 2026,0,65,6,0.17,,,https://nad-lan.co.il/projects/ [44i p27 0c] || https://nad-lan.co.il/city/אשקלון/projects/ [11i p55 0c] || https://nad-lan.co.il/projects/ההסתדרות-דרום/ [4i p85 0c] || https://nad-lan.co.il/ [2i p88 0c] || https://nad-lan.co.il/city/חיפה/projects/ [2i p56 0c]
דירה מקבלן,0,64,2,0.05,210,3.69,https://nad-lan.co.il/projects/ [61i p27 0c] || https://nad-lan.co.il/ [3i p91 0c]
פרויקט בניה בנתניה,0,63,3,0.35,30,5.54,https://nad-lan.co.il/projects/?city=נתניה [27i p66 0c] || https://nad-lan.co.il/city/נתניה/projects/ [22i p38 0c] || https://nad-lan.co.il/city/נתניה/ [14i p83 0c]
פרויקטים חדשים בראשון לציון מערב,0,63,3,0.43,20,2.86,https://nad-lan.co.il/city/ראשון לציון/projects/ [27i p28 0c] || https://nad-lan.co.il/projects/ [27i p49 0c] || https://nad-lan.co.il/city/ראשון-לציון/projects/ [9i p89 0c]
פרויקטים חדשים ברמלה,0,63,2,0.22,30,2.99,https://nad-lan.co.il/projects/ [49i p43 0c] || https://nad-lan.co.il/city/רמלה/ [14i p18 0c]
מרכז הנדלן,0,62,3,0.08,9900,2.04,https://nad-lan.co.il/ [53i p27 0c] || https://nad-lan.co.il/projects/ [5i p22 0c] || https://nad-lan.co.il/ru/ [4i p37 0c]
nadlan israel,4,61,7,0.3,,,https://nad-lan.co.il/en/ [32i p4 3c] || https://nad-lan.co.il/fr/ [18i p5 1c] || https://nad-lan.co.il/ [7i p7 0c] || https://nad-lan.co.il/buying-apartment/ [1i p80 0c] || https://nad-lan.co.il/contact/ [1i p76 0c]
פרויקטים חדשים במכמורת,0,61,3,0.1,10,0.0,https://nad-lan.co.il/projects/ [51i p21 0c] || https://nad-lan.co.il/premium/ [6i p71 0c] || https://nad-lan.co.il/catalog/ [4i p80 0c]
דירה חדשה בתל אביב,0,60,2,0.13,20,4.07,https://nad-lan.co.il/projects/ [52i p33 0c] || https://nad-lan.co.il/projects/?city=תל אביב-יפו [8i p34 0c]
פרויקטים חדשים בת ים,0,60,2,0.37,50,5.92,https://nad-lan.co.il/projects/?city=בת ים [38i p61 0c] || https://nad-lan.co.il/city/בת-ים/projects/ [22i p52 0c]
דירות חדשות במצליח,0,59,3,0.2,10,0.0,https://nad-lan.co.il/projects/ [45i p32 0c] || https://nad-lan.co.il/ [12i p58 0c] || https://nad-lan.co.il/catalog/ [2i p64 0c]
פרויקטים חדשים במרכז ישראל 2026,0,58,3,0.09,,,https://nad-lan.co.il/projects/ [52i p19 0c] || https://nad-lan.co.il/city/ירושלים/projects/ [5i p74 0c] || https://nad-lan.co.il/projects/?city=חיפה [1i p72 0c]
פרויקטים חדשים בפתח תקווה 2026,0,58,3,0.22,,,https://nad-lan.co.il/projects/ [43i p29 0c] || https://nad-lan.co.il/city/פתח-תקוה/projects/ [13i p43 0c] || https://nad-lan.co.il/projects/?city=פתח תקוה [2i p68 0c]
נדל״ן בבת ים,0,57,2,0.49,10,3.89,https://nad-lan.co.il/city/בת-ים/projects/ [29i p26 0c] || https://nad-lan.co.il/city/בת-ים/ [28i p68 0c]
פרויקטים חדשים באבן יהודה,0,57,4,0.18,50,2.75,https://nad-lan.co.il/projects/ [41i p50 0c] || https://nad-lan.co.il/city/אבן-יהודה/ [10i p49 0c] || https://nad-lan.co.il/projects/העצמאות-3/ [5i p54 0c] || https://nad-lan.co.il/projects/התחדשות-מתחם-מכבי/ [1i p20 0c]
תמא 38 תל אביב פרויקטים,0,57,3,0.21,10,0.0,https://nad-lan.co.il/urban-renewal/tama-38-tel-aviv/ [44i p49 0c] || https://nad-lan.co.il/projects/?project_type=tama38 [12i p72 0c] || https://nad-lan.co.il/projects/?project_type=pinui_binui [1i p98 0c]
השקעות נדל״ן במרכז,0,56,3,0.21,,,https://nad-lan.co.il/investment/apartments-for-investment/ [39i p55 0c] || https://nad-lan.co.il/ [12i p71 0c] || https://nad-lan.co.il/investment/ [5i p75 0c]
פרויקטים בפתח תקווה,0,55,3,0.07,90,6.66,https://nad-lan.co.il/city/פתח-תקוה/projects/ [47i p27 0c] || https://nad-lan.co.il/projects/ [4i p51 0c] || https://nad-lan.co.il/projects/?city=פתח תקוה [4i p59 0c]
פרויקטים חדשים בשלומי,0,55,2,0.04,10,1.81,https://nad-lan.co.il/projects/ [53i p42 0c] || https://nad-lan.co.il/city/תל אביב יפו/projects/ [2i p90 0c]
פרויקטים,0,54,4,0.04,1600,4.87,https://nad-lan.co.il/projects/ [50i p33 0c] || https://nad-lan.co.il/city/אשקלון/projects/ [2i p70 0c] || https://nad-lan.co.il/ [1i p85 0c] || https://nad-lan.co.il/premium/ [1i p88 0c]
קניית זכות לדירה,0,54,2,0.04,30,8.21,https://nad-lan.co.il/buying-apartment/ [52i p69 0c] || https://nad-lan.co.il/investment/ [2i p85 0c]
מחירון דקל 2026,0,53,2,0.04,10,0.0,https://nad-lan.co.il/glossary/מחירון-דקל-לבנייה-ותשתיות/ [51i p15 0c] || https://nad-lan.co.il/glossary/דקל-תוכנה/ [2i p8 0c]
פרויקטים שדה דב,0,53,4,0.32,40,24.43,https://nad-lan.co.il/sde-dov/ [31i p35 0c] || https://nad-lan.co.il/sde-dov/merkaz/ [17i p34 0c] || https://nad-lan.co.il/sde-dov/prices/ [3i p35 0c] || https://nad-lan.co.il/projects/הבילויים/ [2i p66 0c]
דירות מקבלן למכירה,0,52,3,0.23,20,3.71,https://nad-lan.co.il/projects/ [33i p40 0c] || https://nad-lan.co.il/ [12i p57 0c] || https://nad-lan.co.il/catalog/ [7i p69 0c]
דקל מחירון,0,52,2,0.02,1900,3.63,https://nad-lan.co.il/glossary/מחירון-דקל-לבנייה-ותשתיות/ [51i p20 0c] || https://nad-lan.co.il/glossary/דקל-תוכנה/ [1i p3 0c]
הערכת שווי dcf,0,52,2,0.02,20,0.0,https://nad-lan.co.il/glossary/נוסחת-dcf/ [51i p71 0c] || https://nad-lan.co.il/glossary/dcf/ [1i p71 0c]
פרויקטים חדשים בשבי ציון,0,52,4,0.13,10,0.0,https://nad-lan.co.il/projects/ [40i p45 0c] || https://nad-lan.co.il/city/יהוד/projects/ [7i p91 0c] || https://nad-lan.co.il/city/ירושלים/projects/ [4i p54 0c] || https://nad-lan.co.il/catalog/ [1i p85 0c]
דירות חדשות באלפי מנשה,0,51,2,0.12,10,0.21,https://nad-lan.co.il/projects/ [45i p47 0c] || https://nad-lan.co.il/catalog/ [6i p70 0c]
דירות חדשות מקבלן בתל אביב,0,51,4,0.27,10,10.37,https://nad-lan.co.il/projects/ [33i p44 0c] || https://nad-lan.co.il/projects/?city=תל אביב-יפו [14i p41 0c] || https://nad-lan.co.il/new-projects/north-tel-aviv-new-projects/ [3i p20 0c] || https://nad-lan.co.il/city/תל אביב יפו/projects/ [1i p48 0c]
פרויקטים בשיווק תל אביב,0,51,3,0.35,,,https://nad-lan.co.il/projects/ [26i p45 0c] || https://nad-lan.co.il/city/תל אביב יפו/projects/ [18i p72 0c] || https://nad-lan.co.il/projects/?city=תל אביב-יפו [7i p39 0c]
פרויקטים חדשים בראשון לציון ליד הים,0,51,2,0.31,30,4.35,https://nad-lan.co.il/city/ראשון לציון/projects/ [35i p33 0c] || https://nad-lan.co.il/projects/ [16i p50 0c]
מחירי משרדים צפון לעומת מרכז,0,50,4,0.02,,,https://nad-lan.co.il/commercial-real-estate/office-prices-raanana/ [47i p53 0c] || https://nad-lan.co.il/commercial-real-estate/commercial-property-prices-haifa/ [1i p31 0c] || https://nad-lan.co.il/commercial-real-estate/commercial-property-prices-petah-tikva/ [1i p83 0c] || https://nad-lan.co.il/commercial-real-estate/ramat-gan-commercial-property-prices/ [1i p67 0c]
פרוייקטים בנתניה,0,50,3,0.34,90,5.0,https://nad-lan.co.il/city/נתניה/projects/ [19i p37 0c] || https://nad-lan.co.il/projects/?city=נתניה [17i p55 0c] || https://nad-lan.co.il/city/נתניה/ [14i p73 0c]
פרויקטים בנהריה,0,50,2,0.46,40,4.37,https://nad-lan.co.il/city/נהריה/projects/ [27i p23 0c] || https://nad-lan.co.il/city/נהריה/ [23i p20 0c]
פרויקטים חדשים בגילה,0,50,3,0.16,10,11.01,https://nad-lan.co.il/projects/ [39i p36 0c] || https://nad-lan.co.il/projects/מרכז-קליטה-גילה/ [8i p70 0c] || https://nad-lan.co.il/city/ירושלים/projects/ [3i p69 0c]
פרויקטים חדשים בצפון,0,50,5,0.34,50,4.13,https://nad-lan.co.il/projects/ [29i p48 0c] || https://nad-lan.co.il/city/חיפה/projects/ [17i p31 0c] || https://nad-lan.co.il/projects/שלמה-המלך-צפון/ [2i p60 0c] || https://nad-lan.co.il/projects/שער-צפון-העיר/ [1i p34 0c] || https://nad-lan.co.il/projects/?city=חיפה [1i p52 0c]
מפת מדידה מצבית,0,49,2,0.06,10,0.0,https://nad-lan.co.il/glossary/מפה-מצבית/ [46i p27 0c] || https://nad-lan.co.il/glossary/מפת-מדידה-להיתר/ [3i p35 0c]
off plan properties israel,0,48,3,0.15,,,https://nad-lan.co.il/projects/ [40i p79 0c] || https://nad-lan.co.il/ [7i p86 0c] || https://nad-lan.co.il/en/ [1i p87 0c]
purchase tax israel foreigners,0,48,2,0.42,,,https://nad-lan.co.il/israel-purchase-tax-foreign-residents/ [28i p77 0c] || https://nad-lan.co.il/buy-property-israel-foreign-buyers/ [20i p89 0c]
אבנידה דה רפובליקה,0,48,3,0.31,10,0.0,https://nad-lan.co.il/ [23i p39 0c] || https://nad-lan.co.il/global/ [15i p66 0c] || https://nad-lan.co.il/ru/ [10i p73 0c]
איך קובעים מחיר לנכס,0,48,2,0.02,,,https://nad-lan.co.il/property-value-estimator/ [47i p20 0c] || https://nad-lan.co.il/property-value/ [1i p74 0c]
דירות חדשות בכפר סבא,0,48,3,0.17,30,2.82,https://nad-lan.co.il/city/כפר סבא/projects/ [32i p33 0c] || https://nad-lan.co.il/city/כפר-סבא/projects/ [8i p66 0c] || https://nad-lan.co.il/projects/ [8i p70 0c]
דירות חדשות בקרית אונו,0,48,2,0.08,20,7.37,https://nad-lan.co.il/city/קרית אונו/projects/ [44i p36 0c] || https://nad-lan.co.il/city/קרית-אונו/projects/ [4i p64 0c]
דירות חדשות בשדרות,0,48,4,0.35,30,0.71,https://nad-lan.co.il/projects/ [19i p67 0c] || https://nad-lan.co.il/projects/ashdar-einstein/ [17i p55 0c] || https://nad-lan.co.il/city/שדרות/ [10i p65 0c] || https://nad-lan.co.il/city/שדרות/projects/ [2i p74 0c]
דירות על הנייר,0,48,3,0.1,210,4.2,https://nad-lan.co.il/projects/ [42i p42 0c] || https://nad-lan.co.il/ [5i p79 0c] || https://nad-lan.co.il/catalog/ [1i p92 0c]
"נדל""ן",0,48,7,0.15,8100,7.55,https://nad-lan.co.il/ [26i p40 0c] || https://nad-lan.co.il/properties/ [7i p80 0c] || https://nad-lan.co.il/projects/ [6i p29 0c] || https://nad-lan.co.il/investment/ [4i p54 0c] || https://nad-lan.co.il/ru/ [3i p20 0c]
פרויקט בשדה דב,0,48,3,0.21,10,0.0,https://nad-lan.co.il/sde-dov/ [36i p30 0c] || https://nad-lan.co.il/sde-dov/merkaz/ [10i p44 0c] || https://nad-lan.co.il/sde-dov/prices/ [2i p44 0c]
פרויקטים עתידיים בבת ים,0,48,2,0.5,20,0.0,https://nad-lan.co.il/city/בת-ים/projects/ [24i p60 0c] || https://nad-lan.co.il/projects/?city=בת ים [24i p60 0c]
פרויקטים עתידיים בראשון לציון,0,48,2,0.4,10,0.0,https://nad-lan.co.il/city/ראשון לציון/projects/ [29i p27 0c] || https://nad-lan.co.il/projects/ [19i p48 0c]
פרויקטים ביבנה,0,47,2,0.17,50,3.99,https://nad-lan.co.il/city/יבנה/ [39i p22 0c] || https://nad-lan.co.il/city/יבנה/projects/ [8i p27 0c]
פרויקטים חדשים באור יהודה,0,47,3,0.17,40,7.57,https://nad-lan.co.il/projects/ [32i p49 0c] || https://nad-lan.co.il/city/אור-יהודה/projects/ [8i p39 0c] || https://nad-lan.co.il/city/אור-יהודה/ [7i p79 0c]
ריינבו שדה דב,1,46,2,0.04,90,5.98,https://nad-lan.co.il/projects/rainbow-tel-aviv/ [44i p10 1c] || https://nad-lan.co.il/sde-dov/ [2i p55 0c]
buying property in israel from usa,0,46,2,0.02,,,https://nad-lan.co.il/en/buy-property-in-israel/ [45i p57 0c] || https://nad-lan.co.il/buying-real-estate-israel-foreign-investor/ [1i p77 0c]
אחוזי בניה לפי גוש חלקה,0,46,2,0.35,30,1.28,https://nad-lan.co.il/property-value/building-rights-check/ [30i p60 0c] || https://nad-lan.co.il/glossary/אחוזי-בנייה/ [16i p74 0c]
דירות חדשות בפתח תקווה,0,46,2,0.24,140,3.49,https://nad-lan.co.il/projects/ [35i p35 0c] || https://nad-lan.co.il/projects/?city=פתח תקוה [11i p63 0c]
פרויקטים בנייה,0,46,4,0.02,90,17.13,https://nad-lan.co.il/projects/ [43i p40 0c] || https://nad-lan.co.il/city/גבעתים/projects/ [1i p68 0c] || https://nad-lan.co.il/city/ירושלים/projects/ [1i p92 0c] || https://nad-lan.co.il/projects/הקרן/ [1i p96 0c]
פרויקטים חדשים בקרית מלאכי,0,46,4,0.33,20,1.3,https://nad-lan.co.il/city/קרית-מלאכי/projects/ [21i p18 0c] || https://nad-lan.co.il/projects/ [15i p66 0c] || https://nad-lan.co.il/city/קרית-מלאכי/ [9i p74 0c] || https://nad-lan.co.il/projects/מער/ [1i p14 0c]
купить новостройку в израиле,0,45,4,0.36,,,https://nad-lan.co.il/ru/ [18i p72 0c] || https://nad-lan.co.il/projects/ [16i p63 0c] || https://nad-lan.co.il/ru/new-projects/ [8i p35 0c] || https://nad-lan.co.il/ [3i p87 0c]
השקעות נדל״ן בדרום,0,45,2,0.09,,,https://nad-lan.co.il/investment/ [41i p73 0c] || https://nad-lan.co.il/ [4i p89 0c]
לוח נדלן,0,45,4,0.27,260,1.31,https://nad-lan.co.il/properties/ [21i p44 0c] || https://nad-lan.co.il/site-map/ [12i p77 0c] || https://nad-lan.co.il/ru/ [8i p80 0c] || https://nad-lan.co.il/ [4i p58 0c]
מפרט טכני,0,45,2,0.02,320,0.0,https://nad-lan.co.il/glossary/מפרט-טכני-מיוחד/ [44i p34 0c] || https://nad-lan.co.il/en/guides/residential-tower-elevators/ [1i p4 0c]
פרויקטים חדשים בקרית שמונה,0,45,3,0.29,20,2.05,https://nad-lan.co.il/projects/ [19i p50 0c] || https://nad-lan.co.il/city/קרית-שמונה/ [13i p81 0c] || https://nad-lan.co.il/city/קרית-שמונה/projects/ [13i p26 0c]
פרויקטים חדשים ראשון לציון,0,45,3,0.2,20,6.1,https://nad-lan.co.il/city/ראשון לציון/projects/ [34i p27 0c] || https://nad-lan.co.il/projects/ [9i p53 0c] || https://nad-lan.co.il/city/ראשון-לציון/projects/ [2i p80 0c]
מחירון דקל בניית חומה,0,44,2,0.02,20,0.24,https://nad-lan.co.il/glossary/מחירון-דקל-לבנייה-ותשתיות/ [43i p23 0c] || https://nad-lan.co.il/construction-engineering-guide/ [1i p77 0c]
פרוייקטים חדשים באשקלון,0,44,3,0.25,170,7.36,https://nad-lan.co.il/city/אשקלון/projects/ [30i p28 0c] || https://nad-lan.co.il/projects/ [11i p47 0c] || https://nad-lan.co.il/city/אשקלון/ [3i p85 0c]
פרויקטי חדשים בלוד,0,44,3,0.02,,,https://nad-lan.co.il/city/לוד/projects/ [42i p20 0c] || https://nad-lan.co.il/projects/ [1i p60 0c] || https://nad-lan.co.il/projects/לוד-דרום/ [1i p59 0c]
פרויקטים למגורים בצפון,0,44,5,0.34,,,https://nad-lan.co.il/city/חיפה/projects/ [19i p71 0c] || https://nad-lan.co.il/projects/ [15i p44 0c] || https://nad-lan.co.il/city/אשקלון/projects/ [8i p91 0c] || https://nad-lan.co.il/projects/שלמה-המלך-צפון/ [1i p93 0c] || https://nad-lan.co.il/projects/שער-צפון-העיר/ [1i p29 0c]
דירות חדשות מקבלן בראשון לציון,0,43,4,0.35,30,5.15,https://nad-lan.co.il/city/ראשון לציון/projects/ [24i p34 0c] || https://nad-lan.co.il/projects/ [15i p50 0c] || https://nad-lan.co.il/city/ראשון-לציון/ [2i p90 0c] || https://nad-lan.co.il/city/ראשון-לציון/projects/ [2i p62 0c]
הערכת שווי דירה נווה אביבים,0,43,2,0.02,,,https://nad-lan.co.il/property-value-estimator/ [42i p16 0c] || https://nad-lan.co.il/projects/recanati-residence/ [1i p14 0c]
פרויקטים חדשים בהדר,0,43,3,0.3,,,https://nad-lan.co.il/projects/הדר-6/ [29i p25 0c] || https://nad-lan.co.il/projects/ [13i p43 0c] || https://nad-lan.co.il/projects/?city=חיפה [1i p40 0c]
פרויקטים של פינוי בינוי,0,43,2,0.28,20,6.0,https://nad-lan.co.il/projects/ [31i p46 0c] || https://nad-lan.co.il/urban-renewal/map/ [12i p71 0c]
dimri yama,0,42,4,0.05,70,24.53,https://nad-lan.co.il/projects/dimri-yama-sde-dov/ [38i p9 0c] || https://nad-lan.co.il/ [2i p24 0c] || https://nad-lan.co.il/projects/dimri-yama-sde-dov-ar/ [1i p23 0c] || https://nad-lan.co.il/ru/ [1i p65 0c]
מחיר דירה חדשה בתל אביב,0,42,3,0.17,10,0.0,https://nad-lan.co.il/projects/ [34i p26 0c] || https://nad-lan.co.il/tel-aviv-apartment-prices/ [7i p13 0c] || https://nad-lan.co.il/city/תל אביב יפו/projects/ [1i p30 0c]
מידע בנושא נדלן בבקעת אונו,0,42,3,0.45,10,0.0,https://nad-lan.co.il/city/קרית אונו/projects/ [22i p22 0c] || https://nad-lan.co.il/city/קרית-אונו/projects/ [19i p21 0c] || https://nad-lan.co.il/city/קרית-אונו/ [1i p86 0c]
פרויקט תל אביב,0,42,3,0.19,260,6.62,https://nad-lan.co.il/projects/ [28i p27 0c] || https://nad-lan.co.il/projects/?city=תל אביב-יפו [8i p27 0c] || https://nad-lan.co.il/city/תל אביב יפו/projects/ [6i p34 0c]
דירות חדשות למכירה בתל אביב,0,41,2,0.34,90,10.01,https://nad-lan.co.il/city/תל אביב יפו/projects/ [27i p41 0c] || https://nad-lan.co.il/projects/?city=תל אביב-יפו [14i p33 0c]
דקל מחירונים,0,41,2,0.02,1900,3.63,https://nad-lan.co.il/glossary/מחירון-דקל-לבנייה-ותשתיות/ [40i p16 0c] || https://nad-lan.co.il/glossary/דקל-תוכנה/ [1i p8 0c]
יחידות בשדה דב,0,41,2,0.17,10,0.0,https://nad-lan.co.il/sde-dov/ [34i p25 0c] || https://nad-lan.co.il/sde-dov/prices/ [7i p17 0c]
פרויקטים בחיפה,0,41,3,0.46,70,2.8,https://nad-lan.co.il/city/חיפה/ [21i p27 0c] || https://nad-lan.co.il/city/חיפה/projects/ [19i p40 0c] || https://nad-lan.co.il/projects/?city=חיפה [1i p45 0c]
"פרויקטים חדשים באר שבע 2026 פיתוח נדל""ן באר שבע פרויקטים בבנייה באר שבע",0,41,3,0.07,,,https://nad-lan.co.il/projects/?city=באר שבע [37i p56 0c] || https://nad-lan.co.il/city/באר-שבע/projects/ [3i p34 0c] || https://nad-lan.co.il/projects/ [1i p78 0c]
נתניה פרויקטים חדשים,0,40,2,0.35,20,4.52,https://nad-lan.co.il/projects/?city=נתניה [26i p58 0c] || https://nad-lan.co.il/city/נתניה/projects/ [14i p38 0c]
פרויקט שכונות מגורים,0,40,3,0.3,10,0.0,https://nad-lan.co.il/professionals/azorim/ [27i p25 0c] || https://nad-lan.co.il/projects/ [12i p44 0c] || https://nad-lan.co.il/north-tel-aviv/ [1i p16 0c]
פרויקטים חדשים נתניה,0,39,2,0.38,20,4.59,https://nad-lan.co.il/projects/?city=נתניה [24i p60 0c] || https://nad-lan.co.il/city/נתניה/projects/ [15i p38 0c]
גישת היוון הכנסות,0,38,4,0.21,10,0.0,https://nad-lan.co.il/glossary/גישת-ההכנסות/ [18i p26 0c] || https://nad-lan.co.il/glossary-category/appraisal-investment/ [8i p43 0c] || https://nad-lan.co.il/glossary/נוסחת-שווי-לפי-היוון-ישיר/ [8i p35 0c] || https://nad-lan.co.il/glossary/נוסחת-שיעור-היוון/ [4i p35 0c]
דירות חדשות בהוד השרון,0,38,3,0.32,30,5.85,https://nad-lan.co.il/projects/ [22i p52 0c] || https://nad-lan.co.il/city/הוד-השרון/projects/ [12i p40 0c] || https://nad-lan.co.il/city/הוד-השרון/ [4i p58 0c]
השקעות נדלן בתל אביב,0,38,2,0.03,10,0.0,https://nad-lan.co.il/investment/ [37i p80 0c] || https://nad-lan.co.il/ [1i p77 0c]
עסקת קומבינציה,0,38,2,0.13,260,15.54,https://nad-lan.co.il/glossary/kombinatzia/ [33i p77 0c] || https://nad-lan.co.il/real-estate-lawyer/combination-deal/ [5i p99 0c]
פרויקטים בתל אביב למכירה,0,38,4,0.39,10,4.79,https://nad-lan.co.il/projects/ [19i p40 0c] || https://nad-lan.co.il/city/תל אביב-יפו/projects/ [15i p23 0c] || https://nad-lan.co.il/projects/?city=תל אביב-יפו [3i p30 0c] || https://nad-lan.co.il/city/תל אביב יפו/projects/ [1i p45 0c]
פרויקטים חדשים בהר גילה,0,38,2,0.11,10,0.0,https://nad-lan.co.il/projects/ [34i p54 0c] || https://nad-lan.co.il/city/ירושלים/projects/ [4i p90 0c]
פרויקטים חדשים במעלות,0,38,2,0.03,20,2.82,https://nad-lan.co.il/projects/ [37i p35 0c] || https://nad-lan.co.il/catalog/ [1i p72 0c]
פרויקטים עתידיים ברמת גן,0,38,2,0.16,10,9.69,https://nad-lan.co.il/city/רמת גן/projects/ [32i p24 0c] || https://nad-lan.co.il/city/רמת-גן/projects/ [6i p43 0c]
דירות חדשות בצפון תל אביב,0,37,2,0.03,10,5.82,https://nad-lan.co.il/projects/ [36i p25 0c] || https://nad-lan.co.il/new-projects/north-tel-aviv-new-projects/ [1i p42 0c]
פרויקט בבת ים,0,37,2,0.32,140,8.78,https://nad-lan.co.il/city/בת-ים/projects/ [25i p57 0c] || https://nad-lan.co.il/projects/?city=בת ים [12i p70 0c]
פרויקטים גריזים תל אביב,0,37,3,0.32,,,https://nad-lan.co.il/city/תל אביב יפו/projects/ [24i p52 0c] || https://nad-lan.co.il/projects/?city=תל אביב-יפו [12i p42 0c] || https://nad-lan.co.il/projects/ [1i p51 0c]
פרויקטים חדשים במצפה רמון,0,37,2,0.03,10,1.51,https://nad-lan.co.il/projects/ [36i p43 0c] || https://nad-lan.co.il/premium/ [1i p89 0c]
מגדלי יוקרה פינוי בינוי,0,36,2,0.03,,,https://nad-lan.co.il/projects/ [35i p18 0c] || https://nad-lan.co.il/luxury-tel-aviv/ [1i p107 0c]
פרויקט מגדל דובנוב,0,36,3,0.39,,,https://nad-lan.co.il/projects/ [19i p49 0c] || https://nad-lan.co.il/projects/?city=תל אביב-יפו [14i p47 0c] || https://nad-lan.co.il/projects/גאפנוב/ [3i p96 0c]
שווי דירה,1,35,2,0.14,210,1.76,https://nad-lan.co.il/property-value-estimator/ [30i p24 1c] || https://nad-lan.co.il/investment/ [5i p89 0c]
דירות חדשות ביהוד,0,35,2,0.14,10,10.88,https://nad-lan.co.il/city/יהוד/projects/ [30i p39 0c] || https://nad-lan.co.il/projects/ [5i p56 0c]
הסכם קומבינציה,0,35,2,0.37,50,0.0,https://nad-lan.co.il/glossary/kombinatzia/ [22i p66 0c] || https://nad-lan.co.il/real-estate-lawyer/combination-deal/ [13i p97 0c]
נדל״ן ברמת גן,0,35,2,0.11,20,2.18,https://nad-lan.co.il/city/רמת-גן/ [31i p28 0c] || https://nad-lan.co.il/city/רמת-גן/projects/ [4i p17 0c]
פינוי בינוי ראשון לציון,0,35,3,0.37,140,3.54,https://nad-lan.co.il/city/ראשון לציון/projects/ [15i p45 0c] || https://nad-lan.co.il/city/ראשון-לציון/projects/ [13i p90 0c] || https://nad-lan.co.il/urban-renewal/map/ [7i p33 0c]
פרויקטים חדשים בבני עייש,0,34,2,0.03,20,8.91,https://nad-lan.co.il/projects/ [33i p48 0c] || https://nad-lan.co.il/catalog/ [1i p91 0c]
פרויקטים חדשים בצפון הארץ,0,34,2,0.06,10,3.9,https://nad-lan.co.il/projects/ [32i p44 0c] || https://nad-lan.co.il/projects/שלמה-המלך-צפון/ [2i p60 0c]
פרויקטים חדשים בקרית חיים,0,34,2,0.09,10,2.95,https://nad-lan.co.il/city/חיפה/projects/ [31i p64 0c] || https://nad-lan.co.il/projects/?city=חיפה [3i p45 0c]
אשירה שדה דב,1,33,2,0.12,90,7.59,https://nad-lan.co.il/projects/ashira-sde-dov/ [29i p11 1c] || https://nad-lan.co.il/projects/dimri-yama-sde-dov/ [4i p26 0c]
סמינרים לרכישת דירה,0,33,2,0.39,,,https://nad-lan.co.il/buying-apartment/ [20i p59 0c] || https://nad-lan.co.il/investment/ [13i p66 0c]
"פרויקטי נדל""ן בנתניה",0,33,3,0.21,10,0.0,https://nad-lan.co.il/city/נתניה/projects/ [20i p34 0c] || https://nad-lan.co.il/projects/?city=נתניה [7i p51 0c] || https://nad-lan.co.il/city/נתניה/ [6i p57 0c]
פרויקטים חדשים בחשמונאים,0,33,3,0.36,10,0.0,https://nad-lan.co.il/projects/חשמונאים-בעז/ [19i p28 0c] || https://nad-lan.co.il/projects/ [12i p36 0c] || https://nad-lan.co.il/catalog/ [2i p66 0c]
תכנון מגדלי מגורים,0,33,2,0.06,,,https://nad-lan.co.il/projects/ [31i p33 0c] || https://nad-lan.co.il/site-map/ [2i p92 0c]
נדל״ן בירושלים,0,32,2,0.06,50,1.7,https://nad-lan.co.il/city/ירושלים/ [30i p38 0c] || https://nad-lan.co.il/city/ירושלים/projects/ [2i p41 0c]
עוגני קרקע קבועים,0,32,2,0.03,20,8.23,https://nad-lan.co.il/glossary/עוגני-קרקע/ [31i p26 0c] || https://nad-lan.co.il/glossary-category/structural-engineering/ [1i p44 0c]
פרויקט התחדשות עירונית,0,32,2,0.25,70,3.88,https://nad-lan.co.il/urban-renewal/map/ [24i p42 0c] || https://nad-lan.co.il/projects/ [8i p57 0c]
שיווק דירות,0,32,2,0.03,20,7.48,https://nad-lan.co.il/ [31i p91 0c] || https://nad-lan.co.il/site-map/ [1i p99 0c]
פרויקט duo תל אביב מחירים,1,30,2,0.03,50,3.48,https://nad-lan.co.il/projects/duo-tel-aviv/ [29i p9 1c] || https://nad-lan.co.il/city/תל אביב יפו/projects/ [1i p40 0c]
"בדיקות אל הרס תמ""א 38",0,30,2,0.03,10,0.0,https://nad-lan.co.il/glossary/בדיקות-אל-הרס/ [29i p58 0c] || https://nad-lan.co.il/glossary/ [1i p80 0c]
מידע נדל ן על קרית אונו,0,30,2,0.03,,,https://nad-lan.co.il/city/קרית אונו/projects/ [29i p19 0c] || https://nad-lan.co.il/city/קרית-אונו/ [1i p40 0c]
פרויקטים חדשים בנווה שאנן,0,30,4,0.03,10,1.75,https://nad-lan.co.il/projects/ [27i p43 0c] || https://nad-lan.co.il/city/חיפה/projects/ [1i p77 0c] || https://nad-lan.co.il/city/תל אביב יפו/projects/ [1i p81 0c] || https://nad-lan.co.il/projects/?city=תל אביב-יפו [1i p34 0c]
שיטת ברנוביץ בידוד,0,30,4,0.03,10,0.0,https://nad-lan.co.il/glossary/שיטת-ברנוביץ/ [27i p18 0c] || https://nad-lan.co.il/glossary-category/construction-materials/ [1i p38 0c] || https://nad-lan.co.il/glossary/זכוכית-בידודית/ [1i p26 0c] || https://nad-lan.co.il/glossary/צמר-סלעים/ [1i p21 0c]
שיעור היוון,0,30,2,0.17,50,0.0,https://nad-lan.co.il/glossary/נוסחת-שיעור-היוון/ [25i p25 0c] || https://nad-lan.co.il/glossary/נוסחת-שווי-לפי-היוון-ישיר/ [5i p40 0c]
השקעה נדלנית,0,29,2,0.21,390,22.79,https://nad-lan.co.il/investment/ [23i p34 0c] || https://nad-lan.co.il/investment/apartments-for-investment/ [6i p81 0c]
זיהוי קונה רציני לדירה,0,29,2,0.41,,,https://nad-lan.co.il/property-value-estimator/ [17i p25 0c] || https://nad-lan.co.il/selling-apartment/ [12i p28 0c]
נדלן גוב,0,29,4,0.14,3600,4.8,https://nad-lan.co.il/ [21i p28 0c] || https://nad-lan.co.il/buying-apartment/ [4i p54 0c] || https://nad-lan.co.il/catalog/ [3i p36 0c] || https://nad-lan.co.il/ru/ [1i p60 0c]
פרוייקטים חדשים בפתח תקווה,0,29,3,0.34,260,6.12,https://nad-lan.co.il/projects/ [16i p24 0c] || https://nad-lan.co.il/projects/?city=פתח תקוה [10i p52 0c] || https://nad-lan.co.il/city/פתח-תקוה/projects/ [3i p27 0c]
פרוייקטים חדשים בראשון לציון,0,29,2,0.17,10,7.17,https://nad-lan.co.il/city/ראשון לציון/projects/ [24i p27 0c] || https://nad-lan.co.il/projects/ [5i p45 0c]
פרויקטים חדשים ברמות,0,29,2,0.03,10,3.02,https://nad-lan.co.il/projects/ [28i p40 0c] || https://nad-lan.co.il/city/באר-שבע/projects/ [1i p69 0c]
"ת""י 3",0,29,3,0.21,20,0.0,https://nad-lan.co.il/glossary/תי-466/ [22i p67 0c] || https://nad-lan.co.il/glossary/תי-118/ [6i p70 0c] || https://nad-lan.co.il/glossary/תי-414/ [1i p70 0c]
nadlan gov,0,28,6,0.18,,,https://nad-lan.co.il/ [14i p32 0c] || https://nad-lan.co.il/purchase-tax-calculator/ [5i p65 0c] || https://nad-lan.co.il/buying-apartment/ [4i p76 0c] || https://nad-lan.co.il/en/ [3i p53 0c] || https://nad-lan.co.il/apartment-purchase-cost-calculator/ [1i p82 0c]
דירות חדשות מקבלן בבת ים,0,28,2,0.21,20,3.27,https://nad-lan.co.il/city/בת-ים/projects/ [22i p56 0c] || https://nad-lan.co.il/projects/?city=בת ים [6i p75 0c]
החלטת שמאי מכריע,0,28,2,0.25,1000,4.08,https://nad-lan.co.il/glossary/שמאי-מכריע/ [21i p69 0c] || https://nad-lan.co.il/real-estate-tax-advisor/betterment-levy-appeal/ [7i p74 0c]
לוח דירות,0,28,3,0.18,140,0.86,https://nad-lan.co.il/properties/ [22i p47 0c] || https://nad-lan.co.il/site-map/ [5i p62 0c] || https://nad-lan.co.il/ru/ [1i p97 0c]
פורטל נדלן,0,28,4,0.36,10,0.37,https://nad-lan.co.il/ [14i p39 0c] || https://nad-lan.co.il/buying-apartment/ [10i p67 0c] || https://nad-lan.co.il/properties/ [2i p60 0c] || https://nad-lan.co.il/ru/ [2i p80 0c]
פרויקטים חדשים בנווה שרת,0,28,2,0.04,10,3.58,https://nad-lan.co.il/projects/ [27i p54 0c] || https://nad-lan.co.il/projects/?city=תל אביב-יפו [1i p80 0c]
תוכנית ל,0,28,22,0.11,,,https://nad-lan.co.il/projects/יפו/ [3i p74 0c] || https://nad-lan.co.il/projects/רמת-לחי/ [3i p77 0c] || https://nad-lan.co.il/projects/המעפילים/ [2i p36 0c] || https://nad-lan.co.il/projects/צהל-2/ [2i p40 0c] || https://nad-lan.co.il/ [1i p82 0c]
בתים להשקעה,0,27,4,0.3,10,3.77,https://nad-lan.co.il/investment/ [16i p52 0c] || https://nad-lan.co.il/properties/ [8i p72 0c] || https://nad-lan.co.il/site-map/ [2i p78 0c] || https://nad-lan.co.il/ [1i p54 0c]
דירות חדשות באזור,0,27,2,0.26,10,4.11,https://nad-lan.co.il/projects/ [20i p41 0c] || https://nad-lan.co.il/ [7i p67 0c]
זכויות בניה,0,27,2,0.15,110,2.53,https://nad-lan.co.il/glossary/יתרת-זכויות-בנייה/ [23i p83 0c] || https://nad-lan.co.il/property-value/building-rights-check/ [4i p96 0c]
ליד נדלן,0,27,4,0.3,,,https://nad-lan.co.il/ [11i p27 0c] || https://nad-lan.co.il/properties/ [8i p44 0c] || https://nad-lan.co.il/professionals/ [6i p63 0c] || https://nad-lan.co.il/catalog/ [2i p58 0c]
מרכז נדלן,0,27,2,0.04,90,0.0,https://nad-lan.co.il/ [26i p29 0c] || https://nad-lan.co.il/ru/ [1i p44 0c]
פרויקט view,0,27,2,0.07,10,4.19,https://nad-lan.co.il/projects/ [25i p51 0c] || https://nad-lan.co.il/premium/ [2i p100 0c]
פרויקט דירות בראשון לציון,0,27,4,0.33,,,https://nad-lan.co.il/projects/ [14i p54 0c] || https://nad-lan.co.il/city/ראשון לציון/projects/ [9i p30 0c] || https://nad-lan.co.il/city/ראשון-לציון/ [2i p92 0c] || https://nad-lan.co.il/city/ראשון-לציון/projects/ [2i p81 0c]
פרויקט ריינבו שדה דב,0,27,3,0.04,30,4.76,https://nad-lan.co.il/projects/rainbow-tel-aviv/ [25i p10 0c] || https://nad-lan.co.il/ [1i p54 0c] || https://nad-lan.co.il/premium/ [1i p66 0c]
מחשבון מחיר דירה,2,26,4,0.15,170,1.2,https://nad-lan.co.il/property-value-estimator/ [18i p17 2c] || https://nad-lan.co.il/buy-or-rent/ [4i p72 0c] || https://nad-lan.co.il/apartment-purchase-cost-calculator/ [3i p82 0c] || https://nad-lan.co.il/buy-vs-rent/ [1i p90 0c]
אשירה שדה דב מחיר,1,26,5,0.04,20,5.74,https://nad-lan.co.il/projects/ashira-sde-dov/ [22i p9 1c] || https://nad-lan.co.il/ [1i p67 0c] || https://nad-lan.co.il/projects/dimri-yama-sde-dov/ [1i p19 0c] || https://nad-lan.co.il/sde-dov/ [1i p55 0c] || https://nad-lan.co.il/sde-dov/prices/ [1i p25 0c]
снять квартиру в лоде,0,26,2,0.42,,,https://nad-lan.co.il/ru/ [15i p51 0c] || https://nad-lan.co.il/properties/ [11i p66 0c]
דירות למכירה בתל אביב פרויקטים חדשים,0,26,2,0.04,,,https://nad-lan.co.il/projects/ [25i p28 0c] || https://nad-lan.co.il/projects/?city=תל אביב-יפו [1i p36 0c]
נדלן בישראל,0,26,5,0.27,110,3.09,https://nad-lan.co.il/ [14i p54 0c] || https://nad-lan.co.il/investment/ [7i p72 0c] || https://nad-lan.co.il/projects/ [2i p29 0c] || https://nad-lan.co.il/ru/ [2i p81 0c] || https://nad-lan.co.il/properties/ [1i p82 0c]
פרויקטי נדל ן בצפון,0,26,5,0.38,,,https://nad-lan.co.il/projects/ [11i p50 0c] || https://nad-lan.co.il/city/חיפה/projects/ [10i p60 0c] || https://nad-lan.co.il/city/חיפה/ [2i p30 0c] || https://nad-lan.co.il/projects/שלמה-המלך-צפון/ [2i p62 0c] || https://nad-lan.co.il/catalog/ [1i p99 0c]
פרויקטים חדשים במגדל העמק,0,26,2,0.38,,,https://nad-lan.co.il/city/מגדל-העמק/projects/ [16i p36 0c] || https://nad-lan.co.il/city/מגדל-העמק/ [10i p81 0c]
מחירון דירות,2,25,3,0.16,1000,0.43,https://nad-lan.co.il/property-value-estimator/ [20i p23 2c] || https://nad-lan.co.il/ [4i p61 0c] || https://nad-lan.co.il/selling-apartment/ [1i p77 0c]
מה זה noi,0,25,3,0.36,90,0.0,https://nad-lan.co.il/glossary/ [10i p73 0c] || https://nad-lan.co.il/glossary-category/שמאות-והערכה/ [9i p26 0c] || https://nad-lan.co.il/investment/ [6i p70 0c]
פרויקטים חדשים ברמת השרון,0,25,3,0.4,,,https://nad-lan.co.il/projects/ [13i p53 0c] || https://nad-lan.co.il/city/רמת-השרון/projects/ [10i p39 0c] || https://nad-lan.co.il/city/רמת-השרון/ [2i p69 0c]
תמא 38 בתל אביב,0,25,2,0.04,10,0.0,https://nad-lan.co.il/urban-renewal/tama-38-tel-aviv/ [24i p45 0c] || https://nad-lan.co.il/projects/?project_type=tama38 [1i p79 0c]
аренда квартир в лоде,0,24,2,0.42,,,https://nad-lan.co.il/ru/ [14i p50 0c] || https://nad-lan.co.il/properties/ [10i p63 0c]
איפה יש פינוי בינוי,0,24,2,0.38,20,0.0,https://nad-lan.co.il/urban-renewal/map/ [15i p60 0c] || https://nad-lan.co.il/projects/ [9i p44 0c]
דירות חדשות בנעלה,0,24,4,0.42,,,https://nad-lan.co.il/catalog/ [11i p59 0c] || https://nad-lan.co.il/properties/ [10i p46 0c] || https://nad-lan.co.il/ [2i p44 0c] || https://nad-lan.co.il/ru/ [1i p68 0c]
דירות חדשות ברמת אביב,0,24,3,0.29,10,14.64,https://nad-lan.co.il/projects/ [10i p24 0c] || https://nad-lan.co.il/city/תל אביב יפו/projects/ [7i p54 0c] || https://nad-lan.co.il/projects/?city=תל אביב-יפו [7i p35 0c]
הערכת שווי דירה בירושה למכירה,0,24,2,0.12,,,https://nad-lan.co.il/property-value-estimator/ [21i p30 0c] || https://nad-lan.co.il/selling-apartment/ [3i p84 0c]
מחיר שיווק לנכס,0,24,2,0.12,,,https://nad-lan.co.il/property-value-estimator/ [21i p18 0c] || https://nad-lan.co.il/investment/ [3i p37 0c]
נדל ן בקעת אונו,0,24,2,0.04,10,0.0,https://nad-lan.co.il/city/קרית אונו/projects/ [23i p22 0c] || https://nad-lan.co.il/city/קרית-אונו/projects/ [1i p20 0c]
פרויקטים ביהוד,0,24,2,0.33,30,9.12,https://nad-lan.co.il/city/יהוד/projects/ [16i p22 0c] || https://nad-lan.co.il/projects/ [8i p48 0c]
פרויקטים בתכנון,0,24,2,0.04,20,1.83,https://nad-lan.co.il/projects/ [23i p25 0c] || https://nad-lan.co.il/projects/?city=באר שבע [1i p30 0c]
דירות חדשות למכירה בקרית שמונה,0,23,2,0.48,,,https://nad-lan.co.il/city/קרית-שמונה/projects/ [12i p29 0c] || https://nad-lan.co.il/city/קרית-שמונה/ [11i p48 0c]
מחשבון שווי דירה רשות המיסים,0,23,2,0.48,210,0.99,https://nad-lan.co.il/purchase-tax-calculator/ [12i p34 0c] || https://nad-lan.co.il/property-value-estimator/ [11i p35 0c]
מפת פינוי בינוי,0,23,2,0.04,40,2.58,https://nad-lan.co.il/urban-renewal/map/ [22i p11 0c] || https://nad-lan.co.il/projects/ [1i p14 0c]
ניתוח זכויות בנייה,0,23,2,0.3,,,https://nad-lan.co.il/property-value/building-rights-check/ [16i p76 0c] || https://nad-lan.co.il/glossary/יתרת-זכויות-בנייה/ [7i p83 0c]
פרויקטים בהוד השרון,0,23,3,0.39,,,https://nad-lan.co.il/city/הוד-השרון/projects/ [12i p40 0c] || https://nad-lan.co.il/projects/ [9i p59 0c] || https://nad-lan.co.il/city/הוד-השרון/ [2i p76 0c]
פרויקטים חדשים בקרית טבעון,0,23,2,0.22,20,1.67,https://nad-lan.co.il/projects/ [18i p46 0c] || https://nad-lan.co.il/city/אשקלון/projects/ [5i p51 0c]
dcf,0,22,2,0.23,320,2.43,https://nad-lan.co.il/glossary/נוסחת-dcf/ [17i p68 0c] || https://nad-lan.co.il/glossary/dcf/ [5i p68 0c]
אתר הנדל ן הממשלתי,0,22,2,0.27,1000,4.59,https://nad-lan.co.il/ [16i p41 0c] || https://nad-lan.co.il/buying-apartment/ [6i p58 0c]
בקעת אונו נדלן,0,22,2,0.05,10,0.0,https://nad-lan.co.il/city/קרית אונו/projects/ [21i p25 0c] || https://nad-lan.co.il/city/קרית-אונו/ [1i p55 0c]
דירות חדשות במגדל העמק,0,22,2,0.5,,,https://nad-lan.co.il/city/מגדל-העמק/ [11i p68 0c] || https://nad-lan.co.il/city/מגדל-העמק/projects/ [11i p55 0c]
דירות חדשות בנס ציונה,0,22,2,0.45,,,https://nad-lan.co.il/city/נס-ציונה/projects/ [12i p45 0c] || https://nad-lan.co.il/city/נס-ציונה/ [10i p81 0c]
דירות חדשות בקרית שמונה,0,22,2,0.5,,,https://nad-lan.co.il/city/קרית-שמונה/ [11i p83 0c] || https://nad-lan.co.il/city/קרית-שמונה/projects/ [11i p55 0c]
יזמות שכונות מגורים,0,22,2,0.05,,,https://nad-lan.co.il/professionals/azorim/ [21i p16 0c] || https://nad-lan.co.il/profession/יזם/ [1i p43 0c]
למד החדשה,0,22,9,0.14,,,https://nad-lan.co.il/ [4i p60 0c] || https://nad-lan.co.il/premium/ [3i p38 0c] || https://nad-lan.co.il/projects/ [3i p34 0c] || https://nad-lan.co.il/city/תל אביב יפו/projects/ [2i p51 0c] || https://nad-lan.co.il/city/תל-אביב-יפו/ [2i p78 0c]
מגדלים חדשים בתל אביב,0,22,3,0.23,40,2.12,https://nad-lan.co.il/projects/ [16i p43 0c] || https://nad-lan.co.il/projects/?city=תל אביב-יפו [5i p36 0c] || https://nad-lan.co.il/projects/hamedina/ [1i p48 0c]
מחיר דירה,0,22,3,0.05,1000,0.43,https://nad-lan.co.il/property-value-estimator/ [20i p23 0c] || https://nad-lan.co.il/sde-dov/ [1i p7 0c] || https://nad-lan.co.il/selling-apartment/ [1i p38 0c]
נסח טאבו קו מנחה,0,22,2,0.45,,,https://nad-lan.co.il/tabu-extract-check/ [12i p58 0c] || https://nad-lan.co.il/glossary/land-registry-extract/ [10i p49 0c]
פרויקטים יזמות תל אביב,0,22,3,0.18,,,https://nad-lan.co.il/city/תל אביב יפו/projects/ [16i p47 0c] || https://nad-lan.co.il/projects/?city=תל אביב-יפו [4i p52 0c] || https://nad-lan.co.il/projects/ [2i p35 0c]
naldam,0,21,2,0.43,10,0.0,https://nad-lan.co.il/en/ [12i p4 0c] || https://nad-lan.co.il/ [9i p3 0c]
פרויקטים אור יהודה,0,21,2,0.05,30,5.95,https://nad-lan.co.il/city/אור-יהודה/projects/ [20i p27 0c] || https://nad-lan.co.il/projects/ [1i p99 0c]
פרויקטים חדשים בקרית ים,0,21,2,0.48,,,https://nad-lan.co.il/city/קרית-ים/projects/ [11i p41 0c] || https://nad-lan.co.il/city/קרית-ים/ [10i p88 0c]
rainbow שדה דב,0,20,2,0.05,40,3.62,https://nad-lan.co.il/projects/rainbow-tel-aviv/ [19i p10 0c] || https://nad-lan.co.il/ [1i p55 0c]
בדיקת חוזה,0,20,2,0.05,10,0.0,https://nad-lan.co.il/real-estate-lawyer/ [19i p31 0c] || https://nad-lan.co.il/tabu-extract-check/ [1i p56 0c]
בניינים חדשים בראשון לציון,0,20,3,0.35,,,https://nad-lan.co.il/projects/ [11i p47 0c] || https://nad-lan.co.il/city/ראשון לציון/projects/ [7i p30 0c] || https://nad-lan.co.il/city/ראשון-לציון/projects/ [2i p93 0c]
דיפון,0,20,2,0.05,320,3.8,https://nad-lan.co.il/glossary/דיפון-ברלינאי/ [19i p40 0c] || https://nad-lan.co.il/glossary/shoring-wall/ [1i p37 0c]
דירות חדשות למכירה בדרום תל אביב,0,20,2,0.15,10,2.95,https://nad-lan.co.il/city/תל אביב יפו/projects/ [17i p29 0c] || https://nad-lan.co.il/ [3i p30 0c]
דירות מקבלן בראשון לציון,0,20,4,0.3,,,https://nad-lan.co.il/projects/ [10i p44 0c] || https://nad-lan.co.il/city/ראשון לציון/projects/ [6i p40 0c] || https://nad-lan.co.il/city/ראשון-לציון/ [2i p90 0c] || https://nad-lan.co.il/city/ראשון-לציון/projects/ [2i p84 0c]
פרויקטים בבני ברק,0,20,2,0.2,20,2.05,https://nad-lan.co.il/projects/ [16i p41 0c] || https://nad-lan.co.il/city/בני-ברק/ [4i p40 0c]
פרויקטים חדשים ביקנעם,0,20,2,0.45,,,https://nad-lan.co.il/city/יקנעם-עילית/projects/ [11i p31 0c] || https://nad-lan.co.il/city/יקנעם-עילית/ [9i p59 0c]
שיווק פרויקטים בתל אביב,0,20,4,0.15,,,https://nad-lan.co.il/city/תל-אביב-יפו/ [14i p77 0c] || https://nad-lan.co.il/city/תל אביב יפו/projects/ [3i p60 0c] || https://nad-lan.co.il/projects/ [2i p59 0c] || https://nad-lan.co.il/echo-city/ [1i p100 0c]
תכנון ורישוי,0,20,2,0.15,,,https://nad-lan.co.il/glossary/תקנות-המהנדסים-והאדריכלים-רישוי-וייח/ [17i p41 0c] || https://nad-lan.co.il/glossary/אדריכל-רשוי/ [3i p35 0c]
אור יהודה פרויקטים חדשים,0,19,2,0.05,,,https://nad-lan.co.il/city/אור-יהודה/projects/ [18i p28 0c] || https://nad-lan.co.il/projects/ [1i p62 0c]
בדיקת מכירות,0,19,2,0.05,,,https://nad-lan.co.il/apartment-deal-check/ [18i p47 0c] || https://nad-lan.co.il/selling-apartment/ [1i p33 0c]
בניית נכס מסחרי,0,19,2,0.37,,,https://nad-lan.co.il/commercial-real-estate/commercial-property-for-sale-tel-aviv/ [12i p33 0c] || https://nad-lan.co.il/commercial-real-estate/ [7i p86 0c]
דירות חדשות בקרית ים,0,19,2,0.42,,,https://nad-lan.co.il/city/קרית-ים/projects/ [11i p60 0c] || https://nad-lan.co.il/city/קרית-ים/ [8i p82 0c]
דירות חדשות בקרית מלאכי,0,19,2,0.32,,,https://nad-lan.co.il/city/קרית-מלאכי/projects/ [13i p30 0c] || https://nad-lan.co.il/projects/ [6i p50 0c]
דמרי שדה דב,0,19,4,0.05,210,17.51,https://nad-lan.co.il/projects/dimri-yama-sde-dov/ [16i p12 0c] || https://nad-lan.co.il/ [1i p68 0c] || https://nad-lan.co.il/ar/ [1i p4 0c] || https://nad-lan.co.il/sde-dov/ [1i p34 0c]
המדריך לזיהוי קונה רציני לנכס,0,19,2,0.32,,,https://nad-lan.co.il/selling-apartment/ [13i p25 0c] || https://nad-lan.co.il/rishpon-house-prices/ [6i p18 0c]
"לוח נדל""ן",0,19,2,0.05,,,https://nad-lan.co.il/properties/ [18i p40 0c] || https://nad-lan.co.il/ [1i p58 0c]
פרויקטים חדשים בקרית עקרון,0,19,2,0.47,,,https://nad-lan.co.il/city/קרית-עקרון/projects/ [10i p27 0c] || https://nad-lan.co.il/city/קרית-עקרון/ [9i p58 0c]
פרויקטים חדשים דירה מקבלן,0,19,4,0.26,,,https://nad-lan.co.il/projects/ [12i p15 0c] || https://nad-lan.co.il/new-projects/new-projects-tel-aviv/ [5i p10 0c] || https://nad-lan.co.il/new-projects/ [1i p17 0c] || https://nad-lan.co.il/new-projects/north-tel-aviv-new-projects/ [1i p65 0c]
פרויקטים חדשים חולון,0,19,3,0.37,,,https://nad-lan.co.il/projects/ [11i p55 0c] || https://nad-lan.co.il/city/חולון/ [7i p35 0c] || https://nad-lan.co.il/projects/?city=חולון [1i p54 0c]
תוכניות פינוי בינוי,0,19,2,0.26,,,https://nad-lan.co.il/projects/ [14i p39 0c] || https://nad-lan.co.il/urban-renewal/map/ [5i p54 0c]
פרויקט שדה דב מחירים,3,18,6,0.33,,,https://nad-lan.co.il/sde-dov/merkaz/ [8i p14 2c] || https://nad-lan.co.il/sde-dov/ [6i p38 1c] || https://nad-lan.co.il/ [1i p97 0c] || https://nad-lan.co.il/projects/dimri-yama-sde-dov/ [1i p14 0c] || https://nad-lan.co.il/projects/rainbow-tel-aviv/ [1i p11 0c]
nadlan usa,0,18,2,0.11,,,https://nad-lan.co.il/global/?lang=en [16i p22 0c] || https://nad-lan.co.il/ [2i p35 0c]
איך מזהים קונה רציני לדירה,0,18,2,0.06,,,https://nad-lan.co.il/selling-apartment/ [17i p19 0c] || https://nad-lan.co.il/rishpon-house-prices/ [1i p24 0c]
גינדי שדה דב,0,18,3,0.11,,,https://nad-lan.co.il/sde-dov/ [15i p35 0c] || https://nad-lan.co.il/projects/duo-tel-aviv/ [2i p18 0c] || https://nad-lan.co.il/projects/bnei-dan-54-56/ [1i p12 0c]
דירות חדשות בקרית עקרון,0,18,2,0.5,,,https://nad-lan.co.il/city/קרית-עקרון/ [9i p45 0c] || https://nad-lan.co.il/city/קרית-עקרון/projects/ [9i p38 0c]
מגדלי יוקרה בתל אביב,0,18,2,0.06,90,3.82,https://nad-lan.co.il/property-value/luxury-apartments-tel-aviv/ [17i p68 0c] || https://nad-lan.co.il/projects/meier-on-rothschild/ [1i p54 0c]
מה זה גרמושקה,0,18,2,0.11,,,https://nad-lan.co.il/glossary/גרמושקה/ [16i p53 0c] || https://nad-lan.co.il/glossary-category/architecture/ [2i p72 0c]
מימון עסקת נדלן,0,18,2,0.11,,,https://nad-lan.co.il/investment-property-mortgage/ [16i p46 0c] || https://nad-lan.co.il/investment/ [2i p97 0c]
פרויקטים באשקלון,0,18,3,0.33,,,https://nad-lan.co.il/city/אשקלון/projects/ [10i p22 0c] || https://nad-lan.co.il/projects/ [6i p38 0c] || https://nad-lan.co.il/city/אשקלון/ [2i p75 0c]
פרויקטים בחולון,0,18,2,0.17,,,https://nad-lan.co.il/city/חולון/ [15i p22 0c] || https://nad-lan.co.il/projects/ [3i p41 0c]
פרויקטים חדשים נדלן,0,18,6,0.17,,,https://nad-lan.co.il/projects/ [9i p27 0c] || https://nad-lan.co.il/ [3i p58 0c] || https://nad-lan.co.il/city/אשקלון/projects/ [2i p50 0c] || https://nad-lan.co.il/new-projects/north-tel-aviv-new-projects/ [2i p80 0c] || https://nad-lan.co.il/city/תל אביב יפו/projects/ [1i p95 0c]
ראשון לציון פרויקטים חדשים,0,18,3,0.33,,,https://nad-lan.co.il/projects/ [10i p51 0c] || https://nad-lan.co.il/city/ראשון לציון/projects/ [6i p28 0c] || https://nad-lan.co.il/city/ראשון-לציון/projects/ [2i p88 0c]
פינוי בינוי מפה,1,17,2,0.12,,,https://nad-lan.co.il/urban-renewal/map/ [15i p8 1c] || https://nad-lan.co.il/projects/ [2i p42 0c]
אתר הנדלן הממשלתי,0,17,2,0.24,,,https://nad-lan.co.il/ [13i p35 0c] || https://nad-lan.co.il/buying-apartment/ [4i p58 0c]
זוהי שדה דב מחירים,0,17,2,0.06,,,https://nad-lan.co.il/sde-dov/prices/ [16i p10 0c] || https://nad-lan.co.il/sde-dov/merkaz/ [1i p5 0c]
"נדל""ן בישראל",0,17,4,0.35,,,https://nad-lan.co.il/ [9i p35 0c] || https://nad-lan.co.il/projects/ [6i p36 0c] || https://nad-lan.co.il/buying-apartment/ [1i p84 0c] || https://nad-lan.co.il/investment/ [1i p35 0c]
פרויקט ראשון לציון,0,17,3,0.29,,,https://nad-lan.co.il/projects/ [10i p63 0c] || https://nad-lan.co.il/city/ראשון לציון/projects/ [5i p34 0c] || https://nad-lan.co.il/city/ראשון-לציון/projects/ [2i p95 0c]
פרויקטים באשקלון מחירים,0,17,3,0.24,,,https://nad-lan.co.il/projects/ [12i p45 0c] || https://nad-lan.co.il/city/אשקלון/projects/ [4i p26 0c] || https://nad-lan.co.il/city/אשקלון/ [1i p67 0c]
פרויקטים תמא 38,0,17,2,0.41,,,https://nad-lan.co.il/urban-renewal/tama-38/ [10i p34 0c] || https://nad-lan.co.il/projects/?project_type=tama38 [7i p80 0c]
שווק נדלן,0,17,2,0.29,,,https://nad-lan.co.il/ [12i p76 0c] || https://nad-lan.co.il/investment/ [5i p72 0c]
nadlana,0,16,5,0.19,,,https://nad-lan.co.il/ [9i p10 0c] || https://nad-lan.co.il/ru/ [3i p8 0c] || https://nad-lan.co.il/buying-apartment/ [2i p46 0c] || https://nad-lan.co.il/purchase-tax-calculator/ [1i p37 0c] || https://nad-lan.co.il/site-map/?lang=en [1i p56 0c]
nadlanusa,0,16,2,0.06,,,https://nad-lan.co.il/global/?lang=en [15i p38 0c] || https://nad-lan.co.il/ru/ [1i p100 0c]
אשקלון פרויקטים חדשים,0,16,2,0.12,,,https://nad-lan.co.il/city/אשקלון/projects/ [14i p21 0c] || https://nad-lan.co.il/city/אשקלון/ [2i p80 0c]
דאמל,0,16,3,0.25,,,https://nad-lan.co.il/projects/העמל/ [11i p57 0c] || https://nad-lan.co.il/ [4i p35 0c] || https://nad-lan.co.il/premium/ [1i p72 0c]
דירות חדשות ברמלה,0,16,2,0.38,,,https://nad-lan.co.il/city/רמלה/ [10i p31 0c] || https://nad-lan.co.il/projects/ [6i p55 0c]
דירות חדשות ברמת גן 2026,0,16,2,0.31,,,https://nad-lan.co.il/city/רמת-גן/projects/ [11i p38 0c] || https://nad-lan.co.il/city/רמת גן/projects/ [5i p25 0c]
דירות למכירה בשדרות מקבלן,0,16,2,0.12,,,https://nad-lan.co.il/city/שדרות/ [14i p41 0c] || https://nad-lan.co.il/city/שדרות/projects/ [2i p31 0c]
כמה עולה דירה,0,16,2,0.06,,,https://nad-lan.co.il/property-value-estimator/ [15i p22 0c] || https://nad-lan.co.il/sde-dov/ [1i p7 0c]
מגדלי צהלה,0,16,2,0.06,,,https://nad-lan.co.il/projects/ [15i p31 0c] || https://nad-lan.co.il/ [1i p84 0c]
נדלן בת ים,0,16,2,0.06,,,https://nad-lan.co.il/city/בת-ים/projects/ [15i p31 0c] || https://nad-lan.co.il/city/בת-ים/ [1i p61 0c]
נדלן טו יו,0,16,3,0.06,,,https://nad-lan.co.il/ [14i p24 0c] || https://nad-lan.co.il/about/ [1i p52 0c] || https://nad-lan.co.il/ar/ [1i p54 0c]
פרויקטים חדשים במעלה אדומים,0,16,2,0.5,,,https://nad-lan.co.il/city/מעלה-אדומים/ [8i p36 0c] || https://nad-lan.co.il/projects/ [8i p76 0c]
שדה דב מפה,0,16,3,0.06,,,https://nad-lan.co.il/sde-dov/ [14i p10 0c] || https://nad-lan.co.il/projects/הבילויים/ [1i p42 0c] || https://nad-lan.co.il/projects/dimri-yama-sde-dov/ [1i p98 0c]
שכונת ל,0,16,7,0.19,,,https://nad-lan.co.il/projects/ [4i p34 0c] || https://nad-lan.co.il/projects/יפו/ [3i p72 0c] || https://nad-lan.co.il/site-map/ [3i p76 0c] || https://nad-lan.co.il/ [2i p64 0c] || https://nad-lan.co.il/tel-aviv-plans/public-buildings/ [2i p58 0c]
תמהיל מגורים,0,16,4,0.31,,,https://nad-lan.co.il/projects/ [5i p40 0c] || https://nad-lan.co.il/site-map/ [5i p80 0c] || https://nad-lan.co.il/premium/ [4i p79 0c] || https://nad-lan.co.il/ru/ [2i p88 0c]
הערכת שווי נכס מסחרי (חנות או משרד),0,15,2,0.4,,,https://nad-lan.co.il/commercial-real-estate/ [9i p26 0c] || https://nad-lan.co.il/property-value-estimator/ [6i p61 0c]
להשקיע בנדל ן בישראל,0,15,2,0.4,,,https://nad-lan.co.il/investment/ [9i p51 0c] || https://nad-lan.co.il/investment/apartments-for-investment/ [6i p78 0c]
מה חשוב לבדוק במחסן לוגיסטי לפני השכרה,0,15,3,0.2,,,https://nad-lan.co.il/commercial-real-estate/industrial-electricity-commercial-property/ [10i p7 0c] || https://nad-lan.co.il/commercial-real-estate/logistics-warehouse-for-rent-airport-city/ [3i p23 0c] || https://nad-lan.co.il/commercial-real-estate/commercial-real-estate-brokerage-fee/ [2i p16 0c]
עיר הנדלן,0,15,2,0.27,,,https://nad-lan.co.il/ru/ [11i p87 0c] || https://nad-lan.co.il/projects/ [4i p36 0c]
פרויקט הגפן הרצליה,0,15,2,0.33,,,https://nad-lan.co.il/projects/ [10i p61 0c] || https://nad-lan.co.il/city/הרצליה/projects/ [5i p75 0c]
פרויקט נס ציונה,0,15,2,0.2,,,https://nad-lan.co.il/city/נס-ציונה/projects/ [12i p22 0c] || https://nad-lan.co.il/projects/ [3i p62 0c]
פרויקטים נדלן,0,15,4,0.27,,,https://nad-lan.co.il/projects/ [6i p33 0c] || https://nad-lan.co.il/ [4i p81 0c] || https://nad-lan.co.il/developers/ [3i p76 0c] || https://nad-lan.co.il/city/אשקלון/projects/ [2i p44 0c]
yoo tel aviv,0,14,3,0.21,,,https://nad-lan.co.il/projects/yoo-tel-aviv/ [10i p39 0c] || https://nad-lan.co.il/projects/yoo-tel-aviv-en/ [3i p12 0c] || https://nad-lan.co.il/projects/yoo-tel-aviv-ru/ [1i p6 0c]
אתר נדלן ממשלתי,0,14,2,0.36,,,https://nad-lan.co.il/ [9i p34 0c] || https://nad-lan.co.il/buying-apartment/ [5i p57 0c]
בטון מותז,0,14,3,0.14,,,https://nad-lan.co.il/glossary/בטון-מזוין/ [11i p48 0c] || https://nad-lan.co.il/glossary/בטון-רזה/ [2i p84 0c] || https://nad-lan.co.il/glossary-category/construction-materials/ [1i p84 0c]
"דירות בחו""ל למכירה",0,14,2,0.14,,,https://nad-lan.co.il/global/ [12i p61 0c] || https://nad-lan.co.il/properties/ [2i p70 0c]
דירות חדשות ביקנעם,0,14,2,0.07,,,https://nad-lan.co.il/city/יקנעם-עילית/ [13i p40 0c] || https://nad-lan.co.il/city/יקנעם-עילית/projects/ [1i p37 0c]
פינוי בינוי בראשון לציון,0,14,2,0.14,,,https://nad-lan.co.il/city/ראשון-לציון/projects/ [12i p88 0c] || https://nad-lan.co.il/urban-renewal/map/ [2i p61 0c]
תוכנה לניהול חשבונות חלקיים,0,14,3,0.29,,,https://nad-lan.co.il/glossary/דקל-תוכנה/ [9i p24 0c] || https://nad-lan.co.il/glossary-category/methods-software/ [4i p52 0c] || https://nad-lan.co.il/glossary/חשבון-חלקי/ [1i p1 0c]
תשואה על ההון,0,14,2,0.43,,,https://nad-lan.co.il/glossary/נוסחת-תשואה-על-ההון/ [8i p41 0c] || https://nad-lan.co.il/glossary/return-on-equity/ [6i p69 0c]
בני דן,1,13,3,0.31,,,https://nad-lan.co.il/ [6i p78 0c] || https://nad-lan.co.il/projects/bnei-dan-54-56/ [4i p32 1c] || https://nad-lan.co.il/projects/ [3i p29 0c]
בדיקת+נסח+טאבו,0,13,2,0.38,110,0.7,https://nad-lan.co.il/tabu-extract-check/ [8i p43 0c] || https://nad-lan.co.il/glossary/land-registry-extract/ [5i p33 0c]
וואלה נדלן,0,13,4,0.31,,,https://nad-lan.co.il/ar/ [6i p52 0c] || https://nad-lan.co.il/properties/ [4i p30 0c] || https://nad-lan.co.il/ru/ [2i p65 0c] || https://nad-lan.co.il/ [1i p23 0c]
לוחות נדלן,0,13,4,0.23,,,https://nad-lan.co.il/projects/ [4i p56 0c] || https://nad-lan.co.il/ [3i p74 0c] || https://nad-lan.co.il/properties/ [3i p35 0c] || https://nad-lan.co.il/site-map/ [3i p84 0c]
נדלן קום,0,13,4,0.31,,,https://nad-lan.co.il/ [7i p25 0c] || https://nad-lan.co.il/advertise/ [4i p30 0c] || https://nad-lan.co.il/buying-apartment/ [1i p25 0c] || https://nad-lan.co.il/projects/ [1i p17 0c]
פינוי בינוי פרויקטים,0,13,2,0.23,,,https://nad-lan.co.il/projects/ [10i p43 0c] || https://nad-lan.co.il/urban-renewal/map/ [3i p36 0c]
פרויקטים חדשים באשקלון מחירים,0,13,3,0.23,,,https://nad-lan.co.il/projects/ [9i p33 0c] || https://nad-lan.co.il/city/אשקלון/projects/ [3i p27 0c] || https://nad-lan.co.il/city/אשקלון/ [1i p72 0c]
קנדה ישראל שדה דב,0,13,5,0.15,,,https://nad-lan.co.il/projects/rainbow-tel-aviv/ [8i p15 0c] || https://nad-lan.co.il/projects/קהילת-קנדה/ [2i p61 0c] || https://nad-lan.co.il/ [1i p83 0c] || https://nad-lan.co.il/premium/ [1i p97 0c] || https://nad-lan.co.il/sde-dov/ [1i p69 0c]
קרקע להשקעה ברמת השרון,0,13,2,0.08,,,https://nad-lan.co.il/city/רמת-השרון/ [12i p61 0c] || https://nad-lan.co.il/investment/ramat-hasharon-investment-apartment/ [1i p17 0c]
אביסרור שדה דב מחירים,1,12,5,0.17,,,https://nad-lan.co.il/projects/ashira-sde-dov/ [7i p12 1c] || https://nad-lan.co.il/projects/dimri-yama-sde-dov/ [2i p13 0c] || https://nad-lan.co.il/ [1i p89 0c] || https://nad-lan.co.il/premium/ [1i p82 0c] || https://nad-lan.co.il/sde-dov/ [1i p65 0c]
נדלן ישראל,1,12,5,0.25,,,https://nad-lan.co.il/ [5i p39 0c] || https://nad-lan.co.il/projects/ [3i p27 1c] || https://nad-lan.co.il/properties/ [2i p64 0c] || https://nad-lan.co.il/buying-apartment/ [1i p88 0c] || https://nad-lan.co.il/investment/ [1i p20 0c]
buying real estate in israel for foreigners,0,12,2,0.08,,,https://nad-lan.co.il/buy-property-israel-foreign-buyers/ [11i p72 0c] || https://nad-lan.co.il/buying-real-estate-israel-foreign-investor/ [1i p34 0c]
meier on rothschild,0,12,2,0.25,,,https://nad-lan.co.il/projects/meier-on-rothschild-en/ [9i p21 0c] || https://nad-lan.co.il/projects/meier-on-rothschild-ar/ [3i p49 0c]
nadlan one,0,12,7,0.17,,,https://nad-lan.co.il/site-map/?lang=en [4i p2 0c] || https://nad-lan.co.il/ [2i p36 0c] || https://nad-lan.co.il/ar/ [2i p31 0c] || https://nad-lan.co.il/buying-apartment/ [1i p64 0c] || https://nad-lan.co.il/projects/ [1i p40 0c]
tel aviv real estate developments,0,12,2,0.08,,,https://nad-lan.co.il/projects/ [11i p69 0c] || https://nad-lan.co.il/projects/?city=תל אביב-יפו [1i p64 0c]
надлан,0,12,4,0.08,,,https://nad-lan.co.il/ru/ [9i p11 0c] || https://nad-lan.co.il/global/?lang=en [1i p73 0c] || https://nad-lan.co.il/projects/התחנה/ [1i p91 0c] || https://nad-lan.co.il/site-map/?lang=en [1i p95 0c]
אתר נדלן,0,12,6,0.25,170,1.34,https://nad-lan.co.il/ [3i p64 0c] || https://nad-lan.co.il/properties/ [3i p67 0c] || https://nad-lan.co.il/ru/guides/ [3i p85 0c] || https://nad-lan.co.il/buying-apartment/ [1i p88 0c] || https://nad-lan.co.il/city/ [1i p61 0c]
באר שבע פרויקטים חדשים,0,12,2,0.17,,,https://nad-lan.co.il/projects/?city=באר שבע [10i p31 0c] || https://nad-lan.co.il/projects/ [2i p38 0c]
חישוב מחיר דירה,0,12,4,0.17,,,https://nad-lan.co.il/property-value-estimator/ [7i p18 0c] || https://nad-lan.co.il/apartment-purchase-cost-calculator/ [2i p83 0c] || https://nad-lan.co.il/buy-or-rent/ [2i p84 0c] || https://nad-lan.co.il/buy-vs-rent/ [1i p86 0c]
יועץ נדלן,0,12,2,0.42,,,https://nad-lan.co.il/professionals/ [7i p73 0c] || https://nad-lan.co.il/investment/ [5i p78 0c]
כמה עולה דירת 3 חדרים חדשה מקבלן,0,12,2,0.08,,,https://nad-lan.co.il/3-room-apartment-690k-israel-2026/ [11i p3 0c] || https://nad-lan.co.il/projects/ [1i p2 0c]
מגדל רוטשילד בת ים,0,12,2,0.17,,,https://nad-lan.co.il/projects/מגדל-הים-רוטשילד-2/ [10i p20 0c] || https://nad-lan.co.il/projects/רוטשילד/ [2i p42 0c]
מגדל רמז,0,12,4,0.25,,,https://nad-lan.co.il/projects/ [6i p57 0c] || https://nad-lan.co.il/ [3i p76 0c] || https://nad-lan.co.il/catalog/ [2i p78 0c] || https://nad-lan.co.il/ru/ [1i p88 0c]
מחשבון שכר דירה,0,12,2,0.42,,,https://nad-lan.co.il/buy-or-rent/ [7i p76 0c] || https://nad-lan.co.il/buy-vs-rent/ [5i p77 0c]
נדלן דירות,0,12,4,0.25,,,https://nad-lan.co.il/ [6i p20 0c] || https://nad-lan.co.il/properties/ [3i p57 0c] || https://nad-lan.co.il/site-map/ [2i p81 0c] || https://nad-lan.co.il/buying-apartment/ [1i p95 0c]
נדלניר,0,12,3,0.33,,,https://nad-lan.co.il/ [6i p26 0c] || https://nad-lan.co.il/ar/ [4i p47 0c] || https://nad-lan.co.il/ru/ [2i p42 0c]
נסח טאבו לפי תעודת זהות,0,12,2,0.08,,,https://nad-lan.co.il/tabu-extract-check/ [11i p54 0c] || https://nad-lan.co.il/glossary/land-registry-extract/ [1i p76 0c]
עלויות נוספות בזמן מכירת נכס,0,12,2,0.33,,,https://nad-lan.co.il/selling-apartment/ [8i p62 0c] || https://nad-lan.co.il/investment/ [4i p81 0c]
עסקת קומבינציה בנדלן,0,12,2,0.5,,,https://nad-lan.co.il/glossary/iskat-combinatzia/ [6i p50 0c] || https://nad-lan.co.il/glossary/kombinatzia/ [6i p36 0c]
פינוי בינוי רמת גן,0,12,2,0.08,,,https://nad-lan.co.il/city/רמת-גן/projects/ [11i p80 0c] || https://nad-lan.co.il/city/רמת גן/projects/ [1i p40 0c]
פרוייקטים בשיווק בירושלים,0,12,2,0.17,,,https://nad-lan.co.il/city/ירושלים/projects/ [10i p44 0c] || https://nad-lan.co.il/city/ירושלים/ [2i p79 0c]
פרויקט אשירה שדה דב,0,12,2,0.08,,,https://nad-lan.co.il/projects/ashira-sde-dov/ [11i p17 0c] || https://nad-lan.co.il/projects/dimri-yama-sde-dov/ [1i p29 0c]
פרויקטים ברמת אביב,0,12,3,0.25,,,https://nad-lan.co.il/projects/ [7i p31 0c] || https://nad-lan.co.il/projects/?city=תל אביב-יפו [3i p30 0c] || https://nad-lan.co.il/ramat-aviv/ [2i p22 0c]
פרויקטים ברעננה,0,12,2,0.17,,,https://nad-lan.co.il/projects/ [10i p45 0c] || https://nad-lan.co.il/city/רעננה/ [2i p48 0c]
פרויקטים חדשים בראש העין,0,12,2,0.33,,,https://nad-lan.co.il/city/ראש-העין/ [8i p62 0c] || https://nad-lan.co.il/projects/ [4i p41 0c]
פרויקטים חדשים נס ציונה,0,12,3,0.42,,,https://nad-lan.co.il/city/נס-ציונה/projects/ [5i p19 0c] || https://nad-lan.co.il/projects/ [5i p60 0c] || https://nad-lan.co.il/city/נס-ציונה/ [2i p96 0c]
פרויקטים פינוי בינוי ירושלים,0,12,3,0.33,,,https://nad-lan.co.il/city/ירושלים/projects/ [7i p47 0c] || https://nad-lan.co.il/projects/ [4i p50 0c] || https://nad-lan.co.il/projects/?city=ירושלים [1i p86 0c]
צשגךשמ,0,12,2,0.25,,,https://nad-lan.co.il/en/ [9i p36 0c] || https://nad-lan.co.il/ [3i p35 0c]
שכונה חדשה בתל אביב,0,12,2,0.08,,,https://nad-lan.co.il/projects/ [11i p29 0c] || https://nad-lan.co.il/projects/einstein-tower/ [1i p30 0c]
can a foreigner own property in israel,0,11,2,0.09,,,https://nad-lan.co.il/buy-property-israel-foreign-buyers/ [10i p92 0c] || https://nad-lan.co.il/buying-real-estate-israel-foreign-investor/ [1i p100 0c]
nadlan co il,0,11,9,0.18,,,https://nad-lan.co.il/fr/ [2i p1 0c] || https://nad-lan.co.il/global/?lang=en [2i p60 0c] || https://nad-lan.co.il/ [1i p38 0c] || https://nad-lan.co.il/תקנון-ותנאי-שימוש/ [1i p82 0c] || https://nad-lan.co.il/ar/ [1i p78 0c]
дискретные квартиры рамла,0,11,2,0.09,,,https://nad-lan.co.il/ru/ [10i p50 0c] || https://nad-lan.co.il/properties/ [1i p90 0c]
חגג אבן גבירול,0,11,2,0.18,,,https://nad-lan.co.il/projects/h-infinity-somail-tel-aviv/ [9i p12 0c] || https://nad-lan.co.il/projects/einstein-tower/ [2i p52 0c]
ל החדשה,0,11,6,0.27,,,https://nad-lan.co.il/premium/ [3i p83 0c] || https://nad-lan.co.il/projects/ [3i p52 0c] || https://nad-lan.co.il/projects/יפו/ [2i p70 0c] || https://nad-lan.co.il/ [1i p63 0c] || https://nad-lan.co.il/projects/לב-הישוב/ [1i p86 0c]
לוח דירות למכירה,0,11,3,0.18,,,https://nad-lan.co.il/properties/ [8i p31 0c] || https://nad-lan.co.il/site-map/ [2i p66 0c] || https://nad-lan.co.il/ [1i p34 0c]
לוח נדל ן,0,11,4,0.36,,,https://nad-lan.co.il/site-map/ [5i p69 0c] || https://nad-lan.co.il/properties/ [4i p38 0c] || https://nad-lan.co.il/ [1i p50 0c] || https://nad-lan.co.il/ru/ [1i p82 0c]
למדן 15,0,11,6,0.27,,,https://nad-lan.co.il/ [3i p62 0c] || https://nad-lan.co.il/premium/ [3i p82 0c] || https://nad-lan.co.il/site-map/ [2i p90 0c] || https://nad-lan.co.il/projects/ [1i p42 0c] || https://nad-lan.co.il/projects/צביה-ויצחק/ [1i p82 0c]
מגדלי בלו,0,11,3,0.18,,,https://nad-lan.co.il/projects/ [8i p56 0c] || https://nad-lan.co.il/ [2i p92 0c] || https://nad-lan.co.il/catalog/ [1i p81 0c]
נדלן נדלן,0,11,6,0.09,,,https://nad-lan.co.il/ [6i p41 0c] || https://nad-lan.co.il/accessibility-statement/ [1i p65 0c] || https://nad-lan.co.il/ar/ [1i p57 0c] || https://nad-lan.co.il/contact/ [1i p77 0c] || https://nad-lan.co.il/properties/ [1i p71 0c]
נדל״ן בצפון תל אביב שכונות מבוקשות,0,11,2,0.09,,,https://nad-lan.co.il/north-tel-aviv/ [10i p8 0c] || https://nad-lan.co.il/investment-apartment/tel-aviv-investment-neighborhoods/ [1i p72 0c]
נתנאל שטרן,0,11,2,0.09,,,https://nad-lan.co.il/professionals/שטרן-נתנאל/ [10i p10 0c] || https://nad-lan.co.il/projects/שטרן-373941/ [1i p14 0c]
עסקאות מכר,0,11,2,0.27,,,https://nad-lan.co.il/selling-apartment/ [8i p27 0c] || https://nad-lan.co.il/investment/ [3i p51 0c]
ערבויות ובטוחות תל אביב,0,11,2,0.18,,,https://nad-lan.co.il/projects/rainbow-tel-aviv/ [9i p61 0c] || https://nad-lan.co.il/urban-renewal/pinui-binui-tel-aviv/ [2i p84 0c]
פרויקטים בתל אביב יפו,0,11,3,0.27,,,https://nad-lan.co.il/projects/?city=תל אביב-יפו [7i p34 0c] || https://nad-lan.co.il/projects/ [3i p36 0c] || https://nad-lan.co.il/city/תל אביב יפו/projects/ [1i p28 0c]
ראשי תיבות נדלן,0,11,2,0.09,,,https://nad-lan.co.il/glossary/ [10i p71 0c] || https://nad-lan.co.il/investment/ [1i p60 0c]
שכונת בבלי,0,11,2,0.09,,,https://nad-lan.co.il/north-tel-aviv/bavli/ [10i p15 0c] || https://nad-lan.co.il/projects/park-bavli/ [1i p9 0c]
global service nadlan,0,10,2,0.2,,,https://nad-lan.co.il/ [8i p7 0c] || https://nad-lan.co.il/en/ [2i p6 0c]
property developments israel,0,10,2,0.3,,,https://nad-lan.co.il/projects/ [7i p63 0c] || https://nad-lan.co.il/ [3i p81 0c]
אתר נדל ן,0,10,5,0.2,,,https://nad-lan.co.il/buying-apartment/ [3i p82 0c] || https://nad-lan.co.il/ [2i p50 0c] || https://nad-lan.co.il/projects/ [2i p40 0c] || https://nad-lan.co.il/ru/guides/ [2i p86 0c] || https://nad-lan.co.il/properties/ [1i p80 0c]
בדיקת חוזה מכר דירה,0,10,2,0.1,,,https://nad-lan.co.il/real-estate-lawyer/ [9i p33 0c] || https://nad-lan.co.il/real-estate-lawyer/apartment-sale-contract/ [1i p85 0c]
בדיקת מבנה מסחרי,0,10,2,0.2,,,https://nad-lan.co.il/urban-renewal/check/ [8i p67 0c] || https://nad-lan.co.il/commercial-real-estate/ [2i p30 0c]
בניינים למכירה,0,10,2,0.3,,,https://nad-lan.co.il/catalog/ [7i p47 0c] || https://nad-lan.co.il/ [3i p37 0c]
בתים חדשים למכירה,0,10,3,0.2,,,https://nad-lan.co.il/projects/ [7i p24 0c] || https://nad-lan.co.il/properties/ [2i p16 0c] || https://nad-lan.co.il/ [1i p39 0c]
דירה מקבלן בחיפה,0,10,3,0.4,,,https://nad-lan.co.il/city/חיפה/projects/ [5i p48 0c] || https://nad-lan.co.il/city/חיפה/ [4i p34 0c] || https://nad-lan.co.il/projects/?city=חיפה [1i p26 0c]
הון עצמי,0,10,2,0.3,,,https://nad-lan.co.il/glossary/return-on-equity/ [7i p97 0c] || https://nad-lan.co.il/investment/ [3i p67 0c]
הערכת שווי דירה רמת אביב הירוקה,0,10,3,0.2,,,https://nad-lan.co.il/property-value-estimator/ [6i p15 0c] || https://nad-lan.co.il/ramat-aviv/ [2i p5 0c] || https://nad-lan.co.il/ramat-aviv/neve-avivim/ [2i p8 0c]
מחירי דירות חדשות בנתניה,0,10,2,0.1,,,https://nad-lan.co.il/netanya-apartment-prices/ [9i p18 0c] || https://nad-lan.co.il/city/נתניה/projects/ [1i p34 0c]
מחשבון נכס,0,10,4,0.2,,,https://nad-lan.co.il/property-value-estimator/ [6i p21 0c] || https://nad-lan.co.il/buy-or-rent/ [2i p83 0c] || https://nad-lan.co.il/buy-vs-rent/ [1i p83 0c] || https://nad-lan.co.il/investment/ [1i p89 0c]
מחשבון רכישת דירה,0,10,3,0.4,,,https://nad-lan.co.il/purchase-tax-calculator/ [5i p66 0c] || https://nad-lan.co.il/apartment-purchase-cost-calculator/ [4i p52 0c] || https://nad-lan.co.il/buy-or-rent/ [1i p88 0c]
משדרי יוקרה בתל אביב,0,10,2,0.1,,,https://nad-lan.co.il/property-value/luxury-apartments-tel-aviv/ [9i p82 0c] || https://nad-lan.co.il/projects/meier-on-rothschild/ [1i p89 0c]
נדל ן גוב,0,10,3,0.3,,,https://nad-lan.co.il/ [6i p40 0c] || https://nad-lan.co.il/buying-apartment/ [3i p54 0c] || https://nad-lan.co.il/catalog/ [1i p30 0c]
נדלן גני ילדים,0,10,2,0.4,,,https://nad-lan.co.il/catalog/ [6i p40 0c] || https://nad-lan.co.il/properties/ [4i p35 0c]
נדלן ממשלתי,0,10,3,0.4,,,https://nad-lan.co.il/ [5i p26 0c] || https://nad-lan.co.il/buying-apartment/ [4i p48 0c] || https://nad-lan.co.il/projects/ [1i p32 0c]
פרוייקט ברמלה,0,10,2,0.2,,,https://nad-lan.co.il/city/רמלה/ [8i p26 0c] || https://nad-lan.co.il/projects/ [2i p50 0c]
פרוייקט נדלן,0,10,3,0.2,,,https://nad-lan.co.il/projects/ [7i p14 0c] || https://nad-lan.co.il/ [2i p74 0c] || https://nad-lan.co.il/city/אשקלון/projects/ [1i p55 0c]
פרויקט ריינבו תל אביב,0,10,2,0.1,,,https://nad-lan.co.il/projects/rainbow-tel-aviv/ [9i p12 0c] || https://nad-lan.co.il/projects/?city=תל אביב-יפו [1i p36 0c]
פרויקטים חדשים בראשון לציון 3 חדרים,0,10,3,0.4,,,https://nad-lan.co.il/city/ראשון לציון/projects/ [5i p36 0c] || https://nad-lan.co.il/projects/ [4i p26 0c] || https://nad-lan.co.il/city/ראשון-לציון/projects/ [1i p86 0c]
פרסום נדלן,0,10,2,0.2,,,https://nad-lan.co.il/post-listing/ [8i p50 0c] || https://nad-lan.co.il/ [2i p46 0c]
שיטת dcf,0,10,2,0.1,,,https://nad-lan.co.il/glossary/dcf/ [9i p38 0c] || https://nad-lan.co.il/glossary/נוסחת-dcf/ [1i p89 0c]
שכונת למד,0,10,5,0.2,,,https://nad-lan.co.il/ [2i p66 0c] || https://nad-lan.co.il/projects/ [2i p39 0c] || https://nad-lan.co.il/projects/יפו/ [2i p73 0c] || https://nad-lan.co.il/site-map/ [2i p82 0c] || https://nad-lan.co.il/tours/ [2i p78 0c]
תמ א 38,0,10,3,0.1,,,https://nad-lan.co.il/urban-renewal/tama-38/ [8i p41 0c] || https://nad-lan.co.il/glossary/tama-38-term/ [1i p75 0c] || https://nad-lan.co.il/urban-renewal/tama-38-tel-aviv/ [1i p41 0c]
שדה דב מחירים,2,9,3,0.22,30,4.27,https://nad-lan.co.il/sde-dov/prices/ [6i p9 2c] || https://nad-lan.co.il/sde-dov/ [2i p11 0c] || https://nad-lan.co.il/ [1i p83 0c]
israel real estate for american buyers,0,9,2,0.11,,,https://nad-lan.co.il/buy-property-israel-foreign-buyers/ [8i p74 0c] || https://nad-lan.co.il/buying-real-estate-israel-foreign-investor/ [1i p79 0c]
nadlan2u,0,9,6,0.22,,,https://nad-lan.co.il/ [3i p22 0c] || https://nad-lan.co.il/ru/ [2i p75 0c] || https://nad-lan.co.il/ar/ [1i p60 0c] || https://nad-lan.co.il/ar/guides/ [1i p65 0c] || https://nad-lan.co.il/en/ [1i p27 0c]
selected ראשון לציון,0,9,2,0.33,,,https://nad-lan.co.il/projects/ [6i p52 0c] || https://nad-lan.co.il/catalog/ [3i p78 0c]
הראשונים 17 רמת גן,0,9,4,0.22,,,https://nad-lan.co.il/projects/ [3i p41 0c] || https://nad-lan.co.il/ [2i p76 0c] || https://nad-lan.co.il/catalog/ [2i p74 0c] || https://nad-lan.co.il/premium/ [2i p88 0c]
"השקעות נדל""ן בראשון לציון",0,9,2,0.33,,,https://nad-lan.co.il/investment/rishon-lezion-investment-apartment/ [6i p59 0c] || https://nad-lan.co.il/city/ראשון-לציון/ [3i p71 0c]
ירידת ערך נכס,0,9,2,0.22,,,https://nad-lan.co.il/property-value-estimator/ [7i p50 0c] || https://nad-lan.co.il/investment/ [2i p74 0c]
כלונסאות דיפון,0,9,2,0.11,,,https://nad-lan.co.il/glossary/דיפון-ברלינאי/ [8i p46 0c] || https://nad-lan.co.il/glossary/shoring-wall/ [1i p36 0c]
מגדל we,0,9,2,0.44,,,https://nad-lan.co.il/ [5i p94 0c] || https://nad-lan.co.il/projects/ [4i p73 0c]
מגדלי yoo,0,9,2,0.44,,,https://nad-lan.co.il/projects/yoo-tel-aviv/ [5i p21 0c] || https://nad-lan.co.il/projects/ [4i p28 0c]
מכירות נדלן,0,9,3,0.33,,,https://nad-lan.co.il/ [4i p64 0c] || https://nad-lan.co.il/investment/ [3i p71 0c] || https://nad-lan.co.il/properties/ [2i p71 0c]
מתחם שדה דב,0,9,4,0.22,,,https://nad-lan.co.il/sde-dov/ [5i p20 0c] || https://nad-lan.co.il/sde-dov/merkaz/ [2i p44 0c] || https://nad-lan.co.il/sde-dov/transport/ [1i p6 0c] || https://nad-lan.co.il/sde-dov/tzafon/ [1i p45 0c]
מתפתחים למכירה,0,9,2,0.44,,,https://nad-lan.co.il/properties/ [5i p39 0c] || https://nad-lan.co.il/ [4i p36 0c]
נדל ן עסקאות קומבינציה,0,9,3,0.33,,,https://nad-lan.co.il/glossary/iskat-combinatzia/ [5i p68 0c] || https://nad-lan.co.il/glossary/kombinatzia/ [3i p90 0c] || https://nad-lan.co.il/glossary/combination-deal/ [1i p28 0c]
נדלן 2 יו,0,9,2,0.22,,,https://nad-lan.co.il/ [7i p20 0c] || https://nad-lan.co.il/ar/guides/ [2i p51 0c]
נדלן אחד על אחד,0,9,2,0.44,,,https://nad-lan.co.il/ [5i p48 0c] || https://nad-lan.co.il/investment/ [4i p30 0c]
פרוייקטים פינוי בינוי,0,9,2,0.33,,,https://nad-lan.co.il/projects/ [6i p35 0c] || https://nad-lan.co.il/urban-renewal/map/ [3i p32 0c]
פרויקט חדש בבאר שבע,0,9,3,0.33,,,https://nad-lan.co.il/projects/ [5i p37 0c] || https://nad-lan.co.il/projects/?city=באר שבע [3i p41 0c] || https://nad-lan.co.il/city/באר-שבע/projects/ [1i p66 0c]
פרויקטי נדל ן,0,9,4,0.33,,,https://nad-lan.co.il/city/אשקלון/projects/ [3i p42 0c] || https://nad-lan.co.il/projects/ [3i p38 0c] || https://nad-lan.co.il/ [2i p91 0c] || https://nad-lan.co.il/projects/יפת/ [1i p27 0c]
פרויקטים למכירה בתל אביב,0,9,3,0.33,,,https://nad-lan.co.il/projects/ [5i p22 0c] || https://nad-lan.co.il/projects/?city=תל אביב-יפו [3i p23 0c] || https://nad-lan.co.il/city/תל אביב יפו/projects/ [1i p28 0c]
קניית דירה בישראל,0,9,2,0.44,,,https://nad-lan.co.il/buying-apartment/ [5i p35 0c] || https://nad-lan.co.il/investment/ [4i p92 0c]
תל אביב מגדלים,0,9,3,0.22,,,https://nad-lan.co.il/projects/ [6i p54 0c] || https://nad-lan.co.il/projects/?city=תל אביב-יפו [2i p37 0c] || https://nad-lan.co.il/city/תל אביב יפו/projects/ [1i p39 0c]
תמ א 38 הסכמת דיירים,0,9,2,0.11,,,https://nad-lan.co.il/urban-renewal/tama-38-tel-aviv/ [8i p28 0c] || https://nad-lan.co.il/urban-renewal/tama-38-rights-obligations/ [1i p37 0c]
nadlan gov il,1,8,4,0.25,,,https://nad-lan.co.il/ [3i p24 0c] || https://nad-lan.co.il/buying-apartment/ [2i p70 0c] || https://nad-lan.co.il/purchase-tax-calculator/ [2i p60 0c] || https://nad-lan.co.il/en/ [1i p31 1c]
מחשבון דירות,1,8,3,0.12,,,https://nad-lan.co.il/property-value-estimator/ [6i p20 1c] || https://nad-lan.co.il/buy-or-rent/ [1i p75 0c] || https://nad-lan.co.il/buy-vs-rent/ [1i p58 0c]
ashira tel aviv,0,8,2,0.5,,,https://nad-lan.co.il/projects/ashira-sde-dov-en/ [4i p8 0c] || https://nad-lan.co.il/projects/ashira-sde-dov/ [4i p10 0c]
dcf הערכת שווי,0,8,2,0.38,,,https://nad-lan.co.il/glossary/נוסחת-dcf/ [5i p67 0c] || https://nad-lan.co.il/glossary/dcf/ [3i p78 0c]
ewave nadlan,0,8,2,0.25,,,https://nad-lan.co.il/ [6i p69 0c] || https://nad-lan.co.il/ru/ [2i p92 0c]
madlan israel,0,8,4,0.25,,,https://nad-lan.co.il/ar/ [3i p42 0c] || https://nad-lan.co.il/en/ [2i p28 0c] || https://nad-lan.co.il/fr/ [2i p50 0c] || https://nad-lan.co.il/ [1i p46 0c]
недвижимость тель авив купить цены 2025,0,8,2,0.12,,,https://nad-lan.co.il/projects/ashira-sde-dov-ru/ [7i p57 0c] || https://nad-lan.co.il/ru/ [1i p65 0c]
אביסרור שדה דב,0,8,2,0.38,90,6.53,https://nad-lan.co.il/projects/ashira-sde-dov/ [5i p29 0c] || https://nad-lan.co.il/projects/dimri-yama-sde-dov/ [3i p30 0c]
אוטופיה שדה דב,0,8,3,0.25,,,https://nad-lan.co.il/ [4i p55 0c] || https://nad-lan.co.il/premium/ [2i p76 0c] || https://nad-lan.co.il/sde-dov/ [2i p22 0c]
אתרי נדלן,0,8,6,0.25,,,https://nad-lan.co.il/ [2i p52 0c] || https://nad-lan.co.il/properties/ [2i p72 0c] || https://nad-lan.co.il/catalog/ [1i p85 0c] || https://nad-lan.co.il/city/ירושלים/ [1i p45 0c] || https://nad-lan.co.il/projects/ [1i p29 0c]
"ביטוח למתווכי נדל""ן",0,8,2,0.12,,,https://nad-lan.co.il/commercial-real-estate/commercial-real-estate-brokerage-fee/ [7i p74 0c] || https://nad-lan.co.il/real-estate-broker/ [1i p69 0c]
בת ים פרויקטים חדשים,0,8,2,0.25,,,https://nad-lan.co.il/projects/?city=בת ים [6i p55 0c] || https://nad-lan.co.il/city/בת-ים/projects/ [2i p47 0c]
דירה חדשה מקבלן בחיפה,0,8,2,0.25,,,https://nad-lan.co.il/city/חיפה/projects/ [6i p50 0c] || https://nad-lan.co.il/projects/?city=חיפה [2i p39 0c]
דירות חדשות בתל אביב יפו,0,8,2,0.12,,,https://nad-lan.co.il/projects/?city=תל אביב-יפו [7i p24 0c] || https://nad-lan.co.il/projects/ [1i p36 0c]
דירות חדשות מקבלן בבאר שבע,0,8,4,0.25,,,https://nad-lan.co.il/projects/?city=באר שבע [3i p56 0c] || https://nad-lan.co.il/city/באר-שבע/ [2i p70 0c] || https://nad-lan.co.il/projects/ [2i p22 0c] || https://nad-lan.co.il/city/באר-שבע/projects/ [1i p43 0c]
דירות מקבלן בחיפה,0,8,3,0.38,,,https://nad-lan.co.il/city/חיפה/ [4i p40 0c] || https://nad-lan.co.il/projects/?city=חיפה [3i p46 0c] || https://nad-lan.co.il/city/חיפה/projects/ [1i p58 0c]
"הנדל""ן",0,8,3,0.25,,,https://nad-lan.co.il/ [4i p54 0c] || https://nad-lan.co.il/properties/ [2i p82 0c] || https://nad-lan.co.il/site-map/ [2i p89 0c]
השקעה בנדלן בארץ,0,8,2,0.25,,,https://nad-lan.co.il/investment/ [6i p51 0c] || https://nad-lan.co.il/investment/apartments-for-investment/ [2i p56 0c]
ייזום פרויקטי נדל״ן,0,8,2,0.5,,,https://nad-lan.co.il/developers/ [4i p39 0c] || https://nad-lan.co.il/projects/הבילויים/ [4i p66 0c]
ייזום פרויקטים למגורים,0,8,3,0.38,,,https://nad-lan.co.il/professionals/azorim/ [4i p25 0c] || https://nad-lan.co.il/projects/ [3i p33 0c] || https://nad-lan.co.il/projects/זוגות-צעירים/ [1i p80 0c]
מה המחיר,0,8,6,0.12,,,https://nad-lan.co.il/projects/duo-tel-aviv/ [3i p2 0c] || https://nad-lan.co.il/arsuf-house-prices/ [1i p3 0c] || https://nad-lan.co.il/herzliya-apartment-prices/ [1i p3 0c] || https://nad-lan.co.il/herzliya-pituach-apartment-prices/ [1i p7 0c] || https://nad-lan.co.il/kiryat-ono-apartment-prices/ [1i p5 0c]
מחירון נדלן,0,8,4,0.12,,,https://nad-lan.co.il/property-value-estimator/ [5i p21 0c] || https://nad-lan.co.il/ [1i p67 0c] || https://nad-lan.co.il/investment/ [1i p78 0c] || https://nad-lan.co.il/selling-apartment/ [1i p66 0c]
מחשבון מחירי דירות,0,8,2,0.12,,,https://nad-lan.co.il/property-value-estimator/ [7i p19 0c] || https://nad-lan.co.il/buy-or-rent/ [1i p71 0c]
מידע לנדלן,0,8,4,0.25,,,https://nad-lan.co.il/ru/ [3i p81 0c] || https://nad-lan.co.il/ [2i p47 0c] || https://nad-lan.co.il/investment/ [2i p70 0c] || https://nad-lan.co.il/buying-apartment/ [1i p92 0c]
פרוייקטים חדשים בתל אביב,0,8,3,0.25,,,https://nad-lan.co.il/projects/ [5i p43 0c] || https://nad-lan.co.il/city/תל אביב יפו/projects/ [2i p76 0c] || https://nad-lan.co.il/projects/?city=תל אביב-יפו [1i p44 0c]
פרויקט בת ים,0,8,2,0.5,,,https://nad-lan.co.il/city/בת-ים/projects/ [4i p44 0c] || https://nad-lan.co.il/projects/?city=בת ים [4i p70 0c]
פרויקט נדלן להשקעה,0,8,2,0.25,,,https://nad-lan.co.il/projects/ [6i p27 0c] || https://nad-lan.co.il/investment/apartments-for-investment/ [2i p28 0c]
פרויקט שדרות,0,8,2,0.12,,,https://nad-lan.co.il/city/שדרות/ [7i p35 0c] || https://nad-lan.co.il/projects/ashdar-einstein/ [1i p51 0c]
פרויקטים ביפו,0,8,4,0.25,,,https://nad-lan.co.il/projects/ [4i p53 0c] || https://nad-lan.co.il/projects/?city=תל אביב-יפו [2i p44 0c] || https://nad-lan.co.il/city/תל אביב יפו/projects/ [1i p30 0c] || https://nad-lan.co.il/projects/יפו/ [1i p93 0c]
פרויקטים בראש העין,0,8,2,0.38,,,https://nad-lan.co.il/city/ראש-העין/ [5i p51 0c] || https://nad-lan.co.il/projects/ [3i p48 0c]
קידום פרויקט פינוי בינוי,0,8,2,0.12,,,https://nad-lan.co.il/urban-renewal/pinui-binui/ [7i p80 0c] || https://nad-lan.co.il/urban-renewal/pinui-binui-tel-aviv/ [1i p69 0c]
תכנית דירה,0,8,4,0.12,,,https://nad-lan.co.il/projects/ [5i p33 0c] || https://nad-lan.co.il/projects/הלילך-העצמאות/ [1i p19 0c] || https://nad-lan.co.il/projects/העיר-העתיקה-2/ [1i p12 0c] || https://nad-lan.co.il/site-map/ [1i p69 0c]
"תמ""א 38",0,8,2,0.12,,,https://nad-lan.co.il/urban-renewal/tama-38/ [7i p35 0c] || https://nad-lan.co.il/glossary/tama-38-term/ [1i p11 0c]
מחשבון מכירת דירה,1,7,2,0.29,,,https://nad-lan.co.il/property-value-estimator/ [5i p16 1c] || https://nad-lan.co.il/buy-or-rent/ [2i p78 0c]
build a home in israel from abroad,0,7,2,0.43,,,https://nad-lan.co.il/en/new-projects/ [4i p16 0c] || https://nad-lan.co.il/en/buy-property-in-israel/ [3i p26 0c]
nadlan center,0,7,2,0.14,,,https://nad-lan.co.il/site-map/?lang=en [6i p8 0c] || https://nad-lan.co.il/fr/ [1i p5 0c]
купить квартиру в ашкелоне без маклера,0,7,2,0.43,,,https://nad-lan.co.il/ru/ [4i p70 0c] || https://nad-lan.co.il/properties/ [3i p61 0c]
стоимость недвижимости в израиле,0,7,2,0.43,,,https://nad-lan.co.il/ru/ [4i p67 0c] || https://nad-lan.co.il/ru/property-value-estimator/ [3i p53 0c]
אדם מזרח,0,7,2,0.29,,,https://nad-lan.co.il/ [5i p73 0c] || https://nad-lan.co.il/ru/ [2i p78 0c]
אחוזת הגפן,0,7,3,0.29,,,https://nad-lan.co.il/projects/הגפן-8-10-רג/ [4i p18 0c] || https://nad-lan.co.il/projects/ [2i p58 0c] || https://nad-lan.co.il/projects/הגפן/ [1i p34 0c]
איזה פרויקטים חדשים יש בבאר שבע,0,7,4,0.29,,,https://nad-lan.co.il/new-projects/ [3i p9 0c] || https://nad-lan.co.il/projects/ [2i p72 0c] || https://nad-lan.co.il/city/באר-שבע/projects/ [1i p10 0c] || https://nad-lan.co.il/projects/?city=באר שבע [1i p25 0c]
איפה זה שדה דב,0,7,2,0.14,,,https://nad-lan.co.il/sde-dov/ [6i p8 0c] || https://nad-lan.co.il/sde-dov-luxury-projects-2026/ [1i p39 0c]
אתר הנדלן,0,7,5,0.29,,,https://nad-lan.co.il/ [2i p60 0c] || https://nad-lan.co.il/projects/ [2i p38 0c] || https://nad-lan.co.il/ar/guides/ [1i p80 0c] || https://nad-lan.co.il/investment/ [1i p77 0c] || https://nad-lan.co.il/properties/ [1i p40 0c]
בדוק,0,7,6,0.14,,,https://nad-lan.co.il/projects/dimri-yama-sde-dov-en/ [2i p4 0c] || http://nad-lan.co.il/sde-dov/ [1i p3 0c] || https://nad-lan.co.il/en/guides/neighboring-development-check/ [1i p3 0c] || https://nad-lan.co.il/jerusalem-green-line-light-rail-property-2026/ [1i p2 0c] || https://nad-lan.co.il/projects/dimri-yama-sde-dov/ [1i p8 0c]
בטון רזה,0,7,2,0.43,,,https://nad-lan.co.il/glossary/בטון-רזה/ [4i p27 0c] || https://nad-lan.co.il/glossary-category/construction-materials/ [3i p21 0c]
בניינים חדשים בתל אביב,0,7,3,0.29,,,https://nad-lan.co.il/projects/ [4i p42 0c] || https://nad-lan.co.il/projects/?city=תל אביב-יפו [2i p38 0c] || https://nad-lan.co.il/city/תל אביב יפו/projects/ [1i p73 0c]
דירה,0,7,3,0.43,,,https://nad-lan.co.il/ [3i p67 0c] || https://nad-lan.co.il/properties/ [3i p97 0c] || https://nad-lan.co.il/ru/ [1i p82 0c]
דירות חדשות בנתניה מחירים,0,7,2,0.29,,,https://nad-lan.co.il/projects/?city=נתניה [5i p72 0c] || https://nad-lan.co.il/netanya-apartment-prices/ [2i p26 0c]
דירות חדשות מקבלן באשדוד מחיר,0,7,2,0.43,,,https://nad-lan.co.il/ashdod-apartment-prices/ [4i p5 0c] || https://nad-lan.co.il/city/אשדוד/ [3i p36 0c]
דירות למכירה,0,7,2,0.43,5400,2.29,https://nad-lan.co.il/properties/ [4i p24 0c] || https://nad-lan.co.il/ [3i p29 0c]
דמי תיווך מכירת דירה,0,7,2,0.14,,,https://nad-lan.co.il/commercial-real-estate/commercial-real-estate-brokerage-fee/ [6i p25 0c] || https://nad-lan.co.il/real-estate-broker/ [1i p80 0c]
דנקנר אזור,0,7,7,0.14,,,https://nad-lan.co.il/ [1i p75 0c] || https://nad-lan.co.il/premium/ [1i p81 0c] || https://nad-lan.co.il/projects/ [1i p45 0c] || https://nad-lan.co.il/projects/המחתרות/ [1i p87 0c] || https://nad-lan.co.il/projects/העמל/ [1i p88 0c]
"הדמייה תמ""א 38",0,7,2,0.43,,,https://nad-lan.co.il/glossary/tama-38-term/ [4i p95 0c] || https://nad-lan.co.il/urban-renewal/tama-38/ [3i p48 0c]
זוהי שדה דב,0,7,5,0.14,,,https://nad-lan.co.il/sde-dov/ [3i p19 0c] || https://nad-lan.co.il/ [1i p57 0c] || https://nad-lan.co.il/projects/קהילת-ורשה-737779/ [1i p10 0c] || https://nad-lan.co.il/projects/aurelia/ [1i p10 0c] || https://nad-lan.co.il/projects/zohi-sde-dov/ [1i p10 0c]
ייזום נדל ן,0,7,4,0.29,,,https://nad-lan.co.il/projects/זוגות-צעירים/ [3i p66 0c] || https://nad-lan.co.il/ [2i p90 0c] || https://nad-lan.co.il/catalog/ [1i p81 0c] || https://nad-lan.co.il/projects/ [1i p43 0c]
למכור דירה בישראל,0,7,2,0.29,,,https://nad-lan.co.il/selling-apartment/ [5i p49 0c] || http://nad-lan.co.il/selling-apartment/ [2i p40 0c]
מגדל דובנוב,0,7,3,0.14,,,https://nad-lan.co.il/projects/ [5i p53 0c] || https://nad-lan.co.il/catalog/ [1i p85 0c] || https://nad-lan.co.il/premium/ [1i p92 0c]
מימון נכס,0,7,2,0.14,,,https://nad-lan.co.il/investment-property-mortgage/ [6i p49 0c] || https://nad-lan.co.il/investment/ [1i p41 0c]
נדל ן בישראל,0,7,5,0.14,,,https://nad-lan.co.il/ [3i p41 0c] || https://nad-lan.co.il/buying-apartment/ [1i p97 0c] || https://nad-lan.co.il/investment/ [1i p88 0c] || https://nad-lan.co.il/projects/ [1i p38 0c] || https://nad-lan.co.il/properties/ [1i p94 0c]
"נדל""ן בארץ",0,7,2,0.43,,,https://nad-lan.co.il/ [4i p53 0c] || https://nad-lan.co.il/investment/ [3i p36 0c]
נדלן one,0,7,2,0.29,,,https://nad-lan.co.il/ [5i p39 0c] || https://nad-lan.co.il/ar/ [2i p42 0c]
נדלן ראשון,0,7,4,0.29,,,https://nad-lan.co.il/ [3i p56 0c] || https://nad-lan.co.il/city/ראשון לציון/projects/ [2i p30 0c] || https://nad-lan.co.il/city/ראשון-לציון/ [1i p68 0c] || https://nad-lan.co.il/city/ראשון-לציון/projects/ [1i p20 0c]
פרוייקטים חדשים בחולון,0,7,3,0.29,,,https://nad-lan.co.il/city/חולון/projects/ [3i p35 0c] || https://nad-lan.co.il/city/חולון/ [2i p41 0c] || https://nad-lan.co.il/projects/ [2i p50 0c]
פרויקטים בבית שמש,0,7,2,0.29,,,https://nad-lan.co.il/city/בית-שמש/projects/ [5i p28 0c] || https://nad-lan.co.il/city/בית-שמש/ [2i p76 0c]
פרויקטים בקרית ביאליק,0,7,3,0.29,,,https://nad-lan.co.il/projects/ [3i p61 0c] || https://nad-lan.co.il/city/קרית-ביאליק/ [2i p78 0c] || https://nad-lan.co.il/city/קרית-ביאליק/projects/ [2i p40 0c]
פרויקטים חדשים באילת,0,7,2,0.43,,,https://nad-lan.co.il/projects/אילת-2/ [4i p55 0c] || https://nad-lan.co.il/city/אילת/ [3i p46 0c]
פרסום נדלן בחול,0,7,3,0.14,,,https://nad-lan.co.il/post-listing/ [5i p37 0c] || https://nad-lan.co.il/ar/ [1i p82 0c] || https://nad-lan.co.il/global/ [1i p59 0c]
"רכישת נדל""ן",0,7,3,0.29,,,https://nad-lan.co.il/investment/apartments-for-investment/ [4i p36 0c] || https://nad-lan.co.il/investment/ [2i p88 0c] || https://nad-lan.co.il/buying-apartment/ [1i p62 0c]
שווי נכס,0,7,2,0.14,,,https://nad-lan.co.il/property-value-estimator/ [6i p19 0c] || https://nad-lan.co.il/investment/ [1i p96 0c]
"""אגבאריה מוחמד""",0,6,2,0.33,,,https://nad-lan.co.il/professionals/אגבאריה-מוחמד-3/ [4i p19 0c] || https://nad-lan.co.il/professionals/אגבאריה-מוחמד-2/ [2i p44 0c]
invest in israel property,0,6,2,0.17,,,https://nad-lan.co.il/investment/ [5i p95 0c] || https://nad-lan.co.il/buying-real-estate-israel-foreign-investor/ [1i p75 0c]
mutuo in israele per stranieri,0,6,2,0.17,,,https://nad-lan.co.il/israel-mortgage-non-residents/ [5i p86 0c] || https://nad-lan.co.il/author/ben-betesh/page/2/ [1i p1 0c]
nadlan tel aviv,0,6,5,0.17,,,https://nad-lan.co.il/properties/ [2i p50 0c] || https://nad-lan.co.il/ [1i p24 0c] || https://nad-lan.co.il/contact/ [1i p69 0c] || https://nad-lan.co.il/en/ [1i p3 0c] || https://nad-lan.co.il/projects/ [1i p9 0c]
rainbow building tel aviv,0,6,3,0.33,,,https://nad-lan.co.il/projects/rainbow-tel-aviv-en/ [2i p12 0c] || https://nad-lan.co.il/projects/rainbow-tel-aviv-ru/ [2i p39 0c] || https://nad-lan.co.il/projects/rainbow-tel-aviv/ [2i p50 0c]
אחד העם 6,0,6,2,0.5,,,https://nad-lan.co.il/catalog/ [3i p78 0c] || https://nad-lan.co.il/projects/ [3i p32 0c]
אקו סיטי נדלן,0,6,2,0.33,,,https://nad-lan.co.il/echo-city/ [4i p31 0c] || https://nad-lan.co.il/projects/stricker-13-brandeis-14/ [2i p19 0c]
בדיקת הסכם,0,6,2,0.33,,,https://nad-lan.co.il/real-estate-lawyer/ [4i p33 0c] || https://nad-lan.co.il/tabu-extract-check/ [2i p82 0c]
גם וגם,0,6,4,0.33,,,https://nad-lan.co.il/projects/rainbow-tel-aviv/ [2i p4 0c] || https://nad-lan.co.il/sde-dov/ [2i p8 0c] || https://nad-lan.co.il/projects/dimri-yama-sde-dov/ [1i p5 0c] || https://nad-lan.co.il/projects/six-8-herbert-samuel-tel-aviv/ [1i p2 0c]
דונה 1 מודיעין,0,6,3,0.33,,,https://nad-lan.co.il/ [2i p61 0c] || https://nad-lan.co.il/premium/ [2i p66 0c] || https://nad-lan.co.il/projects/ [2i p48 0c]
דירות חדשות בירושלים,0,6,3,0.17,,,https://nad-lan.co.il/jerusalem-apartment-prices/ [4i p42 0c] || https://nad-lan.co.il/city/ירושלים/projects/ [1i p61 0c] || https://nad-lan.co.il/projects/?city=ירושלים [1i p77 0c]
דירות נדלן,0,6,3,0.33,,,https://nad-lan.co.il/ [2i p34 0c] || https://nad-lan.co.il/properties/ [2i p59 0c] || https://nad-lan.co.il/site-map/ [2i p86 0c]
השקעה בצפון תל אביב,0,6,2,0.33,,,https://nad-lan.co.il/north-tel-aviv/ [4i p12 0c] || https://nad-lan.co.il/investment/ [2i p42 0c]
חיפוש נדלן,0,6,3,0.33,,,https://nad-lan.co.il/ [3i p40 0c] || https://nad-lan.co.il/properties/ [2i p72 0c] || https://nad-lan.co.il/site-map/ [1i p85 0c]
"יועץ נדל""ן",0,6,2,0.33,,,https://nad-lan.co.il/professionals/ [4i p74 0c] || https://nad-lan.co.il/investment/ [2i p91 0c]
יעוץ נדלן,0,6,2,0.33,,,https://nad-lan.co.il/investment/ [4i p76 0c] || https://nad-lan.co.il/professionals/ [2i p61 0c]
יש מפת טעינה לרכב חשמלי שמראה גם מחירים של עמדות?,0,6,2,0.5,,,https://nad-lan.co.il/commercial-real-estate/industrial-electricity-commercial-property/ [3i p9 0c] || https://nad-lan.co.il/guides/new-project-ev-charging/ [3i p2 0c]
מאגרי נדלן,0,6,2,0.33,,,https://nad-lan.co.il/site-map/ [4i p61 0c] || https://nad-lan.co.il/ [2i p38 0c]
מה זה פינוי בינוי,0,6,2,0.17,,,https://nad-lan.co.il/glossary/pinui-binui-term/ [5i p81 0c] || https://nad-lan.co.il/glossary/pinui-binui/ [1i p21 0c]
מודל dcf,0,6,2,0.17,,,https://nad-lan.co.il/glossary/נוסחת-dcf/ [5i p79 0c] || https://nad-lan.co.il/glossary/dcf/ [1i p59 0c]
מחיר דירה לפי כתובת,0,6,2,0.17,,,https://nad-lan.co.il/property-value-estimator/ [5i p19 0c] || https://nad-lan.co.il/ [1i p50 0c]
מחירי הדירות לאן,0,6,4,0.33,,,https://nad-lan.co.il/ [2i p27 0c] || https://nad-lan.co.il/properties/ [2i p64 0c] || https://nad-lan.co.il/ru/ [1i p53 0c] || https://nad-lan.co.il/tel-aviv-apartment-prices/ [1i p56 0c]
מחירים,0,6,4,0.17,,,https://nad-lan.co.il/projects/duo-tel-aviv/ [3i p5 0c] || https://nad-lan.co.il/arsuf-house-prices/ [1i p3 0c] || https://nad-lan.co.il/projects/rainbow-tel-aviv-en/ [1i p15 0c] || https://nad-lan.co.il/projects/rainbow-tel-aviv/ [1i p4 0c]
מחשבון עלות דירה,0,6,3,0.33,,,https://nad-lan.co.il/apartment-purchase-cost-calculator/ [2i p60 0c] || https://nad-lan.co.il/buy-or-rent/ [2i p92 0c] || https://nad-lan.co.il/property-value-estimator/ [2i p20 0c]
מחשבון שכירות,0,6,3,0.17,,,https://nad-lan.co.il/buy-or-rent/ [4i p70 0c] || https://nad-lan.co.il/buy-vs-rent/ [1i p81 0c] || https://nad-lan.co.il/property-value-estimator/ [1i p27 0c]
נדל ן ישראל,0,6,5,0.17,,,https://nad-lan.co.il/ [2i p50 0c] || https://nad-lan.co.il/buying-apartment/ [1i p82 0c] || https://nad-lan.co.il/investment/ [1i p66 0c] || https://nad-lan.co.il/projects/ [1i p21 0c] || https://nad-lan.co.il/properties/ [1i p82 0c]
נדלן gov,0,6,3,0.33,,,https://nad-lan.co.il/ [3i p24 0c] || https://nad-lan.co.il/buying-apartment/ [2i p46 0c] || https://nad-lan.co.il/purchase-tax-calculator/ [1i p36 0c]
נדלן מאסטר,0,6,4,0.17,,,https://nad-lan.co.il/ [3i p42 0c] || https://nad-lan.co.il/investment/ [1i p26 0c] || https://nad-lan.co.il/projects/שטרן-373941/ [1i p66 0c] || https://nad-lan.co.il/ru/ [1i p76 0c]
נדלן עסקאות,0,6,3,0.33,,,https://nad-lan.co.il/investment/ [3i p48 0c] || https://nad-lan.co.il/ [2i p48 0c] || https://nad-lan.co.il/buying-apartment/ [1i p87 0c]
ניר דמרי,0,6,2,0.33,,,https://nad-lan.co.il/professionals/דמארי-ניר/ [4i p10 0c] || https://nad-lan.co.il/professionals/ [2i p87 0c]
סוקולוב על הים,0,6,4,0.33,,,https://nad-lan.co.il/projects/ [2i p60 0c] || https://nad-lan.co.il/projects/סוקולוב/ [2i p20 0c] || https://nad-lan.co.il/ [1i p65 0c] || https://nad-lan.co.il/echo-city/ [1i p52 0c]
סלקטד ראשון לציון,0,6,2,0.5,,,https://nad-lan.co.il/catalog/ [3i p77 0c] || https://nad-lan.co.il/projects/ [3i p54 0c]
פינוי בינוי בבאר שבע,0,6,2,0.17,,,https://nad-lan.co.il/projects/?city=באר שבע [5i p31 0c] || https://nad-lan.co.il/city/באר-שבע/projects/ [1i p84 0c]
פרו נדלן,0,6,5,0.17,,,https://nad-lan.co.il/fr/ [2i p90 0c] || https://nad-lan.co.il/ar/ [1i p96 0c] || https://nad-lan.co.il/join-pro/ [1i p28 0c] || https://nad-lan.co.il/properties/ [1i p68 0c] || https://nad-lan.co.il/ru/ [1i p93 0c]
פרוייקטים ביבנה,0,6,2,0.33,,,https://nad-lan.co.il/city/יבנה/ [4i p30 0c] || https://nad-lan.co.il/city/יבנה/projects/ [2i p30 0c]
פרויקט בניה חדש בבאר שבע,0,6,2,0.33,,,https://nad-lan.co.il/projects/ [4i p37 0c] || https://nad-lan.co.il/projects/?city=באר שבע [2i p42 0c]
פרויקט ריינבו מחיר,0,6,3,0.17,,,https://nad-lan.co.il/projects/rainbow-tel-aviv/ [4i p15 0c] || https://nad-lan.co.il/ [1i p34 0c] || https://nad-lan.co.il/premium/ [1i p46 0c]
פרויקט שדה דב תל אביב,0,6,3,0.33,,,https://nad-lan.co.il/sde-dov/merkaz/ [3i p44 0c] || https://nad-lan.co.il/sde-dov-luxury-projects-2026/ [2i p90 0c] || https://nad-lan.co.il/sde-dov/ [1i p61 0c]
פרויקטי בנייה,0,6,3,0.33,,,https://nad-lan.co.il/projects/ [3i p42 0c] || https://nad-lan.co.il/city/גבעתים/projects/ [2i p92 0c] || https://nad-lan.co.il/city/אשקלון/projects/ [1i p33 0c]
פרויקטים חדשים בארץ,0,6,2,0.17,,,https://nad-lan.co.il/projects/ [5i p27 0c] || https://nad-lan.co.il/city/אשקלון/projects/ [1i p66 0c]
פרויקטים חדשים בדרום תל אביב,0,6,3,0.33,,,https://nad-lan.co.il/projects/ [3i p43 0c] || https://nad-lan.co.il/projects/?city=תל אביב-יפו [2i p44 0c] || https://nad-lan.co.il/city/תל אביב יפו/projects/ [1i p42 0c]
פרויקטים חדשים ירושלים,0,6,2,0.5,,,https://nad-lan.co.il/city/ירושלים/projects/ [3i p38 0c] || https://nad-lan.co.il/projects/ [3i p45 0c]
פרויקטים למכירה בלוד,0,6,2,0.17,,,https://nad-lan.co.il/city/לוד/ [5i p18 0c] || https://nad-lan.co.il/city/לוד/projects/ [1i p22 0c]
פריסייל ראשון לציון,0,6,2,0.33,,,https://nad-lan.co.il/city/ראשון לציון/projects/ [4i p32 0c] || https://nad-lan.co.il/city/ראשון-לציון/projects/ [2i p72 0c]
פריסייל תל אביב,0,6,2,0.17,,,https://nad-lan.co.il/projects/rainbow-tel-aviv/ [5i p18 0c] || https://nad-lan.co.il/projects/ [1i p53 0c]
פרסום דירות למכירה,0,6,2,0.17,,,https://nad-lan.co.il/properties/ [5i p48 0c] || https://nad-lan.co.il/ [1i p42 0c]
קוקאקי,0,6,2,0.17,,,https://nad-lan.co.il/global/project/koukaki-athens-residence/ [5i p11 0c] || https://nad-lan.co.il/global/greece/ [1i p92 0c]
שיכון ל,0,6,3,0.17,,,https://nad-lan.co.il/ [4i p61 0c] || https://nad-lan.co.il/premium/ [1i p73 0c] || https://nad-lan.co.il/projects/ [1i p34 0c]
תל אביב פרויקטים חדשים,0,6,3,0.33,,,https://nad-lan.co.il/projects/ [3i p52 0c] || https://nad-lan.co.il/projects/?city=תל אביב-יפו [2i p40 0c] || https://nad-lan.co.il/city/תל אביב יפו/projects/ [1i p44 0c]
תלתן נדל ן,0,6,3,0.33,,,https://nad-lan.co.il/ [3i p28 0c] || https://nad-lan.co.il/ru/ [2i p66 0c] || https://nad-lan.co.il/ar/ [1i p55 0c]
חדשות נדלן,1,5,2,0.2,,,https://nad-lan.co.il/category/nadlan-news/ [4i p48 0c] || https://nad-lan.co.il/ [1i p15 1c]
nadlangov,0,5,3,0.2,,,https://nad-lan.co.il/ [3i p33 0c] || https://nad-lan.co.il/buying-apartment/ [1i p66 0c] || https://nad-lan.co.il/global/?lang=en [1i p78 0c]
prezzi appartamenti tel aviv 2025,0,5,2,0.2,,,https://nad-lan.co.il/ar/ [4i p80 0c] || https://nad-lan.co.il/premium/ [1i p17 0c]
אתר הנדלן של ישראל,0,5,4,0.2,,,https://nad-lan.co.il/ [2i p47 0c] || https://nad-lan.co.il/buying-apartment/ [1i p75 0c] || https://nad-lan.co.il/en/ [1i p68 0c] || https://nad-lan.co.il/projects/ [1i p30 0c]
בדיקת כדאיות כלכלית לקניית דירה,0,5,2,0.2,,,https://nad-lan.co.il/apartment-deal-check/ [4i p67 0c] || https://nad-lan.co.il/buying-apartment/ [1i p91 0c]
בנייה חדשה בקרית שמונה,0,5,3,0.4,,,https://nad-lan.co.il/city/קרית-שמונה/projects/ [2i p22 0c] || https://nad-lan.co.il/projects/ [2i p64 0c] || https://nad-lan.co.il/city/קרית-שמונה/ [1i p92 0c]
בניין מגורים,0,5,2,0.4,,,https://nad-lan.co.il/projects/ [3i p46 0c] || https://nad-lan.co.il/site-map/ [2i p87 0c]
גוב נדלן,0,5,3,0.2,,,https://nad-lan.co.il/ [3i p36 0c] || https://nad-lan.co.il/buying-apartment/ [1i p62 0c] || https://nad-lan.co.il/ru/ [1i p56 0c]
דובנוב 1 ירושלים,0,5,4,0.2,,,https://nad-lan.co.il/projects/ [2i p50 0c] || https://nad-lan.co.il/ [1i p81 0c] || https://nad-lan.co.il/catalog/ [1i p85 0c] || https://nad-lan.co.il/projects/בוליביה-1/ [1i p30 0c]
דירות חדשות באור יהודה,0,5,3,0.4,,,https://nad-lan.co.il/city/אור-יהודה/ [2i p58 0c] || https://nad-lan.co.il/city/אור-יהודה/projects/ [2i p57 0c] || https://nad-lan.co.il/projects/ [1i p54 0c]
דירות חדשות בפרדס כץ,0,5,2,0.4,,,https://nad-lan.co.il/projects/ [3i p44 0c] || https://nad-lan.co.il/projects/שוק-פרדס-כץ/ [2i p26 0c]
דירות חדשות מקבלן קרית ביאליק,0,5,2,0.2,,,https://nad-lan.co.il/city/קרית-ביאליק/ [4i p78 0c] || https://nad-lan.co.il/city/קרית-ביאליק/projects/ [1i p48 0c]
דש מגורי ישראל,0,5,2,0.2,,,https://nad-lan.co.il/ [4i p65 0c] || https://nad-lan.co.il/catalog/ [1i p81 0c]
"השקעות נדל""ן בארץ",0,5,2,0.2,,,https://nad-lan.co.il/investment/apartments-for-investment/ [4i p47 0c] || https://nad-lan.co.il/investment/ [1i p36 0c]
וידה גבעת שמואל,0,5,3,0.2,,,https://nad-lan.co.il/ [3i p78 0c] || https://nad-lan.co.il/projects/ [1i p52 0c] || https://nad-lan.co.il/ru/ [1i p82 0c]
חפש דירות חדשות לאכלוס מיידי,0,5,2,0.4,,,https://nad-lan.co.il/ [3i p82 0c] || https://nad-lan.co.il/projects/ [2i p42 0c]
"ייעוץ נדל""ן",0,5,2,0.2,,,https://nad-lan.co.il/professionals/ [4i p67 0c] || https://nad-lan.co.il/investment/ [1i p84 0c]
יסוד עובר,0,5,2,0.2,,,https://nad-lan.co.il/glossary/raft-foundation/ [4i p36 0c] || https://nad-lan.co.il/construction-engineering-guide/ [1i p16 0c]
יצחק שדה 1,0,5,5,0.2,,,https://nad-lan.co.il/ [1i p85 0c] || https://nad-lan.co.il/catalog/ [1i p62 0c] || https://nad-lan.co.il/premium/ [1i p95 0c] || https://nad-lan.co.il/projects/ [1i p55 0c] || https://nad-lan.co.il/projects/צביה-ויצחק/ [1i p99 0c]
מגדל גפן,0,5,3,0.2,,,https://nad-lan.co.il/projects/ [3i p50 0c] || https://nad-lan.co.il/projects/הגפן/ [1i p85 0c] || https://nad-lan.co.il/projects/מתחם-הגפן-1-4/ [1i p35 0c]
מגדל לבנדה,0,5,3,0.4,,,https://nad-lan.co.il/projects/ [2i p48 0c] || https://nad-lan.co.il/site-map/ [2i p83 0c] || https://nad-lan.co.il/catalog/ [1i p79 0c]
מגדל ליבר,0,5,3,0.2,,,https://nad-lan.co.il/projects/ [3i p51 0c] || https://nad-lan.co.il/ [1i p80 0c] || https://nad-lan.co.il/catalog/ [1i p97 0c]
מה המחירים,0,5,5,0.2,,,https://nad-lan.co.il/jerusalem-apartment-prices/ [1i p5 0c] || https://nad-lan.co.il/projects/dimri-yama-sde-dov/ [1i p7 0c] || https://nad-lan.co.il/projects/duo-tel-aviv/ [1i p9 0c] || https://nad-lan.co.il/projects/first-sde-dov/ [1i p12 0c] || https://nad-lan.co.il/sde-dov/prices/ [1i p3 0c]
מה זה תכסית,0,5,2,0.4,,,https://nad-lan.co.il/glossary/תכסית/ [3i p20 0c] || https://nad-lan.co.il/glossary/ [2i p68 0c]
מודעות נדלן,0,5,2,0.2,,,https://nad-lan.co.il/ [4i p43 0c] || https://nad-lan.co.il/site-map/ [1i p73 0c]
מחירון בתים,0,5,2,0.2,,,https://nad-lan.co.il/property-value-estimator/ [4i p21 0c] || https://nad-lan.co.il/ [1i p74 0c]
מחירי דירות,0,5,3,0.4,1000,0.43,https://nad-lan.co.il/sde-dov/ [2i p6 0c] || https://nad-lan.co.il/sde-dov/prices/ [2i p6 0c] || https://nad-lan.co.il/projects/duo-tel-aviv/ [1i p4 0c]
מחירי הדירות,0,5,2,0.4,,,https://nad-lan.co.il/en/ [3i p9 0c] || https://nad-lan.co.il/projects/duo-tel-aviv/ [2i p4 0c]
מחשבון שכירות דירה,0,5,3,0.4,,,https://nad-lan.co.il/buy-or-rent/ [2i p70 0c] || https://nad-lan.co.il/buy-vs-rent/ [2i p74 0c] || https://nad-lan.co.il/property-value-estimator/ [1i p34 0c]
מימון פרויקטים בתל אביב,0,5,3,0.2,,,https://nad-lan.co.il/projects/ [3i p43 0c] || https://nad-lan.co.il/city/תל אביב יפו/projects/ [1i p52 0c] || https://nad-lan.co.il/projects/?city=תל אביב-יפו [1i p47 0c]
מיתוג פרויקט נדל״ן,0,5,2,0.4,,,https://nad-lan.co.il/site-map/ [3i p83 0c] || https://nad-lan.co.il/projects/ [2i p54 0c]
מכירת דירה לקרוב משפחה,0,5,2,0.2,,,https://nad-lan.co.il/real-estate-tax-advisor/gift-transfer-apartment/ [4i p47 0c] || https://nad-lan.co.il/selling-apartment/ [1i p88 0c]
מכירת נדלן,0,5,3,0.4,,,https://nad-lan.co.il/properties/ [2i p81 0c] || https://nad-lan.co.il/selling-apartment/ [2i p30 0c] || https://nad-lan.co.il/ [1i p73 0c]
מצפה אייל,0,5,2,0.4,,,https://nad-lan.co.il/projects/ [3i p52 0c] || https://nad-lan.co.il/ [2i p91 0c]
מרכז שפירא הרחבה,0,5,4,0.2,,,https://nad-lan.co.il/projects/שפירא-3/ [2i p43 0c] || https://nad-lan.co.il/premium/ [1i p90 0c] || https://nad-lan.co.il/projects/ [1i p73 0c] || https://nad-lan.co.il/projects/שפירא-פעמוני-העיר/ [1i p39 0c]
משקל לוח גבס,0,5,2,0.4,,,https://nad-lan.co.il/glossary/לוח-גבס-אדום/ [3i p10 0c] || https://nad-lan.co.il/glossary/לוח-גבס-ירוק/ [2i p38 0c]
מתחם בלו,0,5,3,0.2,,,https://nad-lan.co.il/premium/ [3i p87 0c] || https://nad-lan.co.il/ [1i p90 0c] || https://nad-lan.co.il/projects/ [1i p59 0c]
נדל ן תל אביב,0,5,3,0.4,,,https://nad-lan.co.il/ [2i p42 0c] || https://nad-lan.co.il/city/תל-אביב-יפו/ [2i p51 0c] || https://nad-lan.co.il/city/תל אביב יפו/projects/ [1i p23 0c]
נדלן 1,0,5,2,0.2,,,https://nad-lan.co.il/ [4i p28 0c] || https://nad-lan.co.il/ar/guides/ [1i p79 0c]
נדלן 2,0,5,2,0.2,,,https://nad-lan.co.il/ [4i p16 0c] || https://nad-lan.co.il/properties/ [1i p17 0c]
נדלן gov il,0,5,3,0.4,,,https://nad-lan.co.il/ [2i p26 0c] || https://nad-lan.co.il/purchase-tax-calculator/ [2i p47 0c] || https://nad-lan.co.il/buying-apartment/ [1i p55 0c]
נדלן גוב עסקאות,0,5,3,0.4,,,https://nad-lan.co.il/ [2i p32 0c] || https://nad-lan.co.il/purchase-tax-calculator/ [2i p48 0c] || https://nad-lan.co.il/buying-apartment/ [1i p61 0c]
נדלן סנטר,0,5,2,0.2,,,https://nad-lan.co.il/ [4i p27 0c] || https://nad-lan.co.il/projects/ [1i p20 0c]
נדלן תל אביב,0,5,3,0.2,,,https://nad-lan.co.il/city/תל-אביב-יפו/ [3i p55 0c] || https://nad-lan.co.il/ [1i p40 0c] || https://nad-lan.co.il/city/תל אביב יפו/projects/ [1i p22 0c]
נחמיאס שדה דב,0,5,2,0.4,,,https://nad-lan.co.il/ [3i p71 0c] || https://nad-lan.co.il/sde-dov/ [2i p22 0c]
ניהול נדלן,0,5,2,0.4,,,https://nad-lan.co.il/property-management/ [3i p40 0c] || https://nad-lan.co.il/investment/ [2i p91 0c]
נסח טאבו לדירה,0,5,2,0.2,,,https://nad-lan.co.il/tabu-extract-check/ [4i p54 0c] || https://nad-lan.co.il/glossary/land-registry-extract/ [1i p74 0c]
סוגי לוחות גבס,0,5,2,0.4,,,https://nad-lan.co.il/glossary/לוח-גבס-ירוק/ [3i p62 0c] || https://nad-lan.co.il/glossary/לוח-גבס-אדום/ [2i p86 0c]
סוקולוב 84 רמת השרון,0,5,3,0.4,,,https://nad-lan.co.il/catalog/ [2i p98 0c] || https://nad-lan.co.il/projects/ [2i p58 0c] || https://nad-lan.co.il/ [1i p81 0c]
עסקת קומבינציה פינוי בינוי,0,5,2,0.4,,,https://nad-lan.co.il/glossary/kombinatzia/ [3i p58 0c] || https://nad-lan.co.il/glossary/iskat-combinatzia/ [2i p100 0c]
"פודים 8 רמת גן – פרויקט תמ""א 38",0,5,2,0.2,,,https://nad-lan.co.il/city/רמת גן/projects/ [4i p30 0c] || https://nad-lan.co.il/city/רמת-גן/projects/ [1i p35 0c]
פרוייקטים בבת ים,0,5,2,0.4,,,https://nad-lan.co.il/projects/?city=בת ים [3i p60 0c] || https://nad-lan.co.il/city/בת-ים/projects/ [2i p44 0c]
פרויקט recanati residence,0,5,3,0.2,,,https://nad-lan.co.il/projects/רקאנטי/ [3i p30 0c] || https://nad-lan.co.il/projects/?city=תל אביב-יפו [1i p16 0c] || https://nad-lan.co.il/projects/recanati-residence-en/ [1i p15 0c]
פרויקט בתל אביב,0,5,3,0.4,,,https://nad-lan.co.il/city/תל אביב יפו/projects/ [2i p90 0c] || https://nad-lan.co.il/projects/?city=תל אביב-יפו [2i p51 0c] || https://nad-lan.co.il/projects/ [1i p42 0c]
פרויקט הוד השרון,0,5,2,0.4,,,https://nad-lan.co.il/city/הוד-השרון/projects/ [3i p26 0c] || https://nad-lan.co.il/projects/ [2i p74 0c]
פרויקט נדל ן,0,5,5,0.2,110,9.17,https://nad-lan.co.il/ [1i p66 0c] || https://nad-lan.co.il/projects/ [1i p23 0c] || https://nad-lan.co.il/projects/הקרן/ [1i p99 0c] || https://nad-lan.co.il/projects/יפו/ [1i p74 0c] || https://nad-lan.co.il/site-map/ [1i p89 0c]
פרויקט פירסט שדה דב,0,5,3,0.4,,,https://nad-lan.co.il/ [2i p72 0c] || https://nad-lan.co.il/sde-dov/ [2i p30 0c] || https://nad-lan.co.il/premium/ [1i p82 0c]
"פרויקטי נדל""ן להשקעה",0,5,2,0.2,,,https://nad-lan.co.il/projects/ [4i p22 0c] || https://nad-lan.co.il/investment/apartments-for-investment/ [1i p28 0c]
פרויקטים בשדה דוב,0,5,3,0.4,,,http://nad-lan.co.il/sde-dov/ [2i p70 0c] || https://nad-lan.co.il/sde-dov/ [2i p38 0c] || https://nad-lan.co.il/sde-dov/merkaz/ [1i p37 0c]
פרויקטים חדשים בבת ים מחירים,0,5,2,0.2,,,https://nad-lan.co.il/projects/?city=בת ים [4i p48 0c] || https://nad-lan.co.il/city/בת-ים/projects/ [1i p29 0c]
פרויקטים חדשים במרכז תל אביב,0,5,2,0.2,,,https://nad-lan.co.il/projects/ [4i p44 0c] || https://nad-lan.co.il/projects/?city=תל אביב-יפו [1i p37 0c]
פרויקטים חדשים בקרית ביאליק מקבלן,0,5,2,0.2,,,https://nad-lan.co.il/projects/ [4i p27 0c] || https://nad-lan.co.il/city/קרית-ביאליק/projects/ [1i p39 0c]
פרויקטים למכירה ברמת גן,0,5,2,0.2,,,https://nad-lan.co.il/city/רמת-גן/projects/ [4i p24 0c] || https://nad-lan.co.il/city/רמת גן/projects/ [1i p24 0c]
פרסומי נדלן,0,5,3,0.4,,,https://nad-lan.co.il/advertise/ [2i p54 0c] || https://nad-lan.co.il/post-listing/ [2i p74 0c] || https://nad-lan.co.il/ [1i p52 0c]
צפיה בנסח טאבו,0,5,2,0.2,,,https://nad-lan.co.il/tabu-extract-check/ [4i p49 0c] || https://nad-lan.co.il/glossary/land-registry-extract/ [1i p74 0c]
רכישת בית,0,5,2,0.2,,,https://nad-lan.co.il/buying-apartment/ [4i p44 0c] || https://nad-lan.co.il/investment/ [1i p86 0c]
רשימת הפרויקטים של דיור להשכרה,0,5,2,0.4,,,https://nad-lan.co.il/projects/ [3i p34 0c] || https://nad-lan.co.il/site-map/ [2i p80 0c]
שיווק פרויקטים חדשים בחיפה,0,5,2,0.2,,,https://nad-lan.co.il/city/חיפה/ [4i p31 0c] || https://nad-lan.co.il/city/חיפה/projects/ [1i p49 0c]
שכונה ל תל אביב,0,5,2,0.4,,,https://nad-lan.co.il/projects/יפו/ [3i p72 0c] || https://nad-lan.co.il/tel-aviv-plans/public-buildings/ [2i p60 0c]
שכונת ל תל אביב,0,5,4,0.2,,,https://nad-lan.co.il/ [2i p63 0c] || https://nad-lan.co.il/premium/ [1i p83 0c] || https://nad-lan.co.il/projects/יפו/ [1i p70 0c] || https://nad-lan.co.il/tel-aviv-plans/public-buildings/ [1i p56 0c]
תדהר בין השדרות מחיר,0,5,4,0.2,,,https://nad-lan.co.il/sde-dov/prices/ [2i p20 0c] || https://nad-lan.co.il/ [1i p56 0c] || https://nad-lan.co.il/premium/ [1i p72 0c] || https://nad-lan.co.il/projects/מער/ [1i p70 0c]
תמ א 38 פרויקטים,0,5,2,0.2,,,https://nad-lan.co.il/urban-renewal/tama-38/ [4i p31 0c] || https://nad-lan.co.il/projects/?project_type=tama38 [1i p19 0c]
תמיר נדלן,0,5,3,0.4,,,https://nad-lan.co.il/professionals/פנחס-תמיר/ [2i p23 0c] || https://nad-lan.co.il/projects/?project_type=tama38 [2i p43 0c] || https://nad-lan.co.il/professionals/אינל-רועי-תמיר/ [1i p12 0c]
3 חדרים,0,4,4,0.25,,,https://nad-lan.co.il/projects/duo-tel-aviv/ [1i p6 0c] || https://nad-lan.co.il/projects/first-sde-dov/ [1i p7 0c] || https://nad-lan.co.il/projects/rainbow-tel-aviv/ [1i p1 0c] || https://nad-lan.co.il/ramat-gan-apartment-prices/ [1i p4 0c]
aya יפו,0,4,2,0.25,,,https://nad-lan.co.il/projects/ [3i p72 0c] || https://nad-lan.co.il/city/תל אביב יפו/projects/ [1i p31 0c]
duo אפריקה ישראל,0,4,2,0.5,,,http://nad-lan.co.il/professionals/africa-israel-residential/ [2i p51 0c] || https://nad-lan.co.il/projects/duo-tel-aviv/ [2i p26 0c]
julie פלורנטין,0,4,2,0.25,,,https://nad-lan.co.il/projects/ [3i p44 0c] || https://nad-lan.co.il/ [1i p75 0c]
madlan alternative,0,4,3,0.25,,,https://nad-lan.co.il/site-map/?lang=en [2i p58 0c] || https://nad-lan.co.il/ [1i p11 0c] || https://nad-lan.co.il/en/ [1i p68 0c]
nitsba tower,0,4,2,0.5,,,https://nad-lan.co.il/ [2i p79 0c] || https://nad-lan.co.il/projects/ [2i p58 0c]
nola רמת השרון,0,4,3,0.25,,,https://nad-lan.co.il/projects/ [2i p59 0c] || https://nad-lan.co.il/ [1i p91 0c] || https://nad-lan.co.il/catalog/ [1i p66 0c]
projet immobilier en cours israël,0,4,2,0.5,,,https://nad-lan.co.il/fr/ [2i p50 0c] || https://nad-lan.co.il/projects/ [2i p66 0c]
sde dov tel aviv,0,4,4,0.25,390,6.84,https://nad-lan.co.il/ [1i p45 0c] || https://nad-lan.co.il/projects/ashira-sde-dov-en/ [1i p21 0c] || https://nad-lan.co.il/projects/ashira-sde-dov-fr/ [1i p28 0c] || https://nad-lan.co.il/sde-dov-luxury-projects-2026/ [1i p63 0c]
sia נתניה,0,4,2,0.25,,,https://nad-lan.co.il/city/נתניה/projects/ [3i p21 0c] || https://nad-lan.co.il/projects/?city=נתניה [1i p54 0c]
אאורה בת ים,0,4,2,0.25,40,4.26,https://nad-lan.co.il/projects/aura-pivko-bat-yam/ [3i p16 0c] || http://nad-lan.co.il/professionals/aura-israel/ [1i p20 0c]
אחד העם 13,0,4,3,0.25,,,https://nad-lan.co.il/projects/אחד-העם/ [2i p25 0c] || https://nad-lan.co.il/ [1i p77 0c] || https://nad-lan.co.il/projects/ [1i p59 0c]
איך נראה נסח טאבו,0,4,2,0.25,,,https://nad-lan.co.il/glossary/land-registry-extract/ [3i p55 0c] || https://nad-lan.co.il/tabu-extract-check/ [1i p82 0c]
אילה view חריש,0,4,3,0.25,,,https://nad-lan.co.il/ [2i p79 0c] || https://nad-lan.co.il/catalog/ [1i p82 0c] || https://nad-lan.co.il/projects/ [1i p38 0c]
איפה למצוא דירות חדשות למכירה מקבלן בתל אביב,0,4,2,0.25,,,https://nad-lan.co.il/new-projects/new-projects-tel-aviv/ [3i p17 0c] || https://nad-lan.co.il/projects/ [1i p57 0c]
אלקטרה שדה דב,0,4,4,0.25,,,https://nad-lan.co.il/ [1i p43 0c] || https://nad-lan.co.il/premium/ [1i p68 0c] || https://nad-lan.co.il/projects/המחתרות/ [1i p90 0c] || https://nad-lan.co.il/projects/העמל/ [1i p85 0c]
אשמח,0,4,4,0.25,,,https://nad-lan.co.il/herzliya-apartment-prices/ [1i p12 0c] || https://nad-lan.co.il/professionals/בן-מוחה-אליהו/ [1i p6 0c] || https://nad-lan.co.il/projects/dimri-yama-sde-dov/ [1i p5 0c] || https://nad-lan.co.il/projects/rainbow-tel-aviv/ [1i p6 0c]
אתר הנדל ן רשות המסים,0,4,3,0.25,,,https://nad-lan.co.il/buying-apartment/ [2i p57 0c] || https://nad-lan.co.il/ [1i p64 0c] || https://nad-lan.co.il/purchase-tax-calculator/ [1i p42 0c]
בורלא תל אביב,0,4,2,0.25,,,https://nad-lan.co.il/ [3i p46 0c] || https://nad-lan.co.il/projects/ [1i p33 0c]
בית הנערה קנדה ישראל,0,4,2,0.5,,,https://nad-lan.co.il/ [2i p58 0c] || https://nad-lan.co.il/catalog/ [2i p75 0c]
בניה חדשה בשדרות,0,4,3,0.25,,,https://nad-lan.co.il/projects/ [2i p68 0c] || https://nad-lan.co.il/projects/שדרות-ירושלים/ [1i p93 0c] || https://nad-lan.co.il/projects/ashdar-einstein/ [1i p91 0c]
בנייה בהרצליה,0,4,2,0.5,,,https://nad-lan.co.il/city/הרצליה/ [2i p92 0c] || https://nad-lan.co.il/city/הרצליה/projects/ [2i p68 0c]
בתים בישראל,0,4,4,0.25,,,https://nad-lan.co.il/ [1i p53 0c] || https://nad-lan.co.il/projects/ [1i p32 0c] || https://nad-lan.co.il/properties/ [1i p81 0c] || https://nad-lan.co.il/site-map/ [1i p94 0c]
גני שפירא,0,4,2,0.25,,,https://nad-lan.co.il/projects/שפירא/ [3i p54 0c] || https://nad-lan.co.il/projects/שפירא-3/ [1i p58 0c]
דירות בבניה,0,4,2,0.5,,,https://nad-lan.co.il/city/גבעתים/projects/ [2i p79 0c] || https://nad-lan.co.il/projects/ [2i p34 0c]
דירות חדשות ביפו,0,4,2,0.5,,,https://nad-lan.co.il/projects/ [2i p64 0c] || https://nad-lan.co.il/projects/יפו/ [2i p63 0c]
דירות חדשות בת ים,0,4,2,0.5,,,https://nad-lan.co.il/city/בת-ים/projects/ [2i p54 0c] || https://nad-lan.co.il/projects/?city=בת ים [2i p65 0c]
דירות חדשות למכירה בחיפה,0,4,2,0.25,,,https://nad-lan.co.il/city/חיפה/projects/ [3i p42 0c] || https://nad-lan.co.il/projects/?city=חיפה [1i p38 0c]
הגדוד העברי 57 תל אביב,0,4,2,0.25,,,https://nad-lan.co.il/projects/ [3i p26 0c] || https://nad-lan.co.il/ [1i p48 0c]
הדרך למכירת נכס,0,4,2,0.25,,,https://nad-lan.co.il/investment/ [3i p56 0c] || https://nad-lan.co.il/selling-apartment/ [1i p66 0c]
הוד השרון פרויקטים חדשים,0,4,2,0.5,,,https://nad-lan.co.il/city/הוד-השרון/projects/ [2i p22 0c] || https://nad-lan.co.il/projects/ [2i p55 0c]
המבואה הצפונית בת ים,0,4,2,0.25,,,https://nad-lan.co.il/projects/?city=בת ים [3i p44 0c] || https://nad-lan.co.il/projects/המבואה-הצפונית/ [1i p13 0c]
הערכת דירות לפינוי בינוי,0,4,2,0.25,,,https://nad-lan.co.il/property-value-estimator/ [3i p27 0c] || https://nad-lan.co.il/glossary/ [1i p93 0c]
הקוצר 18 רמת השרון,0,4,2,0.5,,,https://nad-lan.co.il/catalog/ [2i p70 0c] || https://nad-lan.co.il/projects/ [2i p44 0c]
יועץ נדל ן,0,4,2,0.5,,,https://nad-lan.co.il/investment/ [2i p89 0c] || https://nad-lan.co.il/professionals/ [2i p71 0c]
"ייזום נדל""ן",0,4,3,0.25,,,https://nad-lan.co.il/projects/ [2i p38 0c] || https://nad-lan.co.il/ [1i p80 0c] || https://nad-lan.co.il/projects/זוגות-צעירים/ [1i p60 0c]
יצחק שדה 34,0,4,3,0.25,,,https://nad-lan.co.il/catalog/ [2i p80 0c] || https://nad-lan.co.il/ [1i p65 0c] || https://nad-lan.co.il/projects/צביה-ויצחק/ [1i p73 0c]
ישראל קנדה שדה דב,0,4,2,0.25,,,https://nad-lan.co.il/projects/rainbow-tel-aviv/ [3i p20 0c] || https://nad-lan.co.il/ [1i p74 0c]
כמה הנכס שלי שווה,0,4,2,0.5,,,https://nad-lan.co.il/investment/ [2i p81 0c] || https://nad-lan.co.il/property-value-estimator/ [2i p30 0c]
כמה עולה דירה בשדה דב,0,4,2,0.25,,,https://nad-lan.co.il/sde-dov/prices/ [3i p8 0c] || https://nad-lan.co.il/sde-dov/ [1i p30 0c]
כתר הרמה,0,4,2,0.5,,,https://nad-lan.co.il/catalog/ [2i p81 0c] || https://nad-lan.co.il/projects/ [2i p60 0c]
לבנדה תל אביב,0,4,2,0.5,,,https://nad-lan.co.il/projects/ [2i p38 0c] || https://nad-lan.co.il/site-map/ [2i p79 0c]
ליליאן 6 תל אביב,0,4,4,0.25,,,https://nad-lan.co.il/ [1i p31 0c] || https://nad-lan.co.il/projects/ [1i p57 0c] || https://nad-lan.co.il/projects/?city=תל אביב-יפו [1i p31 0c] || https://nad-lan.co.il/ru/ [1i p72 0c]
מגדל היילין,0,4,3,0.25,,,https://nad-lan.co.il/premium/ [2i p92 0c] || https://nad-lan.co.il/ [1i p82 0c] || https://nad-lan.co.il/projects/ [1i p39 0c]
מגדל ים,0,4,2,0.25,,,https://nad-lan.co.il/ [3i p58 0c] || https://nad-lan.co.il/projects/מגדל-הים-רוטשילד-2/ [1i p20 0c]
מגדל פנורמה פתח תקווה,0,4,2,0.25,,,https://nad-lan.co.il/projects/ [3i p22 0c] || https://nad-lan.co.il/city/פתח תקוה/projects/ [1i p38 0c]
מגדל רמה,0,4,2,0.5,,,https://nad-lan.co.il/premium/ [2i p82 0c] || https://nad-lan.co.il/projects/ [2i p40 0c]
מגדלי דנקנר אזור,0,4,4,0.25,,,https://nad-lan.co.il/ [1i p26 0c] || https://nad-lan.co.il/premium/ [1i p84 0c] || https://nad-lan.co.il/projects/ [1i p75 0c] || https://nad-lan.co.il/projects/קלנר/ [1i p88 0c]
מדלן ממשלתי,0,4,2,0.25,,,https://nad-lan.co.il/ [3i p25 0c] || https://nad-lan.co.il/buying-apartment/ [1i p54 0c]
מורשת טל פרימיום,0,4,4,0.25,,,https://nad-lan.co.il/ [1i p64 0c] || https://nad-lan.co.il/catalog/ [1i p92 0c] || https://nad-lan.co.il/premium/ [1i p90 0c] || https://nad-lan.co.il/projects/ [1i p97 0c]
מחירון דירות חדשות,0,4,2,0.25,,,https://nad-lan.co.il/sde-dov/prices/ [3i p14 0c] || https://nad-lan.co.il/jerusalem-apartment-prices/ [1i p22 0c]
מחירי דירות חדשות,0,4,3,0.25,10,2.05,https://nad-lan.co.il/projects/ [2i p29 0c] || https://nad-lan.co.il/ [1i p50 0c] || https://nad-lan.co.il/projects/הקרן/ [1i p98 0c]
מחירי נדלן,0,4,3,0.25,,,https://nad-lan.co.il/herzliya-apartment-prices/ [2i p3 0c] || https://nad-lan.co.il/arsuf-house-prices/ [1i p3 0c] || https://nad-lan.co.il/kfar-saba-apartment-prices/ [1i p6 0c]
מחשבון מדלן,0,4,3,0.25,,,https://nad-lan.co.il/ [2i p70 0c] || https://nad-lan.co.il/buy-or-rent/ [1i p73 0c] || https://nad-lan.co.il/property-value-estimator/ [1i p27 0c]
מחשבון מס רכישה מדלן,0,4,2,0.5,,,https://nad-lan.co.il/buy-or-rent/ [2i p68 0c] || https://nad-lan.co.il/purchase-tax-calculator/ [2i p52 0c]
מטולה 15 רמת גן,0,4,4,0.25,,,https://nad-lan.co.il/ [1i p80 0c] || https://nad-lan.co.il/catalog/ [1i p67 0c] || https://nad-lan.co.il/premium/ [1i p88 0c] || https://nad-lan.co.il/projects/ [1i p36 0c]
מידע נדל ן,0,4,2,0.25,,,https://nad-lan.co.il/ [3i p44 0c] || https://nad-lan.co.il/investment/ [1i p48 0c]
מיני פנטהאוז הגדרה,0,4,2,0.25,,,https://nad-lan.co.il/glossary/ [3i p77 0c] || https://nad-lan.co.il/glossary/penthouse/ [1i p33 0c]
מכירת בית,0,4,2,0.25,,,https://nad-lan.co.il/selling-apartment/ [3i p27 0c] || https://nad-lan.co.il/properties/ [1i p53 0c]
מכירת דירות,0,4,3,0.25,,,https://nad-lan.co.il/properties/ [2i p62 0c] || https://nad-lan.co.il/ [1i p52 0c] || https://nad-lan.co.il/selling-apartment/ [1i p25 0c]
מרכז העיר נדלן,0,4,2,0.5,,,https://nad-lan.co.il/ [2i p51 0c] || https://nad-lan.co.il/projects/ [2i p26 0c]
משא ומתן על מחיר דירה,0,4,4,0.25,,,https://nad-lan.co.il/apartment-purchase-cost-calculator/ [1i p90 0c] || https://nad-lan.co.il/buying-apartment/ [1i p100 0c] || https://nad-lan.co.il/property-value-estimator/ [1i p22 0c] || https://nad-lan.co.il/selling-apartment/ [1i p68 0c]
נדל ן אחד על אחד,0,4,2,0.5,,,https://nad-lan.co.il/ [2i p56 0c] || https://nad-lan.co.il/investment/ [2i p36 0c]
נדל ן להשקעה בישראל,0,4,2,0.25,,,https://nad-lan.co.il/investment/apartments-for-investment/ [3i p48 0c] || https://nad-lan.co.il/investment/ [1i p34 0c]
נדלייף,0,4,3,0.25,,,https://nad-lan.co.il/ [2i p42 0c] || https://nad-lan.co.il/catalog/ [1i p65 0c] || https://nad-lan.co.il/site-map/ [1i p66 0c]
נדלן מכירות,0,4,4,0.25,,,https://nad-lan.co.il/ [1i p83 0c] || https://nad-lan.co.il/buying-apartment/ [1i p94 0c] || https://nad-lan.co.il/investment/ [1i p89 0c] || https://nad-lan.co.il/properties/ [1i p66 0c]
נדלניטור,0,4,2,0.5,,,https://nad-lan.co.il/ [2i p38 0c] || https://nad-lan.co.il/professionals/ [2i p58 0c]
נוסחת היוון,0,4,2,0.25,,,https://nad-lan.co.il/glossary/נוסחת-שיעור-היוון/ [3i p32 0c] || https://nad-lan.co.il/glossary/נוסחת-שווי-לפי-היוון-ישיר/ [1i p50 0c]
נופי אדם,0,4,3,0.25,,,https://nad-lan.co.il/projects/ [2i p72 0c] || https://nad-lan.co.il/ [1i p38 0c] || https://nad-lan.co.il/premium/ [1i p83 0c]
נורדאו 72,0,4,3,0.25,,,https://nad-lan.co.il/projects/נורדאו/ [2i p39 0c] || https://nad-lan.co.il/catalog/ [1i p99 0c] || https://nad-lan.co.il/projects/ [1i p71 0c]
נחום פרמינגר,0,4,3,0.25,,,https://nad-lan.co.il/professionals/ [2i p58 0c] || https://nad-lan.co.il/city/חיפה/contractors/ [1i p87 0c] || https://nad-lan.co.il/city/נצרת/contractors/ [1i p95 0c]
נכס בישראל,0,4,2,0.25,,,https://nad-lan.co.il/investment/ [3i p60 0c] || https://nad-lan.co.il/investment/apartments-for-investment/ [1i p33 0c]
נס ציונה פרויקטים חדשים,0,4,2,0.5,,,https://nad-lan.co.il/city/נס-ציונה/ [2i p92 0c] || https://nad-lan.co.il/city/נס-ציונה/projects/ [2i p20 0c]
נסח טאבו באנגלית,0,4,2,0.5,,,https://nad-lan.co.il/glossary/land-registry-extract/ [2i p34 0c] || https://nad-lan.co.il/tabu-extract-check/ [2i p58 0c]
נסח טאבו לפי תז,0,4,2,0.5,,,https://nad-lan.co.il/glossary/land-registry-extract/ [2i p62 0c] || https://nad-lan.co.il/tabu-extract-check/ [2i p54 0c]
סוקולוב 41,0,4,3,0.25,,,https://nad-lan.co.il/ [2i p90 0c] || https://nad-lan.co.il/projects/ [1i p72 0c] || https://nad-lan.co.il/projects/סוקולוב/ [1i p25 0c]
סוקולוב 41 רמת השרון,0,4,3,0.25,,,https://nad-lan.co.il/catalog/ [2i p66 0c] || https://nad-lan.co.il/ [1i p76 0c] || https://nad-lan.co.il/projects/ [1i p49 0c]
סמכויות הקונסטרוקטור,0,4,2,0.5,,,https://nad-lan.co.il/glossary-category/trades-roles/ [2i p16 0c] || https://nad-lan.co.il/glossary/קונסטרוקטור/ [2i p34 0c]
ספיריקל,0,4,2,0.5,,,https://nad-lan.co.il/ [2i p43 0c] || https://nad-lan.co.il/investment/ [2i p74 0c]
ערך נכסים,0,4,2,0.5,,,https://nad-lan.co.il/investment/ [2i p86 0c] || https://nad-lan.co.il/property-value-estimator/ [2i p28 0c]
פוינט הדר גנים,0,4,2,0.5,,,https://nad-lan.co.il/projects/ [2i p85 0c] || https://nad-lan.co.il/projects/אור-גנים/ [2i p42 0c]
פינוי בינוי במרכז,0,4,2,0.25,,,https://nad-lan.co.il/projects/ [3i p43 0c] || https://nad-lan.co.il/urban-renewal/map/ [1i p71 0c]
פסגת דן,0,4,3,0.25,,,https://nad-lan.co.il/ [2i p88 0c] || https://nad-lan.co.il/catalog/ [1i p98 0c] || https://nad-lan.co.il/projects/ [1i p56 0c]
פרוייקטים בהרצליה,0,4,3,0.25,,,https://nad-lan.co.il/herzliya-projects/ [2i p62 0c] || https://nad-lan.co.il/city/הרצליה/projects/ [1i p12 0c] || https://nad-lan.co.il/projects/ [1i p30 0c]
פרויקט mala,0,4,2,0.25,,,https://nad-lan.co.il/ [3i p71 0c] || https://nad-lan.co.il/projects/ [1i p48 0c]
פרויקט חדש בתל אביב,0,4,3,0.25,,,https://nad-lan.co.il/projects/ [2i p57 0c] || https://nad-lan.co.il/city/תל אביב יפו/projects/ [1i p86 0c] || https://nad-lan.co.il/projects/?city=תל אביב-יפו [1i p37 0c]
פרויקטים חדשים ברמת הגולן,0,4,2,0.25,,,https://nad-lan.co.il/projects/ [3i p44 0c] || https://nad-lan.co.il/city/רמת גן/projects/ [1i p34 0c]
פרויקטים יוקרתיים להשקעה בתל אביב,0,4,2,0.25,,,https://nad-lan.co.il/projects/ [3i p24 0c] || https://nad-lan.co.il/projects/?city=תל אביב-יפו [1i p29 0c]
פרויקטים לאכלוס מיידי,0,4,3,0.25,,,https://nad-lan.co.il/projects/ [2i p44 0c] || https://nad-lan.co.il/ [1i p77 0c] || https://nad-lan.co.il/premium/ [1i p68 0c]
פרויקטים למכירה,0,4,2,0.25,,,https://nad-lan.co.il/ [3i p52 0c] || https://nad-lan.co.il/projects/ [1i p32 0c]
פרויקטים פינוי בינוי בראשון לציון,0,4,2,0.5,,,https://nad-lan.co.il/city/ראשון לציון/projects/ [2i p28 0c] || https://nad-lan.co.il/projects/ [2i p72 0c]
צרפתי selected,0,4,2,0.25,,,https://nad-lan.co.il/projects/ [3i p39 0c] || https://nad-lan.co.il/catalog/ [1i p68 0c]
צרפתי סלקטד,0,4,2,0.25,,,https://nad-lan.co.il/catalog/ [3i p62 0c] || https://nad-lan.co.il/projects/ [1i p38 0c]
קבוצת חכם,0,4,2,0.25,,,https://nad-lan.co.il/professionals/hagag-group/ [3i p19 0c] || https://nad-lan.co.il/catalog/ [1i p83 0c]
קנדה ישראל פרוייקטים,0,4,2,0.25,,,https://nad-lan.co.il/projects/קהילת-קנדה-שדרות-ירושלים/ [3i p74 0c] || https://nad-lan.co.il/projects/קהילת-קנדה/ [1i p60 0c]
שדרות פרויקטים חדשים,0,4,2,0.25,,,https://nad-lan.co.il/projects/ashdar-einstein/ [3i p48 0c] || https://nad-lan.co.il/projects/ [1i p65 0c]
שכונת המשוררים,0,4,2,0.5,,,https://nad-lan.co.il/projects/ [2i p57 0c] || https://nad-lan.co.il/site-map/ [2i p90 0c]
תוכניות דירות,0,4,3,0.25,,,https://nad-lan.co.il/projects/ [2i p32 0c] || https://nad-lan.co.il/ [1i p78 0c] || https://nad-lan.co.il/site-map/ [1i p90 0c]
תכסית,0,4,2,0.5,,,https://nad-lan.co.il/glossary/ [2i p64 0c] || https://nad-lan.co.il/glossary/תכסית/ [2i p19 0c]
תקנות רישוי,0,4,2,0.25,,,https://nad-lan.co.il/glossary/תקנות-המהנדסים-והאדריכלים-רישוי-וייח/ [3i p34 0c] || https://nad-lan.co.il/glossary/תקנות-התכנון-והבנייה-רישוי-בנייה-תשע/ [1i p25 0c]
כן בבקשה,1,3,2,0.33,,,https://nad-lan.co.il/projects/rainbow-tel-aviv/ [2i p4 1c] || https://nad-lan.co.il/projects/רקאנטי/ [1i p4 0c]
5 חדרים,0,3,3,0.33,,,https://nad-lan.co.il/projects/duo-tel-aviv/ [1i p3 0c] || https://nad-lan.co.il/projects/first-sde-dov/ [1i p12 0c] || https://nad-lan.co.il/projects/rainbow-tel-aviv/ [1i p13 0c]
first שדה דב,0,3,2,0.33,,,https://nad-lan.co.il/ [2i p42 0c] || https://nad-lan.co.il/premium/ [1i p69 0c]
nadlan shark,0,3,2,0.33,,,https://nad-lan.co.il/ar/ [2i p39 0c] || https://nad-lan.co.il/ [1i p28 0c]
nadlan taxes,0,3,3,0.33,,,https://nad-lan.co.il/buying-apartment/ [1i p33 0c] || https://nad-lan.co.il/en/buy-property-in-israel/ [1i p10 0c] || https://nad-lan.co.il/purchase-tax-calculator/ [1i p15 0c]
nhsg bski,0,3,2,0.33,,,https://nad-lan.co.il/ [2i p36 0c] || https://nad-lan.co.il/investment/ [1i p48 0c]
sde dov real estate,0,3,3,0.33,,,https://nad-lan.co.il/projects/ashira-sde-dov-en/ [1i p22 0c] || https://nad-lan.co.il/projects/ashira-sde-dov-ru/ [1i p86 0c] || https://nad-lan.co.il/sde-dov/prices/ [1i p30 0c]
toha2,0,3,2,0.33,,,https://nad-lan.co.il/projects/toha2-tel-aviv-en/ [2i p8 0c] || https://nad-lan.co.il/projects/toha2-tel-aviv/ [1i p25 0c]
utopia שדה דב,0,3,3,0.33,,,https://nad-lan.co.il/ [1i p45 0c] || https://nad-lan.co.il/premium/ [1i p85 0c] || https://nad-lan.co.il/sde-dov/ [1i p17 0c]
vida גבעת שמואל,0,3,2,0.33,,,https://nad-lan.co.il/projects/ [2i p54 0c] || https://nad-lan.co.il/ru/ [1i p86 0c]
мадлан,0,3,2,0.33,,,https://nad-lan.co.il/ru/ [2i p34 0c] || https://nad-lan.co.il/en/ [1i p26 0c]
אבי קשת,0,3,2,0.33,,,https://nad-lan.co.il/catalog/ [2i p70 0c] || https://nad-lan.co.il/professionals/ [1i p64 0c]
אברהם יצחק קבלן,0,3,2,0.33,,,https://nad-lan.co.il/professionals/עבידאת-עאמר/ [2i p44 0c] || https://nad-lan.co.il/professionals/כהן-יצחק-3/ [1i p24 0c]
אחד העם 142,0,3,2,0.33,,,https://nad-lan.co.il/projects/אחד-העם/ [2i p16 0c] || https://nad-lan.co.il/projects/ [1i p74 0c]
איינשטיין 15,0,3,2,0.33,,,https://nad-lan.co.il/ [2i p80 0c] || https://nad-lan.co.il/projects/ [1i p48 0c]
אילה view,0,3,3,0.33,,,https://nad-lan.co.il/catalog/ [1i p83 0c] || https://nad-lan.co.il/projects/ [1i p45 0c] || https://nad-lan.co.il/site-map/ [1i p78 0c]
אילון 4 חיפה,0,3,2,0.33,,,https://nad-lan.co.il/projects/ [2i p51 0c] || https://nad-lan.co.il/projects/?city=חיפה [1i p67 0c]
איתור נסח טאבו לפי תעודת זהות,0,3,2,0.33,,,https://nad-lan.co.il/tabu-extract-check/ [2i p40 0c] || https://nad-lan.co.il/glossary/land-registry-extract/ [1i p52 0c]
איתור קונה לנכס,0,3,2,0.33,,,https://nad-lan.co.il/tabu-extract-check/ [2i p28 0c] || https://nad-lan.co.il/real-estate-broker/ [1i p42 0c]
אמיל זולא 7 רמלה,0,3,2,0.33,,,https://nad-lan.co.il/ [2i p60 0c] || https://nad-lan.co.il/projects/ [1i p23 0c]
"אתר הנדל""ן הממשלתי",0,3,2,0.33,1000,4.59,https://nad-lan.co.il/ [2i p40 0c] || https://nad-lan.co.il/buying-apartment/ [1i p51 0c]
אתר מכירת דירות,0,3,2,0.33,,,https://nad-lan.co.il/ [2i p55 0c] || https://nad-lan.co.il/investment/ [1i p97 0c]
באיזה רחוב,0,3,2,0.33,,,https://nad-lan.co.il/projects/rainbow-tel-aviv/ [2i p3 0c] || https://nad-lan.co.il/projects/yoo-tel-aviv/ [1i p4 0c]
בבלי 27,0,3,2,0.33,,,https://nad-lan.co.il/projects/ [2i p30 0c] || https://nad-lan.co.il/catalog/ [1i p94 0c]
בדיקת גודל דירה,0,3,2,0.33,,,https://nad-lan.co.il/property-value-estimator/ [2i p36 0c] || https://nad-lan.co.il/tabu-extract-check/ [1i p72 0c]
בדיקת מחירי שכירות,0,3,2,0.33,,,https://nad-lan.co.il/buy-or-rent/ [2i p80 0c] || https://nad-lan.co.il/property-value-estimator/ [1i p16 0c]
בדיקת מכירת דירות,0,3,3,0.33,,,https://nad-lan.co.il/apartment-deal-check/ [1i p67 0c] || https://nad-lan.co.il/investment/ [1i p69 0c] || https://nad-lan.co.il/selling-apartment/ [1i p33 0c]
בדיקת+סיכונים+בעסקת+נדל ן,0,3,2,0.33,,,https://nad-lan.co.il/buying-apartment/ [2i p94 0c] || https://nad-lan.co.il/real-estate-lawyer/ [1i p22 0c]
"בדיקת+פרויקט+נדל""ן",0,3,2,0.33,,,https://nad-lan.co.il/ [2i p78 0c] || https://nad-lan.co.il/apartment-buying-checklist/ [1i p82 0c]
ביאליק 11 ראשון לציון,0,3,2,0.33,,,https://nad-lan.co.il/projects/מתחם-ביאליק-911/ [2i p22 0c] || https://nad-lan.co.il/urban-renewal/map/ [1i p80 0c]
בית לוז,0,3,3,0.33,,,https://nad-lan.co.il/catalog/ [1i p84 0c] || https://nad-lan.co.il/premium/ [1i p84 0c] || https://nad-lan.co.il/projects/ [1i p45 0c]
בלפור 37,0,3,2,0.33,,,https://nad-lan.co.il/projects/בלפור/ [2i p18 0c] || https://nad-lan.co.il/ [1i p70 0c]
בניה חדשה בירושלים,0,3,3,0.33,,,https://nad-lan.co.il/city/ירושלים/projects/ [1i p41 0c] || https://nad-lan.co.il/projects/ [1i p51 0c] || https://nad-lan.co.il/projects/ירושלים-הבירה/ [1i p98 0c]
בניה חדשה בכפר סבא,0,3,2,0.33,,,https://nad-lan.co.il/city/כפר סבא/projects/ [2i p26 0c] || https://nad-lan.co.il/projects/ [1i p72 0c]
בניה חדשה בלוד,0,3,2,0.33,,,https://nad-lan.co.il/city/לוד/ [2i p61 0c] || https://nad-lan.co.il/city/לוד/projects/ [1i p15 0c]
בניה חדשה בקרית ים,0,3,2,0.33,,,https://nad-lan.co.il/city/קרית-ים/ [2i p91 0c] || https://nad-lan.co.il/city/קרית-ים/projects/ [1i p35 0c]
בניית בתים ברמת צבי,0,3,2,0.33,,,https://nad-lan.co.il/projects/בן-צבי-3/ [2i p48 0c] || https://nad-lan.co.il/projects/ [1i p49 0c]
בעלי המלאכה 12,0,3,3,0.33,,,https://nad-lan.co.il/ [1i p83 0c] || https://nad-lan.co.il/professionals/ [1i p79 0c] || https://nad-lan.co.il/projects/ [1i p49 0c]
בראשית בבלי מחירים,0,3,3,0.33,,,https://nad-lan.co.il/ [1i p45 0c] || https://nad-lan.co.il/catalog/ [1i p57 0c] || https://nad-lan.co.il/premium/ [1i p56 0c]
גיל לחמנוביץ,0,3,2,0.33,,,https://nad-lan.co.il/professionals/גיל-בר-עלי/ [2i p30 0c] || https://nad-lan.co.il/professionals/גיל-אהרון/ [1i p12 0c]
דירות בישראל,0,3,2,0.33,,,https://nad-lan.co.il/ [2i p36 0c] || https://nad-lan.co.il/properties/ [1i p45 0c]
דירות חדשות בבאר שבע מחיר,0,3,3,0.33,,,https://nad-lan.co.il/city/באר-שבע/ [1i p64 0c] || https://nad-lan.co.il/city/באר-שבע/projects/ [1i p43 0c] || https://nad-lan.co.il/projects/?city=באר שבע [1i p39 0c]
דירות חדשות בבאר שבע מחירים,0,3,2,0.33,,,https://nad-lan.co.il/projects/?city=באר שבע [2i p40 0c] || https://nad-lan.co.il/city/באר-שבע/projects/ [1i p45 0c]
דירות חדשות במוצא עילית,0,3,2,0.33,,,https://nad-lan.co.il/projects/?city=ירושלים [2i p64 0c] || https://nad-lan.co.il/professionals/azorim/ [1i p4 0c]
דירות חדשות מקבלן בחיפה,0,3,2,0.33,,,https://nad-lan.co.il/projects/?city=חיפה [2i p42 0c] || https://nad-lan.co.il/city/חיפה/projects/ [1i p63 0c]
האחים ישראל שדה דב,0,3,3,0.33,,,https://nad-lan.co.il/ [1i p56 0c] || https://nad-lan.co.il/sde-dov/ [1i p28 0c] || https://nad-lan.co.il/sde-dov/merkaz/ [1i p23 0c]
הגפן 10,0,3,2,0.33,,,https://nad-lan.co.il/projects/הגפן-8-10-רג/ [2i p5 0c] || https://nad-lan.co.il/projects/ [1i p53 0c]
הדרים הירוקה,0,3,3,0.33,,,https://nad-lan.co.il/catalog/ [1i p72 0c] || https://nad-lan.co.il/projects/ [1i p59 0c] || https://nad-lan.co.il/ru/ [1i p83 0c]
הוד והדר נהריה,0,3,2,0.33,,,https://nad-lan.co.il/ru/ [2i p89 0c] || https://nad-lan.co.il/catalog/ [1i p81 0c]
הוד והדר רמת השרון,0,3,2,0.33,,,https://nad-lan.co.il/projects/ [2i p51 0c] || https://nad-lan.co.il/city/רמת-השרון/ [1i p76 0c]
הלסינקי 13 תל אביב,0,3,2,0.33,,,https://nad-lan.co.il/projects/ [2i p44 0c] || https://nad-lan.co.il/projects/?city=תל אביב-יפו [1i p49 0c]
הלסינקי 15,0,3,3,0.33,,,https://nad-lan.co.il/ [1i p48 0c] || https://nad-lan.co.il/catalog/ [1i p74 0c] || https://nad-lan.co.il/site-map/ [1i p79 0c]
הנדלן בישראל,0,3,2,0.33,,,https://nad-lan.co.il/ [2i p82 0c] || https://nad-lan.co.il/investment/ [1i p33 0c]
העיר הלבנה חיפה,0,3,2,0.33,,,https://nad-lan.co.il/city/חיפה/projects/ [2i p44 0c] || https://nad-lan.co.il/projects/ [1i p70 0c]
העצמאות 28 בת ים,0,3,2,0.33,,,https://nad-lan.co.il/projects/aura-pivko-bat-yam/ [2i p22 0c] || https://nad-lan.co.il/projects/?city=בת ים [1i p45 0c]
הערכת שכר דירה,0,3,2,0.33,,,https://nad-lan.co.il/property-value-estimator/ [2i p55 0c] || https://nad-lan.co.il/buy-or-rent/ [1i p94 0c]
העתק נסח טאבו,0,3,2,0.33,,,https://nad-lan.co.il/tabu-extract-check/ [2i p40 0c] || https://nad-lan.co.il/glossary/land-registry-extract/ [1i p66 0c]
הפרויקטים,0,3,3,0.33,,,https://nad-lan.co.il/ [1i p65 0c] || https://nad-lan.co.il/projects/ [1i p25 0c] || https://nad-lan.co.il/site-map/ [1i p95 0c]
הקבלן,0,3,3,0.33,,,https://nad-lan.co.il/professionals/לישע-שרון/ [1i p1 0c] || https://nad-lan.co.il/professionals/קזו-כהן-יעקב/ [1i p1 0c] || https://nad-lan.co.il/professionals/שטרן-נתנאל/ [1i p1 0c]
השקעה,0,3,3,0.33,,,https://nad-lan.co.il/beer-sheva-apartment-prices/ [1i p8 0c] || https://nad-lan.co.il/city/קרית-ים/projects/ [1i p6 0c] || https://nad-lan.co.il/sde-dov/ [1i p4 0c]
זוהי תל אביב,0,3,2,0.33,,,https://nad-lan.co.il/projects/ [2i p60 0c] || https://nad-lan.co.il/ [1i p83 0c]
חברותא נדלן,0,3,2,0.33,,,https://nad-lan.co.il/ [2i p41 0c] || https://nad-lan.co.il/catalog/ [1i p51 0c]
חישוב תכסית,0,3,2,0.33,,,https://nad-lan.co.il/glossary/תכסית/ [2i p8 0c] || https://nad-lan.co.il/glossary/ [1i p76 0c]
חצר אנג'לו יפו,0,3,2,0.33,,,https://nad-lan.co.il/projects/ [2i p44 0c] || https://nad-lan.co.il/city/תל אביב יפו/projects/ [1i p74 0c]
טווח מחירים,0,3,3,0.33,,,https://nad-lan.co.il/projects/duo-tel-aviv/ [1i p2 0c] || https://nad-lan.co.il/projects/h-infinity-somail-tel-aviv/ [1i p7 0c] || https://nad-lan.co.il/sde-dov/ [1i p4 0c]
י אליה ובניו פרויקטים,0,3,2,0.33,,,https://nad-lan.co.il/projects/ [2i p32 0c] || https://nad-lan.co.il/catalog/ [1i p84 0c]
יהודה הלוי 123,0,3,2,0.33,,,https://nad-lan.co.il/projects/ [2i p62 0c] || https://nad-lan.co.il/catalog/ [1i p79 0c]
יוחנן הורקנוס 1,0,3,2,0.33,,,https://nad-lan.co.il/ru/ [2i p74 0c] || https://nad-lan.co.il/projects/ [1i p62 0c]
יסוד המעלה 33,0,3,3,0.33,,,https://nad-lan.co.il/city/יהוד/projects/ [1i p100 0c] || https://nad-lan.co.il/projects/ [1i p87 0c] || https://nad-lan.co.il/projects/אחד-העם-33-35/ [1i p26 0c]
כמה עולה לקנות,0,3,2,0.33,,,https://nad-lan.co.il/buy-or-rent/ [2i p60 0c] || https://nad-lan.co.il/apartment-purchase-cost-calculator/ [1i p22 0c]
כמה שכירות לבקש,0,3,2,0.33,,,https://nad-lan.co.il/investment/ [2i p80 0c] || https://nad-lan.co.il/property-value-estimator/ [1i p26 0c]
כן אשמח,0,3,3,0.33,,,https://nad-lan.co.il/en/guides/neighboring-development-check/ [1i p5 0c] || https://nad-lan.co.il/projects/duo-tel-aviv/ [1i p4 0c] || https://nad-lan.co.il/projects/rainbow-tel-aviv-en/ [1i p5 0c]
כן רוצה לדעת,0,3,3,0.33,,,https://nad-lan.co.il/projects/first-sde-dov/ [1i p4 0c] || https://nad-lan.co.il/sde-dov/ [1i p6 0c] || https://nad-lan.co.il/sde-dov/merkaz/ [1i p5 0c]
כן תבדוק,0,3,3,0.33,,,https://nad-lan.co.il/en/guides/mixed-use-residential-project/ [1i p8 0c] || https://nad-lan.co.il/guides/neighboring-development-check/ [1i p1 0c] || https://nad-lan.co.il/mortgage-calculator/mortgage-interest-rates/ [1i p2 0c]
כפר סבא פרויקטים חדשים,0,3,2,0.33,,,https://nad-lan.co.il/city/כפר סבא/projects/ [2i p21 0c] || https://nad-lan.co.il/city/כפר-סבא/projects/ [1i p56 0c]
ל החדשה תל אביב,0,3,3,0.33,,,https://nad-lan.co.il/ [1i p45 0c] || https://nad-lan.co.il/premium/ [1i p75 0c] || https://nad-lan.co.il/projects/ [1i p41 0c]
לביא תדהר,0,3,2,0.33,,,https://nad-lan.co.il/professionals/ [2i p3 0c] || https://nad-lan.co.il/glossary/אגרגט-מדורג/ [1i p94 0c]
למדן 15 תל אביב,0,3,2,0.33,,,https://nad-lan.co.il/ [2i p70 0c] || https://nad-lan.co.il/projects/ [1i p35 0c]
מבוא דותן למכירה,0,3,2,0.33,,,https://nad-lan.co.il/ [2i p32 0c] || https://nad-lan.co.il/properties/ [1i p46 0c]
מגדל דן,0,3,3,0.33,,,https://nad-lan.co.il/ [1i p63 0c] || https://nad-lan.co.il/premium/ [1i p88 0c] || https://nad-lan.co.il/projects/רחל-אמנו-46-48/ [1i p71 0c]
מגדל נגבה,0,3,2,0.33,,,https://nad-lan.co.il/projects/ [2i p50 0c] || https://nad-lan.co.il/ [1i p79 0c]
מגדל רוטשילד,0,3,2,0.33,,,https://nad-lan.co.il/projects/meier-on-rothschild/ [2i p47 0c] || https://nad-lan.co.il/projects/מגדל-הים-רוטשילד-2/ [1i p41 0c]
מגדלי דוד באר שבע,0,3,2,0.33,,,https://nad-lan.co.il/ [2i p64 0c] || https://nad-lan.co.il/projects/ [1i p52 0c]
מהנדס רשוי,0,3,2,0.33,,,https://nad-lan.co.il/glossary/מהנדס-אזרחי-רשוי/ [2i p20 0c] || https://nad-lan.co.il/glossary/תקנות-המהנדסים-והאדריכלים-רישוי-וייח/ [1i p33 0c]
מול ירדן בית שאן,0,3,2,0.33,,,https://nad-lan.co.il/ [2i p61 0c] || https://nad-lan.co.il/ru/ [1i p76 0c]
מחיר,0,3,3,0.33,,,https://nad-lan.co.il/projects/duo-tel-aviv/ [1i p7 0c] || https://nad-lan.co.il/projects/h-infinity-somail-tel-aviv/ [1i p9 0c] || https://nad-lan.co.il/sde-dov/ [1i p5 0c]
מחיר למטר מרובע,0,3,3,0.33,,,https://nad-lan.co.il/ [1i p59 0c] || https://nad-lan.co.il/property-value-estimator/ [1i p20 0c] || https://nad-lan.co.il/sde-dov/prices/ [1i p28 0c]
מחירי דירות בשדה דב,0,3,3,0.33,20,4.55,https://nad-lan.co.il/projects/ashira-sde-dov/ [1i p16 0c] || https://nad-lan.co.il/projects/rainbow-tel-aviv/ [1i p6 0c] || https://nad-lan.co.il/sde-dov/prices/ [1i p7 0c]
מחירי נדלן בדובאי,0,3,2,0.33,,,https://nad-lan.co.il/short-term-rentals-dubai/ [2i p14 0c] || https://nad-lan.co.il/global/dubai/ [1i p17 0c]
מחשבון אחוז מימון משכנתא,0,3,2,0.33,,,https://nad-lan.co.il/mortgage-calculator/mortgage-ltv-ratio/ [2i p41 0c] || https://nad-lan.co.il/mortgage-calculator/ [1i p66 0c]
מחשבון דירה מדלן,0,3,2,0.33,,,https://nad-lan.co.il/buy-or-rent/ [2i p60 0c] || https://nad-lan.co.il/property-value-estimator/ [1i p25 0c]
מחשבון ידעת,0,3,2,0.33,,,https://nad-lan.co.il/property-value-estimator/ [2i p16 0c] || https://nad-lan.co.il/buy-or-rent/ [1i p66 0c]
מחשבון לקנות או לשכור דירה,0,3,3,0.33,,,https://nad-lan.co.il/apartment-purchase-cost-calculator/ [1i p72 0c] || https://nad-lan.co.il/buy-or-rent/ [1i p33 0c] || https://nad-lan.co.il/buy-vs-rent/ [1i p66 0c]
מחשבון תיווך,0,3,3,0.33,,,https://nad-lan.co.il/apartment-purchase-cost-calculator/ [1i p54 0c] || https://nad-lan.co.il/buy-or-rent/ [1i p93 0c] || https://nad-lan.co.il/mortgage-calculator/ [1i p77 0c]
מטמון כהן 3,0,3,3,0.33,,,https://nad-lan.co.il/premium/ [1i p82 0c] || https://nad-lan.co.il/projects/ [1i p49 0c] || https://nad-lan.co.il/site-map/ [1i p90 0c]
מיקרו ליבינג,0,3,2,0.33,,,https://nad-lan.co.il/projects/ [2i p54 0c] || https://nad-lan.co.il/ru/ [1i p97 0c]
מכירות בתים,0,3,2,0.33,,,https://nad-lan.co.il/ [2i p72 0c] || https://nad-lan.co.il/properties/ [1i p50 0c]
מכירת דירות חדשות,0,3,2,0.33,,,https://nad-lan.co.il/ [2i p62 0c] || https://nad-lan.co.il/projects/ [1i p45 0c]
מעלה הבנים,0,3,2,0.33,,,https://nad-lan.co.il/catalog/ [2i p60 0c] || https://nad-lan.co.il/projects/ [1i p38 0c]
מעלה השואבה,0,3,3,0.33,,,https://nad-lan.co.il/ [1i p72 0c] || https://nad-lan.co.il/projects/ [1i p39 0c] || https://nad-lan.co.il/projects/מעלה-השואבה/ [1i p13 0c]
מצפה רנה לוד,0,3,2,0.33,,,https://nad-lan.co.il/projects/ [2i p64 0c] || https://nad-lan.co.il/ [1i p91 0c]
משולש נים,0,3,2,0.33,,,https://nad-lan.co.il/projects/ [2i p54 0c] || https://nad-lan.co.il/catalog/ [1i p73 0c]
משולש נים ראשון לציון,0,3,2,0.33,,,https://nad-lan.co.il/projects/ [2i p60 0c] || https://nad-lan.co.il/catalog/ [1i p92 0c]
מתי איכלוס,0,3,2,0.33,,,https://nad-lan.co.il/projects/rainbow-tel-aviv/ [2i p4 0c] || https://nad-lan.co.il/projects/duo-tel-aviv/ [1i p4 0c]
מתי אכלוס,0,3,2,0.33,,,https://nad-lan.co.il/projects/duo-tel-aviv/ [2i p2 0c] || https://nad-lan.co.il/sde-dov/ [1i p5 0c]
נאות אילנה בית שמש,0,3,3,0.33,,,https://nad-lan.co.il/catalog/ [1i p70 0c] || https://nad-lan.co.il/city/בית-שמש/ [1i p81 0c] || https://nad-lan.co.il/city/בית-שמש/projects/ [1i p55 0c]
נדל ן gov,0,3,2,0.33,,,https://nad-lan.co.il/ [2i p27 0c] || https://nad-lan.co.il/purchase-tax-calculator/ [1i p46 0c]
נדליין,0,3,2,0.33,,,https://nad-lan.co.il/ [2i p76 0c] || https://nad-lan.co.il/site-map/ [1i p99 0c]
נדלן 1 על 1,0,3,2,0.33,,,https://nad-lan.co.il/investment/ [2i p50 0c] || https://nad-lan.co.il/ [1i p39 0c]
נדלן 2u,0,3,2,0.33,,,https://nad-lan.co.il/ [2i p29 0c] || https://nad-lan.co.il/global/?lang=en [1i p99 0c]
נדלן in,0,3,2,0.33,,,https://nad-lan.co.il/ [2i p30 0c] || https://nad-lan.co.il/properties/ [1i p46 0c]
נדלן בארץ,0,3,3,0.33,,,https://nad-lan.co.il/ [1i p73 0c] || https://nad-lan.co.il/projects/ [1i p26 0c] || https://nad-lan.co.il/properties/ [1i p93 0c]
נדלן נט,0,3,2,0.33,,,https://nad-lan.co.il/ [2i p24 0c] || https://nad-lan.co.il/buying-apartment/ [1i p78 0c]
נדלן סיטי,0,3,3,0.33,,,https://nad-lan.co.il/ [1i p36 0c] || https://nad-lan.co.il/catalog/ [1i p63 0c] || https://nad-lan.co.il/projects/ [1i p25 0c]
נדלן פור יו,0,3,2,0.33,,,https://nad-lan.co.il/ [2i p34 0c] || https://nad-lan.co.il/ru/ [1i p68 0c]
נדלן פלוס,0,3,2,0.33,,,https://nad-lan.co.il/ [2i p30 0c] || https://nad-lan.co.il/ru/ [1i p56 0c]
נדלן ראשון לציון,0,3,3,0.33,,,https://nad-lan.co.il/ [1i p76 0c] || https://nad-lan.co.il/city/ראשון לציון/projects/ [1i p56 0c] || https://nad-lan.co.il/city/ראשון-לציון/ [1i p47 0c]
נדלנה,0,3,3,0.33,,,https://nad-lan.co.il/ [1i p11 0c] || https://nad-lan.co.il/projects/קלנר/ [1i p50 0c] || https://nad-lan.co.il/purchase-tax-calculator/ [1i p55 0c]
נדל״ן,0,3,3,0.33,8100,7.55,https://nad-lan.co.il/ [1i p50 0c] || https://nad-lan.co.il/professionals/שטרן-נתנאל/ [1i p6 0c] || https://nad-lan.co.il/projects/rainbow-tel-aviv/ [1i p8 0c]
נהר הירדן 27,0,3,3,0.33,,,https://nad-lan.co.il/ar/ [1i p74 0c] || https://nad-lan.co.il/properties/ [1i p55 0c] || https://nad-lan.co.il/ru/ [1i p44 0c]
נולה רמת השרון,0,3,2,0.33,,,https://nad-lan.co.il/catalog/ [2i p73 0c] || https://nad-lan.co.il/projects/ [1i p79 0c]
נופי ממרא,0,3,3,0.33,,,https://nad-lan.co.il/ [1i p53 0c] || https://nad-lan.co.il/projects/ [1i p61 0c] || https://nad-lan.co.il/site-map/ [1i p91 0c]
נופי קדמא,0,3,2,0.33,,,https://nad-lan.co.il/premium/ [2i p72 0c] || https://nad-lan.co.il/catalog/ [1i p79 0c]
נורדאו 6,0,3,2,0.33,,,https://nad-lan.co.il/ [2i p81 0c] || https://nad-lan.co.il/projects/ [1i p36 0c]
נורדאו 88,0,3,2,0.33,,,https://nad-lan.co.il/projects/ [2i p64 0c] || https://nad-lan.co.il/ [1i p85 0c]
נכסים למכירה,0,3,2,0.33,,,https://nad-lan.co.il/properties/ [2i p38 0c] || https://nad-lan.co.il/ [1i p42 0c]
נסח טאבו דוגמא,0,3,2,0.33,,,https://nad-lan.co.il/glossary/land-registry-extract/ [2i p70 0c] || https://nad-lan.co.il/tabu-extract-check/ [1i p94 0c]
נענע פרסום,0,3,2,0.33,,,https://nad-lan.co.il/ [2i p72 0c] || https://nad-lan.co.il/post-listing/ [1i p44 0c]
נתניה דירות חדשות,0,3,2,0.33,,,https://nad-lan.co.il/projects/?city=נתניה [2i p49 0c] || https://nad-lan.co.il/city/נתניה/projects/ [1i p42 0c]
סוקולוב 10 בת ים,0,3,2,0.33,,,https://nad-lan.co.il/projects/?city=בת ים [2i p54 0c] || https://nad-lan.co.il/catalog/ [1i p62 0c]
סוקולוב 41 חולון,0,3,3,0.33,,,https://nad-lan.co.il/ [1i p96 0c] || https://nad-lan.co.il/catalog/ [1i p88 0c] || https://nad-lan.co.il/projects/ [1i p52 0c]
סוקולוב 43 רמת השרון,0,3,2,0.33,,,https://nad-lan.co.il/projects/ [2i p38 0c] || https://nad-lan.co.il/catalog/ [1i p79 0c]
סוקולוב 46 תל אביב,0,3,3,0.33,,,https://nad-lan.co.il/projects/ [1i p52 0c] || https://nad-lan.co.il/projects/סוקולוב-46/ [1i p23 0c] || https://nad-lan.co.il/projects/סוקולוב/ [1i p68 0c]
סוקולוב 85 הרצליה,0,3,2,0.33,,,https://nad-lan.co.il/projects/ [2i p56 0c] || https://nad-lan.co.il/city/הרצליה/projects/ [1i p59 0c]
סנהדרין 13,0,3,2,0.33,,,https://nad-lan.co.il/projects/ [2i p43 0c] || https://nad-lan.co.il/ [1i p83 0c]
סנהדרין 13 תל אביב,0,3,2,0.33,,,https://nad-lan.co.il/projects/ [2i p32 0c] || https://nad-lan.co.il/projects/?city=תל אביב-יפו [1i p33 0c]
פרוייקטים בתל אביב,0,3,3,0.33,,,https://nad-lan.co.il/city/תל אביב יפו/projects/ [1i p94 0c] || https://nad-lan.co.il/projects/ [1i p65 0c] || https://nad-lan.co.il/projects/?city=תל אביב-יפו [1i p34 0c]
פרויקט she תל אביב,0,3,2,0.33,,,https://nad-lan.co.il/projects/ [2i p25 0c] || https://nad-lan.co.il/city/תל אביב יפו/projects/ [1i p69 0c]
פרויקט אנדרומדה,0,3,3,0.33,,,https://nad-lan.co.il/ [1i p80 0c] || https://nad-lan.co.il/premium/ [1i p84 0c] || https://nad-lan.co.il/projects/ [1i p59 0c]
פרויקט בין השדרות,0,3,2,0.33,,,https://nad-lan.co.il/projects/ [2i p38 0c] || https://nad-lan.co.il/projects/הסתדרות/ [1i p80 0c]
פרויקט בלו,0,3,2,0.33,,,https://nad-lan.co.il/projects/ [2i p58 0c] || https://nad-lan.co.il/ [1i p87 0c]
פרויקט דירות בתל אביב,0,3,2,0.33,,,https://nad-lan.co.il/projects/?city=תל אביב-יפו [2i p24 0c] || https://nad-lan.co.il/projects/ [1i p34 0c]
פרויקט המשתלה ירושלים,0,3,3,0.33,,,https://nad-lan.co.il/city/ירושלים/projects/ [1i p42 0c] || https://nad-lan.co.il/premium/ [1i p81 0c] || https://nad-lan.co.il/projects/ [1i p73 0c]
פרויקט הנחלה,0,3,3,0.33,,,https://nad-lan.co.il/ar/ [1i p94 0c] || https://nad-lan.co.il/catalog/ [1i p77 0c] || https://nad-lan.co.il/projects/ [1i p37 0c]
פרויקט חדש בפתח תקווה,0,3,2,0.33,,,https://nad-lan.co.il/projects/?city=פתח תקוה [2i p64 0c] || https://nad-lan.co.il/city/פתח-תקוה/projects/ [1i p60 0c]
פרויקט כפר אלדד,0,3,2,0.33,,,https://nad-lan.co.il/catalog/ [2i p82 0c] || https://nad-lan.co.il/projects/ [1i p51 0c]
פרויקט כפר סבא,0,3,2,0.33,,,https://nad-lan.co.il/city/כפר סבא/projects/ [2i p26 0c] || https://nad-lan.co.il/projects/ [1i p93 0c]
פרויקט מגורים תל אביב,0,3,2,0.33,,,https://nad-lan.co.il/projects/ [2i p42 0c] || https://nad-lan.co.il/projects/?city=תל אביב-יפו [1i p38 0c]
פרויקט מומנט,0,3,3,0.33,,,https://nad-lan.co.il/ [1i p75 0c] || https://nad-lan.co.il/premium/ [1i p97 0c] || https://nad-lan.co.il/site-map/ [1i p90 0c]
פרויקט נולה רמת השרון,0,3,2,0.33,,,https://nad-lan.co.il/projects/ [2i p52 0c] || https://nad-lan.co.il/catalog/ [1i p79 0c]
פרויקט עולם אור יהודה,0,3,2,0.33,,,https://nad-lan.co.il/ [2i p69 0c] || https://nad-lan.co.il/projects/ [1i p41 0c]
פרויקט פתח תקווה,0,3,2,0.33,,,https://nad-lan.co.il/projects/?city=פתח תקוה [2i p58 0c] || https://nad-lan.co.il/projects/ [1i p40 0c]
פרויקט קדם אבני חפץ,0,3,2,0.33,,,https://nad-lan.co.il/premium/ [2i p82 0c] || https://nad-lan.co.il/ [1i p69 0c]
פרויקט שדות בני עייש,0,3,2,0.33,,,https://nad-lan.co.il/ [2i p68 0c] || https://nad-lan.co.il/projects/ [1i p89 0c]
פרויקטים במרכז,0,3,2,0.33,,,https://nad-lan.co.il/projects/ [2i p40 0c] || https://nad-lan.co.il/city/ירושלים/projects/ [1i p84 0c]
פרויקטים ברמת השרון,0,3,2,0.33,,,https://nad-lan.co.il/projects/ [2i p64 0c] || https://nad-lan.co.il/city/רמת-השרון/projects/ [1i p26 0c]
פרויקטים חדשים אבן יהודה,0,3,2,0.33,,,https://nad-lan.co.il/projects/התחדשות-מתחם-מכבי/ [2i p22 0c] || https://nad-lan.co.il/projects/ [1i p52 0c]
פרויקטים חדשים במבצע,0,3,2,0.33,,,https://nad-lan.co.il/projects/ [2i p67 0c] || https://nad-lan.co.il/ [1i p33 0c]
פרויקטים חדשים כפר סבא,0,3,2,0.33,,,https://nad-lan.co.il/projects/ [2i p54 0c] || https://nad-lan.co.il/city/כפר סבא/projects/ [1i p20 0c]
פרויקטים חדשים תל אביב יפו,0,3,2,0.33,,,https://nad-lan.co.il/projects/ [2i p36 0c] || https://nad-lan.co.il/projects/?city=תל אביב-יפו [1i p42 0c]
פרויקטים של תמ א 38,0,3,2,0.33,,,https://nad-lan.co.il/projects/?project_type=tama38 [2i p50 0c] || https://nad-lan.co.il/urban-renewal/tama-38/ [1i p50 0c]
פרשקובסקי שדה דב,0,3,2,0.33,,,https://nad-lan.co.il/catalog/ [2i p67 0c] || https://nad-lan.co.il/ru/ [1i p84 0c]
קהילת ורשה 73,0,3,2,0.33,,,https://nad-lan.co.il/projects/קהילת-ורשה-737779/ [2i p10 0c] || https://nad-lan.co.il/projects/ [1i p73 0c]
רובע איילון,0,3,2,0.33,,,https://nad-lan.co.il/projects/ [2i p56 0c] || https://nad-lan.co.il/ru/ [1i p88 0c]
רוטשילד 17,0,3,2,0.33,,,https://nad-lan.co.il/projects/ [2i p66 0c] || https://nad-lan.co.il/ [1i p93 0c]
רכישת נכס,0,3,2,0.33,,,https://nad-lan.co.il/investment/ [2i p61 0c] || https://nad-lan.co.il/buying-apartment/ [1i p61 0c]
שדה דב נדלן,0,3,2,0.33,,,https://nad-lan.co.il/sde-dov/prices/ [2i p32 0c] || https://nad-lan.co.il/sde-dov/ [1i p54 0c]
שדה קוזיה,0,3,2,0.33,,,https://nad-lan.co.il/ [2i p34 0c] || https://nad-lan.co.il/ru/ [1i p82 0c]
שמאי מכריע היטל השבחה,0,3,2,0.33,,,https://nad-lan.co.il/real-estate-tax-advisor/betterment-levy-appeal/ [2i p90 0c] || https://nad-lan.co.il/glossary/שמאי-מכריע/ [1i p56 0c]
תדהר הסוללים,0,3,3,0.33,,,https://nad-lan.co.il/ [1i p89 0c] || https://nad-lan.co.il/catalog/ [1i p85 0c] || https://nad-lan.co.il/projects/ [1i p57 0c]
תוכנית גרמושקה,0,3,2,0.33,,,https://nad-lan.co.il/glossary/גרמושקה/ [2i p54 0c] || https://nad-lan.co.il/glossary-category/architecture/ [1i p72 0c]
תכנון הוצאות ברכישת דירה,0,3,2,0.33,,,https://nad-lan.co.il/buying-apartment/ [2i p70 0c] || https://nad-lan.co.il/apartment-purchase-cost-calculator/ [1i p71 0c]
תל אביב,0,3,3,0.33,,,https://nad-lan.co.il/projects/migdalei-hayam-sde-dov/ [1i p11 0c] || https://nad-lan.co.il/urban-renewal/pinui-binui-tel-aviv/ [1i p7 0c] || https://nad-lan.co.il/urban-renewal/tama-38-tel-aviv/ [1i p7 0c]
תמחור פרויקטי בנייה אונליין,0,3,2,0.33,,,https://nad-lan.co.il/ [2i p26 0c] || https://nad-lan.co.il/projects/ [1i p39 0c]
תמל 3014,0,3,2,0.33,,,https://nad-lan.co.il/catalog/ [2i p72 0c] || https://nad-lan.co.il/projects/ [1i p50 0c]
תמל 3015,0,3,3,0.33,,,https://nad-lan.co.il/premium/ [1i p72 0c] || https://nad-lan.co.il/projects/ [1i p97 0c] || https://nad-lan.co.il/projects/המעפילים/ [1i p66 0c]
מתי האכלוס,1,2,2,0.5,,,https://nad-lan.co.il/projects/rainbow-tel-aviv/ [1i p2 1c] || https://nad-lan.co.il/sde-dov/ [1i p1 0c]
+איזו חברת ניהול יכולה להראות לי תשואה נטו על שכירות קצרת טווח בדובאי? in the us,0,2,2,0.5,,,https://nad-lan.co.il/short-term-rentals-abroad/ [1i p8 0c] || https://nad-lan.co.il/short-term-rentals-abroad/short-term-rentals-dubai/ [1i p5 0c]
4 חדרים,0,2,2,0.5,,,https://nad-lan.co.il/netanya-apartment-prices/ [1i p10 0c] || https://nad-lan.co.il/sde-dov/prices/ [1i p6 0c]
add land,0,2,2,0.5,,,https://nad-lan.co.il/en/ [1i p49 0c] || https://nad-lan.co.il/site-map/?lang=en [1i p67 0c]
adirim tlv,0,2,2,0.5,,,https://nad-lan.co.il/premium/ [1i p63 0c] || https://nad-lan.co.il/projects/ [1i p69 0c]
bski,0,2,2,0.5,,,https://nad-lan.co.il/ [1i p49 0c] || https://nad-lan.co.il/properties/ [1i p78 0c]
bski duc,0,2,2,0.5,,,https://nad-lan.co.il/ [1i p27 0c] || https://nad-lan.co.il/buying-apartment/ [1i p50 0c]
complex tlv,0,2,2,0.5,,,https://nad-lan.co.il/premium/ [1i p61 0c] || https://nad-lan.co.il/projects/ [1i p47 0c]
east&tlv,0,2,2,0.5,,,https://nad-lan.co.il/ [1i p68 0c] || https://nad-lan.co.il/projects/ [1i p37 0c]
gov nadlan,0,2,2,0.5,,,https://nad-lan.co.il/ [1i p31 0c] || https://nad-lan.co.il/purchase-tax-calculator/ [1i p55 0c]
gov נדלן,0,2,2,0.5,,,https://nad-lan.co.il/buying-apartment/ [1i p44 0c] || https://nad-lan.co.il/purchase-tax-calculator/ [1i p35 0c]
ilnadlan,0,2,2,0.5,,,https://nad-lan.co.il/ [1i p38 0c] || https://nad-lan.co.il/ar/ [1i p63 0c]
im nadlan,0,2,2,0.5,,,https://nad-lan.co.il/ [1i p24 0c] || https://nad-lan.co.il/ru/ [1i p46 0c]
la vida אשקלון,0,2,2,0.5,,,https://nad-lan.co.il/ [1i p91 0c] || https://nad-lan.co.il/projects/ [1i p71 0c]
lovely בבלי,0,2,2,0.5,,,https://nad-lan.co.il/ [1i p73 0c] || https://nad-lan.co.il/projects/ [1i p36 0c]
madlan real estate israel,0,2,2,0.5,,,https://nad-lan.co.il/en/ [1i p25 0c] || https://nad-lan.co.il/ru/ [1i p45 0c]
mala פתח תקווה,0,2,2,0.5,,,https://nad-lan.co.il/ [1i p85 0c] || https://nad-lan.co.il/projects/ [1i p55 0c]
n סוקולוב,0,2,2,0.5,,,https://nad-lan.co.il/catalog/ [1i p84 0c] || https://nad-lan.co.il/projects/?city=נתניה [1i p72 0c]
nachlaot apartment for sale,0,2,2,0.5,,,https://nad-lan.co.il/properties/ [1i p75 0c] || https://nad-lan.co.il/ru/ [1i p92 0c]
nad land,0,2,2,0.5,,,https://nad-lan.co.il/ [1i p1 0c] || https://nad-lan.co.il/en/ [1i p2 0c]
nadlan capital group,0,2,2,0.5,,,https://nad-lan.co.il/en/ [1i p25 0c] || https://nad-lan.co.il/global/?lang=en [1i p37 0c]
nadlan real estate,0,2,2,0.5,,,https://nad-lan.co.il/ [1i p57 0c] || https://nad-lan.co.il/en/ [1i p11 0c]
nadlanir,0,2,2,0.5,,,https://nad-lan.co.il/global/?lang=en [1i p50 0c] || https://nad-lan.co.il/ru/ [1i p64 0c]
nrfz vbski,0,2,2,0.5,,,https://nad-lan.co.il/ [1i p26 0c] || https://nad-lan.co.il/ru/ [1i p40 0c]
projet immobilier tel aviv,0,2,2,0.5,,,https://nad-lan.co.il/ [1i p83 0c] || https://nad-lan.co.il/projects/ [1i p52 0c]
rainbow canada israel,0,2,2,0.5,,,https://nad-lan.co.il/projects/rainbow-tel-aviv-en/ [1i p8 0c] || https://nad-lan.co.il/projects/rainbow-tel-aviv/ [1i p32 0c]
toha 2 tel aviv,0,2,2,0.5,,,https://nad-lan.co.il/projects/toha2-tel-aviv-fr/ [1i p4 0c] || https://nad-lan.co.il/projects/toha2-tel-aviv/ [1i p72 0c]
vision רמי לוי,0,2,2,0.5,,,https://nad-lan.co.il/catalog/ [1i p85 0c] || https://nad-lan.co.il/projects/ [1i p59 0c]
אדם קרסנטי,0,2,2,0.5,,,https://nad-lan.co.il/city/מעלה-אדומים/ [1i p77 0c] || https://nad-lan.co.il/city/מעלה-אדומים/contractors/ [1i p35 0c]
אורן יצחקיאן,0,2,2,0.5,,,https://nad-lan.co.il/professionals/גבארין-עומר/ [1i p36 0c] || https://nad-lan.co.il/professionals/יצחקיאן-אורן/ [1i p18 0c]
אחד העם 2,0,2,2,0.5,,,https://nad-lan.co.il/projects/ [1i p48 0c] || https://nad-lan.co.il/projects/אחד-העם/ [1i p26 0c]
אחד העם 39 תל אביב,0,2,2,0.5,,,https://nad-lan.co.il/ [1i p62 0c] || https://nad-lan.co.il/projects/אחד-העם-33-35/ [1i p27 0c]
איך להיכנס לפרויקטי יוקרה בשדה דב מוקדם,0,2,2,0.5,,,https://nad-lan.co.il/projects/dimri-yama-sde-dov/ [1i p1 0c] || https://nad-lan.co.il/projects/first-sde-dov/ [1i p17 0c]
איך מוציאים נסח טאבו לדירה,0,2,2,0.5,,,https://nad-lan.co.il/glossary/land-registry-extract/ [1i p53 0c] || https://nad-lan.co.il/tabu-extract-check/ [1i p66 0c]
אילת 4 תל אביב,0,2,2,0.5,,,https://nad-lan.co.il/ [1i p52 0c] || https://nad-lan.co.il/projects/ [1i p31 0c]
אכלוס מיידי,0,2,2,0.5,,,https://nad-lan.co.il/projects/ [1i p48 0c] || https://nad-lan.co.il/ru/ [1i p99 0c]
אם המושבות החדשה מדלן,0,2,2,0.5,,,https://nad-lan.co.il/ [1i p54 0c] || https://nad-lan.co.il/premium/ [1i p60 0c]
אפריקה ישראל פרויקטים,0,2,2,0.5,,,http://nad-lan.co.il/professionals/africa-israel-residential/ [1i p40 0c] || https://nad-lan.co.il/projects/duo-tel-aviv/ [1i p4 0c]
אקה פרימיום,0,2,2,0.5,,,https://nad-lan.co.il/ [1i p64 0c] || https://nad-lan.co.il/premium/ [1i p62 0c]
ארלוזורוב 57 רמת גן,0,2,2,0.5,,,https://nad-lan.co.il/catalog/ [1i p77 0c] || https://nad-lan.co.il/projects/ [1i p51 0c]
בבלי 47 תל אביב,0,2,2,0.5,,,https://nad-lan.co.il/catalog/ [1i p94 0c] || https://nad-lan.co.il/projects/ [1i p46 0c]
בדיקת גודל דירה בטאבו,0,2,2,0.5,,,https://nad-lan.co.il/glossary/land-registry-extract/ [1i p81 0c] || https://nad-lan.co.il/tabu-extract-check/ [1i p44 0c]
בדיקת נסח טאבו לפי תעודת זהות,0,2,2,0.5,,,https://nad-lan.co.il/glossary/land-registry-extract/ [1i p38 0c] || https://nad-lan.co.il/tabu-extract-check/ [1i p37 0c]
בורלא 15 תל אביב,0,2,2,0.5,,,https://nad-lan.co.il/ [1i p86 0c] || https://nad-lan.co.il/projects/ [1i p40 0c]
בטון ב 400,0,2,2,0.5,,,https://nad-lan.co.il/glossary/בטון-ב-30/ [1i p22 0c] || https://nad-lan.co.il/glossary/בטון-ב-40/ [1i p49 0c]
ביובית בצור הדסה,0,2,2,0.5,,,https://nad-lan.co.il/glossary/מפקח-בנייה/ [1i p32 0c] || https://nad-lan.co.il/glossary/מקדח-יהלום/ [1i p31 0c]
בילד נדלן,0,2,2,0.5,,,https://nad-lan.co.il/ [1i p63 0c] || https://nad-lan.co.il/projects/ [1i p19 0c]
בילטמור 11,0,2,2,0.5,,,https://nad-lan.co.il/ [1i p70 0c] || https://nad-lan.co.il/projects/ [1i p46 0c]
בילטמור 12 תל אביב,0,2,2,0.5,,,https://nad-lan.co.il/ [1i p85 0c] || https://nad-lan.co.il/projects/ [1i p52 0c]
בירור נסח טאבו,0,2,2,0.5,,,https://nad-lan.co.il/glossary/land-registry-extract/ [1i p55 0c] || https://nad-lan.co.il/tabu-extract-check/ [1i p24 0c]
בכמה להשכיר את הדירה שלי,0,2,2,0.5,,,https://nad-lan.co.il/buy-or-rent/ [1i p75 0c] || https://nad-lan.co.il/property-value-estimator/ [1i p28 0c]
בכמה נמכר נכס,0,2,2,0.5,,,https://nad-lan.co.il/investment/ [1i p62 0c] || https://nad-lan.co.il/selling-apartment/ [1i p39 0c]
בכמה נמכרה הדירה של השכן,0,2,2,0.5,,,https://nad-lan.co.il/property-value-estimator/ [1i p41 0c] || https://nad-lan.co.il/selling-apartment/ [1i p42 0c]
בן גוריון 39 כפר סבא,0,2,2,0.5,,,https://nad-lan.co.il/projects/ [1i p81 0c] || https://nad-lan.co.il/projects/בן-גוריון-5/ [1i p54 0c]
בן גוריון 77,0,2,2,0.5,,,https://nad-lan.co.il/projects/בן-גוריון-5/ [1i p52 0c] || https://nad-lan.co.il/ru/ [1i p94 0c]
בניה חדשה בצור יצחק,0,2,2,0.5,,,https://nad-lan.co.il/projects/ [1i p58 0c] || https://nad-lan.co.il/projects/צביה-ויצחק/ [1i p81 0c]
בניה חדשה בקרית מלאכי,0,2,2,0.5,,,https://nad-lan.co.il/city/קרית-מלאכי/ [1i p82 0c] || https://nad-lan.co.il/city/קרית-מלאכי/projects/ [1i p23 0c]
בניה חדשה בקרית שמונה,0,2,2,0.5,,,https://nad-lan.co.il/city/קרית-שמונה/ [1i p92 0c] || https://nad-lan.co.il/city/קרית-שמונה/projects/ [1i p39 0c]
בניה חדשה ברמלה,0,2,2,0.5,,,https://nad-lan.co.il/city/רמלה/ [1i p30 0c] || https://nad-lan.co.il/projects/ [1i p54 0c]
בנייה חדשה בבאר שבע,0,2,2,0.5,,,https://nad-lan.co.il/city/באר-שבע/projects/ [1i p43 0c] || https://nad-lan.co.il/projects/?city=באר שבע [1i p89 0c]
בניין we,0,2,2,0.5,,,https://nad-lan.co.il/ [1i p88 0c] || https://nad-lan.co.il/projects/ [1i p66 0c]
בניין דירות,0,2,2,0.5,,,https://nad-lan.co.il/projects/ [1i p40 0c] || https://nad-lan.co.il/site-map/ [1i p71 0c]
בצלאל 28,0,2,2,0.5,,,https://nad-lan.co.il/ [1i p93 0c] || https://nad-lan.co.il/projects/ [1i p53 0c]
בצלאל 4,0,2,2,0.5,,,https://nad-lan.co.il/projects/ [1i p58 0c] || https://nad-lan.co.il/projects/?city=באר שבע [1i p95 0c]
ברודצקי צפון,0,2,2,0.5,,,https://nad-lan.co.il/city/חיפה/projects/ [1i p85 0c] || https://nad-lan.co.il/projects/ [1i p56 0c]
גב ים מגורים,0,2,2,0.5,,,https://nad-lan.co.il/catalog/ [1i p53 0c] || https://nad-lan.co.il/projects/ [1i p49 0c]
גבס,0,2,2,0.5,,,https://nad-lan.co.il/glossary/טיח-גבס/ [1i p52 0c] || https://nad-lan.co.il/glossary/לוח-גבס-אדום/ [1i p45 0c]
גימל החדשה,0,2,2,0.5,,,https://nad-lan.co.il/ [1i p73 0c] || https://nad-lan.co.il/projects/ [1i p48 0c]
דאמל נדלן,0,2,2,0.5,,,https://nad-lan.co.il/ [1i p32 0c] || https://nad-lan.co.il/projects/המלך-שלמה/ [1i p77 0c]
דבורה הנביאה 4,0,2,2,0.5,,,https://nad-lan.co.il/projects/ [1i p74 0c] || https://nad-lan.co.il/projects/דבורה-הנביאה/ [1i p22 0c]
דואט רמת אפעל,0,2,2,0.5,,,https://nad-lan.co.il/premium/ [1i p89 0c] || https://nad-lan.co.il/projects/ [1i p68 0c]
דונה אשקלון,0,2,2,0.5,,,https://nad-lan.co.il/ [1i p48 0c] || https://nad-lan.co.il/premium/ [1i p58 0c]
דונה בעפולה,0,2,2,0.5,,,https://nad-lan.co.il/ [1i p67 0c] || https://nad-lan.co.il/projects/ [1i p45 0c]
דונה בפסגה,0,2,2,0.5,,,https://nad-lan.co.il/catalog/ [1i p56 0c] || https://nad-lan.co.il/projects/ [1i p41 0c]
דונה קראון,0,2,2,0.5,,,https://nad-lan.co.il/ [1i p47 0c] || https://nad-lan.co.il/catalog/ [1i p65 0c]
דירה בשדה דב,0,2,2,0.5,,,https://nad-lan.co.il/sde-dov/ [1i p39 0c] || https://nad-lan.co.il/sde-dov/merkaz/ [1i p32 0c]
דירה חדשה בבאר שבע מחיר,0,2,2,0.5,,,https://nad-lan.co.il/city/באר-שבע/projects/ [1i p57 0c] || https://nad-lan.co.il/projects/?city=באר שבע [1i p35 0c]
דירות חדשות באשקלון מקבלן,0,2,2,0.5,,,https://nad-lan.co.il/city/אשקלון/ [1i p76 0c] || https://nad-lan.co.il/city/אשקלון/projects/ [1i p37 0c]
דירות חדשות מגדל העמק,0,2,2,0.5,,,https://nad-lan.co.il/city/מגדל-העמק/ [1i p66 0c] || https://nad-lan.co.il/city/מגדל-העמק/projects/ [1i p46 0c]
דירות חדשות מקבלן בהוד השרון,0,2,2,0.5,,,https://nad-lan.co.il/city/הוד-השרון/ [1i p68 0c] || https://nad-lan.co.il/city/הוד-השרון/projects/ [1i p48 0c]
דירות למכירה מפה,0,2,2,0.5,,,https://nad-lan.co.il/ [1i p26 0c] || https://nad-lan.co.il/site-map/ [1i p41 0c]
דירות למכירה על הנייר,0,2,2,0.5,,,https://nad-lan.co.il/ [1i p45 0c] || https://nad-lan.co.il/projects/ [1i p67 0c]
דירות מיקרו ליבינג,0,2,2,0.5,,,https://nad-lan.co.il/ [1i p85 0c] || https://nad-lan.co.il/projects/ [1i p59 0c]
דירות מקבלן ברמת גן,0,2,2,0.5,10,7.79,https://nad-lan.co.il/city/רמת גן/projects/ [1i p39 0c] || https://nad-lan.co.il/city/רמת-גן/ [1i p71 0c]
דירות מקבלן הרצליה,0,2,2,0.5,,,https://nad-lan.co.il/city/הרצליה/ [1i p76 0c] || https://nad-lan.co.il/city/הרצליה/projects/ [1i p50 0c]
דירות על הנייר למכירה,0,2,2,0.5,,,https://nad-lan.co.il/ [1i p70 0c] || https://nad-lan.co.il/projects/ [1i p42 0c]
דירות שדה דב,0,2,2,0.5,,,https://nad-lan.co.il/sde-dov/ [1i p53 0c] || https://nad-lan.co.il/sde-dov/prices/ [1i p17 0c]
דירות תמ א 38 למכירה,0,2,2,0.5,,,https://nad-lan.co.il/glossary/tama-38-term/ [1i p37 0c] || https://nad-lan.co.il/projects/?project_type=tama38 [1i p66 0c]
דמרי פתח תקווה,0,2,2,0.5,,,https://nad-lan.co.il/ [1i p79 0c] || https://nad-lan.co.il/projects/ [1i p43 0c]
דרך השלום 87,0,2,2,0.5,,,https://nad-lan.co.il/projects/ [1i p80 0c] || https://nad-lan.co.il/projects/דרך-השלום-8789/ [1i p25 0c]
האמוראים 11 תל אביב,0,2,2,0.5,,,https://nad-lan.co.il/projects/ [1i p48 0c] || https://nad-lan.co.il/site-map/ [1i p84 0c]
הגדוד העברי 53 תל אביב,0,2,2,0.5,,,https://nad-lan.co.il/ [1i p76 0c] || https://nad-lan.co.il/projects/ [1i p30 0c]
הגדוד העברי 57,0,2,2,0.5,,,https://nad-lan.co.il/ [1i p36 0c] || https://nad-lan.co.il/projects/ [1i p75 0c]
הגדוד העברי 9 ראשון לציון,0,2,2,0.5,,,https://nad-lan.co.il/city/ראשון לציון/projects/ [1i p30 0c] || https://nad-lan.co.il/projects/ [1i p70 0c]
הגדוד העברי בת ים,0,2,2,0.5,,,https://nad-lan.co.il/catalog/ [1i p70 0c] || https://nad-lan.co.il/projects/?city=בת ים [1i p54 0c]
הזיתים 27 רמת גן,0,2,2,0.5,,,https://nad-lan.co.il/ [1i p42 0c] || https://nad-lan.co.il/catalog/ [1i p73 0c]
הכל,0,2,2,0.5,,,https://nad-lan.co.il/projects/dimri-yama-sde-dov/ [1i p14 0c] || https://nad-lan.co.il/sde-dov/merkaz/ [1i p2 0c]
הלילך 7 יבנה,0,2,2,0.5,,,https://nad-lan.co.il/projects/ [1i p66 0c] || https://nad-lan.co.il/ru/ [1i p87 0c]
המעפילים 4 כפר סבא,0,2,2,0.5,,,https://nad-lan.co.il/catalog/ [1i p61 0c] || https://nad-lan.co.il/projects/ [1i p44 0c]
המשתלה ירושלים,0,2,2,0.5,,,https://nad-lan.co.il/projects/ [1i p51 0c] || https://nad-lan.co.il/ru/ [1i p89 0c]
הנביאים 15,0,2,2,0.5,,,https://nad-lan.co.il/ [1i p91 0c] || https://nad-lan.co.il/projects/הנביאים/ [1i p21 0c]
הסבוראים 7 תל אביב,0,2,2,0.5,,,https://nad-lan.co.il/ [1i p73 0c] || https://nad-lan.co.il/projects/ [1i p38 0c]
הסטוריית עסקאות נדלן,0,2,2,0.5,,,https://nad-lan.co.il/apartment-deal-check/ [1i p56 0c] || https://nad-lan.co.il/investment/ [1i p28 0c]
הסכם קומבינציה במקרקעין,0,2,2,0.5,,,https://nad-lan.co.il/glossary/kombinatzia/ [1i p52 0c] || https://nad-lan.co.il/real-estate-lawyer/combination-deal/ [1i p64 0c]
העצמון 25 חולון,0,2,2,0.5,,,https://nad-lan.co.il/catalog/ [1i p63 0c] || https://nad-lan.co.il/projects/ [1i p46 0c]
הצוערים פתח תקווה,0,2,2,0.5,,,https://nad-lan.co.il/catalog/ [1i p58 0c] || https://nad-lan.co.il/projects/ [1i p36 0c]
הצנחנים 8,0,2,2,0.5,,,https://nad-lan.co.il/projects/ [1i p73 0c] || https://nad-lan.co.il/projects/הצנחנים/ [1i p34 0c]
הצעת מחיר לדירה,0,2,2,0.5,,,https://nad-lan.co.il/apartment-purchase-cost-calculator/ [1i p89 0c] || https://nad-lan.co.il/property-value-estimator/ [1i p13 0c]
הקוצר 6 רמת השרון,0,2,2,0.5,,,https://nad-lan.co.il/catalog/ [1i p65 0c] || https://nad-lan.co.il/projects/ [1i p61 0c]
הראה 194 רמת גן,0,2,2,0.5,,,https://nad-lan.co.il/catalog/ [1i p55 0c] || https://nad-lan.co.il/projects/ [1i p30 0c]
הראה 277 רמת גן,0,2,2,0.5,,,https://nad-lan.co.il/projects/ [1i p49 0c] || https://nad-lan.co.il/ru/ [1i p98 0c]
הראה 279 רמת גן,0,2,2,0.5,,,https://nad-lan.co.il/catalog/ [1i p71 0c] || https://nad-lan.co.il/projects/ [1i p52 0c]
הראשונים 15 רמת גן,0,2,2,0.5,,,https://nad-lan.co.il/ [1i p60 0c] || https://nad-lan.co.il/catalog/ [1i p62 0c]
הראשונים 4 בת ים,0,2,2,0.5,,,https://nad-lan.co.il/catalog/ [1i p75 0c] || https://nad-lan.co.il/projects/?city=בת ים [1i p55 0c]
הרמה רמת הגולן מחירים,0,2,2,0.5,,,https://nad-lan.co.il/ [1i p34 0c] || https://nad-lan.co.il/catalog/ [1i p51 0c]
השדרה אשקלון,0,2,2,0.5,,,https://nad-lan.co.il/city/אשקלון/ [1i p72 0c] || https://nad-lan.co.il/city/אשקלון/projects/ [1i p25 0c]
התחדשות עירונית במרכז הארץ,0,2,2,0.5,,,https://nad-lan.co.il/projects/ [1i p98 0c] || https://nad-lan.co.il/urban-renewal/map/ [1i p51 0c]
וילה נדלר,0,2,2,0.5,,,https://nad-lan.co.il/ru/ [1i p54 0c] || https://nad-lan.co.il/tours/ [1i p65 0c]
ויתניה לנדא,0,2,2,0.5,,,https://nad-lan.co.il/ [1i p94 0c] || https://nad-lan.co.il/projects/ [1i p61 0c]
זבוטינסקי 105,0,2,2,0.5,,,https://nad-lan.co.il/ [1i p93 0c] || https://nad-lan.co.il/projects/ [1i p53 0c]
זירת הנדלן,0,2,2,0.5,,,https://nad-lan.co.il/ [1i p76 0c] || https://nad-lan.co.il/projects/ [1i p32 0c]
זיתוני רובע קדם,0,2,2,0.5,,,https://nad-lan.co.il/ [1i p69 0c] || https://nad-lan.co.il/projects/ [1i p53 0c]
חוף שדה דב,0,2,2,0.5,,,https://nad-lan.co.il/sde-dov/ [1i p11 0c] || https://nad-lan.co.il/sde-dov/parks/ [1i p41 0c]
חיפוש בית,0,2,2,0.5,,,https://nad-lan.co.il/ [1i p50 0c] || https://nad-lan.co.il/properties/ [1i p76 0c]
חיפוש דירות לפי מפה,0,2,2,0.5,,,https://nad-lan.co.il/ [1i p34 0c] || https://nad-lan.co.il/site-map/ [1i p62 0c]
חפש פרויקטים חדשים בתל אביב,0,2,2,0.5,,,https://nad-lan.co.il/projects/ [1i p32 0c] || https://nad-lan.co.il/projects/?city=תל אביב-יפו [1i p59 0c]
טופ בורוכוב,0,2,2,0.5,,,https://nad-lan.co.il/city/ירושלים/projects/ [1i p76 0c] || https://nad-lan.co.il/projects/בורוכוב/ [1i p22 0c]
טופ דאון,0,2,2,0.5,,,https://nad-lan.co.il/construction-engineering-guide/ [1i p60 0c] || https://nad-lan.co.il/glossary/ [1i p80 0c]
טופ לבל,0,2,2,0.5,,,https://nad-lan.co.il/premium/ [1i p51 0c] || https://nad-lan.co.il/projects/rainbow-tel-aviv-en/ [1i p67 0c]
טשרניחובסקי 24,0,2,2,0.5,,,https://nad-lan.co.il/projects/ [1i p44 0c] || https://nad-lan.co.il/projects/טשרניחובסקי/ [1i p71 0c]
טשרניחובסקי 7,0,2,2,0.5,,,https://nad-lan.co.il/projects/טשרניחובסקי/ [1i p58 0c] || https://nad-lan.co.il/projects/?city=נתניה [1i p93 0c]
יהודה עמיחי 16 תל אביב,0,2,2,0.5,,,https://nad-lan.co.il/ [1i p68 0c] || https://nad-lan.co.il/projects/ [1i p49 0c]
יואב 30 רמת גן,0,2,2,0.5,,,https://nad-lan.co.il/city/רמת גן/contractors/ [1i p58 0c] || https://nad-lan.co.il/city/רמת-גן/projects/ [1i p26 0c]
יחד נדל ן,0,2,2,0.5,,,https://nad-lan.co.il/ [1i p55 0c] || https://nad-lan.co.il/projects/ [1i p25 0c]
יטקובסקי 30 פתח תקווה,0,2,2,0.5,,,https://nad-lan.co.il/projects/ [1i p26 0c] || https://nad-lan.co.il/ru/ [1i p54 0c]
ייזום מגורים בישראל,0,2,2,0.5,,,https://nad-lan.co.il/professionals/azorim/ [1i p66 0c] || https://nad-lan.co.il/projects/ [1i p43 0c]
יסוד המעלה 37,0,2,2,0.5,,,https://nad-lan.co.il/ [1i p47 0c] || https://nad-lan.co.il/projects/ [1i p98 0c]
יסוד המעלה 37 תל אביב,0,2,2,0.5,,,https://nad-lan.co.il/ [1i p86 0c] || https://nad-lan.co.il/projects/ [1i p43 0c]
יפו 182,0,2,2,0.5,,,https://nad-lan.co.il/projects/ [1i p59 0c] || https://nad-lan.co.il/projects/?city=תל אביב-יפו [1i p28 0c]
יצחק למדן 15,0,2,2,0.5,,,https://nad-lan.co.il/premium/ [1i p73 0c] || https://nad-lan.co.il/site-map/ [1i p75 0c]
כהן פליקס,0,2,2,0.5,,,https://nad-lan.co.il/catalog/ [1i p72 0c] || https://nad-lan.co.il/ru/ [1i p79 0c]
כו,0,2,2,0.5,,,https://nad-lan.co.il/apartment-purchase-cost-calculator/ [1i p2 0c] || https://nad-lan.co.il/projects/h-infinity-somail-tel-aviv/ [1i p3 0c]
כמה זה עולה,0,2,2,0.5,,,https://nad-lan.co.il/commercial-real-estate/commercial-property-prices-petah-tikva/ [1i p7 0c] || https://nad-lan.co.il/global/miami/ [1i p1 0c]
כמה משלמים למתווך בקניית דירה,0,2,2,0.5,,,https://nad-lan.co.il/commercial-real-estate/commercial-real-estate-brokerage-fee/ [1i p51 0c] || https://nad-lan.co.il/real-estate-broker/ [1i p82 0c]
כמה עולה,0,2,2,0.5,,,https://nad-lan.co.il/projects/dimri-yama-sde-dov/ [1i p8 0c] || https://nad-lan.co.il/rishon-lezion-apartment-prices/ [1i p6 0c]
כמה עולה לקנות דירה,0,2,2,0.5,,,https://nad-lan.co.il/buying-apartment/ [1i p76 0c] || https://nad-lan.co.il/tel-aviv-apartment-prices/ [1i p20 0c]
כמה עולה שם בית,0,2,2,0.5,,,https://nad-lan.co.il/investment/modiin-investment-apartment/ [1i p5 0c] || https://nad-lan.co.il/neve-tzedek-apartment-prices/ [1i p5 0c]
כמה עולה שם דירה,0,2,2,0.5,,,https://nad-lan.co.il/neve-tzedek-apartment-prices/ [1i p4 0c] || https://nad-lan.co.il/sde-dov/prices/ [1i p12 0c]
כמה שווה הדירה שלי מחשבון,0,2,2,0.5,,,https://nad-lan.co.il/buy-or-rent/ [1i p71 0c] || https://nad-lan.co.il/property-value-estimator/ [1i p23 0c]
לוזון רונסון שדה דב,0,2,2,0.5,,,https://nad-lan.co.il/projects/שלם-ב/ [1i p77 0c] || https://nad-lan.co.il/sde-dov/ [1i p42 0c]
לוח מכירת דירות,0,2,2,0.5,,,https://nad-lan.co.il/properties/ [1i p32 0c] || https://nad-lan.co.il/selling-apartment/ [1i p51 0c]
לוח נדלן להשכרה,0,2,2,0.5,,,https://nad-lan.co.il/properties/ [1i p40 0c] || https://nad-lan.co.il/site-map/ [1i p61 0c]
לוחות הזמנים,0,2,2,0.5,,,https://nad-lan.co.il/projects/אפלטון-אייזיק-חריף/ [1i p3 0c] || https://nad-lan.co.il/projects/?city=באר שבע [1i p4 0c]
לוינשטיין שדה דב,0,2,2,0.5,,,https://nad-lan.co.il/ [1i p77 0c] || https://nad-lan.co.il/sde-dov/ [1i p28 0c]
לוריא מורדות ארנונה,0,2,2,0.5,,,https://nad-lan.co.il/ [1i p90 0c] || https://nad-lan.co.il/projects/ [1i p67 0c]
ליליאן 10 תל אביב,0,2,2,0.5,,,https://nad-lan.co.il/ [1i p80 0c] || https://nad-lan.co.il/projects/ [1i p41 0c]
ליליאן 8,0,2,2,0.5,,,https://nad-lan.co.il/projects/ [1i p36 0c] || https://nad-lan.co.il/ru/ [1i p78 0c]
למדן 15 באר שבע,0,2,2,0.5,,,https://nad-lan.co.il/ [1i p55 0c] || https://nad-lan.co.il/premium/ [1i p64 0c]
לנד פור יו,0,2,2,0.5,,,https://nad-lan.co.il/ [1i p53 0c] || https://nad-lan.co.il/projects/בלפור/ [1i p85 0c]
לקנות בית בישראל,0,2,2,0.5,,,https://nad-lan.co.il/buying-apartment/ [1i p46 0c] || https://nad-lan.co.il/investment/ [1i p78 0c]
מאגרי נדל ן,0,2,2,0.5,,,https://nad-lan.co.il/ [1i p83 0c] || https://nad-lan.co.il/site-map/ [1i p66 0c]
"מאגרי נדל""ן",0,2,2,0.5,,,https://nad-lan.co.il/ [1i p57 0c] || https://nad-lan.co.il/site-map/ [1i p84 0c]
מבצעי נדלן,0,2,2,0.5,,,https://nad-lan.co.il/ [1i p55 0c] || https://nad-lan.co.il/projects/ [1i p36 0c]
מגדל nam,0,2,2,0.5,,,https://nad-lan.co.il/ [1i p71 0c] || https://nad-lan.co.il/site-map/ [1i p87 0c]
מגדל בראשית בבלי מחירים,0,2,2,0.5,,,https://nad-lan.co.il/ [1i p44 0c] || https://nad-lan.co.il/premium/ [1i p60 0c]
מגדל דנקנר,0,2,2,0.5,,,https://nad-lan.co.il/ [1i p74 0c] || https://nad-lan.co.il/premium/ [1i p97 0c]
מגדל הטייסים,0,2,2,0.5,,,https://nad-lan.co.il/projects/הטייסים-6810/ [1i p53 0c] || https://nad-lan.co.il/projects/הטייסים-92/ [1i p54 0c]
מגדל ליבר נווה צדק,0,2,2,0.5,,,https://nad-lan.co.il/ [1i p87 0c] || https://nad-lan.co.il/projects/ [1i p61 0c]
מגדל מטרו,0,2,2,0.5,,,https://nad-lan.co.il/ [1i p82 0c] || https://nad-lan.co.il/projects/ [1i p46 0c]
מגדל שמואל,0,2,2,0.5,,,https://nad-lan.co.il/city/גבעת-שמואל/ [1i p75 0c] || https://nad-lan.co.il/city/גבעת-שמואל/projects/ [1i p45 0c]
מגדלי u,0,2,2,0.5,,,https://nad-lan.co.il/projects/ [1i p32 0c] || https://nad-lan.co.il/projects/yoo-tel-aviv/ [1i p30 0c]
מגדלי y,0,2,2,0.5,,,https://nad-lan.co.il/projects/ [1i p65 0c] || https://nad-lan.co.il/projects/yoo-tel-aviv/ [1i p33 0c]
מגדלי בלו באר שבע,0,2,2,0.5,,,https://nad-lan.co.il/city/באר-שבע/projects/ [1i p45 0c] || https://nad-lan.co.il/projects/?city=באר שבע [1i p63 0c]
מגדלי הוד והדר נהריה,0,2,2,0.5,,,https://nad-lan.co.il/ [1i p64 0c] || https://nad-lan.co.il/catalog/ [1i p85 0c]
מגדלי היקב בראשון לציון,0,2,2,0.5,,,https://nad-lan.co.il/catalog/ [1i p78 0c] || https://nad-lan.co.il/city/ראשון-לציון/projects/ [1i p67 0c]
מגדלי לאון,0,2,2,0.5,,,https://nad-lan.co.il/ [1i p100 0c] || https://nad-lan.co.il/projects/ [1i p45 0c]
מגדלי מיטל,0,2,2,0.5,,,https://nad-lan.co.il/catalog/ [1i p95 0c] || https://nad-lan.co.il/projects/ [1i p41 0c]
מגדלי סוקולוב באר שבע,0,2,2,0.5,,,https://nad-lan.co.il/ [1i p62 0c] || https://nad-lan.co.il/projects/ [1i p38 0c]
מגדלי רמת גן,0,2,2,0.5,,,https://nad-lan.co.il/city/רמת גן/projects/ [1i p55 0c] || https://nad-lan.co.il/city/רמת-גן/projects/ [1i p85 0c]
מגדלים בבניה בתל אביב,0,2,2,0.5,,,https://nad-lan.co.il/projects/ [1i p96 0c] || https://nad-lan.co.il/projects/hamedina/ [1i p38 0c]
מגדלים בירושלים,0,2,2,0.5,,,https://nad-lan.co.il/city/ירושלים/ [1i p84 0c] || https://nad-lan.co.il/projects/המחתרות/ [1i p92 0c]
מגורים,0,2,2,0.5,,,https://nad-lan.co.il/projects/duo-tel-aviv/ [1i p2 0c] || https://nad-lan.co.il/properties/ [1i p79 0c]
מדרגות מס רכישה דירה יחידה 2024,0,2,2,0.5,,,https://nad-lan.co.il/purchase-tax-calculator/ [1i p84 0c] || https://nad-lan.co.il/real-estate-tax-advisor/purchase-tax-first-home/ [1i p63 0c]
מדריך פינוי בינוי,0,2,2,0.5,,,https://nad-lan.co.il/urban-renewal/ [1i p24 0c] || https://nad-lan.co.il/urban-renewal/pinui-binui/ [1i p63 0c]
מה הכי זול,0,2,2,0.5,,,https://nad-lan.co.il/jerusalem-apartment-prices/ [1i p10 0c] || https://nad-lan.co.il/sde-dov/prices/ [1i p2 0c]
מה הכתובת,0,2,2,0.5,,,https://nad-lan.co.il/projects/rainbow-tel-aviv/ [1i p4 0c] || https://nad-lan.co.il/projects/six-8-herbert-samuel-tel-aviv/ [1i p2 0c]
מה המחיר למטר,0,2,2,0.5,,,https://nad-lan.co.il/projects/duo-tel-aviv/ [1i p6 0c] || https://nad-lan.co.il/sde-dov/prices/ [1i p3 0c]
מה המחירים שם,0,2,2,0.5,,,https://nad-lan.co.il/herzliya-pituach-apartment-prices/ [1i p3 0c] || https://nad-lan.co.il/projects/duo-tel-aviv/ [1i p3 0c]
מה המחירים?,0,2,2,0.5,,,https://nad-lan.co.il/sde-dov/ [1i p2 0c] || https://nad-lan.co.il/sde-dov/prices/ [1i p5 0c]
מה זה תיק מידע להיתר,0,2,2,0.5,,,https://nad-lan.co.il/glossary/מידע-להיתר/ [1i p44 0c] || https://nad-lan.co.il/property-value/building-rights-check/ [1i p83 0c]
מה ראשי התיבות של נדלן,0,2,2,0.5,,,https://nad-lan.co.il/glossary/ [1i p49 0c] || https://nad-lan.co.il/investment/ [1i p82 0c]
מה+חשוב+לבדוק+לפני+הסכם+מכר,0,2,2,0.5,,,https://nad-lan.co.il/apartment-sale-contract/ [1i p38 0c] || https://nad-lan.co.il/real-estate-lawyer/apartment-sale-contract/ [1i p99 0c]
מודיליאני 4 תל אביב,0,2,2,0.5,,,https://nad-lan.co.il/projects/ [1i p68 0c] || https://nad-lan.co.il/projects/?city=תל אביב-יפו [1i p43 0c]
מוזיר 14 תל אביב,0,2,2,0.5,,,https://nad-lan.co.il/catalog/ [1i p77 0c] || https://nad-lan.co.il/projects/ [1i p51 0c]
מוזיר 8 תל אביב,0,2,2,0.5,,,https://nad-lan.co.il/ [1i p52 0c] || https://nad-lan.co.il/catalog/ [1i p76 0c]
מונטיפיורי 11 קרית אונו,0,2,2,0.5,,,https://nad-lan.co.il/city/קרית אונו/projects/ [1i p53 0c] || https://nad-lan.co.il/city/קרית-אונו/projects/ [1i p25 0c]
מחיר למטר,0,2,2,0.5,,,https://nad-lan.co.il/commercial-real-estate/ramat-gan-office-prices/ [1i p12 0c] || https://nad-lan.co.il/projects/duo-tel-aviv/ [1i p5 0c]
מחיר נדלן,0,2,2,0.5,,,https://nad-lan.co.il/ [1i p42 0c] || https://nad-lan.co.il/herzliya-apartment-prices/ [1i p4 0c]
מחירון שכירות,0,2,2,0.5,,,https://nad-lan.co.il/buy-or-rent/ [1i p73 0c] || https://nad-lan.co.il/property-value-estimator/ [1i p19 0c]
מחירי דירות חדשות בבאר שבע,0,2,2,0.5,,,https://nad-lan.co.il/city/באר-שבע/projects/ [1i p50 0c] || https://nad-lan.co.il/projects/?city=באר שבע [1i p34 0c]
מחמוד סואעד,0,2,2,0.5,,,https://nad-lan.co.il/professionals/סואעד-מחמוד/ [1i p14 0c] || https://nad-lan.co.il/professionals/סואעד-שריף/ [1i p52 0c]
מחשבון השכרת דירה,0,2,2,0.5,,,https://nad-lan.co.il/buy-or-rent/ [1i p72 0c] || https://nad-lan.co.il/property-value-estimator/ [1i p68 0c]
מטלון 75 תל אביב,0,2,2,0.5,,,https://nad-lan.co.il/projects/ [1i p56 0c] || https://nad-lan.co.il/projects/?city=תל אביב-יפו [1i p28 0c]
מטלון 80,0,2,2,0.5,,,https://nad-lan.co.il/ [1i p64 0c] || https://nad-lan.co.il/projects/ [1i p38 0c]
מידע נדלן ממשלתי,0,2,2,0.5,,,https://nad-lan.co.il/ [1i p46 0c] || https://nad-lan.co.il/buying-apartment/ [1i p67 0c]
מירב שמעוני,0,2,2,0.5,,,https://nad-lan.co.il/catalog/ [1i p70 0c] || https://nad-lan.co.il/professionals/ [1i p53 0c]
מכירת בתים,0,2,2,0.5,,,https://nad-lan.co.il/properties/ [1i p52 0c] || https://nad-lan.co.il/selling-apartment/ [1i p3 0c]
מלאכי 10 תל אביב,0,2,2,0.5,,,https://nad-lan.co.il/ [1i p74 0c] || https://nad-lan.co.il/projects/ [1i p43 0c]
מסילת העולים 3,0,2,2,0.5,,,https://nad-lan.co.il/ [1i p69 0c] || https://nad-lan.co.il/projects/ [1i p44 0c]
מסיקה קבלן,0,2,2,0.5,,,https://nad-lan.co.il/catalog/ [1i p55 0c] || https://nad-lan.co.il/professionals/ [1i p55 0c]
מצפה רינה,0,2,2,0.5,,,https://nad-lan.co.il/ [1i p87 0c] || https://nad-lan.co.il/projects/ [1i p58 0c]
מצפה רנה מחיר,0,2,2,0.5,,,https://nad-lan.co.il/premium/ [1i p42 0c] || https://nad-lan.co.il/properties/ [1i p35 0c]
מרבד הקסמים 4 חולון,0,2,2,0.5,,,https://nad-lan.co.il/ [1i p66 0c] || https://nad-lan.co.il/catalog/ [1i p78 0c]
מרכז שפירא פרויקטים,0,2,2,0.5,,,https://nad-lan.co.il/projects/ [1i p37 0c] || https://nad-lan.co.il/projects/שפירא/ [1i p60 0c]
מתחם הנזירות יפו,0,2,2,0.5,,,https://nad-lan.co.il/city/תל אביב יפו/projects/ [1i p77 0c] || https://nad-lan.co.il/projects/?city=תל אביב-יפו [1i p38 0c]
מתחם ירחינאי,0,2,2,0.5,,,https://nad-lan.co.il/projects/ [1i p33 0c] || https://nad-lan.co.il/projects/?city=תל אביב-יפו [1i p70 0c]
מתחם לפיד,0,2,2,0.5,,,https://nad-lan.co.il/city/תל אביב יפו/projects/ [1i p78 0c] || https://nad-lan.co.il/projects/?city=תל אביב-יפו [1i p46 0c]
נגבה 34 תל אביב,0,2,2,0.5,,,https://nad-lan.co.il/ [1i p56 0c] || https://nad-lan.co.il/catalog/ [1i p71 0c]
נדב בריח,0,2,2,0.5,,,https://nad-lan.co.il/ [1i p56 0c] || https://nad-lan.co.il/professionals/ [1i p86 0c]
נדלו,0,2,2,0.5,,,https://nad-lan.co.il/projects/שלו/ [1i p64 0c] || https://nad-lan.co.il/ru/ [1i p94 0c]
נדלן 4 יו,0,2,2,0.5,,,https://nad-lan.co.il/fr/ [1i p74 0c] || https://nad-lan.co.il/ru/ [1i p52 0c]
נדלן אתר ממשלתי,0,2,2,0.5,,,https://nad-lan.co.il/ [1i p27 0c] || https://nad-lan.co.il/buying-apartment/ [1i p54 0c]
נדלן בשרון,0,2,2,0.5,,,https://nad-lan.co.il/ [1i p46 0c] || https://nad-lan.co.il/properties/ [1i p65 0c]
נדלן גרופ,0,2,2,0.5,,,https://nad-lan.co.il/ [1i p55 0c] || https://nad-lan.co.il/ru/ [1i p80 0c]
נדלן חדש,0,2,2,0.5,,,https://nad-lan.co.il/projects/ [1i p18 0c] || https://nad-lan.co.il/site-map/ [1i p98 0c]
נדלן חדשות,0,2,2,0.5,,,https://nad-lan.co.il/ [1i p97 0c] || https://nad-lan.co.il/category/nadlan-news/ [1i p15 0c]
נדלן יזמי,0,2,2,0.5,,,https://nad-lan.co.il/investment/ [1i p79 0c] || https://nad-lan.co.il/site-map/ [1i p83 0c]
נדלן לוגו,0,2,2,0.5,,,https://nad-lan.co.il/advertise/ [1i p33 0c] || https://nad-lan.co.il/developers/ [1i p70 0c]
נדלן מחירי דירות,0,2,2,0.5,,,https://nad-lan.co.il/buying-apartment/ [1i p79 0c] || https://nad-lan.co.il/properties/ [1i p64 0c]
נדלן מחירים,0,2,2,0.5,,,https://nad-lan.co.il/ [1i p42 0c] || https://nad-lan.co.il/properties/ [1i p80 0c]
נדלן מכירה,0,2,2,0.5,,,https://nad-lan.co.il/ [1i p57 0c] || https://nad-lan.co.il/properties/ [1i p34 0c]
נופי אילן מחיר,0,2,2,0.5,,,https://nad-lan.co.il/ [1i p44 0c] || https://nad-lan.co.il/properties/ [1i p54 0c]
נופי השפלה,0,2,2,0.5,,,https://nad-lan.co.il/catalog/ [1i p83 0c] || https://nad-lan.co.il/projects/ [1i p37 0c]
נופי מכמש,0,2,2,0.5,,,https://nad-lan.co.il/ [1i p77 0c] || https://nad-lan.co.il/projects/ [1i p48 0c]
נופי קדמא עץ אפרים,0,2,2,0.5,,,https://nad-lan.co.il/catalog/ [1i p71 0c] || https://nad-lan.co.il/premium/ [1i p72 0c]
נחלת בנימין 83,0,2,2,0.5,,,https://nad-lan.co.il/projects/ [1i p51 0c] || https://nad-lan.co.il/ru/ [1i p97 0c]
נחלת יהודה פרויקטים חדשים,0,2,2,0.5,,,https://nad-lan.co.il/projects/ [1i p92 0c] || https://nad-lan.co.il/projects/נחלת-יהודה-ב/ [1i p53 0c]
"ניהול נדל""ן",0,2,2,0.5,,,https://nad-lan.co.il/investment/ [1i p88 0c] || https://nad-lan.co.il/property-management/ [1i p20 0c]
ניסים אליהו נדלן,0,2,2,0.5,,,https://nad-lan.co.il/ [1i p32 0c] || https://nad-lan.co.il/catalog/ [1i p65 0c]
ניצן מקובר,0,2,2,0.5,,,https://nad-lan.co.il/catalog/ [1i p59 0c] || https://nad-lan.co.il/professionals/ [1i p61 0c]
נסח טאבו דירה,0,2,2,0.5,,,https://nad-lan.co.il/glossary/land-registry-extract/ [1i p69 0c] || https://nad-lan.co.il/tabu-extract-check/ [1i p48 0c]
נסים אליהו ובניו,0,2,2,0.5,,,https://nad-lan.co.il/ [1i p49 0c] || https://nad-lan.co.il/catalog/ [1i p61 0c]
נספחי הצללות,0,2,2,0.5,,,https://nad-lan.co.il/projects/gindi-vogue-sde-dov/ [1i p22 0c] || https://nad-lan.co.il/projects/recanati-residence/ [1i p82 0c]
נתניה,0,2,2,0.5,,,https://nad-lan.co.il/commercial-real-estate/shop-prices-netanya/ [1i p6 0c] || https://nad-lan.co.il/netanya-apartment-prices/ [1i p3 0c]
סביוני מורדות ארנונה,0,2,2,0.5,,,https://nad-lan.co.il/ [1i p67 0c] || https://nad-lan.co.il/catalog/ [1i p75 0c]
סביוני קטמון,0,2,2,0.5,,,http://nad-lan.co.il/professionals/africa-israel-residential/ [1i p63 0c] || https://nad-lan.co.il/projects/ [1i p57 0c]
סוגי נסח טאבו,0,2,2,0.5,,,https://nad-lan.co.il/glossary/land-registry-extract/ [1i p76 0c] || https://nad-lan.co.il/tabu-extract-check/ [1i p97 0c]
סוקולוב 11,0,2,2,0.5,,,https://nad-lan.co.il/projects/ [1i p64 0c] || https://nad-lan.co.il/projects/סוקולוב/ [1i p24 0c]
סוקולוב 26,0,2,2,0.5,,,https://nad-lan.co.il/catalog/ [1i p73 0c] || https://nad-lan.co.il/projects/ [1i p32 0c]
סוקולוב 33,0,2,2,0.5,,,https://nad-lan.co.il/ [1i p87 0c] || https://nad-lan.co.il/projects/סוקולוב/ [1i p28 0c]
סוקולוב 39,0,2,2,0.5,,,https://nad-lan.co.il/catalog/ [1i p71 0c] || https://nad-lan.co.il/projects/ [1i p37 0c]
סוקולוב 4 רמת גן,0,2,2,0.5,,,https://nad-lan.co.il/projects/ [1i p65 0c] || https://nad-lan.co.il/projects/סוקולוב-46/ [1i p11 0c]
סמטת המעלות,0,2,2,0.5,,,https://nad-lan.co.il/catalog/ [1i p55 0c] || https://nad-lan.co.il/projects/ [1i p44 0c]
סמטת לאן,0,2,2,0.5,,,https://nad-lan.co.il/catalog/ [1i p75 0c] || https://nad-lan.co.il/projects/ [1i p62 0c]
סמטת לאן תל אביב,0,2,2,0.5,,,https://nad-lan.co.il/ [1i p32 0c] || https://nad-lan.co.il/premium/ [1i p75 0c]
סמל דרום,0,2,2,0.5,,,https://nad-lan.co.il/projects/ [1i p43 0c] || https://nad-lan.co.il/projects/duo-tel-aviv/ [1i p9 0c]
עלויות נוספות בעת ברכישת דירה,0,2,2,0.5,,,https://nad-lan.co.il/apartment-purchase-cost-calculator/ [1i p79 0c] || https://nad-lan.co.il/buying-apartment/ [1i p89 0c]
עמק ברכה 28-30,0,2,2,0.5,,,https://nad-lan.co.il/catalog/ [1i p80 0c] || https://nad-lan.co.il/projects/ [1i p46 0c]
עמק דותן 12,0,2,2,0.5,,,https://nad-lan.co.il/ [1i p98 0c] || https://nad-lan.co.il/projects/ [1i p43 0c]
עץ השקד לוד,0,2,2,0.5,,,https://nad-lan.co.il/catalog/ [1i p73 0c] || https://nad-lan.co.il/ru/ [1i p83 0c]
ערך כינון מה זה,0,2,2,0.5,,,https://nad-lan.co.il/glossary/ [1i p84 0c] || https://nad-lan.co.il/investment/ [1i p80 0c]
פינוי בינוי מה זה,0,2,2,0.5,,,https://nad-lan.co.il/glossary/pinui-binui-term/ [1i p85 0c] || https://nad-lan.co.il/glossary/pinui-binui/ [1i p20 0c]
פינוי בינוי תל אביב פרויקטים,0,2,2,0.5,,,https://nad-lan.co.il/projects/ [1i p38 0c] || https://nad-lan.co.il/urban-renewal/map/ [1i p99 0c]
פרוייקטים על הנייר,0,2,2,0.5,,,https://nad-lan.co.il/projects/ [1i p28 0c] || https://nad-lan.co.il/projects/הזמיר/ [1i p72 0c]
פרויקט east,0,2,2,0.5,,,https://nad-lan.co.il/ [1i p68 0c] || https://nad-lan.co.il/projects/ [1i p49 0c]
פרויקט new רמת גן,0,2,2,0.5,,,https://nad-lan.co.il/city/רמת-גן/projects/ [1i p35 0c] || https://nad-lan.co.il/projects/ [1i p65 0c]
פרויקט the lake,0,2,2,0.5,,,https://nad-lan.co.il/catalog/ [1i p95 0c] || https://nad-lan.co.il/projects/ [1i p68 0c]
פרויקט אנדרומדה יפו,0,2,2,0.5,,,https://nad-lan.co.il/projects/ [1i p73 0c] || https://nad-lan.co.il/projects/?city=תל אביב-יפו [1i p43 0c]
פרויקט בראשית באר שבע,0,2,2,0.5,,,https://nad-lan.co.il/projects/ [1i p57 0c] || https://nad-lan.co.il/projects/?city=באר שבע [1i p65 0c]
פרויקט דרך השלום,0,2,2,0.5,,,https://nad-lan.co.il/projects/דרך-השלום-בר-מוחא/ [1i p74 0c] || https://nad-lan.co.il/projects/דרך-השלום-8789/ [1i p56 0c]
פרויקט הגפן,0,2,2,0.5,,,https://nad-lan.co.il/city/הרצליה/projects/ [1i p86 0c] || https://nad-lan.co.il/projects/ [1i p48 0c]
פרויקט המסילה ירושלים,0,2,2,0.5,,,https://nad-lan.co.il/city/ירושלים/projects/ [1i p49 0c] || https://nad-lan.co.il/projects/ [1i p86 0c]
פרויקט הראשונים תל מונד,0,2,2,0.5,,,https://nad-lan.co.il/catalog/ [1i p82 0c] || https://nad-lan.co.il/projects/ [1i p53 0c]
פרויקט השדרה אור יהודה,0,2,2,0.5,,,https://nad-lan.co.il/ [1i p75 0c] || https://nad-lan.co.il/projects/ [1i p50 0c]
פרויקט חדש בנתניה,0,2,2,0.5,,,https://nad-lan.co.il/city/נתניה/projects/ [1i p39 0c] || https://nad-lan.co.il/projects/?city=נתניה [1i p64 0c]
פרויקט טופ השדות קדימה צורן,0,2,2,0.5,,,https://nad-lan.co.il/premium/ [1i p55 0c] || https://nad-lan.co.il/projects/ [1i p42 0c]
פרויקט יבנה,0,2,2,0.5,,,https://nad-lan.co.il/city/יבנה/ [1i p58 0c] || https://nad-lan.co.il/city/יבנה/projects/ [1i p29 0c]
פרויקט ירושלים,0,2,2,0.5,,,https://nad-lan.co.il/city/ירושלים/projects/ [1i p41 0c] || https://nad-lan.co.il/projects/ [1i p52 0c]
פרויקט כרמים,0,2,2,0.5,,,https://nad-lan.co.il/premium/ [1i p83 0c] || https://nad-lan.co.il/projects/ [1i p44 0c]
פרויקט לאורה,0,2,2,0.5,,,http://nad-lan.co.il/professionals/aura-israel/ [1i p47 0c] || https://nad-lan.co.il/projects/ [1i p21 0c]
פרויקט לבנדה תל אביב,0,2,2,0.5,,,https://nad-lan.co.il/city/תל אביב יפו/projects/ [1i p76 0c] || https://nad-lan.co.il/projects/ [1i p36 0c]
פרויקט לגונה הרצליה,0,2,2,0.5,,,https://nad-lan.co.il/ [1i p75 0c] || https://nad-lan.co.il/projects/ [1i p42 0c]
פרויקט מגורים בקריית שמונה,0,2,2,0.5,,,https://nad-lan.co.il/city/קרית-שמונה/ [1i p69 0c] || https://nad-lan.co.il/city/קרית-שמונה/projects/ [1i p41 0c]
פרויקט מגורים בתל אביב,0,2,2,0.5,,,https://nad-lan.co.il/projects/ [1i p45 0c] || https://nad-lan.co.il/projects/?city=תל אביב-יפו [1i p33 0c]
פרויקט מול ים יפו,0,2,2,0.5,,,https://nad-lan.co.il/projects/ [1i p26 0c] || https://nad-lan.co.il/projects/?city=תל אביב-יפו [1i p30 0c]
פרויקט מידטאון,0,2,2,0.5,,,https://nad-lan.co.il/premium/ [1i p99 0c] || https://nad-lan.co.il/projects/ [1i p67 0c]
פרויקט תמ א 38 תל אביב,0,2,2,0.5,,,https://nad-lan.co.il/projects/?project_type=tama38 [1i p75 0c] || https://nad-lan.co.il/urban-renewal/tama-38-tel-aviv/ [1i p38 0c]
פרויקטים אבן יהודה,0,2,2,0.5,,,https://nad-lan.co.il/city/אבן-יהודה/ [1i p39 0c] || https://nad-lan.co.il/projects/ [1i p65 0c]
פרויקטים בגילה,0,2,2,0.5,,,https://nad-lan.co.il/city/ירושלים/projects/ [1i p38 0c] || https://nad-lan.co.il/projects/מרכז-קליטה-גילה/ [1i p66 0c]
פרויקטים בפינוי בינוי,0,2,2,0.5,,,https://nad-lan.co.il/projects/ [1i p39 0c] || https://nad-lan.co.il/urban-renewal/map/ [1i p95 0c]
פרויקטים בצור יצחק,0,2,2,0.5,,,https://nad-lan.co.il/projects/ [1i p46 0c] || https://nad-lan.co.il/projects/צביה-ויצחק/ [1i p73 0c]
פרויקטים בקרית שמונה,0,2,2,0.5,,,https://nad-lan.co.il/city/קרית-שמונה/ [1i p31 0c] || https://nad-lan.co.il/projects/ [1i p72 0c]
פרויקטים בשיווק בפתח תקווה,0,2,2,0.5,,,https://nad-lan.co.il/city/פתח תקוה/projects/ [1i p34 0c] || https://nad-lan.co.il/projects/?city=פתח תקוה [1i p78 0c]
פרויקטים בתרגום,0,2,2,0.5,,,https://nad-lan.co.il/projects/ [1i p20 0c] || https://nad-lan.co.il/site-map/ [1i p80 0c]
פרויקטים הוד השרון,0,2,2,0.5,,,https://nad-lan.co.il/city/לוד/projects/ [1i p64 0c] || https://nad-lan.co.il/projects/ [1i p62 0c]
פרויקטים חדשים בגוש דן,0,2,2,0.5,,,https://nad-lan.co.il/city/תל אביב יפו/projects/ [1i p80 0c] || https://nad-lan.co.il/projects/ [1i p26 0c]
פרויקטים חדשים בתים פרטיים,0,2,2,0.5,,,https://nad-lan.co.il/catalog/ [1i p56 0c] || https://nad-lan.co.il/projects/ [1i p32 0c]
פרויקטים חדשים גן יבנה,0,2,2,0.5,,,https://nad-lan.co.il/city/גן-יבנה/ [1i p69 0c] || https://nad-lan.co.il/city/יבנה/projects/ [1i p37 0c]
פרסום במדלן,0,2,2,0.5,,,https://nad-lan.co.il/ [1i p34 0c] || https://nad-lan.co.il/post-listing/ [1i p19 0c]
פרסום דירה,0,2,2,0.5,,,https://nad-lan.co.il/ [1i p47 0c] || https://nad-lan.co.il/post-listing/ [1i p43 0c]
פרשקובסקי נופי בן שמן,0,2,2,0.5,,,https://nad-lan.co.il/catalog/ [1i p66 0c] || https://nad-lan.co.il/ru/ [1i p75 0c]
פרשקובסקי רמלה,0,2,2,0.5,,,https://nad-lan.co.il/catalog/ [1i p66 0c] || https://nad-lan.co.il/ru/ [1i p75 0c]
פתח תקווה פרויקטים חדשים,0,2,2,0.5,,,https://nad-lan.co.il/projects/ [1i p25 0c] || https://nad-lan.co.il/projects/?city=פתח תקוה [1i p52 0c]
קדמת ניר צבי,0,2,2,0.5,,,https://nad-lan.co.il/city/יהוד/projects/ [1i p56 0c] || https://nad-lan.co.il/city/לוד/projects/ [1i p79 0c]
קדמת ניר צבי לוד,0,2,2,0.5,,,https://nad-lan.co.il/city/יהוד/projects/ [1i p75 0c] || https://nad-lan.co.il/city/לוד/projects/ [1i p51 0c]
קומת מסד,0,2,2,0.5,,,https://nad-lan.co.il/construction-engineering-guide/ [1i p44 0c] || https://nad-lan.co.il/glossary/ [1i p79 0c]
קיימא טבריה,0,2,2,0.5,,,https://nad-lan.co.il/ [1i p67 0c] || https://nad-lan.co.il/premium/ [1i p79 0c]
קנדה ישראל פרויקטים,0,2,2,0.5,,,https://nad-lan.co.il/projects/קהילת-קנדה-שדרות-ירושלים/ [1i p57 0c] || https://nad-lan.co.il/projects/קהילת-קנדה/ [1i p55 0c]
קניית בית בישראל,0,2,2,0.5,,,https://nad-lan.co.il/buying-apartment/ [1i p57 0c] || https://nad-lan.co.il/investment/ [1i p92 0c]
קניית נכס להשקעה,0,2,2,0.5,,,https://nad-lan.co.il/investment/ [1i p89 0c] || https://nad-lan.co.il/investment/apartments-for-investment/ [1i p59 0c]
קרתא גילה,0,2,2,0.5,,,https://nad-lan.co.il/projects/ [1i p58 0c] || https://nad-lan.co.il/site-map/ [1i p81 0c]
רובע המייסדים הוד השרון,0,2,2,0.5,,,https://nad-lan.co.il/catalog/ [1i p76 0c] || https://nad-lan.co.il/projects/ [1i p56 0c]
רובע קדם,0,2,2,0.5,,,https://nad-lan.co.il/ [1i p86 0c] || https://nad-lan.co.il/projects/ [1i p62 0c]
רוצה לדעת מחיר,0,2,2,0.5,,,https://nad-lan.co.il/apartment-purchase-cost-calculator/ [1i p50 0c] || https://nad-lan.co.il/property-value-estimator/ [1i p9 0c]
רכישת נדלן,0,2,2,0.5,,,https://nad-lan.co.il/buying-apartment/ [1i p54 0c] || https://nad-lan.co.il/investment/ [1i p87 0c]
רמז 44,0,2,2,0.5,,,https://nad-lan.co.il/ [1i p67 0c] || https://nad-lan.co.il/projects/ [1i p39 0c]
שדה דב גינדי,0,2,2,0.5,,,https://nad-lan.co.il/projects/duo-tel-aviv/ [1i p6 0c] || https://nad-lan.co.il/sde-dov/ [1i p30 0c]
שדה דב פרויקט,0,2,2,0.5,,,https://nad-lan.co.il/sde-dov/ [1i p32 0c] || https://nad-lan.co.il/sde-dov/merkaz/ [1i p54 0c]
שדות בני עייש,0,2,2,0.5,,,https://nad-lan.co.il/ [1i p85 0c] || https://nad-lan.co.il/projects/ [1i p63 0c]
שווי הנכס,0,2,2,0.5,,,https://nad-lan.co.il/investment/ [1i p78 0c] || https://nad-lan.co.il/property-value-estimator/ [1i p26 0c]
שכונה חדשה באבן יהודה,0,2,2,0.5,,,https://nad-lan.co.il/projects/ [1i p75 0c] || https://nad-lan.co.il/projects/התחדשות-מתחם-מכבי/ [1i p38 0c]
שכונת שדות,0,2,2,0.5,,,https://nad-lan.co.il/ [1i p83 0c] || https://nad-lan.co.il/projects/ [1i p66 0c]
שכירות,0,2,2,0.5,,,https://nad-lan.co.il/bat-yam-apartment-prices/ [1i p4 0c] || https://nad-lan.co.il/jerusalem-apartment-prices/ [1i p11 0c]
שפרינצק 11,0,2,2,0.5,,,https://nad-lan.co.il/catalog/ [1i p83 0c] || https://nad-lan.co.il/projects/ [1i p46 0c]
שקד על הפארק,0,2,2,0.5,,,https://nad-lan.co.il/catalog/ [1i p69 0c] || https://nad-lan.co.il/projects/ [1i p48 0c]
תבדוק,0,2,2,0.5,,,https://nad-lan.co.il/mortgage-calculator/mortgage-interest-rates/ [1i p3 0c] || https://nad-lan.co.il/projects/dimri-yama-sde-dov/ [1i p10 0c]
תדהר שדרות,0,2,2,0.5,,,https://nad-lan.co.il/projects/ [1i p54 0c] || https://nad-lan.co.il/projects/הסתדרות/ [1i p79 0c]
תוכניות דירה,0,2,2,0.5,,,https://nad-lan.co.il/projects/ [1i p58 0c] || https://nad-lan.co.il/site-map/ [1i p80 0c]
תוכנית 3700 מחירים,0,2,2,0.5,,,https://nad-lan.co.il/ [1i p35 0c] || https://nad-lan.co.il/catalog/ [1i p62 0c]
תוכנת דקל,0,2,2,0.5,,,https://nad-lan.co.il/glossary/דקל-תוכנה/ [1i p7 0c] || https://nad-lan.co.il/glossary/מחירון-דקל-לבנייה-ותשתיות/ [1i p10 0c]
תכנון בעסקאות נדל ן,0,2,2,0.5,,,https://nad-lan.co.il/my-rentals/ [1i p88 0c] || https://nad-lan.co.il/site-map/ [1i p82 0c]
תל אביב רובע 3,0,2,2,0.5,,,https://nad-lan.co.il/projects/dimri-yama-sde-dov/ [1i p4 0c] || https://nad-lan.co.il/urban-renewal/english-guide/ [1i p15 0c]
תשואה להון,0,2,2,0.5,,,https://nad-lan.co.il/glossary/נוסחת-תשואה-על-ההון/ [1i p37 0c] || https://nad-lan.co.il/glossary/return-on-equity/ [1i p70 0c]
