area_level,area_id,area_name_he,rooms,year,quarter,area_median_price_ils,tel_aviv_median_price_ils,israel_median_price_ils,type,source_url,file_last_modified,retrieved_utc
city,5000,תל אביב -יפו,3,2026,Q1,4225800,4225800,1647500,"closed deals (median, Tax Authority data as published by nadlan.gov.il)",https://data.nadlan.gov.il/api/pages/settlement/buy/5000.json,"Thu, 20 Aug 2026 10:32:18 GMT",2026-10-07 07:05
city,5000,תל אביב -יפו,3,2025,Q1,3704300,3704300,1584100,"closed deals (median, Tax Authority data as published by nadlan.gov.il)",https://data.nadlan.gov.il/api/pages/settlement/buy/5000.json,"Thu, 20 Aug 2026 10:32:18 GMT",2026-10-07 07:05
city,5000,תל אביב -יפו,3,2025,Q2,3824000,3824000,1591800,"closed deals (median, Tax Authority data as published by nadlan.gov.il)",https://data.nadlan.gov.il/api/pages/settlement/buy/5000.json,"Thu, 20 Aug 2026 10:32:18 GMT",2026-10-07 07:05
city,5000,תל אביב -יפו,3,2025,Q3,3616800,3616800,1634900,"closed deals (median, Tax Authority data as published by nadlan.gov.il)",https://data.nadlan.gov.il/api/pages/settlement/buy/5000.json,"Thu, 20 Aug 2026 10:32:18 GMT",2026-10-07 07:05
city,5000,תל אביב -יפו,3,2025,Q4,3825400,3825400,1599300,"closed deals (median, Tax Authority data as published by nadlan.gov.il)",https://data.nadlan.gov.il/api/pages/settlement/buy/5000.json,"Thu, 20 Aug 2026 10:32:18 GMT",2026-10-07 07:05
city,5000,תל אביב -יפו,3,2024,Q1,3672700,3672700,1621900,"closed deals (median, Tax Authority data as published by nadlan.gov.il)",https://data.nadlan.gov.il/api/pages/settlement/buy/5000.json,"Thu, 20 Aug 2026 10:32:18 GMT",2026-10-07 07:05
city,5000,תל אביב -יפו,3,2024,Q2,3939600,3939600,1704100,"closed deals (median, Tax Authority data as published by nadlan.gov.il)",https://data.nadlan.gov.il/api/pages/settlement/buy/5000.json,"Thu, 20 Aug 2026 10:32:18 GMT",2026-10-07 07:05
city,5000,תל אביב -יפו,3,2024,Q3,3638300,3638300,1625000,"closed deals (median, Tax Authority data as published by nadlan.gov.il)",https://data.nadlan.gov.il/api/pages/settlement/buy/5000.json,"Thu, 20 Aug 2026 10:32:18 GMT",2026-10-07 07:05
city,5000,תל אביב -יפו,3,2024,Q4,3476000,3476000,1647000,"closed deals (median, Tax Authority data as published by nadlan.gov.il)",https://data.nadlan.gov.il/api/pages/settlement/buy/5000.json,"Thu, 20 Aug 2026 10:32:18 GMT",2026-10-07 07:05
city,5000,תל אביב -יפו,3,2023,Q1,3293800,3293800,1280100,"closed deals (median, Tax Authority data as published by nadlan.gov.il)",https://data.nadlan.gov.il/api/pages/settlement/buy/5000.json,"Thu, 20 Aug 2026 10:32:18 GMT",2026-10-07 07:05
city,5000,תל אביב -יפו,3,2023,Q2,3507100,3507100,1337500,"closed deals (median, Tax Authority data as published by nadlan.gov.il)",https://data.nadlan.gov.il/api/pages/settlement/buy/5000.json,"Thu, 20 Aug 2026 10:32:18 GMT",2026-10-07 07:05
city,5000,תל אביב -יפו,3,2023,Q3,3647700,3647700,1401300,"closed deals (median, Tax Authority data as published by nadlan.gov.il)",https://data.nadlan.gov.il/api/pages/settlement/buy/5000.json,"Thu, 20 Aug 2026 10:32:18 GMT",2026-10-07 07:05
city,5000,תל אביב -יפו,3,2023,Q4,3373200,3373200,1505900,"closed deals (median, Tax Authority data as published by nadlan.gov.il)",https://data.nadlan.gov.il/api/pages/settlement/buy/5000.json,"Thu, 20 Aug 2026 10:32:18 GMT",2026-10-07 07:05
city,5000,תל אביב -יפו,3,2022,Q1,3279800,3279800,1244000,"closed deals (median, Tax Authority data as published by nadlan.gov.il)",https://data.nadlan.gov.il/api/pages/settlement/buy/5000.json,"Thu, 20 Aug 2026 10:32:18 GMT",2026-10-07 07:05
city,5000,תל אביב -יפו,3,2022,Q2,3518400,3518400,1282200,"closed deals (median, Tax Authority data as published by nadlan.gov.il)",https://data.nadlan.gov.il/api/pages/settlement/buy/5000.json,"Thu, 20 Aug 2026 10:32:18 GMT",2026-10-07 07:05
city,5000,תל אביב -יפו,3,2022,Q3,3621200,3621200,1278900,"closed deals (median, Tax Authority data as published by nadlan.gov.il)",https://data.nadlan.gov.il/api/pages/settlement/buy/5000.json,"Thu, 20 Aug 2026 10:32:18 GMT",2026-10-07 07:05
city,5000,תל אביב -יפו,3,2022,Q4,3699700,3699700,1269100,"closed deals (median, Tax Authority data as published by nadlan.gov.il)",https://data.nadlan.gov.il/api/pages/settlement/buy/5000.json,"Thu, 20 Aug 2026 10:32:18 GMT",2026-10-07 07:05
city,5000,תל אביב -יפו,3,2021,Q1,3057600,3057600,1211100,"closed deals (median, Tax Authority data as published by nadlan.gov.il)",https://data.nadlan.gov.il/api/pages/settlement/buy/5000.json,"Thu, 20 Aug 2026 10:32:18 GMT",2026-10-07 07:05
city,5000,תל אביב -יפו,3,2021,Q2,3012200,3012200,1226100,"closed deals (median, Tax Authority data as published by nadlan.gov.il)",https://data.nadlan.gov.il/api/pages/settlement/buy/5000.json,"Thu, 20 Aug 2026 10:32:18 GMT",2026-10-07 07:05
city,5000,תל אביב -יפו,3,2021,Q3,3162500,3162500,1222700,"closed deals (median, Tax Authority data as published by nadlan.gov.il)",https://data.nadlan.gov.il/api/pages/settlement/buy/5000.json,"Thu, 20 Aug 2026 10:32:18 GMT",2026-10-07 07:05
city,5000,תל אביב -יפו,3,2021,Q4,3291500,3291500,1243900,"closed deals (median, Tax Authority data as published by nadlan.gov.il)",https://data.nadlan.gov.il/api/pages/settlement/buy/5000.json,"Thu, 20 Aug 2026 10:32:18 GMT",2026-10-07 07:05
city,5000,תל אביב -יפו,4,2026,Q1,5229800,5229800,2072000,"closed deals (median, Tax Authority data as published by nadlan.gov.il)",https://data.nadlan.gov.il/api/pages/settlement/buy/5000.json,"Thu, 20 Aug 2026 10:32:18 GMT",2026-10-07 07:05
city,5000,תל אביב -יפו,4,2025,Q1,4723800,4723800,2178100,"closed deals (median, Tax Authority data as published by nadlan.gov.il)",https://data.nadlan.gov.il/api/pages/settlement/buy/5000.json,"Thu, 20 Aug 2026 10:32:18 GMT",2026-10-07 07:05
city,5000,תל אביב -יפו,4,2025,Q2,5119100,5119100,2113300,"closed deals (median, Tax Authority data as published by nadlan.gov.il)",https://data.nadlan.gov.il/api/pages/settlement/buy/5000.json,"Thu, 20 Aug 2026 10:32:18 GMT",2026-10-07 07:05
city,5000,תל אביב -יפו,4,2025,Q3,5046700,5046700,2058100,"closed deals (median, Tax Authority data as published by nadlan.gov.il)",https://data.nadlan.gov.il/api/pages/settlement/buy/5000.json,"Thu, 20 Aug 2026 10:32:18 GMT",2026-10-07 07:05
city,5000,תל אביב -יפו,4,2025,Q4,5070900,5070900,2114000,"closed deals (median, Tax Authority data as published by nadlan.gov.il)",https://data.nadlan.gov.il/api/pages/settlement/buy/5000.json,"Thu, 20 Aug 2026 10:32:18 GMT",2026-10-07 07:05
city,5000,תל אביב -יפו,4,2024,Q1,4697600,4697600,2169200,"closed deals (median, Tax Authority data as published by nadlan.gov.il)",https://data.nadlan.gov.il/api/pages/settlement/buy/5000.json,"Thu, 20 Aug 2026 10:32:18 GMT",2026-10-07 07:05
city,5000,תל אביב -יפו,4,2024,Q2,4371300,4371300,2265900,"closed deals (median, Tax Authority data as published by nadlan.gov.il)",https://data.nadlan.gov.il/api/pages/settlement/buy/5000.json,"Thu, 20 Aug 2026 10:32:18 GMT",2026-10-07 07:05
city,5000,תל אביב -יפו,4,2024,Q4,4866700,4866700,2154500,"closed deals (median, Tax Authority data as published by nadlan.gov.il)",https://data.nadlan.gov.il/api/pages/settlement/buy/5000.json,"Thu, 20 Aug 2026 10:32:18 GMT",2026-10-07 07:05
city,5000,תל אביב -יפו,4,2023,Q1,4638500,4638500,1865400,"closed deals (median, Tax Authority data as published by nadlan.gov.il)",https://data.nadlan.gov.il/api/pages/settlement/buy/5000.json,"Thu, 20 Aug 2026 10:32:18 GMT",2026-10-07 07:05
city,5000,תל אביב -יפו,4,2023,Q2,5035400,5035400,1867500,"closed deals (median, Tax Authority data as published by nadlan.gov.il)",https://data.nadlan.gov.il/api/pages/settlement/buy/5000.json,"Thu, 20 Aug 2026 10:32:18 GMT",2026-10-07 07:05
city,5000,תל אביב -יפו,4,2023,Q3,4149000,4149000,1894900,"closed deals (median, Tax Authority data as published by nadlan.gov.il)",https://data.nadlan.gov.il/api/pages/settlement/buy/5000.json,"Thu, 20 Aug 2026 10:32:18 GMT",2026-10-07 07:05
city,5000,תל אביב -יפו,4,2023,Q4,4494100,4494100,1996300,"closed deals (median, Tax Authority data as published by nadlan.gov.il)",https://data.nadlan.gov.il/api/pages/settlement/buy/5000.json,"Thu, 20 Aug 2026 10:32:18 GMT",2026-10-07 07:05
city,5000,תל אביב -יפו,4,2022,Q1,4382900,4382900,1691000,"closed deals (median, Tax Authority data as published by nadlan.gov.il)",https://data.nadlan.gov.il/api/pages/settlement/buy/5000.json,"Thu, 20 Aug 2026 10:32:18 GMT",2026-10-07 07:05
city,5000,תל אביב -יפו,4,2022,Q2,4597100,4597100,1811500,"closed deals (median, Tax Authority data as published by nadlan.gov.il)",https://data.nadlan.gov.il/api/pages/settlement/buy/5000.json,"Thu, 20 Aug 2026 10:32:18 GMT",2026-10-07 07:05
city,5000,תל אביב -יפו,4,2022,Q3,4471000,4471000,1784600,"closed deals (median, Tax Authority data as published by nadlan.gov.il)",https://data.nadlan.gov.il/api/pages/settlement/buy/5000.json,"Thu, 20 Aug 2026 10:32:18 GMT",2026-10-07 07:05
city,5000,תל אביב -יפו,4,2022,Q4,4727600,4727600,1846700,"closed deals (median, Tax Authority data as published by nadlan.gov.il)",https://data.nadlan.gov.il/api/pages/settlement/buy/5000.json,"Thu, 20 Aug 2026 10:32:18 GMT",2026-10-07 07:05
city,5000,תל אביב -יפו,4,2021,Q1,3748500,3748500,1579400,"closed deals (median, Tax Authority data as published by nadlan.gov.il)",https://data.nadlan.gov.il/api/pages/settlement/buy/5000.json,"Thu, 20 Aug 2026 10:32:18 GMT",2026-10-07 07:05
city,5000,תל אביב -יפו,4,2021,Q2,3899500,3899500,1615700,"closed deals (median, Tax Authority data as published by nadlan.gov.il)",https://data.nadlan.gov.il/api/pages/settlement/buy/5000.json,"Thu, 20 Aug 2026 10:32:18 GMT",2026-10-07 07:05
city,5000,תל אביב -יפו,4,2021,Q3,4000100,4000100,1618300,"closed deals (median, Tax Authority data as published by nadlan.gov.il)",https://data.nadlan.gov.il/api/pages/settlement/buy/5000.json,"Thu, 20 Aug 2026 10:32:18 GMT",2026-10-07 07:05
city,5000,תל אביב -יפו,4,2021,Q4,4166700,4166700,1668000,"closed deals (median, Tax Authority data as published by nadlan.gov.il)",https://data.nadlan.gov.il/api/pages/settlement/buy/5000.json,"Thu, 20 Aug 2026 10:32:18 GMT",2026-10-07 07:05
city,5000,תל אביב -יפו,5,2026,Q1,7497700,7497700,2920600,"closed deals (median, Tax Authority data as published by nadlan.gov.il)",https://data.nadlan.gov.il/api/pages/settlement/buy/5000.json,"Thu, 20 Aug 2026 10:32:18 GMT",2026-10-07 07:05
city,5000,תל אביב -יפו,5,2025,Q1,7042600,7042600,2921800,"closed deals (median, Tax Authority data as published by nadlan.gov.il)",https://data.nadlan.gov.il/api/pages/settlement/buy/5000.json,"Thu, 20 Aug 2026 10:32:18 GMT",2026-10-07 07:05
city,5000,תל אביב -יפו,5,2025,Q2,6752800,6752800,2902700,"closed deals (median, Tax Authority data as published by nadlan.gov.il)",https://data.nadlan.gov.il/api/pages/settlement/buy/5000.json,"Thu, 20 Aug 2026 10:32:18 GMT",2026-10-07 07:05
city,5000,תל אביב -יפו,5,2025,Q3,7019300,7019300,2853800,"closed deals (median, Tax Authority data as published by nadlan.gov.il)",https://data.nadlan.gov.il/api/pages/settlement/buy/5000.json,"Thu, 20 Aug 2026 10:32:18 GMT",2026-10-07 07:05
city,5000,תל אביב -יפו,5,2025,Q4,6500900,6500900,2951400,"closed deals (median, Tax Authority data as published by nadlan.gov.il)",https://data.nadlan.gov.il/api/pages/settlement/buy/5000.json,"Thu, 20 Aug 2026 10:32:18 GMT",2026-10-07 07:05
city,5000,תל אביב -יפו,5,2024,Q1,6433700,6433700,2984100,"closed deals (median, Tax Authority data as published by nadlan.gov.il)",https://data.nadlan.gov.il/api/pages/settlement/buy/5000.json,"Thu, 20 Aug 2026 10:32:18 GMT",2026-10-07 07:05
city,5000,תל אביב -יפו,5,2024,Q2,5978500,5978500,3071200,"closed deals (median, Tax Authority data as published by nadlan.gov.il)",https://data.nadlan.gov.il/api/pages/settlement/buy/5000.json,"Thu, 20 Aug 2026 10:32:18 GMT",2026-10-07 07:05
city,5000,תל אביב -יפו,5,2024,Q3,5806100,5806100,2944600,"closed deals (median, Tax Authority data as published by nadlan.gov.il)",https://data.nadlan.gov.il/api/pages/settlement/buy/5000.json,"Thu, 20 Aug 2026 10:32:18 GMT",2026-10-07 07:05
city,5000,תל אביב -יפו,5,2024,Q4,6203000,6203000,2946300,"closed deals (median, Tax Authority data as published by nadlan.gov.il)",https://data.nadlan.gov.il/api/pages/settlement/buy/5000.json,"Thu, 20 Aug 2026 10:32:18 GMT",2026-10-07 07:05
city,5000,תל אביב -יפו,5,2023,Q1,6182400,6182400,2729500,"closed deals (median, Tax Authority data as published by nadlan.gov.il)",https://data.nadlan.gov.il/api/pages/settlement/buy/5000.json,"Thu, 20 Aug 2026 10:32:18 GMT",2026-10-07 07:05
city,5000,תל אביב -יפו,5,2023,Q2,6330200,6330200,2834100,"closed deals (median, Tax Authority data as published by nadlan.gov.il)",https://data.nadlan.gov.il/api/pages/settlement/buy/5000.json,"Thu, 20 Aug 2026 10:32:18 GMT",2026-10-07 07:05
city,5000,תל אביב -יפו,5,2023,Q3,5590300,5590300,2720000,"closed deals (median, Tax Authority data as published by nadlan.gov.il)",https://data.nadlan.gov.il/api/pages/settlement/buy/5000.json,"Thu, 20 Aug 2026 10:32:18 GMT",2026-10-07 07:05
city,5000,תל אביב -יפו,5,2023,Q4,6615400,6615400,2877200,"closed deals (median, Tax Authority data as published by nadlan.gov.il)",https://data.nadlan.gov.il/api/pages/settlement/buy/5000.json,"Thu, 20 Aug 2026 10:32:18 GMT",2026-10-07 07:05
city,5000,תל אביב -יפו,5,2022,Q1,5539000,5539000,2484800,"closed deals (median, Tax Authority data as published by nadlan.gov.il)",https://data.nadlan.gov.il/api/pages/settlement/buy/5000.json,"Thu, 20 Aug 2026 10:32:18 GMT",2026-10-07 07:05
city,5000,תל אביב -יפו,5,2022,Q2,6129700,6129700,2559200,"closed deals (median, Tax Authority data as published by nadlan.gov.il)",https://data.nadlan.gov.il/api/pages/settlement/buy/5000.json,"Thu, 20 Aug 2026 10:32:18 GMT",2026-10-07 07:05
city,5000,תל אביב -יפו,5,2022,Q3,5869300,5869300,2638900,"closed deals (median, Tax Authority data as published by nadlan.gov.il)",https://data.nadlan.gov.il/api/pages/settlement/buy/5000.json,"Thu, 20 Aug 2026 10:32:18 GMT",2026-10-07 07:05
city,5000,תל אביב -יפו,5,2022,Q4,5895800,5895800,2532700,"closed deals (median, Tax Authority data as published by nadlan.gov.il)",https://data.nadlan.gov.il/api/pages/settlement/buy/5000.json,"Thu, 20 Aug 2026 10:32:18 GMT",2026-10-07 07:05
city,5000,תל אביב -יפו,5,2021,Q1,4774500,4774500,2192600,"closed deals (median, Tax Authority data as published by nadlan.gov.il)",https://data.nadlan.gov.il/api/pages/settlement/buy/5000.json,"Thu, 20 Aug 2026 10:32:18 GMT",2026-10-07 07:05
city,5000,תל אביב -יפו,5,2021,Q2,5059500,5059500,2237600,"closed deals (median, Tax Authority data as published by nadlan.gov.il)",https://data.nadlan.gov.il/api/pages/settlement/buy/5000.json,"Thu, 20 Aug 2026 10:32:18 GMT",2026-10-07 07:05
city,5000,תל אביב -יפו,5,2021,Q3,5704100,5704100,2279300,"closed deals (median, Tax Authority data as published by nadlan.gov.il)",https://data.nadlan.gov.il/api/pages/settlement/buy/5000.json,"Thu, 20 Aug 2026 10:32:18 GMT",2026-10-07 07:05
city,5000,תל אביב -יפו,5,2021,Q4,5433800,5433800,2341900,"closed deals (median, Tax Authority data as published by nadlan.gov.il)",https://data.nadlan.gov.il/api/pages/settlement/buy/5000.json,"Thu, 20 Aug 2026 10:32:18 GMT",2026-10-07 07:05
city,5000,תל אביב -יפו,all,2025,Q1,3653500,3653500,1989400,"closed deals (median, Tax Authority data as published by nadlan.gov.il)",https://data.nadlan.gov.il/api/pages/settlement/buy/5000.json,"Thu, 20 Aug 2026 10:32:18 GMT",2026-10-07 07:05
city,5000,תל אביב -יפו,all,2025,Q3,3383400,3383400,1938500,"closed deals (median, Tax Authority data as published by nadlan.gov.il)",https://data.nadlan.gov.il/api/pages/settlement/buy/5000.json,"Thu, 20 Aug 2026 10:32:18 GMT",2026-10-07 07:05
city,5000,תל אביב -יפו,all,2025,Q4,3679000,3679000,2010400,"closed deals (median, Tax Authority data as published by nadlan.gov.il)",https://data.nadlan.gov.il/api/pages/settlement/buy/5000.json,"Thu, 20 Aug 2026 10:32:18 GMT",2026-10-07 07:05
city,5000,תל אביב -יפו,all,2024,Q1,3785300,3785300,2008800,"closed deals (median, Tax Authority data as published by nadlan.gov.il)",https://data.nadlan.gov.il/api/pages/settlement/buy/5000.json,"Thu, 20 Aug 2026 10:32:18 GMT",2026-10-07 07:05
city,5000,תל אביב -יפו,all,2024,Q2,3782800,3782800,2138400,"closed deals (median, Tax Authority data as published by nadlan.gov.il)",https://data.nadlan.gov.il/api/pages/settlement/buy/5000.json,"Thu, 20 Aug 2026 10:32:18 GMT",2026-10-07 07:05
city,5000,תל אביב -יפו,all,2024,Q3,3506000,3506000,1979400,"closed deals (median, Tax Authority data as published by nadlan.gov.il)",https://data.nadlan.gov.il/api/pages/settlement/buy/5000.json,"Thu, 20 Aug 2026 10:32:18 GMT",2026-10-07 07:05
city,5000,תל אביב -יפו,all,2024,Q4,3583200,3583200,2015200,"closed deals (median, Tax Authority data as published by nadlan.gov.il)",https://data.nadlan.gov.il/api/pages/settlement/buy/5000.json,"Thu, 20 Aug 2026 10:32:18 GMT",2026-10-07 07:05
city,5000,תל אביב -יפו,all,2023,Q1,3233600,3233600,1705300,"closed deals (median, Tax Authority data as published by nadlan.gov.il)",https://data.nadlan.gov.il/api/pages/settlement/buy/5000.json,"Thu, 20 Aug 2026 10:32:18 GMT",2026-10-07 07:05
city,5000,תל אביב -יפו,all,2023,Q2,3302200,3302200,1738200,"closed deals (median, Tax Authority data as published by nadlan.gov.il)",https://data.nadlan.gov.il/api/pages/settlement/buy/5000.json,"Thu, 20 Aug 2026 10:32:18 GMT",2026-10-07 07:05
city,5000,תל אביב -יפו,all,2023,Q3,3416700,3416700,1744000,"closed deals (median, Tax Authority data as published by nadlan.gov.il)",https://data.nadlan.gov.il/api/pages/settlement/buy/5000.json,"Thu, 20 Aug 2026 10:32:18 GMT",2026-10-07 07:05
city,5000,תל אביב -יפו,all,2023,Q4,3448400,3448400,1824300,"closed deals (median, Tax Authority data as published by nadlan.gov.il)",https://data.nadlan.gov.il/api/pages/settlement/buy/5000.json,"Thu, 20 Aug 2026 10:32:18 GMT",2026-10-07 07:05
city,5000,תל אביב -יפו,all,2022,Q1,3408800,3408800,1673600,"closed deals (median, Tax Authority data as published by nadlan.gov.il)",https://data.nadlan.gov.il/api/pages/settlement/buy/5000.json,"Thu, 20 Aug 2026 10:32:18 GMT",2026-10-07 07:05
city,5000,תל אביב -יפו,all,2022,Q2,3545500,3545500,1721600,"closed deals (median, Tax Authority data as published by nadlan.gov.il)",https://data.nadlan.gov.il/api/pages/settlement/buy/5000.json,"Thu, 20 Aug 2026 10:32:18 GMT",2026-10-07 07:05
city,5000,תל אביב -יפו,all,2022,Q3,3559000,3559000,1683200,"closed deals (median, Tax Authority data as published by nadlan.gov.il)",https://data.nadlan.gov.il/api/pages/settlement/buy/5000.json,"Thu, 20 Aug 2026 10:32:18 GMT",2026-10-07 07:05
city,5000,תל אביב -יפו,all,2022,Q4,3531900,3531900,1674600,"closed deals (median, Tax Authority data as published by nadlan.gov.il)",https://data.nadlan.gov.il/api/pages/settlement/buy/5000.json,"Thu, 20 Aug 2026 10:32:18 GMT",2026-10-07 07:05
city,5000,תל אביב -יפו,all,2021,Q1,3094100,3094100,1585300,"closed deals (median, Tax Authority data as published by nadlan.gov.il)",https://data.nadlan.gov.il/api/pages/settlement/buy/5000.json,"Thu, 20 Aug 2026 10:32:18 GMT",2026-10-07 07:05
city,5000,תל אביב -יפו,all,2021,Q2,3097000,3097000,1597100,"closed deals (median, Tax Authority data as published by nadlan.gov.il)",https://data.nadlan.gov.il/api/pages/settlement/buy/5000.json,"Thu, 20 Aug 2026 10:32:18 GMT",2026-10-07 07:05
city,5000,תל אביב -יפו,all,2021,Q3,3216000,3216000,1604300,"closed deals (median, Tax Authority data as published by nadlan.gov.il)",https://data.nadlan.gov.il/api/pages/settlement/buy/5000.json,"Thu, 20 Aug 2026 10:32:18 GMT",2026-10-07 07:05
city,5000,תל אביב -יפו,all,2021,Q4,3247600,3247600,1631100,"closed deals (median, Tax Authority data as published by nadlan.gov.il)",https://data.nadlan.gov.il/api/pages/settlement/buy/5000.json,"Thu, 20 Aug 2026 10:32:18 GMT",2026-10-07 07:05
neighbourhood,65209989,הצפון החדש - החלק הצפוני,3,2026,Q1,4434900,4225800,1647500,"closed deals (median, Tax Authority data as published by nadlan.gov.il)",https://data.nadlan.gov.il/api/pages/neighborhood/buy/65209989.json,"Thu, 20 Aug 2026 10:30:17 GMT",2026-10-07 07:05
neighbourhood,65209989,הצפון החדש - החלק הצפוני,3,2025,Q1,4993800,3704300,1584100,"closed deals (median, Tax Authority data as published by nadlan.gov.il)",https://data.nadlan.gov.il/api/pages/neighborhood/buy/65209989.json,"Thu, 20 Aug 2026 10:30:17 GMT",2026-10-07 07:05
neighbourhood,65209989,הצפון החדש - החלק הצפוני,3,2025,Q2,,3824000,1591800,"closed deals (median, Tax Authority data as published by nadlan.gov.il)",https://data.nadlan.gov.il/api/pages/neighborhood/buy/65209989.json,"Thu, 20 Aug 2026 10:30:17 GMT",2026-10-07 07:05
neighbourhood,65209989,הצפון החדש - החלק הצפוני,3,2025,Q3,4423700,3616800,1634900,"closed deals (median, Tax Authority data as published by nadlan.gov.il)",https://data.nadlan.gov.il/api/pages/neighborhood/buy/65209989.json,"Thu, 20 Aug 2026 10:30:17 GMT",2026-10-07 07:05
neighbourhood,65209989,הצפון החדש - החלק הצפוני,3,2025,Q4,,3825400,1599300,"closed deals (median, Tax Authority data as published by nadlan.gov.il)",https://data.nadlan.gov.il/api/pages/neighborhood/buy/65209989.json,"Thu, 20 Aug 2026 10:30:17 GMT",2026-10-07 07:05
neighbourhood,65209989,הצפון החדש - החלק הצפוני,3,2024,Q1,4310100,3672700,1621900,"closed deals (median, Tax Authority data as published by nadlan.gov.il)",https://data.nadlan.gov.il/api/pages/neighborhood/buy/65209989.json,"Thu, 20 Aug 2026 10:30:17 GMT",2026-10-07 07:05
neighbourhood,65209989,הצפון החדש - החלק הצפוני,3,2024,Q2,,3939600,1704100,"closed deals (median, Tax Authority data as published by nadlan.gov.il)",https://data.nadlan.gov.il/api/pages/neighborhood/buy/65209989.json,"Thu, 20 Aug 2026 10:30:17 GMT",2026-10-07 07:05
neighbourhood,65209989,הצפון החדש - החלק הצפוני,3,2024,Q3,4911700,3638300,1625000,"closed deals (median, Tax Authority data as published by nadlan.gov.il)",https://data.nadlan.gov.il/api/pages/neighborhood/buy/65209989.json,"Thu, 20 Aug 2026 10:30:17 GMT",2026-10-07 07:05
neighbourhood,65209989,הצפון החדש - החלק הצפוני,3,2024,Q4,,3476000,1647000,"closed deals (median, Tax Authority data as published by nadlan.gov.il)",https://data.nadlan.gov.il/api/pages/neighborhood/buy/65209989.json,"Thu, 20 Aug 2026 10:30:17 GMT",2026-10-07 07:05
neighbourhood,65209989,הצפון החדש - החלק הצפוני,3,2023,Q1,4434300,3293800,1280100,"closed deals (median, Tax Authority data as published by nadlan.gov.il)",https://data.nadlan.gov.il/api/pages/neighborhood/buy/65209989.json,"Thu, 20 Aug 2026 10:30:17 GMT",2026-10-07 07:05
neighbourhood,65209989,הצפון החדש - החלק הצפוני,3,2023,Q2,,3507100,1337500,"closed deals (median, Tax Authority data as published by nadlan.gov.il)",https://data.nadlan.gov.il/api/pages/neighborhood/buy/65209989.json,"Thu, 20 Aug 2026 10:30:17 GMT",2026-10-07 07:05
neighbourhood,65209989,הצפון החדש - החלק הצפוני,3,2023,Q3,,3647700,1401300,"closed deals (median, Tax Authority data as published by nadlan.gov.il)",https://data.nadlan.gov.il/api/pages/neighborhood/buy/65209989.json,"Thu, 20 Aug 2026 10:30:17 GMT",2026-10-07 07:05
neighbourhood,65209989,הצפון החדש - החלק הצפוני,3,2023,Q4,,3373200,1505900,"closed deals (median, Tax Authority data as published by nadlan.gov.il)",https://data.nadlan.gov.il/api/pages/neighborhood/buy/65209989.json,"Thu, 20 Aug 2026 10:30:17 GMT",2026-10-07 07:05
neighbourhood,65209989,הצפון החדש - החלק הצפוני,3,2022,Q1,4809100,3279800,1244000,"closed deals (median, Tax Authority data as published by nadlan.gov.il)",https://data.nadlan.gov.il/api/pages/neighborhood/buy/65209989.json,"Thu, 20 Aug 2026 10:30:17 GMT",2026-10-07 07:05
neighbourhood,65209989,הצפון החדש - החלק הצפוני,3,2022,Q2,,3518400,1282200,"closed deals (median, Tax Authority data as published by nadlan.gov.il)",https://data.nadlan.gov.il/api/pages/neighborhood/buy/65209989.json,"Thu, 20 Aug 2026 10:30:17 GMT",2026-10-07 07:05
neighbourhood,65209989,הצפון החדש - החלק הצפוני,3,2022,Q3,,3621200,1278900,"closed deals (median, Tax Authority data as published by nadlan.gov.il)",https://data.nadlan.gov.il/api/pages/neighborhood/buy/65209989.json,"Thu, 20 Aug 2026 10:30:17 GMT",2026-10-07 07:05
neighbourhood,65209989,הצפון החדש - החלק הצפוני,3,2022,Q4,,3699700,1269100,"closed deals (median, Tax Authority data as published by nadlan.gov.il)",https://data.nadlan.gov.il/api/pages/neighborhood/buy/65209989.json,"Thu, 20 Aug 2026 10:30:17 GMT",2026-10-07 07:05
neighbourhood,65209989,הצפון החדש - החלק הצפוני,3,2021,Q1,3826300,3057600,1211100,"closed deals (median, Tax Authority data as published by nadlan.gov.il)",https://data.nadlan.gov.il/api/pages/neighborhood/buy/65209989.json,"Thu, 20 Aug 2026 10:30:17 GMT",2026-10-07 07:05
neighbourhood,65209989,הצפון החדש - החלק הצפוני,3,2021,Q2,,3012200,1226100,"closed deals (median, Tax Authority data as published by nadlan.gov.il)",https://data.nadlan.gov.il/api/pages/neighborhood/buy/65209989.json,"Thu, 20 Aug 2026 10:30:17 GMT",2026-10-07 07:05
neighbourhood,65209989,הצפון החדש - החלק הצפוני,3,2021,Q3,4430100,3162500,1222700,"closed deals (median, Tax Authority data as published by nadlan.gov.il)",https://data.nadlan.gov.il/api/pages/neighborhood/buy/65209989.json,"Thu, 20 Aug 2026 10:30:17 GMT",2026-10-07 07:05
neighbourhood,65209989,הצפון החדש - החלק הצפוני,3,2021,Q4,,3291500,1243900,"closed deals (median, Tax Authority data as published by nadlan.gov.il)",https://data.nadlan.gov.il/api/pages/neighborhood/buy/65209989.json,"Thu, 20 Aug 2026 10:30:17 GMT",2026-10-07 07:05
neighbourhood,65209989,הצפון החדש - החלק הצפוני,4,2026,Q1,6042800,5229800,2072000,"closed deals (median, Tax Authority data as published by nadlan.gov.il)",https://data.nadlan.gov.il/api/pages/neighborhood/buy/65209989.json,"Thu, 20 Aug 2026 10:30:17 GMT",2026-10-07 07:05
neighbourhood,65209989,הצפון החדש - החלק הצפוני,4,2025,Q1,5681700,4723800,2178100,"closed deals (median, Tax Authority data as published by nadlan.gov.il)",https://data.nadlan.gov.il/api/pages/neighborhood/buy/65209989.json,"Thu, 20 Aug 2026 10:30:17 GMT",2026-10-07 07:05
neighbourhood,65209989,הצפון החדש - החלק הצפוני,4,2025,Q2,,5119100,2113300,"closed deals (median, Tax Authority data as published by nadlan.gov.il)",https://data.nadlan.gov.il/api/pages/neighborhood/buy/65209989.json,"Thu, 20 Aug 2026 10:30:17 GMT",2026-10-07 07:05
neighbourhood,65209989,הצפון החדש - החלק הצפוני,4,2025,Q3,,5046700,2058100,"closed deals (median, Tax Authority data as published by nadlan.gov.il)",https://data.nadlan.gov.il/api/pages/neighborhood/buy/65209989.json,"Thu, 20 Aug 2026 10:30:17 GMT",2026-10-07 07:05
neighbourhood,65209989,הצפון החדש - החלק הצפוני,4,2025,Q4,,5070900,2114000,"closed deals (median, Tax Authority data as published by nadlan.gov.il)",https://data.nadlan.gov.il/api/pages/neighborhood/buy/65209989.json,"Thu, 20 Aug 2026 10:30:17 GMT",2026-10-07 07:05
neighbourhood,65209989,הצפון החדש - החלק הצפוני,4,2024,Q1,6001300,4697600,2169200,"closed deals (median, Tax Authority data as published by nadlan.gov.il)",https://data.nadlan.gov.il/api/pages/neighborhood/buy/65209989.json,"Thu, 20 Aug 2026 10:30:17 GMT",2026-10-07 07:05
neighbourhood,65209989,הצפון החדש - החלק הצפוני,4,2024,Q2,,4371300,2265900,"closed deals (median, Tax Authority data as published by nadlan.gov.il)",https://data.nadlan.gov.il/api/pages/neighborhood/buy/65209989.json,"Thu, 20 Aug 2026 10:30:17 GMT",2026-10-07 07:05
neighbourhood,65209989,הצפון החדש - החלק הצפוני,4,2024,Q3,6729600,,2101600,"closed deals (median, Tax Authority data as published by nadlan.gov.il)",https://data.nadlan.gov.il/api/pages/neighborhood/buy/65209989.json,"Thu, 20 Aug 2026 10:30:17 GMT",2026-10-07 07:05
neighbourhood,65209989,הצפון החדש - החלק הצפוני,4,2024,Q4,,4866700,2154500,"closed deals (median, Tax Authority data as published by nadlan.gov.il)",https://data.nadlan.gov.il/api/pages/neighborhood/buy/65209989.json,"Thu, 20 Aug 2026 10:30:17 GMT",2026-10-07 07:05
neighbourhood,65209989,הצפון החדש - החלק הצפוני,4,2023,Q1,6281300,4638500,1865400,"closed deals (median, Tax Authority data as published by nadlan.gov.il)",https://data.nadlan.gov.il/api/pages/neighborhood/buy/65209989.json,"Thu, 20 Aug 2026 10:30:17 GMT",2026-10-07 07:05
neighbourhood,65209989,הצפון החדש - החלק הצפוני,4,2023,Q2,,5035400,1867500,"closed deals (median, Tax Authority data as published by nadlan.gov.il)",https://data.nadlan.gov.il/api/pages/neighborhood/buy/65209989.json,"Thu, 20 Aug 2026 10:30:17 GMT",2026-10-07 07:05
neighbourhood,65209989,הצפון החדש - החלק הצפוני,4,2023,Q3,,4149000,1894900,"closed deals (median, Tax Authority data as published by nadlan.gov.il)",https://data.nadlan.gov.il/api/pages/neighborhood/buy/65209989.json,"Thu, 20 Aug 2026 10:30:17 GMT",2026-10-07 07:05
neighbourhood,65209989,הצפון החדש - החלק הצפוני,4,2023,Q4,,4494100,1996300,"closed deals (median, Tax Authority data as published by nadlan.gov.il)",https://data.nadlan.gov.il/api/pages/neighborhood/buy/65209989.json,"Thu, 20 Aug 2026 10:30:17 GMT",2026-10-07 07:05
neighbourhood,65209989,הצפון החדש - החלק הצפוני,4,2022,Q1,6667600,4382900,1691000,"closed deals (median, Tax Authority data as published by nadlan.gov.il)",https://data.nadlan.gov.il/api/pages/neighborhood/buy/65209989.json,"Thu, 20 Aug 2026 10:30:17 GMT",2026-10-07 07:05
neighbourhood,65209989,הצפון החדש - החלק הצפוני,4,2022,Q2,,4597100,1811500,"closed deals (median, Tax Authority data as published by nadlan.gov.il)",https://data.nadlan.gov.il/api/pages/neighborhood/buy/65209989.json,"Thu, 20 Aug 2026 10:30:17 GMT",2026-10-07 07:05
neighbourhood,65209989,הצפון החדש - החלק הצפוני,4,2022,Q3,,4471000,1784600,"closed deals (median, Tax Authority data as published by nadlan.gov.il)",https://data.nadlan.gov.il/api/pages/neighborhood/buy/65209989.json,"Thu, 20 Aug 2026 10:30:17 GMT",2026-10-07 07:05
neighbourhood,65209989,הצפון החדש - החלק הצפוני,4,2022,Q4,,4727600,1846700,"closed deals (median, Tax Authority data as published by nadlan.gov.il)",https://data.nadlan.gov.il/api/pages/neighborhood/buy/65209989.json,"Thu, 20 Aug 2026 10:30:17 GMT",2026-10-07 07:05
neighbourhood,65209989,הצפון החדש - החלק הצפוני,4,2021,Q1,5960900,3748500,1579400,"closed deals (median, Tax Authority data as published by nadlan.gov.il)",https://data.nadlan.gov.il/api/pages/neighborhood/buy/65209989.json,"Thu, 20 Aug 2026 10:30:17 GMT",2026-10-07 07:05
neighbourhood,65209989,הצפון החדש - החלק הצפוני,4,2021,Q2,,3899500,1615700,"closed deals (median, Tax Authority data as published by nadlan.gov.il)",https://data.nadlan.gov.il/api/pages/neighborhood/buy/65209989.json,"Thu, 20 Aug 2026 10:30:17 GMT",2026-10-07 07:05
neighbourhood,65209989,הצפון החדש - החלק הצפוני,4,2021,Q3,5982200,4000100,1618300,"closed deals (median, Tax Authority data as published by nadlan.gov.il)",https://data.nadlan.gov.il/api/pages/neighborhood/buy/65209989.json,"Thu, 20 Aug 2026 10:30:17 GMT",2026-10-07 07:05
neighbourhood,65209989,הצפון החדש - החלק הצפוני,4,2021,Q4,,4166700,1668000,"closed deals (median, Tax Authority data as published by nadlan.gov.il)",https://data.nadlan.gov.il/api/pages/neighborhood/buy/65209989.json,"Thu, 20 Aug 2026 10:30:17 GMT",2026-10-07 07:05
neighbourhood,65209989,הצפון החדש - החלק הצפוני,5,2026,Q1,7704000,7497700,2920600,"closed deals (median, Tax Authority data as published by nadlan.gov.il)",https://data.nadlan.gov.il/api/pages/neighborhood/buy/65209989.json,"Thu, 20 Aug 2026 10:30:17 GMT",2026-10-07 07:05
neighbourhood,65209989,הצפון החדש - החלק הצפוני,5,2025,Q1,9077900,7042600,2921800,"closed deals (median, Tax Authority data as published by nadlan.gov.il)",https://data.nadlan.gov.il/api/pages/neighborhood/buy/65209989.json,"Thu, 20 Aug 2026 10:30:17 GMT",2026-10-07 07:05
neighbourhood,65209989,הצפון החדש - החלק הצפוני,5,2025,Q2,,6752800,2902700,"closed deals (median, Tax Authority data as published by nadlan.gov.il)",https://data.nadlan.gov.il/api/pages/neighborhood/buy/65209989.json,"Thu, 20 Aug 2026 10:30:17 GMT",2026-10-07 07:05
neighbourhood,65209989,הצפון החדש - החלק הצפוני,5,2025,Q3,,7019300,2853800,"closed deals (median, Tax Authority data as published by nadlan.gov.il)",https://data.nadlan.gov.il/api/pages/neighborhood/buy/65209989.json,"Thu, 20 Aug 2026 10:30:17 GMT",2026-10-07 07:05
neighbourhood,65209989,הצפון החדש - החלק הצפוני,5,2025,Q4,,6500900,2951400,"closed deals (median, Tax Authority data as published by nadlan.gov.il)",https://data.nadlan.gov.il/api/pages/neighborhood/buy/65209989.json,"Thu, 20 Aug 2026 10:30:17 GMT",2026-10-07 07:05
neighbourhood,65209989,הצפון החדש - החלק הצפוני,5,2024,Q1,10239600,6433700,2984100,"closed deals (median, Tax Authority data as published by nadlan.gov.il)",https://data.nadlan.gov.il/api/pages/neighborhood/buy/65209989.json,"Thu, 20 Aug 2026 10:30:17 GMT",2026-10-07 07:05
neighbourhood,65209989,הצפון החדש - החלק הצפוני,5,2024,Q2,,5978500,3071200,"closed deals (median, Tax Authority data as published by nadlan.gov.il)",https://data.nadlan.gov.il/api/pages/neighborhood/buy/65209989.json,"Thu, 20 Aug 2026 10:30:17 GMT",2026-10-07 07:05
neighbourhood,65209989,הצפון החדש - החלק הצפוני,5,2024,Q3,,5806100,2944600,"closed deals (median, Tax Authority data as published by nadlan.gov.il)",https://data.nadlan.gov.il/api/pages/neighborhood/buy/65209989.json,"Thu, 20 Aug 2026 10:30:17 GMT",2026-10-07 07:05
neighbourhood,65209989,הצפון החדש - החלק הצפוני,5,2024,Q4,,6203000,2946300,"closed deals (median, Tax Authority data as published by nadlan.gov.il)",https://data.nadlan.gov.il/api/pages/neighborhood/buy/65209989.json,"Thu, 20 Aug 2026 10:30:17 GMT",2026-10-07 07:05
neighbourhood,65209989,הצפון החדש - החלק הצפוני,5,2023,Q1,10339400,6182400,2729500,"closed deals (median, Tax Authority data as published by nadlan.gov.il)",https://data.nadlan.gov.il/api/pages/neighborhood/buy/65209989.json,"Thu, 20 Aug 2026 10:30:17 GMT",2026-10-07 07:05
neighbourhood,65209989,הצפון החדש - החלק הצפוני,5,2023,Q2,,6330200,2834100,"closed deals (median, Tax Authority data as published by nadlan.gov.il)",https://data.nadlan.gov.il/api/pages/neighborhood/buy/65209989.json,"Thu, 20 Aug 2026 10:30:17 GMT",2026-10-07 07:05
neighbourhood,65209989,הצפון החדש - החלק הצפוני,5,2023,Q3,,5590300,2720000,"closed deals (median, Tax Authority data as published by nadlan.gov.il)",https://data.nadlan.gov.il/api/pages/neighborhood/buy/65209989.json,"Thu, 20 Aug 2026 10:30:17 GMT",2026-10-07 07:05
neighbourhood,65209989,הצפון החדש - החלק הצפוני,5,2023,Q4,,6615400,2877200,"closed deals (median, Tax Authority data as published by nadlan.gov.il)",https://data.nadlan.gov.il/api/pages/neighborhood/buy/65209989.json,"Thu, 20 Aug 2026 10:30:17 GMT",2026-10-07 07:05
neighbourhood,65209989,הצפון החדש - החלק הצפוני,5,2022,Q1,10370100,5539000,2484800,"closed deals (median, Tax Authority data as published by nadlan.gov.il)",https://data.nadlan.gov.il/api/pages/neighborhood/buy/65209989.json,"Thu, 20 Aug 2026 10:30:17 GMT",2026-10-07 07:05
neighbourhood,65209989,הצפון החדש - החלק הצפוני,5,2022,Q2,,6129700,2559200,"closed deals (median, Tax Authority data as published by nadlan.gov.il)",https://data.nadlan.gov.il/api/pages/neighborhood/buy/65209989.json,"Thu, 20 Aug 2026 10:30:17 GMT",2026-10-07 07:05
neighbourhood,65209989,הצפון החדש - החלק הצפוני,5,2022,Q3,,5869300,2638900,"closed deals (median, Tax Authority data as published by nadlan.gov.il)",https://data.nadlan.gov.il/api/pages/neighborhood/buy/65209989.json,"Thu, 20 Aug 2026 10:30:17 GMT",2026-10-07 07:05
neighbourhood,65209989,הצפון החדש - החלק הצפוני,5,2022,Q4,,5895800,2532700,"closed deals (median, Tax Authority data as published by nadlan.gov.il)",https://data.nadlan.gov.il/api/pages/neighborhood/buy/65209989.json,"Thu, 20 Aug 2026 10:30:17 GMT",2026-10-07 07:05
neighbourhood,65209989,הצפון החדש - החלק הצפוני,5,2021,Q1,8449700,4774500,2192600,"closed deals (median, Tax Authority data as published by nadlan.gov.il)",https://data.nadlan.gov.il/api/pages/neighborhood/buy/65209989.json,"Thu, 20 Aug 2026 10:30:17 GMT",2026-10-07 07:05
neighbourhood,65209989,הצפון החדש - החלק הצפוני,5,2021,Q2,,5059500,2237600,"closed deals (median, Tax Authority data as published by nadlan.gov.il)",https://data.nadlan.gov.il/api/pages/neighborhood/buy/65209989.json,"Thu, 20 Aug 2026 10:30:17 GMT",2026-10-07 07:05
neighbourhood,65209989,הצפון החדש - החלק הצפוני,5,2021,Q3,,5704100,2279300,"closed deals (median, Tax Authority data as published by nadlan.gov.il)",https://data.nadlan.gov.il/api/pages/neighborhood/buy/65209989.json,"Thu, 20 Aug 2026 10:30:17 GMT",2026-10-07 07:05
neighbourhood,65209989,הצפון החדש - החלק הצפוני,5,2021,Q4,,5433800,2341900,"closed deals (median, Tax Authority data as published by nadlan.gov.il)",https://data.nadlan.gov.il/api/pages/neighborhood/buy/65209989.json,"Thu, 20 Aug 2026 10:30:17 GMT",2026-10-07 07:05
neighbourhood,65209989,הצפון החדש - החלק הצפוני,all,2026,Q1,5082300,,2058800,"closed deals (median, Tax Authority data as published by nadlan.gov.il)",https://data.nadlan.gov.il/api/pages/neighborhood/buy/65209989.json,"Thu, 20 Aug 2026 10:30:17 GMT",2026-10-07 07:05
neighbourhood,65209989,הצפון החדש - החלק הצפוני,all,2025,Q1,3757600,3653500,1989400,"closed deals (median, Tax Authority data as published by nadlan.gov.il)",https://data.nadlan.gov.il/api/pages/neighborhood/buy/65209989.json,"Thu, 20 Aug 2026 10:30:17 GMT",2026-10-07 07:05
neighbourhood,65209989,הצפון החדש - החלק הצפוני,all,2025,Q2,4498400,,1931100,"closed deals (median, Tax Authority data as published by nadlan.gov.il)",https://data.nadlan.gov.il/api/pages/neighborhood/buy/65209989.json,"Thu, 20 Aug 2026 10:30:17 GMT",2026-10-07 07:05
neighbourhood,65209989,הצפון החדש - החלק הצפוני,all,2025,Q3,4493800,3383400,1938500,"closed deals (median, Tax Authority data as published by nadlan.gov.il)",https://data.nadlan.gov.il/api/pages/neighborhood/buy/65209989.json,"Thu, 20 Aug 2026 10:30:17 GMT",2026-10-07 07:05
neighbourhood,65209989,הצפון החדש - החלק הצפוני,all,2025,Q4,4109500,3679000,2010400,"closed deals (median, Tax Authority data as published by nadlan.gov.il)",https://data.nadlan.gov.il/api/pages/neighborhood/buy/65209989.json,"Thu, 20 Aug 2026 10:30:17 GMT",2026-10-07 07:05
neighbourhood,65209989,הצפון החדש - החלק הצפוני,all,2024,Q1,4144500,3785300,2008800,"closed deals (median, Tax Authority data as published by nadlan.gov.il)",https://data.nadlan.gov.il/api/pages/neighborhood/buy/65209989.json,"Thu, 20 Aug 2026 10:30:17 GMT",2026-10-07 07:05
neighbourhood,65209989,הצפון החדש - החלק הצפוני,all,2024,Q2,4344300,3782800,2138400,"closed deals (median, Tax Authority data as published by nadlan.gov.il)",https://data.nadlan.gov.il/api/pages/neighborhood/buy/65209989.json,"Thu, 20 Aug 2026 10:30:17 GMT",2026-10-07 07:05
neighbourhood,65209989,הצפון החדש - החלק הצפוני,all,2024,Q3,5112400,3506000,1979400,"closed deals (median, Tax Authority data as published by nadlan.gov.il)",https://data.nadlan.gov.il/api/pages/neighborhood/buy/65209989.json,"Thu, 20 Aug 2026 10:30:17 GMT",2026-10-07 07:05
neighbourhood,65209989,הצפון החדש - החלק הצפוני,all,2024,Q4,4853300,3583200,2015200,"closed deals (median, Tax Authority data as published by nadlan.gov.il)",https://data.nadlan.gov.il/api/pages/neighborhood/buy/65209989.json,"Thu, 20 Aug 2026 10:30:17 GMT",2026-10-07 07:05
neighbourhood,65209989,הצפון החדש - החלק הצפוני,all,2023,Q1,4215200,3233600,1705300,"closed deals (median, Tax Authority data as published by nadlan.gov.il)",https://data.nadlan.gov.il/api/pages/neighborhood/buy/65209989.json,"Thu, 20 Aug 2026 10:30:17 GMT",2026-10-07 07:05
neighbourhood,65209989,הצפון החדש - החלק הצפוני,all,2023,Q2,,3302200,1738200,"closed deals (median, Tax Authority data as published by nadlan.gov.il)",https://data.nadlan.gov.il/api/pages/neighborhood/buy/65209989.json,"Thu, 20 Aug 2026 10:30:17 GMT",2026-10-07 07:05
neighbourhood,65209989,הצפון החדש - החלק הצפוני,all,2023,Q3,4404700,3416700,1744000,"closed deals (median, Tax Authority data as published by nadlan.gov.il)",https://data.nadlan.gov.il/api/pages/neighborhood/buy/65209989.json,"Thu, 20 Aug 2026 10:30:17 GMT",2026-10-07 07:05
neighbourhood,65209989,הצפון החדש - החלק הצפוני,all,2023,Q4,5139100,3448400,1824300,"closed deals (median, Tax Authority data as published by nadlan.gov.il)",https://data.nadlan.gov.il/api/pages/neighborhood/buy/65209989.json,"Thu, 20 Aug 2026 10:30:17 GMT",2026-10-07 07:05
neighbourhood,65209989,הצפון החדש - החלק הצפוני,all,2022,Q1,4352700,3408800,1673600,"closed deals (median, Tax Authority data as published by nadlan.gov.il)",https://data.nadlan.gov.il/api/pages/neighborhood/buy/65209989.json,"Thu, 20 Aug 2026 10:30:17 GMT",2026-10-07 07:05
neighbourhood,65209989,הצפון החדש - החלק הצפוני,all,2022,Q2,5140100,3545500,1721600,"closed deals (median, Tax Authority data as published by nadlan.gov.il)",https://data.nadlan.gov.il/api/pages/neighborhood/buy/65209989.json,"Thu, 20 Aug 2026 10:30:17 GMT",2026-10-07 07:05
neighbourhood,65209989,הצפון החדש - החלק הצפוני,all,2022,Q3,4782600,3559000,1683200,"closed deals (median, Tax Authority data as published by nadlan.gov.il)",https://data.nadlan.gov.il/api/pages/neighborhood/buy/65209989.json,"Thu, 20 Aug 2026 10:30:17 GMT",2026-10-07 07:05
neighbourhood,65209989,הצפון החדש - החלק הצפוני,all,2022,Q4,4961200,3531900,1674600,"closed deals (median, Tax Authority data as published by nadlan.gov.il)",https://data.nadlan.gov.il/api/pages/neighborhood/buy/65209989.json,"Thu, 20 Aug 2026 10:30:17 GMT",2026-10-07 07:05
neighbourhood,65209989,הצפון החדש - החלק הצפוני,all,2021,Q1,3425500,3094100,1585300,"closed deals (median, Tax Authority data as published by nadlan.gov.il)",https://data.nadlan.gov.il/api/pages/neighborhood/buy/65209989.json,"Thu, 20 Aug 2026 10:30:17 GMT",2026-10-07 07:05
neighbourhood,65209989,הצפון החדש - החלק הצפוני,all,2021,Q2,4372800,3097000,1597100,"closed deals (median, Tax Authority data as published by nadlan.gov.il)",https://data.nadlan.gov.il/api/pages/neighborhood/buy/65209989.json,"Thu, 20 Aug 2026 10:30:17 GMT",2026-10-07 07:05
neighbourhood,65209989,הצפון החדש - החלק הצפוני,all,2021,Q3,4581200,3216000,1604300,"closed deals (median, Tax Authority data as published by nadlan.gov.il)",https://data.nadlan.gov.il/api/pages/neighborhood/buy/65209989.json,"Thu, 20 Aug 2026 10:30:17 GMT",2026-10-07 07:05
neighbourhood,65209989,הצפון החדש - החלק הצפוני,all,2021,Q4,4043400,3247600,1631100,"closed deals (median, Tax Authority data as published by nadlan.gov.il)",https://data.nadlan.gov.il/api/pages/neighborhood/buy/65209989.json,"Thu, 20 Aug 2026 10:30:17 GMT",2026-10-07 07:05
neighbourhood,65209990,הצפון הישן - החלק הצפוני,3,2026,Q1,4879800,4225800,1647500,"closed deals (median, Tax Authority data as published by nadlan.gov.il)",https://data.nadlan.gov.il/api/pages/neighborhood/buy/65209990.json,"Thu, 20 Aug 2026 10:30:17 GMT",2026-10-07 07:05
neighbourhood,65209990,הצפון הישן - החלק הצפוני,3,2025,Q1,4166900,3704300,1584100,"closed deals (median, Tax Authority data as published by nadlan.gov.il)",https://data.nadlan.gov.il/api/pages/neighborhood/buy/65209990.json,"Thu, 20 Aug 2026 10:30:17 GMT",2026-10-07 07:05
neighbourhood,65209990,הצפון הישן - החלק הצפוני,3,2025,Q2,,3824000,1591800,"closed deals (median, Tax Authority data as published by nadlan.gov.il)",https://data.nadlan.gov.il/api/pages/neighborhood/buy/65209990.json,"Thu, 20 Aug 2026 10:30:17 GMT",2026-10-07 07:05
neighbourhood,65209990,הצפון הישן - החלק הצפוני,3,2025,Q3,4235300,3616800,1634900,"closed deals (median, Tax Authority data as published by nadlan.gov.il)",https://data.nadlan.gov.il/api/pages/neighborhood/buy/65209990.json,"Thu, 20 Aug 2026 10:30:17 GMT",2026-10-07 07:05
neighbourhood,65209990,הצפון הישן - החלק הצפוני,3,2025,Q4,,3825400,1599300,"closed deals (median, Tax Authority data as published by nadlan.gov.il)",https://data.nadlan.gov.il/api/pages/neighborhood/buy/65209990.json,"Thu, 20 Aug 2026 10:30:17 GMT",2026-10-07 07:05
neighbourhood,65209990,הצפון הישן - החלק הצפוני,3,2024,Q1,4120900,3672700,1621900,"closed deals (median, Tax Authority data as published by nadlan.gov.il)",https://data.nadlan.gov.il/api/pages/neighborhood/buy/65209990.json,"Thu, 20 Aug 2026 10:30:17 GMT",2026-10-07 07:05
neighbourhood,65209990,הצפון הישן - החלק הצפוני,3,2024,Q2,5131600,3939600,1704100,"closed deals (median, Tax Authority data as published by nadlan.gov.il)",https://data.nadlan.gov.il/api/pages/neighborhood/buy/65209990.json,"Thu, 20 Aug 2026 10:30:17 GMT",2026-10-07 07:05
neighbourhood,65209990,הצפון הישן - החלק הצפוני,3,2024,Q3,4888800,3638300,1625000,"closed deals (median, Tax Authority data as published by nadlan.gov.il)",https://data.nadlan.gov.il/api/pages/neighborhood/buy/65209990.json,"Thu, 20 Aug 2026 10:30:17 GMT",2026-10-07 07:05
neighbourhood,65209990,הצפון הישן - החלק הצפוני,3,2024,Q4,,3476000,1647000,"closed deals (median, Tax Authority data as published by nadlan.gov.il)",https://data.nadlan.gov.il/api/pages/neighborhood/buy/65209990.json,"Thu, 20 Aug 2026 10:30:17 GMT",2026-10-07 07:05
neighbourhood,65209990,הצפון הישן - החלק הצפוני,3,2023,Q1,4387500,3293800,1280100,"closed deals (median, Tax Authority data as published by nadlan.gov.il)",https://data.nadlan.gov.il/api/pages/neighborhood/buy/65209990.json,"Thu, 20 Aug 2026 10:30:17 GMT",2026-10-07 07:05
neighbourhood,65209990,הצפון הישן - החלק הצפוני,3,2023,Q2,,3507100,1337500,"closed deals (median, Tax Authority data as published by nadlan.gov.il)",https://data.nadlan.gov.il/api/pages/neighborhood/buy/65209990.json,"Thu, 20 Aug 2026 10:30:17 GMT",2026-10-07 07:05
neighbourhood,65209990,הצפון הישן - החלק הצפוני,3,2023,Q3,4286400,3647700,1401300,"closed deals (median, Tax Authority data as published by nadlan.gov.il)",https://data.nadlan.gov.il/api/pages/neighborhood/buy/65209990.json,"Thu, 20 Aug 2026 10:30:17 GMT",2026-10-07 07:05
neighbourhood,65209990,הצפון הישן - החלק הצפוני,3,2023,Q4,,3373200,1505900,"closed deals (median, Tax Authority data as published by nadlan.gov.il)",https://data.nadlan.gov.il/api/pages/neighborhood/buy/65209990.json,"Thu, 20 Aug 2026 10:30:17 GMT",2026-10-07 07:05
neighbourhood,65209990,הצפון הישן - החלק הצפוני,3,2022,Q1,4527900,3279800,1244000,"closed deals (median, Tax Authority data as published by nadlan.gov.il)",https://data.nadlan.gov.il/api/pages/neighborhood/buy/65209990.json,"Thu, 20 Aug 2026 10:30:17 GMT",2026-10-07 07:05
neighbourhood,65209990,הצפון הישן - החלק הצפוני,3,2022,Q2,,3518400,1282200,"closed deals (median, Tax Authority data as published by nadlan.gov.il)",https://data.nadlan.gov.il/api/pages/neighborhood/buy/65209990.json,"Thu, 20 Aug 2026 10:30:17 GMT",2026-10-07 07:05
neighbourhood,65209990,הצפון הישן - החלק הצפוני,3,2022,Q3,4580600,3621200,1278900,"closed deals (median, Tax Authority data as published by nadlan.gov.il)",https://data.nadlan.gov.il/api/pages/neighborhood/buy/65209990.json,"Thu, 20 Aug 2026 10:30:17 GMT",2026-10-07 07:05
neighbourhood,65209990,הצפון הישן - החלק הצפוני,3,2022,Q4,,3699700,1269100,"closed deals (median, Tax Authority data as published by nadlan.gov.il)",https://data.nadlan.gov.il/api/pages/neighborhood/buy/65209990.json,"Thu, 20 Aug 2026 10:30:17 GMT",2026-10-07 07:05
neighbourhood,65209990,הצפון הישן - החלק הצפוני,3,2021,Q1,3620400,3057600,1211100,"closed deals (median, Tax Authority data as published by nadlan.gov.il)",https://data.nadlan.gov.il/api/pages/neighborhood/buy/65209990.json,"Thu, 20 Aug 2026 10:30:17 GMT",2026-10-07 07:05
neighbourhood,65209990,הצפון הישן - החלק הצפוני,3,2021,Q2,3658300,3012200,1226100,"closed deals (median, Tax Authority data as published by nadlan.gov.il)",https://data.nadlan.gov.il/api/pages/neighborhood/buy/65209990.json,"Thu, 20 Aug 2026 10:30:17 GMT",2026-10-07 07:05
neighbourhood,65209990,הצפון הישן - החלק הצפוני,3,2021,Q3,3668400,3162500,1222700,"closed deals (median, Tax Authority data as published by nadlan.gov.il)",https://data.nadlan.gov.il/api/pages/neighborhood/buy/65209990.json,"Thu, 20 Aug 2026 10:30:17 GMT",2026-10-07 07:05
neighbourhood,65209990,הצפון הישן - החלק הצפוני,3,2021,Q4,4341400,3291500,1243900,"closed deals (median, Tax Authority data as published by nadlan.gov.il)",https://data.nadlan.gov.il/api/pages/neighborhood/buy/65209990.json,"Thu, 20 Aug 2026 10:30:17 GMT",2026-10-07 07:05
neighbourhood,65209990,הצפון הישן - החלק הצפוני,4,2026,Q1,6542100,5229800,2072000,"closed deals (median, Tax Authority data as published by nadlan.gov.il)",https://data.nadlan.gov.il/api/pages/neighborhood/buy/65209990.json,"Thu, 20 Aug 2026 10:30:17 GMT",2026-10-07 07:05
neighbourhood,65209990,הצפון הישן - החלק הצפוני,4,2025,Q1,6773300,4723800,2178100,"closed deals (median, Tax Authority data as published by nadlan.gov.il)",https://data.nadlan.gov.il/api/pages/neighborhood/buy/65209990.json,"Thu, 20 Aug 2026 10:30:17 GMT",2026-10-07 07:05
neighbourhood,65209990,הצפון הישן - החלק הצפוני,4,2025,Q2,,5119100,2113300,"closed deals (median, Tax Authority data as published by nadlan.gov.il)",https://data.nadlan.gov.il/api/pages/neighborhood/buy/65209990.json,"Thu, 20 Aug 2026 10:30:17 GMT",2026-10-07 07:05
neighbourhood,65209990,הצפון הישן - החלק הצפוני,4,2025,Q3,,5046700,2058100,"closed deals (median, Tax Authority data as published by nadlan.gov.il)",https://data.nadlan.gov.il/api/pages/neighborhood/buy/65209990.json,"Thu, 20 Aug 2026 10:30:17 GMT",2026-10-07 07:05
neighbourhood,65209990,הצפון הישן - החלק הצפוני,4,2025,Q4,,5070900,2114000,"closed deals (median, Tax Authority data as published by nadlan.gov.il)",https://data.nadlan.gov.il/api/pages/neighborhood/buy/65209990.json,"Thu, 20 Aug 2026 10:30:17 GMT",2026-10-07 07:05
neighbourhood,65209990,הצפון הישן - החלק הצפוני,4,2024,Q1,6205200,4697600,2169200,"closed deals (median, Tax Authority data as published by nadlan.gov.il)",https://data.nadlan.gov.il/api/pages/neighborhood/buy/65209990.json,"Thu, 20 Aug 2026 10:30:17 GMT",2026-10-07 07:05
neighbourhood,65209990,הצפון הישן - החלק הצפוני,4,2024,Q2,,4371300,2265900,"closed deals (median, Tax Authority data as published by nadlan.gov.il)",https://data.nadlan.gov.il/api/pages/neighborhood/buy/65209990.json,"Thu, 20 Aug 2026 10:30:17 GMT",2026-10-07 07:05
neighbourhood,65209990,הצפון הישן - החלק הצפוני,4,2024,Q4,,4866700,2154500,"closed deals (median, Tax Authority data as published by nadlan.gov.il)",https://data.nadlan.gov.il/api/pages/neighborhood/buy/65209990.json,"Thu, 20 Aug 2026 10:30:17 GMT",2026-10-07 07:05
neighbourhood,65209990,הצפון הישן - החלק הצפוני,4,2023,Q1,6305000,4638500,1865400,"closed deals (median, Tax Authority data as published by nadlan.gov.il)",https://data.nadlan.gov.il/api/pages/neighborhood/buy/65209990.json,"Thu, 20 Aug 2026 10:30:17 GMT",2026-10-07 07:05
neighbourhood,65209990,הצפון הישן - החלק הצפוני,4,2023,Q2,,5035400,1867500,"closed deals (median, Tax Authority data as published by nadlan.gov.il)",https://data.nadlan.gov.il/api/pages/neighborhood/buy/65209990.json,"Thu, 20 Aug 2026 10:30:17 GMT",2026-10-07 07:05
neighbourhood,65209990,הצפון הישן - החלק הצפוני,4,2023,Q3,,4149000,1894900,"closed deals (median, Tax Authority data as published by nadlan.gov.il)",https://data.nadlan.gov.il/api/pages/neighborhood/buy/65209990.json,"Thu, 20 Aug 2026 10:30:17 GMT",2026-10-07 07:05
neighbourhood,65209990,הצפון הישן - החלק הצפוני,4,2023,Q4,,4494100,1996300,"closed deals (median, Tax Authority data as published by nadlan.gov.il)",https://data.nadlan.gov.il/api/pages/neighborhood/buy/65209990.json,"Thu, 20 Aug 2026 10:30:17 GMT",2026-10-07 07:05
neighbourhood,65209990,הצפון הישן - החלק הצפוני,4,2022,Q1,,4382900,1691000,"closed deals (median, Tax Authority data as published by nadlan.gov.il)",https://data.nadlan.gov.il/api/pages/neighborhood/buy/65209990.json,"Thu, 20 Aug 2026 10:30:17 GMT",2026-10-07 07:05
neighbourhood,65209990,הצפון הישן - החלק הצפוני,4,2022,Q2,,4597100,1811500,"closed deals (median, Tax Authority data as published by nadlan.gov.il)",https://data.nadlan.gov.il/api/pages/neighborhood/buy/65209990.json,"Thu, 20 Aug 2026 10:30:17 GMT",2026-10-07 07:05
neighbourhood,65209990,הצפון הישן - החלק הצפוני,4,2022,Q3,,4471000,1784600,"closed deals (median, Tax Authority data as published by nadlan.gov.il)",https://data.nadlan.gov.il/api/pages/neighborhood/buy/65209990.json,"Thu, 20 Aug 2026 10:30:17 GMT",2026-10-07 07:05
neighbourhood,65209990,הצפון הישן - החלק הצפוני,4,2022,Q4,,4727600,1846700,"closed deals (median, Tax Authority data as published by nadlan.gov.il)",https://data.nadlan.gov.il/api/pages/neighborhood/buy/65209990.json,"Thu, 20 Aug 2026 10:30:17 GMT",2026-10-07 07:05
neighbourhood,65209990,הצפון הישן - החלק הצפוני,4,2021,Q1,5223600,3748500,1579400,"closed deals (median, Tax Authority data as published by nadlan.gov.il)",https://data.nadlan.gov.il/api/pages/neighborhood/buy/65209990.json,"Thu, 20 Aug 2026 10:30:17 GMT",2026-10-07 07:05
neighbourhood,65209990,הצפון הישן - החלק הצפוני,4,2021,Q2,,3899500,1615700,"closed deals (median, Tax Authority data as published by nadlan.gov.il)",https://data.nadlan.gov.il/api/pages/neighborhood/buy/65209990.json,"Thu, 20 Aug 2026 10:30:17 GMT",2026-10-07 07:05
neighbourhood,65209990,הצפון הישן - החלק הצפוני,4,2021,Q3,5450400,4000100,1618300,"closed deals (median, Tax Authority data as published by nadlan.gov.il)",https://data.nadlan.gov.il/api/pages/neighborhood/buy/65209990.json,"Thu, 20 Aug 2026 10:30:17 GMT",2026-10-07 07:05
neighbourhood,65209990,הצפון הישן - החלק הצפוני,4,2021,Q4,,4166700,1668000,"closed deals (median, Tax Authority data as published by nadlan.gov.il)",https://data.nadlan.gov.il/api/pages/neighborhood/buy/65209990.json,"Thu, 20 Aug 2026 10:30:17 GMT",2026-10-07 07:05
neighbourhood,65209990,הצפון הישן - החלק הצפוני,5,2026,Q1,,7497700,2920600,"closed deals (median, Tax Authority data as published by nadlan.gov.il)",https://data.nadlan.gov.il/api/pages/neighborhood/buy/65209990.json,"Thu, 20 Aug 2026 10:30:17 GMT",2026-10-07 07:05
neighbourhood,65209990,הצפון הישן - החלק הצפוני,5,2025,Q1,11183000,7042600,2921800,"closed deals (median, Tax Authority data as published by nadlan.gov.il)",https://data.nadlan.gov.il/api/pages/neighborhood/buy/65209990.json,"Thu, 20 Aug 2026 10:30:17 GMT",2026-10-07 07:05
neighbourhood,65209990,הצפון הישן - החלק הצפוני,5,2025,Q2,,6752800,2902700,"closed deals (median, Tax Authority data as published by nadlan.gov.il)",https://data.nadlan.gov.il/api/pages/neighborhood/buy/65209990.json,"Thu, 20 Aug 2026 10:30:17 GMT",2026-10-07 07:05
neighbourhood,65209990,הצפון הישן - החלק הצפוני,5,2025,Q3,,7019300,2853800,"closed deals (median, Tax Authority data as published by nadlan.gov.il)",https://data.nadlan.gov.il/api/pages/neighborhood/buy/65209990.json,"Thu, 20 Aug 2026 10:30:17 GMT",2026-10-07 07:05
neighbourhood,65209990,הצפון הישן - החלק הצפוני,5,2025,Q4,,6500900,2951400,"closed deals (median, Tax Authority data as published by nadlan.gov.il)",https://data.nadlan.gov.il/api/pages/neighborhood/buy/65209990.json,"Thu, 20 Aug 2026 10:30:17 GMT",2026-10-07 07:05
neighbourhood,65209990,הצפון הישן - החלק הצפוני,5,2024,Q1,13132600,6433700,2984100,"closed deals (median, Tax Authority data as published by nadlan.gov.il)",https://data.nadlan.gov.il/api/pages/neighborhood/buy/65209990.json,"Thu, 20 Aug 2026 10:30:17 GMT",2026-10-07 07:05
neighbourhood,65209990,הצפון הישן - החלק הצפוני,5,2024,Q2,,5978500,3071200,"closed deals (median, Tax Authority data as published by nadlan.gov.il)",https://data.nadlan.gov.il/api/pages/neighborhood/buy/65209990.json,"Thu, 20 Aug 2026 10:30:17 GMT",2026-10-07 07:05
neighbourhood,65209990,הצפון הישן - החלק הצפוני,5,2024,Q3,,5806100,2944600,"closed deals (median, Tax Authority data as published by nadlan.gov.il)",https://data.nadlan.gov.il/api/pages/neighborhood/buy/65209990.json,"Thu, 20 Aug 2026 10:30:17 GMT",2026-10-07 07:05
neighbourhood,65209990,הצפון הישן - החלק הצפוני,5,2024,Q4,,6203000,2946300,"closed deals (median, Tax Authority data as published by nadlan.gov.il)",https://data.nadlan.gov.il/api/pages/neighborhood/buy/65209990.json,"Thu, 20 Aug 2026 10:30:17 GMT",2026-10-07 07:05
neighbourhood,65209990,הצפון הישן - החלק הצפוני,5,2023,Q1,,6182400,2729500,"closed deals (median, Tax Authority data as published by nadlan.gov.il)",https://data.nadlan.gov.il/api/pages/neighborhood/buy/65209990.json,"Thu, 20 Aug 2026 10:30:17 GMT",2026-10-07 07:05
neighbourhood,65209990,הצפון הישן - החלק הצפוני,5,2023,Q2,,6330200,2834100,"closed deals (median, Tax Authority data as published by nadlan.gov.il)",https://data.nadlan.gov.il/api/pages/neighborhood/buy/65209990.json,"Thu, 20 Aug 2026 10:30:17 GMT",2026-10-07 07:05
neighbourhood,65209990,הצפון הישן - החלק הצפוני,5,2023,Q3,,5590300,2720000,"closed deals (median, Tax Authority data as published by nadlan.gov.il)",https://data.nadlan.gov.il/api/pages/neighborhood/buy/65209990.json,"Thu, 20 Aug 2026 10:30:17 GMT",2026-10-07 07:05
neighbourhood,65209990,הצפון הישן - החלק הצפוני,5,2023,Q4,,6615400,2877200,"closed deals (median, Tax Authority data as published by nadlan.gov.il)",https://data.nadlan.gov.il/api/pages/neighborhood/buy/65209990.json,"Thu, 20 Aug 2026 10:30:17 GMT",2026-10-07 07:05
neighbourhood,65209990,הצפון הישן - החלק הצפוני,5,2022,Q1,12366900,5539000,2484800,"closed deals (median, Tax Authority data as published by nadlan.gov.il)",https://data.nadlan.gov.il/api/pages/neighborhood/buy/65209990.json,"Thu, 20 Aug 2026 10:30:17 GMT",2026-10-07 07:05
neighbourhood,65209990,הצפון הישן - החלק הצפוני,5,2022,Q2,,6129700,2559200,"closed deals (median, Tax Authority data as published by nadlan.gov.il)",https://data.nadlan.gov.il/api/pages/neighborhood/buy/65209990.json,"Thu, 20 Aug 2026 10:30:17 GMT",2026-10-07 07:05
neighbourhood,65209990,הצפון הישן - החלק הצפוני,5,2022,Q3,,5869300,2638900,"closed deals (median, Tax Authority data as published by nadlan.gov.il)",https://data.nadlan.gov.il/api/pages/neighborhood/buy/65209990.json,"Thu, 20 Aug 2026 10:30:17 GMT",2026-10-07 07:05
neighbourhood,65209990,הצפון הישן - החלק הצפוני,5,2022,Q4,,5895800,2532700,"closed deals (median, Tax Authority data as published by nadlan.gov.il)",https://data.nadlan.gov.il/api/pages/neighborhood/buy/65209990.json,"Thu, 20 Aug 2026 10:30:17 GMT",2026-10-07 07:05
neighbourhood,65209990,הצפון הישן - החלק הצפוני,5,2021,Q1,10400600,4774500,2192600,"closed deals (median, Tax Authority data as published by nadlan.gov.il)",https://data.nadlan.gov.il/api/pages/neighborhood/buy/65209990.json,"Thu, 20 Aug 2026 10:30:17 GMT",2026-10-07 07:05
neighbourhood,65209990,הצפון הישן - החלק הצפוני,5,2021,Q2,,5059500,2237600,"closed deals (median, Tax Authority data as published by nadlan.gov.il)",https://data.nadlan.gov.il/api/pages/neighborhood/buy/65209990.json,"Thu, 20 Aug 2026 10:30:17 GMT",2026-10-07 07:05
neighbourhood,65209990,הצפון הישן - החלק הצפוני,5,2021,Q3,,5704100,2279300,"closed deals (median, Tax Authority data as published by nadlan.gov.il)",https://data.nadlan.gov.il/api/pages/neighborhood/buy/65209990.json,"Thu, 20 Aug 2026 10:30:17 GMT",2026-10-07 07:05
neighbourhood,65209990,הצפון הישן - החלק הצפוני,5,2021,Q4,,5433800,2341900,"closed deals (median, Tax Authority data as published by nadlan.gov.il)",https://data.nadlan.gov.il/api/pages/neighborhood/buy/65209990.json,"Thu, 20 Aug 2026 10:30:17 GMT",2026-10-07 07:05
neighbourhood,65209990,הצפון הישן - החלק הצפוני,all,2026,Q1,4554700,,2058800,"closed deals (median, Tax Authority data as published by nadlan.gov.il)",https://data.nadlan.gov.il/api/pages/neighborhood/buy/65209990.json,"Thu, 20 Aug 2026 10:30:17 GMT",2026-10-07 07:05
neighbourhood,65209990,הצפון הישן - החלק הצפוני,all,2025,Q1,3592500,3653500,1989400,"closed deals (median, Tax Authority data as published by nadlan.gov.il)",https://data.nadlan.gov.il/api/pages/neighborhood/buy/65209990.json,"Thu, 20 Aug 2026 10:30:17 GMT",2026-10-07 07:05
neighbourhood,65209990,הצפון הישן - החלק הצפוני,all,2025,Q2,3337100,,1931100,"closed deals (median, Tax Authority data as published by nadlan.gov.il)",https://data.nadlan.gov.il/api/pages/neighborhood/buy/65209990.json,"Thu, 20 Aug 2026 10:30:17 GMT",2026-10-07 07:05
neighbourhood,65209990,הצפון הישן - החלק הצפוני,all,2025,Q3,3417100,3383400,1938500,"closed deals (median, Tax Authority data as published by nadlan.gov.il)",https://data.nadlan.gov.il/api/pages/neighborhood/buy/65209990.json,"Thu, 20 Aug 2026 10:30:17 GMT",2026-10-07 07:05
neighbourhood,65209990,הצפון הישן - החלק הצפוני,all,2025,Q4,4124000,3679000,2010400,"closed deals (median, Tax Authority data as published by nadlan.gov.il)",https://data.nadlan.gov.il/api/pages/neighborhood/buy/65209990.json,"Thu, 20 Aug 2026 10:30:17 GMT",2026-10-07 07:05
neighbourhood,65209990,הצפון הישן - החלק הצפוני,all,2024,Q1,3483800,3785300,2008800,"closed deals (median, Tax Authority data as published by nadlan.gov.il)",https://data.nadlan.gov.il/api/pages/neighborhood/buy/65209990.json,"Thu, 20 Aug 2026 10:30:17 GMT",2026-10-07 07:05
neighbourhood,65209990,הצפון הישן - החלק הצפוני,all,2024,Q2,4154700,3782800,2138400,"closed deals (median, Tax Authority data as published by nadlan.gov.il)",https://data.nadlan.gov.il/api/pages/neighborhood/buy/65209990.json,"Thu, 20 Aug 2026 10:30:17 GMT",2026-10-07 07:05
neighbourhood,65209990,הצפון הישן - החלק הצפוני,all,2024,Q3,3421600,3506000,1979400,"closed deals (median, Tax Authority data as published by nadlan.gov.il)",https://data.nadlan.gov.il/api/pages/neighborhood/buy/65209990.json,"Thu, 20 Aug 2026 10:30:17 GMT",2026-10-07 07:05
neighbourhood,65209990,הצפון הישן - החלק הצפוני,all,2024,Q4,3433900,3583200,2015200,"closed deals (median, Tax Authority data as published by nadlan.gov.il)",https://data.nadlan.gov.il/api/pages/neighborhood/buy/65209990.json,"Thu, 20 Aug 2026 10:30:17 GMT",2026-10-07 07:05
neighbourhood,65209990,הצפון הישן - החלק הצפוני,all,2023,Q1,3377600,3233600,1705300,"closed deals (median, Tax Authority data as published by nadlan.gov.il)",https://data.nadlan.gov.il/api/pages/neighborhood/buy/65209990.json,"Thu, 20 Aug 2026 10:30:17 GMT",2026-10-07 07:05
neighbourhood,65209990,הצפון הישן - החלק הצפוני,all,2023,Q2,3697300,3302200,1738200,"closed deals (median, Tax Authority data as published by nadlan.gov.il)",https://data.nadlan.gov.il/api/pages/neighborhood/buy/65209990.json,"Thu, 20 Aug 2026 10:30:17 GMT",2026-10-07 07:05
neighbourhood,65209990,הצפון הישן - החלק הצפוני,all,2023,Q3,3359700,3416700,1744000,"closed deals (median, Tax Authority data as published by nadlan.gov.il)",https://data.nadlan.gov.il/api/pages/neighborhood/buy/65209990.json,"Thu, 20 Aug 2026 10:30:17 GMT",2026-10-07 07:05
neighbourhood,65209990,הצפון הישן - החלק הצפוני,all,2023,Q4,3201700,3448400,1824300,"closed deals (median, Tax Authority data as published by nadlan.gov.il)",https://data.nadlan.gov.il/api/pages/neighborhood/buy/65209990.json,"Thu, 20 Aug 2026 10:30:17 GMT",2026-10-07 07:05
neighbourhood,65209990,הצפון הישן - החלק הצפוני,all,2022,Q1,3107100,3408800,1673600,"closed deals (median, Tax Authority data as published by nadlan.gov.il)",https://data.nadlan.gov.il/api/pages/neighborhood/buy/65209990.json,"Thu, 20 Aug 2026 10:30:17 GMT",2026-10-07 07:05
neighbourhood,65209990,הצפון הישן - החלק הצפוני,all,2022,Q2,3638800,3545500,1721600,"closed deals (median, Tax Authority data as published by nadlan.gov.il)",https://data.nadlan.gov.il/api/pages/neighborhood/buy/65209990.json,"Thu, 20 Aug 2026 10:30:17 GMT",2026-10-07 07:05
neighbourhood,65209990,הצפון הישן - החלק הצפוני,all,2022,Q3,3450700,3559000,1683200,"closed deals (median, Tax Authority data as published by nadlan.gov.il)",https://data.nadlan.gov.il/api/pages/neighborhood/buy/65209990.json,"Thu, 20 Aug 2026 10:30:17 GMT",2026-10-07 07:05
neighbourhood,65209990,הצפון הישן - החלק הצפוני,all,2022,Q4,3710500,3531900,1674600,"closed deals (median, Tax Authority data as published by nadlan.gov.il)",https://data.nadlan.gov.il/api/pages/neighborhood/buy/65209990.json,"Thu, 20 Aug 2026 10:30:17 GMT",2026-10-07 07:05
neighbourhood,65209990,הצפון הישן - החלק הצפוני,all,2021,Q1,3091400,3094100,1585300,"closed deals (median, Tax Authority data as published by nadlan.gov.il)",https://data.nadlan.gov.il/api/pages/neighborhood/buy/65209990.json,"Thu, 20 Aug 2026 10:30:17 GMT",2026-10-07 07:05
neighbourhood,65209990,הצפון הישן - החלק הצפוני,all,2021,Q2,2790000,3097000,1597100,"closed deals (median, Tax Authority data as published by nadlan.gov.il)",https://data.nadlan.gov.il/api/pages/neighborhood/buy/65209990.json,"Thu, 20 Aug 2026 10:30:17 GMT",2026-10-07 07:05
neighbourhood,65209990,הצפון הישן - החלק הצפוני,all,2021,Q3,3157300,3216000,1604300,"closed deals (median, Tax Authority data as published by nadlan.gov.il)",https://data.nadlan.gov.il/api/pages/neighborhood/buy/65209990.json,"Thu, 20 Aug 2026 10:30:17 GMT",2026-10-07 07:05
neighbourhood,65209990,הצפון הישן - החלק הצפוני,all,2021,Q4,3485000,3247600,1631100,"closed deals (median, Tax Authority data as published by nadlan.gov.il)",https://data.nadlan.gov.il/api/pages/neighborhood/buy/65209990.json,"Thu, 20 Aug 2026 10:30:17 GMT",2026-10-07 07:05
neighbourhood,65209991,הצפון החדש - סביבת כיכר המדינה,3,2026,Q1,4943500,4225800,1647500,"closed deals (median, Tax Authority data as published by nadlan.gov.il)",https://data.nadlan.gov.il/api/pages/neighborhood/buy/65209991.json,"Thu, 20 Aug 2026 10:30:17 GMT",2026-10-07 07:05
neighbourhood,65209991,הצפון החדש - סביבת כיכר המדינה,3,2025,Q1,,3704300,1584100,"closed deals (median, Tax Authority data as published by nadlan.gov.il)",https://data.nadlan.gov.il/api/pages/neighborhood/buy/65209991.json,"Thu, 20 Aug 2026 10:30:17 GMT",2026-10-07 07:05
neighbourhood,65209991,הצפון החדש - סביבת כיכר המדינה,3,2025,Q2,5118700,3824000,1591800,"closed deals (median, Tax Authority data as published by nadlan.gov.il)",https://data.nadlan.gov.il/api/pages/neighborhood/buy/65209991.json,"Thu, 20 Aug 2026 10:30:17 GMT",2026-10-07 07:05
neighbourhood,65209991,הצפון החדש - סביבת כיכר המדינה,3,2025,Q3,4622100,3616800,1634900,"closed deals (median, Tax Authority data as published by nadlan.gov.il)",https://data.nadlan.gov.il/api/pages/neighborhood/buy/65209991.json,"Thu, 20 Aug 2026 10:30:17 GMT",2026-10-07 07:05
neighbourhood,65209991,הצפון החדש - סביבת כיכר המדינה,3,2025,Q4,4655200,3825400,1599300,"closed deals (median, Tax Authority data as published by nadlan.gov.il)",https://data.nadlan.gov.il/api/pages/neighborhood/buy/65209991.json,"Thu, 20 Aug 2026 10:30:17 GMT",2026-10-07 07:05
neighbourhood,65209991,הצפון החדש - סביבת כיכר המדינה,3,2024,Q1,5120300,3672700,1621900,"closed deals (median, Tax Authority data as published by nadlan.gov.il)",https://data.nadlan.gov.il/api/pages/neighborhood/buy/65209991.json,"Thu, 20 Aug 2026 10:30:17 GMT",2026-10-07 07:05
neighbourhood,65209991,הצפון החדש - סביבת כיכר המדינה,3,2024,Q2,5029700,3939600,1704100,"closed deals (median, Tax Authority data as published by nadlan.gov.il)",https://data.nadlan.gov.il/api/pages/neighborhood/buy/65209991.json,"Thu, 20 Aug 2026 10:30:17 GMT",2026-10-07 07:05
neighbourhood,65209991,הצפון החדש - סביבת כיכר המדינה,3,2024,Q3,4842200,3638300,1625000,"closed deals (median, Tax Authority data as published by nadlan.gov.il)",https://data.nadlan.gov.il/api/pages/neighborhood/buy/65209991.json,"Thu, 20 Aug 2026 10:30:17 GMT",2026-10-07 07:05
neighbourhood,65209991,הצפון החדש - סביבת כיכר המדינה,3,2024,Q4,5379400,3476000,1647000,"closed deals (median, Tax Authority data as published by nadlan.gov.il)",https://data.nadlan.gov.il/api/pages/neighborhood/buy/65209991.json,"Thu, 20 Aug 2026 10:30:17 GMT",2026-10-07 07:05
neighbourhood,65209991,הצפון החדש - סביבת כיכר המדינה,3,2023,Q1,5100300,3293800,1280100,"closed deals (median, Tax Authority data as published by nadlan.gov.il)",https://data.nadlan.gov.il/api/pages/neighborhood/buy/65209991.json,"Thu, 20 Aug 2026 10:30:17 GMT",2026-10-07 07:05
neighbourhood,65209991,הצפון החדש - סביבת כיכר המדינה,3,2023,Q2,,3507100,1337500,"closed deals (median, Tax Authority data as published by nadlan.gov.il)",https://data.nadlan.gov.il/api/pages/neighborhood/buy/65209991.json,"Thu, 20 Aug 2026 10:30:17 GMT",2026-10-07 07:05
neighbourhood,65209991,הצפון החדש - סביבת כיכר המדינה,3,2023,Q3,4872200,3647700,1401300,"closed deals (median, Tax Authority data as published by nadlan.gov.il)",https://data.nadlan.gov.il/api/pages/neighborhood/buy/65209991.json,"Thu, 20 Aug 2026 10:30:17 GMT",2026-10-07 07:05
neighbourhood,65209991,הצפון החדש - סביבת כיכר המדינה,3,2023,Q4,,3373200,1505900,"closed deals (median, Tax Authority data as published by nadlan.gov.il)",https://data.nadlan.gov.il/api/pages/neighborhood/buy/65209991.json,"Thu, 20 Aug 2026 10:30:17 GMT",2026-10-07 07:05
neighbourhood,65209991,הצפון החדש - סביבת כיכר המדינה,3,2022,Q1,4551300,3279800,1244000,"closed deals (median, Tax Authority data as published by nadlan.gov.il)",https://data.nadlan.gov.il/api/pages/neighborhood/buy/65209991.json,"Thu, 20 Aug 2026 10:30:17 GMT",2026-10-07 07:05
neighbourhood,65209991,הצפון החדש - סביבת כיכר המדינה,3,2022,Q2,,3518400,1282200,"closed deals (median, Tax Authority data as published by nadlan.gov.il)",https://data.nadlan.gov.il/api/pages/neighborhood/buy/65209991.json,"Thu, 20 Aug 2026 10:30:17 GMT",2026-10-07 07:05
neighbourhood,65209991,הצפון החדש - סביבת כיכר המדינה,3,2022,Q3,5029600,3621200,1278900,"closed deals (median, Tax Authority data as published by nadlan.gov.il)",https://data.nadlan.gov.il/api/pages/neighborhood/buy/65209991.json,"Thu, 20 Aug 2026 10:30:17 GMT",2026-10-07 07:05
neighbourhood,65209991,הצפון החדש - סביבת כיכר המדינה,3,2022,Q4,,3699700,1269100,"closed deals (median, Tax Authority data as published by nadlan.gov.il)",https://data.nadlan.gov.il/api/pages/neighborhood/buy/65209991.json,"Thu, 20 Aug 2026 10:30:17 GMT",2026-10-07 07:05
neighbourhood,65209991,הצפון החדש - סביבת כיכר המדינה,3,2021,Q1,4084800,3057600,1211100,"closed deals (median, Tax Authority data as published by nadlan.gov.il)",https://data.nadlan.gov.il/api/pages/neighborhood/buy/65209991.json,"Thu, 20 Aug 2026 10:30:17 GMT",2026-10-07 07:05
neighbourhood,65209991,הצפון החדש - סביבת כיכר המדינה,3,2021,Q2,,3012200,1226100,"closed deals (median, Tax Authority data as published by nadlan.gov.il)",https://data.nadlan.gov.il/api/pages/neighborhood/buy/65209991.json,"Thu, 20 Aug 2026 10:30:17 GMT",2026-10-07 07:05
neighbourhood,65209991,הצפון החדש - סביבת כיכר המדינה,3,2021,Q3,4793700,3162500,1222700,"closed deals (median, Tax Authority data as published by nadlan.gov.il)",https://data.nadlan.gov.il/api/pages/neighborhood/buy/65209991.json,"Thu, 20 Aug 2026 10:30:17 GMT",2026-10-07 07:05
neighbourhood,65209991,הצפון החדש - סביבת כיכר המדינה,3,2021,Q4,4572600,3291500,1243900,"closed deals (median, Tax Authority data as published by nadlan.gov.il)",https://data.nadlan.gov.il/api/pages/neighborhood/buy/65209991.json,"Thu, 20 Aug 2026 10:30:17 GMT",2026-10-07 07:05
neighbourhood,65209991,הצפון החדש - סביבת כיכר המדינה,4,2026,Q1,6835800,5229800,2072000,"closed deals (median, Tax Authority data as published by nadlan.gov.il)",https://data.nadlan.gov.il/api/pages/neighborhood/buy/65209991.json,"Thu, 20 Aug 2026 10:30:17 GMT",2026-10-07 07:05
neighbourhood,65209991,הצפון החדש - סביבת כיכר המדינה,4,2025,Q1,6698300,4723800,2178100,"closed deals (median, Tax Authority data as published by nadlan.gov.il)",https://data.nadlan.gov.il/api/pages/neighborhood/buy/65209991.json,"Thu, 20 Aug 2026 10:30:17 GMT",2026-10-07 07:05
neighbourhood,65209991,הצפון החדש - סביבת כיכר המדינה,4,2025,Q2,,5119100,2113300,"closed deals (median, Tax Authority data as published by nadlan.gov.il)",https://data.nadlan.gov.il/api/pages/neighborhood/buy/65209991.json,"Thu, 20 Aug 2026 10:30:17 GMT",2026-10-07 07:05
neighbourhood,65209991,הצפון החדש - סביבת כיכר המדינה,4,2025,Q3,6439600,5046700,2058100,"closed deals (median, Tax Authority data as published by nadlan.gov.il)",https://data.nadlan.gov.il/api/pages/neighborhood/buy/65209991.json,"Thu, 20 Aug 2026 10:30:17 GMT",2026-10-07 07:05
neighbourhood,65209991,הצפון החדש - סביבת כיכר המדינה,4,2025,Q4,,5070900,2114000,"closed deals (median, Tax Authority data as published by nadlan.gov.il)",https://data.nadlan.gov.il/api/pages/neighborhood/buy/65209991.json,"Thu, 20 Aug 2026 10:30:17 GMT",2026-10-07 07:05
neighbourhood,65209991,הצפון החדש - סביבת כיכר המדינה,4,2024,Q1,,4697600,2169200,"closed deals (median, Tax Authority data as published by nadlan.gov.il)",https://data.nadlan.gov.il/api/pages/neighborhood/buy/65209991.json,"Thu, 20 Aug 2026 10:30:17 GMT",2026-10-07 07:05
neighbourhood,65209991,הצפון החדש - סביבת כיכר המדינה,4,2024,Q2,6275500,4371300,2265900,"closed deals (median, Tax Authority data as published by nadlan.gov.il)",https://data.nadlan.gov.il/api/pages/neighborhood/buy/65209991.json,"Thu, 20 Aug 2026 10:30:17 GMT",2026-10-07 07:05
neighbourhood,65209991,הצפון החדש - סביבת כיכר המדינה,4,2024,Q3,6631900,,2101600,"closed deals (median, Tax Authority data as published by nadlan.gov.il)",https://data.nadlan.gov.il/api/pages/neighborhood/buy/65209991.json,"Thu, 20 Aug 2026 10:30:17 GMT",2026-10-07 07:05
neighbourhood,65209991,הצפון החדש - סביבת כיכר המדינה,4,2024,Q4,6467100,4866700,2154500,"closed deals (median, Tax Authority data as published by nadlan.gov.il)",https://data.nadlan.gov.il/api/pages/neighborhood/buy/65209991.json,"Thu, 20 Aug 2026 10:30:17 GMT",2026-10-07 07:05
neighbourhood,65209991,הצפון החדש - סביבת כיכר המדינה,4,2023,Q1,6573800,4638500,1865400,"closed deals (median, Tax Authority data as published by nadlan.gov.il)",https://data.nadlan.gov.il/api/pages/neighborhood/buy/65209991.json,"Thu, 20 Aug 2026 10:30:17 GMT",2026-10-07 07:05
neighbourhood,65209991,הצפון החדש - סביבת כיכר המדינה,4,2023,Q2,,5035400,1867500,"closed deals (median, Tax Authority data as published by nadlan.gov.il)",https://data.nadlan.gov.il/api/pages/neighborhood/buy/65209991.json,"Thu, 20 Aug 2026 10:30:17 GMT",2026-10-07 07:05
neighbourhood,65209991,הצפון החדש - סביבת כיכר המדינה,4,2023,Q3,6338700,4149000,1894900,"closed deals (median, Tax Authority data as published by nadlan.gov.il)",https://data.nadlan.gov.il/api/pages/neighborhood/buy/65209991.json,"Thu, 20 Aug 2026 10:30:17 GMT",2026-10-07 07:05
neighbourhood,65209991,הצפון החדש - סביבת כיכר המדינה,4,2023,Q4,,4494100,1996300,"closed deals (median, Tax Authority data as published by nadlan.gov.il)",https://data.nadlan.gov.il/api/pages/neighborhood/buy/65209991.json,"Thu, 20 Aug 2026 10:30:17 GMT",2026-10-07 07:05
neighbourhood,65209991,הצפון החדש - סביבת כיכר המדינה,4,2022,Q1,6600800,4382900,1691000,"closed deals (median, Tax Authority data as published by nadlan.gov.il)",https://data.nadlan.gov.il/api/pages/neighborhood/buy/65209991.json,"Thu, 20 Aug 2026 10:30:17 GMT",2026-10-07 07:05
neighbourhood,65209991,הצפון החדש - סביבת כיכר המדינה,4,2022,Q2,,4597100,1811500,"closed deals (median, Tax Authority data as published by nadlan.gov.il)",https://data.nadlan.gov.il/api/pages/neighborhood/buy/65209991.json,"Thu, 20 Aug 2026 10:30:17 GMT",2026-10-07 07:05
neighbourhood,65209991,הצפון החדש - סביבת כיכר המדינה,4,2022,Q3,6706900,4471000,1784600,"closed deals (median, Tax Authority data as published by nadlan.gov.il)",https://data.nadlan.gov.il/api/pages/neighborhood/buy/65209991.json,"Thu, 20 Aug 2026 10:30:17 GMT",2026-10-07 07:05
neighbourhood,65209991,הצפון החדש - סביבת כיכר המדינה,4,2022,Q4,,4727600,1846700,"closed deals (median, Tax Authority data as published by nadlan.gov.il)",https://data.nadlan.gov.il/api/pages/neighborhood/buy/65209991.json,"Thu, 20 Aug 2026 10:30:17 GMT",2026-10-07 07:05
neighbourhood,65209991,הצפון החדש - סביבת כיכר המדינה,4,2021,Q1,5247600,3748500,1579400,"closed deals (median, Tax Authority data as published by nadlan.gov.il)",https://data.nadlan.gov.il/api/pages/neighborhood/buy/65209991.json,"Thu, 20 Aug 2026 10:30:17 GMT",2026-10-07 07:05
neighbourhood,65209991,הצפון החדש - סביבת כיכר המדינה,4,2021,Q2,5920500,3899500,1615700,"closed deals (median, Tax Authority data as published by nadlan.gov.il)",https://data.nadlan.gov.il/api/pages/neighborhood/buy/65209991.json,"Thu, 20 Aug 2026 10:30:17 GMT",2026-10-07 07:05
neighbourhood,65209991,הצפון החדש - סביבת כיכר המדינה,4,2021,Q3,5848700,4000100,1618300,"closed deals (median, Tax Authority data as published by nadlan.gov.il)",https://data.nadlan.gov.il/api/pages/neighborhood/buy/65209991.json,"Thu, 20 Aug 2026 10:30:17 GMT",2026-10-07 07:05
neighbourhood,65209991,הצפון החדש - סביבת כיכר המדינה,4,2021,Q4,6227700,4166700,1668000,"closed deals (median, Tax Authority data as published by nadlan.gov.il)",https://data.nadlan.gov.il/api/pages/neighborhood/buy/65209991.json,"Thu, 20 Aug 2026 10:30:17 GMT",2026-10-07 07:05
neighbourhood,65209991,הצפון החדש - סביבת כיכר המדינה,5,2026,Q1,8455800,7497700,2920600,"closed deals (median, Tax Authority data as published by nadlan.gov.il)",https://data.nadlan.gov.il/api/pages/neighborhood/buy/65209991.json,"Thu, 20 Aug 2026 10:30:17 GMT",2026-10-07 07:05
neighbourhood,65209991,הצפון החדש - סביבת כיכר המדינה,5,2025,Q1,8900000,7042600,2921800,"closed deals (median, Tax Authority data as published by nadlan.gov.il)",https://data.nadlan.gov.il/api/pages/neighborhood/buy/65209991.json,"Thu, 20 Aug 2026 10:30:17 GMT",2026-10-07 07:05
neighbourhood,65209991,הצפון החדש - סביבת כיכר המדינה,5,2025,Q2,,6752800,2902700,"closed deals (median, Tax Authority data as published by nadlan.gov.il)",https://data.nadlan.gov.il/api/pages/neighborhood/buy/65209991.json,"Thu, 20 Aug 2026 10:30:17 GMT",2026-10-07 07:05
neighbourhood,65209991,הצפון החדש - סביבת כיכר המדינה,5,2025,Q3,,7019300,2853800,"closed deals (median, Tax Authority data as published by nadlan.gov.il)",https://data.nadlan.gov.il/api/pages/neighborhood/buy/65209991.json,"Thu, 20 Aug 2026 10:30:17 GMT",2026-10-07 07:05
neighbourhood,65209991,הצפון החדש - סביבת כיכר המדינה,5,2025,Q4,,6500900,2951400,"closed deals (median, Tax Authority data as published by nadlan.gov.il)",https://data.nadlan.gov.il/api/pages/neighborhood/buy/65209991.json,"Thu, 20 Aug 2026 10:30:17 GMT",2026-10-07 07:05
neighbourhood,65209991,הצפון החדש - סביבת כיכר המדינה,5,2024,Q1,9220100,6433700,2984100,"closed deals (median, Tax Authority data as published by nadlan.gov.il)",https://data.nadlan.gov.il/api/pages/neighborhood/buy/65209991.json,"Thu, 20 Aug 2026 10:30:17 GMT",2026-10-07 07:05
neighbourhood,65209991,הצפון החדש - סביבת כיכר המדינה,5,2024,Q2,,5978500,3071200,"closed deals (median, Tax Authority data as published by nadlan.gov.il)",https://data.nadlan.gov.il/api/pages/neighborhood/buy/65209991.json,"Thu, 20 Aug 2026 10:30:17 GMT",2026-10-07 07:05
neighbourhood,65209991,הצפון החדש - סביבת כיכר המדינה,5,2024,Q3,8052000,5806100,2944600,"closed deals (median, Tax Authority data as published by nadlan.gov.il)",https://data.nadlan.gov.il/api/pages/neighborhood/buy/65209991.json,"Thu, 20 Aug 2026 10:30:17 GMT",2026-10-07 07:05
neighbourhood,65209991,הצפון החדש - סביבת כיכר המדינה,5,2024,Q4,,6203000,2946300,"closed deals (median, Tax Authority data as published by nadlan.gov.il)",https://data.nadlan.gov.il/api/pages/neighborhood/buy/65209991.json,"Thu, 20 Aug 2026 10:30:17 GMT",2026-10-07 07:05
neighbourhood,65209991,הצפון החדש - סביבת כיכר המדינה,5,2023,Q1,,6182400,2729500,"closed deals (median, Tax Authority data as published by nadlan.gov.il)",https://data.nadlan.gov.il/api/pages/neighborhood/buy/65209991.json,"Thu, 20 Aug 2026 10:30:17 GMT",2026-10-07 07:05
neighbourhood,65209991,הצפון החדש - סביבת כיכר המדינה,5,2023,Q2,,6330200,2834100,"closed deals (median, Tax Authority data as published by nadlan.gov.il)",https://data.nadlan.gov.il/api/pages/neighborhood/buy/65209991.json,"Thu, 20 Aug 2026 10:30:17 GMT",2026-10-07 07:05
neighbourhood,65209991,הצפון החדש - סביבת כיכר המדינה,5,2023,Q3,,5590300,2720000,"closed deals (median, Tax Authority data as published by nadlan.gov.il)",https://data.nadlan.gov.il/api/pages/neighborhood/buy/65209991.json,"Thu, 20 Aug 2026 10:30:17 GMT",2026-10-07 07:05
neighbourhood,65209991,הצפון החדש - סביבת כיכר המדינה,5,2023,Q4,,6615400,2877200,"closed deals (median, Tax Authority data as published by nadlan.gov.il)",https://data.nadlan.gov.il/api/pages/neighborhood/buy/65209991.json,"Thu, 20 Aug 2026 10:30:17 GMT",2026-10-07 07:05
neighbourhood,65209991,הצפון החדש - סביבת כיכר המדינה,5,2022,Q1,8121000,5539000,2484800,"closed deals (median, Tax Authority data as published by nadlan.gov.il)",https://data.nadlan.gov.il/api/pages/neighborhood/buy/65209991.json,"Thu, 20 Aug 2026 10:30:17 GMT",2026-10-07 07:05
neighbourhood,65209991,הצפון החדש - סביבת כיכר המדינה,5,2022,Q2,,6129700,2559200,"closed deals (median, Tax Authority data as published by nadlan.gov.il)",https://data.nadlan.gov.il/api/pages/neighborhood/buy/65209991.json,"Thu, 20 Aug 2026 10:30:17 GMT",2026-10-07 07:05
neighbourhood,65209991,הצפון החדש - סביבת כיכר המדינה,5,2022,Q3,,5869300,2638900,"closed deals (median, Tax Authority data as published by nadlan.gov.il)",https://data.nadlan.gov.il/api/pages/neighborhood/buy/65209991.json,"Thu, 20 Aug 2026 10:30:17 GMT",2026-10-07 07:05
neighbourhood,65209991,הצפון החדש - סביבת כיכר המדינה,5,2022,Q4,,5895800,2532700,"closed deals (median, Tax Authority data as published by nadlan.gov.il)",https://data.nadlan.gov.il/api/pages/neighborhood/buy/65209991.json,"Thu, 20 Aug 2026 10:30:17 GMT",2026-10-07 07:05
neighbourhood,65209991,הצפון החדש - סביבת כיכר המדינה,5,2021,Q1,8158800,4774500,2192600,"closed deals (median, Tax Authority data as published by nadlan.gov.il)",https://data.nadlan.gov.il/api/pages/neighborhood/buy/65209991.json,"Thu, 20 Aug 2026 10:30:17 GMT",2026-10-07 07:05
neighbourhood,65209991,הצפון החדש - סביבת כיכר המדינה,5,2021,Q2,8166800,5059500,2237600,"closed deals (median, Tax Authority data as published by nadlan.gov.il)",https://data.nadlan.gov.il/api/pages/neighborhood/buy/65209991.json,"Thu, 20 Aug 2026 10:30:17 GMT",2026-10-07 07:05
neighbourhood,65209991,הצפון החדש - סביבת כיכר המדינה,5,2021,Q3,8514600,5704100,2279300,"closed deals (median, Tax Authority data as published by nadlan.gov.il)",https://data.nadlan.gov.il/api/pages/neighborhood/buy/65209991.json,"Thu, 20 Aug 2026 10:30:17 GMT",2026-10-07 07:05
neighbourhood,65209991,הצפון החדש - סביבת כיכר המדינה,5,2021,Q4,8295000,5433800,2341900,"closed deals (median, Tax Authority data as published by nadlan.gov.il)",https://data.nadlan.gov.il/api/pages/neighborhood/buy/65209991.json,"Thu, 20 Aug 2026 10:30:17 GMT",2026-10-07 07:05
neighbourhood,65209991,הצפון החדש - סביבת כיכר המדינה,all,2026,Q1,5373900,,2058800,"closed deals (median, Tax Authority data as published by nadlan.gov.il)",https://data.nadlan.gov.il/api/pages/neighborhood/buy/65209991.json,"Thu, 20 Aug 2026 10:30:17 GMT",2026-10-07 07:05
neighbourhood,65209991,הצפון החדש - סביבת כיכר המדינה,all,2025,Q1,4741100,3653500,1989400,"closed deals (median, Tax Authority data as published by nadlan.gov.il)",https://data.nadlan.gov.il/api/pages/neighborhood/buy/65209991.json,"Thu, 20 Aug 2026 10:30:17 GMT",2026-10-07 07:05
neighbourhood,65209991,הצפון החדש - סביבת כיכר המדינה,all,2025,Q2,4620500,,1931100,"closed deals (median, Tax Authority data as published by nadlan.gov.il)",https://data.nadlan.gov.il/api/pages/neighborhood/buy/65209991.json,"Thu, 20 Aug 2026 10:30:17 GMT",2026-10-07 07:05
neighbourhood,65209991,הצפון החדש - סביבת כיכר המדינה,all,2025,Q3,4930400,3383400,1938500,"closed deals (median, Tax Authority data as published by nadlan.gov.il)",https://data.nadlan.gov.il/api/pages/neighborhood/buy/65209991.json,"Thu, 20 Aug 2026 10:30:17 GMT",2026-10-07 07:05
neighbourhood,65209991,הצפון החדש - סביבת כיכר המדינה,all,2025,Q4,4298100,3679000,2010400,"closed deals (median, Tax Authority data as published by nadlan.gov.il)",https://data.nadlan.gov.il/api/pages/neighborhood/buy/65209991.json,"Thu, 20 Aug 2026 10:30:17 GMT",2026-10-07 07:05
neighbourhood,65209991,הצפון החדש - סביבת כיכר המדינה,all,2024,Q1,4517900,3785300,2008800,"closed deals (median, Tax Authority data as published by nadlan.gov.il)",https://data.nadlan.gov.il/api/pages/neighborhood/buy/65209991.json,"Thu, 20 Aug 2026 10:30:17 GMT",2026-10-07 07:05
neighbourhood,65209991,הצפון החדש - סביבת כיכר המדינה,all,2024,Q2,4741400,3782800,2138400,"closed deals (median, Tax Authority data as published by nadlan.gov.il)",https://data.nadlan.gov.il/api/pages/neighborhood/buy/65209991.json,"Thu, 20 Aug 2026 10:30:17 GMT",2026-10-07 07:05
neighbourhood,65209991,הצפון החדש - סביבת כיכר המדינה,all,2024,Q3,5185600,3506000,1979400,"closed deals (median, Tax Authority data as published by nadlan.gov.il)",https://data.nadlan.gov.il/api/pages/neighborhood/buy/65209991.json,"Thu, 20 Aug 2026 10:30:17 GMT",2026-10-07 07:05
neighbourhood,65209991,הצפון החדש - סביבת כיכר המדינה,all,2024,Q4,5247700,3583200,2015200,"closed deals (median, Tax Authority data as published by nadlan.gov.il)",https://data.nadlan.gov.il/api/pages/neighborhood/buy/65209991.json,"Thu, 20 Aug 2026 10:30:17 GMT",2026-10-07 07:05
neighbourhood,65209991,הצפון החדש - סביבת כיכר המדינה,all,2023,Q1,5290200,3233600,1705300,"closed deals (median, Tax Authority data as published by nadlan.gov.il)",https://data.nadlan.gov.il/api/pages/neighborhood/buy/65209991.json,"Thu, 20 Aug 2026 10:30:17 GMT",2026-10-07 07:05
neighbourhood,65209991,הצפון החדש - סביבת כיכר המדינה,all,2023,Q2,4175500,3302200,1738200,"closed deals (median, Tax Authority data as published by nadlan.gov.il)",https://data.nadlan.gov.il/api/pages/neighborhood/buy/65209991.json,"Thu, 20 Aug 2026 10:30:17 GMT",2026-10-07 07:05
neighbourhood,65209991,הצפון החדש - סביבת כיכר המדינה,all,2023,Q3,4653800,3416700,1744000,"closed deals (median, Tax Authority data as published by nadlan.gov.il)",https://data.nadlan.gov.il/api/pages/neighborhood/buy/65209991.json,"Thu, 20 Aug 2026 10:30:17 GMT",2026-10-07 07:05
neighbourhood,65209991,הצפון החדש - סביבת כיכר המדינה,all,2023,Q4,4977800,3448400,1824300,"closed deals (median, Tax Authority data as published by nadlan.gov.il)",https://data.nadlan.gov.il/api/pages/neighborhood/buy/65209991.json,"Thu, 20 Aug 2026 10:30:17 GMT",2026-10-07 07:05
neighbourhood,65209991,הצפון החדש - סביבת כיכר המדינה,all,2022,Q1,4673300,3408800,1673600,"closed deals (median, Tax Authority data as published by nadlan.gov.il)",https://data.nadlan.gov.il/api/pages/neighborhood/buy/65209991.json,"Thu, 20 Aug 2026 10:30:17 GMT",2026-10-07 07:05
neighbourhood,65209991,הצפון החדש - סביבת כיכר המדינה,all,2022,Q2,4883600,3545500,1721600,"closed deals (median, Tax Authority data as published by nadlan.gov.il)",https://data.nadlan.gov.il/api/pages/neighborhood/buy/65209991.json,"Thu, 20 Aug 2026 10:30:17 GMT",2026-10-07 07:05
neighbourhood,65209991,הצפון החדש - סביבת כיכר המדינה,all,2022,Q3,4123700,3559000,1683200,"closed deals (median, Tax Authority data as published by nadlan.gov.il)",https://data.nadlan.gov.il/api/pages/neighborhood/buy/65209991.json,"Thu, 20 Aug 2026 10:30:17 GMT",2026-10-07 07:05
neighbourhood,65209991,הצפון החדש - סביבת כיכר המדינה,all,2022,Q4,4511300,3531900,1674600,"closed deals (median, Tax Authority data as published by nadlan.gov.il)",https://data.nadlan.gov.il/api/pages/neighborhood/buy/65209991.json,"Thu, 20 Aug 2026 10:30:17 GMT",2026-10-07 07:05
neighbourhood,65209991,הצפון החדש - סביבת כיכר המדינה,all,2021,Q1,3760800,3094100,1585300,"closed deals (median, Tax Authority data as published by nadlan.gov.il)",https://data.nadlan.gov.il/api/pages/neighborhood/buy/65209991.json,"Thu, 20 Aug 2026 10:30:17 GMT",2026-10-07 07:05
neighbourhood,65209991,הצפון החדש - סביבת כיכר המדינה,all,2021,Q2,3929000,3097000,1597100,"closed deals (median, Tax Authority data as published by nadlan.gov.il)",https://data.nadlan.gov.il/api/pages/neighborhood/buy/65209991.json,"Thu, 20 Aug 2026 10:30:17 GMT",2026-10-07 07:05
neighbourhood,65209991,הצפון החדש - סביבת כיכר המדינה,all,2021,Q3,4784800,3216000,1604300,"closed deals (median, Tax Authority data as published by nadlan.gov.il)",https://data.nadlan.gov.il/api/pages/neighborhood/buy/65209991.json,"Thu, 20 Aug 2026 10:30:17 GMT",2026-10-07 07:05
neighbourhood,65209991,הצפון החדש - סביבת כיכר המדינה,all,2021,Q4,4529300,3247600,1631100,"closed deals (median, Tax Authority data as published by nadlan.gov.il)",https://data.nadlan.gov.il/api/pages/neighborhood/buy/65209991.json,"Thu, 20 Aug 2026 10:30:17 GMT",2026-10-07 07:05
neighbourhood,65209992,הצפון הישן - החלק הדרומי,3,2026,Q1,4032800,4225800,1647500,"closed deals (median, Tax Authority data as published by nadlan.gov.il)",https://data.nadlan.gov.il/api/pages/neighborhood/buy/65209992.json,"Thu, 20 Aug 2026 10:30:17 GMT",2026-10-07 07:05
neighbourhood,65209992,הצפון הישן - החלק הדרומי,3,2025,Q1,4221500,3704300,1584100,"closed deals (median, Tax Authority data as published by nadlan.gov.il)",https://data.nadlan.gov.il/api/pages/neighborhood/buy/65209992.json,"Thu, 20 Aug 2026 10:30:17 GMT",2026-10-07 07:05
neighbourhood,65209992,הצפון הישן - החלק הדרומי,3,2025,Q2,,3824000,1591800,"closed deals (median, Tax Authority data as published by nadlan.gov.il)",https://data.nadlan.gov.il/api/pages/neighborhood/buy/65209992.json,"Thu, 20 Aug 2026 10:30:17 GMT",2026-10-07 07:05
neighbourhood,65209992,הצפון הישן - החלק הדרומי,3,2025,Q3,4145100,3616800,1634900,"closed deals (median, Tax Authority data as published by nadlan.gov.il)",https://data.nadlan.gov.il/api/pages/neighborhood/buy/65209992.json,"Thu, 20 Aug 2026 10:30:17 GMT",2026-10-07 07:05
neighbourhood,65209992,הצפון הישן - החלק הדרומי,3,2025,Q4,,3825400,1599300,"closed deals (median, Tax Authority data as published by nadlan.gov.il)",https://data.nadlan.gov.il/api/pages/neighborhood/buy/65209992.json,"Thu, 20 Aug 2026 10:30:17 GMT",2026-10-07 07:05
neighbourhood,65209992,הצפון הישן - החלק הדרומי,3,2024,Q1,4324200,3672700,1621900,"closed deals (median, Tax Authority data as published by nadlan.gov.il)",https://data.nadlan.gov.il/api/pages/neighborhood/buy/65209992.json,"Thu, 20 Aug 2026 10:30:17 GMT",2026-10-07 07:05
neighbourhood,65209992,הצפון הישן - החלק הדרומי,3,2024,Q2,,3939600,1704100,"closed deals (median, Tax Authority data as published by nadlan.gov.il)",https://data.nadlan.gov.il/api/pages/neighborhood/buy/65209992.json,"Thu, 20 Aug 2026 10:30:17 GMT",2026-10-07 07:05
neighbourhood,65209992,הצפון הישן - החלק הדרומי,3,2024,Q3,4315500,3638300,1625000,"closed deals (median, Tax Authority data as published by nadlan.gov.il)",https://data.nadlan.gov.il/api/pages/neighborhood/buy/65209992.json,"Thu, 20 Aug 2026 10:30:17 GMT",2026-10-07 07:05
neighbourhood,65209992,הצפון הישן - החלק הדרומי,3,2024,Q4,,3476000,1647000,"closed deals (median, Tax Authority data as published by nadlan.gov.il)",https://data.nadlan.gov.il/api/pages/neighborhood/buy/65209992.json,"Thu, 20 Aug 2026 10:30:17 GMT",2026-10-07 07:05
neighbourhood,65209992,הצפון הישן - החלק הדרומי,3,2023,Q1,4252000,3293800,1280100,"closed deals (median, Tax Authority data as published by nadlan.gov.il)",https://data.nadlan.gov.il/api/pages/neighborhood/buy/65209992.json,"Thu, 20 Aug 2026 10:30:17 GMT",2026-10-07 07:05
neighbourhood,65209992,הצפון הישן - החלק הדרומי,3,2023,Q2,,3507100,1337500,"closed deals (median, Tax Authority data as published by nadlan.gov.il)",https://data.nadlan.gov.il/api/pages/neighborhood/buy/65209992.json,"Thu, 20 Aug 2026 10:30:17 GMT",2026-10-07 07:05
neighbourhood,65209992,הצפון הישן - החלק הדרומי,3,2023,Q3,4235600,3647700,1401300,"closed deals (median, Tax Authority data as published by nadlan.gov.il)",https://data.nadlan.gov.il/api/pages/neighborhood/buy/65209992.json,"Thu, 20 Aug 2026 10:30:17 GMT",2026-10-07 07:05
neighbourhood,65209992,הצפון הישן - החלק הדרומי,3,2023,Q4,,3373200,1505900,"closed deals (median, Tax Authority data as published by nadlan.gov.il)",https://data.nadlan.gov.il/api/pages/neighborhood/buy/65209992.json,"Thu, 20 Aug 2026 10:30:17 GMT",2026-10-07 07:05
neighbourhood,65209992,הצפון הישן - החלק הדרומי,3,2022,Q1,4157700,3279800,1244000,"closed deals (median, Tax Authority data as published by nadlan.gov.il)",https://data.nadlan.gov.il/api/pages/neighborhood/buy/65209992.json,"Thu, 20 Aug 2026 10:30:17 GMT",2026-10-07 07:05
neighbourhood,65209992,הצפון הישן - החלק הדרומי,3,2022,Q2,,3518400,1282200,"closed deals (median, Tax Authority data as published by nadlan.gov.il)",https://data.nadlan.gov.il/api/pages/neighborhood/buy/65209992.json,"Thu, 20 Aug 2026 10:30:17 GMT",2026-10-07 07:05
neighbourhood,65209992,הצפון הישן - החלק הדרומי,3,2022,Q3,4319300,3621200,1278900,"closed deals (median, Tax Authority data as published by nadlan.gov.il)",https://data.nadlan.gov.il/api/pages/neighborhood/buy/65209992.json,"Thu, 20 Aug 2026 10:30:17 GMT",2026-10-07 07:05
neighbourhood,65209992,הצפון הישן - החלק הדרומי,3,2022,Q4,,3699700,1269100,"closed deals (median, Tax Authority data as published by nadlan.gov.il)",https://data.nadlan.gov.il/api/pages/neighborhood/buy/65209992.json,"Thu, 20 Aug 2026 10:30:17 GMT",2026-10-07 07:05
neighbourhood,65209992,הצפון הישן - החלק הדרומי,3,2021,Q1,3518700,3057600,1211100,"closed deals (median, Tax Authority data as published by nadlan.gov.il)",https://data.nadlan.gov.il/api/pages/neighborhood/buy/65209992.json,"Thu, 20 Aug 2026 10:30:17 GMT",2026-10-07 07:05
neighbourhood,65209992,הצפון הישן - החלק הדרומי,3,2021,Q2,3558500,3012200,1226100,"closed deals (median, Tax Authority data as published by nadlan.gov.il)",https://data.nadlan.gov.il/api/pages/neighborhood/buy/65209992.json,"Thu, 20 Aug 2026 10:30:17 GMT",2026-10-07 07:05
neighbourhood,65209992,הצפון הישן - החלק הדרומי,3,2021,Q3,3660200,3162500,1222700,"closed deals (median, Tax Authority data as published by nadlan.gov.il)",https://data.nadlan.gov.il/api/pages/neighborhood/buy/65209992.json,"Thu, 20 Aug 2026 10:30:17 GMT",2026-10-07 07:05
neighbourhood,65209992,הצפון הישן - החלק הדרומי,3,2021,Q4,,3291500,1243900,"closed deals (median, Tax Authority data as published by nadlan.gov.il)",https://data.nadlan.gov.il/api/pages/neighborhood/buy/65209992.json,"Thu, 20 Aug 2026 10:30:17 GMT",2026-10-07 07:05
neighbourhood,65209992,הצפון הישן - החלק הדרומי,4,2026,Q1,,5229800,2072000,"closed deals (median, Tax Authority data as published by nadlan.gov.il)",https://data.nadlan.gov.il/api/pages/neighborhood/buy/65209992.json,"Thu, 20 Aug 2026 10:30:17 GMT",2026-10-07 07:05
neighbourhood,65209992,הצפון הישן - החלק הדרומי,4,2025,Q1,6240600,4723800,2178100,"closed deals (median, Tax Authority data as published by nadlan.gov.il)",https://data.nadlan.gov.il/api/pages/neighborhood/buy/65209992.json,"Thu, 20 Aug 2026 10:30:17 GMT",2026-10-07 07:05
neighbourhood,65209992,הצפון הישן - החלק הדרומי,4,2025,Q2,,5119100,2113300,"closed deals (median, Tax Authority data as published by nadlan.gov.il)",https://data.nadlan.gov.il/api/pages/neighborhood/buy/65209992.json,"Thu, 20 Aug 2026 10:30:17 GMT",2026-10-07 07:05
neighbourhood,65209992,הצפון הישן - החלק הדרומי,4,2025,Q3,5406100,5046700,2058100,"closed deals (median, Tax Authority data as published by nadlan.gov.il)",https://data.nadlan.gov.il/api/pages/neighborhood/buy/65209992.json,"Thu, 20 Aug 2026 10:30:17 GMT",2026-10-07 07:05
neighbourhood,65209992,הצפון הישן - החלק הדרומי,4,2025,Q4,,5070900,2114000,"closed deals (median, Tax Authority data as published by nadlan.gov.il)",https://data.nadlan.gov.il/api/pages/neighborhood/buy/65209992.json,"Thu, 20 Aug 2026 10:30:17 GMT",2026-10-07 07:05
neighbourhood,65209992,הצפון הישן - החלק הדרומי,4,2024,Q1,5561600,4697600,2169200,"closed deals (median, Tax Authority data as published by nadlan.gov.il)",https://data.nadlan.gov.il/api/pages/neighborhood/buy/65209992.json,"Thu, 20 Aug 2026 10:30:17 GMT",2026-10-07 07:05
neighbourhood,65209992,הצפון הישן - החלק הדרומי,4,2024,Q2,,4371300,2265900,"closed deals (median, Tax Authority data as published by nadlan.gov.il)",https://data.nadlan.gov.il/api/pages/neighborhood/buy/65209992.json,"Thu, 20 Aug 2026 10:30:17 GMT",2026-10-07 07:05
neighbourhood,65209992,הצפון הישן - החלק הדרומי,4,2024,Q4,,4866700,2154500,"closed deals (median, Tax Authority data as published by nadlan.gov.il)",https://data.nadlan.gov.il/api/pages/neighborhood/buy/65209992.json,"Thu, 20 Aug 2026 10:30:17 GMT",2026-10-07 07:05
neighbourhood,65209992,הצפון הישן - החלק הדרומי,4,2023,Q1,6053500,4638500,1865400,"closed deals (median, Tax Authority data as published by nadlan.gov.il)",https://data.nadlan.gov.il/api/pages/neighborhood/buy/65209992.json,"Thu, 20 Aug 2026 10:30:17 GMT",2026-10-07 07:05
neighbourhood,65209992,הצפון הישן - החלק הדרומי,4,2023,Q2,,5035400,1867500,"closed deals (median, Tax Authority data as published by nadlan.gov.il)",https://data.nadlan.gov.il/api/pages/neighborhood/buy/65209992.json,"Thu, 20 Aug 2026 10:30:17 GMT",2026-10-07 07:05
neighbourhood,65209992,הצפון הישן - החלק הדרומי,4,2023,Q3,,4149000,1894900,"closed deals (median, Tax Authority data as published by nadlan.gov.il)",https://data.nadlan.gov.il/api/pages/neighborhood/buy/65209992.json,"Thu, 20 Aug 2026 10:30:17 GMT",2026-10-07 07:05
neighbourhood,65209992,הצפון הישן - החלק הדרומי,4,2023,Q4,,4494100,1996300,"closed deals (median, Tax Authority data as published by nadlan.gov.il)",https://data.nadlan.gov.il/api/pages/neighborhood/buy/65209992.json,"Thu, 20 Aug 2026 10:30:17 GMT",2026-10-07 07:05
neighbourhood,65209992,הצפון הישן - החלק הדרומי,4,2022,Q1,5903700,4382900,1691000,"closed deals (median, Tax Authority data as published by nadlan.gov.il)",https://data.nadlan.gov.il/api/pages/neighborhood/buy/65209992.json,"Thu, 20 Aug 2026 10:30:17 GMT",2026-10-07 07:05
neighbourhood,65209992,הצפון הישן - החלק הדרומי,4,2022,Q2,,4597100,1811500,"closed deals (median, Tax Authority data as published by nadlan.gov.il)",https://data.nadlan.gov.il/api/pages/neighborhood/buy/65209992.json,"Thu, 20 Aug 2026 10:30:17 GMT",2026-10-07 07:05
neighbourhood,65209992,הצפון הישן - החלק הדרומי,4,2022,Q3,,4471000,1784600,"closed deals (median, Tax Authority data as published by nadlan.gov.il)",https://data.nadlan.gov.il/api/pages/neighborhood/buy/65209992.json,"Thu, 20 Aug 2026 10:30:17 GMT",2026-10-07 07:05
neighbourhood,65209992,הצפון הישן - החלק הדרומי,4,2022,Q4,,4727600,1846700,"closed deals (median, Tax Authority data as published by nadlan.gov.il)",https://data.nadlan.gov.il/api/pages/neighborhood/buy/65209992.json,"Thu, 20 Aug 2026 10:30:17 GMT",2026-10-07 07:05
neighbourhood,65209992,הצפון הישן - החלק הדרומי,4,2021,Q1,5048200,3748500,1579400,"closed deals (median, Tax Authority data as published by nadlan.gov.il)",https://data.nadlan.gov.il/api/pages/neighborhood/buy/65209992.json,"Thu, 20 Aug 2026 10:30:17 GMT",2026-10-07 07:05
neighbourhood,65209992,הצפון הישן - החלק הדרומי,4,2021,Q2,,3899500,1615700,"closed deals (median, Tax Authority data as published by nadlan.gov.il)",https://data.nadlan.gov.il/api/pages/neighborhood/buy/65209992.json,"Thu, 20 Aug 2026 10:30:17 GMT",2026-10-07 07:05
neighbourhood,65209992,הצפון הישן - החלק הדרומי,4,2021,Q3,4678800,4000100,1618300,"closed deals (median, Tax Authority data as published by nadlan.gov.il)",https://data.nadlan.gov.il/api/pages/neighborhood/buy/65209992.json,"Thu, 20 Aug 2026 10:30:17 GMT",2026-10-07 07:05
neighbourhood,65209992,הצפון הישן - החלק הדרומי,4,2021,Q4,,4166700,1668000,"closed deals (median, Tax Authority data as published by nadlan.gov.il)",https://data.nadlan.gov.il/api/pages/neighborhood/buy/65209992.json,"Thu, 20 Aug 2026 10:30:17 GMT",2026-10-07 07:05
neighbourhood,65209992,הצפון הישן - החלק הדרומי,5,2026,Q1,,7497700,2920600,"closed deals (median, Tax Authority data as published by nadlan.gov.il)",https://data.nadlan.gov.il/api/pages/neighborhood/buy/65209992.json,"Thu, 20 Aug 2026 10:30:17 GMT",2026-10-07 07:05
neighbourhood,65209992,הצפון הישן - החלק הדרומי,5,2025,Q1,,7042600,2921800,"closed deals (median, Tax Authority data as published by nadlan.gov.il)",https://data.nadlan.gov.il/api/pages/neighborhood/buy/65209992.json,"Thu, 20 Aug 2026 10:30:17 GMT",2026-10-07 07:05
neighbourhood,65209992,הצפון הישן - החלק הדרומי,5,2025,Q2,,6752800,2902700,"closed deals (median, Tax Authority data as published by nadlan.gov.il)",https://data.nadlan.gov.il/api/pages/neighborhood/buy/65209992.json,"Thu, 20 Aug 2026 10:30:17 GMT",2026-10-07 07:05
neighbourhood,65209992,הצפון הישן - החלק הדרומי,5,2025,Q3,,7019300,2853800,"closed deals (median, Tax Authority data as published by nadlan.gov.il)",https://data.nadlan.gov.il/api/pages/neighborhood/buy/65209992.json,"Thu, 20 Aug 2026 10:30:17 GMT",2026-10-07 07:05
neighbourhood,65209992,הצפון הישן - החלק הדרומי,5,2025,Q4,,6500900,2951400,"closed deals (median, Tax Authority data as published by nadlan.gov.il)",https://data.nadlan.gov.il/api/pages/neighborhood/buy/65209992.json,"Thu, 20 Aug 2026 10:30:17 GMT",2026-10-07 07:05
neighbourhood,65209992,הצפון הישן - החלק הדרומי,5,2024,Q1,,6433700,2984100,"closed deals (median, Tax Authority data as published by nadlan.gov.il)",https://data.nadlan.gov.il/api/pages/neighborhood/buy/65209992.json,"Thu, 20 Aug 2026 10:30:17 GMT",2026-10-07 07:05
neighbourhood,65209992,הצפון הישן - החלק הדרומי,5,2024,Q2,,5978500,3071200,"closed deals (median, Tax Authority data as published by nadlan.gov.il)",https://data.nadlan.gov.il/api/pages/neighborhood/buy/65209992.json,"Thu, 20 Aug 2026 10:30:17 GMT",2026-10-07 07:05
neighbourhood,65209992,הצפון הישן - החלק הדרומי,5,2024,Q3,,5806100,2944600,"closed deals (median, Tax Authority data as published by nadlan.gov.il)",https://data.nadlan.gov.il/api/pages/neighborhood/buy/65209992.json,"Thu, 20 Aug 2026 10:30:17 GMT",2026-10-07 07:05
neighbourhood,65209992,הצפון הישן - החלק הדרומי,5,2024,Q4,,6203000,2946300,"closed deals (median, Tax Authority data as published by nadlan.gov.il)",https://data.nadlan.gov.il/api/pages/neighborhood/buy/65209992.json,"Thu, 20 Aug 2026 10:30:17 GMT",2026-10-07 07:05
neighbourhood,65209992,הצפון הישן - החלק הדרומי,5,2023,Q1,,6182400,2729500,"closed deals (median, Tax Authority data as published by nadlan.gov.il)",https://data.nadlan.gov.il/api/pages/neighborhood/buy/65209992.json,"Thu, 20 Aug 2026 10:30:17 GMT",2026-10-07 07:05
neighbourhood,65209992,הצפון הישן - החלק הדרומי,5,2023,Q2,,6330200,2834100,"closed deals (median, Tax Authority data as published by nadlan.gov.il)",https://data.nadlan.gov.il/api/pages/neighborhood/buy/65209992.json,"Thu, 20 Aug 2026 10:30:17 GMT",2026-10-07 07:05
neighbourhood,65209992,הצפון הישן - החלק הדרומי,5,2023,Q3,,5590300,2720000,"closed deals (median, Tax Authority data as published by nadlan.gov.il)",https://data.nadlan.gov.il/api/pages/neighborhood/buy/65209992.json,"Thu, 20 Aug 2026 10:30:17 GMT",2026-10-07 07:05
neighbourhood,65209992,הצפון הישן - החלק הדרומי,5,2023,Q4,,6615400,2877200,"closed deals (median, Tax Authority data as published by nadlan.gov.il)",https://data.nadlan.gov.il/api/pages/neighborhood/buy/65209992.json,"Thu, 20 Aug 2026 10:30:17 GMT",2026-10-07 07:05
neighbourhood,65209992,הצפון הישן - החלק הדרומי,5,2022,Q1,,5539000,2484800,"closed deals (median, Tax Authority data as published by nadlan.gov.il)",https://data.nadlan.gov.il/api/pages/neighborhood/buy/65209992.json,"Thu, 20 Aug 2026 10:30:17 GMT",2026-10-07 07:05
neighbourhood,65209992,הצפון הישן - החלק הדרומי,5,2022,Q2,,6129700,2559200,"closed deals (median, Tax Authority data as published by nadlan.gov.il)",https://data.nadlan.gov.il/api/pages/neighborhood/buy/65209992.json,"Thu, 20 Aug 2026 10:30:17 GMT",2026-10-07 07:05
neighbourhood,65209992,הצפון הישן - החלק הדרומי,5,2022,Q3,,5869300,2638900,"closed deals (median, Tax Authority data as published by nadlan.gov.il)",https://data.nadlan.gov.il/api/pages/neighborhood/buy/65209992.json,"Thu, 20 Aug 2026 10:30:17 GMT",2026-10-07 07:05
neighbourhood,65209992,הצפון הישן - החלק הדרומי,5,2022,Q4,,5895800,2532700,"closed deals (median, Tax Authority data as published by nadlan.gov.il)",https://data.nadlan.gov.il/api/pages/neighborhood/buy/65209992.json,"Thu, 20 Aug 2026 10:30:17 GMT",2026-10-07 07:05
neighbourhood,65209992,הצפון הישן - החלק הדרומי,5,2021,Q1,,4774500,2192600,"closed deals (median, Tax Authority data as published by nadlan.gov.il)",https://data.nadlan.gov.il/api/pages/neighborhood/buy/65209992.json,"Thu, 20 Aug 2026 10:30:17 GMT",2026-10-07 07:05
neighbourhood,65209992,הצפון הישן - החלק הדרומי,5,2021,Q2,,5059500,2237600,"closed deals (median, Tax Authority data as published by nadlan.gov.il)",https://data.nadlan.gov.il/api/pages/neighborhood/buy/65209992.json,"Thu, 20 Aug 2026 10:30:17 GMT",2026-10-07 07:05
neighbourhood,65209992,הצפון הישן - החלק הדרומי,5,2021,Q3,,5704100,2279300,"closed deals (median, Tax Authority data as published by nadlan.gov.il)",https://data.nadlan.gov.il/api/pages/neighborhood/buy/65209992.json,"Thu, 20 Aug 2026 10:30:17 GMT",2026-10-07 07:05
neighbourhood,65209992,הצפון הישן - החלק הדרומי,5,2021,Q4,,5433800,2341900,"closed deals (median, Tax Authority data as published by nadlan.gov.il)",https://data.nadlan.gov.il/api/pages/neighborhood/buy/65209992.json,"Thu, 20 Aug 2026 10:30:17 GMT",2026-10-07 07:05
neighbourhood,65209992,הצפון הישן - החלק הדרומי,all,2026,Q1,3855600,,2058800,"closed deals (median, Tax Authority data as published by nadlan.gov.il)",https://data.nadlan.gov.il/api/pages/neighborhood/buy/65209992.json,"Thu, 20 Aug 2026 10:30:17 GMT",2026-10-07 07:05
neighbourhood,65209992,הצפון הישן - החלק הדרומי,all,2025,Q1,,3653500,1989400,"closed deals (median, Tax Authority data as published by nadlan.gov.il)",https://data.nadlan.gov.il/api/pages/neighborhood/buy/65209992.json,"Thu, 20 Aug 2026 10:30:17 GMT",2026-10-07 07:05
neighbourhood,65209992,הצפון הישן - החלק הדרומי,all,2025,Q2,3689100,,1931100,"closed deals (median, Tax Authority data as published by nadlan.gov.il)",https://data.nadlan.gov.il/api/pages/neighborhood/buy/65209992.json,"Thu, 20 Aug 2026 10:30:17 GMT",2026-10-07 07:05
neighbourhood,65209992,הצפון הישן - החלק הדרומי,all,2025,Q3,3840800,3383400,1938500,"closed deals (median, Tax Authority data as published by nadlan.gov.il)",https://data.nadlan.gov.il/api/pages/neighborhood/buy/65209992.json,"Thu, 20 Aug 2026 10:30:17 GMT",2026-10-07 07:05
neighbourhood,65209992,הצפון הישן - החלק הדרומי,all,2025,Q4,3870200,3679000,2010400,"closed deals (median, Tax Authority data as published by nadlan.gov.il)",https://data.nadlan.gov.il/api/pages/neighborhood/buy/65209992.json,"Thu, 20 Aug 2026 10:30:17 GMT",2026-10-07 07:05
neighbourhood,65209992,הצפון הישן - החלק הדרומי,all,2024,Q1,3114500,3785300,2008800,"closed deals (median, Tax Authority data as published by nadlan.gov.il)",https://data.nadlan.gov.il/api/pages/neighborhood/buy/65209992.json,"Thu, 20 Aug 2026 10:30:17 GMT",2026-10-07 07:05
neighbourhood,65209992,הצפון הישן - החלק הדרומי,all,2024,Q2,3265700,3782800,2138400,"closed deals (median, Tax Authority data as published by nadlan.gov.il)",https://data.nadlan.gov.il/api/pages/neighborhood/buy/65209992.json,"Thu, 20 Aug 2026 10:30:17 GMT",2026-10-07 07:05
neighbourhood,65209992,הצפון הישן - החלק הדרומי,all,2024,Q3,3498000,3506000,1979400,"closed deals (median, Tax Authority data as published by nadlan.gov.il)",https://data.nadlan.gov.il/api/pages/neighborhood/buy/65209992.json,"Thu, 20 Aug 2026 10:30:17 GMT",2026-10-07 07:05
neighbourhood,65209992,הצפון הישן - החלק הדרומי,all,2024,Q4,3547600,3583200,2015200,"closed deals (median, Tax Authority data as published by nadlan.gov.il)",https://data.nadlan.gov.il/api/pages/neighborhood/buy/65209992.json,"Thu, 20 Aug 2026 10:30:17 GMT",2026-10-07 07:05
neighbourhood,65209992,הצפון הישן - החלק הדרומי,all,2023,Q1,3748000,3233600,1705300,"closed deals (median, Tax Authority data as published by nadlan.gov.il)",https://data.nadlan.gov.il/api/pages/neighborhood/buy/65209992.json,"Thu, 20 Aug 2026 10:30:17 GMT",2026-10-07 07:05
neighbourhood,65209992,הצפון הישן - החלק הדרומי,all,2023,Q2,3171900,3302200,1738200,"closed deals (median, Tax Authority data as published by nadlan.gov.il)",https://data.nadlan.gov.il/api/pages/neighborhood/buy/65209992.json,"Thu, 20 Aug 2026 10:30:17 GMT",2026-10-07 07:05
neighbourhood,65209992,הצפון הישן - החלק הדרומי,all,2023,Q3,3478500,3416700,1744000,"closed deals (median, Tax Authority data as published by nadlan.gov.il)",https://data.nadlan.gov.il/api/pages/neighborhood/buy/65209992.json,"Thu, 20 Aug 2026 10:30:17 GMT",2026-10-07 07:05
neighbourhood,65209992,הצפון הישן - החלק הדרומי,all,2023,Q4,3137000,3448400,1824300,"closed deals (median, Tax Authority data as published by nadlan.gov.il)",https://data.nadlan.gov.il/api/pages/neighborhood/buy/65209992.json,"Thu, 20 Aug 2026 10:30:17 GMT",2026-10-07 07:05
neighbourhood,65209992,הצפון הישן - החלק הדרומי,all,2022,Q1,3404300,3408800,1673600,"closed deals (median, Tax Authority data as published by nadlan.gov.il)",https://data.nadlan.gov.il/api/pages/neighborhood/buy/65209992.json,"Thu, 20 Aug 2026 10:30:17 GMT",2026-10-07 07:05
neighbourhood,65209992,הצפון הישן - החלק הדרומי,all,2022,Q2,3510000,3545500,1721600,"closed deals (median, Tax Authority data as published by nadlan.gov.il)",https://data.nadlan.gov.il/api/pages/neighborhood/buy/65209992.json,"Thu, 20 Aug 2026 10:30:17 GMT",2026-10-07 07:05
neighbourhood,65209992,הצפון הישן - החלק הדרומי,all,2022,Q3,3363600,3559000,1683200,"closed deals (median, Tax Authority data as published by nadlan.gov.il)",https://data.nadlan.gov.il/api/pages/neighborhood/buy/65209992.json,"Thu, 20 Aug 2026 10:30:17 GMT",2026-10-07 07:05
neighbourhood,65209992,הצפון הישן - החלק הדרומי,all,2022,Q4,3489200,3531900,1674600,"closed deals (median, Tax Authority data as published by nadlan.gov.il)",https://data.nadlan.gov.il/api/pages/neighborhood/buy/65209992.json,"Thu, 20 Aug 2026 10:30:17 GMT",2026-10-07 07:05
neighbourhood,65209992,הצפון הישן - החלק הדרומי,all,2021,Q1,3036100,3094100,1585300,"closed deals (median, Tax Authority data as published by nadlan.gov.il)",https://data.nadlan.gov.il/api/pages/neighborhood/buy/65209992.json,"Thu, 20 Aug 2026 10:30:17 GMT",2026-10-07 07:05
neighbourhood,65209992,הצפון הישן - החלק הדרומי,all,2021,Q2,3096000,3097000,1597100,"closed deals (median, Tax Authority data as published by nadlan.gov.il)",https://data.nadlan.gov.il/api/pages/neighborhood/buy/65209992.json,"Thu, 20 Aug 2026 10:30:17 GMT",2026-10-07 07:05
neighbourhood,65209992,הצפון הישן - החלק הדרומי,all,2021,Q3,3183400,3216000,1604300,"closed deals (median, Tax Authority data as published by nadlan.gov.il)",https://data.nadlan.gov.il/api/pages/neighborhood/buy/65209992.json,"Thu, 20 Aug 2026 10:30:17 GMT",2026-10-07 07:05
neighbourhood,65209992,הצפון הישן - החלק הדרומי,all,2021,Q4,3168900,3247600,1631100,"closed deals (median, Tax Authority data as published by nadlan.gov.il)",https://data.nadlan.gov.il/api/pages/neighborhood/buy/65209992.json,"Thu, 20 Aug 2026 10:30:17 GMT",2026-10-07 07:05
neighbourhood,65209993,הצפון החדש - החלק הדרומי,3,2026,Q1,4562000,4225800,1647500,"closed deals (median, Tax Authority data as published by nadlan.gov.il)",https://data.nadlan.gov.il/api/pages/neighborhood/buy/65209993.json,"Thu, 20 Aug 2026 10:30:17 GMT",2026-10-07 07:05
neighbourhood,65209993,הצפון החדש - החלק הדרומי,3,2025,Q1,4878400,3704300,1584100,"closed deals (median, Tax Authority data as published by nadlan.gov.il)",https://data.nadlan.gov.il/api/pages/neighborhood/buy/65209993.json,"Thu, 20 Aug 2026 10:30:17 GMT",2026-10-07 07:05
neighbourhood,65209993,הצפון החדש - החלק הדרומי,3,2025,Q2,,3824000,1591800,"closed deals (median, Tax Authority data as published by nadlan.gov.il)",https://data.nadlan.gov.il/api/pages/neighborhood/buy/65209993.json,"Thu, 20 Aug 2026 10:30:17 GMT",2026-10-07 07:05
neighbourhood,65209993,הצפון החדש - החלק הדרומי,3,2025,Q3,5034700,3616800,1634900,"closed deals (median, Tax Authority data as published by nadlan.gov.il)",https://data.nadlan.gov.il/api/pages/neighborhood/buy/65209993.json,"Thu, 20 Aug 2026 10:30:17 GMT",2026-10-07 07:05
neighbourhood,65209993,הצפון החדש - החלק הדרומי,3,2025,Q4,,3825400,1599300,"closed deals (median, Tax Authority data as published by nadlan.gov.il)",https://data.nadlan.gov.il/api/pages/neighborhood/buy/65209993.json,"Thu, 20 Aug 2026 10:30:17 GMT",2026-10-07 07:05
neighbourhood,65209993,הצפון החדש - החלק הדרומי,3,2024,Q1,5192200,3672700,1621900,"closed deals (median, Tax Authority data as published by nadlan.gov.il)",https://data.nadlan.gov.il/api/pages/neighborhood/buy/65209993.json,"Thu, 20 Aug 2026 10:30:17 GMT",2026-10-07 07:05
neighbourhood,65209993,הצפון החדש - החלק הדרומי,3,2024,Q2,,3939600,1704100,"closed deals (median, Tax Authority data as published by nadlan.gov.il)",https://data.nadlan.gov.il/api/pages/neighborhood/buy/65209993.json,"Thu, 20 Aug 2026 10:30:17 GMT",2026-10-07 07:05
neighbourhood,65209993,הצפון החדש - החלק הדרומי,3,2024,Q3,5042800,3638300,1625000,"closed deals (median, Tax Authority data as published by nadlan.gov.il)",https://data.nadlan.gov.il/api/pages/neighborhood/buy/65209993.json,"Thu, 20 Aug 2026 10:30:17 GMT",2026-10-07 07:05
neighbourhood,65209993,הצפון החדש - החלק הדרומי,3,2024,Q4,,3476000,1647000,"closed deals (median, Tax Authority data as published by nadlan.gov.il)",https://data.nadlan.gov.il/api/pages/neighborhood/buy/65209993.json,"Thu, 20 Aug 2026 10:30:17 GMT",2026-10-07 07:05
neighbourhood,65209993,הצפון החדש - החלק הדרומי,3,2023,Q1,4759300,3293800,1280100,"closed deals (median, Tax Authority data as published by nadlan.gov.il)",https://data.nadlan.gov.il/api/pages/neighborhood/buy/65209993.json,"Thu, 20 Aug 2026 10:30:17 GMT",2026-10-07 07:05
neighbourhood,65209993,הצפון החדש - החלק הדרומי,3,2023,Q2,,3507100,1337500,"closed deals (median, Tax Authority data as published by nadlan.gov.il)",https://data.nadlan.gov.il/api/pages/neighborhood/buy/65209993.json,"Thu, 20 Aug 2026 10:30:17 GMT",2026-10-07 07:05
neighbourhood,65209993,הצפון החדש - החלק הדרומי,3,2023,Q3,,3647700,1401300,"closed deals (median, Tax Authority data as published by nadlan.gov.il)",https://data.nadlan.gov.il/api/pages/neighborhood/buy/65209993.json,"Thu, 20 Aug 2026 10:30:17 GMT",2026-10-07 07:05
neighbourhood,65209993,הצפון החדש - החלק הדרומי,3,2023,Q4,,3373200,1505900,"closed deals (median, Tax Authority data as published by nadlan.gov.il)",https://data.nadlan.gov.il/api/pages/neighborhood/buy/65209993.json,"Thu, 20 Aug 2026 10:30:17 GMT",2026-10-07 07:05
neighbourhood,65209993,הצפון החדש - החלק הדרומי,3,2022,Q1,4800800,3279800,1244000,"closed deals (median, Tax Authority data as published by nadlan.gov.il)",https://data.nadlan.gov.il/api/pages/neighborhood/buy/65209993.json,"Thu, 20 Aug 2026 10:30:17 GMT",2026-10-07 07:05
neighbourhood,65209993,הצפון החדש - החלק הדרומי,3,2022,Q2,,3518400,1282200,"closed deals (median, Tax Authority data as published by nadlan.gov.il)",https://data.nadlan.gov.il/api/pages/neighborhood/buy/65209993.json,"Thu, 20 Aug 2026 10:30:17 GMT",2026-10-07 07:05
neighbourhood,65209993,הצפון החדש - החלק הדרומי,3,2022,Q3,5222600,3621200,1278900,"closed deals (median, Tax Authority data as published by nadlan.gov.il)",https://data.nadlan.gov.il/api/pages/neighborhood/buy/65209993.json,"Thu, 20 Aug 2026 10:30:17 GMT",2026-10-07 07:05
neighbourhood,65209993,הצפון החדש - החלק הדרומי,3,2022,Q4,,3699700,1269100,"closed deals (median, Tax Authority data as published by nadlan.gov.il)",https://data.nadlan.gov.il/api/pages/neighborhood/buy/65209993.json,"Thu, 20 Aug 2026 10:30:17 GMT",2026-10-07 07:05
neighbourhood,65209993,הצפון החדש - החלק הדרומי,3,2021,Q1,4180700,3057600,1211100,"closed deals (median, Tax Authority data as published by nadlan.gov.il)",https://data.nadlan.gov.il/api/pages/neighborhood/buy/65209993.json,"Thu, 20 Aug 2026 10:30:17 GMT",2026-10-07 07:05
neighbourhood,65209993,הצפון החדש - החלק הדרומי,3,2021,Q2,,3012200,1226100,"closed deals (median, Tax Authority data as published by nadlan.gov.il)",https://data.nadlan.gov.il/api/pages/neighborhood/buy/65209993.json,"Thu, 20 Aug 2026 10:30:17 GMT",2026-10-07 07:05
neighbourhood,65209993,הצפון החדש - החלק הדרומי,3,2021,Q3,4524400,3162500,1222700,"closed deals (median, Tax Authority data as published by nadlan.gov.il)",https://data.nadlan.gov.il/api/pages/neighborhood/buy/65209993.json,"Thu, 20 Aug 2026 10:30:17 GMT",2026-10-07 07:05
neighbourhood,65209993,הצפון החדש - החלק הדרומי,3,2021,Q4,,3291500,1243900,"closed deals (median, Tax Authority data as published by nadlan.gov.il)",https://data.nadlan.gov.il/api/pages/neighborhood/buy/65209993.json,"Thu, 20 Aug 2026 10:30:17 GMT",2026-10-07 07:05
neighbourhood,65209993,הצפון החדש - החלק הדרומי,4,2026,Q1,6910000,5229800,2072000,"closed deals (median, Tax Authority data as published by nadlan.gov.il)",https://data.nadlan.gov.il/api/pages/neighborhood/buy/65209993.json,"Thu, 20 Aug 2026 10:30:17 GMT",2026-10-07 07:05
neighbourhood,65209993,הצפון החדש - החלק הדרומי,4,2025,Q1,6777900,4723800,2178100,"closed deals (median, Tax Authority data as published by nadlan.gov.il)",https://data.nadlan.gov.il/api/pages/neighborhood/buy/65209993.json,"Thu, 20 Aug 2026 10:30:17 GMT",2026-10-07 07:05
neighbourhood,65209993,הצפון החדש - החלק הדרומי,4,2025,Q2,,5119100,2113300,"closed deals (median, Tax Authority data as published by nadlan.gov.il)",https://data.nadlan.gov.il/api/pages/neighborhood/buy/65209993.json,"Thu, 20 Aug 2026 10:30:17 GMT",2026-10-07 07:05
neighbourhood,65209993,הצפון החדש - החלק הדרומי,4,2025,Q3,7075300,5046700,2058100,"closed deals (median, Tax Authority data as published by nadlan.gov.il)",https://data.nadlan.gov.il/api/pages/neighborhood/buy/65209993.json,"Thu, 20 Aug 2026 10:30:17 GMT",2026-10-07 07:05
neighbourhood,65209993,הצפון החדש - החלק הדרומי,4,2025,Q4,,5070900,2114000,"closed deals (median, Tax Authority data as published by nadlan.gov.il)",https://data.nadlan.gov.il/api/pages/neighborhood/buy/65209993.json,"Thu, 20 Aug 2026 10:30:17 GMT",2026-10-07 07:05
neighbourhood,65209993,הצפון החדש - החלק הדרומי,4,2024,Q1,6293100,4697600,2169200,"closed deals (median, Tax Authority data as published by nadlan.gov.il)",https://data.nadlan.gov.il/api/pages/neighborhood/buy/65209993.json,"Thu, 20 Aug 2026 10:30:17 GMT",2026-10-07 07:05
neighbourhood,65209993,הצפון החדש - החלק הדרומי,4,2024,Q2,,4371300,2265900,"closed deals (median, Tax Authority data as published by nadlan.gov.il)",https://data.nadlan.gov.il/api/pages/neighborhood/buy/65209993.json,"Thu, 20 Aug 2026 10:30:17 GMT",2026-10-07 07:05
neighbourhood,65209993,הצפון החדש - החלק הדרומי,4,2024,Q3,6788700,,2101600,"closed deals (median, Tax Authority data as published by nadlan.gov.il)",https://data.nadlan.gov.il/api/pages/neighborhood/buy/65209993.json,"Thu, 20 Aug 2026 10:30:17 GMT",2026-10-07 07:05
neighbourhood,65209993,הצפון החדש - החלק הדרומי,4,2024,Q4,,4866700,2154500,"closed deals (median, Tax Authority data as published by nadlan.gov.il)",https://data.nadlan.gov.il/api/pages/neighborhood/buy/65209993.json,"Thu, 20 Aug 2026 10:30:17 GMT",2026-10-07 07:05
neighbourhood,65209993,הצפון החדש - החלק הדרומי,4,2023,Q1,7020100,4638500,1865400,"closed deals (median, Tax Authority data as published by nadlan.gov.il)",https://data.nadlan.gov.il/api/pages/neighborhood/buy/65209993.json,"Thu, 20 Aug 2026 10:30:17 GMT",2026-10-07 07:05
neighbourhood,65209993,הצפון החדש - החלק הדרומי,4,2023,Q2,,5035400,1867500,"closed deals (median, Tax Authority data as published by nadlan.gov.il)",https://data.nadlan.gov.il/api/pages/neighborhood/buy/65209993.json,"Thu, 20 Aug 2026 10:30:17 GMT",2026-10-07 07:05
neighbourhood,65209993,הצפון החדש - החלק הדרומי,4,2023,Q3,,4149000,1894900,"closed deals (median, Tax Authority data as published by nadlan.gov.il)",https://data.nadlan.gov.il/api/pages/neighborhood/buy/65209993.json,"Thu, 20 Aug 2026 10:30:17 GMT",2026-10-07 07:05
neighbourhood,65209993,הצפון החדש - החלק הדרומי,4,2023,Q4,,4494100,1996300,"closed deals (median, Tax Authority data as published by nadlan.gov.il)",https://data.nadlan.gov.il/api/pages/neighborhood/buy/65209993.json,"Thu, 20 Aug 2026 10:30:17 GMT",2026-10-07 07:05
neighbourhood,65209993,הצפון החדש - החלק הדרומי,4,2022,Q1,6809100,4382900,1691000,"closed deals (median, Tax Authority data as published by nadlan.gov.il)",https://data.nadlan.gov.il/api/pages/neighborhood/buy/65209993.json,"Thu, 20 Aug 2026 10:30:17 GMT",2026-10-07 07:05
neighbourhood,65209993,הצפון החדש - החלק הדרומי,4,2022,Q2,,4597100,1811500,"closed deals (median, Tax Authority data as published by nadlan.gov.il)",https://data.nadlan.gov.il/api/pages/neighborhood/buy/65209993.json,"Thu, 20 Aug 2026 10:30:17 GMT",2026-10-07 07:05
neighbourhood,65209993,הצפון החדש - החלק הדרומי,4,2022,Q3,,4471000,1784600,"closed deals (median, Tax Authority data as published by nadlan.gov.il)",https://data.nadlan.gov.il/api/pages/neighborhood/buy/65209993.json,"Thu, 20 Aug 2026 10:30:17 GMT",2026-10-07 07:05
neighbourhood,65209993,הצפון החדש - החלק הדרומי,4,2022,Q4,,4727600,1846700,"closed deals (median, Tax Authority data as published by nadlan.gov.il)",https://data.nadlan.gov.il/api/pages/neighborhood/buy/65209993.json,"Thu, 20 Aug 2026 10:30:17 GMT",2026-10-07 07:05
neighbourhood,65209993,הצפון החדש - החלק הדרומי,4,2021,Q1,5745500,3748500,1579400,"closed deals (median, Tax Authority data as published by nadlan.gov.il)",https://data.nadlan.gov.il/api/pages/neighborhood/buy/65209993.json,"Thu, 20 Aug 2026 10:30:17 GMT",2026-10-07 07:05
neighbourhood,65209993,הצפון החדש - החלק הדרומי,4,2021,Q2,,3899500,1615700,"closed deals (median, Tax Authority data as published by nadlan.gov.il)",https://data.nadlan.gov.il/api/pages/neighborhood/buy/65209993.json,"Thu, 20 Aug 2026 10:30:17 GMT",2026-10-07 07:05
neighbourhood,65209993,הצפון החדש - החלק הדרומי,4,2021,Q3,,4000100,1618300,"closed deals (median, Tax Authority data as published by nadlan.gov.il)",https://data.nadlan.gov.il/api/pages/neighborhood/buy/65209993.json,"Thu, 20 Aug 2026 10:30:17 GMT",2026-10-07 07:05
neighbourhood,65209993,הצפון החדש - החלק הדרומי,4,2021,Q4,,4166700,1668000,"closed deals (median, Tax Authority data as published by nadlan.gov.il)",https://data.nadlan.gov.il/api/pages/neighborhood/buy/65209993.json,"Thu, 20 Aug 2026 10:30:17 GMT",2026-10-07 07:05
neighbourhood,65209993,הצפון החדש - החלק הדרומי,5,2026,Q1,,7497700,2920600,"closed deals (median, Tax Authority data as published by nadlan.gov.il)",https://data.nadlan.gov.il/api/pages/neighborhood/buy/65209993.json,"Thu, 20 Aug 2026 10:30:17 GMT",2026-10-07 07:05
neighbourhood,65209993,הצפון החדש - החלק הדרומי,5,2025,Q1,9136200,7042600,2921800,"closed deals (median, Tax Authority data as published by nadlan.gov.il)",https://data.nadlan.gov.il/api/pages/neighborhood/buy/65209993.json,"Thu, 20 Aug 2026 10:30:17 GMT",2026-10-07 07:05
neighbourhood,65209993,הצפון החדש - החלק הדרומי,5,2025,Q2,,6752800,2902700,"closed deals (median, Tax Authority data as published by nadlan.gov.il)",https://data.nadlan.gov.il/api/pages/neighborhood/buy/65209993.json,"Thu, 20 Aug 2026 10:30:17 GMT",2026-10-07 07:05
neighbourhood,65209993,הצפון החדש - החלק הדרומי,5,2025,Q3,,7019300,2853800,"closed deals (median, Tax Authority data as published by nadlan.gov.il)",https://data.nadlan.gov.il/api/pages/neighborhood/buy/65209993.json,"Thu, 20 Aug 2026 10:30:17 GMT",2026-10-07 07:05
neighbourhood,65209993,הצפון החדש - החלק הדרומי,5,2025,Q4,,6500900,2951400,"closed deals (median, Tax Authority data as published by nadlan.gov.il)",https://data.nadlan.gov.il/api/pages/neighborhood/buy/65209993.json,"Thu, 20 Aug 2026 10:30:17 GMT",2026-10-07 07:05
neighbourhood,65209993,הצפון החדש - החלק הדרומי,5,2024,Q1,8566400,6433700,2984100,"closed deals (median, Tax Authority data as published by nadlan.gov.il)",https://data.nadlan.gov.il/api/pages/neighborhood/buy/65209993.json,"Thu, 20 Aug 2026 10:30:17 GMT",2026-10-07 07:05
neighbourhood,65209993,הצפון החדש - החלק הדרומי,5,2024,Q2,,5978500,3071200,"closed deals (median, Tax Authority data as published by nadlan.gov.il)",https://data.nadlan.gov.il/api/pages/neighborhood/buy/65209993.json,"Thu, 20 Aug 2026 10:30:17 GMT",2026-10-07 07:05
neighbourhood,65209993,הצפון החדש - החלק הדרומי,5,2024,Q3,,5806100,2944600,"closed deals (median, Tax Authority data as published by nadlan.gov.il)",https://data.nadlan.gov.il/api/pages/neighborhood/buy/65209993.json,"Thu, 20 Aug 2026 10:30:17 GMT",2026-10-07 07:05
neighbourhood,65209993,הצפון החדש - החלק הדרומי,5,2024,Q4,,6203000,2946300,"closed deals (median, Tax Authority data as published by nadlan.gov.il)",https://data.nadlan.gov.il/api/pages/neighborhood/buy/65209993.json,"Thu, 20 Aug 2026 10:30:17 GMT",2026-10-07 07:05
neighbourhood,65209993,הצפון החדש - החלק הדרומי,5,2023,Q1,10381800,6182400,2729500,"closed deals (median, Tax Authority data as published by nadlan.gov.il)",https://data.nadlan.gov.il/api/pages/neighborhood/buy/65209993.json,"Thu, 20 Aug 2026 10:30:17 GMT",2026-10-07 07:05
neighbourhood,65209993,הצפון החדש - החלק הדרומי,5,2023,Q2,,6330200,2834100,"closed deals (median, Tax Authority data as published by nadlan.gov.il)",https://data.nadlan.gov.il/api/pages/neighborhood/buy/65209993.json,"Thu, 20 Aug 2026 10:30:17 GMT",2026-10-07 07:05
neighbourhood,65209993,הצפון החדש - החלק הדרומי,5,2023,Q3,,5590300,2720000,"closed deals (median, Tax Authority data as published by nadlan.gov.il)",https://data.nadlan.gov.il/api/pages/neighborhood/buy/65209993.json,"Thu, 20 Aug 2026 10:30:17 GMT",2026-10-07 07:05
neighbourhood,65209993,הצפון החדש - החלק הדרומי,5,2023,Q4,,6615400,2877200,"closed deals (median, Tax Authority data as published by nadlan.gov.il)",https://data.nadlan.gov.il/api/pages/neighborhood/buy/65209993.json,"Thu, 20 Aug 2026 10:30:17 GMT",2026-10-07 07:05
neighbourhood,65209993,הצפון החדש - החלק הדרומי,5,2022,Q1,10860500,5539000,2484800,"closed deals (median, Tax Authority data as published by nadlan.gov.il)",https://data.nadlan.gov.il/api/pages/neighborhood/buy/65209993.json,"Thu, 20 Aug 2026 10:30:17 GMT",2026-10-07 07:05
neighbourhood,65209993,הצפון החדש - החלק הדרומי,5,2022,Q2,,6129700,2559200,"closed deals (median, Tax Authority data as published by nadlan.gov.il)",https://data.nadlan.gov.il/api/pages/neighborhood/buy/65209993.json,"Thu, 20 Aug 2026 10:30:17 GMT",2026-10-07 07:05
neighbourhood,65209993,הצפון החדש - החלק הדרומי,5,2022,Q3,,5869300,2638900,"closed deals (median, Tax Authority data as published by nadlan.gov.il)",https://data.nadlan.gov.il/api/pages/neighborhood/buy/65209993.json,"Thu, 20 Aug 2026 10:30:17 GMT",2026-10-07 07:05
neighbourhood,65209993,הצפון החדש - החלק הדרומי,5,2022,Q4,,5895800,2532700,"closed deals (median, Tax Authority data as published by nadlan.gov.il)",https://data.nadlan.gov.il/api/pages/neighborhood/buy/65209993.json,"Thu, 20 Aug 2026 10:30:17 GMT",2026-10-07 07:05
neighbourhood,65209993,הצפון החדש - החלק הדרומי,5,2021,Q1,7975000,4774500,2192600,"closed deals (median, Tax Authority data as published by nadlan.gov.il)",https://data.nadlan.gov.il/api/pages/neighborhood/buy/65209993.json,"Thu, 20 Aug 2026 10:30:17 GMT",2026-10-07 07:05
neighbourhood,65209993,הצפון החדש - החלק הדרומי,5,2021,Q2,,5059500,2237600,"closed deals (median, Tax Authority data as published by nadlan.gov.il)",https://data.nadlan.gov.il/api/pages/neighborhood/buy/65209993.json,"Thu, 20 Aug 2026 10:30:17 GMT",2026-10-07 07:05
neighbourhood,65209993,הצפון החדש - החלק הדרומי,5,2021,Q3,,5704100,2279300,"closed deals (median, Tax Authority data as published by nadlan.gov.il)",https://data.nadlan.gov.il/api/pages/neighborhood/buy/65209993.json,"Thu, 20 Aug 2026 10:30:17 GMT",2026-10-07 07:05
neighbourhood,65209993,הצפון החדש - החלק הדרומי,5,2021,Q4,,5433800,2341900,"closed deals (median, Tax Authority data as published by nadlan.gov.il)",https://data.nadlan.gov.il/api/pages/neighborhood/buy/65209993.json,"Thu, 20 Aug 2026 10:30:17 GMT",2026-10-07 07:05
neighbourhood,65209993,הצפון החדש - החלק הדרומי,all,2026,Q1,5316500,,2058800,"closed deals (median, Tax Authority data as published by nadlan.gov.il)",https://data.nadlan.gov.il/api/pages/neighborhood/buy/65209993.json,"Thu, 20 Aug 2026 10:30:17 GMT",2026-10-07 07:05
neighbourhood,65209993,הצפון החדש - החלק הדרומי,all,2025,Q1,4708000,3653500,1989400,"closed deals (median, Tax Authority data as published by nadlan.gov.il)",https://data.nadlan.gov.il/api/pages/neighborhood/buy/65209993.json,"Thu, 20 Aug 2026 10:30:17 GMT",2026-10-07 07:05
neighbourhood,65209993,הצפון החדש - החלק הדרומי,all,2025,Q2,4791700,,1931100,"closed deals (median, Tax Authority data as published by nadlan.gov.il)",https://data.nadlan.gov.il/api/pages/neighborhood/buy/65209993.json,"Thu, 20 Aug 2026 10:30:17 GMT",2026-10-07 07:05
neighbourhood,65209993,הצפון החדש - החלק הדרומי,all,2025,Q3,4224800,3383400,1938500,"closed deals (median, Tax Authority data as published by nadlan.gov.il)",https://data.nadlan.gov.il/api/pages/neighborhood/buy/65209993.json,"Thu, 20 Aug 2026 10:30:17 GMT",2026-10-07 07:05
neighbourhood,65209993,הצפון החדש - החלק הדרומי,all,2025,Q4,5764800,3679000,2010400,"closed deals (median, Tax Authority data as published by nadlan.gov.il)",https://data.nadlan.gov.il/api/pages/neighborhood/buy/65209993.json,"Thu, 20 Aug 2026 10:30:17 GMT",2026-10-07 07:05
neighbourhood,65209993,הצפון החדש - החלק הדרומי,all,2024,Q1,5202500,3785300,2008800,"closed deals (median, Tax Authority data as published by nadlan.gov.il)",https://data.nadlan.gov.il/api/pages/neighborhood/buy/65209993.json,"Thu, 20 Aug 2026 10:30:17 GMT",2026-10-07 07:05
neighbourhood,65209993,הצפון החדש - החלק הדרומי,all,2024,Q2,4510700,3782800,2138400,"closed deals (median, Tax Authority data as published by nadlan.gov.il)",https://data.nadlan.gov.il/api/pages/neighborhood/buy/65209993.json,"Thu, 20 Aug 2026 10:30:17 GMT",2026-10-07 07:05
neighbourhood,65209993,הצפון החדש - החלק הדרומי,all,2024,Q3,5261300,3506000,1979400,"closed deals (median, Tax Authority data as published by nadlan.gov.il)",https://data.nadlan.gov.il/api/pages/neighborhood/buy/65209993.json,"Thu, 20 Aug 2026 10:30:17 GMT",2026-10-07 07:05
neighbourhood,65209993,הצפון החדש - החלק הדרומי,all,2024,Q4,4676200,3583200,2015200,"closed deals (median, Tax Authority data as published by nadlan.gov.il)",https://data.nadlan.gov.il/api/pages/neighborhood/buy/65209993.json,"Thu, 20 Aug 2026 10:30:17 GMT",2026-10-07 07:05
neighbourhood,65209993,הצפון החדש - החלק הדרומי,all,2023,Q1,,3233600,1705300,"closed deals (median, Tax Authority data as published by nadlan.gov.il)",https://data.nadlan.gov.il/api/pages/neighborhood/buy/65209993.json,"Thu, 20 Aug 2026 10:30:17 GMT",2026-10-07 07:05
neighbourhood,65209993,הצפון החדש - החלק הדרומי,all,2023,Q2,4822700,3302200,1738200,"closed deals (median, Tax Authority data as published by nadlan.gov.il)",https://data.nadlan.gov.il/api/pages/neighborhood/buy/65209993.json,"Thu, 20 Aug 2026 10:30:17 GMT",2026-10-07 07:05
neighbourhood,65209993,הצפון החדש - החלק הדרומי,all,2023,Q3,4095800,3416700,1744000,"closed deals (median, Tax Authority data as published by nadlan.gov.il)",https://data.nadlan.gov.il/api/pages/neighborhood/buy/65209993.json,"Thu, 20 Aug 2026 10:30:17 GMT",2026-10-07 07:05
neighbourhood,65209993,הצפון החדש - החלק הדרומי,all,2023,Q4,4125700,3448400,1824300,"closed deals (median, Tax Authority data as published by nadlan.gov.il)",https://data.nadlan.gov.il/api/pages/neighborhood/buy/65209993.json,"Thu, 20 Aug 2026 10:30:17 GMT",2026-10-07 07:05
neighbourhood,65209993,הצפון החדש - החלק הדרומי,all,2022,Q1,4556700,3408800,1673600,"closed deals (median, Tax Authority data as published by nadlan.gov.il)",https://data.nadlan.gov.il/api/pages/neighborhood/buy/65209993.json,"Thu, 20 Aug 2026 10:30:17 GMT",2026-10-07 07:05
neighbourhood,65209993,הצפון החדש - החלק הדרומי,all,2022,Q2,4491300,3545500,1721600,"closed deals (median, Tax Authority data as published by nadlan.gov.il)",https://data.nadlan.gov.il/api/pages/neighborhood/buy/65209993.json,"Thu, 20 Aug 2026 10:30:17 GMT",2026-10-07 07:05
neighbourhood,65209993,הצפון החדש - החלק הדרומי,all,2022,Q3,5327300,3559000,1683200,"closed deals (median, Tax Authority data as published by nadlan.gov.il)",https://data.nadlan.gov.il/api/pages/neighborhood/buy/65209993.json,"Thu, 20 Aug 2026 10:30:17 GMT",2026-10-07 07:05
neighbourhood,65209993,הצפון החדש - החלק הדרומי,all,2022,Q4,4567800,3531900,1674600,"closed deals (median, Tax Authority data as published by nadlan.gov.il)",https://data.nadlan.gov.il/api/pages/neighborhood/buy/65209993.json,"Thu, 20 Aug 2026 10:30:17 GMT",2026-10-07 07:05
neighbourhood,65209993,הצפון החדש - החלק הדרומי,all,2021,Q1,3999000,3094100,1585300,"closed deals (median, Tax Authority data as published by nadlan.gov.il)",https://data.nadlan.gov.il/api/pages/neighborhood/buy/65209993.json,"Thu, 20 Aug 2026 10:30:17 GMT",2026-10-07 07:05
neighbourhood,65209993,הצפון החדש - החלק הדרומי,all,2021,Q2,3750400,3097000,1597100,"closed deals (median, Tax Authority data as published by nadlan.gov.il)",https://data.nadlan.gov.il/api/pages/neighborhood/buy/65209993.json,"Thu, 20 Aug 2026 10:30:17 GMT",2026-10-07 07:05
neighbourhood,65209993,הצפון החדש - החלק הדרומי,all,2021,Q3,4243700,3216000,1604300,"closed deals (median, Tax Authority data as published by nadlan.gov.il)",https://data.nadlan.gov.il/api/pages/neighborhood/buy/65209993.json,"Thu, 20 Aug 2026 10:30:17 GMT",2026-10-07 07:05
neighbourhood,65209993,הצפון החדש - החלק הדרומי,all,2021,Q4,4241800,3247600,1631100,"closed deals (median, Tax Authority data as published by nadlan.gov.il)",https://data.nadlan.gov.il/api/pages/neighborhood/buy/65209993.json,"Thu, 20 Aug 2026 10:30:17 GMT",2026-10-07 07:05
