idx,id,name_he,g,k,walk_min,missing,own_osm_ref,path,status,osm_ref,osm_kind,rule,strict,dist_m,osm_name,osm_name_he,wikidata,wd_he_label,wd_hewiki,he_check,wd_en,wd_ru,wd_fr,wd_ar,written,dropped,kept_existing,candidates
1229,tlv:745/125,צוותא,community,culture,20,"en,ru,fr,ar",,B same name <= 80 m,filled,node/12101869647,amenity=theatre,b,community <-> amenity=theatre,29.0,צוותא,,Q12410852,צוותא,צוותא,he label = name,Tzavta,,,,en,,,
77,fp:osm-way-30879066,גן הגת,outdoors,park,2,"ru,fr,ar",way/30879066,A own element,matched-nothing-new,way/30879066,leisure=park,a,own OSM element,0.1,גן הגת,גן הגת,Q6609253,גן הגת,גן הגת,he label = name,Gan HaGat,,,,,,,
237,fp:osm-way-219292804,בית הכנסת היכל יהודה,community,worship,7,"ru,fr,ar",way/219292804,A own element,matched-nothing-new,way/219292804,amenity=place_of_worship,a,own OSM element,0.2,בית הכנסת היכל יהודה,בית הכנסת היכל יהודה,Q2920379,בית הכנסת היכל יהודה,בית הכנסת היכל יהודה,he label = name,Hechal Yehuda Synagogue,,,,,,,
227,osm:way/96637603,מרכז ויצמן,essentials,mall,8,"ru,fr,ar",way/96637603,A own element,matched-nothing-new,way/96637603,shop=mall,a,own OSM element,0.0,מרכז ויצמן,מרכז ויצמן,Q7217370,מרכז ויצמן,מרכז ויצמן,he label = name,,,,,,,,
231,osm:way/26301668,גן סוטין,outdoors,park,8,"ru,fr,ar",way/26301668,A own element,matched-nothing-new,way/26301668,leisure=park,a,own OSM element,0.0,גן סוטין,גן סוטין,Q7190171,גן סוטין,גן סוטין,he label = name,Park Soutine,,,,,,"en: kept Soutine garden, Wikidata Park Soutine",
373,osm:way/157509492,גן וולובלסקי קרני,outdoors,park,10,"ru,fr,ar",way/157509492,A own element,matched-nothing-new,way/157509492,leisure=park,a,own OSM element,0.0,גן וולובלסקי קרני,גן וולובלסקי קרני,Q80273779,גן וולובלסקי קרני,,he label = name,Volovelski-Karni Garden,,,,,,"en: kept Volovelski Karni, Wikidata Volovelski-Karni Garden",
547,osm:node/10693471206,"חמד""ע",education,school,13,"ru,fr,ar",node/10693471206,A own element,matched-nothing-new,node/10693471206,amenity=school,a,own OSM element,0.1,"חמד""ע","חמד""ע",Q12407537,"חמד""ע","חמד""ע",he label = name,,,,,,,,
785,fp:osm-way-30127380,כיכר היל,outdoors,park,14,"ru,fr,ar",way/30127380,A own element,matched-nothing-new,way/30127380,leisure=park,a,own OSM element,0.3,כיכר היל,כיכר היל,Q7043115,כיכר היל,כיכר היל,he label = name,Abattoir Hill,,,,,,"en: kept Kikar Hill, Wikidata Abattoir Hill",
798,osm:node/10946228150,מיט בר בורגר,food,fast_food,14,"ru,fr,ar",node/10946228150,A own element,matched-nothing-new,node/10946228150,amenity=fast_food,a,own OSM element,0.1,Meat Bar Burger,מיט בר בורגר,Q67441585,מיט בר בורגר,,he label = name,Meat Bar Burger,,,,,,,
777,osm:way/30146258,גינת דובנוב,outdoors,park,16,"ru,fr,ar",way/30146258,A own element,matched-nothing-new,way/30146258,leisure=park,a,own OSM element,0.0,גינת דובנוב,גינת דובנוב,Q5311048,גינת דובנוב,גינת דובנוב,he label = name,Dubnow Park,,,,,,"en: kept Dubnov, Wikidata Dubnow Park",
1131,fp:osm-node-340382877,גן הבנים,outdoors,park,18,"ru,fr,ar",node/340382877,A own element,matched-nothing-new,node/340382877,leisure=park,a,own OSM element,0.3,גן הבנים,גן הבנים,Q112624938,גן הבנים,גן הבנים (תל אביב-יפו),he label = name,Gan Habanim,,,,,,"en: kept Gan HaBanim, Wikidata Gan Habanim",
137,fp:osm-way-405360284,הגימנסיה העברית הרצליה,education,school,6,"fr,ar",way/405360284,A own element,he-mismatch,way/405360284,amenity=school,a,own OSM element,0.3,גימנסיה הרצליה,הגימנסיה העברית הרצליה,Q1592883,"הגימנסיה העברית ""הרצליה""","הגימנסיה העברית ""הרצליה""",he label/hewiki differ,Herzliya Hebrew Gymnasium,Гимназия «Герцлия»,lycée hébraïque Herzliya,ثانوية هرتسليا العبرية,,,,
144,fp:osm-way-1153886763,שבט דיזנגוף - תנועת הצופים העבריים בישראל,community,community,6,"en,ru,fr,ar",way/1153886763,A own element,he-mismatch,way/1153886763,amenity=community_centre,a,own OSM element,0.2,שבט דיזנגוף - תנועת הצופים העבריים בישראל,שבט דיזנגוף - תנועת הצופים העבריים בישראל,Q7211053,הצופים העבריים,הצופים העבריים,he label/hewiki differ,Hebrew Scouts Movement in Israel,,,,,,,
297,fp:osm-way-140917803,בית ספר עירוני ד',education,school,6,"ru,fr,ar",way/140917803,A own element,he-mismatch,way/140917803,amenity=school,a,own OSM element,0.4,בית ספר עירוני ד',בית ספר עירוני ד',Q6924946,תיכון עירוני ד',תיכון עירוני ד',he label/hewiki differ,"Municipal Highschool D (Ironi Dalet), Tel Aviv",Ирони Далет,,,,,,
493,osm:node/2930618402,תל אביב סבידור מרכז,transport,station,9,fr,node/2930618402,A own element,he-mismatch,node/2930618402,railway=station,a,own OSM element,0.0,תל אביב סבידור מרכז,תל אביב סבידור מרכז,Q2915697,תחנת הרכבת תל אביב – סבידור מרכז,תחנת הרכבת תל אביב – סבידור מרכז,he label/hewiki differ,Tel Aviv – Savidor Central railway station,Тель-Авив — Савидор Мерказ,Tel Aviv – Savidor Central,محطة قطار تل أبيب – سفيدور مركز,,,,
306,osm:way/26599740,"בי""ח איכילוב",health,hospital,10,"fr,ar",way/26599740,A own element,he-mismatch,way/26599740,amenity=hospital,a,own OSM element,0.1,"בי""ח איכילוב","בי""ח איכילוב",Q2561450,"המרכז הרפואי תל אביב ע""ש סוראסקי","המרכז הרפואי תל אביב ע""ש סוראסקי",he label/hewiki differ,Tel Aviv Sourasky Medical Center,Медицинский центр имени Сураски,centre médical Sourasky de Tel Aviv,مركز تل أبيب سوراسكي الطبي,,,,
496,osm:node/11124786622,"תחנת ארלוזרוב, הקו האדום",transport,station,11,"ru,fr,ar",node/11124786622,A own element,he-mismatch,node/11124786622,railway=station,a,own OSM element,0.0,ארלוזורוב,ארלוזורוב,Q41992304,תחנת ארלוזורוב,תחנת ארלוזורוב,he label/hewiki differ,Arlozorov Light Rail Station,,Arlozorov,,,,,
646,osm:relation/16022802#n,"פארק הירקון (גני יהושע), ליד בני דן",outdoors,park,13,"ru,fr,ar",relation/16022802,A own element,he-mismatch,relation/16022802,leisure=park,a,own OSM element,2134.8,גני יהושע,גני יהושע,Q1683522,פארק הירקון,פארק הירקון,he label/hewiki differ,Yarkon Park,Парк Ха-Яркон,parc Yarkon,,,,,
759,osm:way/96838152,"גן הפסלים ע""ש לולה אבנר",outdoors,garden,13,"ru,fr,ar",way/96838152,A own element,he-mismatch,way/96838152,leisure=garden,a,own OSM element,0.0,"גן הפסלים ע""ש לולה אבנר","גן הפסלים ע""ש לולה אבנר",Q139575,"גן הפסלים ע""ש לולה בר-אבנר","גן הפסלים ע""ש לולה בר-אבנר",he label/hewiki differ,Lola Beer Ebner Sculpture Garden,,,,,,,
615,osm:relation/15020537,קניון גן העיר,essentials,mall,14,"ru,fr,ar",relation/15020537,A own element,he-mismatch,relation/15020537,shop=mall,a,own OSM element,0.1,קניון גן העיר,קניון גן העיר,Q7190035,גן העיר (תל אביב),גן העיר (תל אביב),he label/hewiki differ,Gan HaYir Tower,,,,,,,
799,tlv:745/36,בית אריאלה,community,culture,14,"ru,fr,ar",,B same name <= 80 m,he-mismatch,way/96837834,amenity=library,b,community <-> amenity=library,16.3,בית אריאלה,ספריית שער ציון – בית אריאלה,Q4263244,ספריית בית אריאלה,ספריית בית אריאלה,he label/hewiki differ,Beit Ariela,Бейт Ариела,,مكتبة شعار تسيون- بيت اريئيلا,,,,
814,osm:way/96837834,ספריית שער ציון – בית אריאלה,education,library,14,"ru,fr,ar",way/96837834,A own element,he-mismatch,way/96837834,amenity=library,a,own OSM element,0.0,בית אריאלה,ספריית שער ציון – בית אריאלה,Q4263244,ספריית בית אריאלה,ספריית בית אריאלה,he label/hewiki differ,Beit Ariela,Бейт Ариела,,مكتبة شعار تسيون- بيت اريئيلا,,,,
774,osm:node/11124793538,"תחנת שאול המלך, הקו האדום",transport,station,17,"ru,fr,ar",node/11124793538,A own element,he-mismatch,node/11124793538,railway=station,a,own OSM element,0.1,שאול המלך,שאול המלך,Q31197774,תחנת שאול המלך,תחנת שאול המלך,he label/hewiki differ,Shaul Hamelech Light Rail Station,,Shaul Hamelech,,,,,
950,osm:way/382072592,אבא הלל,transport,station,17,"ru,fr,ar",way/382072592,A own element,he-mismatch,way/382072592,railway=station,a,own OSM element,0.1,אבא הלל,אבא הלל,Q25494925,תחנת אבא הלל,תחנת אבא הלל,he label/hewiki differ,Abba Hillel Light Rail Station,,Aba Hilel,,,,,
961,osm:node/11133775519,אבא הלל,transport,station,17,"ru,fr",node/11133775519,A own element,he-mismatch,node/11133775519,railway=station,a,own OSM element,0.0,אבא הלל,אבא הלל,Q25494925,תחנת אבא הלל,תחנת אבא הלל,he label/hewiki differ,Abba Hillel Light Rail Station,,Aba Hilel,,,,,
975,fp:osm-way-1181231038,מועדון השייטים תל-אביב,outdoors,sport,19,"ru,fr,ar",way/1181231038,A own element,he-mismatch,way/1181231038,leisure=sports_centre,a,own OSM element,0.2,מועדון השייטים תל-אביב,מועדון השייטים תל-אביב,Q7695561,מועדון השייטים תל אביב,מועדון השייטים תל אביב,he label/hewiki differ,Tel Aviv Rowing Club,,,,,,,
1178,osm:node/1643304667,זמנהוף,essentials,pharmacy,19,"ru,fr,ar",node/1643304667,A own element,he-mismatch,node/1643304667,amenity=pharmacy,a,own OSM element,0.0,זמנהוף,זמנהוף,Q7027396,מרפאת זמנהוף,מרפאת זמנהוף,he label/hewiki differ,Zamenhof Clinic,,,,,,,
1205,osm:way/130626671,הלונדון מיניסטורס,essentials,mall,19,"ru,fr,ar",way/130626671,A own element,he-mismatch,way/130626671,shop=mall,a,own OSM element,0.0,הלונדון מיניסטורס,הלונדון מיניסטורס,Q7214716,לונדון מיניסטורס,לונדון מיניסטורס,he label/hewiki differ,London Ministore Tower,,,,,,,
4,fp:13714,כיכר המדינה/וייצמן,transport,bus_stop,1,"ru,fr",,B same name <= 80 m,no-wikidata-tag,node/1803047561,public_transport=platform,b,transport <-> public_transport=platform,0.5,כיכר המדינה/וייצמן,כיכר המדינה/וייצמן,,,,,,,,,,,,
5,fp:43652,כיכר המדינה/אריה עקיבא,transport,bus_stop,1,"ru,fr",,B same name <= 80 m,no-wikidata-tag,node/12172576104,public_transport=platform,b,transport <-> public_transport=platform,0.5,כיכר המדינה/אריה עקיבא,כיכר המדינה/אריה עקיבא,,,,,,,,,,,,
8,fp:osm-node-11176806151,אנטילופ,essentials,shopping,1,"ru,fr,ar",node/11176806151,A own element,no-wikidata-tag,node/11176806151,shop=clothes,a,own OSM element,0.3,Antelope,אנטילופ,,,,,,,,,,,,
29,fp:18425,מרינדו,essentials,shopping,1,"ru,fr,ar",,B same name <= 80 m,no-wikidata-tag,node/11088926631,shop=butcher,b,essentials <-> shop=butcher,16.6,מרינדו,מרינדו,,,,,,,,,,,,
37,fp:osm-node-11176829810,לוטו,essentials,shopping,1,"ru,fr,ar",node/11176829810,A own element,no-wikidata-tag,node/11176829810,shop=kiosk,a,own OSM element,0.6,לוטו,לוטו,,,,,,,,,,,,
54,osm:node/5949688775,בייקרי,essentials,bakery,1,"ru,fr,ar",node/5949688775,A own element,no-wikidata-tag,node/5949688775,shop=bakery,a,own OSM element,0.0,בייקרי,בייקרי,,,,,,,,,,,,
58,fp:osm-node-11176831454,עודד קאשי,essentials,shopping,1,"ru,fr,ar",node/11176831454,A own element,no-wikidata-tag,node/11176831454,shop=jewelry,a,own OSM element,0.4,עודד קאשי,עודד קאשי,,,,,,,,,,,,
59,fp:osm-node-1642950898,בנק מזרחי טפחות,essentials,bank,1,"fr,ar",node/1642950898,A own element,no-wikidata-tag,node/1642950898,amenity=bank,a,own OSM element,0.4,בנק מזרחי טפחות,בנק מזרחי טפחות,,,,,,,,,,,,
63,fp:13727,ז'בוטינסקי/דרך נמיר,transport,bus_stop,1,"ru,fr",,B same name <= 80 m,no-wikidata-tag,node/1803035820,public_transport=platform,b,transport <-> public_transport=platform,0.2,ז׳בוטינסקי/דרך נמיר,ז׳בוטינסקי/דרך נמיר,,,,,,,,,,,,
64,osm:node/1642950897,הבנק הבינלאומי,essentials,bank,1,"fr,ar",node/1642950897,A own element,no-wikidata-tag,node/1642950897,amenity=bank,a,own OSM element,0.1,הבנק הבינלאומי,הבנק הבינלאומי,,,,,,,,,,,,
67,osm:node/11163200118,ויקטורי,essentials,supermarket,1,"fr,ar",node/11163200118,A own element,no-wikidata-tag,node/11163200118,shop=supermarket,a,own OSM element,0.0,Victory,ויקטורי,,,,,,,,,,,,
68,osm:node/1803047557,כיכר המדינה/ויצמן,transport,bus_stop,1,"ru,fr",node/1803047557,A own element,no-wikidata-tag,node/1803047557,public_transport=platform,a,own OSM element,0.0,כיכר המדינה/ויצמן,כיכר המדינה/ויצמן,,,,,,,,,,,,
72,fp:13726,ז'בוטינסקי/כיכר המדינה,transport,bus_stop,1,"ru,fr",,B same name <= 80 m,no-wikidata-tag,node/1803035859,public_transport=platform,b,transport <-> public_transport=platform,0.1,ז׳בוטינסקי/כיכר המדינה,ז׳בוטינסקי/כיכר המדינה,,,,,,,,,,,,
65,fp:osm-way-370074338,גן אברהם,outdoors,park,2,"ru,fr,ar",way/370074338,A own element,no-wikidata-tag,way/370074338,leisure=park,a,own OSM element,0.7,גן אברהם,גן אברהם,,,,,,,,,,,,
81,fp:osm-way-31539863,גן משה כהן,outdoors,park,2,"ru,fr,ar",way/31539863,A own element,no-wikidata-tag,way/31539863,leisure=park,a,own OSM element,0.0,גן משה כהן,גן משה כהן,,,,,,,,,,,,
88,fp:osm-node-11361510170,גולדה,essentials,shopping,2,"fr,ar",node/11361510170,A own element,no-wikidata-tag,node/11361510170,amenity=ice_cream,a,own OSM element,0.2,גולדה,גולדה,,,,,,,,,,,,
89,fp:osm-way-91599859,גן גרמניס,outdoors,park,2,"ru,fr,ar",way/91599859,A own element,no-wikidata-tag,way/91599859,leisure=park,a,own OSM element,0.1,גן גרמניס,גן גרמניס,,,,,,,,,,,,
91,osm:node/5245475874,ניו מרקט,essentials,supermarket,2,"ru,fr,ar",node/5245475874,A own element,no-wikidata-tag,node/5245475874,shop=supermarket,a,own OSM element,0.0,ניו מרקט,ניו מרקט,,,,,,,,,,,,
94,osm:node/10110475398,גוד פארם,essentials,pharmacy,2,"ru,fr,ar",node/10110475398,A own element,no-wikidata-tag,node/10110475398,amenity=pharmacy,a,own OSM element,0.0,GOOD PHARM,גוד פארם,,,,,,,,,,,,
97,fp:osm-node-6227660300,דלל,food,cafe,2,"fr,ar",node/6227660300,A own element,no-wikidata-tag,node/6227660300,amenity=cafe,a,own OSM element,0.1,Dallal,דלל,,,,,,,,,,,,
101,fp:47416,גימנסיה הרצליה/רמז,transport,bus_stop,3,"ru,fr",,B same name <= 80 m,no-wikidata-tag,node/12172561704,public_transport=platform,b,transport <-> public_transport=platform,0.5,גימנסיה הרצליה/רמז,גימנסיה הרצליה/רמז,,,,,,,,,,,,
106,osm:node/11088954278,בית לחם,food,cafe,3,"ru,fr,ar",node/11088954278,A own element,no-wikidata-tag,node/11088954278,amenity=cafe,a,own OSM element,0.0,בית לחם,בית לחם,,,,,,,,,,,,
107,fp:13709,גימנסיה הרצליה/ז'בוטינסקי,transport,bus_stop,3,"ru,fr",,B same name <= 80 m,no-wikidata-tag,node/1803004322,public_transport=platform,b,transport <-> public_transport=platform,0.4,גימנסיה הרצליה/ז׳בוטינסקי,גימנסיה הרצליה/ז׳בוטינסקי,,,,,,,,,,,,
113,fp:osm-node-11363783369,ספריית הגימנסיה הרצליה,education,library,3,"ru,fr,ar",node/11363783369,A own element,no-wikidata-tag,node/11363783369,amenity=library,a,own OSM element,0.3,ספריית הגימנסיה הרצליה,ספריית הגימנסיה הרצליה,,,,,,,,,,,,
117,osm:node/1803035505,ויצמן/בארי,transport,bus_stop,3,"ru,fr",node/1803035505,A own element,no-wikidata-tag,node/1803035505,public_transport=platform,a,own OSM element,0.0,ויצמן/בארי,ויצמן/בארי,,,,,,,,,,,,
128,osm:node/10825033512,לוצ'ה,food,cafe,3,"ru,fr,ar",node/10825033512,A own element,no-wikidata-tag,node/10825033512,amenity=cafe,a,own OSM element,0.1,לוצ'ה,לוצ'ה,,,,,,,,,,,,
138,fp:osm-node-6815510153,תיאטרון תל אביב,community,culture,3,"ru,fr,ar",node/6815510153,A own element,no-wikidata-tag,node/6815510153,amenity=theatre,a,own OSM element,0.5,תיאטרון תל אביב,תיאטרון תל אביב,,,,,,,,,,,,
100,osm:node/1802991877,ארלוזורוב/משה שרת,transport,bus_stop,4,"ru,fr",node/1802991877,A own element,no-wikidata-tag,node/1802991877,public_transport=platform,a,own OSM element,0.0,ארלוזורוב/משה שרת,ארלוזורוב/משה שרת,,,,,,,,,,,,
109,osm:node/1802991872,ארלוזורוב/ויצמן,transport,bus_stop,4,"ru,fr",node/1802991872,A own element,no-wikidata-tag,node/1802991872,public_transport=platform,a,own OSM element,0.0,ארלוזורוב/ויצמן,ארלוזורוב/ויצמן,,,,,,,,,,,,
124,osm:way/203219827,גן גורדון,outdoors,park,4,"ru,fr,ar",way/203219827,A own element,no-wikidata-tag,way/203219827,leisure=park,a,own OSM element,0.0,גן גורדון,גן גורדון,,,,,,,,,,,,
134,osm:node/10812427867,כללית,health,clinic,4,"ru,fr,ar",node/10812427867,A own element,no-wikidata-tag,node/10812427867,amenity=clinic,a,own OSM element,0.0,כללית,כללית,,,,,,,,,,,,
172,fp:13708,גימנסיה הרצליה/ז'בוטינסקי,transport,bus_stop,4,"ru,fr",,B same name <= 80 m,no-wikidata-tag,node/1803004210,public_transport=platform,b,transport <-> public_transport=platform,0.2,גימנסיה הרצליה/ז׳בוטינסקי,גימנסיה הרצליה/ז׳בוטינסקי,,,,,,,,,,,,
185,fp:osm-node-10868043157,בנק הפועלים,essentials,bank,4,"ru,fr,ar",node/10868043157,A own element,no-wikidata-tag,node/10868043157,amenity=bank,a,own OSM element,0.3,בנק הפועלים,בנק הפועלים,,,,,,,,,,,,
155,osm:node/1802991837,ארלוזורוב/בלוך,transport,bus_stop,5,"ru,fr",node/1802991837,A own element,no-wikidata-tag,node/1802991837,public_transport=platform,a,own OSM element,0.0,ארלוזורוב/בלוך,ארלוזורוב/בלוך,,,,,,,,,,,,
159,fp:osm-way-868228198,ארלוזורוב 97 - הקאנטרי הקהילתי במרכז,outdoors,sport,5,"ru,fr,ar",way/868228198,A own element,no-wikidata-tag,way/868228198,leisure=sports_centre,a,own OSM element,0.5,ארלוזורוב 97 - הקאנטרי הקהילתי במרכז,ארלוזורוב 97 - הקאנטרי הקהילתי במרכז,,,,,,,,,,,,
162,fp:9490,מגה בעיר,essentials,supermarket,5,"fr,ar",,B same name <= 80 m,no-wikidata-tag,node/3461420325,shop=supermarket,b,essentials <-> shop=supermarket,10.7,מגה בעיר,מגה בעיר,,,,,,,,,,,,
163,fp:osm-node-8572113083,בנק לאומי,essentials,bank,5,fr,node/8572113083,A own element,no-wikidata-tag,node/8572113083,amenity=bank,a,own OSM element,0.5,בנק לאומי,בנק לאומי,,,,,,,,,,,,
166,osm:node/10765262752,סופר זול,essentials,convenience,5,"ru,fr,ar",node/10765262752,A own element,no-wikidata-tag,node/10765262752,shop=convenience,a,own OSM element,0.0,מרקט קליין,סופר זול,,,,,,,,,,,,
173,fp:osm-node-11361649670,חדר כושר הגימנסיה הרצליה,outdoors,gym,5,"ru,fr,ar",node/11361649670,A own element,no-wikidata-tag,node/11361649670,leisure=fitness_centre,a,own OSM element,0.6,חדר כושר הגימנסיה הרצליה,חדר כושר הגימנסיה הרצליה,,,,,,,,,,,,
180,osm:node/10765295517,טיב טעם בעיר,essentials,supermarket,5,"ru,fr,ar",node/10765295517,A own element,no-wikidata-tag,node/10765295517,shop=supermarket,a,own OSM element,0.0,טיב טעם בעיר,טיב טעם בעיר,,,,,,,,,,,,
196,gtfs:20348,דרך נמיר/ז'בוטינסקי,transport,bus_stop,5,"ru,fr",,B same name <= 80 m,no-wikidata-tag,node/1803011220,public_transport=platform,b,transport <-> public_transport=platform,0.0,דרך נמיר/ז׳בוטינסקי,דרך נמיר/ז׳בוטינסקי,,,,,,,,,,,,
201,fp:osm-node-4973245325,דידו קפה,food,cafe,5,"ru,fr,ar",node/4973245325,A own element,no-wikidata-tag,node/4973245325,amenity=cafe,a,own OSM element,0.5,דידו קפה,דידו קפה,,,,,,,,,,,,
212,fp:osm-way-30828437,גן נורי,outdoors,park,5,"ru,fr,ar",way/30828437,A own element,no-wikidata-tag,way/30828437,leisure=park,a,own OSM element,0.2,גן נורי,גן נורי,,,,,,,,,,,,
220,osm:node/11169886012,ארומה,food,cafe,5,"ru,fr,ar",node/11169886012,A own element,no-wikidata-tag,node/11169886012,amenity=cafe,a,own OSM element,0.0,ארומה,ארומה,,,,,,,,,,,,
153,fp:osm-way-35148082,גן פייבל,outdoors,park,6,"ru,fr,ar",way/35148082,A own element,no-wikidata-tag,way/35148082,leisure=park,a,own OSM element,0.1,גן פייבל,גן פייבל,,,,,,,,,,,,
170,osm:node/9350046743,מתוקה,food,cafe,6,"ru,fr,ar",node/9350046743,A own element,no-wikidata-tag,node/9350046743,amenity=cafe,a,own OSM element,0.1,מתוקה,מתוקה,,,,,,,,,,,,
192,osm:node/10784979960,הירקנייה של יהודה,essentials,greengrocer,6,"ru,fr,ar",node/10784979960,A own element,no-wikidata-tag,node/10784979960,shop=greengrocer,a,own OSM element,0.0,הירקנייה של יהודה,הירקנייה של יהודה,,,,,,,,,,,,
214,osm:node/11169880831,רולדין,food,cafe,6,"ru,fr,ar",node/11169880831,A own element,no-wikidata-tag,node/11169880831,amenity=cafe,a,own OSM element,0.0,רולדין,רולדין,,,,,,,,,,,,
216,fp:osm-way-206773123,"התיכון החדש ע""ש יצחק רבין",education,school,6,"ru,fr,ar",way/206773123,A own element,no-wikidata-tag,way/206773123,amenity=school,a,own OSM element,0.6,"התיכון החדש ע""ש יצחק רבין","התיכון החדש ע""ש יצחק רבין",,,,,,,,,,,,
226,fp:osm-way-362314995,גן ההסתדרות,outdoors,park,7,"ru,fr,ar",way/362314995,A own element,no-wikidata-tag,way/362314995,leisure=park,a,own OSM element,0.4,גן ההסתדרות,גן ההסתדרות,,,,,,,,,,,,
230,osm:node/12946222126,מרפאות טופ איכיפוב,health,hospital,7,"en,fr,ar",node/12946222126,A own element,no-wikidata-tag,node/12946222126,amenity=hospital,a,own OSM element,0.1,מרפאות טופ איכיפוב,מרפאות טופ איכיפוב,,,,,,,,,,,,
287,fp:21635,דידי דג,essentials,shopping,7,"ru,fr,ar",,B same name <= 80 m,no-wikidata-tag,node/11364155969,shop=fishing,b,essentials <-> shop=fishing,1.7,דידי דג,דידי דג,,,,,,,,,,,,
244,gtfs:24068,ת. רכבת תל אביב - סבידור/דרך נמיר,transport,bus_stop,8,"ru,fr",,B same name <= 80 m,no-wikidata-tag,node/1803055865,public_transport=platform,b,transport <-> public_transport=platform,0.0,ת. רכבת תל אביב - סבידור/דרך נמיר,ת. רכבת תל אביב - סבידור/דרך נמיר,,,,,,,,,,,,
246,osm:node/11185738466,אייקון פיטנס,outdoors,fitness_centre,8,"ru,fr,ar",node/11185738466,A own element,no-wikidata-tag,node/11185738466,leisure=fitness_centre,a,own OSM element,0.1,Icon Fitness,אייקון פיטנס,,,,,,,,,,,,
262,gtfs:21534,תיכון חדש רבין/דרך נמיר,transport,bus_stop,8,"ru,fr",,B same name <= 80 m,no-wikidata-tag,node/1803094010,public_transport=platform,b,transport <-> public_transport=platform,0.0,תיכון חדש רבין/דרך נמיר,תיכון חדש רבין/דרך נמיר,,,,,,,,,,,,
263,osm:way/683470523,בריכת מגדלי דוד,outdoors,swimming_pool,8,"ru,fr,ar",way/683470523,A own element,no-wikidata-tag,way/683470523,leisure=swimming_pool,a,own OSM element,0.0,David tower pool,בריכת מגדלי דוד,,,,,,,,,,,,
270,osm:way/149384939,גן א.ל. זיסו,outdoors,park,8,"ru,fr,ar",way/149384939,A own element,no-wikidata-tag,way/149384939,leisure=park,a,own OSM element,0.0,גן א.ל. זיסו,גן א.ל. זיסו,,,,,,,,,,,,
274,osm:way/26301651,גן אריסון,outdoors,park,8,"ru,fr,ar",way/26301651,A own element,no-wikidata-tag,way/26301651,leisure=park,a,own OSM element,0.0,גן אריסון,גן אריסון,,,,,,,,,,,,
307,fp:osm-node-9312382295,לנדוור,food,cafe,8,"ru,fr,ar",node/9312382295,A own element,no-wikidata-tag,node/9312382295,amenity=cafe,a,own OSM element,0.6,לנדוור,לנדוור,,,,,,,,,,,,
440,fp:osm-node-6564590385,אספרסו בר,food,cafe,8,"fr,ar",node/6564590385,A own element,no-wikidata-tag,node/6564590385,amenity=cafe,a,own OSM element,0.4,אספרסובר,אספרסו בר,,,,,,,,,,,,
228,osm:node/11178748578,מקדונלד'ס,food,fast_food,9,"ru,fr,ar",node/11178748578,A own element,no-wikidata-tag,node/11178748578,amenity=fast_food,a,own OSM element,0.1,מקדונלד'ס,מקדונלד'ס,,,,,,,,,,,,
301,fp:osm-node-4707425707,קופת חולים כללית,health,health,9,"ru,fr,ar",node/4707425707,A own element,no-wikidata-tag,node/4707425707,amenity=clinic,a,own OSM element,0.2,קופת חולים כללית,קופת חולים כללית,,,,,,,,,,,,
349,fp:osm-node-7222453497,אגנס,food,bar,9,"ru,fr,ar",node/7222453497,A own element,no-wikidata-tag,node/7222453497,amenity=bar,a,own OSM element,0.2,אגנס,אגנס,,,,,,,,,,,,
352,fp:osm-node-12722235801,קפה אווה,food,cafe,9,"ru,fr,ar",node/12722235801,A own element,no-wikidata-tag,node/12722235801,amenity=cafe,a,own OSM element,0.5,קפה אווה,,,,,,,,,,,,,
353,fp:osm-way-1183060379,"עירוני י""א",education,school,9,"ru,fr,ar",way/1183060379,A own element,no-wikidata-tag,way/1183060379,amenity=school,a,own OSM element,0.5,"עירוני י""א","עירוני י""א",,,,,,,,,,,,
471,fp:osm-node-1700723076,בנק דיסקונט,essentials,bank,9,"fr,ar",node/1700723076,A own element,no-wikidata-tag,node/1700723076,amenity=bank,a,own OSM element,0.4,בנק דיסקונט,בנק דיסקונט,,,,,,,,,,,,
522,fp:osm-node-1717768353,זוריק,food,cafe,9,"ru,fr,ar",node/1717768353,A own element,no-wikidata-tag,node/1717768353,amenity=cafe,a,own OSM element,0.4,זוריק,זוריק,,,,,,,,,,,,
213,osm:node/11174881987,שופרסל שלי,essentials,supermarket,10,"fr,ar",node/11174881987,A own element,no-wikidata-tag,node/11174881987,shop=supermarket,a,own OSM element,0.1,שופרסל שלי,שופרסל שלי,,,,,,,,,,,,
308,osm:way/733464835,גינת אורי,outdoors,park,10,"ru,fr,ar",way/733464835,A own element,no-wikidata-tag,way/733464835,leisure=park,a,own OSM element,0.0,גינת אורי,גינת אורי,,,,,,,,,,,,
474,osm:node/6401692655,מינימרקט לינוי,essentials,supermarket,10,"ru,fr,ar",node/6401692655,A own element,no-wikidata-tag,node/6401692655,shop=supermarket,a,own OSM element,0.0,מינימרקט לינוי,מינימרקט לינוי,,,,,,,,,,,,
509,fp:osm-node-1717771204,בנק הפועלים,essentials,bank,10,fr,node/1717771204,A own element,no-wikidata-tag,node/1717771204,amenity=bank,a,own OSM element,0.5,בנק הפועלים,בנק הפועלים,,,,,,,,,,,,
579,fp:osm-node-10989086591,אילנס,food,cafe,10,"ru,fr,ar",node/10989086591,A own element,no-wikidata-tag,node/10989086591,amenity=cafe,a,own OSM element,0.3,Ilan's,אילנס,,,,,,,,,,,,
606,fp:osm-node-1717768352,יודה,food,bar,10,"ru,fr,ar",node/1717768352,A own element,no-wikidata-tag,node/1717768352,amenity=bar,a,own OSM element,0.3,יודה,יודה,,,,,,,,,,,,
613,fp:8480,בשר נטו,essentials,shopping,10,"ru,fr,ar",,B same name <= 80 m,no-wikidata-tag,node/1318814812,shop=butcher,b,essentials <-> shop=butcher,13.3,בשר נטו,בשר נטו,,,,,,,,,,,,
336,fp:osm-node-1309308450,לגבר,essentials,shopping,11,"ru,fr,ar",node/1309308450,A own element,no-wikidata-tag,node/1309308450,shop=gift,a,own OSM element,0.5,לגבר,לגבר,,,,,,,,,,,,
355,fp:osm-node-1309308436,אטליז זלמן,essentials,shopping,11,"ru,fr,ar",node/1309308436,A own element,no-wikidata-tag,node/1309308436,shop=butcher,a,own OSM element,0.3,אטליז זלמן,אטליז זלמן,,,,,,,,,,,,
360,osm:way/683470518,גן אורי,education,kindergarten,11,"ru,fr,ar",way/683470518,A own element,no-wikidata-tag,way/683470518,amenity=kindergarten,a,own OSM element,0.0,גן אורי,גן אורי,,,,,,,,,,,,
378,fp:osm-node-1309308429,צומת ספרים,essentials,shopping,11,"ru,fr,ar",node/1309308429,A own element,no-wikidata-tag,node/1309308429,shop=books,a,own OSM element,0.5,צומת ספרים,צומת ספרים,,,,,,,,,,,,
397,osm:way/167780827,בית ספר היובל,education,school,11,"ru,fr,ar",way/167780827,A own element,no-wikidata-tag,way/167780827,amenity=school,a,own OSM element,0.0,בית ספר היובל,בית ספר היובל,,,,,,,,,,,,
430,fp:osm-node-10923421862,גוד פארם,essentials,pharmacy,11,"ru,fr,ar",node/10923421862,A own element,no-wikidata-tag,node/10923421862,amenity=pharmacy,a,own OSM element,0.2,GOOD PHARM,גוד פארם,,,,,,,,,,,,
508,fp:osm-way-149276659,עטרת צבי,community,worship,11,"ru,fr,ar",way/149276659,A own element,no-wikidata-tag,way/149276659,amenity=place_of_worship,a,own OSM element,0.5,עטרת צבי,עטרת צבי,,,,,,,,,,,,
556,osm:node/2079006787,מלכה,food,restaurant,11,"ru,fr,ar",node/2079006787,A own element,no-wikidata-tag,node/2079006787,amenity=restaurant,a,own OSM element,0.0,מלכה,מלכה,,,,,,,,,,,,
571,osm:node/4033655490,בר גוריון,food,restaurant,11,"ru,fr,ar",node/4033655490,A own element,no-wikidata-tag,node/4033655490,amenity=restaurant,a,own OSM element,0.0,בר גוריון,בר גוריון,,,,,,,,,,,,
589,fp:osm-node-636947192,דיווינה,food,restaurant,11,"ru,fr,ar",node/636947192,A own element,no-wikidata-tag,node/636947192,amenity=restaurant,a,own OSM element,0.3,דיווינה,דיווינה,,,,,,,,,,,,
592,fp:osm-node-746735332,סושי בזל,food,restaurant,11,"ru,fr,ar",node/746735332,A own element,no-wikidata-tag,node/746735332,amenity=restaurant,a,own OSM element,0.5,סושי בזל,סושי בזל,,,,,,,,,,,,
598,osm:node/9483154691,גוד פארם,essentials,pharmacy,11,"ru,fr,ar",node/9483154691,A own element,no-wikidata-tag,node/9483154691,amenity=pharmacy,a,own OSM element,0.0,GOOD PHARM,גוד פארם,,,,,,,,,,,,
602,fp:1024,רוסטיקו,food,restaurant,11,"ru,fr,ar",,B same name <= 80 m,no-wikidata-tag,node/2079181976,amenity=restaurant,b,food <-> amenity=restaurant,0.4,רוסטיקו,רוסטיקו,,,,,,,,,,,,
636,fp:osm-node-2142604529,פנמה פיצה,food,restaurant,11,"ru,fr,ar",node/2142604529,A own element,no-wikidata-tag,node/2142604529,amenity=restaurant,a,own OSM element,0.3,פנמה פיצה,פנמה פיצה,,,,,,,,,,,,
659,fp:osm-node-1717768356,קפה טימותי,food,cafe,11,"ru,fr,ar",node/1717768356,A own element,no-wikidata-tag,node/1717768356,amenity=cafe,a,own OSM element,0.1,קפה טימותי,קפה טימותי,,,,,,,,,,,,
745,fp:osm-way-104701145,שבט החורש,community,community,11,"ru,fr,ar",way/104701145,A own element,no-wikidata-tag,way/104701145,amenity=community_centre,a,own OSM element,0.1,שבט החורש,שבט החורש,,,,,,,,,,,,
396,osm:way/623856901,גן זאב,outdoors,park,12,"ru,fr,ar",way/623856901,A own element,no-wikidata-tag,way/623856901,leisure=park,a,own OSM element,0.0,גן זאב,,,,,,,,,,,,,
490,osm:way/149384937,אמורה מיו,food,restaurant,12,"ru,fr,ar",way/149384937,A own element,no-wikidata-tag,way/149384937,amenity=restaurant,a,own OSM element,0.0,אמורה מיו,אמורה מיו,,,,,,,,,,,,
492,fp:osm-node-950284098,שופרסל שלי,essentials,supermarket,12,"fr,ar",node/950284098,A own element,no-wikidata-tag,node/950284098,shop=supermarket,a,own OSM element,0.3,שופרסל שלי,שופרסל שלי,,,,,,,,,,,,
519,osm:relation/8662271,שדרות דוד המלך,outdoors,park,12,"ru,fr,ar",relation/8662271,A own element,no-wikidata-tag,relation/8662271,leisure=park,a,own OSM element,0.1,שדרות דוד המלך,שדרות דוד המלך,,,,,,,,,,,,
546,fp:osm-node-1309308439,בנק לאומי,essentials,bank,12,fr,node/1309308439,A own element,no-wikidata-tag,node/1309308439,amenity=bank,a,own OSM element,0.5,בנק לאומי,בנק לאומי,,,,,,,,,,,,
594,osm:node/10784997583,בנק הפועלים,essentials,bank,12,"ru,fr,ar",node/10784997583,A own element,no-wikidata-tag,node/10784997583,amenity=bank,a,own OSM element,0.1,בנק הפועלים,בנק הפועלים,,,,,,,,,,,,
629,fp:osm-node-9980759111,מרכז רפואי מרום בזל,health,health,12,"ru,fr,ar",node/9980759111,A own element,no-wikidata-tag,node/9980759111,amenity=clinic,a,own OSM element,0.5,מרכז רפואי מרום בזל,מרכז רפואי מרום בזל,,,,,,,,,,,,
674,osm:node/720955813,דליקטסן בראסרי,food,restaurant,12,"ru,fr,ar",node/720955813,A own element,no-wikidata-tag,node/720955813,amenity=restaurant,a,own OSM element,0.0,דליקטסן בראסרי,דליקטסן בראסרי,,,,,,,,,,,,
682,osm:node/1207157736,פיש מרקט מבית מיטוס,food,restaurant,12,"ru,fr,ar",node/1207157736,A own element,no-wikidata-tag,node/1207157736,amenity=restaurant,a,own OSM element,0.0,Fish Market by Meatos,פיש מרקט מבית מיטוס,,,,,,,,,,,,
691,fp:osm-way-98573563,בני עקיבא,community,community,12,"ru,fr,ar",way/98573563,A own element,no-wikidata-tag,way/98573563,amenity=community_centre,a,own OSM element,0.5,בני עקיבא,בני עקיבא,,,,,,,,,,,,
702,fp:osm-way-727986714,"צהרוני ""ניצני יובל""",education,kindergarten,12,"ru,fr,ar",way/727986714,A own element,no-wikidata-tag,way/727986714,amenity=kindergarten,a,own OSM element,0.3,"צהרוני ""ניצני יובל""","צהרוני ""ניצני יובל""",,,,,,,,,,,,
567,osm:node/10784964980,ארקפה,food,cafe,13,"ru,fr,ar",node/10784964980,A own element,no-wikidata-tag,node/10784964980,amenity=cafe,a,own OSM element,0.0,Arcaffe,ארקפה,,,,,,,,,,,,
621,fp:osm-node-2488604193,שופרסל,essentials,supermarket,13,"fr,ar",node/2488604193,A own element,no-wikidata-tag,node/2488604193,shop=supermarket,a,own OSM element,0.5,שופרסל,שופרסל,,,,,,,,,,,,
660,fp:osm-node-651304178,Lulu קפה,food,cafe,13,"ru,fr,ar",node/651304178,A own element,no-wikidata-tag,node/651304178,amenity=cafe,a,own OSM element,0.5,Lulu קפה,Lulu קפה,,,,,,,,,,,,
696,fp:osm-way-30781000,גן מלץ,outdoors,park,13,"ru,fr,ar",way/30781000,A own element,no-wikidata-tag,way/30781000,leisure=park,a,own OSM element,0.1,גן מלץ,גן מלץ,,,,,,,,,,,,
729,osm:node/10806952581,בנק דיסקונט,essentials,bank,13,"ru,fr,ar",node/10806952581,A own element,no-wikidata-tag,node/10806952581,amenity=bank,a,own OSM element,0.0,בנק דיסקונט,בנק דיסקונט,,,,,,,,,,,,
750,fp:osm-node-11015420718,מכבי פארם,essentials,pharmacy,13,"ru,fr,ar",node/11015420718,A own element,no-wikidata-tag,node/11015420718,amenity=pharmacy,a,own OSM element,0.6,מכבי פארם,מכבי פארם,,,,,,,,,,,,
753,osm:node/777400968,טיב טעם,essentials,supermarket,13,"fr,ar",node/777400968,A own element,no-wikidata-tag,node/777400968,shop=supermarket,a,own OSM element,0.0,טיב טעם,טיב טעם,,,,,,,,,,,,
763,osm:node/10072704828,סביח פרישמן,food,fast_food,13,"ru,fr,ar",node/10072704828,A own element,no-wikidata-tag,node/10072704828,amenity=fast_food,a,own OSM element,0.0,סביח פרישמן,סביח פרישמן,,,,,,,,,,,,
776,osm:node/777400976,דבוש,food,fast_food,13,"ru,fr,ar",node/777400976,A own element,no-wikidata-tag,node/777400976,amenity=fast_food,a,own OSM element,0.1,דבוש,דבוש,,,,,,,,,,,,
502,fp:osm-node-1067446313,בנק הפועלים,essentials,bank,14,fr,node/1067446313,A own element,no-wikidata-tag,node/1067446313,amenity=bank,a,own OSM element,0.4,בנק הפועלים,בנק הפועלים,,,,,,,,,,,,
524,fp:21928,אלגריה,food,restaurant,14,"ru,fr,ar",,B same name <= 80 m,no-wikidata-tag,node/9866149822,amenity=restaurant,b,food <-> amenity=restaurant,3.1,אלגריה,אלגריה,,,,,,,,,,,,
697,osm:node/5920233936,סומסה,food,restaurant,14,"ru,fr,ar",node/5920233936,A own element,no-wikidata-tag,node/5920233936,amenity=restaurant,a,own OSM element,0.0,Sumesa,סומסה,,,,,,,,,,,,
778,osm:node/8443459383,סופר-פארם,essentials,pharmacy,14,fr,node/8443459383,A own element,no-wikidata-tag,node/8443459383,amenity=pharmacy,a,own OSM element,0.0,Super-Pharm,סופר-פארם,,,,,,,,,,,,
801,osm:node/2323347854,בנק אגוד,essentials,bank,14,"fr,ar",node/2323347854,A own element,no-wikidata-tag,node/2323347854,amenity=bank,a,own OSM element,0.1,בנק אגוד,בנק אגוד,,,,,,,,,,,,
816,osm:node/9429290715,המוסד לסנדוויצ'ים מיוחדים,food,fast_food,14,"ru,fr,ar",node/9429290715,A own element,no-wikidata-tag,node/9429290715,amenity=fast_food,a,own OSM element,0.0,המוסד לסנדוויצ'ים מיוחדים,המוסד לסנדוויצ'ים מיוחדים,,,,,,,,,,,,
826,osm:node/10951185355,מרלן,food,fast_food,14,"ru,fr,ar",node/10951185355,A own element,no-wikidata-tag,node/10951185355,amenity=fast_food,a,own OSM element,0.1,Marlen Burger,מרלן,,,,,,,,,,,,
848,osm:node/10976106839,מקדונלד'ס,food,fast_food,14,"ru,fr,ar",node/10976106839,A own element,no-wikidata-tag,node/10976106839,amenity=fast_food,a,own OSM element,0.0,מקדונלד'ס,מקדונלד'ס,,,,,,,,,,,,
683,osm:node/9626760517,בי,essentials,pharmacy,15,"ru,fr,ar",node/9626760517,A own element,no-wikidata-tag,node/9626760517,amenity=pharmacy,a,own OSM element,0.1,Be,בי,,,,,,,,,,,,
716,osm:node/13472326036,מייזון קייזר,essentials,bakery,15,"ru,ar",node/13472326036,A own element,no-wikidata-tag,node/13472326036,shop=bakery,a,own OSM element,0.0,מייזון קייזר,מייזון קייזר,,,,,,,,,,,,
736,osm:node/13472326035,צ'יקן סטיישן,food,fast_food,15,"ru,fr,ar",node/13472326035,A own element,no-wikidata-tag,node/13472326035,amenity=fast_food,a,own OSM element,0.1,צ'יקן סטיישן,צ'יקן סטיישן,,,,,,,,,,,,
810,fp:7423,טבע קסטל,essentials,supermarket,15,"ru,fr,ar",,B same name <= 80 m,no-wikidata-tag,node/735849810,shop=supermarket,b,essentials <-> shop=supermarket,10.6,טבע קסטל,טבע קסטל,,,,,,,,,,,,
815,fp:osm-node-1309308421,מפגש הירקון,food,restaurant,15,"ru,fr,ar",node/1309308421,A own element,no-wikidata-tag,node/1309308421,amenity=restaurant,a,own OSM element,0.6,מפגש הירקון,מפגש הירקון,,,,,,,,,,,,
829,osm:node/1643304649,מינימרקט מאנה,essentials,convenience,15,"ru,fr,ar",node/1643304649,A own element,no-wikidata-tag,node/1643304649,shop=convenience,a,own OSM element,0.0,מינימרקט מאנה,מינימרקט מאנה,,,,,,,,,,,,
834,fp:osm-node-10852457605,מונח רחוב,food,restaurant,15,"ru,fr,ar",node/10852457605,A own element,no-wikidata-tag,node/10852457605,amenity=fast_food,a,own OSM element,0.6,מונח רחוב,מונח רחוב,,,,,,,,,,,,
838,osm:node/777401069,לואי,food,pub,15,"ru,fr,ar",node/777401069,A own element,no-wikidata-tag,node/777401069,amenity=pub,a,own OSM element,0.1,Louis,לואי,,,,,,,,,,,,
839,osm:node/9597836918,אוליברי,food,restaurant,15,"ru,fr,ar",node/9597836918,A own element,no-wikidata-tag,node/9597836918,amenity=restaurant,a,own OSM element,0.1,אוליברי,אוליברי,,,,,,,,,,,,
847,osm:node/777401070,וופל בר,food,fast_food,15,"ru,fr,ar",node/777401070,A own element,no-wikidata-tag,node/777401070,amenity=fast_food,a,own OSM element,0.0,וופל בר,וופל בר,,,,,,,,,,,,
851,osm:way/30773406,גן דבורה בארון,outdoors,garden,15,"ru,fr,ar",way/30773406,A own element,no-wikidata-tag,way/30773406,leisure=garden,a,own OSM element,0.0,גן דבורה בארון,גן דבורה בארון,,,,,,,,,,,,
859,osm:node/12022610661,סופר יודה,essentials,convenience,15,"ru,fr,ar",node/12022610661,A own element,no-wikidata-tag,node/12022610661,shop=convenience,a,own OSM element,0.0,סופר יודה,סופר יודה,,,,,,,,,,,,
890,osm:node/777400975,גוסטו,food,restaurant,15,"ru,fr,ar",node/777400975,A own element,no-wikidata-tag,node/777400975,amenity=restaurant,a,own OSM element,0.0,גוסטו,גוסטו,,,,,,,,,,,,
899,osm:node/715207449,ארומה,food,cafe,15,"ru,fr,ar",node/715207449,A own element,no-wikidata-tag,node/715207449,amenity=cafe,a,own OSM element,0.0,ארומה,ארומה,,,,,,,,,,,,
989,fp:9544,ויקטורי,essentials,supermarket,15,"ru,fr,ar",,B same name <= 80 m,no-wikidata-tag,node/1065507449,shop=supermarket,b,essentials <-> shop=supermarket,3.4,ויקטורי,ויקטורי,,,,,,,,,,,,
1038,fp:8063,סופר יודה,essentials,supermarket,15,"ru,fr,ar",,B same name <= 80 m,no-wikidata-tag,node/1065507453,shop=supermarket,b,essentials <-> shop=supermarket,21.6,סופר יודה,סופר יודה,,,,,,,,,,,,
705,fp:osm-way-30826885,גן אברמוביץ',outdoors,park,16,"ru,fr,ar",way/30826885,A own element,no-wikidata-tag,way/30826885,leisure=park,a,own OSM element,0.1,גן אברמוביץ',גן אברמוביץ',,,,,,,,,,,,
757,osm:node/11802167414,ארקפה,food,cafe,16,"ru,fr,ar",node/11802167414,A own element,no-wikidata-tag,node/11802167414,amenity=cafe,a,own OSM element,0.0,Arcaffe,ארקפה,,,,,,,,,,,,
761,osm:node/9946189682,מוזס,food,restaurant,16,"ru,fr,ar",node/9946189682,A own element,no-wikidata-tag,node/9946189682,amenity=restaurant,a,own OSM element,0.0,Moses,מוזס,,,,,,,,,,,,
768,osm:node/11678978180,פסטיטו,food,restaurant,16,"ru,fr,ar",node/11678978180,A own element,no-wikidata-tag,node/11678978180,amenity=restaurant,a,own OSM element,0.0,פסטיטו,,,,,,,,,,,,,
887,fp:osm-node-7315346211,נורדאו - קפה בשדרה,food,cafe,16,"ru,fr,ar",node/7315346211,A own element,no-wikidata-tag,node/7315346211,amenity=cafe,a,own OSM element,0.6,נורדאו - קפה בשדרה,נורדאו - קפה בשדרה,,,,,,,,,,,,
893,fp:osm-way-1126753856,בית ספר יסודי גרץ,education,school,16,"ru,fr,ar",way/1126753856,A own element,no-wikidata-tag,way/1126753856,amenity=school,a,own OSM element,0.2,בית ספר יסודי גרץ,בית ספר יסודי גרץ,,,,,,,,,,,,
906,osm:node/11217647041,יאנס,food,fast_food,16,"ru,fr,ar",node/11217647041,A own element,no-wikidata-tag,node/11217647041,amenity=fast_food,a,own OSM element,0.1,יאנס,יאנס,,,,,,,,,,,,
908,osm:node/1400687793,בלאק,food,restaurant,16,"ru,fr,ar",node/1400687793,A own element,no-wikidata-tag,node/1400687793,amenity=restaurant,a,own OSM element,0.0,Black,בלאק,,,,,,,,,,,,
920,osm:node/1643304632,קיוסק מסריק,essentials,convenience,16,"ru,fr,ar",node/1643304632,A own element,no-wikidata-tag,node/1643304632,shop=convenience,a,own OSM element,0.0,קיוסק מסריק,קיוסק מסריק,,,,,,,,,,,,
933,osm:node/2388147118,קינג ג'ורג',food,restaurant,16,"ru,fr,ar",node/2388147118,A own element,no-wikidata-tag,node/2388147118,amenity=restaurant,a,own OSM element,0.0,קינג ג'ורג',קינג ג'ורג',,,,,,,,,,,,
1000,fp:osm-node-10279175910,קפה פוינט,food,cafe,16,"ru,fr,ar",node/10279175910,A own element,no-wikidata-tag,node/10279175910,amenity=cafe,a,own OSM element,0.3,קפה פוינט,קפה פוינט,,,,,,,,,,,,
793,fp:osm-node-1309308430,בנק הפועלים,essentials,bank,17,fr,node/1309308430,A own element,no-wikidata-tag,node/1309308430,amenity=bank,a,own OSM element,0.2,בנק הפועלים,בנק הפועלים,,,,,,,,,,,,
805,osm:node/8428974636,מרכז לרפואת שיניים איאן,health,dentist,17,"ru,fr,ar",node/8428974636,A own element,no-wikidata-tag,node/8428974636,amenity=dentist,a,own OSM element,0.0,מרכז לרפואת שיניים איאן,מרכז לרפואת שיניים איאן,,,,,,,,,,,,
922,fp:osm-node-2943366488,שר המשקאות,food,bar,17,"ru,fr,ar",node/2943366488,A own element,no-wikidata-tag,node/2943366488,amenity=bar,a,own OSM element,0.5,שר המשקאות,שר המשקאות,,,,,,,,,,,,
951,osm:node/13301622273,איטס,food,cafe,17,"ru,fr,ar",node/13301622273,A own element,no-wikidata-tag,node/13301622273,amenity=cafe,a,own OSM element,0.0,Eats Cafeteria,איטס,,,,,,,,,,,,
971,osm:node/777401729,תוצרת הארץ,food,cafe,17,"ru,fr,ar",node/777401729,A own element,no-wikidata-tag,node/777401729,amenity=cafe,a,own OSM element,0.0,תוצרת הארץ,תוצרת הארץ,,,,,,,,,,,,
973,osm:node/1643304646,קפה מסריק,food,cafe,17,"ru,fr,ar",node/1643304646,A own element,no-wikidata-tag,node/1643304646,amenity=cafe,a,own OSM element,0.0,קפה מסריק,קפה מסריק,,,,,,,,,,,,
995,osm:node/1408668255,בנק מזרחי טפחות,essentials,bank,17,"fr,ar",node/1408668255,A own element,no-wikidata-tag,node/1408668255,amenity=bank,a,own OSM element,0.1,בנק מזרחי טפחות,בנק מזרחי טפחות,,,,,,,,,,,,
1021,fp:osm-node-10279171310,אסופה דיזי,essentials,shopping,17,"ru,fr,ar",node/10279171310,A own element,no-wikidata-tag,node/10279171310,shop=gift,a,own OSM element,0.4,אסופה דיזי,אסופה דיזי,,,,,,,,,,,,
1039,fp:osm-node-6992091086,בנק הפועלים,essentials,bank,17,"ru,fr,ar",node/6992091086,A own element,no-wikidata-tag,node/6992091086,amenity=bank,a,own OSM element,0.3,בנק הפועלים,בנק הפועלים,,,,,,,,,,,,
1091,fp:osm-node-1065507428,טיב טעם,essentials,supermarket,17,"fr,ar",node/1065507428,A own element,no-wikidata-tag,node/1065507428,shop=supermarket,a,own OSM element,0.3,טיב טעם,טיב טעם,,,,,,,,,,,,
700,osm:way/126469106,די מול,food,restaurant,18,"ru,fr,ar",way/126469106,A own element,no-wikidata-tag,way/126469106,amenity=restaurant,a,own OSM element,0.0,די מול,די מול,,,,,,,,,,,,
844,osm:node/9190590717,ג'פניקה,food,restaurant,18,"ru,fr,ar",node/9190590717,A own element,no-wikidata-tag,node/9190590717,amenity=restaurant,a,own OSM element,0.0,Japanika,ג'פניקה,,,,,,,,,,,,
900,osm:node/7617623785,בראדלי,food,fast_food,18,"ru,fr,ar",node/7617623785,A own element,no-wikidata-tag,node/7617623785,amenity=fast_food,a,own OSM element,0.0,בראדלי,בראדלי,,,,,,,,,,,,
907,fp:osm-node-1386767680,מכללת שנקר,education,school,18,"ru,fr,ar",node/1386767680,B same name <= 80 m,no-wikidata-tag,way/184481264,amenity=college,b,education <-> amenity=college,40.6,מכללת שנקר,מכללת שנקר,,,,,,,,,,,,
914,osm:node/1622283370,מנטה,essentials,convenience,18,"ru,fr,ar",node/1622283370,A own element,no-wikidata-tag,node/1622283370,shop=convenience,a,own OSM element,0.1,מנטה,מנטה,,,,,,,,,,,,
927,osm:node/715207462,ארקפה,food,cafe,18,"ru,fr,ar",node/715207462,A own element,no-wikidata-tag,node/715207462,amenity=cafe,a,own OSM element,0.0,Arcaffe,ארקפה,,,,,,,,,,,,
931,osm:way/442749407,עיר הומיה,outdoors,park,18,"ru,fr,ar",way/442749407,A own element,no-wikidata-tag,way/442749407,leisure=park,a,own OSM element,0.0,עיר הומיה,עיר הומיה,,,,,,,,,,,,
968,fp:osm-node-1386787886,שמש,food,restaurant,18,"ru,fr,ar",node/1386787886,A own element,no-wikidata-tag,node/1386787886,amenity=restaurant,a,own OSM element,0.3,שמש,שמש,,,,,,,,,,,,
969,osm:node/12809512570,סופר יודה,essentials,convenience,18,"ru,fr,ar",node/12809512570,A own element,no-wikidata-tag,node/12809512570,shop=convenience,a,own OSM element,0.0,סופר יודה,סופר יודה,,,,,,,,,,,,
990,fp:586-6,גן גימפל,outdoors,dog_park,18,"ru,fr,ar",,B same name <= 80 m,no-wikidata-tag,way/30773602,leisure=park,b,outdoors <-> leisure=park,34.7,גן גימפל,גן גימפל,,,,,,,,,,,,
1017,osm:node/3719209093,סילביה באמפר,food,pub,18,"ru,fr,ar",node/3719209093,A own element,no-wikidata-tag,node/3719209093,amenity=pub,a,own OSM element,0.0,סילביה באמפר,סילביה באמפר,,,,,,,,,,,,
1029,fp:osm-node-1067446309,בנק לאומי,essentials,bank,18,fr,node/1067446309,A own element,no-wikidata-tag,node/1067446309,amenity=bank,a,own OSM element,0.1,בנק לאומי,בנק לאומי,,,,,,,,,,,,
1042,fp:osm-way-30773602,גן גימפל,outdoors,park,18,"ru,fr,ar",way/30773602,A own element,no-wikidata-tag,way/30773602,leisure=park,a,own OSM element,0.6,גן גימפל,גן גימפל,,,,,,,,,,,,
1061,osm:node/5599780098,ארומה,food,cafe,18,"ru,fr,ar",node/5599780098,A own element,no-wikidata-tag,node/5599780098,amenity=cafe,a,own OSM element,0.0,ארומה,ארומה,,,,,,,,,,,,
1063,fp:osm-node-7315467467,קולנוע פאר,outdoors,gym,18,"ru,fr,ar",node/7315467467,A own element,no-wikidata-tag,node/7315467467,leisure=fitness_centre,a,own OSM element,0.5,קולנוע פאר,קולנוע פאר,,,,,,,,,,,,
1068,fp:osm-node-947440457,הנביאים,food,bar,18,"ru,fr,ar",node/947440457,A own element,no-wikidata-tag,node/947440457,amenity=pub,a,own OSM element,0.4,הנביאים,הנביאים,,,,,,,,,,,,
1086,osm:node/5410106624,ריבר,food,restaurant,18,"ru,fr,ar",node/5410106624,A own element,no-wikidata-tag,node/5410106624,amenity=restaurant,a,own OSM element,0.1,ריבר,ריבר,,,,,,,,,,,,
1087,osm:node/9597836917,ויטרינה,food,fast_food,18,"ru,fr,ar",node/9597836917,A own element,no-wikidata-tag,node/9597836917,amenity=fast_food,a,own OSM element,0.0,Vitrina,ויטרינה,,,,,,,,,,,,
1106,fp:osm-node-654058033,סופר באבא,essentials,supermarket,18,"ru,fr,ar",node/654058033,A own element,no-wikidata-tag,node/654058033,shop=supermarket,a,own OSM element,0.6,סופר באבא,סופר באבא,,,,,,,,,,,,
1107,osm:node/5599780097,בלאק,food,restaurant,18,"ru,fr,ar",node/5599780097,A own element,no-wikidata-tag,node/5599780097,amenity=restaurant,a,own OSM element,0.0,Black,בלאק,,,,,,,,,,,,
1111,fp:osm-node-1067446312,בנק דיסקונט,essentials,bank,18,"fr,ar",node/1067446312,A own element,no-wikidata-tag,node/1067446312,amenity=bank,a,own OSM element,0.5,בנק דיסקונט,בנק דיסקונט,,,,,,,,,,,,
1126,fp:osm-node-947438231,עדנה,food,restaurant,18,"ru,fr,ar",node/947438231,A own element,no-wikidata-tag,node/947438231,amenity=restaurant,a,own OSM element,0.2,עדנה,עדנה,,,,,,,,,,,,
1147,osm:node/639265226,שיין 38,food,cafe,18,"ru,fr,ar",node/639265226,A own element,no-wikidata-tag,node/639265226,amenity=cafe,a,own OSM element,0.0,שיין 38,שיין 38,,,,,,,,,,,,
1169,fp:11897,חומוס אשכרה,food,restaurant,18,"ru,fr,ar",,B same name <= 80 m,no-wikidata-tag,node/6281521772,amenity=fast_food,b,food <-> amenity=fast_food,5.6,Hummus Ashkara,חומוס אשכרה,,,,,,,,,,,,
807,fp:11398,סופר בבלי,essentials,shopping,19,"ru,fr,ar",,B same name <= 80 m,no-wikidata-tag,node/1309308441,shop=supermarket,b,essentials <-> shop=supermarket,2.6,סופר בבלי,טיפ טוב,,,,,,,,,,,,
813,fp:osm-node-1309308441,טיפ טוב,essentials,supermarket,19,"ru,fr,ar",node/1309308441,A own element,no-wikidata-tag,node/1309308441,shop=supermarket,a,own OSM element,0.4,סופר בבלי,טיפ טוב,,,,,,,,,,,,
863,fp:osm-way-91610421,אייקליימב תל-אביב,outdoors,sport,19,"ru,fr,ar",way/91610421,A own element,no-wikidata-tag,way/91610421,leisure=sports_centre,a,own OSM element,0.4,IClimb TLV,אייקליימב תל-אביב,,,,,,,,,,,,
959,osm:node/8157403756,מרכז עזריאלי,essentials,mall,19,"ru,fr,ar",node/8157403756,A own element,no-wikidata-tag,node/8157403756,shop=mall,a,own OSM element,0.0,מרכז עזריאלי,מרכז עזריאלי,,,,,,,,,,,,
1064,osm:node/1132313897,מרכז שיבננדה ליוגה ודנטה,outdoors,fitness_centre,19,"ru,fr,ar",node/1132313897,A own element,no-wikidata-tag,node/1132313897,leisure=fitness_centre,a,own OSM element,0.1,מרכז שיבננדה ליוגה ודנטה,מרכז שיבננדה ליוגה ודנטה,,,,,,,,,,,,
1073,fp:osm-node-12809531141,רובע תל אביב,food,bar,19,"ru,fr,ar",node/12809531141,A own element,no-wikidata-tag,node/12809531141,amenity=bar,a,own OSM element,0.6,רובע תל אביב,רובע תל אביב,,,,,,,,,,,,
1109,fp:osm-node-12809524285,קפה דיזנגוף,food,cafe,19,"ru,fr,ar",node/12809524285,A own element,no-wikidata-tag,node/12809524285,amenity=cafe,a,own OSM element,0.6,קפה דיזנגוף,קפה דיזנגוף,,,,,,,,,,,,
1110,fp:osm-node-1626825015,אתנחתה,food,cafe,19,"ru,fr,ar",node/1626825015,A own element,no-wikidata-tag,node/1626825015,amenity=cafe,a,own OSM element,0.2,אתנחתה,אתנחתה,,,,,,,,,,,,
1115,osm:node/7194886836,אלתרנתיב,food,restaurant,19,"ru,fr,ar",node/7194886836,A own element,no-wikidata-tag,node/7194886836,amenity=restaurant,a,own OSM element,0.1,אלתרנתיב,אלתרנתיב,,,,,,,,,,,,
1127,fp:osm-node-4964231828,דאבל סטנדרט,food,bar,19,"ru,fr,ar",node/4964231828,A own element,no-wikidata-tag,node/4964231828,amenity=bar,a,own OSM element,0.4,דאבל סטנדרט,דאבל סטנדרט,,,,,,,,,,,,
1130,fp:osm-node-12809538406,קירש קפה,food,cafe,19,"ru,fr,ar",node/12809538406,A own element,no-wikidata-tag,node/12809538406,amenity=cafe,a,own OSM element,0.6,Kirsh Cafe,קירש קפה,,,,,,,,,,,,
1146,osm:node/5288387321,אינדירה,food,restaurant,19,"ru,fr,ar",node/5288387321,A own element,no-wikidata-tag,node/5288387321,amenity=restaurant,a,own OSM element,0.0,אינדירה,אינדירה,,,,,,,,,,,,
1148,osm:node/10929350209,בנץ ברדרס,food,fast_food,19,"ru,fr,ar",node/10929350209,A own element,no-wikidata-tag,node/10929350209,amenity=fast_food,a,own OSM element,0.1,Benz Brothers,בנץ ברדרס,,,,,,,,,,,,
1161,osm:node/14158332573,סופר-פארם,essentials,pharmacy,19,fr,node/14158332573,A own element,no-wikidata-tag,node/14158332573,amenity=pharmacy,a,own OSM element,0.1,Super-Pharm,סופר-פארם,,,,,,,,,,,,
1172,osm:node/4112078462,ארומה,food,cafe,19,"ru,fr,ar",node/4112078462,B same name <= 80 m,no-wikidata-tag,node/10968175321,amenity=cafe,b,food <-> amenity=cafe,21.1,ארומה,ארומה,,,,,,,,,,,,
1200,osm:node/769270250,מרכז רפואי זמנהוף,health,doctors,19,"ru,fr,ar",node/769270250,A own element,no-wikidata-tag,node/769270250,amenity=doctors,a,own OSM element,0.0,מרכז רפואי זמנהוף,מרכז רפואי זמנהוף,,,,,,,,,,,,
1202,osm:way/340255760,גן ג'רי פנסר,outdoors,park,19,"ru,fr,ar",way/340255760,A own element,no-wikidata-tag,way/340255760,leisure=park,a,own OSM element,0.0,גן ג'רי פנסר,גן ג'רי פנסר,,,,,,,,,,,,
1221,osm:node/5136287321,בית מרקחת רימונה,essentials,pharmacy,19,"ru,fr,ar",node/5136287321,A own element,no-wikidata-tag,node/5136287321,amenity=pharmacy,a,own OSM element,0.1,בית מרקחת רימונה,בית מרקחת רימונה,,,,,,,,,,,,
1225,fp:osm-way-1086138844,גן מרקביץ,outdoors,park,19,"ru,fr,ar",way/1086138844,A own element,no-wikidata-tag,way/1086138844,leisure=garden,a,own OSM element,0.7,גן מרקביץ,גן מרקביץ,,,,,,,,,,,,
965,fp:osm-way-1197962920,גן ספריית חרוזים,outdoors,park,20,"ru,fr,ar",way/1197962920,A own element,no-wikidata-tag,way/1197962920,leisure=park,a,own OSM element,0.3,גן ספריית חרוזים,גן ספריית חרוזים,,,,,,,,,,,,
982,osm:node/6469411088,קפה קפה,food,cafe,20,"ru,fr,ar",node/6469411088,A own element,no-wikidata-tag,node/6469411088,amenity=cafe,a,own OSM element,0.0,קפה קפה,קפה קפה,,,,,,,,,,,,
985,osm:node/6469411086,בורגרס בר,food,fast_food,20,"ru,fr,ar",node/6469411086,A own element,no-wikidata-tag,node/6469411086,amenity=fast_food,a,own OSM element,0.0,Burgers Bar,בורגרס בר,,,,,,,,,,,,
992,osm:node/5352170383,דיאנה בעיר,food,fast_food,20,"ru,fr,ar",node/5352170383,A own element,no-wikidata-tag,node/5352170383,amenity=fast_food,a,own OSM element,0.0,דיאנה בעיר,דיאנה בעיר,,,,,,,,,,,,
993,osm:node/13472351447,ארקפה,food,cafe,20,"ru,fr,ar",node/13472351447,A own element,no-wikidata-tag,node/13472351447,amenity=cafe,a,own OSM element,0.0,Arcaffe,ארקפה,,,,,,,,,,,,
1001,osm:node/6469415931,ביירן מרקט,food,fast_food,20,"ru,fr,ar",node/6469415931,A own element,no-wikidata-tag,node/6469415931,amenity=fast_food,a,own OSM element,0.0,ביירן מרקט,ביירן מרקט,,,,,,,,,,,,
1011,osm:node/4159749101,ריבר,food,fast_food,20,"ru,fr,ar",node/4159749101,A own element,no-wikidata-tag,node/4159749101,amenity=fast_food,a,own OSM element,0.0,ריבר,ריבר,,,,,,,,,,,,
1013,osm:node/6469411087,לנדוור,food,cafe,20,"ru,fr,ar",node/6469411087,A own element,no-wikidata-tag,node/6469411087,amenity=cafe,a,own OSM element,0.0,לנדוור,לנדוור,,,,,,,,,,,,
1179,osm:node/5229027068,דובנוב,food,restaurant,20,"ru,fr,ar",node/5229027068,A own element,no-wikidata-tag,node/5229027068,amenity=restaurant,a,own OSM element,0.0,דובנוב,דובנוב,,,,,,,,,,,,
1182,osm:node/10968175321,ארומה,food,cafe,20,"ru,fr,ar",node/10968175321,A own element,no-wikidata-tag,node/10968175321,amenity=cafe,a,own OSM element,0.0,ארומה,ארומה,,,,,,,,,,,,
1188,osm:node/779076563,סופר-פארם,essentials,pharmacy,20,fr,node/779076563,A own element,no-wikidata-tag,node/779076563,amenity=pharmacy,a,own OSM element,0.0,Super-Pharm,סופר-פארם,,,,,,,,,,,,
1189,osm:node/6150200748,סוסו ובניו,food,restaurant,20,"ru,fr,ar",node/6150200748,A own element,no-wikidata-tag,node/6150200748,amenity=restaurant,a,own OSM element,0.0,סוסו ובניו,סוסו ובניו,,,,,,,,,,,,
1204,osm:node/4112078463,מקדונלד'ס,food,fast_food,20,"ru,fr",node/4112078463,A own element,no-wikidata-tag,node/4112078463,amenity=fast_food,a,own OSM element,0.0,מקדונלד'ס,מקדונלד'ס,,,,,,,,,,,,
1210,osm:way/30742281,גן פורסט היל,outdoors,park,20,"ru,fr,ar",way/30742281,A own element,no-wikidata-tag,way/30742281,leisure=park,a,own OSM element,0.0,גן פורסט היל,גן פורסט היל,,,,,,,,,,,,
1218,osm:node/6406434987,גוציה,food,restaurant,20,"ru,fr,ar",node/6406434987,A own element,no-wikidata-tag,node/6406434987,amenity=restaurant,a,own OSM element,0.0,גוציה,גוציה,,,,,,,,,,,,
915,osm:node/13725354482,שופרסל,essentials,supermarket,21,"fr,ar",node/13725354482,A own element,no-wikidata-tag,node/13725354482,shop=supermarket,a,own OSM element,0.0,שופרסל,שופרסל,,,,,,,,,,,,
955,fp:osm-way-157387919,ספרית מכללת שנקר,education,library,21,"ru,fr,ar",way/157387919,A own element,no-wikidata-tag,way/157387919,amenity=library,a,own OSM element,0.5,ספרית מכללת שנקר,ספרית מכללת שנקר,,,,,,,,,,,,
979,fp:osm-node-1386293498,קפה אנה,food,cafe,21,"ru,fr,ar",node/1386293498,A own element,no-wikidata-tag,node/1386293498,amenity=cafe,a,own OSM element,0.1,קפה אנה,קפה אנה,,,,,,,,,,,,
980,osm:node/12635329110,בורגר קינג,food,fast_food,21,"ru,fr,ar",node/12635329110,A own element,no-wikidata-tag,node/12635329110,amenity=fast_food,a,own OSM element,0.0,Burger King,בורגר קינג,,,,,,,,,,,,
1002,osm:node/12635329122,מקדונלד'ס,food,fast_food,21,"ru,fr,ar",node/12635329122,A own element,no-wikidata-tag,node/12635329122,amenity=fast_food,a,own OSM element,0.1,מקדונלד'ס,מקדונלד'ס,,,,,,,,,,,,
1031,fp:osm-node-8518709289,חומוס בהדונס,food,restaurant,21,"ru,fr,ar",node/8518709289,A own element,no-wikidata-tag,node/8518709289,amenity=fast_food,a,own OSM element,0.5,חומוס בהדונס,חומוס בהדונס,,,,,,,,,,,,
1099,osm:node/1986140023,מאפיית הכהנים,essentials,bakery,21,"ru,fr,ar",node/1986140023,A own element,no-wikidata-tag,node/1986140023,shop=bakery,a,own OSM element,0.0,מאפיית הכהנים,מאפיית הכהנים,,,,,,,,,,,,
1160,osm:node/9595936982,גולדה,food,ice_cream,21,"ru,fr,ar",node/9595936982,A own element,no-wikidata-tag,node/9595936982,amenity=ice_cream,a,own OSM element,0.0,גולדה,גולדה,,,,,,,,,,,,
1187,fp:osm-way-91610412,האקדמיה לטניס,outdoors,sport,21,"ru,fr,ar",way/91610412,A own element,no-wikidata-tag,way/91610412,leisure=sports_centre,a,own OSM element,0.4,האקדמיה לטניס,האקדמיה לטניס,,,,,,,,,,,,
1238,osm:node/8691409564,תמרה,food,fast_food,21,"ru,fr,ar",node/8691409564,A own element,no-wikidata-tag,node/8691409564,amenity=fast_food,a,own OSM element,0.1,תמרה,תמרה,,,,,,,,,,,,
1241,fp:osm-node-5547241521,פו סושי,food,restaurant,21,"ru,fr,ar",node/5547241521,A own element,no-wikidata-tag,node/5547241521,amenity=restaurant,a,own OSM element,0.3,Fu Sushi,פו סושי,,,,,,,,,,,,
1243,osm:node/6050892566,בנק הפועלים,essentials,bank,21,"ru,fr,ar",node/6050892566,A own element,no-wikidata-tag,node/6050892566,amenity=bank,a,own OSM element,0.1,בנק הפועלים,בנק הפועלים,,,,,,,,,,,,
960,osm:node/13648647824,"מרכז רפואי ד""ר הכט",health,clinic,22,"ru,fr,ar",node/13648647824,A own element,no-wikidata-tag,node/13648647824,amenity=clinic,a,own OSM element,0.0,,"מרכז רפואי ד""ר הכט",,,,,,,,,,,,
1074,osm:node/5196445650,סופר-פארם,essentials,chemist,22,"ru,fr,ar",node/5196445650,A own element,no-wikidata-tag,node/5196445650,shop=chemist,a,own OSM element,0.0,סופר-פארם,סופר-פארם,,,,,,,,,,,,
1088,osm:node/12635329119,רולדין,food,cafe,22,"ru,fr,ar",node/12635329119,A own element,no-wikidata-tag,node/12635329119,amenity=cafe,a,own OSM element,0.1,רולדין,רולדין,,,,,,,,,,,,
1145,fp:osm-node-13424384603,גנה,food,cafe,22,"ru,fr,ar",node/13424384603,A own element,no-wikidata-tag,node/13424384603,amenity=cafe,a,own OSM element,0.2,גנה,גנה,,,,,,,,,,,,
1121,osm:way/60530863,גן דוד פרנקפורט,outdoors,park,25,"ru,fr,ar",way/60530863,A own element,no-wikidata-tag,way/60530863,leisure=park,a,own OSM element,0.0,,גן דוד פרנקפורט,,,,,,,,,,,,
1180,fp:osm-way-1197962918,גן החרוזים,community,culture,25,"ru,fr,ar",way/1197962918,A own element,no-wikidata-tag,way/1197962918,leisure=park,a,own OSM element,0.5,גן החרוזים,גן החרוזים,,,,,,,,,,,,
1140,osm:node/5199503625,בלאק,food,restaurant,31,"ru,fr,ar",node/5199503625,A own element,no-wikidata-tag,node/5199503625,amenity=restaurant,a,own OSM element,0.0,Black,בלאק,,,,,,,,,,,,
131,fp:7710,בית החייל,food,cafe,3,"en,ru,fr,ar",,B same name <= 80 m,rejected-strict,way/102210229,building=yes,,never: building=yes with no POI tags,25.3,בית החייל,בית החייל,,,,,,,,,,,,
139,tlv:564/85,בארי,essentials,pharmacy,4,"en,ru,fr,ar",,B same name <= 80 m,rejected-strict,way/629173641,highway=residential,,never: highway=residential,68.7,בארי,בארי,,,,,,,,,,,,
78,fp:696-390,בילטמור,outdoors,park,5,"en,ru,fr,ar",,B same name <= 80 m,rejected-strict,way/30879167,highway=residential,,never: highway=residential,66.2,בילטמור,בילטמור,,,,,,,,,,,,
168,fp:area-35,אהבת ציון,outdoors,park,5,"en,ru,fr,ar",,B same name <= 80 m,rejected-strict,way/31539798,highway=residential,,never: highway=residential,78.4,אהבת ציון,אהבת ציון,,,,,,,,,,,,
175,fp:961-26,אהבת ציון,community,community,5,"en,ru,fr,ar",,B same name <= 80 m,rejected-strict,way/31539798,highway=residential,,never: highway=residential,68.4,אהבת ציון,אהבת ציון,,,,,,,,,,,,
151,fp:961-45,גימנסיה הרצליה,community,community,6,"en,ru,fr,ar",,B same name <= 80 m,rejected-strict,way/405360284,amenity=school,,no POI kind that fits the group community (amenity=school),8.9,גימנסיה הרצליה,הגימנסיה העברית הרצליה,Q1592883,,,,,,,,,,,
253,fp:553-27,בית יד לבנים,community,community,8,"en,ru,fr,ar",,B same name <= 80 m,rejected-strict,way/370074343,building=public,,never: building=public with no POI tags,14.1,בית יד לבנים,בית יד לבנים,,,,,,,,,,,,
260,fp:745-9,בית יד לבנים,education,library,8,"en,ru,fr,ar",,B same name <= 80 m,rejected-strict,way/370074343,building=public,,never: building=public with no POI tags,6.4,בית יד לבנים,בית יד לבנים,,,,,,,,,,,,
282,fp:563-38,מגדל המאה,health,health,8,"en,ru,fr,ar",,B same name <= 80 m,rejected-strict,way/539793996,building=yes,,never: building=yes with no POI tags,34.3,מגדל המאה,מגדל המאה,,,,,,,,,,,,
442,fp:30098,הר נבו,education,school,9,"en,ru,fr,ar",,B same name <= 80 m,rejected-strict,way/30615676,highway=residential,,never: highway=residential,31.6,הר נבו,הר נבו,,,,,,,,,,,,
450,fp:961-40,אריסטובולוס,community,community,9,"en,ru,fr,ar",,B same name <= 80 m,rejected-strict,way/30827684,highway=living_street,,never: highway=living_street,78.2,אריסטובולוס,אריסטובולוס,,,,,,,,,,,,
551,tlv:745/95,בית שלום עליכם,community,culture,10,"en,ru,fr,ar",,B same name <= 80 m,rejected-strict,way/203814211,building=yes,,never: building=yes with no POI tags,7.5,בית שלום עליכם,בית שלום עליכם,Q2906196,,,,,,,,,,,
328,fp:20236,רביבה וסיליה,essentials,shopping,11,"en,ru,fr,ar",,B same name <= 80 m,rejected-strict,node/5109147536,amenity=restaurant,,no POI kind that fits the group essentials (amenity=restaurant),5.7,רביבה וסיליה,רביבה וסיליה,,,,,,,,,,,,
541,fp:624-28,בובליק,education,daycare,12,"en,ru,fr,ar",,B same name <= 80 m,rejected-strict,way/30754085,highway=residential,,never: highway=residential,64.9,בובליק,בובליק,,,,,,,,,,,,
823,fp:30403,אוסישקין,education,school,14,"ru,fr,ar",,B same name <= 80 m,rejected-strict,way/30088416,highway=residential,,never: highway=residential,64.1,אוסישקין,אוסישקין,,,,,,,,,,,,
896,tlv:745/31,המשכן לאמנויות הבמה,community,culture,16,"en,ru,fr,ar",,B same name <= 80 m,rejected-strict,way/96838151,building=yes,,never: building=yes with no POI tags,48.9,המשכן לאמנויות הבמה,המשכן לאמנויות הבמה,Q555356,,,,,,,,,,,
1036,osm:way/1019796256,ככר מסריק,outdoors,playground,17,"en,ru,fr,ar",way/1019796256,B same name <= 80 m,rejected-strict,way/24893732,leisure=park,,never: place=square,21.1,ככר מסריק,ככר מסריק,Q2776314,,,,,,,,,,,
1095,osm:way/24893732,ככר מסריק,outdoors,park,18,"ru,fr,ar",way/24893732,A own element,rejected-strict,way/24893732,leisure=park,,never: place=square,0.0,ככר מסריק,ככר מסריק,Q2776314,,,,,,,,,,,
946,tlv:696/370,טירת צבי,outdoors,playground,19,"en,ru,fr,ar",,B same name <= 80 m,rejected-strict,way/641561465,highway=residential,,never: highway=residential,20.7,טירת צבי,טירת צבי,,,,,,,,,,,,
963,fp:564-25,בבלי,health,health,20,"en,ru,fr,ar",,B same name <= 80 m,rejected-strict,way/803479640,place=suburb,,never: place=suburb,65.5,בבלי,בבלי,Q2919369,,,,,,,,,,,
1117,fp:961-43,מלאכי,community,community,20,"en,ru,fr,ar",,B same name <= 80 m,rejected-strict,way/30773596,highway=residential,,never: highway=residential,51.8,מלאכי,מלאכי,,,,,,,,,,,,
1156,fp:696-242,ירושלמי,outdoors,park,21,"en,ru,fr,ar",,B same name <= 80 m,rejected-strict,way/469646954,highway=residential,,never: highway=residential,65.5,ירושלמי,ירושלמי,,,,,,,,,,,,
868,fp:943-352,ספורטק צפון,outdoors,sport,22,"ru,fr,ar",,B same name <= 80 m,rejected-strict,way/34333834,leisure=park,,never: landuse=recreation_ground,29.5,ספורטק צפון,ספורטק צפון,,,,,,,,,,,,
898,fp:osm-way-34333834,ספורטק צפון,outdoors,park,22,"en,ru,fr,ar",way/34333834,A own element,rejected-strict,way/34333834,leisure=park,,never: landuse=recreation_ground,0.6,ספורטק צפון,ספורטק צפון,,,,,,,,,,,,
55,fp:13712,כיכר המדינה/ויצמן,transport,bus_stop,1,"ru,fr",,B same name <= 80 m,ambiguous,,,,,,,,,,,,,,,,,,,node/1803047562 0.3m public_transport=platform wikidata= | node/1803047557 57.1m public_transport=platform wikidata=
141,fp:13720,בית החייל/ויצמן,transport,bus_stop,3,"ru,fr",,B same name <= 80 m,ambiguous,,,,,,,,,,,,,,,,,,,node/1803047559 0.5m public_transport=platform wikidata= | node/1802996530 18.7m public_transport=platform wikidata=
193,gtfs:25903,ארלוזורוב/דרך נמיר,transport,bus_stop,6,"en,ru,fr,ar",,B same name <= 80 m,ambiguous,,,,,,,,,,,,,,,,,,,node/1802991844 0.0m public_transport=platform wikidata= | node/1802991842 31.0m public_transport=platform wikidata=
267,gtfs:21815,ביה''ח איכילוב/ויצמן,transport,bus_stop,6,"en,ru,fr,ar",,B same name <= 80 m,ambiguous,,,,,,,,,,,,,,,,,,,node/1802994421 0.0m public_transport=platform wikidata= | node/1802994419 27.1m public_transport=platform wikidata=
431,fp:696-56,אלעזר החורני,outdoors,park,8,"en,ru,fr,ar",,B same name <= 80 m,ambiguous,,,,,,,,,,,,,,,,,,,way/30827756 24.0m highway=living_street wikidata= | way/30827699 78.7m highway=living_street wikidata=
511,tlv:769/616,הנרייטה סולד,education,school,11,"en,ru,fr,ar",,B same name <= 80 m,ambiguous,,,,,,,,,,,,,,,,,,,way/26599622 37.8m highway=residential wikidata= | way/670247993 50.0m highway=residential wikidata=
688,fp:564-121,בזל,health,health,12,"en,ru,fr,ar",,B same name <= 80 m,ambiguous,,,,,,,,,,,,,,,,,,,way/26149505 32.4m highway=residential wikidata= | node/331186813 61.5m amenity=parking wikidata=
760,fp:563-2,"השל""ה",health,health,13,"en,ru,fr,ar",,B same name <= 80 m,ambiguous,,,,,,,,,,,,,,,,,,,way/1185902369 39.9m highway=residential wikidata= | way/30615647 53.8m highway=residential wikidata=
884,fp:586-105,גשר בר יהודה,outdoors,dog_park,14,"en,ru,fr,ar",,B same name <= 80 m,ambiguous,,,,,,,,,,,,,,,,,,,way/188963006 41.5m highway=path wikidata= | way/1232794551 41.9m man_made=bridge wikidata=Q6976042
901,fp:553-22,בבלי,community,community,18,"en,ru,fr,ar",,B same name <= 80 m,ambiguous,,,,,,,,,,,,,,,,,,,way/803479640 54.6m place=suburb wikidata=Q2919369 | way/30826559 74.4m highway=residential wikidata=
1026,fp:564-60,ארלוזורוב,essentials,pharmacy,18,"en,ru,fr,ar",,B same name <= 80 m,ambiguous,,,,,,,,,,,,,,,,,,,way/1473868921 29.1m highway=unclassified wikidata= | way/1340267849 61.5m highway=living_street wikidata=
1,fp:553-78,מרכז קהילתי כיכר המדינה,community,community,1,"en,ru,fr,ar",,B same name <= 80 m,no-match,,,,,,,,,,,,,,,,,,,
2,fp:30020,כיכר המדינה,education,school,1,"en,ru,fr,ar",,B same name <= 80 m,no-match,,,,,,,,,,,,,,,,,,,
3,fp:40450,"מאיר שלו - חט""ב",education,school,1,"en,ru,fr,ar",,B same name <= 80 m,no-match,,,,,,,,,,,,,,,,,,,
9,fp:osm-node-12102861652,סיליז,essentials,shopping,1,"en,ru,fr,ar",node/12102861652,B same name <= 80 m,no-match,,,,,,,,,,,,,,,,,,,
14,fp:osm-node-11176813025,מוקאיה,essentials,shopping,1,"en,ru,fr,ar",node/11176813025,B same name <= 80 m,no-match,,,,,,,,,,,,,,,,,,,
21,fp:10692,מוקאיה שוקולד,essentials,supermarket,1,"en,ru,fr,ar",,B same name <= 80 m,no-match,,,,,,,,,,,,,,,,,,,
22,fp:11125,"נוצ'י סושי אנד,מחסן 15175",food,restaurant,1,"en,ru,fr,ar",,B same name <= 80 m,no-match,,,,,,,,,,,,,,,,,,,
23,fp:11426,מנימרקט כיכר המדינה,essentials,supermarket,1,"en,ru,fr,ar",,B same name <= 80 m,no-match,,,,,,,,,,,,,,,,,,,
24,fp:12994,מרקט אקספרס,essentials,shopping,1,"en,ru,fr,ar",,B same name <= 80 m,no-match,,,,,,,,,,,,,,,,,,,
25,fp:13807,נטו עיצוב מערכות - קרקע,essentials,shopping,1,"en,ru,fr,ar",,B same name <= 80 m,no-match,,,,,,,,,,,,,,,,,,,
26,fp:13808,נטו עיצוב מערכות - מרתף,essentials,shopping,1,"en,ru,fr,ar",,B same name <= 80 m,no-match,,,,,,,,,,,,,,,,,,,
27,fp:14146,מכירת תבלינים,essentials,shopping,1,"en,ru,fr,ar",,B same name <= 80 m,no-match,,,,,,,,,,,,,,,,,,,
28,fp:18332,גלרית הזהב,essentials,shopping,1,"en,ru,fr,ar",,B same name <= 80 m,no-match,,,,,,,,,,,,,,,,,,,
30,fp:19344,בוטיק סנטרל,essentials,shopping,1,"en,ru,fr,ar",,B same name <= 80 m,no-match,,,,,,,,,,,,,,,,,,,
32,fp:1129,בית הבטיחות,essentials,shopping,1,"en,ru,fr,ar",,B same name <= 80 m,no-match,,,,,,,,,,,,,,,,,,,
33,fp:11308,מונסטון,essentials,shopping,1,"en,ru,fr,ar",,B same name <= 80 m,no-match,,,,,,,,,,,,,,,,,,,
34,fp:11450,מחסן לחנות פרחים לה רוז,essentials,shopping,1,"en,ru,fr,ar",,B same name <= 80 m,no-match,,,,,,,,,,,,,,,,,,,
35,fp:14685,גאט מקסימום,essentials,shopping,1,"en,ru,fr,ar",,B same name <= 80 m,no-match,,,,,,,,,,,,,,,,,,,
36,fp:19416,כרונו טיים,essentials,shopping,1,"en,ru,fr,ar",,B same name <= 80 m,no-match,,,,,,,,,,,,,,,,,,,
39,fp:17861,פדני,essentials,shopping,1,"en,ru,fr,ar",,B same name <= 80 m,no-match,,,,,,,,,,,,,,,,,,,
40,fp:19181,רותי שוקולדים,essentials,shopping,1,"en,ru,fr,ar",,B same name <= 80 m,no-match,,,,,,,,,,,,,,,,,,,
41,fp:21313,נספרסו ישראל,food,cafe,1,"en,ru,fr,ar",,B same name <= 80 m,no-match,,,,,,,,,,,,,,,,,,,
44,fp:9567,א.קאשי,essentials,shopping,1,"en,ru,fr,ar",,B same name <= 80 m,no-match,,,,,,,,,,,,,,,,,,,
47,fp:11420,רמות,essentials,shopping,1,"en,ru,fr,ar",,B same name <= 80 m,no-match,,,,,,,,,,,,,,,,,,,
48,fp:9420,מעדני דניאל,essentials,shopping,1,"en,ru,fr,ar",,B same name <= 80 m,no-match,,,,,,,,,,,,,,,,,,,
52,fp:21748,בייקרי כיכר המדינה,food,cafe,1,"en,ru,fr,ar",,B same name <= 80 m,no-match,,,,,,,,,,,,,,,,,,,
53,fp:osm-node-11088945317,לחם ארז,food,cafe,1,"en,ru,fr,ar",node/11088945317,B same name <= 80 m,no-match,,,,,,,,,,,,,,,,,,,
57,fp:6516,נוצי סושי אנד בר,food,restaurant,1,"en,ru,fr,ar",,B same name <= 80 m,no-match,,,,,,,,,,,,,,,,,,,
60,fp:27581,ענן,education,kindergarten,1,"en,ru,fr,ar",,B same name <= 80 m,no-match,,,,,,,,,,,,,,,,,,,
61,fp:27581,נשיאים,education,kindergarten,1,"en,ru,fr,ar",,B same name <= 80 m,no-match,,,,,,,,,,,,,,,,,,,
66,osm:node/11163266548,מכללת מישלב,education,college,1,"en,ru,fr,ar",node/11163266548,B same name <= 80 m,no-match,,,,,,,,,,,,,,,,,,,
69,tlv:564/44,"סופר פארם ויצמן ת""א",essentials,pharmacy,1,"en,ru,fr,ar",,B same name <= 80 m,no-match,,,,,,,,,,,,,,,,,,,
71,fp:624-4,קרינה ורחל,education,daycare,1,"en,ru,fr,ar",,B same name <= 80 m,no-match,,,,,,,,,,,,,,,,,,,
73,tlv:568/347,עבודת ישראל - קוז'ניץ,community,worship,1,"en,ru,fr,ar",,B same name <= 80 m,no-match,,,,,,,,,,,,,,,,,,,
42,fp:8485,לחם ארז,food,restaurant,2,"en,ru,fr,ar",,B same name <= 80 m,no-match,,,,,,,,,,,,,,,,,,,
49,fp:10778,הקערה,essentials,supermarket,2,"en,ru,fr,ar",,B same name <= 80 m,no-match,,,,,,,,,,,,,,,,,,,
50,fp:11932,אורמן,essentials,shopping,2,"en,ru,fr,ar",,B same name <= 80 m,no-match,,,,,,,,,,,,,,,,,,,
51,fp:12783,זריה וסימון,essentials,shopping,2,"en,ru,fr,ar",,B same name <= 80 m,no-match,,,,,,,,,,,,,,,,,,,
70,fp:696-290,אברהם ברוך,outdoors,park,2,"en,ru,fr,ar",,B same name <= 80 m,no-match,,,,,,,,,,,,,,,,,,,
75,fp:586-19,גן בילטמור,outdoors,dog_park,2,"en,ru,fr,ar",,B same name <= 80 m,no-match,,,,,,,,,,,,,,,,,,,
76,fp:696-418,פולק,outdoors,park,2,"ru,fr,ar",,B same name <= 80 m,no-match,,,,,,,,,,,,,,,,,,,
79,fp:696-108,כהן משה,outdoors,park,2,"en,ru,fr,ar",,B same name <= 80 m,no-match,,,,,,,,,,,,,,,,,,,
86,fp:10392,אסתריקה פיצה,food,restaurant,2,"ru,fr,ar",,B same name <= 80 m,no-match,,,,,,,,,,,,,,,,,,,
87,fp:1301,אוסישקין גלידות תל אביב ב,food,restaurant,2,"en,ru,fr,ar",,B same name <= 80 m,no-match,,,,,,,,,,,,,,,,,,,
90,osm:node/11163232373,מיצלי,food,cafe,2,"en,ru,fr,ar",node/11163232373,B same name <= 80 m,no-match,,,,,,,,,,,,,,,,,,,
92,fp:2271,פ.א.ר פירות וירקות,essentials,supermarket,2,"en,ru,fr,ar",,B same name <= 80 m,no-match,,,,,,,,,,,,,,,,,,,
93,fp:2473,סופר סוייט,essentials,shopping,2,"en,ru,fr,ar",,B same name <= 80 m,no-match,,,,,,,,,,,,,,,,,,,
102,tlv:766/16,"תחנת איכילוב, הקו הסגול",transport,tram_stop,2,"ru,fr,ar",,B same name <= 80 m,no-match,,,,,,,,,,,,,,,,,,,
74,fp:961-25,חנקין-גן פולק,community,community,3,"en,ru,fr,ar",,B same name <= 80 m,no-match,,,,,,,,,,,,,,,,,,,
80,fp:943-172,"ביה""ס יסודי תורה ב",outdoors,sport,3,"en,ru,fr,ar",,B same name <= 80 m,no-match,,,,,,,,,,,,,,,,,,,
82,fp:13730,גן חדרה 1,education,kindergarten,3,"en,ru,fr,ar",,B same name <= 80 m,no-match,,,,,,,,,,,,,,,,,,,
83,fp:13730,גן חדרה 2,education,kindergarten,3,"en,ru,fr,ar",,B same name <= 80 m,no-match,,,,,,,,,,,,,,,,,,,
84,fp:34173,יסודי התורה ב,education,school,3,"en,ru,fr,ar",,B same name <= 80 m,no-match,,,,,,,,,,,,,,,,,,,
85,tlv:568/256,יסודי התורה,community,worship,3,"en,ru,fr,ar",,B same name <= 80 m,no-match,,,,,,,,,,,,,,,,,,,
95,fp:20233,בייקפה,food,restaurant,3,"en,ru,fr,ar",,B same name <= 80 m,no-match,,,,,,,,,,,,,,,,,,,
96,fp:3778,דלאל,essentials,supermarket,3,"en,ru,fr,ar",,B same name <= 80 m,no-match,,,,,,,,,,,,,,,,,,,
104,fp:30700,אהבת ציון,education,school,3,"en,ru,fr,ar",,B same name <= 80 m,no-match,,,,,,,,,,,,,,,,,,,
105,fp:564-3,ברק,health,health,3,"en,ru,fr,ar",,B same name <= 80 m,no-match,,,,,,,,,,,,,,,,,,,
108,osm:way/31545402,רמז,outdoors,garden,3,"en,ru,fr,ar",way/31545402,B same name <= 80 m,no-match,,,,,,,,,,,,,,,,,,,
118,osm:node/6924582685,קרפור סיטי,essentials,convenience,3,"en,ru,fr,ar",node/6924582685,B same name <= 80 m,no-match,,,,,,,,,,,,,,,,,,,
129,fp:12679,"מ.י מאכלי הצפון הצפון בע""",food,restaurant,3,"en,ru,fr,ar",,B same name <= 80 m,no-match,,,,,,,,,,,,,,,,,,,
130,fp:22119,כוורת -ויצמן 60,essentials,shopping,3,"en,ru,fr,ar",,B same name <= 80 m,no-match,,,,,,,,,,,,,,,,,,,
98,fp:23150,טבת,education,kindergarten,4,"en,ru,fr,ar",,B same name <= 80 m,no-match,,,,,,,,,,,,,,,,,,,
99,fp:6555,לבנדר,education,kindergarten,4,"en,ru,fr,ar",,B same name <= 80 m,no-match,,,,,,,,,,,,,,,,,,,
112,fp:938-31,"ביה""ס אהבת ציון",outdoors,sport,4,"en,ru,fr,ar",,B same name <= 80 m,no-match,,,,,,,,,,,,,,,,,,,
116,fp:586-2,חורשת ליסין,outdoors,dog_park,4,"en,ru,fr,ar",,B same name <= 80 m,no-match,,,,,,,,,,,,,,,,,,,
119,fp:20710,מחסן מזון לתיק רשוי 17004,food,restaurant,4,"en,ru,fr,ar",,B same name <= 80 m,no-match,,,,,,,,,,,,,,,,,,,
120,fp:40352,"גמנסיה הרצליה-חט""ב",education,school,4,"en,ru,fr,ar",,B same name <= 80 m,no-match,,,,,,,,,,,,,,,,,,,
121,fp:67355,גמנסיה הרצליה,education,school,4,"en,ru,fr,ar",,B same name <= 80 m,no-match,,,,,,,,,,,,,,,,,,,
122,fp:67926,יואל גבע,education,school,4,"en,ru,fr,ar",,B same name <= 80 m,no-match,,,,,,,,,,,,,,,,,,,
123,tlv:568/327,משכן הכהנים,community,worship,4,"en,ru,fr,ar",,B same name <= 80 m,no-match,,,,,,,,,,,,,,,,,,,
127,fp:696-490,בית יעקוב,education,school,4,"en,ru,fr,ar",,B same name <= 80 m,no-match,,,,,,,,,,,,,,,,,,,
133,tlv:696/383,פורר אליענה,outdoors,playground,4,"en,ru,fr,ar",,B same name <= 80 m,no-match,,,,,,,,,,,,,,,,,,,
143,fp:961-46,אשכול גנים לסין (ככר התבלינים),community,community,4,"en,ru,fr,ar",,B same name <= 80 m,no-match,,,,,,,,,,,,,,,,,,,
145,fp:27318,קינמון,education,kindergarten,4,"en,ru,fr,ar",,B same name <= 80 m,no-match,,,,,,,,,,,,,,,,,,,
146,fp:27318,לימונית,education,kindergarten,4,"en,ru,fr,ar",,B same name <= 80 m,no-match,,,,,,,,,,,,,,,,,,,
147,fp:27318,קורנית,education,kindergarten,4,"en,ru,fr,ar",,B same name <= 80 m,no-match,,,,,,,,,,,,,,,,,,,
148,fp:27318,ריחן,education,kindergarten,4,"en,ru,fr,ar",,B same name <= 80 m,no-match,,,,,,,,,,,,,,,,,,,
149,fp:27318,נענע,education,kindergarten,4,"en,ru,fr,ar",,B same name <= 80 m,no-match,,,,,,,,,,,,,,,,,,,
150,fp:27318,רוזמרין,education,kindergarten,4,"en,ru,fr,ar",,B same name <= 80 m,no-match,,,,,,,,,,,,,,,,,,,
115,fp:area-94,כורכר מחשוף רמז,outdoors,park,5,"en,ru,fr,ar",,B same name <= 80 m,no-match,,,,,,,,,,,,,,,,,,,
140,fp:13430,בתקפה,food,cafe,5,"en,ru,fr,ar",,B same name <= 80 m,no-match,,,,,,,,,,,,,,,,,,,
142,fp:6344,החנווני,essentials,supermarket,5,"en,ru,fr,ar",,B same name <= 80 m,no-match,,,,,,,,,,,,,,,,,,,
158,fp:938-30,"ביה""ס גמנסיה הרצליה",outdoors,sport,5,"en,ru,fr,ar",,B same name <= 80 m,no-match,,,,,,,,,,,,,,,,,,,
161,tlv:937/46,קאנטרי ארלוזורוב,outdoors,gym,5,"en,ru,fr,ar",,B same name <= 80 m,no-match,,,,,,,,,,,,,,,,,,,
164,tlv:553/36,ארלוזורוב 97,community,community,5,"en,ru,fr,ar",,B same name <= 80 m,no-match,,,,,,,,,,,,,,,,,,,
177,fp:13094,פרי השחר,essentials,supermarket,5,"en,ru,fr,ar",,B same name <= 80 m,no-match,,,,,,,,,,,,,,,,,,,
178,fp:4182,מיני מרקט עמית,essentials,supermarket,5,"en,ru,fr,ar",,B same name <= 80 m,no-match,,,,,,,,,,,,,,,,,,,
179,fp:696-245,מוזיר,education,school,5,"en,ru,fr,ar",,B same name <= 80 m,no-match,,,,,,,,,,,,,,,,,,,
181,fp:7618,פופקו דנטל,essentials,shopping,5,"en,ru,fr,ar",,B same name <= 80 m,no-match,,,,,,,,,,,,,,,,,,,
182,fp:1429,קרם פרש,food,cafe,5,"en,ru,fr,ar",,B same name <= 80 m,no-match,,,,,,,,,,,,,,,,,,,
183,fp:18280,חיות מחמד,essentials,shopping,5,"en,ru,fr,ar",,B same name <= 80 m,no-match,,,,,,,,,,,,,,,,,,,
184,fp:7115,פיצוחי פנקס,essentials,shopping,5,"en,ru,fr,ar",,B same name <= 80 m,no-match,,,,,,,,,,,,,,,,,,,
191,fp:30015,ארנון,education,school,5,"en,ru,fr,ar",,B same name <= 80 m,no-match,,,,,,,,,,,,,,,,,,,
197,fp:14113,פנקס דלי,essentials,supermarket,5,"en,ru,fr,ar",,B same name <= 80 m,no-match,,,,,,,,,,,,,,,,,,,
198,fp:6319,נ.ש. בשרי מעדניות,essentials,shopping,5,"en,ru,fr,ar",,B same name <= 80 m,no-match,,,,,,,,,,,,,,,,,,,
203,fp:13643,קפה בראלי,essentials,shopping,5,"en,ru,fr,ar",,B same name <= 80 m,no-match,,,,,,,,,,,,,,,,,,,
204,fp:14245,מינימרקט קרן אור,essentials,supermarket,5,"en,ru,fr,ar",,B same name <= 80 m,no-match,,,,,,,,,,,,,,,,,,,
205,fp:15131,בית מאפה פנקס,food,restaurant,5,"en,ru,fr,ar",,B same name <= 80 m,no-match,,,,,,,,,,,,,,,,,,,
206,fp:828,פנקס הקטן,food,restaurant,5,"en,ru,fr,ar",,B same name <= 80 m,no-match,,,,,,,,,,,,,,,,,,,
210,fp:586-60,בית יד לבנים,outdoors,dog_park,5,"en,ru,fr,ar",,B same name <= 80 m,no-match,,,,,,,,,,,,,,,,,,,
211,fp:696-221,דרוויש נורי,outdoors,park,5,"en,ru,fr,ar",,B same name <= 80 m,no-match,,,,,,,,,,,,,,,,,,,
135,fp:745-28,תיאטרון בית החייל תל אביב,community,culture,6,"en,ru,fr,ar",,B same name <= 80 m,no-match,,,,,,,,,,,,,,,,,,,
156,fp:12732,גן אהבת ציון 2,education,kindergarten,6,"en,ru,fr,ar",,B same name <= 80 m,no-match,,,,,,,,,,,,,,,,,,,
157,fp:34165,בית הילד,education,school,6,"en,ru,fr,ar",,B same name <= 80 m,no-match,,,,,,,,,,,,,,,,,,,
165,tlv:551/464,הועד הפועל,outdoors,park,6,"en,ru,fr,ar",,B same name <= 80 m,no-match,,,,,,,,,,,,,,,,,,,
186,tlv:568/287,מגורים,community,worship,6,"en,ru,fr,ar",,B same name <= 80 m,no-match,,,,,,,,,,,,,,,,,,,
187,tlv:568/337,סדיגורא,community,worship,6,"en,ru,fr,ar",,B same name <= 80 m,no-match,,,,,,,,,,,,,,,,,,,
188,tlv:768/124,גן לב-אשכול-שורש,education,kindergarten,6,"en,ru,fr,ar",,B same name <= 80 m,no-match,,,,,,,,,,,,,,,,,,,
189,tlv:624/37,ויצו רמז ארלוזורוב,education,daycare,6,"en,ru,fr,ar",,B same name <= 80 m,no-match,,,,,,,,,,,,,,,,,,,
200,fp:938-11,מרכז ספורט חדש,outdoors,sport,6,"en,ru,fr,ar",,B same name <= 80 m,no-match,,,,,,,,,,,,,,,,,,,
207,tlv:769/756,יש. הרב עמיאל (הישוב החדש),education,school,6,"en,ru,fr,ar",,B same name <= 80 m,no-match,,,,,,,,,,,,,,,,,,,
208,tlv:568/264,ישיבת עמיאל - היישוב,community,worship,6,"en,ru,fr,ar",,B same name <= 80 m,no-match,,,,,,,,,,,,,,,,,,,
217,fp:17988,סברס,food,restaurant,6,"en,ru,fr,ar",,B same name <= 80 m,no-match,,,,,,,,,,,,,,,,,,,
223,fp:564-2,שחר ברנדס,health,health,6,"en,ru,fr,ar",,B same name <= 80 m,no-match,,,,,,,,,,,,,,,,,,,
225,tlv:696/277,יד לבנים פנקס 63,outdoors,playground,6,"en,ru,fr,ar",,B same name <= 80 m,no-match,,,,,,,,,,,,,,,,,,,
229,fp:586-85,צמרות,outdoors,dog_park,6,"en,ru,fr,ar",,B same name <= 80 m,no-match,,,,,,,,,,,,,,,,,,,
254,fp:50013,עירוני ד,education,school,6,"en,ru,fr,ar",,B same name <= 80 m,no-match,,,,,,,,,,,,,,,,,,,
255,fp:8201,סברס חנויות נוחות,food,cafe,6,"en,ru,fr,ar",,B same name <= 80 m,no-match,,,,,,,,,,,,,,,,,,,
256,tlv:696/234,מרשל לואי,outdoors,playground,6,"en,ru,fr,ar",,B same name <= 80 m,no-match,,,,,,,,,,,,,,,,,,,
257,tlv:769/736,ישיבת הישוב החדש (חטב יש. הרב עמיאל),education,school,6,"en,ru,fr,ar",,B same name <= 80 m,no-match,,,,,,,,,,,,,,,,,,,
258,tlv:768/186,גן נחט-אשכול-ימית,education,kindergarten,6,"en,ru,fr,ar",,B same name <= 80 m,no-match,,,,,,,,,,,,,,,,,,,
259,fp:3029,ניו ורגו,essentials,shopping,6,"en,ru,fr,ar",,B same name <= 80 m,no-match,,,,,,,,,,,,,,,,,,,
276,fp:937-3,"ביה""ס עירוני ד'",outdoors,gym,6,"en,ru,fr,ar",,B same name <= 80 m,no-match,,,,,,,,,,,,,,,,,,,
293,fp:938-68,"ביה""ס עירוני ד'",outdoors,sport,6,"en,ru,fr,ar",,B same name <= 80 m,no-match,,,,,,,,,,,,,,,,,,,
110,fp:943-199,"ביה""ס גמנסיה הרצליה",outdoors,sport,7,"en,ru,fr,ar",,B same name <= 80 m,no-match,,,,,,,,,,,,,,,,,,,
202,fp:18912,מסעדה פנימית הסתדרות,food,restaurant,7,"en,ru,fr,ar",,B same name <= 80 m,no-match,,,,,,,,,,,,,,,,,,,
233,tlv:937/66,פאלאס,outdoors,gym,7,"en,ru,fr,ar",,B same name <= 80 m,no-match,,,,,,,,,,,,,,,,,,,
234,fp:40360,"תיכון חדש - חט""ב",education,school,7,"en,ru,fr,ar",,B same name <= 80 m,no-match,,,,,,,,,,,,,,,,,,,
235,fp:67363,תיכון חדש,education,school,7,"en,ru,fr,ar",,B same name <= 80 m,no-match,,,,,,,,,,,,,,,,,,,
236,fp:88922,"בי""ס לחמן",education,school,7,"en,ru,fr,ar",,B same name <= 80 m,no-match,,,,,,,,,,,,,,,,,,,
238,tlv:564/47,סופר פארם איכילוב,essentials,pharmacy,7,"en,ru,fr,ar",,B same name <= 80 m,no-match,,,,,,,,,,,,,,,,,,,
239,fp:943-189,"ביה""ס תיכון חדש",outdoors,sport,7,"en,ru,fr,ar",,B same name <= 80 m,no-match,,,,,,,,,,,,,,,,,,,
240,fp:area-20,גן בית יד לבנים,outdoors,park,7,"en,ru,fr,ar",,B same name <= 80 m,no-match,,,,,,,,,,,,,,,,,,,
245,fp:553-37,מרכז ספורט חדש,community,community,7,"en,ru,fr,ar",,B same name <= 80 m,no-match,,,,,,,,,,,,,,,,,,,
266,osm:way/939056764,גן זיסו,outdoors,dog_park,7,"en,ru,fr,ar",way/939056764,B same name <= 80 m,no-match,,,,,,,,,,,,,,,,,,,
271,tlv:568/93,"בי""ח איכילוב בנין סוראסקי",community,worship,7,"en,ru,fr,ar",,B same name <= 80 m,no-match,,,,,,,,,,,,,,,,,,,
278,fp:17976,סטודיו b,outdoors,gym,7,"en,ru,fr,ar",,B same name <= 80 m,no-match,,,,,,,,,,,,,,,,,,,
279,fp:937-65,סטודיו בי,outdoors,gym,7,"en,ru,fr,ar",,B same name <= 80 m,no-match,,,,,,,,,,,,,,,,,,,
280,fp:1931,הקיוסק המתוק,essentials,shopping,7,"en,ru,fr,ar",,B same name <= 80 m,no-match,,,,,,,,,,,,,,,,,,,
288,fp:3604,בבאנג בנג,food,restaurant,7,"en,ru,fr,ar",,B same name <= 80 m,no-match,,,,,,,,,,,,,,,,,,,
298,fp:745-81,הקונסרבטוריון הישראלי למוסיקה,community,culture,7,"en,ru,fr,ar",,B same name <= 80 m,no-match,,,,,,,,,,,,,,,,,,,
300,fp:20561,פסטה ליאורה,food,cafe,7,"en,ru,fr,ar",,B same name <= 80 m,no-match,,,,,,,,,,,,,,,,,,,
319,fp:12566,קיוסק בונבון,essentials,shopping,7,"en,ru,fr,ar",,B same name <= 80 m,no-match,,,,,,,,,,,,,,,,,,,
320,fp:15213,פיצה דונטלו,food,restaurant,7,"en,ru,fr,ar",,B same name <= 80 m,no-match,,,,,,,,,,,,,,,,,,,
321,fp:5390,פלאפל אבי,food,restaurant,7,"en,ru,fr,ar",,B same name <= 80 m,no-match,,,,,,,,,,,,,,,,,,,
343,fp:13506,קיוסק קופי שופ,essentials,shopping,7,"en,ru,fr,ar",,B same name <= 80 m,no-match,,,,,,,,,,,,,,,,,,,
344,fp:osm-node-11015411846,מאפיית לחמים,food,bakery,7,"en,ru,fr,ar",node/11015411846,B same name <= 80 m,no-match,,,,,,,,,,,,,,,,,,,
345,fp:10666,טבע שוק,essentials,supermarket,7,"en,ru,fr,ar",,B same name <= 80 m,no-match,,,,,,,,,,,,,,,,,,,
347,fp:8750,כמונה,essentials,supermarket,7,"en,ru,fr,ar",,B same name <= 80 m,no-match,,,,,,,,,,,,,,,,,,,
369,tlv:568/45,אור הצפון,community,worship,7,"en,ru,fr,ar",,B same name <= 80 m,no-match,,,,,,,,,,,,,,,,,,,
425,fp:5544,קלאסיק,food,restaurant,7,"en,ru,fr,ar",,B same name <= 80 m,no-match,,,,,,,,,,,,,,,,,,,
160,fp:943-200,"ביה""ס גמנסיה הרצליה",outdoors,sport,8,"en,ru,fr,ar",,B same name <= 80 m,no-match,,,,,,,,,,,,,,,,,,,
194,tlv:568/471,תפארת ישראל,community,worship,8,"en,ru,fr,ar",,B same name <= 80 m,no-match,,,,,,,,,,,,,,,,,,,
221,fp:99988,בית פנימיית בית הילד,education,kindergarten,8,"en,ru,fr,ar",,B same name <= 80 m,no-match,,,,,,,,,,,,,,,,,,,
222,fp:943-202,בית הילד,outdoors,sport,8,"en,ru,fr,ar",,B same name <= 80 m,no-match,,,,,,,,,,,,,,,,,,,
247,fp:21410,שי,education,kindergarten,8,"en,ru,fr,ar",,B same name <= 80 m,no-match,,,,,,,,,,,,,,,,,,,
248,fp:21410,מתן,education,kindergarten,8,"en,ru,fr,ar",,B same name <= 80 m,no-match,,,,,,,,,,,,,,,,,,,
265,fp:696-475,צמרות,outdoors,park,8,"en,ru,fr,ar",,B same name <= 80 m,no-match,,,,,,,,,,,,,,,,,,,
272,tlv:564/55,"ניופרם בי""ח איכילוב",essentials,pharmacy,8,"en,ru,fr,ar",,B same name <= 80 m,no-match,,,,,,,,,,,,,,,,,,,
273,fp:16673,תיכון עירוני יא,food,restaurant,8,"en,ru,fr,ar",,B same name <= 80 m,no-match,,,,,,,,,,,,,,,,,,,
283,fp:938-87,"ביה""ס עירוני י""א",outdoors,sport,8,"en,ru,fr,ar",,B same name <= 80 m,no-match,,,,,,,,,,,,,,,,,,,
284,fp:10696,עץ הדעת,essentials,supermarket,8,"en,ru,fr,ar",,B same name <= 80 m,no-match,,,,,,,,,,,,,,,,,,,
285,fp:19261,קנדי סטור,essentials,shopping,8,"en,ru,fr,ar",,B same name <= 80 m,no-match,,,,,,,,,,,,,,,,,,,
286,fp:19517,שקם אלקטריק,essentials,shopping,8,"en,ru,fr,ar",,B same name <= 80 m,no-match,,,,,,,,,,,,,,,,,,,
289,fp:5467,שופרסל,essentials,supermarket,8,"en,ru,fr,ar",,B same name <= 80 m,no-match,,,,,,,,,,,,,,,,,,,
291,tlv:568/345,סולם יעקב,community,worship,8,"en,ru,fr,ar",,B same name <= 80 m,no-match,,,,,,,,,,,,,,,,,,,
292,fp:564-48,סופר פארם אבן גבירול,essentials,pharmacy,8,fr,,B same name <= 80 m,no-match,,,,,,,,,,,,,,,,,,,
294,fp:1763,לואי,food,cafe,8,"en,ru,fr,ar",,B same name <= 80 m,no-match,,,,,,,,,,,,,,,,,,,
295,fp:3576,גיא מרקט,essentials,supermarket,8,"en,ru,fr,ar",,B same name <= 80 m,no-match,,,,,,,,,,,,,,,,,,,
305,fp:5939,לילי רוז,food,cafe,8,"en,ru,fr,ar",,B same name <= 80 m,no-match,,,,,,,,,,,,,,,,,,,
310,tlv:568/207,המרכזי - היכל משה,community,worship,8,"en,ru,fr,ar",,B same name <= 80 m,no-match,,,,,,,,,,,,,,,,,,,
311,fp:19701,גורמה שופ,essentials,supermarket,8,"en,ru,fr,ar",,B same name <= 80 m,no-match,,,,,,,,,,,,,,,,,,,
312,fp:22010,לילי רוז,food,bar,8,"en,ru,fr,ar",,B same name <= 80 m,no-match,,,,,,,,,,,,,,,,,,,
313,tlv:937/47,מרכז רייך,outdoors,gym,8,"en,ru,fr,ar",,B same name <= 80 m,no-match,,,,,,,,,,,,,,,,,,,
315,fp:20790,Eבן גבירול,food,restaurant,8,"en,ru,fr,ar",,B same name <= 80 m,no-match,,,,,,,,,,,,,,,,,,,
334,fp:2193,גונגל,essentials,shopping,8,"en,ru,fr,ar",,B same name <= 80 m,no-match,,,,,,,,,,,,,,,,,,,
338,fp:21486,יין בעיר,essentials,supermarket,8,"en,ru,fr,ar",,B same name <= 80 m,no-match,,,,,,,,,,,,,,,,,,,
342,tlv:568/73,אליהו הנביא ב',community,worship,8,"en,ru,fr,ar",,B same name <= 80 m,no-match,,,,,,,,,,,,,,,,,,,
346,fp:5798,ממתוקס,essentials,shopping,8,"en,ru,fr,ar",,B same name <= 80 m,no-match,,,,,,,,,,,,,,,,,,,
348,fp:9941,הברוליה,food,restaurant,8,"en,ru,fr,ar",,B same name <= 80 m,no-match,,,,,,,,,,,,,,,,,,,
363,tlv:568/363,עטרת מרדכי,community,worship,8,"en,ru,fr,ar",,B same name <= 80 m,no-match,,,,,,,,,,,,,,,,,,,
367,fp:565-31,מרפאת עין טל ספטולב,health,health,8,"en,ru,fr,ar",,B same name <= 80 m,no-match,,,,,,,,,,,,,,,,,,,
387,fp:563-31,רבינוביץ,health,health,8,"en,ru,fr,ar",,B same name <= 80 m,no-match,,,,,,,,,,,,,,,,,,,
395,fp:osm-node-10868039111,כללית,health,health,8,"en,ru,fr,ar",node/10868039111,B same name <= 80 m,no-match,,,,,,,,,,,,,,,,,,,
406,fp:186,בוטיק פטיסרי,food,cafe,8,"en,ru,fr,ar",,B same name <= 80 m,no-match,,,,,,,,,,,,,,,,,,,
407,fp:2505,פרש,food,restaurant,8,"en,ru,fr,ar",,B same name <= 80 m,no-match,,,,,,,,,,,,,,,,,,,
412,fp:564-7,יהודה המכבי,health,health,8,"en,ru,fr,ar",,B same name <= 80 m,no-match,,,,,,,,,,,,,,,,,,,
413,fp:4560,פריים פארם יהודה המכבי,essentials,pharmacy,8,"en,ru,fr,ar",,B same name <= 80 m,no-match,,,,,,,,,,,,,,,,,,,
422,fp:14866,שבע חנות אוכל,essentials,supermarket,8,"en,ru,fr,ar",,B same name <= 80 m,no-match,,,,,,,,,,,,,,,,,,,
438,fp:3587,סופרפלייס עסקים,essentials,shopping,8,"en,ru,fr,ar",,B same name <= 80 m,no-match,,,,,,,,,,,,,,,,,,,
441,fp:5268,רולדין - יהודה מכבי,food,cafe,8,"en,ru,fr,ar",,B same name <= 80 m,no-match,,,,,,,,,,,,,,,,,,,
446,fp:13884,חומוס 616,food,restaurant,8,"en,ru,fr,ar",,B same name <= 80 m,no-match,,,,,,,,,,,,,,,,,,,
452,fp:107,שופלנד,food,restaurant,8,"en,ru,fr,ar",,B same name <= 80 m,no-match,,,,,,,,,,,,,,,,,,,
453,fp:8825,לוטם,essentials,shopping,8,"en,ru,fr,ar",,B same name <= 80 m,no-match,,,,,,,,,,,,,,,,,,,
456,fp:10092,ארץ בראשית,essentials,shopping,8,"en,ru,fr,ar",,B same name <= 80 m,no-match,,,,,,,,,,,,,,,,,,,
457,fp:10266,אבי נחום,essentials,supermarket,8,"en,ru,fr,ar",,B same name <= 80 m,no-match,,,,,,,,,,,,,,,,,,,
459,fp:3868,הבוטקה,essentials,shopping,8,"en,ru,fr,ar",,B same name <= 80 m,no-match,,,,,,,,,,,,,,,,,,,
460,fp:6352,מנה מנה,food,restaurant,8,"en,ru,fr,ar",,B same name <= 80 m,no-match,,,,,,,,,,,,,,,,,,,
468,fp:21677,בזיליקום צפון - מחסן,health,health,8,"en,ru,fr,ar",,B same name <= 80 m,no-match,,,,,,,,,,,,,,,,,,,
481,tlv:565/23,בית הורים ויצו,health,clinic,8,"en,ru,fr,ar",,B same name <= 80 m,no-match,,,,,,,,,,,,,,,,,,,
482,tlv:568/224,ויצו,community,worship,8,"en,ru,fr,ar",,B same name <= 80 m,no-match,,,,,,,,,,,,,,,,,,,
232,tlv:768/27,גן בט-חן,education,kindergarten,9,"en,ru,fr,ar",,B same name <= 80 m,no-match,,,,,,,,,,,,,,,,,,,
242,tlv:565/25,מוסד סיעודי פאלאס מדיקל,health,clinic,9,"en,ru,fr,ar",,B same name <= 80 m,no-match,,,,,,,,,,,,,,,,,,,
243,tlv:937/17,גואקטיב,outdoors,gym,9,"en,ru,fr,ar",,B same name <= 80 m,no-match,,,,,,,,,,,,,,,,,,,
249,tlv:586/3,חורשת נהרדעא,outdoors,dog_park,9,"en,ru,fr,ar",,B same name <= 80 m,no-match,,,,,,,,,,,,,,,,,,,
250,fp:6430,ערבה,education,kindergarten,9,"en,ru,fr,ar",,B same name <= 80 m,no-match,,,,,,,,,,,,,,,,,,,
251,fp:6430,גולן,education,kindergarten,9,"en,ru,fr,ar",,B same name <= 80 m,no-match,,,,,,,,,,,,,,,,,,,
252,fp:6430,נגב,education,kindergarten,9,"en,ru,fr,ar",,B same name <= 80 m,no-match,,,,,,,,,,,,,,,,,,,
299,tlv:766/1,"תחנת אבן גבירול, הקו הסגול",transport,tram_stop,9,"ru,fr,ar",,B same name <= 80 m,no-match,,,,,,,,,,,,,,,,,,,
309,tlv:553/34,רייך לאזרחים ותיקים,community,community,9,"en,ru,fr,ar",,B same name <= 80 m,no-match,,,,,,,,,,,,,,,,,,,
317,tlv:568/351,סוכת שלום,community,worship,9,"en,ru,fr,ar",,B same name <= 80 m,no-match,,,,,,,,,,,,,,,,,,,
318,fp:23,"תחנת ארלוזורוב, הקו הירוק",transport,tram_stop,9,"ru,fr,ar",,B same name <= 80 m,no-match,,,,,,,,,,,,,,,,,,,
350,fp:11543,הבית הנקי,essentials,shopping,9,"en,ru,fr,ar",,B same name <= 80 m,no-match,,,,,,,,,,,,,,,,,,,
351,fp:4042,פיצוציית אדם,essentials,shopping,9,"en,ru,fr,ar",,B same name <= 80 m,no-match,,,,,,,,,,,,,,,,,,,
356,fp:14370,חומוס בהדונס,food,restaurant,9,"en,ru,fr,ar",,B same name <= 80 m,no-match,,,,,,,,,,,,,,,,,,,
361,fp:16960,מזנון תאילנדי,food,restaurant,9,"ru,fr,ar",,B same name <= 80 m,no-match,,,,,,,,,,,,,,,,,,,
362,fp:18202,קונגרס בזל,food,restaurant,9,"en,ru,fr,ar",,B same name <= 80 m,no-match,,,,,,,,,,,,,,,,,,,
365,fp:624-43,נעמת חמניה,education,daycare,9,"en,ru,fr,ar",,B same name <= 80 m,no-match,,,,,,,,,,,,,,,,,,,
366,fp:3461,מעדנית ורדה,essentials,shopping,9,"en,ru,fr,ar",,B same name <= 80 m,no-match,,,,,,,,,,,,,,,,,,,
368,fp:7133,פריז ארטיקים מפרות טבעיים,essentials,shopping,9,"en,ru,fr,ar",,B same name <= 80 m,no-match,,,,,,,,,,,,,,,,,,,
370,fp:10703,מפגש הנמרים,essentials,supermarket,9,"en,ru,fr,ar",,B same name <= 80 m,no-match,,,,,,,,,,,,,,,,,,,
371,fp:11512,משק 11,essentials,shopping,9,"en,ru,fr,ar",,B same name <= 80 m,no-match,,,,,,,,,,,,,,,,,,,
372,fp:19369,נתח בשר,essentials,shopping,9,"en,ru,fr,ar",,B same name <= 80 m,no-match,,,,,,,,,,,,,,,,,,,
374,tlv:768/404,גן ריח-פזמון,education,kindergarten,9,"en,ru,fr,ar",,B same name <= 80 m,no-match,,,,,,,,,,,,,,,,,,,
375,fp:14099,קיוסק עד חצות,food,cafe,9,"en,ru,fr,ar",,B same name <= 80 m,no-match,,,,,,,,,,,,,,,,,,,
376,fp:19028,שניצל פוינט,food,restaurant,9,"en,ru,fr,ar",,B same name <= 80 m,no-match,,,,,,,,,,,,,,,,,,,
379,fp:51060,עירוני יא מחט,education,school,9,"ru,fr,ar",,B same name <= 80 m,no-match,,,,,,,,,,,,,,,,,,,
385,fp:18351,פרחים בפנקס,essentials,shopping,9,"en,ru,fr,ar",,B same name <= 80 m,no-match,,,,,,,,,,,,,,,,,,,
386,tlv:568/79,ארם נהרים,community,worship,9,"en,ru,fr,ar",,B same name <= 80 m,no-match,,,,,,,,,,,,,,,,,,,
394,fp:8969,דומינוס פיצה,food,restaurant,9,"en,ru,fr,ar",,B same name <= 80 m,no-match,,,,,,,,,,,,,,,,,,,
399,fp:3567,אורי בייקרי השקעות,food,restaurant,9,"en,ru,fr,ar",,B same name <= 80 m,no-match,,,,,,,,,,,,,,,,,,,
404,fp:563-51,יהודה מכבי,health,health,9,"en,ru,fr,ar",,B same name <= 80 m,no-match,,,,,,,,,,,,,,,,,,,
419,fp:12914,אפרסמון,education,kindergarten,9,"en,ru,fr,ar",,B same name <= 80 m,no-match,,,,,,,,,,,,,,,,,,,
420,fp:12914,פומלית,education,kindergarten,9,"en,ru,fr,ar",,B same name <= 80 m,no-match,,,,,,,,,,,,,,,,,,,
428,fp:17682,בלוקבסטר וידאו,essentials,shopping,9,"en,ru,fr,ar",,B same name <= 80 m,no-match,,,,,,,,,,,,,,,,,,,
436,fp:30049,יהודה המכבי,education,school,9,"en,ru,fr,ar",,B same name <= 80 m,no-match,,,,,,,,,,,,,,,,,,,
445,fp:osm-node-3461420324,מגה בעיר,essentials,supermarket,9,"en,ru,fr,ar",node/3461420324,B same name <= 80 m,no-match,,,,,,,,,,,,,,,,,,,
447,fp:19988,מעדני יהודה המכבי,essentials,shopping,9,"en,ru,fr,ar",,B same name <= 80 m,no-match,,,,,,,,,,,,,,,,,,,
448,fp:943-175,"ביה""ס הר נבו",outdoors,sport,9,"en,ru,fr,ar",,B same name <= 80 m,no-match,,,,,,,,,,,,,,,,,,,
449,fp:16474,בית טבע צפון,essentials,supermarket,9,"en,ru,fr,ar",,B same name <= 80 m,no-match,,,,,,,,,,,,,,,,,,,
451,fp:696-209,מצדה,education,school,9,"en,ru,fr,ar",,B same name <= 80 m,no-match,,,,,,,,,,,,,,,,,,,
455,fp:564-9,צפון,health,health,9,"en,ru,fr,ar",,B same name <= 80 m,no-match,,,,,,,,,,,,,,,,,,,
465,fp:4817,קפה 67,food,restaurant,9,"en,ru,fr,ar",,B same name <= 80 m,no-match,,,,,,,,,,,,,,,,,,,
476,fp:21037,טיב טעם רשתות,essentials,shopping,9,"ru,fr,ar",,B same name <= 80 m,no-match,,,,,,,,,,,,,,,,,,,
485,tlv:565/1,סוראסקי-איכילוב,health,hospital,9,"en,ru,fr,ar",,B same name <= 80 m,no-match,,,,,,,,,,,,,,,,,,,
487,fp:21911,אביעד רשת חנויות גלידה בע,essentials,shopping,9,"en,ru,fr,ar",,B same name <= 80 m,no-match,,,,,,,,,,,,,,,,,,,
488,fp:5275,גאיה רינר,food,restaurant,9,"en,ru,fr,ar",,B same name <= 80 m,no-match,,,,,,,,,,,,,,,,,,,
489,fp:6442,לחם ארז,essentials,shopping,9,"en,ru,fr,ar",,B same name <= 80 m,no-match,,,,,,,,,,,,,,,,,,,
512,fp:10218,מרכז הפרי והירק,essentials,supermarket,9,"en,ru,fr,ar",,B same name <= 80 m,no-match,,,,,,,,,,,,,,,,,,,
513,fp:13878,אנוטקה,food,restaurant,9,"en,ru,fr,ar",,B same name <= 80 m,no-match,,,,,,,,,,,,,,,,,,,
537,fp:624-94,ילדימות עמיאל,education,daycare,9,"en,ru,fr,ar",,B same name <= 80 m,no-match,,,,,,,,,,,,,,,,,,,
268,tlv:563/60,"מאוחדת מוקד ילדים בי""ח דנה",health,clinic,10,"en,ru,fr,ar",,B same name <= 80 m,no-match,,,,,,,,,,,,,,,,,,,
269,tlv:565/2,דנה לילדים,health,hospital,10,"en,ru,fr,ar",,B same name <= 80 m,no-match,,,,,,,,,,,,,,,,,,,
275,fp:19477,קפה ג'ו,food,restaurant,10,"en,ru,fr,ar",,B same name <= 80 m,no-match,,,,,,,,,,,,,,,,,,,
302,fp:6941,שופרסל,essentials,shopping,10,"en,ru,fr,ar",,B same name <= 80 m,no-match,,,,,,,,,,,,,,,,,,,
314,tlv:696/448,הבנים -צפון חדש,outdoors,playground,10,"en,ru,fr,ar",,B same name <= 80 m,no-match,,,,,,,,,,,,,,,,,,,
316,fp:area-115,כורכר סומייל,outdoors,park,10,"en,ru,fr,ar",,B same name <= 80 m,no-match,,,,,,,,,,,,,,,,,,,
339,fp:30190,המשותף- יפה ירקוני,education,school,10,"en,ru,fr,ar",,B same name <= 80 m,no-match,,,,,,,,,,,,,,,,,,,
340,fp:40010,"צמרות - חט""ב",education,school,10,"en,ru,fr,ar",,B same name <= 80 m,no-match,,,,,,,,,,,,,,,,,,,
341,fp:51000,"ביה""ס צמרות - תיכון",education,school,10,"en,ru,fr,ar",,B same name <= 80 m,no-match,,,,,,,,,,,,,,,,,,,
357,tlv:565/3,ליס ליולדות,health,hospital,10,"en,ru,fr,ar",,B same name <= 80 m,no-match,,,,,,,,,,,,,,,,,,,
364,tlv:766/19,"תחנת תל אביב מרכז, הקו הסגול",transport,tram_stop,10,"ru,fr,ar",,B same name <= 80 m,no-match,,,,,,,,,,,,,,,,,,,
377,fp:11834,תכשיטי הוד והדר,essentials,shopping,10,"en,ru,fr,ar",,B same name <= 80 m,no-match,,,,,,,,,,,,,,,,,,,
380,fp:12402,אצל אסנת,food,restaurant,10,"en,ru,fr,ar",,B same name <= 80 m,no-match,,,,,,,,,,,,,,,,,,,
381,fp:18951,דה גריל פרדייס,essentials,shopping,10,"en,ru,fr,ar",,B same name <= 80 m,no-match,,,,,,,,,,,,,,,,,,,
382,fp:20855,קופיקס,food,cafe,10,"en,ru,fr,ar",,B same name <= 80 m,no-match,,,,,,,,,,,,,,,,,,,
383,fp:3840,יוסי דיין מפגש הווינרים,food,cafe,10,"en,ru,fr,ar",,B same name <= 80 m,no-match,,,,,,,,,,,,,,,,,,,
384,fp:22073,סופר זול בן גוריון,essentials,supermarket,10,"en,ru,fr,ar",,B same name <= 80 m,no-match,,,,,,,,,,,,,,,,,,,
389,fp:148,סביח מחסן,food,restaurant,10,"en,ru,fr,ar",,B same name <= 80 m,no-match,,,,,,,,,,,,,,,,,,,
391,fp:13071,הסובל,food,restaurant,10,"en,ru,fr,ar",,B same name <= 80 m,no-match,,,,,,,,,,,,,,,,,,,
392,fp:3743,מנציז,essentials,shopping,10,"en,ru,fr,ar",,B same name <= 80 m,no-match,,,,,,,,,,,,,,,,,,,
400,tlv:565/46,אביבים,health,clinic,10,"en,ru,fr,ar",,B same name <= 80 m,no-match,,,,,,,,,,,,,,,,,,,
401,fp:22140,טיב טעם רשתות,essentials,supermarket,10,"fr,ar",,B same name <= 80 m,no-match,,,,,,,,,,,,,,,,,,,
402,fp:4932,קרנף אבן גבירול,food,restaurant,10,"ru,fr,ar",,B same name <= 80 m,no-match,,,,,,,,,,,,,,,,,,,
405,fp:19211,ברו,food,restaurant,10,"en,ru,fr,ar",,B same name <= 80 m,no-match,,,,,,,,,,,,,,,,,,,
415,fp:2915,בשמת,education,kindergarten,10,"en,ru,fr,ar",,B same name <= 80 m,no-match,,,,,,,,,,,,,,,,,,,
416,fp:2915,יקינתון,education,kindergarten,10,"en,ru,fr,ar",,B same name <= 80 m,no-match,,,,,,,,,,,,,,,,,,,
417,fp:3871,בוטינקה,essentials,shopping,10,"en,ru,fr,ar",,B same name <= 80 m,no-match,,,,,,,,,,,,,,,,,,,
418,fp:9251,פלאפל 4 טעמים,food,restaurant,10,"en,ru,fr,ar",,B same name <= 80 m,no-match,,,,,,,,,,,,,,,,,,,
423,fp:1234,המזג,food,bar,10,"en,ru,fr,ar",,B same name <= 80 m,no-match,,,,,,,,,,,,,,,,,,,
424,fp:3168,גלידה קוקו,food,restaurant,10,"en,ru,fr,ar",,B same name <= 80 m,no-match,,,,,,,,,,,,,,,,,,,
426,fp:6453,קסטל,food,restaurant,10,"en,ru,fr,ar",,B same name <= 80 m,no-match,,,,,,,,,,,,,,,,,,,
470,fp:961-34,עמנואל הרומי,community,community,10,"en,ru,fr,ar",,B same name <= 80 m,no-match,,,,,,,,,,,,,,,,,,,
473,fp:4598,נקודת טבע,essentials,shopping,10,"en,ru,fr,ar",,B same name <= 80 m,no-match,,,,,,,,,,,,,,,,,,,
486,fp:1413,לה בוצ'ר,essentials,shopping,10,"en,ru,fr,ar",,B same name <= 80 m,no-match,,,,,,,,,,,,,,,,,,,
497,fp:808,מיקי שמו קונדטוריה,essentials,shopping,10,"en,ru,fr,ar",,B same name <= 80 m,no-match,,,,,,,,,,,,,,,,,,,
501,fp:21846,ניצת הדובדבן,essentials,supermarket,10,"en,ru,fr,ar",,B same name <= 80 m,no-match,,,,,,,,,,,,,,,,,,,
504,fp:12642,טוליפ,essentials,shopping,10,"en,ru,fr,ar",,B same name <= 80 m,no-match,,,,,,,,,,,,,,,,,,,
510,fp:9044,שופרסל,essentials,supermarket,10,"en,ru,fr,ar",,B same name <= 80 m,no-match,,,,,,,,,,,,,,,,,,,
514,fp:19400,קפה זוריק,food,restaurant,10,"ru,fr,ar",,B same name <= 80 m,no-match,,,,,,,,,,,,,,,,,,,
515,fp:2079,אס מילנו,food,restaurant,10,"en,ru,fr,ar",,B same name <= 80 m,no-match,,,,,,,,,,,,,,,,,,,
516,fp:7101,ג'ונו,food,cafe,10,"en,ru,fr,ar",,B same name <= 80 m,no-match,,,,,,,,,,,,,,,,,,,
520,fp:20808,הממתק של סמי,food,cafe,10,"en,ru,fr,ar",,B same name <= 80 m,no-match,,,,,,,,,,,,,,,,,,,
521,fp:21604,חומוס לבלבי,food,restaurant,10,"en,ru,fr,ar",,B same name <= 80 m,no-match,,,,,,,,,,,,,,,,,,,
523,tlv:624/32,ויצו ויצמן,education,daycare,10,"en,ru,fr,ar",,B same name <= 80 m,no-match,,,,,,,,,,,,,,,,,,,
535,fp:6854,פרומז׳רי וחברים,food,restaurant,10,"en,ru,fr,ar",,B same name <= 80 m,no-match,,,,,,,,,,,,,,,,,,,
588,fp:40303,"עירוני ד - חט""ב",education,school,10,"en,ru,fr,ar",,B same name <= 80 m,no-match,,,,,,,,,,,,,,,,,,,
611,fp:22095,הקולה בעיר כיכר מילאנו,essentials,supermarket,10,"en,ru,fr,ar",,B same name <= 80 m,no-match,,,,,,,,,,,,,,,,,,,
612,fp:295,דוידס סיגרים,essentials,shopping,10,"en,ru,fr,ar",,B same name <= 80 m,no-match,,,,,,,,,,,,,,,,,,,
323,fp:564-52,"סופר פארם צמרת ת""א",essentials,pharmacy,11,fr,,B same name <= 80 m,no-match,,,,,,,,,,,,,,,,,,,
324,fp:10274,סטודיו בייקרי,food,restaurant,11,"ru,fr,ar",,B same name <= 80 m,no-match,,,,,,,,,,,,,,,,,,,
325,fp:10942,בשביל הטבע מוצרי בריאות ב,essentials,supermarket,11,"en,ru,fr,ar",,B same name <= 80 m,no-match,,,,,,,,,,,,,,,,,,,
326,fp:19493,הבשרים של זלמן,essentials,shopping,11,"en,ru,fr,ar",,B same name <= 80 m,no-match,,,,,,,,,,,,,,,,,,,
327,fp:19960,מגה בעיר,essentials,supermarket,11,"en,ru,fr,ar",,B same name <= 80 m,no-match,,,,,,,,,,,,,,,,,,,
329,fp:20268,פינקי יו,essentials,shopping,11,"en,ru,fr,ar",,B same name <= 80 m,no-match,,,,,,,,,,,,,,,,,,,
330,fp:20417,דרך היין,essentials,shopping,11,"en,ru,fr,ar",,B same name <= 80 m,no-match,,,,,,,,,,,,,,,,,,,
331,fp:20996,רביבה וסליה,food,restaurant,11,"en,ru,fr,ar",,B same name <= 80 m,no-match,,,,,,,,,,,,,,,,,,,
332,fp:21167,עגלת בראון,essentials,shopping,11,"en,ru,fr,ar",,B same name <= 80 m,no-match,,,,,,,,,,,,,,,,,,,
333,fp:21496,רביבה הקומה השניה (לאונג',food,restaurant,11,"en,ru,fr,ar",,B same name <= 80 m,no-match,,,,,,,,,,,,,,,,,,,
335,fp:21990,פירות השף,essentials,supermarket,11,"en,ru,fr,ar",,B same name <= 80 m,no-match,,,,,,,,,,,,,,,,,,,
337,osm:way/1558121725,וולבולסקי קרני,outdoors,dog_park,11,"en,ru,fr,ar",way/1558121725,B same name <= 80 m,no-match,,,,,,,,,,,,,,,,,,,
358,fp:osm-way-283357822,צמרת G,essentials,shopping,11,"en,ru,fr,ar",way/283357822,B same name <= 80 m,no-match,,,,,,,,,,,,,,,,,,,
359,fp:20092,התרנגול הכחול,food,restaurant,11,"en,ru,fr,ar",,B same name <= 80 m,no-match,,,,,,,,,,,,,,,,,,,
393,tlv:563/19,ארלוזרוב,health,clinic,11,"en,ru,fr,ar",,B same name <= 80 m,no-match,,,,,,,,,,,,,,,,,,,
398,fp:18554,סביח קומפלקט,food,restaurant,11,"en,ru,fr,ar",,B same name <= 80 m,no-match,,,,,,,,,,,,,,,,,,,
403,fp:2894,מתוק מתחת לבית,essentials,shopping,11,"en,ru,fr,ar",,B same name <= 80 m,no-match,,,,,,,,,,,,,,,,,,,
408,fp:10663,מנגו מלון,essentials,supermarket,11,"en,ru,fr,ar",,B same name <= 80 m,no-match,,,,,,,,,,,,,,,,,,,
409,fp:2044,צביקה ש.ב חנויות מפעל,essentials,shopping,11,"en,ru,fr,ar",,B same name <= 80 m,no-match,,,,,,,,,,,,,,,,,,,
421,fp:19592,גודפארם,essentials,supermarket,11,"ru,fr,ar",,B same name <= 80 m,no-match,,,,,,,,,,,,,,,,,,,
429,fp:696-500,יהודה מכבי,education,school,11,"en,ru,fr,ar",,B same name <= 80 m,no-match,,,,,,,,,,,,,,,,,,,
433,fp:137,מיתרים,education,kindergarten,11,"en,ru,fr,ar",,B same name <= 80 m,no-match,,,,,,,,,,,,,,,,,,,
434,fp:21311,מרום,education,kindergarten,11,"en,ru,fr,ar",,B same name <= 80 m,no-match,,,,,,,,,,,,,,,,,,,
435,fp:21311,צמרות,education,kindergarten,11,"en,ru,fr,ar",,B same name <= 80 m,no-match,,,,,,,,,,,,,,,,,,,
444,tlv:568/265,ישיבת מעלה אליהו,community,worship,11,"en,ru,fr,ar",,B same name <= 80 m,no-match,,,,,,,,,,,,,,,,,,,
454,tlv:551/1156,עמנואל הרומי - שדרה,outdoors,park,11,"en,ru,fr,ar",,B same name <= 80 m,no-match,,,,,,,,,,,,,,,,,,,
464,tlv:568/458,שערי תפילה,community,worship,11,"en,ru,fr,ar",,B same name <= 80 m,no-match,,,,,,,,,,,,,,,,,,,
467,fp:10465,אקספרס של חיות,essentials,shopping,11,"en,ru,fr,ar",,B same name <= 80 m,no-match,,,,,,,,,,,,,,,,,,,
491,tlv:564/14,גן העיר,essentials,pharmacy,11,"en,ru,fr,ar",,B same name <= 80 m,no-match,,,,,,,,,,,,,,,,,,,
494,tlv:696/435,דוד המלך -שד`,outdoors,playground,11,"en,ru,fr,ar",,B same name <= 80 m,no-match,,,,,,,,,,,,,,,,,,,
499,fp:11805,יאשקה יהודה המכבי,food,restaurant,11,"en,ru,fr,ar",,B same name <= 80 m,no-match,,,,,,,,,,,,,,,,,,,
506,fp:4967,דלי קואסו,essentials,shopping,11,"en,ru,fr,ar",,B same name <= 80 m,no-match,,,,,,,,,,,,,,,,,,,
507,fp:5176,זולו,essentials,shopping,11,"en,ru,fr,ar",,B same name <= 80 m,no-match,,,,,,,,,,,,,,,,,,,
517,fp:20186,ירקניה,essentials,supermarket,11,"en,ru,fr,ar",,B same name <= 80 m,no-match,,,,,,,,,,,,,,,,,,,
518,fp:4319,בריו 66,food,restaurant,11,"en,ru,fr,ar",,B same name <= 80 m,no-match,,,,,,,,,,,,,,,,,,,
525,fp:6111,קטיף,education,kindergarten,11,"en,ru,fr,ar",,B same name <= 80 m,no-match,,,,,,,,,,,,,,,,,,,
526,fp:6111,נבט,education,kindergarten,11,"en,ru,fr,ar",,B same name <= 80 m,no-match,,,,,,,,,,,,,,,,,,,
527,fp:6111,אלומה,education,kindergarten,11,"en,ru,fr,ar",,B same name <= 80 m,no-match,,,,,,,,,,,,,,,,,,,
528,fp:6120,נחלה,education,kindergarten,11,"en,ru,fr,ar",,B same name <= 80 m,no-match,,,,,,,,,,,,,,,,,,,
529,fp:6120,חריש,education,kindergarten,11,"en,ru,fr,ar",,B same name <= 80 m,no-match,,,,,,,,,,,,,,,,,,,
530,fp:6120,גדיד,education,kindergarten,11,"en,ru,fr,ar",,B same name <= 80 m,no-match,,,,,,,,,,,,,,,,,,,
531,fp:8861,שי דגים,essentials,supermarket,11,"en,ru,fr,ar",,B same name <= 80 m,no-match,,,,,,,,,,,,,,,,,,,
534,tlv:568/51,אור לישראל נהרה,community,worship,11,"en,ru,fr,ar",,B same name <= 80 m,no-match,,,,,,,,,,,,,,,,,,,
538,osm:node/10944106301,עגבניה,food,fast_food,11,"en,ru,fr,ar",node/10944106301,B same name <= 80 m,no-match,,,,,,,,,,,,,,,,,,,
552,fp:2565,בית חם לכלב ולחתול,essentials,shopping,11,"en,ru,fr,ar",,B same name <= 80 m,no-match,,,,,,,,,,,,,,,,,,,
553,fp:5259,קפה אשתור,food,restaurant,11,"en,ru,fr,ar",,B same name <= 80 m,no-match,,,,,,,,,,,,,,,,,,,
555,fp:32409,מירון,education,school,11,"en,ru,fr,ar",,B same name <= 80 m,no-match,,,,,,,,,,,,,,,,,,,
559,fp:564-11,פלור,health,health,11,"en,ru,fr,ar",,B same name <= 80 m,no-match,,,,,,,,,,,,,,,,,,,
561,fp:18909,ללי פופ,essentials,shopping,11,"en,ru,fr,ar",,B same name <= 80 m,no-match,,,,,,,,,,,,,,,,,,,
562,fp:403,לליפופ,essentials,shopping,11,"en,ru,fr,ar",,B same name <= 80 m,no-match,,,,,,,,,,,,,,,,,,,
563,fp:780,לחם תושיה,essentials,shopping,11,"en,ru,fr,ar",,B same name <= 80 m,no-match,,,,,,,,,,,,,,,,,,,
564,fp:8644,פיצה טיק טק טו,food,restaurant,11,"en,ru,fr,ar",,B same name <= 80 m,no-match,,,,,,,,,,,,,,,,,,,
569,fp:938-27,"ביה""ס מרון",outdoors,sport,11,"en,ru,fr,ar",,B same name <= 80 m,no-match,,,,,,,,,,,,,,,,,,,
574,tlv:568/124,בית יעקב אוהל רבקה,community,worship,11,"en,ru,fr,ar",,B same name <= 80 m,no-match,,,,,,,,,,,,,,,,,,,
575,fp:22,"תחנת יהודה המכבי, הקו הירוק",transport,tram_stop,11,"ru,fr,ar",,B same name <= 80 m,no-match,,,,,,,,,,,,,,,,,,,
578,fp:16735,זה סושי,food,restaurant,11,"en,ru,fr,ar",,B same name <= 80 m,no-match,,,,,,,,,,,,,,,,,,,
587,fp:7152,המקום של רונן,food,restaurant,11,"en,ru,fr,ar",,B same name <= 80 m,no-match,,,,,,,,,,,,,,,,,,,
622,fp:14542,פיצה פנמה,food,restaurant,11,"en,ru,fr,ar",,B same name <= 80 m,no-match,,,,,,,,,,,,,,,,,,,
624,fp:19667,פירחי טי אל וי,essentials,shopping,11,"en,ru,fr,ar",,B same name <= 80 m,no-match,,,,,,,,,,,,,,,,,,,
625,fp:osm-way-1183060171,עירוני ד' סניף,education,school,11,"en,ru,fr,ar",way/1183060171,B same name <= 80 m,no-match,,,,,,,,,,,,,,,,,,,
627,fp:649,יהודה,food,restaurant,11,"en,ru,fr,ar",,B same name <= 80 m,no-match,,,,,,,,,,,,,,,,,,,
631,fp:1751,עלית הטופי,essentials,shopping,11,"en,ru,fr,ar",,B same name <= 80 m,no-match,,,,,,,,,,,,,,,,,,,
632,fp:21597,מיאו חתולה,essentials,shopping,11,"en,ru,fr,ar",,B same name <= 80 m,no-match,,,,,,,,,,,,,,,,,,,
633,fp:696-98,גימפל דורה,outdoors,park,11,"en,ru,fr,ar",,B same name <= 80 m,no-match,,,,,,,,,,,,,,,,,,,
634,fp:7270,פיצוחי אמיר,essentials,shopping,11,"en,ru,fr,ar",,B same name <= 80 m,no-match,,,,,,,,,,,,,,,,,,,
635,fp:osm-node-11704099823,יעלא ולעילא,essentials,shopping,11,"en,ru,fr,ar",node/11704099823,B same name <= 80 m,no-match,,,,,,,,,,,,,,,,,,,
648,fp:19388,מזנון בית החיל,essentials,shopping,11,"en,ru,fr,ar",,B same name <= 80 m,no-match,,,,,,,,,,,,,,,,,,,
649,fp:1982,דותן,education,kindergarten,11,"en,ru,fr,ar",,B same name <= 80 m,no-match,,,,,,,,,,,,,,,,,,,
650,fp:1982,גושן,education,kindergarten,11,"en,ru,fr,ar",,B same name <= 80 m,no-match,,,,,,,,,,,,,,,,,,,
651,fp:1982,גיא,education,kindergarten,11,"en,ru,fr,ar",,B same name <= 80 m,no-match,,,,,,,,,,,,,,,,,,,
653,fp:19976,מפגש הזאבים,essentials,shopping,11,"en,ru,fr,ar",,B same name <= 80 m,no-match,,,,,,,,,,,,,,,,,,,
654,fp:938-69,"ביה""ס עירוני ד'",outdoors,sport,11,"en,ru,fr,ar",,B same name <= 80 m,no-match,,,,,,,,,,,,,,,,,,,
676,fp:20234,פלאפל מבורך,food,restaurant,11,"en,ru,fr,ar",,B same name <= 80 m,no-match,,,,,,,,,,,,,,,,,,,
677,fp:4664,חוות הזאבים,essentials,shopping,11,"en,ru,fr,ar",,B same name <= 80 m,no-match,,,,,,,,,,,,,,,,,,,
679,fp:5768,חומוס אביחי,food,restaurant,11,"en,ru,fr,ar",,B same name <= 80 m,no-match,,,,,,,,,,,,,,,,,,,
680,fp:1883,עומר,education,kindergarten,11,"en,ru,fr,ar",,B same name <= 80 m,no-match,,,,,,,,,,,,,,,,,,,
681,fp:1883,קמה,education,kindergarten,11,"en,ru,fr,ar",,B same name <= 80 m,no-match,,,,,,,,,,,,,,,,,,,
322,tlv:943/301,מתקן כושר פתוח,outdoors,pitch,12,"en,ru,fr,ar",,B same name <= 80 m,no-match,,,,,,,,,,,,,,,,,,,
443,osm:node/10784983315,גן ילדים על שם שרה ברוורמן-קניוק,education,kindergarten,12,"en,ru,fr,ar",node/10784983315,B same name <= 80 m,no-match,,,,,,,,,,,,,,,,,,,
461,fp:696-106,צמרת בבלי,outdoors,park,12,"en,ru,fr,ar",,B same name <= 80 m,no-match,,,,,,,,,,,,,,,,,,,
472,tlv:551/388,פרוכטר ככר הקסטל,outdoors,park,12,"en,ru,fr,ar",,B same name <= 80 m,no-match,,,,,,,,,,,,,,,,,,,
480,osm:node/10784983313,דפנה 1 1,outdoors,playground,12,"en,ru,fr,ar",node/10784983313,B same name <= 80 m,no-match,,,,,,,,,,,,,,,,,,,
495,fp:6621,שופרסל,essentials,shopping,12,"en,ru,fr,ar",,B same name <= 80 m,no-match,,,,,,,,,,,,,,,,,,,
532,fp:19829,סופר פראם- מחסן,essentials,pharmacy,12,"en,ru,fr,ar",,B same name <= 80 m,no-match,,,,,,,,,,,,,,,,,,,
544,fp:745-4,בית האמנים,community,culture,12,"en,ru,fr,ar",,B same name <= 80 m,no-match,,,,,,,,,,,,,,,,,,,
545,fp:area-90,כורכר בן נון,outdoors,park,12,"en,ru,fr,ar",,B same name <= 80 m,no-match,,,,,,,,,,,,,,,,,,,
557,tlv:768/245,גן פבו-אשכול-טיולים,education,kindergarten,12,"en,ru,fr,ar",,B same name <= 80 m,no-match,,,,,,,,,,,,,,,,,,,
568,tlv:938/61,"ביה""ס מוריה",outdoors,sport,12,"en,ru,fr,ar",,B same name <= 80 m,no-match,,,,,,,,,,,,,,,,,,,
584,tlv:769/702,"צייטלין עירוני ב-ג -חט""ב",education,school,12,"en,ru,fr,ar",,B same name <= 80 m,no-match,,,,,,,,,,,,,,,,,,,
585,tlv:553/61,מרכז ברודט,community,community,12,"en,ru,fr,ar",,B same name <= 80 m,no-match,,,,,,,,,,,,,,,,,,,
586,tlv:568/84,"ביה""ס צייטלין",community,worship,12,"en,ru,fr,ar",,B same name <= 80 m,no-match,,,,,,,,,,,,,,,,,,,
590,tlv:568/165,היכל אבי דוד,community,worship,12,"en,ru,fr,ar",,B same name <= 80 m,no-match,,,,,,,,,,,,,,,,,,,
595,fp:14572,מלה,food,restaurant,12,"en,ru,fr,ar",,B same name <= 80 m,no-match,,,,,,,,,,,,,,,,,,,
599,fp:1456,יבולישדה אבו מוך עומר,essentials,supermarket,12,"en,ru,fr,ar",,B same name <= 80 m,no-match,,,,,,,,,,,,,,,,,,,
600,fp:1634,גלידה אוטלו,food,cafe,12,"en,ru,fr,ar",,B same name <= 80 m,no-match,,,,,,,,,,,,,,,,,,,
605,fp:8413,אכסנית נוער בני דן,food,restaurant,12,"en,ru,fr,ar",,B same name <= 80 m,no-match,,,,,,,,,,,,,,,,,,,
608,tlv:568/65,אכסניית בני דן,community,worship,12,"en,ru,fr,ar",,B same name <= 80 m,no-match,,,,,,,,,,,,,,,,,,,
616,tlv:568/369,עיריית תל אביב מלאכי השרת,community,worship,12,"en,ru,fr,ar",,B same name <= 80 m,no-match,,,,,,,,,,,,,,,,,,,
623,fp:18540,מאמי,food,restaurant,12,"en,ru,fr,ar",,B same name <= 80 m,no-match,,,,,,,,,,,,,,,,,,,
637,tlv:553/69,מרכז ענב,community,community,12,"en,ru,fr,ar",,B same name <= 80 m,no-match,,,,,,,,,,,,,,,,,,,
641,fp:10711,בוטיק סנטרל,food,restaurant,12,"en,ru,fr,ar",,B same name <= 80 m,no-match,,,,,,,,,,,,,,,,,,,
642,fp:9839,הפי סאן,essentials,supermarket,12,"en,ru,fr,ar",,B same name <= 80 m,no-match,,,,,,,,,,,,,,,,,,,
662,fp:11538,קליית חממה בבזל,food,cafe,12,"en,ru,fr,ar",,B same name <= 80 m,no-match,,,,,,,,,,,,,,,,,,,
663,fp:21179,מחסן מזון,essentials,shopping,12,"en,ru,fr,ar",,B same name <= 80 m,no-match,,,,,,,,,,,,,,,,,,,
664,fp:21710,זה סושי,food,restaurant,12,"en,ru,fr,ar",,B same name <= 80 m,no-match,,,,,,,,,,,,,,,,,,,
665,fp:7239,גיזת הזהב,essentials,shopping,12,"en,ru,fr,ar",,B same name <= 80 m,no-match,,,,,,,,,,,,,,,,,,,
678,fp:565-32,מרפאה כירורגית מרום בזל,health,health,12,"en,ru,fr,ar",,B same name <= 80 m,no-match,,,,,,,,,,,,,,,,,,,
685,fp:563-9,סלע,health,health,12,"en,ru,fr,ar",,B same name <= 80 m,no-match,,,,,,,,,,,,,,,,,,,
686,fp:696-493,קורדובה 10,outdoors,sport,12,"en,ru,fr,ar",,B same name <= 80 m,no-match,,,,,,,,,,,,,,,,,,,
693,fp:13598,מרכז פירות וירקות מואסי,essentials,supermarket,12,"en,ru,fr,ar",,B same name <= 80 m,no-match,,,,,,,,,,,,,,,,,,,
694,fp:16577,בזל בייקרי,food,cafe,12,"en,ru,fr,ar",,B same name <= 80 m,no-match,,,,,,,,,,,,,,,,,,,
695,fp:396,אס אנד אם,essentials,shopping,12,"en,ru,fr,ar",,B same name <= 80 m,no-match,,,,,,,,,,,,,,,,,,,
704,fp:osm-way-149245465,בית דוד,community,worship,12,"en,ru,fr,ar",way/149245465,B same name <= 80 m,no-match,,,,,,,,,,,,,,,,,,,
706,fp:18187,דרגסטור אבן גבירול,essentials,shopping,12,"en,ru,fr,ar",,B same name <= 80 m,no-match,,,,,,,,,,,,,,,,,,,
712,tlv:696/210,ועידת קטוביץ-`בני דן,outdoors,playground,12,"en,ru,fr,ar",,B same name <= 80 m,no-match,,,,,,,,,,,,,,,,,,,
714,fp:961-44,גינת אמסטרדם,community,community,12,"en,ru,fr,ar",,B same name <= 80 m,no-match,,,,,,,,,,,,,,,,,,,
719,fp:osm-node-1717768354,דרגסטור,essentials,supermarket,12,"en,ru,fr,ar",node/1717768354,B same name <= 80 m,no-match,,,,,,,,,,,,,,,,,,,
723,fp:147,שלום,education,kindergarten,12,"en,ru,fr,ar",,B same name <= 80 m,no-match,,,,,,,,,,,,,,,,,,,
724,fp:147,יחד,education,kindergarten,12,"en,ru,fr,ar",,B same name <= 80 m,no-match,,,,,,,,,,,,,,,,,,,
725,fp:5444,טנא,education,kindergarten,12,"en,ru,fr,ar",,B same name <= 80 m,no-match,,,,,,,,,,,,,,,,,,,
726,fp:5444,אדמה,education,kindergarten,12,"en,ru,fr,ar",,B same name <= 80 m,no-match,,,,,,,,,,,,,,,,,,,
730,fp:1116,אטליז רפאלוב,essentials,shopping,12,"en,ru,fr,ar",,B same name <= 80 m,no-match,,,,,,,,,,,,,,,,,,,
731,fp:18396,לחמי,essentials,shopping,12,"en,ru,fr,ar",,B same name <= 80 m,no-match,,,,,,,,,,,,,,,,,,,
732,fp:880,אצל אברמוביץ,essentials,supermarket,12,"en,ru,fr,ar",,B same name <= 80 m,no-match,,,,,,,,,,,,,,,,,,,
742,fp:4815,מרקטו מעדנים,essentials,shopping,12,"en,ru,fr,ar",,B same name <= 80 m,no-match,,,,,,,,,,,,,,,,,,,
762,fp:5341,אל וסינו,food,restaurant,12,"en,ru,fr,ar",,B same name <= 80 m,no-match,,,,,,,,,,,,,,,,,,,
411,tlv:938/23,"ביה""ס היובל",outdoors,sport,13,"en,ru,fr,ar",,B same name <= 80 m,no-match,,,,,,,,,,,,,,,,,,,
458,fp:21670,קפה הקסטל,food,cafe,13,"en,ru,fr,ar",,B same name <= 80 m,no-match,,,,,,,,,,,,,,,,,,,
469,tlv:568/391,"קוממיות ע""ש הרב גורן",community,worship,13,"en,ru,fr,ar",,B same name <= 80 m,no-match,,,,,,,,,,,,,,,,,,,
483,fp:564-68,קסטל,essentials,pharmacy,13,"en,ru,fr,ar",,B same name <= 80 m,no-match,,,,,,,,,,,,,,,,,,,
484,fp:21316,סופר פארם,essentials,pharmacy,13,fr,,B same name <= 80 m,no-match,,,,,,,,,,,,,,,,,,,
505,tlv:943/256,מגרש כדורסל,outdoors,pitch,13,"en,ru,fr,ar",,B same name <= 80 m,no-match,,,,,,,,,,,,,,,,,,,
533,tlv:624/25,"ויצו בי""ח איכילוב",education,daycare,13,"en,ru,fr,ar",,B same name <= 80 m,no-match,,,,,,,,,,,,,,,,,,,
536,fp:10232,מי וינו,essentials,supermarket,13,"en,ru,fr,ar",,B same name <= 80 m,no-match,,,,,,,,,,,,,,,,,,,
542,fp:2973,שביט יבוא יצוא,essentials,shopping,13,"en,ru,fr,ar",,B same name <= 80 m,no-match,,,,,,,,,,,,,,,,,,,
565,tlv:563/20,הדר דפנה,health,clinic,13,"en,ru,fr,ar",,B same name <= 80 m,no-match,,,,,,,,,,,,,,,,,,,
582,tlv:565/29,"מרכז מתדון ת""א-מרפאת אדלסון",health,clinic,13,"en,ru,fr,ar",,B same name <= 80 m,no-match,,,,,,,,,,,,,,,,,,,
591,tlv:769/629,מוריה,education,school,13,"en,ru,fr,ar",,B same name <= 80 m,no-match,,,,,,,,,,,,,,,,,,,
593,tlv:768/372,גן קצא-2-חרוז,education,kindergarten,13,"en,ru,fr,ar",,B same name <= 80 m,no-match,,,,,,,,,,,,,,,,,,,
596,tlv:938/84,"ביה""ס ציטלין",outdoors,sport,13,"en,ru,fr,ar",,B same name <= 80 m,no-match,,,,,,,,,,,,,,,,,,,
597,tlv:624/7,הנקודה היהודית,education,daycare,13,"en,ru,fr,ar",,B same name <= 80 m,no-match,,,,,,,,,,,,,,,,,,,
604,fp:563-15,בן נון,health,health,13,"en,ru,fr,ar",,B same name <= 80 m,no-match,,,,,,,,,,,,,,,,,,,
609,fp:1217,הדובדבן בבזל,essentials,shopping,13,"en,ru,fr,ar",,B same name <= 80 m,no-match,,,,,,,,,,,,,,,,,,,
610,fp:4249,פיצוחי אריה,essentials,shopping,13,"en,ru,fr,ar",,B same name <= 80 m,no-match,,,,,,,,,,,,,,,,,,,
617,fp:4974,"""הצגה שניה""",essentials,shopping,13,"en,ru,fr,ar",,B same name <= 80 m,no-match,,,,,,,,,,,,,,,,,,,
628,fp:5618,שופר סל,essentials,shopping,13,"fr,ar",,B same name <= 80 m,no-match,,,,,,,,,,,,,,,,,,,
644,fp:696-163,זינגר,outdoors,park,13,"ru,fr,ar",,B same name <= 80 m,no-match,,,,,,,,,,,,,,,,,,,
645,osm:way/570658755,גינת היהלומים,outdoors,garden,13,"en,ru,fr,ar",way/570658755,B same name <= 80 m,no-match,,,,,,,,,,,,,,,,,,,
656,fp:20945,ליקר הילינקה בייקרי,essentials,shopping,13,"en,ru,fr,ar",,B same name <= 80 m,no-match,,,,,,,,,,,,,,,,,,,
657,fp:5508,איזי קפה,food,restaurant,13,"en,ru,fr,ar",,B same name <= 80 m,no-match,,,,,,,,,,,,,,,,,,,
675,fp:4310,צפון לה טיגרה,food,restaurant,13,"en,ru,fr,ar",,B same name <= 80 m,no-match,,,,,,,,,,,,,,,,,,,
708,fp:696-241,מלץ,outdoors,park,13,"ru,fr,ar",,B same name <= 80 m,no-match,,,,,,,,,,,,,,,,,,,
713,fp:943-255,מגרש כדורסל,outdoors,sport,13,"en,ru,fr,ar",,B same name <= 80 m,no-match,,,,,,,,,,,,,,,,,,,
720,tlv:764/24,"תחנת רבין, הקו הירוק",transport,tram_stop,13,"ru,fr,ar",,B same name <= 80 m,no-match,,,,,,,,,,,,,,,,,,,
727,tlv:551/100,פארק הירקון,outdoors,park,13,"en,ru,fr,ar",,B same name <= 80 m,no-match,,,,,,,,,,,,,,,,,,,
734,fp:15388,קפה אלקלעי,food,cafe,13,"en,ru,fr,ar",,B same name <= 80 m,no-match,,,,,,,,,,,,,,,,,,,
735,fp:osm-node-11015412152,אתא,essentials,shopping,13,"en,ru,fr,ar",node/11015412152,B same name <= 80 m,no-match,,,,,,,,,,,,,,,,,,,
737,fp:osm-node-11015426607,שוז אנד הוז,essentials,shopping,13,"en,ru,fr,ar",node/11015426607,B same name <= 80 m,no-match,,,,,,,,,,,,,,,,,,,
740,fp:osm-node-11015419125,אריה מכון אודיולוגיה,essentials,shopping,13,"en,ru,fr,ar",node/11015419125,B same name <= 80 m,no-match,,,,,,,,,,,,,,,,,,,
746,fp:13856,ליאתי.לשבת.לקחת.,food,cafe,13,"en,ru,fr,ar",,B same name <= 80 m,no-match,,,,,,,,,,,,,,,,,,,
747,fp:14423,סופר בזל,essentials,supermarket,13,"en,ru,fr,ar",,B same name <= 80 m,no-match,,,,,,,,,,,,,,,,,,,
749,tlv:937/19,גרייט שאייפ,outdoors,gym,13,"en,ru,fr,ar",,B same name <= 80 m,no-match,,,,,,,,,,,,,,,,,,,
752,fp:area-73,גבעת היל,outdoors,park,13,"en,ru,fr,ar",,B same name <= 80 m,no-match,,,,,,,,,,,,,,,,,,,
755,fp:586-55,גינת בני דן,outdoors,dog_park,13,"en,ru,fr,ar",,B same name <= 80 m,no-match,,,,,,,,,,,,,,,,,,,
462,tlv:551/1935,חורשת ספיר,outdoors,park,14,"en,ru,fr,ar",,B same name <= 80 m,no-match,,,,,,,,,,,,,,,,,,,
638,tlv:568/94,בית אל,community,worship,14,"en,ru,fr,ar",,B same name <= 80 m,no-match,,,,,,,,,,,,,,,,,,,
652,tlv:568/433,שלום,community,worship,14,"en,ru,fr,ar",,B same name <= 80 m,no-match,,,,,,,,,,,,,,,,,,,
689,fp:4755,הבסטה שוק בעיר,essentials,supermarket,14,"en,ru,fr,ar",,B same name <= 80 m,no-match,,,,,,,,,,,,,,,,,,,
690,fp:6244,צ'ופ- ארלוזרוב 53,essentials,shopping,14,"en,ru,fr,ar",,B same name <= 80 m,no-match,,,,,,,,,,,,,,,,,,,
707,fp:696-155,ברנדר,outdoors,park,14,"ru,fr,ar",,B same name <= 80 m,no-match,,,,,,,,,,,,,,,,,,,
722,tlv:745/34,מוזיאון תל אביב לאמנות,community,culture,14,"en,ru,fr,ar",,B same name <= 80 m,no-match,,,,,,,,,,,,,,,,,,,
741,fp:13702,הלה,essentials,shopping,14,"en,ru,fr,ar",,B same name <= 80 m,no-match,,,,,,,,,,,,,,,,,,,
756,fp:9195,מכולת בשכונה,essentials,supermarket,14,"en,ru,fr,ar",,B same name <= 80 m,no-match,,,,,,,,,,,,,,,,,,,
772,fp:17706,זינגר פינת המזל,essentials,shopping,14,"en,ru,fr,ar",,B same name <= 80 m,no-match,,,,,,,,,,,,,,,,,,,
782,fp:696-437,ככר היל,outdoors,park,14,"en,ru,fr,ar",,B same name <= 80 m,no-match,,,,,,,,,,,,,,,,,,,
795,fp:11654,"""גרינפלד""",essentials,shopping,14,"en,ru,fr,ar",,B same name <= 80 m,no-match,,,,,,,,,,,,,,,,,,,
796,fp:19596,דוג סטור,essentials,shopping,14,"en,ru,fr,ar",,B same name <= 80 m,no-match,,,,,,,,,,,,,,,,,,,
806,tlv:696/173,גן העיר,outdoors,playground,14,"en,ru,fr,ar",,B same name <= 80 m,no-match,,,,,,,,,,,,,,,,,,,
808,osm:node/11217654480,הג'חנון של דורון,food,fast_food,14,"en,ru,fr,ar",node/11217654480,B same name <= 80 m,no-match,,,,,,,,,,,,,,,,,,,
825,osm:node/11217657479,הפרלמנט,food,fast_food,14,"en,ru,fr,ar",node/11217657479,B same name <= 80 m,no-match,,,,,,,,,,,,,,,,,,,
831,fp:938-32,"ביה""ס אוסישקין",outdoors,sport,14,"en,ru,fr,ar",,B same name <= 80 m,no-match,,,,,,,,,,,,,,,,,,,
845,fp:2212,מכולת- באבא בזל,essentials,supermarket,14,"en,ru,fr,ar",,B same name <= 80 m,no-match,,,,,,,,,,,,,,,,,,,
862,tlv:568/126,בית יעקב יוסף,community,worship,14,"en,ru,fr,ar",,B same name <= 80 m,no-match,,,,,,,,,,,,,,,,,,,
870,fp:29785,עדי,education,kindergarten,14,"en,ru,fr,ar",,B same name <= 80 m,no-match,,,,,,,,,,,,,,,,,,,
871,fp:29785,אמבר,education,kindergarten,14,"en,ru,fr,ar",,B same name <= 80 m,no-match,,,,,,,,,,,,,,,,,,,
872,fp:29785,יהלום,education,kindergarten,14,"en,ru,fr,ar",,B same name <= 80 m,no-match,,,,,,,,,,,,,,,,,,,
873,fp:29785,רביד,education,kindergarten,14,"en,ru,fr,ar",,B same name <= 80 m,no-match,,,,,,,,,,,,,,,,,,,
928,osm:way/30773357,גריזים פ. פקיעין,outdoors,garden,14,"en,ru,fr,ar",way/30773357,B same name <= 80 m,no-match,,,,,,,,,,,,,,,,,,,
994,fp:2036,הוטל דה ויל,food,restaurant,14,"en,ru,fr,ar",,B same name <= 80 m,no-match,,,,,,,,,,,,,,,,,,,
658,fp:area-69,גן גבעת עמל,outdoors,park,15,"en,ru,fr,ar",,B same name <= 80 m,no-match,,,,,,,,,,,,,,,,,,,
698,tlv:624/15,פשוט גן מידטאון,education,daycare,15,"en,ru,fr,ar",,B same name <= 80 m,no-match,,,,,,,,,,,,,,,,,,,
718,tlv:586/26,גן דובנוב,outdoors,dog_park,15,"en,ru,fr,ar",,B same name <= 80 m,no-match,,,,,,,,,,,,,,,,,,,
773,osm:node/2488604312,ספסל,food,cafe,15,"en,ru,fr,ar",node/2488604312,B same name <= 80 m,no-match,,,,,,,,,,,,,,,,,,,
800,fp:937-18,גוף ראשון,outdoors,gym,15,"en,ru,fr,ar",,B same name <= 80 m,no-match,,,,,,,,,,,,,,,,,,,
809,fp:10934,יאיא-קפה,food,restaurant,15,"en,ru,fr,ar",,B same name <= 80 m,no-match,,,,,,,,,,,,,,,,,,,
811,fp:8078,פיצה קיקו,food,cafe,15,"en,ru,fr,ar",,B same name <= 80 m,no-match,,,,,,,,,,,,,,,,,,,
812,fp:938-36,"ביה""ס בבלי",outdoors,sport,15,"en,ru,fr,ar",,B same name <= 80 m,no-match,,,,,,,,,,,,,,,,,,,
817,fp:12826,ילו הירקון,food,restaurant,15,"en,ru,fr,ar",,B same name <= 80 m,no-match,,,,,,,,,,,,,,,,,,,
822,osm:way/395001922,יגאל אלון 165 פינת ערבי נחל,outdoors,dog_park,15,"en,ru,fr,ar",way/395001922,B same name <= 80 m,no-match,,,,,,,,,,,,,,,,,,,
824,tlv:551/104,פארק הירקון,outdoors,park,15,"en,ru,fr,ar",,B same name <= 80 m,no-match,,,,,,,,,,,,,,,,,,,
835,tlv:745/116,תיאטרון הקאמרי,community,culture,15,"en,ru,fr,ar",,B same name <= 80 m,no-match,,,,,,,,,,,,,,,,,,,
846,fp:9304,מינימרקט יעקב,essentials,supermarket,15,"en,ru,fr,ar",,B same name <= 80 m,no-match,,,,,,,,,,,,,,,,,,,
864,tlv:696/391,דבורה ברון,outdoors,playground,15,"en,ru,fr,ar",,B same name <= 80 m,no-match,,,,,,,,,,,,,,,,,,,
874,fp:osm-node-8544693904,לאון פיצפונצ'יק,essentials,shopping,15,"en,ru,fr,ar",node/8544693904,B same name <= 80 m,no-match,,,,,,,,,,,,,,,,,,,
883,tlv:565/35,מדיקליניק-מרכז לרפואה פרטית גולדה,health,clinic,15,"en,ru,fr,ar",,B same name <= 80 m,no-match,,,,,,,,,,,,,,,,,,,
945,fp:696-344,וינר,outdoors,park,15,"en,ru,fr,ar",,B same name <= 80 m,no-match,,,,,,,,,,,,,,,,,,,
981,fp:osm-way-149264326,בית חסידים המרכזי,community,worship,15,"en,ru,fr,ar",way/149264326,B same name <= 80 m,no-match,,,,,,,,,,,,,,,,,,,
986,fp:153,ניצת הדודבן,essentials,supermarket,15,"en,ru,fr,ar",,B same name <= 80 m,no-match,,,,,,,,,,,,,,,,,,,
987,fp:21964,פטביי דיזינגוף,essentials,shopping,15,"en,ru,fr,ar",,B same name <= 80 m,no-match,,,,,,,,,,,,,,,,,,,
988,fp:5970,שושנים,essentials,shopping,15,"en,ru,fr,ar",,B same name <= 80 m,no-match,,,,,,,,,,,,,,,,,,,
996,fp:15442,אבי סופר עיצוב,essentials,shopping,15,"en,ru,fr,ar",,B same name <= 80 m,no-match,,,,,,,,,,,,,,,,,,,
1032,fp:21036,רולדין - דיזנגוף,food,cafe,15,"en,ru,fr,ar",,B same name <= 80 m,no-match,,,,,,,,,,,,,,,,,,,
1034,fp:564-13,תרופה,health,health,15,"en,ru,fr,ar",,B same name <= 80 m,no-match,,,,,,,,,,,,,,,,,,,
1043,fp:20610,ירקרק,education,kindergarten,15,"en,ru,fr,ar",,B same name <= 80 m,no-match,,,,,,,,,,,,,,,,,,,
1044,fp:20610,שני,education,kindergarten,15,"en,ru,fr,ar",,B same name <= 80 m,no-match,,,,,,,,,,,,,,,,,,,
1045,fp:20610,תכול,education,kindergarten,15,"en,ru,fr,ar",,B same name <= 80 m,no-match,,,,,,,,,,,,,,,,,,,
1046,fp:20610,שנהב,education,kindergarten,15,"en,ru,fr,ar",,B same name <= 80 m,no-match,,,,,,,,,,,,,,,,,,,
1047,fp:624-51,נעמת סיגליות,education,daycare,15,"en,ru,fr,ar",,B same name <= 80 m,no-match,,,,,,,,,,,,,,,,,,,
748,tlv:564/77,מידטאון,essentials,pharmacy,16,"en,ru,fr,ar",,B same name <= 80 m,no-match,,,,,,,,,,,,,,,,,,,
788,tlv:938/102,מידטאון,outdoors,sport,16,"en,ru,fr,ar",,B same name <= 80 m,no-match,,,,,,,,,,,,,,,,,,,
804,fp:30601,בבלי-ירושלמי,education,school,16,"en,ru,fr,ar",,B same name <= 80 m,no-match,,,,,,,,,,,,,,,,,,,
819,fp:10069,ברד קלאב,essentials,supermarket,16,"en,ru,fr,ar",,B same name <= 80 m,no-match,,,,,,,,,,,,,,,,,,,
820,fp:553-4,מגיד,community,community,16,"en,ru,fr,ar",,B same name <= 80 m,no-match,,,,,,,,,,,,,,,,,,,
827,fp:624-52,נעמת איילון,education,daycare,16,"en,ru,fr,ar",,B same name <= 80 m,no-match,,,,,,,,,,,,,,,,,,,
828,fp:745-63,מרכז קהילתי מגיד,education,library,16,"en,ru,fr,ar",,B same name <= 80 m,no-match,,,,,,,,,,,,,,,,,,,
833,fp:624-93,ממלכת אור,education,daycare,16,"en,ru,fr,ar",,B same name <= 80 m,no-match,,,,,,,,,,,,,,,,,,,
837,tlv:568/89,אחוה,community,worship,16,"en,ru,fr,ar",,B same name <= 80 m,no-match,,,,,,,,,,,,,,,,,,,
849,tlv:696/484,פאת השולחן,outdoors,playground,16,"en,ru,fr,ar",,B same name <= 80 m,no-match,,,,,,,,,,,,,,,,,,,
880,fp:4812,יהל,education,kindergarten,16,"en,ru,fr,ar",,B same name <= 80 m,no-match,,,,,,,,,,,,,,,,,,,
885,fp:74344,נוה הדר-רווחה,education,school,16,"en,ru,fr,ar",,B same name <= 80 m,no-match,,,,,,,,,,,,,,,,,,,
892,tlv:568/179,היכל מאיר,community,worship,16,"en,ru,fr,ar",,B same name <= 80 m,no-match,,,,,,,,,,,,,,,,,,,
905,tlv:551/2406,שטינמן 5 1,outdoors,park,16,"en,ru,fr,ar",,B same name <= 80 m,no-match,,,,,,,,,,,,,,,,,,,
911,fp:586-39,פארק הירקון,outdoors,dog_park,16,"en,ru,fr,ar",,B same name <= 80 m,no-match,,,,,,,,,,,,,,,,,,,
918,fp:943-266,מגרש כדורסל כפול,outdoors,sport,16,"en,ru,fr,ar",,B same name <= 80 m,no-match,,,,,,,,,,,,,,,,,,,
943,fp:696-324,נצר שרגא ודבורה,outdoors,park,16,"en,ru,fr,ar",,B same name <= 80 m,no-match,,,,,,,,,,,,,,,,,,,
967,fp:586-59,גן וינר,outdoors,dog_park,16,"en,ru,fr,ar",,B same name <= 80 m,no-match,,,,,,,,,,,,,,,,,,,
978,fp:10244,קופי פוינט,food,restaurant,16,"en,ru,fr,ar",,B same name <= 80 m,no-match,,,,,,,,,,,,,,,,,,,
1004,fp:2668,קונדיטוריה גן עדן,food,cafe,16,"en,ru,fr,ar",,B same name <= 80 m,no-match,,,,,,,,,,,,,,,,,,,
1005,fp:466,בראשית,education,kindergarten,16,"en,ru,fr,ar",,B same name <= 80 m,no-match,,,,,,,,,,,,,,,,,,,
1006,fp:466,בריאה,education,kindergarten,16,"en,ru,fr,ar",,B same name <= 80 m,no-match,,,,,,,,,,,,,,,,,,,
1008,tlv:561/15,טיפת חלב דיזינגוף,health,clinic,16,"en,ru,fr,ar",,B same name <= 80 m,no-match,,,,,,,,,,,,,,,,,,,
1014,osm:node/9781187017,בנק דיסקונט,essentials,bank,16,"en,ru,fr,ar",node/9781187017,B same name <= 80 m,no-match,,,,,,,,,,,,,,,,,,,
1048,fp:10336,לה בון פטיסרי,food,restaurant,16,"en,ru,fr,ar",,B same name <= 80 m,no-match,,,,,,,,,,,,,,,,,,,
1049,fp:10717,בריל סיגרים,essentials,shopping,16,"en,ru,fr,ar",,B same name <= 80 m,no-match,,,,,,,,,,,,,,,,,,,
1050,fp:13903,הוטל דה ויל,food,bar,16,"en,ru,fr,ar",,B same name <= 80 m,no-match,,,,,,,,,,,,,,,,,,,
1051,fp:18027,בשמת,essentials,shopping,16,"en,ru,fr,ar",,B same name <= 80 m,no-match,,,,,,,,,,,,,,,,,,,
1053,fp:3658,מיצולוגיה,essentials,shopping,16,"en,ru,fr,ar",,B same name <= 80 m,no-match,,,,,,,,,,,,,,,,,,,
1054,fp:10658,חוד המחט,food,restaurant,16,"en,ru,fr,ar",,B same name <= 80 m,no-match,,,,,,,,,,,,,,,,,,,
1055,fp:20515,ביג פיט,essentials,shopping,16,"en,ru,fr,ar",,B same name <= 80 m,no-match,,,,,,,,,,,,,,,,,,,
1056,fp:osm-node-1065507444,בנק הפועלים,essentials,bank,16,"en,ru,fr,ar",node/1065507444,B same name <= 80 m,no-match,,,,,,,,,,,,,,,,,,,
667,fp:29850,מנדרין,education,kindergarten,17,"en,ru,fr,ar",,B same name <= 80 m,no-match,,,,,,,,,,,,,,,,,,,
668,fp:4888,קלרינט,education,kindergarten,17,"en,ru,fr,ar",,B same name <= 80 m,no-match,,,,,,,,,,,,,,,,,,,
669,fp:8680,מפוחית,education,kindergarten,17,"en,ru,fr,ar",,B same name <= 80 m,no-match,,,,,,,,,,,,,,,,,,,
670,fp:8680,כינור,education,kindergarten,17,"en,ru,fr,ar",,B same name <= 80 m,no-match,,,,,,,,,,,,,,,,,,,
671,fp:98,קסילופון,education,kindergarten,17,"en,ru,fr,ar",,B same name <= 80 m,no-match,,,,,,,,,,,,,,,,,,,
853,fp:29884,עפיפון,education,kindergarten,17,"en,ru,fr,ar",,B same name <= 80 m,no-match,,,,,,,,,,,,,,,,,,,
854,fp:29884,כדור,education,kindergarten,17,"en,ru,fr,ar",,B same name <= 80 m,no-match,,,,,,,,,,,,,,,,,,,
855,fp:29884,קוביות,education,kindergarten,17,"en,ru,fr,ar",,B same name <= 80 m,no-match,,,,,,,,,,,,,,,,,,,
856,fp:29884,מחבואים,education,kindergarten,17,"en,ru,fr,ar",,B same name <= 80 m,no-match,,,,,,,,,,,,,,,,,,,
857,fp:29884,תופסת,education,kindergarten,17,"en,ru,fr,ar",,B same name <= 80 m,no-match,,,,,,,,,,,,,,,,,,,
858,fp:29884,צבעים,education,kindergarten,17,"en,ru,fr,ar",,B same name <= 80 m,no-match,,,,,,,,,,,,,,,,,,,
861,fp:14217,"""קוקיס""",food,restaurant,17,"en,ru,fr,ar",,B same name <= 80 m,no-match,,,,,,,,,,,,,,,,,,,
869,fp:696-244,עוזיאל,outdoors,park,17,"en,ru,fr,ar",,B same name <= 80 m,no-match,,,,,,,,,,,,,,,,,,,
888,fp:938-93,מרכז קהילתי בבלי,outdoors,sport,17,"en,ru,fr,ar",,B same name <= 80 m,no-match,,,,,,,,,,,,,,,,,,,
889,tlv:745/3,בית האופרה,community,culture,17,"en,ru,fr,ar",,B same name <= 80 m,no-match,,,,,,,,,,,,,,,,,,,
897,fp:21783,אדמונד 90210,essentials,shopping,17,"en,ru,fr,ar",,B same name <= 80 m,no-match,,,,,,,,,,,,,,,,,,,
916,fp:943-119,ספורטק צפון - מגרש רוגבי,outdoors,sport,17,"en,ru,fr,ar",,B same name <= 80 m,no-match,,,,,,,,,,,,,,,,,,,
921,tlv:568/263,"ישיבת ""עטרת נחמיה""",community,worship,17,"en,ru,fr,ar",,B same name <= 80 m,no-match,,,,,,,,,,,,,,,,,,,
930,fp:osm-node-8544693910,דומיניק,food,restaurant,17,"en,ru,fr,ar",node/8544693910,B same name <= 80 m,no-match,,,,,,,,,,,,,,,,,,,
934,tlv:696/522,בן גוריון -שדרה,outdoors,playground,17,"en,ru,fr,ar",,B same name <= 80 m,no-match,,,,,,,,,,,,,,,,,,,
941,fp:osm-node-8544796021,סיר פלא,essentials,shopping,17,"en,ru,fr,ar",node/8544796021,B same name <= 80 m,no-match,,,,,,,,,,,,,,,,,,,
947,tlv:551/98,פארק הירקון,outdoors,park,17,"en,ru,fr,ar",,B same name <= 80 m,no-match,,,,,,,,,,,,,,,,,,,
956,fp:osm-node-8544796029,נמש,food,restaurant,17,"en,ru,fr,ar",node/8544796029,B same name <= 80 m,no-match,,,,,,,,,,,,,,,,,,,
972,fp:31920,בבלי ירושלמי - סניף,education,school,17,"en,ru,fr,ar",,B same name <= 80 m,no-match,,,,,,,,,,,,,,,,,,,
1012,fp:11979,בייקרי,food,restaurant,17,"en,ru,fr,ar",,B same name <= 80 m,no-match,,,,,,,,,,,,,,,,,,,
1018,fp:11067,מחסן לעסק בתיק רישוי 6420,food,restaurant,17,"en,ru,fr,ar",,B same name <= 80 m,no-match,,,,,,,,,,,,,,,,,,,
1019,fp:20872,שר המשקאות,food,cafe,17,"en,ru,fr,ar",,B same name <= 80 m,no-match,,,,,,,,,,,,,,,,,,,
1020,fp:21734,אורבן פט טי אל וי,essentials,shopping,17,"en,ru,fr,ar",,B same name <= 80 m,no-match,,,,,,,,,,,,,,,,,,,
1041,fp:696-50,אוסישקין 11,outdoors,sport,17,"en,ru,fr,ar",,B same name <= 80 m,no-match,,,,,,,,,,,,,,,,,,,
1075,fp:10018,אוריג'ם קפה,food,restaurant,17,"en,ru,fr,ar",,B same name <= 80 m,no-match,,,,,,,,,,,,,,,,,,,
1076,fp:19001,שי לחובר תכשיטים,essentials,shopping,17,"en,ru,fr,ar",,B same name <= 80 m,no-match,,,,,,,,,,,,,,,,,,,
1077,fp:8,לחם תושיה,essentials,shopping,17,"en,ru,fr,ar",,B same name <= 80 m,no-match,,,,,,,,,,,,,,,,,,,
1078,fp:1101,בית אלאיה,food,cafe,17,"en,ru,fr,ar",,B same name <= 80 m,no-match,,,,,,,,,,,,,,,,,,,
1079,fp:1252,מן השדה,essentials,supermarket,17,"en,ru,fr,ar",,B same name <= 80 m,no-match,,,,,,,,,,,,,,,,,,,
1083,fp:18684,טיבטעם רשתות,essentials,shopping,17,"fr,ar",,B same name <= 80 m,no-match,,,,,,,,,,,,,,,,,,,
1085,fp:700,קיוסק מנשה,essentials,shopping,17,"en,ru,fr,ar",,B same name <= 80 m,no-match,,,,,,,,,,,,,,,,,,,
1093,tlv:568/170,היכל הסופר,community,worship,17,"en,ru,fr,ar",,B same name <= 80 m,no-match,,,,,,,,,,,,,,,,,,,
1118,tlv:551/93,פארק הירקון,outdoors,park,17,"en,ru,fr,ar",,B same name <= 80 m,no-match,,,,,,,,,,,,,,,,,,,
1184,fp:696-213,קהילת קנדה,outdoors,park,17,"en,ru,fr,ar",,B same name <= 80 m,no-match,,,,,,,,,,,,,,,,,,,
1190,osm:way/30781052,גן טורונטו,outdoors,garden,17,"en,ru,fr,ar",way/30781052,B same name <= 80 m,no-match,,,,,,,,,,,,,,,,,,,
1195,fp:696-197,ארלוזרוב 17,outdoors,sport,17,"en,ru,fr,ar",,B same name <= 80 m,no-match,,,,,,,,,,,,,,,,,,,
881,fp:938-22,"ביה""ס גרץ",outdoors,sport,18,"en,ru,fr,ar",,B same name <= 80 m,no-match,,,,,,,,,,,,,,,,,,,
902,fp:696-272,בבלי-שלוחה הרב ניסים,education,school,18,"en,ru,fr,ar",,B same name <= 80 m,no-match,,,,,,,,,,,,,,,,,,,
913,fp:8725,קיוסק כל בו הנרי,essentials,shopping,18,"en,ru,fr,ar",,B same name <= 80 m,no-match,,,,,,,,,,,,,,,,,,,
923,fp:10870,האחים בבלי,essentials,supermarket,18,"en,ru,fr,ar",,B same name <= 80 m,no-match,,,,,,,,,,,,,,,,,,,
924,fp:943-238,כדורסל,outdoors,sport,18,"en,ru,fr,ar",,B same name <= 80 m,no-match,,,,,,,,,,,,,,,,,,,
929,tlv:568/374,נחלת שרה,community,worship,18,"en,ru,fr,ar",,B same name <= 80 m,no-match,,,,,,,,,,,,,,,,,,,
958,tlv:553/74,סלון דובנוב,community,community,18,"en,ru,fr,ar",,B same name <= 80 m,no-match,,,,,,,,,,,,,,,,,,,
966,tlv:745/33,"הספרייה ע""ש יאיר השולמי - נחלת יצחק",community,culture,18,"en,ru,fr,ar",,B same name <= 80 m,no-match,,,,,,,,,,,,,,,,,,,
970,tlv:768/330,גן קנא-סנפיר,education,kindergarten,18,"en,ru,fr,ar",,B same name <= 80 m,no-match,,,,,,,,,,,,,,,,,,,
976,tlv:568/90,בית אברהם - וואסלוי,community,worship,18,"en,ru,fr,ar",,B same name <= 80 m,no-match,,,,,,,,,,,,,,,,,,,
991,fp:area-123,מרחב גינות גדס,outdoors,park,18,"en,ru,fr,ar",,B same name <= 80 m,no-match,,,,,,,,,,,,,,,,,,,
999,osm:node/12529010376,האם,outdoors,playground,18,"en,ru,fr,ar",node/12529010376,B same name <= 80 m,no-match,,,,,,,,,,,,,,,,,,,
1027,fp:20772,סופר פארם,essentials,pharmacy,18,"en,ru,fr,ar",,B same name <= 80 m,no-match,,,,,,,,,,,,,,,,,,,
1035,fp:9679,נאטסטיישן,essentials,supermarket,18,"en,ru,fr,ar",,B same name <= 80 m,no-match,,,,,,,,,,,,,,,,,,,
1037,fp:20677,נורדאו 31,food,restaurant,18,"en,ru,fr,ar",,B same name <= 80 m,no-match,,,,,,,,,,,,,,,,,,,
1040,fp:13411,בבקה,essentials,supermarket,18,"en,ru,fr,ar",,B same name <= 80 m,no-match,,,,,,,,,,,,,,,,,,,
1052,fp:1910,ברוקלין,food,cafe,18,"en,ru,fr,ar",,B same name <= 80 m,no-match,,,,,,,,,,,,,,,,,,,
1058,fp:12920,שייק פרי בר,essentials,shopping,18,"en,ru,fr,ar",,B same name <= 80 m,no-match,,,,,,,,,,,,,,,,,,,
1059,fp:12970,סוסקה,essentials,shopping,18,"en,ru,fr,ar",,B same name <= 80 m,no-match,,,,,,,,,,,,,,,,,,,
1067,tlv:766/15,"תחנת דיזנגוף, הקו הסגול",transport,tram_stop,18,"ru,fr,ar",,B same name <= 80 m,no-match,,,,,,,,,,,,,,,,,,,
1080,fp:20359,פורטונה,food,cafe,18,"en,ru,fr,ar",,B same name <= 80 m,no-match,,,,,,,,,,,,,,,,,,,
1081,fp:491,קפה קיוסק,food,restaurant,18,"en,ru,fr,ar",,B same name <= 80 m,no-match,,,,,,,,,,,,,,,,,,,
1084,fp:3116,סופר יודה,essentials,shopping,18,"en,ru,fr,ar",,B same name <= 80 m,no-match,,,,,,,,,,,,,,,,,,,
1094,fp:19892,נולה דיזנגוף,food,restaurant,18,"en,ru,fr,ar",,B same name <= 80 m,no-match,,,,,,,,,,,,,,,,,,,
1100,fp:9237,קריתי יובל,essentials,shopping,18,"en,ru,fr,ar",,B same name <= 80 m,no-match,,,,,,,,,,,,,,,,,,,
1102,fp:10205,דיזי שופ,essentials,shopping,18,"en,ru,fr,ar",,B same name <= 80 m,no-match,,,,,,,,,,,,,,,,,,,
1103,fp:2671,מזנון נדב,food,restaurant,18,"en,ru,fr,ar",,B same name <= 80 m,no-match,,,,,,,,,,,,,,,,,,,
1112,tlv:768/54,גן ה-סלסלי כסף,education,kindergarten,18,"en,ru,fr,ar",,B same name <= 80 m,no-match,,,,,,,,,,,,,,,,,,,
1113,tlv:551/326,פארק הירקון,outdoors,park,18,"en,ru,fr,ar",,B same name <= 80 m,no-match,,,,,,,,,,,,,,,,,,,
1114,fp:5051,עוף בגריל,essentials,shopping,18,"en,ru,fr,ar",,B same name <= 80 m,no-match,,,,,,,,,,,,,,,,,,,
1116,fp:19789,נורדר,food,restaurant,18,"en,ru,fr,ar",,B same name <= 80 m,no-match,,,,,,,,,,,,,,,,,,,
1119,fp:4000,בוסט,food,cafe,18,"en,ru,fr,ar",,B same name <= 80 m,no-match,,,,,,,,,,,,,,,,,,,
1120,fp:4610,אי אם פי אם,essentials,supermarket,18,"en,ru,fr,ar",,B same name <= 80 m,no-match,,,,,,,,,,,,,,,,,,,
1122,fp:10073,אלמה מרקט,essentials,shopping,18,"en,ru,fr,ar",,B same name <= 80 m,no-match,,,,,,,,,,,,,,,,,,,
1128,tlv:568/145,בנימין שמש,community,worship,18,"en,ru,fr,ar",,B same name <= 80 m,no-match,,,,,,,,,,,,,,,,,,,
1134,tlv:568/474,תפארת צבי,community,worship,18,"en,ru,fr,ar",,B same name <= 80 m,no-match,,,,,,,,,,,,,,,,,,,
1141,fp:926,המקום של חני,essentials,shopping,18,"en,ru,fr,ar",,B same name <= 80 m,no-match,,,,,,,,,,,,,,,,,,,
1170,fp:13482,מיץ,essentials,shopping,18,"en,ru,fr,ar",,B same name <= 80 m,no-match,,,,,,,,,,,,,,,,,,,
802,fp:4911,ילדי האור,education,kindergarten,19,"en,ru,fr,ar",,B same name <= 80 m,no-match,,,,,,,,,,,,,,,,,,,
840,fp:5332,קוקיס,essentials,shopping,19,"en,ru,fr,ar",,B same name <= 80 m,no-match,,,,,,,,,,,,,,,,,,,
841,fp:6531,קפה בבלי,food,restaurant,19,"en,ru,fr,ar",,B same name <= 80 m,no-match,,,,,,,,,,,,,,,,,,,
842,fp:6900,ירקות בבלי,essentials,supermarket,19,"en,ru,fr,ar",,B same name <= 80 m,no-match,,,,,,,,,,,,,,,,,,,
843,fp:8761,קפה דקל,essentials,shopping,19,"en,ru,fr,ar",,B same name <= 80 m,no-match,,,,,,,,,,,,,,,,,,,
860,fp:30510,גרץ,education,school,19,"ru,fr,ar",,B same name <= 80 m,no-match,,,,,,,,,,,,,,,,,,,
886,tlv:768/111,גן כה-מפל,education,kindergarten,19,"en,ru,fr,ar",,B same name <= 80 m,no-match,,,,,,,,,,,,,,,,,,,
909,fp:943-351,ספורטק צפון,outdoors,sport,19,"en,ru,fr,ar",,B same name <= 80 m,no-match,,,,,,,,,,,,,,,,,,,
910,tlv:768/558,גן רתר-אשכול-תוכי,education,kindergarten,19,"en,ru,fr,ar",,B same name <= 80 m,no-match,,,,,,,,,,,,,,,,,,,
940,osm:way/246390797,ספרייה עירונית על שם יאיר השולמי,education,library,19,"en,ru,fr,ar",way/246390797,B same name <= 80 m,no-match,,,,,,,,,,,,,,,,,,,
944,tlv:624/18,פשוט גן נחלת יצחק,education,daycare,19,"en,ru,fr,ar",,B same name <= 80 m,no-match,,,,,,,,,,,,,,,,,,,
974,fp:57,ירקון - מועדון השייטים,outdoors,sport,19,"en,ru,fr,ar",,B same name <= 80 m,no-match,,,,,,,,,,,,,,,,,,,
1028,fp:696-79,גימפל,outdoors,park,19,"en,ru,fr,ar",,B same name <= 80 m,no-match,,,,,,,,,,,,,,,,,,,
1030,tlv:696/432,בן גוריון 6 5-פינת מ,outdoors,playground,19,"en,ru,fr,ar",,B same name <= 80 m,no-match,,,,,,,,,,,,,,,,,,,
1069,fp:3171,רובע,food,cafe,19,"ru,fr,ar",,B same name <= 80 m,no-match,,,,,,,,,,,,,,,,,,,
1089,fp:osm-node-5055537334,דיזנגוף מחשבים,essentials,shopping,19,"en,ru,fr,ar",node/5055537334,B same name <= 80 m,no-match,,,,,,,,,,,,,,,,,,,
1105,fp:20248,"ק.אהרוני יזמות וניהול בע""",food,restaurant,19,"en,ru,fr,ar",,B same name <= 80 m,no-match,,,,,,,,,,,,,,,,,,,
1108,fp:16096,פיצה פרגו,essentials,shopping,19,"en,ru,fr,ar",,B same name <= 80 m,no-match,,,,,,,,,,,,,,,,,,,
1124,fp:626,בן אנד ג'ריס,food,cafe,19,"en,ru,fr,ar",,B same name <= 80 m,no-match,,,,,,,,,,,,,,,,,,,
1125,fp:10655,דיזנגוף 182,essentials,supermarket,19,"en,ru,fr,ar",,B same name <= 80 m,no-match,,,,,,,,,,,,,,,,,,,
1129,fp:2024,קפה קשטן,food,restaurant,19,"en,ru,fr,ar",,B same name <= 80 m,no-match,,,,,,,,,,,,,,,,,,,
1133,osm:node/5288387221,הגלגל של שרדר,food,fast_food,19,"en,ru,fr,ar",node/5288387221,B same name <= 80 m,no-match,,,,,,,,,,,,,,,,,,,
1152,fp:800,בית קפה,food,cafe,19,"en,ru,fr,ar",,B same name <= 80 m,no-match,,,,,,,,,,,,,,,,,,,
1158,tlv:551/349,שטינמן עוזיאל,outdoors,park,19,"en,ru,fr,ar",,B same name <= 80 m,no-match,,,,,,,,,,,,,,,,,,,
1162,tlv:768/9,גן א-הגן הצהוב,education,kindergarten,19,"en,ru,fr,ar",,B same name <= 80 m,no-match,,,,,,,,,,,,,,,,,,,
1163,fp:10514,גסטון,food,restaurant,19,"en,ru,fr,ar",,B same name <= 80 m,no-match,,,,,,,,,,,,,,,,,,,
1164,fp:16975,קיוסק עדן,essentials,shopping,19,"en,ru,fr,ar",,B same name <= 80 m,no-match,,,,,,,,,,,,,,,,,,,
1165,tlv:768/13,גן רלכ חבד ממח-רלכ,education,kindergarten,19,"en,ru,fr,ar",,B same name <= 80 m,no-match,,,,,,,,,,,,,,,,,,,
1166,tlv:568/227,"חזון אליהו ישורון - ישיבת חב""ד",community,worship,19,"en,ru,fr,ar",,B same name <= 80 m,no-match,,,,,,,,,,,,,,,,,,,
1168,osm:way/842380484,"ח""ן -שדרה",outdoors,park,19,"en,ru,fr,ar",way/842380484,B same name <= 80 m,no-match,,,,,,,,,,,,,,,,,,,
1173,fp:21546,דולסה,essentials,shopping,19,"en,ru,fr,ar",,B same name <= 80 m,no-match,,,,,,,,,,,,,,,,,,,
1194,tlv:563/11,אהרונוב,health,clinic,19,"en,ru,fr,ar",,B same name <= 80 m,no-match,,,,,,,,,,,,,,,,,,,
1211,fp:22008,בייבי אייס,essentials,supermarket,19,"en,ru,fr,ar",,B same name <= 80 m,no-match,,,,,,,,,,,,,,,,,,,
1228,fp:7380,תפוח 2000,essentials,supermarket,19,"en,ru,fr,ar",,B same name <= 80 m,no-match,,,,,,,,,,,,,,,,,,,
1232,tlv:568/206,הפועל המזרחי,community,worship,19,"en,ru,fr,ar",,B same name <= 80 m,no-match,,,,,,,,,,,,,,,,,,,
1233,osm:node/9392521640,ברוקלין קינג גיורגי,food,fast_food,19,"en,ru,fr,ar",node/9392521640,B same name <= 80 m,no-match,,,,,,,,,,,,,,,,,,,
850,fp:943-320,משטח גלגיליות,outdoors,sport,20,"en,ru,fr,ar",,B same name <= 80 m,no-match,,,,,,,,,,,,,,,,,,,
904,fp:943-118,ספורטק צפון מגרש מערבי,outdoors,sport,20,"en,ru,fr,ar",,B same name <= 80 m,no-match,,,,,,,,,,,,,,,,,,,
919,osm:node/13725354463,מר. פרצל,food,fast_food,20,"en,ru,fr,ar",node/13725354463,B same name <= 80 m,no-match,,,,,,,,,,,,,,,,,,,
935,osm:node/13725354483,בנק מרכנתיל,essentials,bank,20,"en,ru,fr,ar",node/13725354483,B same name <= 80 m,no-match,,,,,,,,,,,,,,,,,,,
949,fp:osm-node-1386295709,ספריית חרוזים,education,library,20,"en,ru,fr,ar",node/1386295709,B same name <= 80 m,no-match,,,,,,,,,,,,,,,,,,,
957,fp:osm-node-9814418707,מרכז קהילתי שכונת חרוזים,community,community,20,"en,ru,fr,ar",node/9814418707,B same name <= 80 m,no-match,,,,,,,,,,,,,,,,,,,
962,fp:osm-node-9774956345,מיניכל אמיר,essentials,supermarket,20,"en,ru,fr,ar",node/9774956345,B same name <= 80 m,no-match,,,,,,,,,,,,,,,,,,,
1096,osm:node/2534429453,בוצ`קו חיים,outdoors,playground,20,"en,ru,fr,ar",node/2534429453,B same name <= 80 m,no-match,,,,,,,,,,,,,,,,,,,
1123,fp:624-14,ילדימות,education,daycare,20,"en,ru,fr,ar",,B same name <= 80 m,no-match,,,,,,,,,,,,,,,,,,,
1137,fp:8016,שיא התכשיט,essentials,shopping,20,"en,ru,fr,ar",,B same name <= 80 m,no-match,,,,,,,,,,,,,,,,,,,
1139,fp:10168,ג.פ.ר.מ,essentials,shopping,20,"en,ru,fr,ar",,B same name <= 80 m,no-match,,,,,,,,,,,,,,,,,,,
1142,fp:563-14,בבלי,health,health,20,"en,ru,fr,ar",,B same name <= 80 m,no-match,,,,,,,,,,,,,,,,,,,
1144,fp:9786,צוקי,food,bar,20,"ru,fr,ar",,B same name <= 80 m,no-match,,,,,,,,,,,,,,,,,,,
1155,tlv:551/95,פארק הירקון,outdoors,park,20,"en,ru,fr,ar",,B same name <= 80 m,no-match,,,,,,,,,,,,,,,,,,,
1175,fp:10930,אלמה מרקט,essentials,supermarket,20,"en,ru,fr,ar",,B same name <= 80 m,no-match,,,,,,,,,,,,,,,,,,,
1181,osm:node/7043068218,מאפיית הדקל,essentials,bakery,20,"en,ru,fr,ar",node/7043068218,B same name <= 80 m,no-match,,,,,,,,,,,,,,,,,,,
1183,tlv:768/555,גן רשנ-השראה,education,kindergarten,20,"en,ru,fr,ar",,B same name <= 80 m,no-match,,,,,,,,,,,,,,,,,,,
1185,fp:18119,בר,education,kindergarten,20,"en,ru,fr,ar",,B same name <= 80 m,no-match,,,,,,,,,,,,,,,,,,,
1186,fp:18119,דבש,education,kindergarten,20,"en,ru,fr,ar",,B same name <= 80 m,no-match,,,,,,,,,,,,,,,,,,,
1191,fp:19883,לה לזניה,food,cafe,20,"en,ru,fr,ar",,B same name <= 80 m,no-match,,,,,,,,,,,,,,,,,,,
1192,fp:8218,זותא פיצה,food,restaurant,20,"en,ru,fr,ar",,B same name <= 80 m,no-match,,,,,,,,,,,,,,,,,,,
1203,fp:5926,יאפא כנאפה,food,restaurant,20,"en,ru,fr,ar",,B same name <= 80 m,no-match,,,,,,,,,,,,,,,,,,,
1206,osm:node/9399784536,גוטליב,outdoors,playground,20,"en,ru,fr,ar",node/9399784536,B same name <= 80 m,no-match,,,,,,,,,,,,,,,,,,,
1208,fp:12182,אובל,essentials,shopping,20,"en,ru,fr,ar",,B same name <= 80 m,no-match,,,,,,,,,,,,,,,,,,,
1209,fp:13929,סזאם,essentials,shopping,20,"en,ru,fr,ar",,B same name <= 80 m,no-match,,,,,,,,,,,,,,,,,,,
1212,osm:node/7524489151,דובנוב 8,food,cafe,20,"en,ru,fr,ar",node/7524489151,B same name <= 80 m,no-match,,,,,,,,,,,,,,,,,,,
1215,tlv:568/386,"קהילתי - חב""ד",community,worship,20,"en,ru,fr,ar",,B same name <= 80 m,no-match,,,,,,,,,,,,,,,,,,,
1235,tlv:696/76,ג`רי פנסר,outdoors,playground,20,"en,ru,fr,ar",,B same name <= 80 m,no-match,,,,,,,,,,,,,,,,,,,
1244,tlv:553/65,תא תרבות דה וינצ'י,community,community,20,"en,ru,fr,ar",,B same name <= 80 m,no-match,,,,,,,,,,,,,,,,,,,
790,fp:area-59,נחל ירקון מקטע ספורטק,outdoors,park,21,"en,ru,fr,ar",,B same name <= 80 m,no-match,,,,,,,,,,,,,,,,,,,
894,osm:node/10171136188,חומוס המעיין,food,restaurant,21,"en,ru,fr,ar",node/10171136188,B same name <= 80 m,no-match,,,,,,,,,,,,,,,,,,,
977,fp:osm-node-9107204762,מינימרקט רווחה,essentials,supermarket,21,"en,ru,fr,ar",node/9107204762,B same name <= 80 m,no-match,,,,,,,,,,,,,,,,,,,
1016,fp:osm-node-8547489731,זמיר טריקים,essentials,shopping,21,"en,ru,fr,ar",node/8547489731,B same name <= 80 m,no-match,,,,,,,,,,,,,,,,,,,
1024,fp:osm-node-8518709287,מהשדה,essentials,supermarket,21,"en,ru,fr,ar",node/8518709287,B same name <= 80 m,no-match,,,,,,,,,,,,,,,,,,,
1092,osm:node/10794735786,כספומט בנק הפועלים,essentials,atm,21,"en,ru,fr,ar",node/10794735786,B same name <= 80 m,no-match,,,,,,,,,,,,,,,,,,,
1159,fp:18285,מכון כושר וסאונה יבשה,outdoors,gym,21,"en,ru,fr,ar",,B same name <= 80 m,no-match,,,,,,,,,,,,,,,,,,,
1171,fp:5746,איחולים בפרחים,essentials,shopping,21,"en,ru,fr,ar",,B same name <= 80 m,no-match,,,,,,,,,,,,,,,,,,,
1199,fp:943-91,רוקח 4,outdoors,sport,21,"en,ru,fr,ar",,B same name <= 80 m,no-match,,,,,,,,,,,,,,,,,,,
1216,fp:5819,תירוש,education,kindergarten,21,"en,ru,fr,ar",,B same name <= 80 m,no-match,,,,,,,,,,,,,,,,,,,
1217,fp:5819,עלווה,education,kindergarten,21,"en,ru,fr,ar",,B same name <= 80 m,no-match,,,,,,,,,,,,,,,,,,,
1223,fp:11375,וולאנה בריאות,food,restaurant,21,"ru,fr,ar",,B same name <= 80 m,no-match,,,,,,,,,,,,,,,,,,,
1224,fp:7629,איי לאב קאפקייק,food,cafe,21,"en,ru,fr,ar",,B same name <= 80 m,no-match,,,,,,,,,,,,,,,,,,,
1227,fp:12871,אלקנה ציפורה,essentials,shopping,21,"en,ru,fr,ar",,B same name <= 80 m,no-match,,,,,,,,,,,,,,,,,,,
1236,tlv:568/7,אהבת אחים,community,worship,21,"en,ru,fr,ar",,B same name <= 80 m,no-match,,,,,,,,,,,,,,,,,,,
1242,fp:624-8,"מונטסורי, שטיינמן",education,daycare,21,"en,ru,fr,ar",,B same name <= 80 m,no-match,,,,,,,,,,,,,,,,,,,
867,fp:943-114,ספורטק צפון מגרש מזרחי,outdoors,sport,22,"en,ru,fr,ar",,B same name <= 80 m,no-match,,,,,,,,,,,,,,,,,,,
878,tlv:551/336,פארק הירקון,outdoors,park,22,"en,ru,fr,ar",,B same name <= 80 m,no-match,,,,,,,,,,,,,,,,,,,
925,fp:943-364,ספורטק צפון,outdoors,sport,22,"en,ru,fr,ar",,B same name <= 80 m,no-match,,,,,,,,,,,,,,,,,,,
1022,osm:node/4159749096,בורגראנץ',food,fast_food,22,"en,ru,fr,ar",node/4159749096,B same name <= 80 m,no-match,,,,,,,,,,,,,,,,,,,
1062,osm:way/305121132,בריכת גני אלרם,outdoors,swimming_pool,22,"en,ru,fr,ar",way/305121132,B same name <= 80 m,no-match,,,,,,,,,,,,,,,,,,,
1065,osm:node/12635329114,אושי אושי,food,restaurant,22,"en,ru,fr,ar",node/12635329114,B same name <= 80 m,no-match,,,,,,,,,,,,,,,,,,,
1097,fp:osm-way-503577270,מרכז קהילתי חרוזים,community,community,22,"en,ru,fr,ar",way/503577270,B same name <= 80 m,no-match,,,,,,,,,,,,,,,,,,,
1135,osm:node/13725354480,עיניים,health,clinic,22,"en,ru,fr,ar",node/13725354480,B same name <= 80 m,no-match,,,,,,,,,,,,,,,,,,,
1138,osm:node/6679646842,שווארמה נחלת יצחק,food,fast_food,22,"en,ru,fr,ar",node/6679646842,B same name <= 80 m,no-match,,,,,,,,,,,,,,,,,,,
1149,osm:node/14179978225,נחלה בית אוכל ישראלי,food,restaurant,22,"en,ru,fr,ar",node/14179978225,B same name <= 80 m,no-match,,,,,,,,,,,,,,,,,,,
1197,fp:osm-node-8544693899,סל סיטי מרקט,essentials,supermarket,22,"en,ru,fr,ar",node/8544693899,B same name <= 80 m,no-match,,,,,,,,,,,,,,,,,,,
1237,fp:55,ירקון - מרכז דניאל לחתירה,outdoors,sport,22,"en,ru,fr,ar",,B same name <= 80 m,no-match,,,,,,,,,,,,,,,,,,,
1090,osm:node/6679633918,ג'וליאן תחנת המזל,essentials,convenience,23,"en,ru,fr,ar",node/6679633918,B same name <= 80 m,no-match,,,,,,,,,,,,,,,,,,,
1143,tlv:937/22,הולמס פלייס עזריאלי,outdoors,gym,23,"en,ru,fr,ar",,B same name <= 80 m,no-match,,,,,,,,,,,,,,,,,,,
1220,fp:osm-way-157379036,זכרון קדושים,community,worship,23,"en,ru,fr,ar",way/157379036,B same name <= 80 m,no-match,,,,,,,,,,,,,,,,,,,
