{"type":"FeatureCollection","schemaVersion":"2.0.0","snapshotId":"north-tlv-discovery-v2","scope":{"purpose":"local_discovery_overlay","publicationMode":"embedded_only","createsPublicRoutes":false,"bbox":[34.76821,32.08446,34.82813,32.13631],"locales":["he","en","ar","fr","ru"],"categories":[{"key":"cafe","color":"#0f766e","label":{"he":"בתי קפה","en":"Cafes","ar":"مقاهي","fr":"Cafés","ru":"Кафе"}},{"key":"restaurant","color":"#b45309","label":{"he":"מסעדות","en":"Restaurants","ar":"مطاعم","fr":"Restaurants","ru":"Рестораны"}},{"key":"bar","color":"#6d28d9","label":{"he":"ברים וחיי לילה","en":"Bars and nightlife","ar":"حانات وحياة ليلية","fr":"Bars et vie nocturne","ru":"Бары и ночная жизнь"}},{"key":"hotel","color":"#be185d","label":{"he":"מלונות","en":"Hotels","ar":"فنادق","fr":"Hôtels","ru":"Отели"}},{"key":"beach","color":"#0369a1","label":{"he":"חופים","en":"Beaches","ar":"شواطئ","fr":"Plages","ru":"Пляжи"}},{"key":"gym","color":"#dc2626","label":{"he":"חדרי כושר","en":"Gyms","ar":"صالات رياضية","fr":"Salles de sport","ru":"Фитнес-залы"}},{"key":"wellness","color":"#db2777","label":{"he":"יופי ווולנס","en":"Beauty and wellness","ar":"تجميل وعافية","fr":"Beauté et bien-être","ru":"Красота и велнес"}},{"key":"sport","color":"#ea580c","label":{"he":"ספורט ובריכות","en":"Sports and pools","ar":"رياضة ومسابح","fr":"Sport et piscines","ru":"Спорт и бассейны"}},{"key":"park","color":"#15803d","label":{"he":"פארקים וגינות","en":"Parks and gardens","ar":"حدائق","fr":"Parcs et jardins","ru":"Парки и сады"}},{"key":"playground","color":"#65a30d","label":{"he":"גני משחקים","en":"Playgrounds","ar":"ملاعب أطفال","fr":"Aires de jeux","ru":"Детские площадки"}},{"key":"dog_park","color":"#4d7c0f","label":{"he":"גינות כלבים","en":"Dog parks","ar":"حدائق كلاب","fr":"Parcs à chiens","ru":"Площадки для собак"}},{"key":"supermarket","color":"#a16207","label":{"he":"סופרים ומכולות","en":"Supermarkets and groceries","ar":"سوبرماركت وبقالة","fr":"Supermarchés et épiceries","ru":"Супермаркеты и магазины"}},{"key":"bakery","color":"#c2410c","label":{"he":"מאפיות","en":"Bakeries","ar":"مخابز","fr":"Boulangeries","ru":"Пекарни"}},{"key":"shopping","color":"#7c3aed","label":{"he":"חנויות","en":"Shops","ar":"متاجر","fr":"Boutiques","ru":"Магазины"}},{"key":"pharmacy","color":"#059669","label":{"he":"בתי מרקחת","en":"Pharmacies","ar":"صيدليات","fr":"Pharmacies","ru":"Аптеки"}},{"key":"health","color":"#0891b2","label":{"he":"מרפאות ובריאות","en":"Clinics and health","ar":"عيادات وصحة","fr":"Cliniques et santé","ru":"Клиники и здоровье"}},{"key":"school","color":"#1d4ed8","label":{"he":"בתי ספר","en":"Schools","ar":"مدارس","fr":"Écoles","ru":"Школы"}},{"key":"kindergarten","color":"#2563eb","label":{"he":"גני ילדים","en":"Kindergartens","ar":"رياض أطفال","fr":"Jardins d'enfants","ru":"Детские сады"}},{"key":"daycare","color":"#3b82f6","label":{"he":"מעונות יום","en":"Daycare","ar":"حضانات","fr":"Crèches","ru":"Ясли"}},{"key":"culture","color":"#9333ea","label":{"he":"תרבות ומוזיאונים","en":"Culture and museums","ar":"ثقافة ومتاحف","fr":"Culture et musées","ru":"Культура и музеи"}},{"key":"library","color":"#7e22ce","label":{"he":"ספריות","en":"Libraries","ar":"مكتبات","fr":"Bibliothèques","ru":"Библиотеки"}},{"key":"community","color":"#0d9488","label":{"he":"מרכזים קהילתיים","en":"Community centers","ar":"مراكز جماهيرية","fr":"Centres communautaires","ru":"Общинные центры"}},{"key":"worship","color":"#4b5563","label":{"he":"בתי כנסת ותפילה","en":"Places of worship","ar":"أماكن عبادة","fr":"Lieux de culte","ru":"Места молитвы"}},{"key":"lrt_station","color":"#16a34a","label":{"he":"תחנות הקו הירוק","en":"Green Line stations","ar":"محطات الخط الأخضر","fr":"Stations de la ligne verte","ru":"Станции зелёной линии"}},{"key":"transit_stop","color":"#475569","label":{"he":"תחנות אוטובוס","en":"Bus stops","ar":"محطات حافلات","fr":"Arrêts de bus","ru":"Автобусные остановки"}},{"key":"bike","color":"#0e7490","label":{"he":"אופניים","en":"Bike rental","ar":"دراجات","fr":"Vélos","ru":"Велосипеды"}},{"key":"parking","color":"#64748b","label":{"he":"חניה","en":"Parking","ar":"مواقف","fr":"Parking","ru":"Парковка"}},{"key":"bank","color":"#334155","label":{"he":"בנקים","en":"Banks","ar":"بنوك","fr":"Banques","ru":"Банки"}},{"key":"construction","color":"#df6b4d","label":{"he":"בנייה ופרויקטים","en":"Construction and projects","ar":"بناء ومشاريع","fr":"Chantiers et projets","ru":"Стройки и проекты"}}]},"updatePolicy":{"cadence":"weekly","refreshMode":"rebuild_from_frozen_sources","expiresTo":"unknown"},"sources":[{"key":"tlv","publisher":{"he":"עיריית תל אביב-יפו","en":"Tel Aviv-Yafo Municipality","ar":"بلدية تل أبيب-يافا","fr":"Municipalité de Tel Aviv-Jaffa","ru":"Муниципалитет Тель-Авива-Яффо"},"attribution":"Data: Tel Aviv-Yafo Municipality","url":"https://opendata.tel-aviv.gov.il/en/about","license":"TLV Open Data terms"},{"key":"osm","publisher":{"he":"תורמי OpenStreetMap","en":"OpenStreetMap contributors","ar":"مساهمو OpenStreetMap","fr":"Contributeurs OpenStreetMap","ru":"Участники OpenStreetMap"},"attribution":"© OpenStreetMap contributors","url":"https://www.openstreetmap.org/copyright","license":"ODbL"}],"counts":{"total":3448,"byCategory":{"school":109,"kindergarten":208,"community":61,"daycare":23,"health":63,"pharmacy":38,"culture":75,"library":17,"hotel":39,"sport":232,"gym":43,"park":206,"dog_park":41,"lrt_station":17,"transit_stop":244,"shopping":477,"restaurant":451,"supermarket":248,"cafe":177,"wellness":315,"bar":40,"parking":68,"bank":28,"bike":43,"bakery":13,"worship":15,"playground":7,"beach":4,"construction":146},"merged":705,"skipped":551},"features":[{"type":"Feature","id":" 564-11","geometry":{"type":"Point","coordinates":[34.78033,32.08966]},"properties":{"n":"פלור","c":"health","s":"tlv","a":"בזל 44"}},{"type":"Feature","id":" 564-116","geometry":{"type":"Point","coordinates":[34.79762,32.11178]},"properties":{"n":"ברודצקי","c":"health","s":"tlv","a":"ברודצקי 43"}},{"type":"Feature","id":" 564-121","geometry":{"type":"Point","coordinates":[34.77943,32.09009]},"properties":{"n":"בזל","c":"health","s":"tlv","a":"בזל 35"}},{"type":"Feature","id":" 564-13","geometry":{"type":"Point","coordinates":[34.77531,32.0891]},"properties":{"n":"תרופה","c":"health","s":"tlv","a":"דיזנגוף 217"}},{"type":"Feature","id":" 564-17","geometry":{"type":"Point","coordinates":[34.80406,32.12429]},"properties":{"n":"רמת אביב ג'","c":"pharmacy","s":"tlv","a":"אחימאיר 28"}},{"type":"Feature","id":" 564-18","geometry":{"type":"Point","coordinates":[34.82234,32.11824]},"properties":{"n":"קונצפט","c":"health","s":"tlv","a":"לאה 1"}},{"type":"Feature","id":" 564-2","geometry":{"type":"Point","coordinates":[34.78674,32.09132]},"properties":{"n":"שחר ברנדס","c":"health","s":"tlv","a":"פנקס 27"}},{"type":"Feature","id":" 564-21","geometry":{"type":"Point","coordinates":[34.8209,32.10704]},"properties":{"n":"טל שחר","c":"health","s":"tlv","a":"שלום אש 9"}},{"type":"Feature","id":" 564-25","geometry":{"type":"Point","coordinates":[34.79944,32.09538]},"properties":{"n":"בבלי","c":"health","s":"tlv","a":"עוזיאל 1"}},{"type":"Feature","id":" 564-3","geometry":{"type":"Point","coordinates":[34.78598,32.08765]},"properties":{"n":"ברק","c":"health","s":"tlv","a":"ז'בוטינסקי 109"}},{"type":"Feature","id":" 564-31","geometry":{"type":"Point","coordinates":[34.79172,32.10394]},"properties":{"n":"למד","c":"health","s":"tlv","a":"בראלי 18"}},{"type":"Feature","id":" 564-32","geometry":{"type":"Point","coordinates":[34.77412,32.09002]},"properties":{"n":"מרכז הצפון","c":"health","s":"tlv","a":"בן יהודה 200"}},{"type":"Feature","id":" 564-38","geometry":{"type":"Point","coordinates":[34.79846,32.1253]},"properties":{"n":"סופר פארם רמת אביב ג'","c":"pharmacy","s":"tlv","a":"אחימיאיר 1"}},{"type":"Feature","id":" 564-39","geometry":{"type":"Point","coordinates":[34.7966,32.11248]},"properties":{"n":"סופר פארם רמת אביב","c":"pharmacy","s":"tlv","a":"איינשטין 40"}},{"type":"Feature","id":" 564-46","geometry":{"type":"Point","coordinates":[34.79745,32.11733]},"properties":{"n":"מילמן","c":"pharmacy","s":"tlv","a":"טאגור 32"}},{"type":"Feature","id":" 564-48","geometry":{"type":"Point","coordinates":[34.78229,32.0869]},"properties":{"n":"סופר פארם אבן גבירול","c":"pharmacy","s":"tlv+osm","a":"אבן גבירול 124","w":"http://www.super-pharm.co.il"}},{"type":"Feature","id":" 564-52","geometry":{"type":"Point","coordinates":[34.79718,32.08879]},"properties":{"n":"סופר פארם צמרת ת\"א","c":"pharmacy","s":"tlv+osm","a":"ניסים אלוני 10","w":"http://www.super-pharm.co.il"}},{"type":"Feature","id":" 564-58","geometry":{"type":"Point","coordinates":[34.8166,32.12334]},"properties":{"n":"תל ברוך","c":"health","s":"tlv","a":"אהרון בקר 7"}},{"type":"Feature","id":" 564-60","geometry":{"type":"Point","coordinates":[34.77513,32.08706]},"properties":{"n":"ארלוזורוב","c":"pharmacy","s":"tlv","a":"דיזנגוף 208"}},{"type":"Feature","id":" 564-62","geometry":{"type":"Point","coordinates":[34.77385,32.09013]},"properties":{"n":"בן יהודה 177","c":"pharmacy","s":"tlv","a":"בן יהודה 177"}},{"type":"Feature","id":" 564-68","geometry":{"type":"Point","coordinates":[34.78242,32.09105]},"properties":{"n":"קסטל","c":"pharmacy","s":"tlv","a":"אבן גבירול 153"}},{"type":"Feature","id":" 564-69","geometry":{"type":"Point","coordinates":[34.82393,32.12286]},"properties":{"n":"צומת הפיל","c":"pharmacy","s":"tlv","a":"בני אפרים 280"}},{"type":"Feature","id":" 564-7","geometry":{"type":"Point","coordinates":[34.79149,32.09375]},"properties":{"n":"יהודה המכבי","c":"health","s":"tlv","a":"יהודה המכבי 42"}},{"type":"Feature","id":" 564-70","geometry":{"type":"Point","coordinates":[34.78718,32.11238]},"properties":{"n":"נופי ים","c":"pharmacy","s":"tlv","a":"איינשטיין 7"}},{"type":"Feature","id":" 564-71","geometry":{"type":"Point","coordinates":[34.77566,32.09733]},"properties":{"n":"נמל ת\"א","c":"pharmacy","s":"tlv","a":"התערוכה 3"}},{"type":"Feature","id":" 564-80","geometry":{"type":"Point","coordinates":[34.79361,32.12348]},"properties":{"n":"אזורי חן","c":"health","s":"tlv","a":"אליהו ברלין 1"}},{"type":"Feature","id":" 564-9","geometry":{"type":"Point","coordinates":[34.78767,32.09391]},"properties":{"n":"צפון","c":"health","s":"tlv","a":"יהודה המכבי 33"}},{"type":"Feature","id":"1","geometry":{"type":"Point","coordinates":[34.7836,32.11318]},"properties":{"n":"איינשטיין","c":"lrt_station","s":"tlv","e":"ent_ec364c5203a0ca1e80834887","p":"place/einstein-light-rail/","f":1}},{"type":"Feature","id":"10","geometry":{"type":"Point","coordinates":[34.76984,32.09062]},"properties":{"n":"מתקן כדורעף חופים","c":"sport","s":"tlv","a":"הירקון","e":"ent_c1841a13cfe112f31547ede6","p":"place/namir-light-rail/"}},{"type":"Feature","id":"10","geometry":{"type":"Point","coordinates":[34.79253,32.11258]},"properties":{"n":"נמיר","c":"lrt_station","s":"tlv","e":"ent_c1841a13cfe112f31547ede6","p":"place/namir-light-rail/","f":1}},{"type":"Feature","id":"10018","geometry":{"type":"Point","coordinates":[34.77493,32.08763]},"properties":{"n":"אוריג'ם קפה","c":"restaurant","s":"tlv","a":"דיזנגוף"}},{"type":"Feature","id":"10021","geometry":{"type":"Point","coordinates":[34.76987,32.08535]},"properties":{"n":"קראפט פיצה","c":"restaurant","s":"tlv","a":"הירקון"}},{"type":"Feature","id":"10025","geometry":{"type":"Point","coordinates":[34.79844,32.12524]},"properties":{"n":"בית הגבינות","c":"supermarket","s":"tlv","a":"אחימאיר אבא"}},{"type":"Feature","id":"10034","geometry":{"type":"Point","coordinates":[34.78748,32.11246]},"properties":{"n":"סופר יודה","c":"supermarket","s":"tlv","a":"אינשטיין"}},{"type":"Feature","id":"10038","geometry":{"type":"Point","coordinates":[34.81651,32.12288]},"properties":{"n":"הדגים של פפה","c":"restaurant","s":"tlv","a":"בקר אהרון"}},{"type":"Feature","id":"10042","geometry":{"type":"Point","coordinates":[34.78714,32.11243]},"properties":{"n":"סודוך אנשטיין","c":"restaurant","s":"tlv","a":"אינשטיין"}},{"type":"Feature","id":"10046","geometry":{"type":"Point","coordinates":[34.79741,32.1078]},"properties":{"n":"כל בו עידית","c":"shopping","s":"tlv","a":"ברודצקי"}},{"type":"Feature","id":"10051","geometry":{"type":"Point","coordinates":[34.81651,32.12288]},"properties":{"n":"חוש הטעם","c":"cafe","s":"tlv","a":"בקר אהרון"}},{"type":"Feature","id":"10056","geometry":{"type":"Point","coordinates":[34.77368,32.08838]},"properties":{"n":"בייוטי חאב תל אביב","c":"wellness","s":"tlv","a":"בן יהודה"}},{"type":"Feature","id":"10065","geometry":{"type":"Point","coordinates":[34.78754,32.11354]},"properties":{"n":"הרט סלון","c":"wellness","s":"tlv","a":"רובינשטיין ארתור"}},{"type":"Feature","id":"10069","geometry":{"type":"Point","coordinates":[34.77927,32.0924]},"properties":{"n":"ברד קלאב","c":"supermarket","s":"tlv","a":"נורדאו"}},{"type":"Feature","id":"10073","geometry":{"type":"Point","coordinates":[34.77465,32.08644]},"properties":{"n":"אלמה מרקט","c":"shopping","s":"tlv","a":"דיזנגוף"}},{"type":"Feature","id":"10075","geometry":{"type":"Point","coordinates":[34.79576,32.11904]},"properties":{"n":"מטבח ביתי רמת אביב","c":"restaurant","s":"tlv","a":"לויטן יצחק"}},{"type":"Feature","id":"10086","geometry":{"type":"Point","coordinates":[34.77671,32.09344]},"properties":{"n":"ניב זבולון","c":"wellness","s":"tlv","a":"דיזנגוף"}},{"type":"Feature","id":"10092","geometry":{"type":"Point","coordinates":[34.7915,32.094]},"properties":{"n":"ארץ בראשית","c":"shopping","s":"tlv","a":"יהודה המכבי"}},{"type":"Feature","id":"10098","geometry":{"type":"Point","coordinates":[34.77439,32.09085]},"properties":{"n":"טטיאנה פדיקור מניקור","c":"wellness","s":"tlv","a":"בן יהודה"}},{"type":"Feature","id":"10100","geometry":{"type":"Point","coordinates":[34.79743,32.11737]},"properties":{"n":"ZEST","c":"shopping","s":"tlv","a":"טאגור רבינדרנת"}},{"type":"Feature","id":"10107","geometry":{"type":"Point","coordinates":[34.77279,32.09449]},"properties":{"n":"שדה ירוק","c":"supermarket","s":"tlv","a":"נמל תל אביב"}},{"type":"Feature","id":"10115","geometry":{"type":"Point","coordinates":[34.7879,32.10024]},"properties":{"n":"אבו חלווה","c":"supermarket","s":"tlv","a":"יערי מאיר"}},{"type":"Feature","id":"10123","geometry":{"type":"Point","coordinates":[34.77586,32.0915]},"properties":{"n":"דיזינגוף 239","c":"wellness","s":"tlv","a":"דיזנגוף"}},{"type":"Feature","id":"10125","geometry":{"type":"Point","coordinates":[34.7879,32.10024]},"properties":{"n":"דליקטסן כוכב הצפון","c":"restaurant","s":"tlv","a":"יערי מאיר"}},{"type":"Feature","id":"10154","geometry":{"type":"Point","coordinates":[34.7898,32.08818]},"properties":{"n":"נ. רפאל רשת פתרונות איכות","c":"wellness","s":"tlv","a":"ויצמן"}},{"type":"Feature","id":"10161","geometry":{"type":"Point","coordinates":[34.80149,32.12502]},"properties":{"n":"שווארמה טומביק","c":"restaurant","s":"tlv","a":"אחימאיר אבא"}},{"type":"Feature","id":"10163","geometry":{"type":"Point","coordinates":[34.79109,32.11443]},"properties":{"n":"ביוטיס","c":"wellness","s":"tlv","a":"זריצקי"}},{"type":"Feature","id":"10168","geometry":{"type":"Point","coordinates":[34.77467,32.08518]},"properties":{"n":"ג.פ.ר.מ בע\"מ","c":"shopping","s":"tlv","a":"דיזנגוף"}},{"type":"Feature","id":"10176","geometry":{"type":"Point","coordinates":[34.80223,32.11623]},"properties":{"n":"חדר כושר ספורטאים","c":"gym","s":"tlv","a":"אוניברסיטת ת\"א"}},{"type":"Feature","id":"10183","geometry":{"type":"Point","coordinates":[34.78714,32.11243]},"properties":{"n":"שווארמה מורן שמעוני בע\"מ","c":"restaurant","s":"tlv","a":"אינשטיין"}},{"type":"Feature","id":"10184","geometry":{"type":"Point","coordinates":[34.79741,32.1078]},"properties":{"n":"חמניה ברודצקי","c":"supermarket","s":"tlv","a":"ברודצקי"}},{"type":"Feature","id":"10193","geometry":{"type":"Point","coordinates":[34.77318,32.08666]},"properties":{"n":"רחמים יחזקאל","c":"wellness","s":"tlv","a":"בן יהודה"}},{"type":"Feature","id":"10196","geometry":{"type":"Point","coordinates":[34.79687,32.12673]},"properties":{"n":"לה פז ת\"א","c":"shopping","s":"tlv","a":"ברזאני משה"}},{"type":"Feature","id":"10198","geometry":{"type":"Point","coordinates":[34.80267,32.11498]},"properties":{"n":"חדר כושר ספורטאים","c":"gym","s":"tlv","a":"אוניברסיטת ת\"א"}},{"type":"Feature","id":"10205","geometry":{"type":"Point","coordinates":[34.77586,32.0915]},"properties":{"n":"דיזי שופ","c":"shopping","s":"tlv","a":"דיזנגוף"}},{"type":"Feature","id":"10211","geometry":{"type":"Point","coordinates":[34.78166,32.08587]},"properties":{"n":"BeauTlv","c":"wellness","s":"tlv","a":"אבן גבירול"}},{"type":"Feature","id":"10212","geometry":{"type":"Point","coordinates":[34.78811,32.09354]},"properties":{"n":"my nails","c":"wellness","s":"tlv","a":"שטריקר"}},{"type":"Feature","id":"10216","geometry":{"type":"Point","coordinates":[34.80111,32.11308]},"properties":{"n":"קופי ארט","c":"supermarket","s":"tlv","a":"לבנון חיים"}},{"type":"Feature","id":"10218","geometry":{"type":"Point","coordinates":[34.78513,32.09359]},"properties":{"n":"מרכז הפרי והירק","c":"supermarket","s":"tlv","a":"דה האז"}},{"type":"Feature","id":"10232","geometry":{"type":"Point","coordinates":[34.78299,32.09263]},"properties":{"n":"מי וינו","c":"supermarket","s":"tlv","a":"אבן גבירול"}},{"type":"Feature","id":"10237","geometry":{"type":"Point","coordinates":[34.78739,32.11186]},"properties":{"n":"טיב טעם רשתות בע\"מ","c":"shopping","s":"tlv","a":"אינשטיין"}},{"type":"Feature","id":"10238","geometry":{"type":"Point","coordinates":[34.77873,32.08615]},"properties":{"n":"אסטתיק סטודיו","c":"wellness","s":"tlv","a":"ארלוזורוב"}},{"type":"Feature","id":"1024","geometry":{"type":"Point","coordinates":[34.77993,32.0897]},"properties":{"n":"רוסטיקו","c":"restaurant","s":"tlv+osm","a":"בזל"}},{"type":"Feature","id":"10243","geometry":{"type":"Point","coordinates":[34.80179,32.12507]},"properties":{"n":"מספרת M","c":"wellness","s":"tlv","a":"אחימאיר אבא"}},{"type":"Feature","id":"10244","geometry":{"type":"Point","coordinates":[34.77612,32.09038]},"properties":{"n":"קופי פוינט","c":"restaurant","s":"tlv","a":"בזל"}},{"type":"Feature","id":"10246","geometry":{"type":"Point","coordinates":[34.80179,32.12507]},"properties":{"n":"Wine Society","c":"supermarket","s":"tlv","a":"אחימאיר אבא"}},{"type":"Feature","id":"10258","geometry":{"type":"Point","coordinates":[34.77441,32.08554]},"properties":{"n":"DIAMOND HAIR","c":"wellness","s":"tlv","a":"דיזנגוף"}},{"type":"Feature","id":"10264","geometry":{"type":"Point","coordinates":[34.80401,32.10795]},"properties":{"n":"חניון הנדסה","c":"parking","s":"tlv","a":"אוניברסיטת ת\"א"}},{"type":"Feature","id":"10266","geometry":{"type":"Point","coordinates":[34.7915,32.094]},"properties":{"n":"אבי נחום","c":"supermarket","s":"tlv","a":"יהודה המכבי"}},{"type":"Feature","id":"10268","geometry":{"type":"Point","coordinates":[34.79956,32.12003]},"properties":{"n":"לולו","c":"wellness","s":"tlv","a":"אופנהיימר"}},{"type":"Feature","id":"10270","geometry":{"type":"Point","coordinates":[34.8007,32.1185]},"properties":{"n":"אריאל עיצוב שיער","c":"wellness","s":"tlv","a":"טאגור רבינדרנת"}},{"type":"Feature","id":"10274","geometry":{"type":"Point","coordinates":[34.79718,32.08879]},"properties":{"n":"סטודיו בייקרי","c":"restaurant","s":"tlv+osm","a":"אלוני ניסים"}},{"type":"Feature","id":"10277","geometry":{"type":"Point","coordinates":[34.77465,32.08644]},"properties":{"n":"אלמה מרקט","c":"supermarket","s":"tlv","a":"דיזנגוף"}},{"type":"Feature","id":"10279","geometry":{"type":"Point","coordinates":[34.79217,32.13058]},"properties":{"n":"הקולה בעיר","c":"supermarket","s":"tlv","a":"גרינברג אורי צבי"}},{"type":"Feature","id":"10280","geometry":{"type":"Point","coordinates":[34.81651,32.12288]},"properties":{"n":"גזית גלוב בע''מ","c":"parking","s":"tlv","a":"בקר אהרון"}},{"type":"Feature","id":"10286","geometry":{"type":"Point","coordinates":[34.78999,32.10515]},"properties":{"n":"גלידוש","c":"supermarket","s":"tlv","a":"אפטר יעקב"}},{"type":"Feature","id":"10294","geometry":{"type":"Point","coordinates":[34.82507,32.11501]},"properties":{"n":"ש. אפקה חממה בעמ","c":"supermarket","s":"tlv","a":"רוזן פנחס"}},{"type":"Feature","id":"10298","geometry":{"type":"Point","coordinates":[34.79741,32.1078]},"properties":{"n":"חמניה ברודצקי","c":"cafe","s":"tlv","a":"ברודצקי"}},{"type":"Feature","id":"10300","geometry":{"type":"Point","coordinates":[34.81651,32.12288]},"properties":{"n":"פאן סיטי עולם המתנות בע\"מ","c":"shopping","s":"tlv","a":"בקר אהרון"}},{"type":"Feature","id":"10302","geometry":{"type":"Point","coordinates":[34.79252,32.12462]},"properties":{"n":"בוטיק סנטרל","c":"restaurant","s":"tlv","a":"ברלין אליהו"}},{"type":"Feature","id":"10306","geometry":{"type":"Point","coordinates":[34.79926,32.11399]},"properties":{"n":"סופר יודה","c":"supermarket","s":"tlv","a":"בארט אהרון"}},{"type":"Feature","id":"10311","geometry":{"type":"Point","coordinates":[34.77379,32.08877]},"properties":{"n":"ויקי שלג - עיצוב שיער","c":"wellness","s":"tlv","a":"בן יהודה"}},{"type":"Feature","id":"10315","geometry":{"type":"Point","coordinates":[34.7743,32.08735]},"properties":{"n":"ארלוזורוב 17","c":"parking","s":"tlv","a":"ארלוזורוב"}},{"type":"Feature","id":"10316","geometry":{"type":"Point","coordinates":[34.80371,32.1249]},"properties":{"n":"ריבאר","c":"shopping","s":"tlv","a":"אחימאיר אבא"}},{"type":"Feature","id":"10319","geometry":{"type":"Point","coordinates":[34.79818,32.10804]},"properties":{"n":"יוסף החומוסיה","c":"restaurant","s":"tlv","a":"ברודצקי"}},{"type":"Feature","id":"10336","geometry":{"type":"Point","coordinates":[34.77511,32.08834]},"properties":{"n":"לה בון פטיסרי","c":"restaurant","s":"tlv","a":"דיזנגוף"}},{"type":"Feature","id":"10338","geometry":{"type":"Point","coordinates":[34.80269,32.10745]},"properties":{"n":"בלאק סטור","c":"restaurant","s":"tlv","a":"אוניברסיטת ת\"א"}},{"type":"Feature","id":"10349","geometry":{"type":"Point","coordinates":[34.78994,32.1105]},"properties":{"n":"גלידות פלדמן","c":"shopping","s":"tlv","a":"האוזנר דב"}},{"type":"Feature","id":"10350","geometry":{"type":"Point","coordinates":[34.80149,32.12502]},"properties":{"n":"Pizza Amore","c":"restaurant","s":"tlv","a":"אחימאיר אבא"}},{"type":"Feature","id":"10359","geometry":{"type":"Point","coordinates":[34.79592,32.08686]},"properties":{"n":"חניון הצמרות","c":"parking","s":"tlv","a":"נמיר מרדכי"}},{"type":"Feature","id":"10362","geometry":{"type":"Point","coordinates":[34.80407,32.12478]},"properties":{"n":"דה לה מאר","c":"shopping","s":"tlv","a":"אחימאיר אבא"}},{"type":"Feature","id":"10380","geometry":{"type":"Point","coordinates":[34.80179,32.12507]},"properties":{"n":"דודו אוטמזגין פטיסרי בע\"מ","c":"shopping","s":"tlv","a":"אחימאיר אבא"}},{"type":"Feature","id":"10392","geometry":{"type":"Point","coordinates":[34.78666,32.08716]},"properties":{"n":"אסתריקה פיצה","c":"restaurant","s":"tlv+osm","a":"ז'בוטינסקי"}},{"type":"Feature","id":"10393","geometry":{"type":"Point","coordinates":[34.78999,32.10515]},"properties":{"n":"סופר אפטר","c":"supermarket","s":"tlv","a":"אפטר יעקב"}},{"type":"Feature","id":"10396","geometry":{"type":"Point","coordinates":[34.7902,32.08544]},"properties":{"n":"Dudi Hair Studio","c":"wellness","s":"tlv","a":"הא באייר"}},{"type":"Feature","id":"10401","geometry":{"type":"Point","coordinates":[34.81097,32.10532]},"properties":{"n":"ביתן 2 אקספו תל אביב","c":"bar","s":"tlv","a":"רוקח ישראל"}},{"type":"Feature","id":"10407","geometry":{"type":"Point","coordinates":[34.78999,32.10515]},"properties":{"n":"דוקטור אמיר זרח","c":"wellness","s":"tlv","a":"אפטר יעקב"}},{"type":"Feature","id":"10418","geometry":{"type":"Point","coordinates":[34.79534,32.0954]},"properties":{"n":"SUNNY HAIR","c":"wellness","s":"tlv","a":"הזוהר"}},{"type":"Feature","id":"10420","geometry":{"type":"Point","coordinates":[34.79741,32.1078]},"properties":{"n":"גיא דגים","c":"shopping","s":"tlv","a":"ברודצקי"}},{"type":"Feature","id":"10426","geometry":{"type":"Point","coordinates":[34.79127,32.08728]},"properties":{"n":"יהודה מזרחי","c":"wellness","s":"tlv","a":"הא באייר"}},{"type":"Feature","id":"10427","geometry":{"type":"Point","coordinates":[34.80379,32.11174]},"properties":{"n":"פביאנו","c":"restaurant","s":"tlv","a":"אוניברסיטת ת\"א"}},{"type":"Feature","id":"10431","geometry":{"type":"Point","coordinates":[34.7879,32.10024]},"properties":{"n":"בבקה","c":"supermarket","s":"tlv","a":"יערי מאיר"}},{"type":"Feature","id":"10434","geometry":{"type":"Point","coordinates":[34.77553,32.08852]},"properties":{"n":"פטריק בנישו","c":"wellness","s":"tlv","a":"דיזנגוף"}},{"type":"Feature","id":"10435","geometry":{"type":"Point","coordinates":[34.80821,32.10686]},"properties":{"n":"קיוסק ביתן 2","c":"restaurant","s":"tlv","a":"רמבה אייזיק"}},{"type":"Feature","id":"10436","geometry":{"type":"Point","coordinates":[34.8243,32.11788]},"properties":{"n":"באלישוק","c":"supermarket","s":"tlv","a":"ויינשל"}},{"type":"Feature","id":"10447","geometry":{"type":"Point","coordinates":[34.82001,32.12026]},"properties":{"n":"מחסן חיצוני- לארקפה","c":"restaurant","s":"tlv","a":"בני אפרים"}},{"type":"Feature","id":"10448","geometry":{"type":"Point","coordinates":[34.77328,32.08706]},"properties":{"n":"פודבוקס","c":"restaurant","s":"tlv","a":"בן יהודה"}},{"type":"Feature","id":"10452","geometry":{"type":"Point","coordinates":[34.78714,32.11243]},"properties":{"n":"סוליקה","c":"restaurant","s":"tlv","a":"אינשטיין"}},{"type":"Feature","id":"10461","geometry":{"type":"Point","coordinates":[34.79732,32.1077]},"properties":{"n":"ברשל","c":"restaurant","s":"tlv","a":"ברודצקי"}},{"type":"Feature","id":"10465","geometry":{"type":"Point","coordinates":[34.78328,32.09184]},"properties":{"n":"אקספרס של חיות","c":"shopping","s":"tlv","a":"אבן גבירול"}},{"type":"Feature","id":"10470","geometry":{"type":"Point","coordinates":[34.7993,32.12058]},"properties":{"n":"דודו אוטמזגין","c":"shopping","s":"tlv","a":"אופנהיימר"}},{"type":"Feature","id":"10482","geometry":{"type":"Point","coordinates":[34.78337,32.10097]},"properties":{"n":"וגה","c":"restaurant","s":"tlv","a":"בוני העיר"}},{"type":"Feature","id":"10511","geometry":{"type":"Point","coordinates":[34.78795,32.11586]},"properties":{"n":"פאן סיטי","c":"supermarket","s":"tlv","a":"גלבוע אמיר"}},{"type":"Feature","id":"10514","geometry":{"type":"Point","coordinates":[34.77446,32.08571]},"properties":{"n":"גסטון","c":"restaurant","s":"tlv","a":"דיזנגוף"}},{"type":"Feature","id":"10527","geometry":{"type":"Point","coordinates":[34.79841,32.12577]},"properties":{"n":"חניון בן יוסף","c":"parking","s":"tlv+osm","a":"בן יוסף שלמה"}},{"type":"Feature","id":"1053","geometry":{"type":"Point","coordinates":[34.77445,32.09212]},"properties":{"n":"סיימון","c":"cafe","s":"tlv","a":"בן יהודה"}},{"type":"Feature","id":"10542","geometry":{"type":"Point","coordinates":[34.80179,32.12507]},"properties":{"n":"קבלת פנים","c":"wellness","s":"tlv","a":"אחימאיר אבא"}},{"type":"Feature","id":"10570","geometry":{"type":"Point","coordinates":[34.77635,32.09567]},"properties":{"n":"לונדון","c":"wellness","s":"tlv","a":"דיזנגוף"}},{"type":"Feature","id":"10574","geometry":{"type":"Point","coordinates":[34.7879,32.10024]},"properties":{"n":"חניון G כוכב הצפון","c":"parking","s":"tlv","a":"יערי מאיר"}},{"type":"Feature","id":"10575","geometry":{"type":"Point","coordinates":[34.78286,32.09189]},"properties":{"n":"ampm","c":"supermarket","s":"tlv","a":"אבן גבירול"}},{"type":"Feature","id":"10598","geometry":{"type":"Point","coordinates":[34.82444,32.11516]},"properties":{"n":"כיתן","c":"parking","s":"tlv","a":"קהילת פאדובה"}},{"type":"Feature","id":"10619","geometry":{"type":"Point","coordinates":[34.79844,32.12524]},"properties":{"n":"הנחלה","c":"supermarket","s":"tlv","a":"אחימאיר אבא"}},{"type":"Feature","id":"10638","geometry":{"type":"Point","coordinates":[34.78714,32.11243]},"properties":{"n":"נתח קצבים מותג בע\"מ","c":"shopping","s":"tlv","a":"אינשטיין"}},{"type":"Feature","id":"10639","geometry":{"type":"Point","coordinates":[34.78951,32.08808]},"properties":{"n":"ZEST","c":"supermarket","s":"tlv","a":"הא באייר"}},{"type":"Feature","id":"10640","geometry":{"type":"Point","coordinates":[34.82507,32.11501]},"properties":{"n":"טיב טעם","c":"shopping","s":"tlv","a":"רוזן פנחס"}},{"type":"Feature","id":"10641","geometry":{"type":"Point","coordinates":[34.77414,32.08987]},"properties":{"n":"Tanya manicure & pedicure","c":"wellness","s":"tlv","a":"בן יהודה"}},{"type":"Feature","id":"10651","geometry":{"type":"Point","coordinates":[34.82051,32.1199]},"properties":{"n":"חנות בשר","c":"restaurant","s":"tlv","a":"אלתרמן נתן"}},{"type":"Feature","id":"10653","geometry":{"type":"Point","coordinates":[34.7972,32.10636]},"properties":{"n":"ברוך ניסו","c":"wellness","s":"tlv","a":"ברודצקי"}},{"type":"Feature","id":"10655","geometry":{"type":"Point","coordinates":[34.77471,32.08538]},"properties":{"n":"דיזנגוף 182","c":"supermarket","s":"tlv","a":"דיזנגוף"}},{"type":"Feature","id":"10658","geometry":{"type":"Point","coordinates":[34.77564,32.09044]},"properties":{"n":"חוד המחט","c":"restaurant","s":"tlv","a":"דיזנגוף"}},{"type":"Feature","id":"10663","geometry":{"type":"Point","coordinates":[34.7826,32.09048]},"properties":{"n":"מנגו מלון","c":"supermarket","s":"tlv","a":"אבן גבירול"}},{"type":"Feature","id":"10666","geometry":{"type":"Point","coordinates":[34.78219,32.08833]},"properties":{"n":"טבע שוק","c":"supermarket","s":"tlv","a":"אבן גבירול"}},{"type":"Feature","id":"10669","geometry":{"type":"Point","coordinates":[34.79586,32.1194]},"properties":{"n":"פרינה","c":"restaurant","s":"tlv","a":"יהודה הנשיא"}},{"type":"Feature","id":"10673","geometry":{"type":"Point","coordinates":[34.78714,32.11399]},"properties":{"n":"בוטיק לשיער רוברטו","c":"wellness","s":"tlv","a":"שטרייכמן יחזקאל"}},{"type":"Feature","id":"10692","geometry":{"type":"Point","coordinates":[34.79074,32.08569]},"properties":{"n":"מוקאיה שוקולד","c":"supermarket","s":"tlv","a":"הא באייר"}},{"type":"Feature","id":"10696","geometry":{"type":"Point","coordinates":[34.78231,32.08706]},"properties":{"n":"עץ הדעת","c":"supermarket","s":"tlv","a":"אבן גבירול"}},{"type":"Feature","id":"107","geometry":{"type":"Point","coordinates":[34.79141,32.09399]},"properties":{"n":"שופלנד","c":"restaurant","s":"tlv","a":"יהודה המכבי"}},{"type":"Feature","id":"10701","geometry":{"type":"Point","coordinates":[34.79385,32.09599]},"properties":{"n":"מספרת אהובה","c":"wellness","s":"tlv","a":"נמיר מרדכי"}},{"type":"Feature","id":"10703","geometry":{"type":"Point","coordinates":[34.7824,32.08935]},"properties":{"n":"מפגש הנמרים","c":"supermarket","s":"tlv","a":"אבן גבירול"}},{"type":"Feature","id":"10711","geometry":{"type":"Point","coordinates":[34.77958,32.08976]},"properties":{"n":"בוטיק סנטרל","c":"restaurant","s":"tlv","a":"בזל"}},{"type":"Feature","id":"10714","geometry":{"type":"Point","coordinates":[34.82507,32.11501]},"properties":{"n":"מנו וינו","c":"supermarket","s":"tlv","a":"רוזן פנחס"}},{"type":"Feature","id":"10715","geometry":{"type":"Point","coordinates":[34.77742,32.08616]},"properties":{"n":"אדלה","c":"wellness","s":"tlv","a":"ארלוזורוב"}},{"type":"Feature","id":"10717","geometry":{"type":"Point","coordinates":[34.77559,32.09026]},"properties":{"n":"בריל סיגרים","c":"shopping","s":"tlv","a":"דיזנגוף"}},{"type":"Feature","id":"10719","geometry":{"type":"Point","coordinates":[34.80179,32.12507]},"properties":{"n":"דניאל כהן עיצוב שיער","c":"wellness","s":"tlv","a":"אחימאיר אבא"}},{"type":"Feature","id":"10729","geometry":{"type":"Point","coordinates":[34.77486,32.09661]},"properties":{"n":"ישרוטל פורט טאואר","c":"restaurant","s":"tlv","a":"הירקון"}},{"type":"Feature","id":"10740","geometry":{"type":"Point","coordinates":[34.79215,32.10427]},"properties":{"n":"סיגל חגאי","c":"wellness","s":"tlv","a":"בראלי"}},{"type":"Feature","id":"10741","geometry":{"type":"Point","coordinates":[34.80407,32.12478]},"properties":{"n":"מחסן כללי (סופר פארם)","c":"shopping","s":"tlv","a":"אחימאיר אבא"}},{"type":"Feature","id":"10759","geometry":{"type":"Point","coordinates":[34.78037,32.0903]},"properties":{"n":"אטו","c":"wellness","s":"tlv","a":"אשתורי הפרחי"}},{"type":"Feature","id":"10763","geometry":{"type":"Point","coordinates":[34.77421,32.09019]},"properties":{"n":"מתחת לעץ","c":"restaurant","s":"tlv","a":"בן יהודה"}},{"type":"Feature","id":"10764","geometry":{"type":"Point","coordinates":[34.82217,32.11838]},"properties":{"n":"הטחנה","c":"supermarket","s":"tlv","a":"לאה גולדברג"}},{"type":"Feature","id":"10772","geometry":{"type":"Point","coordinates":[34.79576,32.11904]},"properties":{"n":"סופר פרי","c":"supermarket","s":"tlv","a":"לויטן יצחק"}},{"type":"Feature","id":"10778","geometry":{"type":"Point","coordinates":[34.78919,32.08547]},"properties":{"n":"הקערה","c":"supermarket","s":"tlv","a":"הא באייר"}},{"type":"Feature","id":"1078","geometry":{"type":"Point","coordinates":[34.77362,32.08941]},"properties":{"n":"ברבוניה המעדניה","c":"shopping","s":"tlv","a":"בן יהודה"}},{"type":"Feature","id":"10784","geometry":{"type":"Point","coordinates":[34.78872,32.0879]},"properties":{"n":"ישראל שטרית","c":"wellness","s":"tlv","a":"ליפסקי לואי"}},{"type":"Feature","id":"10785","geometry":{"type":"Point","coordinates":[34.77548,32.10112]},"properties":{"n":"פאפאיה דוג","c":"restaurant","s":"tlv","a":"יקותיאלי יוסף"}},{"type":"Feature","id":"10803","geometry":{"type":"Point","coordinates":[34.7992,32.12007]},"properties":{"n":"רולדין","c":"restaurant","s":"tlv","a":"אופנהיימר"}},{"type":"Feature","id":"10804","geometry":{"type":"Point","coordinates":[34.79732,32.1077]},"properties":{"n":"Rudys`Barbershop","c":"wellness","s":"tlv","a":"ברודצקי"}},{"type":"Feature","id":"10819","geometry":{"type":"Point","coordinates":[34.78929,32.08804]},"properties":{"n":"ניר גבאי","c":"wellness","s":"tlv","a":"הא באייר"}},{"type":"Feature","id":"10836","geometry":{"type":"Point","coordinates":[34.79398,32.13284]},"properties":{"n":"מזנון תיכונט","c":"restaurant","s":"tlv","a":"פרסיץ שושנה"}},{"type":"Feature","id":"10845","geometry":{"type":"Point","coordinates":[34.77279,32.09449]},"properties":{"n":"האיכר הבריאות","c":"supermarket","s":"tlv","a":"נמל תל אביב"}},{"type":"Feature","id":"10846","geometry":{"type":"Point","coordinates":[34.77927,32.0924]},"properties":{"n":"ברד קלאב","c":"restaurant","s":"tlv","a":"נורדאו"}},{"type":"Feature","id":"10864","geometry":{"type":"Point","coordinates":[34.77279,32.09449]},"properties":{"n":"מאפיית טלר","c":"shopping","s":"tlv","a":"נמל תל אביב"}},{"type":"Feature","id":"10870","geometry":{"type":"Point","coordinates":[34.79713,32.09653]},"properties":{"n":"האחים בבלי","c":"supermarket","s":"tlv","a":"בן סירא"}},{"type":"Feature","id":"10892","geometry":{"type":"Point","coordinates":[34.77658,32.09283]},"properties":{"n":"Secret Room","c":"wellness","s":"tlv","a":"דיזנגוף"}},{"type":"Feature","id":"10895","geometry":{"type":"Point","coordinates":[34.80407,32.12478]},"properties":{"n":"דה לה מאר","c":"supermarket","s":"tlv","a":"אחימאיר אבא"}},{"type":"Feature","id":"10898","geometry":{"type":"Point","coordinates":[34.7993,32.12058]},"properties":{"n":"בוסתן השכונה","c":"supermarket","s":"tlv","a":"אופנהיימר"}},{"type":"Feature","id":"10899","geometry":{"type":"Point","coordinates":[34.7879,32.10024]},"properties":{"n":"שופרסל בע\"מ","c":"shopping","s":"tlv","a":"יערי מאיר"}},{"type":"Feature","id":"10902","geometry":{"type":"Point","coordinates":[34.79659,32.1126]},"properties":{"n":"וניליה","c":"shopping","s":"tlv","a":"אינשטיין"}},{"type":"Feature","id":"10903","geometry":{"type":"Point","coordinates":[34.78218,32.09893]},"properties":{"n":"חניון רידינג מזרח","c":"parking","s":"tlv","a":"רוקח ישראל"}},{"type":"Feature","id":"10904","geometry":{"type":"Point","coordinates":[34.79659,32.1126]},"properties":{"n":"גבינות באשר","c":"supermarket","s":"tlv","a":"אינשטיין"}},{"type":"Feature","id":"10907","geometry":{"type":"Point","coordinates":[34.80298,32.10836]},"properties":{"n":"ehab matta - hair design","c":"wellness","s":"tlv","a":"וייז ג'ורג' ד\"ר"}},{"type":"Feature","id":"10913","geometry":{"type":"Point","coordinates":[34.77518,32.09344]},"properties":{"n":"curly hair TLV","c":"wellness","s":"tlv","a":"בן יהודה"}},{"type":"Feature","id":"10914","geometry":{"type":"Point","coordinates":[34.78577,32.08998]},"properties":{"n":"ג'ס ניילס","c":"wellness","s":"tlv","a":"שור משה פרופ'"}},{"type":"Feature","id":"10918","geometry":{"type":"Point","coordinates":[34.77904,32.09008]},"properties":{"n":"עומר ורסנו עיצוב שיער","c":"wellness","s":"tlv","a":"בזל"}},{"type":"Feature","id":"10923","geometry":{"type":"Point","coordinates":[34.78714,32.11243]},"properties":{"n":"נתח קצבים מותג בע\"מ","c":"supermarket","s":"tlv","a":"אינשטיין"}},{"type":"Feature","id":"10930","geometry":{"type":"Point","coordinates":[34.77633,32.09322]},"properties":{"n":"אלמה מרקט","c":"supermarket","s":"tlv","a":"דיזנגוף"}},{"type":"Feature","id":"10934","geometry":{"type":"Point","coordinates":[34.77742,32.08616]},"properties":{"n":"יאיא-קפה","c":"restaurant","s":"tlv","a":"ארלוזורוב"}},{"type":"Feature","id":"10939","geometry":{"type":"Point","coordinates":[34.77677,32.09498]},"properties":{"n":"שוק ירמיהו","c":"supermarket","s":"tlv","a":"ירמיהו הנביא"}},{"type":"Feature","id":"10942","geometry":{"type":"Point","coordinates":[34.79718,32.08879]},"properties":{"n":"בשביל הטבע מוצרי בריאות ב","c":"supermarket","s":"tlv","a":"אלוני ניסים"}},{"type":"Feature","id":"10944","geometry":{"type":"Point","coordinates":[34.79844,32.12524]},"properties":{"n":"מרינדו","c":"shopping","s":"tlv","a":"אחימאיר אבא"}},{"type":"Feature","id":"10945","geometry":{"type":"Point","coordinates":[34.79844,32.12524]},"properties":{"n":"מרינדו","c":"supermarket","s":"tlv","a":"אחימאיר אבא"}},{"type":"Feature","id":"10946","geometry":{"type":"Point","coordinates":[34.81651,32.12288]},"properties":{"n":"יין בעיר","c":"bar","s":"tlv","a":"בקר אהרון"}},{"type":"Feature","id":"10952","geometry":{"type":"Point","coordinates":[34.79844,32.12524]},"properties":{"n":"הנחלה","c":"restaurant","s":"tlv","a":"אחימאיר אבא"}},{"type":"Feature","id":"10954","geometry":{"type":"Point","coordinates":[34.78999,32.10515]},"properties":{"n":"יין בעיר","c":"supermarket","s":"tlv","a":"אפטר יעקב"}},{"type":"Feature","id":"10966","geometry":{"type":"Point","coordinates":[34.80357,32.12493]},"properties":{"n":"המזווה","c":"supermarket","s":"tlv","a":"אחימאיר אבא"}},{"type":"Feature","id":"10969","geometry":{"type":"Point","coordinates":[34.7879,32.10024]},"properties":{"n":"מקדונלד'ס","c":"restaurant","s":"tlv","a":"יערי מאיר"}},{"type":"Feature","id":"10974","geometry":{"type":"Point","coordinates":[34.80297,32.12384]},"properties":{"n":"ריקי אליס","c":"wellness","s":"tlv","a":"רקנאטי ליאון"}},{"type":"Feature","id":"10975","geometry":{"type":"Point","coordinates":[34.7879,32.10024]},"properties":{"n":"אלה רפאלי קוסמטיקה וציפור","c":"wellness","s":"tlv","a":"יערי מאיר"}},{"type":"Feature","id":"11","geometry":{"type":"Point","coordinates":[34.79691,32.11297]},"properties":{"n":"בורודצקי","c":"lrt_station","s":"tlv","e":"ent_e669a8eb1ccd5aa5f64f1db1","p":"place/brodetsky-light-rail/","f":1}},{"type":"Feature","id":"11006","geometry":{"type":"Point","coordinates":[34.78714,32.11243]},"properties":{"n":"גפן דלי","c":"restaurant","s":"tlv","a":"אינשטיין"}},{"type":"Feature","id":"1101","geometry":{"type":"Point","coordinates":[34.7749,32.08749]},"properties":{"n":"בית אלאיה בעמ","c":"cafe","s":"tlv","a":"דיזנגוף"}},{"type":"Feature","id":"11015","geometry":{"type":"Point","coordinates":[34.79953,32.11765]},"properties":{"n":"ענבל","c":"kindergarten","s":"tlv","a":"מוריץ דניאל 3"}},{"type":"Feature","id":"11015","geometry":{"type":"Point","coordinates":[34.79953,32.11765]},"properties":{"n":"מנדולינה","c":"kindergarten","s":"tlv","a":"מוריץ דניאל 3"}},{"type":"Feature","id":"11027","geometry":{"type":"Point","coordinates":[34.79844,32.12524]},"properties":{"n":"שופרסל אקספרס","c":"shopping","s":"tlv","a":"אחימאיר אבא"}},{"type":"Feature","id":"11045","geometry":{"type":"Point","coordinates":[34.79269,32.13042]},"properties":{"n":"שיק שק שוק","c":"supermarket","s":"tlv","a":"גרינברג אורי צבי"}},{"type":"Feature","id":"11046","geometry":{"type":"Point","coordinates":[34.79217,32.13058]},"properties":{"n":"בודגה","c":"supermarket","s":"tlv","a":"גרינברג אורי צבי"}},{"type":"Feature","id":"11052","geometry":{"type":"Point","coordinates":[34.77707,32.095]},"properties":{"n":"ביוטי טיים","c":"wellness","s":"tlv","a":"ירמיהו הנביא"}},{"type":"Feature","id":"11067","geometry":{"type":"Point","coordinates":[34.77635,32.09163]},"properties":{"n":"מחסן לעסק בתיק רישוי 6420","c":"restaurant","s":"tlv","a":"מנדלשטם"}},{"type":"Feature","id":"11081","geometry":{"type":"Point","coordinates":[34.80179,32.12507]},"properties":{"n":"הטעם המתוק","c":"supermarket","s":"tlv","a":"אחימאיר אבא"}},{"type":"Feature","id":"11091","geometry":{"type":"Point","coordinates":[34.79996,32.10939]},"properties":{"n":"יוליה גלימידי","c":"wellness","s":"tlv","a":"כפר יונה"}},{"type":"Feature","id":"11093","geometry":{"type":"Point","coordinates":[34.79844,32.12524]},"properties":{"n":"מגזינו בייקרי","c":"restaurant","s":"tlv","a":"אחימאיר אבא"}},{"type":"Feature","id":"11098","geometry":{"type":"Point","coordinates":[34.79844,32.12524]},"properties":{"n":"טנא","c":"restaurant","s":"tlv","a":"אחימאיר אבא"}},{"type":"Feature","id":"11101","geometry":{"type":"Point","coordinates":[34.79741,32.1078]},"properties":{"n":"זליג","c":"restaurant","s":"tlv","a":"ברודצקי"}},{"type":"Feature","id":"11103","geometry":{"type":"Point","coordinates":[34.79136,32.08697]},"properties":{"n":"מספרת פיליפ וזנה","c":"wellness","s":"tlv","a":"הא באייר"}},{"type":"Feature","id":"11112","geometry":{"type":"Point","coordinates":[34.80149,32.12502]},"properties":{"n":"מחסן EMANUEL","c":"shopping","s":"tlv","a":"אחימאיר אבא"}},{"type":"Feature","id":"11114","geometry":{"type":"Point","coordinates":[34.7928,32.12144]},"properties":{"n":"חליל","c":"kindergarten","s":"tlv","a":"דולצ'ין אריה 22"}},{"type":"Feature","id":"11119","geometry":{"type":"Point","coordinates":[34.77958,32.08976]},"properties":{"n":"בוטיק סנטרל","c":"supermarket","s":"tlv","a":"בזל"}},{"type":"Feature","id":"11125","geometry":{"type":"Point","coordinates":[34.78819,32.0868]},"properties":{"n":"נוצ'י סושי אנד,מחסן 15175","c":"restaurant","s":"tlv","a":"הא באייר"}},{"type":"Feature","id":"11134","geometry":{"type":"Point","coordinates":[34.82507,32.11501]},"properties":{"n":"אוטלו","c":"restaurant","s":"tlv","a":"רוזן פנחס"}},{"type":"Feature","id":"11138","geometry":{"type":"Point","coordinates":[34.78795,32.10229]},"properties":{"n":"שרית נרקיס","c":"wellness","s":"tlv","a":"עגנון ש\"י"}},{"type":"Feature","id":"11150","geometry":{"type":"Point","coordinates":[34.78037,32.0903]},"properties":{"n":"א.ס עיצוב השיער בע\"מ","c":"wellness","s":"tlv","a":"אשתורי הפרחי"}},{"type":"Feature","id":"11159","geometry":{"type":"Point","coordinates":[34.78337,32.10097]},"properties":{"n":"טרה","c":"restaurant","s":"tlv","a":"בוני העיר"}},{"type":"Feature","id":"1116","geometry":{"type":"Point","coordinates":[34.77904,32.09008]},"properties":{"n":"אטליז רפאלוב","c":"shopping","s":"tlv","a":"בזל"}},{"type":"Feature","id":"11171","geometry":{"type":"Point","coordinates":[34.80222,32.11356]},"properties":{"n":"גילי אלזולאי","c":"wellness","s":"tlv","a":"לבנון חיים"}},{"type":"Feature","id":"11174","geometry":{"type":"Point","coordinates":[34.80111,32.11308]},"properties":{"n":"קופי ארט","c":"restaurant","s":"tlv","a":"לבנון חיים"}},{"type":"Feature","id":"11175","geometry":{"type":"Point","coordinates":[34.77589,32.08996]},"properties":{"n":"M.S","c":"wellness","s":"tlv","a":"דיזנגוף"}},{"type":"Feature","id":"11177","geometry":{"type":"Point","coordinates":[34.82506,32.11461]},"properties":{"n":"דליקטסן","c":"restaurant","s":"tlv","a":"רוזן פנחס"}},{"type":"Feature","id":"11180","geometry":{"type":"Point","coordinates":[34.77742,32.08616]},"properties":{"n":"חניון גוף ראשון","c":"sport","s":"tlv","a":"ארלוזורוב"}},{"type":"Feature","id":"11189","geometry":{"type":"Point","coordinates":[34.77421,32.0913]},"properties":{"n":"אבי עונה","c":"wellness","s":"tlv","a":"בן יהודה"}},{"type":"Feature","id":"11203","geometry":{"type":"Point","coordinates":[34.79859,32.10826]},"properties":{"n":"חניון ברודצקי","c":"parking","s":"tlv","a":"ברודצקי"}},{"type":"Feature","id":"11211","geometry":{"type":"Point","coordinates":[34.79284,32.13077]},"properties":{"n":"קייטנת קיץ בקאנטרי אזורי חן","c":"community","s":"tlv","a":"גרינברג אורי צבי"}},{"type":"Feature","id":"11224","geometry":{"type":"Point","coordinates":[34.79762,32.11178]},"properties":{"n":"פאם קליניק","c":"wellness","s":"tlv","a":"ברודצקי"}},{"type":"Feature","id":"11228","geometry":{"type":"Point","coordinates":[34.79844,32.12524]},"properties":{"n":"שופרסל אקספרס","c":"supermarket","s":"tlv","a":"אחימאיר אבא"}},{"type":"Feature","id":"11232","geometry":{"type":"Point","coordinates":[34.80777,32.11368]},"properties":{"n":"לה קפה","c":"restaurant","s":"tlv","a":"קלוזנר"}},{"type":"Feature","id":"11243","geometry":{"type":"Point","coordinates":[34.81767,32.12216]},"properties":{"n":"מזנון בית ספר שמיר","c":"restaurant","s":"tlv","a":"צוויג סטפן"}},{"type":"Feature","id":"11265","geometry":{"type":"Point","coordinates":[34.77621,32.09266]},"properties":{"n":"harmonie ensetut","c":"wellness","s":"tlv","a":"דיזנגוף"}},{"type":"Feature","id":"11274","geometry":{"type":"Point","coordinates":[34.78714,32.11243]},"properties":{"n":"מון ספא","c":"wellness","s":"tlv","a":"אינשטיין"}},{"type":"Feature","id":"1129","geometry":{"type":"Point","coordinates":[34.7897,32.08811]},"properties":{"n":"בית הבטיחות","c":"shopping","s":"tlv","a":"הא באייר"}},{"type":"Feature","id":"11308","geometry":{"type":"Point","coordinates":[34.78818,32.08663]},"properties":{"n":"מונסטון","c":"shopping","s":"tlv","a":"הא באייר"}},{"type":"Feature","id":"11312","geometry":{"type":"Point","coordinates":[34.79169,32.11729]},"properties":{"n":"דקל","c":"kindergarten","s":"tlv","a":"אקסלרוד נתן 5"}},{"type":"Feature","id":"11312","geometry":{"type":"Point","coordinates":[34.79169,32.11729]},"properties":{"n":"שחף","c":"kindergarten","s":"tlv","a":"אקסלרוד נתן 5"}},{"type":"Feature","id":"11312","geometry":{"type":"Point","coordinates":[34.79169,32.11729]},"properties":{"n":"קשת","c":"kindergarten","s":"tlv","a":"אקסלרוד נתן 5"}},{"type":"Feature","id":"11341","geometry":{"type":"Point","coordinates":[34.79032,32.10922]},"properties":{"n":"קופי ביסטרו","c":"restaurant","s":"tlv","a":"בורלא יהודה"}},{"type":"Feature","id":"11359","geometry":{"type":"Point","coordinates":[34.79743,32.11737]},"properties":{"n":"פרחי מאי פלאוור","c":"shopping","s":"tlv","a":"טאגור רבינדרנת"}},{"type":"Feature","id":"11375","geometry":{"type":"Point","coordinates":[34.77683,32.09437]},"properties":{"n":"וולאנה בריאות","c":"restaurant","s":"tlv","a":"דיזנגוף"}},{"type":"Feature","id":"11384","geometry":{"type":"Point","coordinates":[34.77615,32.09665]},"properties":{"n":"קיוב קיטשן פיצריה","c":"restaurant","s":"tlv","a":"דיזנגוף"}},{"type":"Feature","id":"11397","geometry":{"type":"Point","coordinates":[34.7993,32.12058]},"properties":{"n":"קרפור","c":"shopping","s":"tlv","a":"אופנהיימר"}},{"type":"Feature","id":"11398","geometry":{"type":"Point","coordinates":[34.79838,32.09428]},"properties":{"n":"סופר בבלי","c":"shopping","s":"tlv","a":"בבלי"}},{"type":"Feature","id":"11402","geometry":{"type":"Point","coordinates":[34.76999,32.086]},"properties":{"n":"קפה \"רוקסי\"","c":"shopping","s":"tlv","a":"הירקון"}},{"type":"Feature","id":"11420","geometry":{"type":"Point","coordinates":[34.7914,32.08681]},"properties":{"n":"רמות","c":"shopping","s":"tlv","a":"הא באייר"}},{"type":"Feature","id":"11426","geometry":{"type":"Point","coordinates":[34.78929,32.08804]},"properties":{"n":"מנימרקט כיכר המדינה","c":"supermarket","s":"tlv","a":"הא באייר"}},{"type":"Feature","id":"11450","geometry":{"type":"Point","coordinates":[34.79136,32.08697]},"properties":{"n":"מחסן לחנות פרחים לה רוז","c":"shopping","s":"tlv","a":"הא באייר"}},{"type":"Feature","id":"11489","geometry":{"type":"Point","coordinates":[34.77604,32.09555]},"properties":{"n":"סופר דיזינגוף","c":"supermarket","s":"tlv","a":"דיזנגוף"}},{"type":"Feature","id":"11512","geometry":{"type":"Point","coordinates":[34.7824,32.08935]},"properties":{"n":"משק 11","c":"shopping","s":"tlv","a":"אבן גבירול"}},{"type":"Feature","id":"11533","geometry":{"type":"Point","coordinates":[34.79671,32.11652]},"properties":{"n":"בייגלה אקספרס","c":"cafe","s":"tlv","a":"טאגור רבינדרנת"}},{"type":"Feature","id":"11538","geometry":{"type":"Point","coordinates":[34.77941,32.08978]},"properties":{"n":"קליית חממה בבזל","c":"cafe","s":"tlv","a":"בזל"}},{"type":"Feature","id":"11543","geometry":{"type":"Point","coordinates":[34.78287,32.08992]},"properties":{"n":"הבית הנקי","c":"shopping","s":"tlv","a":"אבן גבירול"}},{"type":"Feature","id":"11552","geometry":{"type":"Point","coordinates":[34.76999,32.086]},"properties":{"n":"פנינת הים","c":"cafe","s":"tlv","a":"הירקון"}},{"type":"Feature","id":"11556","geometry":{"type":"Point","coordinates":[34.79993,32.12035]},"properties":{"n":"קרפור","c":"shopping","s":"tlv","a":"אופנהיימר"}},{"type":"Feature","id":"11619","geometry":{"type":"Point","coordinates":[34.79717,32.1141]},"properties":{"n":"ניצן","c":"kindergarten","s":"tlv","a":"אנדרסן 20"}},{"type":"Feature","id":"11619","geometry":{"type":"Point","coordinates":[34.79717,32.1141]},"properties":{"n":"נטע","c":"kindergarten","s":"tlv","a":"אנדרסן 20"}},{"type":"Feature","id":"11654","geometry":{"type":"Point","coordinates":[34.77757,32.08613]},"properties":{"n":"\"גרינפלד\"","c":"shopping","s":"tlv","a":"ארלוזורוב"}},{"type":"Feature","id":"11660","geometry":{"type":"Point","coordinates":[34.78246,32.08965]},"properties":{"n":"יקי שוורץ","c":"wellness","s":"tlv","a":"אבן גבירול"}},{"type":"Feature","id":"11663","geometry":{"type":"Point","coordinates":[34.82215,32.11566]},"properties":{"n":"באבו","c":"wellness","s":"tlv","a":"קהילת פאדובה"}},{"type":"Feature","id":"11673","geometry":{"type":"Point","coordinates":[34.79677,32.09647]},"properties":{"n":"עיצוב שיער בן סירא","c":"wellness","s":"tlv","a":"בן סירא"}},{"type":"Feature","id":"1177","geometry":{"type":"Point","coordinates":[34.78898,32.09392]},"properties":{"n":"סלון אלי","c":"wellness","s":"tlv","a":"יהודה המכבי"}},{"type":"Feature","id":"11797","geometry":{"type":"Point","coordinates":[34.81192,32.10208]},"properties":{"n":"קפה בפארק","c":"cafe","s":"tlv","a":"רוקח ישראל"}},{"type":"Feature","id":"11805","geometry":{"type":"Point","coordinates":[34.79331,32.09395]},"properties":{"n":"יאשקה יהודה המכבי","c":"restaurant","s":"tlv","a":"יהודה המכבי"}},{"type":"Feature","id":"11834","geometry":{"type":"Point","coordinates":[34.78178,32.08633]},"properties":{"n":"תכשיטי הוד והדר","c":"shopping","s":"tlv+osm","a":"אבן גבירול"}},{"type":"Feature","id":"1185","geometry":{"type":"Point","coordinates":[34.80439,32.12466]},"properties":{"n":"מפגש ג'","c":"restaurant","s":"tlv","a":"אחימאיר אבא"}},{"type":"Feature","id":"11893","geometry":{"type":"Point","coordinates":[34.77501,32.09478]},"properties":{"n":"מודו פאשן סלון","c":"wellness","s":"tlv","a":"ירמיהו הנביא"}},{"type":"Feature","id":"11897","geometry":{"type":"Point","coordinates":[34.77795,32.09511]},"properties":{"n":"חומוס אשכרה","c":"restaurant","s":"tlv+osm","a":"ירמיהו הנביא","w":"https://hummus-ashkara.co.il/"}},{"type":"Feature","id":"11913","geometry":{"type":"Point","coordinates":[34.77604,32.09555]},"properties":{"n":"סופר דיזינגוף","c":"shopping","s":"tlv","a":"דיזנגוף"}},{"type":"Feature","id":"11932","geometry":{"type":"Point","coordinates":[34.789,32.08554]},"properties":{"n":"אורמן","c":"shopping","s":"tlv","a":"הא באייר"}},{"type":"Feature","id":"11957","geometry":{"type":"Point","coordinates":[34.79741,32.1078]},"properties":{"n":"הפינה","c":"restaurant","s":"tlv","a":"ברודצקי"}},{"type":"Feature","id":"11979","geometry":{"type":"Point","coordinates":[34.77612,32.09106]},"properties":{"n":"בייקרי","c":"restaurant","s":"tlv","a":"דיזנגוף"}},{"type":"Feature","id":"11992","geometry":{"type":"Point","coordinates":[34.77639,32.09715]},"properties":{"n":"פאב עמירם","c":"bar","s":"tlv","a":"אוסישקין"}},{"type":"Feature","id":"12","geometry":{"type":"Point","coordinates":[34.80173,32.11132]},"properties":{"n":"אוניברסיטה","c":"lrt_station","s":"tlv","e":"ent_b7b96e9fc665a9b8de5c7279","p":"place/university-light-rail/","f":1}},{"type":"Feature","id":"12030","geometry":{"type":"Point","coordinates":[34.79956,32.12003]},"properties":{"n":"טורי","c":"restaurant","s":"tlv","a":"אופנהיימר"}},{"type":"Feature","id":"12111","geometry":{"type":"Point","coordinates":[34.79215,32.10427]},"properties":{"n":"קפה בראלי","c":"cafe","s":"tlv","a":"בראלי"}},{"type":"Feature","id":"1217","geometry":{"type":"Point","coordinates":[34.78047,32.0909]},"properties":{"n":"הדובדבן בבזל","c":"shopping","s":"tlv","a":"אשתורי הפרחי"}},{"type":"Feature","id":"12182","geometry":{"type":"Point","coordinates":[34.77645,32.09373]},"properties":{"n":"אובל","c":"shopping","s":"tlv","a":"דיזנגוף"}},{"type":"Feature","id":"12202","geometry":{"type":"Point","coordinates":[34.79838,32.09428]},"properties":{"n":"סופר בבלי","c":"supermarket","s":"tlv","a":"בבלי"}},{"type":"Feature","id":"12214","geometry":{"type":"Point","coordinates":[34.82457,32.11435]},"properties":{"n":"בר לחם","c":"restaurant","s":"tlv","a":"קהילת סלוניקי"}},{"type":"Feature","id":"12245","geometry":{"type":"Point","coordinates":[34.79163,32.10393]},"properties":{"n":"ורד הצלע","c":"shopping","s":"tlv+osm","a":"בראלי"}},{"type":"Feature","id":"12246","geometry":{"type":"Point","coordinates":[34.79215,32.10427]},"properties":{"n":"ורד הצלע","c":"shopping","s":"tlv","a":"בראלי"}},{"type":"Feature","id":"1229","geometry":{"type":"Point","coordinates":[34.77311,32.08767]},"properties":{"n":"נונו אנג'לו","c":"cafe","s":"tlv","a":"בן יהודה"}},{"type":"Feature","id":"12319","geometry":{"type":"Point","coordinates":[34.76999,32.086]},"properties":{"n":"פור דה סול","c":"restaurant","s":"tlv","a":"הירקון"}},{"type":"Feature","id":"1234","geometry":{"type":"Point","coordinates":[34.78264,32.09067]},"properties":{"n":"המזג","c":"bar","s":"tlv","a":"אבן גבירול"}},{"type":"Feature","id":"12379","geometry":{"type":"Point","coordinates":[34.77615,32.09519]},"properties":{"n":"כיף לי","c":"cafe","s":"tlv","a":"דיזנגוף"}},{"type":"Feature","id":"12402","geometry":{"type":"Point","coordinates":[34.78296,32.09041]},"properties":{"n":"אצל אסנת","c":"restaurant","s":"tlv","a":"אבן גבירול"}},{"type":"Feature","id":"12408","geometry":{"type":"Point","coordinates":[34.78602,32.0877]},"properties":{"n":"טיפול יופי וקוסמיטקה -יול","c":"wellness","s":"tlv","a":"רמז דוד"}},{"type":"Feature","id":"12433","geometry":{"type":"Point","coordinates":[34.79762,32.11178]},"properties":{"n":"דרבי דג","c":"restaurant","s":"tlv","a":"ברודצקי"}},{"type":"Feature","id":"12443","geometry":{"type":"Point","coordinates":[34.77586,32.09136]},"properties":{"n":"Gentlemen's","c":"wellness","s":"tlv","a":"דיזנגוף"}},{"type":"Feature","id":"12465","geometry":{"type":"Point","coordinates":[34.79256,32.10479]},"properties":{"n":"דלק מנטה קמעונאות דרכים ב","c":"restaurant","s":"tlv","a":"נמיר מרדכי"}},{"type":"Feature","id":"1252","geometry":{"type":"Point","coordinates":[34.7749,32.08749]},"properties":{"n":"מן השדה","c":"supermarket","s":"tlv","a":"דיזנגוף"}},{"type":"Feature","id":"12555","geometry":{"type":"Point","coordinates":[34.77612,32.09106]},"properties":{"n":"בייקרי","c":"supermarket","s":"tlv","a":"דיזנגוף"}},{"type":"Feature","id":"12566","geometry":{"type":"Point","coordinates":[34.78213,32.08795]},"properties":{"n":"קיוסק בונבון","c":"shopping","s":"tlv","a":"אבן גבירול"}},{"type":"Feature","id":"12572","geometry":{"type":"Point","coordinates":[34.77008,32.08574]},"properties":{"n":"לאונרדו גורדון ביץ","c":"restaurant","s":"tlv","a":"הירקון"}},{"type":"Feature","id":"1258","geometry":{"type":"Point","coordinates":[34.81598,32.11154]},"properties":{"n":"SUPER","c":"supermarket","s":"tlv","a":"בני אפרים"}},{"type":"Feature","id":"12603","geometry":{"type":"Point","coordinates":[34.82457,32.11435]},"properties":{"n":"הקופסא","c":"restaurant","s":"tlv","a":"קהילת סלוניקי"}},{"type":"Feature","id":"12642","geometry":{"type":"Point","coordinates":[34.79314,32.09404]},"properties":{"n":"טוליפ","c":"shopping","s":"tlv","a":"יהודה המכבי"}},{"type":"Feature","id":"12676","geometry":{"type":"Point","coordinates":[34.82001,32.12026]},"properties":{"n":"מתחת לעץ","c":"restaurant","s":"tlv","a":"בני אפרים"}},{"type":"Feature","id":"12679","geometry":{"type":"Point","coordinates":[34.79083,32.09042]},"properties":{"n":"מ.י מאכלי הצפון הצפון בע\"","c":"restaurant","s":"tlv","a":"ויצמן"}},{"type":"Feature","id":"12690","geometry":{"type":"Point","coordinates":[34.78304,32.09296]},"properties":{"n":"אורן כהן אמנות השיער","c":"wellness","s":"tlv","a":"אבן גבירול"}},{"type":"Feature","id":"12732","geometry":{"type":"Point","coordinates":[34.79384,32.08871]},"properties":{"n":"גן אהבת ציון 2","c":"kindergarten","s":"tlv","a":"אהבת ציון 22"}},{"type":"Feature","id":"12742","geometry":{"type":"Point","coordinates":[34.76821,32.08549]},"properties":{"n":"COB","c":"restaurant","s":"tlv","a":"פרי אליעזר"}},{"type":"Feature","id":"12744","geometry":{"type":"Point","coordinates":[34.80331,32.12503]},"properties":{"n":"\"זאוס מתנות לגבר\"","c":"shopping","s":"tlv","a":"אחימאיר אבא"}},{"type":"Feature","id":"12755","geometry":{"type":"Point","coordinates":[34.79724,32.11665]},"properties":{"n":"פיצוחי נווה אביבים","c":"shopping","s":"tlv","a":"טאגור רבינדרנת"}},{"type":"Feature","id":"12756","geometry":{"type":"Point","coordinates":[34.77561,32.0949]},"properties":{"n":"מכון יופי","c":"wellness","s":"tlv","a":"בן יהודה"}},{"type":"Feature","id":"12778","geometry":{"type":"Point","coordinates":[34.77627,32.0917]},"properties":{"n":"יוסי סאן","c":"wellness","s":"tlv","a":"דיזנגוף"}},{"type":"Feature","id":"12783","geometry":{"type":"Point","coordinates":[34.789,32.08554]},"properties":{"n":"זריה וסימון בע\"מ","c":"shopping","s":"tlv","a":"הא באייר"}},{"type":"Feature","id":"12790","geometry":{"type":"Point","coordinates":[34.77616,32.09117]},"properties":{"n":"המספרה","c":"wellness","s":"tlv","a":"דיזנגוף"}},{"type":"Feature","id":"12819","geometry":{"type":"Point","coordinates":[34.77439,32.08707]},"properties":{"n":"ארלוזורוב/דיזנגוף","c":"transit_stop","s":"tlv","a":"ארלוזורוב 19"}},{"type":"Feature","id":"12823","geometry":{"type":"Point","coordinates":[34.77463,32.09532]},"properties":{"n":"EI-CO מעצבי שיער בע\"מ","c":"wellness","s":"tlv","a":"ירמיהו הנביא"}},{"type":"Feature","id":"12826","geometry":{"type":"Point","coordinates":[34.79436,32.09652]},"properties":{"n":"ילו הירקון","c":"restaurant","s":"tlv","a":"נמיר מרדכי"}},{"type":"Feature","id":"12839","geometry":{"type":"Point","coordinates":[34.77312,32.09185]},"properties":{"n":"ירקון/ויתקין","c":"transit_stop","s":"tlv","a":"הירקון 248"}},{"type":"Feature","id":"12846","geometry":{"type":"Point","coordinates":[34.77372,32.08935]},"properties":{"n":"בן יהודה/ז'בוטינסקי","c":"transit_stop","s":"tlv","a":"בן יהודה 163"}},{"type":"Feature","id":"12847","geometry":{"type":"Point","coordinates":[34.77368,32.09403]},"properties":{"n":"מלון טל -הגשת תה וקפה","c":"cafe","s":"tlv","a":"הירקון"}},{"type":"Feature","id":"12848","geometry":{"type":"Point","coordinates":[34.77431,32.09515]},"properties":{"n":"נמל תל אביב/הירקון","c":"transit_stop","s":"tlv","a":"הירקון 288"}},{"type":"Feature","id":"12849","geometry":{"type":"Point","coordinates":[34.77514,32.09411]},"properties":{"n":"בן יהודה/ירמיהו","c":"transit_stop","s":"tlv","a":"בן יהודה 215"}},{"type":"Feature","id":"12851","geometry":{"type":"Point","coordinates":[34.78891,32.10994]},"properties":{"n":"שד' לוי אשכול/דב האוזנר","c":"transit_stop","s":"tlv","a":"שדרות לוי אשכול 47"}},{"type":"Feature","id":"12860","geometry":{"type":"Point","coordinates":[34.79671,32.11652]},"properties":{"n":"להקופ","c":"wellness","s":"tlv","a":"טאגור רבינדרנת"}},{"type":"Feature","id":"12862","geometry":{"type":"Point","coordinates":[34.77128,32.08794]},"properties":{"n":"הירקון/ארלוזורוב","c":"transit_stop","s":"tlv","a":"הירקון 194"}},{"type":"Feature","id":"12865","geometry":{"type":"Point","coordinates":[34.78925,32.11174]},"properties":{"n":"שד' לוי אשכול/אינשטיין","c":"transit_stop","s":"tlv","a":"שדרות לוי אשכול 53"}},{"type":"Feature","id":"12871","geometry":{"type":"Point","coordinates":[34.77655,32.09406]},"properties":{"n":"אלקנה ציפורה","c":"shopping","s":"tlv","a":"דיזנגוף"}},{"type":"Feature","id":"12881","geometry":{"type":"Point","coordinates":[34.78274,32.08977]},"properties":{"n":"אבן גבירול/פרופ' שור","c":"transit_stop","s":"tlv","a":"אבן גבירול 154"}},{"type":"Feature","id":"12888","geometry":{"type":"Point","coordinates":[34.7993,32.12058]},"properties":{"n":"קרפור","c":"supermarket","s":"tlv","a":"אופנהיימר"}},{"type":"Feature","id":"12894","geometry":{"type":"Point","coordinates":[34.77878,32.08604]},"properties":{"n":"ארלוזורוב/שלמה המלך","c":"transit_stop","s":"tlv","a":"ארלוזורוב 53"}},{"type":"Feature","id":"12897","geometry":{"type":"Point","coordinates":[34.8209,32.10704]},"properties":{"n":"מובידיק דגים","c":"sport","s":"tlv","a":"אש שלום"}},{"type":"Feature","id":"12899","geometry":{"type":"Point","coordinates":[34.82015,32.10587]},"properties":{"n":"מרכז הספורט/בכור שטרית","c":"transit_stop","s":"tlv","a":"בכור שלום שטרית 16"}},{"type":"Feature","id":"12910","geometry":{"type":"Point","coordinates":[34.79414,32.09538]},"properties":{"n":"דרך נמיר/יהודה המכבי","c":"transit_stop","s":"tlv","a":"דרך נמיר 127"}},{"type":"Feature","id":"12914","geometry":{"type":"Point","coordinates":[34.78927,32.09393]},"properties":{"n":"אפרסמון","c":"kindergarten","s":"tlv","a":"יהודה המכבי 47"}},{"type":"Feature","id":"12914","geometry":{"type":"Point","coordinates":[34.78927,32.09393]},"properties":{"n":"פומלית","c":"kindergarten","s":"tlv","a":"יהודה המכבי 47"}},{"type":"Feature","id":"12920","geometry":{"type":"Point","coordinates":[34.79792,32.11233]},"properties":{"n":"קניון רמת אביב/ברודצקי","c":"transit_stop","s":"tlv","a":"ברודצקי 66"}},{"type":"Feature","id":"12920","geometry":{"type":"Point","coordinates":[34.77639,32.0921]},"properties":{"n":"שייק פרי בר","c":"shopping","s":"tlv","a":"דיזנגוף"}},{"type":"Feature","id":"12925","geometry":{"type":"Point","coordinates":[34.77495,32.09378]},"properties":{"n":"די אנד או","c":"wellness","s":"tlv","a":"בן יהודה"}},{"type":"Feature","id":"12927","geometry":{"type":"Point","coordinates":[34.79409,32.10837]},"properties":{"n":"ביה''ס אלומות/רדינג","c":"transit_stop","s":"tlv","a":"רדינג 39"}},{"type":"Feature","id":"12928","geometry":{"type":"Point","coordinates":[34.79471,32.10912]},"properties":{"n":"רדינג/אשר ברש","c":"transit_stop","s":"tlv","a":"רדינג 43"}},{"type":"Feature","id":"12936","geometry":{"type":"Point","coordinates":[34.80279,32.10671]},"properties":{"n":"קמפוס ברושים/שלום רוזנפלד","c":"transit_stop","s":"tlv","a":"שלום רוזנפלד"}},{"type":"Feature","id":"12938","geometry":{"type":"Point","coordinates":[34.79249,32.13007]},"properties":{"n":"גרקו אוזרי","c":"restaurant","s":"tlv","a":"גרינברג אורי צבי"}},{"type":"Feature","id":"12943","geometry":{"type":"Point","coordinates":[34.79889,32.12208]},"properties":{"n":"שד' קק''ל/שלמה בן יוסף","c":"transit_stop","s":"tlv","a":"שדרות קרן קיימת לישראל 19"}},{"type":"Feature","id":"12969","geometry":{"type":"Point","coordinates":[34.77578,32.09691]},"properties":{"n":"בולטהאוס בע\"מ","c":"shopping","s":"tlv","a":"דיזנגוף"}},{"type":"Feature","id":"12970","geometry":{"type":"Point","coordinates":[34.77639,32.0921]},"properties":{"n":"סוסקה","c":"shopping","s":"tlv","a":"דיזנגוף"}},{"type":"Feature","id":"12974","geometry":{"type":"Point","coordinates":[34.80015,32.12164]},"properties":{"n":"שד' קק''ל/אופנהיימר","c":"transit_stop","s":"tlv","a":"שדרות קרן קיימת לישראל 20"}},{"type":"Feature","id":"12984","geometry":{"type":"Point","coordinates":[34.79576,32.11904]},"properties":{"n":"עיצוב שיער עמוס גנור","c":"wellness","s":"tlv","a":"לויטן יצחק"}},{"type":"Feature","id":"12994","geometry":{"type":"Point","coordinates":[34.78819,32.0868]},"properties":{"n":"מרקט אקספרס","c":"shopping","s":"tlv","a":"הא באייר"}},{"type":"Feature","id":"13","geometry":{"type":"Point","coordinates":[34.80124,32.10744]},"properties":{"n":"ברושים","c":"lrt_station","s":"tlv","e":"ent_ada772d22083515b18de21e6","p":"place/broshim-light-rail/","f":1}},{"type":"Feature","id":"1301","geometry":{"type":"Point","coordinates":[34.78666,32.08716]},"properties":{"n":"אוסישקין גלידות תל אביב ב","c":"restaurant","s":"tlv","a":"ז'בוטינסקי"}},{"type":"Feature","id":"13048","geometry":{"type":"Point","coordinates":[34.77433,32.09611]},"properties":{"n":"אריק מאיוסט","c":"wellness","s":"tlv","a":"הירקון"}},{"type":"Feature","id":"13049","geometry":{"type":"Point","coordinates":[34.80129,32.10765]},"properties":{"n":"מכון התקנים/חיים לבנון","c":"transit_stop","s":"tlv","a":"חיים לבנון 36"}},{"type":"Feature","id":"13050","geometry":{"type":"Point","coordinates":[34.80153,32.11021]},"properties":{"n":"חיים לבנון/ד''ר ג'ורג' וויז","c":"transit_stop","s":"tlv","a":"חיים לבנון 49"}},{"type":"Feature","id":"13051","geometry":{"type":"Point","coordinates":[34.80129,32.11396]},"properties":{"n":"האוניברסיטה/חיים לבנון","c":"transit_stop","s":"tlv","a":"חיים לבנון 65"}},{"type":"Feature","id":"13051","geometry":{"type":"Point","coordinates":[34.7943,32.08746]},"properties":{"n":"Hadar Hadad","c":"wellness","s":"tlv","a":"שרת משה"}},{"type":"Feature","id":"13052","geometry":{"type":"Point","coordinates":[34.80138,32.1178]},"properties":{"n":"חיים לבנון/קלצ'קין","c":"transit_stop","s":"tlv","a":"חיים לבנון 83"}},{"type":"Feature","id":"13054","geometry":{"type":"Point","coordinates":[34.80187,32.11904]},"properties":{"n":"חיים לבנון/קלצ'קין","c":"transit_stop","s":"tlv","a":"חיים לבנון 84"}},{"type":"Feature","id":"13071","geometry":{"type":"Point","coordinates":[34.78299,32.09056]},"properties":{"n":"הסובל","c":"restaurant","s":"tlv","a":"אבן גבירול"}},{"type":"Feature","id":"13072","geometry":{"type":"Point","coordinates":[34.7958,32.10343]},"properties":{"n":"חיים לבנון/רדינג","c":"transit_stop","s":"tlv","a":"חיים לבנון 7"}},{"type":"Feature","id":"13085","geometry":{"type":"Point","coordinates":[34.77555,32.09505]},"properties":{"n":"עירוני ה'/בן יהודה","c":"transit_stop","s":"tlv","a":"בן יהודה 256"}},{"type":"Feature","id":"13093","geometry":{"type":"Point","coordinates":[34.81652,32.10636]},"properties":{"n":"מגרשי הטניס/בכור שטרית","c":"transit_stop","s":"tlv","a":"בכור שלום שטרית 4"}},{"type":"Feature","id":"13094","geometry":{"type":"Point","coordinates":[34.78542,32.08903]},"properties":{"n":"פרי השחר","c":"supermarket","s":"tlv","a":"מוזר יעקב"}},{"type":"Feature","id":"13096","geometry":{"type":"Point","coordinates":[34.79713,32.10372]},"properties":{"n":"מוזאון ארץ ישראל/חיים לבנון","c":"transit_stop","s":"tlv","a":"חיים לבנון 6"}},{"type":"Feature","id":"13097","geometry":{"type":"Point","coordinates":[34.82221,32.10629]},"properties":{"n":"איצטדיון הדר יוסף/בכור שטרית","c":"transit_stop","s":"tlv","a":"בכור שלום שטרית 37"}},{"type":"Feature","id":"13099","geometry":{"type":"Point","coordinates":[34.81943,32.10605]},"properties":{"n":"מרכז הספורט/בכור שטרית","c":"transit_stop","s":"tlv","a":"בכור שלום שטרית 25"}},{"type":"Feature","id":"13100","geometry":{"type":"Point","coordinates":[34.80168,32.1121]},"properties":{"n":"חיים לבנון/ד''ר ג'ורג' וויז","c":"transit_stop","s":"tlv","a":"חיים לבנון 52"}},{"type":"Feature","id":"13101","geometry":{"type":"Point","coordinates":[34.78201,32.08736]},"properties":{"n":"אבי מור","c":"wellness","s":"tlv","a":"אבן גבירול"}},{"type":"Feature","id":"13106","geometry":{"type":"Point","coordinates":[34.78944,32.12859]},"properties":{"n":"ת. דלק פז למד/2040","c":"transit_stop","s":"tlv","a":"2433"}},{"type":"Feature","id":"13108","geometry":{"type":"Point","coordinates":[34.79959,32.12052]},"properties":{"n":"ארקפה","c":"cafe","s":"tlv","a":"רב אשי"}},{"type":"Feature","id":"13117","geometry":{"type":"Point","coordinates":[34.79981,32.10553]},"properties":{"n":"מכון הנפט/חיים לבנון","c":"transit_stop","s":"tlv","a":"חיים לבנון 27"}},{"type":"Feature","id":"13117","geometry":{"type":"Point","coordinates":[34.77538,32.09413]},"properties":{"n":"טיקי טקה","c":"cafe","s":"tlv","a":"בן יהודה"}},{"type":"Feature","id":"13126","geometry":{"type":"Point","coordinates":[34.80136,32.11265]},"properties":{"n":"האוניברסיטה/חיים לבנון","c":"transit_stop","s":"tlv","a":"חיים לבנון 61"}},{"type":"Feature","id":"1313","geometry":{"type":"Point","coordinates":[34.79741,32.1066]},"properties":{"n":"אלדין","c":"restaurant","s":"tlv","a":"ברודצקי"}},{"type":"Feature","id":"13131","geometry":{"type":"Point","coordinates":[34.81966,32.12048]},"properties":{"n":"בני אפרים/חנה רובינא","c":"transit_stop","s":"tlv","a":"בני אפרים 279"}},{"type":"Feature","id":"13134","geometry":{"type":"Point","coordinates":[34.79467,32.12313]},"properties":{"n":"דרך נמיר/שד' קק''ל","c":"transit_stop","s":"tlv","a":"דרך נמיר"}},{"type":"Feature","id":"13136","geometry":{"type":"Point","coordinates":[34.7953,32.09029]},"properties":{"n":"תיכון חדש רבין/דרך נמיר","c":"transit_stop","s":"tlv","a":"דרך נמיר"}},{"type":"Feature","id":"13145","geometry":{"type":"Point","coordinates":[34.80215,32.11801]},"properties":{"n":"קלצ'קין/חיים לבנון","c":"transit_stop","s":"tlv","a":"קלצ'קין"}},{"type":"Feature","id":"13153","geometry":{"type":"Point","coordinates":[34.81257,32.10551]},"properties":{"n":"לונה פארק/שד' רוקח","c":"transit_stop","s":"tlv","a":"שדרות רוקח 106"}},{"type":"Feature","id":"13154","geometry":{"type":"Point","coordinates":[34.79549,32.08637]},"properties":{"n":"דרך נמיר/ז'בוטינסקי","c":"transit_stop","s":"tlv","a":"דרך נמיר 66"}},{"type":"Feature","id":"13155","geometry":{"type":"Point","coordinates":[34.82177,32.12188]},"properties":{"n":"בני אפרים/מנורה","c":"transit_stop","s":"tlv","a":"בני אפרים 297"}},{"type":"Feature","id":"13179","geometry":{"type":"Point","coordinates":[34.79373,32.1028]},"properties":{"n":"סמינר הקיבוצים/חיים לבנון","c":"transit_stop","s":"tlv","a":"חיים לבנון"}},{"type":"Feature","id":"13181","geometry":{"type":"Point","coordinates":[34.79521,32.09201]},"properties":{"n":"דרך נמיר/פנקס","c":"transit_stop","s":"tlv","a":"דרך נמיר 92"}},{"type":"Feature","id":"13183","geometry":{"type":"Point","coordinates":[34.79071,32.12342]},"properties":{"n":"צבי פרופס/שד' לוי אשכול","c":"transit_stop","s":"tlv","a":"צבי פרופס"}},{"type":"Feature","id":"13184","geometry":{"type":"Point","coordinates":[34.79603,32.133]},"properties":{"n":"קריית חינוך/שושנה פרסיץ","c":"transit_stop","s":"tlv","a":"שושנה פרסיץ 9"}},{"type":"Feature","id":"13200","geometry":{"type":"Point","coordinates":[34.77589,32.09616]},"properties":{"n":"בין - 281","c":"cafe","s":"tlv","a":"דיזנגוף"}},{"type":"Feature","id":"13202","geometry":{"type":"Point","coordinates":[34.80749,32.11133]},"properties":{"n":"הפקולטה להנדסה/קלאוזנר","c":"transit_stop","s":"tlv","a":"קלאוזנר 8"}},{"type":"Feature","id":"13207","geometry":{"type":"Point","coordinates":[34.77018,32.08605]},"properties":{"n":"סופר שירוקו","c":"supermarket","s":"tlv","a":"הירקון"}},{"type":"Feature","id":"13208","geometry":{"type":"Point","coordinates":[34.79462,32.1046]},"properties":{"n":"רדינג/ברודצקי","c":"transit_stop","s":"tlv","a":"רדינג 12"}},{"type":"Feature","id":"13209","geometry":{"type":"Point","coordinates":[34.79415,32.10723]},"properties":{"n":"ביה''ס אליאנס/רדינג","c":"transit_stop","s":"tlv","a":"רדינג"}},{"type":"Feature","id":"13210","geometry":{"type":"Point","coordinates":[34.79416,32.10653]},"properties":{"n":"ביה''ס אליאנס/רדינג","c":"transit_stop","s":"tlv","a":"רדינג 25"}},{"type":"Feature","id":"13211","geometry":{"type":"Point","coordinates":[34.79779,32.10986]},"properties":{"n":"רדינג/הברון הירש","c":"transit_stop","s":"tlv","a":"רדינג 54"}},{"type":"Feature","id":"13212","geometry":{"type":"Point","coordinates":[34.79443,32.10439]},"properties":{"n":"רדינג/הררי","c":"transit_stop","s":"tlv","a":"רדינג 9"}},{"type":"Feature","id":"13213","geometry":{"type":"Point","coordinates":[34.79552,32.10957]},"properties":{"n":"רדינג/אשר ברש","c":"transit_stop","s":"tlv","a":"רדינג 47"}},{"type":"Feature","id":"13219","geometry":{"type":"Point","coordinates":[34.81443,32.10745]},"properties":{"n":"שד' רוקח/בכור שטרית","c":"transit_stop","s":"tlv","a":"שדרות רוקח 103"}},{"type":"Feature","id":"13220","geometry":{"type":"Point","coordinates":[34.80966,32.10383]},"properties":{"n":"אקספו תל אביב/שד' רוקח","c":"transit_stop","s":"tlv","a":"שדרות רוקח 98"}},{"type":"Feature","id":"13220","geometry":{"type":"Point","coordinates":[34.80463,32.12461]},"properties":{"n":"קרפור","c":"shopping","s":"tlv","a":"אחימאיר אבא"}},{"type":"Feature","id":"13221","geometry":{"type":"Point","coordinates":[34.80531,32.10258]},"properties":{"n":"ת. רכבת האוניברסיטה/שד' רוקח","c":"transit_stop","s":"tlv","a":"שדרות רוקח"}},{"type":"Feature","id":"13227","geometry":{"type":"Point","coordinates":[34.8209,32.10704]},"properties":{"n":"קרפור סיטי","c":"shopping","s":"tlv","a":"אש שלום"}},{"type":"Feature","id":"13228","geometry":{"type":"Point","coordinates":[34.82114,32.1069]},"properties":{"n":"קרפור סיטי","c":"supermarket","s":"tlv","a":"אש שלום"}},{"type":"Feature","id":"13229","geometry":{"type":"Point","coordinates":[34.80724,32.1155]},"properties":{"n":"מדעי החיים/קלאוזנר","c":"transit_stop","s":"tlv","a":"קלאוזנר"}},{"type":"Feature","id":"13235","geometry":{"type":"Point","coordinates":[34.78889,32.12793]},"properties":{"n":"ת. דלק פז למד/2040","c":"transit_stop","s":"tlv","a":"2433"}},{"type":"Feature","id":"13236","geometry":{"type":"Point","coordinates":[34.81744,32.11876]},"properties":{"n":"שד' קק''ל/בני אפרים","c":"transit_stop","s":"tlv","a":"שדרות קרן קיימת לישראל 167"}},{"type":"Feature","id":"13259","geometry":{"type":"Point","coordinates":[34.77589,32.09687]},"properties":{"n":"נמל תל אביב/דיזינגוף","c":"transit_stop","s":"tlv","a":"דיזנגוף 293"}},{"type":"Feature","id":"13269","geometry":{"type":"Point","coordinates":[34.7746,32.09152]},"properties":{"n":"טרנזיישן","c":"wellness","s":"tlv","a":"בן יהודה"}},{"type":"Feature","id":"13282","geometry":{"type":"Point","coordinates":[34.79741,32.1078]},"properties":{"n":"הפינה","c":"bar","s":"tlv","a":"ברודצקי"}},{"type":"Feature","id":"13289","geometry":{"type":"Point","coordinates":[34.80219,32.11391]},"properties":{"n":"גפניקה אוניברסיטה","c":"restaurant","s":"tlv","a":"אוניברסיטת ת\"א"}},{"type":"Feature","id":"13291","geometry":{"type":"Point","coordinates":[34.77687,32.09411]},"properties":{"n":"D298","c":"restaurant","s":"tlv","a":"דיזנגוף"}},{"type":"Feature","id":"13292","geometry":{"type":"Point","coordinates":[34.7732,32.08683]},"properties":{"n":"ינקה","c":"wellness","s":"tlv","a":"בן יהודה"}},{"type":"Feature","id":"13300","geometry":{"type":"Point","coordinates":[34.80216,32.12524]},"properties":{"n":"צרפתי אופנת עור בע\"מ","c":"shopping","s":"tlv","a":"אחימאיר אבא"}},{"type":"Feature","id":"13306","geometry":{"type":"Point","coordinates":[34.77596,32.0963]},"properties":{"n":"דיזנגוף/בן יהודה","c":"transit_stop","s":"tlv","a":"דיזנגוף 285"}},{"type":"Feature","id":"13307","geometry":{"type":"Point","coordinates":[34.77502,32.09335]},"properties":{"n":"בן יהודה/שד' נורדאו","c":"transit_stop","s":"tlv","a":"בן יהודה 240"}},{"type":"Feature","id":"13308","geometry":{"type":"Point","coordinates":[34.77403,32.09]},"properties":{"n":"בן יהודה/ז'בוטינסקי","c":"transit_stop","s":"tlv","a":"בן יהודה 200"}},{"type":"Feature","id":"13315","geometry":{"type":"Point","coordinates":[34.77279,32.08547]},"properties":{"n":"Better Wine","c":"shopping","s":"tlv+osm","a":"בן יהודה"}},{"type":"Feature","id":"13318","geometry":{"type":"Point","coordinates":[34.78363,32.09434]},"properties":{"n":"כיכר מילאנו/אבן גבירול","c":"transit_stop","s":"tlv","a":"אבן גבירול 186"}},{"type":"Feature","id":"13329","geometry":{"type":"Point","coordinates":[34.79987,32.11985]},"properties":{"n":"יקי גולברי ביוטי","c":"wellness","s":"tlv","a":"אופנהיימר"}},{"type":"Feature","id":"1333","geometry":{"type":"Point","coordinates":[34.77482,32.09224]},"properties":{"n":"מציצים","c":"shopping","s":"tlv","a":"בן יהודה"}},{"type":"Feature","id":"13348","geometry":{"type":"Point","coordinates":[34.81068,32.1046]},"properties":{"n":"אקספו תל אביב/שד' רוקח","c":"transit_stop","s":"tlv","a":"שדרות רוקח"}},{"type":"Feature","id":"13350","geometry":{"type":"Point","coordinates":[34.77752,32.09482]},"properties":{"n":"אביב הייר בוטיק","c":"wellness","s":"tlv","a":"ירמיהו הנביא"}},{"type":"Feature","id":"13353","geometry":{"type":"Point","coordinates":[34.76973,32.08609]},"properties":{"n":"\"ג'יפסי\"","c":"cafe","s":"tlv","a":"נמיר- אתרים"}},{"type":"Feature","id":"13358","geometry":{"type":"Point","coordinates":[34.79278,32.10189]},"properties":{"n":"סמינר הקיבוצים/דרך נמיר","c":"transit_stop","s":"tlv","a":"דרך נמיר"}},{"type":"Feature","id":"13359","geometry":{"type":"Point","coordinates":[34.80702,32.1097]},"properties":{"n":"הפקולטה להנדסה/ד''ר ג'ורג' וויז","c":"transit_stop","s":"tlv","a":"ד''ר ג'ורג' וייז"}},{"type":"Feature","id":"13360","geometry":{"type":"Point","coordinates":[34.79771,32.10416]},"properties":{"n":"מוזאון ארץ ישראל/חיים לבנון","c":"transit_stop","s":"tlv","a":"חיים לבנון 15"}},{"type":"Feature","id":"13387","geometry":{"type":"Point","coordinates":[34.77655,32.09505]},"properties":{"n":"פור עידן","c":"wellness","s":"tlv","a":"דיזנגוף"}},{"type":"Feature","id":"13403","geometry":{"type":"Point","coordinates":[34.80463,32.12461]},"properties":{"n":"קואופ רמת אביב ג","c":"shopping","s":"tlv","a":"אחימאיר אבא"}},{"type":"Feature","id":"13404","geometry":{"type":"Point","coordinates":[34.80463,32.12461]},"properties":{"n":"קרפור","c":"supermarket","s":"tlv","a":"אחימאיר אבא"}},{"type":"Feature","id":"13407","geometry":{"type":"Point","coordinates":[34.80407,32.12478]},"properties":{"n":"מספרת ראובן","c":"wellness","s":"tlv","a":"אחימאיר אבא"}},{"type":"Feature","id":"13411","geometry":{"type":"Point","coordinates":[34.77632,32.09189]},"properties":{"n":"בבקה","c":"supermarket","s":"tlv","a":"דיזנגוף"}},{"type":"Feature","id":"13421","geometry":{"type":"Point","coordinates":[34.789,32.08554]},"properties":{"n":"אבי רז","c":"wellness","s":"tlv","a":"הא באייר"}},{"type":"Feature","id":"13430","geometry":{"type":"Point","coordinates":[34.7943,32.08746]},"properties":{"n":"בתקפה","c":"cafe","s":"tlv","a":"שרת משה"}},{"type":"Feature","id":"13447","geometry":{"type":"Point","coordinates":[34.79993,32.12035]},"properties":{"n":"דיפלורה","c":"shopping","s":"tlv","a":"אופנהיימר"}},{"type":"Feature","id":"13448","geometry":{"type":"Point","coordinates":[34.8209,32.10704]},"properties":{"n":"פיצה דן-דן","c":"restaurant","s":"tlv","a":"אש שלום"}},{"type":"Feature","id":"13455","geometry":{"type":"Point","coordinates":[34.82306,32.11432]},"properties":{"n":"מאפיית פארין","c":"cafe","s":"tlv","a":"קהילת ונציה"}},{"type":"Feature","id":"13479","geometry":{"type":"Point","coordinates":[34.79743,32.11737]},"properties":{"n":"משה זר","c":"wellness","s":"tlv","a":"טאגור רבינדרנת"}},{"type":"Feature","id":"13482","geometry":{"type":"Point","coordinates":[34.77795,32.09511]},"properties":{"n":"מיץ","c":"shopping","s":"tlv","a":"ירמיהו הנביא"}},{"type":"Feature","id":"13495","geometry":{"type":"Point","coordinates":[34.76971,32.08648]},"properties":{"n":"קרלטון-לובי","c":"restaurant","s":"tlv","a":"פרי אליעזר"}},{"type":"Feature","id":"13506","geometry":{"type":"Point","coordinates":[34.78218,32.08829]},"properties":{"n":"קיוסק קופי שופ","c":"shopping","s":"tlv","a":"אבן גבירול"}},{"type":"Feature","id":"1351","geometry":{"type":"Point","coordinates":[34.78375,32.09443]},"properties":{"n":"מספרת שריקי","c":"wellness","s":"tlv","a":"אבן גבירול"}},{"type":"Feature","id":"13512","geometry":{"type":"Point","coordinates":[34.78375,32.09443]},"properties":{"n":"יאקי שורץ","c":"wellness","s":"tlv","a":"אבן גבירול"}},{"type":"Feature","id":"13597","geometry":{"type":"Point","coordinates":[34.79163,32.10393]},"properties":{"n":"בית מרקחת למד","c":"pharmacy","s":"tlv+osm","a":"בראלי"}},{"type":"Feature","id":"13598","geometry":{"type":"Point","coordinates":[34.77925,32.0898]},"properties":{"n":"מרכז פירות וירקות מואסי","c":"supermarket","s":"tlv","a":"בזל"}},{"type":"Feature","id":"13599","geometry":{"type":"Point","coordinates":[34.80149,32.12502]},"properties":{"n":"פיצוחי ג'","c":"cafe","s":"tlv","a":"אחימאיר אבא"}},{"type":"Feature","id":"13629","geometry":{"type":"Point","coordinates":[34.80357,32.12493]},"properties":{"n":"כל בו רמת אביב ג'","c":"shopping","s":"tlv","a":"אחימאיר אבא"}},{"type":"Feature","id":"13641","geometry":{"type":"Point","coordinates":[34.79844,32.12524]},"properties":{"n":"קול פרוייקטים","c":"restaurant","s":"tlv","a":"אחימאיר אבא"}},{"type":"Feature","id":"13643","geometry":{"type":"Point","coordinates":[34.7873,32.09111]},"properties":{"n":"קפה בראלי","c":"shopping","s":"tlv","a":"פנקס דוד צבי"}},{"type":"Feature","id":"13658","geometry":{"type":"Point","coordinates":[34.77451,32.08541]},"properties":{"n":"דיזנגוף/יודפת","c":"transit_stop","s":"tlv","a":"דיזנגוף 181"}},{"type":"Feature","id":"13659","geometry":{"type":"Point","coordinates":[34.77482,32.08626]},"properties":{"n":"דיזנגוף/ארלוזורוב","c":"transit_stop","s":"tlv","a":"דיזנגוף 198"}},{"type":"Feature","id":"13660","geometry":{"type":"Point","coordinates":[34.77454,32.09212]},"properties":{"n":"בן יהודה/שדרות נורדאו","c":"transit_stop","s":"tlv","a":"בן יהודה 195"}},{"type":"Feature","id":"13661","geometry":{"type":"Point","coordinates":[34.77301,32.09215]},"properties":{"n":"הירקון/שד' נורדאו","c":"transit_stop","s":"tlv","a":"הירקון"}},{"type":"Feature","id":"13662","geometry":{"type":"Point","coordinates":[34.77443,32.09596]},"properties":{"n":"נמל תל אביב/הירקון","c":"transit_stop","s":"tlv","a":"הירקון 311"}},{"type":"Feature","id":"13670","geometry":{"type":"Point","coordinates":[34.77526,32.08796]},"properties":{"n":"דיזנגוף/ארלוזורוב","c":"transit_stop","s":"tlv","a":"דיזנגוף 218"}},{"type":"Feature","id":"13671","geometry":{"type":"Point","coordinates":[34.77719,32.08549]},"properties":{"n":"ביה''ס גרץ/מאנגר","c":"transit_stop","s":"tlv","a":"מנג'ר 2"}},{"type":"Feature","id":"13681","geometry":{"type":"Point","coordinates":[34.77536,32.08883]},"properties":{"n":"דיזנגוף/ז'בוטינסקי","c":"transit_stop","s":"tlv","a":"דיזנגוף 213"}},{"type":"Feature","id":"13682","geometry":{"type":"Point","coordinates":[34.77655,32.08907]},"properties":{"n":"ז'בוטינסקי/דיזנגוף","c":"transit_stop","s":"tlv","a":"ז'בוטינסקי 32"}},{"type":"Feature","id":"13683","geometry":{"type":"Point","coordinates":[34.77566,32.08963]},"properties":{"n":"דיזנגוף/ז'בוטינסקי","c":"transit_stop","s":"tlv","a":"דיזנגוף 236"}},{"type":"Feature","id":"13684","geometry":{"type":"Point","coordinates":[34.77601,32.09144]},"properties":{"n":"דיזנגוף/בזל","c":"transit_stop","s":"tlv","a":"דיזנגוף 237"}},{"type":"Feature","id":"13685","geometry":{"type":"Point","coordinates":[34.77899,32.08868]},"properties":{"n":"ז'בוטינסקי/ארבע ארצות","c":"transit_stop","s":"tlv","a":"ז'בוטינסקי 56"}},{"type":"Feature","id":"13685","geometry":{"type":"Point","coordinates":[34.78165,32.08571]},"properties":{"n":"מבחר המשקאות","c":"shopping","s":"tlv","a":"אבן גבירול"}},{"type":"Feature","id":"13686","geometry":{"type":"Point","coordinates":[34.77907,32.09227]},"properties":{"n":"שד' נורדאו/סוקולוב","c":"transit_stop","s":"tlv","a":"שדרות נורדאו 63"}},{"type":"Feature","id":"13687","geometry":{"type":"Point","coordinates":[34.77675,32.09222]},"properties":{"n":"שדרות נורדאו/דיזנגוף","c":"transit_stop","s":"tlv","a":"דיזנגוף 276"}},{"type":"Feature","id":"13688","geometry":{"type":"Point","coordinates":[34.77657,32.09329]},"properties":{"n":"דיזנגוף/שד' נורדאו","c":"transit_stop","s":"tlv","a":"דיזנגוף 286"}},{"type":"Feature","id":"13691","geometry":{"type":"Point","coordinates":[34.78082,32.09185]},"properties":{"n":"שד' נורדאו/יהושע בן נון","c":"transit_stop","s":"tlv","a":"שדרות נורדאו 78"}},{"type":"Feature","id":"13692","geometry":{"type":"Point","coordinates":[34.78119,32.08829]},"properties":{"n":"ז'בוטינסקי/אבן גבירול","c":"transit_stop","s":"tlv","a":"ז'בוטינסקי 78"}},{"type":"Feature","id":"13693","geometry":{"type":"Point","coordinates":[34.78156,32.09201]},"properties":{"n":"שד' נורדאו/יהושע בן נון","c":"transit_stop","s":"tlv","a":"שדרות נורדאו 93"}},{"type":"Feature","id":"13694","geometry":{"type":"Point","coordinates":[34.7826,32.09025]},"properties":{"n":"אבן גבירול/פנקס","c":"transit_stop","s":"tlv","a":"אבן גבירול 147"}},{"type":"Feature","id":"137","geometry":{"type":"Point","coordinates":[34.79793,32.08889]},"properties":{"n":"מיתרים","c":"kindergarten","s":"tlv","a":"דוש (קריאל גרדוש) 6"}},{"type":"Feature","id":"13700","geometry":{"type":"Point","coordinates":[34.77877,32.09897]},"properties":{"n":"מסוף רדינג/הורדה","c":"transit_stop","s":"tlv","a":"מסוף רידינג"}},{"type":"Feature","id":"13701","geometry":{"type":"Point","coordinates":[34.78277,32.09938]},"properties":{"n":"אבן גבירול/שד' רוקח","c":"transit_stop","s":"tlv","a":"אבן גבירול 202"}},{"type":"Feature","id":"13702","geometry":{"type":"Point","coordinates":[34.77949,32.0911]},"properties":{"n":"הלה","c":"shopping","s":"tlv","a":"השל\"ה"}},{"type":"Feature","id":"13703","geometry":{"type":"Point","coordinates":[34.78297,32.10197]},"properties":{"n":"ש''י עגנון/אבן גבירול","c":"transit_stop","s":"tlv","a":"ש''י עגנון 4"}},{"type":"Feature","id":"13708","geometry":{"type":"Point","coordinates":[34.78493,32.08756]},"properties":{"n":"גימנסיה הרצליה/ז'בוטינסקי","c":"transit_stop","s":"tlv","a":"ז'בוטינסקי 106"}},{"type":"Feature","id":"13709","geometry":{"type":"Point","coordinates":[34.7859,32.08757]},"properties":{"n":"גימנסיה הרצליה/ז'בוטינסקי","c":"transit_stop","s":"tlv","a":"ז'בוטינסקי 107"}},{"type":"Feature","id":"13712","geometry":{"type":"Point","coordinates":[34.78937,32.08536]},"properties":{"n":"כיכר המדינה/ויצמן","c":"transit_stop","s":"tlv","a":"ה' באייר 14"}},{"type":"Feature","id":"13714","geometry":{"type":"Point","coordinates":[34.7896,32.08802]},"properties":{"n":"כיכר המדינה/וייצמן","c":"transit_stop","s":"tlv","a":"ה' באייר 62"}},{"type":"Feature","id":"13716","geometry":{"type":"Point","coordinates":[34.78623,32.09083]},"properties":{"n":"פנקס/רמז","c":"transit_stop","s":"tlv","a":"פנקס 26"}},{"type":"Feature","id":"13718","geometry":{"type":"Point","coordinates":[34.78459,32.09367]},"properties":{"n":"כיכר מילאנו/דה האז","c":"transit_stop","s":"tlv","a":"דה האז 6"}},{"type":"Feature","id":"13719","geometry":{"type":"Point","coordinates":[34.78602,32.09381]},"properties":{"n":"יהודה המכבי/מתתיהו","c":"transit_stop","s":"tlv","a":"יהודה המכבי 17"}},{"type":"Feature","id":"13720","geometry":{"type":"Point","coordinates":[34.79048,32.09061]},"properties":{"n":"בית החייל/ויצמן","c":"transit_stop","s":"tlv","a":"וייצמן 91"}},{"type":"Feature","id":"13722","geometry":{"type":"Point","coordinates":[34.79066,32.0915]},"properties":{"n":"ויצמן/פנקס","c":"transit_stop","s":"tlv","a":"וייצמן 66"}},{"type":"Feature","id":"13723","geometry":{"type":"Point","coordinates":[34.78823,32.09373]},"properties":{"n":"ביה''ס עירוני י''א/יהודה המכבי","c":"transit_stop","s":"tlv","a":"יהודה המכבי 20"}},{"type":"Feature","id":"13724","geometry":{"type":"Point","coordinates":[34.789,32.09383]},"properties":{"n":"יהודה המכבי/ויצמן","c":"transit_stop","s":"tlv","a":"יהודה המכבי 47"}},{"type":"Feature","id":"13726","geometry":{"type":"Point","coordinates":[34.79222,32.0864]},"properties":{"n":"ז'בוטינסקי/כיכר המדינה","c":"transit_stop","s":"tlv","a":"ז'בוטינסקי 137"}},{"type":"Feature","id":"13727","geometry":{"type":"Point","coordinates":[34.7917,32.0863]},"properties":{"n":"ז'בוטינסקי/דרך נמיר","c":"transit_stop","s":"tlv","a":"ז'בוטינסקי 150"}},{"type":"Feature","id":"13730","geometry":{"type":"Point","coordinates":[34.78707,32.08548]},"properties":{"n":"גן חדרה 1","c":"kindergarten","s":"tlv","a":"חדרה 2"}},{"type":"Feature","id":"13730","geometry":{"type":"Point","coordinates":[34.78707,32.08548]},"properties":{"n":"גן חדרה 2","c":"kindergarten","s":"tlv","a":"חדרה 2"}},{"type":"Feature","id":"13731","geometry":{"type":"Point","coordinates":[34.79422,32.09132]},"properties":{"n":"פנקס/דרך נמיר","c":"transit_stop","s":"tlv","a":"פנקס 69"}},{"type":"Feature","id":"13733","geometry":{"type":"Point","coordinates":[34.79284,32.09407]},"properties":{"n":"יהודה המכבי/דרך נמיר","c":"transit_stop","s":"tlv","a":"יהודה המכבי 56"}},{"type":"Feature","id":"13735","geometry":{"type":"Point","coordinates":[34.79712,32.09529]},"properties":{"n":"הרב הרצוג/הזוהר","c":"transit_stop","s":"tlv","a":"הרב הרצוג 11"}},{"type":"Feature","id":"13736","geometry":{"type":"Point","coordinates":[34.79625,32.09504]},"properties":{"n":"הרב הרצוג/הזוהר","c":"transit_stop","s":"tlv","a":"הרב הרצוג 9"}},{"type":"Feature","id":"13737","geometry":{"type":"Point","coordinates":[34.79842,32.0953]},"properties":{"n":"הרב הרצוג/בבלי","c":"transit_stop","s":"tlv","a":"הרב הרצוג 24"}},{"type":"Feature","id":"13738","geometry":{"type":"Point","coordinates":[34.78399,32.10235]},"properties":{"n":"ש''י עגנון/ישראל גלילי","c":"transit_stop","s":"tlv","a":"ש''י עגנון 3"}},{"type":"Feature","id":"13739","geometry":{"type":"Point","coordinates":[34.78684,32.10252]},"properties":{"n":"ש''י עגנון/שד' לוי אשכול","c":"transit_stop","s":"tlv","a":"ש''י עגנון"}},{"type":"Feature","id":"13740","geometry":{"type":"Point","coordinates":[34.78494,32.09861]},"properties":{"n":"ספורטק/שד' רוקח","c":"transit_stop","s":"tlv","a":"שדרות רוקח"}},{"type":"Feature","id":"13741","geometry":{"type":"Point","coordinates":[34.788,32.10286]},"properties":{"n":"ש''י עגנון/שד' לוי אשכול","c":"transit_stop","s":"tlv","a":"ש''י עגנון"}},{"type":"Feature","id":"13742","geometry":{"type":"Point","coordinates":[34.78863,32.10395]},"properties":{"n":"שדרות לוי אשכול/ש''י עגנון","c":"transit_stop","s":"tlv","a":"שדרות לוי אשכול 23"}},{"type":"Feature","id":"13744","geometry":{"type":"Point","coordinates":[34.78858,32.10672]},"properties":{"n":"שד' לוי אשכול/אפטר","c":"transit_stop","s":"tlv","a":"שדרות לוי אשכול 40"}},{"type":"Feature","id":"13745","geometry":{"type":"Point","coordinates":[34.79015,32.10506]},"properties":{"n":"אפטר/יהודה בורלא","c":"transit_stop","s":"tlv","a":"אפטר 11"}},{"type":"Feature","id":"13746","geometry":{"type":"Point","coordinates":[34.79071,32.10677]},"properties":{"n":"ביה''ס ארן/יהודה בורלא","c":"transit_stop","s":"tlv","a":"יהודה בורלא 20"}},{"type":"Feature","id":"13748","geometry":{"type":"Point","coordinates":[34.79057,32.109]},"properties":{"n":"ביה''ס ארן/יהודה בורלא","c":"transit_stop","s":"tlv","a":"יהודה בורלא 31"}},{"type":"Feature","id":"13749","geometry":{"type":"Point","coordinates":[34.79071,32.1096]},"properties":{"n":"יהודה בורלא/דב האוזנר","c":"transit_stop","s":"tlv","a":"יהודה בורלא 36"}},{"type":"Feature","id":"13750","geometry":{"type":"Point","coordinates":[34.79009,32.11223]},"properties":{"n":"אינשטיין/שד' לוי אשכול","c":"transit_stop","s":"tlv","a":"איינשטיין 22"}},{"type":"Feature","id":"13751","geometry":{"type":"Point","coordinates":[34.7949,32.10003]},"properties":{"n":"שד' רוקח/דרך נמיר","c":"transit_stop","s":"tlv","a":"שדרות רוקח"}},{"type":"Feature","id":"13752","geometry":{"type":"Point","coordinates":[34.79607,32.10055]},"properties":{"n":"שד' רוקח/דרך נמיר","c":"transit_stop","s":"tlv","a":"שדרות רוקח"}},{"type":"Feature","id":"13753","geometry":{"type":"Point","coordinates":[34.79808,32.09712]},"properties":{"n":"בבלי/הכנסת הגדולה","c":"transit_stop","s":"tlv","a":"בבלי 36"}},{"type":"Feature","id":"13754","geometry":{"type":"Point","coordinates":[34.7979,32.09806]},"properties":{"n":"הרב קוסובסקי/בבלי","c":"transit_stop","s":"tlv","a":"הרב קוסובסקי 32"}},{"type":"Feature","id":"13755","geometry":{"type":"Point","coordinates":[34.79905,32.09661]},"properties":{"n":"תוספתא/ירושלמי","c":"transit_stop","s":"tlv","a":"תוספתא 7"}},{"type":"Feature","id":"13756","geometry":{"type":"Point","coordinates":[34.79889,32.09776]},"properties":{"n":"הכנסת הגדולה/תוספתא","c":"transit_stop","s":"tlv","a":"הכנסת הגדולה 7"}},{"type":"Feature","id":"13758","geometry":{"type":"Point","coordinates":[34.79767,32.10087]},"properties":{"n":"מגרשי הטניס/שד' רוקח","c":"transit_stop","s":"tlv","a":"שדרות רוקח 69"}},{"type":"Feature","id":"13761","geometry":{"type":"Point","coordinates":[34.7969,32.10596]},"properties":{"n":"ברודצקי/סלואדור","c":"transit_stop","s":"tlv","a":"ברודצקי 11"}},{"type":"Feature","id":"13762","geometry":{"type":"Point","coordinates":[34.79843,32.10791]},"properties":{"n":"בית ברודצקי/ברודצקי","c":"transit_stop","s":"tlv","a":"ברודצקי 34"}},{"type":"Feature","id":"13764","geometry":{"type":"Point","coordinates":[34.79846,32.10953]},"properties":{"n":"ברודצקי/רדינג","c":"transit_stop","s":"tlv","a":"ברודצקי 48"}},{"type":"Feature","id":"13766","geometry":{"type":"Point","coordinates":[34.79813,32.11032]},"properties":{"n":"ברודצקי/רדינג","c":"transit_stop","s":"tlv","a":"ברודצקי 35"}},{"type":"Feature","id":"13771","geometry":{"type":"Point","coordinates":[34.80216,32.12524]},"properties":{"n":"המימד הרביעי","c":"shopping","s":"tlv","a":"אחימאיר אבא"}},{"type":"Feature","id":"13797","geometry":{"type":"Point","coordinates":[34.79747,32.11735]},"properties":{"n":"פיצוחי נווה אביבים","c":"shopping","s":"tlv","a":"טאגור רבינדרנת"}},{"type":"Feature","id":"13807","geometry":{"type":"Point","coordinates":[34.78842,32.08747]},"properties":{"n":"נטו עיצוב מערכות - קרקע","c":"shopping","s":"tlv","a":"הא באייר"}},{"type":"Feature","id":"13808","geometry":{"type":"Point","coordinates":[34.78842,32.08747]},"properties":{"n":"נטו עיצוב מערכות - מרתף","c":"shopping","s":"tlv","a":"הא באייר"}},{"type":"Feature","id":"13840","geometry":{"type":"Point","coordinates":[34.81838,32.10911]},"properties":{"n":"קונדיטוריית גלית","c":"cafe","s":"tlv","a":"הדר יוסף"}},{"type":"Feature","id":"13856","geometry":{"type":"Point","coordinates":[34.7792,32.09063]},"properties":{"n":"ליאתי.לשבת.לקחת.","c":"cafe","s":"tlv+osm","a":"השל\"ה"}},{"type":"Feature","id":"13864","geometry":{"type":"Point","coordinates":[34.77378,32.08984]},"properties":{"n":"בן דוד בוטיק","c":"wellness","s":"tlv","a":"בן יהודה"}},{"type":"Feature","id":"13868","geometry":{"type":"Point","coordinates":[34.80216,32.12524]},"properties":{"n":"רולדין","c":"restaurant","s":"tlv","a":"אחימאיר אבא"}},{"type":"Feature","id":"13878","geometry":{"type":"Point","coordinates":[34.78513,32.09359]},"properties":{"n":"אנוטקה","c":"restaurant","s":"tlv","a":"דה האז"}},{"type":"Feature","id":"13880","geometry":{"type":"Point","coordinates":[34.77278,32.09355]},"properties":{"n":"אלכנסדר","c":"wellness","s":"tlv","a":"חבקוק"}},{"type":"Feature","id":"13884","geometry":{"type":"Point","coordinates":[34.79127,32.09398]},"properties":{"n":"חומוס 616","c":"restaurant","s":"tlv","a":"יהודה המכבי"}},{"type":"Feature","id":"13902","geometry":{"type":"Point","coordinates":[34.77757,32.08613]},"properties":{"n":"ביוטקס סחר בע\"מ","c":"wellness","s":"tlv","a":"ארלוזורוב"}},{"type":"Feature","id":"13903","geometry":{"type":"Point","coordinates":[34.77559,32.09026]},"properties":{"n":"הוטל דה ויל בע\"מ","c":"bar","s":"tlv","a":"דיזנגוף"}},{"type":"Feature","id":"13929","geometry":{"type":"Point","coordinates":[34.77645,32.09373]},"properties":{"n":"סזאם בעמ","c":"shopping","s":"tlv","a":"דיזנגוף"}},{"type":"Feature","id":"13932","geometry":{"type":"Point","coordinates":[34.77624,32.09498]},"properties":{"n":"פיקה","c":"shopping","s":"tlv","a":"דיזנגוף"}},{"type":"Feature","id":"13940","geometry":{"type":"Point","coordinates":[34.80072,32.09822]},"properties":{"n":"שטיינמן/הרב קוסובסקי","c":"transit_stop","s":"tlv","a":"אליעזר שטיינמן 11"}},{"type":"Feature","id":"13941","geometry":{"type":"Point","coordinates":[34.80028,32.09874]},"properties":{"n":"הרב קוסובסקי/שטיינמן","c":"transit_stop","s":"tlv","a":"הרב קוסובסקי 52"}},{"type":"Feature","id":"13942","geometry":{"type":"Point","coordinates":[34.80001,32.10116]},"properties":{"n":"מרכז רבין/שד' רוקח","c":"transit_stop","s":"tlv","a":"שדרות רוקח 78"}},{"type":"Feature","id":"13944","geometry":{"type":"Point","coordinates":[34.80401,32.09674]},"properties":{"n":"קאנטרי דקל","c":"transit_stop","s":"tlv","a":"הרב קוסובסקי"}},{"type":"Feature","id":"13946","geometry":{"type":"Point","coordinates":[34.80697,32.10278]},"properties":{"n":"ת. רכבת האוניברסיטה/שד' רוקח","c":"transit_stop","s":"tlv","a":"שדרות רוקח"}},{"type":"Feature","id":"13948","geometry":{"type":"Point","coordinates":[34.80389,32.10486]},"properties":{"n":"ת. רכבת אוניברסיטה/איסוף","c":"transit_stop","s":"tlv","a":"תחנת רכבת האוניברסיטה"}},{"type":"Feature","id":"13949","geometry":{"type":"Point","coordinates":[34.80426,32.10479]},"properties":{"n":"ת. רכבת אוניברסיטה/הורדה","c":"transit_stop","s":"tlv","a":"תחנת רכבת האוניברסיטה"}},{"type":"Feature","id":"13951","geometry":{"type":"Point","coordinates":[34.81559,32.10851]},"properties":{"n":"בני אפרים/בכור שטרית","c":"transit_stop","s":"tlv","a":"בני אפרים"}},{"type":"Feature","id":"13964","geometry":{"type":"Point","coordinates":[34.79217,32.13058]},"properties":{"n":"גרקו אוזרי","c":"restaurant","s":"tlv+osm","a":"גרינברג אורי צבי"}},{"type":"Feature","id":"13971","geometry":{"type":"Point","coordinates":[34.76987,32.08535]},"properties":{"n":"גולדה","c":"restaurant","s":"tlv","a":"הירקון"}},{"type":"Feature","id":"13977","geometry":{"type":"Point","coordinates":[34.7765,32.09434]},"properties":{"n":"WINE POINT","c":"shopping","s":"tlv","a":"דיזנגוף"}},{"type":"Feature","id":"13978","geometry":{"type":"Point","coordinates":[34.77611,32.09681]},"properties":{"n":"חומוס אסלי","c":"restaurant","s":"tlv+osm","a":"דיזנגוף"}},{"type":"Feature","id":"13988","geometry":{"type":"Point","coordinates":[34.81968,32.10822]},"properties":{"n":"שלום אש/קהילת ורשה","c":"transit_stop","s":"tlv","a":"שלום אש 1"}},{"type":"Feature","id":"13989","geometry":{"type":"Point","coordinates":[34.81622,32.11035]},"properties":{"n":"בני אפרים/הדר יוסף","c":"transit_stop","s":"tlv","a":"בני אפרים 205"}},{"type":"Feature","id":"13990","geometry":{"type":"Point","coordinates":[34.81742,32.11038]},"properties":{"n":"הדר יוסף/בני אפרים","c":"transit_stop","s":"tlv","a":"הדר יוסף 2"}},{"type":"Feature","id":"13991","geometry":{"type":"Point","coordinates":[34.81674,32.11151]},"properties":{"n":"בני אפרים/הדר יוסף","c":"transit_stop","s":"tlv","a":"בני אפרים 206"}},{"type":"Feature","id":"13992","geometry":{"type":"Point","coordinates":[34.81654,32.11232]},"properties":{"n":"מכללת אפקה/בני אפרים","c":"transit_stop","s":"tlv","a":"בני אפרים 217"}},{"type":"Feature","id":"13993","geometry":{"type":"Point","coordinates":[34.81883,32.10967]},"properties":{"n":"הדר יוסף/קהילת ורשה","c":"transit_stop","s":"tlv","a":"הדר יוסף 7"}},{"type":"Feature","id":"13994","geometry":{"type":"Point","coordinates":[34.81932,32.10884]},"properties":{"n":"הדר יוסף/קהילת ורשה","c":"transit_stop","s":"tlv","a":"הדר יוסף 26"}},{"type":"Feature","id":"13994","geometry":{"type":"Point","coordinates":[34.82009,32.12041]},"properties":{"n":"המקום של כספי","c":"restaurant","s":"tlv","a":"בני אפרים"}},{"type":"Feature","id":"13996","geometry":{"type":"Point","coordinates":[34.82114,32.10688]},"properties":{"n":"שלום אש/קיציס","c":"transit_stop","s":"tlv","a":"שלום אש 11"}},{"type":"Feature","id":"13997","geometry":{"type":"Point","coordinates":[34.82305,32.10624]},"properties":{"n":"איצטדיון הדר יוסף/בכור שטרית","c":"transit_stop","s":"tlv","a":"בכור שלום שטרית 20"}},{"type":"Feature","id":"13998","geometry":{"type":"Point","coordinates":[34.8203,32.10852]},"properties":{"n":"קהילת ורשה/שלום אש","c":"transit_stop","s":"tlv","a":"קהילת ורשה 99"}},{"type":"Feature","id":"13999","geometry":{"type":"Point","coordinates":[34.82285,32.11014]},"properties":{"n":"קהילת יאסי/קהילת ורשה","c":"transit_stop","s":"tlv","a":"קהילת יאסי 4"}},{"type":"Feature","id":"14","geometry":{"type":"Point","coordinates":[34.80572,32.10366]},"properties":{"n":"הירידים","c":"lrt_station","s":"tlv","e":"ent_06fb4a3f86f838107ac71659","p":"place/fairgrounds-light-rail/","f":1}},{"type":"Feature","id":"14002","geometry":{"type":"Point","coordinates":[34.82464,32.10956]},"properties":{"n":"יד המעביר/קהילת יאסי","c":"transit_stop","s":"tlv","a":"יד המעביר 13"}},{"type":"Feature","id":"14007","geometry":{"type":"Point","coordinates":[34.79762,32.11178]},"properties":{"n":"מרכז הדרכה-מטבח בל\"ל","c":"restaurant","s":"tlv","a":"ברודצקי"}},{"type":"Feature","id":"14010","geometry":{"type":"Point","coordinates":[34.77579,32.09486]},"properties":{"n":"רואי בן","c":"wellness","s":"tlv","a":"ירמיהו הנביא"}},{"type":"Feature","id":"14012","geometry":{"type":"Point","coordinates":[34.79316,32.0943]},"properties":{"n":"הייר- קוטור","c":"wellness","s":"tlv","a":"יהודה המכבי"}},{"type":"Feature","id":"14050","geometry":{"type":"Point","coordinates":[34.80257,32.12539]},"properties":{"n":"הטעם המתוק","c":"shopping","s":"tlv","a":"אחימאיר אבא"}},{"type":"Feature","id":"14066","geometry":{"type":"Point","coordinates":[34.82399,32.11414]},"properties":{"n":"חניוני דן אל","c":"sport","s":"tlv","a":"קהילת סלוניקי"}},{"type":"Feature","id":"14068","geometry":{"type":"Point","coordinates":[34.78008,32.09044]},"properties":{"n":"חניון בזל","c":"parking","s":"tlv","a":"אשתורי הפרחי"}},{"type":"Feature","id":"14069","geometry":{"type":"Point","coordinates":[34.78559,32.12326]},"properties":{"n":"חניון חוף תל ברוך","c":"sport","s":"tlv","a":"ארצי יצחק"}},{"type":"Feature","id":"14081","geometry":{"type":"Point","coordinates":[34.80165,32.10063]},"properties":{"n":"גולפיטק","c":"sport","s":"tlv","a":"רוקח ישראל"}},{"type":"Feature","id":"14091","geometry":{"type":"Point","coordinates":[34.78973,32.11429]},"properties":{"n":"שד' לוי אשכול/זריצקי","c":"transit_stop","s":"tlv","a":"שדרות לוי אשכול 59"}},{"type":"Feature","id":"14092","geometry":{"type":"Point","coordinates":[34.79021,32.11521]},"properties":{"n":"שד' לוי אשכול/זריצקי","c":"transit_stop","s":"tlv","a":"שדרות לוי אשכול"}},{"type":"Feature","id":"14093","geometry":{"type":"Point","coordinates":[34.79089,32.12027]},"properties":{"n":"שד' לוי אשכול/רודנסקי","c":"transit_stop","s":"tlv","a":"שדרות לוי אשכול 79"}},{"type":"Feature","id":"14094","geometry":{"type":"Point","coordinates":[34.79132,32.12112]},"properties":{"n":"שד' לוי אשכול/רודנסקי","c":"transit_stop","s":"tlv","a":"שדרות לוי אשכול"}},{"type":"Feature","id":"14096","geometry":{"type":"Point","coordinates":[34.79479,32.1157]},"properties":{"n":"ביה''ס יחדיו/יהודה הנשיא","c":"transit_stop","s":"tlv","a":"יהודה הנשיא 8"}},{"type":"Feature","id":"14096","geometry":{"type":"Point","coordinates":[34.80388,32.09756]},"properties":{"n":"יוסף שאלתיאל בע\"מ","c":"shopping","s":"tlv","a":"קוסובסקי"}},{"type":"Feature","id":"14097","geometry":{"type":"Point","coordinates":[34.79528,32.11877]},"properties":{"n":"קאנטרי נווה אביבים/יהודה הנשיא","c":"transit_stop","s":"tlv","a":"יהודה הנשיא 33"}},{"type":"Feature","id":"14098","geometry":{"type":"Point","coordinates":[34.7955,32.11944]},"properties":{"n":"קאנטרי נווה אביבים/יהודה הנשיא","c":"transit_stop","s":"tlv","a":"יהודה הנשיא 37"}},{"type":"Feature","id":"14099","geometry":{"type":"Point","coordinates":[34.7959,32.11411]},"properties":{"n":"טאגור/אנדרסן","c":"transit_stop","s":"tlv","a":"טאגור 13"}},{"type":"Feature","id":"14099","geometry":{"type":"Point","coordinates":[34.78179,32.08654]},"properties":{"n":"קיוסק עד חצות","c":"cafe","s":"tlv","a":"אבן גבירול"}},{"type":"Feature","id":"14100","geometry":{"type":"Point","coordinates":[34.79716,32.11289]},"properties":{"n":"קניון רמת אביב/אינשטיין","c":"transit_stop","s":"tlv","a":"איינשטיין 54"}},{"type":"Feature","id":"14104","geometry":{"type":"Point","coordinates":[34.79956,32.11331]},"properties":{"n":"אינשטיין/אהרון בארט","c":"transit_stop","s":"tlv","a":"איינשטיין 69"}},{"type":"Feature","id":"14104","geometry":{"type":"Point","coordinates":[34.77565,32.09483]},"properties":{"n":"מרכול ידמיהו","c":"supermarket","s":"tlv","a":"ירמיהו הנביא"}},{"type":"Feature","id":"14106","geometry":{"type":"Point","coordinates":[34.79874,32.12086]},"properties":{"n":"רב אשי/ד''ר שמשון צ'רטוק","c":"transit_stop","s":"tlv","a":"רב אשי 11"}},{"type":"Feature","id":"14108","geometry":{"type":"Point","coordinates":[34.79178,32.12465]},"properties":{"n":"קדושי השואה/צבי פרופס","c":"transit_stop","s":"tlv","a":"קדושי השואה"}},{"type":"Feature","id":"14109","geometry":{"type":"Point","coordinates":[34.79223,32.12572]},"properties":{"n":"קדושי השואה/צבי פרופס","c":"transit_stop","s":"tlv","a":"קדושי השואה 12"}},{"type":"Feature","id":"14110","geometry":{"type":"Point","coordinates":[34.79222,32.12851]},"properties":{"n":"מסוף אזורי חן","c":"transit_stop","s":"tlv","a":"מסוף אזורי חן"}},{"type":"Feature","id":"14111","geometry":{"type":"Point","coordinates":[34.79566,32.12238]},"properties":{"n":"שד' קק''ל/שלמה בן יוסף","c":"transit_stop","s":"tlv","a":"שדרות קרן קיימת לישראל 4"}},{"type":"Feature","id":"14112","geometry":{"type":"Point","coordinates":[34.79767,32.12334]},"properties":{"n":"שלמה בן יוסף/שד' קק''ל","c":"transit_stop","s":"tlv","a":"שלמה בן יוסף 5"}},{"type":"Feature","id":"14113","geometry":{"type":"Point","coordinates":[34.79791,32.12406]},"properties":{"n":"שלמה בן יוסף/אבא אחימאיר","c":"transit_stop","s":"tlv","a":"שלמה בן יוסף 12"}},{"type":"Feature","id":"14113","geometry":{"type":"Point","coordinates":[34.7877,32.09112]},"properties":{"n":"פנקס דלי בע\"מ","c":"supermarket","s":"tlv","a":"פנקס דוד צבי"}},{"type":"Feature","id":"14114","geometry":{"type":"Point","coordinates":[34.79871,32.12505]},"properties":{"n":"אבא אחימאיר/שלמה בן יוסף","c":"transit_stop","s":"tlv","a":"אבא אחימאיר 3"}},{"type":"Feature","id":"14122","geometry":{"type":"Point","coordinates":[34.80029,32.11971]},"properties":{"n":"גן יוסף פוליטי/אופנהיימר","c":"transit_stop","s":"tlv","a":"אופנהיימר"}},{"type":"Feature","id":"14125","geometry":{"type":"Point","coordinates":[34.80412,32.1172]},"properties":{"n":"מסוף אוניברסיטת ת''א","c":"transit_stop","s":"tlv","a":"קלצ'קין"}},{"type":"Feature","id":"14127","geometry":{"type":"Point","coordinates":[34.79984,32.12482]},"properties":{"n":"אבא אחימאיר/אליהו בית צורי","c":"transit_stop","s":"tlv","a":"אבא אחימאיר 10"}},{"type":"Feature","id":"14127","geometry":{"type":"Point","coordinates":[34.79287,32.10483]},"properties":{"n":"דלק מנטה קמעונאות דרכים ב","c":"supermarket","s":"tlv","a":"נמיר מרדכי"}},{"type":"Feature","id":"14128","geometry":{"type":"Point","coordinates":[34.80224,32.12211]},"properties":{"n":"רקנאטי/שד' קק''ל","c":"transit_stop","s":"tlv","a":"רקנאטי 1"}},{"type":"Feature","id":"14129","geometry":{"type":"Point","coordinates":[34.80262,32.12294]},"properties":{"n":"רקנאטי/שד' קק''ל","c":"transit_stop","s":"tlv","a":"רקנאטי 10"}},{"type":"Feature","id":"1413","geometry":{"type":"Point","coordinates":[34.7927,32.09394]},"properties":{"n":"לה בוצ'ר","c":"shopping","s":"tlv","a":"יהודה המכבי"}},{"type":"Feature","id":"14130","geometry":{"type":"Point","coordinates":[34.80222,32.12486]},"properties":{"n":"מרכז שוסטר/אבא אחימאיר","c":"transit_stop","s":"tlv","a":"אבא אחימאיר 19"}},{"type":"Feature","id":"14132","geometry":{"type":"Point","coordinates":[34.80798,32.11979]},"properties":{"n":"אפקה/שד' קק''ל","c":"transit_stop","s":"tlv","a":"שדרות קרן קיימת לישראל 74"}},{"type":"Feature","id":"14133","geometry":{"type":"Point","coordinates":[34.81182,32.11889]},"properties":{"n":"מחלף קק''ל/שד' קק''ל","c":"transit_stop","s":"tlv","a":"שדרות קרן קיימת לישראל"}},{"type":"Feature","id":"14135","geometry":{"type":"Point","coordinates":[34.81704,32.11416]},"properties":{"n":"מכללת אפקה/בני אפרים","c":"transit_stop","s":"tlv","a":"בני אפרים"}},{"type":"Feature","id":"14136","geometry":{"type":"Point","coordinates":[34.81706,32.11578]},"properties":{"n":"ביה''ס עמל/בני אפרים","c":"transit_stop","s":"tlv","a":"בני אפרים 243"}},{"type":"Feature","id":"14137","geometry":{"type":"Point","coordinates":[34.8175,32.11619]},"properties":{"n":"ביה''ס עמל/בני אפרים","c":"transit_stop","s":"tlv","a":"בני אפרים"}},{"type":"Feature","id":"14138","geometry":{"type":"Point","coordinates":[34.81792,32.11794]},"properties":{"n":"בני אפרים/שד' קק''ל","c":"transit_stop","s":"tlv","a":"בני אפרים 261"}},{"type":"Feature","id":"14139","geometry":{"type":"Point","coordinates":[34.8197,32.11765]},"properties":{"n":"שלונסקי/בני אפרים","c":"transit_stop","s":"tlv","a":"אברהם שלונסקי 6"}},{"type":"Feature","id":"14140","geometry":{"type":"Point","coordinates":[34.79118,32.08753]},"properties":{"n":"ניר גבע","c":"wellness","s":"tlv","a":"עקיבא אריה"}},{"type":"Feature","id":"14142","geometry":{"type":"Point","coordinates":[34.82283,32.11631]},"properties":{"n":"שלונסקי/קהילת ונציה","c":"transit_stop","s":"tlv","a":"אברהם שלונסקי 36"}},{"type":"Feature","id":"14143","geometry":{"type":"Point","coordinates":[34.82414,32.11608]},"properties":{"n":"שלונסקי/קהילת ונציה","c":"transit_stop","s":"tlv","a":"אברהם שלונסקי 43"}},{"type":"Feature","id":"14146","geometry":{"type":"Point","coordinates":[34.7898,32.08541]},"properties":{"n":"מכירת תבלינים","c":"shopping","s":"tlv","a":"הא באייר"}},{"type":"Feature","id":"14152","geometry":{"type":"Point","coordinates":[34.79762,32.11178]},"properties":{"n":"סואי סושי גורמה בע\"מ","c":"restaurant","s":"tlv","a":"ברודצקי"}},{"type":"Feature","id":"14158","geometry":{"type":"Point","coordinates":[34.82027,32.12954]},"properties":{"n":"בית העלמין/קרית שאול","c":"transit_stop","s":"tlv","a":"בית העלמין קרית שאול"}},{"type":"Feature","id":"14175","geometry":{"type":"Point","coordinates":[34.77907,32.08982]},"properties":{"n":"מספרת יואל ברמי- בזל 32","c":"wellness","s":"tlv","a":"בזל"}},{"type":"Feature","id":"14195","geometry":{"type":"Point","coordinates":[34.80038,32.12324]},"properties":{"n":"לירם - מעדני בשר","c":"shopping","s":"tlv","a":"בית צורי אליהו"}},{"type":"Feature","id":"14202","geometry":{"type":"Point","coordinates":[34.80038,32.12324]},"properties":{"n":"מעדנית מיני זול ג'","c":"shopping","s":"tlv","a":"בית צורי אליהו"}},{"type":"Feature","id":"14217","geometry":{"type":"Point","coordinates":[34.79817,32.09519]},"properties":{"n":"\"קוקיס\"","c":"restaurant","s":"tlv","a":"הרצוג"}},{"type":"Feature","id":"14219","geometry":{"type":"Point","coordinates":[34.80319,32.11054]},"properties":{"n":"חניון מדעי החברה","c":"sport","s":"tlv","a":"אוניברסיטת ת\"א"}},{"type":"Feature","id":"14224","geometry":{"type":"Point","coordinates":[34.81205,32.10482]},"properties":{"n":"חניון גני יהושע","c":"parking","s":"tlv","a":"רוקח ישראל"}},{"type":"Feature","id":"14233","geometry":{"type":"Point","coordinates":[34.79732,32.11249]},"properties":{"n":"סופר פארם (ישראל) בע\"מ","c":"pharmacy","s":"tlv","a":"אינשטיין"}},{"type":"Feature","id":"14241","geometry":{"type":"Point","coordinates":[34.79289,32.09397]},"properties":{"n":"עיצוב שיער דניאל","c":"wellness","s":"tlv","a":"יהודה המכבי"}},{"type":"Feature","id":"14245","geometry":{"type":"Point","coordinates":[34.7873,32.09111]},"properties":{"n":"מינימרקט קרן אור","c":"supermarket","s":"tlv","a":"פנקס דוד צבי"}},{"type":"Feature","id":"14264","geometry":{"type":"Point","coordinates":[34.77296,32.08753]},"properties":{"n":"חומוס כספי","c":"cafe","s":"tlv","a":"ארלוזורוב"}},{"type":"Feature","id":"1429","geometry":{"type":"Point","coordinates":[34.78946,32.0912]},"properties":{"n":"קרם פרש","c":"cafe","s":"tlv","a":"פנקס דוד צבי"}},{"type":"Feature","id":"1430","geometry":{"type":"Point","coordinates":[34.82183,32.11037]},"properties":{"n":"מכולת צ.ע.א","c":"supermarket","s":"tlv","a":"קהילת לבוב"}},{"type":"Feature","id":"14302","geometry":{"type":"Point","coordinates":[34.81321,32.1066]},"properties":{"n":"לונה פארק קיוסק","c":"shopping","s":"tlv","a":"רוקח ישראל"}},{"type":"Feature","id":"14307","geometry":{"type":"Point","coordinates":[34.76821,32.08549]},"properties":{"n":"דלאל מרינה","c":"restaurant","s":"tlv","a":"פרי אליעזר"}},{"type":"Feature","id":"14309","geometry":{"type":"Point","coordinates":[34.8084,32.12398]},"properties":{"n":"דבי דני","c":"restaurant","s":"tlv","a":"ברקאי שמואל"}},{"type":"Feature","id":"14344","geometry":{"type":"Point","coordinates":[34.78819,32.0868]},"properties":{"n":"מרקט אקספרס","c":"supermarket","s":"tlv","a":"הא באייר"}},{"type":"Feature","id":"14350","geometry":{"type":"Point","coordinates":[34.80343,32.12133]},"properties":{"n":"שד' קק''ל/חיים לבנון","c":"transit_stop","s":"tlv","a":"שדרות קרן קיימת לישראל 35"}},{"type":"Feature","id":"14351","geometry":{"type":"Point","coordinates":[34.80284,32.12121]},"properties":{"n":"שדרות קק''ל/חיים לבנון","c":"transit_stop","s":"tlv","a":"שדרות קרן קיימת לישראל 26"}},{"type":"Feature","id":"14353","geometry":{"type":"Point","coordinates":[34.81673,32.11866]},"properties":{"n":"שד' קק''ל/בני אפרים","c":"transit_stop","s":"tlv","a":"שדרות קרן קיימת לישראל 134"}},{"type":"Feature","id":"1437","geometry":{"type":"Point","coordinates":[34.78179,32.08654]},"properties":{"n":"נטלי קוסמטיקס","c":"wellness","s":"tlv","a":"אבן גבירול"}},{"type":"Feature","id":"14370","geometry":{"type":"Point","coordinates":[34.78189,32.08692]},"properties":{"n":"חומוס בהדונס","c":"restaurant","s":"tlv","a":"אבן גבירול"}},{"type":"Feature","id":"14372","geometry":{"type":"Point","coordinates":[34.77638,32.0946]},"properties":{"n":"רוזה פארקס","c":"cafe","s":"tlv","a":"דיזנגוף"}},{"type":"Feature","id":"14373","geometry":{"type":"Point","coordinates":[34.79741,32.1078]},"properties":{"n":"עיצוב שיער עדה","c":"wellness","s":"tlv","a":"ברודצקי"}},{"type":"Feature","id":"14389","geometry":{"type":"Point","coordinates":[34.79215,32.10427]},"properties":{"n":"מבחר הפרי והירק","c":"supermarket","s":"tlv","a":"בראלי"}},{"type":"Feature","id":"14394","geometry":{"type":"Point","coordinates":[34.80316,32.12506]},"properties":{"n":"ארקפה","c":"cafe","s":"tlv","a":"אחימאיר אבא"}},{"type":"Feature","id":"14423","geometry":{"type":"Point","coordinates":[34.7792,32.09063]},"properties":{"n":"סופר בזל","c":"supermarket","s":"tlv","a":"השל\"ה"}},{"type":"Feature","id":"14431","geometry":{"type":"Point","coordinates":[34.80407,32.12702]},"properties":{"n":"קפה נח רוזין","c":"shopping","s":"tlv","a":"דרזנר יחיאל"}},{"type":"Feature","id":"14433","geometry":{"type":"Point","coordinates":[34.77457,32.09694]},"properties":{"n":"ניפגש בסיבוב","c":"shopping","s":"tlv","a":"הירקון"}},{"type":"Feature","id":"14477","geometry":{"type":"Point","coordinates":[34.80179,32.12507]},"properties":{"n":"פרחי עדן","c":"shopping","s":"tlv","a":"אחימאיר אבא"}},{"type":"Feature","id":"14494","geometry":{"type":"Point","coordinates":[34.82009,32.12041]},"properties":{"n":"הכל לבית","c":"shopping","s":"tlv","a":"בני אפרים"}},{"type":"Feature","id":"1454","geometry":{"type":"Point","coordinates":[34.78299,32.09263]},"properties":{"n":"סופי קוסמטולוגי","c":"wellness","s":"tlv","a":"אבן גבירול"}},{"type":"Feature","id":"14542","geometry":{"type":"Point","coordinates":[34.78318,32.09381]},"properties":{"n":"פיצה פנמה","c":"restaurant","s":"tlv","a":"אבן גבירול"}},{"type":"Feature","id":"14544","geometry":{"type":"Point","coordinates":[34.78628,32.09101]},"properties":{"n":"פנקס/דה האז","c":"transit_stop","s":"tlv","a":"פנקס 23"}},{"type":"Feature","id":"1456","geometry":{"type":"Point","coordinates":[34.78044,32.09068]},"properties":{"n":"יבולישדה אבו מוך עומר","c":"supermarket","s":"tlv","a":"אשתורי הפרחי"}},{"type":"Feature","id":"14564","geometry":{"type":"Point","coordinates":[34.78342,32.09801]},"properties":{"n":"אבן גבירול/שד' רוקח","c":"transit_stop","s":"tlv","a":"אבן גבירול"}},{"type":"Feature","id":"14572","geometry":{"type":"Point","coordinates":[34.7804,32.09046]},"properties":{"n":"מלה","c":"restaurant","s":"tlv","a":"אשתורי הפרחי"}},{"type":"Feature","id":"14597","geometry":{"type":"Point","coordinates":[34.79215,32.10427]},"properties":{"n":"בית מרקחת למד","c":"pharmacy","s":"tlv","a":"בראלי"}},{"type":"Feature","id":"14670","geometry":{"type":"Point","coordinates":[34.80216,32.12524]},"properties":{"n":"סוליקה","c":"restaurant","s":"tlv","a":"אחימאיר אבא"}},{"type":"Feature","id":"14675","geometry":{"type":"Point","coordinates":[34.80149,32.12502]},"properties":{"n":"רומיס בייקרי","c":"cafe","s":"tlv","a":"אחימאיר אבא"}},{"type":"Feature","id":"14685","geometry":{"type":"Point","coordinates":[34.78818,32.08663]},"properties":{"n":"גאט מקסימום","c":"shopping","s":"tlv","a":"הא באייר"}},{"type":"Feature","id":"147","geometry":{"type":"Point","coordinates":[34.78459,32.09532]},"properties":{"n":"שלום","c":"kindergarten","s":"tlv","a":"בני דן 6"}},{"type":"Feature","id":"147","geometry":{"type":"Point","coordinates":[34.78459,32.09532]},"properties":{"n":"יחד","c":"kindergarten","s":"tlv","a":"בני דן 6"}},{"type":"Feature","id":"14729","geometry":{"type":"Point","coordinates":[34.81391,32.12054]},"properties":{"n":"איסטרוניקס","c":"shopping","s":"tlv","a":"רוזאניס"}},{"type":"Feature","id":"14780","geometry":{"type":"Point","coordinates":[34.8116,32.1049]},"properties":{"n":"מקום בטבע יער בראשית בע\"מ","c":"shopping","s":"tlv","a":"רוקח ישראל"}},{"type":"Feature","id":"148","geometry":{"type":"Point","coordinates":[34.7817,32.08602]},"properties":{"n":"סביח מחסן","c":"restaurant","s":"tlv","a":"אבן גבירול"}},{"type":"Feature","id":"14817","geometry":{"type":"Point","coordinates":[34.82234,32.11824]},"properties":{"n":"בית מרקחת קונצפט פירר בעמ","c":"pharmacy","s":"tlv","a":"לאה גולדברג"}},{"type":"Feature","id":"14857","geometry":{"type":"Point","coordinates":[34.77352,32.08904]},"properties":{"n":"4 דייגים","c":"shopping","s":"tlv","a":"בן יהודה"}},{"type":"Feature","id":"14866","geometry":{"type":"Point","coordinates":[34.79163,32.09378]},"properties":{"n":"שבע חנות אוכל","c":"supermarket","s":"tlv","a":"יהודה המכבי"}},{"type":"Feature","id":"14906","geometry":{"type":"Point","coordinates":[34.80038,32.12324]},"properties":{"n":"משה מיכאלי מספרה","c":"wellness","s":"tlv","a":"בית צורי אליהו"}},{"type":"Feature","id":"14916","geometry":{"type":"Point","coordinates":[34.81811,32.11572]},"properties":{"n":"ליידי דיוויס","c":"restaurant","s":"tlv","a":"בני אפרים"}},{"type":"Feature","id":"14983","geometry":{"type":"Point","coordinates":[34.81852,32.10963]},"properties":{"n":"מנת הטבע","c":"shopping","s":"tlv","a":"הדר יוסף"}},{"type":"Feature","id":"14991","geometry":{"type":"Point","coordinates":[34.77481,32.09521]},"properties":{"n":"רובי","c":"restaurant","s":"tlv","a":"ירמיהו הנביא"}},{"type":"Feature","id":"15","geometry":{"type":"Point","coordinates":[34.78206,32.10783]},"properties":{"n":"זהרה לביטוב","c":"lrt_station","s":"tlv","e":"ent_7b02ee1786ad73e5d7091c37","p":"place/zohara-levitov-light-rail/","f":1}},{"type":"Feature","id":"15131","geometry":{"type":"Point","coordinates":[34.7873,32.09111]},"properties":{"n":"בית מאפה פנקס","c":"restaurant","s":"tlv","a":"פנקס דוד צבי"}},{"type":"Feature","id":"15174","geometry":{"type":"Point","coordinates":[34.80149,32.12502]},"properties":{"n":"פיצה פינו","c":"cafe","s":"tlv","a":"אחימאיר אבא"}},{"type":"Feature","id":"15213","geometry":{"type":"Point","coordinates":[34.78213,32.08795]},"properties":{"n":"פיצה דונטלו","c":"restaurant","s":"tlv","a":"אבן גבירול"}},{"type":"Feature","id":"1528","geometry":{"type":"Point","coordinates":[34.77359,32.08923]},"properties":{"n":"קלאופטרה","c":"wellness","s":"tlv","a":"בן יהודה"}},{"type":"Feature","id":"153","geometry":{"type":"Point","coordinates":[34.77561,32.08889]},"properties":{"n":"ניצת הדודבן","c":"supermarket","s":"tlv","a":"דיזנגוף"}},{"type":"Feature","id":"1530","geometry":{"type":"Point","coordinates":[34.77379,32.08877]},"properties":{"n":"מאה שמונים ושמונה","c":"shopping","s":"tlv","a":"בן יהודה"}},{"type":"Feature","id":"15313","geometry":{"type":"Point","coordinates":[34.79318,32.10597]},"properties":{"n":"נופים","c":"kindergarten","s":"tlv","a":"קרני יהודה 15"}},{"type":"Feature","id":"15313","geometry":{"type":"Point","coordinates":[34.79318,32.10597]},"properties":{"n":"שמש","c":"kindergarten","s":"tlv","a":"קרני יהודה 15"}},{"type":"Feature","id":"15328","geometry":{"type":"Point","coordinates":[34.79671,32.11652]},"properties":{"n":"שי אביב שיווק","c":"shopping","s":"tlv","a":"טאגור רבינדרנת"}},{"type":"Feature","id":"1533","geometry":{"type":"Point","coordinates":[34.77418,32.09116]},"properties":{"n":"רוטינה","c":"wellness","s":"tlv","a":"בן יהודה"}},{"type":"Feature","id":"15336","geometry":{"type":"Point","coordinates":[34.79762,32.11178]},"properties":{"n":"עיצוב שיער - אריה","c":"wellness","s":"tlv","a":"ברודצקי"}},{"type":"Feature","id":"15388","geometry":{"type":"Point","coordinates":[34.77947,32.09097]},"properties":{"n":"קפה אלקלעי","c":"cafe","s":"tlv","a":"אלקלעי"}},{"type":"Feature","id":"15415","geometry":{"type":"Point","coordinates":[34.81838,32.10911]},"properties":{"n":"קונדיטוריית גלית","c":"shopping","s":"tlv","a":"הדר יוסף"}},{"type":"Feature","id":"15430","geometry":{"type":"Point","coordinates":[34.78473,32.09402]},"properties":{"n":"יורם בסון","c":"wellness","s":"tlv","a":"יהודה המכבי"}},{"type":"Feature","id":"15442","geometry":{"type":"Point","coordinates":[34.77577,32.08966]},"properties":{"n":"אבי סופר עיצוב בע\"מ","c":"shopping","s":"tlv","a":"דיזנגוף"}},{"type":"Feature","id":"15490","geometry":{"type":"Point","coordinates":[34.78213,32.08795]},"properties":{"n":"מכון אורה","c":"wellness","s":"tlv","a":"אבן גבירול"}},{"type":"Feature","id":"15496","geometry":{"type":"Point","coordinates":[34.77808,32.09017]},"properties":{"n":"שלום שרון","c":"wellness","s":"tlv","a":"בזל"}},{"type":"Feature","id":"15511","geometry":{"type":"Point","coordinates":[34.78573,32.11336]},"properties":{"n":"נוף","c":"kindergarten","s":"tlv","a":"זינגר בשביס יצחק 1"}},{"type":"Feature","id":"15547","geometry":{"type":"Point","coordinates":[34.77668,32.0947]},"properties":{"n":"קיסו","c":"wellness","s":"tlv","a":"דיזנגוף"}},{"type":"Feature","id":"15555","geometry":{"type":"Point","coordinates":[34.78231,32.08706]},"properties":{"n":"חניון מגדל המאה בע\"מ","c":"parking","s":"tlv","a":"אבן גבירול"}},{"type":"Feature","id":"15558","geometry":{"type":"Point","coordinates":[34.79659,32.1126]},"properties":{"n":"חניון קניון רמת אביב","c":"parking","s":"tlv","a":"אינשטיין"}},{"type":"Feature","id":"15559","geometry":{"type":"Point","coordinates":[34.81598,32.11154]},"properties":{"n":"עיצוב שיער אלון","c":"wellness","s":"tlv","a":"בני אפרים"}},{"type":"Feature","id":"15560","geometry":{"type":"Point","coordinates":[34.80357,32.12493]},"properties":{"n":"מקדונלד'ס","c":"restaurant","s":"tlv+osm","a":"אחימאיר אבא"}},{"type":"Feature","id":"15636","geometry":{"type":"Point","coordinates":[34.78017,32.09091]},"properties":{"n":"המספרה שלי","c":"wellness","s":"tlv","a":"אלקלעי"}},{"type":"Feature","id":"15654","geometry":{"type":"Point","coordinates":[34.8209,32.10704]},"properties":{"n":"אופיר וגולן","c":"wellness","s":"tlv","a":"אש שלום"}},{"type":"Feature","id":"15657","geometry":{"type":"Point","coordinates":[34.82114,32.1069]},"properties":{"n":"בית מרקחת טל שחר","c":"pharmacy","s":"tlv","a":"אש שלום"}},{"type":"Feature","id":"15658","geometry":{"type":"Point","coordinates":[34.8209,32.10704]},"properties":{"n":"אמנון ותמר תומש","c":"shopping","s":"tlv","a":"אש שלום"}},{"type":"Feature","id":"15669","geometry":{"type":"Point","coordinates":[34.82363,32.12568]},"properties":{"n":"משתלה פתאל מנשה","c":"shopping","s":"tlv","a":"מנחם לילי"}},{"type":"Feature","id":"15763","geometry":{"type":"Point","coordinates":[34.79959,32.12052]},"properties":{"n":"מספרה דים תמר","c":"wellness","s":"tlv","a":"רב אשי"}},{"type":"Feature","id":"1577","geometry":{"type":"Point","coordinates":[34.77751,32.08645]},"properties":{"n":"ג'ולי","c":"wellness","s":"tlv","a":"ארלוזורוב"}},{"type":"Feature","id":"15871","geometry":{"type":"Point","coordinates":[34.77632,32.09189]},"properties":{"n":"בבקה","c":"restaurant","s":"tlv","a":"דיזנגוף"}},{"type":"Feature","id":"159","geometry":{"type":"Point","coordinates":[34.77362,32.08941]},"properties":{"n":"\"פיצה פינו\"","c":"cafe","s":"tlv","a":"בן יהודה"}},{"type":"Feature","id":"16","geometry":{"type":"Point","coordinates":[34.82008,32.10581]},"properties":{"n":"הדר יוסף","c":"lrt_station","s":"tlv","e":"ent_d8d91f79f828b7d9f44a98a8","p":"place/hadar-yosef-light-rail/","f":1}},{"type":"Feature","id":"16066","geometry":{"type":"Point","coordinates":[34.79762,32.11178]},"properties":{"n":"פרחי ברזיל","c":"shopping","s":"tlv","a":"ברודצקי"}},{"type":"Feature","id":"16092","geometry":{"type":"Point","coordinates":[34.79743,32.11737]},"properties":{"n":"מתוקה","c":"cafe","s":"tlv","a":"טאגור רבינדרנת"}},{"type":"Feature","id":"16096","geometry":{"type":"Point","coordinates":[34.77479,32.0857]},"properties":{"n":"פיצה פרגו","c":"shopping","s":"tlv","a":"דיזנגוף"}},{"type":"Feature","id":"16107","geometry":{"type":"Point","coordinates":[34.77491,32.08813]},"properties":{"n":"שלגיה","c":"wellness","s":"tlv","a":"דיזנגוף"}},{"type":"Feature","id":"16319","geometry":{"type":"Point","coordinates":[34.79844,32.12524]},"properties":{"n":"מרגלית ודנה","c":"shopping","s":"tlv","a":"אחימאיר אבא"}},{"type":"Feature","id":"1634","geometry":{"type":"Point","coordinates":[34.78044,32.09068]},"properties":{"n":"גלידה אוטלו","c":"cafe","s":"tlv","a":"אשתורי הפרחי"}},{"type":"Feature","id":"16410","geometry":{"type":"Point","coordinates":[34.79745,32.12016]},"properties":{"n":"מיתר","c":"kindergarten","s":"tlv","a":"ד\"ר צ'רטוק שמשון 8"}},{"type":"Feature","id":"16474","geometry":{"type":"Point","coordinates":[34.79213,32.09383]},"properties":{"n":"בית טבע צפון","c":"supermarket","s":"tlv","a":"יהודה המכבי"}},{"type":"Feature","id":"1650","geometry":{"type":"Point","coordinates":[34.79674,32.10553]},"properties":{"n":"ניסים יחיא","c":"cafe","s":"tlv","a":"ברודצקי"}},{"type":"Feature","id":"16519","geometry":{"type":"Point","coordinates":[34.78513,32.09359]},"properties":{"n":"אנוטקה","c":"bar","s":"tlv","a":"דה האז"}},{"type":"Feature","id":"16527","geometry":{"type":"Point","coordinates":[34.81097,32.10532]},"properties":{"n":"חניון פנימי מרכז הירידים","c":"sport","s":"tlv","a":"רוקח ישראל"}},{"type":"Feature","id":"16528","geometry":{"type":"Point","coordinates":[34.77773,32.09602]},"properties":{"n":"חניון בני דן","c":"sport","s":"tlv","a":"אוסישקין"}},{"type":"Feature","id":"16567","geometry":{"type":"Point","coordinates":[34.78368,32.0942]},"properties":{"n":"LE PANIER","c":"restaurant","s":"tlv","a":"אבן גבירול"}},{"type":"Feature","id":"16577","geometry":{"type":"Point","coordinates":[34.77925,32.0898]},"properties":{"n":"בזל בייקרי","c":"cafe","s":"tlv","a":"בזל"}},{"type":"Feature","id":"1665","geometry":{"type":"Point","coordinates":[34.78368,32.0942]},"properties":{"n":"היילייטס","c":"wellness","s":"tlv","a":"אבן גבירול"}},{"type":"Feature","id":"16673","geometry":{"type":"Point","coordinates":[34.78782,32.09267]},"properties":{"n":"תיכון עירוני יא","c":"restaurant","s":"tlv","a":"שטריקר"}},{"type":"Feature","id":"16674","geometry":{"type":"Point","coordinates":[34.79678,32.11249]},"properties":{"n":"זארה","c":"shopping","s":"tlv","a":"אינשטיין"}},{"type":"Feature","id":"16676","geometry":{"type":"Point","coordinates":[34.79678,32.11249]},"properties":{"n":"גרנד קפה טורקיז גרין","c":"restaurant","s":"tlv","a":"אינשטיין"}},{"type":"Feature","id":"16686","geometry":{"type":"Point","coordinates":[34.8243,32.11788]},"properties":{"n":"אי אם פי אם","c":"supermarket","s":"tlv","a":"ויינשל"}},{"type":"Feature","id":"1671","geometry":{"type":"Point","coordinates":[34.77322,32.08802]},"properties":{"n":"ברכולית","c":"supermarket","s":"tlv","a":"בן יהודה"}},{"type":"Feature","id":"16721","geometry":{"type":"Point","coordinates":[34.76999,32.086]},"properties":{"n":"חניון אתרים","c":"parking","s":"tlv+osm","a":"הירקון"}},{"type":"Feature","id":"16723","geometry":{"type":"Point","coordinates":[34.77197,32.09374]},"properties":{"n":"חניון שרתון","c":"sport","s":"tlv","a":"נמל תל אביב"}},{"type":"Feature","id":"16735","geometry":{"type":"Point","coordinates":[34.78031,32.09002]},"properties":{"n":"זה סושי","c":"restaurant","s":"tlv","a":"אשתורי הפרחי"}},{"type":"Feature","id":"16932","geometry":{"type":"Point","coordinates":[34.78999,32.10515]},"properties":{"n":"שחר יעקובי","c":"wellness","s":"tlv","a":"אפטר יעקב"}},{"type":"Feature","id":"16953","geometry":{"type":"Point","coordinates":[34.7834,32.0949]},"properties":{"n":"היכל היופי והבריאות","c":"wellness","s":"tlv","a":"אבן גבירול"}},{"type":"Feature","id":"16958","geometry":{"type":"Point","coordinates":[34.79678,32.11249]},"properties":{"n":"טבע פארם","c":"wellness","s":"tlv","a":"אינשטיין"}},{"type":"Feature","id":"16960","geometry":{"type":"Point","coordinates":[34.78236,32.08917]},"properties":{"n":"מזנון תאילנדי","c":"restaurant","s":"tlv","a":"אבן גבירול"}},{"type":"Feature","id":"16962","geometry":{"type":"Point","coordinates":[34.78337,32.10097]},"properties":{"n":"לוקנטה","c":"restaurant","s":"tlv","a":"בוני העיר"}},{"type":"Feature","id":"16975","geometry":{"type":"Point","coordinates":[34.77446,32.08571]},"properties":{"n":"קיוסק עדן","c":"shopping","s":"tlv","a":"דיזנגוף"}},{"type":"Feature","id":"17089","geometry":{"type":"Point","coordinates":[34.79035,32.11199]},"properties":{"n":"יהלומי פוזיילוב","c":"shopping","s":"tlv","a":"אינשטיין"}},{"type":"Feature","id":"17090","geometry":{"type":"Point","coordinates":[34.79659,32.1126]},"properties":{"n":"בורסה לתכשיטים","c":"shopping","s":"tlv","a":"אינשטיין"}},{"type":"Feature","id":"17092","geometry":{"type":"Point","coordinates":[34.8243,32.11788]},"properties":{"n":"אבירם","c":"wellness","s":"tlv","a":"ויינשל"}},{"type":"Feature","id":"17175","geometry":{"type":"Point","coordinates":[34.79124,32.11434]},"properties":{"n":"בוטיק סנטרל","c":"restaurant","s":"tlv","a":"פרלוק משה"}},{"type":"Feature","id":"17180","geometry":{"type":"Point","coordinates":[34.79743,32.11737]},"properties":{"n":"Zitbar","c":"cafe","s":"tlv","a":"טאגור רבינדרנת"}},{"type":"Feature","id":"17274","geometry":{"type":"Point","coordinates":[34.7708,32.08979]},"properties":{"n":"הילטון ביי","c":"restaurant","s":"tlv","a":"הירקון"}},{"type":"Feature","id":"17279","geometry":{"type":"Point","coordinates":[34.80179,32.12507]},"properties":{"n":"אירידה","c":"wellness","s":"tlv","a":"אחימאיר אבא"}},{"type":"Feature","id":"17287","geometry":{"type":"Point","coordinates":[34.8243,32.11788]},"properties":{"n":"ג'ורנו קפה","c":"restaurant","s":"tlv","a":"ויינשל"}},{"type":"Feature","id":"17296","geometry":{"type":"Point","coordinates":[34.79109,32.11443]},"properties":{"n":"פיגרו","c":"wellness","s":"tlv","a":"זריצקי"}},{"type":"Feature","id":"17312","geometry":{"type":"Point","coordinates":[34.79678,32.11249]},"properties":{"n":"קפה אלברט","c":"restaurant","s":"tlv","a":"אינשטיין"}},{"type":"Feature","id":"17316","geometry":{"type":"Point","coordinates":[34.77276,32.08669]},"properties":{"n":"I.D","c":"wellness","s":"tlv","a":"בן יהודה"}},{"type":"Feature","id":"17376","geometry":{"type":"Point","coordinates":[34.79732,32.11249]},"properties":{"n":"פדני טיים","c":"shopping","s":"tlv","a":"אינשטיין"}},{"type":"Feature","id":"17392","geometry":{"type":"Point","coordinates":[34.79118,32.11434]},"properties":{"n":"חוות צוק","c":"restaurant","s":"tlv+osm","a":"פרלוק משה","w":"https://www.zuk-farm.co.il/"}},{"type":"Feature","id":"17418","geometry":{"type":"Point","coordinates":[34.82317,32.11874]},"properties":{"n":"שקד","c":"kindergarten","s":"tlv","a":"גליקסברג 17"}},{"type":"Feature","id":"17418","geometry":{"type":"Point","coordinates":[34.82317,32.11874]},"properties":{"n":"אגוז","c":"kindergarten","s":"tlv","a":"גליקסברג 17"}},{"type":"Feature","id":"1747","geometry":{"type":"Point","coordinates":[34.78033,32.08966]},"properties":{"n":"zest","c":"supermarket","s":"tlv","a":"בזל"}},{"type":"Feature","id":"17475","geometry":{"type":"Point","coordinates":[34.81889,32.11739]},"properties":{"n":"טיב וטעים","c":"restaurant","s":"tlv","a":"שלונסקי אברהם"}},{"type":"Feature","id":"17476","geometry":{"type":"Point","coordinates":[34.81915,32.11781]},"properties":{"n":"מרכול","c":"supermarket","s":"tlv","a":"שלונסקי אברהם"}},{"type":"Feature","id":"17482","geometry":{"type":"Point","coordinates":[34.80388,32.09756]},"properties":{"n":"קיי. ג'י קיוסקים ומזנונים","c":"restaurant","s":"tlv","a":"קוסובסקי"}},{"type":"Feature","id":"17487","geometry":{"type":"Point","coordinates":[34.76964,32.09011]},"properties":{"n":"חניון הילטון 2","c":"parking","s":"tlv","a":"הירקון"}},{"type":"Feature","id":"17493","geometry":{"type":"Point","coordinates":[34.82487,32.11245]},"properties":{"n":"חניון פינחס רוזן","c":"sport","s":"tlv","a":"רוזן פנחס"}},{"type":"Feature","id":"1751","geometry":{"type":"Point","coordinates":[34.78368,32.0942]},"properties":{"n":"עלית הטופי","c":"shopping","s":"tlv","a":"אבן גבירול"}},{"type":"Feature","id":"17512","geometry":{"type":"Point","coordinates":[34.77603,32.10179]},"properties":{"n":"מימד תיאטרון בע\"מ","c":"restaurant","s":"tlv","a":"יקותיאלי יוסף"}},{"type":"Feature","id":"17573","geometry":{"type":"Point","coordinates":[34.80324,32.11237]},"properties":{"n":"מקדונלס","c":"restaurant","s":"tlv","a":"אוניברסיטת ת\"א"}},{"type":"Feature","id":"17593","geometry":{"type":"Point","coordinates":[34.81321,32.1066]},"properties":{"n":"ביתן 15","c":"shopping","s":"tlv","a":"רוקח ישראל"}},{"type":"Feature","id":"1763","geometry":{"type":"Point","coordinates":[34.78521,32.0918]},"properties":{"n":"לואי","c":"cafe","s":"tlv","a":"מרשל לואי"}},{"type":"Feature","id":"17676","geometry":{"type":"Point","coordinates":[34.77381,32.08621]},"properties":{"n":"רעות - בית שלום","c":"restaurant","s":"tlv","a":"שי\"ר"}},{"type":"Feature","id":"17682","geometry":{"type":"Point","coordinates":[34.79171,32.09378]},"properties":{"n":"בלוקבסטר וידאו","c":"shopping","s":"tlv","a":"יהודה המכבי"}},{"type":"Feature","id":"17688","geometry":{"type":"Point","coordinates":[34.79732,32.11249]},"properties":{"n":"א.ל.מ.","c":"shopping","s":"tlv","a":"אינשטיין"}},{"type":"Feature","id":"17701","geometry":{"type":"Point","coordinates":[34.78218,32.09893]},"properties":{"n":"אחוזות החוף","c":"sport","s":"tlv","a":"רוקח ישראל"}},{"type":"Feature","id":"17706","geometry":{"type":"Point","coordinates":[34.77794,32.08635]},"properties":{"n":"זינגר פינת המזל","c":"shopping","s":"tlv","a":"ארבע ארצות"}},{"type":"Feature","id":"17776","geometry":{"type":"Point","coordinates":[34.81097,32.10532]},"properties":{"n":"אקספו ביתן מס' 11","c":"shopping","s":"tlv","a":"רוקח ישראל"}},{"type":"Feature","id":"17780","geometry":{"type":"Point","coordinates":[34.77355,32.09693]},"properties":{"n":"קפה ובריזה בנמל בעמ","c":"restaurant","s":"tlv","a":"ליפקין שחק- שטח הנמל"}},{"type":"Feature","id":"17791","geometry":{"type":"Point","coordinates":[34.77445,32.09212]},"properties":{"n":"אי אם פי אם-בן יהודה","c":"supermarket","s":"tlv","a":"בן יהודה"}},{"type":"Feature","id":"17807","geometry":{"type":"Point","coordinates":[34.77491,32.0936]},"properties":{"n":"מישל מרסייה","c":"wellness","s":"tlv","a":"בן יהודה"}},{"type":"Feature","id":"17808","geometry":{"type":"Point","coordinates":[34.79678,32.11249]},"properties":{"n":"המשביר לצרכן החדש","c":"shopping","s":"tlv","a":"אינשטיין"}},{"type":"Feature","id":"1784","geometry":{"type":"Point","coordinates":[34.79741,32.1066]},"properties":{"n":"הפיצוחיה של מנש","c":"cafe","s":"tlv","a":"ברודצקי"}},{"type":"Feature","id":"17861","geometry":{"type":"Point","coordinates":[34.79043,32.08551]},"properties":{"n":"פדני","c":"shopping","s":"tlv","a":"הא באייר"}},{"type":"Feature","id":"17885","geometry":{"type":"Point","coordinates":[34.80331,32.12503]},"properties":{"n":"זר פור יו","c":"shopping","s":"tlv","a":"אחימאיר אבא"}},{"type":"Feature","id":"17894","geometry":{"type":"Point","coordinates":[34.81321,32.1066]},"properties":{"n":"ביתן 12","c":"bar","s":"tlv","a":"רוקח ישראל"}},{"type":"Feature","id":"17895","geometry":{"type":"Point","coordinates":[34.81097,32.10532]},"properties":{"n":"ביתן 14","c":"bar","s":"tlv","a":"רוקח ישראל"}},{"type":"Feature","id":"17900","geometry":{"type":"Point","coordinates":[34.77355,32.09693]},"properties":{"n":"לב הנמל","c":"shopping","s":"tlv","a":"ליפקין שחק- שטח הנמל"}},{"type":"Feature","id":"17968","geometry":{"type":"Point","coordinates":[34.77565,32.09483]},"properties":{"n":"ברויסימו","c":"shopping","s":"tlv","a":"ירמיהו הנביא"}},{"type":"Feature","id":"17970","geometry":{"type":"Point","coordinates":[34.81651,32.12288]},"properties":{"n":"matukia","c":"shopping","s":"tlv","a":"בקר אהרון"}},{"type":"Feature","id":"17972","geometry":{"type":"Point","coordinates":[34.79745,32.10701]},"properties":{"n":"נועם מזור","c":"wellness","s":"tlv","a":"ברודצקי"}},{"type":"Feature","id":"17975","geometry":{"type":"Point","coordinates":[34.81651,32.12288]},"properties":{"n":"קונדטוריית מיקדו","c":"shopping","s":"tlv","a":"בקר אהרון"}},{"type":"Feature","id":"17976","geometry":{"type":"Point","coordinates":[34.78247,32.08763]},"properties":{"n":"סטודיו b","c":"gym","s":"tlv","a":"אבן גבירול"}},{"type":"Feature","id":"17984","geometry":{"type":"Point","coordinates":[34.81651,32.12288]},"properties":{"n":"יאנגו דלי","c":"supermarket","s":"tlv","a":"בקר אהרון"}},{"type":"Feature","id":"17988","geometry":{"type":"Point","coordinates":[34.79451,32.08996]},"properties":{"n":"סברס","c":"restaurant","s":"tlv","a":"נמיר מרדכי"}},{"type":"Feature","id":"18017","geometry":{"type":"Point","coordinates":[34.78233,32.08902]},"properties":{"n":"מספרת שרביט יוסי","c":"wellness","s":"tlv","a":"אבן גבירול"}},{"type":"Feature","id":"18027","geometry":{"type":"Point","coordinates":[34.77511,32.08834]},"properties":{"n":"בשמת","c":"shopping","s":"tlv","a":"דיזנגוף"}},{"type":"Feature","id":"18033","geometry":{"type":"Point","coordinates":[34.80686,32.11751]},"properties":{"n":"חניון מירשם","c":"sport","s":"tlv","a":"קלצ'קין"}},{"type":"Feature","id":"18038","geometry":{"type":"Point","coordinates":[34.81915,32.11781]},"properties":{"n":"סלון שושנה","c":"wellness","s":"tlv","a":"שלונסקי אברהם"}},{"type":"Feature","id":"18042","geometry":{"type":"Point","coordinates":[34.79659,32.1126]},"properties":{"n":"עולם הממתקים","c":"shopping","s":"tlv","a":"אינשטיין"}},{"type":"Feature","id":"18055","geometry":{"type":"Point","coordinates":[34.82366,32.11281]},"properties":{"n":"קאנטרי נאות אפק","c":"sport","s":"tlv","a":"קהילת סלוניקי"}},{"type":"Feature","id":"18080","geometry":{"type":"Point","coordinates":[34.81651,32.12288]},"properties":{"n":"בי פארם","c":"pharmacy","s":"tlv","a":"בקר אהרון"}},{"type":"Feature","id":"18085","geometry":{"type":"Point","coordinates":[34.81925,32.10806]},"properties":{"n":"שוק הדר יוסף","c":"supermarket","s":"tlv","a":"קהילת לודג'"}},{"type":"Feature","id":"18090","geometry":{"type":"Point","coordinates":[34.77492,32.08567]},"properties":{"n":"דיאנה המכון הישראלי לספרו","c":"wellness","s":"tlv","a":"יודפת"}},{"type":"Feature","id":"18096","geometry":{"type":"Point","coordinates":[34.79576,32.11904]},"properties":{"n":"יבולים מהכפר","c":"supermarket","s":"tlv","a":"לויטן יצחק"}},{"type":"Feature","id":"18119","geometry":{"type":"Point","coordinates":[34.80044,32.09633]},"properties":{"n":"בר","c":"kindergarten","s":"tlv","a":"שטינמן אליעזר 1"}},{"type":"Feature","id":"18119","geometry":{"type":"Point","coordinates":[34.80044,32.09633]},"properties":{"n":"דבש","c":"kindergarten","s":"tlv","a":"שטינמן אליעזר 1"}},{"type":"Feature","id":"18158","geometry":{"type":"Point","coordinates":[34.80216,32.12524]},"properties":{"n":"GNC","c":"shopping","s":"tlv","a":"אחימאיר אבא"}},{"type":"Feature","id":"18171","geometry":{"type":"Point","coordinates":[34.77547,32.10146]},"properties":{"n":"קנדי לנד","c":"shopping","s":"tlv","a":"יקותיאלי יוסף"}},{"type":"Feature","id":"18187","geometry":{"type":"Point","coordinates":[34.78335,32.09459]},"properties":{"n":"דרגסטור אבן גבירול","c":"shopping","s":"tlv","a":"אבן גבירול"}},{"type":"Feature","id":"18202","geometry":{"type":"Point","coordinates":[34.78236,32.08917]},"properties":{"n":"קונגרס בזל","c":"restaurant","s":"tlv","a":"אבן גבירול"}},{"type":"Feature","id":"18214","geometry":{"type":"Point","coordinates":[34.80331,32.12503]},"properties":{"n":"נקודת טבע","c":"shopping","s":"tlv","a":"אחימאיר אבא"}},{"type":"Feature","id":"18218","geometry":{"type":"Point","coordinates":[34.79101,32.11094]},"properties":{"n":"דו רה מי","c":"kindergarten","s":"tlv","a":"בורלא יהודה 44"}},{"type":"Feature","id":"18218","geometry":{"type":"Point","coordinates":[34.79101,32.11094]},"properties":{"n":"אורגן","c":"kindergarten","s":"tlv","a":"בורלא יהודה 44"}},{"type":"Feature","id":"18219","geometry":{"type":"Point","coordinates":[34.80149,32.12502]},"properties":{"n":"חלום של פעם","c":"shopping","s":"tlv","a":"אחימאיר אבא"}},{"type":"Feature","id":"18221","geometry":{"type":"Point","coordinates":[34.79631,32.11183]},"properties":{"n":"מילר","c":"shopping","s":"tlv","a":"אינשטיין"}},{"type":"Feature","id":"18237","geometry":{"type":"Point","coordinates":[34.80407,32.11699]},"properties":{"n":"חניון רפואת שיניים","c":"sport","s":"tlv","a":"קלצ'קין"}},{"type":"Feature","id":"18238","geometry":{"type":"Point","coordinates":[34.80371,32.1249]},"properties":{"n":"שיפודי ציפורה","c":"restaurant","s":"tlv","a":"אחימאיר אבא"}},{"type":"Feature","id":"18242","geometry":{"type":"Point","coordinates":[34.79631,32.11183]},"properties":{"n":"ה. שטרן","c":"shopping","s":"tlv","a":"אינשטיין"}},{"type":"Feature","id":"18255","geometry":{"type":"Point","coordinates":[34.79678,32.11249]},"properties":{"n":"אוקסיג'ן","c":"gym","s":"tlv","a":"אינשטיין"}},{"type":"Feature","id":"18263","geometry":{"type":"Point","coordinates":[34.81321,32.1066]},"properties":{"n":"ביתן 1 החדש","c":"shopping","s":"tlv","a":"רוקח ישראל"}},{"type":"Feature","id":"18280","geometry":{"type":"Point","coordinates":[34.7875,32.09077]},"properties":{"n":"חיות מחמד","c":"shopping","s":"tlv","a":"פנקס דוד צבי"}},{"type":"Feature","id":"18285","geometry":{"type":"Point","coordinates":[34.77986,32.09669]},"properties":{"n":"מכון כושר וסאונה יבשה","c":"gym","s":"tlv","a":"רוקח ישראל"}},{"type":"Feature","id":"18317","geometry":{"type":"Point","coordinates":[34.81496,32.11469]},"properties":{"n":"פלפלון","c":"kindergarten","s":"tlv","a":"עמרי 12"}},{"type":"Feature","id":"18317","geometry":{"type":"Point","coordinates":[34.81496,32.11469]},"properties":{"n":"צאלון","c":"kindergarten","s":"tlv","a":"עמרי 12"}},{"type":"Feature","id":"18327","geometry":{"type":"Point","coordinates":[34.7992,32.12007]},"properties":{"n":"אופנהיימר קפה","c":"restaurant","s":"tlv","a":"אופנהיימר"}},{"type":"Feature","id":"18328","geometry":{"type":"Point","coordinates":[34.79678,32.11249]},"properties":{"n":"\"פאם\"","c":"wellness","s":"tlv","a":"אינשטיין"}},{"type":"Feature","id":"18329","geometry":{"type":"Point","coordinates":[34.79659,32.1126]},"properties":{"n":"ארקפה","c":"cafe","s":"tlv","a":"אינשטיין"}},{"type":"Feature","id":"18332","geometry":{"type":"Point","coordinates":[34.78819,32.0868]},"properties":{"n":"גלרית הזהב","c":"shopping","s":"tlv","a":"הא באייר"}},{"type":"Feature","id":"18338","geometry":{"type":"Point","coordinates":[34.81651,32.12288]},"properties":{"n":"שי שי","c":"restaurant","s":"tlv","a":"בקר אהרון"}},{"type":"Feature","id":"18345","geometry":{"type":"Point","coordinates":[34.79681,32.11161]},"properties":{"n":"חיטוב מכוני כושר בע\"מ","c":"gym","s":"tlv","a":"ברזיל"}},{"type":"Feature","id":"18347","geometry":{"type":"Point","coordinates":[34.77269,32.08515]},"properties":{"n":"טיב טעם רשתות בע\"מ","c":"supermarket","s":"tlv","a":"בן יהודה"}},{"type":"Feature","id":"18350","geometry":{"type":"Point","coordinates":[34.79264,32.12082]},"properties":{"n":"שופרסל בע\"מ","c":"supermarket","s":"tlv","a":"דולצ'ין אריה"}},{"type":"Feature","id":"18351","geometry":{"type":"Point","coordinates":[34.78353,32.09111]},"properties":{"n":"פרחים בפנקס","c":"shopping","s":"tlv","a":"מרים החשמונאית"}},{"type":"Feature","id":"18364","geometry":{"type":"Point","coordinates":[34.8233,32.10562]},"properties":{"n":"קפה אל-אטלטיקו","c":"cafe","s":"tlv","a":"שיטרית בכור"}},{"type":"Feature","id":"18373","geometry":{"type":"Point","coordinates":[34.77468,32.1003]},"properties":{"n":"מייסון קייזר","c":"restaurant","s":"tlv","a":"ליפקין שחק- שטח הנמל"}},{"type":"Feature","id":"18396","geometry":{"type":"Point","coordinates":[34.77904,32.09008]},"properties":{"n":"לחמי","c":"shopping","s":"tlv","a":"בזל"}},{"type":"Feature","id":"18400","geometry":{"type":"Point","coordinates":[34.79284,32.13077]},"properties":{"n":"מזנון אזורי חן","c":"cafe","s":"tlv","a":"גרינברג אורי צבי"}},{"type":"Feature","id":"18403","geometry":{"type":"Point","coordinates":[34.81651,32.12288]},"properties":{"n":"super","c":"shopping","s":"tlv","a":"בקר אהרון"}},{"type":"Feature","id":"18416","geometry":{"type":"Point","coordinates":[34.82463,32.11566]},"properties":{"n":"צבר","c":"kindergarten","s":"tlv","a":"שלונסקי אברהם 58"}},{"type":"Feature","id":"18416","geometry":{"type":"Point","coordinates":[34.82463,32.11566]},"properties":{"n":"גפן","c":"kindergarten","s":"tlv","a":"שלונסקי אברהם 58"}},{"type":"Feature","id":"18417","geometry":{"type":"Point","coordinates":[34.79825,32.11253]},"properties":{"n":"בית אבות נאות אביבים","c":"sport","s":"tlv","a":"ברודצקי"}},{"type":"Feature","id":"18425","geometry":{"type":"Point","coordinates":[34.78819,32.0868]},"properties":{"n":"מרינדו בע\"מ","c":"shopping","s":"tlv+osm","a":"הא באייר","w":"https://www.marinado.co.il/"}},{"type":"Feature","id":"18442","geometry":{"type":"Point","coordinates":[34.80179,32.12507]},"properties":{"n":"מרכז שוסטר","c":"shopping","s":"tlv","a":"אחימאיר אבא"}},{"type":"Feature","id":"18473","geometry":{"type":"Point","coordinates":[34.79619,32.10684]},"properties":{"n":"ד.ד שף הבית בע\"מ","c":"cafe","s":"tlv","a":"רדינג"}},{"type":"Feature","id":"18477","geometry":{"type":"Point","coordinates":[34.77649,32.09387]},"properties":{"n":"דייביס ואודי","c":"wellness","s":"tlv","a":"דיזנגוף"}},{"type":"Feature","id":"18486","geometry":{"type":"Point","coordinates":[34.77487,32.10111]},"properties":{"n":"שלוותה","c":"restaurant","s":"tlv","a":"ליפקין שחק- שטח הנמל"}},{"type":"Feature","id":"18490","geometry":{"type":"Point","coordinates":[34.79687,32.12673]},"properties":{"n":"קטצוץ","c":"wellness","s":"tlv","a":"ברזאני משה"}},{"type":"Feature","id":"18505","geometry":{"type":"Point","coordinates":[34.79217,32.13058]},"properties":{"n":"בית מרקחת אזורי חן","c":"pharmacy","s":"tlv","a":"גרינברג אורי צבי"}},{"type":"Feature","id":"18506","geometry":{"type":"Point","coordinates":[34.77323,32.09627]},"properties":{"n":"כספי וסחבק","c":"restaurant","s":"tlv","a":"ליפקין שחק- שטח הנמל"}},{"type":"Feature","id":"18507","geometry":{"type":"Point","coordinates":[34.77638,32.0946]},"properties":{"n":"בוטצ'ר ברגר בע\"מ","c":"restaurant","s":"tlv","a":"דיזנגוף"}},{"type":"Feature","id":"18511","geometry":{"type":"Point","coordinates":[34.81651,32.12288]},"properties":{"n":"מרקטו","c":"supermarket","s":"tlv","a":"בקר אהרון"}},{"type":"Feature","id":"18533","geometry":{"type":"Point","coordinates":[34.79,32.08542]},"properties":{"n":"לילוש ומשה","c":"wellness","s":"tlv","a":"הא באייר"}},{"type":"Feature","id":"18537","geometry":{"type":"Point","coordinates":[34.78337,32.10097]},"properties":{"n":"סופר כוכב הצפון","c":"supermarket","s":"tlv","a":"בוני העיר"}},{"type":"Feature","id":"18540","geometry":{"type":"Point","coordinates":[34.78008,32.09044]},"properties":{"n":"מאמי","c":"restaurant","s":"tlv","a":"אשתורי הפרחי"}},{"type":"Feature","id":"18541","geometry":{"type":"Point","coordinates":[34.79659,32.1126]},"properties":{"n":"ה. שטרן","c":"shopping","s":"tlv","a":"אינשטיין"}},{"type":"Feature","id":"18554","geometry":{"type":"Point","coordinates":[34.78166,32.08587]},"properties":{"n":"סביח קומפלקט","c":"restaurant","s":"tlv","a":"אבן גבירול"}},{"type":"Feature","id":"18575","geometry":{"type":"Point","coordinates":[34.77323,32.09627]},"properties":{"n":"חניון נמל ת\"א","c":"parking","s":"tlv","a":"ליפקין שחק- שטח הנמל"}},{"type":"Feature","id":"18583","geometry":{"type":"Point","coordinates":[34.79264,32.12082]},"properties":{"n":"מספרת איציק עינב וניסן","c":"wellness","s":"tlv","a":"דולצ'ין אריה"}},{"type":"Feature","id":"18587","geometry":{"type":"Point","coordinates":[34.77329,32.08714]},"properties":{"n":"רעות","c":"supermarket","s":"tlv","a":"בן יהודה"}},{"type":"Feature","id":"18588","geometry":{"type":"Point","coordinates":[34.77355,32.09693]},"properties":{"n":"סינמה פרדיסו בע\"מ","c":"shopping","s":"tlv","a":"ליפקין שחק- שטח הנמל"}},{"type":"Feature","id":"186","geometry":{"type":"Point","coordinates":[34.79139,32.09374]},"properties":{"n":"בוטיק פטיסרי","c":"cafe","s":"tlv","a":"יהודה המכבי"}},{"type":"Feature","id":"18611","geometry":{"type":"Point","coordinates":[34.77547,32.10146]},"properties":{"n":"רשל","c":"restaurant","s":"tlv","a":"יקותיאלי יוסף"}},{"type":"Feature","id":"18612","geometry":{"type":"Point","coordinates":[34.80038,32.12324]},"properties":{"n":"בודי טאן רמת אביב","c":"wellness","s":"tlv","a":"בית צורי אליהו"}},{"type":"Feature","id":"18614","geometry":{"type":"Point","coordinates":[34.82216,32.10765]},"properties":{"n":"דקל","c":"kindergarten","s":"tlv","a":"קיציס יוסף 28"}},{"type":"Feature","id":"18614","geometry":{"type":"Point","coordinates":[34.82216,32.10765]},"properties":{"n":"אקליפטוס","c":"kindergarten","s":"tlv","a":"קיציס יוסף 28"}},{"type":"Feature","id":"18652","geometry":{"type":"Point","coordinates":[34.82184,32.10549]},"properties":{"n":"קליפוניה ספורט קלאב","c":"gym","s":"tlv","a":"שיטרית בכור"}},{"type":"Feature","id":"18681","geometry":{"type":"Point","coordinates":[34.77684,32.09795]},"properties":{"n":"מסעדה ביריד המזרח","c":"restaurant","s":"tlv","a":"יריד המזרח"}},{"type":"Feature","id":"18684","geometry":{"type":"Point","coordinates":[34.77487,32.08732]},"properties":{"n":"טיבטעם רשתות","c":"shopping","s":"tlv","a":"דיזנגוף"}},{"type":"Feature","id":"18704","geometry":{"type":"Point","coordinates":[34.81651,32.12288]},"properties":{"n":"מקדונלד'ס","c":"restaurant","s":"tlv+osm","a":"בקר אהרון","w":"https://www.mcdonalds.co.il/"}},{"type":"Feature","id":"18711","geometry":{"type":"Point","coordinates":[34.78026,32.09097]},"properties":{"n":"מספרת דני ומני","c":"wellness","s":"tlv","a":"אשתורי הפרחי"}},{"type":"Feature","id":"18713","geometry":{"type":"Point","coordinates":[34.82368,32.11317]},"properties":{"n":"פרי הדר","c":"kindergarten","s":"tlv","a":"קהילת סלוניקי 12"}},{"type":"Feature","id":"18726","geometry":{"type":"Point","coordinates":[34.77422,32.09165]},"properties":{"n":"עירוני ה' חטיבת בניים","c":"shopping","s":"tlv","a":"בן יהודה"}},{"type":"Feature","id":"18754","geometry":{"type":"Point","coordinates":[34.77624,32.09498]},"properties":{"n":"פאפא ג'ונס","c":"restaurant","s":"tlv","a":"דיזנגוף"}},{"type":"Feature","id":"18770","geometry":{"type":"Point","coordinates":[34.79678,32.11249]},"properties":{"n":"ארקפה","c":"shopping","s":"tlv","a":"אינשטיין"}},{"type":"Feature","id":"1883","geometry":{"type":"Point","coordinates":[34.77919,32.08933]},"properties":{"n":"עומר","c":"kindergarten","s":"tlv","a":"יוצ\"ר-שדרות 7"}},{"type":"Feature","id":"1883","geometry":{"type":"Point","coordinates":[34.77919,32.08933]},"properties":{"n":"קמה","c":"kindergarten","s":"tlv","a":"יוצ\"ר-שדרות 7"}},{"type":"Feature","id":"18853","geometry":{"type":"Point","coordinates":[34.77536,32.0973]},"properties":{"n":"ארמאני קאזה","c":"shopping","s":"tlv","a":"יריד המזרח"}},{"type":"Feature","id":"18873","geometry":{"type":"Point","coordinates":[34.77632,32.09581]},"properties":{"n":"ארז שרביט","c":"wellness","s":"tlv","a":"דיזנגוף"}},{"type":"Feature","id":"18888","geometry":{"type":"Point","coordinates":[34.77282,32.09623]},"properties":{"n":"הסוכה לבנה","c":"restaurant","s":"tlv","a":"ליפקין שחק- שטח הנמל"}},{"type":"Feature","id":"18891","geometry":{"type":"Point","coordinates":[34.77336,32.09692]},"properties":{"n":"אליני","c":"shopping","s":"tlv","a":"ליפקין שחק- שטח הנמל"}},{"type":"Feature","id":"18898","geometry":{"type":"Point","coordinates":[34.77454,32.10004]},"properties":{"n":"ביר סטופ","c":"restaurant","s":"tlv","a":"ליפקין שחק- שטח הנמל"}},{"type":"Feature","id":"18909","geometry":{"type":"Point","coordinates":[34.78033,32.08966]},"properties":{"n":"ללי פופ","c":"shopping","s":"tlv","a":"בזל"}},{"type":"Feature","id":"18912","geometry":{"type":"Point","coordinates":[34.78442,32.08517]},"properties":{"n":"מסעדה פנימית הסתדרות","c":"restaurant","s":"tlv","a":"ארלוזורוב"}},{"type":"Feature","id":"18951","geometry":{"type":"Point","coordinates":[34.78246,32.08965]},"properties":{"n":"דה גריל פרדייס","c":"shopping","s":"tlv","a":"אבן גבירול"}},{"type":"Feature","id":"18958","geometry":{"type":"Point","coordinates":[34.78142,32.0855]},"properties":{"n":"מכון פדיקור מניקור","c":"wellness","s":"tlv","a":"ארלוזורוב"}},{"type":"Feature","id":"18979","geometry":{"type":"Point","coordinates":[34.77603,32.10179]},"properties":{"n":"אגדיר בנמל- אגדיר הוטל","c":"restaurant","s":"tlv+osm","a":"יקותיאלי יוסף"}},{"type":"Feature","id":"19001","geometry":{"type":"Point","coordinates":[34.77493,32.08763]},"properties":{"n":"שי לחובר תכשיטים","c":"shopping","s":"tlv","a":"דיזנגוף"}},{"type":"Feature","id":"19017","geometry":{"type":"Point","coordinates":[34.81097,32.10532]},"properties":{"n":"ביתן 15","c":"shopping","s":"tlv","a":"רוקח ישראל"}},{"type":"Feature","id":"19020","geometry":{"type":"Point","coordinates":[34.81321,32.1066]},"properties":{"n":"ביתן 10","c":"shopping","s":"tlv","a":"רוקח ישראל"}},{"type":"Feature","id":"19028","geometry":{"type":"Point","coordinates":[34.78179,32.08654]},"properties":{"n":"שניצל פוינט","c":"restaurant","s":"tlv","a":"אבן גבירול"}},{"type":"Feature","id":"19031","geometry":{"type":"Point","coordinates":[34.76987,32.08535]},"properties":{"n":"פנינת הים","c":"shopping","s":"tlv","a":"הירקון"}},{"type":"Feature","id":"19042","geometry":{"type":"Point","coordinates":[34.77624,32.09614]},"properties":{"n":"סוף הדרך","c":"shopping","s":"tlv","a":"דיזנגוף"}},{"type":"Feature","id":"19053","geometry":{"type":"Point","coordinates":[34.79668,32.11667]},"properties":{"n":"שמו הקונדטוריה בע\"מ","c":"shopping","s":"tlv","a":"טאגור רבינדרנת"}},{"type":"Feature","id":"19054","geometry":{"type":"Point","coordinates":[34.7972,32.11635]},"properties":{"n":"שמו הקונדטוריה בע\"מ","c":"shopping","s":"tlv","a":"טאגור רבינדרנת"}},{"type":"Feature","id":"19056","geometry":{"type":"Point","coordinates":[34.82062,32.11995]},"properties":{"n":"חנות יין","c":"bar","s":"tlv","a":"אלתרמן נתן"}},{"type":"Feature","id":"19060","geometry":{"type":"Point","coordinates":[34.77742,32.08616]},"properties":{"n":"ליליה","c":"wellness","s":"tlv","a":"ארלוזורוב"}},{"type":"Feature","id":"1910","geometry":{"type":"Point","coordinates":[34.77635,32.09199]},"properties":{"n":"ברוקלין","c":"cafe","s":"tlv","a":"דיזנגוף"}},{"type":"Feature","id":"19101","geometry":{"type":"Point","coordinates":[34.78294,32.09244]},"properties":{"n":"מספרת הנריק","c":"wellness","s":"tlv","a":"אבן גבירול"}},{"type":"Feature","id":"19106","geometry":{"type":"Point","coordinates":[34.80216,32.12524]},"properties":{"n":"הטעמיה","c":"shopping","s":"tlv","a":"אחימאיר אבא"}},{"type":"Feature","id":"19111","geometry":{"type":"Point","coordinates":[34.79678,32.11249]},"properties":{"n":"מילר","c":"shopping","s":"tlv","a":"אינשטיין"}},{"type":"Feature","id":"19130","geometry":{"type":"Point","coordinates":[34.81097,32.10532]},"properties":{"n":"ביתן 13","c":"shopping","s":"tlv","a":"רוקח ישראל"}},{"type":"Feature","id":"19139","geometry":{"type":"Point","coordinates":[34.77234,32.08521]},"properties":{"n":"אורן וקנין","c":"wellness","s":"tlv","a":"בן יהודה"}},{"type":"Feature","id":"19150","geometry":{"type":"Point","coordinates":[34.78749,32.11438]},"properties":{"n":"ביוטיק","c":"wellness","s":"tlv","a":"רובינשטיין ארתור"}},{"type":"Feature","id":"19153","geometry":{"type":"Point","coordinates":[34.77477,32.09911]},"properties":{"n":"מקדונלד'ס","c":"restaurant","s":"tlv+osm","a":"יריד המזרח"}},{"type":"Feature","id":"19162","geometry":{"type":"Point","coordinates":[34.8184,32.10924]},"properties":{"n":"גלידות פלדמן","c":"shopping","s":"tlv","a":"הדר יוסף"}},{"type":"Feature","id":"19175","geometry":{"type":"Point","coordinates":[34.82475,32.11458]},"properties":{"n":"דלינקה","c":"supermarket","s":"tlv","a":"קהילת סלוניקי"}},{"type":"Feature","id":"19181","geometry":{"type":"Point","coordinates":[34.79127,32.08728]},"properties":{"n":"רותי שוקולדים","c":"shopping","s":"tlv","a":"הא באייר"}},{"type":"Feature","id":"19186","geometry":{"type":"Point","coordinates":[34.77996,32.09376]},"properties":{"n":"פיגרו ניסים","c":"wellness","s":"tlv","a":"יוחנן הורקנוס"}},{"type":"Feature","id":"19187","geometry":{"type":"Point","coordinates":[34.79264,32.12082]},"properties":{"n":"שופרסל בע\"מ","c":"shopping","s":"tlv","a":"דולצ'ין אריה"}},{"type":"Feature","id":"19191","geometry":{"type":"Point","coordinates":[34.77474,32.1005]},"properties":{"n":"סיסטרס","c":"shopping","s":"tlv","a":"ליפקין שחק- שטח הנמל"}},{"type":"Feature","id":"19194","geometry":{"type":"Point","coordinates":[34.77603,32.10179]},"properties":{"n":"מיט קיטצ'ן","c":"restaurant","s":"tlv","a":"יקותיאלי יוסף"}},{"type":"Feature","id":"19198","geometry":{"type":"Point","coordinates":[34.80179,32.12507]},"properties":{"n":"אקיקו סושי בר","c":"restaurant","s":"tlv","a":"אחימאיר אבא"}},{"type":"Feature","id":"19211","geometry":{"type":"Point","coordinates":[34.78158,32.08547]},"properties":{"n":"ברו","c":"restaurant","s":"tlv","a":"ארלוזורוב"}},{"type":"Feature","id":"19213","geometry":{"type":"Point","coordinates":[34.82366,32.11281]},"properties":{"n":"מזאה קפה אפקה","c":"cafe","s":"tlv","a":"קהילת סלוניקי"}},{"type":"Feature","id":"19222","geometry":{"type":"Point","coordinates":[34.79795,32.10191]},"properties":{"n":"קפה צפון","c":"restaurant","s":"tlv","a":"רוקח ישראל"}},{"type":"Feature","id":"19245","geometry":{"type":"Point","coordinates":[34.77354,32.09688]},"properties":{"n":"מחסן לתיק רישוי 63825","c":"cafe","s":"tlv","a":"ליפקין שחק- שטח הנמל"}},{"type":"Feature","id":"19261","geometry":{"type":"Point","coordinates":[34.78231,32.08706]},"properties":{"n":"קנדי סטור","c":"shopping","s":"tlv","a":"אבן גבירול"}},{"type":"Feature","id":"19262","geometry":{"type":"Point","coordinates":[34.77466,32.09499]},"properties":{"n":"מאיר קידר","c":"wellness","s":"tlv","a":"ירמיהו הנביא"}},{"type":"Feature","id":"1931","geometry":{"type":"Point","coordinates":[34.7826,32.08835]},"properties":{"n":"הקיוסק המתוק","c":"shopping","s":"tlv","a":"אבן גבירול"}},{"type":"Feature","id":"19312","geometry":{"type":"Point","coordinates":[34.77513,32.09327]},"properties":{"n":"גיל דניאל","c":"wellness","s":"tlv","a":"בן יהודה"}},{"type":"Feature","id":"19317","geometry":{"type":"Point","coordinates":[34.77471,32.09527]},"properties":{"n":"אמיו","c":"shopping","s":"tlv","a":"ירמיהו הנביא"}},{"type":"Feature","id":"19324","geometry":{"type":"Point","coordinates":[34.77391,32.08917]},"properties":{"n":"עיצוב שיער דני","c":"wellness","s":"tlv","a":"בן יהודה"}},{"type":"Feature","id":"19331","geometry":{"type":"Point","coordinates":[34.77477,32.09911]},"properties":{"n":"עדיתס בע\"מ","c":"shopping","s":"tlv","a":"יריד המזרח"}},{"type":"Feature","id":"19344","geometry":{"type":"Point","coordinates":[34.78819,32.0868]},"properties":{"n":"בוטיק סנטרל","c":"shopping","s":"tlv","a":"הא באייר"}},{"type":"Feature","id":"19346","geometry":{"type":"Point","coordinates":[34.77474,32.09839]},"properties":{"n":"לנדוור","c":"restaurant","s":"tlv","a":"ליפקין שחק- שטח הנמל"}},{"type":"Feature","id":"19347","geometry":{"type":"Point","coordinates":[34.80456,32.10361]},"properties":{"n":"עלית קופי","c":"restaurant","s":"tlv","a":"רוקח ישראל"}},{"type":"Feature","id":"19350","geometry":{"type":"Point","coordinates":[34.80742,32.10337]},"properties":{"n":"ניו בר","c":"restaurant","s":"tlv","a":"רוקח ישראל"}},{"type":"Feature","id":"19358","geometry":{"type":"Point","coordinates":[34.79249,32.13007]},"properties":{"n":"קנדי בר קפה","c":"cafe","s":"tlv","a":"גרינברג אורי צבי"}},{"type":"Feature","id":"19359","geometry":{"type":"Point","coordinates":[34.82478,32.12514]},"properties":{"n":"אלבר","c":"shopping","s":"tlv","a":"סנה משה"}},{"type":"Feature","id":"19362","geometry":{"type":"Point","coordinates":[34.78018,32.09066]},"properties":{"n":"בית רונית רפאל","c":"wellness","s":"tlv","a":"אשתורי הפרחי"}},{"type":"Feature","id":"19369","geometry":{"type":"Point","coordinates":[34.7824,32.08935]},"properties":{"n":"נתח בשר","c":"shopping","s":"tlv","a":"אבן גבירול"}},{"type":"Feature","id":"19382","geometry":{"type":"Point","coordinates":[34.77623,32.08675]},"properties":{"n":"טריו","c":"wellness","s":"tlv","a":"ארלוזורוב"}},{"type":"Feature","id":"19388","geometry":{"type":"Point","coordinates":[34.79175,32.09579]},"properties":{"n":"מזנון בית החיל","c":"shopping","s":"tlv","a":"ועידת קטוביץ"}},{"type":"Feature","id":"19400","geometry":{"type":"Point","coordinates":[34.78531,32.0937]},"properties":{"n":"קפה זוריק","c":"restaurant","s":"tlv","a":"יהודה המכבי"}},{"type":"Feature","id":"19401","geometry":{"type":"Point","coordinates":[34.81825,32.10938]},"properties":{"n":"מדאמס","c":"restaurant","s":"tlv","a":"הדר יוסף"}},{"type":"Feature","id":"19416","geometry":{"type":"Point","coordinates":[34.79027,32.08805]},"properties":{"n":"כרונו טיים","c":"shopping","s":"tlv","a":"הא באייר"}},{"type":"Feature","id":"19440","geometry":{"type":"Point","coordinates":[34.81825,32.10938]},"properties":{"n":"כלבתול של אלונה","c":"shopping","s":"tlv","a":"הדר יוסף"}},{"type":"Feature","id":"19447","geometry":{"type":"Point","coordinates":[34.79668,32.11667]},"properties":{"n":"יאשקה","c":"restaurant","s":"tlv","a":"טאגור רבינדרנת"}},{"type":"Feature","id":"19450","geometry":{"type":"Point","coordinates":[34.82219,32.1103]},"properties":{"n":"מחסן לבית אוכל רש/9815","c":"restaurant","s":"tlv","a":"קהילת ורשה"}},{"type":"Feature","id":"19456","geometry":{"type":"Point","coordinates":[34.82488,32.1092]},"properties":{"n":"רוחלה","c":"wellness","s":"tlv","a":"יד המעביר"}},{"type":"Feature","id":"19459","geometry":{"type":"Point","coordinates":[34.81825,32.10938]},"properties":{"n":"איציק מעצבי שיער","c":"wellness","s":"tlv","a":"הדר יוסף"}},{"type":"Feature","id":"19462","geometry":{"type":"Point","coordinates":[34.82051,32.1199]},"properties":{"n":"חנות יין","c":"supermarket","s":"tlv","a":"אלתרמן נתן"}},{"type":"Feature","id":"19464","geometry":{"type":"Point","coordinates":[34.82215,32.11566]},"properties":{"n":"הכל דבש","c":"shopping","s":"tlv","a":"קהילת פאדובה"}},{"type":"Feature","id":"19466","geometry":{"type":"Point","coordinates":[34.79274,32.12064]},"properties":{"n":"הבייקרי ברודינסקי בע\"מ","c":"restaurant","s":"tlv","a":"רודנסקי שמואל"}},{"type":"Feature","id":"19477","geometry":{"type":"Point","coordinates":[34.7825,32.08639]},"properties":{"n":"קפה ג'ו","c":"restaurant","s":"tlv","a":"אבן גבירול"}},{"type":"Feature","id":"19479","geometry":{"type":"Point","coordinates":[34.77474,32.09839]},"properties":{"n":"בני הדייג","c":"restaurant","s":"tlv","a":"ליפקין שחק- שטח הנמל"}},{"type":"Feature","id":"19493","geometry":{"type":"Point","coordinates":[34.79718,32.08879]},"properties":{"n":"הבשרים של זלמן","c":"shopping","s":"tlv","a":"אלוני ניסים"}},{"type":"Feature","id":"19499","geometry":{"type":"Point","coordinates":[34.80519,32.1151]},"properties":{"n":"ס.ש.ק.","c":"supermarket","s":"tlv","a":"אוניברסיטת ת\"א"}},{"type":"Feature","id":"19513","geometry":{"type":"Point","coordinates":[34.79548,32.1157]},"properties":{"n":"יובל","c":"kindergarten","s":"tlv","a":"התנאים 2"}},{"type":"Feature","id":"19513","geometry":{"type":"Point","coordinates":[34.79548,32.1157]},"properties":{"n":"צליל","c":"kindergarten","s":"tlv","a":"התנאים 2"}},{"type":"Feature","id":"19517","geometry":{"type":"Point","coordinates":[34.78231,32.08706]},"properties":{"n":"שקם אלקטריק","c":"shopping","s":"tlv","a":"אבן גבירול"}},{"type":"Feature","id":"19522","geometry":{"type":"Point","coordinates":[34.7782,32.09776]},"properties":{"n":"מכון כושר וסאונה יבשה","c":"gym","s":"tlv","a":"רוקח ישראל"}},{"type":"Feature","id":"19528","geometry":{"type":"Point","coordinates":[34.81651,32.12288]},"properties":{"n":"בבקה","c":"restaurant","s":"tlv","a":"בקר אהרון"}},{"type":"Feature","id":"19534","geometry":{"type":"Point","coordinates":[34.82279,32.10566]},"properties":{"n":"חדר כושר שטרית 10","c":"gym","s":"tlv","a":"שיטרית בכור"}},{"type":"Feature","id":"19547","geometry":{"type":"Point","coordinates":[34.81751,32.11511]},"properties":{"n":"קפה בליך בע\"מ","c":"restaurant","s":"tlv","a":"בני אפרים"}},{"type":"Feature","id":"19562","geometry":{"type":"Point","coordinates":[34.79663,32.11199]},"properties":{"n":"נספרסו","c":"cafe","s":"tlv","a":"אינשטיין"}},{"type":"Feature","id":"19592","geometry":{"type":"Point","coordinates":[34.78316,32.09126]},"properties":{"n":"גודפארם","c":"supermarket","s":"tlv","a":"אבן גבירול"}},{"type":"Feature","id":"19596","geometry":{"type":"Point","coordinates":[34.77757,32.08613]},"properties":{"n":"דוג סטור","c":"shopping","s":"tlv","a":"ארלוזורוב"}},{"type":"Feature","id":"19602","geometry":{"type":"Point","coordinates":[34.79109,32.11443]},"properties":{"n":"שופרסל בע\"מ","c":"shopping","s":"tlv","a":"זריצקי"}},{"type":"Feature","id":"19612","geometry":{"type":"Point","coordinates":[34.77581,32.08913]},"properties":{"n":"אר אי אל עיצוב שיער בע\"מ","c":"wellness","s":"tlv","a":"ז'בוטינסקי"}},{"type":"Feature","id":"19627","geometry":{"type":"Point","coordinates":[34.7993,32.12058]},"properties":{"n":"ציפורן טיפוח ושיזוף","c":"wellness","s":"tlv","a":"אופנהיימר"}},{"type":"Feature","id":"19630","geometry":{"type":"Point","coordinates":[34.78383,32.0953]},"properties":{"n":"יוסף יפרח","c":"wellness","s":"tlv","a":"אבן גבירול"}},{"type":"Feature","id":"19641","geometry":{"type":"Point","coordinates":[34.78321,32.0915]},"properties":{"n":"מספרת ערן","c":"wellness","s":"tlv","a":"אבן גבירול"}},{"type":"Feature","id":"19642","geometry":{"type":"Point","coordinates":[34.77937,32.09711]},"properties":{"n":"מכון כושר וסאונה יבשה","c":"gym","s":"tlv","a":"רוקח ישראל"}},{"type":"Feature","id":"19650","geometry":{"type":"Point","coordinates":[34.76907,32.08693]},"properties":{"n":"קיוסק בריכת גורדון","c":"sport","s":"tlv","a":"פרי אליעזר"}},{"type":"Feature","id":"19655","geometry":{"type":"Point","coordinates":[34.8245,32.11318]},"properties":{"n":"AMPM","c":"supermarket","s":"tlv","a":"קהילת סלוניקי"}},{"type":"Feature","id":"19667","geometry":{"type":"Point","coordinates":[34.78318,32.09381]},"properties":{"n":"פירחי טי אל וי","c":"shopping","s":"tlv","a":"אבן גבירול"}},{"type":"Feature","id":"19682","geometry":{"type":"Point","coordinates":[34.81946,32.10484]},"properties":{"n":"ארנולד","c":"restaurant","s":"tlv","a":"שיטרית בכור"}},{"type":"Feature","id":"19694","geometry":{"type":"Point","coordinates":[34.77418,32.09747]},"properties":{"n":"מרכז סקאר","c":"shopping","s":"tlv","a":"נמל תל אביב"}},{"type":"Feature","id":"19701","geometry":{"type":"Point","coordinates":[34.78275,32.0893]},"properties":{"n":"גורמה שופ","c":"supermarket","s":"tlv","a":"אבן גבירול"}},{"type":"Feature","id":"19702","geometry":{"type":"Point","coordinates":[34.77407,32.09871]},"properties":{"n":"לבקוביץ","c":"shopping","s":"tlv","a":"ליפקין שחק- שטח הנמל"}},{"type":"Feature","id":"19716","geometry":{"type":"Point","coordinates":[34.78337,32.10097]},"properties":{"n":"sk שמוליק קרמני","c":"wellness","s":"tlv","a":"בוני העיר"}},{"type":"Feature","id":"19726","geometry":{"type":"Point","coordinates":[34.79135,32.08669]},"properties":{"n":"מויש","c":"wellness","s":"tlv","a":"הא באייר"}},{"type":"Feature","id":"19755","geometry":{"type":"Point","coordinates":[34.81651,32.12288]},"properties":{"n":"פרחי הלה","c":"shopping","s":"tlv","a":"בקר אהרון"}},{"type":"Feature","id":"19776","geometry":{"type":"Point","coordinates":[34.7993,32.12058]},"properties":{"n":"הג'ונגל","c":"shopping","s":"tlv","a":"אופנהיימר"}},{"type":"Feature","id":"19777","geometry":{"type":"Point","coordinates":[34.80324,32.11237]},"properties":{"n":"עלים ירוקים","c":"cafe","s":"tlv","a":"אוניברסיטת ת\"א"}},{"type":"Feature","id":"19782","geometry":{"type":"Point","coordinates":[34.77639,32.09555]},"properties":{"n":"ביוטי אנד גלמור","c":"wellness","s":"tlv","a":"דיזנגוף"}},{"type":"Feature","id":"19789","geometry":{"type":"Point","coordinates":[34.77607,32.09209]},"properties":{"n":"נורדר","c":"restaurant","s":"tlv","a":"דיזנגוף"}},{"type":"Feature","id":"19795","geometry":{"type":"Point","coordinates":[34.77474,32.09839]},"properties":{"n":"מחסן לתיק רישוי 63825","c":"cafe","s":"tlv","a":"ליפקין שחק- שטח הנמל"}},{"type":"Feature","id":"19813","geometry":{"type":"Point","coordinates":[34.77547,32.10146]},"properties":{"n":"דרך חיים","c":"restaurant","s":"tlv","a":"יקותיאלי יוסף"}},{"type":"Feature","id":"19817","geometry":{"type":"Point","coordinates":[34.77325,32.0976]},"properties":{"n":"שייק שאק","c":"restaurant","s":"tlv","a":"ליפקין שחק- שטח הנמל"}},{"type":"Feature","id":"1982","geometry":{"type":"Point","coordinates":[34.77899,32.0879]},"properties":{"n":"דותן","c":"kindergarten","s":"tlv","a":"קורדובה 10"}},{"type":"Feature","id":"1982","geometry":{"type":"Point","coordinates":[34.77899,32.0879]},"properties":{"n":"גושן","c":"kindergarten","s":"tlv","a":"קורדובה 10"}},{"type":"Feature","id":"1982","geometry":{"type":"Point","coordinates":[34.77899,32.0879]},"properties":{"n":"גיא","c":"kindergarten","s":"tlv","a":"קורדובה 10"}},{"type":"Feature","id":"19829","geometry":{"type":"Point","coordinates":[34.78166,32.09113]},"properties":{"n":"סופר פראם- מחסן","c":"pharmacy","s":"tlv","a":"הבשן"}},{"type":"Feature","id":"19833","geometry":{"type":"Point","coordinates":[34.7755,32.09817]},"properties":{"n":"סופר פארם","c":"pharmacy","s":"tlv+osm","a":"יריד המזרח","w":"http://www.super-pharm.co.il"}},{"type":"Feature","id":"19839","geometry":{"type":"Point","coordinates":[34.81651,32.12288]},"properties":{"n":"שמו הקונדיטוריה","c":"cafe","s":"tlv","a":"בקר אהרון"}},{"type":"Feature","id":"19848","geometry":{"type":"Point","coordinates":[34.77269,32.08515]},"properties":{"n":"טיב טעם רשתות בע\"מ","c":"shopping","s":"tlv","a":"בן יהודה"}},{"type":"Feature","id":"19879","geometry":{"type":"Point","coordinates":[34.80405,32.10926]},"properties":{"n":"חניון סמולרס","c":"parking","s":"tlv","a":"אוניברסיטת ת\"א"}},{"type":"Feature","id":"19883","geometry":{"type":"Point","coordinates":[34.77434,32.08523]},"properties":{"n":"לה לזניה","c":"cafe","s":"tlv","a":"דיזנגוף"}},{"type":"Feature","id":"19892","geometry":{"type":"Point","coordinates":[34.77483,32.08717]},"properties":{"n":"נולה דיזנגוף בע\"מ","c":"restaurant","s":"tlv","a":"דיזנגוף"}},{"type":"Feature","id":"19893","geometry":{"type":"Point","coordinates":[34.80439,32.12466]},"properties":{"n":"אנדי ביוטי","c":"wellness","s":"tlv","a":"אחימאיר אבא"}},{"type":"Feature","id":"19894","geometry":{"type":"Point","coordinates":[34.77341,32.0976]},"properties":{"n":"פורמנס","c":"restaurant","s":"tlv","a":"ליפקין שחק- שטח הנמל"}},{"type":"Feature","id":"19899","geometry":{"type":"Point","coordinates":[34.77925,32.0898]},"properties":{"n":"גולדן הנדס","c":"wellness","s":"tlv","a":"בזל"}},{"type":"Feature","id":"19906","geometry":{"type":"Point","coordinates":[34.82483,32.12128]},"properties":{"n":"בבקה קפה","c":"shopping","s":"tlv","a":"סנה משה"}},{"type":"Feature","id":"19937","geometry":{"type":"Point","coordinates":[34.79678,32.11249]},"properties":{"n":"תכשיטי כפריס","c":"shopping","s":"tlv","a":"אינשטיין"}},{"type":"Feature","id":"19943","geometry":{"type":"Point","coordinates":[34.81156,32.10525]},"properties":{"n":"קיוסק סו גוד","c":"shopping","s":"tlv","a":"רוקח ישראל"}},{"type":"Feature","id":"19960","geometry":{"type":"Point","coordinates":[34.79718,32.08879]},"properties":{"n":"מגה בעיר","c":"supermarket","s":"tlv","a":"אלוני ניסים"}},{"type":"Feature","id":"19966","geometry":{"type":"Point","coordinates":[34.7875,32.11432]},"properties":{"n":"הצרכנייה שלי","c":"supermarket","s":"tlv","a":"רובינשטיין ארתור"}},{"type":"Feature","id":"19972","geometry":{"type":"Point","coordinates":[34.79914,32.10275]},"properties":{"n":"שטראוס קפה עילית","c":"shopping","s":"tlv","a":"רוקח ישראל"}},{"type":"Feature","id":"19976","geometry":{"type":"Point","coordinates":[34.78323,32.09413]},"properties":{"n":"מפגש הזאבים","c":"shopping","s":"tlv","a":"אבן גבירול"}},{"type":"Feature","id":"19988","geometry":{"type":"Point","coordinates":[34.78787,32.09391]},"properties":{"n":"מעדני יהודה המכבי","c":"shopping","s":"tlv","a":"יהודה המכבי"}},{"type":"Feature","id":"19992","geometry":{"type":"Point","coordinates":[34.79659,32.1126]},"properties":{"n":"אימפרס","c":"shopping","s":"tlv","a":"אינשטיין"}},{"type":"Feature","id":"2","geometry":{"type":"Point","coordinates":[34.78347,32.1225]},"properties":{"n":"מתקן כדורעף חופים","c":"sport","s":"tlv","a":"יצחק ארצי"}},{"type":"Feature","id":"20","geometry":{"type":"Point","coordinates":[34.78583,32.11202]},"properties":{"n":"לוי אשכול","c":"lrt_station","s":"tlv","e":"ent_66635107eda222516703d66f","p":"place/levi-eshkol-light-rail/","f":1}},{"type":"Feature","id":"20010","geometry":{"type":"Point","coordinates":[34.79762,32.11178]},"properties":{"n":"אורטוסטט בע\"מ","c":"shopping","s":"tlv","a":"ברודצקי"}},{"type":"Feature","id":"20011","geometry":{"type":"Point","coordinates":[34.79665,32.11649]},"properties":{"n":"יין בעיר","c":"shopping","s":"tlv","a":"טאגור רבינדרנת"}},{"type":"Feature","id":"20018","geometry":{"type":"Point","coordinates":[34.7817,32.08602]},"properties":{"n":"נירו עיצוב שיער","c":"wellness","s":"tlv","a":"אבן גבירול"}},{"type":"Feature","id":"20028","geometry":{"type":"Point","coordinates":[34.80188,32.10902]},"properties":{"n":"פטיט מוזא","c":"restaurant","s":"tlv","a":"לבנון חיים"}},{"type":"Feature","id":"20068","geometry":{"type":"Point","coordinates":[34.77524,32.09929]},"properties":{"n":"גלידת נווה צדק","c":"restaurant","s":"tlv","a":"יריד המזרח"}},{"type":"Feature","id":"20088","geometry":{"type":"Point","coordinates":[34.81946,32.10484]},"properties":{"n":"גו אקטיב- הדר יוסף","c":"gym","s":"tlv","a":"שיטרית בכור"}},{"type":"Feature","id":"20092","geometry":{"type":"Point","coordinates":[34.79735,32.08875]},"properties":{"n":"התרנגול הכחול","c":"restaurant","s":"tlv","a":"דוש (קריאל גרדוש)"}},{"type":"Feature","id":"20108","geometry":{"type":"Point","coordinates":[34.77407,32.09871]},"properties":{"n":"אטליז איוו","c":"supermarket","s":"tlv","a":"ליפקין שחק- שטח הנמל"}},{"type":"Feature","id":"20109","geometry":{"type":"Point","coordinates":[34.77407,32.09871]},"properties":{"n":"אטליז איוו","c":"restaurant","s":"tlv","a":"ליפקין שחק- שטח הנמל"}},{"type":"Feature","id":"20110","geometry":{"type":"Point","coordinates":[34.79762,32.11178]},"properties":{"n":"שופרסל שלי","c":"supermarket","s":"tlv","a":"ברודצקי"}},{"type":"Feature","id":"20114","geometry":{"type":"Point","coordinates":[34.77259,32.08595]},"properties":{"n":"אלי ברגה","c":"wellness","s":"tlv","a":"בן יהודה"}},{"type":"Feature","id":"20123","geometry":{"type":"Point","coordinates":[34.81651,32.12288]},"properties":{"n":"היר בוטיק T.F","c":"wellness","s":"tlv","a":"בקר אהרון"}},{"type":"Feature","id":"2014","geometry":{"type":"Point","coordinates":[34.81407,32.12262]},"properties":{"n":"שקדיה","c":"kindergarten","s":"tlv","a":"פן אלכסנדר 3"}},{"type":"Feature","id":"2014","geometry":{"type":"Point","coordinates":[34.81407,32.12262]},"properties":{"n":"אופיר","c":"kindergarten","s":"tlv","a":"פן אלכסנדר 3"}},{"type":"Feature","id":"20141","geometry":{"type":"Point","coordinates":[34.77261,32.0955]},"properties":{"n":"יוליה","c":"restaurant","s":"tlv","a":"ליפקין שחק- שטח הנמל"}},{"type":"Feature","id":"20143","geometry":{"type":"Point","coordinates":[34.80477,32.10253]},"properties":{"n":"עלית קופי","c":"restaurant","s":"tlv","a":"רוקח ישראל"}},{"type":"Feature","id":"20160","geometry":{"type":"Point","coordinates":[34.77431,32.0992]},"properties":{"n":"קופיסטיין דיאדה","c":"cafe","s":"tlv","a":"ליפקין שחק- שטח הנמל"}},{"type":"Feature","id":"20163","geometry":{"type":"Point","coordinates":[34.80812,32.11125]},"properties":{"n":"ארומה","c":"restaurant","s":"tlv","a":"קלוזנר"}},{"type":"Feature","id":"20170","geometry":{"type":"Point","coordinates":[34.77417,32.09749]},"properties":{"n":"חניון נמל ת\"א 42","c":"parking","s":"tlv","a":"נמל תל אביב"}},{"type":"Feature","id":"20174","geometry":{"type":"Point","coordinates":[34.79269,32.13042]},"properties":{"n":"גרקו - גרינברג בורגר","c":"restaurant","s":"tlv+osm","a":"גרינברג אורי צבי","w":"http://www.rest.co.il/sites/Default.asp?txtRestID=1518"}},{"type":"Feature","id":"20186","geometry":{"type":"Point","coordinates":[34.79345,32.09409]},"properties":{"n":"ירקניה","c":"supermarket","s":"tlv","a":"יהודה המכבי"}},{"type":"Feature","id":"20190","geometry":{"type":"Point","coordinates":[34.77578,32.09108]},"properties":{"n":"דניאל מאיה","c":"wellness","s":"tlv","a":"דיזנגוף"}},{"type":"Feature","id":"20213","geometry":{"type":"Point","coordinates":[34.82217,32.11838]},"properties":{"n":"רן חפץ - עיצוב שיער","c":"wellness","s":"tlv","a":"לאה גולדברג"}},{"type":"Feature","id":"20233","geometry":{"type":"Point","coordinates":[34.78632,32.08713]},"properties":{"n":"בייקפה","c":"restaurant","s":"tlv","a":"רמז דוד"}},{"type":"Feature","id":"20234","geometry":{"type":"Point","coordinates":[34.78329,32.09429]},"properties":{"n":"פלאפל מבורך","c":"restaurant","s":"tlv","a":"אבן גבירול"}},{"type":"Feature","id":"20236","geometry":{"type":"Point","coordinates":[34.79718,32.08879]},"properties":{"n":"רביבה וסיליה","c":"shopping","s":"tlv","a":"אלוני ניסים"}},{"type":"Feature","id":"20237","geometry":{"type":"Point","coordinates":[34.78294,32.09244]},"properties":{"n":"ביוטי נייל אקספרס","c":"wellness","s":"tlv","a":"אבן גבירול"}},{"type":"Feature","id":"2024","geometry":{"type":"Point","coordinates":[34.7746,32.08627]},"properties":{"n":"קפה קשטן","c":"restaurant","s":"tlv","a":"דיזנגוף"}},{"type":"Feature","id":"20242","geometry":{"type":"Point","coordinates":[34.7972,32.10636]},"properties":{"n":"צ'ימפסקי","c":"shopping","s":"tlv","a":"ברודצקי"}},{"type":"Feature","id":"20248","geometry":{"type":"Point","coordinates":[34.77658,32.09283]},"properties":{"n":"ק.אהרוני יזמות וניהול בע\"","c":"restaurant","s":"tlv","a":"דיזנגוף"}},{"type":"Feature","id":"20259","geometry":{"type":"Point","coordinates":[34.77407,32.09871]},"properties":{"n":"אטליז איוו","c":"shopping","s":"tlv","a":"ליפקין שחק- שטח הנמל"}},{"type":"Feature","id":"20267","geometry":{"type":"Point","coordinates":[34.80519,32.1151]},"properties":{"n":"ס.ש.ק.","c":"restaurant","s":"tlv","a":"אוניברסיטת ת\"א"}},{"type":"Feature","id":"20268","geometry":{"type":"Point","coordinates":[34.79718,32.08879]},"properties":{"n":"פינקי יו","c":"shopping","s":"tlv","a":"אלוני ניסים"}},{"type":"Feature","id":"20276","geometry":{"type":"Point","coordinates":[34.80358,32.11288]},"properties":{"n":"רוזמרין","c":"cafe","s":"tlv","a":"אוניברסיטת ת\"א"}},{"type":"Feature","id":"2028","geometry":{"type":"Point","coordinates":[34.78272,32.08913]},"properties":{"n":"חן הראל עיצוב שיער","c":"wellness","s":"tlv","a":"אבן גבירול"}},{"type":"Feature","id":"20281","geometry":{"type":"Point","coordinates":[34.77269,32.08623]},"properties":{"n":"גבריאלוב","c":"wellness","s":"tlv","a":"בן יהודה"}},{"type":"Feature","id":"20315","geometry":{"type":"Point","coordinates":[34.80439,32.12466]},"properties":{"n":"בוטיק סנטרל","c":"cafe","s":"tlv","a":"אחימאיר אבא"}},{"type":"Feature","id":"20326","geometry":{"type":"Point","coordinates":[34.79743,32.11737]},"properties":{"n":"chez lewkowicz","c":"restaurant","s":"tlv","a":"טאגור רבינדרנת"}},{"type":"Feature","id":"20334","geometry":{"type":"Point","coordinates":[34.80298,32.10836]},"properties":{"n":"שילת אספרסו בר בע\"מ","c":"cafe","s":"tlv","a":"וייז ג'ורג' ד\"ר"}},{"type":"Feature","id":"20341","geometry":{"type":"Point","coordinates":[34.77295,32.0871]},"properties":{"n":"קוק סטוק","c":"supermarket","s":"tlv","a":"בן יהודה"}},{"type":"Feature","id":"20357","geometry":{"type":"Point","coordinates":[34.79666,32.12698]},"properties":{"n":"מזנון ברזני","c":"community","s":"tlv","a":"ברזאני משה"}},{"type":"Feature","id":"20359","geometry":{"type":"Point","coordinates":[34.77643,32.09236]},"properties":{"n":"פורטונה","c":"cafe","s":"tlv","a":"דיזנגוף"}},{"type":"Feature","id":"2036","geometry":{"type":"Point","coordinates":[34.77564,32.08914]},"properties":{"n":"הוטל דה ויל","c":"restaurant","s":"tlv","a":"דיזנגוף"}},{"type":"Feature","id":"20362","geometry":{"type":"Point","coordinates":[34.77379,32.08877]},"properties":{"n":"C.B.NAILS","c":"wellness","s":"tlv","a":"בן יהודה"}},{"type":"Feature","id":"20366","geometry":{"type":"Point","coordinates":[34.78749,32.11619]},"properties":{"n":"מון ספא","c":"wellness","s":"tlv","a":"חפץ יאשה"}},{"type":"Feature","id":"20374","geometry":{"type":"Point","coordinates":[34.81825,32.10938]},"properties":{"n":"ריסו","c":"restaurant","s":"tlv","a":"הדר יוסף"}},{"type":"Feature","id":"20392","geometry":{"type":"Point","coordinates":[34.77263,32.09574]},"properties":{"n":"קפה קפה נמל תל אביב","c":"cafe","s":"tlv","a":"נמל תל אביב"}},{"type":"Feature","id":"20396","geometry":{"type":"Point","coordinates":[34.79741,32.1078]},"properties":{"n":"בית חנה","c":"restaurant","s":"tlv","a":"ברודצקי"}},{"type":"Feature","id":"20400","geometry":{"type":"Point","coordinates":[34.77613,32.09785]},"properties":{"n":"מסעדה ביריד המזרח","c":"restaurant","s":"tlv","a":"יריד המזרח"}},{"type":"Feature","id":"20417","geometry":{"type":"Point","coordinates":[34.79718,32.08879]},"properties":{"n":"דרך היין","c":"shopping","s":"tlv","a":"אלוני ניסים"}},{"type":"Feature","id":"20430","geometry":{"type":"Point","coordinates":[34.77407,32.09871]},"properties":{"n":"פישנזון בנמל","c":"shopping","s":"tlv","a":"ליפקין שחק- שטח הנמל"}},{"type":"Feature","id":"2044","geometry":{"type":"Point","coordinates":[34.7826,32.09048]},"properties":{"n":"צביקה ש.ב חנויות מפעל","c":"shopping","s":"tlv","a":"אבן גבירול"}},{"type":"Feature","id":"20442","geometry":{"type":"Point","coordinates":[34.77615,32.09519]},"properties":{"n":"עבודי טבק ומוצרי עישון","c":"shopping","s":"tlv","a":"דיזנגוף"}},{"type":"Feature","id":"20450","geometry":{"type":"Point","coordinates":[34.80179,32.12507]},"properties":{"n":"אקיקו יפן סושי בר- מחסן","c":"shopping","s":"tlv","a":"אחימאיר אבא"}},{"type":"Feature","id":"20486","geometry":{"type":"Point","coordinates":[34.77469,32.09178]},"properties":{"n":"סופר יודה","c":"supermarket","s":"tlv","a":"בן יהודה"}},{"type":"Feature","id":"20491","geometry":{"type":"Point","coordinates":[34.81946,32.10484]},"properties":{"n":"קפה ג'ו","c":"restaurant","s":"tlv","a":"שיטרית בכור"}},{"type":"Feature","id":"20509","geometry":{"type":"Point","coordinates":[34.79249,32.13007]},"properties":{"n":"הטברנה של צביקי","c":"restaurant","s":"tlv","a":"גרינברג אורי צבי"}},{"type":"Feature","id":"20515","geometry":{"type":"Point","coordinates":[34.77564,32.09044]},"properties":{"n":"ביג פיט","c":"shopping","s":"tlv","a":"דיזנגוף"}},{"type":"Feature","id":"20525","geometry":{"type":"Point","coordinates":[34.77418,32.09747]},"properties":{"n":"וויקס וואט","c":"cafe","s":"tlv","a":"נמל תל אביב"}},{"type":"Feature","id":"20526","geometry":{"type":"Point","coordinates":[34.79155,32.10198]},"properties":{"n":"מספרת עידן","c":"wellness","s":"tlv","a":"מאוריציו ויטלה"}},{"type":"Feature","id":"20527","geometry":{"type":"Point","coordinates":[34.79732,32.11249]},"properties":{"n":"צ'וקה","c":"restaurant","s":"tlv","a":"אינשטיין"}},{"type":"Feature","id":"20561","geometry":{"type":"Point","coordinates":[34.78266,32.08882]},"properties":{"n":"פסטה ליאורה בע״מ","c":"cafe","s":"tlv","a":"אבן גבירול"}},{"type":"Feature","id":"20564","geometry":{"type":"Point","coordinates":[34.79825,32.11253]},"properties":{"n":"בית אבות משען","c":"restaurant","s":"tlv","a":"ברודצקי"}},{"type":"Feature","id":"20579","geometry":{"type":"Point","coordinates":[34.77376,32.09886]},"properties":{"n":"לחם בשר","c":"restaurant","s":"tlv","a":"ליפקין שחק- שטח הנמל"}},{"type":"Feature","id":"20581","geometry":{"type":"Point","coordinates":[34.7733,32.09908]},"properties":{"n":"בילאמאיה","c":"cafe","s":"tlv","a":"ליפקין שחק- שטח הנמל"}},{"type":"Feature","id":"20595","geometry":{"type":"Point","coordinates":[34.77547,32.10146]},"properties":{"n":"פופ אפ פטרון","c":"restaurant","s":"tlv","a":"יקותיאלי יוסף"}},{"type":"Feature","id":"20601","geometry":{"type":"Point","coordinates":[34.77407,32.09871]},"properties":{"n":"אנשי הזית","c":"shopping","s":"tlv","a":"ליפקין שחק- שטח הנמל"}},{"type":"Feature","id":"20607","geometry":{"type":"Point","coordinates":[34.77407,32.09871]},"properties":{"n":"האנגר 12","c":"restaurant","s":"tlv","a":"ליפקין שחק- שטח הנמל"}},{"type":"Feature","id":"20609","geometry":{"type":"Point","coordinates":[34.77707,32.099]},"properties":{"n":"אבולעפיה","c":"cafe","s":"tlv","a":"התערוכה"}},{"type":"Feature","id":"20610","geometry":{"type":"Point","coordinates":[34.77545,32.08981]},"properties":{"n":"ירקרק","c":"kindergarten","s":"tlv","a":"דיזנגוף 221"}},{"type":"Feature","id":"20610","geometry":{"type":"Point","coordinates":[34.77545,32.08981]},"properties":{"n":"שני","c":"kindergarten","s":"tlv","a":"דיזנגוף 221"}},{"type":"Feature","id":"20610","geometry":{"type":"Point","coordinates":[34.77545,32.08981]},"properties":{"n":"תכול","c":"kindergarten","s":"tlv","a":"דיזנגוף 221"}},{"type":"Feature","id":"20610","geometry":{"type":"Point","coordinates":[34.77545,32.08981]},"properties":{"n":"שנהב","c":"kindergarten","s":"tlv","a":"דיזנגוף 221"}},{"type":"Feature","id":"20634","geometry":{"type":"Point","coordinates":[34.80209,32.11164]},"properties":{"n":"פלפלת עבודה סוציאלית","c":"cafe","s":"tlv","a":"אוניברסיטת ת\"א"}},{"type":"Feature","id":"20644","geometry":{"type":"Point","coordinates":[34.78386,32.09492]},"properties":{"n":"חגי עטר","c":"wellness","s":"tlv","a":"אבן גבירול"}},{"type":"Feature","id":"20654","geometry":{"type":"Point","coordinates":[34.79732,32.11249]},"properties":{"n":"עולם הממתקים","c":"shopping","s":"tlv","a":"אינשטיין"}},{"type":"Feature","id":"20665","geometry":{"type":"Point","coordinates":[34.77742,32.08616]},"properties":{"n":"Wish and Wash","c":"wellness","s":"tlv","a":"ארלוזורוב"}},{"type":"Feature","id":"20677","geometry":{"type":"Point","coordinates":[34.77672,32.09255]},"properties":{"n":"נורדאו 31","c":"restaurant","s":"tlv","a":"נורדאו"}},{"type":"Feature","id":"20680","geometry":{"type":"Point","coordinates":[34.80446,32.11283]},"properties":{"n":"קפנטו","c":"restaurant","s":"tlv","a":"אוניברסיטת ת\"א"}},{"type":"Feature","id":"20691","geometry":{"type":"Point","coordinates":[34.77407,32.09871]},"properties":{"n":"שרי הרינג סנדוויצ׳ים בע״מ","c":"restaurant","s":"tlv","a":"ליפקין שחק- שטח הנמל"}},{"type":"Feature","id":"20692","geometry":{"type":"Point","coordinates":[34.77407,32.09871]},"properties":{"n":"מיצי בשוק - הנמל","c":"shopping","s":"tlv+osm","a":"ליפקין שחק- שטח הנמל"}},{"type":"Feature","id":"20693","geometry":{"type":"Point","coordinates":[34.79397,32.10986]},"properties":{"n":"מספרת שי","c":"wellness","s":"tlv","a":"פיכמן"}},{"type":"Feature","id":"20705","geometry":{"type":"Point","coordinates":[34.76999,32.086]},"properties":{"n":"אלונית","c":"restaurant","s":"tlv","a":"הירקון"}},{"type":"Feature","id":"20710","geometry":{"type":"Point","coordinates":[34.78551,32.08722]},"properties":{"n":"מחסן מזון לתיק רשוי 17004","c":"restaurant","s":"tlv","a":"ז'בוטינסקי"}},{"type":"Feature","id":"20727","geometry":{"type":"Point","coordinates":[34.77285,32.08565]},"properties":{"n":"דיט ודוט","c":"cafe","s":"tlv","a":"בן יהודה"}},{"type":"Feature","id":"20732","geometry":{"type":"Point","coordinates":[34.78299,32.09056]},"properties":{"n":"אנדי ביוטי קאר","c":"wellness","s":"tlv","a":"אבן גבירול"}},{"type":"Feature","id":"20740","geometry":{"type":"Point","coordinates":[34.77478,32.09208]},"properties":{"n":"מחסן מזון","c":"supermarket","s":"tlv","a":"בן יהודה"}},{"type":"Feature","id":"20746","geometry":{"type":"Point","coordinates":[34.80149,32.12502]},"properties":{"n":"וניליה","c":"cafe","s":"tlv","a":"אחימאיר אבא"}},{"type":"Feature","id":"20750","geometry":{"type":"Point","coordinates":[34.7928,32.12144]},"properties":{"n":"גוזל","c":"kindergarten","s":"tlv","a":"דולצ'ין אריה 22"}},{"type":"Feature","id":"20769","geometry":{"type":"Point","coordinates":[34.8161,32.11123]},"properties":{"n":"ארקפה","c":"cafe","s":"tlv+osm","a":"בני אפרים"}},{"type":"Feature","id":"20772","geometry":{"type":"Point","coordinates":[34.77513,32.08706]},"properties":{"n":"סופר פארם","c":"pharmacy","s":"tlv","a":"דיזנגוף"}},{"type":"Feature","id":"20774","geometry":{"type":"Point","coordinates":[34.79155,32.10198]},"properties":{"n":"חצי שקל בע\"מ","c":"supermarket","s":"tlv","a":"מאוריציו ויטלה"}},{"type":"Feature","id":"20775","geometry":{"type":"Point","coordinates":[34.8245,32.11318]},"properties":{"n":"קפה זוריק","c":"restaurant","s":"tlv","a":"קהילת סלוניקי"}},{"type":"Feature","id":"20782","geometry":{"type":"Point","coordinates":[34.77601,32.09463]},"properties":{"n":"מיקי ומאור שיער ואיפור","c":"wellness","s":"tlv","a":"ירמיהו הנביא"}},{"type":"Feature","id":"2079","geometry":{"type":"Point","coordinates":[34.78531,32.0937]},"properties":{"n":"אס מילנו","c":"restaurant","s":"tlv","a":"יהודה המכבי"}},{"type":"Feature","id":"20790","geometry":{"type":"Point","coordinates":[34.78278,32.08944]},"properties":{"n":"Eבן גבירול","c":"restaurant","s":"tlv","a":"אבן גבירול"}},{"type":"Feature","id":"20793","geometry":{"type":"Point","coordinates":[34.77522,32.10061]},"properties":{"n":"ארומה","c":"restaurant","s":"tlv","a":"יריד המזרח"}},{"type":"Feature","id":"20797","geometry":{"type":"Point","coordinates":[34.77655,32.09505]},"properties":{"n":"פלורל דיזיין","c":"shopping","s":"tlv","a":"דיזנגוף"}},{"type":"Feature","id":"20804","geometry":{"type":"Point","coordinates":[34.77511,32.0951]},"properties":{"n":"חנות נוחות ילו ירמיהו","c":"shopping","s":"tlv","a":"ירמיהו הנביא"}},{"type":"Feature","id":"20808","geometry":{"type":"Point","coordinates":[34.78556,32.09391]},"properties":{"n":"הממתק של סמי","c":"cafe","s":"tlv","a":"יהודה המכבי"}},{"type":"Feature","id":"20810","geometry":{"type":"Point","coordinates":[34.79993,32.12035]},"properties":{"n":"מספרת ילדים","c":"wellness","s":"tlv","a":"אופנהיימר"}},{"type":"Feature","id":"20825","geometry":{"type":"Point","coordinates":[34.78814,32.11656]},"properties":{"n":"פיצה הגוש","c":"restaurant","s":"tlv","a":"חפץ יאשה"}},{"type":"Feature","id":"20827","geometry":{"type":"Point","coordinates":[34.77493,32.08763]},"properties":{"n":"אוריג'ם קפה","c":"cafe","s":"tlv","a":"דיזנגוף"}},{"type":"Feature","id":"20842","geometry":{"type":"Point","coordinates":[34.79671,32.11652]},"properties":{"n":"גוד פארם","c":"supermarket","s":"tlv","a":"טאגור רבינדרנת"}},{"type":"Feature","id":"20855","geometry":{"type":"Point","coordinates":[34.78246,32.08965]},"properties":{"n":"קופיקס","c":"cafe","s":"tlv","a":"אבן גבירול"}},{"type":"Feature","id":"20872","geometry":{"type":"Point","coordinates":[34.77626,32.09146]},"properties":{"n":"שר המשקאות","c":"cafe","s":"tlv","a":"דיזנגוף"}},{"type":"Feature","id":"20880","geometry":{"type":"Point","coordinates":[34.80405,32.10926]},"properties":{"n":"חניון סוציאלית","c":"parking","s":"tlv","a":"אוניברסיטת ת\"א"}},{"type":"Feature","id":"20889","geometry":{"type":"Point","coordinates":[34.78789,32.11666]},"properties":{"n":"הצרכניה שלי","c":"supermarket","s":"tlv","a":"גלבוע אמיר"}},{"type":"Feature","id":"20895","geometry":{"type":"Point","coordinates":[34.79762,32.11178]},"properties":{"n":"פיצה עגבניה","c":"restaurant","s":"tlv","a":"ברודצקי"}},{"type":"Feature","id":"20898","geometry":{"type":"Point","coordinates":[34.78897,32.12931]},"properties":{"n":"טופשופ","c":"supermarket","s":"tlv","a":"2040"}},{"type":"Feature","id":"20905","geometry":{"type":"Point","coordinates":[34.80269,32.10745]},"properties":{"n":"בורגרים","c":"restaurant","s":"tlv","a":"אוניברסיטת ת\"א"}},{"type":"Feature","id":"20906","geometry":{"type":"Point","coordinates":[34.7708,32.08979]},"properties":{"n":"ספא 7","c":"wellness","s":"tlv","a":"הירקון"}},{"type":"Feature","id":"20907","geometry":{"type":"Point","coordinates":[34.79327,32.09432]},"properties":{"n":"M Profesional care","c":"wellness","s":"tlv","a":"יהודה המכבי"}},{"type":"Feature","id":"20924","geometry":{"type":"Point","coordinates":[34.79573,32.13156]},"properties":{"n":"אלונית","c":"restaurant","s":"tlv","a":"נמיר מרדכי"}},{"type":"Feature","id":"20945","geometry":{"type":"Point","coordinates":[34.77893,32.08581]},"properties":{"n":"ליקר הילינקה בייקרי","c":"shopping","s":"tlv","a":"ארלוזורוב"}},{"type":"Feature","id":"20950","geometry":{"type":"Point","coordinates":[34.80209,32.11164]},"properties":{"n":"קופי סטאר","c":"restaurant","s":"tlv","a":"אוניברסיטת ת\"א"}},{"type":"Feature","id":"20969","geometry":{"type":"Point","coordinates":[34.77684,32.09795]},"properties":{"n":"תל אביב דפורט הוסטל","c":"restaurant","s":"tlv","a":"יריד המזרח"}},{"type":"Feature","id":"20973","geometry":{"type":"Point","coordinates":[34.82392,32.12286]},"properties":{"n":"קיוסק צומת הפיל","c":"shopping","s":"tlv","a":"בני אפרים"}},{"type":"Feature","id":"20988","geometry":{"type":"Point","coordinates":[34.78203,32.08747]},"properties":{"n":"הג'ונגל","c":"wellness","s":"tlv","a":"אבן גבירול"}},{"type":"Feature","id":"20996","geometry":{"type":"Point","coordinates":[34.79718,32.08879]},"properties":{"n":"רביבה וסליה","c":"restaurant","s":"tlv","a":"אלוני ניסים"}},{"type":"Feature","id":"20998","geometry":{"type":"Point","coordinates":[34.77407,32.09871]},"properties":{"n":"גולדה גלידה","c":"restaurant","s":"tlv","a":"ליפקין שחק- שטח הנמל"}},{"type":"Feature","id":"21","geometry":{"type":"Point","coordinates":[34.78224,32.0994]},"properties":{"n":"רידינג","c":"lrt_station","s":"tlv","e":"ent_db5d320b5865fdee041f45a0","p":"place/reading-light-rail/","f":1}},{"type":"Feature","id":"21007","geometry":{"type":"Point","coordinates":[34.77674,32.09355]},"properties":{"n":"לאק","c":"wellness","s":"tlv","a":"דיזנגוף"}},{"type":"Feature","id":"21008","geometry":{"type":"Point","coordinates":[34.79718,32.08879]},"properties":{"n":"מגה בעיר","c":"shopping","s":"tlv","a":"אלוני ניסים"}},{"type":"Feature","id":"21012","geometry":{"type":"Point","coordinates":[34.79475,32.10325]},"properties":{"n":"נדל\"ן איי אל א א בע\"מ","c":"cafe","s":"tlv","a":"לבנון חיים"}},{"type":"Feature","id":"21016","geometry":{"type":"Point","coordinates":[34.80371,32.1249]},"properties":{"n":"חומוס כספי","c":"restaurant","s":"tlv","a":"אחימאיר אבא"}},{"type":"Feature","id":"21018","geometry":{"type":"Point","coordinates":[34.77487,32.09783]},"properties":{"n":"דיבאני סנטר","c":"shopping","s":"tlv","a":"יריד המזרח"}},{"type":"Feature","id":"21021","geometry":{"type":"Point","coordinates":[34.78814,32.11656]},"properties":{"n":"המוציא לחם","c":"supermarket","s":"tlv","a":"חפץ יאשה"}},{"type":"Feature","id":"21036","geometry":{"type":"Point","coordinates":[34.77532,32.08911]},"properties":{"n":"רולדין - דיזנגוף","c":"cafe","s":"tlv","a":"דיזנגוף"}},{"type":"Feature","id":"21037","geometry":{"type":"Point","coordinates":[34.79199,32.09407]},"properties":{"n":"טיב טעם רשתות בע\"מ","c":"shopping","s":"tlv","a":"יהודה המכבי"}},{"type":"Feature","id":"21045","geometry":{"type":"Point","coordinates":[34.79252,32.12462]},"properties":{"n":"בי פארם","c":"pharmacy","s":"tlv","a":"ברלין אליהו"}},{"type":"Feature","id":"21050","geometry":{"type":"Point","coordinates":[34.79718,32.08879]},"properties":{"n":"איי טו זד","c":"wellness","s":"tlv","a":"אלוני ניסים"}},{"type":"Feature","id":"21054","geometry":{"type":"Point","coordinates":[34.81946,32.10484]},"properties":{"n":"קפה ספורט","c":"cafe","s":"tlv","a":"שיטרית בכור"}},{"type":"Feature","id":"21055","geometry":{"type":"Point","coordinates":[34.7913,32.10479]},"properties":{"n":"כחל","c":"kindergarten","s":"tlv","a":"בורלא יהודה 2"}},{"type":"Feature","id":"21059","geometry":{"type":"Point","coordinates":[34.78727,32.11363]},"properties":{"n":"דימה אייזנברג","c":"wellness","s":"tlv","a":"שטרייכמן יחזקאל"}},{"type":"Feature","id":"21068","geometry":{"type":"Point","coordinates":[34.77234,32.08521]},"properties":{"n":"מחסן מזון","c":"shopping","s":"tlv","a":"בן יהודה"}},{"type":"Feature","id":"21075","geometry":{"type":"Point","coordinates":[34.80171,32.1246]},"properties":{"n":"פרש קיטצן","c":"restaurant","s":"tlv","a":"אחימאיר אבא"}},{"type":"Feature","id":"21092","geometry":{"type":"Point","coordinates":[34.76907,32.08693]},"properties":{"n":"בינתיים","c":"cafe","s":"tlv","a":"פרי אליעזר"}},{"type":"Feature","id":"21109","geometry":{"type":"Point","coordinates":[34.77572,32.09593]},"properties":{"n":"KOBEZ hair studio","c":"wellness","s":"tlv","a":"כ\"ג יורדי הסירה"}},{"type":"Feature","id":"21149","geometry":{"type":"Point","coordinates":[34.789,32.08554]},"properties":{"n":"סלבריטי","c":"wellness","s":"tlv","a":"הא באייר"}},{"type":"Feature","id":"21157","geometry":{"type":"Point","coordinates":[34.77612,32.09038]},"properties":{"n":"ניויו מרכז יופי","c":"wellness","s":"tlv","a":"בזל"}},{"type":"Feature","id":"21159","geometry":{"type":"Point","coordinates":[34.79844,32.12524]},"properties":{"n":"סופר פארם (מחסן)","c":"pharmacy","s":"tlv","a":"אחימאיר אבא"}},{"type":"Feature","id":"21167","geometry":{"type":"Point","coordinates":[34.79718,32.08879]},"properties":{"n":"עגלת בראון","c":"shopping","s":"tlv","a":"אלוני ניסים"}},{"type":"Feature","id":"21179","geometry":{"type":"Point","coordinates":[34.77941,32.08978]},"properties":{"n":"מחסן מזון","c":"shopping","s":"tlv","a":"בזל"}},{"type":"Feature","id":"21201","geometry":{"type":"Point","coordinates":[34.79741,32.1078]},"properties":{"n":"לחמים","c":"shopping","s":"tlv","a":"ברודצקי"}},{"type":"Feature","id":"21206","geometry":{"type":"Point","coordinates":[34.77553,32.08852]},"properties":{"n":"מכון סיטבלטנה","c":"wellness","s":"tlv","a":"דיזנגוף"}},{"type":"Feature","id":"21216","geometry":{"type":"Point","coordinates":[34.80149,32.12502]},"properties":{"n":"אניס שוסטר","c":"shopping","s":"tlv","a":"אחימאיר אבא"}},{"type":"Feature","id":"21224","geometry":{"type":"Point","coordinates":[34.77302,32.08624]},"properties":{"n":"ג'ונגל","c":"shopping","s":"tlv","a":"בן יהודה"}},{"type":"Feature","id":"21240","geometry":{"type":"Point","coordinates":[34.77907,32.09015]},"properties":{"n":"ניילס","c":"wellness","s":"tlv","a":"השל\"ה"}},{"type":"Feature","id":"21242","geometry":{"type":"Point","coordinates":[34.81884,32.10923]},"properties":{"n":"מוד","c":"wellness","s":"tlv","a":"הדר יוסף"}},{"type":"Feature","id":"21246","geometry":{"type":"Point","coordinates":[34.79762,32.11178]},"properties":{"n":"בת הקצב","c":"shopping","s":"tlv","a":"ברודצקי"}},{"type":"Feature","id":"21247","geometry":{"type":"Point","coordinates":[34.81192,32.10208]},"properties":{"n":"מזנון בפארק גני יהושע","c":"shopping","s":"tlv","a":"רוקח ישראל"}},{"type":"Feature","id":"21268","geometry":{"type":"Point","coordinates":[34.79521,32.11029]},"properties":{"n":"קפה אליאנס","c":"restaurant","s":"tlv","a":"ברש אשר"}},{"type":"Feature","id":"21279","geometry":{"type":"Point","coordinates":[34.77451,32.0999]},"properties":{"n":"נייטשיפט בע\"מ","c":"cafe","s":"tlv","a":"ליפקין שחק- שטח הנמל"}},{"type":"Feature","id":"21291","geometry":{"type":"Point","coordinates":[34.77383,32.09902]},"properties":{"n":"צ'יקו קריספי","c":"restaurant","s":"tlv","a":"ליפקין שחק- שטח הנמל"}},{"type":"Feature","id":"21300","geometry":{"type":"Point","coordinates":[34.77511,32.08834]},"properties":{"n":"דה ברבר שופ","c":"wellness","s":"tlv","a":"דיזנגוף"}},{"type":"Feature","id":"21305","geometry":{"type":"Point","coordinates":[34.7824,32.08935]},"properties":{"n":"המתקתקות של אלה","c":"wellness","s":"tlv","a":"אבן גבירול"}},{"type":"Feature","id":"21307","geometry":{"type":"Point","coordinates":[34.78946,32.0912]},"properties":{"n":"אורי&סטלה","c":"wellness","s":"tlv","a":"פנקס דוד צבי"}},{"type":"Feature","id":"21311","geometry":{"type":"Point","coordinates":[34.79793,32.08889]},"properties":{"n":"מרום","c":"kindergarten","s":"tlv","a":"דוש (קריאל גרדוש) 6"}},{"type":"Feature","id":"21311","geometry":{"type":"Point","coordinates":[34.79793,32.08889]},"properties":{"n":"צמרות","c":"kindergarten","s":"tlv","a":"דוש (קריאל גרדוש) 6"}},{"type":"Feature","id":"21313","geometry":{"type":"Point","coordinates":[34.79126,32.08622]},"properties":{"n":"נספרסו ישראל","c":"cafe","s":"tlv","a":"הא באייר"}},{"type":"Feature","id":"21316","geometry":{"type":"Point","coordinates":[34.78242,32.09105]},"properties":{"n":"סופר פארם","c":"pharmacy","s":"tlv+osm","a":"אבן גבירול","w":"http://www.super-pharm.co.il"}},{"type":"Feature","id":"21321","geometry":{"type":"Point","coordinates":[34.82457,32.10911]},"properties":{"n":"סופר שוק סיטי מרקט בע\"מ","c":"supermarket","s":"tlv","a":"יד המעביר"}},{"type":"Feature","id":"21357","geometry":{"type":"Point","coordinates":[34.80777,32.11368]},"properties":{"n":"חניון המוזיאונים","c":"parking","s":"tlv","a":"קלוזנר"}},{"type":"Feature","id":"21363","geometry":{"type":"Point","coordinates":[34.77594,32.09018]},"properties":{"n":"עדי אשכנזי עיצוב שיער יופ","c":"wellness","s":"tlv","a":"דיזנגוף"}},{"type":"Feature","id":"21366","geometry":{"type":"Point","coordinates":[34.78739,32.11186]},"properties":{"n":"טיב טעם רשתות בע\"מ","c":"supermarket","s":"tlv","a":"אינשטיין"}},{"type":"Feature","id":"21381","geometry":{"type":"Point","coordinates":[34.81889,32.11739]},"properties":{"n":"בריכת שחיה פנימית בבית אב","c":"sport","s":"tlv","a":"שלונסקי אברהם"}},{"type":"Feature","id":"21390","geometry":{"type":"Point","coordinates":[34.775,32.08655]},"properties":{"n":"לילי ונינה","c":"wellness","s":"tlv","a":"דיזנגוף"}},{"type":"Feature","id":"21392","geometry":{"type":"Point","coordinates":[34.80269,32.10745]},"properties":{"n":"סבן אקספרס","c":"cafe","s":"tlv","a":"אוניברסיטת ת\"א"}},{"type":"Feature","id":"21393","geometry":{"type":"Point","coordinates":[34.77418,32.09116]},"properties":{"n":"ממלכת הממתקים","c":"shopping","s":"tlv","a":"בן יהודה"}},{"type":"Feature","id":"21395","geometry":{"type":"Point","coordinates":[34.82392,32.12286]},"properties":{"n":"ALBA","c":"restaurant","s":"tlv","a":"בני אפרים"}},{"type":"Feature","id":"214","geometry":{"type":"Point","coordinates":[34.79163,32.10393]},"properties":{"n":"]פס-קו","c":"wellness","s":"tlv","a":"בראלי"}},{"type":"Feature","id":"21403","geometry":{"type":"Point","coordinates":[34.77339,32.08744]},"properties":{"n":"סופר קופיקס","c":"restaurant","s":"tlv","a":"בן יהודה"}},{"type":"Feature","id":"21410","geometry":{"type":"Point","coordinates":[34.79423,32.09088]},"properties":{"n":"שי","c":"kindergarten","s":"tlv","a":"פנקס דוד צבי 72"}},{"type":"Feature","id":"21410","geometry":{"type":"Point","coordinates":[34.79423,32.09088]},"properties":{"n":"מתן","c":"kindergarten","s":"tlv","a":"פנקס דוד צבי 72"}},{"type":"Feature","id":"21414","geometry":{"type":"Point","coordinates":[34.78817,32.11698]},"properties":{"n":"Boost כל מה שטוב","c":"shopping","s":"tlv","a":"חפץ יאשה"}},{"type":"Feature","id":"21418","geometry":{"type":"Point","coordinates":[34.8245,32.11318]},"properties":{"n":"דרמאור","c":"wellness","s":"tlv","a":"קהילת סלוניקי"}},{"type":"Feature","id":"21430","geometry":{"type":"Point","coordinates":[34.77688,32.09901]},"properties":{"n":"Namel","c":"restaurant","s":"tlv","a":"יריד המזרח"}},{"type":"Feature","id":"21434","geometry":{"type":"Point","coordinates":[34.77791,32.09485]},"properties":{"n":"אורי לוי","c":"wellness","s":"tlv","a":"ירמיהו הנביא"}},{"type":"Feature","id":"21450","geometry":{"type":"Point","coordinates":[34.77547,32.10146]},"properties":{"n":"מיאון דה מיק TLV","c":"restaurant","s":"tlv","a":"יקותיאלי יוסף"}},{"type":"Feature","id":"21474","geometry":{"type":"Point","coordinates":[34.7879,32.10024]},"properties":{"n":"שופרסל בע\"מ","c":"supermarket","s":"tlv","a":"יערי מאיר"}},{"type":"Feature","id":"21481","geometry":{"type":"Point","coordinates":[34.77597,32.0917]},"properties":{"n":"עדי בן יוסף","c":"wellness","s":"tlv","a":"דיזנגוף"}},{"type":"Feature","id":"21486","geometry":{"type":"Point","coordinates":[34.78203,32.08747]},"properties":{"n":"יין בעיר","c":"supermarket","s":"tlv","a":"אבן גבירול"}},{"type":"Feature","id":"21496","geometry":{"type":"Point","coordinates":[34.79718,32.08879]},"properties":{"n":"רביבה הקומה השניה (לאונג'","c":"restaurant","s":"tlv","a":"אלוני ניסים"}},{"type":"Feature","id":"21500","geometry":{"type":"Point","coordinates":[34.78142,32.0855]},"properties":{"n":"ניילי אומנות היופי","c":"wellness","s":"tlv","a":"ארלוזורוב"}},{"type":"Feature","id":"21503","geometry":{"type":"Point","coordinates":[34.79127,32.08728]},"properties":{"n":"קוקו סיוונ'ס","c":"wellness","s":"tlv","a":"הא באייר"}},{"type":"Feature","id":"21516","geometry":{"type":"Point","coordinates":[34.82483,32.12128]},"properties":{"n":"בבקה קפה","c":"cafe","s":"tlv","a":"סנה משה"}},{"type":"Feature","id":"21520","geometry":{"type":"Point","coordinates":[34.7879,32.10024]},"properties":{"n":"בבקה","c":"restaurant","s":"tlv","a":"יערי מאיר"}},{"type":"Feature","id":"21521","geometry":{"type":"Point","coordinates":[34.7879,32.10024]},"properties":{"n":"M32","c":"restaurant","s":"tlv","a":"יערי מאיר"}},{"type":"Feature","id":"21534","geometry":{"type":"Point","coordinates":[34.7879,32.10024]},"properties":{"n":"קולי וסאני בע\"מ","c":"wellness","s":"tlv","a":"יערי מאיר"}},{"type":"Feature","id":"21546","geometry":{"type":"Point","coordinates":[34.77441,32.08554]},"properties":{"n":"דולסה","c":"shopping","s":"tlv","a":"דיזנגוף"}},{"type":"Feature","id":"21549","geometry":{"type":"Point","coordinates":[34.79338,32.09435]},"properties":{"n":"ד\"ר ניר גבע מספרה לבע\"ח","c":"wellness","s":"tlv","a":"יהודה המכבי"}},{"type":"Feature","id":"2155","geometry":{"type":"Point","coordinates":[34.77671,32.09464]},"properties":{"n":"בזאר 32","c":"restaurant","s":"tlv","a":"דיזנגוף"}},{"type":"Feature","id":"21559","geometry":{"type":"Point","coordinates":[34.79264,32.12082]},"properties":{"n":"\"גולדה\"","c":"cafe","s":"tlv","a":"דולצ'ין אריה"}},{"type":"Feature","id":"21570","geometry":{"type":"Point","coordinates":[34.77947,32.09097]},"properties":{"n":"laor","c":"wellness","s":"tlv","a":"אלקלעי"}},{"type":"Feature","id":"21573","geometry":{"type":"Point","coordinates":[34.82491,32.12103]},"properties":{"n":"ויקטוריה אוקוניב","c":"wellness","s":"tlv","a":"סנה משה"}},{"type":"Feature","id":"21597","geometry":{"type":"Point","coordinates":[34.78368,32.0942]},"properties":{"n":"מיאו חתולה","c":"shopping","s":"tlv","a":"אבן גבירול"}},{"type":"Feature","id":"21604","geometry":{"type":"Point","coordinates":[34.78556,32.09391]},"properties":{"n":"חומוס לבלבי","c":"restaurant","s":"tlv","a":"יהודה המכבי"}},{"type":"Feature","id":"21606","geometry":{"type":"Point","coordinates":[34.77548,32.10112]},"properties":{"n":"אמה","c":"restaurant","s":"tlv","a":"יקותיאלי יוסף"}},{"type":"Feature","id":"21609","geometry":{"type":"Point","coordinates":[34.77475,32.09607]},"properties":{"n":"כנפה ג'מילה","c":"restaurant","s":"tlv","a":"כ\"ג יורדי הסירה"}},{"type":"Feature","id":"21612","geometry":{"type":"Point","coordinates":[34.80267,32.11498]},"properties":{"n":"מכון כושר","c":"gym","s":"tlv","a":"אוניברסיטת ת\"א"}},{"type":"Feature","id":"21617","geometry":{"type":"Point","coordinates":[34.77564,32.09044]},"properties":{"n":"יהונתן יעיש","c":"wellness","s":"tlv","a":"דיזנגוף"}},{"type":"Feature","id":"21624","geometry":{"type":"Point","coordinates":[34.78714,32.11243]},"properties":{"n":"ביג פט","c":"shopping","s":"tlv","a":"אינשטיין"}},{"type":"Feature","id":"21635","geometry":{"type":"Point","coordinates":[34.78259,32.08851]},"properties":{"n":"דידי דג","c":"shopping","s":"tlv+osm","a":"אבן גבירול","w":"https://dididag.co.il/"}},{"type":"Feature","id":"21636","geometry":{"type":"Point","coordinates":[34.7879,32.10024]},"properties":{"n":"חומוס כספי","c":"restaurant","s":"tlv","a":"יערי מאיר"}},{"type":"Feature","id":"21654","geometry":{"type":"Point","coordinates":[34.77532,32.09376]},"properties":{"n":"מיץ מיץ","c":"shopping","s":"tlv","a":"בן יהודה"}},{"type":"Feature","id":"21659","geometry":{"type":"Point","coordinates":[34.79718,32.08879]},"properties":{"n":"סילבר ביוטי","c":"wellness","s":"tlv","a":"אלוני ניסים"}},{"type":"Feature","id":"21661","geometry":{"type":"Point","coordinates":[34.79678,32.11249]},"properties":{"n":"מקס ברנר","c":"shopping","s":"tlv","a":"אינשטיין"}},{"type":"Feature","id":"21663","geometry":{"type":"Point","coordinates":[34.79987,32.11985]},"properties":{"n":"אטליז באופנהיימר","c":"shopping","s":"tlv","a":"אופנהיימר"}},{"type":"Feature","id":"21664","geometry":{"type":"Point","coordinates":[34.79939,32.11994]},"properties":{"n":"אטליז באופנהיימר","c":"supermarket","s":"tlv","a":"אופנהיימר"}},{"type":"Feature","id":"21666","geometry":{"type":"Point","coordinates":[34.77414,32.09102]},"properties":{"n":"אילן גורי","c":"wellness","s":"tlv","a":"בן יהודה"}},{"type":"Feature","id":"21670","geometry":{"type":"Point","coordinates":[34.78263,32.09098]},"properties":{"n":"קפה הקסטל","c":"cafe","s":"tlv","a":"אבן גבירול"}},{"type":"Feature","id":"21677","geometry":{"type":"Point","coordinates":[34.79071,32.09421]},"properties":{"n":"בזיליקום צפון - מחסן","c":"health","s":"tlv","a":"ויצמן"}},{"type":"Feature","id":"21680","geometry":{"type":"Point","coordinates":[34.77624,32.09919]},"properties":{"n":"פיט האוס","c":"restaurant","s":"tlv","a":"יריד המזרח"}},{"type":"Feature","id":"21683","geometry":{"type":"Point","coordinates":[34.7879,32.10024]},"properties":{"n":"עולם המתנות בע\"מ","c":"supermarket","s":"tlv","a":"יערי מאיר"}},{"type":"Feature","id":"21703","geometry":{"type":"Point","coordinates":[34.79762,32.11178]},"properties":{"n":"מלח הארץ","c":"shopping","s":"tlv","a":"ברודצקי"}},{"type":"Feature","id":"21710","geometry":{"type":"Point","coordinates":[34.77941,32.08978]},"properties":{"n":"זה סושי","c":"restaurant","s":"tlv","a":"בזל"}},{"type":"Feature","id":"21734","geometry":{"type":"Point","coordinates":[34.77518,32.08722]},"properties":{"n":"אורבן פט טי אל וי","c":"shopping","s":"tlv","a":"דיזנגוף"}},{"type":"Feature","id":"21739","geometry":{"type":"Point","coordinates":[34.7797,32.08845]},"properties":{"n":"חניון אסותא","c":"parking","s":"tlv","a":"ז'בוטינסקי"}},{"type":"Feature","id":"21748","geometry":{"type":"Point","coordinates":[34.7898,32.08818]},"properties":{"n":"בייקרי כיכר המדינה","c":"cafe","s":"tlv","a":"ויצמן"}},{"type":"Feature","id":"21751","geometry":{"type":"Point","coordinates":[34.77407,32.09871]},"properties":{"n":"פסטה בנמל","c":"restaurant","s":"tlv","a":"ליפקין שחק- שטח הנמל"}},{"type":"Feature","id":"21754","geometry":{"type":"Point","coordinates":[34.77407,32.09871]},"properties":{"n":"לה פרומז'רי","c":"supermarket","s":"tlv","a":"ליפקין שחק- שטח הנמל"}},{"type":"Feature","id":"21760","geometry":{"type":"Point","coordinates":[34.77407,32.09871]},"properties":{"n":"פרימו","c":"shopping","s":"tlv","a":"ליפקין שחק- שטח הנמל"}},{"type":"Feature","id":"21761","geometry":{"type":"Point","coordinates":[34.77407,32.09871]},"properties":{"n":"דוכן כנאפה","c":"shopping","s":"tlv","a":"ליפקין שחק- שטח הנמל"}},{"type":"Feature","id":"21763","geometry":{"type":"Point","coordinates":[34.81074,32.10921]},"properties":{"n":"דוכני מזון בהיכל שלמה","c":"shopping","s":"tlv","a":"2410"}},{"type":"Feature","id":"21768","geometry":{"type":"Point","coordinates":[34.80179,32.12507]},"properties":{"n":"המבורגר הסמטה","c":"restaurant","s":"tlv","a":"אחימאיר אבא"}},{"type":"Feature","id":"21771","geometry":{"type":"Point","coordinates":[34.79663,32.11199]},"properties":{"n":"סחוט פראש שופ","c":"shopping","s":"tlv","a":"אינשטיין"}},{"type":"Feature","id":"21782","geometry":{"type":"Point","coordinates":[34.7915,32.094]},"properties":{"n":"אבי נחום","c":"shopping","s":"tlv","a":"יהודה המכבי"}},{"type":"Feature","id":"21783","geometry":{"type":"Point","coordinates":[34.7998,32.09424]},"properties":{"n":"אדמונד 90210","c":"shopping","s":"tlv","a":"הרב טולדנו"}},{"type":"Feature","id":"21788","geometry":{"type":"Point","coordinates":[34.78313,32.0935]},"properties":{"n":"אוולין","c":"wellness","s":"tlv","a":"אבן גבירול"}},{"type":"Feature","id":"21813","geometry":{"type":"Point","coordinates":[34.77876,32.09864]},"properties":{"n":"חניון רידינג מערב","c":"parking","s":"tlv+osm","a":"רוקח ישראל"}},{"type":"Feature","id":"21827","geometry":{"type":"Point","coordinates":[34.79663,32.11199]},"properties":{"n":"מילניום מרקטינג אינטרטריי","c":"supermarket","s":"tlv","a":"אינשטיין"}},{"type":"Feature","id":"21829","geometry":{"type":"Point","coordinates":[34.8245,32.11318]},"properties":{"n":"סוד הבשר","c":"supermarket","s":"tlv","a":"קהילת סלוניקי"}},{"type":"Feature","id":"21831","geometry":{"type":"Point","coordinates":[34.80179,32.12507]},"properties":{"n":"וום פאס Vom Fass","c":"supermarket","s":"tlv","a":"אחימאיר אבא"}},{"type":"Feature","id":"21841","geometry":{"type":"Point","coordinates":[34.82392,32.12286]},"properties":{"n":"רומי מישל","c":"wellness","s":"tlv","a":"בני אפרים"}},{"type":"Feature","id":"21844","geometry":{"type":"Point","coordinates":[34.7893,32.11374]},"properties":{"n":"מספרה זהבית","c":"wellness","s":"tlv","a":"אשכול לוי"}},{"type":"Feature","id":"21846","geometry":{"type":"Point","coordinates":[34.79266,32.09418]},"properties":{"n":"ניצת הדובדבן","c":"supermarket","s":"tlv","a":"יהודה המכבי"}},{"type":"Feature","id":"21851","geometry":{"type":"Point","coordinates":[34.78809,32.08689]},"properties":{"n":"ויטל","c":"wellness","s":"tlv","a":"ז'בוטינסקי"}},{"type":"Feature","id":"21857","geometry":{"type":"Point","coordinates":[34.78739,32.11186]},"properties":{"n":"סופר ג'ינג'י","c":"supermarket","s":"tlv","a":"אינשטיין"}},{"type":"Feature","id":"21860","geometry":{"type":"Point","coordinates":[34.7972,32.11635]},"properties":{"n":"שאור רמת אביב","c":"restaurant","s":"tlv","a":"טאגור רבינדרנת"}},{"type":"Feature","id":"21869","geometry":{"type":"Point","coordinates":[34.79199,32.09407]},"properties":{"n":"טיב טעם רשתות בע\"מ","c":"supermarket","s":"tlv+osm","a":"יהודה המכבי"}},{"type":"Feature","id":"21872","geometry":{"type":"Point","coordinates":[34.78714,32.11243]},"properties":{"n":"חניון איינשטיין 7","c":"parking","s":"tlv","a":"אינשטיין"}},{"type":"Feature","id":"21879","geometry":{"type":"Point","coordinates":[34.78299,32.09263]},"properties":{"n":"מי וינו","c":"bar","s":"tlv","a":"אבן גבירול"}},{"type":"Feature","id":"21891","geometry":{"type":"Point","coordinates":[34.7879,32.10024]},"properties":{"n":"חממה מלוינסקי","c":"supermarket","s":"tlv","a":"יערי מאיר"}},{"type":"Feature","id":"21900","geometry":{"type":"Point","coordinates":[34.78748,32.11246]},"properties":{"n":"המבורגר איינשטיין בע\"מ","c":"restaurant","s":"tlv","a":"אינשטיין"}},{"type":"Feature","id":"21903","geometry":{"type":"Point","coordinates":[34.77339,32.08744]},"properties":{"n":"סופר קופיקס","c":"supermarket","s":"tlv","a":"בן יהודה"}},{"type":"Feature","id":"21904","geometry":{"type":"Point","coordinates":[34.79668,32.11667]},"properties":{"n":"שאור רמת אביב","c":"supermarket","s":"tlv","a":"טאגור רבינדרנת"}},{"type":"Feature","id":"21911","geometry":{"type":"Point","coordinates":[34.79213,32.09409]},"properties":{"n":"אביעד רשת חנויות גלידה בע","c":"shopping","s":"tlv","a":"יהודה המכבי"}},{"type":"Feature","id":"21913","geometry":{"type":"Point","coordinates":[34.76987,32.08535]},"properties":{"n":"ספר על הגג","c":"wellness","s":"tlv","a":"הירקון"}},{"type":"Feature","id":"21915","geometry":{"type":"Point","coordinates":[34.82073,32.11049]},"properties":{"n":"בלוט","c":"kindergarten","s":"tlv","a":"קהילת קראקוב 7"}},{"type":"Feature","id":"21928","geometry":{"type":"Point","coordinates":[34.78292,32.09233]},"properties":{"n":"אלגריה","c":"restaurant","s":"tlv+osm","a":"אבן גבירול"}},{"type":"Feature","id":"21929","geometry":{"type":"Point","coordinates":[34.7758,32.09539]},"properties":{"n":"דור חייט","c":"wellness","s":"tlv","a":"בן יהודה"}},{"type":"Feature","id":"2193","geometry":{"type":"Point","coordinates":[34.78207,32.08765]},"properties":{"n":"גונגל","c":"shopping","s":"tlv","a":"אבן גבירול"}},{"type":"Feature","id":"21935","geometry":{"type":"Point","coordinates":[34.7733,32.09908]},"properties":{"n":"פיאנו פיאנו","c":"restaurant","s":"tlv","a":"ליפקין שחק- שטח הנמל"}},{"type":"Feature","id":"21940","geometry":{"type":"Point","coordinates":[34.7879,32.10024]},"properties":{"n":"שמו הקונדיטוריה","c":"restaurant","s":"tlv","a":"יערי מאיר"}},{"type":"Feature","id":"21944","geometry":{"type":"Point","coordinates":[34.78273,32.08912]},"properties":{"n":"fine","c":"wellness","s":"tlv","a":"אבן גבירול"}},{"type":"Feature","id":"21946","geometry":{"type":"Point","coordinates":[34.79043,32.08551]},"properties":{"n":"beaute ' M La","c":"wellness","s":"tlv","a":"הא באייר"}},{"type":"Feature","id":"21947","geometry":{"type":"Point","coordinates":[34.79687,32.12673]},"properties":{"n":"קצביית בוטיק ברזאני","c":"shopping","s":"tlv","a":"ברזאני משה"}},{"type":"Feature","id":"21953","geometry":{"type":"Point","coordinates":[34.77844,32.10441]},"properties":{"n":"המגדלור","c":"restaurant","s":"tlv","a":"זאבי רחבעם (גנדי)"}},{"type":"Feature","id":"21957","geometry":{"type":"Point","coordinates":[34.80948,32.10796]},"properties":{"n":"חניון דרייב אין","c":"parking","s":"tlv","a":"רמבה אייזיק"}},{"type":"Feature","id":"21961","geometry":{"type":"Point","coordinates":[34.76988,32.09001]},"properties":{"n":"ספא 7","c":"wellness","s":"tlv","a":"הירקון"}},{"type":"Feature","id":"21963","geometry":{"type":"Point","coordinates":[34.79762,32.11178]},"properties":{"n":"פדיק סנטר","c":"wellness","s":"tlv","a":"ברודצקי"}},{"type":"Feature","id":"21964","geometry":{"type":"Point","coordinates":[34.77574,32.08944]},"properties":{"n":"פטביי דיזינגוף","c":"shopping","s":"tlv","a":"דיזנגוף"}},{"type":"Feature","id":"21970","geometry":{"type":"Point","coordinates":[34.81784,32.11339]},"properties":{"n":"קפה יותו","c":"restaurant","s":"tlv","a":"מבצע קדש"}},{"type":"Feature","id":"21988","geometry":{"type":"Point","coordinates":[34.79762,32.11178]},"properties":{"n":"רולדין","c":"cafe","s":"tlv","a":"ברודצקי"}},{"type":"Feature","id":"21989","geometry":{"type":"Point","coordinates":[34.78208,32.08775]},"properties":{"n":"אסי מדי עיצוב שיער.","c":"wellness","s":"tlv","a":"אבן גבירול"}},{"type":"Feature","id":"21990","geometry":{"type":"Point","coordinates":[34.79718,32.08879]},"properties":{"n":"פירות השף","c":"supermarket","s":"tlv","a":"אלוני ניסים"}},{"type":"Feature","id":"21993","geometry":{"type":"Point","coordinates":[34.79741,32.1078]},"properties":{"n":"ניצת הדובדבן","c":"supermarket","s":"tlv","a":"ברודצקי"}},{"type":"Feature","id":"22","geometry":{"type":"Point","coordinates":[34.78335,32.09346]},"properties":{"n":"יהודה המכבי","c":"lrt_station","s":"tlv","e":"ent_7ecf9370f2afb3cc88605e9a","p":"place/yehuda-hamaccabi-light-rail/","f":1}},{"type":"Feature","id":"22008","geometry":{"type":"Point","coordinates":[34.77755,32.09506]},"properties":{"n":"בייבי אייס","c":"supermarket","s":"tlv","a":"ירמיהו הנביא"}},{"type":"Feature","id":"22010","geometry":{"type":"Point","coordinates":[34.78275,32.0893]},"properties":{"n":"לילי רוז","c":"bar","s":"tlv","a":"אבן גבירול"}},{"type":"Feature","id":"22011","geometry":{"type":"Point","coordinates":[34.78179,32.08654]},"properties":{"n":"למרה","c":"wellness","s":"tlv","a":"אבן גבירול"}},{"type":"Feature","id":"22012","geometry":{"type":"Point","coordinates":[34.79959,32.10991]},"properties":{"n":"רון","c":"kindergarten","s":"tlv","a":"כפר יונה 15"}},{"type":"Feature","id":"22012","geometry":{"type":"Point","coordinates":[34.79959,32.10991]},"properties":{"n":"זמר","c":"kindergarten","s":"tlv","a":"כפר יונה 15"}},{"type":"Feature","id":"22012","geometry":{"type":"Point","coordinates":[34.79959,32.10991]},"properties":{"n":"מקהלה","c":"kindergarten","s":"tlv","a":"כפר יונה 15"}},{"type":"Feature","id":"22017","geometry":{"type":"Point","coordinates":[34.79741,32.1078]},"properties":{"n":"At Papa's","c":"restaurant","s":"tlv","a":"ברודצקי"}},{"type":"Feature","id":"22019","geometry":{"type":"Point","coordinates":[34.77379,32.08877]},"properties":{"n":"לאסי בר","c":"shopping","s":"tlv","a":"בן יהודה"}},{"type":"Feature","id":"22028","geometry":{"type":"Point","coordinates":[34.81992,32.10836]},"properties":{"n":"אברהם בן דוד","c":"wellness","s":"tlv","a":"קהילת ורשה"}},{"type":"Feature","id":"22029","geometry":{"type":"Point","coordinates":[34.79408,32.09514]},"properties":{"n":"מספרת טל","c":"wellness","s":"tlv","a":"נמיר מרדכי"}},{"type":"Feature","id":"22048","geometry":{"type":"Point","coordinates":[34.7998,32.1205]},"properties":{"n":"נונו","c":"restaurant","s":"tlv","a":"רב אשי"}},{"type":"Feature","id":"22049","geometry":{"type":"Point","coordinates":[34.81598,32.11154]},"properties":{"n":"ג'י די בי","c":"restaurant","s":"tlv","a":"בני אפרים"}},{"type":"Feature","id":"22052","geometry":{"type":"Point","coordinates":[34.78748,32.11246]},"properties":{"n":"סופר יודה","c":"shopping","s":"tlv","a":"אינשטיין"}},{"type":"Feature","id":"22056","geometry":{"type":"Point","coordinates":[34.82392,32.12286]},"properties":{"n":"NG BURGER","c":"restaurant","s":"tlv","a":"בני אפרים"}},{"type":"Feature","id":"22065","geometry":{"type":"Point","coordinates":[34.78353,32.09111]},"properties":{"n":"אריק עיצוב שיער","c":"wellness","s":"tlv","a":"מרים החשמונאית"}},{"type":"Feature","id":"22069","geometry":{"type":"Point","coordinates":[34.78911,32.12933]},"properties":{"n":"טוסטריה קפה","c":"cafe","s":"tlv","a":"2040"}},{"type":"Feature","id":"22073","geometry":{"type":"Point","coordinates":[34.78173,32.08616]},"properties":{"n":"סופר זול בן גוריון","c":"supermarket","s":"tlv","a":"אבן גבירול"}},{"type":"Feature","id":"22075","geometry":{"type":"Point","coordinates":[34.77495,32.09378]},"properties":{"n":"חי שושן","c":"wellness","s":"tlv","a":"בן יהודה"}},{"type":"Feature","id":"22085","geometry":{"type":"Point","coordinates":[34.79678,32.11249]},"properties":{"n":"שוקולד lionidas","c":"shopping","s":"tlv","a":"אינשטיין"}},{"type":"Feature","id":"22089","geometry":{"type":"Point","coordinates":[34.77416,32.09]},"properties":{"n":"מנדל משקאות","c":"shopping","s":"tlv","a":"בן יהודה"}},{"type":"Feature","id":"22095","geometry":{"type":"Point","coordinates":[34.7839,32.09416]},"properties":{"n":"הקולה בעיר כיכר מילאנו","c":"supermarket","s":"tlv","a":"יהודה המכבי"}},{"type":"Feature","id":"22118","geometry":{"type":"Point","coordinates":[34.79155,32.10198]},"properties":{"n":"דה ביוטי לאונג","c":"wellness","s":"tlv","a":"מאוריציו ויטלה"}},{"type":"Feature","id":"22119","geometry":{"type":"Point","coordinates":[34.79083,32.09042]},"properties":{"n":"כוורת -ויצמן 60","c":"shopping","s":"tlv","a":"ויצמן"}},{"type":"Feature","id":"2212","geometry":{"type":"Point","coordinates":[34.77784,32.09073]},"properties":{"n":"מכולת- באבא בזל","c":"supermarket","s":"tlv","a":"סוקולוב"}},{"type":"Feature","id":"22122","geometry":{"type":"Point","coordinates":[34.80872,32.10425]},"properties":{"n":"ביתן 2","c":"shopping","s":"tlv","a":"רוקח ישראל"}},{"type":"Feature","id":"22136","geometry":{"type":"Point","coordinates":[34.80224,32.11594]},"properties":{"n":"טעם הגליל","c":"supermarket","s":"tlv","a":"אוניברסיטת ת\"א"}},{"type":"Feature","id":"22140","geometry":{"type":"Point","coordinates":[34.78302,32.0907]},"properties":{"n":"טיב טעם רשתות בע\"מ","c":"supermarket","s":"tlv+osm","a":"אבן גבירול"}},{"type":"Feature","id":"22150","geometry":{"type":"Point","coordinates":[34.7914,32.08681]},"properties":{"n":"מספרת עמיר מזרחי","c":"wellness","s":"tlv","a":"הא באייר"}},{"type":"Feature","id":"22181","geometry":{"type":"Point","coordinates":[34.82392,32.12286]},"properties":{"n":"לילו","c":"restaurant","s":"tlv","a":"בני אפרים"}},{"type":"Feature","id":"22187","geometry":{"type":"Point","coordinates":[34.77586,32.0915]},"properties":{"n":"style 9k","c":"wellness","s":"tlv","a":"דיזנגוף"}},{"type":"Feature","id":"22191","geometry":{"type":"Point","coordinates":[34.80379,32.11174]},"properties":{"n":"מסעדת דגים","c":"restaurant","s":"tlv","a":"אוניברסיטת ת\"א"}},{"type":"Feature","id":"22201","geometry":{"type":"Point","coordinates":[34.7879,32.10024]},"properties":{"n":"טעם הפרי","c":"supermarket","s":"tlv","a":"יערי מאיר"}},{"type":"Feature","id":"22204","geometry":{"type":"Point","coordinates":[34.81651,32.12288]},"properties":{"n":"סנדרה רוזן - ניילס פלוס","c":"wellness","s":"tlv","a":"בקר אהרון"}},{"type":"Feature","id":"22223","geometry":{"type":"Point","coordinates":[34.78727,32.11363]},"properties":{"n":"קפה שטרייכמן","c":"restaurant","s":"tlv","a":"שטרייכמן יחזקאל"}},{"type":"Feature","id":"22224","geometry":{"type":"Point","coordinates":[34.77456,32.09138]},"properties":{"n":"פדיקור רפואי","c":"wellness","s":"tlv","a":"בן יהודה"}},{"type":"Feature","id":"22230","geometry":{"type":"Point","coordinates":[34.77517,32.09684]},"properties":{"n":"פנטסטיק","c":"restaurant","s":"tlv","a":"צידון"}},{"type":"Feature","id":"22616","geometry":{"type":"Point","coordinates":[34.79026,32.10813]},"properties":{"n":"ארן","c":"kindergarten","s":"tlv","a":"בורלא יהודה 25"}},{"type":"Feature","id":"2271","geometry":{"type":"Point","coordinates":[34.78638,32.08722]},"properties":{"n":"פ.א.ר פירות וירקות","c":"supermarket","s":"tlv","a":"ז'בוטינסקי"}},{"type":"Feature","id":"23","geometry":{"type":"Point","coordinates":[34.78204,32.08664]},"properties":{"n":"ארלוזורוב","c":"lrt_station","s":"tlv","e":"ent_8bf9c8b33058162353bfff72","p":"place/arlozorov-light-rail/","f":1}},{"type":"Feature","id":"2308","geometry":{"type":"Point","coordinates":[34.77416,32.09005]},"properties":{"n":"מרכז הצפון","c":"pharmacy","s":"tlv","a":"בן יהודה"}},{"type":"Feature","id":"2311","geometry":{"type":"Point","coordinates":[34.82143,32.11865]},"properties":{"n":"תומר","c":"kindergarten","s":"tlv","a":"למדן יצחק 7"}},{"type":"Feature","id":"2311","geometry":{"type":"Point","coordinates":[34.82143,32.11865]},"properties":{"n":"דקלה","c":"kindergarten","s":"tlv","a":"למדן יצחק 7"}},{"type":"Feature","id":"23150","geometry":{"type":"Point","coordinates":[34.79343,32.08677]},"properties":{"n":"טבת","c":"kindergarten","s":"tlv","a":"גלוסקין 3"}},{"type":"Feature","id":"234","geometry":{"type":"Point","coordinates":[34.80265,32.11998]},"properties":{"n":"מינימרקט ברכה","c":"shopping","s":"tlv","a":"מניה וישראל"}},{"type":"Feature","id":"23556","geometry":{"type":"Point","coordinates":[34.80028,32.12592]},"properties":{"n":"רם","c":"kindergarten","s":"tlv","a":"ברון עקיבא 4"}},{"type":"Feature","id":"24059","geometry":{"type":"Point","coordinates":[34.79119,32.11425]},"properties":{"n":"חופית","c":"kindergarten","s":"tlv","a":"פרלוק משה 3"}},{"type":"Feature","id":"2410","geometry":{"type":"Point","coordinates":[34.77674,32.09557]},"properties":{"n":"דליה","c":"kindergarten","s":"tlv","a":"דיזנגוף 316"}},{"type":"Feature","id":"2410","geometry":{"type":"Point","coordinates":[34.77674,32.09557]},"properties":{"n":"לוטם","c":"kindergarten","s":"tlv","a":"דיזנגוף 316"}},{"type":"Feature","id":"24414","geometry":{"type":"Point","coordinates":[34.77422,32.09165]},"properties":{"n":"אגדות","c":"kindergarten","s":"tlv","a":"בן יהודה 193"}},{"type":"Feature","id":"24414","geometry":{"type":"Point","coordinates":[34.77422,32.09165]},"properties":{"n":"שירים","c":"kindergarten","s":"tlv","a":"בן יהודה 193"}},{"type":"Feature","id":"24414","geometry":{"type":"Point","coordinates":[34.77422,32.09165]},"properties":{"n":"סיפורים","c":"kindergarten","s":"tlv","a":"בן יהודה 193"}},{"type":"Feature","id":"24414","geometry":{"type":"Point","coordinates":[34.77422,32.09165]},"properties":{"n":"מילים","c":"kindergarten","s":"tlv","a":"בן יהודה 193"}},{"type":"Feature","id":"24414","geometry":{"type":"Point","coordinates":[34.77422,32.09165]},"properties":{"n":"אותיות","c":"kindergarten","s":"tlv","a":"בן יהודה 193"}},{"type":"Feature","id":"24414","geometry":{"type":"Point","coordinates":[34.77422,32.09165]},"properties":{"n":"צלילים","c":"kindergarten","s":"tlv","a":"בן יהודה 193"}},{"type":"Feature","id":"24414","geometry":{"type":"Point","coordinates":[34.77422,32.09165]},"properties":{"n":"מנגינות","c":"kindergarten","s":"tlv","a":"בן יהודה 193"}},{"type":"Feature","id":"24414","geometry":{"type":"Point","coordinates":[34.77422,32.09165]},"properties":{"n":"חרוזים","c":"kindergarten","s":"tlv","a":"בן יהודה 193"}},{"type":"Feature","id":"24414","geometry":{"type":"Point","coordinates":[34.77422,32.09165]},"properties":{"n":"תווים","c":"kindergarten","s":"tlv","a":"בן יהודה 193"}},{"type":"Feature","id":"24659","geometry":{"type":"Point","coordinates":[34.79212,32.10307]},"properties":{"n":"סמינר הקיבוצים/ש''י עגנון","c":"transit_stop","s":"tlv","a":"ש''י עגנון"}},{"type":"Feature","id":"2473","geometry":{"type":"Point","coordinates":[34.78638,32.08722]},"properties":{"n":"סופר סוייט","c":"shopping","s":"tlv","a":"ז'בוטינסקי"}},{"type":"Feature","id":"25","geometry":{"type":"Point","coordinates":[34.77472,32.09193]},"properties":{"n":"ניני האצ'י","c":"restaurant","s":"tlv","a":"בן יהודה"}},{"type":"Feature","id":"2505","geometry":{"type":"Point","coordinates":[34.79139,32.09374]},"properties":{"n":"פרש","c":"restaurant","s":"tlv","a":"יהודה המכבי"}},{"type":"Feature","id":"2565","geometry":{"type":"Point","coordinates":[34.78047,32.0899]},"properties":{"n":"בית חם לכלב ולחתול","c":"shopping","s":"tlv","a":"בזל"}},{"type":"Feature","id":"2567","geometry":{"type":"Point","coordinates":[34.79576,32.11904]},"properties":{"n":"ליס פרחים","c":"shopping","s":"tlv","a":"לויטן יצחק"}},{"type":"Feature","id":"257","geometry":{"type":"Point","coordinates":[34.82505,32.11539]},"properties":{"n":"אשכול גיל - כלנית","c":"kindergarten","s":"tlv","a":"רוזן פנחס 69"}},{"type":"Feature","id":"257","geometry":{"type":"Point","coordinates":[34.82505,32.11539]},"properties":{"n":"אשכול גיל - נרקיס","c":"kindergarten","s":"tlv","a":"רוזן פנחס 69"}},{"type":"Feature","id":"257","geometry":{"type":"Point","coordinates":[34.82505,32.11539]},"properties":{"n":"אשכול גיל - חרצית","c":"kindergarten","s":"tlv","a":"רוזן פנחס 69"}},{"type":"Feature","id":"257","geometry":{"type":"Point","coordinates":[34.82505,32.11539]},"properties":{"n":"אשכול גיל - צבעוני","c":"kindergarten","s":"tlv","a":"רוזן פנחס 69"}},{"type":"Feature","id":"257","geometry":{"type":"Point","coordinates":[34.82505,32.11539]},"properties":{"n":"אשכול גיל - תורמוס","c":"kindergarten","s":"tlv","a":"רוזן פנחס 69"}},{"type":"Feature","id":"26","geometry":{"type":"Point","coordinates":[34.81105,32.10354]},"properties":{"n":"גני יהושע","c":"lrt_station","s":"tlv","e":"ent_a45e07c4c6583d0e73e10389","p":"place/ganei-yehoshua-light-rail/","f":1}},{"type":"Feature","id":"26112","geometry":{"type":"Point","coordinates":[34.7999,32.12595]},"properties":{"n":"אילן","c":"kindergarten","s":"tlv","a":"ברון עקיבא 6"}},{"type":"Feature","id":"26112","geometry":{"type":"Point","coordinates":[34.7999,32.12595]},"properties":{"n":"ניר","c":"kindergarten","s":"tlv","a":"ברון עקיבא 6"}},{"type":"Feature","id":"26112","geometry":{"type":"Point","coordinates":[34.7999,32.12595]},"properties":{"n":"דפנה","c":"kindergarten","s":"tlv","a":"ברון עקיבא 6"}},{"type":"Feature","id":"2618","geometry":{"type":"Point","coordinates":[34.82283,32.1193]},"properties":{"n":"אספרגוס","c":"kindergarten","s":"tlv","a":"למדן יצחק 18"}},{"type":"Feature","id":"2618","geometry":{"type":"Point","coordinates":[34.82283,32.1193]},"properties":{"n":"אצבעונית","c":"kindergarten","s":"tlv","a":"למדן יצחק 18"}},{"type":"Feature","id":"26211","geometry":{"type":"Point","coordinates":[34.78549,32.11458]},"properties":{"n":"רקיע","c":"kindergarten","s":"tlv","a":"זינגר בשביס יצחק 7"}},{"type":"Feature","id":"26211","geometry":{"type":"Point","coordinates":[34.78549,32.11458]},"properties":{"n":"שחק","c":"kindergarten","s":"tlv","a":"זינגר בשביס יצחק 7"}},{"type":"Feature","id":"26211","geometry":{"type":"Point","coordinates":[34.78549,32.11458]},"properties":{"n":"שמים","c":"kindergarten","s":"tlv","a":"זינגר בשביס יצחק 7"}},{"type":"Feature","id":"26211","geometry":{"type":"Point","coordinates":[34.78549,32.11458]},"properties":{"n":"זריחה","c":"kindergarten","s":"tlv","a":"זינגר בשביס יצחק 7"}},{"type":"Feature","id":"26211","geometry":{"type":"Point","coordinates":[34.78549,32.11458]},"properties":{"n":"סהר","c":"kindergarten","s":"tlv","a":"זינגר בשביס יצחק 7"}},{"type":"Feature","id":"26310","geometry":{"type":"Point","coordinates":[34.80001,32.12338]},"properties":{"n":"תשרי","c":"kindergarten","s":"tlv","a":"בית צורי אליהו 17"}},{"type":"Feature","id":"26310","geometry":{"type":"Point","coordinates":[34.80001,32.12338]},"properties":{"n":"אסף","c":"kindergarten","s":"tlv","a":"בית צורי אליהו 17"}},{"type":"Feature","id":"26310","geometry":{"type":"Point","coordinates":[34.80001,32.12338]},"properties":{"n":"ניסן","c":"kindergarten","s":"tlv","a":"בית צורי אליהו 17"}},{"type":"Feature","id":"26310","geometry":{"type":"Point","coordinates":[34.80001,32.12338]},"properties":{"n":"עידן","c":"kindergarten","s":"tlv","a":"בית צורי אליהו 17"}},{"type":"Feature","id":"26419","geometry":{"type":"Point","coordinates":[34.80028,32.12592]},"properties":{"n":"תמוז","c":"kindergarten","s":"tlv","a":"ברון עקיבא 4"}},{"type":"Feature","id":"26617","geometry":{"type":"Point","coordinates":[34.79494,32.11573]},"properties":{"n":"רינה","c":"kindergarten","s":"tlv","a":"יהודה הנשיא 8"}},{"type":"Feature","id":"26617","geometry":{"type":"Point","coordinates":[34.79494,32.11573]},"properties":{"n":"אושר","c":"kindergarten","s":"tlv","a":"יהודה הנשיא 8"}},{"type":"Feature","id":"2668","geometry":{"type":"Point","coordinates":[34.77535,32.08795]},"properties":{"n":"קונדיטוריה גן עדן","c":"cafe","s":"tlv","a":"דיזנגוף"}},{"type":"Feature","id":"2671","geometry":{"type":"Point","coordinates":[34.77586,32.0915]},"properties":{"n":"מזנון נדב","c":"restaurant","s":"tlv","a":"דיזנגוף"}},{"type":"Feature","id":"26716","geometry":{"type":"Point","coordinates":[34.8009,32.11991]},"properties":{"n":"גשר","c":"kindergarten","s":"tlv","a":"גייגר 15"}},{"type":"Feature","id":"2672","geometry":{"type":"Point","coordinates":[34.77522,32.09361]},"properties":{"n":"ממתקיה","c":"shopping","s":"tlv","a":"בן יהודה"}},{"type":"Feature","id":"270","geometry":{"type":"Point","coordinates":[34.79389,32.13011]},"properties":{"n":"פנינים","c":"kindergarten","s":"tlv","a":"אביגור 8"}},{"type":"Feature","id":"270","geometry":{"type":"Point","coordinates":[34.80265,32.11998]},"properties":{"n":"מינימרקט ברכה","c":"supermarket","s":"tlv","a":"מניה וישראל"}},{"type":"Feature","id":"2704","geometry":{"type":"Point","coordinates":[34.77307,32.08753]},"properties":{"n":"טאבון בן יהודה","c":"cafe","s":"tlv","a":"בן יהודה"}},{"type":"Feature","id":"27110","geometry":{"type":"Point","coordinates":[34.81888,32.10984]},"properties":{"n":"הדר","c":"kindergarten","s":"tlv","a":"הדר יוסף 7"}},{"type":"Feature","id":"27110","geometry":{"type":"Point","coordinates":[34.81888,32.10984]},"properties":{"n":"פאר","c":"kindergarten","s":"tlv","a":"הדר יוסף 7"}},{"type":"Feature","id":"27110","geometry":{"type":"Point","coordinates":[34.81888,32.10984]},"properties":{"n":"תפארת","c":"kindergarten","s":"tlv","a":"הדר יוסף 7"}},{"type":"Feature","id":"27110","geometry":{"type":"Point","coordinates":[34.81888,32.10984]},"properties":{"n":"תהילה","c":"kindergarten","s":"tlv","a":"הדר יוסף 7"}},{"type":"Feature","id":"27318","geometry":{"type":"Point","coordinates":[34.79399,32.08513]},"properties":{"n":"קינמון","c":"kindergarten","s":"tlv","a":"ליסין 22"}},{"type":"Feature","id":"27318","geometry":{"type":"Point","coordinates":[34.79399,32.08513]},"properties":{"n":"לימונית","c":"kindergarten","s":"tlv","a":"ליסין 22"}},{"type":"Feature","id":"27318","geometry":{"type":"Point","coordinates":[34.79399,32.08513]},"properties":{"n":"קורנית","c":"kindergarten","s":"tlv","a":"ליסין 22"}},{"type":"Feature","id":"27318","geometry":{"type":"Point","coordinates":[34.79399,32.08513]},"properties":{"n":"ריחן","c":"kindergarten","s":"tlv","a":"ליסין 22"}},{"type":"Feature","id":"27318","geometry":{"type":"Point","coordinates":[34.79399,32.08513]},"properties":{"n":"נענע","c":"kindergarten","s":"tlv","a":"ליסין 22"}},{"type":"Feature","id":"27318","geometry":{"type":"Point","coordinates":[34.79399,32.08513]},"properties":{"n":"רוזמרין","c":"kindergarten","s":"tlv","a":"ליסין 22"}},{"type":"Feature","id":"2737","geometry":{"type":"Point","coordinates":[34.78292,32.0902]},"properties":{"n":"מספרת מצו'","c":"wellness","s":"tlv","a":"אבן גבירול"}},{"type":"Feature","id":"27383","geometry":{"type":"Point","coordinates":[34.79861,32.10606]},"properties":{"n":"ברושים","c":"kindergarten","s":"tlv","a":"גרונימן 9"}},{"type":"Feature","id":"27581","geometry":{"type":"Point","coordinates":[34.7906,32.08524]},"properties":{"n":"ענן","c":"kindergarten","s":"tlv","a":"חברה חדשה 11"}},{"type":"Feature","id":"27581","geometry":{"type":"Point","coordinates":[34.7906,32.08524]},"properties":{"n":"נשיאים","c":"kindergarten","s":"tlv","a":"חברה חדשה 11"}},{"type":"Feature","id":"28183","geometry":{"type":"Point","coordinates":[34.80586,32.12187]},"properties":{"n":"חרצית","c":"kindergarten","s":"tlv","a":"המתנדב 23"}},{"type":"Feature","id":"28183","geometry":{"type":"Point","coordinates":[34.80586,32.12187]},"properties":{"n":"דגנית","c":"kindergarten","s":"tlv","a":"המתנדב 23"}},{"type":"Feature","id":"28183","geometry":{"type":"Point","coordinates":[34.80586,32.12187]},"properties":{"n":"עירית","c":"kindergarten","s":"tlv","a":"המתנדב 23"}},{"type":"Feature","id":"2838","geometry":{"type":"Point","coordinates":[34.77568,32.09513]},"properties":{"n":"שצ'פק נולד ב-1900","c":"restaurant","s":"tlv","a":"בן יהודה"}},{"type":"Feature","id":"28514","geometry":{"type":"Point","coordinates":[34.79122,32.11696]},"properties":{"n":"גלים","c":"kindergarten","s":"tlv","a":"אקסלרוד נתן 3"}},{"type":"Feature","id":"28514","geometry":{"type":"Point","coordinates":[34.79122,32.11696]},"properties":{"n":"צבי ים","c":"kindergarten","s":"tlv","a":"אקסלרוד נתן 3"}},{"type":"Feature","id":"28514","geometry":{"type":"Point","coordinates":[34.79122,32.11696]},"properties":{"n":"כוכב ים","c":"kindergarten","s":"tlv","a":"אקסלרוד נתן 3"}},{"type":"Feature","id":"2853","geometry":{"type":"Point","coordinates":[34.77315,32.08779]},"properties":{"n":"מילניום 2000","c":"shopping","s":"tlv","a":"בן יהודה"}},{"type":"Feature","id":"2890","geometry":{"type":"Point","coordinates":[34.78517,32.09395]},"properties":{"n":"מספרת אורן ברנס","c":"wellness","s":"tlv","a":"יהודה המכבי"}},{"type":"Feature","id":"2894","geometry":{"type":"Point","coordinates":[34.78165,32.08571]},"properties":{"n":"מתוק מתחת לבית","c":"shopping","s":"tlv","a":"אבן גבירול"}},{"type":"Feature","id":"28959","geometry":{"type":"Point","coordinates":[34.79746,32.11883]},"properties":{"n":"כותנה","c":"kindergarten","s":"tlv","a":"לויטן יצחק 5"}},{"type":"Feature","id":"29","geometry":{"type":"Point","coordinates":[34.81838,32.10911]},"properties":{"n":"האטליז","c":"shopping","s":"tlv","a":"הדר יוסף"}},{"type":"Feature","id":"2906","geometry":{"type":"Point","coordinates":[34.77397,32.09045]},"properties":{"n":"טיב טעם רשתות בע\"מ","c":"supermarket","s":"tlv","a":"בן יהודה"}},{"type":"Feature","id":"291","geometry":{"type":"Point","coordinates":[34.77436,32.09071]},"properties":{"n":"משקאות חינאויי","c":"shopping","s":"tlv","a":"בן יהודה"}},{"type":"Feature","id":"2915","geometry":{"type":"Point","coordinates":[34.79401,32.09296]},"properties":{"n":"בשמת","c":"kindergarten","s":"tlv","a":"צירלסון 6"}},{"type":"Feature","id":"2915","geometry":{"type":"Point","coordinates":[34.79401,32.09296]},"properties":{"n":"יקינתון","c":"kindergarten","s":"tlv","a":"צירלסון 6"}},{"type":"Feature","id":"29215","geometry":{"type":"Point","coordinates":[34.79715,32.12021]},"properties":{"n":"עופר","c":"kindergarten","s":"tlv","a":"ד\"ר צ'רטוק שמשון 6"}},{"type":"Feature","id":"29215","geometry":{"type":"Point","coordinates":[34.79715,32.12021]},"properties":{"n":"עמית","c":"kindergarten","s":"tlv","a":"ד\"ר צ'רטוק שמשון 6"}},{"type":"Feature","id":"29215","geometry":{"type":"Point","coordinates":[34.79715,32.12021]},"properties":{"n":"ליבנה","c":"kindergarten","s":"tlv","a":"ד\"ר צ'רטוק שמשון 6"}},{"type":"Feature","id":"29215","geometry":{"type":"Point","coordinates":[34.79715,32.12021]},"properties":{"n":"גיטרה","c":"kindergarten","s":"tlv","a":"ד\"ר צ'רטוק שמשון 6"}},{"type":"Feature","id":"29215","geometry":{"type":"Point","coordinates":[34.79715,32.12021]},"properties":{"n":"פסנתר","c":"kindergarten","s":"tlv","a":"ד\"ר צ'רטוק שמשון 6"}},{"type":"Feature","id":"2932","geometry":{"type":"Point","coordinates":[34.77368,32.08838]},"properties":{"n":"אבי מור יוסף","c":"wellness","s":"tlv","a":"בן יהודה"}},{"type":"Feature","id":"29336","geometry":{"type":"Point","coordinates":[34.7922,32.1117]},"properties":{"n":"דרך נמיר/אינשטיין","c":"transit_stop","s":"tlv","a":"דרך נמיר 173"}},{"type":"Feature","id":"29339","geometry":{"type":"Point","coordinates":[34.79266,32.10396]},"properties":{"n":"סמינר הקיבוצים/דרך נמיר","c":"transit_stop","s":"tlv","a":"דרך נמיר"}},{"type":"Feature","id":"29340","geometry":{"type":"Point","coordinates":[34.79278,32.11325]},"properties":{"n":"דרך נמיר/אינשטיין","c":"transit_stop","s":"tlv","a":"דרך נמיר"}},{"type":"Feature","id":"29349","geometry":{"type":"Point","coordinates":[34.79417,32.12212]},"properties":{"n":"דרך נמיר/שד' קק''ל","c":"transit_stop","s":"tlv","a":"דרך נמיר"}},{"type":"Feature","id":"29373","geometry":{"type":"Point","coordinates":[34.79638,32.13282]},"properties":{"n":"קריית החינוך/דרך נמיר","c":"transit_stop","s":"tlv","a":"דרך נמיר"}},{"type":"Feature","id":"29377","geometry":{"type":"Point","coordinates":[34.79659,32.12247]},"properties":{"n":"שד' קק''ל/שלמה בן יוסף","c":"transit_stop","s":"tlv","a":"שדרות קרן קיימת לישראל 7"}},{"type":"Feature","id":"29398","geometry":{"type":"Point","coordinates":[34.80742,32.11336]},"properties":{"n":"אוניברסיטת ת''א/מוזיאון הטבע","c":"transit_stop","s":"tlv","a":"קלאוזנר"}},{"type":"Feature","id":"29399","geometry":{"type":"Point","coordinates":[34.80746,32.11401]},"properties":{"n":"אוניברסיטת ת''א/מוזיאון הטבע","c":"transit_stop","s":"tlv","a":"קלאוזנר"}},{"type":"Feature","id":"29447","geometry":{"type":"Point","coordinates":[34.82491,32.12163]},"properties":{"n":"משה סנה/צה''ל","c":"transit_stop","s":"tlv","a":"משה סנה"}},{"type":"Feature","id":"29452","geometry":{"type":"Point","coordinates":[34.77947,32.09878]},"properties":{"n":"מסוף רדינג/רציפים","c":"transit_stop","s":"tlv","a":"מסוף רידינג"}},{"type":"Feature","id":"29455","geometry":{"type":"Point","coordinates":[34.79479,32.09378]},"properties":{"n":"דרך נמיר/הרב הרצוג","c":"transit_stop","s":"tlv","a":"דרך נמיר 110"}},{"type":"Feature","id":"29478","geometry":{"type":"Point","coordinates":[34.79454,32.09378]},"properties":{"n":"דרך נמיר/יהודה המכבי","c":"transit_stop","s":"tlv","a":"דרך נמיר 111"}},{"type":"Feature","id":"29479","geometry":{"type":"Point","coordinates":[34.79501,32.08527]},"properties":{"n":"דרך נמיר/ז'בוטינסקי","c":"transit_stop","s":"tlv","a":"דרך נמיר 55"}},{"type":"Feature","id":"295","geometry":{"type":"Point","coordinates":[34.7839,32.09416]},"properties":{"n":"דוידס סיגרים","c":"shopping","s":"tlv","a":"יהודה המכבי"}},{"type":"Feature","id":"29568","geometry":{"type":"Point","coordinates":[34.80596,32.11739]},"properties":{"n":"ביה''ס לרפואה/קלצ'קין","c":"transit_stop","s":"tlv","a":"קלצ'קין"}},{"type":"Feature","id":"2964","geometry":{"type":"Point","coordinates":[34.81884,32.10923]},"properties":{"n":"סוף העולם","c":"shopping","s":"tlv","a":"הדר יוסף"}},{"type":"Feature","id":"29681","geometry":{"type":"Point","coordinates":[34.79849,32.11301]},"properties":{"n":"אינשטיין/ברודצקי","c":"transit_stop","s":"tlv","a":"איינשטיין 58"}},{"type":"Feature","id":"29710","geometry":{"type":"Point","coordinates":[34.78581,32.1009]},"properties":{"n":"בננה","c":"kindergarten","s":"tlv","a":"קובנר אבא 16"}},{"type":"Feature","id":"29710","geometry":{"type":"Point","coordinates":[34.78581,32.1009]},"properties":{"n":"תות","c":"kindergarten","s":"tlv","a":"קובנר אבא 16"}},{"type":"Feature","id":"29710","geometry":{"type":"Point","coordinates":[34.78581,32.1009]},"properties":{"n":"הדרים","c":"kindergarten","s":"tlv","a":"קובנר אבא 16"}},{"type":"Feature","id":"29710","geometry":{"type":"Point","coordinates":[34.78581,32.1009]},"properties":{"n":"שקמים","c":"kindergarten","s":"tlv","a":"קובנר אבא 16"}},{"type":"Feature","id":"29710","geometry":{"type":"Point","coordinates":[34.78581,32.1009]},"properties":{"n":"חופש","c":"kindergarten","s":"tlv","a":"קובנר אבא 16"}},{"type":"Feature","id":"29710","geometry":{"type":"Point","coordinates":[34.78581,32.1009]},"properties":{"n":"חירות","c":"kindergarten","s":"tlv","a":"קובנר אבא 16"}},{"type":"Feature","id":"29710","geometry":{"type":"Point","coordinates":[34.78581,32.1009]},"properties":{"n":"דובדבן","c":"kindergarten","s":"tlv","a":"קובנר אבא 16"}},{"type":"Feature","id":"29710","geometry":{"type":"Point","coordinates":[34.78581,32.1009]},"properties":{"n":"דובשנית","c":"kindergarten","s":"tlv","a":"קובנר אבא 16"}},{"type":"Feature","id":"2973","geometry":{"type":"Point","coordinates":[34.783,32.09276]},"properties":{"n":"שביט יבוא יצוא בע\"מ","c":"shopping","s":"tlv","a":"אבן גבירול"}},{"type":"Feature","id":"29751","geometry":{"type":"Point","coordinates":[34.79389,32.13011]},"properties":{"n":"אורה","c":"kindergarten","s":"tlv","a":"אביגור 8"}},{"type":"Feature","id":"29785","geometry":{"type":"Point","coordinates":[34.77677,32.08803]},"properties":{"n":"עדי","c":"kindergarten","s":"tlv","a":"לוי יצחק 24"}},{"type":"Feature","id":"29785","geometry":{"type":"Point","coordinates":[34.77677,32.08803]},"properties":{"n":"אמבר","c":"kindergarten","s":"tlv","a":"לוי יצחק 24"}},{"type":"Feature","id":"29785","geometry":{"type":"Point","coordinates":[34.77677,32.08803]},"properties":{"n":"יהלום","c":"kindergarten","s":"tlv","a":"לוי יצחק 24"}},{"type":"Feature","id":"29785","geometry":{"type":"Point","coordinates":[34.77677,32.08803]},"properties":{"n":"רביד","c":"kindergarten","s":"tlv","a":"לוי יצחק 24"}},{"type":"Feature","id":"29819","geometry":{"type":"Point","coordinates":[34.79437,32.12612]},"properties":{"n":"אמיר","c":"kindergarten","s":"tlv","a":"רוזנבלום יאיר 13"}},{"type":"Feature","id":"29819","geometry":{"type":"Point","coordinates":[34.79437,32.12612]},"properties":{"n":"ברית","c":"kindergarten","s":"tlv","a":"רוזנבלום יאיר 13"}},{"type":"Feature","id":"29819","geometry":{"type":"Point","coordinates":[34.79437,32.12612]},"properties":{"n":"גזית","c":"kindergarten","s":"tlv","a":"רוזנבלום יאיר 13"}},{"type":"Feature","id":"29819","geometry":{"type":"Point","coordinates":[34.79437,32.12612]},"properties":{"n":"הדסים","c":"kindergarten","s":"tlv","a":"רוזנבלום יאיר 13"}},{"type":"Feature","id":"29850","geometry":{"type":"Point","coordinates":[34.79805,32.09287]},"properties":{"n":"מנדרין","c":"kindergarten","s":"tlv","a":"פעמוני יוסף 15"}},{"type":"Feature","id":"29884","geometry":{"type":"Point","coordinates":[34.7998,32.09374]},"properties":{"n":"עפיפון","c":"kindergarten","s":"tlv","a":"בבלי 4"}},{"type":"Feature","id":"29884","geometry":{"type":"Point","coordinates":[34.7998,32.09374]},"properties":{"n":"כדור","c":"kindergarten","s":"tlv","a":"בבלי 4"}},{"type":"Feature","id":"29884","geometry":{"type":"Point","coordinates":[34.7998,32.09374]},"properties":{"n":"קוביות","c":"kindergarten","s":"tlv","a":"בבלי 4"}},{"type":"Feature","id":"29884","geometry":{"type":"Point","coordinates":[34.7998,32.09374]},"properties":{"n":"מחבואים","c":"kindergarten","s":"tlv","a":"בבלי 4"}},{"type":"Feature","id":"29884","geometry":{"type":"Point","coordinates":[34.7998,32.09374]},"properties":{"n":"תופסת","c":"kindergarten","s":"tlv","a":"בבלי 4"}},{"type":"Feature","id":"29884","geometry":{"type":"Point","coordinates":[34.7998,32.09374]},"properties":{"n":"צבעים","c":"kindergarten","s":"tlv","a":"בבלי 4"}},{"type":"Feature","id":"3","geometry":{"type":"Point","coordinates":[34.77152,32.09405]},"properties":{"n":"מתקן כדורעף חופים","c":"sport","s":"tlv","a":"חבקוק"}},{"type":"Feature","id":"30007","geometry":{"type":"Point","coordinates":[34.79026,32.10813]},"properties":{"n":"ארן","c":"school","s":"tlv","a":"בורלא יהודה 25","e":"ent_c7c5df84a97b65a68a6dfa00","p":"place/school-30007/"}},{"type":"Feature","id":"30015","geometry":{"type":"Point","coordinates":[34.78481,32.08854]},"properties":{"n":"ארנון","c":"school","s":"tlv","a":"ילין דוד 11","e":"ent_b54298e99739e509b3ed18f4","p":"place/school-30015/"}},{"type":"Feature","id":"30020","geometry":{"type":"Point","coordinates":[34.78888,32.08727]},"properties":{"n":"כיכר המדינה","c":"school","s":"tlv","a":"הא באייר 75","e":"ent_6a7197760f21a205403f5a94","p":"place/school-30020/"}},{"type":"Feature","id":"30023","geometry":{"type":"Point","coordinates":[34.79427,32.12564]},"properties":{"n":"צוקי אביב","c":"school","s":"tlv","a":"רוזנבלום יאיר 11","e":"ent_0c13e16f9074247b933e0a59","p":"place/school-30023/"}},{"type":"Feature","id":"30031","geometry":{"type":"Point","coordinates":[34.78638,32.10147]},"properties":{"n":"כוכב הצפון","c":"school","s":"tlv+osm","a":"קובנר אבא 19","e":"ent_00907ee65d1ec6c48e47688a","p":"place/school-30031/"}},{"type":"Feature","id":"30049","geometry":{"type":"Point","coordinates":[34.7847,32.09257]},"properties":{"n":"יהודה המכבי","c":"school","s":"tlv","a":"אנטיגונוס 6","e":"ent_7940416a3e0f3487de1ce6d9","p":"place/school-30049/"}},{"type":"Feature","id":"30064","geometry":{"type":"Point","coordinates":[34.78535,32.11363]},"properties":{"n":"נופי ים","c":"school","s":"tlv","a":"זינגר בשביס יצחק 3","e":"ent_594856d6012f9cbeca42660a","p":"place/school-30064/"}},{"type":"Feature","id":"30098","geometry":{"type":"Point","coordinates":[34.7816,32.08898]},"properties":{"n":"הר נבו","c":"school","s":"tlv","a":"הר נבו 4","e":"ent_1d40350a601eb95479a9b675","p":"place/school-30098/"}},{"type":"Feature","id":"30106","geometry":{"type":"Point","coordinates":[34.79894,32.10642]},"properties":{"n":"אילנות","c":"school","s":"tlv+osm","a":"גרונימן 11","e":"ent_f026b3f9952431069b0c2050","p":"place/school-30106/"}},{"type":"Feature","id":"30122","geometry":{"type":"Point","coordinates":[34.7981,32.11903]},"properties":{"n":"ארזים","c":"school","s":"tlv","a":"לויטן יצחק 7","e":"ent_6a954ed172fb1411c916cda9","p":"place/school-30122/"}},{"type":"Feature","id":"30130","geometry":{"type":"Point","coordinates":[34.79758,32.11456]},"properties":{"n":"ניצנים","c":"school","s":"tlv","a":"אנדרסן 22","e":"ent_e70827149315f58f331246d4","p":"place/school-30130/"}},{"type":"Feature","id":"30148","geometry":{"type":"Point","coordinates":[34.8018,32.12793]},"properties":{"n":"רמת אביב ג","c":"school","s":"tlv","a":"פיינשטיין מאיר 83","e":"ent_b1f3208e062dc8a7677ce26b","p":"place/school-30148/"}},{"type":"Feature","id":"30171","geometry":{"type":"Point","coordinates":[34.80072,32.12204]},"properties":{"n":"בית צורי","c":"school","s":"tlv+osm","a":"בית צורי אליהו 20","e":"ent_d9cb937abd5f0e459ff854d5","p":"place/school-30171/"}},{"type":"Feature","id":"30190","geometry":{"type":"Point","coordinates":[34.79736,32.08827]},"properties":{"n":"המשותף- יפה ירקוני","c":"school","s":"tlv","a":"אלוני ניסים 8","e":"ent_f3f2f57d9a076c8fdef5476c","p":"place/school-30190/"}},{"type":"Feature","id":"30205","geometry":{"type":"Point","coordinates":[34.81337,32.11792]},"properties":{"n":"אלחריזי","c":"school","s":"tlv+osm","a":"מגדל שרשן 17","e":"ent_276f9141aa842f26bda48ac3","p":"place/school-30205/"}},{"type":"Feature","id":"30213","geometry":{"type":"Point","coordinates":[34.81939,32.11151]},"properties":{"n":"דוד ילין","c":"school","s":"tlv","a":"קהילת ורשה 12","e":"ent_158166769b681df8b67578b1","p":"place/school-30213/"}},{"type":"Feature","id":"30221","geometry":{"type":"Point","coordinates":[34.81461,32.11285]},"properties":{"n":"מגן","c":"school","s":"tlv","a":"קדש ברנע 4","e":"ent_58a874d0e12fba7552b91cd8","p":"place/school-30221/"}},{"type":"Feature","id":"30239","geometry":{"type":"Point","coordinates":[34.81709,32.12227]},"properties":{"n":"נעמי שמר","c":"school","s":"tlv+osm","a":"בקר אהרון 10","e":"ent_0d0cf722fe5a9f98a3397404","p":"place/school-30239/"}},{"type":"Feature","id":"30247","geometry":{"type":"Point","coordinates":[34.79564,32.10977]},"properties":{"n":"אלונים","c":"school","s":"tlv","a":"רדינג 47","e":"ent_38bbf04ea56f17e24cb383a1","p":"place/school-30247/"}},{"type":"Feature","id":"3029","geometry":{"type":"Point","coordinates":[34.78306,32.08741]},"properties":{"n":"ניו ורגו","c":"shopping","s":"tlv","a":"אבן גבירול"}},{"type":"Feature","id":"303","geometry":{"type":"Point","coordinates":[34.77365,32.0897]},"properties":{"n":"שמירז Schmearz","c":"restaurant","s":"tlv","a":"ז'בוטינסקי"}},{"type":"Feature","id":"30403","geometry":{"type":"Point","coordinates":[34.78164,32.09476]},"properties":{"n":"אוסישקין","c":"school","s":"tlv+osm","a":"שמעון התרסי 31","e":"ent_028f9216e8ff98af1b8e9c9d","p":"place/school-30403/"}},{"type":"Feature","id":"30502","geometry":{"type":"Point","coordinates":[34.77336,32.09206]},"properties":{"n":"גורדון","c":"school","s":"tlv+osm","a":"הירקון 248","e":"ent_561ae5285b70109451ebd0d8","p":"place/school-30502/"}},{"type":"Feature","id":"30510","geometry":{"type":"Point","coordinates":[34.77693,32.08505]},"properties":{"n":"גרץ","c":"school","s":"tlv","a":"אד\"ם הכהן 5","e":"ent_caf67d0a6ceab5baf9247316","p":"place/school-30510/"}},{"type":"Feature","id":"306","geometry":{"type":"Point","coordinates":[34.77418,32.09116]},"properties":{"n":"אצל מיכה","c":"restaurant","s":"tlv","a":"בן יהודה"}},{"type":"Feature","id":"30601","geometry":{"type":"Point","coordinates":[34.79632,32.09561]},"properties":{"n":"בבלי-ירושלמי","c":"school","s":"tlv","a":"אונקלוס 8","e":"ent_6ed0b037d4a2cfcba044b122","p":"place/school-30601/"}},{"type":"Feature","id":"30700","geometry":{"type":"Point","coordinates":[34.78845,32.08989]},"properties":{"n":"אהבת ציון","c":"school","s":"tlv","a":"כהנשטם 16","e":"ent_e8ccc9c3db914625cfef44b8","p":"place/school-30700/"}},{"type":"Feature","id":"3073","geometry":{"type":"Point","coordinates":[34.77433,32.09598]},"properties":{"n":"Vshop","c":"supermarket","s":"tlv","a":"הירקון"}},{"type":"Feature","id":"3074","geometry":{"type":"Point","coordinates":[34.77286,32.0857]},"properties":{"n":"יוסי שמאי","c":"wellness","s":"tlv","a":"בן יהודה"}},{"type":"Feature","id":"3091","geometry":{"type":"Point","coordinates":[34.77679,32.09449]},"properties":{"n":"fu","c":"restaurant","s":"tlv","a":"דיזנגוף"}},{"type":"Feature","id":"3110","geometry":{"type":"Point","coordinates":[34.77553,32.08852]},"properties":{"n":"מספרת רמי","c":"wellness","s":"tlv","a":"דיזנגוף"}},{"type":"Feature","id":"3111","geometry":{"type":"Point","coordinates":[34.79122,32.10455]},"properties":{"n":"קרן","c":"kindergarten","s":"tlv","a":"בורלא יהודה 2"}},{"type":"Feature","id":"3111","geometry":{"type":"Point","coordinates":[34.79122,32.10455]},"properties":{"n":"תו","c":"kindergarten","s":"tlv","a":"בורלא יהודה 2"}},{"type":"Feature","id":"3111","geometry":{"type":"Point","coordinates":[34.79122,32.10455]},"properties":{"n":"סול","c":"kindergarten","s":"tlv","a":"בורלא יהודה 2"}},{"type":"Feature","id":"31112","geometry":{"type":"Point","coordinates":[34.79169,32.11729]},"properties":{"n":"אביב","c":"school","s":"tlv","a":"אקסלרוד נתן 5","e":"ent_b32f294a4fa31d63478559f8","p":"place/school-31112/"}},{"type":"Feature","id":"3116","geometry":{"type":"Point","coordinates":[34.7785,32.09504]},"properties":{"n":"סופר יודה","c":"shopping","s":"tlv","a":"ישעיהו"}},{"type":"Feature","id":"3127","geometry":{"type":"Point","coordinates":[34.77525,32.08754]},"properties":{"n":"אזולאי","c":"wellness","s":"tlv","a":"דיזנגוף"}},{"type":"Feature","id":"3168","geometry":{"type":"Point","coordinates":[34.78264,32.09067]},"properties":{"n":"גלידה קוקו","c":"restaurant","s":"tlv","a":"אבן גבירול"}},{"type":"Feature","id":"3171","geometry":{"type":"Point","coordinates":[34.77496,32.08586]},"properties":{"n":"רובע","c":"cafe","s":"tlv","a":"יודפת"}},{"type":"Feature","id":"31920","geometry":{"type":"Point","coordinates":[34.80046,32.0947]},"properties":{"n":"בבלי ירושלמי - סניף","c":"school","s":"tlv","a":"הרב ניסים 17","e":"ent_fba52699e2dc65b048672f22","p":"place/school-31920/"}},{"type":"Feature","id":"3202","geometry":{"type":"Point","coordinates":[34.77315,32.08779]},"properties":{"n":"קיוסק לאון","c":"shopping","s":"tlv","a":"בן יהודה"}},{"type":"Feature","id":"32052","geometry":{"type":"Point","coordinates":[34.79342,32.10808]},"properties":{"n":"אלומות","c":"school","s":"tlv","a":"רדינג 35","e":"ent_cafad2686f86d82d2d132cd9","p":"place/school-32052/"}},{"type":"Feature","id":"324","geometry":{"type":"Point","coordinates":[34.79576,32.11904]},"properties":{"n":"בית טבע נווה אביבים","c":"wellness","s":"tlv","a":"לויטן יצחק"}},{"type":"Feature","id":"32409","geometry":{"type":"Point","coordinates":[34.78887,32.09522]},"properties":{"n":"מירון","c":"school","s":"tlv+osm","a":"שלומציון המלכה 65","e":"ent_055d23554dfa61dcf34de18a","p":"place/school-32409/"}},{"type":"Feature","id":"3269","geometry":{"type":"Point","coordinates":[34.7824,32.08935]},"properties":{"n":"מפגש הנמרים","c":"shopping","s":"tlv","a":"אבן גבירול"}},{"type":"Feature","id":"3285","geometry":{"type":"Point","coordinates":[34.7743,32.0897]},"properties":{"n":"חיים זיו","c":"wellness","s":"tlv","a":"בן יהודה"}},{"type":"Feature","id":"3344","geometry":{"type":"Point","coordinates":[34.78219,32.08833]},"properties":{"n":"מאפיית לחמים","c":"restaurant","s":"tlv","a":"אבן גבירול"}},{"type":"Feature","id":"33818","geometry":{"type":"Point","coordinates":[34.79478,32.1315]},"properties":{"n":"תיכון עמוס עוז/שושנה פרסיץ","c":"transit_stop","s":"tlv","a":"שושנה פרסיץ"}},{"type":"Feature","id":"33819","geometry":{"type":"Point","coordinates":[34.79385,32.13142]},"properties":{"n":"תיכון עמוס עוז/שושנה פרסיץ","c":"transit_stop","s":"tlv","a":"שושנה פרסיץ"}},{"type":"Feature","id":"34165","geometry":{"type":"Point","coordinates":[34.79384,32.08871]},"properties":{"n":"בית הילד","c":"school","s":"tlv","a":"אהבת ציון 22","e":"ent_8fd88b884c3ebba544be366f","p":"place/school-34165/"}},{"type":"Feature","id":"34173","geometry":{"type":"Point","coordinates":[34.78707,32.08548]},"properties":{"n":"יסודי התורה ב","c":"school","s":"tlv","a":"חדרה 2","e":"ent_36f46cd79e6853850269f9ce","p":"place/school-34173/"}},{"type":"Feature","id":"3445","geometry":{"type":"Point","coordinates":[34.82004,32.10831]},"properties":{"n":"ביוטיק 107","c":"wellness","s":"tlv","a":"קהילת ורשה"}},{"type":"Feature","id":"3461","geometry":{"type":"Point","coordinates":[34.78292,32.0902]},"properties":{"n":"מעדנית ורדה","c":"shopping","s":"tlv","a":"אבן גבירול"}},{"type":"Feature","id":"35030","geometry":{"type":"Point","coordinates":[34.80434,32.12759]},"properties":{"n":"ברושים","c":"school","s":"tlv","a":"דרזנר יחיאל 3","e":"ent_335c13b8bcdbb08ed0057e25","p":"place/school-35030/"}},{"type":"Feature","id":"3510","geometry":{"type":"Point","coordinates":[34.79127,32.09398]},"properties":{"n":"מור סמגה","c":"wellness","s":"tlv","a":"יהודה המכבי"}},{"type":"Feature","id":"35105","geometry":{"type":"Point","coordinates":[34.81201,32.11337]},"properties":{"n":"ונצואלה קלישר","c":"school","s":"tlv","a":"רפידים 27","e":"ent_da0b4f7d997fea1536abbbe5","p":"place/school-35105/"}},{"type":"Feature","id":"35113","geometry":{"type":"Point","coordinates":[34.79492,32.11543]},"properties":{"n":"יחדיו","c":"school","s":"tlv","a":"יהודה הנשיא 6","e":"ent_511ff283073043779c67448a","p":"place/school-35113/"}},{"type":"Feature","id":"35170","geometry":{"type":"Point","coordinates":[34.7953,32.13247]},"properties":{"n":"מצדה","c":"school","s":"tlv","a":"פרסיץ שושנה 7","e":"ent_1a8ac584b7552bb591293747","p":"place/school-35170/"}},{"type":"Feature","id":"35451","geometry":{"type":"Point","coordinates":[34.79398,32.13284]},"properties":{"n":"הצרי","c":"school","s":"tlv","a":"פרסיץ שושנה 3","e":"ent_ad3df16321ae4beabd664a82","p":"place/school-35451/"}},{"type":"Feature","id":"3548","geometry":{"type":"Point","coordinates":[34.77368,32.08838]},"properties":{"n":"לה- גטרי","c":"shopping","s":"tlv","a":"בן יהודה"}},{"type":"Feature","id":"35568","geometry":{"type":"Point","coordinates":[34.82458,32.10714]},"properties":{"n":"גיל","c":"school","s":"tlv","a":"אש שלום 28","e":"ent_58d61788fc1f9c89a2531c2d","p":"place/school-35568/"}},{"type":"Feature","id":"3557","geometry":{"type":"Point","coordinates":[34.78227,32.08874]},"properties":{"n":"אל פרסונה","c":"wellness","s":"tlv","a":"אבן גבירול"}},{"type":"Feature","id":"35580","geometry":{"type":"Point","coordinates":[34.80824,32.09358]},"properties":{"n":"מרחב","c":"school","s":"tlv","a":"קוסובסקי 75","e":"ent_280508bbb5de34d1b3a02ef3","p":"place/school-35580/"}},{"type":"Feature","id":"3567","geometry":{"type":"Point","coordinates":[34.78826,32.09357]},"properties":{"n":"אורי בייקרי השקעות בע\"מ","c":"restaurant","s":"tlv","a":"שטריקר"}},{"type":"Feature","id":"3576","geometry":{"type":"Point","coordinates":[34.78521,32.0918]},"properties":{"n":"גיא מרקט","c":"supermarket","s":"tlv","a":"מרשל לואי"}},{"type":"Feature","id":"3587","geometry":{"type":"Point","coordinates":[34.79079,32.09395]},"properties":{"n":"סופרפלייס עסקים בע\"מ","c":"shopping","s":"tlv","a":"יהודה המכבי"}},{"type":"Feature","id":"3604","geometry":{"type":"Point","coordinates":[34.78259,32.08851]},"properties":{"n":"בבאנג בנג","c":"restaurant","s":"tlv","a":"אבן גבירול"}},{"type":"Feature","id":"3616","geometry":{"type":"Point","coordinates":[34.79741,32.1078]},"properties":{"n":"AM:PM","c":"supermarket","s":"tlv+osm","a":"ברודצקי","w":"https://www.ampm.co.il/"}},{"type":"Feature","id":"3658","geometry":{"type":"Point","coordinates":[34.77559,32.09026]},"properties":{"n":"מיצולוגיה","c":"shopping","s":"tlv","a":"דיזנגוף"}},{"type":"Feature","id":"367","geometry":{"type":"Point","coordinates":[34.79842,32.10774]},"properties":{"n":"מפגש שירי","c":"shopping","s":"tlv","a":"ברודצקי"}},{"type":"Feature","id":"37","geometry":{"type":"Point","coordinates":[34.77844,32.10441]},"properties":{"n":"סיאיפי מבוא חורון בע\"מ","c":"restaurant","s":"tlv","a":"זאבי רחבעם (גנדי)"}},{"type":"Feature","id":"3733","geometry":{"type":"Point","coordinates":[34.80651,32.12267]},"properties":{"n":"קואופ הרבוע הכחול","c":"supermarket","s":"tlv","a":"חי\"ש"}},{"type":"Feature","id":"37360","geometry":{"type":"Point","coordinates":[34.8045,32.10352]},"properties":{"n":"תל אביב האוניברסיטה - אקספו","c":"transit_stop","s":"tlv","a":"תחנת רכבת האוניברסיטה"}},{"type":"Feature","id":"3743","geometry":{"type":"Point","coordinates":[34.78299,32.09056]},"properties":{"n":"מנציז","c":"shopping","s":"tlv","a":"אבן גבירול"}},{"type":"Feature","id":"3745","geometry":{"type":"Point","coordinates":[34.80651,32.12267]},"properties":{"n":"קואופ הרבוע הכחול","c":"shopping","s":"tlv","a":"חי\"ש"}},{"type":"Feature","id":"3778","geometry":{"type":"Point","coordinates":[34.78632,32.08713]},"properties":{"n":"דלאל","c":"supermarket","s":"tlv","a":"רמז דוד"}},{"type":"Feature","id":"37905","geometry":{"type":"Point","coordinates":[34.77168,32.08893]},"properties":{"n":"תחנת מוניות תל אביב הירקון","c":"transit_stop","s":"tlv","a":"הירקון"}},{"type":"Feature","id":"3794","geometry":{"type":"Point","coordinates":[34.77725,32.08653]},"properties":{"n":"אילן רובין","c":"wellness","s":"tlv","a":"סוקולוב"}},{"type":"Feature","id":"38009","geometry":{"type":"Point","coordinates":[34.80365,32.09595]},"properties":{"n":"תחנת מוניות תל אביב שכונת בבלי","c":"transit_stop","s":"tlv","a":"הרב קוסובסקי 71"}},{"type":"Feature","id":"38015","geometry":{"type":"Point","coordinates":[34.77828,32.09861]},"properties":{"n":"תחנת מוניות תל אביב מסוף רדינג","c":"transit_stop","s":"tlv","a":"מסוף רידינג"}},{"type":"Feature","id":"3840","geometry":{"type":"Point","coordinates":[34.78296,32.09041]},"properties":{"n":"יוסי דיין מפגש הווינרים","c":"cafe","s":"tlv","a":"אבן גבירול"}},{"type":"Feature","id":"3868","geometry":{"type":"Point","coordinates":[34.7915,32.094]},"properties":{"n":"הבוטקה","c":"shopping","s":"tlv","a":"יהודה המכבי"}},{"type":"Feature","id":"3871","geometry":{"type":"Point","coordinates":[34.78153,32.08511]},"properties":{"n":"בוטינקה","c":"shopping","s":"tlv","a":"אבן גבירול"}},{"type":"Feature","id":"3885","geometry":{"type":"Point","coordinates":[34.79583,32.10353]},"properties":{"n":"הבריכה הלימודית","c":"sport","s":"tlv","a":"לבנון חיים"}},{"type":"Feature","id":"39045","geometry":{"type":"Point","coordinates":[34.80528,32.1033]},"properties":{"n":"ת. רכבת האוניברסיטה/מזרח","c":"transit_stop","s":"tlv","a":"תחנת רכבת האוניברסיטה"}},{"type":"Feature","id":"39046","geometry":{"type":"Point","coordinates":[34.78929,32.101]},"properties":{"n":"שדרות לוי אשכול/כיכר מאיר יערי","c":"transit_stop","s":"tlv","a":"שדרות לוי אשכול"}},{"type":"Feature","id":"396","geometry":{"type":"Point","coordinates":[34.78333,32.09446]},"properties":{"n":"אס אנד אם","c":"shopping","s":"tlv","a":"אבן גבירול"}},{"type":"Feature","id":"3968","geometry":{"type":"Point","coordinates":[34.77397,32.0894]},"properties":{"n":"פרופסור ביס","c":"shopping","s":"tlv","a":"בן יהודה"}},{"type":"Feature","id":"397","geometry":{"type":"Point","coordinates":[34.81925,32.1128]},"properties":{"n":"מעדנית קארין","c":"shopping","s":"tlv","a":"קהילת ורשה"}},{"type":"Feature","id":"3988","geometry":{"type":"Point","coordinates":[34.82219,32.1103]},"properties":{"n":"שוארמה יפו","c":"restaurant","s":"tlv","a":"קהילת ורשה"}},{"type":"Feature","id":"3999","geometry":{"type":"Point","coordinates":[34.78572,32.08992]},"properties":{"n":"מספרת אילונה","c":"wellness","s":"tlv","a":"מוזר יעקב"}},{"type":"Feature","id":"4000","geometry":{"type":"Point","coordinates":[34.77468,32.08656]},"properties":{"n":"בוסט","c":"cafe","s":"tlv","a":"דיזנגוף"}},{"type":"Feature","id":"40006","geometry":{"type":"Point","coordinates":[34.79398,32.13284]},"properties":{"n":"תיכונט-חט\"ב","c":"school","s":"tlv","a":"פרסיץ שושנה 3","e":"ent_ead95f4960226fba706ddbcc","p":"place/school-40006/"}},{"type":"Feature","id":"40010","geometry":{"type":"Point","coordinates":[34.79736,32.08827]},"properties":{"n":"צמרות - חט\"ב","c":"school","s":"tlv","a":"אלוני ניסים 8","e":"ent_8408fece85c52c8d2c533210","p":"place/school-40010/"}},{"type":"Feature","id":"40020","geometry":{"type":"Point","coordinates":[34.81767,32.12153]},"properties":{"n":"יצחק שמיר חט\"ב","c":"school","s":"tlv","a":"צוויג סטפן 7","e":"ent_59825f22d6633aacda51d5ac","p":"place/school-40020/"}},{"type":"Feature","id":"40055","geometry":{"type":"Point","coordinates":[34.79548,32.1074]},"properties":{"n":"אליאנס כי\"ח - חט\"ב","c":"school","s":"tlv","a":"רדינג 26","e":"ent_6e5a709c46f8efdf59db6f22","p":"place/school-40055/"}},{"type":"Feature","id":"40105","geometry":{"type":"Point","coordinates":[34.81799,32.11659]},"properties":{"n":"לידי דייויס חט\"ב","c":"school","s":"tlv","a":"בני אפרים 226","e":"ent_a680699b9a96afa5f184a65c","p":"place/school-40105/"}},{"type":"Feature","id":"403","geometry":{"type":"Point","coordinates":[34.78033,32.08966]},"properties":{"n":"לליפופ","c":"shopping","s":"tlv","a":"בזל"}},{"type":"Feature","id":"40303","geometry":{"type":"Point","coordinates":[34.79193,32.09526]},"properties":{"n":"עירוני ד - חט\"ב","c":"school","s":"tlv","a":"ועידת קטוביץ 47","e":"ent_ddf41eafb31a24a899b0c285","p":"place/school-40303/"}},{"type":"Feature","id":"40352","geometry":{"type":"Point","coordinates":[34.78551,32.08722]},"properties":{"n":"גמנסיה הרצליה-חט\"ב","c":"school","s":"tlv","a":"ז'בוטינסקי 106","e":"ent_ed0ef9052d4540fd45980621","p":"place/school-40352/"}},{"type":"Feature","id":"40360","geometry":{"type":"Point","coordinates":[34.79514,32.08962]},"properties":{"n":"תיכון חדש - חט\"ב","c":"school","s":"tlv","a":"נמיר מרדכי 81","e":"ent_407ae747daee76aaa2616b0a","p":"place/school-40360/"}},{"type":"Feature","id":"40402","geometry":{"type":"Point","coordinates":[34.77533,32.09548]},"properties":{"n":"עירוני ה - חט\"ב","c":"school","s":"tlv","a":"בן יהודה 227","e":"ent_1ad367e5f474fcfeca94c97a","p":"place/school-40402/"}},{"type":"Feature","id":"4042","geometry":{"type":"Point","coordinates":[34.78287,32.08992]},"properties":{"n":"פיצוציית אדם","c":"shopping","s":"tlv","a":"אבן גבירול"}},{"type":"Feature","id":"40450","geometry":{"type":"Point","coordinates":[34.78888,32.08727]},"properties":{"n":"מאיר שלו - חט\"ב","c":"school","s":"tlv","a":"הא באייר 75","e":"ent_42eadac3b43a3ae396726604","p":"place/school-40450/"}},{"type":"Feature","id":"40990","geometry":{"type":"Point","coordinates":[34.78681,32.11807]},"properties":{"n":"עירוני כ\"ד - עמוס עוז חט\"ב","c":"school","s":"tlv","a":"שאגאל מארק 2","e":"ent_c31d5fcf1c67dd244f8888f3","p":"place/school-40990/"}},{"type":"Feature","id":"4119","geometry":{"type":"Point","coordinates":[34.81145,32.12422]},"properties":{"n":"סחלב","c":"kindergarten","s":"tlv","a":"פן אלכסנדר 19"}},{"type":"Feature","id":"41228","geometry":{"type":"Point","coordinates":[34.7954,32.13339]},"properties":{"n":"פלך תל אביב - חטיבת ביניים","c":"school","s":"tlv","a":"פרסיץ שושנה 9","e":"ent_f8be73e088cd233a6479fc6e","p":"place/school-41228/"}},{"type":"Feature","id":"4137","geometry":{"type":"Point","coordinates":[34.7765,32.09434]},"properties":{"n":"נעם הפרי","c":"supermarket","s":"tlv","a":"דיזנגוף"}},{"type":"Feature","id":"4148","geometry":{"type":"Point","coordinates":[34.7931,32.10682]},"properties":{"n":"הנסיכה","c":"wellness","s":"tlv","a":"שמעוני דוד"}},{"type":"Feature","id":"4165","geometry":{"type":"Point","coordinates":[34.77329,32.08826]},"properties":{"n":"מספרה פריזאית שלמה","c":"wellness","s":"tlv","a":"בן יהודה"}},{"type":"Feature","id":"4182","geometry":{"type":"Point","coordinates":[34.78543,32.08903]},"properties":{"n":"מיני מרקט עמית","c":"supermarket","s":"tlv","a":"מוזר יעקב"}},{"type":"Feature","id":"4220","geometry":{"type":"Point","coordinates":[34.79741,32.1078]},"properties":{"n":"ביתא קפה","c":"restaurant","s":"tlv","a":"ברודצקי"}},{"type":"Feature","id":"42469","geometry":{"type":"Point","coordinates":[34.80838,32.1231]},"properties":{"n":"בית הלוחם/שמואל ברקאי","c":"transit_stop","s":"tlv","a":"שמואל ברקאי 33"}},{"type":"Feature","id":"4249","geometry":{"type":"Point","coordinates":[34.78047,32.0909]},"properties":{"n":"פיצוחי אריה","c":"shopping","s":"tlv","a":"אשתורי הפרחי"}},{"type":"Feature","id":"4268","geometry":{"type":"Point","coordinates":[34.78304,32.09296]},"properties":{"n":"סלון יוליה- אבן גבירול","c":"wellness","s":"tlv","a":"אבן גבירול"}},{"type":"Feature","id":"42707","geometry":{"type":"Point","coordinates":[34.79873,32.08522]},"properties":{"n":"יעקב דורי/דרך מנחם בגין","c":"transit_stop","s":"tlv"}},{"type":"Feature","id":"42857","geometry":{"type":"Point","coordinates":[34.8152,32.12345]},"properties":{"n":"אהרון בקר/מרדכי מאיר","c":"transit_stop","s":"tlv","a":"אהרון בקר 4"}},{"type":"Feature","id":"4296","geometry":{"type":"Point","coordinates":[34.78153,32.08511]},"properties":{"n":"ברוך סער","c":"wellness","s":"tlv","a":"אבן גבירול"}},{"type":"Feature","id":"4310","geometry":{"type":"Point","coordinates":[34.77995,32.09093]},"properties":{"n":"צפון לה טיגרה בע\"מ","c":"restaurant","s":"tlv","a":"אלקלעי"}},{"type":"Feature","id":"4319","geometry":{"type":"Point","coordinates":[34.79345,32.09409]},"properties":{"n":"בריו 66","c":"restaurant","s":"tlv","a":"יהודה המכבי"}},{"type":"Feature","id":"43265","geometry":{"type":"Point","coordinates":[34.79306,32.12888]},"properties":{"n":"תחנת מוניות תל אביב אזורי חן","c":"transit_stop","s":"tlv","a":"אורי צבי גרינברג 2"}},{"type":"Feature","id":"43266","geometry":{"type":"Point","coordinates":[34.79265,32.1293]},"properties":{"n":"תחנת מוניות תל אביב אזורי חן","c":"transit_stop","s":"tlv","a":"אורי צבי גרינברג"}},{"type":"Feature","id":"43651","geometry":{"type":"Point","coordinates":[34.79106,32.09096]},"properties":{"n":"בית החייל/פנקס","c":"transit_stop","s":"tlv","a":"פנקס 58"}},{"type":"Feature","id":"43652","geometry":{"type":"Point","coordinates":[34.79081,32.08767]},"properties":{"n":"כיכר המדינה/אריה עקיבא","c":"transit_stop","s":"tlv","a":"ה' באייר 52"}},{"type":"Feature","id":"4371","geometry":{"type":"Point","coordinates":[34.79945,32.11352]},"properties":{"n":"לוקאל","c":"restaurant","s":"tlv","a":"אינשטיין"}},{"type":"Feature","id":"442","geometry":{"type":"Point","coordinates":[34.79747,32.11735]},"properties":{"n":"שופרסל בע\"מ","c":"supermarket","s":"tlv+osm","a":"טאגור רבינדרנת","w":"https://www.shufersal.co.il"}},{"type":"Feature","id":"44452","geometry":{"type":"Point","coordinates":[34.79961,32.11822]},"properties":{"n":"טאגור/אופנהיימר","c":"transit_stop","s":"tlv","a":"טאגור 51"}},{"type":"Feature","id":"44453","geometry":{"type":"Point","coordinates":[34.79642,32.1171]},"properties":{"n":"טאגור/אריה פסטרנק","c":"transit_stop","s":"tlv","a":"טאגור 35"}},{"type":"Feature","id":"44454","geometry":{"type":"Point","coordinates":[34.79809,32.11768]},"properties":{"n":"מרכז מסחרי/טאגור","c":"transit_stop","s":"tlv","a":"טאגור 42"}},{"type":"Feature","id":"44456","geometry":{"type":"Point","coordinates":[34.77748,32.08525]},"properties":{"n":"בי''ס גרץ/אד''ם הכהן","c":"transit_stop","s":"tlv","a":"אד''ם הכהן 20"}},{"type":"Feature","id":"44472","geometry":{"type":"Point","coordinates":[34.77067,32.08749]},"properties":{"n":"אליעזר פרי/ארלוזורוב","c":"transit_stop","s":"tlv","a":"אליעזר פרי 4"}},{"type":"Feature","id":"44474","geometry":{"type":"Point","coordinates":[34.77334,32.08959]},"properties":{"n":"ז'בוטינסקי/בן יהודה","c":"transit_stop","s":"tlv","a":"ז'בוטינסקי 10"}},{"type":"Feature","id":"4463","geometry":{"type":"Point","coordinates":[34.79858,32.10981]},"properties":{"n":"קפה נטו","c":"cafe","s":"tlv","a":"ברודצקי"}},{"type":"Feature","id":"44687","geometry":{"type":"Point","coordinates":[34.78462,32.09396]},"properties":{"n":"כיכר מילאנו/יהודה המכבי","c":"transit_stop","s":"tlv","a":"יהודה המכבי 5"}},{"type":"Feature","id":"4494","geometry":{"type":"Point","coordinates":[34.82084,32.12943]},"properties":{"n":"שניצל דיינרס","c":"restaurant","s":"tlv","a":"קרית שאול"}},{"type":"Feature","id":"45040","geometry":{"type":"Point","coordinates":[34.78231,32.08864]},"properties":{"n":"אבן גבירול/ז'בוטינסקי","c":"transit_stop","s":"tlv","a":"אבן גבירול 131"}},{"type":"Feature","id":"4514","geometry":{"type":"Point","coordinates":[34.79743,32.11737]},"properties":{"n":"לימור שמואל","c":"wellness","s":"tlv","a":"טאגור רבינדרנת"}},{"type":"Feature","id":"4533","geometry":{"type":"Point","coordinates":[34.82192,32.1105]},"properties":{"n":"המספרים של יוסי","c":"wellness","s":"tlv","a":"קהילת לבוב"}},{"type":"Feature","id":"4560","geometry":{"type":"Point","coordinates":[34.79149,32.09375]},"properties":{"n":"פריים פארם יהודה המכבי","c":"pharmacy","s":"tlv","a":"יהודה המכבי"}},{"type":"Feature","id":"4598","geometry":{"type":"Point","coordinates":[34.79258,32.0939]},"properties":{"n":"נקודת טבע","c":"shopping","s":"tlv","a":"יהודה המכבי"}},{"type":"Feature","id":"4607","geometry":{"type":"Point","coordinates":[34.82264,32.11037]},"properties":{"n":"האוכל של דוד","c":"cafe","s":"tlv","a":"קהילת יאסי"}},{"type":"Feature","id":"4610","geometry":{"type":"Point","coordinates":[34.77468,32.08656]},"properties":{"n":"אי אם פי אם","c":"supermarket","s":"tlv","a":"דיזנגוף"}},{"type":"Feature","id":"466","geometry":{"type":"Point","coordinates":[34.77612,32.09089]},"properties":{"n":"בראשית","c":"kindergarten","s":"tlv","a":"דיזנגוף 258"}},{"type":"Feature","id":"466","geometry":{"type":"Point","coordinates":[34.77612,32.09089]},"properties":{"n":"בריאה","c":"kindergarten","s":"tlv","a":"דיזנגוף 258"}},{"type":"Feature","id":"4664","geometry":{"type":"Point","coordinates":[34.78329,32.09429]},"properties":{"n":"חוות הזאבים","c":"shopping","s":"tlv","a":"אבן גבירול"}},{"type":"Feature","id":"46798","geometry":{"type":"Point","coordinates":[34.78098,32.09515]},"properties":{"n":"בית ספר אוסישקין","c":"transit_stop","s":"tlv","a":"אוסישקין 76"}},{"type":"Feature","id":"4686","geometry":{"type":"Point","coordinates":[34.79745,32.10701]},"properties":{"n":"יאיר שרותים","c":"shopping","s":"tlv","a":"ברודצקי"}},{"type":"Feature","id":"4713","geometry":{"type":"Point","coordinates":[34.82098,32.12287]},"properties":{"n":"ענבר","c":"kindergarten","s":"tlv","a":"מרידור יעקב 16"}},{"type":"Feature","id":"4713","geometry":{"type":"Point","coordinates":[34.82098,32.12287]},"properties":{"n":"סיון","c":"kindergarten","s":"tlv","a":"מרידור יעקב 16"}},{"type":"Feature","id":"4723","geometry":{"type":"Point","coordinates":[34.82004,32.10831]},"properties":{"n":"ביוטק 107","c":"wellness","s":"tlv","a":"קהילת ורשה"}},{"type":"Feature","id":"4728","geometry":{"type":"Point","coordinates":[34.81838,32.10911]},"properties":{"n":"הכוך","c":"shopping","s":"tlv","a":"הדר יוסף"}},{"type":"Feature","id":"47416","geometry":{"type":"Point","coordinates":[34.7861,32.0872]},"properties":{"n":"גימנסיה הרצליה/רמז","c":"transit_stop","s":"tlv","a":"רמז 13"}},{"type":"Feature","id":"4751","geometry":{"type":"Point","coordinates":[34.79491,32.11421]},"properties":{"n":"מיני אביב","c":"supermarket","s":"tlv","a":"ברגסון"}},{"type":"Feature","id":"4755","geometry":{"type":"Point","coordinates":[34.77873,32.08615]},"properties":{"n":"הבסטה שוק בעיר","c":"supermarket","s":"tlv","a":"ארלוזורוב"}},{"type":"Feature","id":"4805","geometry":{"type":"Point","coordinates":[34.77513,32.09327]},"properties":{"n":"אלונה ניילס","c":"wellness","s":"tlv","a":"בן יהודה"}},{"type":"Feature","id":"4812","geometry":{"type":"Point","coordinates":[34.80004,32.09372]},"properties":{"n":"יהל","c":"kindergarten","s":"tlv","a":"בבלי 2"}},{"type":"Feature","id":"4815","geometry":{"type":"Point","coordinates":[34.77888,32.08985]},"properties":{"n":"מרקטו מעדנים בע\"מ","c":"shopping","s":"tlv","a":"בזל"}},{"type":"Feature","id":"4817","geometry":{"type":"Point","coordinates":[34.79161,32.09402]},"properties":{"n":"קפה 67","c":"restaurant","s":"tlv","a":"יהודה המכבי"}},{"type":"Feature","id":"48564","geometry":{"type":"Point","coordinates":[34.79019,32.11669]},"properties":{"n":"שדרות לוי אשכול/מארק שאגאל","c":"transit_stop","s":"tlv","a":"שדרות לוי אשכול 61"}},{"type":"Feature","id":"486","geometry":{"type":"Point","coordinates":[34.79681,32.11161]},"properties":{"n":"שופרסל בע\"מ","c":"shopping","s":"tlv","a":"ברזיל"}},{"type":"Feature","id":"48719","geometry":{"type":"Point","coordinates":[34.79063,32.11743]},"properties":{"n":"שדרות לוי אשכול/מארק שאגאל","c":"transit_stop","s":"tlv","a":"שדרות לוי אשכול 102"}},{"type":"Feature","id":"4876","geometry":{"type":"Point","coordinates":[34.77066,32.08922]},"properties":{"n":"הילטון - מזנון הלובי","c":"restaurant","s":"tlv","a":"הירקון"}},{"type":"Feature","id":"4888","geometry":{"type":"Point","coordinates":[34.79805,32.09287]},"properties":{"n":"קלרינט","c":"kindergarten","s":"tlv","a":"פעמוני יוסף 15"}},{"type":"Feature","id":"489","geometry":{"type":"Point","coordinates":[34.77511,32.09471]},"properties":{"n":"מרכוליטה בע\"מ","c":"cafe","s":"tlv","a":"ירמיהו הנביא"}},{"type":"Feature","id":"49","geometry":{"type":"Point","coordinates":[34.77068,32.09342]},"properties":{"n":"מתקן כדורעף חופים","c":"sport","s":"tlv"}},{"type":"Feature","id":"491","geometry":{"type":"Point","coordinates":[34.80028,32.12592]},"properties":{"n":"ביכורים","c":"kindergarten","s":"tlv","a":"ברון עקיבא 4"}},{"type":"Feature","id":"491","geometry":{"type":"Point","coordinates":[34.77644,32.09238]},"properties":{"n":"קפה קיוסק","c":"restaurant","s":"tlv","a":"נורדאו"}},{"type":"Feature","id":"4911","geometry":{"type":"Point","coordinates":[34.79775,32.09471]},"properties":{"n":"ילדי האור","c":"kindergarten","s":"tlv","a":"בבלי 25"}},{"type":"Feature","id":"4932","geometry":{"type":"Point","coordinates":[34.78302,32.0907]},"properties":{"n":"קרנף אבן גבירול","c":"restaurant","s":"tlv+osm","a":"אבן גבירול"}},{"type":"Feature","id":"49477","geometry":{"type":"Point","coordinates":[34.79238,32.1337]},"properties":{"n":"2040/שושנה פרסיץ","c":"transit_stop","s":"tlv","a":"2433"}},{"type":"Feature","id":"49478","geometry":{"type":"Point","coordinates":[34.7966,32.13452]},"properties":{"n":"המכללה למנהל/שושנה פרסיץ","c":"transit_stop","s":"tlv","a":"שושנה פרסיץ"}},{"type":"Feature","id":"49481","geometry":{"type":"Point","coordinates":[34.79128,32.13209]},"properties":{"n":"2040/שושנה פרסיץ","c":"transit_stop","s":"tlv","a":"2433"}},{"type":"Feature","id":"4967","geometry":{"type":"Point","coordinates":[34.79339,32.09397]},"properties":{"n":"דלי קואסו","c":"shopping","s":"tlv","a":"יהודה המכבי"}},{"type":"Feature","id":"4974","geometry":{"type":"Point","coordinates":[34.78051,32.09106]},"properties":{"n":"\"הצגה שניה\"","c":"shopping","s":"tlv","a":"אשתורי הפרחי"}},{"type":"Feature","id":"4991","geometry":{"type":"Point","coordinates":[34.77515,32.09991]},"properties":{"n":"גלידת מונטנה","c":"cafe","s":"tlv","a":"יריד המזרח"}},{"type":"Feature","id":"4997","geometry":{"type":"Point","coordinates":[34.81205,32.10482]},"properties":{"n":"ברגר קינג - מנטה","c":"restaurant","s":"tlv","a":"רוקח ישראל"}},{"type":"Feature","id":"49981","geometry":{"type":"Point","coordinates":[34.80535,32.10718]},"properties":{"n":"ד''ר ג'ורג' וייז/שלום רוזנפלד","c":"transit_stop","s":"tlv","a":"ד''ר ג'ורג' וייז"}},{"type":"Feature","id":"50013","geometry":{"type":"Point","coordinates":[34.79075,32.09237]},"properties":{"n":"עירוני ד","c":"school","s":"tlv","a":"ויצמן 74","e":"ent_fe8540ce4262cb9b2d4decd5","p":"place/school-50013/"}},{"type":"Feature","id":"50021","geometry":{"type":"Point","coordinates":[34.77533,32.09548]},"properties":{"n":"עירוני ה","c":"school","s":"tlv+osm","a":"בן יהודה 227","e":"ent_fa1125b21f748e2387016d02","p":"place/school-50021/"}},{"type":"Feature","id":"50062","geometry":{"type":"Point","coordinates":[34.79398,32.13284]},"properties":{"n":"תיכונט-תיכון","c":"school","s":"tlv","a":"פרסיץ שושנה 3","e":"ent_3841aee375fbcdd6324f2c57","p":"place/school-50062/"}},{"type":"Feature","id":"5009","geometry":{"type":"Point","coordinates":[34.79806,32.1055]},"properties":{"n":"קפה בגרונימן","c":"restaurant","s":"tlv","a":"גרונימן"}},{"type":"Feature","id":"50343","geometry":{"type":"Point","coordinates":[34.79227,32.13234]},"properties":{"n":"אבן גבירול/שושנה פרסיץ","c":"transit_stop","s":"tlv","a":"אבן גבירול"}},{"type":"Feature","id":"50344","geometry":{"type":"Point","coordinates":[34.78906,32.12422]},"properties":{"n":"אבן גבירול/צבי פרופס","c":"transit_stop","s":"tlv","a":"אבן גבירול"}},{"type":"Feature","id":"50345","geometry":{"type":"Point","coordinates":[34.79245,32.13188]},"properties":{"n":"שושנה פרסיץ/אבן גבירול","c":"transit_stop","s":"tlv","a":"שושנה פרסיץ"}},{"type":"Feature","id":"50348","geometry":{"type":"Point","coordinates":[34.78987,32.1272]},"properties":{"n":"אבן גבירול/2040","c":"transit_stop","s":"tlv","a":"אבן גבירול"}},{"type":"Feature","id":"50353","geometry":{"type":"Point","coordinates":[34.79169,32.13179]},"properties":{"n":"אבן גבירול/שושנה פרסיץ","c":"transit_stop","s":"tlv","a":"אבן גבירול"}},{"type":"Feature","id":"50354","geometry":{"type":"Point","coordinates":[34.79048,32.12781]},"properties":{"n":"אבן גבירול/2040","c":"transit_stop","s":"tlv","a":"אבן גבירול"}},{"type":"Feature","id":"50355","geometry":{"type":"Point","coordinates":[34.78944,32.12343]},"properties":{"n":"צבי פרופס/אבן גבירול","c":"transit_stop","s":"tlv","a":"צבי פרופס"}},{"type":"Feature","id":"5045","geometry":{"type":"Point","coordinates":[34.77066,32.08922]},"properties":{"n":"הילטון- חדר עסקים","c":"cafe","s":"tlv","a":"הירקון"}},{"type":"Feature","id":"5051","geometry":{"type":"Point","coordinates":[34.77818,32.0949]},"properties":{"n":"עוף בגריל","c":"shopping","s":"tlv","a":"ירמיהו הנביא"}},{"type":"Feature","id":"50534","geometry":{"type":"Point","coordinates":[34.7954,32.13339]},"properties":{"n":"פלך תל אביב - תיכון","c":"school","s":"tlv","a":"פרסיץ שושנה 9","e":"ent_a602f5275369e3f2ccda9fe3","p":"place/school-50534/"}},{"type":"Feature","id":"51000","geometry":{"type":"Point","coordinates":[34.79736,32.08827]},"properties":{"n":"ביה\"ס צמרות - תיכון","c":"school","s":"tlv","a":"אלוני ניסים 8","e":"ent_ae2178a7a8efd3a4b4040e0e","p":"place/school-51000/"}},{"type":"Feature","id":"51040","geometry":{"type":"Point","coordinates":[34.81767,32.12153]},"properties":{"n":"יצחק שמיר תיכון","c":"school","s":"tlv","a":"צוויג סטפן 7","e":"ent_5ea73fc7112fca743f8bb5d9","p":"place/school-51040/"}},{"type":"Feature","id":"51060","geometry":{"type":"Point","coordinates":[34.78782,32.09337]},"properties":{"n":"עירוני יא מחט","c":"school","s":"tlv","a":"שטריקר 19","e":"ent_ae388164899c116175c7248e","p":"place/school-51060/"}},{"type":"Feature","id":"5111","geometry":{"type":"Point","coordinates":[34.82192,32.1105]},"properties":{"n":"הפירות של שלום יפה","c":"supermarket","s":"tlv","a":"קהילת לבוב"}},{"type":"Feature","id":"5119","geometry":{"type":"Point","coordinates":[34.80149,32.12502]},"properties":{"n":"חניוני שחר-אבא אחמאיר","c":"parking","s":"tlv","a":"אחימאיר אבא"}},{"type":"Feature","id":"5172","geometry":{"type":"Point","coordinates":[34.77066,32.08922]},"properties":{"n":"הילטון - חדר אחמ\"ים","c":"restaurant","s":"tlv","a":"הירקון"}},{"type":"Feature","id":"5176","geometry":{"type":"Point","coordinates":[34.79339,32.09397]},"properties":{"n":"זולו","c":"shopping","s":"tlv","a":"יהודה המכבי"}},{"type":"Feature","id":"52484","geometry":{"type":"Point","coordinates":[34.79691,32.11293]},"properties":{"n":"ברודצקי","c":"transit_stop","s":"tlv"}},{"type":"Feature","id":"52511","geometry":{"type":"Point","coordinates":[34.79001,32.12693]},"properties":{"n":"אזורי חן","c":"transit_stop","s":"tlv"}},{"type":"Feature","id":"52554","geometry":{"type":"Point","coordinates":[34.79901,32.09031]},"properties":{"n":"הרב שלמה גורן/פנחס ספיר","c":"transit_stop","s":"tlv"}},{"type":"Feature","id":"5259","geometry":{"type":"Point","coordinates":[34.78047,32.0899]},"properties":{"n":"קפה אשתור","c":"restaurant","s":"tlv","a":"בזל"}},{"type":"Feature","id":"5268","geometry":{"type":"Point","coordinates":[34.7909,32.09396]},"properties":{"n":"רולדין - יהודה מכבי","c":"cafe","s":"tlv","a":"יהודה המכבי"}},{"type":"Feature","id":"5271","geometry":{"type":"Point","coordinates":[34.7761,32.09537]},"properties":{"n":"נאם טאי בע\"מ","c":"restaurant","s":"tlv","a":"דיזנגוף"}},{"type":"Feature","id":"5275","geometry":{"type":"Point","coordinates":[34.79213,32.09409]},"properties":{"n":"גאיה רינר בע\"מ","c":"restaurant","s":"tlv","a":"יהודה המכבי"}},{"type":"Feature","id":"5287","geometry":{"type":"Point","coordinates":[34.77066,32.08922]},"properties":{"n":"הילטון בריכת שחייה","c":"sport","s":"tlv","a":"הירקון"}},{"type":"Feature","id":"5288","geometry":{"type":"Point","coordinates":[34.77066,32.08922]},"properties":{"n":"הילטון-קינג סולומון גריל","c":"restaurant","s":"tlv","a":"הירקון"}},{"type":"Feature","id":"5294","geometry":{"type":"Point","coordinates":[34.77066,32.08922]},"properties":{"n":"אמיר אליהו מספרה","c":"wellness","s":"tlv","a":"הירקון"}},{"type":"Feature","id":"53","geometry":{"type":"Point","coordinates":[34.77362,32.09767]},"properties":{"n":"מרינה ת\"א","c":"sport","s":"tlv","a":"אליעזר פרי"}},{"type":"Feature","id":"5327","geometry":{"type":"Point","coordinates":[34.79717,32.09645]},"properties":{"n":"מספרת דניאל","c":"wellness","s":"tlv","a":"סנהדרין"}},{"type":"Feature","id":"5332","geometry":{"type":"Point","coordinates":[34.79807,32.09499]},"properties":{"n":"קוקיס","c":"shopping","s":"tlv","a":"הרצוג"}},{"type":"Feature","id":"5341","geometry":{"type":"Point","coordinates":[34.78383,32.0953]},"properties":{"n":"אל וסינו בע\"מ","c":"restaurant","s":"tlv","a":"אבן גבירול"}},{"type":"Feature","id":"5355","geometry":{"type":"Point","coordinates":[34.78254,32.09015]},"properties":{"n":"מספרת תדמית","c":"wellness","s":"tlv","a":"אבן גבירול"}},{"type":"Feature","id":"5358","geometry":{"type":"Point","coordinates":[34.77329,32.08826]},"properties":{"n":"קוהי","c":"restaurant","s":"tlv","a":"בן יהודה"}},{"type":"Feature","id":"5389","geometry":{"type":"Point","coordinates":[34.79491,32.11421]},"properties":{"n":"המקום של מאיה","c":"supermarket","s":"tlv","a":"ברגסון"}},{"type":"Feature","id":"5390","geometry":{"type":"Point","coordinates":[34.78213,32.08795]},"properties":{"n":"פלאפל אבי","c":"restaurant","s":"tlv","a":"אבן גבירול"}},{"type":"Feature","id":"5444","geometry":{"type":"Point","coordinates":[34.78459,32.09532]},"properties":{"n":"טנא","c":"kindergarten","s":"tlv","a":"בני דן 6"}},{"type":"Feature","id":"5444","geometry":{"type":"Point","coordinates":[34.78459,32.09532]},"properties":{"n":"אדמה","c":"kindergarten","s":"tlv","a":"בני דן 6"}},{"type":"Feature","id":"5467","geometry":{"type":"Point","coordinates":[34.78231,32.08706]},"properties":{"n":"שופרסל בע\"מ","c":"supermarket","s":"tlv","a":"אבן גבירול"}},{"type":"Feature","id":"55","geometry":{"type":"Point","coordinates":[34.77935,32.09687]},"properties":{"n":"ירקון - מרכז דניאל לחתירה","c":"sport","s":"tlv","a":"רוקח"}},{"type":"Feature","id":"5508","geometry":{"type":"Point","coordinates":[34.77893,32.08581]},"properties":{"n":"איזי קפה","c":"restaurant","s":"tlv","a":"ארלוזורוב"}},{"type":"Feature","id":"553-1","geometry":{"type":"Point","coordinates":[34.82214,32.10799]},"properties":{"n":"מרכז קהילתי בית פרנקפורט","c":"community","s":"tlv","a":"קיציס יוסף 23","w":"http://www.tel-aviv.gov.il/Residents/CommunityAndSports/Pages/BeitFrankfurt.aspx","e":"ent_9ce0eb04d016516f5ab462e3","p":"place/community-553-1/"}},{"type":"Feature","id":"553-12","geometry":{"type":"Point","coordinates":[34.79032,32.10922]},"properties":{"n":"'קאנטרי ל","c":"community","s":"tlv","a":"בורלא יהודה 31","w":"https://www.tel-aviv.gov.il/Residents/CommunityAndSports/Pages/CountryL.aspx?IccID=93","e":"ent_906ba324d6d26f8dc224ac97","p":"place/country-lamed/"}},{"type":"Feature","id":"553-17","geometry":{"type":"Point","coordinates":[34.80272,32.12745]},"properties":{"n":"קאנטרי ג' - רוזין","c":"community","s":"tlv","a":"דרזנר יחיאל 2","w":"https://www.tel-aviv.gov.il/Residents/CommunityAndSports/Pages/Rozin.aspx?IccID=110","e":"ent_a8560308ca8e3a2b94f31d9d","p":"place/country-ramat-aviv-gimel/"}},{"type":"Feature","id":"553-22","geometry":{"type":"Point","coordinates":[34.79934,32.09472]},"properties":{"n":"בבלי","c":"community","s":"tlv","a":"טולדנו 6","w":"http://www.tel-aviv.gov.il/Residents/CommunityAndSports/Pages/Bavly.aspx"}},{"type":"Feature","id":"553-27","geometry":{"type":"Point","coordinates":[34.79303,32.09167]},"properties":{"n":"בית יד לבנים","c":"community","s":"tlv","a":"פנקס דוד צבי 63","w":"https://www.tel-aviv.gov.il/Visitors/ArtCulture/Pages/yadlebanim.aspx"}},{"type":"Feature","id":"553-29","geometry":{"type":"Point","coordinates":[34.79698,32.11578]},"properties":{"n":"בית השחמט","c":"community","s":"tlv+osm","a":"טאגור רבינדרנת 26","w":"https://www.tel-aviv.gov.il/Residents/CommunityAndSports/Pages/ChessCenter.aspx"}},{"type":"Feature","id":"553-37","geometry":{"type":"Point","coordinates":[34.79511,32.08993]},"properties":{"n":"מרכז ספורט חדש","c":"community","s":"tlv","a":"דרך נמיר מרדכי 81","e":"ent_bb619ae3119e99c97109a244","p":"place/community-553-37/"}},{"type":"Feature","id":"553-38","geometry":{"type":"Point","coordinates":[34.79548,32.1074]},"properties":{"n":"מרכז ספורט אביב אליאנס","c":"community","s":"tlv","a":"רדינג 26","e":"ent_82349eee34060934eaefbf12","p":"place/aviv-alliance-sports-center/"}},{"type":"Feature","id":"553-39","geometry":{"type":"Point","coordinates":[34.79169,32.11738]},"properties":{"n":"מרכז הספורט ע\"ש אלון רונן","c":"community","s":"tlv","a":"אשכול לוי 94","e":"ent_ffcfe7fa556fb50da173af84","p":"place/alon-ronen-sports-center/"}},{"type":"Feature","id":"553-4","geometry":{"type":"Point","coordinates":[34.77927,32.0924]},"properties":{"n":"מגיד","c":"community","s":"tlv","a":"נורדאו 63","w":"http://www.tel-aviv.gov.il/Residents/CommunityAndSports/Pages/Magid.aspx"}},{"type":"Feature","id":"553-40","geometry":{"type":"Point","coordinates":[34.77882,32.09802]},"properties":{"n":"דניאל לחתירה","c":"community","s":"tlv","a":"שדרות רוקח ישראל 2"}},{"type":"Feature","id":"553-43","geometry":{"type":"Point","coordinates":[34.79359,32.12616]},"properties":{"n":"מרכז קהילתי צוקי אביב","c":"community","s":"tlv","a":"שמואל שניצר 6","e":"ent_357ae75ac6b885464c8bdbcf","p":"place/tzukei-aviv-community-center/"}},{"type":"Feature","id":"553-47","geometry":{"type":"Point","coordinates":[34.78278,32.11994]},"properties":{"n":"חוף הים תל ברוך","c":"community","s":"tlv","a":"חוף הים תל ברוך"}},{"type":"Feature","id":"553-48","geometry":{"type":"Point","coordinates":[34.8185,32.11406]},"properties":{"n":"מרכז הספורט הדר אפקה","c":"community","s":"tlv","a":"קהילת קייב 1","e":"ent_60aa8b50b94b82b5724b1ab5","p":"place/hadar-afeka-sports-center/"}},{"type":"Feature","id":"553-50","geometry":{"type":"Point","coordinates":[34.7687,32.08593]},"properties":{"n":"בריכת גורדון","c":"community","s":"tlv","a":"אליעזר פרי 8","w":"https://www.gordon-pool.co.il/","e":"ent_933ffe8c4170763347ebcf31","p":"place/gordon-pool/"}},{"type":"Feature","id":"553-54","geometry":{"type":"Point","coordinates":[34.79571,32.10352]},"properties":{"n":"הבריכה הלימודית","c":"community","s":"tlv","a":"חיים לבנון 7","w":"https://www.tel-aviv.gov.il/Residents/CommunityAndSports/Pages/RamatAvivPool.aspx?iccid=95","e":"ent_f05e3d82b17e4b7cf76e6576","p":"place/community-553-54/"}},{"type":"Feature","id":"553-59","geometry":{"type":"Point","coordinates":[34.80815,32.0991]},"properties":{"n":"אמפי וואהל","c":"community","s":"tlv","a":"גני יהושע"}},{"type":"Feature","id":"553-77","geometry":{"type":"Point","coordinates":[34.82366,32.11281]},"properties":{"n":"נאות אפקה","c":"community","s":"tlv","a":"קהילת סלוניקי 16","w":"https://www.tel-aviv.gov.il/Residents/CommunityAndSports/Pages/NeotAfeka.aspx?Iccid=280"}},{"type":"Feature","id":"553-78","geometry":{"type":"Point","coordinates":[34.78902,32.08726]},"properties":{"n":"מרכז קהילתי כיכר המדינה","c":"community","s":"tlv","e":"ent_48f7a379fd81a737b1f6393f","p":"place/community-553-78/"}},{"type":"Feature","id":"553-8","geometry":{"type":"Point","coordinates":[34.80117,32.10844]},"properties":{"n":"מרכז קהילתי רמת אביב","c":"community","s":"tlv","a":"לבנון חיים 37","w":"http://www.tel-aviv.gov.il/Residents/CommunityAndSports/Pages/RamatAviv.aspx","e":"ent_93e92c336c1eae068f358868","p":"place/ramat-aviv-community-center/"}},{"type":"Feature","id":"5531","geometry":{"type":"Point","coordinates":[34.79668,32.11667]},"properties":{"n":"אלגד פיצה בע\"מ","c":"restaurant","s":"tlv","a":"טאגור רבינדרנת"}},{"type":"Feature","id":"5544","geometry":{"type":"Point","coordinates":[34.79073,32.09392]},"properties":{"n":"קלאסיק","c":"restaurant","s":"tlv","a":"יהודה המכבי"}},{"type":"Feature","id":"5549","geometry":{"type":"Point","coordinates":[34.77635,32.09567]},"properties":{"n":"סקס לין","c":"shopping","s":"tlv","a":"דיזנגוף"}},{"type":"Feature","id":"5557","geometry":{"type":"Point","coordinates":[34.79086,32.10756]},"properties":{"n":"קאנטרי ל","c":"sport","s":"tlv","a":"בורלא יהודה"}},{"type":"Feature","id":"5573","geometry":{"type":"Point","coordinates":[34.77518,32.09344]},"properties":{"n":"טייקאייר ישראל בע\"מ","c":"shopping","s":"tlv","a":"בן יהודה"}},{"type":"Feature","id":"56","geometry":{"type":"Point","coordinates":[34.77734,32.09651]},"properties":{"n":"ירקון - צופי ים תל אביב","c":"sport","s":"tlv","a":"אוסישקין"}},{"type":"Feature","id":"5618","geometry":{"type":"Point","coordinates":[34.77914,32.08605]},"properties":{"n":"שופר סל בע\"מ","c":"shopping","s":"tlv","a":"ארלוזורוב"}},{"type":"Feature","id":"5627","geometry":{"type":"Point","coordinates":[34.78345,32.09108]},"properties":{"n":"The showroom bakehouse","c":"restaurant","s":"tlv+osm","a":"פנקס דוד צבי"}},{"type":"Feature","id":"563-14","geometry":{"type":"Point","coordinates":[34.80012,32.09625]},"properties":{"n":"בבלי","c":"health","s":"tlv","a":"ירושלמי 11"}},{"type":"Feature","id":"563-15","geometry":{"type":"Point","coordinates":[34.7793,32.08664]},"properties":{"n":"בן נון","c":"health","s":"tlv","a":"אמסטרדם 9"}},{"type":"Feature","id":"563-18","geometry":{"type":"Point","coordinates":[34.80148,32.12504]},"properties":{"n":"אחימאיר","c":"health","s":"tlv","a":"אחימאיר 15"}},{"type":"Feature","id":"563-2","geometry":{"type":"Point","coordinates":[34.77917,32.09089]},"properties":{"n":"השל\"ה","c":"health","s":"tlv","a":"השל\"ה 7"}},{"type":"Feature","id":"563-22","geometry":{"type":"Point","coordinates":[34.82477,32.11124]},"properties":{"n":"הורוביץ","c":"health","s":"tlv","a":"יד המעביר 22"}},{"type":"Feature","id":"563-26","geometry":{"type":"Point","coordinates":[34.7904,32.1085]},"properties":{"n":"למד","c":"health","s":"tlv","a":"בורלא 27 ,שיכון ל"}},{"type":"Feature","id":"563-3","geometry":{"type":"Point","coordinates":[34.80357,32.12493]},"properties":{"n":"רמת אביב ג","c":"health","s":"tlv","a":"אחימאיר 27"}},{"type":"Feature","id":"563-31","geometry":{"type":"Point","coordinates":[34.78612,32.09289]},"properties":{"n":"רבינוביץ","c":"health","s":"tlv","a":"אריסטובול 2"}},{"type":"Feature","id":"563-32","geometry":{"type":"Point","coordinates":[34.79818,32.10804]},"properties":{"n":"רמת אביב א","c":"health","s":"tlv","a":"ברודצקי 19"}},{"type":"Feature","id":"563-33","geometry":{"type":"Point","coordinates":[34.80092,32.11899]},"properties":{"n":"רמת אביב ב","c":"health","s":"tlv","a":"גייגר 7"}},{"type":"Feature","id":"563-34","geometry":{"type":"Point","coordinates":[34.80171,32.1246]},"properties":{"n":"רמת אביב ג-מרכז בריאות הילד","c":"health","s":"tlv","a":"אחימאיר 18"}},{"type":"Feature","id":"563-37","geometry":{"type":"Point","coordinates":[34.81685,32.11852]},"properties":{"n":"תל ברוך","c":"health","s":"tlv","a":"קק``ל 134"}},{"type":"Feature","id":"563-38","geometry":{"type":"Point","coordinates":[34.78232,32.08705]},"properties":{"n":"מגדל המאה","c":"health","s":"tlv","a":"אבן גבירול 124"}},{"type":"Feature","id":"563-43","geometry":{"type":"Point","coordinates":[34.80369,32.12364]},"properties":{"n":"רמת אביב ג","c":"health","s":"tlv","a":"אחימאיר 26"}},{"type":"Feature","id":"563-44","geometry":{"type":"Point","coordinates":[34.79572,32.11098]},"properties":{"n":"ברזיל","c":"health","s":"tlv","a":"ברזיל 22"}},{"type":"Feature","id":"563-45","geometry":{"type":"Point","coordinates":[34.80411,32.12415]},"properties":{"n":"רמת אביב","c":"health","s":"tlv","a":"אחימאיר 28"}},{"type":"Feature","id":"563-5","geometry":{"type":"Point","coordinates":[34.82457,32.11356]},"properties":{"n":"הדר יוסף","c":"health","s":"tlv","a":"קהילת סלוניקי 9"}},{"type":"Feature","id":"563-50","geometry":{"type":"Point","coordinates":[34.79224,32.13054]},"properties":{"n":"אזורי חן","c":"health","s":"tlv+osm","a":"אורי צבי גרינברג"}},{"type":"Feature","id":"563-51","geometry":{"type":"Point","coordinates":[34.78856,32.09366]},"properties":{"n":"יהודה מכבי","c":"health","s":"tlv","a":"יהודה מכבי 24"}},{"type":"Feature","id":"563-53","geometry":{"type":"Point","coordinates":[34.80474,32.11411]},"properties":{"n":"האוניברסיטה ת\"א","c":"health","s":"tlv","a":"מתחם אוניברסיטת ת\"א 220"}},{"type":"Feature","id":"563-58","geometry":{"type":"Point","coordinates":[34.77521,32.09497]},"properties":{"n":"כללית ע.ר. לטיפולי שיניים","c":"health","s":"tlv","a":"ירמיהו 11"}},{"type":"Feature","id":"563-9","geometry":{"type":"Point","coordinates":[34.78388,32.09467]},"properties":{"n":"סלע","c":"health","s":"tlv","a":"אבן גבירול 188"}},{"type":"Feature","id":"565-12","geometry":{"type":"Point","coordinates":[34.81896,32.11731]},"properties":{"n":"בית אבות משען נאות אפקה","c":"health","s":"tlv","a":"שלונסקי אברהם"}},{"type":"Feature","id":"565-13","geometry":{"type":"Point","coordinates":[34.7738,32.08622]},"properties":{"n":"מוסד בית שלום רעות","c":"health","s":"tlv","a":"שי\"ר"}},{"type":"Feature","id":"565-14","geometry":{"type":"Point","coordinates":[34.7983,32.11254]},"properties":{"n":"בית אבות משען נאות אביבים","c":"health","s":"tlv","a":"ברודצקי"}},{"type":"Feature","id":"565-31","geometry":{"type":"Point","coordinates":[34.787,32.09309]},"properties":{"n":"מרפאת עין טל ספטולב","c":"health","s":"tlv","a":"ברנדיס"}},{"type":"Feature","id":"565-32","geometry":{"type":"Point","coordinates":[34.77951,32.09012]},"properties":{"n":"מרפאה כירורגית מרום בזל","c":"health","s":"tlv","a":"בזל"}},{"type":"Feature","id":"565-34","geometry":{"type":"Point","coordinates":[34.79673,32.11255]},"properties":{"n":"מרכז רפואי רמת אביב","c":"health","s":"tlv","a":"אינשטיין"}},{"type":"Feature","id":"5665","geometry":{"type":"Point","coordinates":[34.79471,32.10902]},"properties":{"n":"מפגש החורשה","c":"restaurant","s":"tlv","a":"רדינג"}},{"type":"Feature","id":"57","geometry":{"type":"Point","coordinates":[34.77978,32.09534]},"properties":{"n":"ירקון - מועדון השייטים","c":"sport","s":"tlv","a":"אוסישקין"}},{"type":"Feature","id":"5746","geometry":{"type":"Point","coordinates":[34.77684,32.09384]},"properties":{"n":"איחולים בפרחים","c":"shopping","s":"tlv","a":"דיזנגוף"}},{"type":"Feature","id":"5760","geometry":{"type":"Point","coordinates":[34.77329,32.08714]},"properties":{"n":"פירות וירקות מלכיאל","c":"supermarket","s":"tlv","a":"בן יהודה"}},{"type":"Feature","id":"5768","geometry":{"type":"Point","coordinates":[34.78329,32.09429]},"properties":{"n":"חומוס אביחי","c":"restaurant","s":"tlv","a":"אבן גבירול"}},{"type":"Feature","id":"5798","geometry":{"type":"Point","coordinates":[34.78198,32.08723]},"properties":{"n":"ממתוקס","c":"shopping","s":"tlv","a":"אבן גבירול"}},{"type":"Feature","id":"580","geometry":{"type":"Point","coordinates":[34.77273,32.08636]},"properties":{"n":"סבאי סבאי","c":"wellness","s":"tlv","a":"בן יהודה"}},{"type":"Feature","id":"580-164","geometry":{"type":"Point","coordinates":[34.77624,32.08606]},"properties":{"n":"ארבל","c":"hotel","s":"tlv","a":"חולדה 11","e":"ent_a666705cefb049c910ae8bcf","p":"place/arbel-hotel/"}},{"type":"Feature","id":"580-169","geometry":{"type":"Point","coordinates":[34.77653,32.09756]},"properties":{"n":"ספוט הוסטל","c":"hotel","s":"tlv","a":"התערוכה 3","e":"ent_a6a2641fbe03e9b5fcc34822","p":"place/spot-hostel/"}},{"type":"Feature","id":"580-195","geometry":{"type":"Point","coordinates":[34.77366,32.09406]},"properties":{"n":"טל על החוף","c":"hotel","s":"tlv","a":"הירקון 287","e":"ent_88b64bb65eb65983131c9281","p":"place/tal-by-the-beach/"}},{"type":"Feature","id":"580-196","geometry":{"type":"Point","coordinates":[34.77429,32.09481]},"properties":{"n":"Mate הנמל","c":"hotel","s":"tlv","a":"הירקון 284","e":"ent_82ea1408f595bdd00815a8d1","p":"place/mate-port-hotel/"}},{"type":"Feature","id":"580-197","geometry":{"type":"Point","coordinates":[34.77462,32.09626]},"properties":{"n":"פורט טאוור","c":"hotel","s":"tlv","a":"הירקון 298","e":"ent_7156aab448e41c5a470af054","p":"place/port-tower-hotel/"}},{"type":"Feature","id":"580-198","geometry":{"type":"Point","coordinates":[34.77404,32.09408]},"properties":{"n":"Hotel Apartments 270","c":"hotel","s":"tlv","a":"הירקון 270","e":"ent_162e7a54fda367374662eef9","p":"place/hotel-apartments-270/"}},{"type":"Feature","id":"580-199","geometry":{"type":"Point","coordinates":[34.77398,32.09402]},"properties":{"n":"ארמון הירקון","c":"hotel","s":"tlv","a":"הירקון 268","e":"ent_492837f32ef7a3472700220a","p":"place/armon-hayarkon-hotel/"}},{"type":"Feature","id":"580-200","geometry":{"type":"Point","coordinates":[34.77348,32.09246]},"properties":{"n":"גרנד ביץ'","c":"hotel","s":"tlv","a":"הירקון 250","e":"ent_90d262f4a9a000a10e840e0c","p":"place/grand-beach-hotel/"}},{"type":"Feature","id":"580-201","geometry":{"type":"Point","coordinates":[34.77167,32.08831]},"properties":{"n":"Liber Apartments","c":"hotel","s":"tlv","a":"הירקון 198","e":"ent_a569127bec95db9470f5303b","p":"place/liber-apartments/"}},{"type":"Feature","id":"580-202","geometry":{"type":"Point","coordinates":[34.77086,32.08996]},"properties":{"n":"הילטון","c":"hotel","s":"tlv+osm","a":"הירקון 205","e":"ent_7ef463341d14117f3bbacf44","p":"place/hilton-tel-aviv/","w":"https://www.hilton.com/en/hotels/tlvhitw-hilton-tel-aviv/?"}},{"type":"Feature","id":"580-214","geometry":{"type":"Point","coordinates":[34.7751,32.08703]},"properties":{"n":"דיזנגוף 208","c":"hotel","s":"tlv","a":"דיזנגוף 208","e":"ent_c5f94defbbe7663808518d8e","p":"place/hotel-580-214/"}},{"type":"Feature","id":"580-215","geometry":{"type":"Point","coordinates":[34.77432,32.0851]},"properties":{"n":"Dizengoff Penthouse Boutique","c":"hotel","s":"tlv","a":"דיזנגוף 175","e":"ent_f9c4dc552fd0a0cd6a1ec1cb","p":"place/dizengoff-penthouse-boutique/"}},{"type":"Feature","id":"580-237","geometry":{"type":"Point","coordinates":[34.77519,32.0869]},"properties":{"n":"מלון בוטיק איי 23 A","c":"hotel","s":"tlv","a":"ארלוזורוב 23","e":"ent_b4c8119ae0e5ad0bca679520","p":"place/hotel-580-237/"}},{"type":"Feature","id":"580-239","geometry":{"type":"Point","coordinates":[34.77473,32.08713]},"properties":{"n":"ג'ייקוב סמואל","c":"hotel","s":"tlv","a":"ארלוזורוב 19","e":"ent_ff32105d63968256bb5565f1","p":"place/jacob-samuel-hotel/"}},{"type":"Feature","id":"580-25","geometry":{"type":"Point","coordinates":[34.77482,32.08569]},"properties":{"n":"דיזנגוף אין","c":"hotel","s":"tlv","a":"דיזנגוף 190","e":"ent_f3ebbc9a8cdc6c87a4825df0","p":"place/dizengoff-inn/"}},{"type":"Feature","id":"580-253","geometry":{"type":"Point","coordinates":[34.77081,32.08737]},"properties":{"n":"קרלטון","c":"hotel","s":"tlv","a":"אליעזר פרי 10","e":"ent_54c4a169a925d75cfa0f9777","p":"place/carlton-tel-aviv/"}},{"type":"Feature","id":"580-257","geometry":{"type":"Point","coordinates":[34.77257,32.08597]},"properties":{"n":"דירות בן יהודה","c":"hotel","s":"tlv","a":"בן יהודה 119","e":"ent_103f28111978a3e874c8d4e8","p":"place/hotel-580-257/"}},{"type":"Feature","id":"580-35","geometry":{"type":"Point","coordinates":[34.77009,32.08579]},"properties":{"n":"לאונרדו גורדון ביץ","c":"hotel","s":"tlv","a":"הירקון 167","e":"ent_652b7eb24346a7f21fff11a0","p":"place/leonardo-gordon-beach/"}},{"type":"Feature","id":"580-39","geometry":{"type":"Point","coordinates":[34.77486,32.09609]},"properties":{"n":"ים","c":"hotel","s":"tlv","a":"כ\"ג יורדי הסירה 16","e":"ent_13f47d108a2a5634b9f866e0","p":"place/yam-hotel/"}},{"type":"Feature","id":"580-41","geometry":{"type":"Point","coordinates":[34.77242,32.0897]},"properties":{"n":"מלודי","c":"hotel","s":"tlv","a":"הירקון 220","e":"ent_9dec7cdf1d6f4f8d0a2480a2","p":"place/melody-hotel/"}},{"type":"Feature","id":"580-5","geometry":{"type":"Point","coordinates":[34.78832,32.09563]},"properties":{"n":"אנא תל אביב - אגודת אכסניות הנוער בישראל","c":"hotel","s":"tlv","a":"בני דן 36","e":"ent_d30bba64ef82fbe0de7b415d","p":"place/ana-tel-aviv-hostel/"}},{"type":"Feature","id":"580-53","geometry":{"type":"Point","coordinates":[34.77446,32.09519]},"properties":{"n":"פורט המחודש","c":"hotel","s":"tlv","a":"ירמיהו 4","e":"ent_f23138aa38450ddc2d5ae84f","p":"place/port-hotel-tel-aviv/"}},{"type":"Feature","id":"580-57","geometry":{"type":"Point","coordinates":[34.7749,32.09691]},"properties":{"n":"פליי סי פורט","c":"hotel","s":"tlv","a":"צידון 1","e":"ent_bdea83b79fe5cb483f119f89","p":"place/play-sea-port-hotel/"}},{"type":"Feature","id":"580-62","geometry":{"type":"Point","coordinates":[34.77226,32.08964]},"properties":{"n":"שלום אנד רילקס","c":"hotel","s":"tlv","a":"הירקון 216","e":"ent_9517dbe6895f3f0b44c74be1","p":"place/shalom-and-relax/"}},{"type":"Feature","id":"5819","geometry":{"type":"Point","coordinates":[34.79863,32.09773]},"properties":{"n":"תירוש","c":"kindergarten","s":"tlv","a":"הכנסת הגדולה 5"}},{"type":"Feature","id":"5819","geometry":{"type":"Point","coordinates":[34.79863,32.09773]},"properties":{"n":"עלווה","c":"kindergarten","s":"tlv","a":"הכנסת הגדולה 5"}},{"type":"Feature","id":"583","geometry":{"type":"Point","coordinates":[34.79724,32.11665]},"properties":{"n":"שופרסל בע\"מ","c":"supermarket","s":"tlv","a":"טאגור רבינדרנת"}},{"type":"Feature","id":"585","geometry":{"type":"Point","coordinates":[34.79681,32.11161]},"properties":{"n":"שופרסל בע\"מ","c":"supermarket","s":"tlv","a":"ברזיל"}},{"type":"Feature","id":"586-10","geometry":{"type":"Point","coordinates":[34.80232,32.12782]},"properties":{"n":"דרזנר מערב","c":"dog_park","s":"tlv","a":"דרזנר 5"}},{"type":"Feature","id":"586-100","geometry":{"type":"Point","coordinates":[34.77071,32.09179]},"properties":{"n":"חוף הילטון","c":"dog_park","s":"tlv"}},{"type":"Feature","id":"586-101","geometry":{"type":"Point","coordinates":[34.79015,32.10753]},"properties":{"n":"גן זילבר","c":"dog_park","s":"tlv"}},{"type":"Feature","id":"586-102","geometry":{"type":"Point","coordinates":[34.78117,32.1178]},"properties":{"n":"חוף תל ברוך הדרומי","c":"dog_park","s":"tlv"}},{"type":"Feature","id":"586-105","geometry":{"type":"Point","coordinates":[34.78379,32.09673]},"properties":{"n":"גשר בר יהודה","c":"dog_park","s":"tlv","a":"אבן גבירול 196"}},{"type":"Feature","id":"586-107","geometry":{"type":"Point","coordinates":[34.82342,32.11457]},"properties":{"n":"קהילת ונציה","c":"dog_park","s":"tlv","a":"קהילת ונציה 14"}},{"type":"Feature","id":"586-13","geometry":{"type":"Point","coordinates":[34.79438,32.10834]},"properties":{"n":"חורשת רדינג","c":"dog_park","s":"tlv","a":"רדינג 32"}},{"type":"Feature","id":"586-16","geometry":{"type":"Point","coordinates":[34.79172,32.12997]},"properties":{"n":"חורשה מערבית לגן המייסדים","c":"dog_park","s":"tlv","a":"אורי צבי גרינברג 25"}},{"type":"Feature","id":"586-17","geometry":{"type":"Point","coordinates":[34.81163,32.11207]},"properties":{"n":"חורשת רפידים","c":"dog_park","s":"tlv","a":"רפידים 22"}},{"type":"Feature","id":"586-18","geometry":{"type":"Point","coordinates":[34.82059,32.11281]},"properties":{"n":"קהילת ריגא פ.מבצע קדש","c":"dog_park","s":"tlv","a":"מבצע קדש 4"}},{"type":"Feature","id":"586-19","geometry":{"type":"Point","coordinates":[34.78773,32.08834]},"properties":{"n":"גן בילטמור","c":"dog_park","s":"tlv","a":"בילטמור 12"}},{"type":"Feature","id":"586-2","geometry":{"type":"Point","coordinates":[34.7936,32.08521]},"properties":{"n":"חורשת ליסין","c":"dog_park","s":"tlv","a":"ליסין 20"}},{"type":"Feature","id":"586-27","geometry":{"type":"Point","coordinates":[34.81865,32.11382]},"properties":{"n":"קהילת קייב","c":"dog_park","s":"tlv","a":"קהילת קייב 1"}},{"type":"Feature","id":"586-34","geometry":{"type":"Point","coordinates":[34.78702,32.11884]},"properties":{"n":"מרק שגאל","c":"dog_park","s":"tlv","a":"שגאל מרק 1"}},{"type":"Feature","id":"586-38","geometry":{"type":"Point","coordinates":[34.81488,32.12248]},"properties":{"n":"מאיר מרדכי","c":"dog_park","s":"tlv","a":"מאיר מרדכי 4"}},{"type":"Feature","id":"586-39","geometry":{"type":"Point","coordinates":[34.78109,32.09555]},"properties":{"n":"פארק הירקון","c":"dog_park","s":"tlv","a":"אוסישקין 74"}},{"type":"Feature","id":"586-4","geometry":{"type":"Point","coordinates":[34.81499,32.12105]},"properties":{"n":"חורשת רומנו","c":"dog_park","s":"tlv","a":"רומנו 1"}},{"type":"Feature","id":"586-40","geometry":{"type":"Point","coordinates":[34.80362,32.12231]},"properties":{"n":"קרן קיימת - משמר הגבול","c":"dog_park","s":"tlv","a":"משמר הגבול 3"}},{"type":"Feature","id":"586-41","geometry":{"type":"Point","coordinates":[34.80565,32.11901]},"properties":{"n":"גן קרטר","c":"dog_park","s":"tlv","a":"קוממיות 26"}},{"type":"Feature","id":"586-43","geometry":{"type":"Point","coordinates":[34.7954,32.12292]},"properties":{"n":"חורשת בויאר אברהם","c":"dog_park","s":"tlv","a":"בויאר אברהם 5"}},{"type":"Feature","id":"586-47","geometry":{"type":"Point","coordinates":[34.77232,32.09038]},"properties":{"n":"גן העצמאות מול רחוב הירקון 228","c":"dog_park","s":"tlv","a":"הירקון 228"}},{"type":"Feature","id":"586-48","geometry":{"type":"Point","coordinates":[34.7992,32.12057]},"properties":{"n":"גן פוליטי","c":"dog_park","s":"tlv","a":"הרב אשי 14"}},{"type":"Feature","id":"586-5","geometry":{"type":"Point","coordinates":[34.80145,32.0976]},"properties":{"n":"גינת ראש ציפור","c":"dog_park","s":"tlv","a":"קוסובסקי 69"}},{"type":"Feature","id":"586-51","geometry":{"type":"Point","coordinates":[34.82233,32.11855]},"properties":{"n":"חורשה ברחוב לאה פינת גליקסברג","c":"dog_park","s":"tlv","a":"לאה פינת גליקסברג 0"}},{"type":"Feature","id":"586-55","geometry":{"type":"Point","coordinates":[34.78512,32.09578]},"properties":{"n":"גינת בני דן","c":"dog_park","s":"tlv","a":"בני דן 37"}},{"type":"Feature","id":"586-56","geometry":{"type":"Point","coordinates":[34.80015,32.12654]},"properties":{"n":"גן אלפרד ביר","c":"dog_park","s":"tlv","a":"אליהו חכים 7"}},{"type":"Feature","id":"586-57","geometry":{"type":"Point","coordinates":[34.81272,32.11811]},"properties":{"n":"גינת מבורך חיים","c":"dog_park","s":"tlv","a":"מגדל שרשן 12"}},{"type":"Feature","id":"586-59","geometry":{"type":"Point","coordinates":[34.77646,32.09075]},"properties":{"n":"גן וינר","c":"dog_park","s":"tlv","a":"מנדלשטם 11"}},{"type":"Feature","id":"586-6","geometry":{"type":"Point","coordinates":[34.77762,32.09329]},"properties":{"n":"גן גימפל","c":"dog_park","s":"tlv","a":"יחזקאל 3"}},{"type":"Feature","id":"586-60","geometry":{"type":"Point","coordinates":[34.79187,32.09143]},"properties":{"n":"בית יד לבנים","c":"dog_park","s":"tlv","a":"פנקס דוד צבי 63"}},{"type":"Feature","id":"586-64","geometry":{"type":"Point","coordinates":[34.816,32.11466]},"properties":{"n":"חורשת עמרי","c":"dog_park","s":"tlv","a":"עמרי 14"}},{"type":"Feature","id":"586-66","geometry":{"type":"Point","coordinates":[34.82307,32.10881]},"properties":{"n":"פרנקפורט","c":"dog_park","s":"tlv","a":"אמיל בריג 8"}},{"type":"Feature","id":"586-69","geometry":{"type":"Point","coordinates":[34.79673,32.11546]},"properties":{"n":"גינת בית השחמט","c":"dog_park","s":"tlv","a":"טאגור 25"}},{"type":"Feature","id":"586-70","geometry":{"type":"Point","coordinates":[34.79273,32.11708]},"properties":{"n":"שמואל תמיר","c":"dog_park","s":"tlv","a":"שמואל תמיר 21"}},{"type":"Feature","id":"586-71","geometry":{"type":"Point","coordinates":[34.81648,32.10982]},"properties":{"n":"חורשת בני אפרים","c":"dog_park","s":"tlv","a":"בני אפרים 200"}},{"type":"Feature","id":"586-73","geometry":{"type":"Point","coordinates":[34.78526,32.10995]},"properties":{"n":"גינת שטרן איזק","c":"dog_park","s":"tlv","a":"2040"}},{"type":"Feature","id":"586-84","geometry":{"type":"Point","coordinates":[34.77036,32.08769]},"properties":{"n":"שפיגל","c":"dog_park","s":"tlv","a":"הירקון 192"}},{"type":"Feature","id":"586-85","geometry":{"type":"Point","coordinates":[34.79602,32.08642]},"properties":{"n":"צמרות","c":"dog_park","s":"tlv","a":"נמיר 60"}},{"type":"Feature","id":"5880","geometry":{"type":"Point","coordinates":[34.82215,32.11566]},"properties":{"n":"אור אבולעפיה","c":"supermarket","s":"tlv","a":"קהילת פאדובה"}},{"type":"Feature","id":"59","geometry":{"type":"Point","coordinates":[34.76974,32.09026]},"properties":{"n":"מועדון גלישה","c":"sport","s":"tlv","a":"הירקון"}},{"type":"Feature","id":"5926","geometry":{"type":"Point","coordinates":[34.77429,32.08508]},"properties":{"n":"יאפא כנאפה","c":"restaurant","s":"tlv","a":"דיזנגוף"}},{"type":"Feature","id":"5939","geometry":{"type":"Point","coordinates":[34.78272,32.08913]},"properties":{"n":"לילי רוז","c":"cafe","s":"tlv","a":"אבן גבירול"}},{"type":"Feature","id":"596","geometry":{"type":"Point","coordinates":[34.76907,32.08693]},"properties":{"n":"בריכת גודון - מועדון בריא","c":"sport","s":"tlv","a":"פרי אליעזר"}},{"type":"Feature","id":"5963","geometry":{"type":"Point","coordinates":[34.79741,32.1066]},"properties":{"n":"גבעולים","c":"shopping","s":"tlv","a":"ברודצקי"}},{"type":"Feature","id":"5964","geometry":{"type":"Point","coordinates":[34.7972,32.11635]},"properties":{"n":"אלגד פיצה בע\"מ","c":"restaurant","s":"tlv","a":"טאגור רבינדרנת"}},{"type":"Feature","id":"597","geometry":{"type":"Point","coordinates":[34.76821,32.08549]},"properties":{"n":"גורדון - מזנון פנימי","c":"cafe","s":"tlv","a":"פרי אליעזר"}},{"type":"Feature","id":"5970","geometry":{"type":"Point","coordinates":[34.77574,32.08944]},"properties":{"n":"שושנים","c":"shopping","s":"tlv","a":"דיזנגוף"}},{"type":"Feature","id":"5971","geometry":{"type":"Point","coordinates":[34.82041,32.10175]},"properties":{"n":"מימדיון","c":"restaurant","s":"tlv","a":"רוקח ישראל"}},{"type":"Feature","id":"5985","geometry":{"type":"Point","coordinates":[34.80224,32.11594]},"properties":{"n":"אונ ת\"א בנין משפטים","c":"restaurant","s":"tlv","a":"אוניברסיטת ת\"א"}},{"type":"Feature","id":"5997","geometry":{"type":"Point","coordinates":[34.79741,32.1078]},"properties":{"n":"ציון פירות וירקות","c":"supermarket","s":"tlv","a":"ברודצקי"}},{"type":"Feature","id":"6","geometry":{"type":"Point","coordinates":[34.77152,32.09405]},"properties":{"n":"מתקן כדורעף חופים","c":"sport","s":"tlv","a":"חבקוק","e":"ent_312cd04d45ea64d3ded2aa2f","p":"place/shoshana-persitz-light-rail/"}},{"type":"Feature","id":"6","geometry":{"type":"Point","coordinates":[34.79217,32.13257]},"properties":{"n":"שושנה פרסיץ","c":"lrt_station","s":"tlv","e":"ent_312cd04d45ea64d3ded2aa2f","p":"place/shoshana-persitz-light-rail/","f":1}},{"type":"Feature","id":"60","geometry":{"type":"Point","coordinates":[34.77363,32.09694]},"properties":{"n":"מועדון לב הים מרינה","c":"sport","s":"tlv","a":"מרינה תל-אביב"}},{"type":"Feature","id":"6021","geometry":{"type":"Point","coordinates":[34.77414,32.08987]},"properties":{"n":"סלון יפה","c":"wellness","s":"tlv","a":"בן יהודה"}},{"type":"Feature","id":"6042","geometry":{"type":"Point","coordinates":[34.77544,32.08665]},"properties":{"n":"עידן בן דוד-עיצוב שיער","c":"wellness","s":"tlv","a":"ארלוזורוב"}},{"type":"Feature","id":"6055","geometry":{"type":"Point","coordinates":[34.8006,32.11139]},"properties":{"n":"המספרה של אבי","c":"wellness","s":"tlv","a":"ברלינר"}},{"type":"Feature","id":"6058","geometry":{"type":"Point","coordinates":[34.77066,32.08922]},"properties":{"n":"מלון הילטון - מרכז עסקים","c":"restaurant","s":"tlv","a":"הירקון"}},{"type":"Feature","id":"61","geometry":{"type":"Point","coordinates":[34.77308,32.09768]},"properties":{"n":"נמל תל אביב","c":"sport","s":"tlv","a":"יורדי הסירה"}},{"type":"Feature","id":"61","geometry":{"type":"Point","coordinates":[34.77482,32.09224]},"properties":{"n":"טופ דוג שופ","c":"shopping","s":"tlv","a":"בן יהודה"}},{"type":"Feature","id":"6111","geometry":{"type":"Point","coordinates":[34.78877,32.09483]},"properties":{"n":"קטיף","c":"kindergarten","s":"tlv","a":"בובליק 10"}},{"type":"Feature","id":"6111","geometry":{"type":"Point","coordinates":[34.78877,32.09483]},"properties":{"n":"נבט","c":"kindergarten","s":"tlv","a":"בובליק 10"}},{"type":"Feature","id":"6111","geometry":{"type":"Point","coordinates":[34.78877,32.09483]},"properties":{"n":"אלומה","c":"kindergarten","s":"tlv","a":"בובליק 10"}},{"type":"Feature","id":"6120","geometry":{"type":"Point","coordinates":[34.78877,32.09483]},"properties":{"n":"נחלה","c":"kindergarten","s":"tlv","a":"בובליק 10"}},{"type":"Feature","id":"6120","geometry":{"type":"Point","coordinates":[34.78877,32.09483]},"properties":{"n":"חריש","c":"kindergarten","s":"tlv","a":"בובליק 10"}},{"type":"Feature","id":"6120","geometry":{"type":"Point","coordinates":[34.78877,32.09483]},"properties":{"n":"גדיד","c":"kindergarten","s":"tlv","a":"בובליק 10"}},{"type":"Feature","id":"6177","geometry":{"type":"Point","coordinates":[34.79807,32.09499]},"properties":{"n":"התחדשות","c":"wellness","s":"tlv","a":"הרצוג"}},{"type":"Feature","id":"6182","geometry":{"type":"Point","coordinates":[34.78313,32.0935]},"properties":{"n":"דיקלה לייכטר סטודיו לקוסמ","c":"wellness","s":"tlv","a":"אבן גבירול"}},{"type":"Feature","id":"6198","geometry":{"type":"Point","coordinates":[34.77501,32.09393]},"properties":{"n":"Tal amos baber shop","c":"wellness","s":"tlv","a":"בן יהודה"}},{"type":"Feature","id":"62","geometry":{"type":"Point","coordinates":[34.7758,32.10772]},"properties":{"n":"מעגנת רידינג","c":"sport","s":"tlv"}},{"type":"Feature","id":"6202","geometry":{"type":"Point","coordinates":[34.78262,32.08865]},"properties":{"n":"AMPM","c":"supermarket","s":"tlv","a":"אבן גבירול"}},{"type":"Feature","id":"624-1","geometry":{"type":"Point","coordinates":[34.79886,32.11713]},"properties":{"n":"ניוטון","c":"daycare","s":"tlv","a":"דניאל מוריץ 12"}},{"type":"Feature","id":"624-11","geometry":{"type":"Point","coordinates":[34.80526,32.12522]},"properties":{"n":"החממה של איתי","c":"daycare","s":"tlv","a":"קשאני 4"}},{"type":"Feature","id":"624-14","geometry":{"type":"Point","coordinates":[34.80035,32.09594]},"properties":{"n":"ילדימות","c":"daycare","s":"tlv","a":"ירושלמי 16"}},{"type":"Feature","id":"624-16","geometry":{"type":"Point","coordinates":[34.78549,32.11458]},"properties":{"n":"פשר נופי ים","c":"daycare","s":"tlv","a":"בשביס זינגר 7"}},{"type":"Feature","id":"624-21","geometry":{"type":"Point","coordinates":[34.81928,32.11004]},"properties":{"n":"פשר הדר יוסף","c":"daycare","s":"tlv","a":"קהילת בריסק 10"}},{"type":"Feature","id":"624-23","geometry":{"type":"Point","coordinates":[34.78567,32.10136]},"properties":{"n":"ויצו כוכב הצפון","c":"daycare","s":"tlv","a":"אבא קובנר 16"}},{"type":"Feature","id":"624-28","geometry":{"type":"Point","coordinates":[34.78875,32.09501]},"properties":{"n":"בובליק","c":"daycare","s":"tlv","a":"שלומציון המלכה 38"}},{"type":"Feature","id":"624-3","geometry":{"type":"Point","coordinates":[34.79276,32.12114]},"properties":{"n":"כיף לי","c":"daycare","s":"tlv","a":"דולצ'ין 20"}},{"type":"Feature","id":"624-34","geometry":{"type":"Point","coordinates":[34.79122,32.10455]},"properties":{"n":"ויצו ל ' - בורלא","c":"daycare","s":"tlv","a":"בורלא 2"}},{"type":"Feature","id":"624-39","geometry":{"type":"Point","coordinates":[34.80105,32.10634]},"properties":{"n":"ויצו אוניברסיטת ת\"א (גפני)","c":"daycare","s":"tlv","a":"גורג' וייז 1"}},{"type":"Feature","id":"624-4","geometry":{"type":"Point","coordinates":[34.78771,32.08567]},"properties":{"n":"קרינה ורחל","c":"daycare","s":"tlv","a":"משה שרת 11"}},{"type":"Feature","id":"624-42","geometry":{"type":"Point","coordinates":[34.7933,32.12406]},"properties":{"n":"נעמת פיקוס","c":"daycare","s":"tlv","a":"אליהו ברלין 4"}},{"type":"Feature","id":"624-43","geometry":{"type":"Point","coordinates":[34.78439,32.09173]},"properties":{"n":"נעמת חמניה","c":"daycare","s":"tlv","a":"חוני המעגל 5"}},{"type":"Feature","id":"624-45","geometry":{"type":"Point","coordinates":[34.80227,32.12701]},"properties":{"n":"ויצו רמת אביב-פיינשטיין","c":"daycare","s":"tlv","a":"מאיר פיינשטיין 20"}},{"type":"Feature","id":"624-49","geometry":{"type":"Point","coordinates":[34.82243,32.11894]},"properties":{"n":"נעמת צופית","c":"daycare","s":"tlv","a":"לאה גולדברג 6"}},{"type":"Feature","id":"624-51","geometry":{"type":"Point","coordinates":[34.77545,32.0898]},"properties":{"n":"נעמת סיגליות","c":"daycare","s":"tlv","a":"דיזינגוף 221"}},{"type":"Feature","id":"624-52","geometry":{"type":"Point","coordinates":[34.79552,32.09627]},"properties":{"n":"נעמת איילון","c":"daycare","s":"tlv","a":"בן סירא 4"}},{"type":"Feature","id":"624-53","geometry":{"type":"Point","coordinates":[34.80149,32.12304]},"properties":{"n":"נשות חירות בוקשפן","c":"daycare","s":"tlv","a":"בוקשפן דוד 3"}},{"type":"Feature","id":"624-58","geometry":{"type":"Point","coordinates":[34.79406,32.10638]},"properties":{"n":"מיחא","c":"daycare","s":"tlv","a":"רדינג 23"}},{"type":"Feature","id":"624-59","geometry":{"type":"Point","coordinates":[34.79983,32.10963]},"properties":{"n":"אמלי רמת אביב","c":"daycare","s":"tlv","a":"כפר יונה 15"}},{"type":"Feature","id":"624-8","geometry":{"type":"Point","coordinates":[34.80047,32.09671]},"properties":{"n":"מונטסורי, שטיינמן","c":"daycare","s":"tlv","a":"שטיינמן 3"}},{"type":"Feature","id":"624-93","geometry":{"type":"Point","coordinates":[34.77918,32.09259]},"properties":{"n":"ממלכת אור","c":"daycare","s":"tlv","a":"מרכז מגיד, שדרות נורדאו 63"}},{"type":"Feature","id":"624-94","geometry":{"type":"Point","coordinates":[34.7912,32.09489]},"properties":{"n":"ילדימות עמיאל","c":"daycare","s":"tlv","a":"הרב עמיאל 22"}},{"type":"Feature","id":"6242","geometry":{"type":"Point","coordinates":[34.77397,32.0894]},"properties":{"n":"ג'מילי","c":"wellness","s":"tlv","a":"בן יהודה"}},{"type":"Feature","id":"6244","geometry":{"type":"Point","coordinates":[34.77873,32.08615]},"properties":{"n":"צ'ופ- ארלוזרוב 53","c":"shopping","s":"tlv","a":"ארלוזורוב"}},{"type":"Feature","id":"626","geometry":{"type":"Point","coordinates":[34.77665,32.09316]},"properties":{"n":"בן אנד ג'ריס","c":"cafe","s":"tlv","a":"דיזנגוף"}},{"type":"Feature","id":"6308","geometry":{"type":"Point","coordinates":[34.7854,32.08773]},"properties":{"n":"אליס עיצוב שיער","c":"wellness","s":"tlv","a":"ז'בוטינסקי"}},{"type":"Feature","id":"6319","geometry":{"type":"Point","coordinates":[34.7877,32.09112]},"properties":{"n":"נ.ש. בשרי מעדניות בע\"מ","c":"shopping","s":"tlv","a":"פנקס דוד צבי"}},{"type":"Feature","id":"6320","geometry":{"type":"Point","coordinates":[34.77503,32.09295]},"properties":{"n":"יוסי ממן","c":"wellness","s":"tlv","a":"בן יהודה"}},{"type":"Feature","id":"6336","geometry":{"type":"Point","coordinates":[34.81823,32.10971]},"properties":{"n":"טי אס עיצוב שיער והחלקות","c":"wellness","s":"tlv","a":"הדר יוסף"}},{"type":"Feature","id":"6344","geometry":{"type":"Point","coordinates":[34.7943,32.08746]},"properties":{"n":"החנווני","c":"supermarket","s":"tlv","a":"שרת משה"}},{"type":"Feature","id":"6352","geometry":{"type":"Point","coordinates":[34.7915,32.094]},"properties":{"n":"מנה מנה","c":"restaurant","s":"tlv","a":"יהודה המכבי"}},{"type":"Feature","id":"6353","geometry":{"type":"Point","coordinates":[34.78018,32.08551]},"properties":{"n":"עיצוב שיער סוזי גבע","c":"wellness","s":"tlv","a":"ארלוזורוב"}},{"type":"Feature","id":"64","geometry":{"type":"Point","coordinates":[34.78956,32.1341]},"properties":{"n":"הצוק הדרומי","c":"sport","s":"tlv"}},{"type":"Feature","id":"6411","geometry":{"type":"Point","coordinates":[34.79687,32.12673]},"properties":{"n":"שלדג","c":"shopping","s":"tlv","a":"ברזאני משה"}},{"type":"Feature","id":"6430","geometry":{"type":"Point","coordinates":[34.78317,32.08697]},"properties":{"n":"ערבה","c":"kindergarten","s":"tlv","a":"בן סרוק 15"}},{"type":"Feature","id":"6430","geometry":{"type":"Point","coordinates":[34.78317,32.08697]},"properties":{"n":"גולן","c":"kindergarten","s":"tlv","a":"בן סרוק 15"}},{"type":"Feature","id":"6430","geometry":{"type":"Point","coordinates":[34.78317,32.08697]},"properties":{"n":"נגב","c":"kindergarten","s":"tlv","a":"בן סרוק 15"}},{"type":"Feature","id":"6442","geometry":{"type":"Point","coordinates":[34.79213,32.09409]},"properties":{"n":"לחם ארז","c":"shopping","s":"tlv","a":"יהודה המכבי"}},{"type":"Feature","id":"6453","geometry":{"type":"Point","coordinates":[34.78264,32.09067]},"properties":{"n":"קסטל","c":"restaurant","s":"tlv","a":"אבן גבירול"}},{"type":"Feature","id":"6472","geometry":{"type":"Point","coordinates":[34.79993,32.12035]},"properties":{"n":"להיט בראש","c":"wellness","s":"tlv","a":"אופנהיימר"}},{"type":"Feature","id":"649","geometry":{"type":"Point","coordinates":[34.78368,32.09416]},"properties":{"n":"יהודה","c":"restaurant","s":"tlv","a":"יהודה המכבי"}},{"type":"Feature","id":"6495","geometry":{"type":"Point","coordinates":[34.79071,32.09395]},"properties":{"n":"softy","c":"restaurant","s":"tlv","a":"יהודה המכבי"}},{"type":"Feature","id":"65","geometry":{"type":"Point","coordinates":[34.78344,32.12268]},"properties":{"n":"תל ברוך צפון","c":"sport","s":"tlv"}},{"type":"Feature","id":"6506","geometry":{"type":"Point","coordinates":[34.8197,32.10896]},"properties":{"n":"בדיחי שלום","c":"shopping","s":"tlv","a":"קהילת לבוב"}},{"type":"Feature","id":"6516","geometry":{"type":"Point","coordinates":[34.78829,32.08603]},"properties":{"n":"נוצי סושי אנד בר","c":"restaurant","s":"tlv","a":"תש\"ח"}},{"type":"Feature","id":"6523","geometry":{"type":"Point","coordinates":[34.78254,32.09015]},"properties":{"n":"מכון יופי מרינה","c":"wellness","s":"tlv","a":"אבן גבירול"}},{"type":"Feature","id":"6531","geometry":{"type":"Point","coordinates":[34.79807,32.09499]},"properties":{"n":"קפה בבלי","c":"restaurant","s":"tlv","a":"הרצוג"}},{"type":"Feature","id":"6538","geometry":{"type":"Point","coordinates":[34.77433,32.09611]},"properties":{"n":"דומינוס פיצה","c":"restaurant","s":"tlv","a":"הירקון"}},{"type":"Feature","id":"6542","geometry":{"type":"Point","coordinates":[34.79249,32.13007]},"properties":{"n":"רולדין","c":"cafe","s":"tlv+osm","a":"גרינברג אורי צבי"}},{"type":"Feature","id":"6555","geometry":{"type":"Point","coordinates":[34.79343,32.08677]},"properties":{"n":"לבנדר","c":"kindergarten","s":"tlv","a":"גלוסקין 3"}},{"type":"Feature","id":"6595","geometry":{"type":"Point","coordinates":[34.79466,32.11637]},"properties":{"n":"בוטיק הפרי והירק","c":"supermarket","s":"tlv","a":"יהודה הנשיא"}},{"type":"Feature","id":"66","geometry":{"type":"Point","coordinates":[34.78053,32.11573]},"properties":{"n":"תל ברוך דרום","c":"sport","s":"tlv"}},{"type":"Feature","id":"6608","geometry":{"type":"Point","coordinates":[34.79762,32.11178]},"properties":{"n":"שבדי","c":"shopping","s":"tlv","a":"ברודצקי"}},{"type":"Feature","id":"6621","geometry":{"type":"Point","coordinates":[34.78249,32.09133]},"properties":{"n":"שופרסל בע\"מ","c":"shopping","s":"tlv","a":"אבן גבירול"}},{"type":"Feature","id":"67","geometry":{"type":"Point","coordinates":[34.76953,32.08881]},"properties":{"n":"הילטון דרום","c":"sport","s":"tlv"}},{"type":"Feature","id":"670","geometry":{"type":"Point","coordinates":[34.77661,32.09496]},"properties":{"n":"לבובסקי","c":"restaurant","s":"tlv","a":"ירמיהו הנביא"}},{"type":"Feature","id":"6708","geometry":{"type":"Point","coordinates":[34.80179,32.12507]},"properties":{"n":"בינגומט","c":"shopping","s":"tlv","a":"אחימאיר אבא"}},{"type":"Feature","id":"6734","geometry":{"type":"Point","coordinates":[34.77977,32.08973]},"properties":{"n":"Daddy","c":"restaurant","s":"tlv","a":"בזל"}},{"type":"Feature","id":"67348","geometry":{"type":"Point","coordinates":[34.81799,32.11659]},"properties":{"n":"לידי דייויס חט\"ע","c":"school","s":"tlv","a":"בני אפרים 226","e":"ent_469ab0e8ed8b288d2cb5d807","p":"place/school-67348/"}},{"type":"Feature","id":"67355","geometry":{"type":"Point","coordinates":[34.78551,32.08722]},"properties":{"n":"גמנסיה הרצליה","c":"school","s":"tlv","a":"ז'בוטינסקי 106","e":"ent_7e0bb81d4a4a1581e96f47ed","p":"place/school-67355/"}},{"type":"Feature","id":"67363","geometry":{"type":"Point","coordinates":[34.79514,32.08962]},"properties":{"n":"תיכון חדש","c":"school","s":"tlv","a":"נמיר מרדכי 81","e":"ent_29391621cd01a15939bae485","p":"place/school-67363/"}},{"type":"Feature","id":"67454","geometry":{"type":"Point","coordinates":[34.79548,32.1074]},"properties":{"n":"אליאנס","c":"school","s":"tlv","a":"רדינג 26","e":"ent_3887c09d70b27581c818bb2d","p":"place/school-67454/"}},{"type":"Feature","id":"6758","geometry":{"type":"Point","coordinates":[34.79666,32.12698]},"properties":{"n":"מועדון כחול","c":"sport","s":"tlv","a":"ברזאני משה"}},{"type":"Feature","id":"6783","geometry":{"type":"Point","coordinates":[34.79956,32.12003]},"properties":{"n":"מספרת איריס","c":"wellness","s":"tlv","a":"אופנהיימר"}},{"type":"Feature","id":"6785","geometry":{"type":"Point","coordinates":[34.79668,32.11667]},"properties":{"n":"אהרל'ה","c":"restaurant","s":"tlv","a":"טאגור רבינדרנת"}},{"type":"Feature","id":"67926","geometry":{"type":"Point","coordinates":[34.78551,32.08722]},"properties":{"n":"יואל גבע","c":"school","s":"tlv","a":"ז'בוטינסקי 106","e":"ent_ced33cfcfcca5670713a6fe5","p":"place/school-67926/"}},{"type":"Feature","id":"6817","geometry":{"type":"Point","coordinates":[34.79654,32.11918]},"properties":{"n":"קאנטרי נווה אביבים","c":"sport","s":"tlv","a":"לויטן יצחק"}},{"type":"Feature","id":"6818","geometry":{"type":"Point","coordinates":[34.77234,32.08521]},"properties":{"n":"קנדיס","c":"shopping","s":"tlv","a":"בן יהודה"}},{"type":"Feature","id":"6852","geometry":{"type":"Point","coordinates":[34.79946,32.11295]},"properties":{"n":"מחסני להב","c":"shopping","s":"tlv","a":"אינשטיין"}},{"type":"Feature","id":"6854","geometry":{"type":"Point","coordinates":[34.78517,32.09395]},"properties":{"n":"פרומז׳רי וחברים בע״מ","c":"restaurant","s":"tlv","a":"יהודה המכבי"}},{"type":"Feature","id":"6893","geometry":{"type":"Point","coordinates":[34.79743,32.11737]},"properties":{"n":"תכשיטים חיים ומאיה","c":"shopping","s":"tlv","a":"טאגור רבינדרנת"}},{"type":"Feature","id":"6900","geometry":{"type":"Point","coordinates":[34.79807,32.09499]},"properties":{"n":"ירקות בבלי","c":"supermarket","s":"tlv","a":"הרצוג"}},{"type":"Feature","id":"6941","geometry":{"type":"Point","coordinates":[34.78224,32.08644]},"properties":{"n":"שופרסל בע\"מ","c":"shopping","s":"tlv","a":"אבן גבירול"}},{"type":"Feature","id":"6942","geometry":{"type":"Point","coordinates":[34.78231,32.08706]},"properties":{"n":"שופרסל בע\"מ","c":"shopping","s":"tlv","a":"אבן גבירול"}},{"type":"Feature","id":"696-105","geometry":{"type":"Point","coordinates":[34.82129,32.12281]},"properties":{"n":"מרידור","c":"park","s":"tlv","a":"מרידור יעקב 23"}},{"type":"Feature","id":"696-106","geometry":{"type":"Point","coordinates":[34.79791,32.0894]},"properties":{"n":"צמרת בבלי","c":"park","s":"tlv","a":"אלוני ניסים"}},{"type":"Feature","id":"696-108","geometry":{"type":"Point","coordinates":[34.79058,32.08924]},"properties":{"n":"כהן משה","c":"park","s":"tlv","a":"ויצמן 56"}},{"type":"Feature","id":"696-111","geometry":{"type":"Point","coordinates":[34.82093,32.11892]},"properties":{"n":"וייץ","c":"park","s":"tlv+osm","a":"לאה גולדברג 11"}},{"type":"Feature","id":"696-117","geometry":{"type":"Point","coordinates":[34.82294,32.11788]},"properties":{"n":"גבעת הפרחים","c":"park","s":"tlv","a":"ויינשל 9"}},{"type":"Feature","id":"696-125","geometry":{"type":"Point","coordinates":[34.79164,32.11572]},"properties":{"n":"פרלוק 3 1","c":"park","s":"tlv","a":"פרלוק משה 13"}},{"type":"Feature","id":"696-127","geometry":{"type":"Point","coordinates":[34.81409,32.118]},"properties":{"n":"אלחריזי חצר טיבעית 1","c":"school","s":"tlv","a":"מגדל שרשן 17"}},{"type":"Feature","id":"696-134","geometry":{"type":"Point","coordinates":[34.7871,32.1185]},"properties":{"n":"מרק שגאל פ.מהלר","c":"park","s":"tlv","a":"שאגאל מארק 1"}},{"type":"Feature","id":"696-135","geometry":{"type":"Point","coordinates":[34.81725,32.11306]},"properties":{"n":"בני אפרים-מבצע קדש","c":"park","s":"tlv","a":"בני אפרים 214"}},{"type":"Feature","id":"696-14","geometry":{"type":"Point","coordinates":[34.79452,32.1078]},"properties":{"n":"רדינג חצר טיבעית","c":"park","s":"tlv","a":"רדינג 33"}},{"type":"Feature","id":"696-143","geometry":{"type":"Point","coordinates":[34.77616,32.10061]},"properties":{"n":"המכביה - יריד המזרח","c":"park","s":"tlv","a":"רוטלוי דוד 25"}},{"type":"Feature","id":"696-148","geometry":{"type":"Point","coordinates":[34.82236,32.12008]},"properties":{"n":"למדן יצחק","c":"park","s":"tlv","a":"למדן יצחק 15"}},{"type":"Feature","id":"696-153","geometry":{"type":"Point","coordinates":[34.81755,32.12395]},"properties":{"n":"סטפן צוויג 1 - 0 2","c":"sport","s":"tlv","a":"צוויג סטפן 19"}},{"type":"Feature","id":"696-155","geometry":{"type":"Point","coordinates":[34.78187,32.09355]},"properties":{"n":"ברנדר","c":"park","s":"tlv+osm","a":"יהושע בן נון 72"}},{"type":"Feature","id":"696-158","geometry":{"type":"Point","coordinates":[34.79597,32.1203]},"properties":{"n":"פוליטי","c":"park","s":"tlv","a":"רב אשי 4"}},{"type":"Feature","id":"696-159","geometry":{"type":"Point","coordinates":[34.80614,32.12205]},"properties":{"n":"המתנדב","c":"sport","s":"tlv","a":"המתנדב 27"}},{"type":"Feature","id":"696-161","geometry":{"type":"Point","coordinates":[34.82099,32.11859]},"properties":{"n":"וייץ פעוטות","c":"sport","s":"tlv","a":"למדן יצחק 11"}},{"type":"Feature","id":"696-163","geometry":{"type":"Point","coordinates":[34.79349,32.09536]},"properties":{"n":"זינגר","c":"park","s":"tlv+osm","a":"צירלסון 24"}},{"type":"Feature","id":"696-167","geometry":{"type":"Point","coordinates":[34.79295,32.13342]},"properties":{"n":"הצורי - דרומית","c":"school","s":"tlv","a":"פרסיץ שושנה 3"}},{"type":"Feature","id":"696-169","geometry":{"type":"Point","coordinates":[34.81675,32.12347]},"properties":{"n":"בקר אהרון","c":"park","s":"tlv","a":"בקר אהרון 5"}},{"type":"Feature","id":"696-18","geometry":{"type":"Point","coordinates":[34.79481,32.13208]},"properties":{"n":"מצדה חצר טבעית אחורית","c":"school","s":"tlv","a":"פרסיץ שושנה 7"}},{"type":"Feature","id":"696-182","geometry":{"type":"Point","coordinates":[34.7859,32.10203]},"properties":{"n":"כוכב הצפון","c":"park","s":"tlv+osm","a":"עגנון ש\"י 17"}},{"type":"Feature","id":"696-185","geometry":{"type":"Point","coordinates":[34.79981,32.1269]},"properties":{"n":"כצנלסון","c":"park","s":"tlv","a":"בן יוסף שלמה 32"}},{"type":"Feature","id":"696-189","geometry":{"type":"Point","coordinates":[34.77095,32.08798]},"properties":{"n":"שפיגל","c":"park","s":"tlv+osm","a":"הירקון 192"}},{"type":"Feature","id":"696-190","geometry":{"type":"Point","coordinates":[34.79898,32.12399]},"properties":{"n":"ביר אלפרד","c":"park","s":"tlv","a":"אחימאיר אבא 6"}},{"type":"Feature","id":"696-191","geometry":{"type":"Point","coordinates":[34.81315,32.10967]},"properties":{"n":"רפידים מאחורי 6-8","c":"park","s":"tlv","a":"רפידים 6"}},{"type":"Feature","id":"696-192","geometry":{"type":"Point","coordinates":[34.81458,32.11255]},"properties":{"n":"קדש ברנע","c":"park","s":"tlv","a":"קדש ברנע 4"}},{"type":"Feature","id":"696-197","geometry":{"type":"Point","coordinates":[34.77426,32.08776]},"properties":{"n":"ארלוזרוב 17","c":"sport","s":"tlv","a":"ארלוזורוב 17"}},{"type":"Feature","id":"696-2","geometry":{"type":"Point","coordinates":[34.81409,32.118]},"properties":{"n":"אלחריזי חצר טיבעית 2","c":"school","s":"tlv","a":"מגדל שרשן 17"}},{"type":"Feature","id":"696-201","geometry":{"type":"Point","coordinates":[34.79461,32.11427]},"properties":{"n":"גלסברג -נווה אביבים","c":"park","s":"tlv","a":"אנדרסן 6"}},{"type":"Feature","id":"696-209","geometry":{"type":"Point","coordinates":[34.7816,32.08924]},"properties":{"n":"מצדה","c":"school","s":"tlv","a":"הר נבו 6"}},{"type":"Feature","id":"696-212","geometry":{"type":"Point","coordinates":[34.81409,32.118]},"properties":{"n":"אליחריזי","c":"school","s":"tlv","a":"מגדל שרשן 17"}},{"type":"Feature","id":"696-213","geometry":{"type":"Point","coordinates":[34.77503,32.09087]},"properties":{"n":"קהילת קנדה","c":"park","s":"tlv","a":"מוצקין 16"}},{"type":"Feature","id":"696-215","geometry":{"type":"Point","coordinates":[34.77607,32.09429]},"properties":{"n":"קרמסקי","c":"park","s":"tlv","a":"מיכה 22"}},{"type":"Feature","id":"696-221","geometry":{"type":"Point","coordinates":[34.78681,32.09114]},"properties":{"n":"דרוויש נורי","c":"park","s":"tlv","a":"פנקס דוד צבי 27"}},{"type":"Feature","id":"696-231","geometry":{"type":"Point","coordinates":[34.79897,32.11189]},"properties":{"n":"ברודצקי 4 6","c":"park","s":"tlv","a":"ברודצקי 64"}},{"type":"Feature","id":"696-235","geometry":{"type":"Point","coordinates":[34.79452,32.1078]},"properties":{"n":"רדינג 33","c":"sport","s":"tlv","a":"רדינג 33"}},{"type":"Feature","id":"696-237","geometry":{"type":"Point","coordinates":[34.77128,32.09045]},"properties":{"n":"חוף הילטון","c":"sport","s":"tlv","a":"הירקון 222"}},{"type":"Feature","id":"696-241","geometry":{"type":"Point","coordinates":[34.77852,32.08706]},"properties":{"n":"מלץ","c":"park","s":"tlv","a":"אמסטרדם 5"}},{"type":"Feature","id":"696-242","geometry":{"type":"Point","coordinates":[34.79993,32.09648]},"properties":{"n":"ירושלמי","c":"park","s":"tlv","a":"ירושלמי 7"}},{"type":"Feature","id":"696-244","geometry":{"type":"Point","coordinates":[34.79949,32.09418]},"properties":{"n":"עוזיאל","c":"park","s":"tlv","a":"עוזיאל 13"}},{"type":"Feature","id":"696-245","geometry":{"type":"Point","coordinates":[34.7851,32.08853]},"properties":{"n":"מוזיר","c":"school","s":"tlv","a":"מוזר יעקב"}},{"type":"Feature","id":"696-26","geometry":{"type":"Point","coordinates":[34.79694,32.11697]},"properties":{"n":"טאגור רבינדרנארט","c":"park","s":"tlv","a":"טאגור רבינדרנת 32"}},{"type":"Feature","id":"696-260","geometry":{"type":"Point","coordinates":[34.82194,32.11393]},"properties":{"n":"ברלין","c":"park","s":"tlv+osm","a":"קהילת ריגה 16"}},{"type":"Feature","id":"696-266","geometry":{"type":"Point","coordinates":[34.79024,32.10706]},"properties":{"n":"ז`ילבר פייר","c":"park","s":"tlv","a":"בורלא יהודה 21"}},{"type":"Feature","id":"696-267","geometry":{"type":"Point","coordinates":[34.79522,32.12019]},"properties":{"n":"יהודה הנשיא 1 4","c":"park","s":"tlv","a":"יהודה הנשיא 38"}},{"type":"Feature","id":"696-272","geometry":{"type":"Point","coordinates":[34.79937,32.0947]},"properties":{"n":"בבלי-שלוחה הרב ניסים","c":"school","s":"tlv","a":"הרב ניסים 17"}},{"type":"Feature","id":"696-274","geometry":{"type":"Point","coordinates":[34.81579,32.11992]},"properties":{"n":"קריספין חיים","c":"park","s":"tlv","a":"מיזאן 16"}},{"type":"Feature","id":"696-276","geometry":{"type":"Point","coordinates":[34.79722,32.10517]},"properties":{"n":"קרן היסוד","c":"sport","s":"tlv","a":"קרן היסוד 9"}},{"type":"Feature","id":"696-281","geometry":{"type":"Point","coordinates":[34.80582,32.11854]},"properties":{"n":"קרטר","c":"park","s":"tlv","a":"קלצ'קין 21"}},{"type":"Feature","id":"696-283","geometry":{"type":"Point","coordinates":[34.8033,32.12279]},"properties":{"n":"רקנאטי ליאון","c":"park","s":"tlv","a":"רקנאטי ליאון 4"}},{"type":"Feature","id":"696-290","geometry":{"type":"Point","coordinates":[34.79203,32.08718]},"properties":{"n":"אברהם ברוך","c":"park","s":"tlv","a":"שרת משה 66"}},{"type":"Feature","id":"696-291","geometry":{"type":"Point","coordinates":[34.773,32.08872]},"properties":{"n":"טאו","c":"park","s":"tlv","a":"בן יהודה 161"}},{"type":"Feature","id":"696-299","geometry":{"type":"Point","coordinates":[34.81875,32.10668]},"properties":{"n":"קיציס יוסף 2","c":"park","s":"tlv","a":"קיציס יוסף 2"}},{"type":"Feature","id":"696-301","geometry":{"type":"Point","coordinates":[34.79553,32.11519]},"properties":{"n":"יחדיו","c":"school","s":"tlv","a":"יהודה הנשיא 6"}},{"type":"Feature","id":"696-305","geometry":{"type":"Point","coordinates":[34.77232,32.09203]},"properties":{"n":"העצמאות","c":"park","s":"tlv","a":"הירקון 248"}},{"type":"Feature","id":"696-306","geometry":{"type":"Point","coordinates":[34.79285,32.12396]},"properties":{"n":"אליהו ברלין","c":"park","s":"tlv","a":"ברלין אליהו"}},{"type":"Feature","id":"696-314","geometry":{"type":"Point","coordinates":[34.79365,32.12807]},"properties":{"n":"מוקדי פ.סמבורסקי","c":"park","s":"tlv","a":"סמבורסקי דניאל"}},{"type":"Feature","id":"696-317","geometry":{"type":"Point","coordinates":[34.79322,32.12602]},"properties":{"n":"שניצר","c":"park","s":"tlv","a":"שניצר שמואל 4"}},{"type":"Feature","id":"696-319","geometry":{"type":"Point","coordinates":[34.81545,32.11463]},"properties":{"n":"עמרי 4 1","c":"sport","s":"tlv","a":"עמרי 14"}},{"type":"Feature","id":"696-320","geometry":{"type":"Point","coordinates":[34.81682,32.10783]},"properties":{"n":"קהילת לודג`","c":"park","s":"tlv","a":"קהילת לודג' 37"}},{"type":"Feature","id":"696-321","geometry":{"type":"Point","coordinates":[34.79442,32.12992]},"properties":{"n":"גרינברג אורי צבי","c":"park","s":"tlv","a":"גרינברג אורי צבי 15"}},{"type":"Feature","id":"696-322","geometry":{"type":"Point","coordinates":[34.80127,32.10891]},"properties":{"n":"כפר יונה 4 1","c":"sport","s":"tlv","a":"כפר יונה 14"}},{"type":"Feature","id":"696-324","geometry":{"type":"Point","coordinates":[34.77595,32.08711]},"properties":{"n":"נצר שרגא ודבורה","c":"park","s":"tlv","a":"מהר\"ל 1"}},{"type":"Feature","id":"696-330","geometry":{"type":"Point","coordinates":[34.7958,32.11066]},"properties":{"n":"בלום ליאון 4 1","c":"sport","s":"tlv","a":"בלום ליאון 19"}},{"type":"Feature","id":"696-332","geometry":{"type":"Point","coordinates":[34.78962,32.10387]},"properties":{"n":"בראלי מול 0 1","c":"sport","s":"tlv","a":"בראלי 10"}},{"type":"Feature","id":"696-334","geometry":{"type":"Point","coordinates":[34.79224,32.11898]},"properties":{"n":"דולצין אריה 9","c":"park","s":"tlv","a":"דולצ'ין אריה 9"}},{"type":"Feature","id":"696-344","geometry":{"type":"Point","coordinates":[34.77673,32.09068]},"properties":{"n":"וינר","c":"park","s":"tlv","a":"מנדלשטם עמנואל ד\"ר 7"}},{"type":"Feature","id":"696-35","geometry":{"type":"Point","coordinates":[34.80382,32.12605]},"properties":{"n":"ליש יהודה - עליון","c":"park","s":"tlv","a":"קשאני אליעזר 5"}},{"type":"Feature","id":"696-360","geometry":{"type":"Point","coordinates":[34.80083,32.11932]},"properties":{"n":"גייגר","c":"sport","s":"tlv","a":"גייגר 14"}},{"type":"Feature","id":"696-375","geometry":{"type":"Point","coordinates":[34.79541,32.125]},"properties":{"n":"נופי ים -בויאר 6","c":"park","s":"tlv","a":"בויאר אברהם 6"}},{"type":"Feature","id":"696-377","geometry":{"type":"Point","coordinates":[34.79722,32.1218]},"properties":{"n":"רבינא","c":"sport","s":"tlv","a":"רבינא 4"}},{"type":"Feature","id":"696-378","geometry":{"type":"Point","coordinates":[34.79996,32.11564]},"properties":{"n":"מוריץ דניאל","c":"park","s":"tlv","a":"מוריץ דניאל 11"}},{"type":"Feature","id":"696-38","geometry":{"type":"Point","coordinates":[34.79261,32.11728]},"properties":{"n":"תמיר שמואל","c":"sport","s":"tlv","a":"תמיר שמואל 27"}},{"type":"Feature","id":"696-384","geometry":{"type":"Point","coordinates":[34.79694,32.12831]},"properties":{"n":"מלקינד","c":"park","s":"tlv+osm","a":"ברזאני משה 11"}},{"type":"Feature","id":"696-390","geometry":{"type":"Point","coordinates":[34.78774,32.08859]},"properties":{"n":"בילטמור","c":"park","s":"tlv","a":"בילטמור 12"}},{"type":"Feature","id":"696-392","geometry":{"type":"Point","coordinates":[34.80652,32.12381]},"properties":{"n":"ברקאי שמואל","c":"park","s":"tlv","a":"ברקאי שמואל 8"}},{"type":"Feature","id":"696-4","geometry":{"type":"Point","coordinates":[34.7899,32.10806]},"properties":{"n":"ארן חצר טיבעית","c":"school","s":"tlv","a":"בורלא יהודה 25"}},{"type":"Feature","id":"696-405","geometry":{"type":"Point","coordinates":[34.79295,32.13342]},"properties":{"n":"הצורי צפונית - 2","c":"school","s":"tlv","a":"פרסיץ שושנה 3"}},{"type":"Feature","id":"696-417","geometry":{"type":"Point","coordinates":[34.81989,32.12244]},"properties":{"n":"גן האקליפטוס","c":"park","s":"tlv","a":"בת מרים יוכבד 20"}},{"type":"Feature","id":"696-418","geometry":{"type":"Point","coordinates":[34.78984,32.08912]},"properties":{"n":"פולק","c":"park","s":"tlv+osm","a":"ויצמן 71"}},{"type":"Feature","id":"696-419","geometry":{"type":"Point","coordinates":[34.79316,32.10309]},"properties":{"n":"לבנון חיים 1","c":"sport","s":"tlv","a":"לבנון חיים 1"}},{"type":"Feature","id":"696-423","geometry":{"type":"Point","coordinates":[34.81702,32.11083]},"properties":{"n":"מרק","c":"park","s":"tlv","a":"הדר יוסף 1"}},{"type":"Feature","id":"696-424","geometry":{"type":"Point","coordinates":[34.79295,32.13342]},"properties":{"n":"הצורי צפונית - 4","c":"school","s":"tlv","a":"פרסיץ שושנה 3"}},{"type":"Feature","id":"696-437","geometry":{"type":"Point","coordinates":[34.7819,32.09436]},"properties":{"n":"ככר היל","c":"park","s":"tlv","a":"היל 1"}},{"type":"Feature","id":"696-441","geometry":{"type":"Point","coordinates":[34.79287,32.10591]},"properties":{"n":"קרני יהודה","c":"park","s":"tlv","a":"קרני יהודה 15"}},{"type":"Feature","id":"696-462","geometry":{"type":"Point","coordinates":[34.7967,32.11605]},"properties":{"n":"טאגור סביב בית השחמט","c":"park","s":"tlv","a":"טאגור רבינדרנת 26"}},{"type":"Feature","id":"696-464","geometry":{"type":"Point","coordinates":[34.81907,32.11126]},"properties":{"n":"ילין","c":"sport","s":"tlv","a":"קהילת ורשה 14"}},{"type":"Feature","id":"696-471","geometry":{"type":"Point","coordinates":[34.7719,32.09444]},"properties":{"n":"חוף מציצים","c":"sport","s":"tlv","a":"חבקוק"}},{"type":"Feature","id":"696-475","geometry":{"type":"Point","coordinates":[34.79674,32.08682]},"properties":{"n":"צמרות","c":"park","s":"tlv","a":"אלוני ניסים 2"}},{"type":"Feature","id":"696-486","geometry":{"type":"Point","coordinates":[34.79762,32.12407]},"properties":{"n":"בויאר 1 פ.בן יוסף","c":"park","s":"tlv","a":"בויאר אברהם 1"}},{"type":"Feature","id":"696-490","geometry":{"type":"Point","coordinates":[34.79355,32.08868]},"properties":{"n":"בית יעקוב","c":"school","s":"tlv","a":"אהבת ציון 22"}},{"type":"Feature","id":"696-493","geometry":{"type":"Point","coordinates":[34.77876,32.08753]},"properties":{"n":"קורדובה 10","c":"sport","s":"tlv","a":"קורדובה 10"}},{"type":"Feature","id":"696-50","geometry":{"type":"Point","coordinates":[34.77901,32.09531]},"properties":{"n":"אוסישקין 11","c":"sport","s":"tlv","a":"אוסישקין 11"}},{"type":"Feature","id":"696-500","geometry":{"type":"Point","coordinates":[34.78442,32.09237]},"properties":{"n":"יהודה מכבי","c":"school","s":"tlv","a":"אנטיגונוס 6"}},{"type":"Feature","id":"696-502","geometry":{"type":"Point","coordinates":[34.79507,32.11026]},"properties":{"n":"אליאנס","c":"school","s":"tlv","a":"ברש אשר 2"}},{"type":"Feature","id":"696-506","geometry":{"type":"Point","coordinates":[34.79016,32.11123]},"properties":{"n":"בורלא מאחורי 9 3","c":"sport","s":"tlv","a":"בורלא יהודה 39"}},{"type":"Feature","id":"696-512","geometry":{"type":"Point","coordinates":[34.82465,32.10694]},"properties":{"n":"גיל - קומה 1","c":"school","s":"tlv","a":"אש שלום"}},{"type":"Feature","id":"696-525","geometry":{"type":"Point","coordinates":[34.81127,32.1238]},"properties":{"n":"אלכסנדר פן","c":"park","s":"tlv","a":"פן אלכסנדר 12"}},{"type":"Feature","id":"696-528","geometry":{"type":"Point","coordinates":[34.82465,32.10694]},"properties":{"n":"גיל - קרקע","c":"school","s":"tlv","a":"אש שלום"}},{"type":"Feature","id":"696-56","geometry":{"type":"Point","coordinates":[34.78582,32.09316]},"properties":{"n":"אלעזר החורני","c":"park","s":"tlv","a":"אלעזר החורני 3"}},{"type":"Feature","id":"696-61","geometry":{"type":"Point","coordinates":[34.80179,32.12323]},"properties":{"n":"בוקשפן","c":"sport","s":"tlv","a":"בית צורי אליהו 22"}},{"type":"Feature","id":"696-62","geometry":{"type":"Point","coordinates":[34.82284,32.11202]},"properties":{"n":"קהילת בודפסט","c":"park","s":"tlv","a":"מבצע קדש 64"}},{"type":"Feature","id":"696-64","geometry":{"type":"Point","coordinates":[34.80005,32.11398]},"properties":{"n":"הופיין","c":"park","s":"tlv","a":"הופיין 6"}},{"type":"Feature","id":"696-71","geometry":{"type":"Point","coordinates":[34.79203,32.12919]},"properties":{"n":"המייסדים","c":"park","s":"tlv+osm","a":"גרינברג אורי צבי 25"}},{"type":"Feature","id":"696-78","geometry":{"type":"Point","coordinates":[34.78585,32.11426]},"properties":{"n":"הגוש הגדול","c":"park","s":"tlv","a":"זינגר בשביס יצחק"}},{"type":"Feature","id":"696-79","geometry":{"type":"Point","coordinates":[34.77703,32.09291]},"properties":{"n":"גימפל","c":"park","s":"tlv","a":"מלאכי 8"}},{"type":"Feature","id":"696-87","geometry":{"type":"Point","coordinates":[34.81816,32.11701]},"properties":{"n":"בי\"ס שושנה דמארי","c":"school","s":"tlv","a":"בני אפרים 228"}},{"type":"Feature","id":"696-90","geometry":{"type":"Point","coordinates":[34.79481,32.13208]},"properties":{"n":"מצדה - חצר טבעית קדמית","c":"school","s":"tlv","a":"פרסיץ שושנה 7"}},{"type":"Feature","id":"696-94","geometry":{"type":"Point","coordinates":[34.80542,32.12559]},"properties":{"n":"רוזין","c":"park","s":"tlv","a":"דרזנר יחיאל 2"}},{"type":"Feature","id":"696-98","geometry":{"type":"Point","coordinates":[34.77944,32.08907]},"properties":{"n":"גימפל דורה","c":"park","s":"tlv","a":"יוצ\"ר 10"}},{"type":"Feature","id":"6992","geometry":{"type":"Point","coordinates":[34.79666,32.12698]},"properties":{"n":"מועדון כחול","c":"gym","s":"tlv","a":"ברזאני משה"}},{"type":"Feature","id":"7","geometry":{"type":"Point","coordinates":[34.77152,32.09405]},"properties":{"n":"מתקן כדורעף חופים","c":"sport","s":"tlv","a":"חבקוק","e":"ent_82375318db22be13ef1d0afc","p":"place/azorei-chen-light-rail/"}},{"type":"Feature","id":"7","geometry":{"type":"Point","coordinates":[34.78997,32.12695]},"properties":{"n":"אזורי חן","c":"lrt_station","s":"tlv","e":"ent_82375318db22be13ef1d0afc","p":"place/azorei-chen-light-rail/","f":1}},{"type":"Feature","id":"700","geometry":{"type":"Point","coordinates":[34.77487,32.08732]},"properties":{"n":"קיוסק מנשה","c":"shopping","s":"tlv","a":"דיזנגוף"}},{"type":"Feature","id":"7005","geometry":{"type":"Point","coordinates":[34.80223,32.11623]},"properties":{"n":"קפה יותו","c":"restaurant","s":"tlv","a":"אוניברסיטת ת\"א"}},{"type":"Feature","id":"7017","geometry":{"type":"Point","coordinates":[34.78281,32.0896]},"properties":{"n":"עיצוב שער טוני","c":"wellness","s":"tlv","a":"אבן גבירול"}},{"type":"Feature","id":"7090","geometry":{"type":"Point","coordinates":[34.77578,32.09685]},"properties":{"n":"נאם","c":"restaurant","s":"tlv","a":"דיזנגוף"}},{"type":"Feature","id":"7101","geometry":{"type":"Point","coordinates":[34.78525,32.0937]},"properties":{"n":"ג'ונו","c":"cafe","s":"tlv+osm","a":"יהודה המכבי"}},{"type":"Feature","id":"7102","geometry":{"type":"Point","coordinates":[34.77293,32.08589]},"properties":{"n":"איי די אידנטטי","c":"wellness","s":"tlv","a":"בן יהודה"}},{"type":"Feature","id":"7105","geometry":{"type":"Point","coordinates":[34.80179,32.12507]},"properties":{"n":"ארומה","c":"restaurant","s":"tlv","a":"אחימאיר אבא"}},{"type":"Feature","id":"711","geometry":{"type":"Point","coordinates":[34.81598,32.11154]},"properties":{"n":"שאור מעוז אביב","c":"restaurant","s":"tlv","a":"בני אפרים"}},{"type":"Feature","id":"7115","geometry":{"type":"Point","coordinates":[34.78923,32.09119]},"properties":{"n":"פיצוחי פנקס","c":"shopping","s":"tlv","a":"פנקס דוד צבי"}},{"type":"Feature","id":"7133","geometry":{"type":"Point","coordinates":[34.78292,32.0902]},"properties":{"n":"פריז ארטיקים מפרות טבעיים","c":"shopping","s":"tlv","a":"אבן גבירול"}},{"type":"Feature","id":"7152","geometry":{"type":"Point","coordinates":[34.78035,32.09017]},"properties":{"n":"המקום של רונן","c":"restaurant","s":"tlv","a":"אשתורי הפרחי"}},{"type":"Feature","id":"7154","geometry":{"type":"Point","coordinates":[34.78037,32.0903]},"properties":{"n":"סלון אליזבת","c":"wellness","s":"tlv","a":"אשתורי הפרחי"}},{"type":"Feature","id":"7170","geometry":{"type":"Point","coordinates":[34.77513,32.09327]},"properties":{"n":"דיאקנטוס","c":"shopping","s":"tlv","a":"בן יהודה"}},{"type":"Feature","id":"7196","geometry":{"type":"Point","coordinates":[34.79249,32.13007]},"properties":{"n":"פרשמרקט בע\"מ","c":"shopping","s":"tlv","a":"גרינברג אורי צבי"}},{"type":"Feature","id":"7197","geometry":{"type":"Point","coordinates":[34.79217,32.13058]},"properties":{"n":"פרשמרקט בע\"מ","c":"shopping","s":"tlv","a":"גרינברג אורי צבי"}},{"type":"Feature","id":"7239","geometry":{"type":"Point","coordinates":[34.77941,32.08978]},"properties":{"n":"גיזת הזהב","c":"shopping","s":"tlv","a":"בזל"}},{"type":"Feature","id":"7252","geometry":{"type":"Point","coordinates":[34.80028,32.12592]},"properties":{"n":"סנונית","c":"kindergarten","s":"tlv","a":"ברון עקיבא 4"}},{"type":"Feature","id":"7270","geometry":{"type":"Point","coordinates":[34.78368,32.0942]},"properties":{"n":"פיצוחי אמיר","c":"shopping","s":"tlv","a":"אבן גבירול"}},{"type":"Feature","id":"7340","geometry":{"type":"Point","coordinates":[34.78249,32.09133]},"properties":{"n":"שופרסל בע\"מ","c":"supermarket","s":"tlv","a":"אבן גבירול"}},{"type":"Feature","id":"7345","geometry":{"type":"Point","coordinates":[34.79946,32.11295]},"properties":{"n":"מחסני להב","c":"supermarket","s":"tlv","a":"אינשטיין"}},{"type":"Feature","id":"737","geometry":{"type":"Point","coordinates":[34.76821,32.08549]},"properties":{"n":"בריכת גודון - מועדון בריא","c":"sport","s":"tlv","a":"פרי אליעזר"}},{"type":"Feature","id":"7380","geometry":{"type":"Point","coordinates":[34.77745,32.09511]},"properties":{"n":"תפוח 2000","c":"supermarket","s":"tlv","a":"זכריה"}},{"type":"Feature","id":"740","geometry":{"type":"Point","coordinates":[34.79993,32.12035]},"properties":{"n":"בייקרי נווה אביב","c":"restaurant","s":"tlv","a":"אופנהיימר"}},{"type":"Feature","id":"7423","geometry":{"type":"Point","coordinates":[34.77742,32.08616]},"properties":{"n":"טבע קסטל","c":"supermarket","s":"tlv+osm","a":"ארלוזורוב"}},{"type":"Feature","id":"74344","geometry":{"type":"Point","coordinates":[34.77967,32.09396]},"properties":{"n":"נוה הדר-רווחה","c":"school","s":"tlv","a":"הדר 1","e":"ent_f09565d612a70ab701099546","p":"place/school-74344/"}},{"type":"Feature","id":"745-1","geometry":{"type":"Point","coordinates":[34.80407,32.11041]},"properties":{"n":"אודיטוריום סמולארש","c":"culture","s":"tlv","a":"רחוב ג'ורג' וייז","w":"https://smolarz.tau.ac.il/","e":"ent_10fc86ba6c2f4434133b8f03","p":"place/smolarz-auditorium/"}},{"type":"Feature","id":"745-104","geometry":{"type":"Point","coordinates":[34.82227,32.10806]},"properties":{"n":"בית פרנקפורט","c":"library","s":"tlv","a":"קיציס 23","w":"https://www.tel-aviv.gov.il/Residents/CommunityAndSports/Pages/BeitFrankfurt.aspx?IccID=45","e":"ent_709d88b90c8d4b778603b7af","p":"place/culture-745-104/"}},{"type":"Feature","id":"745-107","geometry":{"type":"Point","coordinates":[34.77546,32.09857]},"properties":{"n":"נמל תל אביב","c":"culture","s":"tlv","a":"כ\"ג יורדי הסירה 1","w":"https://www.namal.co.il/","e":"ent_4e35cc441ae147078a621eaf","p":"place/tel-aviv-port/"}},{"type":"Feature","id":"745-122","geometry":{"type":"Point","coordinates":[34.80791,32.1137]},"properties":{"n":"מוזיאון הטבע ע\"ש שטיינהרדט אוניברסיטת תל אביב","c":"culture","s":"tlv","a":"קלאוזנר 12","w":"https://smnh.tau.ac.il","e":"ent_5caa8d033ef12ed0118df986","p":"place/steinhardt-natural-history-museum/"}},{"type":"Feature","id":"745-124","geometry":{"type":"Point","coordinates":[34.80531,32.11358]},"properties":{"n":"אנו מוזיאון העם היהודי","c":"culture","s":"tlv+osm","a":"קלוזנר 17","w":"https://anumuseum.org.il","e":"ent_d29962132c2cc193ffa90e4e","p":"place/anu-museum/"}},{"type":"Feature","id":"745-127","geometry":{"type":"Point","coordinates":[34.79874,32.10424]},"properties":{"n":"מוזיאון הפלמ\"ח","c":"culture","s":"tlv+osm","a":"חיים לבנון 10","w":"https://palmach.org.il","e":"ent_f7d20e8d2fc524c589272994","p":"place/palmach-museum/"}},{"type":"Feature","id":"745-132","geometry":{"type":"Point","coordinates":[34.8081,32.09905]},"properties":{"n":"אמפיתיאטרון וואהל","c":"culture","s":"tlv","a":"מול רוקח 101","w":"https://www.tel-aviv.gov.il/Visitors/ArtCulture/Pages/WohlAmphitheatre.aspx?IccID=208","e":"ent_aa7b24412b9e1f66de67c14d","p":"place/wohl-amphitheatre/"}},{"type":"Feature","id":"745-133","geometry":{"type":"Point","coordinates":[34.80905,32.10566]},"properties":{"n":"אקספו תל אביב","c":"culture","s":"tlv","a":"שדרות רוקח 101","w":"https://expotelaviv.co.il","e":"ent_5c13e6b7eb550f28cbea27f5","p":"place/expo-tel-aviv/"}},{"type":"Feature","id":"745-15","geometry":{"type":"Point","coordinates":[34.77366,32.09091]},"properties":{"n":"ת\"א תרבות בית פייטלוביץ'","c":"culture","s":"tlv","a":"ויתקין 20","e":"ent_7efe10641aed4868a585e1bf","p":"place/culture-745-15/"}},{"type":"Feature","id":"745-18","geometry":{"type":"Point","coordinates":[34.82404,32.10535]},"properties":{"n":"וולודרום","c":"culture","s":"tlv","a":"בכור שטרית 10 א","w":"https://velodrome.org.il/%d7%a2%d7%9c-%d7%94%d7%95%d7%95%d7%9c%d7%95%d7%93%d7%a8%d7%95%d7%9d/","e":"ent_f7f8b90fa5a915cae9f1b316","p":"place/velodrome-tel-aviv/"}},{"type":"Feature","id":"745-20","geometry":{"type":"Point","coordinates":[34.80406,32.12696]},"properties":{"n":"מרכז קהילתי רוזין","c":"library","s":"tlv","a":"דרזנר יחיאל 2","w":"https://www.tel-aviv.gov.il/Residents/CommunityAndSports/Pages/Rozin.aspx?IccID=110","e":"ent_4cdc12ab1a24d605bc16592a","p":"place/culture-745-20/"}},{"type":"Feature","id":"745-23","geometry":{"type":"Point","coordinates":[34.79693,32.11584]},"properties":{"n":"מרכז קהילתי בית השחמט ע\"ש סול וסיסי מרק","c":"library","s":"tlv","a":"טאגור 26","w":"https://www.tel-aviv.gov.il/Residents/CommunityAndSports/Pages/ChessCenter.aspx?IccID=26","e":"ent_3b3389103c3c064adef190b9","p":"place/culture-745-23/"}},{"type":"Feature","id":"745-25","geometry":{"type":"Point","coordinates":[34.81074,32.10921]},"properties":{"n":"היכל קבוצת שלמה","c":"culture","s":"tlv","a":"אייזיק רמבה 7","w":"https://sportpalace.co.il","e":"ent_786449dd0447922f5209cb1c","p":"place/culture-745-25/"}},{"type":"Feature","id":"745-28","geometry":{"type":"Point","coordinates":[34.79106,32.09042]},"properties":{"n":"תיאטרון בית החייל תל אביב","c":"culture","s":"tlv","a":"ויצמן 60","w":"https://bh-tlv.co.il/","e":"ent_a657a17bc8b0f0fcfdfb91f6","p":"place/beit-hahayal-theatre/"}},{"type":"Feature","id":"745-4","geometry":{"type":"Point","coordinates":[34.78016,32.08509]},"properties":{"n":"בית האמנים","c":"culture","s":"tlv","a":"אלחריזי 9","w":"https://artisthouse.co.il","e":"ent_a8061fd332cce5186a7f83da","p":"place/culture-745-4/"}},{"type":"Feature","id":"745-44","geometry":{"type":"Point","coordinates":[34.80338,32.11428]},"properties":{"n":"תיאטרון האוניברסיטה","c":"culture","s":"tlv","a":"מכסיקו","w":"https://arts.tau.ac.il/","e":"ent_86bfc94fe23564e798044877","p":"place/culture-745-44/"}},{"type":"Feature","id":"745-48","geometry":{"type":"Point","coordinates":[34.77783,32.10254]},"properties":{"n":"פארק רדינג","c":"culture","s":"tlv","a":"זאבי רחבעם (גנדי) 1 תל אביב - יפו","e":"ent_1e91b8ea7598ae3b34dfb7c2","p":"place/reading-park/"}},{"type":"Feature","id":"745-5","geometry":{"type":"Point","coordinates":[34.79416,32.10207]},"properties":{"n":"בוסתן מוז\"א","c":"culture","s":"tlv","a":"דרך נמיר 160","e":"ent_13ba0549093a7fa43497e4c0","p":"place/culture-745-5/"}},{"type":"Feature","id":"745-50","geometry":{"type":"Point","coordinates":[34.8107,32.10042]},"properties":{"n":"פארק הירקון גני יהושע","c":"culture","s":"tlv","a":"שדרות רוקח 40","w":"https://park.co.il","e":"ent_9981a82980e1c54d03898f00","p":"place/yarkon-park/"}},{"type":"Feature","id":"745-51","geometry":{"type":"Point","coordinates":[34.78635,32.10135]},"properties":{"n":"ספריית כוכב הצפון","c":"library","s":"tlv","a":"קובנר אבא 16","w":"https://ariela.today/libraries/kochav"}},{"type":"Feature","id":"745-6","geometry":{"type":"Point","coordinates":[34.80451,32.11412]},"properties":{"n":"ביה\"ס למוזיקה ע\"ש בוכמן מהטה אולם קלרמונט","c":"culture","s":"tlv","a":"חיים לבנון 55","w":"https://arts.tau.ac.il/music","e":"ent_8fa9425f36d07f232a00dd9f","p":"place/culture-745-6/"}},{"type":"Feature","id":"745-63","geometry":{"type":"Point","coordinates":[34.77921,32.09258]},"properties":{"n":"מרכז קהילתי מגיד","c":"library","s":"tlv","a":"שדרות נורדאו 63","w":"https://www.tel-aviv.gov.il/Residents/CommunityAndSports/Pages/Magid.aspx?IccID=48","e":"ent_eb46f7607e915f56585e7e74","p":"place/culture-745-63/"}},{"type":"Feature","id":"745-7","geometry":{"type":"Point","coordinates":[34.77169,32.08531]},"properties":{"n":"בית בן גוריון","c":"culture","s":"tlv+osm","a":"שדרות בן גוריון 17","w":"https://bg-house.org","e":"ent_4722d2fefdbc909ce75a8e81","p":"place/ben-gurion-house/"}},{"type":"Feature","id":"745-76","geometry":{"type":"Point","coordinates":[34.796,32.10302]},"properties":{"n":"מוזיאון ארץ ישראל - מוז\"א","c":"culture","s":"tlv","a":"חיים לבנון 2","w":"https://eretzmuseum.org.il","e":"ent_e242931db0502ea3951d2841","p":"place/eretz-israel-museum/"}},{"type":"Feature","id":"745-80","geometry":{"type":"Point","coordinates":[34.77184,32.08617]},"properties":{"n":"הספרייה ע\"ש ניסטור","c":"library","s":"tlv","a":"לסל 7","w":"https://ariela.today/library/%d7%a1%d7%a4%d7%a8%d7%99%d7%99%d7%aa-%d7%a0%d7%99%d7%a1%d7%98%d7%95%d7%a8/","e":"ent_dbf0a054050eff0970748e94","p":"place/culture-745-80/"}},{"type":"Feature","id":"745-81","geometry":{"type":"Point","coordinates":[34.78759,32.09284]},"properties":{"n":"הקונסרבטוריון הישראלי למוסיקה","c":"culture","s":"tlv","a":"לואי מרשל 25","w":"https://icm.org.il","e":"ent_d992a43818bc5139fd71ea8e","p":"place/israel-conservatory/"}},{"type":"Feature","id":"745-88","geometry":{"type":"Point","coordinates":[34.80419,32.11481]},"properties":{"n":"הגלריה האוניברסיטאית לאמנות ע\"ש גניה שרייבר","c":"culture","s":"tlv","a":"אוניברסיטת","w":"https://arts.tau.ac.il","e":"ent_c0dda202504419ef54174188","p":"place/culture-745-88/"}},{"type":"Feature","id":"745-9","geometry":{"type":"Point","coordinates":[34.79302,32.09185]},"properties":{"n":"בית יד לבנים","c":"library","s":"tlv","a":"פנקס דוד צבי 63","w":"https://www.tel-aviv.gov.il/Visitors/ArtCulture/Pages/yadlebanim.aspx?IccID=21","e":"ent_511633d6e6323e4c809b7892","p":"place/yad-labanim-house/"}},{"type":"Feature","id":"746","geometry":{"type":"Point","coordinates":[34.79741,32.1078]},"properties":{"n":"m25","c":"restaurant","s":"tlv","a":"ברודצקי"}},{"type":"Feature","id":"7467","geometry":{"type":"Point","coordinates":[34.8011,32.11842]},"properties":{"n":"בית מאפה אביבים","c":"cafe","s":"tlv","a":"טאגור רבינדרנת"}},{"type":"Feature","id":"7486","geometry":{"type":"Point","coordinates":[34.79217,32.13058]},"properties":{"n":"פרשמרקט בע\"מ","c":"supermarket","s":"tlv","a":"גרינברג אורי צבי"}},{"type":"Feature","id":"7521","geometry":{"type":"Point","coordinates":[34.79747,32.11735]},"properties":{"n":"ידע בשרים אטליז בע\"מ","c":"shopping","s":"tlv","a":"טאגור רבינדרנת"}},{"type":"Feature","id":"7556","geometry":{"type":"Point","coordinates":[34.78399,32.0995]},"properties":{"n":"\"יופיטר\"","c":"shopping","s":"tlv","a":"בוני העיר"}},{"type":"Feature","id":"7618","geometry":{"type":"Point","coordinates":[34.79167,32.09089]},"properties":{"n":"פופקו דנטל בע\"מ","c":"shopping","s":"tlv","a":"פנקס דוד צבי"}},{"type":"Feature","id":"7629","geometry":{"type":"Point","coordinates":[34.77683,32.09437]},"properties":{"n":"איי לאב קאפקייק","c":"cafe","s":"tlv","a":"דיזנגוף"}},{"type":"Feature","id":"7641","geometry":{"type":"Point","coordinates":[34.77742,32.08616]},"properties":{"n":"אורן אהרוני","c":"wellness","s":"tlv","a":"ארלוזורוב"}},{"type":"Feature","id":"7671","geometry":{"type":"Point","coordinates":[34.79762,32.11178]},"properties":{"n":"מדאמס","c":"restaurant","s":"tlv","a":"ברודצקי"}},{"type":"Feature","id":"7710","geometry":{"type":"Point","coordinates":[34.79083,32.09042]},"properties":{"n":"בית החייל","c":"cafe","s":"tlv","a":"ויצמן"}},{"type":"Feature","id":"7750","geometry":{"type":"Point","coordinates":[34.77718,32.09502]},"properties":{"n":"הבלינצס ההונגרי","c":"cafe","s":"tlv","a":"ירמיהו הנביא"}},{"type":"Feature","id":"7764","geometry":{"type":"Point","coordinates":[34.79062,32.0879]},"properties":{"n":"סוזי","c":"wellness","s":"tlv","a":"הא באייר"}},{"type":"Feature","id":"780","geometry":{"type":"Point","coordinates":[34.78033,32.08966]},"properties":{"n":"לחם תושיה","c":"shopping","s":"tlv","a":"בזל"}},{"type":"Feature","id":"781","geometry":{"type":"Point","coordinates":[34.77281,32.08554]},"properties":{"n":"new york barbershop","c":"wellness","s":"tlv","a":"בן יהודה"}},{"type":"Feature","id":"7822","geometry":{"type":"Point","coordinates":[34.77445,32.09212]},"properties":{"n":"רשת החקלאי","c":"supermarket","s":"tlv","a":"בן יהודה"}},{"type":"Feature","id":"7856","geometry":{"type":"Point","coordinates":[34.79745,32.10701]},"properties":{"n":"מרכז הדגים","c":"shopping","s":"tlv","a":"ברודצקי"}},{"type":"Feature","id":"7886","geometry":{"type":"Point","coordinates":[34.79576,32.11904]},"properties":{"n":"מספרה","c":"wellness","s":"tlv","a":"לויטן יצחק"}},{"type":"Feature","id":"7921","geometry":{"type":"Point","coordinates":[34.81519,32.11348]},"properties":{"n":"מינימרקט מעוד דוד","c":"supermarket","s":"tlv","a":"מבצע קדש"}},{"type":"Feature","id":"7927","geometry":{"type":"Point","coordinates":[34.77397,32.0894]},"properties":{"n":"בן יהודה 194","c":"cafe","s":"tlv","a":"בן יהודה"}},{"type":"Feature","id":"795","geometry":{"type":"Point","coordinates":[34.77482,32.09224]},"properties":{"n":"פלאפל שלמה ובניו","c":"shopping","s":"tlv","a":"בן יהודה"}},{"type":"Feature","id":"7986","geometry":{"type":"Point","coordinates":[34.78999,32.10515]},"properties":{"n":"אפטר תשע","c":"restaurant","s":"tlv","a":"אפטר יעקב"}},{"type":"Feature","id":"8","geometry":{"type":"Point","coordinates":[34.77152,32.09405]},"properties":{"n":"מתקן כדורעף חופים","c":"sport","s":"tlv","a":"חבקוק","e":"ent_d920971b9aa290c6e4301673","p":"place/propes-light-rail/"}},{"type":"Feature","id":"8","geometry":{"type":"Point","coordinates":[34.78846,32.12305]},"properties":{"n":"פרופס","c":"lrt_station","s":"tlv","e":"ent_d920971b9aa290c6e4301673","p":"place/propes-light-rail/","f":1}},{"type":"Feature","id":"8","geometry":{"type":"Point","coordinates":[34.77493,32.08763]},"properties":{"n":"לחם תושיה","c":"shopping","s":"tlv","a":"דיזנגוף","e":"ent_d920971b9aa290c6e4301673","p":"place/propes-light-rail/"}},{"type":"Feature","id":"800","geometry":{"type":"Point","coordinates":[34.7745,32.08585]},"properties":{"n":"בית קפה","c":"cafe","s":"tlv","a":"דיזנגוף"}},{"type":"Feature","id":"8016","geometry":{"type":"Point","coordinates":[34.77666,32.09329]},"properties":{"n":"שיא התכשיט","c":"shopping","s":"tlv","a":"דיזנגוף"}},{"type":"Feature","id":"8054","geometry":{"type":"Point","coordinates":[34.80149,32.12502]},"properties":{"n":"פול ווליום","c":"shopping","s":"tlv","a":"אחימאיר אבא"}},{"type":"Feature","id":"8063","geometry":{"type":"Point","coordinates":[34.77526,32.08895]},"properties":{"n":"סופר יודה","c":"supermarket","s":"tlv+osm","a":"דיזנגוף"}},{"type":"Feature","id":"8078","geometry":{"type":"Point","coordinates":[34.77742,32.08616]},"properties":{"n":"פיצה קיקו","c":"cafe","s":"tlv","a":"ארלוזורוב"}},{"type":"Feature","id":"808","geometry":{"type":"Point","coordinates":[34.79316,32.09393]},"properties":{"n":"מיקי שמו קונדטוריה","c":"shopping","s":"tlv","a":"יהודה המכבי"}},{"type":"Feature","id":"8160","geometry":{"type":"Point","coordinates":[34.77318,32.08677]},"properties":{"n":"סופר יודה","c":"supermarket","s":"tlv","a":"בן יהודה"}},{"type":"Feature","id":"8192","geometry":{"type":"Point","coordinates":[34.79488,32.11406]},"properties":{"n":"MONTI HAIR DESIGN","c":"wellness","s":"tlv","a":"ברגסון"}},{"type":"Feature","id":"8197","geometry":{"type":"Point","coordinates":[34.79762,32.11178]},"properties":{"n":"פצפוצי אביב גיל","c":"shopping","s":"tlv","a":"ברודצקי"}},{"type":"Feature","id":"8201","geometry":{"type":"Point","coordinates":[34.79075,32.09237]},"properties":{"n":"סברס חנויות נוחות בע\"מ","c":"cafe","s":"tlv","a":"ויצמן"}},{"type":"Feature","id":"8218","geometry":{"type":"Point","coordinates":[34.77434,32.08523]},"properties":{"n":"זותא פיצה","c":"restaurant","s":"tlv","a":"דיזנגוף"}},{"type":"Feature","id":"8259","geometry":{"type":"Point","coordinates":[34.79576,32.11904]},"properties":{"n":"קרם פרש","c":"cafe","s":"tlv","a":"לויטן יצחק"}},{"type":"Feature","id":"828","geometry":{"type":"Point","coordinates":[34.7873,32.09111]},"properties":{"n":"פנקס הקטן","c":"restaurant","s":"tlv","a":"פנקס דוד צבי"}},{"type":"Feature","id":"8292","geometry":{"type":"Point","coordinates":[34.80357,32.12493]},"properties":{"n":"פיצה מריצה","c":"restaurant","s":"tlv","a":"אחימאיר אבא"}},{"type":"Feature","id":"83","geometry":{"type":"Point","coordinates":[34.77773,32.09602]},"properties":{"n":"לוטוס","c":"kindergarten","s":"tlv","a":"אוסישקין 7"}},{"type":"Feature","id":"8326","geometry":{"type":"Point","coordinates":[34.7933,32.10811]},"properties":{"n":"גילה","c":"kindergarten","s":"tlv","a":"שמעוני דוד 4"}},{"type":"Feature","id":"8326","geometry":{"type":"Point","coordinates":[34.7933,32.10811]},"properties":{"n":"תזמורת","c":"kindergarten","s":"tlv","a":"שמעוני דוד 4"}},{"type":"Feature","id":"834","geometry":{"type":"Point","coordinates":[34.81038,32.10105]},"properties":{"n":"עיר השעשועים-גני התערוכה","c":"restaurant","s":"tlv","a":"רוקח ישראל"}},{"type":"Feature","id":"8368","geometry":{"type":"Point","coordinates":[34.77463,32.09599]},"properties":{"n":"מפגש חיים","c":"shopping","s":"tlv","a":"הירקון"}},{"type":"Feature","id":"8413","geometry":{"type":"Point","coordinates":[34.78834,32.09557]},"properties":{"n":"אכסנית נוער בני דן","c":"restaurant","s":"tlv","a":"בני דן"}},{"type":"Feature","id":"8417","geometry":{"type":"Point","coordinates":[34.81939,32.10642]},"properties":{"n":"פרח עציץ","c":"kindergarten","s":"tlv","a":"קיציס יוסף 6"}},{"type":"Feature","id":"8417","geometry":{"type":"Point","coordinates":[34.81939,32.10642]},"properties":{"n":"אצטרובל","c":"kindergarten","s":"tlv","a":"קיציס יוסף 6"}},{"type":"Feature","id":"8425","geometry":{"type":"Point","coordinates":[34.82458,32.10714]},"properties":{"n":"תמר","c":"kindergarten","s":"tlv","a":"אש שלום 28"}},{"type":"Feature","id":"8434","geometry":{"type":"Point","coordinates":[34.80216,32.12524]},"properties":{"n":"ג.פ. שוסטר בע\"מ","c":"supermarket","s":"tlv","a":"אחימאיר אבא"}},{"type":"Feature","id":"8438","geometry":{"type":"Point","coordinates":[34.79743,32.11737]},"properties":{"n":"ג'ימיז","c":"restaurant","s":"tlv","a":"טאגור רבינדרנת"}},{"type":"Feature","id":"8463","geometry":{"type":"Point","coordinates":[34.77616,32.09722]},"properties":{"n":"קונטקט הנמל","c":"supermarket","s":"tlv","a":"דיזנגוף"}},{"type":"Feature","id":"8480","geometry":{"type":"Point","coordinates":[34.7839,32.09416]},"properties":{"n":"בשר נטו","c":"shopping","s":"tlv+osm","a":"יהודה המכבי"}},{"type":"Feature","id":"8485","geometry":{"type":"Point","coordinates":[34.78867,32.08576]},"properties":{"n":"לחם ארז","c":"restaurant","s":"tlv","a":"הא באייר"}},{"type":"Feature","id":"8516","geometry":{"type":"Point","coordinates":[34.80635,32.1255]},"properties":{"n":"אלמוגן","c":"kindergarten","s":"tlv","a":"גרונר דב 15"}},{"type":"Feature","id":"8516","geometry":{"type":"Point","coordinates":[34.80635,32.1255]},"properties":{"n":"בוסתן","c":"kindergarten","s":"tlv","a":"גרונר דב 15"}},{"type":"Feature","id":"852","geometry":{"type":"Point","coordinates":[34.77365,32.08822]},"properties":{"n":"שילה","c":"restaurant","s":"tlv","a":"בן יהודה"}},{"type":"Feature","id":"8558","geometry":{"type":"Point","coordinates":[34.80371,32.1249]},"properties":{"n":"מאמס קוקיס","c":"cafe","s":"tlv","a":"אחימאיר אבא"}},{"type":"Feature","id":"8612","geometry":{"type":"Point","coordinates":[34.80257,32.12539]},"properties":{"n":"קרוסל","c":"shopping","s":"tlv","a":"אחימאיר אבא"}},{"type":"Feature","id":"8621","geometry":{"type":"Point","coordinates":[34.7972,32.11635]},"properties":{"n":"בורגרס בר","c":"restaurant","s":"tlv+osm","a":"טאגור רבינדרנת"}},{"type":"Feature","id":"8635","geometry":{"type":"Point","coordinates":[34.80213,32.10925]},"properties":{"n":"מזנון פנימי(מכון התקנים)","c":"restaurant","s":"tlv","a":"לבנון חיים"}},{"type":"Feature","id":"8644","geometry":{"type":"Point","coordinates":[34.78033,32.08966]},"properties":{"n":"פיצה טיק טק טו","c":"restaurant","s":"tlv","a":"בזל"}},{"type":"Feature","id":"8648","geometry":{"type":"Point","coordinates":[34.79807,32.09499]},"properties":{"n":"אינה ביוטי בוטיק","c":"wellness","s":"tlv","a":"הרצוג"}},{"type":"Feature","id":"8680","geometry":{"type":"Point","coordinates":[34.79805,32.09287]},"properties":{"n":"מפוחית","c":"kindergarten","s":"tlv","a":"פעמוני יוסף 15"}},{"type":"Feature","id":"8680","geometry":{"type":"Point","coordinates":[34.79805,32.09287]},"properties":{"n":"כינור","c":"kindergarten","s":"tlv","a":"פעמוני יוסף 15"}},{"type":"Feature","id":"8708","geometry":{"type":"Point","coordinates":[34.78852,32.08762]},"properties":{"n":"TOLLMAN'S","c":"shopping","s":"tlv","a":"הא באייר"}},{"type":"Feature","id":"8720","geometry":{"type":"Point","coordinates":[34.80324,32.11237]},"properties":{"n":"קפיטריית אקו","c":"restaurant","s":"tlv","a":"אוניברסיטת ת\"א"}},{"type":"Feature","id":"8725","geometry":{"type":"Point","coordinates":[34.79703,32.09647]},"properties":{"n":"קיוסק כל בו הנרי","c":"shopping","s":"tlv","a":"סנהדרין"}},{"type":"Feature","id":"8750","geometry":{"type":"Point","coordinates":[34.78219,32.08833]},"properties":{"n":"כמונה","c":"supermarket","s":"tlv","a":"אבן גבירול"}},{"type":"Feature","id":"8761","geometry":{"type":"Point","coordinates":[34.79807,32.09499]},"properties":{"n":"קפה דקל","c":"shopping","s":"tlv","a":"הרצוג"}},{"type":"Feature","id":"8790","geometry":{"type":"Point","coordinates":[34.77355,32.09246]},"properties":{"n":"מלון גרנד ביץ-בריכה","c":"sport","s":"tlv","a":"נורדאו"}},{"type":"Feature","id":"8793","geometry":{"type":"Point","coordinates":[34.78264,32.09067]},"properties":{"n":"מספרת קו","c":"wellness","s":"tlv","a":"אבן גבירול"}},{"type":"Feature","id":"880","geometry":{"type":"Point","coordinates":[34.77904,32.09008]},"properties":{"n":"אצל אברמוביץ","c":"supermarket","s":"tlv","a":"בזל"}},{"type":"Feature","id":"882","geometry":{"type":"Point","coordinates":[34.7755,32.09457]},"properties":{"n":"פסטלה","c":"restaurant","s":"tlv","a":"בן יהודה"}},{"type":"Feature","id":"8822","geometry":{"type":"Point","coordinates":[34.79654,32.11918]},"properties":{"n":"קפה בנווה","c":"restaurant","s":"tlv","a":"לויטן יצחק"}},{"type":"Feature","id":"8825","geometry":{"type":"Point","coordinates":[34.79141,32.09399]},"properties":{"n":"לוטם","c":"shopping","s":"tlv","a":"יהודה המכבי"}},{"type":"Feature","id":"8827","geometry":{"type":"Point","coordinates":[34.79163,32.10393]},"properties":{"n":"מספרה","c":"wellness","s":"tlv","a":"בראלי"}},{"type":"Feature","id":"8829","geometry":{"type":"Point","coordinates":[34.79116,32.08741]},"properties":{"n":"Open","c":"restaurant","s":"tlv","a":"הא באייר"}},{"type":"Feature","id":"8842","geometry":{"type":"Point","coordinates":[34.80371,32.1249]},"properties":{"n":"חניוןן מאיה","c":"parking","s":"tlv","a":"אחימאיר אבא"}},{"type":"Feature","id":"8861","geometry":{"type":"Point","coordinates":[34.79327,32.09432]},"properties":{"n":"שי דגים","c":"supermarket","s":"tlv","a":"יהודה המכבי"}},{"type":"Feature","id":"8862","geometry":{"type":"Point","coordinates":[34.77589,32.09486]},"properties":{"n":"הטיבעונית ג'י 17","c":"restaurant","s":"tlv","a":"ירמיהו הנביא"}},{"type":"Feature","id":"8877","geometry":{"type":"Point","coordinates":[34.8007,32.1185]},"properties":{"n":"T.V.S. אלקטרוניקה","c":"shopping","s":"tlv","a":"טאגור רבינדרנת"}},{"type":"Feature","id":"88922","geometry":{"type":"Point","coordinates":[34.79514,32.08962]},"properties":{"n":"בי\"ס לחמן","c":"school","s":"tlv","a":"נמיר מרדכי-דרך 81","e":"ent_5043e6db9e5ee33cf83fd371","p":"place/school-88922/"}},{"type":"Feature","id":"8927","geometry":{"type":"Point","coordinates":[34.77533,32.09548]},"properties":{"n":"בית ספר תיכון ה'","c":"restaurant","s":"tlv","a":"בן יהודה"}},{"type":"Feature","id":"8942","geometry":{"type":"Point","coordinates":[34.78914,32.09076]},"properties":{"n":"חניון סופרמרקט פנקס 48.","c":"parking","s":"tlv","a":"פנקס דוד צבי"}},{"type":"Feature","id":"8969","geometry":{"type":"Point","coordinates":[34.7825,32.08988]},"properties":{"n":"דומינוס פיצה","c":"restaurant","s":"tlv+osm","a":"אבן גבירול"}},{"type":"Feature","id":"9","geometry":{"type":"Point","coordinates":[34.76984,32.09062]},"properties":{"n":"מתקן כדורעף חופים","c":"sport","s":"tlv","a":"הירקון","e":"ent_e4956f6284e908c7cbff780c","p":"place/nofei-yam-light-rail/"}},{"type":"Feature","id":"9","geometry":{"type":"Point","coordinates":[34.78592,32.11791]},"properties":{"n":"נופי ים","c":"lrt_station","s":"tlv","e":"ent_e4956f6284e908c7cbff780c","p":"place/nofei-yam-light-rail/","f":1}},{"type":"Feature","id":"9044","geometry":{"type":"Point","coordinates":[34.79277,32.0942]},"properties":{"n":"שופרסל בע\"מ","c":"supermarket","s":"tlv","a":"יהודה המכבי"}},{"type":"Feature","id":"9048","geometry":{"type":"Point","coordinates":[34.81809,32.10951]},"properties":{"n":"בר בשר","c":"restaurant","s":"tlv","a":"הדר יוסף"}},{"type":"Feature","id":"9124","geometry":{"type":"Point","coordinates":[34.82009,32.12041]},"properties":{"n":"מגה בעיר","c":"shopping","s":"tlv","a":"בני אפרים"}},{"type":"Feature","id":"9125","geometry":{"type":"Point","coordinates":[34.82001,32.12026]},"properties":{"n":"מגה בעיר","c":"supermarket","s":"tlv+osm","a":"בני אפרים","w":"https://www.mega-bair.co.il/"}},{"type":"Feature","id":"9195","geometry":{"type":"Point","coordinates":[34.79534,32.0954]},"properties":{"n":"מכולת בשכונה","c":"supermarket","s":"tlv","a":"הזוהר"}},{"type":"Feature","id":"9196","geometry":{"type":"Point","coordinates":[34.78245,32.09118]},"properties":{"n":"אולגה ביוטי","c":"wellness","s":"tlv","a":"אבן גבירול"}},{"type":"Feature","id":"92","geometry":{"type":"Point","coordinates":[34.77408,32.09644]},"properties":{"n":"האווזים","c":"restaurant","s":"tlv","a":"כ\"ג יורדי הסירה"}},{"type":"Feature","id":"9217","geometry":{"type":"Point","coordinates":[34.81279,32.11033]},"properties":{"n":"צב","c":"kindergarten","s":"tlv","a":"רפידים 10"}},{"type":"Feature","id":"9217","geometry":{"type":"Point","coordinates":[34.81279,32.11033]},"properties":{"n":"פיקוס","c":"kindergarten","s":"tlv","a":"רפידים 10"}},{"type":"Feature","id":"9237","geometry":{"type":"Point","coordinates":[34.77597,32.0917]},"properties":{"n":"קריתי יובל","c":"shopping","s":"tlv","a":"דיזנגוף"}},{"type":"Feature","id":"9251","geometry":{"type":"Point","coordinates":[34.78153,32.08511]},"properties":{"n":"פלאפל 4 טעמים","c":"restaurant","s":"tlv","a":"אבן גבירול"}},{"type":"Feature","id":"9253","geometry":{"type":"Point","coordinates":[34.78638,32.08722]},"properties":{"n":"ויטל קוזי","c":"wellness","s":"tlv","a":"ז'בוטינסקי"}},{"type":"Feature","id":"926","geometry":{"type":"Point","coordinates":[34.77791,32.09485]},"properties":{"n":"המקום של חני","c":"shopping","s":"tlv","a":"ירמיהו הנביא"}},{"type":"Feature","id":"9303","geometry":{"type":"Point","coordinates":[34.78051,32.09106]},"properties":{"n":"קקון","c":"wellness","s":"tlv","a":"אשתורי הפרחי"}},{"type":"Feature","id":"9304","geometry":{"type":"Point","coordinates":[34.77996,32.09376]},"properties":{"n":"מינימרקט יעקב","c":"supermarket","s":"tlv","a":"יוחנן הורקנוס"}},{"type":"Feature","id":"9312","geometry":{"type":"Point","coordinates":[34.77624,32.09614]},"properties":{"n":"Avi Vino Hair Salon","c":"wellness","s":"tlv","a":"דיזנגוף"}},{"type":"Feature","id":"9325","geometry":{"type":"Point","coordinates":[34.79007,32.11036]},"properties":{"n":"אופיר","c":"wellness","s":"tlv","a":"האוזנר דב"}},{"type":"Feature","id":"9358","geometry":{"type":"Point","coordinates":[34.77533,32.09501]},"properties":{"n":"בועז רווה","c":"wellness","s":"tlv","a":"בן יהודה"}},{"type":"Feature","id":"937-13","geometry":{"type":"Point","coordinates":[34.80836,32.12402]},"properties":{"n":"בית הלוחם","c":"gym","s":"tlv","a":"שמואל ברקאי"}},{"type":"Feature","id":"937-14","geometry":{"type":"Point","coordinates":[34.81835,32.11738]},"properties":{"n":"בית יהודי בסרביה","c":"gym","s":"tlv","a":"שד' רוקח"}},{"type":"Feature","id":"937-18","geometry":{"type":"Point","coordinates":[34.77749,32.08614]},"properties":{"n":"גוף ראשון","c":"gym","s":"tlv","a":"ארלוזורוב"}},{"type":"Feature","id":"937-27","geometry":{"type":"Point","coordinates":[34.79276,32.13073]},"properties":{"n":"קאנטרי אזורי חן","c":"gym","s":"tlv","a":"אורי צבי גרינברג"}},{"type":"Feature","id":"937-29","geometry":{"type":"Point","coordinates":[34.81978,32.10476]},"properties":{"n":"מרכז הספורט הלאומי הדר יוסף","c":"gym","s":"tlv","a":"שיטרית"}},{"type":"Feature","id":"937-3","geometry":{"type":"Point","coordinates":[34.79091,32.09285]},"properties":{"n":"ביה\"ס עירוני ד'","c":"gym","s":"tlv","a":"וייצמן"}},{"type":"Feature","id":"937-33","geometry":{"type":"Point","coordinates":[34.78091,32.10274]},"properties":{"n":"כיבוי אש -רידינג","c":"gym","s":"tlv","a":"אבן גבירול"}},{"type":"Feature","id":"937-34","geometry":{"type":"Point","coordinates":[34.7927,32.12063]},"properties":{"n":"ל.פ. רמת אביב","c":"gym","s":"tlv","a":"רודנסקי"}},{"type":"Feature","id":"937-44","geometry":{"type":"Point","coordinates":[34.76836,32.08513]},"properties":{"n":"מכון כושר גורדון","c":"gym","s":"tlv","a":"אליעזר פרי"}},{"type":"Feature","id":"937-48","geometry":{"type":"Point","coordinates":[34.80294,32.1268]},"properties":{"n":"קאנטרי רמת אביב ג'","c":"gym","s":"tlv","a":"פיינשטיין מאיר"}},{"type":"Feature","id":"937-5","geometry":{"type":"Point","coordinates":[34.77418,32.09181]},"properties":{"n":"ביה\"ס עירוני ט\"ז","c":"gym","s":"tlv","a":"בן יהודה"}},{"type":"Feature","id":"937-50","geometry":{"type":"Point","coordinates":[34.77914,32.09696]},"properties":{"n":"מרכז דניאל לחתירה","c":"gym","s":"tlv","a":"רוקח"}},{"type":"Feature","id":"937-51","geometry":{"type":"Point","coordinates":[34.79021,32.10899]},"properties":{"n":"קאנטרי ל'","c":"gym","s":"tlv","a":"בורלא"}},{"type":"Feature","id":"937-52","geometry":{"type":"Point","coordinates":[34.7968,32.12714]},"properties":{"n":"מועדון מגדלי אביב","c":"gym","s":"tlv","a":"משה בארזני"}},{"type":"Feature","id":"937-53","geometry":{"type":"Point","coordinates":[34.81653,32.12269]},"properties":{"n":"מיקדו פייטנס קלאב","c":"gym","s":"tlv","a":"אהרון בקר"}},{"type":"Feature","id":"937-57","geometry":{"type":"Point","coordinates":[34.7707,32.08945]},"properties":{"n":"מלון הילטון","c":"gym","s":"tlv","a":"הירקון (גן עצמאות)"}},{"type":"Feature","id":"937-59","geometry":{"type":"Point","coordinates":[34.76965,32.08647]},"properties":{"n":"מלון קרלטון","c":"gym","s":"tlv","a":"אליעזר פרי"}},{"type":"Feature","id":"937-6","geometry":{"type":"Point","coordinates":[34.79448,32.13345]},"properties":{"n":"תיכונט","c":"gym","s":"tlv","a":"שושנה פרסיצ'"}},{"type":"Feature","id":"937-65","geometry":{"type":"Point","coordinates":[34.78246,32.0876]},"properties":{"n":"סטודיו בי","c":"gym","s":"tlv","a":"אבן גבירול"}},{"type":"Feature","id":"937-69","geometry":{"type":"Point","coordinates":[34.80392,32.09749]},"properties":{"n":"קאנטרי דקל","c":"gym","s":"tlv","a":"קוסובסקי"}},{"type":"Feature","id":"937-7","geometry":{"type":"Point","coordinates":[34.80247,32.11517]},"properties":{"n":"אוניברסיטת ת\"א","c":"gym","s":"tlv","a":"חיים לבנון"}},{"type":"Feature","id":"937-70","geometry":{"type":"Point","coordinates":[34.79712,32.11927]},"properties":{"n":"קאנטרי נוה אביבים","c":"gym","s":"tlv","a":"לויטן יצחק"}},{"type":"Feature","id":"937-8","geometry":{"type":"Point","coordinates":[34.7957,32.11226]},"properties":{"n":"אוקסיג'ן","c":"gym","s":"tlv","a":"אינשטיין"}},{"type":"Feature","id":"938-101","geometry":{"type":"Point","coordinates":[34.80074,32.12206]},"properties":{"n":"בית הצורי","c":"sport","s":"tlv","a":"בית צורי 20"}},{"type":"Feature","id":"938-105","geometry":{"type":"Point","coordinates":[34.79363,32.12619]},"properties":{"n":"צוקי אביב","c":"sport","s":"tlv","a":"יאיר רוזנבלום 11"}},{"type":"Feature","id":"938-106","geometry":{"type":"Point","coordinates":[34.79561,32.10982]},"properties":{"n":"אלונים","c":"sport","s":"tlv","a":"רידינג"}},{"type":"Feature","id":"938-108","geometry":{"type":"Point","coordinates":[34.81837,32.11413]},"properties":{"n":"הדר אפקה","c":"sport","s":"tlv","a":"קהילת קייב 3"}},{"type":"Feature","id":"938-109","geometry":{"type":"Point","coordinates":[34.81803,32.10566]},"properties":{"n":"רב תכליתי","c":"sport","s":"tlv"}},{"type":"Feature","id":"938-11","geometry":{"type":"Point","coordinates":[34.79421,32.08971]},"properties":{"n":"מרכז ספורט חדש","c":"sport","s":"tlv","a":"דרך נמיר 81"}},{"type":"Feature","id":"938-110","geometry":{"type":"Point","coordinates":[34.81158,32.10883]},"properties":{"n":"אולם סמך","c":"sport","s":"tlv"}},{"type":"Feature","id":"938-111","geometry":{"type":"Point","coordinates":[34.80799,32.12415]},"properties":{"n":"אולם בית הלוחם תל אביב","c":"sport","s":"tlv+osm","a":"שמואל ברקאי 49"}},{"type":"Feature","id":"938-112","geometry":{"type":"Point","coordinates":[34.81985,32.10468]},"properties":{"n":"אולמות התעמלות (קרקע + מכשירים)","c":"sport","s":"tlv"}},{"type":"Feature","id":"938-113","geometry":{"type":"Point","coordinates":[34.81816,32.12153]},"properties":{"n":"אולם בי\"ס שמיר","c":"sport","s":"tlv"}},{"type":"Feature","id":"938-114","geometry":{"type":"Point","coordinates":[34.7859,32.11719]},"properties":{"n":"אולם בית ספר עמוס עוז","c":"sport","s":"tlv"}},{"type":"Feature","id":"938-13","geometry":{"type":"Point","coordinates":[34.79123,32.11774]},"properties":{"n":"מרכז ספורט אלון רונן","c":"sport","s":"tlv","a":"לוי אשכול 94"}},{"type":"Feature","id":"938-15","geometry":{"type":"Point","coordinates":[34.81586,32.12222]},"properties":{"n":"ביה\"ס נעמי שמר","c":"sport","s":"tlv","a":"חנה רובינא 10"}},{"type":"Feature","id":"938-17","geometry":{"type":"Point","coordinates":[34.7967,32.1073]},"properties":{"n":"מרכז ספורט אביב אליאנס","c":"sport","s":"tlv","a":"רידינג 26"}},{"type":"Feature","id":"938-19","geometry":{"type":"Point","coordinates":[34.80237,32.11435]},"properties":{"n":"אוניברסיטת ת\"א","c":"sport","s":"tlv","a":"חיים לבנון"}},{"type":"Feature","id":"938-2","geometry":{"type":"Point","coordinates":[34.80199,32.12788]},"properties":{"n":"ביה\"ס רמת אביב ג'","c":"sport","s":"tlv","a":"פינשטיין 83"}},{"type":"Feature","id":"938-20","geometry":{"type":"Point","coordinates":[34.79448,32.13345]},"properties":{"n":"ביה\"ס תיכונט ע\"ש אלתרמן","c":"sport","s":"tlv","a":"שושנה פרסיץ' 3"}},{"type":"Feature","id":"938-21","geometry":{"type":"Point","coordinates":[34.81968,32.10467]},"properties":{"n":"מרכז הספורט הלאומי הדר יוסף","c":"sport","s":"tlv","a":"שטרית"}},{"type":"Feature","id":"938-22","geometry":{"type":"Point","coordinates":[34.77676,32.08505]},"properties":{"n":"ביה\"ס גרץ","c":"sport","s":"tlv","a":"אדם הכהן 5"}},{"type":"Feature","id":"938-27","geometry":{"type":"Point","coordinates":[34.789,32.09528]},"properties":{"n":"ביה\"ס מרון","c":"sport","s":"tlv","a":"שלומציון המלכה 65"}},{"type":"Feature","id":"938-28","geometry":{"type":"Point","coordinates":[34.79875,32.10697]},"properties":{"n":"ביה\"ס אילנות","c":"sport","s":"tlv","a":"גרונימן 11"}},{"type":"Feature","id":"938-30","geometry":{"type":"Point","coordinates":[34.78511,32.08724]},"properties":{"n":"ביה\"ס גמנסיה הרצליה","c":"sport","s":"tlv","a":"ג'בוטינסקי 106"}},{"type":"Feature","id":"938-31","geometry":{"type":"Point","coordinates":[34.78868,32.09007]},"properties":{"n":"ביה\"ס אהבת ציון","c":"sport","s":"tlv","a":"כהנשטיין 16"}},{"type":"Feature","id":"938-32","geometry":{"type":"Point","coordinates":[34.78148,32.09481]},"properties":{"n":"ביה\"ס אוסישקין","c":"sport","s":"tlv","a":"שמעון התרסי 31"}},{"type":"Feature","id":"938-33","geometry":{"type":"Point","coordinates":[34.81326,32.11799]},"properties":{"n":"ביה\"ס אלחריזי","c":"sport","s":"tlv","a":"מגדל שורשן 17"}},{"type":"Feature","id":"938-34","geometry":{"type":"Point","coordinates":[34.798,32.11912]},"properties":{"n":"ביה\"ס ארזים","c":"sport","s":"tlv","a":"לויטן 7"}},{"type":"Feature","id":"938-35","geometry":{"type":"Point","coordinates":[34.78989,32.10818]},"properties":{"n":"ביה\"ס ארן","c":"sport","s":"tlv","a":"בורלא 25"}},{"type":"Feature","id":"938-36","geometry":{"type":"Point","coordinates":[34.79662,32.09549]},"properties":{"n":"ביה\"ס בבלי","c":"sport","s":"tlv","a":"טולדנו 6"}},{"type":"Feature","id":"938-42","geometry":{"type":"Point","coordinates":[34.77344,32.09207]},"properties":{"n":"ביה\"ס גורדון","c":"sport","s":"tlv","a":"הירקון 248"}},{"type":"Feature","id":"938-48","geometry":{"type":"Point","coordinates":[34.81965,32.11161]},"properties":{"n":"ביה\"ס דוד ילין","c":"sport","s":"tlv","a":"קהילת ורשה 12"}},{"type":"Feature","id":"938-51","geometry":{"type":"Point","coordinates":[34.7977,32.11452]},"properties":{"n":"ביה\"ס ניצנים","c":"sport","s":"tlv","a":"אנדרסן 22"}},{"type":"Feature","id":"938-52","geometry":{"type":"Point","coordinates":[34.81466,32.11277]},"properties":{"n":"ביה\"ס מגן","c":"sport","s":"tlv","a":"קדש ברנע 4"}},{"type":"Feature","id":"938-60","geometry":{"type":"Point","coordinates":[34.79349,32.1081]},"properties":{"n":"ביה\"ס אורנים ( חט\"ב אליאנס)","c":"sport","s":"tlv","a":"רידינג 35"}},{"type":"Feature","id":"938-65","geometry":{"type":"Point","coordinates":[34.80446,32.1276]},"properties":{"n":"ביה\"ס ברושים","c":"sport","s":"tlv","a":"דרזנר 3"}},{"type":"Feature","id":"938-67","geometry":{"type":"Point","coordinates":[34.79475,32.13229]},"properties":{"n":"ביה\"ס מצדה","c":"sport","s":"tlv","a":"שושנה פרסיץ' 7"}},{"type":"Feature","id":"938-68","geometry":{"type":"Point","coordinates":[34.79091,32.09303]},"properties":{"n":"ביה\"ס עירוני ד'","c":"sport","s":"tlv","a":"ויצמן 74"}},{"type":"Feature","id":"938-69","geometry":{"type":"Point","coordinates":[34.79184,32.09582]},"properties":{"n":"ביה\"ס עירוני ד'","c":"sport","s":"tlv","a":"ועידת קטוביץ 51"}},{"type":"Feature","id":"938-74","geometry":{"type":"Point","coordinates":[34.77464,32.09575]},"properties":{"n":"ביה\"ס עירוני ה'","c":"sport","s":"tlv","a":"בן יהודה 227"}},{"type":"Feature","id":"938-79","geometry":{"type":"Point","coordinates":[34.81825,32.11612]},"properties":{"n":"ביה\"ס ליידי דייויס","c":"sport","s":"tlv","a":"בני אפריים 226"}},{"type":"Feature","id":"938-80","geometry":{"type":"Point","coordinates":[34.79494,32.11541]},"properties":{"n":"ביה\"ס יחדיו","c":"sport","s":"tlv","a":"יהודה הנשיא 6"}},{"type":"Feature","id":"938-87","geometry":{"type":"Point","coordinates":[34.78774,32.09284]},"properties":{"n":"ביה\"ס עירוני י\"א","c":"sport","s":"tlv","a":"שטריקר 19"}},{"type":"Feature","id":"938-92","geometry":{"type":"Point","coordinates":[34.80101,32.10858]},"properties":{"n":"מרכז קהילתי רמת אביב","c":"sport","s":"tlv","a":"חיים לבנון 37"}},{"type":"Feature","id":"938-93","geometry":{"type":"Point","coordinates":[34.7997,32.09423]},"properties":{"n":"מרכז קהילתי בבלי","c":"sport","s":"tlv","a":"טולדנו 6"}},{"type":"Feature","id":"938-96","geometry":{"type":"Point","coordinates":[34.78525,32.11408]},"properties":{"n":"נופי ים","c":"sport","s":"tlv","a":"יצחק בשביס זינגר"}},{"type":"Feature","id":"938-97","geometry":{"type":"Point","coordinates":[34.78664,32.10086]},"properties":{"n":"כוכב הצפון","c":"sport","s":"tlv","a":"אבא קובנר 19"}},{"type":"Feature","id":"938-99","geometry":{"type":"Point","coordinates":[34.803,32.1279]},"properties":{"n":"רמת אביב ג'","c":"sport","s":"tlv","a":"פיינשטיין 83"}},{"type":"Feature","id":"939-1","geometry":{"type":"Point","coordinates":[34.80279,32.11544]},"properties":{"n":"אוניברסיטת ת\"א","c":"sport","s":"tlv","a":"חיים לבנון 64"}},{"type":"Feature","id":"939-12","geometry":{"type":"Point","coordinates":[34.79553,32.10369]},"properties":{"n":"בריכה לימודית","c":"sport","s":"tlv","a":"חיים לבנון 7"}},{"type":"Feature","id":"939-13","geometry":{"type":"Point","coordinates":[34.79021,32.10908]},"properties":{"n":"קאנטרי ל'","c":"sport","s":"tlv+osm","a":"בורלא 31"}},{"type":"Feature","id":"939-14","geometry":{"type":"Point","coordinates":[34.8025,32.1268]},"properties":{"n":"קאנטרי ג'","c":"sport","s":"tlv+osm","a":"מאיר פינשטיין 18"}},{"type":"Feature","id":"939-20","geometry":{"type":"Point","coordinates":[34.7687,32.08593]},"properties":{"n":"בריכת גורדון","c":"sport","s":"tlv+osm","a":"אליעזר פרי 14"}},{"type":"Feature","id":"939-24","geometry":{"type":"Point","coordinates":[34.82034,32.10174]},"properties":{"n":"מימדיון","c":"sport","s":"tlv","a":"רוקח 150"}},{"type":"Feature","id":"939-26","geometry":{"type":"Point","coordinates":[34.82324,32.1132]},"properties":{"n":"אפקה","c":"sport","s":"tlv","a":"קהילת סלוניקי 6"}},{"type":"Feature","id":"939-28","geometry":{"type":"Point","coordinates":[34.79586,32.1194]},"properties":{"n":"נווה אביבים","c":"sport","s":"tlv","a":"יהודה הנשיא 34"}},{"type":"Feature","id":"939-29","geometry":{"type":"Point","coordinates":[34.79274,32.13062]},"properties":{"n":"איזורי חן","c":"sport","s":"tlv","a":"אורי צבי גרינברג 21"}},{"type":"Feature","id":"939-31","geometry":{"type":"Point","coordinates":[34.79667,32.127]},"properties":{"n":"מגדלי אביב","c":"sport","s":"tlv","a":"ברזני 6"}},{"type":"Feature","id":"939-36","geometry":{"type":"Point","coordinates":[34.8035,32.09767]},"properties":{"n":"קאנטרי דקל","c":"sport","s":"tlv+osm","a":"קוסובסקי 69"}},{"type":"Feature","id":"939-37","geometry":{"type":"Point","coordinates":[34.76955,32.08647]},"properties":{"n":"מלון קרלטון","c":"sport","s":"tlv","a":"אליעזר פרי 10"}},{"type":"Feature","id":"939-41","geometry":{"type":"Point","coordinates":[34.8214,32.10516]},"properties":{"n":"בריכה אולימפית","c":"sport","s":"tlv"}},{"type":"Feature","id":"939-8","geometry":{"type":"Point","coordinates":[34.77059,32.08927]},"properties":{"n":"מלון הילטון","c":"sport","s":"tlv","a":"הירקון 205"}},{"type":"Feature","id":"9415","geometry":{"type":"Point","coordinates":[34.79705,32.1046]},"properties":{"n":"קשת","c":"kindergarten","s":"tlv","a":"הרטגלס 13"}},{"type":"Feature","id":"9415","geometry":{"type":"Point","coordinates":[34.79705,32.1046]},"properties":{"n":"פעמון","c":"kindergarten","s":"tlv","a":"הרטגלס 13"}},{"type":"Feature","id":"9420","geometry":{"type":"Point","coordinates":[34.78835,32.08611]},"properties":{"n":"מעדני דניאל","c":"shopping","s":"tlv","a":"הא באייר"}},{"type":"Feature","id":"943-1","geometry":{"type":"Point","coordinates":[34.8018,32.11786]},"properties":{"n":"אוניברסיטת ת\"א","c":"sport","s":"tlv","a":"חיים לבנון"}},{"type":"Feature","id":"943-114","geometry":{"type":"Point","coordinates":[34.78729,32.09762]},"properties":{"n":"ספורטק צפון מגרש מזרחי","c":"sport","s":"tlv","a":"שד' רוקח"}},{"type":"Feature","id":"943-115","geometry":{"type":"Point","coordinates":[34.81713,32.10565]},"properties":{"n":"קטרגל סינטטי","c":"sport","s":"tlv","a":"שטרית 6"}},{"type":"Feature","id":"943-118","geometry":{"type":"Point","coordinates":[34.78644,32.09777]},"properties":{"n":"ספורטק צפון מגרש מערבי","c":"sport","s":"tlv"}},{"type":"Feature","id":"943-119","geometry":{"type":"Point","coordinates":[34.79162,32.09817]},"properties":{"n":"ספורטק צפון - מגרש רוגבי","c":"sport","s":"tlv","a":"רוקח ישראל 52א"}},{"type":"Feature","id":"943-125","geometry":{"type":"Point","coordinates":[34.82137,32.10491]},"properties":{"n":"קטרגל דשא סינטטי","c":"sport","s":"tlv","a":"שטרית 6"}},{"type":"Feature","id":"943-127","geometry":{"type":"Point","coordinates":[34.81492,32.10683]},"properties":{"n":"מגרש דשא","c":"sport","s":"tlv","a":"רוקח ישראל 120"}},{"type":"Feature","id":"943-131","geometry":{"type":"Point","coordinates":[34.79896,32.10627]},"properties":{"n":"ביה\"ס אילנות","c":"sport","s":"tlv","a":"גרונימן 11"}},{"type":"Feature","id":"943-134","geometry":{"type":"Point","coordinates":[34.798,32.11966]},"properties":{"n":"ביה\"ס ארזים","c":"sport","s":"tlv","a":"לויטן 7"}},{"type":"Feature","id":"943-135","geometry":{"type":"Point","coordinates":[34.79736,32.11966]},"properties":{"n":"ביה\"ס ארזים","c":"sport","s":"tlv","a":"לויטן 7"}},{"type":"Feature","id":"943-172","geometry":{"type":"Point","coordinates":[34.78713,32.08545]},"properties":{"n":"ביה\"ס יסודי תורה ב","c":"sport","s":"tlv","a":"חדרה 2"}},{"type":"Feature","id":"943-175","geometry":{"type":"Point","coordinates":[34.78161,32.08922]},"properties":{"n":"ביה\"ס הר נבו","c":"sport","s":"tlv","a":"הר נבו 6"}},{"type":"Feature","id":"943-183","geometry":{"type":"Point","coordinates":[34.79554,32.10627]},"properties":{"n":"ביה\"ס אליאנס","c":"sport","s":"tlv","a":"רידינג 26"}},{"type":"Feature","id":"943-184","geometry":{"type":"Point","coordinates":[34.79641,32.10689]},"properties":{"n":"ביה\"ס אליאנס","c":"sport","s":"tlv","a":"רידינג 26"}},{"type":"Feature","id":"943-187","geometry":{"type":"Point","coordinates":[34.77533,32.09533]},"properties":{"n":"ביה\"ס עירוני ה'","c":"sport","s":"tlv","a":"בן יהודה 227"}},{"type":"Feature","id":"943-189","geometry":{"type":"Point","coordinates":[34.79517,32.08971]},"properties":{"n":"ביה\"ס תיכון חדש","c":"sport","s":"tlv","a":"דרך נמיר 81"}},{"type":"Feature","id":"943-199","geometry":{"type":"Point","coordinates":[34.78575,32.08643]},"properties":{"n":"ביה\"ס גמנסיה הרצליה","c":"sport","s":"tlv","a":"ז'בוטינסקי 106"}},{"type":"Feature","id":"943-200","geometry":{"type":"Point","coordinates":[34.78507,32.08616]},"properties":{"n":"ביה\"ס גמנסיה הרצליה","c":"sport","s":"tlv","a":"ז'בוטינסקי 106"}},{"type":"Feature","id":"943-202","geometry":{"type":"Point","coordinates":[34.78489,32.08995]},"properties":{"n":"בית הילד","c":"sport","s":"tlv","a":"פרופ' שור 10"}},{"type":"Feature","id":"943-206","geometry":{"type":"Point","coordinates":[34.79095,32.11738]},"properties":{"n":"ביה\"ס אביב","c":"sport","s":"tlv","a":"לוי אשכול 94"}},{"type":"Feature","id":"943-227","geometry":{"type":"Point","coordinates":[34.82221,32.10792]},"properties":{"n":"בית פרנקפורט","c":"sport","s":"tlv","a":"קיציס 23"}},{"type":"Feature","id":"943-228","geometry":{"type":"Point","coordinates":[34.8227,32.10894]},"properties":{"n":"בית פרנקפורט","c":"sport","s":"tlv","a":"קיציס 23"}},{"type":"Feature","id":"943-238","geometry":{"type":"Point","coordinates":[34.79985,32.0946]},"properties":{"n":"כדורסל","c":"sport","s":"tlv","a":"טולדנו 6"}},{"type":"Feature","id":"943-243","geometry":{"type":"Point","coordinates":[34.7861,32.10175]},"properties":{"n":"כדורסל 3X3","c":"sport","s":"tlv","a":"שי עגנון 22"}},{"type":"Feature","id":"943-245","geometry":{"type":"Point","coordinates":[34.82383,32.11731]},"properties":{"n":"כדורסל3X3","c":"sport","s":"tlv","a":"ויינשל 9"}},{"type":"Feature","id":"943-251","geometry":{"type":"Point","coordinates":[34.79717,32.11569]},"properties":{"n":"מגרש כדורסל","c":"sport","s":"tlv","a":"רח' טאגור 26"}},{"type":"Feature","id":"943-254","geometry":{"type":"Point","coordinates":[34.77808,32.09597]},"properties":{"n":"מגרש כדורסל","c":"sport","s":"tlv","a":"אוסישקין 7 7"}},{"type":"Feature","id":"943-255","geometry":{"type":"Point","coordinates":[34.78508,32.09545]},"properties":{"n":"מגרש כדורסל","c":"sport","s":"tlv","a":"בני דן 8"}},{"type":"Feature","id":"943-266","geometry":{"type":"Point","coordinates":[34.79476,32.09748]},"properties":{"n":"מגרש כדורסל כפול","c":"sport","s":"tlv","a":"קוסובסקי 6"}},{"type":"Feature","id":"943-275","geometry":{"type":"Point","coordinates":[34.80618,32.12232]},"properties":{"n":"מגרש משולב","c":"sport","s":"tlv","a":"שייקה אופיר 12"}},{"type":"Feature","id":"943-277","geometry":{"type":"Point","coordinates":[34.81462,32.1101]},"properties":{"n":"מגרש משולב","c":"sport","s":"tlv","a":"קדש ברנע 18"}},{"type":"Feature","id":"943-290","geometry":{"type":"Point","coordinates":[34.81771,32.11422]},"properties":{"n":"מגרש קטרגל","c":"sport","s":"tlv","a":"בני אפרים 218"}},{"type":"Feature","id":"943-291","geometry":{"type":"Point","coordinates":[34.80171,32.12386]},"properties":{"n":"מגרש קטרגל דשא","c":"sport","s":"tlv","a":"בית צורי 22"}},{"type":"Feature","id":"943-295","geometry":{"type":"Point","coordinates":[34.81392,32.11331]},"properties":{"n":"מתקן כושר פתוח","c":"sport","s":"tlv","a":"קדש ברנע 6 6"}},{"type":"Feature","id":"943-298","geometry":{"type":"Point","coordinates":[34.82385,32.11723]},"properties":{"n":"מתקן כושר פתוח","c":"sport","s":"tlv","a":"ויינשל 9"}},{"type":"Feature","id":"943-3","geometry":{"type":"Point","coordinates":[34.80169,32.11688]},"properties":{"n":"אוניברסיטת ת\"א","c":"sport","s":"tlv","a":"חיים לבנון"}},{"type":"Feature","id":"943-320","geometry":{"type":"Point","coordinates":[34.78989,32.09768]},"properties":{"n":"משטח גלגיליות","c":"sport","s":"tlv","a":"רוקח"}},{"type":"Feature","id":"943-324","geometry":{"type":"Point","coordinates":[34.81815,32.12203]},"properties":{"n":"מגרש חיצוני בי\"ס שמיר","c":"sport","s":"tlv"}},{"type":"Feature","id":"943-325","geometry":{"type":"Point","coordinates":[34.80279,32.12726]},"properties":{"n":"מגרש טניס קאנטרי רמת אביב ג'","c":"sport","s":"tlv"}},{"type":"Feature","id":"943-326","geometry":{"type":"Point","coordinates":[34.79463,32.1339]},"properties":{"n":"בית ספר תיכונט","c":"sport","s":"tlv"}},{"type":"Feature","id":"943-328","geometry":{"type":"Point","coordinates":[34.79599,32.10093]},"properties":{"n":"רוקח 67","c":"sport","s":"tlv"}},{"type":"Feature","id":"943-331","geometry":{"type":"Point","coordinates":[34.79729,32.10177]},"properties":{"n":"רוקח 67","c":"sport","s":"tlv"}},{"type":"Feature","id":"943-333","geometry":{"type":"Point","coordinates":[34.81619,32.1222]},"properties":{"n":"מגרש חיצוני בי\"ס נעמי שמר","c":"sport","s":"tlv"}},{"type":"Feature","id":"943-334","geometry":{"type":"Point","coordinates":[34.79338,32.13339]},"properties":{"n":"בית ספר הצורי","c":"sport","s":"tlv"}},{"type":"Feature","id":"943-335","geometry":{"type":"Point","coordinates":[34.79771,32.11411]},"properties":{"n":"מגרש בית ספר ניצנים","c":"sport","s":"tlv"}},{"type":"Feature","id":"943-336","geometry":{"type":"Point","coordinates":[34.80178,32.11761]},"properties":{"n":"טניס אוניברסיטת תל אביב","c":"sport","s":"tlv"}},{"type":"Feature","id":"943-342","geometry":{"type":"Point","coordinates":[34.79348,32.13181]},"properties":{"n":"בית ספר משתנה","c":"sport","s":"tlv"}},{"type":"Feature","id":"943-343","geometry":{"type":"Point","coordinates":[34.80071,32.12239]},"properties":{"n":"בית ספר בית צורי","c":"sport","s":"tlv"}},{"type":"Feature","id":"943-344","geometry":{"type":"Point","coordinates":[34.78568,32.11644]},"properties":{"n":"בית ספר עמוס עוז","c":"sport","s":"tlv"}},{"type":"Feature","id":"943-348","geometry":{"type":"Point","coordinates":[34.8168,32.10533]},"properties":{"n":"פאדל","c":"sport","s":"tlv"}},{"type":"Feature","id":"943-351","geometry":{"type":"Point","coordinates":[34.79055,32.09818]},"properties":{"n":"ספורטק צפון","c":"sport","s":"tlv"}},{"type":"Feature","id":"943-352","geometry":{"type":"Point","coordinates":[34.78871,32.09779]},"properties":{"n":"ספורטק צפון","c":"sport","s":"tlv"}},{"type":"Feature","id":"943-362","geometry":{"type":"Point","coordinates":[34.78518,32.11306]},"properties":{"n":"מגרש בית ספר נופי ים","c":"sport","s":"tlv"}},{"type":"Feature","id":"943-364","geometry":{"type":"Point","coordinates":[34.78946,32.09834]},"properties":{"n":"ספורטק צפון","c":"sport","s":"tlv"}},{"type":"Feature","id":"943-372","geometry":{"type":"Point","coordinates":[34.79663,32.10145]},"properties":{"n":"רוקח 67","c":"sport","s":"tlv"}},{"type":"Feature","id":"943-40","geometry":{"type":"Point","coordinates":[34.81713,32.10565]},"properties":{"n":"מרכז הספורט הלאומי","c":"sport","s":"tlv","a":"שטרית 6"}},{"type":"Feature","id":"943-57","geometry":{"type":"Point","coordinates":[34.80604,32.12243]},"properties":{"n":"אפקה","c":"sport","s":"tlv","a":"שיקה אופיר 12"}},{"type":"Feature","id":"943-59","geometry":{"type":"Point","coordinates":[34.80318,32.12722]},"properties":{"n":"קאנטרי ג'","c":"sport","s":"tlv","a":"מאיר פינשטיין 18"}},{"type":"Feature","id":"943-61","geometry":{"type":"Point","coordinates":[34.79859,32.1014]},"properties":{"n":"מכבי צפון","c":"sport","s":"tlv","a":"רוקח 73"}},{"type":"Feature","id":"943-68","geometry":{"type":"Point","coordinates":[34.79798,32.10164]},"properties":{"n":"מכבי צפון","c":"sport","s":"tlv","a":"רוקח 73"}},{"type":"Feature","id":"943-73","geometry":{"type":"Point","coordinates":[34.79286,32.13092]},"properties":{"n":"קאנטרי אזורי חן","c":"sport","s":"tlv+osm","a":"אורי צבי גרינברג 21"}},{"type":"Feature","id":"943-81","geometry":{"type":"Point","coordinates":[34.80295,32.09669]},"properties":{"n":"קאנטרי דקל","c":"sport","s":"tlv","a":"קוסובסקי 53"}},{"type":"Feature","id":"943-85","geometry":{"type":"Point","coordinates":[34.79702,32.11987]},"properties":{"n":"קאנטרי נוה אביבים","c":"sport","s":"tlv","a":"לויטן יצחק 3"}},{"type":"Feature","id":"943-89","geometry":{"type":"Point","coordinates":[34.79703,32.12756]},"properties":{"n":"קאנטרי מגדלי אביב ג'","c":"sport","s":"tlv","a":"בראזני 6"}},{"type":"Feature","id":"943-91","geometry":{"type":"Point","coordinates":[34.78012,32.09713]},"properties":{"n":"רוקח 4","c":"sport","s":"tlv","a":"רוקח 4"}},{"type":"Feature","id":"9431","geometry":{"type":"Point","coordinates":[34.79215,32.10427]},"properties":{"n":"עוף צלוחס","c":"shopping","s":"tlv","a":"בראלי"}},{"type":"Feature","id":"9432","geometry":{"type":"Point","coordinates":[34.79163,32.10393]},"properties":{"n":"עוף צלוחס","c":"shopping","s":"tlv","a":"בראלי"}},{"type":"Feature","id":"9454","geometry":{"type":"Point","coordinates":[34.78994,32.1105]},"properties":{"n":"פינת הבורקס","c":"restaurant","s":"tlv","a":"האוזנר דב"}},{"type":"Feature","id":"9465","geometry":{"type":"Point","coordinates":[34.7758,32.09583]},"properties":{"n":"אבי לויסטון פריז","c":"wellness","s":"tlv","a":"בן יהודה"}},{"type":"Feature","id":"947","geometry":{"type":"Point","coordinates":[34.77394,32.09575]},"properties":{"n":"חניון רדיו הירקון","c":"sport","s":"tlv","a":"שער ציון"}},{"type":"Feature","id":"9490","geometry":{"type":"Point","coordinates":[34.78914,32.09076]},"properties":{"n":"מגה בעיר","c":"supermarket","s":"tlv+osm","a":"פנקס דוד צבי","w":"https://www.mega-bair.co.il/"}},{"type":"Feature","id":"9502","geometry":{"type":"Point","coordinates":[34.7734,32.08872]},"properties":{"n":"מריו לוי","c":"wellness","s":"tlv","a":"בן יהודה"}},{"type":"Feature","id":"9519","geometry":{"type":"Point","coordinates":[34.77873,32.08615]},"properties":{"n":"אנ.ק.ס מעבדות בע\"מ","c":"wellness","s":"tlv","a":"ארלוזורוב"}},{"type":"Feature","id":"9544","geometry":{"type":"Point","coordinates":[34.77558,32.08873]},"properties":{"n":"ויקטורי","c":"supermarket","s":"tlv+osm","a":"דיזנגוף"}},{"type":"Feature","id":"9555","geometry":{"type":"Point","coordinates":[34.79284,32.13077]},"properties":{"n":"קאנטרי קלאב אזורי חן","c":"sport","s":"tlv","a":"גרינברג אורי צבי"}},{"type":"Feature","id":"9567","geometry":{"type":"Point","coordinates":[34.7902,32.08544]},"properties":{"n":"א.קאשי","c":"shopping","s":"tlv","a":"הא באייר"}},{"type":"Feature","id":"9571","geometry":{"type":"Point","coordinates":[34.80357,32.12493]},"properties":{"n":"מיט סטור","c":"shopping","s":"tlv","a":"אחימאיר אבא"}},{"type":"Feature","id":"9580","geometry":{"type":"Point","coordinates":[34.79671,32.11652]},"properties":{"n":"שוק גבריאלה","c":"supermarket","s":"tlv","a":"טאגור רבינדרנת"}},{"type":"Feature","id":"9607","geometry":{"type":"Point","coordinates":[34.7838,32.09468]},"properties":{"n":"ינוביץ טטיאנה","c":"wellness","s":"tlv","a":"אבן גבירול"}},{"type":"Feature","id":"961-25","geometry":{"type":"Point","coordinates":[34.78939,32.08903]},"properties":{"n":"חנקין-גן פולק","c":"community","s":"tlv","a":"חנקין-גן פולק 3"}},{"type":"Feature","id":"961-26","geometry":{"type":"Point","coordinates":[34.79285,32.09012]},"properties":{"n":"אהבת ציון","c":"community","s":"tlv","a":"אהבת ציון 7"}},{"type":"Feature","id":"961-32","geometry":{"type":"Point","coordinates":[34.8015,32.09833]},"properties":{"n":"מול חנה זמר","c":"community","s":"tlv","a":"מול חנה זמר 13"}},{"type":"Feature","id":"961-34","geometry":{"type":"Point","coordinates":[34.7809,32.0868]},"properties":{"n":"עמנואל הרומי","c":"community","s":"tlv","a":"עמנואל הרומי 11"}},{"type":"Feature","id":"961-40","geometry":{"type":"Point","coordinates":[34.78579,32.09328]},"properties":{"n":"אריסטובולוס","c":"community","s":"tlv","a":"אריסטובולוס"}},{"type":"Feature","id":"961-41","geometry":{"type":"Point","coordinates":[34.77502,32.09209]},"properties":{"n":"שד' מוצקין","c":"community","s":"tlv","a":"שד' מוצקין 29"}},{"type":"Feature","id":"961-43","geometry":{"type":"Point","coordinates":[34.77696,32.09351]},"properties":{"n":"מלאכי","c":"community","s":"tlv","a":"מלאכי 5"}},{"type":"Feature","id":"961-44","geometry":{"type":"Point","coordinates":[34.77852,32.08751]},"properties":{"n":"גינת אמסטרדם","c":"community","s":"tlv","a":"גינת אמסטרדם"}},{"type":"Feature","id":"961-45","geometry":{"type":"Point","coordinates":[34.78514,32.08685]},"properties":{"n":"גימנסיה הרצליה","c":"community","s":"tlv","a":"גימנסיה הרצליה"}},{"type":"Feature","id":"961-46","geometry":{"type":"Point","coordinates":[34.79399,32.08519]},"properties":{"n":"אשכול גנים לסין (ככר התבלינים)","c":"community","s":"tlv","a":"אשכול גנים לסין (ככר התבלינים)"}},{"type":"Feature","id":"961-48","geometry":{"type":"Point","coordinates":[34.82293,32.11864]},"properties":{"n":"לאה גולדברג","c":"community","s":"tlv","a":"לאה גולדברג 2"}},{"type":"Feature","id":"961-49","geometry":{"type":"Point","coordinates":[34.81661,32.10959]},"properties":{"n":"בני אפרים","c":"community","s":"tlv","a":"בני אפרים"}},{"type":"Feature","id":"961-50","geometry":{"type":"Point","coordinates":[34.81867,32.11052]},"properties":{"n":"הדר יוסף","c":"community","s":"tlv","a":"הדר יוסף 5"}},{"type":"Feature","id":"961-51","geometry":{"type":"Point","coordinates":[34.81323,32.11101]},"properties":{"n":"רפידים","c":"community","s":"tlv","a":"רפידים 12"}},{"type":"Feature","id":"961-56","geometry":{"type":"Point","coordinates":[34.79788,32.11605]},"properties":{"n":"סמטת רבינדרנט טאגור","c":"community","s":"tlv","a":"סמטת רבינדרנט טאגור"}},{"type":"Feature","id":"961-57","geometry":{"type":"Point","coordinates":[34.80595,32.12259]},"properties":{"n":"אופיר שייקה","c":"community","s":"tlv","a":"אופיר שייקה 16"}},{"type":"Feature","id":"961-58","geometry":{"type":"Point","coordinates":[34.79555,32.12442]},"properties":{"n":"בויאר אברהם","c":"community","s":"tlv","a":"בויאר אברהם 8"}},{"type":"Feature","id":"961-59","geometry":{"type":"Point","coordinates":[34.79929,32.10703]},"properties":{"n":"ברודצקי","c":"community","s":"tlv","a":"ברודצקי 36"}},{"type":"Feature","id":"961-60","geometry":{"type":"Point","coordinates":[34.7918,32.10363]},"properties":{"n":"בראלי","c":"community","s":"tlv","a":"בראלי 18"}},{"type":"Feature","id":"961-61","geometry":{"type":"Point","coordinates":[34.79332,32.1059]},"properties":{"n":"קרני","c":"community","s":"tlv","a":"קרני 15"}},{"type":"Feature","id":"961-62","geometry":{"type":"Point","coordinates":[34.78561,32.11599]},"properties":{"n":"יאשה חפץ","c":"community","s":"tlv","a":"יאשה חפץ"}},{"type":"Feature","id":"961-63","geometry":{"type":"Point","coordinates":[34.79425,32.12815]},"properties":{"n":"משה מוקדי","c":"community","s":"tlv","a":"משה מוקדי 16"}},{"type":"Feature","id":"961-64","geometry":{"type":"Point","coordinates":[34.79497,32.10925]},"properties":{"n":"קפה גרונימן","c":"community","s":"tlv","a":"קפה גרונימן"}},{"type":"Feature","id":"961-66","geometry":{"type":"Point","coordinates":[34.8121,32.1102]},"properties":{"n":"רפידים","c":"community","s":"tlv","a":"רפידים 10"}},{"type":"Feature","id":"9613","geometry":{"type":"Point","coordinates":[34.77773,32.09602]},"properties":{"n":"מטמון","c":"kindergarten","s":"tlv","a":"אוסישקין 7"}},{"type":"Feature","id":"963","geometry":{"type":"Point","coordinates":[34.77197,32.09374]},"properties":{"n":"חוף מציצים","c":"restaurant","s":"tlv+osm","a":"נמל תל אביב"}},{"type":"Feature","id":"9675","geometry":{"type":"Point","coordinates":[34.77355,32.09246]},"properties":{"n":"מלון גרנד ביץ-מסעדה","c":"restaurant","s":"tlv","a":"נורדאו"}},{"type":"Feature","id":"9679","geometry":{"type":"Point","coordinates":[34.77505,32.08673]},"properties":{"n":"נאטסטיישן בע\"מ","c":"supermarket","s":"tlv","a":"דיזנגוף"}},{"type":"Feature","id":"9684","geometry":{"type":"Point","coordinates":[34.78714,32.11243]},"properties":{"n":"לחמנינה","c":"restaurant","s":"tlv","a":"אינשטיין"}},{"type":"Feature","id":"9697","geometry":{"type":"Point","coordinates":[34.77582,32.09461]},"properties":{"n":"יוליה טיפולים קוסמטיים","c":"wellness","s":"tlv","a":"ירמיהו הנביא"}},{"type":"Feature","id":"9702","geometry":{"type":"Point","coordinates":[34.77757,32.08613]},"properties":{"n":"כף אל כף","c":"wellness","s":"tlv","a":"ארלוזורוב"}},{"type":"Feature","id":"9704","geometry":{"type":"Point","coordinates":[34.80247,32.10701]},"properties":{"n":"ס.ש.ק ניהול והפעלת בתי או","c":"shopping","s":"tlv","a":"אוניברסיטת ת\"א"}},{"type":"Feature","id":"9707","geometry":{"type":"Point","coordinates":[34.82507,32.11501]},"properties":{"n":"סיליקיד","c":"restaurant","s":"tlv","a":"רוזן פנחס"}},{"type":"Feature","id":"9720","geometry":{"type":"Point","coordinates":[34.79844,32.12524]},"properties":{"n":"חממה רמת אביב ג'","c":"supermarket","s":"tlv","a":"אחימאיר אבא"}},{"type":"Feature","id":"9727","geometry":{"type":"Point","coordinates":[34.79687,32.12673]},"properties":{"n":"לה פז ת\"א","c":"restaurant","s":"tlv","a":"ברזאני משה"}},{"type":"Feature","id":"9732","geometry":{"type":"Point","coordinates":[34.77616,32.09117]},"properties":{"n":"גאליס","c":"wellness","s":"tlv","a":"דיזנגוף"}},{"type":"Feature","id":"9741","geometry":{"type":"Point","coordinates":[34.79703,32.09647]},"properties":{"n":"מספרה יוסי","c":"wellness","s":"tlv","a":"סנהדרין"}},{"type":"Feature","id":"9750","geometry":{"type":"Point","coordinates":[34.7897,32.0854]},"properties":{"n":"קובי קאו","c":"wellness","s":"tlv","a":"ויצמן"}},{"type":"Feature","id":"9751","geometry":{"type":"Point","coordinates":[34.79678,32.11249]},"properties":{"n":"מיטווין","c":"shopping","s":"tlv","a":"אינשטיין"}},{"type":"Feature","id":"9755","geometry":{"type":"Point","coordinates":[34.78919,32.08547]},"properties":{"n":"אליס עיצוב שיער","c":"wellness","s":"tlv","a":"הא באייר"}},{"type":"Feature","id":"9756","geometry":{"type":"Point","coordinates":[34.82392,32.12286]},"properties":{"n":"Yullia","c":"wellness","s":"tlv","a":"בני אפרים"}},{"type":"Feature","id":"9762","geometry":{"type":"Point","coordinates":[34.81651,32.12288]},"properties":{"n":"הדגים של פפה","c":"supermarket","s":"tlv","a":"בקר אהרון"}},{"type":"Feature","id":"9773","geometry":{"type":"Point","coordinates":[34.81651,32.12288]},"properties":{"n":"יין בעיר","c":"supermarket","s":"tlv","a":"בקר אהרון"}},{"type":"Feature","id":"9782","geometry":{"type":"Point","coordinates":[34.80357,32.12493]},"properties":{"n":"בנענע","c":"supermarket","s":"tlv","a":"אחימאיר אבא"}},{"type":"Feature","id":"9786","geometry":{"type":"Point","coordinates":[34.77464,32.08511]},"properties":{"n":"צוקי","c":"bar","s":"tlv","a":"דיזנגוף"}},{"type":"Feature","id":"9791","geometry":{"type":"Point","coordinates":[34.79762,32.11178]},"properties":{"n":"Keren Bartov","c":"wellness","s":"tlv","a":"ברודצקי"}},{"type":"Feature","id":"9797","geometry":{"type":"Point","coordinates":[34.81651,32.12288]},"properties":{"n":"GET BRONZE","c":"wellness","s":"tlv","a":"בקר אהרון"}},{"type":"Feature","id":"98","geometry":{"type":"Point","coordinates":[34.79805,32.09287]},"properties":{"n":"קסילופון","c":"kindergarten","s":"tlv","a":"פעמוני יוסף 15"}},{"type":"Feature","id":"9804","geometry":{"type":"Point","coordinates":[34.79274,32.12064]},"properties":{"n":"מאמא שושה","c":"restaurant","s":"tlv","a":"רודנסקי שמואל"}},{"type":"Feature","id":"9811","geometry":{"type":"Point","coordinates":[34.79741,32.1078]},"properties":{"n":"גיא דגים","c":"supermarket","s":"tlv","a":"ברודצקי"}},{"type":"Feature","id":"9812","geometry":{"type":"Point","coordinates":[34.77525,32.08754]},"properties":{"n":"זיוה","c":"wellness","s":"tlv","a":"דיזנגוף"}},{"type":"Feature","id":"9822","geometry":{"type":"Point","coordinates":[34.77434,32.09504]},"properties":{"n":"גבעול","c":"pharmacy","s":"tlv","a":"הירקון"}},{"type":"Feature","id":"9823","geometry":{"type":"Point","coordinates":[34.79116,32.08741]},"properties":{"n":"natasha","c":"wellness","s":"tlv","a":"הא באייר"}},{"type":"Feature","id":"9831","geometry":{"type":"Point","coordinates":[34.79741,32.1078]},"properties":{"n":"מג'יק מיט","c":"shopping","s":"tlv","a":"ברודצקי"}},{"type":"Feature","id":"9839","geometry":{"type":"Point","coordinates":[34.77958,32.08976]},"properties":{"n":"הפי סאן","c":"supermarket","s":"tlv","a":"בזל"}},{"type":"Feature","id":"984","geometry":{"type":"Point","coordinates":[34.78562,32.10961]},"properties":{"n":"אדמונית","c":"kindergarten","s":"tlv","a":"עמיחי יהודה 1"}},{"type":"Feature","id":"984","geometry":{"type":"Point","coordinates":[34.78562,32.10961]},"properties":{"n":"אוכמנית","c":"kindergarten","s":"tlv","a":"עמיחי יהודה 1"}},{"type":"Feature","id":"984","geometry":{"type":"Point","coordinates":[34.78562,32.10961]},"properties":{"n":"מנטה","c":"kindergarten","s":"tlv","a":"עמיחי יהודה 1"}},{"type":"Feature","id":"984","geometry":{"type":"Point","coordinates":[34.78562,32.10961]},"properties":{"n":"אגמון","c":"kindergarten","s":"tlv","a":"עמיחי יהודה 1"}},{"type":"Feature","id":"984","geometry":{"type":"Point","coordinates":[34.78562,32.10961]},"properties":{"n":"תות יער","c":"kindergarten","s":"tlv","a":"עמיחי יהודה 1"}},{"type":"Feature","id":"9848","geometry":{"type":"Point","coordinates":[34.77548,32.10112]},"properties":{"n":"רי באר","c":"supermarket","s":"tlv","a":"יקותיאלי יוסף"}},{"type":"Feature","id":"9852","geometry":{"type":"Point","coordinates":[34.79732,32.11249]},"properties":{"n":"factory","c":"restaurant","s":"tlv","a":"אינשטיין"}},{"type":"Feature","id":"9873","geometry":{"type":"Point","coordinates":[34.82451,32.11512]},"properties":{"n":"עושר 770 בעמ","c":"wellness","s":"tlv","a":"קהילת פאדובה"}},{"type":"Feature","id":"9884","geometry":{"type":"Point","coordinates":[34.79741,32.1078]},"properties":{"n":"פיצה האט","c":"restaurant","s":"tlv","a":"ברודצקי"}},{"type":"Feature","id":"9887","geometry":{"type":"Point","coordinates":[34.81651,32.12288]},"properties":{"n":"ריבאר","c":"shopping","s":"tlv","a":"בקר אהרון"}},{"type":"Feature","id":"9906","geometry":{"type":"Point","coordinates":[34.78817,32.11698]},"properties":{"n":"ג'קו דגים","c":"supermarket","s":"tlv","a":"חפץ יאשה"}},{"type":"Feature","id":"9912","geometry":{"type":"Point","coordinates":[34.79217,32.09414]},"properties":{"n":"משה עיצוב שיער","c":"wellness","s":"tlv","a":"ועידת קטוביץ"}},{"type":"Feature","id":"9920","geometry":{"type":"Point","coordinates":[34.78951,32.08808]},"properties":{"n":"סטאר ביוטי בוטיק","c":"wellness","s":"tlv","a":"הא באייר"}},{"type":"Feature","id":"9926","geometry":{"type":"Point","coordinates":[34.80639,32.10868]},"properties":{"n":"מסעדת עובדי BROADCOM","c":"restaurant","s":"tlv","a":"וייז ג'ורג' ד\"ר"}},{"type":"Feature","id":"9934","geometry":{"type":"Point","coordinates":[34.79163,32.10393]},"properties":{"n":"שלחמך","c":"restaurant","s":"tlv","a":"בראלי"}},{"type":"Feature","id":"9941","geometry":{"type":"Point","coordinates":[34.78198,32.08723]},"properties":{"n":"הברוליה","c":"restaurant","s":"tlv","a":"אבן גבירול"}},{"type":"Feature","id":"9952","geometry":{"type":"Point","coordinates":[34.78259,32.08851]},"properties":{"n":"דידי דג","c":"supermarket","s":"tlv","a":"אבן גבירול"}},{"type":"Feature","id":"9960","geometry":{"type":"Point","coordinates":[34.77605,32.09823]},"properties":{"n":"פיתה מונטנה","c":"restaurant","s":"tlv","a":"יריד המזרח"}},{"type":"Feature","id":"9961","geometry":{"type":"Point","coordinates":[34.79741,32.1078]},"properties":{"n":"I.Care","c":"wellness","s":"tlv","a":"ברודצקי"}},{"type":"Feature","id":"9992","geometry":{"type":"Point","coordinates":[34.77949,32.0911]},"properties":{"n":"אדם אמור","c":"wellness","s":"tlv","a":"השל\"ה"}},{"type":"Feature","id":"99988","geometry":{"type":"Point","coordinates":[34.78493,32.08995]},"properties":{"n":"בית פנימיית בית הילד","c":"kindergarten","s":"tlv","a":"שור משה פרופ' 10"}},{"type":"Feature","id":"area-10","geometry":{"type":"Point","coordinates":[34.80799,32.09161]},"properties":{"n":"גבעת נפוליאון","c":"park","s":"tlv","e":"ent_80efb396e35aa8653123f1d8","p":"place/napoleon-hill/"}},{"type":"Feature","id":"area-11","geometry":{"type":"Point","coordinates":[34.80702,32.12868]},"properties":{"n":"אקו פארק גלילות - מזרח (מערות אפקה)","c":"park","s":"tlv","e":"ent_a0046f9613497099e7015221","p":"place/glilot-eco-park-east/"}},{"type":"Feature","id":"area-115","geometry":{"type":"Point","coordinates":[34.78215,32.08591]},"properties":{"n":"כורכר סומייל","c":"park","s":"tlv"}},{"type":"Feature","id":"area-117","geometry":{"type":"Point","coordinates":[34.78601,32.11648]},"properties":{"n":"נופי ים","c":"park","s":"tlv"}},{"type":"Feature","id":"area-118","geometry":{"type":"Point","coordinates":[34.79536,32.10407]},"properties":{"n":"שצ\"פ בריכה לימודית","c":"park","s":"tlv"}},{"type":"Feature","id":"area-12","geometry":{"type":"Point","coordinates":[34.80029,32.12962]},"properties":{"n":"אקו פארק גלילות - מערב","c":"park","s":"tlv","e":"ent_703d4be128cbfbb47a4e8b37","p":"place/glilot-eco-park-west/"}},{"type":"Feature","id":"area-120","geometry":{"type":"Point","coordinates":[34.81388,32.11032]},"properties":{"n":"חורשת רפידים","c":"park","s":"tlv"}},{"type":"Feature","id":"area-123","geometry":{"type":"Point","coordinates":[34.77564,32.08446]},"properties":{"n":"מרחב גינות גדס","c":"park","s":"tlv"}},{"type":"Feature","id":"area-13","geometry":{"type":"Point","coordinates":[34.80391,32.12932]},"properties":{"n":"אקו פארק גלילות מרכז (בריכת חורף דרזנר)","c":"park","s":"tlv","e":"ent_9d6968803d17d0998bc08ec5","p":"place/glilot-eco-park-center/"}},{"type":"Feature","id":"area-15","geometry":{"type":"Point","coordinates":[34.80712,32.10923]},"properties":{"n":"מורדות האוניברסיטה","c":"park","s":"tlv","e":"ent_1910c22b0093d412d61e378a","p":"place/university-slopes/"}},{"type":"Feature","id":"area-20","geometry":{"type":"Point","coordinates":[34.79252,32.09168]},"properties":{"n":"גן בית יד לבנים","c":"park","s":"tlv"}},{"type":"Feature","id":"area-21","geometry":{"type":"Point","coordinates":[34.77886,32.11463]},"properties":{"n":"ים תל ברוך","c":"park","s":"tlv","e":"ent_f6dafe592ba3441e0a9dbcd0","p":"place/tel-baruch-seafront/"}},{"type":"Feature","id":"area-22","geometry":{"type":"Point","coordinates":[34.77684,32.10661]},"properties":{"n":"חוף רידינג","c":"park","s":"tlv","e":"ent_33997eee24631b2fc345e05f","p":"place/reading-beach/"}},{"type":"Feature","id":"area-23","geometry":{"type":"Point","coordinates":[34.80266,32.10544]},"properties":{"n":"שיח מוניס","c":"park","s":"tlv","e":"ent_61ebc27265b8d473ef4513cc","p":"place/sheikh-munis/"}},{"type":"Feature","id":"area-28","geometry":{"type":"Point","coordinates":[34.7993,32.10719]},"properties":{"n":"שדרות אבנר (ברודצקי / לבנון)","c":"park","s":"tlv"}},{"type":"Feature","id":"area-29","geometry":{"type":"Point","coordinates":[34.79403,32.13537]},"properties":{"n":"פארק בריכת החורף (תיכונט)","c":"park","s":"tlv","e":"ent_6ff8b8c870095043a35d4064","p":"place/winter-pool-park/"}},{"type":"Feature","id":"area-3","geometry":{"type":"Point","coordinates":[34.81216,32.09918]},"properties":{"n":"פארק ירקון אגם","c":"park","s":"tlv","e":"ent_54ec391d18277fa224a65e88","p":"place/yarkon-park-lake/"}},{"type":"Feature","id":"area-30","geometry":{"type":"Point","coordinates":[34.78795,32.12486]},"properties":{"n":"רקית מזרח (הפארק החופי)","c":"park","s":"tlv","e":"ent_6ab75aa7f1ed2ebea059493c","p":"place/coastal-park-rakit-east/"}},{"type":"Feature","id":"area-32","geometry":{"type":"Point","coordinates":[34.78894,32.13631]},"properties":{"n":"הצוק דרום","c":"park","s":"tlv","e":"ent_b4ec69cc1968557316ee2c74","p":"place/south-cliff/"}},{"type":"Feature","id":"area-34","geometry":{"type":"Point","coordinates":[34.79859,32.11566]},"properties":{"n":"סמטת וגן טאגור","c":"park","s":"tlv"}},{"type":"Feature","id":"area-35","geometry":{"type":"Point","coordinates":[34.79259,32.09013]},"properties":{"n":"אהבת ציון","c":"park","s":"tlv"}},{"type":"Feature","id":"area-39","geometry":{"type":"Point","coordinates":[34.7713,32.08996]},"properties":{"n":"גן העצמאות","c":"park","s":"tlv","e":"ent_7193ffc68a7e5070085baf5d","p":"place/independence-park/"}},{"type":"Feature","id":"area-4","geometry":{"type":"Point","coordinates":[34.80789,32.10133]},"properties":{"n":"פארק ירקון חורשה צפונית","c":"park","s":"tlv","e":"ent_eb77a68e7e08af2dcce9ef0c","p":"place/yarkon-park-north-grove/"}},{"type":"Feature","id":"area-42","geometry":{"type":"Point","coordinates":[34.79621,32.10175]},"properties":{"n":"תל קסילה - בוסתן מוז\"א","c":"park","s":"tlv","e":"ent_f9292415f8f6b8db484e5346","p":"place/tel-qasile/"}},{"type":"Feature","id":"area-48","geometry":{"type":"Point","coordinates":[34.7819,32.11548]},"properties":{"n":"חוף תל ברוך","c":"park","s":"tlv"}},{"type":"Feature","id":"area-49","geometry":{"type":"Point","coordinates":[34.78569,32.12594]},"properties":{"n":"רקית דרום (הפארק החופי)","c":"park","s":"tlv","e":"ent_6717b0e51925758b40b9b48a","p":"place/coastal-park-rakit-south/"}},{"type":"Feature","id":"area-5","geometry":{"type":"Point","coordinates":[34.80835,32.09596]},"properties":{"n":"מתחם שבע טחנות","c":"park","s":"tlv","e":"ent_8dda403e44ad70c1147c388c","p":"place/seven-mills/"}},{"type":"Feature","id":"area-50","geometry":{"type":"Point","coordinates":[34.78726,32.13026]},"properties":{"n":"תל רקית (הפארק החופי)","c":"park","s":"tlv","e":"ent_d09b96ad902684d73edc1b99","p":"place/coastal-park-tel-rakit/"}},{"type":"Feature","id":"area-53","geometry":{"type":"Point","coordinates":[34.77973,32.09998]},"properties":{"n":"שפך נחל הירקון","c":"park","s":"tlv","e":"ent_13f3fa107581902966f6b669","p":"place/yarkon-estuary/"}},{"type":"Feature","id":"area-54","geometry":{"type":"Point","coordinates":[34.80479,32.09446]},"properties":{"n":"פארק צפרות ראש ציפור","c":"park","s":"tlv","e":"ent_b813664efdbff7f12fe74653","p":"place/rosh-tzipor-birding-park/"}},{"type":"Feature","id":"area-55","geometry":{"type":"Point","coordinates":[34.8164,32.10889]},"properties":{"n":"חורשת אשלים - בני אפרים / שטרית","c":"park","s":"tlv"}},{"type":"Feature","id":"area-56","geometry":{"type":"Point","coordinates":[34.81875,32.09942]},"properties":{"n":"פארק ירקון בור","c":"park","s":"tlv"}},{"type":"Feature","id":"area-57","geometry":{"type":"Point","coordinates":[34.81731,32.10295]},"properties":{"n":"פארק ירקון מדשאה אגם","c":"park","s":"tlv"}},{"type":"Feature","id":"area-579-3","geometry":{"type":"Point","coordinates":[34.78336,32.12164]},"properties":{"n":"חוף תל ברוך","c":"beach","s":"tlv","e":"ent_e1b7dd7bcf9782a04f087ed3","p":"place/tel-baruch-beach/"}},{"type":"Feature","id":"area-579-4","geometry":{"type":"Point","coordinates":[34.77147,32.0948]},"properties":{"n":"חוף מציצים","c":"beach","s":"tlv","e":"ent_07fb18be97eb57ca48f3ba3d","p":"place/metzitzim-beach/"}},{"type":"Feature","id":"area-579-5","geometry":{"type":"Point","coordinates":[34.77047,32.09292]},"properties":{"n":"חוף נורדאו נפרד","c":"beach","s":"tlv","e":"ent_15a1d0dbbc20ac3386db7f94","p":"place/nordau-separate-beach/"}},{"type":"Feature","id":"area-579-6","geometry":{"type":"Point","coordinates":[34.76925,32.09078]},"properties":{"n":"חוף הילטון","c":"beach","s":"tlv","e":"ent_42071cbe11aa96efdb877384","p":"place/hilton-beach/"}},{"type":"Feature","id":"area-58","geometry":{"type":"Point","coordinates":[34.7981,32.09901]},"properties":{"n":"נחל ירקון מקטע בבלי","c":"park","s":"tlv"}},{"type":"Feature","id":"area-59","geometry":{"type":"Point","coordinates":[34.78877,32.09695]},"properties":{"n":"נחל ירקון מקטע ספורטק","c":"park","s":"tlv"}},{"type":"Feature","id":"area-6","geometry":{"type":"Point","coordinates":[34.81565,32.1013]},"properties":{"n":"נחל ירקון מקטע האגם","c":"park","s":"tlv"}},{"type":"Feature","id":"area-60","geometry":{"type":"Point","coordinates":[34.81199,32.11268]},"properties":{"n":"רפידים (השדה שלנו)","c":"park","s":"tlv"}},{"type":"Feature","id":"area-62","geometry":{"type":"Point","coordinates":[34.80939,32.11636]},"properties":{"n":"חורשת בון","c":"park","s":"tlv"}},{"type":"Feature","id":"area-63","geometry":{"type":"Point","coordinates":[34.80571,32.11856]},"properties":{"n":"גן קרטר","c":"park","s":"tlv"}},{"type":"Feature","id":"area-67","geometry":{"type":"Point","coordinates":[34.79992,32.12615]},"properties":{"n":"גן ביר","c":"park","s":"tlv"}},{"type":"Feature","id":"area-68","geometry":{"type":"Point","coordinates":[34.79574,32.10828]},"properties":{"n":"חורשת רידינג","c":"park","s":"tlv"}},{"type":"Feature","id":"area-69","geometry":{"type":"Point","coordinates":[34.79709,32.09361]},"properties":{"n":"גן גבעת עמל","c":"park","s":"tlv"}},{"type":"Feature","id":"area-7","geometry":{"type":"Point","coordinates":[34.80461,32.09258]},"properties":{"n":"חורשת ראש ציפור","c":"park","s":"tlv","e":"ent_e86a7ad283094da85d43a87f","p":"place/rosh-tzipor-grove/"}},{"type":"Feature","id":"area-70","geometry":{"type":"Point","coordinates":[34.80907,32.11427]},"properties":{"n":"גן בוטני אונ'","c":"park","s":"tlv","e":"ent_8c0cc8c2ca473f319505db2a","p":"place/university-botanical-garden/"}},{"type":"Feature","id":"area-73","geometry":{"type":"Point","coordinates":[34.78193,32.09398]},"properties":{"n":"גבעת היל","c":"park","s":"tlv"}},{"type":"Feature","id":"area-76","geometry":{"type":"Point","coordinates":[34.80447,32.11229]},"properties":{"n":"אוניברסיטת תל אביב","c":"park","s":"tlv"}},{"type":"Feature","id":"area-78","geometry":{"type":"Point","coordinates":[34.80737,32.09388]},"properties":{"n":"חווה חקלאית","c":"park","s":"tlv"}},{"type":"Feature","id":"area-8","geometry":{"type":"Point","coordinates":[34.80546,32.09742]},"properties":{"n":"בריכת חורף ראש ציפור","c":"park","s":"tlv"}},{"type":"Feature","id":"area-82","geometry":{"type":"Point","coordinates":[34.8193,32.11063]},"properties":{"n":"חורשת ילין","c":"park","s":"tlv"}},{"type":"Feature","id":"area-83","geometry":{"type":"Point","coordinates":[34.79999,32.10974]},"properties":{"n":"חורשת כפר יונה","c":"park","s":"tlv"}},{"type":"Feature","id":"area-84","geometry":{"type":"Point","coordinates":[34.79541,32.12441]},"properties":{"n":"חורשת בויאר","c":"park","s":"tlv"}},{"type":"Feature","id":"area-842-1727","geometry":{"type":"Point","coordinates":[34.81965,32.10743]},"properties":{"n":"מגרש משחקים בחורשה","c":"park","s":"tlv"}},{"type":"Feature","id":"area-842-1735","geometry":{"type":"Point","coordinates":[34.79699,32.12172]},"properties":{"n":"מגרש משחקים בחורשה","c":"park","s":"tlv"}},{"type":"Feature","id":"area-842-2284","geometry":{"type":"Point","coordinates":[34.79021,32.1113]},"properties":{"n":"מגרש משחקים בחורשה","c":"park","s":"tlv"}},{"type":"Feature","id":"area-9","geometry":{"type":"Point","coordinates":[34.80348,32.09627]},"properties":{"n":"נחל איילון","c":"park","s":"tlv"}},{"type":"Feature","id":"area-90","geometry":{"type":"Point","coordinates":[34.78121,32.09085]},"properties":{"n":"כורכר בן נון","c":"park","s":"tlv"}},{"type":"Feature","id":"area-91","geometry":{"type":"Point","coordinates":[34.79987,32.10486]},"properties":{"n":"כורכר מוזיאון הפלמ\"ח א'","c":"park","s":"tlv"}},{"type":"Feature","id":"area-92","geometry":{"type":"Point","coordinates":[34.79965,32.10499]},"properties":{"n":"כורכר מוזיאון הפלמ\"ח ב'","c":"park","s":"tlv"}},{"type":"Feature","id":"area-94","geometry":{"type":"Point","coordinates":[34.78582,32.08578]},"properties":{"n":"כורכר מחשוף רמז","c":"park","s":"tlv"}},{"type":"Feature","id":"osm-node-10020598395","geometry":{"type":"Point","coordinates":[34.82473,32.09323]},"properties":{"n":"Restoran","c":"restaurant","s":"osm"}},{"type":"Feature","id":"osm-node-10103704022","geometry":{"type":"Point","coordinates":[34.82215,32.09491]},"properties":{"n":"רולדין","c":"cafe","s":"osm"}},{"type":"Feature","id":"osm-node-10106572767","geometry":{"type":"Point","coordinates":[34.81131,32.08568]},"properties":{"n":"VIBE","c":"gym","s":"osm","a":"ביאליק 76"}},{"type":"Feature","id":"osm-node-10130311853","geometry":{"type":"Point","coordinates":[34.77561,32.09442]},"properties":{"n":"דוגית ספורט ימי","c":"shopping","s":"osm","w":"https://www.dugit.co.il/"}},{"type":"Feature","id":"osm-node-10142636076","geometry":{"type":"Point","coordinates":[34.81112,32.10917]},"properties":{"n":"Israel","c":"restaurant","s":"osm","a":"Yigal Alon St 51"}},{"type":"Feature","id":"osm-node-10147635617","geometry":{"type":"Point","coordinates":[34.82336,32.0934]},"properties":{"n":"סטיישן מרקט 21","c":"restaurant","s":"osm","a":"בר כוכבא 21","w":"https://www.stationmarket.co.il/he/home"}},{"type":"Feature","id":"osm-node-10199592911","geometry":{"type":"Point","coordinates":[34.77356,32.094]},"properties":{"n":"tal hotel","c":"hotel","s":"osm"}},{"type":"Feature","id":"osm-node-10239685409","geometry":{"type":"Point","coordinates":[34.82252,32.09371]},"properties":{"n":"מוציה","c":"restaurant","s":"osm","a":"בן גוריון 13"}},{"type":"Feature","id":"osm-node-10270995209","geometry":{"type":"Point","coordinates":[34.82354,32.09391]},"properties":{"n":"פינת המזל","c":"supermarket","s":"osm"}},{"type":"Feature","id":"osm-node-10272767509","geometry":{"type":"Point","coordinates":[34.81528,32.08533]},"properties":{"n":"גוליה בייקרי","c":"bakery","s":"osm","a":"הרצל 62"}},{"type":"Feature","id":"osm-node-10272767909","geometry":{"type":"Point","coordinates":[34.81148,32.08548]},"properties":{"n":"רק מרק","c":"restaurant","s":"osm"}},{"type":"Feature","id":"osm-node-10279171310","geometry":{"type":"Point","coordinates":[34.77518,32.08726]},"properties":{"n":"אסופה דיזי","c":"shopping","s":"osm","a":"דיזנגוף 212","w":"https://asufadesign.com"}},{"type":"Feature","id":"osm-node-10279175910","geometry":{"type":"Point","coordinates":[34.776,32.09044]},"properties":{"n":"קפה פוינט","c":"cafe","s":"osm","a":"בזל 1"}},{"type":"Feature","id":"osm-node-10279205510","geometry":{"type":"Point","coordinates":[34.77589,32.09625]},"properties":{"n":"MDK","c":"shopping","s":"osm","a":"דיזנגוף 283"}},{"type":"Feature","id":"osm-node-10296526580","geometry":{"type":"Point","coordinates":[34.77957,32.09096]},"properties":{"n":"Hella's Flowers","c":"shopping","s":"osm","a":"אלקלעי 1"}},{"type":"Feature","id":"osm-node-10591336405","geometry":{"type":"Point","coordinates":[34.81239,32.08515]},"properties":{"n":"טכנו וויליאם","c":"shopping","s":"osm","a":"ד\"ר כהן 2"}},{"type":"Feature","id":"osm-node-10591341305","geometry":{"type":"Point","coordinates":[34.81247,32.08528]},"properties":{"n":"סקרטו קפה","c":"shopping","s":"osm","a":"ד\"ר כהן 2"}},{"type":"Feature","id":"osm-node-10601695607","geometry":{"type":"Point","coordinates":[34.81765,32.09263]},"properties":{"n":"רוז","c":"shopping","s":"osm","a":"רש\"י 29"}},{"type":"Feature","id":"osm-node-10603788105","geometry":{"type":"Point","coordinates":[34.81639,32.08936]},"properties":{"n":"סופר-פארם","c":"pharmacy","s":"osm"}},{"type":"Feature","id":"osm-node-10636820349","geometry":{"type":"Point","coordinates":[34.8114,32.0859]},"properties":{"n":"KSP","c":"shopping","s":"osm","a":"ביאליק 76"}},{"type":"Feature","id":"osm-node-10636910353","geometry":{"type":"Point","coordinates":[34.81127,32.08588]},"properties":{"n":"ללין","c":"shopping","s":"osm","a":"ביאליק 76"}},{"type":"Feature","id":"osm-node-10636910354","geometry":{"type":"Point","coordinates":[34.81128,32.08571]},"properties":{"n":"רנואר","c":"shopping","s":"osm","a":"ביאליק 76"}},{"type":"Feature","id":"osm-node-10636910355","geometry":{"type":"Point","coordinates":[34.81136,32.08593]},"properties":{"n":"WeShoes","c":"shopping","s":"osm"}},{"type":"Feature","id":"osm-node-10636910356","geometry":{"type":"Point","coordinates":[34.81136,32.08579]},"properties":{"n":"Rebar","c":"cafe","s":"osm"}},{"type":"Feature","id":"osm-node-10637248245","geometry":{"type":"Point","coordinates":[34.81157,32.08586]},"properties":{"n":"מקדונלד'ס","c":"restaurant","s":"osm"}},{"type":"Feature","id":"osm-node-1065507428","geometry":{"type":"Point","coordinates":[34.77485,32.08733]},"properties":{"n":"טיב טעם","c":"supermarket","s":"osm","w":"https://www.tivtaam.co.il"}},{"type":"Feature","id":"osm-node-1065507444","geometry":{"type":"Point","coordinates":[34.77505,32.08796]},"properties":{"n":"בנק הפועלים","c":"bank","s":"osm","w":"https://www.bankhapoalim.co.il"}},{"type":"Feature","id":"osm-node-1065507499","geometry":{"type":"Point","coordinates":[34.77479,32.08683]},"properties":{"n":"AM:PM","c":"supermarket","s":"osm","w":"https://www.ampm.co.il/"}},{"type":"Feature","id":"osm-node-10669458560","geometry":{"type":"Point","coordinates":[34.82349,32.09425]},"properties":{"n":"PokeShop","c":"restaurant","s":"osm"}},{"type":"Feature","id":"osm-node-1067446309","geometry":{"type":"Point","coordinates":[34.7751,32.08707]},"properties":{"n":"בנק לאומי","c":"bank","s":"osm","w":"https://www.leumi.co.il"}},{"type":"Feature","id":"osm-node-1067446312","geometry":{"type":"Point","coordinates":[34.77473,32.08665]},"properties":{"n":"בנק דיסקונט","c":"bank","s":"osm","w":"https://www.discountbank.co.il"}},{"type":"Feature","id":"osm-node-1067446313","geometry":{"type":"Point","coordinates":[34.78283,32.0919]},"properties":{"n":"בנק הפועלים","c":"bank","s":"osm","w":"https://www.bankhapoalim.co.il"}},{"type":"Feature","id":"osm-node-1067607966","geometry":{"type":"Point","coordinates":[34.81444,32.1017]},"properties":{"n":"עקלתון","c":"culture","s":"osm","w":"https://park.co.il/domain/עקלתון/"}},{"type":"Feature","id":"osm-node-1067607971","geometry":{"type":"Point","coordinates":[34.81286,32.1008]},"properties":{"n":"יכין ובועז","c":"culture","s":"osm","w":"https://park.co.il/domain/פסל-תומרקין/"}},{"type":"Feature","id":"osm-node-10719151033","geometry":{"type":"Point","coordinates":[34.80414,32.1243]},"properties":{"n":"סופר-פארם","c":"pharmacy","s":"osm"}},{"type":"Feature","id":"osm-node-10723520074","geometry":{"type":"Point","coordinates":[34.82195,32.09558]},"properties":{"n":"דבוש בסר בני ברק","c":"restaurant","s":"osm","a":"בן גוריון 1","w":"https://www.dabush.co.il"}},{"type":"Feature","id":"osm-node-10734873222","geometry":{"type":"Point","coordinates":[34.80673,32.08774]},"properties":{"n":"צדקי מעוז","c":"shopping","s":"osm","a":"אבא הלל סילבר 24","w":"https://zidky-maoz.co.il"}},{"type":"Feature","id":"osm-node-10825042749","geometry":{"type":"Point","coordinates":[34.77334,32.09626]},"properties":{"n":"אוטלו ג'לטו","c":"shopping","s":"osm","a":"כ\"ג יורדי הסירה 1"}},{"type":"Feature","id":"osm-node-10852457605","geometry":{"type":"Point","coordinates":[34.80241,32.08709]},"properties":{"n":"מונח רחוב","c":"restaurant","s":"osm","a":"היצירה 26","w":"https://mitbachrehov.co.il"}},{"type":"Feature","id":"osm-node-10868039111","geometry":{"type":"Point","coordinates":[34.7861,32.09292]},"properties":{"n":"כללית","c":"health","s":"osm"}},{"type":"Feature","id":"osm-node-10868043157","geometry":{"type":"Point","coordinates":[34.78726,32.09071]},"properties":{"n":"בנק הפועלים","c":"bank","s":"osm","a":"פנקס 32","w":"https://www.bankhapoalim.co.il"}},{"type":"Feature","id":"osm-node-10876712614","geometry":{"type":"Point","coordinates":[34.80987,32.10593]},"properties":{"n":"Underground Parking 2","c":"parking","s":"osm"}},{"type":"Feature","id":"osm-node-10876712702","geometry":{"type":"Point","coordinates":[34.80848,32.10416]},"properties":{"n":"מיקסר האוס","c":"community","s":"osm","w":"https://mixer.work/locations/tel-aviv-house-tlv/"}},{"type":"Feature","id":"osm-node-10923421862","geometry":{"type":"Point","coordinates":[34.78309,32.09122]},"properties":{"n":"גוד פארם","c":"pharmacy","s":"osm"}},{"type":"Feature","id":"osm-node-10951309672","geometry":{"type":"Point","coordinates":[34.82233,32.09087]},"properties":{"n":"עגבניה","c":"restaurant","s":"osm","w":"https://agvania.co.il"}},{"type":"Feature","id":"osm-node-10951337911","geometry":{"type":"Point","coordinates":[34.82298,32.09061]},"properties":{"n":"פיצה האט","c":"restaurant","s":"osm"}},{"type":"Feature","id":"osm-node-10951337912","geometry":{"type":"Point","coordinates":[34.8223,32.09422]},"properties":{"n":"דלתא","c":"shopping","s":"osm"}},{"type":"Feature","id":"osm-node-10955696002","geometry":{"type":"Point","coordinates":[34.82193,32.09404]},"properties":{"n":"מסבה פול (חומוסיה)","c":"restaurant","s":"osm","a":"בן גוריון 18"}},{"type":"Feature","id":"osm-node-10963324753","geometry":{"type":"Point","coordinates":[34.82267,32.09516]},"properties":{"n":"שילב","c":"shopping","s":"osm"}},{"type":"Feature","id":"osm-node-10966471479","geometry":{"type":"Point","coordinates":[34.77491,32.10096]},"properties":{"n":"Red Heart","c":"culture","s":"osm"}},{"type":"Feature","id":"osm-node-10966515298","geometry":{"type":"Point","coordinates":[34.77523,32.09837]},"properties":{"n":"The Gramophone","c":"culture","s":"osm"}},{"type":"Feature","id":"osm-node-10966530237","geometry":{"type":"Point","coordinates":[34.77373,32.09975]},"properties":{"n":"TE♥︎VIV","c":"culture","s":"osm"}},{"type":"Feature","id":"osm-node-10968917624","geometry":{"type":"Point","coordinates":[34.8222,32.09466]},"properties":{"n":"Leader","c":"shopping","s":"osm"}},{"type":"Feature","id":"osm-node-10969247136","geometry":{"type":"Point","coordinates":[34.77322,32.08701]},"properties":{"n":"הלבנטיני","c":"restaurant","s":"osm","a":"בן יהודה 170","w":"https://halevantini.co.il"}},{"type":"Feature","id":"osm-node-10970907888","geometry":{"type":"Point","coordinates":[34.81153,32.08588]},"properties":{"n":"פיצה האט","c":"restaurant","s":"osm","w":"https://www.pizzahut.co.il/"}},{"type":"Feature","id":"osm-node-10976939324","geometry":{"type":"Point","coordinates":[34.77597,32.0989]},"properties":{"n":"ארז הלבנון ועתיקות בעלבכ","c":"culture","s":"osm"}},{"type":"Feature","id":"osm-node-10977833660","geometry":{"type":"Point","coordinates":[34.80948,32.10517]},"properties":{"n":"פסל הגמל המעופף","c":"culture","s":"osm"}},{"type":"Feature","id":"osm-node-10981687902","geometry":{"type":"Point","coordinates":[34.81088,32.08658]},"properties":{"n":"Ze ve ZOO","c":"shopping","s":"osm","a":"תלפיות 38"}},{"type":"Feature","id":"osm-node-10984516518","geometry":{"type":"Point","coordinates":[34.79125,32.08732]},"properties":{"n":"Training Room","c":"gym","s":"osm","a":"הא באייר 46","w":"https://www.trainingroom.co.il/"}},{"type":"Feature","id":"osm-node-10989086591","geometry":{"type":"Point","coordinates":[34.7998,32.08508]},"properties":{"n":"אילנס","c":"cafe","s":"osm","a":"מנחם בגין 7","w":"https://www.ilans.co.il/"}},{"type":"Feature","id":"osm-node-11009426304","geometry":{"type":"Point","coordinates":[34.81643,32.10363]},"properties":{"n":"פינת שחר","c":"culture","s":"osm","w":"https://park.co.il/domain/shachar-memorial-1/"}},{"type":"Feature","id":"osm-node-11009454698","geometry":{"type":"Point","coordinates":[34.78011,32.09787]},"properties":{"n":"גן חללי הטרור","c":"park","s":"osm"}},{"type":"Feature","id":"osm-node-11009457419","geometry":{"type":"Point","coordinates":[34.79978,32.10084]},"properties":{"n":"כתתו","c":"culture","s":"osm","w":"https://park.co.il/domain/מחווה-לדנציגר/"}},{"type":"Feature","id":"osm-node-11009457420","geometry":{"type":"Point","coordinates":[34.80448,32.10159]},"properties":{"n":"אווירופסיביקה 3","c":"culture","s":"osm","w":"https://www.tel-aviv.gov.il/Pages/MainItemPage.aspx?WebID=1429d7dd-464e-496c-82b4-344896cf1e04&ListID=2ee18477-d8ec-431f-81ac-8ebaaa8eb859&ItemId=471"}},{"type":"Feature","id":"osm-node-11009457423","geometry":{"type":"Point","coordinates":[34.79779,32.10023]},"properties":{"n":"קונכיה","c":"culture","s":"osm","w":"https://www.tel-aviv.gov.il/Pages/MainItemPage.aspx?WebID=1429d7dd-464e-496c-82b4-344896cf1e04&ListID=2ee18477-d8ec-431f-81ac-8ebaaa8eb859&ItemId=487"}},{"type":"Feature","id":"osm-node-11009457424","geometry":{"type":"Point","coordinates":[34.80054,32.1018]},"properties":{"n":"עצים בתשליל","c":"culture","s":"osm","w":"https://www.tel-aviv.gov.il/Pages/MainItemPage.aspx?WebID=1429d7dd-464e-496c-82b4-344896cf1e04&ListID=2ee18477-d8ec-431f-81ac-8ebaaa8eb859&ItemId=490"}},{"type":"Feature","id":"osm-node-11009457449","geometry":{"type":"Point","coordinates":[34.80493,32.10017]},"properties":{"n":"ללא שם","c":"culture","s":"osm","w":"https://www.tel-aviv.gov.il/Pages/MainItemPage.aspx?WebID=1429d7dd-464e-496c-82b4-344896cf1e04&ListID=2ee18477-d8ec-431f-81ac-8ebaaa8eb859&ItemId=464"}},{"type":"Feature","id":"osm-node-11010395997","geometry":{"type":"Point","coordinates":[34.8144,32.10036]},"properties":{"n":"גן הקקטוסים","c":"park","s":"osm","w":"https://park.co.il/domain/גן-הקקטוסים/"}},{"type":"Feature","id":"osm-node-11010395998","geometry":{"type":"Point","coordinates":[34.81367,32.09956]},"properties":{"n":"גן הסלעים","c":"park","s":"osm","w":"https://park.co.il/domain/גן-הסלעים/"}},{"type":"Feature","id":"osm-node-11010395999","geometry":{"type":"Point","coordinates":[34.81488,32.09916]},"properties":{"n":"הגן הגזום","c":"park","s":"osm","w":"https://park.co.il/domain/הגן-הגזום/"}},{"type":"Feature","id":"osm-node-11015411846","geometry":{"type":"Point","coordinates":[34.78218,32.08827]},"properties":{"n":"מאפיית לחמים","c":"bakery","s":"osm"}},{"type":"Feature","id":"osm-node-11015412152","geometry":{"type":"Point","coordinates":[34.77913,32.09035]},"properties":{"n":"אתא","c":"shopping","s":"osm"}},{"type":"Feature","id":"osm-node-11015419125","geometry":{"type":"Point","coordinates":[34.77914,32.09042]},"properties":{"n":"אריה מכון אודיולוגיה","c":"shopping","s":"osm"}},{"type":"Feature","id":"osm-node-11015420718","geometry":{"type":"Point","coordinates":[34.77922,32.09074]},"properties":{"n":"מכבי פארם","c":"pharmacy","s":"osm"}},{"type":"Feature","id":"osm-node-11015426607","geometry":{"type":"Point","coordinates":[34.77913,32.09038]},"properties":{"n":"שוז אנד הוז","c":"shopping","s":"osm"}},{"type":"Feature","id":"osm-node-1102234655","geometry":{"type":"Point","coordinates":[34.81662,32.1229]},"properties":{"n":"ארומה","c":"cafe","s":"osm"}},{"type":"Feature","id":"osm-node-1102238405","geometry":{"type":"Point","coordinates":[34.8166,32.12272]},"properties":{"n":"Be","c":"pharmacy","s":"osm","w":"https://www.bestore.co.il/"}},{"type":"Feature","id":"osm-node-1102241554","geometry":{"type":"Point","coordinates":[34.81646,32.12271]},"properties":{"n":"Carrefour City","c":"supermarket","s":"osm"}},{"type":"Feature","id":"osm-node-1102304293","geometry":{"type":"Point","coordinates":[34.81638,32.12281]},"properties":{"n":"הסושיה","c":"restaurant","s":"osm"}},{"type":"Feature","id":"osm-node-1102304962","geometry":{"type":"Point","coordinates":[34.81623,32.12271]},"properties":{"n":"המתוקיה של אמי","c":"supermarket","s":"osm"}},{"type":"Feature","id":"osm-node-1102324016","geometry":{"type":"Point","coordinates":[34.82042,32.12005]},"properties":{"n":"קפה ג'ו","c":"cafe","s":"osm","w":"http://www.joe.co.il/"}},{"type":"Feature","id":"osm-node-1102324900","geometry":{"type":"Point","coordinates":[34.82014,32.12003]},"properties":{"n":"בנק הפועלים","c":"bank","s":"osm","w":"https://www.bankhapoalim.co.il"}},{"type":"Feature","id":"osm-node-1102511839","geometry":{"type":"Point","coordinates":[34.81663,32.12287]},"properties":{"n":"בנק איגוד","c":"bank","s":"osm","w":"https://www.unionbank.co.il"}},{"type":"Feature","id":"osm-node-1104533478","geometry":{"type":"Point","coordinates":[34.79275,32.10488]},"properties":{"n":"AM:PM","c":"supermarket","s":"osm","w":"https://www.ampm.co.il/"}},{"type":"Feature","id":"osm-node-11059582287","geometry":{"type":"Point","coordinates":[34.82382,32.09627]},"properties":{"n":"חניון BBC","c":"parking","s":"osm"}},{"type":"Feature","id":"osm-node-11063332320","geometry":{"type":"Point","coordinates":[34.77914,32.09045]},"properties":{"n":"Take a nap","c":"shopping","s":"osm","w":"https://takeanap.co.il/"}},{"type":"Feature","id":"osm-node-11088945317","geometry":{"type":"Point","coordinates":[34.7885,32.08584]},"properties":{"n":"לחם ארז","c":"cafe","s":"osm"}},{"type":"Feature","id":"osm-node-11135044105","geometry":{"type":"Point","coordinates":[34.77515,32.08863]},"properties":{"n":"ADDÀ","c":"shopping","s":"osm","a":"דיזנגוף 211","w":"https://www.addagems.com/"}},{"type":"Feature","id":"osm-node-11163264656","geometry":{"type":"Point","coordinates":[34.78963,32.08509]},"properties":{"n":"KISU","c":"shopping","s":"osm"}},{"type":"Feature","id":"osm-node-11176622421","geometry":{"type":"Point","coordinates":[34.79089,32.08774]},"properties":{"n":"City Market","c":"supermarket","s":"osm"}},{"type":"Feature","id":"osm-node-11176709527","geometry":{"type":"Point","coordinates":[34.79018,32.08549]},"properties":{"n":"Michal Outlet","c":"shopping","s":"osm","a":"ה' באייר 24","w":"https://michalshop.com/"}},{"type":"Feature","id":"osm-node-11176718778","geometry":{"type":"Point","coordinates":[34.79025,32.0855]},"properties":{"n":"Miele","c":"shopping","s":"osm"}},{"type":"Feature","id":"osm-node-11176732329","geometry":{"type":"Point","coordinates":[34.79013,32.08547]},"properties":{"n":"LA GARCONNIÉRE","c":"shopping","s":"osm","w":"https://lagarconniere.co.il/"}},{"type":"Feature","id":"osm-node-11176806151","geometry":{"type":"Point","coordinates":[34.79002,32.08546]},"properties":{"n":"אנטילופ","c":"shopping","s":"osm"}},{"type":"Feature","id":"osm-node-11176813025","geometry":{"type":"Point","coordinates":[34.79077,32.08573]},"properties":{"n":"מוקאיה","c":"shopping","s":"osm","w":"https://mokaya.co.il/"}},{"type":"Feature","id":"osm-node-11176813132","geometry":{"type":"Point","coordinates":[34.79032,32.08552]},"properties":{"n":"Royal Diamonds","c":"shopping","s":"osm","w":"https://royaldiamond.co.il/"}},{"type":"Feature","id":"osm-node-11176813871","geometry":{"type":"Point","coordinates":[34.79016,32.08548]},"properties":{"n":"Bamoss Square","c":"shopping","s":"osm","w":"https://www.bamoss.com"}},{"type":"Feature","id":"osm-node-11176814020","geometry":{"type":"Point","coordinates":[34.7904,32.08554]},"properties":{"n":"DoDo","c":"shopping","s":"osm"}},{"type":"Feature","id":"osm-node-11176825246","geometry":{"type":"Point","coordinates":[34.79045,32.08555]},"properties":{"n":"Royal Lux","c":"shopping","s":"osm"}},{"type":"Feature","id":"osm-node-11176826388","geometry":{"type":"Point","coordinates":[34.79051,32.08556]},"properties":{"n":"Padani","c":"shopping","s":"osm","a":"ה' באייר 26","w":"https://www.padani.com/hen/"}},{"type":"Feature","id":"osm-node-11176827110","geometry":{"type":"Point","coordinates":[34.79007,32.08547]},"properties":{"n":"Moshe & Leelush","c":"wellness","s":"osm"}},{"type":"Feature","id":"osm-node-11176829810","geometry":{"type":"Point","coordinates":[34.78961,32.08541]},"properties":{"n":"לוטו","c":"shopping","s":"osm"}},{"type":"Feature","id":"osm-node-11176831454","geometry":{"type":"Point","coordinates":[34.79081,32.0856]},"properties":{"n":"עודד קאשי","c":"shopping","s":"osm"}},{"type":"Feature","id":"osm-node-11176834986","geometry":{"type":"Point","coordinates":[34.79056,32.08549]},"properties":{"n":"לה בוטא M","c":"wellness","s":"osm"}},{"type":"Feature","id":"osm-node-11176835355","geometry":{"type":"Point","coordinates":[34.79037,32.08553]},"properties":{"n":"Maison 24","c":"shopping","s":"osm"}},{"type":"Feature","id":"osm-node-11176836140","geometry":{"type":"Point","coordinates":[34.79081,32.08575]},"properties":{"n":"Flower Lab","c":"shopping","s":"osm","w":"https://www.flowerlab.co.il/en"}},{"type":"Feature","id":"osm-node-11185424934","geometry":{"type":"Point","coordinates":[34.80217,32.1252]},"properties":{"n":"גוד פארם","c":"pharmacy","s":"osm","a":"אבא אחימאיר 19","w":"https://goodpharm.co.il/pharm_storelocation/%D7%A9%D7%95%D7%A1%D7%98%D7%A8-%D7%AA%D7%90/"}},{"type":"Feature","id":"osm-node-11185427757","geometry":{"type":"Point","coordinates":[34.80195,32.12513]},"properties":{"n":"ברגר","c":"restaurant","s":"osm","a":"אבא אחימאיר 17","w":"https://bergerbyzorik.co.il/"}},{"type":"Feature","id":"osm-node-11199665737","geometry":{"type":"Point","coordinates":[34.82283,32.09627]},"properties":{"n":"שומשום בר","c":"restaurant","s":"osm","w":"https://www.instagram.com/sumsumbar/?hl=en"}},{"type":"Feature","id":"osm-node-11226651758","geometry":{"type":"Point","coordinates":[34.8108,32.08548]},"properties":{"n":"גריל street","c":"restaurant","s":"osm"}},{"type":"Feature","id":"osm-node-11226656316","geometry":{"type":"Point","coordinates":[34.81085,32.08545]},"properties":{"n":"שווארמה street","c":"restaurant","s":"osm"}},{"type":"Feature","id":"osm-node-11226657264","geometry":{"type":"Point","coordinates":[34.81105,32.08533]},"properties":{"n":"פאבלה","c":"restaurant","s":"osm","a":"ביאליק 77"}},{"type":"Feature","id":"osm-node-1127659185","geometry":{"type":"Point","coordinates":[34.79948,32.10289]},"properties":{"n":"המוזיאון הישראלי","c":"culture","s":"osm"}},{"type":"Feature","id":"osm-node-11295534138","geometry":{"type":"Point","coordinates":[34.81179,32.08636]},"properties":{"n":"Or Mobile","c":"shopping","s":"osm"}},{"type":"Feature","id":"osm-node-11295636562","geometry":{"type":"Point","coordinates":[34.81169,32.08629]},"properties":{"n":"כל בו ביאליק","c":"shopping","s":"osm"}},{"type":"Feature","id":"osm-node-11295755741","geometry":{"type":"Point","coordinates":[34.81168,32.08627]},"properties":{"n":"El Barrio","c":"restaurant","s":"osm","a":"זאב ז'בוטינסקי 62"}},{"type":"Feature","id":"osm-node-1131420475","geometry":{"type":"Point","coordinates":[34.79569,32.13152]},"properties":{"n":"אביב","c":"supermarket","s":"osm","w":"http://www.sonol.co.il/"}},{"type":"Feature","id":"osm-node-11330876273","geometry":{"type":"Point","coordinates":[34.82269,32.09637]},"properties":{"n":"GoNoodles!","c":"restaurant","s":"osm"}},{"type":"Feature","id":"osm-node-11330876274","geometry":{"type":"Point","coordinates":[34.82275,32.09636]},"properties":{"n":"Puzzle burger","c":"restaurant","s":"osm"}},{"type":"Feature","id":"osm-node-11330876275","geometry":{"type":"Point","coordinates":[34.82264,32.09635]},"properties":{"n":"B-Fresh","c":"restaurant","s":"osm"}},{"type":"Feature","id":"osm-node-11330876276","geometry":{"type":"Point","coordinates":[34.82261,32.09635]},"properties":{"n":"Humus","c":"restaurant","s":"osm"}},{"type":"Feature","id":"osm-node-11361510170","geometry":{"type":"Point","coordinates":[34.78667,32.08719]},"properties":{"n":"גולדה","c":"shopping","s":"osm","a":"ז'בוטינסקי 110","w":"https://goldaglida.co.il/"}},{"type":"Feature","id":"osm-node-11361649670","geometry":{"type":"Point","coordinates":[34.78483,32.08716]},"properties":{"n":"חדר כושר הגימנסיה הרצליה","c":"gym","s":"osm","a":"ז'בוטינסקי 106"}},{"type":"Feature","id":"osm-node-11363783369","geometry":{"type":"Point","coordinates":[34.78569,32.08716]},"properties":{"n":"ספריית הגימנסיה הרצליה","c":"library","s":"osm","a":"ז'בוטינסקי 106"}},{"type":"Feature","id":"osm-node-1137245914","geometry":{"type":"Point","coordinates":[34.79607,32.1032]},"properties":{"n":"אנינה","c":"cafe","s":"osm","w":"https://artsi.co.il/"}},{"type":"Feature","id":"osm-node-1137245916","geometry":{"type":"Point","coordinates":[34.79621,32.10316]},"properties":{"n":"חנות המוזיאון","c":"shopping","s":"osm"}},{"type":"Feature","id":"osm-node-11387429541","geometry":{"type":"Point","coordinates":[34.77672,32.10461]},"properties":{"n":"שליטה קרקעית חופי רידינג","c":"sport","s":"osm"}},{"type":"Feature","id":"osm-node-11408595730","geometry":{"type":"Point","coordinates":[34.79641,32.10331]},"properties":{"n":"קופה","c":"shopping","s":"osm"}},{"type":"Feature","id":"osm-node-1148121036","geometry":{"type":"Point","coordinates":[34.80894,32.10505]},"properties":{"n":"Underground Parking 1","c":"parking","s":"osm"}},{"type":"Feature","id":"osm-node-11499824821","geometry":{"type":"Point","coordinates":[34.82348,32.0943]},"properties":{"n":"לחם שניר","c":"restaurant","s":"osm","a":"בר כוכבא 16"}},{"type":"Feature","id":"osm-node-1150925905","geometry":{"type":"Point","coordinates":[34.79679,32.11677]},"properties":{"n":"דומינוז פיצה","c":"restaurant","s":"osm"}},{"type":"Feature","id":"osm-node-11518709323","geometry":{"type":"Point","coordinates":[34.82195,32.09401]},"properties":{"n":"שיפודי","c":"restaurant","s":"osm","a":"בן גוריון 18"}},{"type":"Feature","id":"osm-node-1152595878","geometry":{"type":"Point","coordinates":[34.81611,32.11131]},"properties":{"n":"Carrefour","c":"supermarket","s":"osm"}},{"type":"Feature","id":"osm-node-1156126871","geometry":{"type":"Point","coordinates":[34.78873,32.0988]},"properties":{"n":"תל אופן: ש\"י עגנון 59","c":"bike","s":"osm"}},{"type":"Feature","id":"osm-node-1157394642","geometry":{"type":"Point","coordinates":[34.80239,32.1248]},"properties":{"n":"תל אופן: אחימאיר 18 - מרכז שוסטר","c":"bike","s":"osm"}},{"type":"Feature","id":"osm-node-1157396127","geometry":{"type":"Point","coordinates":[34.79814,32.10772]},"properties":{"n":"ברודצקי פינת שד אבנר","c":"bike","s":"osm"}},{"type":"Feature","id":"osm-node-1157396376","geometry":{"type":"Point","coordinates":[34.79044,32.11021]},"properties":{"n":"תל אופן: פרלוק 4","c":"bike","s":"osm"}},{"type":"Feature","id":"osm-node-1157399238","geometry":{"type":"Point","coordinates":[34.79327,32.12007]},"properties":{"n":"תל אופן: רודנסקי - מרכז מסחרי","c":"bike","s":"osm"}},{"type":"Feature","id":"osm-node-1157401075","geometry":{"type":"Point","coordinates":[34.78314,32.12119]},"properties":{"n":"חוף תל ברוך","c":"bike","s":"osm"}},{"type":"Feature","id":"osm-node-11607497249","geometry":{"type":"Point","coordinates":[34.80186,32.11378]},"properties":{"n":"החוג הצפוני","c":"bar","s":"osm"}},{"type":"Feature","id":"osm-node-1166180085","geometry":{"type":"Point","coordinates":[34.81829,32.10941]},"properties":{"n":"חומוס","c":"restaurant","s":"osm"}},{"type":"Feature","id":"osm-node-11704099823","geometry":{"type":"Point","coordinates":[34.78323,32.09392]},"properties":{"n":"יעלא ולעילא","c":"shopping","s":"osm"}},{"type":"Feature","id":"osm-node-11704112533","geometry":{"type":"Point","coordinates":[34.78285,32.0919]},"properties":{"n":"AM:PM","c":"supermarket","s":"osm"}},{"type":"Feature","id":"osm-node-11704132050","geometry":{"type":"Point","coordinates":[34.78356,32.09344]},"properties":{"n":"Green Box","c":"shopping","s":"osm"}},{"type":"Feature","id":"osm-node-11708802378","geometry":{"type":"Point","coordinates":[34.82195,32.09563]},"properties":{"n":"MARKET 2 GO","c":"supermarket","s":"osm","a":"בן גוריון 1"}},{"type":"Feature","id":"osm-node-11708802379","geometry":{"type":"Point","coordinates":[34.82194,32.09569]},"properties":{"n":"שניצל קומפני","c":"restaurant","s":"osm"}},{"type":"Feature","id":"osm-node-11711437812","geometry":{"type":"Point","coordinates":[34.81152,32.08585]},"properties":{"n":"New Deli","c":"restaurant","s":"osm","a":"ביאליק 76"}},{"type":"Feature","id":"osm-node-11711469052","geometry":{"type":"Point","coordinates":[34.81149,32.08582]},"properties":{"n":"סופר-פארם","c":"pharmacy","s":"osm"}},{"type":"Feature","id":"osm-node-11717150145","geometry":{"type":"Point","coordinates":[34.82196,32.09554]},"properties":{"n":"פתרון","c":"shopping","s":"osm","a":"בן גוריון 1","w":"https://www.pitaronshop.co.il/"}},{"type":"Feature","id":"osm-node-1171886311","geometry":{"type":"Point","coordinates":[34.79704,32.09781]},"properties":{"n":"תל אופן: קוסובסקי 34 - גני יהושוע","c":"bike","s":"osm"}},{"type":"Feature","id":"osm-node-1172210836","geometry":{"type":"Point","coordinates":[34.77512,32.09421]},"properties":{"n":"בנק הפועלים","c":"bank","s":"osm","w":"https://www.bankhapoalim.co.il"}},{"type":"Feature","id":"osm-node-1172591326","geometry":{"type":"Point","coordinates":[34.79673,32.11941]},"properties":{"n":"מועדון ספורט נווה אביבים","c":"sport","s":"osm"}},{"type":"Feature","id":"osm-node-11818013490","geometry":{"type":"Point","coordinates":[34.78753,32.10012]},"properties":{"n":"זוטה פיצה","c":"restaurant","s":"osm","a":"מאיר יערי 19","w":"https://zotapizza.com/"}},{"type":"Feature","id":"osm-node-11818013491","geometry":{"type":"Point","coordinates":[34.78782,32.10044]},"properties":{"n":"שופרסל אקספרס","c":"supermarket","s":"osm","a":"מאיר יערי 27"}},{"type":"Feature","id":"osm-node-11818013492","geometry":{"type":"Point","coordinates":[34.78778,32.10027]},"properties":{"n":"Abu Hilweh","c":"shopping","s":"osm","a":"מאיר יערי 18"}},{"type":"Feature","id":"osm-node-11911591513","geometry":{"type":"Point","coordinates":[34.81148,32.08573]},"properties":{"n":"Queens Academy","c":"school","s":"osm"}},{"type":"Feature","id":"osm-node-11911647182","geometry":{"type":"Point","coordinates":[34.81161,32.0854]},"properties":{"n":"Foot Locker","c":"shopping","s":"osm"}},{"type":"Feature","id":"osm-node-11911700407","geometry":{"type":"Point","coordinates":[34.81126,32.08579]},"properties":{"n":"פוקס","c":"shopping","s":"osm"}},{"type":"Feature","id":"osm-node-11911700408","geometry":{"type":"Point","coordinates":[34.81131,32.08577]},"properties":{"n":"דלתא","c":"shopping","s":"osm"}},{"type":"Feature","id":"osm-node-11911718497","geometry":{"type":"Point","coordinates":[34.81141,32.08565]},"properties":{"n":"Food Appeal","c":"shopping","s":"osm"}},{"type":"Feature","id":"osm-node-11913157720","geometry":{"type":"Point","coordinates":[34.81148,32.08603]},"properties":{"n":"Bleecker Bakery","c":"bakery","s":"osm","w":"https://bleeckerbakery.co.il/"}},{"type":"Feature","id":"osm-node-1191621701","geometry":{"type":"Point","coordinates":[34.79263,32.12087]},"properties":{"n":"בנק הפועלים","c":"bank","s":"osm","w":"https://www.bankhapoalim.co.il"}},{"type":"Feature","id":"osm-node-1194309590","geometry":{"type":"Point","coordinates":[34.79639,32.11283]},"properties":{"n":"תל אופן: איינשטיין 41","c":"bike","s":"osm"}},{"type":"Feature","id":"osm-node-1195969103","geometry":{"type":"Point","coordinates":[34.79825,32.12566]},"properties":{"n":"תל אופן: שלמה בן יוסף 24","c":"bike","s":"osm"}},{"type":"Feature","id":"osm-node-1195981666","geometry":{"type":"Point","coordinates":[34.80098,32.11323]},"properties":{"n":"אוניברסיטה איינשטיין 78","c":"bike","s":"osm"}},{"type":"Feature","id":"osm-node-1195981671","geometry":{"type":"Point","coordinates":[34.79909,32.12069]},"properties":{"n":"תל אופן: רב אשי 11 - מרכז מסחרי","c":"bike","s":"osm"}},{"type":"Feature","id":"osm-node-1195987766","geometry":{"type":"Point","coordinates":[34.81873,32.11413]},"properties":{"n":"המכללה להנדסאים","c":"bike","s":"osm","a":"קהילת קייב 3"}},{"type":"Feature","id":"osm-node-1195987771","geometry":{"type":"Point","coordinates":[34.79225,32.12971]},"properties":{"n":"תל אופן: גרינברג 26 - אזורי חן","c":"bike","s":"osm"}},{"type":"Feature","id":"osm-node-1195988365","geometry":{"type":"Point","coordinates":[34.80524,32.1034]},"properties":{"n":"תחנת רכבת אונברסיטה","c":"bike","s":"osm"}},{"type":"Feature","id":"osm-node-1195993418","geometry":{"type":"Point","coordinates":[34.80998,32.10443]},"properties":{"n":"רוקח מרכז הירידים","c":"bike","s":"osm"}},{"type":"Feature","id":"osm-node-11978564432","geometry":{"type":"Point","coordinates":[34.79121,32.08616]},"properties":{"n":"Gucci","c":"shopping","s":"osm"}},{"type":"Feature","id":"osm-node-11987402410","geometry":{"type":"Point","coordinates":[34.82493,32.09561]},"properties":{"n":"קפה ג'ו","c":"cafe","s":"osm"}},{"type":"Feature","id":"osm-node-1201440631","geometry":{"type":"Point","coordinates":[34.80217,32.11384]},"properties":{"n":"באג דיונון","c":"shopping","s":"osm"}},{"type":"Feature","id":"osm-node-1201454394","geometry":{"type":"Point","coordinates":[34.80633,32.1127]},"properties":{"n":"סשק","c":"cafe","s":"osm"}},{"type":"Feature","id":"osm-node-1201454401","geometry":{"type":"Point","coordinates":[34.80378,32.11186]},"properties":{"n":"קופי סטאר","c":"cafe","s":"osm"}},{"type":"Feature","id":"osm-node-1201454406","geometry":{"type":"Point","coordinates":[34.80611,32.11034]},"properties":{"n":"קפה יוטו","c":"cafe","s":"osm"}},{"type":"Feature","id":"osm-node-12047583620","geometry":{"type":"Point","coordinates":[34.79742,32.10662]},"properties":{"n":"Pizza Hut","c":"restaurant","s":"osm","a":"ברודצקי 15","w":"https://www.pizzahut.co.il/branch/%d7%aa%d7%9c-%d7%90%d7%91%d7%99%d7%91-%d7%a8%d7%9e%d7%aa-%d7%90%d7%91%d7%99%d7%91/"}},{"type":"Feature","id":"osm-node-12062755498","geometry":{"type":"Point","coordinates":[34.81268,32.08736]},"properties":{"n":"Pet Wonderland","c":"shopping","s":"osm"}},{"type":"Feature","id":"osm-node-12078391713","geometry":{"type":"Point","coordinates":[34.81747,32.0891]},"properties":{"n":"Purple Haze","c":"wellness","s":"osm","a":"זאב ז'בוטינסקי 108","w":"https://www.instagram.com/purplehaze_salon"}},{"type":"Feature","id":"osm-node-12087592917","geometry":{"type":"Point","coordinates":[34.81673,32.12283]},"properties":{"n":"Shemo","c":"shopping","s":"osm"}},{"type":"Feature","id":"osm-node-12087594895","geometry":{"type":"Point","coordinates":[34.81658,32.12265]},"properties":{"n":"K.S.P","c":"shopping","s":"osm"}},{"type":"Feature","id":"osm-node-12102861652","geometry":{"type":"Point","coordinates":[34.7893,32.08551]},"properties":{"n":"סיליז","c":"shopping","s":"osm"}},{"type":"Feature","id":"osm-node-12104037732","geometry":{"type":"Point","coordinates":[34.8224,32.09152]},"properties":{"n":"Joe&Go","c":"cafe","s":"osm"}},{"type":"Feature","id":"osm-node-1213221743","geometry":{"type":"Point","coordinates":[34.77356,32.09623]},"properties":{"n":"רוזן ומינץ","c":"bike","s":"osm","a":"כ\"ג יורדי הסירה","w":"http://www.rosen-meents.co.il/?CategoryID=321&ArticleID=746"}},{"type":"Feature","id":"osm-node-12132803159","geometry":{"type":"Point","coordinates":[34.81734,32.08902]},"properties":{"n":"Bell's Luck","c":"wellness","s":"osm","a":"זאב ז'בוטינסקי 108","w":"https://www.instagram.com/bells_luck/"}},{"type":"Feature","id":"osm-node-12135923718","geometry":{"type":"Point","coordinates":[34.82168,32.0951]},"properties":{"n":"Get Packing","c":"shopping","s":"osm","a":"הצלע 26"}},{"type":"Feature","id":"osm-node-12144567073","geometry":{"type":"Point","coordinates":[34.81041,32.08945]},"properties":{"n":"Luca studio","c":"gym","s":"osm"}},{"type":"Feature","id":"osm-node-12154792687","geometry":{"type":"Point","coordinates":[34.78158,32.08513]},"properties":{"n":"Flora Bloom","c":"shopping","s":"osm","w":"https://florabloom.co.il/"}},{"type":"Feature","id":"osm-node-12165391488","geometry":{"type":"Point","coordinates":[34.78831,32.08601]},"properties":{"n":"Nuchi","c":"restaurant","s":"osm"}},{"type":"Feature","id":"osm-node-12190019847","geometry":{"type":"Point","coordinates":[34.77478,32.08718]},"properties":{"n":"NOLA American Bakery","c":"cafe","s":"osm","a":"דיזנגוף 197","w":"https://www.nola-b.co.il/"}},{"type":"Feature","id":"osm-node-12190029401","geometry":{"type":"Point","coordinates":[34.77494,32.08746]},"properties":{"n":"Cafeteria & Wine","c":"bar","s":"osm"}},{"type":"Feature","id":"osm-node-12295905111","geometry":{"type":"Point","coordinates":[34.79651,32.11263]},"properties":{"n":"Otello","c":"shopping","s":"osm"}},{"type":"Feature","id":"osm-node-12387769001","geometry":{"type":"Point","coordinates":[34.77158,32.08513]},"properties":{"n":"פולה ודוד בן גוריון","c":"culture","s":"osm"}},{"type":"Feature","id":"osm-node-12463076043","geometry":{"type":"Point","coordinates":[34.82319,32.09398]},"properties":{"n":"Booom!","c":"shopping","s":"osm","a":"בר כוכבא 23"}},{"type":"Feature","id":"osm-node-12520425651","geometry":{"type":"Point","coordinates":[34.82321,32.09433]},"properties":{"n":"איווה","c":"restaurant","s":"osm","a":"בר כוכבא 23"}},{"type":"Feature","id":"osm-node-12553673528","geometry":{"type":"Point","coordinates":[34.81743,32.0891]},"properties":{"n":"סיזר","c":"wellness","s":"osm"}},{"type":"Feature","id":"osm-node-12574418944","geometry":{"type":"Point","coordinates":[34.82293,32.09591]},"properties":{"n":"שוק העיר","c":"supermarket","s":"osm"}},{"type":"Feature","id":"osm-node-12578960888","geometry":{"type":"Point","coordinates":[34.81075,32.08546]},"properties":{"n":"סביחה","c":"restaurant","s":"osm"}},{"type":"Feature","id":"osm-node-12578963153","geometry":{"type":"Point","coordinates":[34.81072,32.08542]},"properties":{"n":"חטיפי יעקובי","c":"shopping","s":"osm"}},{"type":"Feature","id":"osm-node-12578964048","geometry":{"type":"Point","coordinates":[34.8218,32.09085]},"properties":{"n":"א. אטלסוביץ ובניו בע\"מ","c":"shopping","s":"osm"}},{"type":"Feature","id":"osm-node-12578967966","geometry":{"type":"Point","coordinates":[34.82285,32.09062]},"properties":{"n":"דה בסט בייק","c":"bike","s":"osm"}},{"type":"Feature","id":"osm-node-12578967967","geometry":{"type":"Point","coordinates":[34.81819,32.08925]},"properties":{"n":"פיגל","c":"shopping","s":"osm"}},{"type":"Feature","id":"osm-node-12578969878","geometry":{"type":"Point","coordinates":[34.81877,32.08948]},"properties":{"n":"מרקט אקספרס","c":"supermarket","s":"osm"}},{"type":"Feature","id":"osm-node-12578971021","geometry":{"type":"Point","coordinates":[34.81066,32.08535]},"properties":{"n":"Tanto","c":"gym","s":"osm"}},{"type":"Feature","id":"osm-node-12578971538","geometry":{"type":"Point","coordinates":[34.82217,32.09081]},"properties":{"n":"הקולה מבגדד","c":"supermarket","s":"osm"}},{"type":"Feature","id":"osm-node-12578972524","geometry":{"type":"Point","coordinates":[34.82356,32.09385]},"properties":{"n":"Breadcafe","c":"cafe","s":"osm"}},{"type":"Feature","id":"osm-node-12578978007","geometry":{"type":"Point","coordinates":[34.82239,32.09088]},"properties":{"n":"מפגש שמש","c":"restaurant","s":"osm"}},{"type":"Feature","id":"osm-node-12578982206","geometry":{"type":"Point","coordinates":[34.82188,32.09046]},"properties":{"n":"ממלכת הרהיטים","c":"shopping","s":"osm"}},{"type":"Feature","id":"osm-node-12592875301","geometry":{"type":"Point","coordinates":[34.81306,32.08766]},"properties":{"n":"מכבסה","c":"shopping","s":"osm"}},{"type":"Feature","id":"osm-node-12595642635","geometry":{"type":"Point","coordinates":[34.80365,32.11177]},"properties":{"n":"Must & Mayo","c":"restaurant","s":"osm"}},{"type":"Feature","id":"osm-node-12722235801","geometry":{"type":"Point","coordinates":[34.78228,32.08874]},"properties":{"n":"קפה אווה","c":"cafe","s":"osm","a":"אבן גבירול 131"}},{"type":"Feature","id":"osm-node-12762820611","geometry":{"type":"Point","coordinates":[34.81942,32.08632]},"properties":{"n":"גינת כלבים פארק אברהם","c":"dog_park","s":"osm"}},{"type":"Feature","id":"osm-node-12809524285","geometry":{"type":"Point","coordinates":[34.77479,32.08576]},"properties":{"n":"קפה דיזנגוף","c":"cafe","s":"osm","a":"דיזנגוף 190","w":"https://www.cafe-dizengoff.com/"}},{"type":"Feature","id":"osm-node-12809531141","geometry":{"type":"Point","coordinates":[34.77493,32.08609]},"properties":{"n":"רובע תל אביב","c":"bar","s":"osm","a":"דיזנגוף 196","w":"https://rova-bar.co.il/"}},{"type":"Feature","id":"osm-node-12809538406","geometry":{"type":"Point","coordinates":[34.7746,32.08624]},"properties":{"n":"קירש קפה","c":"cafe","s":"osm","a":"דיזנגוף 189"}},{"type":"Feature","id":"osm-node-1304774790","geometry":{"type":"Point","coordinates":[34.81434,32.08799]},"properties":{"n":"AM:PM","c":"supermarket","s":"osm","a":"זאב ז'בוטינסקי 86","w":"https://www.ampm.co.il/"}},{"type":"Feature","id":"osm-node-1309308421","geometry":{"type":"Point","coordinates":[34.79443,32.09649]},"properties":{"n":"מפגש הירקון","c":"restaurant","s":"osm"}},{"type":"Feature","id":"osm-node-1309308429","geometry":{"type":"Point","coordinates":[34.79743,32.0888]},"properties":{"n":"צומת ספרים","c":"shopping","s":"osm"}},{"type":"Feature","id":"osm-node-1309308430","geometry":{"type":"Point","coordinates":[34.79884,32.09364]},"properties":{"n":"בנק הפועלים","c":"bank","s":"osm","w":"https://www.bankhapoalim.co.il"}},{"type":"Feature","id":"osm-node-1309308436","geometry":{"type":"Point","coordinates":[34.79726,32.08883]},"properties":{"n":"אטליז זלמן","c":"shopping","s":"osm"}},{"type":"Feature","id":"osm-node-1309308439","geometry":{"type":"Point","coordinates":[34.79417,32.09428]},"properties":{"n":"בנק לאומי","c":"bank","s":"osm","w":"https://www.leumi.co.il"}},{"type":"Feature","id":"osm-node-1309308441","geometry":{"type":"Point","coordinates":[34.79841,32.09428]},"properties":{"n":"טיפ טוב","c":"supermarket","s":"osm","a":"בבלי 17"}},{"type":"Feature","id":"osm-node-1309308446","geometry":{"type":"Point","coordinates":[34.7972,32.08897]},"properties":{"n":"restaurant poisson Ada","c":"cafe","s":"osm"}},{"type":"Feature","id":"osm-node-1309308450","geometry":{"type":"Point","coordinates":[34.79715,32.08886]},"properties":{"n":"לגבר","c":"shopping","s":"osm"}},{"type":"Feature","id":"osm-node-13171200696","geometry":{"type":"Point","coordinates":[34.81491,32.0882]},"properties":{"n":"Jabu","c":"cafe","s":"osm"}},{"type":"Feature","id":"osm-node-13206287302","geometry":{"type":"Point","coordinates":[34.77333,32.08833]},"properties":{"n":"Kohi Japanese Coffee Shop","c":"shopping","s":"osm","a":"בן יהודה"}},{"type":"Feature","id":"osm-node-1328430331","geometry":{"type":"Point","coordinates":[34.81518,32.11348]},"properties":{"n":"המכולת של יוסי","c":"supermarket","s":"osm"}},{"type":"Feature","id":"osm-node-1328430334","geometry":{"type":"Point","coordinates":[34.81259,32.11102]},"properties":{"n":"גינה קהילתית מעוז אביב","c":"shopping","s":"osm"}},{"type":"Feature","id":"osm-node-13410795001","geometry":{"type":"Point","coordinates":[34.81614,32.11123]},"properties":{"n":"GDB","c":"restaurant","s":"osm"}},{"type":"Feature","id":"osm-node-13424384603","geometry":{"type":"Point","coordinates":[34.80424,32.09087]},"properties":{"n":"גנה","c":"cafe","s":"osm"}},{"type":"Feature","id":"osm-node-13527216677","geometry":{"type":"Point","coordinates":[34.8054,32.11532]},"properties":{"n":"Good Market","c":"supermarket","s":"osm"}},{"type":"Feature","id":"osm-node-13527228363","geometry":{"type":"Point","coordinates":[34.80455,32.11082]},"properties":{"n":"Cyber Horse","c":"culture","s":"osm"}},{"type":"Feature","id":"osm-node-13527237951","geometry":{"type":"Point","coordinates":[34.80541,32.11534]},"properties":{"n":"Good Café","c":"cafe","s":"osm"}},{"type":"Feature","id":"osm-node-13527240262","geometry":{"type":"Point","coordinates":[34.80329,32.11234]},"properties":{"n":"Coffee Time","c":"cafe","s":"osm"}},{"type":"Feature","id":"osm-node-13645571355","geometry":{"type":"Point","coordinates":[34.82498,32.11462]},"properties":{"n":"טיב טעם","c":"supermarket","s":"osm","a":"פנחס רוזן 67","w":"https://www.tivtaam.co.il"}},{"type":"Feature","id":"osm-node-13683565368","geometry":{"type":"Point","coordinates":[34.77242,32.08536]},"properties":{"n":"Bookhaus","c":"shopping","s":"osm","a":"בן יהודה 113","w":"https://bookhaus.co.il"}},{"type":"Feature","id":"osm-node-1368768806","geometry":{"type":"Point","coordinates":[34.77613,32.09861]},"properties":{"n":"א.א קרמיקה","c":"shopping","s":"osm"}},{"type":"Feature","id":"osm-node-1368768815","geometry":{"type":"Point","coordinates":[34.77498,32.09774]},"properties":{"n":"דיבני סנטר","c":"shopping","s":"osm"}},{"type":"Feature","id":"osm-node-1368768824","geometry":{"type":"Point","coordinates":[34.77608,32.09787]},"properties":{"n":"סמל מטבחים","c":"shopping","s":"osm"}},{"type":"Feature","id":"osm-node-1368768827","geometry":{"type":"Point","coordinates":[34.77442,32.09825]},"properties":{"n":"הנגר 11","c":"culture","s":"osm"}},{"type":"Feature","id":"osm-node-1368786620","geometry":{"type":"Point","coordinates":[34.77602,32.09901]},"properties":{"n":"גלידה מונטנה","c":"shopping","s":"osm"}},{"type":"Feature","id":"osm-node-1368786629","geometry":{"type":"Point","coordinates":[34.7754,32.09858]},"properties":{"n":"אייסברג וולקנו","c":"shopping","s":"osm","a":"האנגר 11"}},{"type":"Feature","id":"osm-node-13849025601","geometry":{"type":"Point","coordinates":[34.8158,32.08668]},"properties":{"n":"ניצן","c":"kindergarten","s":"osm","a":"אלימלך 7"}},{"type":"Feature","id":"osm-node-1386293498","geometry":{"type":"Point","coordinates":[34.80387,32.08894]},"properties":{"n":"קפה אנה","c":"cafe","s":"osm"}},{"type":"Feature","id":"osm-node-1386295709","geometry":{"type":"Point","coordinates":[34.80196,32.09241]},"properties":{"n":"ספריית חרוזים","c":"library","s":"osm"}},{"type":"Feature","id":"osm-node-1386760368","geometry":{"type":"Point","coordinates":[34.81413,32.09418]},"properties":{"n":"ספרייה עירונית","c":"library","s":"osm"}},{"type":"Feature","id":"osm-node-1386767680","geometry":{"type":"Point","coordinates":[34.80266,32.09007]},"properties":{"n":"מכללת שנקר","c":"school","s":"osm"}},{"type":"Feature","id":"osm-node-1386768126","geometry":{"type":"Point","coordinates":[34.81101,32.09339]},"properties":{"n":"בי\"ס ניצנים","c":"school","s":"osm"}},{"type":"Feature","id":"osm-node-1386787886","geometry":{"type":"Point","coordinates":[34.8039,32.08756]},"properties":{"n":"שמש","c":"restaurant","s":"osm","a":"תובל 9","w":"https://shemesh-rg.co.il/"}},{"type":"Feature","id":"osm-node-1388903440","geometry":{"type":"Point","coordinates":[34.82249,32.09053]},"properties":{"n":"בורגראנץ'","c":"restaurant","s":"osm","w":"https://app.burgeranch.co.il"}},{"type":"Feature","id":"osm-node-1391411372","geometry":{"type":"Point","coordinates":[34.82134,32.09034]},"properties":{"n":"מחסני השוק","c":"supermarket","s":"osm","a":"זאב ז'בוטינסקי 128","w":"https://m-shuk.net/"}},{"type":"Feature","id":"osm-node-1391411381","geometry":{"type":"Point","coordinates":[34.82474,32.09171]},"properties":{"n":"מכון מור","c":"health","s":"osm","a":"זאב ז'בוטינסקי 7"}},{"type":"Feature","id":"osm-node-1400686571","geometry":{"type":"Point","coordinates":[34.81249,32.08724]},"properties":{"n":"Zer4U","c":"shopping","s":"osm","a":"זאב ז'בוטינסקי 69"}},{"type":"Feature","id":"osm-node-1400686572","geometry":{"type":"Point","coordinates":[34.82231,32.0905]},"properties":{"n":"אל גאוצ'ו","c":"restaurant","s":"osm"}},{"type":"Feature","id":"osm-node-1400686574","geometry":{"type":"Point","coordinates":[34.81358,32.08805]},"properties":{"n":"מאפייה","c":"restaurant","s":"osm"}},{"type":"Feature","id":"osm-node-1400686576","geometry":{"type":"Point","coordinates":[34.81338,32.08795]},"properties":{"n":"שמש","c":"restaurant","s":"osm"}},{"type":"Feature","id":"osm-node-1401903996","geometry":{"type":"Point","coordinates":[34.82236,32.0913]},"properties":{"n":"\"בית מרקחת \"אבי","c":"pharmacy","s":"osm"}},{"type":"Feature","id":"osm-node-1403104069","geometry":{"type":"Point","coordinates":[34.82237,32.0912]},"properties":{"n":"בנק מזרחי טפחות","c":"bank","s":"osm","w":"https://www.mizrahi-tefahot.co.il"}},{"type":"Feature","id":"osm-node-14069083201","geometry":{"type":"Point","coordinates":[34.80246,32.0882]},"properties":{"n":"עודד ברבר שופ גברים","c":"wellness","s":"osm","a":"הבונים 9","w":"https://ok-barber.co.il/"}},{"type":"Feature","id":"osm-node-1407004651","geometry":{"type":"Point","coordinates":[34.82239,32.09111]},"properties":{"n":"נ.א.ר.א","c":"health","s":"osm","w":"https://www.nara.co.il/"}},{"type":"Feature","id":"osm-node-1407004659","geometry":{"type":"Point","coordinates":[34.81254,32.08733]},"properties":{"n":"הסושיה","c":"restaurant","s":"osm"}},{"type":"Feature","id":"osm-node-1407007394","geometry":{"type":"Point","coordinates":[34.82235,32.09365]},"properties":{"n":"בנק לאומי","c":"bank","s":"osm","w":"https://www.leumi.co.il"}},{"type":"Feature","id":"osm-node-1408668256","geometry":{"type":"Point","coordinates":[34.82225,32.09367]},"properties":{"n":"הבנק הבינלאומי","c":"bank","s":"osm","w":"https://www.fibi.co.il"}},{"type":"Feature","id":"osm-node-1456757376","geometry":{"type":"Point","coordinates":[34.77438,32.08528]},"properties":{"n":"Zota Pizza","c":"restaurant","s":"osm","a":"דיזנגוף 177"}},{"type":"Feature","id":"osm-node-1500191403","geometry":{"type":"Point","coordinates":[34.80233,32.12518]},"properties":{"n":"לנדוור","c":"cafe","s":"osm","a":"אבא אחימאיר 19","w":"https://www.landwercafe.co.il/branch/%d7%a9%d7%95%d7%a1%d7%98%d7%a8/"}},{"type":"Feature","id":"osm-node-1500193592","geometry":{"type":"Point","coordinates":[34.80263,32.1253]},"properties":{"n":"לאומי","c":"bank","s":"osm"}},{"type":"Feature","id":"osm-node-1500199021","geometry":{"type":"Point","coordinates":[34.80314,32.12498]},"properties":{"n":"Дисконт Банк","c":"bank","s":"osm"}},{"type":"Feature","id":"osm-node-1538692937","geometry":{"type":"Point","coordinates":[34.7888,32.10462]},"properties":{"n":"לוי אשכול 26","c":"bike","s":"osm"}},{"type":"Feature","id":"osm-node-1546447384","geometry":{"type":"Point","coordinates":[34.79214,32.13057]},"properties":{"n":"בנק לאומי","c":"bank","s":"osm"}},{"type":"Feature","id":"osm-node-1546447404","geometry":{"type":"Point","coordinates":[34.79225,32.13019]},"properties":{"n":"מכבי","c":"health","s":"osm","a":"אורי צבי גרינברג 25"}},{"type":"Feature","id":"osm-node-1626824915","geometry":{"type":"Point","coordinates":[34.77336,32.08713]},"properties":{"n":"קפה קפה","c":"cafe","s":"osm","a":"בן יהודה 172"}},{"type":"Feature","id":"osm-node-1626825014","geometry":{"type":"Point","coordinates":[34.77371,32.08862]},"properties":{"n":"אלכוהום","c":"bar","s":"osm","a":"בן יהודה 188"}},{"type":"Feature","id":"osm-node-1626825015","geometry":{"type":"Point","coordinates":[34.7748,32.08565]},"properties":{"n":"אתנחתה","c":"cafe","s":"osm","a":"דיזנגוף 190"}},{"type":"Feature","id":"osm-node-1626825016","geometry":{"type":"Point","coordinates":[34.77343,32.08743]},"properties":{"n":"15 דקות","c":"bar","s":"osm","a":"ארלוזורוב 15"}},{"type":"Feature","id":"osm-node-1642950898","geometry":{"type":"Point","coordinates":[34.78965,32.0852]},"properties":{"n":"בנק מזרחי טפחות","c":"bank","s":"osm","w":"https://www.mizrahi-tefahot.co.il"}},{"type":"Feature","id":"osm-node-1643374535","geometry":{"type":"Point","coordinates":[34.79275,32.12074]},"properties":{"n":"מיניקן","c":"cafe","s":"osm"}},{"type":"Feature","id":"osm-node-1700723076","geometry":{"type":"Point","coordinates":[34.79202,32.09403]},"properties":{"n":"בנק דיסקונט","c":"bank","s":"osm","w":"https://www.discountbank.co.il"}},{"type":"Feature","id":"osm-node-1700723084","geometry":{"type":"Point","coordinates":[34.79001,32.11038]},"properties":{"n":"בנק לאומי","c":"bank","s":"osm","w":"https://www.leumi.co.il"}},{"type":"Feature","id":"osm-node-1700723089","geometry":{"type":"Point","coordinates":[34.7902,32.1052]},"properties":{"n":"בנק הפועלים","c":"bank","s":"osm","w":"https://www.bankhapoalim.co.il"}},{"type":"Feature","id":"osm-node-1717768352","geometry":{"type":"Point","coordinates":[34.78398,32.09417]},"properties":{"n":"יודה","c":"bar","s":"osm","w":"https://he-il.facebook.com/Yuda.Pub.Bar"}},{"type":"Feature","id":"osm-node-1717768353","geometry":{"type":"Point","coordinates":[34.78508,32.09371]},"properties":{"n":"זוריק","c":"cafe","s":"osm","a":"יהודה המכבי 4","w":"https://www.cafezorik.co.il/"}},{"type":"Feature","id":"osm-node-1717768354","geometry":{"type":"Point","coordinates":[34.78337,32.09468]},"properties":{"n":"דרגסטור","c":"supermarket","s":"osm"}},{"type":"Feature","id":"osm-node-1717768356","geometry":{"type":"Point","coordinates":[34.7833,32.09421]},"properties":{"n":"קפה טימותי","c":"cafe","s":"osm","a":"אבן גבירול 187","w":"https://www.facebook.com/timothycafetlv/"}},{"type":"Feature","id":"osm-node-1717771204","geometry":{"type":"Point","coordinates":[34.78597,32.09392]},"properties":{"n":"בנק הפועלים","c":"bank","s":"osm","w":"https://www.bankhapoalim.co.il"}},{"type":"Feature","id":"osm-node-1739807819","geometry":{"type":"Point","coordinates":[34.81166,32.08675]},"properties":{"n":"מנטה","c":"supermarket","s":"osm","w":"https://www.delek.co.il/"}},{"type":"Feature","id":"osm-node-1750784331","geometry":{"type":"Point","coordinates":[34.77954,32.0899]},"properties":{"n":"La bonne Patisserie","c":"bakery","s":"osm","a":"Basel, Tel Aviv 40","w":"https://labonnepatisserie.com/"}},{"type":"Feature","id":"osm-node-1750786333","geometry":{"type":"Point","coordinates":[34.77923,32.08997]},"properties":{"n":"Boutique Noemi","c":"shopping","s":"osm","a":"Basel , Tel aviv 33","w":"https://www.boutiquenoemi.com/"}},{"type":"Feature","id":"osm-node-1770120429","geometry":{"type":"Point","coordinates":[34.77429,32.09645]},"properties":{"n":"Pussycat Lounge","c":"bar","s":"osm","a":"Kaf Gimel Yordei HaSira St. 3"}},{"type":"Feature","id":"osm-node-1773354948","geometry":{"type":"Point","coordinates":[34.797,32.08847]},"properties":{"n":"אלוני ניסים 8","c":"bike","s":"osm","a":"ניסים אלוני 8"}},{"type":"Feature","id":"osm-node-1835204845","geometry":{"type":"Point","coordinates":[34.8169,32.11843]},"properties":{"n":"קופת חולים כללית","c":"health","s":"osm"}},{"type":"Feature","id":"osm-node-1855396197","geometry":{"type":"Point","coordinates":[34.79215,32.13064]},"properties":{"n":"קנדי בר קפה","c":"cafe","s":"osm"}},{"type":"Feature","id":"osm-node-1877647826","geometry":{"type":"Point","coordinates":[34.82209,32.09339]},"properties":{"n":"בנק יהד","c":"bank","s":"osm","w":"https://www.bank-yahav.co.il"}},{"type":"Feature","id":"osm-node-1892796263","geometry":{"type":"Point","coordinates":[34.77486,32.09569]},"properties":{"n":"אקבן נינג'יטסו AKBAN","c":"school","s":"osm","a":"הירקון 294"}},{"type":"Feature","id":"osm-node-1929680089","geometry":{"type":"Point","coordinates":[34.81785,32.09262]},"properties":{"n":"גדעון","c":"wellness","s":"osm"}},{"type":"Feature","id":"osm-node-1929680091","geometry":{"type":"Point","coordinates":[34.81854,32.09135]},"properties":{"n":"בראש אחד","c":"wellness","s":"osm"}},{"type":"Feature","id":"osm-node-1975875693","geometry":{"type":"Point","coordinates":[34.77626,32.09599]},"properties":{"n":"הסינית האדומה","c":"restaurant","s":"osm"}},{"type":"Feature","id":"osm-node-1975875694","geometry":{"type":"Point","coordinates":[34.77608,32.09568]},"properties":{"n":"הצרכניה","c":"supermarket","s":"osm"}},{"type":"Feature","id":"osm-node-1990220064","geometry":{"type":"Point","coordinates":[34.76937,32.08662]},"properties":{"n":"מלון קרלטון בטיילת","c":"bike","s":"osm"}},{"type":"Feature","id":"osm-node-2051086928","geometry":{"type":"Point","coordinates":[34.81103,32.0863]},"properties":{"n":"בר-לין","c":"restaurant","s":"osm"}},{"type":"Feature","id":"osm-node-2051089043","geometry":{"type":"Point","coordinates":[34.8109,32.08678]},"properties":{"n":"Camilio","c":"wellness","s":"osm"}},{"type":"Feature","id":"osm-node-2078991187","geometry":{"type":"Point","coordinates":[34.77294,32.08599]},"properties":{"n":"Little Prague Restaurant","c":"restaurant","s":"osm","a":"בן יהודה 148"}},{"type":"Feature","id":"osm-node-2078996725","geometry":{"type":"Point","coordinates":[34.77589,32.09486]},"properties":{"n":"J17","c":"restaurant","s":"osm","a":"ירמיהו 17"}},{"type":"Feature","id":"osm-node-2079003726","geometry":{"type":"Point","coordinates":[34.77378,32.08877]},"properties":{"n":"DosaBar","c":"restaurant","s":"osm","a":"בן יהודה 188"}},{"type":"Feature","id":"osm-node-2079014067","geometry":{"type":"Point","coordinates":[34.77226,32.08932]},"properties":{"n":"Shalom Hotel and Relax","c":"hotel","s":"osm","a":"הירקון 216"}},{"type":"Feature","id":"osm-node-2079016592","geometry":{"type":"Point","coordinates":[34.77242,32.08968]},"properties":{"n":"Melody Hotel","c":"hotel","s":"osm","a":"הירקון 220"}},{"type":"Feature","id":"osm-node-2079032186","geometry":{"type":"Point","coordinates":[34.78216,32.09233]},"properties":{"n":"Lotus yoga & Pilates Studio","c":"sport","s":"osm","a":"אלכסנדר ינאי 3","w":"https://lotusyoga.co.il/english/"}},{"type":"Feature","id":"osm-node-2079042219","geometry":{"type":"Point","coordinates":[34.78047,32.0899]},"properties":{"n":"Hamanya cafe","c":"cafe","s":"osm","a":"בזל 37"}},{"type":"Feature","id":"osm-node-2079184297","geometry":{"type":"Point","coordinates":[34.7806,32.08963]},"properties":{"n":"Tel Aviv Doctor","c":"health","s":"osm","a":"בזל 46","w":"https://TelAviv-Doctor.com"}},{"type":"Feature","id":"osm-node-2079222859","geometry":{"type":"Point","coordinates":[34.78337,32.10104]},"properties":{"n":"שופרסל אקספרס","c":"supermarket","s":"osm","a":"בוני העיר 9","w":"https://www.shufersal.co.il/"}},{"type":"Feature","id":"osm-node-2142604529","geometry":{"type":"Point","coordinates":[34.78323,32.09395]},"properties":{"n":"פנמה פיצה","c":"restaurant","s":"osm","a":"אבן גבירול 185","w":"https://www.panamapizza.co.il/"}},{"type":"Feature","id":"osm-node-2201999723","geometry":{"type":"Point","coordinates":[34.81139,32.0857]},"properties":{"n":"שופרסל שלי","c":"supermarket","s":"osm","a":"ביאליק 76","w":"https://www.shufersal.co.il"}},{"type":"Feature","id":"osm-node-2288503759","geometry":{"type":"Point","coordinates":[34.79749,32.10783]},"properties":{"n":"Beta Caffe","c":"cafe","s":"osm","a":"ברודצקי 17"}},{"type":"Feature","id":"osm-node-2288503760","geometry":{"type":"Point","coordinates":[34.79748,32.10714]},"properties":{"n":"בוק שוק","c":"shopping","s":"osm"}},{"type":"Feature","id":"osm-node-2288503761","geometry":{"type":"Point","coordinates":[34.79743,32.10704]},"properties":{"n":"ניצת הדובדבן","c":"supermarket","s":"osm"}},{"type":"Feature","id":"osm-node-2288503796","geometry":{"type":"Point","coordinates":[34.79769,32.1077]},"properties":{"n":"browny","c":"shopping","s":"osm","a":"ברודצקי 17"}},{"type":"Feature","id":"osm-node-2288503805","geometry":{"type":"Point","coordinates":[34.79714,32.10698]},"properties":{"n":"אופטיקה צור","c":"shopping","s":"osm"}},{"type":"Feature","id":"osm-node-2288503807","geometry":{"type":"Point","coordinates":[34.79768,32.1077]},"properties":{"n":"browny","c":"bakery","s":"osm","a":"ברודצקי 17","w":"https://www.facebook.com/bakery.and.ice.cream"}},{"type":"Feature","id":"osm-node-2288503808","geometry":{"type":"Point","coordinates":[34.79762,32.10745]},"properties":{"n":"המכולת של פעם","c":"supermarket","s":"osm"}},{"type":"Feature","id":"osm-node-2288503809","geometry":{"type":"Point","coordinates":[34.79799,32.10807]},"properties":{"n":"קופת חולים כללית","c":"health","s":"osm"}},{"type":"Feature","id":"osm-node-2288503810","geometry":{"type":"Point","coordinates":[34.79716,32.10701]},"properties":{"n":"לחם תושיה","c":"bakery","s":"osm"}},{"type":"Feature","id":"osm-node-2288503811","geometry":{"type":"Point","coordinates":[34.79712,32.10683]},"properties":{"n":"M25","c":"restaurant","s":"osm","a":"ברודצקי 15","w":"https://m25meat.co.il/brodetzki/"}},{"type":"Feature","id":"osm-node-2288503812","geometry":{"type":"Point","coordinates":[34.79767,32.10811]},"properties":{"n":"מכבי טבעי","c":"health","s":"osm","a":"ברודצקי 19"}},{"type":"Feature","id":"osm-node-2288503813","geometry":{"type":"Point","coordinates":[34.79678,32.10758]},"properties":{"n":"קפיטריה","c":"cafe","s":"osm"}},{"type":"Feature","id":"osm-node-2288503814","geometry":{"type":"Point","coordinates":[34.79743,32.10816]},"properties":{"n":"רוני אופניים","c":"bike","s":"osm"}},{"type":"Feature","id":"osm-node-2318058374","geometry":{"type":"Point","coordinates":[34.81754,32.0933]},"properties":{"n":"עולם החי","c":"shopping","s":"osm"}},{"type":"Feature","id":"osm-node-2318058375","geometry":{"type":"Point","coordinates":[34.81747,32.09344]},"properties":{"n":"איטליז יורי ובניו","c":"shopping","s":"osm"}},{"type":"Feature","id":"osm-node-2318064893","geometry":{"type":"Point","coordinates":[34.81767,32.09301]},"properties":{"n":"שלי דג","c":"shopping","s":"osm"}},{"type":"Feature","id":"osm-node-2318064894","geometry":{"type":"Point","coordinates":[34.81783,32.09266]},"properties":{"n":"קונדיטוריה לנצ'נר","c":"bakery","s":"osm"}},{"type":"Feature","id":"osm-node-2318064896","geometry":{"type":"Point","coordinates":[34.81792,32.09248]},"properties":{"n":"הסוכריה","c":"shopping","s":"osm"}},{"type":"Feature","id":"osm-node-2318064897","geometry":{"type":"Point","coordinates":[34.8176,32.09316]},"properties":{"n":"אלינור רבי","c":"shopping","s":"osm"}},{"type":"Feature","id":"osm-node-2322545180","geometry":{"type":"Point","coordinates":[34.81406,32.09415]},"properties":{"n":"חני","c":"wellness","s":"osm"}},{"type":"Feature","id":"osm-node-2323347825","geometry":{"type":"Point","coordinates":[34.81787,32.09259]},"properties":{"n":"אפי עיצוב שיער","c":"wellness","s":"osm"}},{"type":"Feature","id":"osm-node-2323347829","geometry":{"type":"Point","coordinates":[34.81873,32.09094]},"properties":{"n":"לינדה","c":"wellness","s":"osm"}},{"type":"Feature","id":"osm-node-2323479173","geometry":{"type":"Point","coordinates":[34.81751,32.09281]},"properties":{"n":"תכשיטי קלאסיק","c":"shopping","s":"osm"}},{"type":"Feature","id":"osm-node-2323479177","geometry":{"type":"Point","coordinates":[34.81763,32.09267]},"properties":{"n":"אהובה עיצוב שיער","c":"wellness","s":"osm"}},{"type":"Feature","id":"osm-node-2323479178","geometry":{"type":"Point","coordinates":[34.81742,32.09301]},"properties":{"n":"פלאפל אריאלה","c":"restaurant","s":"osm"}},{"type":"Feature","id":"osm-node-2323479183","geometry":{"type":"Point","coordinates":[34.81747,32.09288]},"properties":{"n":"רם ספורט","c":"shopping","s":"osm"}},{"type":"Feature","id":"osm-node-2323479187","geometry":{"type":"Point","coordinates":[34.81769,32.09263]},"properties":{"n":"יפה עיצוב שיער","c":"wellness","s":"osm"}},{"type":"Feature","id":"osm-node-2324656797","geometry":{"type":"Point","coordinates":[34.81588,32.09247]},"properties":{"n":"מכולת אמנון","c":"supermarket","s":"osm"}},{"type":"Feature","id":"osm-node-2324710777","geometry":{"type":"Point","coordinates":[34.81788,32.09256]},"properties":{"n":"כל דבר לבית","c":"shopping","s":"osm"}},{"type":"Feature","id":"osm-node-2324710784","geometry":{"type":"Point","coordinates":[34.8179,32.09253]},"properties":{"n":"יד ענוגה בניית ציפורניים","c":"wellness","s":"osm"}},{"type":"Feature","id":"osm-node-2327291683","geometry":{"type":"Point","coordinates":[34.81796,32.09201]},"properties":{"n":"נתי-טון","c":"shopping","s":"osm"}},{"type":"Feature","id":"osm-node-2327291685","geometry":{"type":"Point","coordinates":[34.81791,32.09208]},"properties":{"n":"השניצל של אמא","c":"restaurant","s":"osm"}},{"type":"Feature","id":"osm-node-2328248777","geometry":{"type":"Point","coordinates":[34.81847,32.09097]},"properties":{"n":"Beck's Market","c":"supermarket","s":"osm"}},{"type":"Feature","id":"osm-node-2328500390","geometry":{"type":"Point","coordinates":[34.81726,32.0894]},"properties":{"n":"משקאות רמת גן","c":"shopping","s":"osm","a":"זאב ז'בוטינסקי 113"}},{"type":"Feature","id":"osm-node-2328500401","geometry":{"type":"Point","coordinates":[34.81873,32.08989]},"properties":{"n":"מפגש גרונר","c":"restaurant","s":"osm"}},{"type":"Feature","id":"osm-node-2328500405","geometry":{"type":"Point","coordinates":[34.81868,32.08999]},"properties":{"n":"זלמן","c":"wellness","s":"osm"}},{"type":"Feature","id":"osm-node-2330208950","geometry":{"type":"Point","coordinates":[34.81801,32.09193]},"properties":{"n":"ניסים דניאל","c":"wellness","s":"osm"}},{"type":"Feature","id":"osm-node-2330319719","geometry":{"type":"Point","coordinates":[34.8195,32.09294]},"properties":{"n":"גן ממלכתי ערבה","c":"kindergarten","s":"osm"}},{"type":"Feature","id":"osm-node-2331669483","geometry":{"type":"Point","coordinates":[34.82376,32.09386]},"properties":{"n":"בהדונס החומוס והפול","c":"restaurant","s":"osm","a":"בר כוכבא 14","w":"https://www.bahadunes.co.il/"}},{"type":"Feature","id":"osm-node-2332149776","geometry":{"type":"Point","coordinates":[34.82299,32.09379]},"properties":{"n":"באליבר","c":"cafe","s":"osm"}},{"type":"Feature","id":"osm-node-2449342116","geometry":{"type":"Point","coordinates":[34.77519,32.09977]},"properties":{"n":"Neverland","c":"shopping","s":"osm"}},{"type":"Feature","id":"osm-node-2488604193","geometry":{"type":"Point","coordinates":[34.77921,32.08604]},"properties":{"n":"שופרסל","c":"supermarket","s":"osm","w":"https://www.shufersal.co.il"}},{"type":"Feature","id":"osm-node-2488604194","geometry":{"type":"Point","coordinates":[34.77882,32.08616]},"properties":{"n":"Cafe Arlosorov","c":"cafe","s":"osm"}},{"type":"Feature","id":"osm-node-2488604195","geometry":{"type":"Point","coordinates":[34.77907,32.08577]},"properties":{"n":"Eazy Cafe","c":"cafe","s":"osm","a":"ארלוזורוב 76","w":"https://www.eazycafe.co.il/"}},{"type":"Feature","id":"osm-node-2540433561","geometry":{"type":"Point","coordinates":[34.82228,32.09208]},"properties":{"n":"בר בשר","c":"restaurant","s":"osm","a":"בן גוריון 34"}},{"type":"Feature","id":"osm-node-2540552600","geometry":{"type":"Point","coordinates":[34.81904,32.09042]},"properties":{"n":"קופיקט","c":"shopping","s":"osm"}},{"type":"Feature","id":"osm-node-2540552613","geometry":{"type":"Point","coordinates":[34.81915,32.09023]},"properties":{"n":"נלי ספא","c":"wellness","s":"osm"}},{"type":"Feature","id":"osm-node-2540552631","geometry":{"type":"Point","coordinates":[34.81917,32.09011]},"properties":{"n":"יוליה","c":"wellness","s":"osm","a":"רש\"י 2"}},{"type":"Feature","id":"osm-node-2540595130","geometry":{"type":"Point","coordinates":[34.81898,32.09052]},"properties":{"n":"יוסף גבות","c":"wellness","s":"osm"}},{"type":"Feature","id":"osm-node-2540595136","geometry":{"type":"Point","coordinates":[34.82026,32.09052]},"properties":{"n":"קיי.אס.פי","c":"shopping","s":"osm"}},{"type":"Feature","id":"osm-node-2540595152","geometry":{"type":"Point","coordinates":[34.8201,32.09047]},"properties":{"n":"בסט בייק","c":"shopping","s":"osm"}},{"type":"Feature","id":"osm-node-2540595178","geometry":{"type":"Point","coordinates":[34.81999,32.09046]},"properties":{"n":"ספיד קונטרול","c":"shopping","s":"osm"}},{"type":"Feature","id":"osm-node-2547089658","geometry":{"type":"Point","coordinates":[34.82202,32.09089]},"properties":{"n":"סנדוויץ' בר באגט","c":"restaurant","s":"osm"}},{"type":"Feature","id":"osm-node-2558501017","geometry":{"type":"Point","coordinates":[34.8187,32.0906]},"properties":{"n":"חנה סטייל","c":"wellness","s":"osm"}},{"type":"Feature","id":"osm-node-2558501021","geometry":{"type":"Point","coordinates":[34.81864,32.09065]},"properties":{"n":"רש\"י טורס","c":"shopping","s":"osm"}},{"type":"Feature","id":"osm-node-2558517096","geometry":{"type":"Point","coordinates":[34.82151,32.09531]},"properties":{"n":"ריבר","c":"restaurant","s":"osm"}},{"type":"Feature","id":"osm-node-2558517112","geometry":{"type":"Point","coordinates":[34.82156,32.09542]},"properties":{"n":"אנדרי","c":"cafe","s":"osm"}},{"type":"Feature","id":"osm-node-2577660799","geometry":{"type":"Point","coordinates":[34.79002,32.10514]},"properties":{"n":"מינימרקט חן-לי","c":"supermarket","s":"osm"}},{"type":"Feature","id":"osm-node-2577660825","geometry":{"type":"Point","coordinates":[34.79006,32.10533]},"properties":{"n":"מכבי שירותי בריאות","c":"health","s":"osm"}},{"type":"Feature","id":"osm-node-2577660826","geometry":{"type":"Point","coordinates":[34.79176,32.10416]},"properties":{"n":"עוף צלוחס","c":"restaurant","s":"osm"}},{"type":"Feature","id":"osm-node-2577660846","geometry":{"type":"Point","coordinates":[34.78955,32.10697]},"properties":{"n":"מתקני כושר","c":"sport","s":"osm"}},{"type":"Feature","id":"osm-node-2577660853","geometry":{"type":"Point","coordinates":[34.79768,32.11735]},"properties":{"n":"בנק מזרחי טפחות","c":"bank","s":"osm","w":"https://www.mizrahi-tefahot.co.il"}},{"type":"Feature","id":"osm-node-2577660875","geometry":{"type":"Point","coordinates":[34.79688,32.11677]},"properties":{"n":"Shemo","c":"bakery","s":"osm"}},{"type":"Feature","id":"osm-node-2577660906","geometry":{"type":"Point","coordinates":[34.79016,32.10533]},"properties":{"n":"לחם הארץ","c":"bakery","s":"osm"}},{"type":"Feature","id":"osm-node-2640248971","geometry":{"type":"Point","coordinates":[34.76923,32.0869]},"properties":{"n":"קרלטון על הים","c":"bar","s":"osm","w":"http://www.carlton.co.il/"}},{"type":"Feature","id":"osm-node-2761922324","geometry":{"type":"Point","coordinates":[34.77316,32.08773]},"properties":{"n":"סייקל אופניים","c":"bike","s":"osm","a":"בן יהודה 147","w":"http://www.cycle.co.il/"}},{"type":"Feature","id":"osm-node-2763406372","geometry":{"type":"Point","coordinates":[34.80627,32.08727]},"properties":{"n":"גלגלים ירוקים","c":"bike","s":"osm","a":"ביאליק 103","w":"http://www.greenwheels.co.il/"}},{"type":"Feature","id":"osm-node-2763463258","geometry":{"type":"Point","coordinates":[34.81831,32.10967]},"properties":{"n":"דהרי אופניים","c":"bike","s":"osm","a":"הדר יוסף 10","w":"https://he-il.facebook.com/daharibike"}},{"type":"Feature","id":"osm-node-2763490316","geometry":{"type":"Point","coordinates":[34.78304,32.09293]},"properties":{"n":"ביסיקלטה","c":"bike","s":"osm","a":"אבן גבירול 173","w":"https://www.facebook.com/bicikleta6"}},{"type":"Feature","id":"osm-node-2763498544","geometry":{"type":"Point","coordinates":[34.79333,32.09412]},"properties":{"n":"אופניים","c":"bike","s":"osm","a":"יהודה המכבי 16"}},{"type":"Feature","id":"osm-node-2763531569","geometry":{"type":"Point","coordinates":[34.7998,32.12005]},"properties":{"n":"אופני ראובן","c":"bike","s":"osm","a":"אופנהיימר 11"}},{"type":"Feature","id":"osm-node-2763542890","geometry":{"type":"Point","coordinates":[34.78196,32.08725]},"properties":{"n":"אופני יהודה","c":"bike","s":"osm","a":"אבן גבירול 113","w":"http://www.bikefun.co.il/"}},{"type":"Feature","id":"osm-node-2763554064","geometry":{"type":"Point","coordinates":[34.80304,32.08615]},"properties":{"n":"אופני נאו","c":"bike","s":"osm","a":"תובל 15","w":"https://www.neobike.co.il/"}},{"type":"Feature","id":"osm-node-2764980387","geometry":{"type":"Point","coordinates":[34.81738,32.08904]},"properties":{"n":"אופני משיח","c":"bike","s":"osm","a":"זאב ז'בוטינסקי 108"}},{"type":"Feature","id":"osm-node-2794190068","geometry":{"type":"Point","coordinates":[34.80511,32.11381]},"properties":{"n":"ארומה","c":"cafe","s":"osm"}},{"type":"Feature","id":"osm-node-2902720103","geometry":{"type":"Point","coordinates":[34.80474,32.11378]},"properties":{"n":"האוניברסיטה - ספריה","c":"bike","s":"osm"}},{"type":"Feature","id":"osm-node-2904570796","geometry":{"type":"Point","coordinates":[34.804,32.11076]},"properties":{"n":"אוניברסיטה שער 4","c":"bike","s":"osm"}},{"type":"Feature","id":"osm-node-2904593464","geometry":{"type":"Point","coordinates":[34.80492,32.10693]},"properties":{"n":"כיכר גורג וויז","c":"bike","s":"osm"}},{"type":"Feature","id":"osm-node-2921634119","geometry":{"type":"Point","coordinates":[34.80269,32.08737]},"properties":{"n":"Hotel Indigo","c":"hotel","s":"osm"}},{"type":"Feature","id":"osm-node-2943366488","geometry":{"type":"Point","coordinates":[34.80342,32.08744]},"properties":{"n":"שר המשקאות","c":"bar","s":"osm","a":"תובל 20"}},{"type":"Feature","id":"osm-node-331186813","geometry":{"type":"Point","coordinates":[34.78007,32.08998]},"properties":{"n":"בזל","c":"parking","s":"osm"}},{"type":"Feature","id":"osm-node-3346575490","geometry":{"type":"Point","coordinates":[34.79628,32.11244]},"properties":{"n":"Arcafe","c":"cafe","s":"osm"}},{"type":"Feature","id":"osm-node-3346575491","geometry":{"type":"Point","coordinates":[34.79496,32.11223]},"properties":{"n":"Grand Cafe Torquise","c":"cafe","s":"osm"}},{"type":"Feature","id":"osm-node-3346586247","geometry":{"type":"Point","coordinates":[34.79615,32.11213]},"properties":{"n":"סטימצקי","c":"shopping","s":"osm"}},{"type":"Feature","id":"osm-node-340382877","geometry":{"type":"Point","coordinates":[34.78161,32.0976]},"properties":{"n":"גן הבנים","c":"park","s":"osm","w":"https://park.co.il/domain/גן-הבנים/"}},{"type":"Feature","id":"osm-node-3455007206","geometry":{"type":"Point","coordinates":[34.81184,32.09935]},"properties":{"n":"מטוטלת","c":"culture","s":"osm","w":"https://park.co.il/domain/מטוטלת/"}},{"type":"Feature","id":"osm-node-3455007207","geometry":{"type":"Point","coordinates":[34.81346,32.09736]},"properties":{"n":"ללא שם","c":"culture","s":"osm","w":"https://park.co.il/domain/פסל-ללא-שם/"}},{"type":"Feature","id":"osm-node-3458644340","geometry":{"type":"Point","coordinates":[34.78257,32.08833]},"properties":{"n":"AM:PM","c":"supermarket","s":"osm","a":"אבן גבירול 136","w":"https://www.ampm.co.il/"}},{"type":"Feature","id":"osm-node-3461420324","geometry":{"type":"Point","coordinates":[34.79205,32.09382]},"properties":{"n":"מגה בעיר","c":"supermarket","s":"osm","w":"https://www.mega-bair.co.il/"}},{"type":"Feature","id":"osm-node-3461420326","geometry":{"type":"Point","coordinates":[34.81469,32.08771]},"properties":{"n":"קרפור","c":"supermarket","s":"osm","a":"הרצל 75","w":"https://www.carrefour.co.il/"}},{"type":"Feature","id":"osm-node-3476494861","geometry":{"type":"Point","coordinates":[34.81034,32.08568]},"properties":{"n":"שוייצריה הקטנה","c":"shopping","s":"osm","a":"ביאליק 79","w":"https://www.lsw.co.il/"}},{"type":"Feature","id":"osm-node-352905218","geometry":{"type":"Point","coordinates":[34.77374,32.08946]},"properties":{"n":"פיצהפינו","c":"restaurant","s":"osm"}},{"type":"Feature","id":"osm-node-358533497","geometry":{"type":"Point","coordinates":[34.80573,32.09858]},"properties":{"n":"ראש ציפור","c":"culture","s":"osm","a":"קוסובסקי 73","w":"https://park.co.il/domain/%d7%a4%d7%90%d7%a8%d7%a7-%d7%94%d7%a6%d7%a4%d7%a8%d7%95%d7%aa"}},{"type":"Feature","id":"osm-node-3609549952","geometry":{"type":"Point","coordinates":[34.81942,32.10563]},"properties":{"n":"מרכז הספורט","c":"bike","s":"osm"}},{"type":"Feature","id":"osm-node-3688239225","geometry":{"type":"Point","coordinates":[34.7982,32.10569]},"properties":{"n":"קפה גרונימן 8","c":"cafe","s":"osm","a":"גרונימן 8"}},{"type":"Feature","id":"osm-node-3752532387","geometry":{"type":"Point","coordinates":[34.80495,32.109]},"properties":{"n":"הפקולטה להנדסה תל אביב","c":"bike","s":"osm"}},{"type":"Feature","id":"osm-node-3855989289","geometry":{"type":"Point","coordinates":[34.81729,32.09321]},"properties":{"n":"סיטי מרקט","c":"supermarket","s":"osm"}},{"type":"Feature","id":"osm-node-3990565224","geometry":{"type":"Point","coordinates":[34.80469,32.1037]},"properties":{"n":"קפה עלית","c":"cafe","s":"osm"}},{"type":"Feature","id":"osm-node-4003454696","geometry":{"type":"Point","coordinates":[34.79273,32.08647]},"properties":{"n":"שדרות הציונות 1","c":"bike","s":"osm","a":"שדרות הציונות 1"}},{"type":"Feature","id":"osm-node-4006928888","geometry":{"type":"Point","coordinates":[34.77548,32.09841]},"properties":{"n":"פסל הפועל העברי","c":"culture","s":"osm"}},{"type":"Feature","id":"osm-node-4006935218","geometry":{"type":"Point","coordinates":[34.77595,32.09869]},"properties":{"n":"קסטרו","c":"shopping","s":"osm"}},{"type":"Feature","id":"osm-node-4006935219","geometry":{"type":"Point","coordinates":[34.77603,32.09827]},"properties":{"n":"Buthaup האקדמיה לבישול","c":"school","s":"osm"}},{"type":"Feature","id":"osm-node-4177983402","geometry":{"type":"Point","coordinates":[34.7823,32.08674]},"properties":{"n":"studio B","c":"bar","s":"osm","a":"אבן גבירול"}},{"type":"Feature","id":"osm-node-4209265800","geometry":{"type":"Point","coordinates":[34.82027,32.10499]},"properties":{"n":"ארנולד","c":"cafe","s":"osm","a":"שטרית 6","w":"https://www.arnoldrest.co.il/"}},{"type":"Feature","id":"osm-node-4209345592","geometry":{"type":"Point","coordinates":[34.82022,32.10525]},"properties":{"n":"Go Active","c":"sport","s":"osm"}},{"type":"Feature","id":"osm-node-4263469840","geometry":{"type":"Point","coordinates":[34.77942,32.09661]},"properties":{"n":"Breakfast at Riverside","c":"cafe","s":"osm","a":"Rokach Boulevard 2","w":"https://www.riverside.co.il/"}},{"type":"Feature","id":"osm-node-4277341093","geometry":{"type":"Point","coordinates":[34.76955,32.08653]},"properties":{"n":"Royalty Suites","c":"hotel","s":"osm","a":"אליעזר פרי 13"}},{"type":"Feature","id":"osm-node-4286222993","geometry":{"type":"Point","coordinates":[34.77118,32.09148]},"properties":{"n":"שער השלום","c":"culture","s":"osm"}},{"type":"Feature","id":"osm-node-4286327001","geometry":{"type":"Point","coordinates":[34.76912,32.08532]},"properties":{"n":"פנורמה","c":"restaurant","s":"osm"}},{"type":"Feature","id":"osm-node-429882168","geometry":{"type":"Point","coordinates":[34.80368,32.1264]},"properties":{"n":"גן רוזין","c":"park","s":"osm"}},{"type":"Feature","id":"osm-node-4362703589","geometry":{"type":"Point","coordinates":[34.79575,32.11113]},"properties":{"n":"מרפאת מומחים לאומית","c":"health","s":"osm","a":"ברזיל 22"}},{"type":"Feature","id":"osm-node-440854174","geometry":{"type":"Point","coordinates":[34.77341,32.09684]},"properties":{"n":"Bedulina","c":"restaurant","s":"osm","w":"http://www.rest.co.il/sites/Default.asp?txtRestID=5742"}},{"type":"Feature","id":"osm-node-4486515206","geometry":{"type":"Point","coordinates":[34.78192,32.08506]},"properties":{"n":"The Streets","c":"restaurant","s":"osm","w":"http://thestreets.co.il/streets-ibn-gbirol/"}},{"type":"Feature","id":"osm-node-4486515207","geometry":{"type":"Point","coordinates":[34.78157,32.08507]},"properties":{"n":"the 4 colors falafel","c":"restaurant","s":"osm"}},{"type":"Feature","id":"osm-node-454137642","geometry":{"type":"Point","coordinates":[34.77181,32.08618]},"properties":{"n":"Ulpan Gordon","c":"school","s":"osm"}},{"type":"Feature","id":"osm-node-454208135","geometry":{"type":"Point","coordinates":[34.77269,32.08515]},"properties":{"n":"Yarden Apartments","c":"hotel","s":"osm"}},{"type":"Feature","id":"osm-node-454384412","geometry":{"type":"Point","coordinates":[34.77019,32.08613]},"properties":{"n":"Shiroko","c":"supermarket","s":"osm"}},{"type":"Feature","id":"osm-node-454907322","geometry":{"type":"Point","coordinates":[34.77271,32.08507]},"properties":{"n":"טיב טעם בעיר","c":"supermarket","s":"osm"}},{"type":"Feature","id":"osm-node-4665011100","geometry":{"type":"Point","coordinates":[34.7947,32.11235]},"properties":{"n":"סופר-פארם","c":"pharmacy","s":"osm","w":"http://www.super-pharm.co.il"}},{"type":"Feature","id":"osm-node-4707425707","geometry":{"type":"Point","coordinates":[34.78226,32.08659]},"properties":{"n":"קופת חולים כללית","c":"health","s":"osm"}},{"type":"Feature","id":"osm-node-4875397221","geometry":{"type":"Point","coordinates":[34.76846,32.08682]},"properties":{"n":"Fortuna Del-Mar","c":"cafe","s":"osm","a":"הטיילת ע\"ש שלמה להט"}},{"type":"Feature","id":"osm-node-4884971621","geometry":{"type":"Point","coordinates":[34.81857,32.08939]},"properties":{"n":"פלאפל רצון","c":"restaurant","s":"osm"}},{"type":"Feature","id":"osm-node-4964231828","geometry":{"type":"Point","coordinates":[34.77626,32.09259]},"properties":{"n":"דאבל סטנדרט","c":"bar","s":"osm","a":"דיזנגוף 247"}},{"type":"Feature","id":"osm-node-4973245325","geometry":{"type":"Point","coordinates":[34.78738,32.0911]},"properties":{"n":"דידו קפה","c":"cafe","s":"osm"}},{"type":"Feature","id":"osm-node-4977224667","geometry":{"type":"Point","coordinates":[34.79501,32.11435]},"properties":{"n":"נחמיאס יפה ואייל","c":"wellness","s":"osm"}},{"type":"Feature","id":"osm-node-5026524386","geometry":{"type":"Point","coordinates":[34.79268,32.10512]},"properties":{"n":"ארומה","c":"cafe","s":"osm"}},{"type":"Feature","id":"osm-node-5055537334","geometry":{"type":"Point","coordinates":[34.77652,32.09257]},"properties":{"n":"דיזנגוף מחשבים","c":"shopping","s":"osm","a":"שדרות נורדאו 29"}},{"type":"Feature","id":"osm-node-5109147536","geometry":{"type":"Point","coordinates":[34.79724,32.08878]},"properties":{"n":"רביבה וסיליה","c":"restaurant","s":"osm","a":"ניסים אלוני 10","w":"http://www.revivaandcelia.co.il/"}},{"type":"Feature","id":"osm-node-512887205","geometry":{"type":"Point","coordinates":[34.79274,32.10499]},"properties":{"n":"Pizza Hut","c":"restaurant","s":"osm"}},{"type":"Feature","id":"osm-node-5157829626","geometry":{"type":"Point","coordinates":[34.7747,32.08711]},"properties":{"n":"מלון Jacob Samuel","c":"hotel","s":"osm"}},{"type":"Feature","id":"osm-node-5222973331","geometry":{"type":"Point","coordinates":[34.77482,32.10078]},"properties":{"n":"Coffee Station","c":"cafe","s":"osm"}},{"type":"Feature","id":"osm-node-531618439","geometry":{"type":"Point","coordinates":[34.77436,32.09614]},"properties":{"n":"בורגר קינג","c":"restaurant","s":"osm"}},{"type":"Feature","id":"osm-node-532054123","geometry":{"type":"Point","coordinates":[34.77279,32.09659]},"properties":{"n":"קפה קפה","c":"cafe","s":"osm","a":"כ\"ג יורדי הסירה 1","w":"https://cafecafe.co.il"}},{"type":"Feature","id":"osm-node-5501827918","geometry":{"type":"Point","coordinates":[34.77498,32.09924]},"properties":{"n":"גלידת נווה צדק","c":"shopping","s":"osm"}},{"type":"Feature","id":"osm-node-5501827919","geometry":{"type":"Point","coordinates":[34.77502,32.09986]},"properties":{"n":"Toys R Us","c":"shopping","s":"osm"}},{"type":"Feature","id":"osm-node-5501828123","geometry":{"type":"Point","coordinates":[34.77506,32.09974]},"properties":{"n":"בית הפנקייק המקורי","c":"restaurant","s":"osm"}},{"type":"Feature","id":"osm-node-5501828125","geometry":{"type":"Point","coordinates":[34.77457,32.09961]},"properties":{"n":"צומת ספרים","c":"shopping","s":"osm"}},{"type":"Feature","id":"osm-node-5501860754","geometry":{"type":"Point","coordinates":[34.77706,32.09926]},"properties":{"n":"I Have Wings","c":"culture","s":"osm"}},{"type":"Feature","id":"osm-node-5547241521","geometry":{"type":"Point","coordinates":[34.77675,32.09444]},"properties":{"n":"פו סושי","c":"restaurant","s":"osm","a":"דיזנגוף 302"}},{"type":"Feature","id":"osm-node-558702490","geometry":{"type":"Point","coordinates":[34.77462,32.10035]},"properties":{"n":"מול-ים","c":"restaurant","s":"osm"}},{"type":"Feature","id":"osm-node-558793757","geometry":{"type":"Point","coordinates":[34.7738,32.09792]},"properties":{"n":"ארומה","c":"cafe","s":"osm"}},{"type":"Feature","id":"osm-node-5619074223","geometry":{"type":"Point","coordinates":[34.77568,32.08936]},"properties":{"n":"Loveat","c":"cafe","s":"osm","a":"Dizengoff Street 232","w":"https://loveat.co.il/"}},{"type":"Feature","id":"osm-node-5644364229","geometry":{"type":"Point","coordinates":[34.81354,32.09398]},"properties":{"n":"קפה בגן","c":"shopping","s":"osm","a":"שדרות השושנים"}},{"type":"Feature","id":"osm-node-5644364230","geometry":{"type":"Point","coordinates":[34.81339,32.0937]},"properties":{"n":"מכולת השיכון","c":"supermarket","s":"osm"}},{"type":"Feature","id":"osm-node-5739158421","geometry":{"type":"Point","coordinates":[34.7759,32.08991]},"properties":{"n":"Дом","c":"hotel","s":"osm"}},{"type":"Feature","id":"osm-node-5773162304","geometry":{"type":"Point","coordinates":[34.79106,32.11445]},"properties":{"n":"שופרסל אקספרס","c":"supermarket","s":"osm"}},{"type":"Feature","id":"osm-node-5920234574","geometry":{"type":"Point","coordinates":[34.80993,32.08533]},"properties":{"n":"TO Go","c":"shopping","s":"osm"}},{"type":"Feature","id":"osm-node-5949688775","geometry":{"type":"Point","coordinates":[34.78986,32.08819]},"properties":{"n":"בייקרי","c":"bakery","s":"osm"}},{"type":"Feature","id":"osm-node-5997844471","geometry":{"type":"Point","coordinates":[34.82442,32.09157]},"properties":{"n":"Bergers","c":"restaurant","s":"osm"}},{"type":"Feature","id":"osm-node-5997864498","geometry":{"type":"Point","coordinates":[34.81205,32.08651]},"properties":{"n":"Yellow","c":"supermarket","s":"osm","a":"זאב ז'בוטינסקי 66","w":"https://www.yellow.co.il/"}},{"type":"Feature","id":"osm-node-6050037671","geometry":{"type":"Point","coordinates":[34.77719,32.09507]},"properties":{"n":"Hungarian Blintzes","c":"restaurant","s":"osm","w":"https://hungarianblintzes.rest.co.il/en"}},{"type":"Feature","id":"osm-node-606974128","geometry":{"type":"Point","coordinates":[34.77655,32.09493]},"properties":{"n":"מובינג","c":"cafe","s":"osm","a":"דיזנגוף 308"}},{"type":"Feature","id":"osm-node-606974581","geometry":{"type":"Point","coordinates":[34.77635,32.09492]},"properties":{"n":"ארלקינו","c":"restaurant","s":"osm","a":"דיזנגוף 267"}},{"type":"Feature","id":"osm-node-606974700","geometry":{"type":"Point","coordinates":[34.77634,32.09498]},"properties":{"n":"טוני ווספה","c":"restaurant","s":"osm","a":"דיזנגוף 267"}},{"type":"Feature","id":"osm-node-606978719","geometry":{"type":"Point","coordinates":[34.77643,32.09471]},"properties":{"n":"רוזה פארקס","c":"bar","s":"osm","a":"דיזנגוף 265"}},{"type":"Feature","id":"osm-node-611110126","geometry":{"type":"Point","coordinates":[34.80463,32.11227]},"properties":{"n":"קפה נטו","c":"cafe","s":"osm"}},{"type":"Feature","id":"osm-node-6227660300","geometry":{"type":"Point","coordinates":[34.78634,32.08726]},"properties":{"n":"דלל","c":"cafe","s":"osm","a":"ז'בוטינסקי 110","w":"https://dallal.co.il/"}},{"type":"Feature","id":"osm-node-6247147867","geometry":{"type":"Point","coordinates":[34.82286,32.12372]},"properties":{"n":"מומונטום","c":"bike","s":"osm"}},{"type":"Feature","id":"osm-node-6247147868","geometry":{"type":"Point","coordinates":[34.82285,32.12378]},"properties":{"n":"חומוס רפאל","c":"restaurant","s":"osm"}},{"type":"Feature","id":"osm-node-6300638485","geometry":{"type":"Point","coordinates":[34.78221,32.08692]},"properties":{"n":"אבן גבירול 124","c":"bike","s":"osm","a":"אבן גבירול 124"}},{"type":"Feature","id":"osm-node-6300638486","geometry":{"type":"Point","coordinates":[34.78003,32.0886]},"properties":{"n":"זבוטינסקי-יהושוע בן נון","c":"bike","s":"osm","a":"ז'בוטינסקי 65"}},{"type":"Feature","id":"osm-node-636947192","geometry":{"type":"Point","coordinates":[34.78023,32.08995]},"properties":{"n":"דיווינה","c":"restaurant","s":"osm","a":"אשתורי הפרחי 14"}},{"type":"Feature","id":"osm-node-6467510286","geometry":{"type":"Point","coordinates":[34.7988,32.10782]},"properties":{"n":"מירפה","c":"health","s":"osm"}},{"type":"Feature","id":"osm-node-651304178","geometry":{"type":"Point","coordinates":[34.78002,32.09091]},"properties":{"n":"Lulu קפה","c":"cafe","s":"osm","a":"אלקלעי 5"}},{"type":"Feature","id":"osm-node-6538359142","geometry":{"type":"Point","coordinates":[34.78263,32.09075]},"properties":{"n":"HaMezeg","c":"bar","s":"osm","a":"אבן גבירול 151"}},{"type":"Feature","id":"osm-node-654058033","geometry":{"type":"Point","coordinates":[34.77849,32.09515]},"properties":{"n":"סופר באבא","c":"supermarket","s":"osm","a":"ישעיהו 1"}},{"type":"Feature","id":"osm-node-6564590385","geometry":{"type":"Point","coordinates":[34.79079,32.09396]},"properties":{"n":"אספרסו בר","c":"cafe","s":"osm","a":"יהודה המכבי 55","w":"https://espressobar.com/"}},{"type":"Feature","id":"osm-node-6715757542","geometry":{"type":"Point","coordinates":[34.80515,32.087]},"properties":{"n":"AM:PM","c":"supermarket","s":"osm","a":"אבא הלל 25","w":"https://www.ampm.co.il/"}},{"type":"Feature","id":"osm-node-672126879","geometry":{"type":"Point","coordinates":[34.79214,32.13028]},"properties":{"n":"אנג'וי","c":"cafe","s":"osm","a":"אורי צבי גרינברג 25","w":"http://www.rest.co.il/RecordPage.aspx?RestID=5422"}},{"type":"Feature","id":"osm-node-672150097","geometry":{"type":"Point","coordinates":[34.76942,32.09029]},"properties":{"n":"טופ שיא","c":"restaurant","s":"osm","a":"חוף הילטון"}},{"type":"Feature","id":"osm-node-6750789332","geometry":{"type":"Point","coordinates":[34.81464,32.08862]},"properties":{"n":"בקס מרקט","c":"supermarket","s":"osm","a":"זאב ז'בוטינסקי 95"}},{"type":"Feature","id":"osm-node-6756022495","geometry":{"type":"Point","coordinates":[34.81806,32.09186]},"properties":{"n":"טוניס פיצה ופסטה","c":"restaurant","s":"osm","a":"רש\"י 21","w":"https://tonys.co.il/"}},{"type":"Feature","id":"osm-node-6815510153","geometry":{"type":"Point","coordinates":[34.79086,32.09053]},"properties":{"n":"תיאטרון תל אביב","c":"culture","s":"osm","w":"https://telaviv-theater.co.il/"}},{"type":"Feature","id":"osm-node-6841589936","geometry":{"type":"Point","coordinates":[34.81332,32.0866]},"properties":{"n":"טווס","c":"kindergarten","s":"osm","a":"שדרות הילד 5ב"}},{"type":"Feature","id":"osm-node-6841589937","geometry":{"type":"Point","coordinates":[34.81345,32.08662]},"properties":{"n":"פרפרים","c":"kindergarten","s":"osm","a":"שדרות הילד 5ב"}},{"type":"Feature","id":"osm-node-6841589938","geometry":{"type":"Point","coordinates":[34.81364,32.08672]},"properties":{"n":"רימון","c":"kindergarten","s":"osm"}},{"type":"Feature","id":"osm-node-6841589939","geometry":{"type":"Point","coordinates":[34.81374,32.08662]},"properties":{"n":"איילה","c":"kindergarten","s":"osm"}},{"type":"Feature","id":"osm-node-6879485161","geometry":{"type":"Point","coordinates":[34.8246,32.11757]},"properties":{"n":"גבעת הפרחים","c":"bike","s":"osm","a":"מרסל ינקו 7"}},{"type":"Feature","id":"osm-node-6992091086","geometry":{"type":"Point","coordinates":[34.80441,32.08519]},"properties":{"n":"בנק הפועלים","c":"bank","s":"osm","a":"אבא הלל סילבר 12"}},{"type":"Feature","id":"osm-node-7043068218","geometry":{"type":"Point","coordinates":[34.80528,32.08708]},"properties":{"n":"מאפיית הדקל","c":"bakery","s":"osm","a":"אבא הלל 25"}},{"type":"Feature","id":"osm-node-704317802","geometry":{"type":"Point","coordinates":[34.80171,32.11369]},"properties":{"n":"קינג ג'ורג'","c":"restaurant","s":"osm"}},{"type":"Feature","id":"osm-node-704446939","geometry":{"type":"Point","coordinates":[34.81397,32.08548]},"properties":{"n":"דולב","c":"kindergarten","s":"osm"}},{"type":"Feature","id":"osm-node-704446942","geometry":{"type":"Point","coordinates":[34.81405,32.08549]},"properties":{"n":"נשר","c":"kindergarten","s":"osm"}},{"type":"Feature","id":"osm-node-704446949","geometry":{"type":"Point","coordinates":[34.81408,32.085]},"properties":{"n":"קרניו בר","c":"bar","s":"osm","a":"שדרות הילד 18"}},{"type":"Feature","id":"osm-node-7088100847","geometry":{"type":"Point","coordinates":[34.77643,32.09463]},"properties":{"n":"Fat Cow","c":"restaurant","s":"osm","a":"דיזנגוף 265","w":"https://www.fatcow.co.il"}},{"type":"Feature","id":"osm-node-7099825285","geometry":{"type":"Point","coordinates":[34.79679,32.1125]},"properties":{"n":"Ramat Aviv","c":"health","s":"osm"}},{"type":"Feature","id":"osm-node-7107309806","geometry":{"type":"Point","coordinates":[34.77248,32.08551]},"properties":{"n":"Abu Zaki","c":"restaurant","s":"osm"}},{"type":"Feature","id":"osm-node-711325479","geometry":{"type":"Point","coordinates":[34.77522,32.09464]},"properties":{"n":"יוגורטיה","c":"restaurant","s":"osm","a":"בן יהודה 221"}},{"type":"Feature","id":"osm-node-711325583","geometry":{"type":"Point","coordinates":[34.77524,32.09466]},"properties":{"n":"שושו","c":"bar","s":"osm","a":"בן יהודה 221"}},{"type":"Feature","id":"osm-node-711326192","geometry":{"type":"Point","coordinates":[34.77575,32.0971]},"properties":{"n":"מוזס סטיישן","c":"restaurant","s":"osm","a":"דיזינגוף 293"}},{"type":"Feature","id":"osm-node-7218374210","geometry":{"type":"Point","coordinates":[34.78315,32.09156]},"properties":{"n":"אופניקו","c":"bike","s":"osm","a":"אבן גבירול 168"}},{"type":"Feature","id":"osm-node-721910276","geometry":{"type":"Point","coordinates":[34.77445,32.09968]},"properties":{"n":"גלינה","c":"bar","s":"osm","a":"נמל תל אביב האנגר 19"}},{"type":"Feature","id":"osm-node-7222453497","geometry":{"type":"Point","coordinates":[34.78224,32.08858]},"properties":{"n":"אגנס","c":"bar","s":"osm","a":"אבן גבירול 129"}},{"type":"Feature","id":"osm-node-723211613","geometry":{"type":"Point","coordinates":[34.77363,32.08843]},"properties":{"n":"אליעזר","c":"bar","s":"osm","a":"בן יהודה 186"}},{"type":"Feature","id":"osm-node-723214867","geometry":{"type":"Point","coordinates":[34.77367,32.08851]},"properties":{"n":"פרינדס","c":"bar","s":"osm","a":"בן יהודה 186"}},{"type":"Feature","id":"osm-node-723220062","geometry":{"type":"Point","coordinates":[34.77379,32.08971]},"properties":{"n":"בנדיקט","c":"restaurant","s":"osm","a":"בן יהודה 171"}},{"type":"Feature","id":"osm-node-7315346211","geometry":{"type":"Point","coordinates":[34.77821,32.09221]},"properties":{"n":"נורדאו - קפה בשדרה","c":"cafe","s":"osm","a":"שדרות נורדאו 51"}},{"type":"Feature","id":"osm-node-7315467467","geometry":{"type":"Point","coordinates":[34.77856,32.09497]},"properties":{"n":"קולנוע פאר","c":"gym","s":"osm","a":"ישעיהו 1","w":"https://www.kolnoapeer.co.il/"}},{"type":"Feature","id":"osm-node-746730885","geometry":{"type":"Point","coordinates":[34.77509,32.10107]},"properties":{"n":"שלוותה","c":"bar","s":"osm","a":"נמל ת\"א"}},{"type":"Feature","id":"osm-node-746730905","geometry":{"type":"Point","coordinates":[34.77522,32.10066]},"properties":{"n":"הקיבוץ","c":"bar","s":"osm","a":"נמל ת\"א"}},{"type":"Feature","id":"osm-node-746735307","geometry":{"type":"Point","coordinates":[34.77607,32.09567]},"properties":{"n":"מאש","c":"bar","s":"osm","a":"275"}},{"type":"Feature","id":"osm-node-746735332","geometry":{"type":"Point","coordinates":[34.78025,32.09008]},"properties":{"n":"סושי בזל","c":"restaurant","s":"osm","a":"אשתורי פרחי 20"}},{"type":"Feature","id":"osm-node-759498364","geometry":{"type":"Point","coordinates":[34.77544,32.09465]},"properties":{"n":"אידלסון","c":"cafe","s":"osm","a":"בן יהודה 252"}},{"type":"Feature","id":"osm-node-7678249904","geometry":{"type":"Point","coordinates":[34.82242,32.09348]},"properties":{"n":"בנק דיסקונט","c":"bank","s":"osm"}},{"type":"Feature","id":"osm-node-7678249905","geometry":{"type":"Point","coordinates":[34.82253,32.09371]},"properties":{"n":"Nagisa Sushi","c":"restaurant","s":"osm"}},{"type":"Feature","id":"osm-node-7857455783","geometry":{"type":"Point","coordinates":[34.82277,32.0937]},"properties":{"n":"בנק מזרחי טפחות","c":"bank","s":"osm"}},{"type":"Feature","id":"osm-node-8005760083","geometry":{"type":"Point","coordinates":[34.82467,32.1142]},"properties":{"n":"בר לחם","c":"bakery","s":"osm"}},{"type":"Feature","id":"osm-node-802884044","geometry":{"type":"Point","coordinates":[34.77646,32.09447]},"properties":{"n":"קרנף","c":"restaurant","s":"osm"}},{"type":"Feature","id":"osm-node-8230966362","geometry":{"type":"Point","coordinates":[34.82256,32.08681]},"properties":{"n":"Spicy Tortilla Bar","c":"restaurant","s":"osm","a":"בן גוריון 65"}},{"type":"Feature","id":"osm-node-8252071232","geometry":{"type":"Point","coordinates":[34.78388,32.09535]},"properties":{"n":"El Vecino","c":"bar","s":"osm","a":"אבן גבירול 192","w":"https://elvecino.co.il/"}},{"type":"Feature","id":"osm-node-8264333595","geometry":{"type":"Point","coordinates":[34.77271,32.0975]},"properties":{"n":"המנוף בנמל ת\"א","c":"culture","s":"osm","w":"https://www.ynet.co.il/articles/0,7340,L-3457182,00.html"}},{"type":"Feature","id":"osm-node-8321535296","geometry":{"type":"Point","coordinates":[34.82487,32.11463]},"properties":{"n":"סטימצקי","c":"shopping","s":"osm","a":"פנחס רוזן 67"}},{"type":"Feature","id":"osm-node-8371969446","geometry":{"type":"Point","coordinates":[34.81492,32.08801]},"properties":{"n":"טריו","c":"bakery","s":"osm","a":"הרצל 90"}},{"type":"Feature","id":"osm-node-8372033269","geometry":{"type":"Point","coordinates":[34.81496,32.08785]},"properties":{"n":"פירות וירקות אבי","c":"supermarket","s":"osm","a":"הרצל 88"}},{"type":"Feature","id":"osm-node-8372033270","geometry":{"type":"Point","coordinates":[34.81769,32.0895]},"properties":{"n":"פרימדונה בעיים","c":"shopping","s":"osm","a":"זאב ז'בוטינסקי 117","w":"https://www.primadonaonline.co.il/"}},{"type":"Feature","id":"osm-node-8372135123","geometry":{"type":"Point","coordinates":[34.80951,32.08937]},"properties":{"n":"בקס מרקט","c":"supermarket","s":"osm","a":"אבא הלל סילבר 54"}},{"type":"Feature","id":"osm-node-8518709287","geometry":{"type":"Point","coordinates":[34.80424,32.08867]},"properties":{"n":"מהשדה","c":"supermarket","s":"osm","a":"ביאליק 138"}},{"type":"Feature","id":"osm-node-8518709288","geometry":{"type":"Point","coordinates":[34.80708,32.08967]},"properties":{"n":"קפה חרוזים","c":"cafe","s":"osm","a":"יואב 12"}},{"type":"Feature","id":"osm-node-8518709289","geometry":{"type":"Point","coordinates":[34.80431,32.08866]},"properties":{"n":"חומוס בהדונס","c":"restaurant","s":"osm"}},{"type":"Feature","id":"osm-node-8543448689","geometry":{"type":"Point","coordinates":[34.80804,32.0879]},"properties":{"n":"HaShkhuna","c":"supermarket","s":"osm"}},{"type":"Feature","id":"osm-node-8543449821","geometry":{"type":"Point","coordinates":[34.80771,32.08802]},"properties":{"n":"Udi Aviv","c":"wellness","s":"osm"}},{"type":"Feature","id":"osm-node-8544693899","geometry":{"type":"Point","coordinates":[34.8053,32.08783]},"properties":{"n":"סל סיטי מרקט","c":"supermarket","s":"osm"}},{"type":"Feature","id":"osm-node-8544693904","geometry":{"type":"Point","coordinates":[34.80283,32.08587]},"properties":{"n":"לאון פיצפונצ'יק","c":"shopping","s":"osm"}},{"type":"Feature","id":"osm-node-8544693910","geometry":{"type":"Point","coordinates":[34.80351,32.08697]},"properties":{"n":"דומיניק","c":"restaurant","s":"osm"}},{"type":"Feature","id":"osm-node-8544796021","geometry":{"type":"Point","coordinates":[34.80359,32.08712]},"properties":{"n":"סיר פלא","c":"shopping","s":"osm"}},{"type":"Feature","id":"osm-node-8544796022","geometry":{"type":"Point","coordinates":[34.80286,32.08594]},"properties":{"n":"Mae","c":"shopping","s":"osm"}},{"type":"Feature","id":"osm-node-8544796029","geometry":{"type":"Point","coordinates":[34.80374,32.08719]},"properties":{"n":"נמש","c":"restaurant","s":"osm"}},{"type":"Feature","id":"osm-node-8544796038","geometry":{"type":"Point","coordinates":[34.80355,32.08704]},"properties":{"n":"Jack Kuba","c":"shopping","s":"osm"}},{"type":"Feature","id":"osm-node-8547489731","geometry":{"type":"Point","coordinates":[34.80418,32.08868]},"properties":{"n":"זמיר טריקים","c":"shopping","s":"osm"}},{"type":"Feature","id":"osm-node-8551227791","geometry":{"type":"Point","coordinates":[34.81477,32.08726]},"properties":{"n":"קרלברג","c":"supermarket","s":"osm","a":"הרצל 75"}},{"type":"Feature","id":"osm-node-8556314803","geometry":{"type":"Point","coordinates":[34.81438,32.08854]},"properties":{"n":"הכל לבית אלי","c":"shopping","s":"osm"}},{"type":"Feature","id":"osm-node-8558425247","geometry":{"type":"Point","coordinates":[34.81464,32.0871]},"properties":{"n":"מבאלי","c":"restaurant","s":"osm"}},{"type":"Feature","id":"osm-node-8572113083","geometry":{"type":"Point","coordinates":[34.78911,32.09079]},"properties":{"n":"בנק לאומי","c":"bank","s":"osm","a":"פנקס 48","w":"https://www.leumi.co.il"}},{"type":"Feature","id":"osm-node-8585828285","geometry":{"type":"Point","coordinates":[34.80619,32.0884]},"properties":{"n":"Studio Gallop","c":"gym","s":"osm"}},{"type":"Feature","id":"osm-node-8628150461","geometry":{"type":"Point","coordinates":[34.77314,32.08766]},"properties":{"n":"Nonno Angelo","c":"restaurant","s":"osm","a":"בן יהודה 147","w":"https://www.nonnoangelo.co.il/"}},{"type":"Feature","id":"osm-node-8634583992","geometry":{"type":"Point","coordinates":[34.81489,32.08819]},"properties":{"n":"מעדניית המגנט","c":"supermarket","s":"osm","a":"הרצל 92"}},{"type":"Feature","id":"osm-node-8638095777","geometry":{"type":"Point","coordinates":[34.78029,32.08993]},"properties":{"n":"Ze Sushi Basel","c":"restaurant","s":"osm","a":"אשתורי הפרחי 14","w":"https://zesushi.co.il"}},{"type":"Feature","id":"osm-node-8824038911","geometry":{"type":"Point","coordinates":[34.82471,32.09161]},"properties":{"n":"סופר-פארם","c":"pharmacy","s":"osm","a":"זאב ז'בוטינסקי 7"}},{"type":"Feature","id":"osm-node-8824038912","geometry":{"type":"Point","coordinates":[34.82352,32.09413]},"properties":{"n":"Chicken Station","c":"restaurant","s":"osm"}},{"type":"Feature","id":"osm-node-8850202417","geometry":{"type":"Point","coordinates":[34.82452,32.09357]},"properties":{"n":"קופי סטיישן","c":"cafe","s":"osm","a":"מצדה 7"}},{"type":"Feature","id":"osm-node-8929227517","geometry":{"type":"Point","coordinates":[34.81482,32.08953]},"properties":{"n":"מכבי - מרפאת הגפן - מרפאת מומחים","c":"health","s":"osm"}},{"type":"Feature","id":"osm-node-8977950106","geometry":{"type":"Point","coordinates":[34.7684,32.08564]},"properties":{"n":"Stolero","c":"bar","s":"osm"}},{"type":"Feature","id":"osm-node-904502523","geometry":{"type":"Point","coordinates":[34.77367,32.0978]},"properties":{"n":"Y Yogurt Bar","c":"cafe","s":"osm"}},{"type":"Feature","id":"osm-node-904507636","geometry":{"type":"Point","coordinates":[34.77359,32.09742]},"properties":{"n":"Cappa","c":"shopping","s":"osm"}},{"type":"Feature","id":"osm-node-904508209","geometry":{"type":"Point","coordinates":[34.77349,32.09718]},"properties":{"n":"קפה נמרוד","c":"cafe","s":"osm","a":"כ\"ג יורדי הסירה 1","w":"https://cafenimrod.com"}},{"type":"Feature","id":"osm-node-904508667","geometry":{"type":"Point","coordinates":[34.77343,32.09695]},"properties":{"n":"בני הדייג","c":"restaurant","s":"osm"}},{"type":"Feature","id":"osm-node-904509132","geometry":{"type":"Point","coordinates":[34.77301,32.09656]},"properties":{"n":"קסטרו","c":"shopping","s":"osm"}},{"type":"Feature","id":"osm-node-904510030","geometry":{"type":"Point","coordinates":[34.77291,32.09657]},"properties":{"n":"הסוכה הלבנה","c":"restaurant","s":"osm"}},{"type":"Feature","id":"osm-node-904511192","geometry":{"type":"Point","coordinates":[34.77266,32.09662]},"properties":{"n":"HaLigah","c":"restaurant","s":"osm"}},{"type":"Feature","id":"osm-node-904511885","geometry":{"type":"Point","coordinates":[34.77336,32.09664]},"properties":{"n":"Cracker","c":"shopping","s":"osm"}},{"type":"Feature","id":"osm-node-904521171","geometry":{"type":"Point","coordinates":[34.77247,32.09554]},"properties":{"n":"Yulia","c":"restaurant","s":"osm"}},{"type":"Feature","id":"osm-node-904532802","geometry":{"type":"Point","coordinates":[34.77366,32.09773]},"properties":{"n":"Levi's","c":"shopping","s":"osm"}},{"type":"Feature","id":"osm-node-904537341","geometry":{"type":"Point","coordinates":[34.7736,32.0975]},"properties":{"n":"Factory 54;Twentyfourseven","c":"shopping","s":"osm"}},{"type":"Feature","id":"osm-node-904537892","geometry":{"type":"Point","coordinates":[34.77364,32.09768]},"properties":{"n":"Adidas","c":"shopping","s":"osm"}},{"type":"Feature","id":"osm-node-904541068","geometry":{"type":"Point","coordinates":[34.77391,32.09894]},"properties":{"n":"Kitchen market","c":"restaurant","s":"osm","a":"ליפקין-שחק Hangar 12"}},{"type":"Feature","id":"osm-node-904544177","geometry":{"type":"Point","coordinates":[34.7745,32.09986]},"properties":{"n":"Porto","c":"restaurant","s":"osm"}},{"type":"Feature","id":"osm-node-904546449","geometry":{"type":"Point","coordinates":[34.77446,32.10009]},"properties":{"n":"Pier 23","c":"restaurant","s":"osm"}},{"type":"Feature","id":"osm-node-904548242","geometry":{"type":"Point","coordinates":[34.77474,32.10063]},"properties":{"n":"Come Il Faut","c":"restaurant","s":"osm"}},{"type":"Feature","id":"osm-node-9098908191","geometry":{"type":"Point","coordinates":[34.82369,32.10576]},"properties":{"n":"רוזן ומינץ","c":"bike","s":"osm"}},{"type":"Feature","id":"osm-node-9107204762","geometry":{"type":"Point","coordinates":[34.80382,32.08904]},"properties":{"n":"מינימרקט רווחה","c":"supermarket","s":"osm","a":"אנה פרנק 16"}},{"type":"Feature","id":"osm-node-9141096227","geometry":{"type":"Point","coordinates":[34.77393,32.09872]},"properties":{"n":"גולדה","c":"shopping","s":"osm"}},{"type":"Feature","id":"osm-node-9190133517","geometry":{"type":"Point","coordinates":[34.82456,32.09419]},"properties":{"n":"בורגרים","c":"restaurant","s":"osm","a":"כינרת 3"}},{"type":"Feature","id":"osm-node-9200346542","geometry":{"type":"Point","coordinates":[34.82249,32.12548]},"properties":{"n":"שומוביץ חומרי בנין","c":"shopping","s":"osm","a":"קריית שאול 20","w":"https://www.shomovitz.co.il/"}},{"type":"Feature","id":"osm-node-9312382295","geometry":{"type":"Point","coordinates":[34.78532,32.09199]},"properties":{"n":"לנדוור","c":"cafe","s":"osm"}},{"type":"Feature","id":"osm-node-947438231","geometry":{"type":"Point","coordinates":[34.77808,32.09492]},"properties":{"n":"עדנה","c":"restaurant","s":"osm"}},{"type":"Feature","id":"osm-node-947440457","geometry":{"type":"Point","coordinates":[34.77841,32.09485]},"properties":{"n":"הנביאים","c":"bar","s":"osm"}},{"type":"Feature","id":"osm-node-950284098","geometry":{"type":"Point","coordinates":[34.78263,32.09143]},"properties":{"n":"שופרסל שלי","c":"supermarket","s":"osm","w":"https://www.shufersal.co.il"}},{"type":"Feature","id":"osm-node-950284102","geometry":{"type":"Point","coordinates":[34.77444,32.09235]},"properties":{"n":"AM:PM","c":"supermarket","s":"osm","w":"https://www.ampm.co.il/"}},{"type":"Feature","id":"osm-node-950284108","geometry":{"type":"Point","coordinates":[34.77565,32.09516]},"properties":{"n":"שצ'ופק","c":"restaurant","s":"osm"}},{"type":"Feature","id":"osm-node-951616800","geometry":{"type":"Point","coordinates":[34.79367,32.10171]},"properties":{"n":"קפסולת הזמן הישראלית","c":"culture","s":"osm"}},{"type":"Feature","id":"osm-node-965950120","geometry":{"type":"Point","coordinates":[34.82141,32.09601]},"properties":{"n":"קפה קפה","c":"cafe","s":"osm"}},{"type":"Feature","id":"osm-node-965950123","geometry":{"type":"Point","coordinates":[34.82196,32.09619]},"properties":{"n":"ארומה","c":"cafe","s":"osm"}},{"type":"Feature","id":"osm-node-968701758","geometry":{"type":"Point","coordinates":[34.77051,32.09051]},"properties":{"n":"פסל אסא ויהושפט","c":"culture","s":"osm"}},{"type":"Feature","id":"osm-node-9724554417","geometry":{"type":"Point","coordinates":[34.82349,32.09422]},"properties":{"n":"פליישמן","c":"restaurant","s":"osm","a":"בר כוכבא 16","w":"https://delifleishman.com"}},{"type":"Feature","id":"osm-node-9732420617","geometry":{"type":"Point","coordinates":[34.81903,32.09366]},"properties":{"n":"סופר יעקובי","c":"supermarket","s":"osm"}},{"type":"Feature","id":"osm-node-9758910025","geometry":{"type":"Point","coordinates":[34.81624,32.08971]},"properties":{"n":"שופרסל אקספרס","c":"supermarket","s":"osm","a":"המעפיל 12"}},{"type":"Feature","id":"osm-node-9774956345","geometry":{"type":"Point","coordinates":[34.80361,32.08875]},"properties":{"n":"מיניכל אמיר","c":"supermarket","s":"osm","a":"ברוריה 5"}},{"type":"Feature","id":"osm-node-9814418707","geometry":{"type":"Point","coordinates":[34.80206,32.0924]},"properties":{"n":"מרכז קהילתי שכונת חרוזים","c":"community","s":"osm","a":"חרוזים 2"}},{"type":"Feature","id":"osm-node-9817775819","geometry":{"type":"Point","coordinates":[34.77521,32.09935]},"properties":{"n":"Flying Tiger","c":"shopping","s":"osm"}},{"type":"Feature","id":"osm-node-9879110650","geometry":{"type":"Point","coordinates":[34.77291,32.08751]},"properties":{"n":"כספי","c":"restaurant","s":"osm"}},{"type":"Feature","id":"osm-node-9879111022","geometry":{"type":"Point","coordinates":[34.77399,32.0897]},"properties":{"n":"Java","c":"cafe","s":"osm"}},{"type":"Feature","id":"osm-node-9889139101","geometry":{"type":"Point","coordinates":[34.78272,32.08911]},"properties":{"n":"Lily Rose","c":"bar","s":"osm","a":"אבן גבירול 148","w":"https://www.lilyrosebar.com/"}},{"type":"Feature","id":"osm-node-9980759111","geometry":{"type":"Point","coordinates":[34.78003,32.09045]},"properties":{"n":"מרכז רפואי מרום בזל","c":"health","s":"osm"}},{"type":"Feature","id":"osm-relation-10574421","geometry":{"type":"Point","coordinates":[34.80582,32.11849]},"properties":{"n":"גינת שעשועים","c":"playground","s":"osm"}},{"type":"Feature","id":"osm-relation-1435552","geometry":{"type":"Point","coordinates":[34.79422,32.08778]},"properties":{"n":"תל-אופן (אופניים להשכרה תל אביב)","c":"bike","s":"osm","w":"https://www.tel-o-fun.co.il/"}},{"type":"Feature","id":"osm-relation-15795458","geometry":{"type":"Point","coordinates":[34.81992,32.10069]},"properties":{"n":"אבובים איטי","c":"culture","s":"osm","w":"https://www.meymadion.co.il/?categoryId=120350&itemId=268093"}},{"type":"Feature","id":"osm-relation-15795721","geometry":{"type":"Point","coordinates":[34.82019,32.10263]},"properties":{"n":"אבובים מהיר","c":"culture","s":"osm"}},{"type":"Feature","id":"osm-relation-16022802","geometry":{"type":"Point","coordinates":[34.81054,32.10008]},"properties":{"n":"גני יהושע","c":"park","s":"osm"}},{"type":"Feature","id":"osm-relation-16808648","geometry":{"type":"Point","coordinates":[34.79606,32.10274]},"properties":{"n":"מרכז אדם ועמלו","c":"culture","s":"osm","w":"https://www.eretzmuseum.org.il/מרכז-אדם-ועמלו/"}},{"type":"Feature","id":"osm-way-100076919","geometry":{"type":"Point","coordinates":[34.80397,32.12688]},"properties":{"n":"מתנ\"ס רוזין","c":"community","s":"osm"}},{"type":"Feature","id":"osm-way-100599839","geometry":{"type":"Point","coordinates":[34.79953,32.12363]},"properties":{"n":"גן כצנלסון","c":"park","s":"osm"}},{"type":"Feature","id":"osm-way-100721921","geometry":{"type":"Point","coordinates":[34.8185,32.11613]},"properties":{"n":"ליידי דייוויס","c":"school","s":"osm"}},{"type":"Feature","id":"osm-way-100947974","geometry":{"type":"Point","coordinates":[34.82486,32.11122]},"properties":{"n":"קופת חולים כללית","c":"health","s":"osm"}},{"type":"Feature","id":"osm-way-100948739","geometry":{"type":"Point","coordinates":[34.82224,32.10816]},"properties":{"n":"מתנ\"ס בית פרנקפורט","c":"community","s":"osm"}},{"type":"Feature","id":"osm-way-100948744","geometry":{"type":"Point","coordinates":[34.82165,32.10853]},"properties":{"n":"גן פרנקפורט","c":"park","s":"osm"}},{"type":"Feature","id":"osm-way-101272656","geometry":{"type":"Point","coordinates":[34.82483,32.12431]},"properties":{"n":"חניון מי ומי פתוח לקהל","c":"parking","s":"osm"}},{"type":"Feature","id":"osm-way-102519365","geometry":{"type":"Point","coordinates":[34.80445,32.11646]},"properties":{"n":"גן ע''ש נורמן, אוולין וארווינג פיינטק","c":"park","s":"osm"}},{"type":"Feature","id":"osm-way-102519383","geometry":{"type":"Point","coordinates":[34.8054,32.11614]},"properties":{"n":"הספרייה למדעי החיים ולרפואה ע\"ש גיטר־סמולרש","c":"library","s":"osm"}},{"type":"Feature","id":"osm-way-103128120","geometry":{"type":"Point","coordinates":[34.80528,32.11264]},"properties":{"n":"מרכז צימבליסטה","c":"worship","s":"osm"}},{"type":"Feature","id":"osm-way-103189606","geometry":{"type":"Point","coordinates":[34.77702,32.10574]},"properties":{"n":"פארק חופי רידינג","c":"park","s":"osm"}},{"type":"Feature","id":"osm-way-103513136","geometry":{"type":"Point","coordinates":[34.80656,32.11094]},"properties":{"n":"ספריית מדעים מדוייקים","c":"library","s":"osm"}},{"type":"Feature","id":"osm-way-103632854","geometry":{"type":"Point","coordinates":[34.80432,32.10882]},"properties":{"n":"social workers park","c":"park","s":"osm"}},{"type":"Feature","id":"osm-way-103632871","geometry":{"type":"Point","coordinates":[34.80505,32.10947]},"properties":{"n":"פארק הנדסת חשמל","c":"park","s":"osm"}},{"type":"Feature","id":"osm-way-104699084","geometry":{"type":"Point","coordinates":[34.80891,32.09825]},"properties":{"n":"בנדיקט פיקניק פארק","c":"cafe","s":"osm"}},{"type":"Feature","id":"osm-way-104701132","geometry":{"type":"Point","coordinates":[34.78843,32.09552]},"properties":{"n":"אכסניית נוער תל אביב","c":"hotel","s":"osm"}},{"type":"Feature","id":"osm-way-104701145","geometry":{"type":"Point","coordinates":[34.79049,32.09649]},"properties":{"n":"שבט החורש","c":"community","s":"osm"}},{"type":"Feature","id":"osm-way-104708772","geometry":{"type":"Point","coordinates":[34.8185,32.08719]},"properties":{"n":"גן אברהם","c":"park","s":"osm"}},{"type":"Feature","id":"osm-way-104708788","geometry":{"type":"Point","coordinates":[34.8183,32.08623]},"properties":{"n":"בית ספר בן גוריון","c":"school","s":"osm"}},{"type":"Feature","id":"osm-way-104708828","geometry":{"type":"Point","coordinates":[34.81671,32.08502]},"properties":{"n":"גינת אבטליון","c":"park","s":"osm"}},{"type":"Feature","id":"osm-way-1056659670","geometry":{"type":"Point","coordinates":[34.79429,32.13315]},"properties":{"n":"Tichonet School","c":"school","s":"osm"}},{"type":"Feature","id":"osm-way-106289382","geometry":{"type":"Point","coordinates":[34.80652,32.12941]},"properties":{"n":"אקו פארק גלילות","c":"park","s":"osm"}},{"type":"Feature","id":"osm-way-1085295551","geometry":{"type":"Point","coordinates":[34.80565,32.10794]},"properties":{"n":"חניון הנדסה","c":"parking","s":"osm"}},{"type":"Feature","id":"osm-way-1086138844","geometry":{"type":"Point","coordinates":[34.77529,32.09203]},"properties":{"n":"גן מרקביץ","c":"park","s":"osm"}},{"type":"Feature","id":"osm-way-1126753856","geometry":{"type":"Point","coordinates":[34.77664,32.08483]},"properties":{"n":"בית ספר יסודי גרץ","c":"school","s":"osm"}},{"type":"Feature","id":"osm-way-1126779854","geometry":{"type":"Point","coordinates":[34.8142,32.08665]},"properties":{"n":"בית ספר ע\"ש זומר","c":"school","s":"osm","a":"למדן 1"}},{"type":"Feature","id":"osm-way-1153886763","geometry":{"type":"Point","coordinates":[34.78527,32.08592]},"properties":{"n":"שבט דיזנגוף - תנועת הצופים העבריים בישראל","c":"community","s":"osm","a":"דוד רמז 7","w":"https://www.zofim.org.il/branch/שבט-דיזנגוף/"}},{"type":"Feature","id":"osm-way-1168340845","geometry":{"type":"Point","coordinates":[34.80643,32.10475]},"properties":{"n":"P2","c":"parking","s":"osm"}},{"type":"Feature","id":"osm-way-1168361576","geometry":{"type":"Point","coordinates":[34.80787,32.10388]},"properties":{"n":"P1","c":"parking","s":"osm"}},{"type":"Feature","id":"osm-way-1168420512","geometry":{"type":"Point","coordinates":[34.81162,32.10736]},"properties":{"n":"עולם הקטנטנים","c":"playground","s":"osm","w":"https://www.lunapark.co.il/?categoryId=72521&itemId=149617"}},{"type":"Feature","id":"osm-way-1168420514","geometry":{"type":"Point","coordinates":[34.81207,32.10652]},"properties":{"n":"קרוסלת סוסים","c":"culture","s":"osm","w":"https://www.lunapark.co.il/?categoryId=72521&itemId=149622"}},{"type":"Feature","id":"osm-way-1168420516","geometry":{"type":"Point","coordinates":[34.81211,32.10634]},"properties":{"n":"קרוסלת מטוסים","c":"culture","s":"osm","w":"https://www.lunapark.co.il/?categoryId=72521&itemId=149620"}},{"type":"Feature","id":"osm-way-1168420517","geometry":{"type":"Point","coordinates":[34.81217,32.10643]},"properties":{"n":"קרוסלת מיני סירות","c":"culture","s":"osm","w":"https://www.lunapark.co.il/?categoryId=72521&itemId=149621"}},{"type":"Feature","id":"osm-way-1168420562","geometry":{"type":"Point","coordinates":[34.81245,32.10655]},"properties":{"n":"בלאק ממבה","c":"culture","s":"osm","w":"https://www.lunapark.co.il/?categoryId=72522&itemId=149632"}},{"type":"Feature","id":"osm-way-1168420563","geometry":{"type":"Point","coordinates":[34.81198,32.10624]},"properties":{"n":"קרוסלת ברבורים","c":"culture","s":"osm","w":"https://www.lunapark.co.il/?categoryId=72521&itemId=149618"}},{"type":"Feature","id":"osm-way-1168420574","geometry":{"type":"Point","coordinates":[34.81233,32.1058]},"properties":{"n":"סינמה לונה","c":"culture","s":"osm","w":"https://www.lunapark.co.il/?categoryId=72521&itemId=310672"}},{"type":"Feature","id":"osm-way-1168420588","geometry":{"type":"Point","coordinates":[34.81134,32.1066]},"properties":{"n":"בורגר פארק","c":"restaurant","s":"osm","w":"https://www.lunapark.co.il/?categoryId=72520&itemId=148293"}},{"type":"Feature","id":"osm-way-1169748908","geometry":{"type":"Point","coordinates":[34.80984,32.10754]},"properties":{"n":"P7","c":"parking","s":"osm"}},{"type":"Feature","id":"osm-way-1169748924","geometry":{"type":"Point","coordinates":[34.80923,32.1043]},"properties":{"n":"קופות","c":"shopping","s":"osm"}},{"type":"Feature","id":"osm-way-1180759522","geometry":{"type":"Point","coordinates":[34.78766,32.11517]},"properties":{"n":"רנסנס מועדון ספורט","c":"sport","s":"osm","a":"יחזקאל שטרייכמן 9"}},{"type":"Feature","id":"osm-way-1181227521","geometry":{"type":"Point","coordinates":[34.77732,32.09645]},"properties":{"n":"צופי ים תל אביב","c":"community","s":"osm","a":"אוסישקין 5","w":"https://www.zofim.org.il/branch/שבט-צופי-ים-תל-אביב/"}},{"type":"Feature","id":"osm-way-1181231022","geometry":{"type":"Point","coordinates":[34.77854,32.09562]},"properties":{"n":"בני דן","c":"parking","s":"osm"}},{"type":"Feature","id":"osm-way-1181231038","geometry":{"type":"Point","coordinates":[34.77971,32.09533]},"properties":{"n":"מועדון השייטים תל-אביב","c":"sport","s":"osm","a":"אוסישקין 11"}},{"type":"Feature","id":"osm-way-1181513612","geometry":{"type":"Point","coordinates":[34.78083,32.09991]},"properties":{"n":"2 חניון רידינג מזרח","c":"parking","s":"osm"}},{"type":"Feature","id":"osm-way-1182116903","geometry":{"type":"Point","coordinates":[34.77532,32.09691]},"properties":{"n":"Port and Blue Hotel","c":"hotel","s":"osm","a":"Sidon 1","w":"https://www.portandblue.com/"}},{"type":"Feature","id":"osm-way-1182542239","geometry":{"type":"Point","coordinates":[34.77831,32.10246]},"properties":{"n":"פארק רידינג","c":"park","s":"osm","w":"https://www.tel-aviv.gov.il/Pages/MainItemPage.aspx?WebID=3af57d92-807c-43c5-8d5f-6fd455eb2776&ListID=81e17809-311d-4bba-9bf1-2363bb9debcd&ItemID=2203"}},{"type":"Feature","id":"osm-way-1182738897","geometry":{"type":"Point","coordinates":[34.80817,32.09904]},"properties":{"n":"אמפי וואהל","c":"culture","s":"osm","w":"https://www.tel-aviv.gov.il/Visitors/ArtCulture/Pages/WohlAmphitheatre.aspx"}},{"type":"Feature","id":"osm-way-1183060171","geometry":{"type":"Point","coordinates":[34.79185,32.09559]},"properties":{"n":"עירוני ד' סניף","c":"school","s":"osm"}},{"type":"Feature","id":"osm-way-1183060379","geometry":{"type":"Point","coordinates":[34.78761,32.09316]},"properties":{"n":"עירוני י\"א","c":"school","s":"osm"}},{"type":"Feature","id":"osm-way-1184536753","geometry":{"type":"Point","coordinates":[34.80931,32.10144]},"properties":{"n":"גן הרפתקאות","c":"playground","s":"osm"}},{"type":"Feature","id":"osm-way-1184727378","geometry":{"type":"Point","coordinates":[34.82348,32.10555]},"properties":{"n":"ולודרום","c":"sport","s":"osm"}},{"type":"Feature","id":"osm-way-1184727379","geometry":{"type":"Point","coordinates":[34.8249,32.10525]},"properties":{"n":"ולודרום","c":"sport","s":"osm"}},{"type":"Feature","id":"osm-way-1185165537","geometry":{"type":"Point","coordinates":[34.82299,32.10129]},"properties":{"n":"גינת האצטדיון","c":"park","s":"osm"}},{"type":"Feature","id":"osm-way-1185165538","geometry":{"type":"Point","coordinates":[34.82209,32.09816]},"properties":{"n":"גן האימפולס","c":"park","s":"osm"}},{"type":"Feature","id":"osm-way-1185165552","geometry":{"type":"Point","coordinates":[34.82004,32.09621]},"properties":{"n":"גן היל","c":"park","s":"osm"}},{"type":"Feature","id":"osm-way-1185165555","geometry":{"type":"Point","coordinates":[34.81552,32.09685]},"properties":{"n":"מועדון כדורת דשא","c":"sport","s":"osm","a":"רוקח 119"}},{"type":"Feature","id":"osm-way-1185165556","geometry":{"type":"Point","coordinates":[34.81251,32.09591]},"properties":{"n":"גן תל אביב","c":"park","s":"osm"}},{"type":"Feature","id":"osm-way-1185183422","geometry":{"type":"Point","coordinates":[34.79721,32.0992]},"properties":{"n":"הפינה של רוז","c":"playground","s":"osm","w":"https://park.co.il/domain/הפינה-של-רוז/"}},{"type":"Feature","id":"osm-way-1185191323","geometry":{"type":"Point","coordinates":[34.81481,32.09895]},"properties":{"n":"העתק פסיפס בית אלפא","c":"culture","s":"osm"}},{"type":"Feature","id":"osm-way-1185613153","geometry":{"type":"Point","coordinates":[34.81714,32.09738]},"properties":{"n":"מועדון טניס רמת גן","c":"sport","s":"osm","a":"רוקח 121ב","w":"https://www.tennisramatgan.co.il/"}},{"type":"Feature","id":"osm-way-1185613166","geometry":{"type":"Point","coordinates":[34.81806,32.09705]},"properties":{"n":"אולם טניס שולחן","c":"sport","s":"osm"}},{"type":"Feature","id":"osm-way-1185613183","geometry":{"type":"Point","coordinates":[34.81839,32.09617]},"properties":{"n":"בית נתן רפפורט","c":"culture","s":"osm","a":"רוקח 125","w":"https://www.ramat-gan.muni.il/going_out/museums/beit_rappaport/"}},{"type":"Feature","id":"osm-way-1185613200","geometry":{"type":"Point","coordinates":[34.81596,32.09748]},"properties":{"n":"צופים ירקון","c":"community","s":"osm","a":"רוקח 119א"}},{"type":"Feature","id":"osm-way-1185616670","geometry":{"type":"Point","coordinates":[34.81798,32.09693]},"properties":{"n":"מועדון הספורט ספיבק","c":"sport","s":"osm","a":"רוקח 123","w":"https://iscd.com"}},{"type":"Feature","id":"osm-way-1185820721","geometry":{"type":"Point","coordinates":[34.81651,32.09693]},"properties":{"n":"בית הצנחן","c":"community","s":"osm"}},{"type":"Feature","id":"osm-way-1186021402","geometry":{"type":"Point","coordinates":[34.81858,32.09591]},"properties":{"n":"בני עקיבא רמת גן","c":"community","s":"osm","w":"https://bneiakiva.org.il/activity/רמת-גן/"}},{"type":"Feature","id":"osm-way-1197962918","geometry":{"type":"Point","coordinates":[34.80413,32.09171]},"properties":{"n":"גן החרוזים","c":"culture","s":"osm","a":"חרוזים 4"}},{"type":"Feature","id":"osm-way-1197962920","geometry":{"type":"Point","coordinates":[34.80216,32.09237]},"properties":{"n":"גן ספריית חרוזים","c":"park","s":"osm"}},{"type":"Feature","id":"osm-way-1237416394","geometry":{"type":"Point","coordinates":[34.7962,32.11223]},"properties":{"n":"חניון הגג","c":"parking","s":"osm"}},{"type":"Feature","id":"osm-way-124656922","geometry":{"type":"Point","coordinates":[34.80651,32.08948]},"properties":{"n":"גן ילין","c":"park","s":"osm"}},{"type":"Feature","id":"osm-way-1264498115","geometry":{"type":"Point","coordinates":[34.77799,32.10028]},"properties":{"n":"טיילת רידינג","c":"park","s":"osm"}},{"type":"Feature","id":"osm-way-1271451037","geometry":{"type":"Point","coordinates":[34.80435,32.11683]},"properties":{"n":"גן אלפא אומגה ריג'נסי","c":"park","s":"osm"}},{"type":"Feature","id":"osm-way-1272579184","geometry":{"type":"Point","coordinates":[34.8054,32.11153]},"properties":{"n":"גן לאו ומרשל","c":"park","s":"osm"}},{"type":"Feature","id":"osm-way-127413025","geometry":{"type":"Point","coordinates":[34.80445,32.11433]},"properties":{"n":"הספרייה המרכזית ע\"ש סוראסקי","c":"library","s":"osm"}},{"type":"Feature","id":"osm-way-1279117680","geometry":{"type":"Point","coordinates":[34.81177,32.10214]},"properties":{"n":"זאפה בפארק - גני יהושע","c":"culture","s":"osm"}},{"type":"Feature","id":"osm-way-129843506","geometry":{"type":"Point","coordinates":[34.8115,32.08578]},"properties":{"n":"קניון ביאליק","c":"shopping","s":"osm","a":"ביאליק 76","w":"https://www.bialik-mall.co.il/"}},{"type":"Feature","id":"osm-way-1330623103","geometry":{"type":"Point","coordinates":[34.80953,32.08749]},"properties":{"n":"בית כנסת אוהל רחל","c":"worship","s":"osm"}},{"type":"Feature","id":"osm-way-1391817797","geometry":{"type":"Point","coordinates":[34.78874,32.13132]},"properties":{"n":"פארק החוף","c":"culture","s":"osm"}},{"type":"Feature","id":"osm-way-140917803","geometry":{"type":"Point","coordinates":[34.79094,32.09303]},"properties":{"n":"בית ספר עירוני ד'","c":"school","s":"osm"}},{"type":"Feature","id":"osm-way-1476263182","geometry":{"type":"Point","coordinates":[34.81385,32.09007]},"properties":{"n":"גן מגדלי גפן","c":"park","s":"osm"}},{"type":"Feature","id":"osm-way-149245465","geometry":{"type":"Point","coordinates":[34.78403,32.09494]},"properties":{"n":"בית דוד","c":"worship","s":"osm"}},{"type":"Feature","id":"osm-way-149257064","geometry":{"type":"Point","coordinates":[34.77322,32.08835]},"properties":{"n":"חסידים כללי","c":"worship","s":"osm"}},{"type":"Feature","id":"osm-way-149263345","geometry":{"type":"Point","coordinates":[34.77654,32.09535]},"properties":{"n":"בית הכנסת הגדול של צפון תל אביב","c":"worship","s":"osm","a":"דיזנגוף 312","w":"https://dizengoffsynagogue312.co.il/"}},{"type":"Feature","id":"osm-way-149264326","geometry":{"type":"Point","coordinates":[34.77558,32.08851]},"properties":{"n":"בית חסידים המרכזי","c":"worship","s":"osm"}},{"type":"Feature","id":"osm-way-149270560","geometry":{"type":"Point","coordinates":[34.77644,32.09203]},"properties":{"n":"Brooklyn Pizza","c":"restaurant","s":"osm","a":"דיזנגוף 276","w":"https://www.brooklynpizza.co.il/"}},{"type":"Feature","id":"osm-way-149270614","geometry":{"type":"Point","coordinates":[34.77553,32.09032]},"properties":{"n":"223 Bar","c":"bar","s":"osm","a":"דיזנגוף 223","w":"https://www.223.co.il"}},{"type":"Feature","id":"osm-way-149276659","geometry":{"type":"Point","coordinates":[34.78155,32.09033]},"properties":{"n":"עטרת צבי","c":"worship","s":"osm"}},{"type":"Feature","id":"osm-way-1540949876","geometry":{"type":"Point","coordinates":[34.80783,32.10011]},"properties":{"n":"מסלול חמשת החושים","c":"sport","s":"osm","w":"https://project-tlv.info/places/park-hayarkon/פרויקט-פארק-חמשת-החושים-גני-יהושע/מסלול-אתגרי-פארק-חמשת-החושים/"}},{"type":"Feature","id":"osm-way-157378333","geometry":{"type":"Point","coordinates":[34.81803,32.09649]},"properties":{"n":"היכל ספורט לנכים ע״ש סם ובלה ספיבק","c":"shopping","s":"osm"}},{"type":"Feature","id":"osm-way-157379036","geometry":{"type":"Point","coordinates":[34.80497,32.09023]},"properties":{"n":"זכרון קדושים","c":"worship","s":"osm","a":"חביבה רייך 9"}},{"type":"Feature","id":"osm-way-157387919","geometry":{"type":"Point","coordinates":[34.80309,32.0903]},"properties":{"n":"ספרית מכללת שנקר","c":"library","s":"osm"}},{"type":"Feature","id":"osm-way-157447936","geometry":{"type":"Point","coordinates":[34.81208,32.08826]},"properties":{"n":"גן שקדיה","c":"park","s":"osm"}},{"type":"Feature","id":"osm-way-162269103","geometry":{"type":"Point","coordinates":[34.78023,32.1009]},"properties":{"n":"חניון רידינג צפון","c":"parking","s":"osm"}},{"type":"Feature","id":"osm-way-163143586","geometry":{"type":"Point","coordinates":[34.80129,32.10557]},"properties":{"n":"ביה\"ס למדעי הנפט ואסטרטגיה","c":"school","s":"osm"}},{"type":"Feature","id":"osm-way-164668782","geometry":{"type":"Point","coordinates":[34.81912,32.09449]},"properties":{"n":"מוזיאון לאמנות רמת גן","c":"culture","s":"osm","a":"אבא הלל סילבר 146"}},{"type":"Feature","id":"osm-way-164668895","geometry":{"type":"Point","coordinates":[34.82069,32.09334]},"properties":{"n":"מרכז פיס","c":"community","s":"osm","a":"הפודים 41"}},{"type":"Feature","id":"osm-way-164668913","geometry":{"type":"Point","coordinates":[34.82081,32.09386]},"properties":{"n":"תפארת יעקב","c":"worship","s":"osm","a":"העמל 28"}},{"type":"Feature","id":"osm-way-164669843","geometry":{"type":"Point","coordinates":[34.82072,32.09217]},"properties":{"n":"תפארת שלמה","c":"worship","s":"osm"}},{"type":"Feature","id":"osm-way-164669876","geometry":{"type":"Point","coordinates":[34.81814,32.08976]},"properties":{"n":"ישיבת אוצר התלמוד","c":"school","s":"osm","a":"זאב ז'בוטינסקי 123"}},{"type":"Feature","id":"osm-way-164669886","geometry":{"type":"Point","coordinates":[34.81765,32.0908]},"properties":{"n":"מעון נעמ\"ת","c":"kindergarten","s":"osm","a":"הפודים 8א"}},{"type":"Feature","id":"osm-way-166148427","geometry":{"type":"Point","coordinates":[34.81288,32.08866]},"properties":{"n":"בי\"ס גבעולים","c":"school","s":"osm","a":"התקוה 20","w":"https://givolim.tik-tak.net/"}},{"type":"Feature","id":"osm-way-166149823","geometry":{"type":"Point","coordinates":[34.80881,32.08645]},"properties":{"n":"Bet Rozen","c":"community","s":"osm","a":"אלעזר 89/1"}},{"type":"Feature","id":"osm-way-184485987","geometry":{"type":"Point","coordinates":[34.80319,32.09047]},"properties":{"n":"חניית מרצים, מכללת שנקר","c":"parking","s":"osm"}},{"type":"Feature","id":"osm-way-192098924","geometry":{"type":"Point","coordinates":[34.81741,32.12179]},"properties":{"n":"בית הספר התיכון ע\"ש יצחק שמיר","c":"school","s":"osm"}},{"type":"Feature","id":"osm-way-196776687","geometry":{"type":"Point","coordinates":[34.81549,32.12211]},"properties":{"n":"יחד שבטי ישראל","c":"worship","s":"osm"}},{"type":"Feature","id":"osm-way-206773123","geometry":{"type":"Point","coordinates":[34.79463,32.08981]},"properties":{"n":"התיכון החדש ע\"ש יצחק רבין","c":"school","s":"osm"}},{"type":"Feature","id":"osm-way-215743866","geometry":{"type":"Point","coordinates":[34.80366,32.11747]},"properties":{"n":"חניון בית הספר לרפואת שיניים","c":"parking","s":"osm"}},{"type":"Feature","id":"osm-way-219292804","geometry":{"type":"Point","coordinates":[34.78339,32.08682]},"properties":{"n":"בית הכנסת היכל יהודה","c":"worship","s":"osm"}},{"type":"Feature","id":"osm-way-219712418","geometry":{"type":"Point","coordinates":[34.79601,32.10693]},"properties":{"n":"תיכון כל ישראל חברים (אליאנס)","c":"school","s":"osm"}},{"type":"Feature","id":"osm-way-222858637","geometry":{"type":"Point","coordinates":[34.82061,32.09256]},"properties":{"n":"גן חיה ציפמן","c":"park","s":"osm"}},{"type":"Feature","id":"osm-way-223351595","geometry":{"type":"Point","coordinates":[34.81389,32.0939]},"properties":{"n":"גן צלינה","c":"playground","s":"osm"}},{"type":"Feature","id":"osm-way-236981850","geometry":{"type":"Point","coordinates":[34.77494,32.09951]},"properties":{"n":"גן שעשועים גדול","c":"playground","s":"osm"}},{"type":"Feature","id":"osm-way-247105460","geometry":{"type":"Point","coordinates":[34.82077,32.09198]},"properties":{"n":"גן סביון","c":"park","s":"osm"}},{"type":"Feature","id":"osm-way-248740543","geometry":{"type":"Point","coordinates":[34.79159,32.09057]},"properties":{"n":"חניון בית החיל","c":"parking","s":"osm","a":"אריה עקיבא"}},{"type":"Feature","id":"osm-way-249199585","geometry":{"type":"Point","coordinates":[34.82054,32.09353]},"properties":{"n":"בית הספר \"המנחיל\"","c":"school","s":"osm"}},{"type":"Feature","id":"osm-way-251561023","geometry":{"type":"Point","coordinates":[34.79109,32.10915]},"properties":{"n":"גינה לזכר כ\"ג יורדי הסירה","c":"park","s":"osm"}},{"type":"Feature","id":"osm-way-251561042","geometry":{"type":"Point","coordinates":[34.79036,32.10858]},"properties":{"n":"קופ\"ח, טיפת חלב","c":"health","s":"osm"}},{"type":"Feature","id":"osm-way-283357822","geometry":{"type":"Point","coordinates":[34.7973,32.08886]},"properties":{"n":"צמרת G","c":"shopping","s":"osm","a":"ניסים אלוני 10","w":"https://www.gazit-g.com/property/g-%d7%a6%d7%9e%d7%a8%d7%aa/"}},{"type":"Feature","id":"osm-way-294628634","geometry":{"type":"Point","coordinates":[34.82437,32.10035]},"properties":{"n":"אצטדיון רמת גן","c":"sport","s":"osm"}},{"type":"Feature","id":"osm-way-299846648","geometry":{"type":"Point","coordinates":[34.81089,32.10916]},"properties":{"n":"היכל קבוצת שלמה","c":"sport","s":"osm"}},{"type":"Feature","id":"osm-way-30127380","geometry":{"type":"Point","coordinates":[34.78196,32.09446]},"properties":{"n":"כיכר היל","c":"park","s":"osm"}},{"type":"Feature","id":"osm-way-30773602","geometry":{"type":"Point","coordinates":[34.77734,32.0935]},"properties":{"n":"גן גימפל","c":"park","s":"osm"}},{"type":"Feature","id":"osm-way-30781000","geometry":{"type":"Point","coordinates":[34.77862,32.08732]},"properties":{"n":"גן מלץ","c":"park","s":"osm"}},{"type":"Feature","id":"osm-way-30826885","geometry":{"type":"Point","coordinates":[34.79657,32.09434]},"properties":{"n":"גן אברמוביץ'","c":"park","s":"osm"}},{"type":"Feature","id":"osm-way-30828437","geometry":{"type":"Point","coordinates":[34.78681,32.09114]},"properties":{"n":"גן נורי","c":"park","s":"osm"}},{"type":"Feature","id":"osm-way-30879066","geometry":{"type":"Point","coordinates":[34.79157,32.08479]},"properties":{"n":"גן הגת","c":"park","s":"osm"}},{"type":"Feature","id":"osm-way-31539863","geometry":{"type":"Point","coordinates":[34.79079,32.08923]},"properties":{"n":"גן משה כהן","c":"park","s":"osm"}},{"type":"Feature","id":"osm-way-316947647","geometry":{"type":"Point","coordinates":[34.77351,32.09409]},"properties":{"n":"Tal By The Beach","c":"hotel","s":"osm","a":"הירקון 287","w":"https://atlas.co.il/"}},{"type":"Feature","id":"osm-way-34333834","geometry":{"type":"Point","coordinates":[34.78863,32.09805]},"properties":{"n":"ספורטק צפון","c":"park","s":"osm","w":"https://park.co.il/park/גני-יהושע/?sportech"}},{"type":"Feature","id":"osm-way-34333914","geometry":{"type":"Point","coordinates":[34.78913,32.09886]},"properties":{"n":"חניון הספורטק","c":"parking","s":"osm"}},{"type":"Feature","id":"osm-way-34589559","geometry":{"type":"Point","coordinates":[34.77315,32.089]},"properties":{"n":"גן החובבים","c":"park","s":"osm"}},{"type":"Feature","id":"osm-way-35148082","geometry":{"type":"Point","coordinates":[34.79365,32.08458]},"properties":{"n":"גן פייבל","c":"park","s":"osm"}},{"type":"Feature","id":"osm-way-35159886","geometry":{"type":"Point","coordinates":[34.7716,32.08594]},"properties":{"n":"גן גולדשטיין גורן","c":"park","s":"osm"}},{"type":"Feature","id":"osm-way-351675141","geometry":{"type":"Point","coordinates":[34.81801,32.09738]},"properties":{"n":"בריכת שחיה ספיבק","c":"sport","s":"osm"}},{"type":"Feature","id":"osm-way-35208371","geometry":{"type":"Point","coordinates":[34.81266,32.11799]},"properties":{"n":"גינת חיים מבורך","c":"park","s":"osm"}},{"type":"Feature","id":"osm-way-35392254","geometry":{"type":"Point","coordinates":[34.80373,32.12416]},"properties":{"n":"אחימאיר פתוח לקהל","c":"parking","s":"osm"}},{"type":"Feature","id":"osm-way-35417704","geometry":{"type":"Point","coordinates":[34.8009,32.12273]},"properties":{"n":"בית צורי","c":"parking","s":"osm"}},{"type":"Feature","id":"osm-way-35418556","geometry":{"type":"Point","coordinates":[34.81316,32.1207]},"properties":{"n":"חורשת רוזאניס","c":"park","s":"osm"}},{"type":"Feature","id":"osm-way-35472114","geometry":{"type":"Point","coordinates":[34.79599,32.08488]},"properties":{"n":"חניון ארלוזורוב","c":"parking","s":"osm"}},{"type":"Feature","id":"osm-way-358440373","geometry":{"type":"Point","coordinates":[34.82059,32.08509]},"properties":{"n":"גן עמירם","c":"park","s":"osm"}},{"type":"Feature","id":"osm-way-362314995","geometry":{"type":"Point","coordinates":[34.78378,32.08533]},"properties":{"n":"גן ההסתדרות","c":"park","s":"osm"}},{"type":"Feature","id":"osm-way-370074338","geometry":{"type":"Point","coordinates":[34.79188,32.08726]},"properties":{"n":"גן אברהם","c":"park","s":"osm"}},{"type":"Feature","id":"osm-way-370074339","geometry":{"type":"Point","coordinates":[34.79015,32.08497]},"properties":{"n":"חניון חברה חדשה","c":"parking","s":"osm"}},{"type":"Feature","id":"osm-way-37558654","geometry":{"type":"Point","coordinates":[34.77167,32.0915]},"properties":{"n":"גן העצמאות","c":"park","s":"osm"}},{"type":"Feature","id":"osm-way-37573581","geometry":{"type":"Point","coordinates":[34.77252,32.09528]},"properties":{"n":"נמל תל אביב","c":"parking","s":"osm"}},{"type":"Feature","id":"osm-way-37573583","geometry":{"type":"Point","coordinates":[34.77269,32.09601]},"properties":{"n":"נמל תל אביב","c":"parking","s":"osm"}},{"type":"Feature","id":"osm-way-37850164","geometry":{"type":"Point","coordinates":[34.78158,32.09939]},"properties":{"n":"1 חניון רידינג מזרח","c":"parking","s":"osm"}},{"type":"Feature","id":"osm-way-384528538","geometry":{"type":"Point","coordinates":[34.80177,32.12449]},"properties":{"n":"קופת חולים כללית","c":"health","s":"osm"}},{"type":"Feature","id":"osm-way-39228885","geometry":{"type":"Point","coordinates":[34.77234,32.09406]},"properties":{"n":"שרתון 1","c":"parking","s":"osm"}},{"type":"Feature","id":"osm-way-405360284","geometry":{"type":"Point","coordinates":[34.78521,32.0868]},"properties":{"n":"הגימנסיה העברית הרצליה","c":"school","s":"osm","a":"ז'בוטינסקי 106","w":"https://gymnasia.co.il/"}},{"type":"Feature","id":"osm-way-40955414","geometry":{"type":"Point","coordinates":[34.79574,32.11212]},"properties":{"n":"קניון רמת אביב","c":"shopping","s":"osm","a":"Einstein Street 40"}},{"type":"Feature","id":"osm-way-416509341","geometry":{"type":"Point","coordinates":[34.79436,32.10725]},"properties":{"n":"גינת החבלים","c":"park","s":"osm"}},{"type":"Feature","id":"osm-way-42562436","geometry":{"type":"Point","coordinates":[34.76955,32.08654]},"properties":{"n":"מלון קרלטון","c":"hotel","s":"osm","w":"http://www.carlton.co.il/"}},{"type":"Feature","id":"osm-way-42567606","geometry":{"type":"Point","coordinates":[34.81166,32.12481]},"properties":{"n":"פארק נווה גן","c":"park","s":"osm"}},{"type":"Feature","id":"osm-way-467643885","geometry":{"type":"Point","coordinates":[34.775,32.1003]},"properties":{"n":"גן שעשועים קטן","c":"playground","s":"osm"}},{"type":"Feature","id":"osm-way-46766050","geometry":{"type":"Point","coordinates":[34.80269,32.11052]},"properties":{"n":"חניון מדעי החברה","c":"parking","s":"osm"}},{"type":"Feature","id":"osm-way-470773720","geometry":{"type":"Point","coordinates":[34.80491,32.09451]},"properties":{"n":"מרכז צפרות ראש ציפור","c":"park","s":"osm","w":"https://park.co.il/park/rosh-tzipor/"}},{"type":"Feature","id":"osm-way-48118175","geometry":{"type":"Point","coordinates":[34.80225,32.11167]},"properties":{"n":"ספריית מדעי החברה","c":"library","s":"osm"}},{"type":"Feature","id":"osm-way-48118256","geometry":{"type":"Point","coordinates":[34.80422,32.11481]},"properties":{"n":"ספריית וינר","c":"library","s":"osm"}},{"type":"Feature","id":"osm-way-48163192","geometry":{"type":"Point","coordinates":[34.80283,32.11646]},"properties":{"n":"מרכז הספורט עלית","c":"sport","s":"osm"}},{"type":"Feature","id":"osm-way-48231694","geometry":{"type":"Point","coordinates":[34.80535,32.11921]},"properties":{"n":"יד אבנר פתוח לקהל","c":"parking","s":"osm","a":"קוממיות 26"}},{"type":"Feature","id":"osm-way-491906171","geometry":{"type":"Point","coordinates":[34.77079,32.08944]},"properties":{"n":"The Vista at Hilton Tel Aviv","c":"hotel","s":"osm","a":"HaYarkon St 205A","w":"https://www.hilton.com/en/hotels/tlvvihi-the-vista-at-hilton-tel-aviv/?WT.mc_id=zVSEC0IL1HI2NaturalSearch3GoogleMyBusiness4luau-vista_May5luau6TLVVIHI7EN8i1"}},{"type":"Feature","id":"osm-way-503577270","geometry":{"type":"Point","coordinates":[34.80457,32.08869]},"properties":{"n":"מרכז קהילתי חרוזים","c":"community","s":"osm","a":"ביאליק 134"}},{"type":"Feature","id":"osm-way-507677287","geometry":{"type":"Point","coordinates":[34.8194,32.09554]},"properties":{"n":"בית אהרון כהנא","c":"culture","s":"osm","w":"https://www.ramat-gan.muni.il/going_out/museums/aharon_kahana/"}},{"type":"Feature","id":"osm-way-508942392","geometry":{"type":"Point","coordinates":[34.81244,32.08664]},"properties":{"n":"תפארת בחורים","c":"worship","s":"osm"}},{"type":"Feature","id":"osm-way-508942605","geometry":{"type":"Point","coordinates":[34.81383,32.08627]},"properties":{"n":"גן המלך דוד","c":"park","s":"osm"}},{"type":"Feature","id":"osm-way-529125859","geometry":{"type":"Point","coordinates":[34.7788,32.10005]},"properties":{"n":"חניון דניאל","c":"parking","s":"osm"}},{"type":"Feature","id":"osm-way-539686465","geometry":{"type":"Point","coordinates":[34.82813,32.13418]},"properties":{"n":"הכפר הירוק","c":"school","s":"osm"}},{"type":"Feature","id":"osm-way-54049337","geometry":{"type":"Point","coordinates":[34.81135,32.10446]},"properties":{"n":"חניון גני יהושע","c":"parking","s":"osm"}},{"type":"Feature","id":"osm-way-567468996","geometry":{"type":"Point","coordinates":[34.79906,32.11978]},"properties":{"n":"גן יוסף פוליטי","c":"park","s":"osm"}},{"type":"Feature","id":"osm-way-626336028","geometry":{"type":"Point","coordinates":[34.7828,32.08666]},"properties":{"n":"חניון מגדל המאה","c":"parking","s":"osm"}},{"type":"Feature","id":"osm-way-669480783","geometry":{"type":"Point","coordinates":[34.817,32.09694]},"properties":{"n":"בית החייל","c":"hotel","s":"osm","a":"רוקח 121א","w":"https://www.ufis.org.il/soldier_house/בית-קלימיאן/"}},{"type":"Feature","id":"osm-way-669929404","geometry":{"type":"Point","coordinates":[34.81636,32.09612]},"properties":{"n":"תיכון אוהל שם","c":"school","s":"osm"}},{"type":"Feature","id":"osm-way-669929407","geometry":{"type":"Point","coordinates":[34.81753,32.0971]},"properties":{"n":"בריכה טיפולית","c":"sport","s":"osm"}},{"type":"Feature","id":"osm-way-669934868","geometry":{"type":"Point","coordinates":[34.81059,32.09557]},"properties":{"n":"מועדון המרגנית","c":"sport","s":"osm","a":"רוקח 85","w":"https://www.hamarganitclub.co.il/"}},{"type":"Feature","id":"osm-way-675318172","geometry":{"type":"Point","coordinates":[34.8216,32.09297]},"properties":{"n":"חורשת מבוא הפודים","c":"park","s":"osm"}},{"type":"Feature","id":"osm-way-676803777","geometry":{"type":"Point","coordinates":[34.80676,32.10961]},"properties":{"n":"חניון וולפסון מזרח","c":"parking","s":"osm"}},{"type":"Feature","id":"osm-way-691455578","geometry":{"type":"Point","coordinates":[34.78786,32.10031]},"properties":{"n":"G כוכב הצפון","c":"shopping","s":"osm","a":"מאיר יערי"}},{"type":"Feature","id":"osm-way-727986714","geometry":{"type":"Point","coordinates":[34.78474,32.09526]},"properties":{"n":"צהרוני \"ניצני יובל\"","c":"kindergarten","s":"osm","a":"בני דן 6"}},{"type":"Feature","id":"osm-way-755640677","geometry":{"type":"Point","coordinates":[34.80389,32.10908]},"properties":{"n":"חניון סמולרש","c":"parking","s":"osm"}},{"type":"Feature","id":"osm-way-762251565","geometry":{"type":"Point","coordinates":[34.80561,32.119]},"properties":{"n":"גינת כלבים","c":"dog_park","s":"osm"}},{"type":"Feature","id":"osm-way-762251571","geometry":{"type":"Point","coordinates":[34.80572,32.1192]},"properties":{"n":"כניסה לגינת הכלבים","c":"dog_park","s":"osm"}},{"type":"Feature","id":"osm-way-762267409","geometry":{"type":"Point","coordinates":[34.80597,32.11856]},"properties":{"n":"שולחן פינג-פונג","c":"sport","s":"osm"}},{"type":"Feature","id":"osm-way-81652298","geometry":{"type":"Point","coordinates":[34.79758,32.10331]},"properties":{"n":"מוזיאון אלכסנדר לתולדות הדואר והבולאות","c":"culture","s":"osm"}},{"type":"Feature","id":"osm-way-81652303","geometry":{"type":"Point","coordinates":[34.79599,32.1021]},"properties":{"n":"מוזיאון ארץ ישראל","c":"culture","s":"osm","w":"https://www.eretzmuseum.org.il/"}},{"type":"Feature","id":"osm-way-81824306","geometry":{"type":"Point","coordinates":[34.79415,32.10187]},"properties":{"n":"גינת משל יותם","c":"park","s":"osm"}},{"type":"Feature","id":"osm-way-81848361","geometry":{"type":"Point","coordinates":[34.79715,32.10132]},"properties":{"n":"טניס תל אביב","c":"sport","s":"osm"}},{"type":"Feature","id":"osm-way-81848379","geometry":{"type":"Point","coordinates":[34.79422,32.10142]},"properties":{"n":"בית הבד","c":"culture","s":"osm"}},{"type":"Feature","id":"osm-way-81848412","geometry":{"type":"Point","coordinates":[34.79527,32.10195]},"properties":{"n":"תל קסילה","c":"culture","s":"osm"}},{"type":"Feature","id":"osm-way-824326780","geometry":{"type":"Point","coordinates":[34.82377,32.10482]},"properties":{"n":"ולודרום","c":"sport","s":"osm"}},{"type":"Feature","id":"osm-way-824326781","geometry":{"type":"Point","coordinates":[34.82458,32.10598]},"properties":{"n":"ולודרום","c":"sport","s":"osm"}},{"type":"Feature","id":"osm-way-82648976","geometry":{"type":"Point","coordinates":[34.80595,32.12568]},"properties":{"n":"גן יהודה ליש","c":"park","s":"osm"}},{"type":"Feature","id":"osm-way-863800185","geometry":{"type":"Point","coordinates":[34.81525,32.09019]},"properties":{"n":"אושא מד","c":"school","s":"osm"}},{"type":"Feature","id":"osm-way-868228198","geometry":{"type":"Point","coordinates":[34.78551,32.08508]},"properties":{"n":"ארלוזורוב 97 - הקאנטרי הקהילתי במרכז","c":"sport","s":"osm","a":"ארלוזורוב 97","w":"https://arlozorov97.tel-aviv.gov.il"}},{"type":"Feature","id":"osm-way-885917839","geometry":{"type":"Point","coordinates":[34.79618,32.08663]},"properties":{"n":"חניון צמרות","c":"parking","s":"osm"}},{"type":"Feature","id":"osm-way-888844043","geometry":{"type":"Point","coordinates":[34.80896,32.10194]},"properties":{"n":"Sky Town Tel Aviv","c":"sport","s":"osm","w":"https://www.skytown.co.il/"}},{"type":"Feature","id":"osm-way-90167443","geometry":{"type":"Point","coordinates":[34.80788,32.11376]},"properties":{"n":"מוזיאון אוספי הטבע","c":"culture","s":"osm","a":"קלאוזנר 12"}},{"type":"Feature","id":"osm-way-90173102","geometry":{"type":"Point","coordinates":[34.80001,32.12614]},"properties":{"n":"גן אלפרד ביר","c":"park","s":"osm"}},{"type":"Feature","id":"osm-way-90926064","geometry":{"type":"Point","coordinates":[34.77366,32.0924]},"properties":{"n":"מלון גראנד ביץ'","c":"hotel","s":"osm"}},{"type":"Feature","id":"osm-way-91599859","geometry":{"type":"Point","coordinates":[34.7875,32.08486]},"properties":{"n":"גן גרמניס","c":"park","s":"osm"}},{"type":"Feature","id":"osm-way-91609712","geometry":{"type":"Point","coordinates":[34.82417,32.1054]},"properties":{"n":"ולודרום","c":"sport","s":"osm"}},{"type":"Feature","id":"osm-way-91609721","geometry":{"type":"Point","coordinates":[34.82223,32.10486]},"properties":{"n":"אצטדיון האתלטיקה הדר יוסף","c":"sport","s":"osm"}},{"type":"Feature","id":"osm-way-91610412","geometry":{"type":"Point","coordinates":[34.78023,32.09714]},"properties":{"n":"האקדמיה לטניס","c":"sport","s":"osm","w":"https://itp-tennis.com/"}},{"type":"Feature","id":"osm-way-91610421","geometry":{"type":"Point","coordinates":[34.79067,32.09778]},"properties":{"n":"אייקליימב תל-אביב","c":"sport","s":"osm"}},{"type":"Feature","id":"osm-way-91873004","geometry":{"type":"Point","coordinates":[34.81123,32.1013]},"properties":{"n":"הגן הטרופי","c":"park","s":"osm","w":"https://park.co.il/domain/הגן-הטרופי/"}},{"type":"Feature","id":"osm-way-91873006","geometry":{"type":"Point","coordinates":[34.82014,32.10149]},"properties":{"n":"מימדיון","c":"park","s":"osm","w":"https://www.meymadion.co.il"}},{"type":"Feature","id":"osm-way-920029406","geometry":{"type":"Point","coordinates":[34.80911,32.08628]},"properties":{"n":"Nili Garden","c":"park","s":"osm"}},{"type":"Feature","id":"osm-way-94704930","geometry":{"type":"Point","coordinates":[34.82015,32.12122]},"properties":{"n":"גן ריזפלד","c":"park","s":"osm"}},{"type":"Feature","id":"osm-way-94848175","geometry":{"type":"Point","coordinates":[34.81907,32.12451]},"properties":{"n":"גן אהרון","c":"park","s":"osm"}},{"type":"Feature","id":"osm-way-94895404","geometry":{"type":"Point","coordinates":[34.82095,32.12272]},"properties":{"n":"גן רועי רוטשילד","c":"kindergarten","s":"osm"}},{"type":"Feature","id":"osm-way-94898181","geometry":{"type":"Point","coordinates":[34.81565,32.12177]},"properties":{"n":"פנימיית תל-ברוך","c":"school","s":"osm"}},{"type":"Feature","id":"osm-way-95198548","geometry":{"type":"Point","coordinates":[34.81205,32.10482]},"properties":{"n":"Yellow","c":"supermarket","s":"osm"}},{"type":"Feature","id":"osm-way-95198551","geometry":{"type":"Point","coordinates":[34.81135,32.10516]},"properties":{"n":"Yellow","c":"supermarket","s":"osm"}},{"type":"Feature","id":"osm-way-966017905","geometry":{"type":"Point","coordinates":[34.81491,32.08922]},"properties":{"n":"גן מעלה השואבה","c":"park","s":"osm"}},{"type":"Feature","id":"osm-way-966017907","geometry":{"type":"Point","coordinates":[34.81534,32.08903]},"properties":{"n":"גינת ז'בוטינסקי 101","c":"park","s":"osm"}},{"type":"Feature","id":"osm-way-966018443","geometry":{"type":"Point","coordinates":[34.81803,32.09288]},"properties":{"n":"גן התותחן","c":"park","s":"osm"}},{"type":"Feature","id":"osm-way-97197442","geometry":{"type":"Point","coordinates":[34.80079,32.11566]},"properties":{"n":"מרכז יום לקשיש","c":"community","s":"osm"}},{"type":"Feature","id":"osm-way-97197450","geometry":{"type":"Point","coordinates":[34.80092,32.11901]},"properties":{"n":"כללית - מרפאת גייגר","c":"health","s":"osm"}},{"type":"Feature","id":"osm-way-97202548","geometry":{"type":"Point","coordinates":[34.79457,32.11423]},"properties":{"n":"פארק גלסברג","c":"park","s":"osm"}},{"type":"Feature","id":"osm-way-97730633","geometry":{"type":"Point","coordinates":[34.79677,32.13534]},"properties":{"n":"לוינסקי פתוח לקהל","c":"parking","s":"osm"}},{"type":"Feature","id":"osm-way-98095059","geometry":{"type":"Point","coordinates":[34.79665,32.10734]},"properties":{"n":"מרכז ספורט עירוני אביב - אליאנס","c":"sport","s":"osm"}},{"type":"Feature","id":"osm-way-98096935","geometry":{"type":"Point","coordinates":[34.79743,32.1101]},"properties":{"n":"גינת גולדה","c":"park","s":"osm"}},{"type":"Feature","id":"osm-way-98256757","geometry":{"type":"Point","coordinates":[34.807,32.11769]},"properties":{"n":"חניון מרשם","c":"parking","s":"osm","a":"קלצ'קין 25","w":"https://www.ahuzot.co.il/"}},{"type":"Feature","id":"osm-way-98259523","geometry":{"type":"Point","coordinates":[34.80875,32.11424]},"properties":{"n":"הגנים הבוטניים","c":"park","s":"osm"}},{"type":"Feature","id":"osm-way-98284690","geometry":{"type":"Point","coordinates":[34.79532,32.10081]},"properties":{"n":"טחנת קמח","c":"culture","s":"osm"}},{"type":"Feature","id":"osm-way-98284692","geometry":{"type":"Point","coordinates":[34.79659,32.10251]},"properties":{"n":"תיאטרון פתוח","c":"culture","s":"osm"}},{"type":"Feature","id":"osm-way-98426422","geometry":{"type":"Point","coordinates":[34.80486,32.10811]},"properties":{"n":"חניון עבודה סוציאלית והנדסה","c":"parking","s":"osm"}},{"type":"Feature","id":"osm-way-98573563","geometry":{"type":"Point","coordinates":[34.78877,32.09612]},"properties":{"n":"בני עקיבא","c":"community","s":"osm"}},{"type":"Feature","id":"osm-way-98602599","geometry":{"type":"Point","coordinates":[34.79697,32.10027]},"properties":{"n":"חניון הגולפיטק","c":"parking","s":"osm"}},{"type":"Feature","id":"osm-way-98693387","geometry":{"type":"Point","coordinates":[34.80789,32.09168]},"properties":{"n":"גבעת נפוליאון (תל גריסה)","c":"culture","s":"osm"}},{"type":"Feature","id":"osm-way-98779832","geometry":{"type":"Point","coordinates":[34.81544,32.10505]},"properties":{"n":"גן הוורדים","c":"park","s":"osm"}},{"type":"Feature","id":"osm-way-98783162","geometry":{"type":"Point","coordinates":[34.81069,32.10242]},"properties":{"n":"גן הדקלים","c":"park","s":"osm"}},{"type":"Feature","id":"osm-way-98880824","geometry":{"type":"Point","coordinates":[34.80394,32.11179]},"properties":{"n":"ספריית משפטים","c":"library","s":"osm"}},{"type":"Feature","id":"osm-way-98989833","geometry":{"type":"Point","coordinates":[34.8027,32.11508]},"properties":{"n":"אולם ספורט עלית","c":"sport","s":"osm"}},{"type":"Feature","id":"osm-way-98989834","geometry":{"type":"Point","coordinates":[34.80373,32.11591]},"properties":{"n":"גן זיכרון ע\"ש ד\"ר מרווין שלוס","c":"park","s":"osm"}},{"type":"Feature","id":"osm-way-98989837","geometry":{"type":"Point","coordinates":[34.80269,32.11573]},"properties":{"n":"בריכת אוני' ת\"א","c":"sport","s":"osm"}},{"type":"Feature","id":"osm-way-98989838","geometry":{"type":"Point","coordinates":[34.80283,32.11542]},"properties":{"n":"בריכה מקורה - אן ודייוויד וורסו","c":"sport","s":"osm"}},{"type":"Feature","id":"osm-way-99000184","geometry":{"type":"Point","coordinates":[34.80347,32.11368]},"properties":{"n":"Happening","c":"culture","s":"osm"}},{"type":"Feature","id":"osm-way-99243879","geometry":{"type":"Point","coordinates":[34.80698,32.10486]},"properties":{"n":"P3","c":"parking","s":"osm"}},{"type":"Feature","id":"osm-way-99244218","geometry":{"type":"Point","coordinates":[34.81032,32.10487]},"properties":{"n":"P9","c":"parking","s":"osm"}},{"type":"Feature","id":"osm-way-99253898","geometry":{"type":"Point","coordinates":[34.80906,32.1073]},"properties":{"n":"P5","c":"parking","s":"osm"}},{"type":"Feature","id":"osm-way-99253899","geometry":{"type":"Point","coordinates":[34.80709,32.10589]},"properties":{"n":"P4","c":"parking","s":"osm"}},{"type":"Feature","id":"osm-way-99524373","geometry":{"type":"Point","coordinates":[34.82068,32.10035]},"properties":{"n":"קאנטרי","c":"sport","s":"osm","w":"https://www.meymadion.co.il/?categoryId=120350&itemId=268092"}},{"type":"Feature","id":"osm-way-99524380","geometry":{"type":"Point","coordinates":[34.81998,32.10159]},"properties":{"n":"בריכת פעוטות","c":"sport","s":"osm","w":"https://www.meymadion.co.il/?categoryId=120350&itemId=268091"}},{"type":"Feature","id":"osm-way-99524397","geometry":{"type":"Point","coordinates":[34.81978,32.1012]},"properties":{"n":"מונסון","c":"sport","s":"osm","w":"https://www.meymadion.co.il/?categoryId=120350&itemId=268090"}},{"type":"Feature","id":"osm-way-99524409","geometry":{"type":"Point","coordinates":[34.82007,32.10202]},"properties":{"n":"בריכת ההרפתקאות","c":"sport","s":"osm","w":"https://www.meymadion.co.il/?categoryId=120350&itemId=268086"}},{"type":"Feature","id":"osm-way-99524431","geometry":{"type":"Point","coordinates":[34.82034,32.10025]},"properties":{"n":"עולם הילד","c":"sport","s":"osm","w":"https://www.meymadion.co.il/?categoryId=120350&itemId=268096"}},{"type":"Feature","id":"osm-way-99655265","geometry":{"type":"Point","coordinates":[34.81421,32.10447]},"properties":{"n":"גן הפסלים","c":"culture","s":"osm"}},{"type":"Feature","id":"osm-way-99661603","geometry":{"type":"Point","coordinates":[34.78938,32.1057]},"properties":{"n":"למד הירוקה","c":"park","s":"osm"}},{"type":"Feature","id":"osm-way-99661610","geometry":{"type":"Point","coordinates":[34.7912,32.11118]},"properties":{"n":"בית הכנסת וואהל","c":"worship","s":"osm"}},{"type":"Feature","id":"osm-way-99661617","geometry":{"type":"Point","coordinates":[34.79173,32.1041]},"properties":{"n":"מרכז קניות - בראלי","c":"shopping","s":"osm"}},{"type":"Feature","id":"osm-way-99661618","geometry":{"type":"Point","coordinates":[34.79004,32.10802]},"properties":{"n":"בית-ספר ארן","c":"school","s":"osm"}},{"type":"Feature","id":"osm-way-99661624","geometry":{"type":"Point","coordinates":[34.78955,32.10704]},"properties":{"n":"גן ז'ילבר","c":"park","s":"osm"}},{"type":"Feature","id":"osm-way-99693833","geometry":{"type":"Point","coordinates":[34.81444,32.11753]},"properties":{"n":"בית-כנסת תל ברוך","c":"worship","s":"osm"}},{"type":"Feature","id":"osm-way-999839419","geometry":{"type":"Point","coordinates":[34.78712,32.11875]},"properties":{"n":"גן מארק שאגאל","c":"park","s":"osm"}},{"type":"Feature","id":"site-ent_0340b5bf268f60268b01dc70","geometry":{"type":"Point","coordinates":[34.79809,32.10948]},"properties":{"n":"אתר הבנייה בברודצקי 29","c":"construction","s":"tlv","e":"ent_0340b5bf268f60268b01dc70","a":"תחילת עבודות"}},{"type":"Feature","id":"site-ent_04e0664c61d422fe9cc159e0","geometry":{"type":"Point","coordinates":[34.79959,32.09812]},"properties":{"n":"אתר הבנייה בהכנסת הגדולה 13","c":"construction","s":"tlv","e":"ent_04e0664c61d422fe9cc159e0","a":"תחילת עבודות"}},{"type":"Feature","id":"site-ent_0aa5fa64c405b3f21c7ca45b","geometry":{"type":"Point","coordinates":[34.79116,32.11032]},"properties":{"n":"אתר הבנייה בדרך נמיר מרדכי 197","c":"construction","s":"tlv","e":"ent_0aa5fa64c405b3f21c7ca45b","a":"תחילת עבודות"}},{"type":"Feature","id":"site-ent_0d68bc72556ad97b4ee6605a","geometry":{"type":"Point","coordinates":[34.79875,32.1057]},"properties":{"n":"אתר הבנייה בגרונימן 24","c":"construction","s":"tlv","e":"ent_0d68bc72556ad97b4ee6605a","a":"גמר יסודות"}},{"type":"Feature","id":"site-ent_0da93a65920673ee80a57537","geometry":{"type":"Point","coordinates":[34.7859,32.09526]},"properties":{"n":"אתר הבנייה בבני דן 16","c":"construction","s":"tlv","e":"ent_0da93a65920673ee80a57537","a":"פתיחת תיק","f":1}},{"type":"Feature","id":"site-ent_0eb816bb14453c996c66acd4","geometry":{"type":"Point","coordinates":[34.78922,32.10869]},"properties":{"n":"אתר הבנייה באשכול לוי 50","c":"construction","s":"tlv","e":"ent_0eb816bb14453c996c66acd4","a":"תחילת עבודות"}},{"type":"Feature","id":"site-ent_122e5759a41f547b3d3a93d4","geometry":{"type":"Point","coordinates":[34.79098,32.11789]},"properties":{"n":"אתר הבנייה באשכול לוי 96","c":"construction","s":"tlv","e":"ent_122e5759a41f547b3d3a93d4","a":"פתיחת תיק","p":"project/levi-eshkol-96-construction-site/","f":1}},{"type":"Feature","id":"site-ent_136903075ffca618c7173f50","geometry":{"type":"Point","coordinates":[34.78442,32.1037]},"properties":{"n":"אתר בנייה בשדה דב, היתר 20240293 ,20261155","c":"construction","s":"tlv","e":"ent_136903075ffca618c7173f50","a":"פתיחת תיק","p":"project/sde-dov-construction-permit-20240293-20261155/","f":1}},{"type":"Feature","id":"site-ent_146d1258107754fe32698b17","geometry":{"type":"Point","coordinates":[34.79012,32.09434]},"properties":{"n":"אתר הבנייה בויצמן 125","c":"construction","s":"tlv","e":"ent_146d1258107754fe32698b17","a":"תחילת עבודות"}},{"type":"Feature","id":"site-ent_1927e48f0794e694c3487dbf","geometry":{"type":"Point","coordinates":[34.78301,32.10149]},"properties":{"n":"אתר הבנייה בקובנר אבא 5","c":"construction","s":"tlv","e":"ent_1927e48f0794e694c3487dbf","a":"גמר יסודות"}},{"type":"Feature","id":"site-ent_192f3c086f86d1e864264133","geometry":{"type":"Point","coordinates":[34.78835,32.10358]},"properties":{"n":"אתר הבנייה בלוי אשכול 21","c":"construction","s":"tlv","e":"ent_192f3c086f86d1e864264133","a":"תחילת עבודות","p":"project/levi-eshkol-21-construction-site/"}},{"type":"Feature","id":"site-ent_1ab7b657cb4dfade9809e9f8","geometry":{"type":"Point","coordinates":[34.80022,32.10805]},"properties":{"n":"אתר הבנייה בפטאי יוסף 9","c":"construction","s":"tlv","e":"ent_1ab7b657cb4dfade9809e9f8","a":"פתיחת תיק","f":1}},{"type":"Feature","id":"site-ent_1c02050965a4dc7a2cac818d","geometry":{"type":"Point","coordinates":[34.79368,32.10769]},"properties":{"n":"אתר הבנייה ברדינג 31","c":"construction","s":"tlv","e":"ent_1c02050965a4dc7a2cac818d","a":"תחילת עבודות"}},{"type":"Feature","id":"site-ent_201398730bdeb9060e14a275","geometry":{"type":"Point","coordinates":[34.77637,32.09702]},"properties":{"n":"אתר הבנייה באוסישקין 4","c":"construction","s":"tlv","e":"ent_201398730bdeb9060e14a275","a":"עבודות עפר וביסוס"}},{"type":"Feature","id":"site-ent_20767a371064973f52a23355","geometry":{"type":"Point","coordinates":[34.79954,32.10933]},"properties":{"n":"אתר הבנייה בכפר יונה 9","c":"construction","s":"tlv","e":"ent_20767a371064973f52a23355","a":"עבודות עפר וביסוס"}},{"type":"Feature","id":"site-ent_20dc4843534b87565b74b630","geometry":{"type":"Point","coordinates":[34.78294,32.09424]},"properties":{"n":"אתר הבנייה ביוחנן הורקנוס 31","c":"construction","s":"tlv","e":"ent_20dc4843534b87565b74b630","a":"עבודות עפר וביסוס"}},{"type":"Feature","id":"site-ent_22ff4550517377a7fdb1a85e","geometry":{"type":"Point","coordinates":[34.79129,32.09431]},"properties":{"n":"אתר הבנייה בעמיאל 8","c":"construction","s":"tlv","e":"ent_22ff4550517377a7fdb1a85e","a":"תחילת עבודות"}},{"type":"Feature","id":"site-ent_23c6f58d66accd4dc075608b","geometry":{"type":"Point","coordinates":[34.79618,32.1272]},"properties":{"n":"אתר הבנייה בברזאני משה 7","c":"construction","s":"tlv","e":"ent_23c6f58d66accd4dc075608b","a":"תחילת עבודות"}},{"type":"Feature","id":"site-ent_27ab384c63dbcb4b1e1857d2","geometry":{"type":"Point","coordinates":[34.79528,32.09406]},"properties":{"n":"אתר הבנייה בהזוהר 21","c":"construction","s":"tlv","e":"ent_27ab384c63dbcb4b1e1857d2","a":"תחילת עבודות"}},{"type":"Feature","id":"site-ent_27f4dd2b2d66e4ac59c379a0","geometry":{"type":"Point","coordinates":[34.79997,32.1085]},"properties":{"n":"אתר הבנייה בטורטשינר 2","c":"construction","s":"tlv","e":"ent_27f4dd2b2d66e4ac59c379a0","a":"תחילת עבודות"}},{"type":"Feature","id":"site-ent_285fe2a0a056ae86bcd68047","geometry":{"type":"Point","coordinates":[34.79243,32.09481]},"properties":{"n":"אתר הבנייה בועידת קטוביץ 40","c":"construction","s":"tlv","e":"ent_285fe2a0a056ae86bcd68047","a":"פתיחת תיק","f":1}},{"type":"Feature","id":"site-ent_2ae48de2b2d1c5e45cc70067","geometry":{"type":"Point","coordinates":[34.79912,32.12242]},"properties":{"n":"אתר הבנייה בשדרות קרן קיימת לישראל 19","c":"construction","s":"tlv","e":"ent_2ae48de2b2d1c5e45cc70067","a":"תחילת עבודות"}},{"type":"Feature","id":"site-ent_2e6d9eaf422f49ce708197a8","geometry":{"type":"Point","coordinates":[34.78998,32.10457]},"properties":{"n":"אתר הבנייה באפטר יעקב 8","c":"construction","s":"tlv","e":"ent_2e6d9eaf422f49ce708197a8","a":"פתיחת תיק","f":1}},{"type":"Feature","id":"site-ent_2efb7024cb21ca1c42a25825","geometry":{"type":"Point","coordinates":[34.79817,32.10458]},"properties":{"n":"אתר הבנייה בלבנון חיים 17","c":"construction","s":"tlv","e":"ent_2efb7024cb21ca1c42a25825","a":"תחילת עבודות"}},{"type":"Feature","id":"site-ent_30429ae0c5057f494055bce4","geometry":{"type":"Point","coordinates":[34.78622,32.09426]},"properties":{"n":"אתר הבנייה במתתיהו כהן גדול 7","c":"construction","s":"tlv","e":"ent_30429ae0c5057f494055bce4","a":"תחילת עבודות"}},{"type":"Feature","id":"site-ent_339abe0a04499064143aa483","geometry":{"type":"Point","coordinates":[34.78621,32.09415]},"properties":{"n":"אתר הבנייה במתתיהו כהן גדול 5","c":"construction","s":"tlv","e":"ent_339abe0a04499064143aa483","a":"עבודות עפר וביסוס"}},{"type":"Feature","id":"site-ent_3582d09a3ef5b2a1af588ec1","geometry":{"type":"Point","coordinates":[34.79853,32.12314]},"properties":{"n":"אתר הבנייה בבית צורי אליהו 3","c":"construction","s":"tlv","e":"ent_3582d09a3ef5b2a1af588ec1","a":"תחילת עבודות"}},{"type":"Feature","id":"site-ent_398d42def1762d17355f5a1b","geometry":{"type":"Point","coordinates":[34.80034,32.12102]},"properties":{"n":"אתר הבנייה באופנהיימר 15 / א","c":"construction","s":"tlv","e":"ent_398d42def1762d17355f5a1b","a":"גמר שלד","p":"project/oppenheimer-construction-site/"}},{"type":"Feature","id":"site-ent_39f5ec82cd8b61945c9b5781","geometry":{"type":"Point","coordinates":[34.78452,32.10598]},"properties":{"n":"אתר בנייה בשדה דב, היתר 20250566","c":"construction","s":"tlv","e":"ent_39f5ec82cd8b61945c9b5781","a":"עבודות עפר וביסוס","p":"project/sde-dov-construction-permit-20250566/"}},{"type":"Feature","id":"site-ent_3c64c5f4c2dd5cec11a808a0","geometry":{"type":"Point","coordinates":[34.79464,32.12814]},"properties":{"n":"אתר הבנייה בגרינברג אורי צבי 10","c":"construction","s":"tlv","e":"ent_3c64c5f4c2dd5cec11a808a0","a":"תחילת עבודות"}},{"type":"Feature","id":"site-ent_3e5b6ce783a23080befb3a11","geometry":{"type":"Point","coordinates":[34.78586,32.11241]},"properties":{"n":"אתר הבנייה באינשטיין 1 / ג","c":"construction","s":"tlv","e":"ent_3e5b6ce783a23080befb3a11","a":"תחילת עבודות"}},{"type":"Feature","id":"site-ent_3f138b21b5355a5c88d0323b","geometry":{"type":"Point","coordinates":[34.79483,32.10425]},"properties":{"n":"אתר הבנייה ברדינג 8","c":"construction","s":"tlv","e":"ent_3f138b21b5355a5c88d0323b","a":"תחילת עבודות"}},{"type":"Feature","id":"site-ent_3f1478d2ef84d7ad995b5326","geometry":{"type":"Point","coordinates":[34.78456,32.09466]},"properties":{"n":"אתר הבנייה בשלומציון המלכה 2","c":"construction","s":"tlv","e":"ent_3f1478d2ef84d7ad995b5326","a":"תחילת עבודות"}},{"type":"Feature","id":"site-ent_433248d7eda29a0d1c903e1d","geometry":{"type":"Point","coordinates":[34.78979,32.09429]},"properties":{"n":"אתר הבנייה בפינלס 10","c":"construction","s":"tlv","e":"ent_433248d7eda29a0d1c903e1d","a":"פתיחת תיק","f":1}},{"type":"Feature","id":"site-ent_49b0dae2c13b8b572657ea09","geometry":{"type":"Point","coordinates":[34.78674,32.10911]},"properties":{"n":"אתר הבנייה בשטרן אייזק 20 (רחוב עמיחי יהודה 4","c":"construction","s":"tlv","e":"ent_49b0dae2c13b8b572657ea09","a":"תחילת עבודות"}},{"type":"Feature","id":"site-ent_4b74538441fb5c3472d507da","geometry":{"type":"Point","coordinates":[34.7975,32.11886]},"properties":{"n":"אתר הבנייה בלויטן יצחק 5","c":"construction","s":"tlv","e":"ent_4b74538441fb5c3472d507da","a":"תחילת עבודות"}},{"type":"Feature","id":"site-ent_507082193f86266fd7f5c42f","geometry":{"type":"Point","coordinates":[34.79915,32.10522]},"properties":{"n":"אתר הבנייה בלבנון חיים 21 / ב","c":"construction","s":"tlv","e":"ent_507082193f86266fd7f5c42f","a":"תחילת עבודות"}},{"type":"Feature","id":"site-ent_561e42663e0b23eb29da9651","geometry":{"type":"Point","coordinates":[34.7827,32.09463]},"properties":{"n":"אתר הבנייה בשמעון התרסי 34","c":"construction","s":"tlv","e":"ent_561e42663e0b23eb29da9651","a":"תחילת עבודות"}},{"type":"Feature","id":"site-ent_56d0c33f7ffc46a68c0ce93f","geometry":{"type":"Point","coordinates":[34.78854,32.11265]},"properties":{"n":"אתר הבנייה באינשטיין 15","c":"construction","s":"tlv","e":"ent_56d0c33f7ffc46a68c0ce93f","a":"עבודות עפר וביסוס"}},{"type":"Feature","id":"site-ent_5a220b99ea2c59e4e7abf279","geometry":{"type":"Point","coordinates":[34.78923,32.095]},"properties":{"n":"אתר הבנייה בשלומציון המלכה 40","c":"construction","s":"tlv","e":"ent_5a220b99ea2c59e4e7abf279","a":"פתיחת תיק","f":1}},{"type":"Feature","id":"site-ent_5ae643bcc7eda53c0dd41784","geometry":{"type":"Point","coordinates":[34.79576,32.10504]},"properties":{"n":"אתר הבנייה בברודצקי 8","c":"construction","s":"tlv","e":"ent_5ae643bcc7eda53c0dd41784","a":"תחילת עבודות"}},{"type":"Feature","id":"site-ent_5b52c63c88097bb7288f9cc4","geometry":{"type":"Point","coordinates":[34.7934,32.09597]},"properties":{"n":"אתר הבנייה בצירלסון 32","c":"construction","s":"tlv","e":"ent_5b52c63c88097bb7288f9cc4","a":"תחילת עבודות"}},{"type":"Feature","id":"site-ent_5ba14d6bef3b057655013675","geometry":{"type":"Point","coordinates":[34.77607,32.09525]},"properties":{"n":"אתר הבנייה בדיזנגוף 273","c":"construction","s":"tlv","e":"ent_5ba14d6bef3b057655013675","a":"גמר יסודות"}},{"type":"Feature","id":"site-ent_60c9b6f348410fc5d8a7c357","geometry":{"type":"Point","coordinates":[34.78932,32.1176]},"properties":{"n":"אתר הבנייה בשאגאל מארק 11","c":"construction","s":"tlv","e":"ent_60c9b6f348410fc5d8a7c357","a":"עבודות עפר וביסוס"}},{"type":"Feature","id":"site-ent_64c3bb991f776b4e6ff40b3a","geometry":{"type":"Point","coordinates":[34.79254,32.11626]},"properties":{"n":"אתר הבנייה בתמיר שמואל 17","c":"construction","s":"tlv","e":"ent_64c3bb991f776b4e6ff40b3a","a":"תחילת עבודות"}},{"type":"Feature","id":"site-ent_6b760cb7f8a1b3262851fb41","geometry":{"type":"Point","coordinates":[34.79059,32.11121]},"properties":{"n":"אתר הבנייה בבורלא יהודה 39","c":"construction","s":"tlv","e":"ent_6b760cb7f8a1b3262851fb41","a":"תחילת עבודות"}},{"type":"Feature","id":"site-ent_6d1eb3dfbf2df8b1ac6a71fe","geometry":{"type":"Point","coordinates":[34.77585,32.09616]},"properties":{"n":"אתר הבנייה בכג יורדי הסירה 23 (רחוב דיזנגוף 281)","c":"construction","s":"tlv","e":"ent_6d1eb3dfbf2df8b1ac6a71fe","a":"תחילת עבודות"}},{"type":"Feature","id":"site-ent_6d587f84349559ee5b6cf08a","geometry":{"type":"Point","coordinates":[34.77717,32.09445]},"properties":{"n":"אתר הבנייה ביחזקאל 44","c":"construction","s":"tlv","e":"ent_6d587f84349559ee5b6cf08a","a":"גמר יסודות"}},{"type":"Feature","id":"site-ent_6d7b786030799ba1ce9ba901","geometry":{"type":"Point","coordinates":[34.79592,32.11744]},"properties":{"n":"אתר הבנייה בהתנאים 20","c":"construction","s":"tlv","e":"ent_6d7b786030799ba1ce9ba901","a":"עבודות עפר וביסוס"}},{"type":"Feature","id":"site-ent_6fec2e2482b73fa699c75496","geometry":{"type":"Point","coordinates":[34.79365,32.1055]},"properties":{"n":"אתר הבנייה בקרני יהודה 6","c":"construction","s":"tlv","e":"ent_6fec2e2482b73fa699c75496","a":"תחילת עבודות"}},{"type":"Feature","id":"site-ent_7052ac353abb3e07bb78ccd2","geometry":{"type":"Point","coordinates":[34.79017,32.09416]},"properties":{"n":"אתר הבנייה בויצמן 123","c":"construction","s":"tlv","e":"ent_7052ac353abb3e07bb78ccd2","a":"תחילת עבודות"}},{"type":"Feature","id":"site-ent_715e2559413cb904d555df65","geometry":{"type":"Point","coordinates":[34.79698,32.10885]},"properties":{"n":"אתר הבנייה בנח מרדכי עמנואל 7","c":"construction","s":"tlv","e":"ent_715e2559413cb904d555df65","a":"גמר שלד"}},{"type":"Feature","id":"site-ent_736b10b5535cb16813203fb1","geometry":{"type":"Point","coordinates":[34.78569,32.09525]},"properties":{"n":"אתר הבנייה בבני דן 14","c":"construction","s":"tlv","e":"ent_736b10b5535cb16813203fb1","a":"פתיחת תיק","f":1}},{"type":"Feature","id":"site-ent_737bc336532b5fdb1decd32b","geometry":{"type":"Point","coordinates":[34.79039,32.10673]},"properties":{"n":"אתר הבנייה בבורלא יהודה 19","c":"construction","s":"tlv","e":"ent_737bc336532b5fdb1decd32b","a":"תחילת עבודות"}},{"type":"Feature","id":"site-ent_77132ab5368759fc73595d88","geometry":{"type":"Point","coordinates":[34.79696,32.10932]},"properties":{"n":"אתר הבנייה בנח מרדכי עמנואל 3","c":"construction","s":"tlv","e":"ent_77132ab5368759fc73595d88","a":"תחילת עבודות"}},{"type":"Feature","id":"site-ent_7764b1776299a14130a9cd5c","geometry":{"type":"Point","coordinates":[34.79513,32.11604]},"properties":{"n":"אתר הבנייה ביהודה הנשיא 10","c":"construction","s":"tlv","e":"ent_7764b1776299a14130a9cd5c","a":"פתיחת תיק","f":1}},{"type":"Feature","id":"site-ent_781d7e61e61599e8aa70ff2c","geometry":{"type":"Point","coordinates":[34.79733,32.10963]},"properties":{"n":"אתר הבנייה ברדינג 50","c":"construction","s":"tlv","e":"ent_781d7e61e61599e8aa70ff2c","a":"עבודות עפר וביסוס"}},{"type":"Feature","id":"site-ent_79a334d76ff3f13e460e2089","geometry":{"type":"Point","coordinates":[34.78422,32.10167]},"properties":{"n":"אתר הבנייה בקובנר אבא 11","c":"construction","s":"tlv","e":"ent_79a334d76ff3f13e460e2089","a":"פתיחת תיק","f":1}},{"type":"Feature","id":"site-ent_79ab3832cc2043514973e5ea","geometry":{"type":"Point","coordinates":[34.78841,32.09401]},"properties":{"n":"אתר הבנייה בבובליק 1","c":"construction","s":"tlv","e":"ent_79ab3832cc2043514973e5ea","a":"תחילת עבודות"}},{"type":"Feature","id":"site-ent_7a68fc1c6730358ce114532d","geometry":{"type":"Point","coordinates":[34.79832,32.10718]},"properties":{"n":"אתר הבנייה בברודצקי 30","c":"construction","s":"tlv","e":"ent_7a68fc1c6730358ce114532d","a":"תחילת עבודות"}},{"type":"Feature","id":"site-ent_7a91d7c8c3ed12ec7ca06bcc","geometry":{"type":"Point","coordinates":[34.79493,32.10451]},"properties":{"n":"אתר הבנייה ברדינג 10","c":"construction","s":"tlv","e":"ent_7a91d7c8c3ed12ec7ca06bcc","a":"גמר יסודות"}},{"type":"Feature","id":"site-ent_7ed02ef1161afc1dd18dfd7a","geometry":{"type":"Point","coordinates":[34.79948,32.10821]},"properties":{"n":"אתר הבנייה בפטאי יוסף 8","c":"construction","s":"tlv","e":"ent_7ed02ef1161afc1dd18dfd7a","a":"גמר יסודות"}},{"type":"Feature","id":"site-ent_7f31bf9db31eaa8d57f003b1","geometry":{"type":"Point","coordinates":[34.78593,32.09428]},"properties":{"n":"אתר הבנייה ביוחנן הגדי 6","c":"construction","s":"tlv","e":"ent_7f31bf9db31eaa8d57f003b1","a":"פתיחת תיק","f":1}},{"type":"Feature","id":"site-ent_81ab52e879a6b9241570c7c1","geometry":{"type":"Point","coordinates":[34.79216,32.10189]},"properties":{"n":"אתר הבנייה במאוריציו ויטלה 8","c":"construction","s":"tlv","e":"ent_81ab52e879a6b9241570c7c1","a":"פתיחת תיק","p":"project/maurizio-vitale-8-construction-site/","f":1}},{"type":"Feature","id":"site-ent_829f2592c55789821298ebcf","geometry":{"type":"Point","coordinates":[34.79954,32.11137]},"properties":{"n":"אתר הבנייה בצמחי היהודים 13","c":"construction","s":"tlv","e":"ent_829f2592c55789821298ebcf","a":"תחילת עבודות"}},{"type":"Feature","id":"site-ent_830fd99845aa1814086a7a8c","geometry":{"type":"Point","coordinates":[34.78776,32.11836]},"properties":{"n":"אתר הבנייה בשאגאל מארק 3","c":"construction","s":"tlv","e":"ent_830fd99845aa1814086a7a8c","a":"גמר שלד"}},{"type":"Feature","id":"site-ent_8367ddefc88dae79ddb0b5cb","geometry":{"type":"Point","coordinates":[34.79091,32.09514]},"properties":{"n":"אתר הבנייה בעמיאל 21","c":"construction","s":"tlv","e":"ent_8367ddefc88dae79ddb0b5cb","a":"פתיחת תיק","f":1}},{"type":"Feature","id":"site-ent_84317a4a554a03d040563ef1","geometry":{"type":"Point","coordinates":[34.79895,32.0962]},"properties":{"n":"אתר הבנייה בהכנסת הגדולה 2","c":"construction","s":"tlv","e":"ent_84317a4a554a03d040563ef1","a":"עבודות עפר וביסוס"}},{"type":"Feature","id":"site-ent_851f1c2735fc43932888f1d0","geometry":{"type":"Point","coordinates":[34.79344,32.10432]},"properties":{"n":"אתר הבנייה בהררי 10","c":"construction","s":"tlv","e":"ent_851f1c2735fc43932888f1d0","a":"תחילת עבודות"}},{"type":"Feature","id":"site-ent_8529e3dc0e40622426cebb7c","geometry":{"type":"Point","coordinates":[34.7901,32.10669]},"properties":{"n":"אתר הבנייה בבורלא יהודה 17","c":"construction","s":"tlv","e":"ent_8529e3dc0e40622426cebb7c","a":"תחילת עבודות"}},{"type":"Feature","id":"site-ent_860822d4d572f66d58505c1a","geometry":{"type":"Point","coordinates":[34.7988,32.12298]},"properties":{"n":"אתר הבנייה בבית צורי אליהו 5","c":"construction","s":"tlv","e":"ent_860822d4d572f66d58505c1a","a":"תחילת עבודות"}},{"type":"Feature","id":"site-ent_8a22c9732d42ede7bb9bdf34","geometry":{"type":"Point","coordinates":[34.78946,32.09503]},"properties":{"n":"אתר הבנייה בשלומציון המלכה 42","c":"construction","s":"tlv","e":"ent_8a22c9732d42ede7bb9bdf34","a":"פתיחת תיק","f":1}},{"type":"Feature","id":"site-ent_8ed83a906c17aa49aa18fa2d","geometry":{"type":"Point","coordinates":[34.79979,32.11669]},"properties":{"n":"אתר הבנייה בגוטמן נחום 14","c":"construction","s":"tlv","e":"ent_8ed83a906c17aa49aa18fa2d","a":"תחילת עבודות"}},{"type":"Feature","id":"site-ent_8fa51762a4530df3c2e63230","geometry":{"type":"Point","coordinates":[34.79817,32.10458]},"properties":{"n":"אתר הבנייה בלבנון חיים 17","c":"construction","s":"tlv","e":"ent_8fa51762a4530df3c2e63230","a":"תחילת עבודות"}},{"type":"Feature","id":"site-ent_914bbc2d54df2abdf83007a0","geometry":{"type":"Point","coordinates":[34.79408,32.10579]},"properties":{"n":"אתר הבנייה ברדינג 19","c":"construction","s":"tlv","e":"ent_914bbc2d54df2abdf83007a0","a":"תחילת עבודות"}},{"type":"Feature","id":"site-ent_91cae65fc74f1ede91665e67","geometry":{"type":"Point","coordinates":[34.77657,32.0967]},"properties":{"n":"אתר הבנייה באוסישקין 10","c":"construction","s":"tlv","e":"ent_91cae65fc74f1ede91665e67","a":"תחילת עבודות"}},{"type":"Feature","id":"site-ent_93933ed00f017635c58e5c14","geometry":{"type":"Point","coordinates":[34.78984,32.11726]},"properties":{"n":"אתר הבנייה באשכול לוי 67","c":"construction","s":"tlv","e":"ent_93933ed00f017635c58e5c14","a":"תחילת עבודות"}},{"type":"Feature","id":"site-ent_93e46dfeb6d072597a369c66","geometry":{"type":"Point","coordinates":[34.78445,32.1054]},"properties":{"n":"אתר בנייה בשדה דב, היתר 20242731 ,20251744","c":"construction","s":"tlv","e":"ent_93e46dfeb6d072597a369c66","a":"תחילת עבודות","p":"project/sde-dov-construction-permit-20242731-20251744/"}},{"type":"Feature","id":"site-ent_9555a91cf69fc42b0d89118d","geometry":{"type":"Point","coordinates":[34.79334,32.12333]},"properties":{"n":"אתר הבנייה בברלין אליהו 3","c":"construction","s":"tlv","e":"ent_9555a91cf69fc42b0d89118d","a":"פתיחת תיק","f":1}},{"type":"Feature","id":"site-ent_96b96065ad53b4d514f2560c","geometry":{"type":"Point","coordinates":[34.78963,32.09571]},"properties":{"n":"אתר הבנייה בבני דן 48","c":"construction","s":"tlv","e":"ent_96b96065ad53b4d514f2560c","a":"גמר יסודות"}},{"type":"Feature","id":"site-ent_97ae49d5911d5265673ddff3","geometry":{"type":"Point","coordinates":[34.78676,32.11787]},"properties":{"n":"אתר הבנייה בגלבוע אמיר 2","c":"construction","s":"tlv","e":"ent_97ae49d5911d5265673ddff3","a":"עבודות עפר וביסוס"}},{"type":"Feature","id":"site-ent_981e7d723d11b9fa51f0e397","geometry":{"type":"Point","coordinates":[34.78433,32.10255]},"properties":{"n":"אתר הבנייה בעגנון שי 7","c":"construction","s":"tlv","e":"ent_981e7d723d11b9fa51f0e397","a":"תחילת עבודות","p":"project/agnon-7-construction-site/"}},{"type":"Feature","id":"site-ent_99979479b64ea9fe5476c1dd","geometry":{"type":"Point","coordinates":[34.79006,32.10003]},"properties":{"n":"אתר הבנייה בשדרות רוקח ישראל 49","c":"construction","s":"tlv","e":"ent_99979479b64ea9fe5476c1dd","a":"פתיחת תיק","f":1}},{"type":"Feature","id":"site-ent_99b5405532b80baa0ab55611","geometry":{"type":"Point","coordinates":[34.77681,32.09587]},"properties":{"n":"אתר הבנייה בזכריה 20","c":"construction","s":"tlv","e":"ent_99b5405532b80baa0ab55611","a":"תחילת עבודות"}},{"type":"Feature","id":"site-ent_9b7f1a3d7f54b324db27b250","geometry":{"type":"Point","coordinates":[34.7994,32.09548]},"properties":{"n":"אתר הבנייה בהרב טולדנו 10","c":"construction","s":"tlv","e":"ent_9b7f1a3d7f54b324db27b250","a":"גמר שלד"}},{"type":"Feature","id":"site-ent_9b9eb407654f64fe2d910736","geometry":{"type":"Point","coordinates":[34.79054,32.09975]},"properties":{"n":"אתר הבנייה בשדרות רוקח ישראל 51","c":"construction","s":"tlv","e":"ent_9b9eb407654f64fe2d910736","a":"פתיחת תיק","f":1}},{"type":"Feature","id":"site-ent_9ebeff75d76404e9c6645b71","geometry":{"type":"Point","coordinates":[34.79292,32.09615]},"properties":{"n":"אתר הבנייה בבני דן 68","c":"construction","s":"tlv","e":"ent_9ebeff75d76404e9c6645b71","a":"גמר יסודות"}},{"type":"Feature","id":"site-ent_a4880b1be453db4705e87b2d","geometry":{"type":"Point","coordinates":[34.78458,32.09498]},"properties":{"n":"אתר הבנייה בשלומציון המלכה 1","c":"construction","s":"tlv","e":"ent_a4880b1be453db4705e87b2d","a":"תחילת עבודות"}},{"type":"Feature","id":"site-ent_a7d1f03e11d1fd5b4fcdcd77","geometry":{"type":"Point","coordinates":[34.79834,32.09809]},"properties":{"n":"אתר הבנייה בקוסובסקי 36","c":"construction","s":"tlv","e":"ent_a7d1f03e11d1fd5b4fcdcd77","a":"תחילת עבודות"}},{"type":"Feature","id":"site-ent_aab4a0d4aeedfdf08b5ac03e","geometry":{"type":"Point","coordinates":[34.79042,32.09649]},"properties":{"n":"אתר הבנייה בבני דן 55","c":"construction","s":"tlv","e":"ent_aab4a0d4aeedfdf08b5ac03e","a":"תחילת עבודות","p":"project/bnei-dan-55-construction-site/"}},{"type":"Feature","id":"site-ent_acfc03be3c8b0b7f0c5ff46f","geometry":{"type":"Point","coordinates":[34.78788,32.1053]},"properties":{"n":"אתר הבנייה באשכול לוי 29","c":"construction","s":"tlv","e":"ent_acfc03be3c8b0b7f0c5ff46f","a":"תחילת עבודות","p":"project/levi-eshkol-29-construction-site/"}},{"type":"Feature","id":"site-ent_affd411e298d241768478c53","geometry":{"type":"Point","coordinates":[34.77484,32.0964]},"properties":{"n":"אתר הבנייה בהירקון 298","c":"construction","s":"tlv","e":"ent_affd411e298d241768478c53","a":"פתיחת תיק","f":1}},{"type":"Feature","id":"site-ent_b0fe2e27f0d3d31a58d1ec53","geometry":{"type":"Point","coordinates":[34.80004,32.11505]},"properties":{"n":"אתר הבנייה בהופיין 11","c":"construction","s":"tlv","e":"ent_b0fe2e27f0d3d31a58d1ec53","a":"גמר יסודות"}},{"type":"Feature","id":"site-ent_b3481e1b84a258f1da7e32e1","geometry":{"type":"Point","coordinates":[34.78539,32.10356]},"properties":{"n":"אתר בנייה בשדה דב, היתר 20241021 ,20250510","c":"construction","s":"tlv","e":"ent_b3481e1b84a258f1da7e32e1","a":"עבודות עפר וביסוס","p":"project/sde-dov-construction-permit-20241021-20250510/"}},{"type":"Feature","id":"site-ent_b590337c0b7f10cd070fea21","geometry":{"type":"Point","coordinates":[34.80053,32.11044]},"properties":{"n":"אתר הבנייה בברודי חיים 10","c":"construction","s":"tlv","e":"ent_b590337c0b7f10cd070fea21","a":"תחילת עבודות"}},{"type":"Feature","id":"site-ent_b784a6a2d8fbfee5989064b1","geometry":{"type":"Point","coordinates":[34.78769,32.11332]},"properties":{"n":"אתר הבנייה ברובינשטיין ארתור 12","c":"construction","s":"tlv","e":"ent_b784a6a2d8fbfee5989064b1","a":"תחילת עבודות"}},{"type":"Feature","id":"site-ent_b7e6f4a47edce72449dbe898","geometry":{"type":"Point","coordinates":[34.77646,32.09419]},"properties":{"n":"אתר הבנייה בדיזנגוף 259","c":"construction","s":"tlv","e":"ent_b7e6f4a47edce72449dbe898","a":"תחילת עבודות","p":"project/meir-dizengoff-259-construction-site/"}},{"type":"Feature","id":"site-ent_b8afc092ced4dee88b273918","geometry":{"type":"Point","coordinates":[34.80045,32.11072]},"properties":{"n":"אתר הבנייה בברודי חיים 8","c":"construction","s":"tlv","e":"ent_b8afc092ced4dee88b273918","a":"גמר יסודות"}},{"type":"Feature","id":"site-ent_b920d9b23f0173d682762cab","geometry":{"type":"Point","coordinates":[34.78703,32.09526]},"properties":{"n":"אתר הבנייה בברנדיס 49","c":"construction","s":"tlv","e":"ent_b920d9b23f0173d682762cab","a":"תחילת עבודות"}},{"type":"Feature","id":"site-ent_be0fc8040b00a8717aa4ad68","geometry":{"type":"Point","coordinates":[34.77805,32.09532]},"properties":{"n":"אתר הבנייה באוסישקין 46","c":"construction","s":"tlv","e":"ent_be0fc8040b00a8717aa4ad68","a":"תחילת עבודות"}},{"type":"Feature","id":"site-ent_be720f55fc903cdd921ff769","geometry":{"type":"Point","coordinates":[34.79397,32.11681]},"properties":{"n":"אתר הבנייה בהסבוראים 13","c":"construction","s":"tlv","e":"ent_be720f55fc903cdd921ff769","a":"תחילת עבודות"}},{"type":"Feature","id":"site-ent_c1b61f8c5118e04409045ba6","geometry":{"type":"Point","coordinates":[34.77715,32.09594]},"properties":{"n":"אתר הבנייה באוסישקין 30","c":"construction","s":"tlv","e":"ent_c1b61f8c5118e04409045ba6","a":"פתיחת תיק","f":1}},{"type":"Feature","id":"site-ent_c3210829e1aaea62de3fc513","geometry":{"type":"Point","coordinates":[34.79095,32.10822]},"properties":{"n":"אתר הבנייה בדרך נמיר מרדכי 185","c":"construction","s":"tlv","e":"ent_c3210829e1aaea62de3fc513","a":"תחילת עבודות"}},{"type":"Feature","id":"site-ent_c3fcf45d15cf11b7b072e003","geometry":{"type":"Point","coordinates":[34.78967,32.09506]},"properties":{"n":"אתר הבנייה בשלומציון המלכה 44","c":"construction","s":"tlv","e":"ent_c3fcf45d15cf11b7b072e003","a":"גמר יסודות"}},{"type":"Feature","id":"site-ent_c44057c6386953c8d1897cb5","geometry":{"type":"Point","coordinates":[34.79004,32.09468]},"properties":{"n":"אתר הבנייה בפינלס 11","c":"construction","s":"tlv","e":"ent_c44057c6386953c8d1897cb5","a":"עבודות עפר וביסוס"}},{"type":"Feature","id":"site-ent_ca257a3c44a289adb4772c76","geometry":{"type":"Point","coordinates":[34.79852,32.09816]},"properties":{"n":"אתר הבנייה בקוסובסקי 38","c":"construction","s":"tlv","e":"ent_ca257a3c44a289adb4772c76","a":"תחילת עבודות"}},{"type":"Feature","id":"site-ent_ca467974004f9aff5fc2c9ff","geometry":{"type":"Point","coordinates":[34.79301,32.09544]},"properties":{"n":"אתר הבנייה בפרידמן דוד הרב 46","c":"construction","s":"tlv","e":"ent_ca467974004f9aff5fc2c9ff","a":"עבודות עפר וביסוס"}},{"type":"Feature","id":"site-ent_cbf74eeb002119517609f4ea","geometry":{"type":"Point","coordinates":[34.77821,32.09522]},"properties":{"n":"אתר הבנייה בירמיהו הנביא 47","c":"construction","s":"tlv","e":"ent_cbf74eeb002119517609f4ea","a":"פתיחת תיק","f":1}},{"type":"Feature","id":"site-ent_cc72e8e7bb3a220cd1f104a4","geometry":{"type":"Point","coordinates":[34.79396,32.09413]},"properties":{"n":"אתר הבנייה ביהודה המכבי 70","c":"construction","s":"tlv","e":"ent_cc72e8e7bb3a220cd1f104a4","a":"פתיחת תיק","f":1}},{"type":"Feature","id":"site-ent_cf8823469b2093710305b7b2","geometry":{"type":"Point","coordinates":[34.79886,32.10895]},"properties":{"n":"אתר הבנייה בברודצקי 44","c":"construction","s":"tlv","e":"ent_cf8823469b2093710305b7b2","a":"תחילת עבודות"}},{"type":"Feature","id":"site-ent_d15497421d6d40b4f991985f","geometry":{"type":"Point","coordinates":[34.79604,32.11037]},"properties":{"n":"אתר הבנייה ברדינג 49","c":"construction","s":"tlv","e":"ent_d15497421d6d40b4f991985f","a":"עבודות עפר וביסוס"}},{"type":"Feature","id":"site-ent_d27bfc2086444406005b4c17","geometry":{"type":"Point","coordinates":[34.79113,32.10969]},"properties":{"n":"אתר הבנייה בדרך נמיר מרדכי 193","c":"construction","s":"tlv","e":"ent_d27bfc2086444406005b4c17","a":"תחילת עבודות"}},{"type":"Feature","id":"site-ent_d297a0c96048421e23fc0160","geometry":{"type":"Point","coordinates":[34.79032,32.104]},"properties":{"n":"אתר הבנייה בבראלי 6","c":"construction","s":"tlv","e":"ent_d297a0c96048421e23fc0160","a":"תחילת עבודות"}},{"type":"Feature","id":"site-ent_d54480e7b1e45267a9db5fa0","geometry":{"type":"Point","coordinates":[34.79475,32.10634]},"properties":{"n":"אתר הבנייה ברדינג 22","c":"construction","s":"tlv","e":"ent_d54480e7b1e45267a9db5fa0","a":"פתיחת תיק","f":1}},{"type":"Feature","id":"site-ent_d95981b921294298af5de51c","geometry":{"type":"Point","coordinates":[34.79954,32.12556]},"properties":{"n":"אתר הבנייה באחימאיר אבא 5","c":"construction","s":"tlv","e":"ent_d95981b921294298af5de51c","a":"תחילת עבודות"}},{"type":"Feature","id":"site-ent_db410c5e3b9432489c51d425","geometry":{"type":"Point","coordinates":[34.78998,32.10819]},"properties":{"n":"אתר הבנייה בבורלא יהודה 25","c":"construction","s":"tlv","e":"ent_db410c5e3b9432489c51d425","a":"גמר יסודות"}},{"type":"Feature","id":"site-ent_dc9d3b1a85011746b1d7dcb6","geometry":{"type":"Point","coordinates":[34.79424,32.10939]},"properties":{"n":"אתר הבנייה ברדינג 43","c":"construction","s":"tlv","e":"ent_dc9d3b1a85011746b1d7dcb6","a":"תחילת עבודות"}},{"type":"Feature","id":"site-ent_de036eb75cb29f02fcec0432","geometry":{"type":"Point","coordinates":[34.78505,32.11145]},"properties":{"n":"אתר הבנייה באינשטיין 2 / ד","c":"construction","s":"tlv","e":"ent_de036eb75cb29f02fcec0432","a":"פתיחת תיק","f":1}},{"type":"Feature","id":"site-ent_dedf83bcee1c6eb4f6ada43e","geometry":{"type":"Point","coordinates":[34.79118,32.09578]},"properties":{"n":"אתר הבנייה בעמיאל 36","c":"construction","s":"tlv","e":"ent_dedf83bcee1c6eb4f6ada43e","a":"תחילת עבודות"}},{"type":"Feature","id":"site-ent_e0c459b1b419d2a807c06324","geometry":{"type":"Point","coordinates":[34.78842,32.11011]},"properties":{"n":"אתר הבנייה באשכול לוי 47","c":"construction","s":"tlv","e":"ent_e0c459b1b419d2a807c06324","a":"פתיחת תיק","f":1}},{"type":"Feature","id":"site-ent_e0fa8fac97c2888eb13684d9","geometry":{"type":"Point","coordinates":[34.78531,32.10273]},"properties":{"n":"אתר הבנייה בעגנון שי 11","c":"construction","s":"tlv","e":"ent_e0fa8fac97c2888eb13684d9","a":"פתיחת תיק","p":"project/agnon-11-construction-site/","f":1}},{"type":"Feature","id":"site-ent_e2e3dfaa84dabae6a3d78d87","geometry":{"type":"Point","coordinates":[34.7965,32.10483]},"properties":{"n":"אתר הבנייה בהרטגלס 5 / א","c":"construction","s":"tlv","e":"ent_e2e3dfaa84dabae6a3d78d87","a":"תחילת עבודות"}},{"type":"Feature","id":"site-ent_e529bfefa28d0d8fdb650658","geometry":{"type":"Point","coordinates":[34.79502,32.0951]},"properties":{"n":"אתר הבנייה בהזוהר 29","c":"construction","s":"tlv","e":"ent_e529bfefa28d0d8fdb650658","a":"תחילת עבודות"}},{"type":"Feature","id":"site-ent_e55c8a20cbe57e62cf1b5ae0","geometry":{"type":"Point","coordinates":[34.77555,32.09627]},"properties":{"n":"אתר הבנייה בכג יורדי הסירה 19","c":"construction","s":"tlv","e":"ent_e55c8a20cbe57e62cf1b5ae0","a":"תחילת עבודות","p":"project/kaf-gimel-yordi-hasi-19-construction-site/"}},{"type":"Feature","id":"site-ent_e59ef0ddcf76bf51b1930630","geometry":{"type":"Point","coordinates":[34.78419,32.10006]},"properties":{"n":"אתר הבנייה ברופא המחתרות 13","c":"construction","s":"tlv","e":"ent_e59ef0ddcf76bf51b1930630","a":"עבודות עפר וביסוס"}},{"type":"Feature","id":"site-ent_e851cc9a5712aaf5dad190f0","geometry":{"type":"Point","coordinates":[34.79858,32.12825]},"properties":{"n":"אתר הבנייה בפיינשטיין מאיר 1","c":"construction","s":"tlv","e":"ent_e851cc9a5712aaf5dad190f0","a":"גמר שלד","p":"project/feinstein-1-construction-site/"}},{"type":"Feature","id":"site-ent_eb61e12f80b255acd8a372bd","geometry":{"type":"Point","coordinates":[34.79391,32.10463]},"properties":{"n":"אתר הבנייה בהררי 6","c":"construction","s":"tlv","e":"ent_eb61e12f80b255acd8a372bd","a":"תחילת עבודות"}},{"type":"Feature","id":"site-ent_ed2457e6e22c203b53e5a73e","geometry":{"type":"Point","coordinates":[34.78981,32.09466]},"properties":{"n":"אתר הבנייה בפינלס 9","c":"construction","s":"tlv","e":"ent_ed2457e6e22c203b53e5a73e","a":"פתיחת תיק","f":1}},{"type":"Feature","id":"site-ent_ed9c4977c58555ec7e4726d0","geometry":{"type":"Point","coordinates":[34.78804,32.11178]},"properties":{"n":"אתר הבנייה באינשטיין 14","c":"construction","s":"tlv","e":"ent_ed9c4977c58555ec7e4726d0","a":"פתיחת תיק","f":1}},{"type":"Feature","id":"site-ent_f1c9f0e01f3db8d326d25231","geometry":{"type":"Point","coordinates":[34.78981,32.10664]},"properties":{"n":"אתר הבנייה בבורלא יהודה 15","c":"construction","s":"tlv","e":"ent_f1c9f0e01f3db8d326d25231","a":"תחילת עבודות"}},{"type":"Feature","id":"site-ent_f20af4341115dd4aca1c02bc","geometry":{"type":"Point","coordinates":[34.80015,32.10734]},"properties":{"n":"אתר הבנייה בפטאי יוסף 16","c":"construction","s":"tlv","e":"ent_f20af4341115dd4aca1c02bc","a":"תחילת עבודות"}},{"type":"Feature","id":"site-ent_f3a537e1094925b3ac8d8b6d","geometry":{"type":"Point","coordinates":[34.797,32.11655]},"properties":{"n":"אתר הבנייה בטאגור רבינדרנת 32 (רחוב טאגור רבינדרנת 30)","c":"construction","s":"tlv","e":"ent_f3a537e1094925b3ac8d8b6d","a":"עבודות עפר וביסוס"}},{"type":"Feature","id":"site-ent_f3f675a0194ed419fb552759","geometry":{"type":"Point","coordinates":[34.78405,32.10437]},"properties":{"n":"אתר בנייה בשדה דב, היתר 20251254","c":"construction","s":"tlv","e":"ent_f3f675a0194ed419fb552759","a":"תחילת עבודות","p":"project/sde-dov-construction-permit-20251254/"}},{"type":"Feature","id":"site-ent_f5a7a5aae54a029209d50714","geometry":{"type":"Point","coordinates":[34.79494,32.11895]},"properties":{"n":"אתר הבנייה ביהודה הנשיא 33","c":"construction","s":"tlv","e":"ent_f5a7a5aae54a029209d50714","a":"פתיחת תיק","f":1}},{"type":"Feature","id":"site-ent_f75cb3a14879b516d7693ec5","geometry":{"type":"Point","coordinates":[34.7965,32.10483]},"properties":{"n":"אתר הבנייה בהרטגלס 5 / א","c":"construction","s":"tlv","e":"ent_f75cb3a14879b516d7693ec5","a":"עבודות עפר וביסוס"}},{"type":"Feature","id":"site-ent_f7e850c18a972ffa6d841daa","geometry":{"type":"Point","coordinates":[34.79392,32.11658]},"properties":{"n":"אתר הבנייה בהסבוראים 11","c":"construction","s":"tlv","e":"ent_f7e850c18a972ffa6d841daa","a":"תחילת עבודות"}},{"type":"Feature","id":"site-ent_f89b7b5c038356f1c192af4a","geometry":{"type":"Point","coordinates":[34.78633,32.09529]},"properties":{"n":"אתר הבנייה בבני דן 20","c":"construction","s":"tlv","e":"ent_f89b7b5c038356f1c192af4a","a":"תחילת עבודות"}},{"type":"Feature","id":"site-ent_f8fa5fa1675410b8a38e4012","geometry":{"type":"Point","coordinates":[34.79769,32.1055]},"properties":{"n":"אתר הבנייה בגרונימן 6","c":"construction","s":"tlv","e":"ent_f8fa5fa1675410b8a38e4012","a":"תחילת עבודות"}},{"type":"Feature","id":"site-ent_f9c2955021d2ee140a3633e2","geometry":{"type":"Point","coordinates":[34.79696,32.10932]},"properties":{"n":"אתר הבנייה בנח מרדכי עמנואל 3","c":"construction","s":"tlv","e":"ent_f9c2955021d2ee140a3633e2","a":"תחילת עבודות"}},{"type":"Feature","id":"site-ent_fc3e3c676cea6241da9abe3a","geometry":{"type":"Point","coordinates":[34.78635,32.11168]},"properties":{"n":"אתר הבנייה באינשטיין 6","c":"construction","s":"tlv","e":"ent_fc3e3c676cea6241da9abe3a","a":"תחילת עבודות"}},{"type":"Feature","id":"site-ent_fcb160e6bd1493148e5705db","geometry":{"type":"Point","coordinates":[34.79693,32.12301]},"properties":{"n":"אתר הבנייה בבן יוסף שלמה 3","c":"construction","s":"tlv","e":"ent_fcb160e6bd1493148e5705db","a":"תחילת עבודות"}},{"type":"Feature","id":"site-ent_fd4ca6c72d8f7301bba00931","geometry":{"type":"Point","coordinates":[34.79557,32.09696]},"properties":{"n":"אתר הבנייה בקוסובסקי 12","c":"construction","s":"tlv","e":"ent_fd4ca6c72d8f7301bba00931","a":"פתיחת תיק","f":1}},{"type":"Feature","id":"site-ent_fdd8392fe453fd721609f64e","geometry":{"type":"Point","coordinates":[34.79563,32.11337]},"properties":{"n":"אתר הבנייה בטאגור רבינדרנת 3","c":"construction","s":"tlv","e":"ent_fdd8392fe453fd721609f64e","a":"עבודות עפר וביסוס"}},{"type":"Feature","id":"site-ent_fe9fde5696e5ec10df728f8e","geometry":{"type":"Point","coordinates":[34.7988,32.11346]},"properties":{"n":"אתר הבנייה באינשטיין 67","c":"construction","s":"tlv","e":"ent_fe9fde5696e5ec10df728f8e","a":"פתיחת תיק","f":1}},{"type":"Feature","id":"site-ent_fea3dbd63e9591f57c2f5411","geometry":{"type":"Point","coordinates":[34.77787,32.09541]},"properties":{"n":"אתר הבנייה באוסישקין 44","c":"construction","s":"tlv","e":"ent_fea3dbd63e9591f57c2f5411","a":"פתיחת תיק","f":1}},{"type":"Feature","id":"site-ent_ffa790b36b66df2a24d746bc","geometry":{"type":"Point","coordinates":[34.7965,32.10483]},"properties":{"n":"אתר הבנייה בהרטגלס 5 / א","c":"construction","s":"tlv","e":"ent_ffa790b36b66df2a24d746bc","a":"גמר שלד"}}]}
