"keyword_id","keyword","language","cluster","subcluster","audience","intent","funnel_stage","priority","suggested_slug","canonical_page_id","page_template_pattern","canonical_url_owner","parent_hub","money_or_support","support_role","readiness_status","trust_gate","source_trust_requirement","verification_flag","internal_link_rule","build_slice","notes"
"KW-0001","דירות למכירה","he","buyer_seller_core","buy_general","buyer","transactional","decision","P1","/buy","buy_hub","/buy","/buy","home","money","canonical_money_owner","backlog_verification","NEEDS_VERIFICATION","real listings or honest empty-state","NEEDS_VERIFICATION","Receives contextual links from support pages in same cluster; no duplicate page may target this primary keyword.","Marketplace foundation","Yad2 territory; do not launch without supply"
"KW-0002","דירות למכירה תל אביב","he","buyer_seller_core","buy_city","buyer","transactional","decision","P1","/buy/tel-aviv","city_buy_hub","/buy/{city}","/buy/tel-aviv","buy_hub","money","canonical_money_owner","backlog_verification","NEEDS_VERIFICATION","real supply","NEEDS_VERIFICATION","Receives contextual links from support pages in same cluster; no duplicate page may target this primary keyword.","Marketplace foundation",""
"KW-0003","דירות למכירה רמת גן","he","buyer_seller_core","buy_city","buyer","transactional","decision","P1","/buy/ramat-gan","city_buy_hub","/buy/{city}","/buy/ramat-gan","buy_hub","money","canonical_money_owner","backlog_verification","NEEDS_VERIFICATION","real supply","NEEDS_VERIFICATION","Receives contextual links from support pages in same cluster; no duplicate page may target this primary keyword.","Marketplace foundation",""
"KW-0004","דירות למכירה ירושלים","he","buyer_seller_core","buy_city","buyer","transactional","decision","P1","/buy/jerusalem","city_buy_hub","/buy/{city}","/buy/jerusalem","buy_hub","money","canonical_money_owner","backlog_verification","NEEDS_VERIFICATION","real supply","NEEDS_VERIFICATION","Receives contextual links from support pages in same cluster; no duplicate page may target this primary keyword.","Marketplace foundation",""
"KW-0005","דירות למכירה חיפה","he","buyer_seller_core","buy_city","buyer","transactional","decision","P1","/buy/haifa","city_buy_hub","/buy/{city}","/buy/haifa","buy_hub","money","canonical_money_owner","backlog_verification","NEEDS_VERIFICATION","real supply","NEEDS_VERIFICATION","Receives contextual links from support pages in same cluster; no duplicate page may target this primary keyword.","Marketplace foundation",""
"KW-0006","דירות למכירה הרצליה","he","buyer_seller_core","buy_city","buyer","transactional","decision","P1","/buy/herzliya","city_buy_hub","/buy/{city}","/buy/herzliya","buy_hub","money","canonical_money_owner","backlog_verification","NEEDS_VERIFICATION","real supply","NEEDS_VERIFICATION","Receives contextual links from support pages in same cluster; no duplicate page may target this primary keyword.","Marketplace foundation",""
"KW-0007","דירות למכירה רעננה","he","buyer_seller_core","buy_city","buyer","transactional","decision","P2","/buy/raanana","city_buy_hub","/buy/{city}","/buy/raanana","buy_hub","money","canonical_money_owner","backlog_verification","NEEDS_VERIFICATION","real supply","NEEDS_VERIFICATION","Receives contextual links from support pages in same cluster; no duplicate page may target this primary keyword.","Marketplace foundation",""
"KW-0008","דירות למכירה כפר סבא","he","buyer_seller_core","buy_city","buyer","transactional","decision","P2","/buy/kfar-saba","city_buy_hub","/buy/{city}","/buy/kfar-saba","buy_hub","money","canonical_money_owner","backlog_verification","NEEDS_VERIFICATION","real supply","NEEDS_VERIFICATION","Receives contextual links from support pages in same cluster; no duplicate page may target this primary keyword.","Marketplace foundation",""
"KW-0009","דירות למכירה פתח תקווה","he","buyer_seller_core","buy_city","buyer","transactional","decision","P2","/buy/petah-tikva","city_buy_hub","/buy/{city}","/buy/petah-tikva","buy_hub","money","canonical_money_owner","backlog_verification","NEEDS_VERIFICATION","real supply","NEEDS_VERIFICATION","Receives contextual links from support pages in same cluster; no duplicate page may target this primary keyword.","Marketplace foundation",""
"KW-0010","דירות למכירה ראשון לציון","he","buyer_seller_core","buy_city","buyer","transactional","decision","P2","/buy/rishon-lezion","city_buy_hub","/buy/{city}","/buy/rishon-lezion","buy_hub","money","canonical_money_owner","backlog_verification","NEEDS_VERIFICATION","real supply","NEEDS_VERIFICATION","Receives contextual links from support pages in same cluster; no duplicate page may target this primary keyword.","Marketplace foundation",""
"KW-0011","דירות למכירה נתניה","he","buyer_seller_core","buy_city","buyer","transactional","decision","P2","/buy/netanya","city_buy_hub","/buy/{city}","/buy/netanya","buy_hub","money","canonical_money_owner","backlog_verification","NEEDS_VERIFICATION","real supply","NEEDS_VERIFICATION","Receives contextual links from support pages in same cluster; no duplicate page may target this primary keyword.","Marketplace foundation",""
"KW-0012","דירות למכירה באר שבע","he","buyer_seller_core","buy_city","buyer","transactional","decision","P2","/buy/beer-sheva","city_buy_hub","/buy/{city}","/buy/beer-sheva","buy_hub","money","canonical_money_owner","backlog_verification","NEEDS_VERIFICATION","real supply","NEEDS_VERIFICATION","Receives contextual links from support pages in same cluster; no duplicate page may target this primary keyword.","Marketplace foundation",""
"KW-0013","דירות למכירה אשדוד","he","buyer_seller_core","buy_city","buyer","transactional","decision","P2","/buy/ashdod","city_buy_hub","/buy/{city}","/buy/ashdod","buy_hub","money","canonical_money_owner","backlog_verification","NEEDS_VERIFICATION","real supply","NEEDS_VERIFICATION","Receives contextual links from support pages in same cluster; no duplicate page may target this primary keyword.","Marketplace foundation",""
"KW-0014","דירות להשכרה","he","buyer_seller_core","rent_general","renter","transactional","decision","P1","/rent","rent_hub","/rent","/rent","home","money","canonical_money_owner","backlog_verification","NEEDS_VERIFICATION","real supply","NEEDS_VERIFICATION","Receives contextual links from support pages in same cluster; no duplicate page may target this primary keyword.","Marketplace foundation",""
"KW-0015","דירות להשכרה תל אביב","he","buyer_seller_core","rent_city","renter","transactional","decision","P1","/rent/tel-aviv","city_rent_hub","/rent/{city}","/rent/tel-aviv","rent_hub","money","canonical_money_owner","backlog_verification","NEEDS_VERIFICATION","real supply","NEEDS_VERIFICATION","Receives contextual links from support pages in same cluster; no duplicate page may target this primary keyword.","Marketplace foundation",""
"KW-0016","דירות להשכרה רמת גן","he","buyer_seller_core","rent_city","renter","transactional","decision","P2","/rent/ramat-gan","city_rent_hub","/rent/{city}","/rent/ramat-gan","rent_hub","money","canonical_money_owner","backlog_verification","NEEDS_VERIFICATION","real supply","NEEDS_VERIFICATION","Receives contextual links from support pages in same cluster; no duplicate page may target this primary keyword.","Marketplace foundation",""
"KW-0017","דירות להשכרה ירושלים","he","buyer_seller_core","rent_city","renter","transactional","decision","P2","/rent/jerusalem","city_rent_hub","/rent/{city}","/rent/jerusalem","rent_hub","money","canonical_money_owner","backlog_verification","NEEDS_VERIFICATION","real supply","NEEDS_VERIFICATION","Receives contextual links from support pages in same cluster; no duplicate page may target this primary keyword.","Marketplace foundation",""
"KW-0018","דירות להשכרה חיפה","he","buyer_seller_core","rent_city","renter","transactional","decision","P2","/rent/haifa","city_rent_hub","/rent/{city}","/rent/haifa","rent_hub","money","canonical_money_owner","backlog_verification","NEEDS_VERIFICATION","real supply","NEEDS_VERIFICATION","Receives contextual links from support pages in same cluster; no duplicate page may target this primary keyword.","Marketplace foundation",""
"KW-0019","דירות מציאה","he","buyer_seller_core","deal_finder","buyer","commercial","consideration","P2","/deals","buy_hub","/buy","/deals","home","money","canonical_money_owner","backlog_verification","NEEDS_VERIFICATION","real supply","NEEDS_VERIFICATION","Receives contextual links from support pages in same cluster; no duplicate page may target this primary keyword.","Marketplace foundation",""
"KW-0020","דירות מתחת למחיר שוק","he","buyer_seller_core","deal_finder","buyer","commercial","consideration","P2","/below-market","buy_hub","/buy","/below-market","home","money","canonical_money_owner","backlog_verification","NEEDS_VERIFICATION","real supply + valid estimator","NEEDS_VERIFICATION","Receives contextual links from support pages in same cluster; no duplicate page may target this primary keyword.","Marketplace foundation",""
"KW-0021","איך למכור דירה","he","buyer_seller_core","seller_guide","seller","informational","awareness","P1","/sell/how-to-sell-apartment","buy_hub","/buy","/sell/how-to-sell-apartment","home","money","canonical_money_owner","legal_review","NEEDS_VERIFICATION","reviewed by licensed agent","NEEDS_VERIFICATION|LEGAL_REVIEW","Receives contextual links from support pages in same cluster; no duplicate page may target this primary keyword.","Marketplace foundation",""
"KW-0022","מחיר דירה ממוצע","he","buyer_seller_core","market_data","buyer","informational","awareness","P1","/market/average-prices","market_report_city","/market/{city}","/market/average-prices","city_buy_hub","support","support_page_links_to_money_owner","holding_for_official_source","OFFICIAL_SOURCE_REQUIRED","CBS / official data","OFFICIAL_SOURCE_REQUIRED","Support page links upward to parent hub and canonical money owner; avoid competing title and H1.","Data foundation",""
"KW-0023","מחירי דירות 2026","he","buyer_seller_core","market_data","buyer","informational","awareness","P1","/market/prices-2026","market_report_city","/market/{city}","/market/prices-2026","city_buy_hub","support","support_page_links_to_money_owner","holding_for_official_source","OFFICIAL_SOURCE_REQUIRED","CBS / official data","OFFICIAL_SOURCE_REQUIRED","Support page links upward to parent hub and canonical money owner; avoid competing title and H1.","Data foundation",""
"KW-0024","מדד מחירי דירות","he","buyer_seller_core","market_data","buyer","informational","awareness","P2","/market/price-index","market_report_city","/market/{city}","/market/price-index","city_buy_hub","support","support_page_links_to_money_owner","holding_for_official_source","OFFICIAL_SOURCE_REQUIRED","CBS","OFFICIAL_SOURCE_REQUIRED","Support page links upward to parent hub and canonical money owner; avoid competing title and H1.","Data foundation",""
"KW-0025","שמאות דירה","he","buyer_seller_core","valuation","seller","commercial","consideration","P1","/valuation","valuation_tool","/property-value-estimator","/valuation","tools_hub","money","canonical_money_owner","legal_review","LEGAL_REVIEW","licensed appraiser disclaimer","LEGAL_REVIEW","Receives contextual links from support pages in same cluster; no duplicate page may target this primary keyword.","Tools foundation",""
"KW-0026","כמה שווה הדירה שלי","he","buyer_seller_core","valuation","seller","commercial","decision","P0","/property-value-estimator","valuation_tool","/property-value-estimator","/property-value-estimator","tools_hub","money","canonical_money_owner","legal_review","LEGAL_REVIEW","methodology + disclaimer","LEGAL_REVIEW|NEEDS_VERIFICATION","Receives contextual links from support pages in same cluster; no duplicate page may target this primary keyword.","Tools foundation","Existing URL — fix per Report 1 first"
"KW-0027","חוזה שכירות לדוגמא","he","buyer_seller_core","seller_guide","renter","informational","consideration","P1","/rent/lease-template","city_rent_hub","/rent/{city}","/rent/lease-template","rent_hub","money","canonical_money_owner","legal_review","NEEDS_VERIFICATION","attorney-reviewed template","LEGAL_REVIEW","Receives contextual links from support pages in same cluster; no duplicate page may target this primary keyword.","Marketplace foundation",""
"KW-0028","זיכרון דברים דירה","he","buyer_seller_core","seller_guide","buyer","informational","consideration","P1","/buy/memorandum-of-understanding","city_buy_hub","/buy/{city}","/buy/memorandum-of-understanding","buy_hub","money","canonical_money_owner","legal_review","NEEDS_VERIFICATION","attorney-reviewed","LEGAL_REVIEW","Receives contextual links from support pages in same cluster; no duplicate page may target this primary keyword.","Marketplace foundation",""
"KW-0029","ביטול עסקת דירה","he","buyer_seller_core","seller_guide","buyer","informational","decision","P2","/buy/cancel-contract","city_buy_hub","/buy/{city}","/buy/cancel-contract","buy_hub","money","canonical_money_owner","legal_review","NEEDS_VERIFICATION","attorney-reviewed","LEGAL_REVIEW","Receives contextual links from support pages in same cluster; no duplicate page may target this primary keyword.","Marketplace foundation",""
"KW-0030","זכויות קונה דירה מקבלן","he","buyer_seller_core","buyer_rights","buyer","informational","consideration","P1","/buy/rights-from-developer","city_buy_hub","/buy/{city}","/buy/rights-from-developer","buy_hub","money","canonical_money_owner","legal_review","NEEDS_VERIFICATION","attorney-reviewed","LEGAL_REVIEW","Receives contextual links from support pages in same cluster; no duplicate page may target this primary keyword.","Marketplace foundation",""
"KW-0031","פרויקטים חדשים","he","projects_developers","new_projects_general","buyer","commercial","consideration","P0","/projects","projects_hub","/projects","/projects","home","money","canonical_money_owner","holding_for_official_source","REQUIRES_OFFICIAL_ASSET","developer-verified data","REQUIRES_OFFICIAL_ASSET","Receives contextual links from support pages in same cluster; no duplicate page may target this primary keyword.","Projects foundation",""
"KW-0032","פרויקטים חדשים תל אביב","he","projects_developers","new_projects_city","buyer","commercial","consideration","P0","/projects/tel-aviv","projects_city_hub","/projects/{city}","/projects/tel-aviv","projects_hub","money","canonical_money_owner","holding_for_official_source","REQUIRES_OFFICIAL_ASSET","developer-verified","REQUIRES_OFFICIAL_ASSET","Receives contextual links from support pages in same cluster; no duplicate page may target this primary keyword.","Projects foundation",""
"KW-0033","פרויקטים חדשים שדה דב","he","projects_developers","new_projects_neighborhood","buyer","commercial","decision","P0","/projects/sde-dov","projects_city_hub","/projects/{city}","/projects/sde-dov","projects_hub","money","canonical_money_owner","holding_for_official_source","REQUIRES_OFFICIAL_ASSET","official municipal + developer","REQUIRES_OFFICIAL_ASSET|OFFICIAL_SOURCE_REQUIRED","Receives contextual links from support pages in same cluster; no duplicate page may target this primary keyword.","Projects foundation",""
"KW-0034","פרויקטים חדשים רמת גן","he","projects_developers","new_projects_city","buyer","commercial","consideration","P1","/projects/ramat-gan","projects_city_hub","/projects/{city}","/projects/ramat-gan","projects_hub","money","canonical_money_owner","holding_for_official_source","REQUIRES_OFFICIAL_ASSET","developer-verified","REQUIRES_OFFICIAL_ASSET","Receives contextual links from support pages in same cluster; no duplicate page may target this primary keyword.","Projects foundation",""
"KW-0035","פרויקטים חדשים ירושלים","he","projects_developers","new_projects_city","buyer","commercial","consideration","P1","/projects/jerusalem","projects_city_hub","/projects/{city}","/projects/jerusalem","projects_hub","money","canonical_money_owner","holding_for_official_source","REQUIRES_OFFICIAL_ASSET","developer-verified","REQUIRES_OFFICIAL_ASSET","Receives contextual links from support pages in same cluster; no duplicate page may target this primary keyword.","Projects foundation",""
"KW-0036","פרויקטים חדשים חיפה","he","projects_developers","new_projects_city","buyer","commercial","consideration","P1","/projects/haifa","projects_city_hub","/projects/{city}","/projects/haifa","projects_hub","money","canonical_money_owner","holding_for_official_source","REQUIRES_OFFICIAL_ASSET","developer-verified","REQUIRES_OFFICIAL_ASSET","Receives contextual links from support pages in same cluster; no duplicate page may target this primary keyword.","Projects foundation",""
"KW-0037","פרויקטים חדשים נתניה","he","projects_developers","new_projects_city","buyer","commercial","consideration","P1","/projects/netanya","projects_city_hub","/projects/{city}","/projects/netanya","projects_hub","money","canonical_money_owner","holding_for_official_source","REQUIRES_OFFICIAL_ASSET","developer-verified","REQUIRES_OFFICIAL_ASSET","Receives contextual links from support pages in same cluster; no duplicate page may target this primary keyword.","Projects foundation",""
"KW-0038","פרויקטים חדשים הרצליה","he","projects_developers","new_projects_city","buyer","commercial","consideration","P1","/projects/herzliya","projects_city_hub","/projects/{city}","/projects/herzliya","projects_hub","money","canonical_money_owner","holding_for_official_source","REQUIRES_OFFICIAL_ASSET","developer-verified","REQUIRES_OFFICIAL_ASSET","Receives contextual links from support pages in same cluster; no duplicate page may target this primary keyword.","Projects foundation",""
"KW-0039","דירות מקבלן","he","projects_developers","from_developer","buyer","commercial","decision","P1","/from-developer","projects_hub","/projects","/from-developer","home","money","canonical_money_owner","holding_for_official_source","REQUIRES_OFFICIAL_ASSET","developer-verified","REQUIRES_OFFICIAL_ASSET","Receives contextual links from support pages in same cluster; no duplicate page may target this primary keyword.","Projects foundation",""
"KW-0040","דירה מקבלן או יד שניה","he","projects_developers","from_developer","buyer","comparison","consideration","P1","/from-developer/vs-second-hand","projects_hub","/projects","/from-developer/vs-second-hand","home","money","canonical_money_owner","holding_for_official_source","REQUIRES_OFFICIAL_ASSET","balanced editorial","NEEDS_VERIFICATION","Receives contextual links from support pages in same cluster; no duplicate page may target this primary keyword.","Projects foundation",""
"KW-0041","דירות על הנייר","he","projects_developers","pre_sale","buyer","commercial","consideration","P1","/pre-sale","projects_hub","/projects","/pre-sale","home","money","canonical_money_owner","legal_review","REQUIRES_OFFICIAL_ASSET","attorney-reviewed","LEGAL_REVIEW","Receives contextual links from support pages in same cluster; no duplicate page may target this primary keyword.","Projects foundation",""
"KW-0042","פרויקט דמרי שדה דב","he","projects_developers","project_specific","buyer","navigational","decision","P0","/projects/dimri-yama-sde-dov","projects_city_hub","/projects/{city}","/projects/dimri-yama-sde-dov","projects_hub","money","canonical_money_owner","holding_for_official_source","REQUIRES_OFFICIAL_ASSET","official developer data","REQUIRES_OFFICIAL_ASSET","Receives contextual links from support pages in same cluster; no duplicate page may target this primary keyword.","Projects foundation","Existing URL"
"KW-0043","פרויקט רינבו תל אביב","he","projects_developers","project_specific","buyer","navigational","decision","P0","/projects/rainbow-tel-aviv","projects_city_hub","/projects/{city}","/projects/rainbow-tel-aviv","projects_hub","money","canonical_money_owner","holding_for_official_source","REQUIRES_OFFICIAL_ASSET","official developer data","REQUIRES_OFFICIAL_ASSET","Receives contextual links from support pages in same cluster; no duplicate page may target this primary keyword.","Projects foundation","Existing URL"
"KW-0044","חברות בניה בישראל","he","projects_developers","developers","buyer","informational","consideration","P2","/developers","projects_hub","/projects","/developers","home","money","canonical_money_owner","holding_for_official_source","REQUIRES_OFFICIAL_ASSET","company registry","OFFICIAL_SOURCE_REQUIRED","Receives contextual links from support pages in same cluster; no duplicate page may target this primary keyword.","Projects foundation",""
"KW-0045","דירוג חברות בניה","he","projects_developers","developers","buyer","comparison","consideration","P2","/developers/ranking","developer_page","/developers/{developer_slug}","/developers/ranking","projects_hub","money","canonical_money_owner","legal_review","OFFICIAL_SOURCE_REQUIRED","methodology + data","OFFICIAL_SOURCE_REQUIRED|LEGAL_REVIEW","Receives contextual links from support pages in same cluster; no duplicate page may target this primary keyword.","Projects foundation",""
"KW-0046","חברת דמרי","he","projects_developers","developers","buyer","navigational","consideration","P1","/developers/dimri","developer_page","/developers/{developer_slug}","/developers/dimri","projects_hub","money","canonical_money_owner","holding_for_official_source","OFFICIAL_SOURCE_REQUIRED","official + public filings","OFFICIAL_SOURCE_REQUIRED","Receives contextual links from support pages in same cluster; no duplicate page may target this primary keyword.","Projects foundation",""
"KW-0047","מחירון דירות חדשות","he","projects_developers","price_list","buyer","commercial","decision","P1","/projects/price-list","projects_city_hub","/projects/{city}","/projects/price-list","projects_hub","money","canonical_money_owner","holding_for_official_source","REQUIRES_OFFICIAL_ASSET","developer pricing","REQUIRES_OFFICIAL_ASSET","Receives contextual links from support pages in same cluster; no duplicate page may target this primary keyword.","Projects foundation",""
"KW-0048","buying property in israel","en","intl_investor","intl_overview","investor","informational","awareness","P0","/en/buy-property-israel","intl_buy_guide","/en/buy-property-israel","/en/buy-property-israel","intl_hub","support","support_page_links_to_money_owner","legal_review","LEGAL_REVIEW","attorney-reviewed","LEGAL_REVIEW","Support page links upward to parent hub and canonical money owner; avoid competing title and H1.","International foundation",""
"KW-0049","real estate israel","en","intl_investor","intl_overview","investor","informational","awareness","P0","/en","intl_hub","/en","/en","home","money","canonical_money_owner","legal_review","LEGAL_REVIEW","EN site stub required","NEEDS_VERIFICATION","Receives contextual links from support pages in same cluster; no duplicate page may target this primary keyword.","International foundation",""
"KW-0050","tel aviv apartments for sale","en","intl_investor","intl_city","investor","commercial","decision","P0","/en/buy/tel-aviv","intl_city_hub","/en/buy/{city}","/en/buy/tel-aviv","intl_hub","money","canonical_money_owner","backlog_verification","NEEDS_VERIFICATION","real supply","NEEDS_VERIFICATION","Receives contextual links from support pages in same cluster; no duplicate page may target this primary keyword.","International foundation",""
"KW-0051","jerusalem apartments for sale","en","intl_investor","intl_city","investor","commercial","decision","P1","/en/buy/jerusalem","intl_city_hub","/en/buy/{city}","/en/buy/jerusalem","intl_hub","money","canonical_money_owner","backlog_verification","NEEDS_VERIFICATION","real supply","NEEDS_VERIFICATION","Receives contextual links from support pages in same cluster; no duplicate page may target this primary keyword.","International foundation",""
"KW-0052","herzliya pituach real estate","en","intl_investor","intl_city","investor","commercial","decision","P1","/en/buy/herzliya-pituach","intl_city_hub","/en/buy/{city}","/en/buy/herzliya-pituach","intl_hub","money","canonical_money_owner","backlog_verification","NEEDS_VERIFICATION","real supply","NEEDS_VERIFICATION","Receives contextual links from support pages in same cluster; no duplicate page may target this primary keyword.","International foundation",""
"KW-0053","netanya apartments english speakers","en","intl_investor","intl_city","investor","commercial","decision","P1","/en/buy/netanya","intl_city_hub","/en/buy/{city}","/en/buy/netanya","intl_hub","money","canonical_money_owner","backlog_verification","NEEDS_VERIFICATION","real supply","NEEDS_VERIFICATION","Receives contextual links from support pages in same cluster; no duplicate page may target this primary keyword.","International foundation",""
"KW-0054","raanana real estate english","en","intl_investor","intl_city","investor","commercial","decision","P1","/en/buy/raanana","intl_city_hub","/en/buy/{city}","/en/buy/raanana","intl_hub","money","canonical_money_owner","backlog_verification","NEEDS_VERIFICATION","real supply","NEEDS_VERIFICATION","Receives contextual links from support pages in same cluster; no duplicate page may target this primary keyword.","International foundation",""
"KW-0055","sde dov tel aviv project","en","intl_investor","intl_project","investor","navigational","decision","P0","/en/projects/sde-dov","projects_city_hub","/projects/{city}","/en/projects/sde-dov","projects_hub","money","canonical_money_owner","holding_for_official_source","REQUIRES_OFFICIAL_ASSET","official developer","REQUIRES_OFFICIAL_ASSET","Receives contextual links from support pages in same cluster; no duplicate page may target this primary keyword.","Projects foundation",""
"KW-0056","new construction tel aviv","en","intl_investor","intl_projects","investor","commercial","consideration","P0","/en/new-construction/tel-aviv","projects_city_hub","/projects/{city}","/en/new-construction/tel-aviv","projects_hub","money","canonical_money_owner","holding_for_official_source","REQUIRES_OFFICIAL_ASSET","developer-verified","REQUIRES_OFFICIAL_ASSET","Receives contextual links from support pages in same cluster; no duplicate page may target this primary keyword.","Projects foundation",""
"KW-0057","foreign buyer purchase tax israel","en","intl_investor","intl_tax","investor","informational","consideration","P0","/en/tax/foreign-buyer-purchase-tax","intl_tax_guide","/en/tax/foreign-buyer-purchase-tax","/en/tax/foreign-buyer-purchase-tax","intl_hub","support","support_page_links_to_money_owner","legal_review","LEGAL_REVIEW","attorney + CPA reviewed","LEGAL_REVIEW|OFFICIAL_SOURCE_REQUIRED","Support page links upward to parent hub and canonical money owner; avoid competing title and H1.","International foundation",""
"KW-0058","mortgage in israel for foreigners","en","intl_investor","intl_finance","investor","informational","consideration","P0","/en/mortgage/foreign-buyers","intl_mortgage_guide","/en/mortgage","/en/mortgage/foreign-buyers","intl_hub","support","support_page_links_to_money_owner","legal_review","LEGAL_REVIEW","licensed advisor reviewed","LEGAL_REVIEW","Support page links upward to parent hub and canonical money owner; avoid competing title and H1.","International foundation",""
"KW-0059","israeli real estate lawyer english","en","intl_investor","intl_professionals","investor","commercial","decision","P1","/en/professionals/lawyers","professional_category","/professionals/{category}","/en/professionals/lawyers","professionals_hub","money","canonical_money_owner","holding_for_official_source","REQUIRES_OFFICIAL_ASSET","license verification","REQUIRES_OFFICIAL_ASSET","Receives contextual links from support pages in same cluster; no duplicate page may target this primary keyword.","Professionals foundation",""
"KW-0060","buying apartment israel aliyah","en","intl_investor","intl_aliyah","investor","informational","awareness","P1","/en/aliyah/buying-apartment","intl_buy_guide","/en/buy-property-israel","/en/aliyah/buying-apartment","intl_hub","support","support_page_links_to_money_owner","legal_review","LEGAL_REVIEW","partner with Nefesh / org review","LEGAL_REVIEW","Support page links upward to parent hub and canonical money owner; avoid competing title and H1.","International foundation",""
"KW-0061","investing in tel aviv real estate","en","intl_investor","intl_invest","investor","commercial","consideration","P1","/en/invest/tel-aviv","intl_hub","/en","/en/invest/tel-aviv","home","money","canonical_money_owner","legal_review","LEGAL_REVIEW","OFFICIAL CBS data","OFFICIAL_SOURCE_REQUIRED","Receives contextual links from support pages in same cluster; no duplicate page may target this primary keyword.","International foundation",""
"KW-0062","rental yield israel","en","intl_investor","intl_invest","investor","informational","consideration","P1","/en/invest/rental-yields","rental_yield_tool","/rental-yield-calculator","/en/invest/rental-yields","tools_hub","money","canonical_money_owner","legal_review","LEGAL_REVIEW","CBS + market data","OFFICIAL_SOURCE_REQUIRED","Receives contextual links from support pages in same cluster; no duplicate page may target this primary keyword.","Tools foundation",""
"KW-0063","israel property market 2026","en","intl_investor","intl_market","investor","informational","awareness","P1","/en/market/2026","intl_hub","/en","/en/market/2026","home","money","canonical_money_owner","legal_review","LEGAL_REVIEW","CBS + Bank of Israel","OFFICIAL_SOURCE_REQUIRED","Receives contextual links from support pages in same cluster; no duplicate page may target this primary keyword.","International foundation",""
"KW-0064","tama 38 explained","en","intl_investor","intl_renewal","investor","informational","awareness","P1","/en/urban-renewal/tama-38","tama38_topic","/urban-renewal/tama-38","/en/urban-renewal/tama-38","urban_renewal_hub","support","support_page_links_to_money_owner","legal_review","LEGAL_REVIEW","attorney-reviewed","LEGAL_REVIEW","Support page links upward to parent hub and canonical money owner; avoid competing title and H1.","Authority foundation",""
"KW-0065","pinui binui meaning","en","intl_investor","intl_renewal","investor","informational","awareness","P2","/en/urban-renewal/pinui-binui","pinui_binui_topic","/urban-renewal/pinui-binui","/en/urban-renewal/pinui-binui","urban_renewal_hub","support","support_page_links_to_money_owner","legal_review","LEGAL_REVIEW","attorney-reviewed","LEGAL_REVIEW","Support page links upward to parent hub and canonical money owner; avoid competing title and H1.","Authority foundation",""
"KW-0066","how to buy property in israel from usa","en","intl_investor","intl_process","investor","informational","consideration","P1","/en/buy/from-usa","intl_city_hub","/en/buy/{city}","/en/buy/from-usa","intl_hub","money","canonical_money_owner","legal_review","NEEDS_VERIFICATION","attorney + CPA reviewed","LEGAL_REVIEW","Receives contextual links from support pages in same cluster; no duplicate page may target this primary keyword.","International foundation",""
"KW-0067","how to buy property in israel from uk","en","intl_investor","intl_process","investor","informational","consideration","P2","/en/buy/from-uk","intl_city_hub","/en/buy/{city}","/en/buy/from-uk","intl_hub","money","canonical_money_owner","legal_review","NEEDS_VERIFICATION","attorney reviewed","LEGAL_REVIEW","Receives contextual links from support pages in same cluster; no duplicate page may target this primary keyword.","International foundation",""
"KW-0068","how to buy property in israel from france","en","intl_investor","intl_process","investor","informational","consideration","P2","/en/buy/from-france","intl_city_hub","/en/buy/{city}","/en/buy/from-france","intl_hub","money","canonical_money_owner","legal_review","NEEDS_VERIFICATION","attorney reviewed","LEGAL_REVIEW","Receives contextual links from support pages in same cluster; no duplicate page may target this primary keyword.","International foundation",""
"KW-0069","israeli mortgage calculator english","en","intl_investor","intl_tools","investor","commercial","decision","P1","/en/tools/mortgage-calculator","mortgage_calculator","/mortgage-calculator","/en/tools/mortgage-calculator","tools_hub","support","support_page_links_to_money_owner","legal_review","LEGAL_REVIEW","disclaimer","LEGAL_REVIEW","Support page links upward to parent hub and canonical money owner; avoid competing title and H1.","Tools foundation",""
"KW-0070","purchase tax calculator israel","en","intl_investor","intl_tools","investor","commercial","decision","P0","/en/tools/purchase-tax-calculator","purchase_tax_calculator","/purchase-tax-calculator","/en/tools/purchase-tax-calculator","tools_hub","support","support_page_links_to_money_owner","legal_review","LEGAL_REVIEW","Tax Authority brackets","LEGAL_REVIEW|OFFICIAL_SOURCE_REQUIRED","Support page links upward to parent hub and canonical money owner; avoid competing title and H1.","Tools foundation",""
"KW-0071","מחשבון משכנתא","he","tools_calculators","mortgage","buyer","transactional","decision","P0","/tools/mortgage-calculator","mortgage_calculator","/mortgage-calculator","/tools/mortgage-calculator","tools_hub","support","support_page_links_to_money_owner","legal_review","LEGAL_REVIEW","licensed advisor disclaimer","LEGAL_REVIEW","Support page links upward to parent hub and canonical money owner; avoid competing title and H1.","Tools foundation",""
"KW-0072","החזר משכנתא חודשי","he","tools_calculators","mortgage","buyer","informational","consideration","P1","/tools/monthly-payment","mortgage_calculator","/mortgage-calculator","/tools/monthly-payment","tools_hub","support","support_page_links_to_money_owner","legal_review","LEGAL_REVIEW","disclaimer","LEGAL_REVIEW","Support page links upward to parent hub and canonical money owner; avoid competing title and H1.","Tools foundation",""
"KW-0073","מחשבון מס רכישה","he","tools_calculators","tax","buyer","transactional","decision","P0","/tools/purchase-tax-calculator","purchase_tax_calculator","/purchase-tax-calculator","/tools/purchase-tax-calculator","tools_hub","support","support_page_links_to_money_owner","legal_review","LEGAL_REVIEW","Tax Authority brackets","LEGAL_REVIEW|OFFICIAL_SOURCE_REQUIRED","Support page links upward to parent hub and canonical money owner; avoid competing title and H1.","Tools foundation",""
"KW-0074","מס רכישה דירה ראשונה","he","tools_calculators","tax","buyer","informational","consideration","P0","/tax/purchase-tax-first-home","purchase_tax_calculator","/purchase-tax-calculator","/tax/purchase-tax-first-home","tools_hub","support","support_page_links_to_money_owner","legal_review","LEGAL_REVIEW","Tax Authority","LEGAL_REVIEW|OFFICIAL_SOURCE_REQUIRED","Support page links upward to parent hub and canonical money owner; avoid competing title and H1.","Tools foundation",""
"KW-0075","מס רכישה דירה שניה","he","tools_calculators","tax","investor","informational","consideration","P0","/tax/purchase-tax-second-home","purchase_tax_calculator","/purchase-tax-calculator","/tax/purchase-tax-second-home","tools_hub","support","support_page_links_to_money_owner","legal_review","LEGAL_REVIEW","Tax Authority","LEGAL_REVIEW|OFFICIAL_SOURCE_REQUIRED","Support page links upward to parent hub and canonical money owner; avoid competing title and H1.","Tools foundation",""
"KW-0076","מס שבח","he","tools_calculators","tax","seller","informational","consideration","P0","/tax/capital-gains","purchase_tax_calculator","/purchase-tax-calculator","/tax/capital-gains","tools_hub","support","support_page_links_to_money_owner","legal_review","LEGAL_REVIEW","Tax Authority","LEGAL_REVIEW|OFFICIAL_SOURCE_REQUIRED","Support page links upward to parent hub and canonical money owner; avoid competing title and H1.","Tools foundation",""
"KW-0077","מחשבון מס שבח","he","tools_calculators","tax","seller","transactional","decision","P0","/tools/capital-gains-calculator","purchase_tax_calculator","/purchase-tax-calculator","/tools/capital-gains-calculator","tools_hub","support","support_page_links_to_money_owner","legal_review","LEGAL_REVIEW","Tax Authority","LEGAL_REVIEW|OFFICIAL_SOURCE_REQUIRED","Support page links upward to parent hub and canonical money owner; avoid competing title and H1.","Tools foundation",""
"KW-0078","מחשבון תשואה דירה","he","tools_calculators","yield","investor","transactional","decision","P0","/tools/rental-yield-calculator","rental_yield_tool","/rental-yield-calculator","/tools/rental-yield-calculator","tools_hub","money","canonical_money_owner","legal_review","LEGAL_REVIEW","methodology disclosure","NEEDS_VERIFICATION","Receives contextual links from support pages in same cluster; no duplicate page may target this primary keyword.","Tools foundation",""
"KW-0079","תשואה ממוצעת דירה תל אביב","he","tools_calculators","yield","investor","informational","consideration","P1","/data/yields/tel-aviv","rental_yield_tool","/rental-yield-calculator","/data/yields/tel-aviv","tools_hub","money","canonical_money_owner","legal_review","LEGAL_REVIEW","CBS + market data","OFFICIAL_SOURCE_REQUIRED","Receives contextual links from support pages in same cluster; no duplicate page may target this primary keyword.","Tools foundation",""
"KW-0080","מחשבון עלות שיפוץ","he","tools_calculators","renovation","buyer","commercial","consideration","P1","/tools/renovation-calculator","tools_hub","/tools","/tools/renovation-calculator","home","support","support_page_links_to_money_owner","legal_review","LEGAL_REVIEW","contractor data","NEEDS_VERIFICATION","Support page links upward to parent hub and canonical money owner; avoid competing title and H1.","Tools foundation",""
"KW-0081","עלות שיפוץ דירה לפי מטר","he","tools_calculators","renovation","buyer","informational","consideration","P1","/guides/renovation-cost-per-sqm","tools_hub","/tools","/guides/renovation-cost-per-sqm","home","support","support_page_links_to_money_owner","legal_review","LEGAL_REVIEW","contractor survey","NEEDS_VERIFICATION","Support page links upward to parent hub and canonical money owner; avoid competing title and H1.","Tools foundation",""
"KW-0082","מחשבון הון עצמי","he","tools_calculators","mortgage","buyer","transactional","decision","P1","/tools/equity-calculator","mortgage_calculator","/mortgage-calculator","/tools/equity-calculator","tools_hub","support","support_page_links_to_money_owner","legal_review","LEGAL_REVIEW","Bank of Israel LTV rules","LEGAL_REVIEW|OFFICIAL_SOURCE_REQUIRED","Support page links upward to parent hub and canonical money owner; avoid competing title and H1.","Tools foundation",""
"KW-0083","מחשבון יכולת החזר","he","tools_calculators","mortgage","buyer","transactional","decision","P1","/tools/affordability-calculator","mortgage_calculator","/mortgage-calculator","/tools/affordability-calculator","tools_hub","support","support_page_links_to_money_owner","legal_review","LEGAL_REVIEW","disclaimer","LEGAL_REVIEW","Support page links upward to parent hub and canonical money owner; avoid competing title and H1.","Tools foundation",""
"KW-0084","מחשבון עמלת פירעון מוקדם","he","tools_calculators","mortgage","buyer","transactional","decision","P1","/tools/early-repayment-fee","mortgage_calculator","/mortgage-calculator","/tools/early-repayment-fee","tools_hub","support","support_page_links_to_money_owner","legal_review","LEGAL_REVIEW","Bank of Israel formula","LEGAL_REVIEW|OFFICIAL_SOURCE_REQUIRED","Support page links upward to parent hub and canonical money owner; avoid competing title and H1.","Tools foundation",""
"KW-0085","תהליך קניית דירה","he","tools_calculators","buying_process","buyer","informational","awareness","P0","/guides/buying-process","glossary_hub","/glossary","/guides/buying-process","home","support","support_page_links_to_money_owner","legal_review","NEEDS_VERIFICATION","attorney-reviewed","LEGAL_REVIEW","Support page links upward to parent hub and canonical money owner; avoid competing title and H1.","AEO foundation",""
"KW-0086","שלבים בקניית דירה","he","tools_calculators","buying_process","buyer","informational","awareness","P1","/guides/buying-steps","glossary_hub","/glossary","/guides/buying-steps","home","support","support_page_links_to_money_owner","legal_review","NEEDS_VERIFICATION","attorney-reviewed","LEGAL_REVIEW","Support page links upward to parent hub and canonical money owner; avoid competing title and H1.","AEO foundation",""
"KW-0087","מסמכים לקניית דירה","he","tools_calculators","buying_process","buyer","informational","consideration","P1","/guides/buying-documents","glossary_hub","/glossary","/guides/buying-documents","home","support","support_page_links_to_money_owner","legal_review","NEEDS_VERIFICATION","attorney-reviewed","LEGAL_REVIEW","Support page links upward to parent hub and canonical money owner; avoid competing title and H1.","AEO foundation",""
"KW-0088","בדיקת נסח טאבו","he","tools_calculators","due_diligence","buyer","informational","decision","P1","/guides/tabu-extract","glossary_hub","/glossary","/guides/tabu-extract","home","support","support_page_links_to_money_owner","legal_review","NEEDS_VERIFICATION","attorney-reviewed","LEGAL_REVIEW|OFFICIAL_SOURCE_REQUIRED","Support page links upward to parent hub and canonical money owner; avoid competing title and H1.","AEO foundation",""
"KW-0089","נסח טאבו אונליין","he","tools_calculators","due_diligence","buyer","navigational","decision","P2","/guides/tabu-online","glossary_hub","/glossary","/guides/tabu-online","home","support","support_page_links_to_money_owner","holding_for_official_source","NEEDS_VERIFICATION","Land Registry","OFFICIAL_SOURCE_REQUIRED","Support page links upward to parent hub and canonical money owner; avoid competing title and H1.","AEO foundation",""
"KW-0090","מתווכים תל אביב","he","professionals_directory","realtors","buyer","local","decision","P1","/professionals/realtors/tel-aviv","professional_city_category","/professionals/{category}/{city}","/professionals/realtors/tel-aviv","professional_category","money","canonical_money_owner","holding_for_official_source","REQUIRES_OFFICIAL_ASSET","license verification","REQUIRES_OFFICIAL_ASSET","Receives contextual links from support pages in same cluster; no duplicate page may target this primary keyword.","Professionals scale",""
"KW-0091","מתווך דירות","he","professionals_directory","realtors","buyer","commercial","decision","P1","/professionals/realtors","professional_category","/professionals/{category}","/professionals/realtors","professionals_hub","money","canonical_money_owner","holding_for_official_source","REQUIRES_OFFICIAL_ASSET","license verification","REQUIRES_OFFICIAL_ASSET","Receives contextual links from support pages in same cluster; no duplicate page may target this primary keyword.","Professionals foundation",""
"KW-0092","מתווכים מומלצים","he","professionals_directory","realtors","buyer","comparison","decision","P1","/professionals/realtors/recommended","professional_city_category","/professionals/{category}/{city}","/professionals/realtors/recommended","professional_category","money","canonical_money_owner","legal_review","REQUIRES_OFFICIAL_ASSET","license + review policy","REQUIRES_OFFICIAL_ASSET|LEGAL_REVIEW","Receives contextual links from support pages in same cluster; no duplicate page may target this primary keyword.","Professionals scale",""
"KW-0093","דמי תיווך","he","professionals_directory","realtors","buyer","informational","consideration","P1","/guides/realtor-fees","glossary_hub","/glossary","/guides/realtor-fees","home","support","support_page_links_to_money_owner","legal_review","NEEDS_VERIFICATION","attorney-reviewed","LEGAL_REVIEW","Support page links upward to parent hub and canonical money owner; avoid competing title and H1.","AEO foundation",""
"KW-0094","עורך דין מקרקעין","he","professionals_directory","lawyers","buyer","commercial","decision","P1","/professionals/lawyers","professional_category","/professionals/{category}","/professionals/lawyers","professionals_hub","money","canonical_money_owner","holding_for_official_source","REQUIRES_OFFICIAL_ASSET","bar association verification","REQUIRES_OFFICIAL_ASSET","Receives contextual links from support pages in same cluster; no duplicate page may target this primary keyword.","Professionals foundation",""
"KW-0095","עורך דין מקרקעין תל אביב","he","professionals_directory","lawyers","buyer","local","decision","P1","/professionals/lawyers/tel-aviv","professional_city_category","/professionals/{category}/{city}","/professionals/lawyers/tel-aviv","professional_category","money","canonical_money_owner","holding_for_official_source","REQUIRES_OFFICIAL_ASSET","bar verification","REQUIRES_OFFICIAL_ASSET","Receives contextual links from support pages in same cluster; no duplicate page may target this primary keyword.","Professionals scale",""
"KW-0096","עורך דין מקרקעין ירושלים","he","professionals_directory","lawyers","buyer","local","decision","P2","/professionals/lawyers/jerusalem","professional_city_category","/professionals/{category}/{city}","/professionals/lawyers/jerusalem","professional_category","money","canonical_money_owner","holding_for_official_source","REQUIRES_OFFICIAL_ASSET","bar verification","REQUIRES_OFFICIAL_ASSET","Receives contextual links from support pages in same cluster; no duplicate page may target this primary keyword.","Professionals scale",""
"KW-0097","שכר טרחת עורך דין דירה","he","professionals_directory","lawyers","buyer","informational","consideration","P1","/guides/lawyer-fees-apartment","glossary_hub","/glossary","/guides/lawyer-fees-apartment","home","support","support_page_links_to_money_owner","legal_review","NEEDS_VERIFICATION","bar guidance","LEGAL_REVIEW","Support page links upward to parent hub and canonical money owner; avoid competing title and H1.","AEO foundation",""
"KW-0098","יועץ משכנתאות","he","professionals_directory","mortgage_advisors","buyer","commercial","decision","P1","/professionals/mortgage-advisors","professional_category","/professionals/{category}","/professionals/mortgage-advisors","professionals_hub","money","canonical_money_owner","holding_for_official_source","REQUIRES_OFFICIAL_ASSET","license verification","REQUIRES_OFFICIAL_ASSET","Receives contextual links from support pages in same cluster; no duplicate page may target this primary keyword.","Professionals foundation",""
"KW-0099","יועץ משכנתאות מומלץ","he","professionals_directory","mortgage_advisors","buyer","comparison","decision","P1","/professionals/mortgage-advisors/recommended","professional_city_category","/professionals/{category}/{city}","/professionals/mortgage-advisors/recommended","professional_category","money","canonical_money_owner","holding_for_official_source","REQUIRES_OFFICIAL_ASSET","license + reviews","REQUIRES_OFFICIAL_ASSET","Receives contextual links from support pages in same cluster; no duplicate page may target this primary keyword.","Professionals scale",""
"KW-0100","שמאי מקרקעין","he","professionals_directory","appraisers","seller","commercial","decision","P1","/professionals/appraisers","professional_category","/professionals/{category}","/professionals/appraisers","professionals_hub","money","canonical_money_owner","holding_for_official_source","REQUIRES_OFFICIAL_ASSET","council of appraisers verification","REQUIRES_OFFICIAL_ASSET","Receives contextual links from support pages in same cluster; no duplicate page may target this primary keyword.","Professionals foundation",""
"KW-0101","שמאי מקרקעין מחיר","he","professionals_directory","appraisers","seller","informational","consideration","P2","/guides/appraiser-cost","glossary_hub","/glossary","/guides/appraiser-cost","home","support","support_page_links_to_money_owner","backlog_verification","NEEDS_VERIFICATION","survey","NEEDS_VERIFICATION","Support page links upward to parent hub and canonical money owner; avoid competing title and H1.","AEO foundation",""
"KW-0102","בודק דירות","he","professionals_directory","inspectors","buyer","commercial","decision","P1","/professionals/inspectors","professional_category","/professionals/{category}","/professionals/inspectors","professionals_hub","money","canonical_money_owner","holding_for_official_source","REQUIRES_OFFICIAL_ASSET","credentials check","REQUIRES_OFFICIAL_ASSET","Receives contextual links from support pages in same cluster; no duplicate page may target this primary keyword.","Professionals foundation",""
"KW-0103","בדק בית","he","professionals_directory","inspectors","buyer","commercial","decision","P1","/professionals/home-inspection","professional_category","/professionals/{category}","/professionals/home-inspection","professionals_hub","money","canonical_money_owner","holding_for_official_source","REQUIRES_OFFICIAL_ASSET","credentials check","REQUIRES_OFFICIAL_ASSET","Receives contextual links from support pages in same cluster; no duplicate page may target this primary keyword.","Professionals foundation",""
"KW-0104","ליקויי בנייה","he","professionals_directory","inspectors","buyer","informational","consideration","P2","/guides/construction-defects","glossary_hub","/glossary","/guides/construction-defects","home","support","support_page_links_to_money_owner","legal_review","NEEDS_VERIFICATION","attorney + engineer","LEGAL_REVIEW","Support page links upward to parent hub and canonical money owner; avoid competing title and H1.","AEO foundation",""
"KW-0105","מעצב פנים דירה","he","professionals_directory","designers","buyer","commercial","decision","P2","/professionals/interior-designers","professional_category","/professionals/{category}","/professionals/interior-designers","professionals_hub","money","canonical_money_owner","holding_for_official_source","REQUIRES_OFFICIAL_ASSET","portfolio verification","NEEDS_VERIFICATION","Receives contextual links from support pages in same cluster; no duplicate page may target this primary keyword.","Professionals foundation",""
"KW-0106","אדריכל דירה","he","professionals_directory","designers","buyer","commercial","decision","P2","/professionals/architects","professional_category","/professionals/{category}","/professionals/architects","professionals_hub","money","canonical_money_owner","holding_for_official_source","REQUIRES_OFFICIAL_ASSET","architects registry","REQUIRES_OFFICIAL_ASSET","Receives contextual links from support pages in same cluster; no duplicate page may target this primary keyword.","Professionals foundation",""
"KW-0107","קבלן שיפוצים","he","professionals_directory","contractors","buyer","commercial","decision","P1","/professionals/renovation-contractors","professional_category","/professionals/{category}","/professionals/renovation-contractors","professionals_hub","money","canonical_money_owner","holding_for_official_source","REQUIRES_OFFICIAL_ASSET","contractor registry","REQUIRES_OFFICIAL_ASSET","Receives contextual links from support pages in same cluster; no duplicate page may target this primary keyword.","Professionals foundation",""
"KW-0108","קבלן שיפוצים תל אביב","he","professionals_directory","contractors","buyer","local","decision","P2","/professionals/renovation-contractors/tel-aviv","professional_city_category","/professionals/{category}/{city}","/professionals/renovation-contractors/tel-aviv","professional_category","money","canonical_money_owner","holding_for_official_source","REQUIRES_OFFICIAL_ASSET","contractor registry","REQUIRES_OFFICIAL_ASSET","Receives contextual links from support pages in same cluster; no duplicate page may target this primary keyword.","Professionals scale",""
"KW-0109","איך לבחור מתווך","he","professionals_directory","realtors","buyer","informational","consideration","P1","/guides/choose-realtor","glossary_hub","/glossary","/guides/choose-realtor","home","support","support_page_links_to_money_owner","backlog_verification","NEEDS_VERIFICATION","editorial","NEEDS_VERIFICATION","Support page links upward to parent hub and canonical money owner; avoid competing title and H1.","AEO foundation",""
"KW-0110","איך לבחור עורך דין מקרקעין","he","professionals_directory","lawyers","buyer","informational","consideration","P1","/guides/choose-real-estate-lawyer","glossary_hub","/glossary","/guides/choose-real-estate-lawyer","home","support","support_page_links_to_money_owner","legal_review","NEEDS_VERIFICATION","editorial","LEGAL_REVIEW","Support page links upward to parent hub and canonical money owner; avoid competing title and H1.","AEO foundation",""
"KW-0111","תמא 38","he","urban_renewal","tama38_general","owner","informational","awareness","P0","/urban-renewal/tama-38","tama38_topic","/urban-renewal/tama-38","/urban-renewal/tama-38","urban_renewal_hub","support","support_page_links_to_money_owner","legal_review","LEGAL_REVIEW","attorney-reviewed","LEGAL_REVIEW","Support page links upward to parent hub and canonical money owner; avoid competing title and H1.","Authority foundation",""
"KW-0112","תמא 38 1","he","urban_renewal","tama38_variants","owner","informational","awareness","P1","/urban-renewal/tama-38-1","urban_renewal_city","/urban-renewal/{city}","/urban-renewal/tama-38-1","urban_renewal_hub","support","support_page_links_to_money_owner","legal_review","LEGAL_REVIEW","attorney-reviewed","LEGAL_REVIEW","Support page links upward to parent hub and canonical money owner; avoid competing title and H1.","Authority scale",""
"KW-0113","תמא 38 2","he","urban_renewal","tama38_variants","owner","informational","awareness","P1","/urban-renewal/tama-38-2","urban_renewal_city","/urban-renewal/{city}","/urban-renewal/tama-38-2","urban_renewal_hub","support","support_page_links_to_money_owner","legal_review","LEGAL_REVIEW","attorney-reviewed","LEGAL_REVIEW","Support page links upward to parent hub and canonical money owner; avoid competing title and H1.","Authority scale",""
"KW-0114","תמא 38 זכויות דיירים","he","urban_renewal","tama38_rights","owner","informational","consideration","P0","/urban-renewal/tama-38-tenant-rights","urban_renewal_city","/urban-renewal/{city}","/urban-renewal/tama-38-tenant-rights","urban_renewal_hub","support","support_page_links_to_money_owner","legal_review","LEGAL_REVIEW","attorney-reviewed","LEGAL_REVIEW","Support page links upward to parent hub and canonical money owner; avoid competing title and H1.","Authority scale",""
"KW-0115","תמא 38 מיסוי","he","urban_renewal","tama38_tax","owner","informational","consideration","P1","/urban-renewal/tama-38-tax","urban_renewal_city","/urban-renewal/{city}","/urban-renewal/tama-38-tax","urban_renewal_hub","support","support_page_links_to_money_owner","legal_review","LEGAL_REVIEW","CPA + attorney","LEGAL_REVIEW|OFFICIAL_SOURCE_REQUIRED","Support page links upward to parent hub and canonical money owner; avoid competing title and H1.","Authority scale",""
"KW-0116","פינוי בינוי","he","urban_renewal","pinui_binui_general","owner","informational","awareness","P0","/urban-renewal/pinui-binui","pinui_binui_topic","/urban-renewal/pinui-binui","/urban-renewal/pinui-binui","urban_renewal_hub","support","support_page_links_to_money_owner","legal_review","LEGAL_REVIEW","attorney-reviewed","LEGAL_REVIEW","Support page links upward to parent hub and canonical money owner; avoid competing title and H1.","Authority foundation",""
"KW-0117","פינוי בינוי זכויות דיירים","he","urban_renewal","pinui_binui_rights","owner","informational","consideration","P0","/urban-renewal/pinui-binui-tenant-rights","urban_renewal_city","/urban-renewal/{city}","/urban-renewal/pinui-binui-tenant-rights","urban_renewal_hub","support","support_page_links_to_money_owner","legal_review","LEGAL_REVIEW","attorney-reviewed","LEGAL_REVIEW","Support page links upward to parent hub and canonical money owner; avoid competing title and H1.","Authority scale",""
"KW-0118","התחדשות עירונית","he","urban_renewal","renewal_general","owner","informational","awareness","P0","/urban-renewal","urban_renewal_hub","/urban-renewal","/urban-renewal","home","support","support_page_links_to_money_owner","legal_review","LEGAL_REVIEW","attorney + municipal","LEGAL_REVIEW","Support page links upward to parent hub and canonical money owner; avoid competing title and H1.","Authority foundation",""
"KW-0119","התחדשות עירונית תל אביב","he","urban_renewal","renewal_city","owner","local","consideration","P1","/urban-renewal/tel-aviv","urban_renewal_city","/urban-renewal/{city}","/urban-renewal/tel-aviv","urban_renewal_hub","support","support_page_links_to_money_owner","legal_review","LEGAL_REVIEW","municipal data","OFFICIAL_SOURCE_REQUIRED","Support page links upward to parent hub and canonical money owner; avoid competing title and H1.","Authority scale",""
"KW-0120","התחדשות עירונית רמת גן","he","urban_renewal","renewal_city","owner","local","consideration","P2","/urban-renewal/ramat-gan","urban_renewal_city","/urban-renewal/{city}","/urban-renewal/ramat-gan","urban_renewal_hub","support","support_page_links_to_money_owner","legal_review","LEGAL_REVIEW","municipal data","OFFICIAL_SOURCE_REQUIRED","Support page links upward to parent hub and canonical money owner; avoid competing title and H1.","Authority scale",""
"KW-0121","היתר בניה","he","urban_renewal","permits","owner","informational","consideration","P1","/guides/building-permit","glossary_hub","/glossary","/guides/building-permit","home","support","support_page_links_to_money_owner","legal_review","NEEDS_VERIFICATION","municipal + attorney","LEGAL_REVIEW|OFFICIAL_SOURCE_REQUIRED","Support page links upward to parent hub and canonical money owner; avoid competing title and H1.","AEO foundation",""
"KW-0122","תוכנית בניין עיר","he","urban_renewal","planning","owner","informational","consideration","P1","/guides/city-master-plan","glossary_hub","/glossary","/guides/city-master-plan","home","support","support_page_links_to_money_owner","holding_for_official_source","NEEDS_VERIFICATION","municipal","OFFICIAL_SOURCE_REQUIRED","Support page links upward to parent hub and canonical money owner; avoid competing title and H1.","AEO foundation",""
"KW-0123","תב""ע","he","urban_renewal","planning","owner","informational","consideration","P1","/guides/tabaa","glossary_hub","/glossary","/guides/tabaa","home","support","support_page_links_to_money_owner","holding_for_official_source","NEEDS_VERIFICATION","municipal","OFFICIAL_SOURCE_REQUIRED","Support page links upward to parent hub and canonical money owner; avoid competing title and H1.","AEO foundation",""
"KW-0124","ועדה מקומית לתכנון ובניה","he","urban_renewal","planning","owner","informational","consideration","P2","/guides/local-planning-committee","glossary_hub","/glossary","/guides/local-planning-committee","home","support","support_page_links_to_money_owner","holding_for_official_source","NEEDS_VERIFICATION","municipal","OFFICIAL_SOURCE_REQUIRED","Support page links upward to parent hub and canonical money owner; avoid competing title and H1.","AEO foundation",""
"KW-0125","חוק התחדשות עירונית","he","urban_renewal","renewal_law","owner","informational","consideration","P2","/urban-renewal/law","urban_renewal_city","/urban-renewal/{city}","/urban-renewal/law","urban_renewal_hub","support","support_page_links_to_money_owner","legal_review","LEGAL_REVIEW","attorney-reviewed","LEGAL_REVIEW","Support page links upward to parent hub and canonical money owner; avoid competing title and H1.","Authority scale",""
"KW-0126","דייר סרבן","he","urban_renewal","pinui_binui_rights","owner","informational","consideration","P1","/urban-renewal/refusing-tenant","urban_renewal_city","/urban-renewal/{city}","/urban-renewal/refusing-tenant","urban_renewal_hub","support","support_page_links_to_money_owner","legal_review","LEGAL_REVIEW","attorney-reviewed","LEGAL_REVIEW","Support page links upward to parent hub and canonical money owner; avoid competing title and H1.","Authority scale",""
"KW-0127","סיור וירטואלי דירה","he","showroom_3d","virtual_tour","buyer","commercial","consideration","P1","/features/virtual-tours","showroom_3d","/projects/{project_slug}/showroom","/features/virtual-tours","project_detail","money","canonical_money_owner","holding_for_official_source","REQUIRES_OFFICIAL_ASSET","real tour assets","REQUIRES_OFFICIAL_ASSET","Receives contextual links from support pages in same cluster; no duplicate page may target this primary keyword.","Project showroom",""
"KW-0128","מפת פרויקטים","he","showroom_3d","map_discovery","buyer","commercial","consideration","P1","/map","buy_hub","/buy","/map","home","money","canonical_money_owner","holding_for_official_source","NEEDS_VERIFICATION","verified project data","REQUIRES_OFFICIAL_ASSET","Receives contextual links from support pages in same cluster; no duplicate page may target this primary keyword.","Marketplace foundation",""
"KW-0129","מפת התחדשות עירונית","he","showroom_3d","map_discovery","owner","informational","consideration","P1","/urban-renewal/map","urban_renewal_city","/urban-renewal/{city}","/urban-renewal/map","urban_renewal_hub","support","support_page_links_to_money_owner","legal_review","LEGAL_REVIEW","municipal data","OFFICIAL_SOURCE_REQUIRED","Support page links upward to parent hub and canonical money owner; avoid competing title and H1.","Authority scale",""
"KW-0130","מפת מחירי דירות","he","showroom_3d","map_discovery","buyer","informational","consideration","P1","/map/prices","price_sqm_city","/market/{city}/price-per-sqm","/map/prices","city_buy_hub","support","support_page_links_to_money_owner","holding_for_official_source","OFFICIAL_SOURCE_REQUIRED","CBS / transaction data","OFFICIAL_SOURCE_REQUIRED","Support page links upward to parent hub and canonical money owner; avoid competing title and H1.","Data foundation",""
"KW-0131","הדמיה תלת מימד דירה","he","showroom_3d","3d_renders","buyer","informational","consideration","P2","/guides/3d-renders","showroom_3d","/projects/{project_slug}/showroom","/guides/3d-renders","project_detail","money","canonical_money_owner","holding_for_official_source","REQUIRES_OFFICIAL_ASSET","disclaimer mandatory","REQUIRES_OFFICIAL_ASSET","Receives contextual links from support pages in same cluster; no duplicate page may target this primary keyword.","Project showroom",""
"KW-0132","showroom פרויקט","he","showroom_3d","showroom","buyer","navigational","consideration","P1","/features/showroom","showroom_3d","/projects/{project_slug}/showroom","/features/showroom","project_detail","money","canonical_money_owner","holding_for_official_source","REQUIRES_OFFICIAL_ASSET","state-machine compliant","REQUIRES_OFFICIAL_ASSET","Receives contextual links from support pages in same cluster; no duplicate page may target this primary keyword.","Project showroom",""
"KW-0133","3d apartment tour israel","en","showroom_3d","virtual_tour","investor","commercial","consideration","P2","/en/features/virtual-tours","showroom_3d","/projects/{project_slug}/showroom","/en/features/virtual-tours","project_detail","money","canonical_money_owner","holding_for_official_source","REQUIRES_OFFICIAL_ASSET","real assets","REQUIRES_OFFICIAL_ASSET","Receives contextual links from support pages in same cluster; no duplicate page may target this primary keyword.","Project showroom",""
"KW-0134","interactive map israel real estate","en","showroom_3d","map_discovery","investor","commercial","consideration","P2","/en/map","showroom_3d","/projects/{project_slug}/showroom","/en/map","project_detail","money","canonical_money_owner","holding_for_official_source","REQUIRES_OFFICIAL_ASSET","verified data","REQUIRES_OFFICIAL_ASSET","Receives contextual links from support pages in same cluster; no duplicate page may target this primary keyword.","Project showroom",""
"KW-0135","הדמיה לעומת תמונה אמיתית","he","showroom_3d","trust","buyer","due_diligence","consideration","P1","/guides/render-vs-photo","showroom_3d","/projects/{project_slug}/showroom","/guides/render-vs-photo","project_detail","money","canonical_money_owner","holding_for_official_source","REQUIRES_OFFICIAL_ASSET","editorial","NEEDS_VERIFICATION","Receives contextual links from support pages in same cluster; no duplicate page may target this primary keyword.","Project showroom",""
"KW-0136","יד2 או מדלן","he","trust_comparison","platform_compare","buyer","comparison","consideration","P1","/compare/yad2-vs-madlan","comparison_yad2_madlan","/compare/yad2-vs-madlan-vs-nadlan","/compare/yad2-vs-madlan","trust_center","support","support_page_links_to_money_owner","legal_review","LEGAL_REVIEW","editorial integrity","NEEDS_VERIFICATION","Support page links upward to parent hub and canonical money owner; avoid competing title and H1.","Trust foundation",""
"KW-0137","האתר הטוב ביותר לחיפוש דירה","he","trust_comparison","platform_compare","buyer","comparison","consideration","P1","/compare/best-real-estate-sites","comparison_yad2_madlan","/compare/yad2-vs-madlan-vs-nadlan","/compare/best-real-estate-sites","trust_center","support","support_page_links_to_money_owner","legal_review","LEGAL_REVIEW","editorial","NEEDS_VERIFICATION","Support page links upward to parent hub and canonical money owner; avoid competing title and H1.","Trust foundation",""
"KW-0138","ביקורות יד2","he","trust_comparison","platform_reviews","buyer","due_diligence","consideration","P2","/reviews/yad2","comparison_yad2_madlan","/compare/yad2-vs-madlan-vs-nadlan","/reviews/yad2","trust_center","support","support_page_links_to_money_owner","legal_review","LEGAL_REVIEW","editorial","NEEDS_VERIFICATION","Support page links upward to parent hub and canonical money owner; avoid competing title and H1.","Trust foundation",""
"KW-0139","ביקורות מדלן","he","trust_comparison","platform_reviews","buyer","due_diligence","consideration","P2","/reviews/madlan","comparison_yad2_madlan","/compare/yad2-vs-madlan-vs-nadlan","/reviews/madlan","trust_center","support","support_page_links_to_money_owner","legal_review","LEGAL_REVIEW","editorial","NEEDS_VERIFICATION","Support page links upward to parent hub and canonical money owner; avoid competing title and H1.","Trust foundation",""
"KW-0140","הונאות נדל""ן","he","trust_comparison","scams","buyer","due_diligence","awareness","P0","/guides/real-estate-scams","trust_center","/trust","/guides/real-estate-scams","home","support","support_page_links_to_money_owner","legal_review","NEEDS_VERIFICATION","attorney + police data","LEGAL_REVIEW","Support page links upward to parent hub and canonical money owner; avoid competing title and H1.","Trust foundation",""
"KW-0141","הונאת שכירות","he","trust_comparison","scams","renter","due_diligence","awareness","P1","/guides/rental-scams","trust_center","/trust","/guides/rental-scams","home","support","support_page_links_to_money_owner","legal_review","NEEDS_VERIFICATION","editorial","LEGAL_REVIEW","Support page links upward to parent hub and canonical money owner; avoid competing title and H1.","Trust foundation",""
"KW-0142","איך לבדוק קבלן","he","trust_comparison","due_diligence","buyer","due_diligence","decision","P0","/guides/vet-developer","trust_center","/trust","/guides/vet-developer","home","support","support_page_links_to_money_owner","legal_review","NEEDS_VERIFICATION","Registrar of Contractors","LEGAL_REVIEW|OFFICIAL_SOURCE_REQUIRED","Support page links upward to parent hub and canonical money owner; avoid competing title and H1.","Trust foundation",""
"KW-0143","פנקס קבלנים","he","trust_comparison","due_diligence","buyer","navigational","decision","P1","/guides/contractor-registry","trust_center","/trust","/guides/contractor-registry","home","support","support_page_links_to_money_owner","holding_for_official_source","NEEDS_VERIFICATION","Registrar of Contractors","OFFICIAL_SOURCE_REQUIRED","Support page links upward to parent hub and canonical money owner; avoid competing title and H1.","Trust foundation",""
"KW-0144","איך לבדוק דירה לפני קניה","he","trust_comparison","due_diligence","buyer","due_diligence","decision","P0","/guides/pre-purchase-checklist","trust_center","/trust","/guides/pre-purchase-checklist","home","support","support_page_links_to_money_owner","legal_review","NEEDS_VERIFICATION","attorney + inspector","LEGAL_REVIEW","Support page links upward to parent hub and canonical money owner; avoid competing title and H1.","Trust foundation",""
"KW-0145","דירה עם עיקול","he","trust_comparison","due_diligence","buyer","due_diligence","decision","P1","/guides/apartment-with-lien","trust_center","/trust","/guides/apartment-with-lien","home","support","support_page_links_to_money_owner","legal_review","NEEDS_VERIFICATION","attorney","LEGAL_REVIEW","Support page links upward to parent hub and canonical money owner; avoid competing title and H1.","Trust foundation",""
"KW-0146","נדלן ישראל אמין","he","trust_comparison","platform_compare","buyer","comparison","consideration","P2","/compare/trusted-real-estate-platforms","comparison_yad2_madlan","/compare/yad2-vs-madlan-vs-nadlan","/compare/trusted-real-estate-platforms","trust_center","support","support_page_links_to_money_owner","legal_review","LEGAL_REVIEW","editorial","NEEDS_VERIFICATION","Support page links upward to parent hub and canonical money owner; avoid competing title and H1.","Trust foundation",""
"KW-0147","best real estate website israel","en","trust_comparison","platform_compare","investor","comparison","consideration","P1","/en/compare/best-real-estate-platforms","comparison_yad2_madlan","/compare/yad2-vs-madlan-vs-nadlan","/en/compare/best-real-estate-platforms","trust_center","support","support_page_links_to_money_owner","legal_review","LEGAL_REVIEW","editorial","NEEDS_VERIFICATION","Support page links upward to parent hub and canonical money owner; avoid competing title and H1.","Trust foundation",""
"KW-0148","yad2 in english","en","trust_comparison","platform_compare","investor","navigational","consideration","P2","/en/guides/yad2-english","comparison_yad2_madlan","/compare/yad2-vs-madlan-vs-nadlan","/en/guides/yad2-english","trust_center","support","support_page_links_to_money_owner","backlog_verification","Competitor claims must be factual and sourced","editorial","NEEDS_VERIFICATION","Support page links upward to parent hub and canonical money owner; avoid competing title and H1.","Trust and comparison",""
"KW-0149","is it safe to buy property in israel","en","trust_comparison","intl_due_diligence","investor","due_diligence","awareness","P1","/en/guides/safety-buying-israel","trust_center","/trust","/en/guides/safety-buying-israel","home","support","support_page_links_to_money_owner","legal_review","NEEDS_VERIFICATION","attorney + editorial","LEGAL_REVIEW","Support page links upward to parent hub and canonical money owner; avoid competing title and H1.","Trust foundation",""
"KW-0150","real estate scams israel","en","trust_comparison","intl_due_diligence","investor","due_diligence","awareness","P1","/en/guides/scams","trust_center","/trust","/en/guides/scams","home","support","support_page_links_to_money_owner","legal_review","NEEDS_VERIFICATION","attorney + editorial","LEGAL_REVIEW","Support page links upward to parent hub and canonical money owner; avoid competing title and H1.","Trust foundation",""
"KW-0151","דירות למכירה {city}","he","local_programmatic","buy_template","buyer","transactional","decision","P2","/buy/{city}","city_buy_hub","/buy/{city}","/buy/{city}","buy_hub","money","canonical_money_owner","backlog_verification","NEEDS_VERIFICATION","real supply","NEEDS_VERIFICATION","Receives contextual links from support pages in same cluster; no duplicate page may target this primary keyword.","Marketplace foundation","Expand into 20+ rows once trust passes"
"KW-0152","דירות להשכרה {city}","he","local_programmatic","rent_template","renter","transactional","decision","P2","/rent/{city}","city_rent_hub","/rent/{city}","/rent/{city}","rent_hub","money","canonical_money_owner","backlog_verification","NEEDS_VERIFICATION","real supply","NEEDS_VERIFICATION","Receives contextual links from support pages in same cluster; no duplicate page may target this primary keyword.","Marketplace foundation",""
"KW-0153","פרויקטים חדשים {city}","he","local_programmatic","projects_template","buyer","commercial","consideration","P2","/projects/{city}","projects_city_hub","/projects/{city}","/projects/{city}","projects_hub","money","canonical_money_owner","holding_for_official_source","REQUIRES_OFFICIAL_ASSET","developer-verified","REQUIRES_OFFICIAL_ASSET","Receives contextual links from support pages in same cluster; no duplicate page may target this primary keyword.","Projects foundation",""
"KW-0154","מחירי דירות {city}","he","local_programmatic","prices_template","buyer","informational","awareness","P2","/market/prices/{city}","market_report_city","/market/{city}","/market/prices/{city}","city_buy_hub","support","support_page_links_to_money_owner","holding_for_official_source","OFFICIAL_SOURCE_REQUIRED","CBS","OFFICIAL_SOURCE_REQUIRED","Support page links upward to parent hub and canonical money owner; avoid competing title and H1.","Data foundation",""
"KW-0155","תשואה ממוצעת {city}","he","local_programmatic","yield_template","investor","informational","consideration","P2","/data/yields/{city}","rental_yield_tool","/rental-yield-calculator","/data/yields/{city}","tools_hub","money","canonical_money_owner","legal_review","LEGAL_REVIEW","CBS + market","OFFICIAL_SOURCE_REQUIRED","Receives contextual links from support pages in same cluster; no duplicate page may target this primary keyword.","Tools foundation",""
"KW-0156","מתווכים {city}","he","local_programmatic","realtors_template","buyer","local","decision","P2","/professionals/realtors/{city}","professional_city_category","/professionals/{category}/{city}","/professionals/realtors/{city}","professional_category","money","canonical_money_owner","holding_for_official_source","REQUIRES_OFFICIAL_ASSET","license verification","REQUIRES_OFFICIAL_ASSET","Receives contextual links from support pages in same cluster; no duplicate page may target this primary keyword.","Professionals scale",""
"KW-0157","עורך דין מקרקעין {city}","he","local_programmatic","lawyers_template","buyer","local","decision","P2","/professionals/lawyers/{city}","professional_city_category","/professionals/{category}/{city}","/professionals/lawyers/{city}","professional_category","money","canonical_money_owner","holding_for_official_source","REQUIRES_OFFICIAL_ASSET","bar verification","REQUIRES_OFFICIAL_ASSET","Receives contextual links from support pages in same cluster; no duplicate page may target this primary keyword.","Professionals scale",""
"KW-0158","שמאי מקרקעין {city}","he","local_programmatic","appraisers_template","seller","local","decision","P3","/professionals/appraisers/{city}","professional_city_category","/professionals/{category}/{city}","/professionals/appraisers/{city}","professional_category","money","canonical_money_owner","holding_for_official_source","REQUIRES_OFFICIAL_ASSET","council verification","REQUIRES_OFFICIAL_ASSET","Receives contextual links from support pages in same cluster; no duplicate page may target this primary keyword.","Professionals scale",""
"KW-0159","התחדשות עירונית {city}","he","local_programmatic","renewal_template","owner","local","consideration","P2","/urban-renewal/{city}","urban_renewal_city","/urban-renewal/{city}","/urban-renewal/{city}","urban_renewal_hub","support","support_page_links_to_money_owner","legal_review","LEGAL_REVIEW","municipal data","OFFICIAL_SOURCE_REQUIRED","Support page links upward to parent hub and canonical money owner; avoid competing title and H1.","Authority scale",""
"KW-0160","דירות למכירה {neighborhood} {city}","he","local_programmatic","buy_neighborhood_template","buyer","transactional","decision","P3","/buy/{city}/{neighborhood}","neighborhood_buy_hub","/buy/{city}/{neighborhood}","/buy/{city}/{neighborhood}","city_buy_hub","money","canonical_money_owner","backlog_verification","NEEDS_VERIFICATION","real supply","NEEDS_VERIFICATION","Receives contextual links from support pages in same cluster; no duplicate page may target this primary keyword.","Local SEO scale","Florentin/Neve Tzedek/Sde Dov/Ramat Aviv/Old North/Kiryat Yovel etc."
"KW-0161","דירות להשכרה {neighborhood} {city}","he","local_programmatic","rent_neighborhood_template","renter","transactional","decision","P3","/rent/{city}/{neighborhood}","neighborhood_rent_hub","/rent/{city}/{neighborhood}","/rent/{city}/{neighborhood}","city_rent_hub","money","canonical_money_owner","backlog_verification","NEEDS_VERIFICATION","real supply","NEEDS_VERIFICATION","Receives contextual links from support pages in same cluster; no duplicate page may target this primary keyword.","Local SEO scale",""
"KW-0162","{city} apartments for sale","en","local_programmatic","intl_buy_template","investor","commercial","decision","P3","/en/buy/{city}","intl_city_hub","/en/buy/{city}","/en/buy/{city}","intl_hub","money","canonical_money_owner","backlog_verification","NEEDS_VERIFICATION","real supply","NEEDS_VERIFICATION","Receives contextual links from support pages in same cluster; no duplicate page may target this primary keyword.","International foundation",""
"KW-0163","{city} apartments for rent","en","local_programmatic","intl_rent_template","renter","commercial","decision","P3","/en/rent/{city}","city_rent_hub","/rent/{city}","/en/rent/{city}","rent_hub","money","canonical_money_owner","backlog_verification","real supply","real supply","NEEDS_VERIFICATION","Receives contextual links from support pages in same cluster; no duplicate page may target this primary keyword.","Marketplace foundation",""
"KW-0164","new projects {city} israel","en","local_programmatic","intl_projects_template","investor","commercial","consideration","P3","/en/projects/{city}","projects_city_hub","/projects/{city}","/en/projects/{city}","projects_hub","money","canonical_money_owner","holding_for_official_source","REQUIRES_OFFICIAL_ASSET","developer-verified","REQUIRES_OFFICIAL_ASSET","Receives contextual links from support pages in same cluster; no duplicate page may target this primary keyword.","Projects foundation",""
"KW-0165","real estate lawyer {city} israel","en","local_programmatic","intl_lawyers_template","investor","local","decision","P3","/en/professionals/lawyers/{city}","professional_city_category","/professionals/{category}/{city}","/en/professionals/lawyers/{city}","professional_category","money","canonical_money_owner","holding_for_official_source","REQUIRES_OFFICIAL_ASSET","bar verification","REQUIRES_OFFICIAL_ASSET","Receives contextual links from support pages in same cluster; no duplicate page may target this primary keyword.","Professionals scale",""
"KW-0166","mortgage advisor {city} israel","en","local_programmatic","intl_mortgage_template","investor","local","decision","P3","/en/professionals/mortgage-advisors/{city}","professional_city_category","/professionals/{category}/{city}","/en/professionals/mortgage-advisors/{city}","professional_category","money","canonical_money_owner","holding_for_official_source","REQUIRES_OFFICIAL_ASSET","license","REQUIRES_OFFICIAL_ASSET","Receives contextual links from support pages in same cluster; no duplicate page may target this primary keyword.","Professionals scale",""
"KW-0167","nadlan","he","buyer_seller_core","brand","buyer","navigational","awareness","P1","/","home","/","/","none","money","canonical_money_owner","backlog_verification","NEEDS_VERIFICATION","brand","NEEDS_VERIFICATION","Receives contextual links from support pages in same cluster; no duplicate page may target this primary keyword.","Stage 2 portal shell",""
"KW-0168","nadlan israel","en","intl_investor","brand","investor","navigational","awareness","P1","/en","intl_hub","/en","/en","home","money","canonical_money_owner","legal_review","LEGAL_REVIEW","brand","NEEDS_VERIFICATION","Receives contextual links from support pages in same cluster; no duplicate page may target this primary keyword.","International foundation",""
"KW-0169","נדלן","he","buyer_seller_core","category","buyer","navigational","awareness","P1","/","home","/","/","none","money","canonical_money_owner","backlog_verification","NEEDS_VERIFICATION","brand","NEEDS_VERIFICATION","Receives contextual links from support pages in same cluster; no duplicate page may target this primary keyword.","Stage 2 portal shell",""
"KW-0170","שוק הנדלן בישראל","he","buyer_seller_core","market_data","buyer","informational","awareness","P1","/market/overview","market_report_city","/market/{city}","/market/overview","city_buy_hub","support","support_page_links_to_money_owner","holding_for_official_source","OFFICIAL_SOURCE_REQUIRED","CBS + Bank of Israel","OFFICIAL_SOURCE_REQUIRED","Support page links upward to parent hub and canonical money owner; avoid competing title and H1.","Data foundation",""
"KW-0171","מחירי שכירות תל אביב","he","buyer_seller_core","market_data","renter","informational","awareness","P1","/market/rent-prices/tel-aviv","market_report_city","/market/{city}","/market/rent-prices/tel-aviv","city_buy_hub","support","support_page_links_to_money_owner","holding_for_official_source","OFFICIAL_SOURCE_REQUIRED","CBS","OFFICIAL_SOURCE_REQUIRED","Support page links upward to parent hub and canonical money owner; avoid competing title and H1.","Data foundation",""
"KW-0172","מחירי שכירות ירושלים","he","buyer_seller_core","market_data","renter","informational","awareness","P2","/market/rent-prices/jerusalem","market_report_city","/market/{city}","/market/rent-prices/jerusalem","city_buy_hub","support","support_page_links_to_money_owner","holding_for_official_source","OFFICIAL_SOURCE_REQUIRED","CBS","OFFICIAL_SOURCE_REQUIRED","Support page links upward to parent hub and canonical money owner; avoid competing title and H1.","Data foundation",""
"KW-0173","שטח דירה ברוטו נטו","he","buyer_seller_core","buyer_guide","buyer","informational","consideration","P2","/guides/gross-vs-net-area","glossary_hub","/glossary","/guides/gross-vs-net-area","home","support","support_page_links_to_money_owner","legal_review","NEEDS_VERIFICATION","attorney + appraiser","LEGAL_REVIEW","Support page links upward to parent hub and canonical money owner; avoid competing title and H1.","AEO foundation",""
"KW-0174","מרפסת שמש","he","buyer_seller_core","buyer_guide","buyer","informational","consideration","P3","/guides/sun-balcony","glossary_hub","/glossary","/guides/sun-balcony","home","support","support_page_links_to_money_owner","backlog_verification","NEEDS_VERIFICATION","editorial","NEEDS_VERIFICATION","Support page links upward to parent hub and canonical money owner; avoid competing title and H1.","AEO foundation",""
"KW-0175","דירת גן","he","buyer_seller_core","buyer_guide","buyer","informational","consideration","P3","/guides/garden-apartment","glossary_hub","/glossary","/guides/garden-apartment","home","support","support_page_links_to_money_owner","backlog_verification","NEEDS_VERIFICATION","editorial","NEEDS_VERIFICATION","Support page links upward to parent hub and canonical money owner; avoid competing title and H1.","AEO foundation",""
"KW-0176","דירת גג","he","buyer_seller_core","buyer_guide","buyer","informational","consideration","P3","/guides/penthouse","glossary_hub","/glossary","/guides/penthouse","home","support","support_page_links_to_money_owner","backlog_verification","NEEDS_VERIFICATION","editorial","NEEDS_VERIFICATION","Support page links upward to parent hub and canonical money owner; avoid competing title and H1.","AEO foundation",""
"KW-0177","דירת מיני פנטהאוז","he","buyer_seller_core","buyer_guide","buyer","informational","consideration","P3","/guides/mini-penthouse","glossary_hub","/glossary","/guides/mini-penthouse","home","support","support_page_links_to_money_owner","backlog_verification","NEEDS_VERIFICATION","editorial","NEEDS_VERIFICATION","Support page links upward to parent hub and canonical money owner; avoid competing title and H1.","AEO foundation",""
"KW-0178","ועד בית","he","buyer_seller_core","buyer_guide","owner","informational","consideration","P2","/guides/building-committee","glossary_hub","/glossary","/guides/building-committee","home","support","support_page_links_to_money_owner","legal_review","NEEDS_VERIFICATION","attorney","LEGAL_REVIEW","Support page links upward to parent hub and canonical money owner; avoid competing title and H1.","AEO foundation",""
"KW-0179","ארנונה","he","buyer_seller_core","ownership","owner","informational","consideration","P2","/guides/property-tax","glossary_hub","/glossary","/guides/property-tax","home","support","support_page_links_to_money_owner","legal_review","NEEDS_VERIFICATION","municipal + attorney","LEGAL_REVIEW|OFFICIAL_SOURCE_REQUIRED","Support page links upward to parent hub and canonical money owner; avoid competing title and H1.","AEO foundation",""
"KW-0180","ביטוח דירה","he","buyer_seller_core","ownership","owner","commercial","consideration","P2","/guides/home-insurance","glossary_hub","/glossary","/guides/home-insurance","home","support","support_page_links_to_money_owner","legal_review","NEEDS_VERIFICATION","licensed insurer","LEGAL_REVIEW","Support page links upward to parent hub and canonical money owner; avoid competing title and H1.","AEO foundation",""
"KW-0181","משכנתא לדירה ראשונה","he","tools_calculators","mortgage","buyer","informational","consideration","P0","/mortgage/first-home","mortgage_calculator","/mortgage-calculator","/mortgage/first-home","tools_hub","support","support_page_links_to_money_owner","legal_review","LEGAL_REVIEW","advisor + Bank of Israel","LEGAL_REVIEW|OFFICIAL_SOURCE_REQUIRED","Support page links upward to parent hub and canonical money owner; avoid competing title and H1.","Tools foundation",""
"KW-0182","משכנתא לדירה שניה","he","tools_calculators","mortgage","investor","informational","consideration","P1","/mortgage/second-home","mortgage_calculator","/mortgage-calculator","/mortgage/second-home","tools_hub","support","support_page_links_to_money_owner","legal_review","LEGAL_REVIEW","advisor","LEGAL_REVIEW","Support page links upward to parent hub and canonical money owner; avoid competing title and H1.","Tools foundation",""
"KW-0183","מסלולי משכנתא","he","tools_calculators","mortgage","buyer","informational","consideration","P1","/mortgage/tracks","mortgage_calculator","/mortgage-calculator","/mortgage/tracks","tools_hub","support","support_page_links_to_money_owner","legal_review","LEGAL_REVIEW","advisor","LEGAL_REVIEW","Support page links upward to parent hub and canonical money owner; avoid competing title and H1.","Tools foundation",""
"KW-0184","ריבית משכנתא היום","he","tools_calculators","mortgage","buyer","informational","decision","P1","/mortgage/rates-today","mortgage_calculator","/mortgage-calculator","/mortgage/rates-today","tools_hub","support","support_page_links_to_money_owner","legal_review","LEGAL_REVIEW","Bank of Israel daily","OFFICIAL_SOURCE_REQUIRED","Support page links upward to parent hub and canonical money owner; avoid competing title and H1.","Tools foundation",""
"KW-0185","מחיר למשתכן","he","projects_developers","subsidized","buyer","informational","consideration","P1","/guides/mehir-lamishtaken","projects_hub","/projects","/guides/mehir-lamishtaken","home","money","canonical_money_owner","legal_review","REQUIRES_OFFICIAL_ASSET","Housing Ministry","OFFICIAL_SOURCE_REQUIRED|LEGAL_REVIEW","Receives contextual links from support pages in same cluster; no duplicate page may target this primary keyword.","Projects foundation",""
"KW-0186","דיור בהישג יד","he","projects_developers","subsidized","buyer","informational","consideration","P2","/guides/affordable-housing","projects_hub","/projects","/guides/affordable-housing","home","money","canonical_money_owner","holding_for_official_source","REQUIRES_OFFICIAL_ASSET","Housing Ministry","OFFICIAL_SOURCE_REQUIRED","Receives contextual links from support pages in same cluster; no duplicate page may target this primary keyword.","Projects foundation",""
"KW-0187","הגרלות דירות","he","projects_developers","subsidized","buyer","navigational","decision","P1","/lottery/apartments","projects_hub","/projects","/lottery/apartments","home","money","canonical_money_owner","holding_for_official_source","REQUIRES_OFFICIAL_ASSET","Housing Ministry","OFFICIAL_SOURCE_REQUIRED","Receives contextual links from support pages in same cluster; no duplicate page may target this primary keyword.","Projects foundation",""
"KW-0188","דירות יוקרה תל אביב","he","buyer_seller_core","luxury","investor","commercial","decision","P2","/buy/tel-aviv/luxury","neighborhood_buy_hub","/buy/{city}/{neighborhood}","/buy/tel-aviv/luxury","city_buy_hub","money","canonical_money_owner","backlog_verification","NEEDS_VERIFICATION","real supply","NEEDS_VERIFICATION","Receives contextual links from support pages in same cluster; no duplicate page may target this primary keyword.","Local SEO scale",""
"KW-0189","luxury apartments tel aviv","en","intl_investor","luxury","investor","commercial","decision","P1","/en/buy/tel-aviv/luxury","intl_city_hub","/en/buy/{city}","/en/buy/tel-aviv/luxury","intl_hub","money","canonical_money_owner","backlog_verification","NEEDS_VERIFICATION","real supply","NEEDS_VERIFICATION","Receives contextual links from support pages in same cluster; no duplicate page may target this primary keyword.","International foundation",""
"KW-0190","penthouse tel aviv for sale","en","intl_investor","luxury","investor","commercial","decision","P1","/en/buy/tel-aviv/penthouse","intl_city_hub","/en/buy/{city}","/en/buy/tel-aviv/penthouse","intl_hub","money","canonical_money_owner","backlog_verification","NEEDS_VERIFICATION","real supply","NEEDS_VERIFICATION","Receives contextual links from support pages in same cluster; no duplicate page may target this primary keyword.","International foundation",""
"KW-0191","beachfront apartments israel","en","intl_investor","luxury","investor","commercial","decision","P2","/en/buy/beachfront","intl_city_hub","/en/buy/{city}","/en/buy/beachfront","intl_hub","money","canonical_money_owner","backlog_verification","NEEDS_VERIFICATION","real supply","NEEDS_VERIFICATION","Receives contextual links from support pages in same cluster; no duplicate page may target this primary keyword.","International foundation",""
"KW-0192","how to get an israeli mortgage","en","intl_investor","intl_finance","investor","informational","consideration","P1","/en/mortgage/process","intl_mortgage_guide","/en/mortgage","/en/mortgage/process","intl_hub","support","support_page_links_to_money_owner","legal_review","LEGAL_REVIEW","advisor","LEGAL_REVIEW","Support page links upward to parent hub and canonical money owner; avoid competing title and H1.","International foundation",""
"KW-0193","israeli property tax for foreigners","en","intl_investor","intl_tax","investor","informational","consideration","P1","/en/tax/foreign-property-tax","intl_tax_guide","/en/tax/foreign-buyer-purchase-tax","/en/tax/foreign-property-tax","intl_hub","support","support_page_links_to_money_owner","legal_review","LEGAL_REVIEW","attorney + CPA","LEGAL_REVIEW|OFFICIAL_SOURCE_REQUIRED","Support page links upward to parent hub and canonical money owner; avoid competing title and H1.","International foundation",""
"KW-0194","inheritance tax israel real estate","en","intl_investor","intl_tax","investor","informational","consideration","P2","/en/tax/inheritance","intl_tax_guide","/en/tax/foreign-buyer-purchase-tax","/en/tax/inheritance","intl_hub","support","support_page_links_to_money_owner","legal_review","LEGAL_REVIEW","attorney + CPA","LEGAL_REVIEW|OFFICIAL_SOURCE_REQUIRED","Support page links upward to parent hub and canonical money owner; avoid competing title and H1.","International foundation",""
"KW-0195","power of attorney israel real estate","en","intl_investor","intl_process","investor","informational","consideration","P2","/en/process/power-of-attorney","intl_buy_guide","/en/buy-property-israel","/en/process/power-of-attorney","intl_hub","support","support_page_links_to_money_owner","legal_review","LEGAL_REVIEW","attorney","LEGAL_REVIEW","Support page links upward to parent hub and canonical money owner; avoid competing title and H1.","International foundation",""
"KW-0196","בורסת נדל""ן","he","buyer_seller_core","category","investor","informational","awareness","P3","/guides/real-estate-market","glossary_hub","/glossary","/guides/real-estate-market","home","support","support_page_links_to_money_owner","backlog_verification","NEEDS_VERIFICATION","editorial","NEEDS_VERIFICATION","Support page links upward to parent hub and canonical money owner; avoid competing title and H1.","AEO foundation",""
"KW-0197","קרן ריט","he","buyer_seller_core","investing","investor","informational","awareness","P2","/guides/reit","glossary_hub","/glossary","/guides/reit","home","support","support_page_links_to_money_owner","legal_review","NEEDS_VERIFICATION","licensed advisor","LEGAL_REVIEW","Support page links upward to parent hub and canonical money owner; avoid competing title and H1.","AEO foundation",""
"KW-0198","קבוצת רכישה","he","projects_developers","group_purchase","buyer","informational","consideration","P1","/guides/purchase-group","projects_hub","/projects","/guides/purchase-group","home","money","canonical_money_owner","legal_review","REQUIRES_OFFICIAL_ASSET","attorney","LEGAL_REVIEW","Receives contextual links from support pages in same cluster; no duplicate page may target this primary keyword.","Projects foundation",""
"KW-0199","מיסוי קבוצת רכישה","he","projects_developers","group_purchase","buyer","informational","consideration","P2","/guides/purchase-group-tax","projects_hub","/projects","/guides/purchase-group-tax","home","money","canonical_money_owner","legal_review","REQUIRES_OFFICIAL_ASSET","CPA + attorney","LEGAL_REVIEW|OFFICIAL_SOURCE_REQUIRED","Receives contextual links from support pages in same cluster; no duplicate page may target this primary keyword.","Projects foundation",""
"KW-0200","איך לחסוך במס שבח","he","tools_calculators","tax","seller","informational","decision","P1","/guides/capital-gains-savings","purchase_tax_calculator","/purchase-tax-calculator","/guides/capital-gains-savings","tools_hub","support","support_page_links_to_money_owner","legal_review","LEGAL_REVIEW","CPA + attorney","LEGAL_REVIEW","Support page links upward to parent hub and canonical money owner; avoid competing title and H1.","Tools foundation",""
"KW-0201","פטור ממס שבח דירה יחידה","he","tools_calculators","tax","seller","informational","decision","P1","/guides/single-home-exemption","purchase_tax_calculator","/purchase-tax-calculator","/guides/single-home-exemption","tools_hub","support","support_page_links_to_money_owner","legal_review","LEGAL_REVIEW","CPA + attorney","LEGAL_REVIEW|OFFICIAL_SOURCE_REQUIRED","Support page links upward to parent hub and canonical money owner; avoid competing title and H1.","Tools foundation",""
"KW-0202","שיפוץ מטבח מחיר","he","tools_calculators","renovation","buyer","commercial","consideration","P2","/guides/kitchen-renovation-cost","tools_hub","/tools","/guides/kitchen-renovation-cost","home","support","support_page_links_to_money_owner","legal_review","LEGAL_REVIEW","contractor survey","NEEDS_VERIFICATION","Support page links upward to parent hub and canonical money owner; avoid competing title and H1.","Tools foundation",""
"KW-0203","שיפוץ אמבטיה מחיר","he","tools_calculators","renovation","buyer","commercial","consideration","P2","/guides/bathroom-renovation-cost","tools_hub","/tools","/guides/bathroom-renovation-cost","home","support","support_page_links_to_money_owner","legal_review","LEGAL_REVIEW","contractor survey","NEEDS_VERIFICATION","Support page links upward to parent hub and canonical money owner; avoid competing title and H1.","Tools foundation",""
"KW-0204","מחיר ריצוף למטר","he","tools_calculators","renovation","buyer","commercial","consideration","P3","/guides/flooring-cost-per-sqm","tools_hub","/tools","/guides/flooring-cost-per-sqm","home","support","support_page_links_to_money_owner","legal_review","LEGAL_REVIEW","contractor survey","NEEDS_VERIFICATION","Support page links upward to parent hub and canonical money owner; avoid competing title and H1.","Tools foundation",""
"KW-0205","זמן שיפוץ דירה","he","tools_calculators","renovation","buyer","informational","consideration","P3","/guides/renovation-timeline","tools_hub","/tools","/guides/renovation-timeline","home","support","support_page_links_to_money_owner","legal_review","LEGAL_REVIEW","contractor survey","NEEDS_VERIFICATION","Support page links upward to parent hub and canonical money owner; avoid competing title and H1.","Tools foundation",""
"KW-0206","היתר בניה תוספת","he","urban_renewal","permits","owner","informational","consideration","P2","/guides/extension-permit","glossary_hub","/glossary","/guides/extension-permit","home","support","support_page_links_to_money_owner","legal_review","NEEDS_VERIFICATION","municipal + attorney","LEGAL_REVIEW|OFFICIAL_SOURCE_REQUIRED","Support page links upward to parent hub and canonical money owner; avoid competing title and H1.","AEO foundation",""
"KW-0207","חריגות בניה","he","urban_renewal","permits","owner","informational","consideration","P2","/guides/building-violations","glossary_hub","/glossary","/guides/building-violations","home","support","support_page_links_to_money_owner","legal_review","NEEDS_VERIFICATION","attorney","LEGAL_REVIEW","Support page links upward to parent hub and canonical money owner; avoid competing title and H1.","AEO foundation",""
"KW-0208","טופס 4","he","urban_renewal","permits","buyer","informational","decision","P1","/guides/form-4","glossary_hub","/glossary","/guides/form-4","home","support","support_page_links_to_money_owner","legal_review","NEEDS_VERIFICATION","attorney + municipal","LEGAL_REVIEW|OFFICIAL_SOURCE_REQUIRED","Support page links upward to parent hub and canonical money owner; avoid competing title and H1.","AEO foundation",""
"KW-0209","רישום בית משותף","he","urban_renewal","permits","owner","informational","consideration","P2","/guides/condominium-registration","glossary_hub","/glossary","/guides/condominium-registration","home","support","support_page_links_to_money_owner","legal_review","NEEDS_VERIFICATION","attorney + Land Registry","LEGAL_REVIEW|OFFICIAL_SOURCE_REQUIRED","Support page links upward to parent hub and canonical money owner; avoid competing title and H1.","AEO foundation",""
"KW-0210","פרצלציה","he","urban_renewal","planning","owner","informational","consideration","P3","/guides/parcellation","glossary_hub","/glossary","/guides/parcellation","home","support","support_page_links_to_money_owner","legal_review","NEEDS_VERIFICATION","attorney","LEGAL_REVIEW","Support page links upward to parent hub and canonical money owner; avoid competing title and H1.","AEO foundation",""
"KW-0211","היטל השבחה","he","urban_renewal","planning","owner","informational","consideration","P1","/guides/betterment-levy","glossary_hub","/glossary","/guides/betterment-levy","home","support","support_page_links_to_money_owner","legal_review","NEEDS_VERIFICATION","attorney + appraiser","LEGAL_REVIEW|OFFICIAL_SOURCE_REQUIRED","Support page links upward to parent hub and canonical money owner; avoid competing title and H1.","AEO foundation",""
"KW-0212","דמי הסכמה","he","urban_renewal","planning","owner","informational","consideration","P2","/guides/consent-fee","glossary_hub","/glossary","/guides/consent-fee","home","support","support_page_links_to_money_owner","legal_review","NEEDS_VERIFICATION","attorney","LEGAL_REVIEW|OFFICIAL_SOURCE_REQUIRED","Support page links upward to parent hub and canonical money owner; avoid competing title and H1.","AEO foundation",""
"KW-0213","חכירה מהוונת","he","urban_renewal","planning","owner","informational","consideration","P2","/guides/capitalized-lease","glossary_hub","/glossary","/guides/capitalized-lease","home","support","support_page_links_to_money_owner","legal_review","NEEDS_VERIFICATION","attorney","LEGAL_REVIEW|OFFICIAL_SOURCE_REQUIRED","Support page links upward to parent hub and canonical money owner; avoid competing title and H1.","AEO foundation",""
"KW-0214","מנהל מקרקעי ישראל","he","urban_renewal","planning","owner","navigational","awareness","P2","/guides/ila","glossary_hub","/glossary","/guides/ila","home","support","support_page_links_to_money_owner","holding_for_official_source","NEEDS_VERIFICATION","ILA","OFFICIAL_SOURCE_REQUIRED","Support page links upward to parent hub and canonical money owner; avoid competing title and H1.","AEO foundation",""
"KW-0215","how does tama 38 work","en","intl_investor","intl_renewal","investor","informational","awareness","P2","/en/urban-renewal/tama-38-how-it-works","tama38_topic","/urban-renewal/tama-38","/en/urban-renewal/tama-38-how-it-works","urban_renewal_hub","support","support_page_links_to_money_owner","legal_review","LEGAL_REVIEW","attorney","LEGAL_REVIEW","Support page links upward to parent hub and canonical money owner; avoid competing title and H1.","Authority foundation",""
"KW-0216","property management israel","en","intl_investor","intl_services","investor","commercial","decision","P2","/en/professionals/property-management","professional_category","/professionals/{category}","/en/professionals/property-management","professionals_hub","money","canonical_money_owner","holding_for_official_source","REQUIRES_OFFICIAL_ASSET","vetting","REQUIRES_OFFICIAL_ASSET","Receives contextual links from support pages in same cluster; no duplicate page may target this primary keyword.","Professionals foundation",""
"KW-0217","short term rental israel laws","en","intl_investor","intl_legal","investor","informational","consideration","P2","/en/legal/short-term-rentals","intl_hub","/en","/en/legal/short-term-rentals","home","money","canonical_money_owner","legal_review","LEGAL_REVIEW","attorney","LEGAL_REVIEW|OFFICIAL_SOURCE_REQUIRED","Receives contextual links from support pages in same cluster; no duplicate page may target this primary keyword.","International foundation",""
"KW-0218","airbnb tel aviv regulations","en","intl_investor","intl_legal","investor","informational","consideration","P2","/en/legal/airbnb-tel-aviv","intl_hub","/en","/en/legal/airbnb-tel-aviv","home","money","canonical_money_owner","legal_review","LEGAL_REVIEW","attorney + municipal","LEGAL_REVIEW|OFFICIAL_SOURCE_REQUIRED","Receives contextual links from support pages in same cluster; no duplicate page may target this primary keyword.","International foundation",""
"KW-0219","real estate agents tel aviv english speaking","en","intl_investor","intl_professionals","investor","local","decision","P1","/en/professionals/realtors/tel-aviv","professional_city_category","/professionals/{category}/{city}","/en/professionals/realtors/tel-aviv","professional_category","money","canonical_money_owner","holding_for_official_source","REQUIRES_OFFICIAL_ASSET","license verification","REQUIRES_OFFICIAL_ASSET","Receives contextual links from support pages in same cluster; no duplicate page may target this primary keyword.","Professionals scale",""
"KW-0220","nefesh b'nefesh real estate","en","intl_investor","intl_aliyah","investor","navigational","awareness","P3","/en/aliyah/partners","intl_buy_guide","/en/buy-property-israel","/en/aliyah/partners","intl_hub","support","support_page_links_to_money_owner","legal_review","LEGAL_REVIEW","partnership outreach","NEEDS_VERIFICATION","Support page links upward to parent hub and canonical money owner; avoid competing title and H1.","International foundation",""
"KW-0221","how to get a mashkanta","en","intl_investor","intl_finance","investor","informational","consideration","P2","/en/mortgage/mashkanta-explained","intl_mortgage_guide","/en/mortgage","/en/mortgage/mashkanta-explained","intl_hub","support","support_page_links_to_money_owner","legal_review","LEGAL_REVIEW","advisor","LEGAL_REVIEW","Support page links upward to parent hub and canonical money owner; avoid competing title and H1.","International foundation",""
"KW-0222","arnona tel aviv","en","intl_investor","intl_ownership","investor","informational","consideration","P2","/en/ownership/arnona-tel-aviv","intl_hub","/en","/en/ownership/arnona-tel-aviv","home","money","canonical_money_owner","legal_review","LEGAL_REVIEW","municipal","OFFICIAL_SOURCE_REQUIRED","Receives contextual links from support pages in same cluster; no duplicate page may target this primary keyword.","International foundation",""
"KW-0223","cost of living tel aviv","en","intl_investor","intl_overview","investor","informational","awareness","P2","/en/lifestyle/cost-of-living-tel-aviv","intl_hub","/en","/en/lifestyle/cost-of-living-tel-aviv","home","money","canonical_money_owner","legal_review","LEGAL_REVIEW","CBS + survey","OFFICIAL_SOURCE_REQUIRED","Receives contextual links from support pages in same cluster; no duplicate page may target this primary keyword.","International foundation",""
"KW-0224","best neighborhoods tel aviv","en","intl_investor","intl_neighborhoods","investor","informational","consideration","P1","/en/neighborhoods/tel-aviv","intl_city_hub","/en/buy/{city}","/en/neighborhoods/tel-aviv","intl_hub","money","canonical_money_owner","backlog_verification","NEEDS_VERIFICATION","editorial + data","NEEDS_VERIFICATION","Receives contextual links from support pages in same cluster; no duplicate page may target this primary keyword.","International foundation",""
"KW-0225","best neighborhoods jerusalem","en","intl_investor","intl_neighborhoods","investor","informational","consideration","P2","/en/neighborhoods/jerusalem","intl_city_hub","/en/buy/{city}","/en/neighborhoods/jerusalem","intl_hub","money","canonical_money_owner","backlog_verification","NEEDS_VERIFICATION","editorial","NEEDS_VERIFICATION","Receives contextual links from support pages in same cluster; no duplicate page may target this primary keyword.","International foundation",""
