"field_id","asset_types","type","required","definition","allowed_values","unit","truth_default","source_requirement","owner","refresh_rule","expiry_behavior","public_display","unknown_behavior","example"
"project.id","all","string","TRUE","Immutable browser and content contract identifier used across page model leads and evidence; serialize it as project_contract_id and never confuse it with a numeric WordPress post ID.","Non-empty stable slug or UUID","none","unknown","WordPress project record plus migration map that explicitly separates project_contract_id from wp_post_id.","Product data steward","Never changes after publication","Hard error if missing; never substitute title or numeric post ID","Yes","Disable transactional actions until a contract ID exists.","toha2-tel-aviv"
"project.marketing_name","all","localized_string","TRUE","Public marketing name.","Non-empty per locale with controlled fallback","none","unknown","Owner-approved identity sheet or official project source.","Project content owner","On brand change; review quarterly","Retain prior value in provenance history","Yes","Display Project name not verified and route correction request.","ToHa2"
"project.legal_name","all","localized_string","CONDITIONAL","Legal name of the building or registered asset.","Verified text or null when evidence.state=unknown","none","unknown","Current ownership registry statutory filing or counsel confirmation.","Owner legal counsel","Annual and on legal change","Revert to unknown when evidence expires","Yes","Do not infer from marketing name.","value=null; evidence.state=unknown"
"project.asset_type","all","enum","TRUE","Canonical runtime asset-type adapter applied to each project and selectable asset record; product family and UI applicability are separate metadata.","residential;commercial_office;retail;mixed_use;hospitality;guide_only","none","unknown","Owner-approved asset inventory; absence is represented by the truth state unknown rather than an enum value.","Product data steward","On program change","Unknown truth state blocks type-specific claims and tools","Yes","Render neutral asset language and request classification; never infer from rooms URL premium family or 3D capability.","commercial_office"
"project.ownership_parties","all","array<object>","CONDITIONAL","Legal or beneficial asset owners and disclosed shares.","Each item has legal_name share_percent source_id verified_at","percent","unknown","Registry extract or statutory disclosure plus owner confirmation.","Owner legal counsel","Quarterly and on ownership event","Mark stale and suppress definitive share total","Yes with privacy review","Show ownership not verified and request pack.","value=null; evidence.state=unknown"
"project.leasing_authority","commercial;retail","object","TRUE","Organization and role authorized to issue terms and receive commercial enquiries.","organization;role;mandate_source_id;verified_at;expires_at","none","unknown","Signed leasing mandate or authorized owner confirmation.","Owner leasing director","Monthly and on mandate event","Route to staffed commercial fallback; alert operations","Recipient category only","Do not route to an unverified private contact.","value=null; evidence.state=unknown"
"project.legal_address","all","address_object","CONDITIONAL","Address used for legal and due-diligence purposes.","country;city;street;number;postal_code;source_id","none","unknown","Municipal property record and owner confirmation.","Owner legal counsel","Annual and on municipal change","Conflict state if sources disagree","Yes","Display conflicting sourced addresses; never choose silently.","value=null; evidence.state=unknown"
"project.navigation_center","all","geo_point","TRUE","Verified current map anchor for building context; it is not a substitute for entrance-specific coordinates.","Latitude -90..90; longitude -180..180","WGS84","unknown","Surveyed owner coordinate or verified map placement.","Geo data steward","Annual and on entrance change","Set evidence.state=unknown with reason=expired; suppress public map center directions and route geometry, retaining the old coordinate only as non-current provenance history","Yes","Hide the map anchor and directions; show location not verified and offer the evidence request.","32.0000;34.0000"
"project.cadastral_ids","all","object","CONDITIONAL","Block parcel and related official property identifiers.","block;parcel;subparcel;permit_ids","none","unknown","Land registry extract and municipal building file.","Owner legal counsel","Annual and on filing change","Mark stale and block legal reliance","Controlled or public by policy","Keep blank and offer document request.","value=null; evidence.state=unknown"
"project.permitted_uses","all","array<enum>","CONDITIONAL","Building-level legally permitted uses subject to floor detail.","office;retail;residential;food;medical;lab;other","none","unknown","Current permit use schedule and counsel interpretation.","Owner counsel and architect","On permit change; annual review","Return to unknown for transaction claims","Yes as general information","State not supplied; do not infer from marketing category.","office"
"project.occupancy_status","all","enum","TRUE","Current lawful and physical building delivery state.","planned;under_construction;partially_occupied;operational;closed","none","unknown","Form 4 scope official completion certificate and owner handover evidence.","Owner project director","Weekly during delivery; quarterly when operational","Expired value becomes unknown not operational","Yes","Show Not verified and block firm move-in promise.","value=null; evidence.state=unknown"
"project.form4_document_id","all","document_ref","CONDITIONAL","Reference to lawful occupancy certificate and its covered scope.","Versioned document ID or null when evidence.state=unknown","none","unknown","Official signed Form 4 or equivalent certificate.","Owner legal counsel","On certificate event","Missing or superseded scope invalidates dependent floors","Controlled summary; file per access policy","Show lawful occupancy not verified.","value=null; evidence.state=unknown"
"project.floor_schedule_version","commercial;residential;premium","string","TRUE","Version ID for the authoritative floor-use and numbering schedule.","Non-empty revision label or null when evidence.state=unknown","none","unknown","Signed as-built or current approved stack plan.","Owner architect","On any floor numbering or program change","All dependent mappings become unknown until remapped","Yes","Disable model click-to-floor claims; retain native request path.","value=null; evidence.state=unknown"
"project.total_floor_count","all","integer","CONDITIONAL","Total building floors under a named counting basis.","Positive integer with counting_basis and source_id","floors","unknown","Approved floor schedule or clearly scoped statutory source.","Owner architect","On schedule change","Conflict badge; never silently merge counts","Yes","Display Unknown or multiple sourced counts.","value=null; evidence.state=unknown"
"project.schema_language","all","locale","TRUE","Locale emitted in page structured data.","he-IL;en-US;fr-FR;ru-RU;ar","BCP47","unknown","Rendered page locale.","SEO owner","Every render","Build failure if absent or mismatched","Machine-readable","Match HTML lang; never default foreign pages to he-IL.","en-US"
"entrance.id","all","string","CONDITIONAL","Stable identifier for one physical entrance.","Unique within project","none","unknown","Surveyed entrance schedule.","Building manager","On entrance change","Dependent routes become unknown","Yes","Do not create a generic lobby ID from project pin.","visitor_lobby"
"entrance.type","all","enum","CONDITIONAL","Operational purpose of an entrance.","visitor;tenant;accessible;parking;loading;service;retail","none","unknown","Owner entrance schedule and accessibility survey.","Building manager","Quarterly","Mark stale and remove route recommendation","Yes","Label Entrance type not verified.","visitor"
"entrance.coordinate","all","geo_point","CONDITIONAL","Surveyed coordinate of an entrance rather than project center.","Valid WGS84 point","WGS84","unknown","Survey or building manager verified route.","Geo data steward","Annual and on route change","Hide one-tap directions when expired","Yes","Route only to project center with approximate label.","value=null; evidence.state=unknown"
"entrance.name","all","localized_string","CONDITIONAL","Human-readable lobby or gate label used in directions.","Verified per-locale label","none","unknown","Building manager entrance schedule.","Localization and building manager","On naming change","Retain old label only in provenance","Yes","Use Entrance not verified.","Visitor lobby"
"entrance.access_hours","commercial;retail","schedule","CONDITIONAL","Days and hours when this entrance is usable by the relevant user.","Timezone-aware weekly schedule plus exceptions","local time","unknown","Current security and building policy.","Security manager","Quarterly","Show stale warning and request confirmation","Yes","State Hours not confirmed.","value=null; evidence.state=unknown"
"entrance.accessible_verified","all","boolean","CONDITIONAL","Whether an end-to-end step-free route is currently verified.","true;false","none","unknown","Accessibility audit covering entrance lift and destination.","Accessibility officer","Annual and after works","Automatically unknown at expiry","Yes","Never infer accessibility from an icon or ramp photo.","value=null; evidence.state=unknown"
"floor.id","commercial;residential;premium","string","TRUE","Immutable internal identifier for a physical level.","Unique project-scoped ID","none","unknown","Authoritative floor schedule crosswalk.","Product data steward","Stable after mapping; deprecate rather than reuse","Selection disabled if missing","Yes","Offer accessible inquiry at project level.","floor_20"
"floor.model_level_id","commercial;residential;premium;3D","string","TRUE","Identifier of the 3D level mesh or calibrated height band.","Unique model ID or range key","none","unknown","Model manifest reconciled to signed floor schedule.","Project modeler","Every model release","Disable direct 3D selection when mapping expires","Technical metadata","Use native floor selector only.","level_mesh_020"
"floor.legal_number","commercial;residential;premium","string","CONDITIONAL","Floor number used in legal and official building records.","String to preserve mezzanine and localized notation","none","unknown","Approved floor schedule.","Owner architect","On numbering change","Conflict state across versions","Yes","Show Not verified.","20"
"floor.marketing_number","commercial;residential;premium","string","CONDITIONAL","Floor number used in marketing materials.","String","none","unknown","Current owner leasing stack.","Leasing operations","On marketing renumbering","Mark stale and display crosswalk","Yes","Do not copy legal number automatically.","20"
"floor.lift_number","commercial;residential;premium","string","CONDITIONAL","Label visible in lift controls or lobby signage.","String","none","unknown","Building manager lift schedule.","Building manager","On programming change","Suppress arrival instruction","Yes","Show Lift label not verified.","20"
"floor.number_crosswalk","commercial;residential;premium","object","TRUE","Mapping among model legal marketing and lift identifiers.","model_id;legal_number;marketing_number;lift_number;source_id","none","unknown","Signed owner architect crosswalk.","Owner architect","On any numbering change","Entire floor record becomes conflicted","Yes","Display all known sourced numbers and conflict.","value=null; evidence.state=unknown"
"floor.use_class","all","enum","TRUE","Primary actual use of a floor under current program.","office;retail;residential;amenity;parking;mechanical;roof;service;mixed","none","unknown","Approved floor program.","Owner architect","On program change","Selection and tools fall back to neutral","Yes","Disable type-specific facts and label Unknown use.","office"
"floor.leasable","commercial;retail","boolean","TRUE","Whether any portion of the floor is legally and commercially marketable.","true;false","none","unknown","Current owner stack plus lawful use evidence.","Leasing operations","Daily while active","Unknown cannot appear as leasable","Yes","Show Status unknown and request live check.","value=null; evidence.state=unknown"
"floor.zone","commercial;premium","enum_or_string","FALSE","Owner-defined vertical zone used only after schedule reconciliation.","lowzone;midzone;highzone;custom","none","unknown","Current signed stack plan.","Leasing operations","On stack change","Mark stale and do not drive floor numbering","Yes","Hide zone label.","midzone"
"floor.rentable_area","commercial;retail","quantity","CONDITIONAL","Chargeable area under an explicitly named measurement standard.","Positive decimal plus standard and source_id","sqm","unknown","Floor-specific certified area schedule.","Measurement surveyor","On demise or survey change; monthly while available","Exclude from cost totals at expiry","Yes","Show Not supplied; do not use zone archetype as exact.","value=null; evidence.state=unknown"
"floor.usable_area","commercial;retail","quantity","CONDITIONAL","Tenant usable net area under same versioned methodology as rentable area.","Positive decimal plus standard and source_id","sqm","unknown","Certified net area survey.","Measurement surveyor","On demise or survey change","Exclude efficiency and density calculations","Yes","Show Not supplied.","value=null; evidence.state=unknown"
"floor.measurement_standard","commercial;retail","string","CONDITIONAL","Contractual method defining included and excluded areas.","Named standard and version or owner methodology ID","none","unknown","Lease measurement clause and survey methodology.","Measurement surveyor and leasing counsel","On methodology change","Invalidate area comparisons and load factor","Yes","State Standard not supplied.","value=null; evidence.state=unknown"
"floor.load_factor","commercial;retail","derived_decimal","CONDITIONAL","Rentable area divided by usable area minus one under the same standard.","Non-negative decimal derived from verified inputs","percent","unknown","No independent source; calculation requires same-version verified areas.","Product calculation service","On either input change","Becomes unknown immediately","Yes","Explain missing inputs; never treat missing area as zero.","value=null; evidence.state=unknown"
"floor.floor_to_floor_height","commercial;premium","quantity","CONDITIONAL","Vertical slab level separation.","Positive decimal","m","unknown","As-built section or signed technical specification.","Owner architect","On as-built revision","Mark stale and block fit-out reliance","Yes","Show Not supplied.","value=null; evidence.state=unknown"
"floor.clear_height","commercial;premium","quantity_range","CONDITIONAL","Expected or measured finished clear ceiling height with scope.","Minimum and typical positive decimal plus condition","m","unknown","As-built survey or signed delivery specification.","Owner architect","On fit-out or base-build revision","Mark stale and distinguish expected from measured","Yes","Show Not supplied.","value=null; evidence.state=unknown"
"floor.live_load_capacity","commercial;premium","quantity_or_zones","CONDITIONAL","Allowable imposed load by floor zone.","Positive quantity with zone map","kN/m2","unknown","Structural engineer signed schedule.","Owner structural engineer","On structural change","Immediately unknown for special-load decisions","Yes summary","Request engineer confirmation; no generic default.","value=null; evidence.state=unknown"
"floor.core_geometry_document_id","commercial;premium","document_ref","CONDITIONAL","Versioned plan or model containing core columns shafts risers and exits.","Document ID under access policy","none","unknown","Current CAD BIM or signed PDF.","Owner architect","On as-built revision","Plan tool becomes request state","Metadata public; file per policy","Do not open an empty plan viewer.","value=null; evidence.state=unknown"
"floor.lift_bank_ids","commercial;premium","array<string>","CONDITIONAL","Lift banks serving the floor.","References to verified lift-bank records","none","unknown","Approved lift schedule and floor crosswalk.","Building manager","On lift programming change","Arrival facts become unknown","Yes","Show Not verified.","value=null; evidence.state=unknown"
"space.id","commercial;residential;retail;premium","string","TRUE","Immutable leasable or saleable space identifier such as whole floor suite or unit.","Unique project-scoped ID","none","unknown","Owner asset inventory.","Product data steward","Never reuse; version demise changes","Transactional actions disabled if absent","Yes","Use floor-level inquiry without implying a suite.","suite_20a"
"space.parent_floor_id","commercial;residential;retail;premium","reference","TRUE","Floor containing the selected space.","Valid floor.id","none","unknown","Owner asset inventory.","Product data steward","On inventory mapping change","Space cannot be displayed transactionally","Yes","Return to project overview.","floor_20"
"space.demising_type","commercial;retail","enum","CONDITIONAL","Whether the space is whole-floor or one verified subdivision.","whole_floor;suite;contiguous_block","none","unknown","Current leasing plan.","Leasing architect","On demise revision","Area and availability become unknown","Yes","Label Demise not verified.","whole_floor"
"space.geometry_document_id","commercial;retail;premium","document_ref","CONDITIONAL","Versioned polygon or plan defining the selected premises.","Document or geometry revision ID","none","unknown","Signed leasing plan or certified survey.","Leasing architect","On demise revision","Disable suite highlighting","Metadata public; file per policy","Use neutral floor highlight only.","value=null; evidence.state=unknown"
"space.rentable_area","commercial;retail","quantity","TRUE","Chargeable area for this exact demise.","Positive decimal with measurement_standard and source_id","sqm","unknown","Certified suite or whole-floor area schedule.","Measurement surveyor","On demise change; monthly while marketed","Status stays but cost calculations expire","Yes","Show Not supplied and request measurement pack.","value=null; evidence.state=unknown"
"space.usable_area","commercial;retail","quantity","CONDITIONAL","Net usable area for this exact demise.","Positive decimal with same methodology as rentable area","sqm","unknown","Certified survey.","Measurement surveyor","On demise change","Density and efficiency become unknown","Yes","Show Not supplied.","value=null; evidence.state=unknown"
"space.exposures","commercial;residential;premium","array<object>","CONDITIONAL","Verified facade orientations available to selected space.","Each item direction N;NE;E;SE;S;SW;W;NW facade_share view_state source_id","percent","unknown","Compass-referenced plan and demise geometry.","Leasing architect and project modeler","On plan or demise change","Beam scene becomes neutral unknown","Yes","Do not default to west.","value=null; evidence.state=unknown"
"space.terraces","commercial;residential;premium","array<object>","FALSE","Verified outdoor areas associated with selected space.","area;geometry_document_id;exclusive_state;charge_basis;source_id","sqm","unknown","Floor-specific signed plan and lease charging basis.","Owner architect and leasing team","On plan or lease change","Hide terrace claim when expired","Yes","Hide field rather than label generic balcony.","value=null; evidence.state=unknown"
"space.divisibility","commercial;retail","object","CONDITIONAL","Landlord-approved subdivision options and minimum unit size.","allowed truth_state;minimum_area;option_ids;constraints;source_id","sqm","unknown","Current landlord demise study.","Leasing architect","Weekly while marketed","Mark unknown and remove option picker","Yes","Offer Request demise study.","value=null; evidence.state=unknown"
"space.contiguous_group_ids","commercial;premium","array<string>","FALSE","Verified adjacent spaces that can be leased as one requirement.","References to current available spaces","none","unknown","Live landlord stack.","Leasing operations","Daily","Remove expired members and recalculate group","Yes","Show Contiguous options not verified.","value=null; evidence.state=unknown"
"availability.status","commercial;retail;3D","enum","TRUE","Canonical commercial transaction state for the exact office or retail space; residential sale states require their own asset adapter.","verified_available;soft_hold;under_offer;under_loi;leased;delivered;unavailable;not_marketed","none","unknown","Authorized owner or landlord feed or signed schedule.","Leasing or sales operations","Daily; real time during active deal","Automatically becomes unknown at expires_at; never becomes available","Yes","Localized status chip with evidence date; unknown offers Request live check.","value=null; evidence.state=unknown"
"availability.source_id","all","source_ref","TRUE","Evidence record supporting current transaction status.","Valid source ID authorized for availability","none","unknown","Signed schedule feed event or authorized CRM snapshot.","Leasing or sales operations","Every status write","Status invalid without source","Source summary yes","Status remains unknown.","value=null; evidence.state=unknown"
"availability.verified_at","all","timestamp","TRUE","UTC time when an authorized party confirmed status.","ISO 8601 UTC timestamp","UTC","unknown","Generated by authorized status workflow.","Leasing or sales operations","Every verification","Status becomes unknown at expiry","Yes as age","Show Not verified.","value=null; evidence.state=unknown"
"availability.expires_at","all","timestamp","TRUE","UTC time after which the displayed status may not be asserted.","ISO 8601 later than verified_at","UTC","unknown","SLA policy based on transaction velocity.","Leasing or sales operations","Every verification","Set public status to unknown automatically","Yes as validity phrase","Treat as expired immediately if absent.","value=null; evidence.state=unknown"
"availability.owner_role","all","string","TRUE","Authorized role accountable for status without exposing private identity.","Allowlisted organization role","none","unknown","Leasing mandate and route configuration.","Leasing director","On assignment change","Status invalid if mandate expires","Yes","Show Verification owner unavailable.","Landlord leasing team"
"availability.hold_expires_at","commercial;residential;premium","timestamp","FALSE","Expiry of an under-offer reservation or hold when public policy permits.","ISO 8601 or null when evidence.state=unknown","UTC","unknown","Authorized CRM state.","Leasing operations","Real time","Clear automatically and request re-verification","Only generalized status; no counterparty","Do not guess timing.","value=null; evidence.state=unknown"
"availability.earliest_possession","commercial;premium","date_range_object","CONDITIONAL","Evidence-based date range when tenant may receive contractual possession.","earliest;latest;confidence;prerequisite_ids;source_id","date","unknown","Current construction program and offer.","Owner project director","Weekly during delivery","Return to unknown after program expiry","Yes with estimate label","Show Not verified; no precise promise.","value=null; evidence.state=unknown"
"availability.earliest_operational_occupancy","commercial;premium","date_range_object","CONDITIONAL","Earliest lawful operational use after possession fit-out and approvals.","earliest;latest;confidence;prerequisite_ids;source_id","date","unknown","Form 4 scope fit-out program and authority requirements.","Owner project director","Weekly during delivery","Return to unknown","Yes with estimate label","Show Cannot determine and list missing prerequisites.","value=null; evidence.state=unknown"
"cost.currency","commercial;residential;retail;premium","enum","TRUE","Currency for a quote or calculated amount.","ILS;USD;EUR;GBP;other","ISO4217","unknown","Landlord quote or source record.","Leasing operations","Per quote","Quote invalid if absent","Yes","Do not show amount.","ILS"
"cost.base_rent_monthly","commercial;retail","money_rate","CONDITIONAL","Asking base rent rate before fees under named area basis.","Positive amount with currency area_basis VAT state source_id","currency/sqm/month","unknown","Dated landlord quote with validity.","Leasing director","Daily while marketed and per offer","Hide amount and mark Quote expired","Yes","Show Quote required; never display zero.","value=null; evidence.state=unknown"
"cost.rent_area_basis","commercial;retail","enum","CONDITIONAL","Area definition multiplied by base rent.","usable;rentable;gross;fixed_lump_sum","none","unknown","Landlord quote and measurement clause.","Leasing counsel","Per quote","Invalidate effective cost comparison","Yes","State Basis not supplied.","value=null; evidence.state=unknown"
"cost.service_charge_monthly","commercial;retail","money_rate","CONDITIONAL","Management or service charge and budget basis.","Amount currency area_basis reconciliation_state VAT source_id","currency/sqm/month","unknown","Current property budget and landlord quote.","Property manager","Annual budget and quarterly update","Exclude from complete total and flag stale","Yes","Mark missing input; never treat as zero.","value=null; evidence.state=unknown"
"cost.arnona_rate","commercial;retail","money_rate","CONDITIONAL","Municipal property tax rate under named classification and year.","Amount currency taxable_area_basis class year source_id","currency/sqm/year","unknown","Current municipal tariff and classification evidence.","Municipal tax adviser","Annual and on classification change","Estimate expires at tariff year end","Yes as sourced estimate","Show Not verified and link request.","value=null; evidence.state=unknown"
"cost.parking_monthly","commercial;residential;premium","money","FALSE","Monthly price per parking space and access conditions.","Amount currency VAT indexation source_id","currency/space/month","unknown","Landlord quote and allocation schedule.","Leasing operations","Per quote","Hide expired rate and request update","Yes","Show Quote required.","value=null; evidence.state=unknown"
"cost.utility_structure","commercial;retail;premium","object","CONDITIONAL","Which utilities are included submetered or separately billed.","electricity;water;HVAC;gas;common_services each included;metered;null when evidence.state=unknown","none","unknown","Landlord technical and billing specification.","Property manager","Annual and on system change","Mark stale and invalidate total cost","Yes","List unknown components explicitly.","value=null; evidence.state=unknown"
"cost.after_hours_hvac","commercial;premium","money_rate_or_formula","FALSE","Charge for HVAC outside standard operating schedule.","Amount or formula with minimum zone and booking rule","currency/hour","unknown","Current property management tariff.","Property manager","Quarterly","Exclude from base total and mark unavailable","Yes","Show Quote required.","value=null; evidence.state=unknown"
"deal.lease_term","commercial;retail","duration_range","FALSE","Proposed contractual lease duration.","Minimum maximum and negotiable state","months","unknown","Dated heads of terms.","Leasing counsel","Per offer revision","Expires with offer","Yes only when public or buyer-authorized","Show Negotiable or Not quoted.","value=null; evidence.state=unknown"
"deal.indexation","commercial;retail","object","FALSE","Rent escalation mechanism.","index;frequency;floor;cap;lag;source_id","percent","unknown","Draft heads of terms or lease clause.","Leasing counsel","Per offer and law change","Expires with terms","Buyer-specific controlled display","Show Not quoted.","value=null; evidence.state=unknown"
"deal.rent_free_months","commercial;retail","number_or_schedule","FALSE","Contractual rent-free concession.","Non-negative months or dated schedule","months","unknown","Dated heads of terms.","Leasing director","Per offer","Expires with offer","Buyer-specific","Do not assume zero.","value=null; evidence.state=unknown"
"deal.ti_allowance","commercial;retail","money_or_rate","FALSE","Landlord tenant-improvement contribution and conditions.","Amount currency basis milestones conditions source_id","currency or currency/sqm","unknown","Dated heads of terms.","Leasing director","Per offer","Expires with offer","Buyer-specific","Show Not quoted.","value=null; evidence.state=unknown"
"deal.security_requirements","commercial;retail","array<object>","FALSE","Deposit guarantee parent support or other credit security.","cash_deposit;bank_guarantee;parent_guarantee;other;negotiable;null when evidence.state=unknown","none","unknown","Landlord credit policy and terms.","Leasing counsel and finance","Per offer","Expires with offer","Buyer-specific","Show Request foreign-company terms.","value=null; evidence.state=unknown"
"deal.vat_treatment","commercial;retail","enum","CONDITIONAL","Whether each quoted amount includes or excludes VAT or is uncertain.","inclusive;exclusive;exempt;not_applicable","none","unknown","Landlord quote and tax-adviser annotation.","Leasing counsel","Per quote and law change","Quote amount becomes incomplete","Yes beside every amount","Never impose a default.","exclusive"
"derived.total_occupancy_cost","commercial;retail","calculated_object","FALSE","Monthly and annual occupancy cost from only disclosed verified inputs.","value;currency;included_field_ids;missing_field_ids;assumption_ids","currency/month and currency/year","unknown","Deterministic calculation from non-expired inputs.","Product calculation service","On any input change","Immediately recalculates or becomes incomplete","Yes","Display Incomplete total plus missing inputs.","value=null; evidence.state=unknown"
"derived.cost_per_employee","commercial","calculated_object","FALSE","Occupancy cost divided by buyer scenario headcount.","value;currency;period;headcount;input_ids","currency/employee/month","unknown","Verified or visibly estimated total plus user headcount.","Product calculation service","On input change","Immediately becomes unknown or incomplete","Yes","Explain missing cost or headcount.","value=null; evidence.state=unknown"
"fitout.delivery_condition","commercial;retail","enum_or_spec","CONDITIONAL","Condition in which landlord will hand over the space.","shell_and_core;category_a;fitted;turnkey;as_is;custom","none","unknown","Signed landlord delivery specification.","Owner project director","Per leasing-package revision","Mark stale and invalidate fit-out budget","Yes","Show Not supplied and request technical pack.","value=null; evidence.state=unknown"
"fitout.base_build_scope","commercial;retail","array<object>","CONDITIONAL","Itemized landlord inclusions exclusions and allowances.","Each item included;excluded;allowance;negotiable;null when evidence.state=unknown","none","unknown","Landlord technical specification.","Owner project director","Per revision","Expired items become unknown","Yes summary","Offer Request current scope.","value=null; evidence.state=unknown"
"fitout.scenario_type","commercial","enum","FALSE","Workplace program selected by the buyer.","open_plan;cellular;hybrid;client_facing;lab_enabled;custom","none","unknown","Buyer input not landlord fact.","Buyer and workplace strategist","Per saved scenario","No expiry; revision history applies","Buyer workspace","Ask user; never default silently.","hybrid"
"fitout.target_headcount","commercial","integer","FALSE","Buyer-entered peak operational headcount for scenario testing.","Positive integer","people","unknown","Buyer input with consented persistence.","Buyer","Per scenario","Delete per retention policy","Buyer workspace","Do not calculate capacity.","250"
"fitout.density_assumption","commercial","quantity","FALSE","Usable area per person or equivalent documented workplace assumption.","Positive decimal plus assumption source","sqm/person","unknown","Buyer selection or workplace guidance.","Workplace strategist","Per scenario","Scenario result invalid if removed","Buyer workspace","Require explicit choice.","value=null; evidence.state=unknown"
"fitout.capacity_result","commercial","derived_object","FALSE","Test-fit capacity constrained by verified geometry egress MEP and assumptions.","headcount;constraint_ids;plan_revision;confidence","people","unknown","Workplace model based on verified source inputs.","Workplace architect","On any plan or scenario input change","Immediately invalidated","Yes with methodology","Show Cannot calculate and list missing evidence.","value=null; evidence.state=unknown"
"fitout.duration_range","commercial;retail","estimate_object","FALSE","Estimated fit-out duration under named scope assumptions.","minimum;maximum;confidence;assumption_ids;source_id","weeks","unknown","Project manager estimate tied to delivery condition.","Project manager","Per scenario and program revision","Mark stale; do not promise date","Yes with estimate label","Show Not estimated.","value=null; evidence.state=unknown"
"fitout.approval_process_document_id","commercial;retail","document_ref","CONDITIONAL","Current landlord fit-out submission and approval guide.","Versioned document ID","none","unknown","Owner-approved fit-out manual.","Owner project manager","On policy change","Request state when expired","Metadata public; document per policy","Offer exact document request.","value=null; evidence.state=unknown"
"fitout.contractor_access","commercial;retail","schedule_and_rules","CONDITIONAL","Hours routes bookings and restrictions for fit-out contractors.","Schedule;loading_route;lift_id;notice_period;blackouts","none","unknown","Building logistics guide and current calendar.","Building manager","Monthly during works","Mark stale and require confirmation","Controlled summary","Show Not confirmed.","value=null; evidence.state=unknown"
"mep.electrical_capacity","commercial;retail;premium","quantity_object","CONDITIONAL","Normal electrical capacity allocated to exact floor or space.","value;voltage;phases;allocation_state;source_id","kVA","unknown","Signed load schedule and current allocation confirmation.","Owner electrical engineer","Quarterly and on allocation change","Return to unknown for decisions","Yes summary","Do not inherit a whole-building capacity.","value=null; evidence.state=unknown"
"mep.spare_power_reservable","commercial;premium","quantity_object","FALSE","Additional power that landlord can contractually reserve for the buyer.","value;shared_or_dedicated;hold_expiry;source_id","kVA","unknown","Engineer confirmation plus landlord allocation approval.","Electrical engineer and leasing team","Monthly while marketed","Automatically unknown at hold expiry","Buyer-specific","Show Not confirmed.","value=null; evidence.state=unknown"
"mep.generator_scope","commercial;premium","object","CONDITIONAL","Backup generator capacity runtime and served loads.","capacity;runtime;load_percent;served_circuits;test_date;source_id","kVA and hours","unknown","Single-line diagram schedule and current test report.","Facility manager and electrical engineer","Annual and after load test","Mark stale and remove verified badge","Public-safe summary","Show Not verified.","value=null; evidence.state=unknown"
"mep.ups_scope","commercial;premium","object","FALSE","Building-provided UPS coverage and tenant responsibility.","building_provided;tenant_required;served_loads;runtime;source_id","none","unknown","Landlord technical specification.","Owner electrical engineer","On system change","Mark unknown","Public-safe summary","Do not imply generator equals UPS.","value=null; evidence.state=unknown"
"mep.hvac_system","commercial;retail;premium","object","CONDITIONAL","System type controls zones and responsibility serving selected space.","system_type;zone_ids;control_level;tenant_scope;source_id","none","unknown","As-built schematic and landlord specification.","Owner mechanical engineer","On as-built change","Return to unknown for fit-out calculations","Yes summary","Show Not supplied.","value=null; evidence.state=unknown"
"mep.hvac_operating_hours","commercial;retail","schedule","CONDITIONAL","Standard building-funded HVAC hours.","Timezone-aware weekly schedule plus holidays","local time","unknown","Current property-management policy.","Property manager","Quarterly","Mark stale and request confirmation","Yes","Show Hours not confirmed.","value=null; evidence.state=unknown"
"mep.after_hours_zoning","commercial","object","FALSE","Minimum controllable HVAC zone and booking process outside standard hours.","zone_area;booking_method;notice;availability;source_id","sqm and hours","unknown","Controls specification and operating policy.","Mechanical engineer and property manager","On system or policy change","Mark unknown","Yes","Show Not verified.","value=null; evidence.state=unknown"
"mep.outside_air_rate","commercial","quantity_object","FALSE","Design or commissioned outdoor-air supply for occupancy planning.","value;basis;design_occupancy;standard;test_date","L/s/person or air changes/hour","unknown","Mechanical design criteria or commissioning report.","Owner mechanical engineer","On commissioning revision","Mark stale and block density reliance","Yes summary","Do not derive from generic code.","value=null; evidence.state=unknown"
"mep.metering","commercial;retail;premium","array<object>","CONDITIONAL","Utility meter granularity billing use and tenant data access.","utility;floor_or_suite;submetered;billing_basis;export_available;source_id","none","unknown","As-built meter schedule and billing policy.","Property manager","On system change","Cost and ESG calculations become incomplete","Yes","List each utility as unknown.","value=null; evidence.state=unknown"
"telecom.carriers","commercial;premium","array<object>","CONDITIONAL","Carriers currently serviceable in the building.","carrier_name;medium;service_state;verified_at;source_id","none","unknown","Carrier serviceability letter and building IT inventory.","Building IT manager","Monthly","Carrier state becomes unknown","Yes","Show No verified carrier list not No carriers.","value=null; evidence.state=unknown"
"telecom.diverse_entries","commercial;premium","array<object>","FALSE","Physically independent telecom entry paths and shared-risk segments.","path_id;diversity_state;shared_risk_notes;source_id","none","unknown","As-built route drawing and carrier confirmation.","Building IT manager","Annual and on works","Mark unknown","High-level public-safe state","Do not equate multiple carriers with diversity.","value=null; evidence.state=unknown"
"telecom.mmr_document_id","commercial;premium","document_ref","FALSE","Controlled plan of meet-me rooms risers and routes.","Versioned document ID under security policy","none","unknown","As-built low-voltage drawings.","Building IT manager","On as-built change","Access grant expires; metadata remains","Restricted","Offer gated request without revealing topology.","value=null; evidence.state=unknown"
"building.lift_banks","commercial;premium","array<object>","CONDITIONAL","Passenger lift groups and served-floor mappings.","bank_id;car_count;capacity;speed;served_floor_ids;source_id","kg and m/s","unknown","Approved lift schedule.","Building manager and lift consultant","On programming change","Dependent floor mappings become unknown","Yes summary","Show Not verified.","value=null; evidence.state=unknown"
"building.lift_performance","commercial;premium","object","FALSE","Designed or measured peak lift service performance.","interval;handling_capacity;wait_percentiles;method;test_date","seconds and percent","unknown","Lift study or measured traffic test.","Lift consultant","Annual and after occupancy change","Lose measured badge at expiry","Yes","Show Not measured.","value=null; evidence.state=unknown"
"building.goods_lift","commercial;retail;premium","object","CONDITIONAL","Goods or service lift dimensions capacity route hours and booking rules.","lift_id;dimensions;capacity;served_floors;hours;booking_notice","m and kg","unknown","Building logistics schedule.","Building manager","Quarterly","Mark stale and require confirmation","Yes summary","Show Not confirmed.","value=null; evidence.state=unknown"
"building.loading_dock","commercial;retail;premium","object","CONDITIONAL","Loading location vehicle limits route and booking policy.","entrance_id;coordinate;vehicle_height;vehicle_length;hours;notice","m and local time","unknown","Surveyed logistics guide.","Building manager","On route or rule change","Hide directions and request update","Yes summary","Show Not mapped.","value=null; evidence.state=unknown"
"security.access_hours","commercial;retail;premium","schedule","CONDITIONAL","Tenant building access hours and exception procedure.","Timezone-aware schedule plus exceptions","local time","unknown","Current security policy.","Security manager","Quarterly","Mark stale","Yes","Show Not confirmed.","value=null; evidence.state=unknown"
"security.access_systems","commercial;premium","array<enum>","FALSE","Supported credential visitor and integration capabilities without sensitive configuration.","badge;mobile_credential;visitor_preregistration;turnstile;API_integration","none","unknown","Owner security specification and privacy review.","Security manager and privacy officer","On system change","Mark unknown","Public-safe summary","Show Not supplied.","value=null; evidence.state=unknown"
"fire.egress_document_id","commercial;residential;retail;premium","document_ref","CONDITIONAL","Approved fire plan containing exits stairs travel constraints and refuge information.","Versioned document ID","none","unknown","Approved fire-safety plan.","Fire consultant","On approval change","Capacity results become invalid","Metadata yes; plan per policy","Do not calculate occupant load.","value=null; evidence.state=unknown"
"fire.max_occupant_load","commercial;retail","integer","CONDITIONAL","Maximum approved occupants for selected floor or space.","Positive integer with scope and source_id","people","unknown","Approved occupancy or fire-safety document.","Fire consultant","On plan or use change","Fit-out capacity becomes unknown","Yes","Show Not verified and block definitive capacity.","value=null; evidence.state=unknown"
"accessibility.features","all","array<object>","CONDITIONAL","Verified accessible path and facility elements relevant to selected destination.","entrance;route;lift;toilet;parking;refuge;hearing_support each state and source","none","unknown","Current accessibility audit.","Accessibility officer","Annual and after works","Each feature becomes unknown independently","Yes","Show Not verified; never infer complete accessibility from one feature.","value=null; evidence.state=unknown"
"esg.certifications","all","array<object>","FALSE","Sustainability or wellness certifications with stage scope and issuer.","scheme;version;score;stage target_or_final;scope;issued_at;source_id","none","unknown","Certificate from issuing body.","Owner ESG manager","On certification event; annual check","Expired or target-only status remains explicit","Yes","Show No verified final certificate rather than generic green claim.","value=null; evidence.state=unknown"
"esg.energy_intensity","commercial;premium","metric_object","FALSE","Measured building operational energy normalized under declared boundary.","value;period;area_basis;occupancy_basis;assurance;source_id","kWh/sqm/year","unknown","Metered report with methodology.","Property manager and ESG manager","Annual with quarterly provisional update","Mark stale and hide benchmark conclusion","Yes","Show Not yet measured.","value=null; evidence.state=unknown"
"esg.tenant_data_access","commercial","object","FALSE","Tenant access to utility and ESG consumption data.","granularity;cadence;format;history;access_method;source_id","none","unknown","Metering service specification and sample report.","Property manager","On service change","Mark unknown","Yes","Show Not confirmed.","value=null; evidence.state=unknown"
"view.asset_type","all","enum","TRUE","Truth classification for a visual claimed as view from selected space.","actual_capture;verified_panorama;surveyed_simulation;illustrative_context","none","unknown","Capture metadata or simulation methodology.","Product data steward","Every asset release","Unknown asset cannot be described as actual view","Yes prominently","Label View type unknown.","illustrative_context"
"view.captured_at","all","timestamp","CONDITIONAL","Date and time an actual or verified panorama was captured.","ISO 8601","UTC","unknown","Embedded metadata and owner confirmation.","Owner marketing","Every capture","Show stale age and planning-change warning","Yes","Omit capture claim and label illustrative.","value=null; evidence.state=unknown"
"view.camera_pose","all","object","CONDITIONAL","Floor suite point height orientation and field of view for the visual.","space_id;position;heading;pitch;field_of_view","degrees and m","unknown","Surveyed capture or documented simulation pose.","Project modeler","Every asset release","Invalidate orientation linkage","Technical summary","Do not draw exact beam.","value=null; evidence.state=unknown"
"view.obstructions","all","array<object>","FALSE","Existing approved or proposed obstructions relevant to verified sightlines.","type;geometry;planning_status;source_id;verified_at","none","unknown","Planning search and sightline study.","Planning consultant","Quarterly","Mark stale and remove clear-view implication","Yes","Show Not assessed.","value=null; evidence.state=unknown"
"mobility.route.id","all","string","CONDITIONAL","Stable record for a route scenario from verified entrance to destination.","Unique route ID","none","unknown","Routing result with source terms.","Mobility data steward","Generated per scenario","Expire with mobility SLA","Yes","Offer external map directions without an internal time claim.","visitor_lobby_to_station"
"mobility.route.mode","all","enum","CONDITIONAL","Transport mode for a route.","walk;wheelchair;bike;car;bus;rail;light_rail;mixed","none","unknown","Routing-provider result and service data.","Mobility data steward","Daily for service; monthly for static route","Mark stale and request recalculation","Yes","Do not show travel time.","walk"
"mobility.route.duration_range","all","range","CONDITIONAL","Typical or scheduled travel-time range under declared time conditions.","minimum;maximum;percentile;time_window;sample_period","minutes","unknown","Current routing or historical travel data.","Mobility data steward","Daily for transit; monthly for traffic scenarios","Remove current badge and recalculate","Yes","Show straight-line distance only if sourced and labelled.","value=null; evidence.state=unknown"
"mobility.route.distance","all","quantity","CONDITIONAL","Routed distance between exact origin and destination.","Non-negative decimal","m or km","unknown","Routing-provider path.","Mobility data steward","Monthly and on entrance change","Mark stale","Yes","Do not convert straight-line distance into walk distance.","value=null; evidence.state=unknown"
"mobility.route.accessible_state","all","enum","FALSE","Whether the complete route is verified accessible for a defined need.","fully_accessible;partially_accessible;not_accessible","none","unknown","Accessibility-aware routing plus operator and entrance evidence.","Accessibility and mobility stewards","Monthly and on outage","Automatically unknown","Yes","Show Accessibility not verified.","value=null; evidence.state=unknown"
"mobility.future_project","all","deprecated_alias","FALSE","Legacy singular alias; deterministically adapt to mobility.future_projects as a one-item array and never persist this ID.","Map one valid object to mobility.future_projects[0] without changing evidence.","none","unknown","Use the canonical mobility.future_projects source contract.","Mobility research editor","Adapter migration only","Set canonical evidence.state=unknown with reason=expired when freshness fails; never create a stale truth state or move to operating automatically.","No; expose canonical plural field","Resolve through mobility.future_projects; invalid input becomes an empty canonical array with unknown evidence.","mobility.future_projects"
"place.id","all","string","FALSE","Stable nearby-place identifier.","Provider or internal ID with source namespace","none","unknown","Licensed place dataset or first-party source.","Local content data steward","Monthly","Remove from current results when expired","Yes","Do not infer a missing category means none exists.","value=null; evidence.state=unknown"
"place.category","all","enum","FALSE","Decision-oriented category for a nearby place.","food;cafe;grocery;pharmacy;medical;gym;childcare;hotel;conference;bank;parking;business_ecosystem;other","none","unknown","Place source plus editorial classification.","Local content data steward","Monthly","Mark stale and hide from open-now filters","Yes","Show No verified results.","cafe"
"place.coordinate","all","geo_point","FALSE","Verified place coordinate for routing.","Valid WGS84 point","WGS84","unknown","Licensed place record or first-party location.","Geo data steward","Monthly","Do not route when expired","Yes","List only source-provided address if available.","value=null; evidence.state=unknown"
"place.operating_state","all","enum","FALSE","Current operating/delivery condition of a place or transport asset, separate from its evidence state.","operating;under_construction;planned;temporarily_closed;closed","none","unknown","Current first-party operator or authority evidence with expected date/range for future infrastructure.","Local content data steward","Monthly; weekly for launch pipeline","Expired evidence becomes state=unknown with reason=expired; browser derives the sixth presentation label unknown","Yes with explicit status badge; legacy open adapts only to operating","Label status not verified; proposal/concept is not silently promoted to planned.","value=null; evidence.state=unknown"
"place.last_verified_at","all","timestamp","FALSE","Last time core place facts were checked.","ISO 8601 UTC","UTC","unknown","Source retrieval or manual verification event.","Local content data steward","Monthly","Place loses current badge","Yes as age","Show Not recently verified.","value=null; evidence.state=unknown"
"market.comparable","commercial;residential;premium","object","FALSE","One rent sale or occupancy comparable with matching and adjustment evidence.","asset;space_type;date;area;area_basis;price;incentives;condition;source_id;adjustments","none","unknown","Licensed transaction data authoritative disclosure or clearly labeled listing.","Market research analyst","Monthly","Remove from current aggregate after policy horizon","Yes subject to license","Show No verified comparable set.","value=null; evidence.state=unknown"
"market.submarket_metric","commercial;residential;premium","deprecated_alias","FALSE","Legacy singular alias; deterministically adapt to market.submarket_metrics as a one-item array and never persist this ID.","Map one valid metric object to market.submarket_metrics[0] without changing evidence.","varies","unknown","Use the canonical market.submarket_metrics source contract.","Market research analyst","Adapter migration only","When freshness fails set canonical evidence.state=unknown with reason=expired and stop current-tense language.","No; expose canonical plural field","Resolve through market.submarket_metrics; invalid input becomes an empty canonical array with unknown evidence.","market.submarket_metrics"
"risk.item","all","object","FALSE","One material location project legal environmental or delivery risk.","category;status;severity;geography;period;source_id;mitigation_question","none","unknown","Authoritative notice engineering study counsel or clearly labeled observation.","Risk analyst","Monthly or event-driven","Mark stale; never convert missing to no risk","Yes with legal and security review","Show Risk not assessed.","value=null; evidence.state=unknown"
"source.id","all","string","TRUE","Immutable identifier for an evidence source record.","Unique ID","none","unknown","Created by ingestion or editorial verification workflow.","Product data steward","Never reuse","Dependent facts become invalid if source is removed","Yes as citation handle","Fact remains unknown.","src_owner_stack_2026_08"
"source.type","all","enum","TRUE","Nature of evidence supporting a fact.","official_certificate;owner_signed;owner_marketing;statutory_filing;municipal;operator;licensed_dataset;field_observation;derived;user_input","none","unknown","Recorded with each source.","Product data steward","At ingestion","Dependent fact becomes unknown","Yes","Label Source type unknown.","statutory_filing"
"source.url_or_document_id","all","string","TRUE","Resolvable public URL or controlled document reference.","HTTPS URL or internal versioned document ID","none","unknown","Direct evidence location.","Product data steward","At ingestion and link checks monthly","Mark broken; dependent fact becomes stale not deleted","Yes or controlled per policy","Offer evidence request.","value=null; evidence.state=unknown"
"source.published_at","all","date_or_version","CONDITIONAL","Publication date effective date or revision identifier.","ISO date version string or null when evidence.state=unknown","none","unknown","Source metadata.","Product data steward","At ingestion","Fact cannot receive current badge without a date policy","Yes","Show Date not supplied.","2026-08-10"
"source.verified_at","all","timestamp","TRUE","Time the system or authorized reviewer last checked the source and scope.","ISO 8601 UTC","UTC","unknown","Verification workflow event.","Assigned fact owner","Per field SLA","After expiry or SLA failure set evidence.state=unknown with reason=expired; the UI may label the age stale but stale is never an evidence state.","Yes as age","Show Not verified.","2026-08-10T18:00:00Z"
"source.confidence","all","enum","TRUE","Confidence classification separate from truth state.","high;medium;low","none","unknown","Documented editorial rubric.","Product data steward","Every verification","Expired confidence becomes unknown","Yes","Show Confidence unknown.","high"
"source.scope","all","string","TRUE","Precisely which project floor space period and assertion the evidence supports.","Structured scope expression plus human summary","none","unknown","Reviewer annotation.","Assigned fact owner","Every verification","Fact cannot inherit broader evidence silently","Yes","Do not publish the fact as verified.","project:park;floor:20;field:rentable_area"
"conflict.id","all","string","FALSE","Record grouping two or more incompatible sourced values.","Unique conflict ID","none","unknown","Automated detector or reviewer finding.","Product data steward","On ingestion and weekly review","Persists until documented resolution","Yes","If no registry exists retain multiple values and mark contradicted.","floor_count_conflict_park"
"conflict.status","all","enum","FALSE","Resolution state for a source contradiction.","open;investigating;resolved;accepted_difference_in_scope","none","unknown","Named reviewer decision with rationale.","Product data steward","Weekly for P0; monthly otherwise","Open conflict blocks definitive value","Yes","Show Contradicted.","open"
"document.id","all","string","FALSE","Immutable reference for a versioned due-diligence or technical file.","Unique ID","none","unknown","Controlled document repository.","Transaction coordinator","Every upload","Old version retained but superseded","Metadata yes; file per policy","Show Document not supplied.","floor20_plan_revC"
"document.category","all","enum","FALSE","Purpose category for discovery requests and access rules.","availability;ownership;legal;plan;BIM;MEP;fire;accessibility;ESG;lease;fitout;telecom;other","none","unknown","Document owner classification.","Transaction coordinator","Every upload","No expiry; version and access rules apply","Yes as index","Offer exact document request.","plan"
"document.revision","all","string","FALSE","Owner-issued revision or effective version.","Non-empty revision label","none","unknown","File metadata and owner confirmation.","Document owner","Every upload","Superseded document cannot support current claims","Yes","Label Revision not supplied.","Rev C"
"document.access_class","all","enum","TRUE","Security and confidentiality class controlling document delivery.","public;requestable;NDA_required;authorized_buyer_only;restricted_security","none","unknown","Owner security privacy and legal policy.","Security and transaction owners","On policy change","Access grant expires and is revoked","Class visible; file conditional","Do not expose file; offer appropriate request if allowed.","NDA_required"
"document.expires_at","all","timestamp","FALSE","Date after which document cannot support a current transaction claim.","ISO 8601 UTC or null when evidence.state=unknown","UTC","unknown","Document owner validity policy.","Document owner","At upload and revision","Dependent current claims become evidence.state=unknown with reason=expired; a stale presentation label is derived and never a fifth truth state.","Metadata yes","Treat as expired if current status requires freshness and no expiry exists.","value=null; evidence.state=unknown"
"i18n.term_catalog","all","enum","TRUE","Message namespace selected from asset type and interaction context.","commercial;residential;retail;mixed;neutral","none","unknown","Product schema and approved localization catalog.","Localization owner","Every copy release","Neutral catalog if asset type unknown","Yes","Never use residential fallback for commercial.","commercial"
"i18n.translation_state","all","object","TRUE","Completeness and review status for a locale and surface.","locale;surface;machine_complete;native_reviewed_at;reviewer_role","none","unknown","Rendered text audit and native review.","Localization owner","Every copy release","Lose reviewed badge on string changes","Operational metadata","Fall back to neutral approved language and label locale gap internally.","value=null; evidence.state=unknown"
"ux.floor_selection_strategy","commercial;residential;premium;3D","enum","TRUE","Primary and accessible mechanisms that resolve a user's intended floor.","calibrated_surface_tap;mesh_hit;native_floor_select;explicit_polygon","none","unknown","Model calibration plus QA evidence.","3D engine owner","Every model release","Disable direct tap and use native selector","Public interaction","Offer accessible project-level request.","calibrated_surface_tap"
"ux.selection_calibration_version","commercial;residential;premium;3D","string","TRUE","Version tying model geometry to authoritative floor mappings.","Model hash plus floor-schedule version","none","unknown","Calibration artifact and signed floor schedule.","Project modeler","Every model or schedule release","Tap selection disabled","Technical metadata","Use native selector with verified crosswalk only.","value=null; evidence.state=unknown"
"ux.tool_availability","all","array<object>","TRUE","Truthful state and action for each heavy tool for selected asset.","tool_id;state available;requestable;not_applicable;null when evidence.state=unknown;asset_id;source_id","none","unknown","Actual asset inventory and asset-type policy.","Product owner","Every asset or tool release","Tool becomes request state not empty shell","Yes","Do not render a door promising unavailable content.","value=null; evidence.state=unknown"
"ux.dialog_contract_version","all","string","TRUE","QA contract for full-screen tools including focus return Back and scroll behavior.","Semantic version linked to test suite","none","unknown","Passing interaction test evidence.","Frontend QA","Every dialog release","Release blocked on missing contract","Technical metadata","Disable new tool entry point.","1.0.0"
"inquiry.case_id","all","string","TRUE","Public-safe unique identifier returned after accepted enquiry.","Opaque non-sequential token","none","unknown","Lead service response after persistence.","Sales operations engineering","Every accepted submission","Retain per lead policy; never recycle","Yes to submitting user","Show retry-safe failure; never fake success.","NL-7K4P2M"
"inquiry.project_id","all","reference","TRUE","Semantic project contract context captured with an enquiry; this dictionary field maps to RFP wire project_contract_id, while the separate numeric wire project_id is only the WordPress routing key.","Valid project.id serialized as project_contract_id","none","unknown","Immutable selection context plus separately validated wp_post_id routing lookup.","Product engineering","Every submission","Reject submission if the contract ID is absent or mismatches the numeric route lookup","In acknowledgement","Do not submit as a floor-specific lead.","toha2-tel-aviv"
"inquiry.space_id","all","reference","CONDITIONAL","Exact floor suite or unit the user is asking about.","Valid space.id or explicit project-level state","none","unknown","Selection context confirmed to user.","Product engineering","Every submission","Persist snapshot even if later inventory changes","In acknowledgement","Label enquiry as project-level.","value=null; evidence.state=unknown"
"inquiry.question_ids","all","array<string>","FALSE","Atomic unanswered questions selected for one structured RFP.","References to gap or question catalog IDs","none","unknown","User selection.","Buyer and product","Per submission","Retain per lead policy","Yes to buyer and recipient","Allow free text but label no structured questions.","G031;G041;G067"
"inquiry.company_name","commercial","string","CONDITIONAL","Buyer organization name for B2B qualification.","User-provided text","none","unknown","User input with privacy notice.","Buyer","Per submission","Delete or anonymize per retention policy","Only authorized recipients","Allow individual or confidential company state.","Example Startup Inc."
"inquiry.role","commercial","string","FALSE","User's organizational role relevant to the requirement.","User-provided or controlled list plus other","none","unknown","User input.","Buyer","Per submission","Delete or anonymize per retention policy","Authorized recipients","Do not infer from email domain.","Workplace lead"
"inquiry.headcount","commercial","integer_or_range","FALSE","Expected workforce headcount used for qualification and test fit.","Positive integer or min-max range","people","unknown","User input.","Buyer","Per submission and scenario revision","Delete or anonymize per retention policy","Authorized recipients","Leave unknown without blocking general enquiry.","200-250"
"inquiry.timeline","commercial;residential;premium","date_or_range","FALSE","Buyer target possession or move-in window.","ISO date or date range","date","unknown","User input.","Buyer","Per submission","Retain per policy","Authorized recipients","Leave unknown and ask during follow-up.","2027-Q2"
"inquiry.preferred_language","all","locale","TRUE","Language requested for response.","he;en;fr;ru;ar;other","BCP47","unknown","Explicit user selection or current locale confirmed in form.","Buyer","Per submission","Persist with case","Recipient and acknowledgement","Ask user; do not infer nationality.","en"
"inquiry.timezone","all","timezone","FALSE","Time zone for response and scheduling.","IANA time zone","none","unknown","User input or explicit confirmation.","Buyer","Per submission","Persist with case","Authorized recipient","Use email-first and ask before calling.","America/New_York"
"inquiry.contact_preference","all","deprecated_alias","FALSE","Legacy singular alias; deterministically adapt to inquiry.contact_preferences.channel and never persist this ID.","email;phone;whatsapp;scheduled_call;no_preference","none","unknown","Use explicit buyer input under the canonical inquiry.contact_preferences contract.","Buyer","Adapter migration only","Persist only the canonical preferences object; honor withdrawal.","No; expose canonical preferences object","Map the value to inquiry.contact_preferences.channel and leave every unsupplied preference null.","inquiry.contact_preferences.channel"
"routing.recipient_category","all","enum","TRUE","Public-safe destination category selected by routing.","verified_landlord;verified_developer;authorized_broker;nadlan_commercial_desk;nadlan_support","none","unknown","Versioned routing configuration and authorization evidence.","Sales operations","Real time and monthly audit","Fallback to staffed desk; alert if unknown","Yes after submission","Do not state delivered to owner.","nadlan_commercial_desk"
"routing.response_sla","all","duration_object","TRUE","Honest target for first human response by request class language and service hours.","duration;business_hours;timezone;escalation_policy_id","hours","unknown","Published staffed operations policy.","Sales operations","Quarterly and on staffing change","Remove promise and show acknowledgement only","Yes","State SLA not available.","1 business day"
"routing.route_status","all","enum","TRUE","Auditable delivery state for the accepted enquiry.","accepted;queued;delivered;acknowledged;failed;fallback","none","unknown","Lead service and destination acknowledgement.","Sales operations engineering","Real time","Escalate failures; never convert to success","Buyer sees safe status; operations sees detail","Show received but routing unconfirmed only if persisted safely.","fallback"
"privacy.notice_version","all","string","TRUE","Version of just-in-time notice shown at submission.","Immutable policy version ID","none","unknown","Published privacy notice.","Privacy officer","On policy change","Submission blocked if no valid notice","Yes","Do not collect personal data.","2026-08-10-v1"
"privacy.consent_record","all","object","CONDITIONAL","Specific user permissions captured with notice version and timestamp.","purpose_ids;notice_version;timestamp;locale;withdrawal_method","none","unknown","User action recorded by lead service.","Privacy officer","Per submission","Retain and delete under policy; never fabricate","User receipt and audit log","Do not perform optional processing without consent.","value=null; evidence.state=unknown"
"privacy.retention_rule","all","object","TRUE","Retention deletion and anonymization rule for each data class.","data_class;retention_period;legal_basis;deletion_action;owner","days or months","unknown","Approved privacy and records policy.","Privacy officer","Annual and on law or system change","Collection disabled for ungoverned fields","Summary yes","Do not collect the field.","value=null; evidence.state=unknown"
"privacy.document_access_grant","commercial;premium","object","FALSE","Time-limited authorization to controlled technical or legal documents.","case_id;document_ids;authorized_party;granted_at;expires_at;revoked_at;audit_id","none","unknown","Approved NDA authorization and least-privilege workflow.","Transaction and security owners","Every access event","Revoke automatically at expiry","Only authorized user and audit","No access; offer request if policy permits.","value=null; evidence.state=unknown"
"area.temporal_context","all","array<object>","FALSE","Dated evidence describing immediate-area conditions by time of day day type and construction period.","period;condition;observation_type;source_id;verified_at;confidence","none","unknown","Official notices or dated field observations with location and scope.","Local research editor","Quarterly and after material works","Expired observations remain historical and lose current status","Yes with evidence label","Show Area conditions not assessed and offer visit planning.","value=null; evidence.state=unknown"
"building.acoustic_performance","commercial;residential;premium","object","FALSE","Measured or designed facade and base-build acoustic performance with test scope.","metric;value;unit;test_location;standard;measured_at;source_id","varies","unknown","Acoustic report facade specification or dated site measurement.","Owner acoustic consultant","After facade change or material noise change","Lose verified badge and block performance conclusion","Yes summary","Show Not tested; do not apply a generic rating.","value=null; evidence.state=unknown"
"building.amenities","all","array<object>","FALSE","Building-contained amenities with operational status location access eligibility and hours.","amenity_id;category;name;floor;status;access_rule;hours;source_id;verified_at","none","unknown","Current building-manager inventory and relevant lease or operating evidence.","Property manager","Monthly","Expired amenities become unknown rather than open","Yes","Show No verified amenity inventory; do not imply none exist.","value=null; evidence.state=unknown"
"building.floor_schedule","commercial;residential;premium;3D","array<object>","TRUE","Authoritative versioned stack mapping every physical level within one canonical tower to legal marketing lift and model identifiers and use class.","schedule_version;tower_id;floor_records(each includes tower_id and floor_id);source_id;approved_at","none","unknown","Signed current as-built or owner-approved floor schedule reconciled to project.tower_registry.","Owner architect","On tower numbering program model or lift mapping change","All dependent selection and status records become contradictory or unknown","Yes","Disable definitive 3D floor claims and offer verified stack request.","value=null; evidence.state=unknown"
"comparison.office_cost_fields","commercial","array<string>","TRUE","Ordered canonical fields required for comparable office occupancy cost analysis.","rentable_area;usable_area;load_factor;base_rent;service_charge;arnona;parking;utilities;fitout;incentives;total_cost;missing_inputs","field IDs","unknown","Approved commercial comparison schema and calculation policy.","Product owner and finance analyst","Every comparison schema release","Comparison becomes unavailable until schema is restored","Yes","Render no residential fallback rows.","value=null; evidence.state=unknown"
"comparison.schema","all","object","TRUE","Asset-type-specific comparison contract defining allowed rows units provenance and missing-value behavior.","asset_type;version;field_ids;calculation_ids;locale_rules;unknown_policy","none","unknown","Product-approved versioned comparison specification.","Product owner","Every schema release","Disable comparison for unsupported asset type","Yes","Show Comparison not available for this asset type.","value=null; evidence.state=unknown"
"documents.access_policy","commercial;premium","object","TRUE","Classification NDA authorization grant audit expiry and revocation rules for data-room documents.","classes;eligibility;approval_roles;grant_duration;audit_rule;revocation_rule","none","unknown","Owner-approved legal security and privacy policy.","Security privacy and transaction owners","On policy change; annual review","Deny access by default and revoke active grants where required","Policy summary yes","Do not expose or imply availability of restricted files.","value=null; evidence.state=unknown"
"documents.availability_schedule","commercial;residential;premium","document_ref","CONDITIONAL","Current signed space-level availability schedule supporting public transaction states.","document_id;revision;effective_at;expires_at;authorized_owner;source_id","none","unknown","Landlord or developer signed schedule or authenticated equivalent.","Leasing or sales director","Daily while active","Dependent statuses become unknown automatically","Metadata and safe summary","Offer a tracked live-verification request.","value=null; evidence.state=unknown"
"documents.data_room_index","commercial;premium","array<object>","CONDITIONAL","Versioned inventory of available requestable restricted and missing due-diligence documents.","document_id;category;scope;revision;access_class;status;owner;verified_at","none","unknown","Controlled repository inventory confirmed by each document owner.","Transaction coordinator","Real time","Expired entries remain visible as superseded metadata","Index yes; files per access policy","Show No verified data-room index and offer exact checklist request.","value=null; evidence.state=unknown"
"documents.floor_pack","commercial;residential;premium","object","CONDITIONAL","Selected-floor document bundle including plan measurement technical and availability evidence.","floor_id;document_ids;pack_revision;verified_at;expires_at;owner","none","unknown","Owner-approved current documents reconciled to one floor schedule version.","Owner architect and leasing team","On any included document revision","Pack becomes incomplete and request-only","Metadata and safe documents","Replace empty viewer with Request verified floor pack.","value=null; evidence.state=unknown"
"entrances.accessible","all","array<object>","CONDITIONAL","Verified accessible entrances and their end-to-end routes to relevant destinations.","entrance_id;coordinate;route_id;served_floor_ids;hours;audit_source_id;verified_at","none","unknown","Current accessibility audit and building-manager confirmation.","Accessibility officer and building manager","Annual and after works","Routes become unknown and directions are suppressed","Yes","Show Accessible entrance not verified.","value=null; evidence.state=unknown"
"entrances.visitor","all","array<object>","CONDITIONAL","Visitor lobby or gate records used for navigation arrivals and hosted access.","entrance_id;name;coordinate;hours;arrival_modes;source_id;verified_at","none","unknown","Surveyed owner entrance schedule and operating policy.","Building manager","Quarterly and on entrance change","Directions fall back to approximate project center","Yes","Label project pin approximate and ask for visitor lobby.","value=null; evidence.state=unknown"
"esg.embodied_carbon","commercial;premium","object","FALSE","Embodied-carbon assessment and materials evidence under a defined life-cycle boundary.","value;unit;life_cycle_stages;area_basis;method;assurance;document_ids","kgCO2e/sqm or project total","unknown","Owner LCA EPD schedule and final construction records.","Owner ESG manager and contractor","On final report or material design revision","Mark stale and remove definitive benchmark claim","Yes summary","Show No verified embodied-carbon evidence.","value=null; evidence.state=unknown"
"esg.operational_programs","all","array<object>","FALSE","Operational indoor-air water waste wellbeing and related facility programs.","program_id;category;status;scope;metric;owner;source_id;verified_at","none","unknown","Current facility policies audits contracts and performance records.","Property manager","Annual and on program change","Expired program becomes unknown not operational","Yes","Show No verified operational program inventory.","value=null; evidence.state=unknown"
"esg.renewable_energy","all","object","FALSE","On-site generation off-site procurement certificates and tenant choice for renewable electricity.","onsite_share;procurement_type;certificate_type;tenant_option;period;source_id","percent and energy","unknown","Utility contracts generation records and owner policy.","Owner ESG manager","Annual and on energy contract change","Mark stale and suppress current share","Yes","Show Renewable-energy options not verified.","value=null; evidence.state=unknown"
"fire.egress","commercial;residential;retail;premium","object","CONDITIONAL","Selected-floor exit stair travel refuge and source-plan facts used for life safety and test fits.","floor_id;exit_count;stair_ids;travel_constraints;refuge_features;document_id;revision","none","unknown","Approved fire plan and current occupancy approval.","Fire consultant and owner architect","On approved plan or use change","Occupant-load and fit-out results become unknown","Public-safe summary; plan per policy","Do not infer egress from area or generic floor archetype.","value=null; evidence.state=unknown"
"fitout.approval_process","commercial;retail","array<object>","CONDITIONAL","Structured landlord fit-out submission approval inspection and closeout workflow.","stage_id;required_documents;reviewer_role;target_duration;fees;prerequisites;source_id","none","unknown","Current owner-approved fit-out manual and contact matrix.","Owner project manager","On policy change","Process becomes request-only and loses timing claims","Yes summary","Show Current process not supplied and offer manual request.","value=null; evidence.state=unknown"
"fitout.brief","commercial","object","FALSE","Buyer-authored workplace requirements linked to selected space scenario and evidence gaps.","scenario_id;headcount;attendance;program;special_uses;timeline;constraints;revision","none","unknown","Explicit buyer input under disclosed retention and sharing rules.","Buyer","Per saved revision","Delete or anonymize under retention policy","Buyer workspace and authorized recipients","Start an empty guided brief; never infer requirements.","value=null; evidence.state=unknown"
"fitout.capacity_scenarios","commercial","array<object>","FALSE","Alternative workplace capacity results derived from verified geometry and explicit assumptions.","scenario_id;program;headcount;density;constraint_ids;plan_revision;confidence","people and sqm/person","unknown","Workplace-architect model using current plan egress MEP and buyer inputs.","Workplace architect","On any geometry evidence or assumption change","Invalidate affected scenarios immediately","Yes with assumptions","Show Cannot calculate and list missing source fields.","value=null; evidence.state=unknown"
"fitout.mandatory_vendors","commercial;retail","array<object>","FALSE","Landlord rules identifying mandatory recommended or prohibited fit-out consultants contractors and systems vendors.","vendor_or_role;rule;scope;effective_at;source_id","none","unknown","Current landlord fit-out manual or signed project instruction.","Owner project manager","On vendor policy change","Expired rules become unknown","Yes summary","Show Vendor rules not supplied.","value=null; evidence.state=unknown"
"fitout.program_zones","commercial","array<object>","FALSE","Commercial program areas placed within a verified test fit.","zone_id;type;area;capacity;geometry_ref;scenario_id;author;revision","sqm and people","unknown","Workplace architect-authored test fit on current source geometry.","Workplace architect","On plan or scenario revision","Hide obsolete zones and retain revision history","Yes with scenario label","Do not synthesize residential room zones.","value=null; evidence.state=unknown"
"floor.core_geometry","commercial;premium","object","CONDITIONAL","Structured or referenced selected-floor core columns shafts risers stairs and exits geometry.","floor_id;geometry_revision;document_id;feature_layers;coordinate_system;source_id","none","unknown","Current CAD BIM or signed plan reconciled to floor schedule.","Owner architect and MEP consultant","On as-built revision","Plan and test-fit tools become request-only","Safe rendered plan; source per policy","Do not open decorative or empty plan.","value=null; evidence.state=unknown"
"floor.dimensions","commercial;premium","object","CONDITIONAL","Dimensioned envelope grid bay depths spans and scale for selected floor.","floor_id;bounding_dimensions;grid;scale;unit;document_id;revision","m","unknown","Current dimensioned CAD BIM or signed PDF.","Owner architect","On as-built revision","Fit-out conclusions become unknown","Yes in plan tool","Show Dimensions not supplied.","value=null; evidence.state=unknown"
"floor.occupancy_certificate","commercial;residential;premium","object","CONDITIONAL","Lawful occupancy evidence whose documented scope includes the exact floor and use.","floor_id;document_id;certificate_type;issued_at;scope;limitations;source_id","none","unknown","Official Form 4 or equivalent certificate plus floor schedule mapping.","Owner legal counsel","On certificate or scope event","Floor move-in state becomes unknown","Certificate summary; file per policy","Show Lawful occupancy not verified and block firm date.","value=null; evidence.state=unknown"
"floor.permitted_uses","commercial;retail;premium","array<object>","CONDITIONAL","Allowed conditional and prohibited uses for the exact floor under permits and landlord policy.","use;state allowed;conditional;prohibited;condition;document_id;verified_at","none","unknown","Current permit use schedule and landlord leasing restrictions.","Owner counsel and architect","On permit or policy change","All use-specific fit-out results become unknown","Yes as general information","Show Permitted use not supplied and request confirmation.","value=null; evidence.state=unknown"
"floor.view_assets","all","array<object>","FALSE","Actual panorama verified simulation or illustrative context assets linked to a floor and camera pose.","asset_id;space_id;asset_type;camera_pose;captured_at;source_id;limitations","none","unknown","Capture metadata survey or documented simulation method.","Owner marketing and product data steward","On asset nearby-planning or geometry change","Lose current or actual badge at expiry","Yes","Offer verified view request and label any illustration prominently.","value=null; evidence.state=unknown"
"i18n.commercial_terms","commercial","object","TRUE","Approved five-language commercial-office terminology and prohibited residential fallback terms.","locale;message_ids;approved_terms;prohibited_terms;reviewed_at;reviewer_role","none","unknown","Native professional translation and commercial editorial approval.","Localization owner and commercial editor","Every copy or catalog release","Commercial surface falls back to neutral approved terms","Yes","Never use home apartment rooms bedrooms or balcony as fallback.","value=null; evidence.state=unknown"
"i18n.layout_acceptance","all","array<object>","TRUE","Per-locale viewport QA results for direction overlap clipping focus order and control reachability.","locale;viewport;direction;test_ids;passed_at;build_version;device_class","none","unknown","Automated visual geometry tests plus required real-device review.","Frontend QA","Every UI or copy release","Release gate fails when missing or expired","Operational summary","Do not claim locale support for the affected surface.","value=null; evidence.state=unknown"
"i18n.page_completeness","all","object","TRUE","Rendered-language inventory proving that a localized page contains no unintended fallback-language strings.","locale;surface;string_count;fallback_count;exceptions;native_reviewed_at","counts","unknown","Rendered text scan and native reviewer approval.","Localization owner","Every content or code release","Locale loses complete status","Operational summary","Label locale incomplete internally and use approved neutral fallback.","value=null; evidence.state=unknown"
"inquiry.buyer_brief","commercial","object","FALSE","Structured company role headcount use area timeline location and technical requirements captured with enquiry.","company;role;headcount;area_range;timeline;use;fitout;power;telecom;commute;notes","none","unknown","Explicit buyer input under just-in-time privacy notice.","Buyer and commercial sales operations","Per submission or saved revision","Delete or anonymize under retention policy","Authorized recipients and buyer receipt","Allow concise general enquiry without inventing requirements.","value=null; evidence.state=unknown"
"inquiry.channel_handoff","all","object","FALSE","Privacy-safe continuity token and delivery outcome when moving a case to email phone WhatsApp or scheduling.","case_id;channel;context_token;initiated_at;delivery_status;recipient_category","none","unknown","Approved channel integration and lead-service audit event.","Commercial sales operations","Every handoff","Token and channel authorization expire under routing policy","Submitting user and operations","Keep user on current acknowledgement and offer staffed fallback.","value=null; evidence.state=unknown"
"inquiry.contact_preferences","all","object","CONDITIONAL","Buyer-selected response channel international phone email timezone language and contact window.","channel;email;phone_e164;timezone;language;contact_window;marketing_opt_in","none","unknown","Explicit user input and consent record where required.","Buyer","Per submission and preference update","Honor withdrawal and delete under retention rule","Authorized recipients and buyer receipt","Use email-first only when valid and disclosed; never infer nationality or timezone.","value=null; evidence.state=unknown"
"inquiry.context_payload","all","object","TRUE","Immutable transaction context attached to an enquiry including project floor space tools gaps and evidence revisions.","project_contract_id;wp_post_id;building_id;tower_id;floor_id;suite_id;asset_type;question_ids;document_ids;source_snapshot;locale","none","unknown","Confirmed UI selection and current evidence snapshot.","Product engineering","Every submission","Persist snapshot under retention policy even if inventory changes","Buyer receipt and authorized recipient","Fail closed for a floor- or suite-specific submission if any required tuple member is absent or mismatched; a project-level enquiry requires a separate explicitly chosen route and label and never inherits the selected-space CTA.","value=null; evidence.state=unknown"
"lease.flexibility_rights","commercial;retail","array<object>","FALSE","Assignment subletting expansion contraction and related consent rights from current terms.","right_type;state;scope;conditions;notice;fees;source_id","none","unknown","Dated heads of terms and draft lease.","Leasing counsel","Per offer revision","Terms expire with offer","Buyer-specific controlled display","Show Not quoted and add exact items to RFP.","value=null; evidence.state=unknown"
"lease.responsibility_matrix","commercial;retail","array<object>","FALSE","Landlord tenant shared or negotiable responsibilities for repair insurance services reinstatement and common areas.","topic;responsible_party;scope;cost_rule;clause_ref;source_id","none","unknown","Current draft lease or landlord standard clauses.","Leasing counsel","Per document revision","Summary expires with clause revision","Buyer-specific with legal caveat","Show Not supplied and request draft terms.","value=null; evidence.state=unknown"
"lease.term_structure","commercial;retail","object","FALSE","Proposed lease commencement duration breaks notices renewals and expiry structure.","commencement;initial_term;breaks;notice_periods;renewal_options;expiry;source_id","months and dates","unknown","Dated heads of terms.","Leasing counsel","Per offer revision","Expires with offer and returns to unknown","Buyer-specific","Show Negotiable or Not quoted.","value=null; evidence.state=unknown"
"market.matched_comps","commercial;residential;premium","array<object>","FALSE","Comparable records selected for the exact asset with explicit matching rationale and adjustments.","comparable_id;match_dimensions;difference_notes;adjustments;analyst;as_of","none","unknown","Licensed or authoritative comparable records and documented matching method.","Market research analyst","Monthly","Expired records remain historical and leave current shortlist","Yes subject to license","Show No verified matched comparables.","value=null; evidence.state=unknown"
"market.rent_comps","commercial","array<object>","FALSE","Office rent transaction or asking comparables with date area basis condition incentives and source.","comparable_id;building;date;rate;area_basis;condition;incentives;source_id;state transaction_or_listing","currency/sqm/month","unknown","Licensed transactions authoritative disclosure or clearly labelled listing.","Market research analyst","Monthly","Lose current badge and exclude from current aggregate","Yes subject to license","Show No verified rent comparable set.","value=null; evidence.state=unknown"
"market.submarket_metrics","commercial;residential;premium","array<object>","FALSE","Vacancy rent absorption pipeline and related metrics under named period geography and method.","metric;value;unit;period;geography;definition;method;source_id","varies","unknown","Current reputable market report with permitted reuse.","Market research analyst","Quarterly","Stop current-tense language and mark historical","Yes subject to license","Show Market metrics not available.","value=null; evidence.state=unknown"
"mep.generator_runtime","commercial;premium","object","FALSE","Verified backup-generator endurance under stated load fuel and test conditions.","duration;load_percent;fuel_state;refueling_assumption;test_date;source_id","hours","unknown","Current load-test report fuel capacity and engineer confirmation.","Facility manager","After every annual load test or system change","Runtime returns to unknown","Public-safe summary","Do not show generic or design-only runtime.","value=null; evidence.state=unknown"
"mep.special_services","commercial;retail;premium","array<object>","FALSE","Floor-specific water drainage gas exhaust and other special service connection points and capacities.","service_type;location;capacity;availability;approval_state;source_id","varies","unknown","As-built MEP drawings and owner engineer confirmation.","Owner MEP consultant","On as-built or allocation change","Affected service becomes unknown","Public-safe summary","Ask intended use and request relevant confirmation.","value=null; evidence.state=unknown"
"mobility.airport_routes","all","array<object>","FALSE","Current route scenarios from verified entrance to Ben Gurion Airport by car transit and accessible modes.","route_id;origin_entrance_id;mode;duration_range;transfers;time_window;source_id;verified_at","minutes and km","unknown","Current routing results and official transit schedules.","Mobility data steward","Monthly; daily for service status","Expired journeys lose current status","Yes","Offer external directions without an internal time claim.","value=null; evidence.state=unknown"
"mobility.current_services","all","array<object>","FALSE","Transit services operating on the selected date near verified entrances.","service_id;mode;operator;stop_id;route_ids;operating_state;source_id;verified_at","none","unknown","Official operator schedule GTFS where licensed and disruption status.","Mobility data steward","Daily","Expired service becomes unknown not operating","Yes","Show No verified current-service data.","value=null; evidence.state=unknown"
"mobility.cycling_facilities","all","object","FALSE","Employee cycling route and building bicycle parking shower locker and access facts.","route_ids;rack_count;secure_count;shower_count;locker_count;entrance_id;hours;source_ids","counts","unknown","Municipal route data plus landlord amenity schedule.","Building manager and mobility data steward","Quarterly","Facility values become unknown and routes stale","Yes","Separate unverified building facilities from public routes.","value=null; evidence.state=unknown"
"mobility.drive_time_variability","all","object","FALSE","Distribution of routed car travel times for a named origin destination and time window.","origin;destination;time_window;sample_period;median;p90;provider;verified_at","minutes","unknown","Historical routed travel samples under licensed terms.","Mobility data steward","Monthly","Remove current percentile claim","Yes","Show Insufficient traffic evidence.","value=null; evidence.state=unknown"
"mobility.future_projects","all","array<object>","FALSE","Official planned transport projects with stage expected timing range and source date.","transport_project_id;name;mode;stage;expected_range;source_id;verified_at;confidence","none","unknown","Official planning authority or operator source.","Mobility research editor","Monthly","Mark stale and never convert to operating automatically","Yes with future label","Show No sourced future-project data.","value=null; evidence.state=unknown"
"mobility.peak_drive_times","all","array<object>","FALSE","Typical routed drive-time ranges from buyer-defined origins during declared peak windows.","route_id;origin;destination;weekday_set;time_window;median;p90;sample_period;source_id","minutes","unknown","Licensed routing or historical traffic data.","Mobility data steward","Monthly","Lose current badge and require recalculation","Yes","Ask origin and show no promise until data exists.","value=null; evidence.state=unknown"
"mobility.rail_routes","all","array<object>","FALSE","Entrance-to-platform rail journeys including routed walk access transfers service and accessibility evidence.","route_id;entrance_id;station_id;walk_distance;duration_range;transfers;accessible_state;source_ids","m and minutes","unknown","Routing path official operator data and verified entrance information.","Mobility data steward","Monthly; daily for service changes","Route loses current status and accessibility state becomes unknown","Yes","Label straight-line distance accurately and offer external routing.","value=null; evidence.state=unknown"
"places.business_ecosystem","commercial;premium","array<object>","FALSE","Nearby companies investors universities and tech hubs with relevance and routed distance.","place_id;organization;category;coordinate;relevance_note;route_id;source_id;verified_at","none","unknown","Organization first-party location or authoritative directory.","Research editor","Quarterly","Remove current-presence implication","Yes","Show No verified ecosystem set and avoid implying partnership.","value=null; evidence.state=unknown"
"places.business_hospitality","commercial;premium","array<object>","FALSE","Nearby hotels conference and visitor facilities with service type and routed access.","place_id;category;name;coordinate;service_summary;route_id;source_id;verified_at","none","unknown","First-party venue source or licensed place data.","Local content data steward","Quarterly","Operating state becomes unknown","Yes","Show No verified hospitality shortlist.","value=null; evidence.state=unknown"
"places.daily_services","all","array<object>","FALSE","Nearby grocery pharmacy medical gym childcare banking parking and similar daily services.","place_id;category;name;coordinate;operating_state;hours;route_id;source_id;verified_at","none","unknown","Current first-party or licensed place record.","Local content data steward","Monthly","Expired places leave current and open filters","Yes","Show No verified results not None exist.","value=null; evidence.state=unknown"
"places.food","all","array<object>","FALSE","Nearby lunch cafe and food options with routed walk time and current operating state.","place_id;category;name;coordinate;price_band;hours;operating_state;route_id;source_id;verified_at","none","unknown","Current first-party or licensed place record.","Local content data steward","Monthly","Expired places lose open and current badges","Yes","Show No verified food results not No restaurants.","value=null; evidence.state=unknown"
"privacy.lead_notice","all","object","TRUE","Just-in-time lead notice stating purposes recipients retention rights processors and optional marketing choices.","notice_version;locale;purpose_ids;recipient_categories;retention_summary;rights_url;processor_summary","none","unknown","Approved current privacy notice and data-flow inventory.","Privacy officer","On policy processor purpose or law change","Disable personal-data submission until valid notice loads","Yes at form","Do not collect or route personal data.","value=null; evidence.state=unknown"
"project.delivery_team","all","array<object>","FALSE","Current and historical developer architect contractor consultant and project-delivery roles.","role;organization;status current_or_historical;scope;source_id;verified_at","none","unknown","Owner-issued appointment sheet statutory disclosure or contract evidence.","Owner project director","Quarterly during construction; annual when operational","Expired records display historical not current","Yes","Show Delivery role not verified.","value=null; evidence.state=unknown"
"provenance.fact_envelope","all","object","TRUE","Canonical evidence envelope attached to every material fact; server fields are normalized without inventing dates confidence ownership scope or provenance.","state;value;unit;scope;effective_at;sources;observations;verified_at;expires_at;owner;confidence;reason;applicability;conflict_ids;note;caveat;required_document_ids;decision_grade","none","unknown","At least one in-scope source plus authorized verification workflow for verified state; source_ids and owner_role may be derived indexes but never replace sources[] and owner.","Product data steward","Per field SLA and every fact write","Expired verified facts become evidence.state=unknown with reason=expired; the UI may show stale age but never preserve green state or add a fifth truth state.","Yes through source affordance","Render unknown neutral state and exact request action.","value=null; evidence.state=unknown; sources=[]; owner={team:null,accountable_role:null,contact_ref:null}"
"provenance.conflicts","all","array<object>","FALSE","Registry of incompatible values or scopes affecting a fact without overwriting source history.","conflict_id;field_id;source_values;status;severity;reviewer;resolution;resolved_at","none","unknown","Automated comparison plus named reviewer decision and retained sources.","Product data steward","On ingestion and weekly review","Open conflicts continue to block definitive fact","Yes beside affected fact","Show contradictory and all safe sourced values.","value=null; evidence.state=unknown"
"resilience.emergency_pack","commercial;premium","object","FALSE","Public-safe emergency and business-continuity summary plus controlled document references.","evacuation;assembly;communications;backup_services;last_drill;document_ids;access_class","none","unknown","Current building emergency plan drill record and security-approved summary.","Building manager and security","Annual and after drill or plan change","Lose current badge and restrict outdated instructions","Public-safe summary; documents controlled","Show Emergency information not supplied and request current pack.","value=null; evidence.state=unknown"
"risk.environmental","all","array<object>","FALSE","Flood heat wind pollution and other environmental screening or site-specific risk records.","risk_id;hazard;assessment_type;geography;period;severity;source_id;limitations;mitigation_question","none","unknown","Authoritative hazard dataset or engineering study.","Risk analyst","Annual and after material event","Mark stale; never convert missing to no risk","Yes with limitations","Show Environmental risk not assessed.","value=null; evidence.state=unknown"
"risk.legal","commercial;residential;premium","array<object>","FALSE","Title litigation permit enforcement and related legal diligence issues or scoped confirmations.","risk_id;category;status;scope;source_id;counsel_role;verified_at;limitations","none","unknown","Current counsel confirmation and relevant public record review.","Owner legal counsel","Per deal and quarterly","Expired clear status becomes unknown","Controlled summary","Show Legal risk status not provided; never imply none.","value=null; evidence.state=unknown"
"risk.local_projects","all","array<object>","FALSE","Nearby planning construction roadworks and infrastructure projects with expected impact period.","risk_id;project_name;type;geometry;status;impact;period;source_id;verified_at","none","unknown","Official planning and works notices plus documented impact assessment.","Planning and local research editor","Monthly","Mark stale and remove current impact conclusion","Yes on risk map","Show Local project risks not assessed.","value=null; evidence.state=unknown"
"routing.recipient_policy","all","object","TRUE","Versioned rule selecting an authorized recipient category fallback escalation and delivery audit for each enquiry.","policy_id;project_contract_id;wp_post_id;request_class;primary_category;fallback_category;authorization_source;SLA_id;alert_rule;verified_at","none","unknown","Approved sales-operations routing configuration and mandate evidence.","Commercial sales operations","Real time and monthly audit","Route only to staffed fallback and alert operations","Recipient category and SLA after submission","Do not claim delivery to landlord or developer.","value=null; evidence.state=unknown"
"selection.resolved_floor_id","commercial;residential;premium;3D","compound_reference","TRUE","Authoritative project-contract/building/tower/floor tuple resolved from the user's model tap native picker URL or navigation control; floor labels are never globally unique.","project_contract_id;building_id;tower_id;floor_id valid under active calibration and floor schedule versions","none","unknown","Passing building/tower-scoped calibration resolver plus authoritative building/tower/floor crosswalk.","3D engine owner","Every selection event and model release","Reject ambiguous building tower or floor result and request explicit picker confirmation","Yes in selection confirmation and canonical URL","Do not choose a same-label floor from another building or tower or the nearest overlapping hotspot silently.","project_1/building_main/tower_a/floor_20"
"space.load_factor","commercial;retail","derived_decimal","CONDITIONAL","Selected-space rentable area divided by usable area minus one under the same standard and revision.","Non-negative decimal with input field IDs and revisions","percent","unknown","Deterministic calculation from verified same-space area inputs.","Product calculation service","On any area or demise change","Immediately becomes unknown","Yes","List missing or mismatched inputs; never inherit zone value.","value=null; evidence.state=unknown"
"space.measurement_standard","commercial;retail","string","TRUE","Contractual measurement method governing the exact selected space's rentable and usable areas.","Named standard and version or owner methodology ID","none","unknown","Lease measurement clause plus certified survey methodology.","Measurement surveyor and leasing counsel","On methodology or demise change","Area and cost comparisons become unknown","Yes","Show Standard not supplied.","value=null; evidence.state=unknown"
"space.parking_allocation","commercial;residential;premium","object","FALSE","Parking quantities committed included optional or shared for the selected deal.","included;optional;visitor;accessible;EV;bicycle;ratio;hold_expiry;source_id","spaces","unknown","Landlord allocation schedule and current offer.","Leasing operations","Per offer revision and daily for held inventory","Allocation returns to unknown at offer or hold expiry","Buyer-specific summary","Show Not committed and request allocation.","value=null; evidence.state=unknown"
"telecom.delivery_lead_time","commercial;premium","array<object>","FALSE","Recent service-delivery ranges for named carrier products and prerequisites.","carrier;product;minimum;maximum;prerequisites;sample_period;source_id;confidence","business days","unknown","Current carrier quote or documented building service history.","Building IT manager and carriers","Quarterly","Mark stale and remove timing promise","Yes as sourced range","Show Lead time not verified.","value=null; evidence.state=unknown"
"telecom.mmr_and_risers","commercial;premium","object","FALSE","Controlled inventory and route references for meet-me rooms risers and floor connection points.","MMR_ids;riser_ids;served_floor_ids;diversity_state;document_id;access_class;revision","none","unknown","As-built low-voltage drawings and building IT confirmation.","Building IT manager","On as-built or carrier-route change","Access grants expire and topology status becomes unknown","High-level summary; details restricted","Offer gated technical request without revealing sensitive topology.","value=null; evidence.state=unknown"
"tool.plan.asset","all","object","TRUE","Truth-gated selected-space plan tool asset and action state.","state available;requestable;not_applicable;null when evidence.state=unknown;space_id;document_id;revision;verified_at","none","unknown","Actual versioned plan inventory reconciled to selected asset.","Owner architect and product owner","On plan or tool release","Viewer changes to request state; never empty shell","Yes","Label Request verified floor pack and do not open viewer.","value=null; evidence.state=unknown"
"tool.studio.mode","all","enum","TRUE","Asset-type-specific planning studio mode allowed for the selection.","commercial_workspace;residential_home;retail_fitout;request_test_fit;not_applicable","none","unknown","Explicit asset type and approved tool capability matrix.","Product owner","Every tool or asset-adapter release","Fall back to request or not applicable","Yes","Never load residential mode for commercial asset.","value=null; evidence.state=unknown"
"tool.tour.commercial_model","commercial","object","FALSE","Verified captured office tour or commercial test-fit model linked to selected geometry.","state;asset_type actual_capture_or_test_fit;space_id;plan_revision;program;author;verified_at;limitations","none","unknown","Captured tour metadata or workplace-architect model based on current plan.","Workplace architect and product owner","On asset plan or program revision","Tour door becomes request state","Yes with truth label","Hide residential schematic and offer office test fit.","value=null; evidence.state=unknown"
"transaction.entity_requirement","commercial","object","FALSE","Landlord policy and counsel-reviewed considerations for whether a foreign buyer needs an Israeli entity.","direct_foreign_allowed;local_entity_required;conditions;required_documents;landlord_policy_source;legal_reviewed_at","none","unknown","Current landlord contracting policy plus qualified Israeli counsel review.","Leasing counsel and buyer counsel","Per deal and law or policy change","Return to unknown and require fresh advice","General guidance and buyer-specific controlled detail","Separate landlord policy from legal advice; do not conclude automatically.","value=null; evidence.state=unknown"
"transaction.foreign_lessee_options","commercial","array<object>","FALSE","Possible structures for a foreign organization to lease or guarantee obligations in Israel.","option;availability;landlord_conditions;legal_tax_flags;document_ids;reviewed_at","none","unknown","Current landlord policy and qualified legal and tax guidance.","Independent legal and tax counsel","Annual and on law or policy change","Mark stale and prohibit definitive recommendation","General guidance with disclaimer","Show Options not assessed and offer professional-advice request.","value=null; evidence.state=unknown"
"transaction.kyc_checklist","commercial","array<object>","FALSE","Landlord onboarding corporate beneficial-owner and authority documents with purpose and handling rules.","document_type;required_state;purpose;recipient;retention_rule;security_class;policy_source","none","unknown","Current landlord KYC policy and privacy notice.","Leasing counsel and privacy officer","On policy or law change","Stop requesting superseded fields and update consent","Preview public; uploads controlled","Show Checklist not supplied and collect no speculative documents.","value=null; evidence.state=unknown"
"transaction.tax_considerations","commercial","array<object>","FALSE","Deal-relevant VAT withholding registration and other Israeli tax issue checklist.","issue;applicability;trigger;source_id;reviewed_at;adviser_required;limitations","none","unknown","Current qualified tax-adviser memo and selected deal facts.","Independent tax counsel","On law change and per deal","Mark stale and remove definitive treatment","General guidance with disclaimer","Show Tax treatment not assessed and request advice.","value=null; evidence.state=unknown"
"ux.mobile_decision_surface","all","object","TRUE","Acceptance contract for one-view mobile selection identity truth scene actions and no nested scrolling.","version;minimum_viewports;required_regions;max_internal_scroll_containers;overlap_rules;test_ids;owner_device_gate","none","unknown","Passing automated geometry tests plus mandatory physical-device review.","UX and frontend owners","Every UI copy or data-layout release","Release gate fails and prior surface remains active","Operational specification","Do not claim mobile support.","value=null; evidence.state=unknown"
"ux.orientation_scene","all","object","TRUE","Truth and layout contract for the permanent local map and one independently evidenced beam per selected-space facade exposure.","project_anchor;space_id;beam_exposures(each exposure_id azimuth sector evidence);landmarks(each full_label evidence; compact_label evidence max 12 Unicode code points with no truncation; coordinates; bearing; exposure_ids; distance; distance_method; evidence);north;illustrative_caveat;unknown_state;viewport_tests;locale_tests","none","unknown","Verified tower/floor exposure geometry and individually evidenced in-sector landmarks including a separately sourced compact label plus passing visual regression and real-device tests.","Project modeler and frontend owner","Every exposure geometry landmark label model UI or localization release","If the complete configured claim or any compact label is missing expired malformed contradictory or longer than 12 Unicode code points render the neutral anchor/north request state with no cone landmark distance or promised view","Yes with full label compact label source method freshness and caveat","Do not truncate a landmark label default west draw unevidenced roads collapse multiple facades or overlay unreadable caption.","value=null; evidence.state=unknown"
"project.tower_registry","all","array<object>","TRUE","Canonical project-scoped registry of physical buildings and marketed towers used by selection URLs floor schedules tools and leads.","building_id;tower_id;display_label;legal_label;model_root_id;source_id;verified_at;aliases","none","unknown","Owner-approved building/tower schedule reconciled to the 3D model and legal project record.","Owner architect and 3D engine owner","On building tower naming model or ownership-boundary change","Block selection publication and enquiries for unregistered or duplicate tower IDs","Yes; localized display label with stable ID in evidence drawer","Require an explicit single-tower record even when the project currently has only one tower.","value=null; evidence.state=unknown"
"floor.tower_id","all","reference","TRUE","Immutable tower identifier scoping a floor ID within its building and project contract; required even for single-building single-tower projects.","Exact project.tower_registry.tower_id; unique tuple project_contract_id+building_id+tower_id+floor_id","none","unknown","Current owner-approved building/tower registry and floor schedule.","Owner architect and 3D engine owner","On building tower or floor crosswalk revision","Block model hit selection deep link tools comparison and lead payload until the compound tuple resolves uniquely","Yes in selected identity and URL context","Never infer from a translated building/tower label or accept an empty building or tower ID.","tower_main"
