page,clicks,impressions,ctr,position
https://nad-lan.co.il/projects/duo-tel-aviv/,17,976,0.017418032786885244,8.788934426229508
https://nad-lan.co.il/property-value-estimator/,11,1796,0.006124721603563474,19.07683741648107
https://nad-lan.co.il/projects/rainbow-tel-aviv/,9,803,0.0112079701120797,8.133250311332503
https://nad-lan.co.il/urban-renewal/map/,8,804,0.009950248756218905,23.15049751243781
https://nad-lan.co.il/en/,7,434,0.016129032258064516,11.976958525345623
https://nad-lan.co.il/sde-dov/prices/,7,576,0.012152777777777778,9.430555555555555
https://nad-lan.co.il/ru/,5,145,0.034482758620689655,15.179310344827586
https://nad-lan.co.il/global/thailand/,4,123,0.032520325203252036,14.227642276422765
https://nad-lan.co.il/glossary/%D7%A4%D7%A8%D7%95%D7%A4%D7%99%D7%9C-%D7%A4%D7%97-%D7%9E%D7%92%D7%95%D7%9C%D7%95%D7%95%D7%9F/,4,242,0.01652892561983471,16.260330578512395
https://nad-lan.co.il/projects/gindi-vogue-sde-dov-en/,4,26,0.15384615384615385,5.346153846153846
https://nad-lan.co.il/ru/property-value-estimator/,4,17,0.23529411764705882,8.705882352941178
https://nad-lan.co.il/sde-dov/,4,1354,0.0029542097488921715,15.207533234859675
https://nad-lan.co.il/fr/,3,55,0.05454545454545454,7.654545454545454
https://nad-lan.co.il/glossary/%D7%9E%D7%97%D7%99%D7%A8%D7%95%D7%9F-%D7%93%D7%A7%D7%9C-%D7%9C%D7%91%D7%A0%D7%99%D7%99%D7%94-%D7%95%D7%AA%D7%A9%D7%AA%D7%99%D7%95%D7%AA/,3,909,0.0033003300330033004,16.943894389438945
https://nad-lan.co.il/glossary/%D7%AA%D7%99-466/,3,275,0.01090909090909091,8.138181818181817
https://nad-lan.co.il/jerusalem-apartment-prices/,3,579,0.0051813471502590676,9.343696027633852
https://nad-lan.co.il/professionals/%D7%93%D7%95%D7%92%D7%94-%D7%9E%D7%90%D7%99%D7%A8/,3,17,0.17647058823529413,8.647058823529413
https://nad-lan.co.il/professionals/%D7%94%D7%93%D7%A8-%D7%97%D7%92%D7%99/,3,6,0.5,5
https://nad-lan.co.il/projects/%D7%A8%D7%97-%D7%94%D7%A9%D7%A8-%D7%9E%D7%A9%D7%94-58-60-62-%D7%95%D7%A8%D7%97-%D7%94%D7%A8%D7%90%D7%95%D7%91%D7%A0%D7%99-12-%D7%A8%D7%9E%D7%AA-%D7%92%D7%9F/,3,24,0.125,6.875
https://nad-lan.co.il/projects/aura-pivko-bat-yam/,3,62,0.04838709677419355,10.774193548387096
https://nad-lan.co.il/projects/einstein-tower/,3,129,0.023255813953488372,9.007751937984496
https://nad-lan.co.il/projects/rainbow-tel-aviv-en/,3,79,0.0379746835443038,9.658227848101266
https://nad-lan.co.il/tel-aviv-plans/hatikva-reparcelation/,3,106,0.02830188679245283,5.811320754716981
https://nad-lan.co.il/commercial-real-estate/commercial-real-estate-brokerage-fee/,2,251,0.00796812749003984,22.366533864541832
https://nad-lan.co.il/commercial-real-estate/shop-prices-ashdod/,2,6,0.3333333333333333,5.833333333333333
https://nad-lan.co.il/fr/property-value-estimator/,2,11,0.18181818181818182,5.818181818181818
https://nad-lan.co.il/professionals/%D7%90%D7%9C%D7%95%D7%9F-%D7%99%D7%92%D7%90%D7%9C/,2,3,0.6666666666666666,2.666666666666667
https://nad-lan.co.il/professionals/%D7%90%D7%9C%D7%9E%D7%9C%D7%99%D7%97-%D7%99%D7%92%D7%90%D7%9C/,2,14,0.14285714285714285,2.642857142857143
https://nad-lan.co.il/professionals/%D7%91%D7%95%D7%A0%D7%99%D7%A7-%D7%A9%D7%9E%D7%A2%D7%95%D7%9F-%D7%A8%D7%95%D7%A0%D7%9F/,2,4,0.5,6.5
https://nad-lan.co.il/professionals/%D7%91%D7%99%D7%98%D7%95%D7%9F-%D7%9E%D7%90%D7%99%D7%A8/,2,20,0.1,5.85
https://nad-lan.co.il/professionals/%D7%91%D7%A7%D7%A8-%D7%90%D7%99%D7%9C%D7%9F/,2,12,0.16666666666666666,10.5
https://nad-lan.co.il/professionals/%D7%94%D7%93%D7%A8-%D7%90%D7%9C%D7%95%D7%9F/,2,4,0.5,1.5
https://nad-lan.co.il/professionals/%D7%96%D7%95%D7%A2%D7%91%D7%99-%D7%A8%D7%90%D7%99%D7%A3-2/,2,9,0.2222222222222222,9.88888888888889
https://nad-lan.co.il/professionals/%D7%96%D7%A8%D7%99%D7%A7-%D7%9B%D7%A8%D7%99%D7%9D/,2,3,0.6666666666666666,4.333333333333334
https://nad-lan.co.il/professionals/%D7%97%D7%9C%D7%99%D7%9C%D7%99%D7%94-%D7%A1%D7%90%D7%94%D7%A8/,2,3,0.6666666666666666,1.3333333333333333
https://nad-lan.co.il/professionals/%D7%97%D7%9E%D7%9E%D7%99-%D7%A8%D7%95%D7%A0%D7%99/,2,20,0.1,5.25
https://nad-lan.co.il/professionals/%D7%98%D7%95%D7%91%D7%99-%D7%99%D7%A7%D7%95%D7%AA%D7%99%D7%90%D7%9C/,2,4,0.5,1
https://nad-lan.co.il/professionals/%D7%98%D7%95%D7%A8%D7%A7%D7%90%D7%9F-%D7%9C%D7%90%D7%95%D7%9F/,2,6,0.3333333333333333,2.333333333333333
https://nad-lan.co.il/professionals/%D7%9B%D7%A5-%D7%90%D7%A8%D7%99%D7%94/,2,2,1,4.5
https://nad-lan.co.il/professionals/%D7%A1%D7%9C%D7%99%D7%9D-%D7%A7%D7%99%D7%99%D7%A1/,2,6,0.3333333333333333,4.833333333333334
https://nad-lan.co.il/professionals/%D7%A7%D7%96%D7%95-%D7%9B%D7%94%D7%9F-%D7%A2%D7%95%D7%A4%D7%A8/,2,3,0.6666666666666666,2
https://nad-lan.co.il/professionals/%D7%A9%D7%95%D7%A7%D7%A8%D7%95%D7%9F-%D7%90%D7%95%D7%A4%D7%99%D7%A8/,2,8,0.25,4.25
https://nad-lan.co.il/professionals/%D7%A9%D7%9E%D7%97%D7%99-%D7%90%D7%91%D7%99%D7%97%D7%99/,2,10,0.2,7.5
https://nad-lan.co.il/projects/,2,7534,0.0002654632333421821,41.06862224581896
https://nad-lan.co.il/projects/%D7%93%D7%A8%D7%99%D7%99%D7%A4%D7%95%D7%A1-1-9-%D7%A7%D7%A8%D7%99%D7%99%D7%AA-%D7%A9%D7%A4%D7%A8%D7%99%D7%A0%D7%A6%D7%A7/,2,27,0.07407407407407407,6.814814814814815
https://nad-lan.co.il/projects/%D7%94%D7%A8%D7%95%D7%AA%D7%9D-%D7%A4%D7%9C%D7%93%D7%95%D7%AA/,2,34,0.058823529411764705,9.029411764705882
https://nad-lan.co.il/projects/%D7%94%D7%A8-%D7%94%D7%A6%D7%95%D7%A4%D7%99%D7%9D/,2,4,0.5,2.25
https://nad-lan.co.il/projects/%D7%97%D7%99%D7%99%D7%9D-%D7%97%D7%91%D7%99%D7%91-3/,2,44,0.045454545454545456,8.136363636363637
https://nad-lan.co.il/projects/%D7%9B%D7%9C%D7%A0%D7%99%D7%AA-%D7%94%D7%A9%D7%9C%D7%95%D7%9D/,2,8,0.25,3.5
https://nad-lan.co.il/projects/%D7%9E%D7%95%D7%A8%D7%93%D7%95%D7%AA-%D7%A8%D7%9E%D7%99%D7%9D/,2,7,0.2857142857142857,6.714285714285714
https://nad-lan.co.il/projects/%D7%A8%D7%92-1854-%D7%9E%D7%AA%D7%97%D7%9D-%D7%94%D7%A4%D7%95%D7%93%D7%99%D7%9D-11-13-%D7%A8%D7%A9%D7%99-21-23/,2,17,0.11764705882352941,8.352941176470587
https://nad-lan.co.il/projects/ashira-sde-dov/,2,293,0.006825938566552901,7.361774744027303
https://nad-lan.co.il/projects/dimri-yama-sde-dov/,2,295,0.006779661016949152,7.766101694915254
https://nad-lan.co.il/projects/h-infinity-somail-tel-aviv/,2,289,0.006920415224913495,8.003460207612456
https://nad-lan.co.il/projects/yoo-tel-aviv-fr/,2,5,0.4,5.2
https://nad-lan.co.il/tel-aviv-plans/ayalon-roof/,2,22,0.09090909090909091,7
https://nad-lan.co.il/urban-renewal/tama-38-tel-aviv/,2,206,0.009708737864077669,17.276699029126213
http://nad-lan.co.il/sde-dov/hotels/,1,15,0.06666666666666667,12.866666666666667
https://nad-lan.co.il/,1,1796,0.0005567928730512249,54.04398663697105
https://nad-lan.co.il/ashdod-apartment-prices/,1,98,0.01020408163265306,6.714285714285714
https://nad-lan.co.il/commercial-real-estate/commercial-property-management-fees/,1,114,0.008771929824561403,12.403508771929825
https://nad-lan.co.il/commercial-real-estate/ramat-gan-commercial-property-prices/,1,49,0.02040816326530612,8.673469387755102
https://nad-lan.co.il/commercial-real-estate/restaurant-property-for-rent-tel-aviv/,1,30,0.03333333333333333,8.666666666666668
https://nad-lan.co.il/commercial-real-estate/shop-prices-bnei-brak/,1,8,0.125,5
https://nad-lan.co.il/commercial-real-estate/shop-prices-jerusalem/,1,38,0.02631578947368421,7.2894736842105265
https://nad-lan.co.il/commercial-real-estate/shop-prices-ramat-gan/,1,24,0.041666666666666664,7.041666666666667
https://nad-lan.co.il/construction-engineering-guide/,1,55,0.01818181818181818,24.90909090909091
https://nad-lan.co.il/en/buy-property-in-israel/,1,260,0.0038461538461538464,58.58076923076923
https://nad-lan.co.il/en/developer-deals/,1,17,0.058823529411764705,5.294117647058823
https://nad-lan.co.il/en/guides/new-apartment-balcony/,1,18,0.05555555555555555,8.055555555555555
https://nad-lan.co.il/glossary/,1,139,0.007194244604316547,72.58992805755396
https://nad-lan.co.il/glossary/%D7%90%D7%92%D7%A8%D7%92%D7%98-%D7%9E%D7%93%D7%95%D7%A8%D7%92/,1,14,0.07142857142857142,16.285714285714285
https://nad-lan.co.il/glossary/%D7%91%D7%95%D7%A8%D7%92-%D7%A2%D7%99%D7%92%D7%95%D7%9F-%D7%91%D7%98%D7%95%D7%9F/,1,65,0.015384615384615385,16.369230769230768
https://nad-lan.co.il/glossary/%D7%91%D7%95%D7%A8%D7%92-%D7%A7%D7%95%D7%93%D7%97/,1,60,0.016666666666666666,16.8
https://nad-lan.co.il/glossary/%D7%94%D7%AA%D7%95%D7%A1%D7%A4%D7%AA-%D7%94%D7%A9%D7%9C%D7%99%D7%A9%D7%99%D7%AA-%D7%9C%D7%97%D7%95%D7%A7-%D7%94%D7%AA%D7%9B%D7%A0%D7%95%D7%9F-%D7%95%D7%94%D7%91%D7%A0%D7%99%D7%99%D7%94/,1,94,0.010638297872340425,9.212765957446809
https://nad-lan.co.il/glossary/%D7%A7%D7%95-%D7%9B%D7%97%D7%95%D7%9C/,1,71,0.014084507042253521,6.563380281690141
https://nad-lan.co.il/glossary/%D7%A9%D7%A8%D7%A3-%D7%90%D7%A4%D7%95%D7%A7%D7%A1%D7%99-%D7%9C%D7%A2%D7%99%D7%92%D7%95%D7%9F-%D7%9B%D7%99%D7%9E%D7%99/,1,8,0.125,3.75
https://nad-lan.co.il/glossary/%D7%AA%D7%99-118/,1,115,0.008695652173913044,9.11304347826087
https://nad-lan.co.il/glossary/%D7%AA%D7%A7%D7%A0%D7%95%D7%AA-%D7%94%D7%9E%D7%93%D7%99%D7%93%D7%95%D7%AA-%D7%9E%D7%93%D7%99%D7%93%D7%95%D7%AA-%D7%95%D7%9E%D7%99%D7%A4%D7%95%D7%99-%D7%AA%D7%A9%D7%A2%D7%95-2016/,1,87,0.011494252873563218,10.471264367816092
https://nad-lan.co.il/glossary/kvutzat-rechisha/,1,9,0.1111111111111111,67.77777777777777
https://nad-lan.co.il/guides/new-apartment-acoustics/,1,14,0.07142857142857142,4.642857142857142
https://nad-lan.co.il/guides/new-apartment-sale-specification/,1,36,0.027777777777777776,15.305555555555555
https://nad-lan.co.il/herzliya-apartment-prices/,1,405,0.0024691358024691358,7.42716049382716
https://nad-lan.co.il/herzliya-projects/,1,50,0.02,29.22
https://nad-lan.co.il/investment/ashkelon-investment-apartment/,1,49,0.02040816326530612,5.795918367346939
https://nad-lan.co.il/investment/givatayim-investment-apartment/,1,24,0.041666666666666664,6.791666666666667
https://nad-lan.co.il/investment/holon-investment-apartment/,1,36,0.027777777777777776,11.75
https://nad-lan.co.il/israel-housing-market-buyers-2026/,1,16,0.0625,10.75
https://nad-lan.co.il/jerusalem-green-line-light-rail-property-2026/,1,22,0.045454545454545456,6.363636363636363
https://nad-lan.co.il/kiryat-ono-apartment-prices/,1,70,0.014285714285714285,8.257142857142856
https://nad-lan.co.il/mortgage-calculator/reverse-mortgage/,1,136,0.007352941176470588,6.330882352941177
https://nad-lan.co.il/netanya-apartment-prices/,1,273,0.003663003663003663,7.886446886446887
https://nad-lan.co.il/neve-tzedek-apartment-prices/,1,18,0.05555555555555555,7.944444444444445
https://nad-lan.co.il/post-listing/,1,44,0.022727272727272728,29.477272727272727
https://nad-lan.co.il/premium/,1,153,0.006535947712418301,69.0326797385621
https://nad-lan.co.il/professionals/%D7%90%D7%91%D7%95%D7%A7%D7%A8%D7%98-%D7%90%D7%95%D7%A4%D7%99%D7%A8/,1,3,0.3333333333333333,7.666666666666667
https://nad-lan.co.il/professionals/%D7%90%D7%91%D7%99%D7%90%D7%9C-%D7%90%D7%95%D7%A8%D7%9F/,1,5,0.2,2.4
https://nad-lan.co.il/professionals/%D7%90%D7%91%D7%99%D7%98%D7%9C-%D7%90%D7%9C%D7%99/,1,15,0.06666666666666667,7.4
https://nad-lan.co.il/professionals/%D7%90%D7%91%D7%A8%D7%90%D7%94%D7%99%D7%9D-%D7%9E%D7%95%D7%A0%D7%93%D7%A8/,1,1,1,5
https://nad-lan.co.il/professionals/%D7%90%D7%91%D7%A8%D7%94%D7%9E%D7%99-%D7%90%D7%9C%D7%99%D7%94%D7%95/,1,2,0.5,5
https://nad-lan.co.il/professionals/%D7%90%D7%91%D7%A8%D7%9E%D7%95%D7%91%D7%99%D7%A5-%D7%9C%D7%95%D7%90%D7%99%D7%A1/,1,7,0.14285714285714285,2.857142857142857
https://nad-lan.co.il/professionals/%D7%90%D7%92%D7%91%D7%90%D7%A8%D7%99%D7%94-%D7%9E%D7%95%D7%97%D7%9E%D7%93-%D7%A0%D7%A1%D7%A8/,1,3,0.3333333333333333,1.3333333333333333
https://nad-lan.co.il/professionals/%D7%90%D7%92%D7%A8-%D7%90%D7%9C%D7%99-%D7%90%D7%9C%D7%9B%D7%A1/,1,7,0.14285714285714285,9.142857142857142
https://nad-lan.co.il/professionals/%D7%90%D7%93%D7%A8%D7%99-%D7%A1%D7%A0%D7%A4%D7%99%D7%A8/,1,7,0.14285714285714285,5
https://nad-lan.co.il/professionals/%D7%90%D7%99%D7%99%D7%9E%D7%9F-%D7%90%D7%91%D7%95-%D7%90%D7%97%D7%9E%D7%93/,1,1,1,1
https://nad-lan.co.il/professionals/%D7%90%D7%A0%D7%A7%D7%95%D7%95%D7%94-%D7%90%D7%9C%D7%99%D7%94%D7%95/,1,8,0.125,3.125
https://nad-lan.co.il/professionals/%D7%91%D7%95%D7%A1%D7%A7%D7%99%D7%9C%D7%94-%D7%90%D7%99%D7%AA%D7%9F/,1,6,0.16666666666666666,8.166666666666668
https://nad-lan.co.il/professionals/%D7%91%D7%98%D7%97%D7%99%D7%A9-%D7%A2%D7%9E%D7%90%D7%93/,1,3,0.3333333333333333,5.333333333333333
https://nad-lan.co.il/professionals/%D7%91%D7%99%D7%98%D7%95%D7%9F-%D7%90%D7%91%D7%99/,1,9,0.1111111111111111,6
https://nad-lan.co.il/professionals/%D7%91%D7%99%D7%98%D7%95%D7%9F-%D7%99%D7%95%D7%A1%D7%99/,1,1,1,3
https://nad-lan.co.il/professionals/%D7%91%D7%9C%D7%99%D7%98%D7%99-%D7%92%D7%95%D7%9C%D7%9F/,1,10,0.1,3.8
https://nad-lan.co.il/professionals/%D7%91%D7%9C%D7%A1-%D7%90%D7%9E%D7%A0%D7%95%D7%9F/,1,8,0.125,4.5
https://nad-lan.co.il/professionals/%D7%91%D7%9F-%D7%93%D7%95%D7%93-%D7%90%D7%99%D7%AA%D7%9F/,1,3,0.3333333333333333,4.666666666666666
https://nad-lan.co.il/professionals/%D7%91%D7%9F-%D7%A0%D7%AA%D7%9F-%D7%A2%D7%9E%D7%99%D7%AA/,1,8,0.125,6.625
https://nad-lan.co.il/professionals/%D7%91%D7%9F-%D7%A2%D7%96%D7%A8%D7%90-%D7%99%D7%A9%D7%A8%D7%90%D7%9C/,1,2,0.5,6
https://nad-lan.co.il/professionals/%D7%91%D7%9F-%D7%A2%D7%9E%D7%99-%D7%A9%D7%92%D7%99%D7%91/,1,2,0.5,5
https://nad-lan.co.il/professionals/%D7%91%D7%A8-%D7%A0%D7%99%D7%A8/,1,4,0.25,2.5
https://nad-lan.co.il/professionals/%D7%91%D7%A8-%D7%A9%D7%9C%D7%95%D7%9D/,1,8,0.125,2.75
https://nad-lan.co.il/professionals/%D7%92%D7%91%D7%90%D7%9C%D7%99-%D7%97%D7%95%D7%A1%D7%90%D7%9D/,1,4,0.25,3.5
https://nad-lan.co.il/professionals/%D7%92%D7%95%D7%9C%D7%9F-%D7%90%D7%99%D7%9C%D7%9F/,1,8,0.125,4.5
https://nad-lan.co.il/professionals/%D7%92%D7%95%D7%9C%D7%9F-%D7%90%D7%99%D7%AA%D7%9F/,1,3,0.3333333333333333,4.666666666666666
https://nad-lan.co.il/professionals/%D7%92%D7%95%D7%A8%D7%9F-%D7%90%D7%93%D7%A8/,1,3,0.3333333333333333,3
https://nad-lan.co.il/professionals/%D7%92%D7%99%D7%9C-%D7%91%D7%A8-%D7%A2%D7%9C%D7%99/,1,2,0.5,6
https://nad-lan.co.il/professionals/%D7%92%D7%A8%D7%95%D7%9E%D7%98-%D7%90%D7%91%D7%A8%D7%94%D7%9D/,1,2,0.5,4.5
https://nad-lan.co.il/professionals/%D7%93%D7%93%D7%A9-%D7%99%D7%A6%D7%97%D7%A7-%D7%A2%D7%95%D7%A4%D7%A8/,1,4,0.25,17.5
https://nad-lan.co.il/professionals/%D7%93%D7%A0%D7%99%D7%9F-%D7%A8%D7%95%D7%A0%D7%9F/,1,4,0.25,4
https://nad-lan.co.il/professionals/%D7%93%D7%A2%D7%90%D7%A1-%D7%A1%D7%90%D7%9E%D7%A8/,1,3,0.3333333333333333,8
https://nad-lan.co.il/professionals/%D7%94%D7%95%D7%A9%D7%99%D7%90%D7%A8-%D7%90%D7%91%D7%99/,1,6,0.16666666666666666,6.5
https://nad-lan.co.il/professionals/%D7%94%D7%9B%D7%A8%D7%99-%D7%97%D7%A0%D7%9F/,1,2,0.5,2.5
https://nad-lan.co.il/professionals/%D7%95%D7%99%D7%A0%D7%91%D7%A8%D7%92-%D7%A2%D7%9E%D7%99%D7%A7%D7%9D/,1,2,0.5,3
https://nad-lan.co.il/professionals/%D7%96%D7%91%D7%A8%D7%A7-%D7%90%D7%9C%D7%9B%D7%A1/,1,12,0.08333333333333333,8.75
https://nad-lan.co.il/professionals/%D7%96%D7%95%D7%96%D7%95%D7%91%D7%A1%D7%A7%D7%99-%D7%9E%D7%A8%D7%93%D7%9B%D7%99/,1,3,0.3333333333333333,6
https://nad-lan.co.il/professionals/%D7%96%D7%95%D7%A2%D7%91%D7%99-%D7%A8%D7%90%D7%99%D7%A3/,1,5,0.2,6.4
https://nad-lan.co.il/professionals/%D7%96%D7%95%D7%A2%D7%91%D7%99-%D7%A8%D7%99%D7%A4%D7%A2%D7%AA/,1,1,1,2
https://nad-lan.co.il/professionals/%D7%96%D7%99%D7%9C%D7%91%D7%A8%D7%91%D7%A8%D7%92-%D7%90%D7%91%D7%A8%D7%94%D7%9D/,1,2,0.5,4
https://nad-lan.co.il/professionals/%D7%97%D7%91%D7%99%D7%91-%D7%90%D7%9C%D7%9C%D7%94-%D7%A8%D7%90%D7%99%D7%93/,1,3,0.3333333333333333,4.666666666666666
https://nad-lan.co.il/professionals/%D7%97%D7%91%D7%A8%D7%95%D7%9F-%D7%90%D7%95%D7%A8%D7%9F/,1,4,0.25,4
https://nad-lan.co.il/professionals/%D7%97%D7%92%D7%99%D7%91%D7%99-%D7%92%D7%93%D7%A2%D7%95%D7%9F/,1,1,1,3
https://nad-lan.co.il/professionals/%D7%97%D7%93%D7%93-%D7%90%D7%91%D7%A0%D7%A8/,1,2,0.5,5
https://nad-lan.co.il/professionals/%D7%97%D7%96%D7%9F-%D7%99%D7%95%D7%90%D7%91/,1,6,0.16666666666666666,8.666666666666668
https://nad-lan.co.il/professionals/%D7%97%D7%99%D7%99%D7%98-%D7%A9%D7%9C%D7%9E%D7%94/,1,1,1,1
https://nad-lan.co.il/professionals/%D7%97%D7%99%D7%9C%D7%A3-%D7%A0%D7%90%D7%92%D7%99/,1,2,0.5,1.5
https://nad-lan.co.il/professionals/%D7%97%D7%99%D7%A8-%D7%90%D7%9C%D7%93%D7%99%D7%9F-%D7%9B%D7%90%D7%9E%D7%9C/,1,3,0.3333333333333333,3.3333333333333335
https://nad-lan.co.il/professionals/%D7%97%D7%9C%D7%99%D7%97%D7%9C-%D7%90%D7%97%D7%9E%D7%93/,1,6,0.16666666666666666,5.166666666666667
https://nad-lan.co.il/professionals/%D7%97%D7%9E%D7%9E%D7%99-%D7%90%D7%91%D7%A8%D7%94%D7%9D/,1,7,0.14285714285714285,5.714285714285714
https://nad-lan.co.il/professionals/%D7%97%D7%9E%D7%9E%D7%99-%D7%A9%D7%9C%D7%9E%D7%94/,1,12,0.08333333333333333,6.5
https://nad-lan.co.il/professionals/%D7%97%D7%9F-%D7%93%D7%A0%D7%99%D7%90%D7%9C/,1,1,1,1
https://nad-lan.co.il/professionals/%D7%98%D7%A0%D7%95%D7%A1-%D7%9E%D7%A2%D7%9C%D7%95%D7%A3-%D7%95%D7%90%D7%99%D7%9C/,1,4,0.25,7
https://nad-lan.co.il/professionals/%D7%98%D7%A0%D7%A0%D7%91%D7%90%D7%95%D7%9D-%D7%90%D7%93%D7%9D/,1,8,0.125,17.25
https://nad-lan.co.il/professionals/%D7%99%D7%94%D7%95%D7%93%D7%94-%D7%9E%D7%90%D7%99%D7%A8/,1,3,0.3333333333333333,1
https://nad-lan.co.il/professionals/%D7%99%D7%97%D7%99%D7%90-%D7%AA%D7%9E%D7%99%D7%9D/,1,1,1,2
https://nad-lan.co.il/professionals/%D7%99%D7%A4%D7%A8%D7%97-%D7%9E%D7%A8%D7%93%D7%9B%D7%99-%D7%90%D7%95%D7%A8%D7%99/,1,14,0.07142857142857142,9.428571428571429
https://nad-lan.co.il/professionals/%D7%99%D7%A8%D7%A1%D7%A7%D7%99-%D7%92%D7%99%D7%90/,1,3,0.3333333333333333,3.6666666666666665
https://nad-lan.co.il/professionals/%D7%9B%D7%94%D7%9F-%D7%90%D7%91%D7%A8%D7%94%D7%9D/,1,1,1,1
https://nad-lan.co.il/professionals/%D7%9B%D7%94%D7%9F-%D7%90%D7%9C%D7%99%D7%A2%D7%96%D7%A8/,1,1,1,1
https://nad-lan.co.il/professionals/%D7%9B%D7%A9%D7%9B%D7%A9-%D7%A9%D7%9E%D7%95%D7%90%D7%9C/,1,7,0.14285714285714285,2.571428571428571
https://nad-lan.co.il/professionals/%D7%9C%D7%95%D7%90%D7%91%D7%A0%D7%94-%D7%92%D7%9E%D7%90%D7%9C/,1,1,1,3
https://nad-lan.co.il/professionals/%D7%9C%D7%95%D7%92%D7%A1%D7%99-%D7%A8%D7%9E%D7%99/,1,6,0.16666666666666666,3
https://nad-lan.co.il/professionals/%D7%9C%D7%95%D7%9C%D7%95-%D7%A0%D7%99%D7%96%D7%90%D7%A8/,1,5,0.2,9.6
https://nad-lan.co.il/professionals/%D7%9C%D7%99%D7%95%D7%A1-%D7%A8%D7%9E%D7%96%D7%99/,1,1,1,1
https://nad-lan.co.il/professionals/%D7%9C%D7%99%D7%A4%D7%A9%D7%99%D7%A5-%D7%A0%D7%AA%D7%9F-%D7%A0%D7%98%D7%A2/,1,5,0.2,10.6
https://nad-lan.co.il/professionals/%D7%9C%D7%A0%D7%93%D7%9E%D7%9F-%D7%99%D7%92%D7%90%D7%9C/,1,4,0.25,6
https://nad-lan.co.il/professionals/%D7%9E%D7%95%D7%A8%D7%94-%D7%90%D7%9E%D7%99%D7%A8/,1,1,1,2
https://nad-lan.co.il/professionals/%D7%9E%D7%95%D7%A8-%D7%90%D7%A4%D7%A8%D7%99%D7%9D/,1,5,0.2,7.2
https://nad-lan.co.il/professionals/%D7%9E%D7%96%D7%A8%D7%97%D7%99-%D7%90%D7%A4%D7%A8%D7%99%D7%9D/,1,3,0.3333333333333333,2.333333333333333
https://nad-lan.co.il/professionals/%D7%9E%D7%96%D7%A8%D7%97%D7%99-%D7%9E%D7%90%D7%99%D7%A8/,1,1,1,1
https://nad-lan.co.il/professionals/%D7%9E%D7%A0%D7%A9%D7%91%D7%99%D7%A5-%D7%99%D7%95%D7%90%D7%91/,1,1,1,2
https://nad-lan.co.il/professionals/%D7%9E%D7%A1%D7%99%D7%9C%D7%AA%D7%99-%D7%A0%D7%A6%D7%97/,1,17,0.058823529411764705,8.058823529411764
https://nad-lan.co.il/professionals/%D7%9E%D7%A8%D7%92%D7%99%D7%94-%D7%A8%D7%9E%D7%99/,1,1,1,1
https://nad-lan.co.il/professionals/%D7%A0%D7%94%D7%A8%D7%99-%D7%90%D7%99%D7%AA%D7%9F/,1,6,0.16666666666666666,5.166666666666667
https://nad-lan.co.il/professionals/%D7%A0%D7%96%D7%A8%D7%99-%D7%90%D7%9C%D7%99/,1,11,0.09090909090909091,5.090909090909091
https://nad-lan.co.il/professionals/%D7%A0%D7%99%D7%90%D7%96%D7%95%D7%A3-%D7%99%D7%94%D7%95%D7%93%D7%94/,1,2,0.5,5.5
https://nad-lan.co.il/professionals/%D7%A0%D7%99%D7%92%D7%9D-%D7%92%D7%99%D7%9C%D7%91%D7%A8/,1,3,0.3333333333333333,3
https://nad-lan.co.il/professionals/%D7%A1%D7%99%D7%93%D7%A8%D7%A0%D7%A1%D7%A7%D7%99-%D7%A9%D7%9E%D7%95%D7%90%D7%9C/,1,2,0.5,1
https://nad-lan.co.il/professionals/%D7%A1%D7%9C%D7%91%D7%99%D7%9F-%D7%A9%D7%97%D7%A8/,1,22,0.045454545454545456,7.318181818181818
https://nad-lan.co.il/professionals/%D7%A1%D7%9C%D7%A7%D7%98%D7%A8-%D7%93%D7%A7%D7%9C/,1,7,0.14285714285714285,8.428571428571429
https://nad-lan.co.il/professionals/%D7%A1%D7%9E%D7%95-%D7%99%D7%95%D7%A1%D7%A3/,1,1,1,2
https://nad-lan.co.il/professionals/%D7%A2%D7%91%D7%93-%D7%90%D7%9C%D7%94%D7%90%D7%93%D7%99/,1,3,0.3333333333333333,7.666666666666667
https://nad-lan.co.il/professionals/%D7%A2%D7%91%D7%93-%D7%90%D7%9C-%D7%A7%D7%90%D7%93%D7%A8-%D7%91%D7%A1%D7%90%D7%9D/,1,1,1,3
https://nad-lan.co.il/professionals/%D7%A2%D7%93%D7%95%D7%99-%D7%A2%D7%91%D7%93-%D7%90%D7%9C-%D7%A1%D7%9C%D7%90%D7%9D/,1,1,1,1
https://nad-lan.co.il/professionals/%D7%A2%D7%9E%D7%A8-%D7%91%D7%A0%D7%99%D7%9E%D7%99%D7%9F/,1,1,1,9
https://nad-lan.co.il/professionals/%D7%A2%D7%A6%D7%99%D7%A5-%D7%9E%D7%A8%D7%93%D7%9B%D7%99/,1,5,0.2,3.2
https://nad-lan.co.il/professionals/%D7%A2%D7%AA%D7%90%D7%9E%D7%A0%D7%94-%D7%95%D7%A1%D7%90%D7%9D/,1,4,0.25,4.5
https://nad-lan.co.il/professionals/%D7%A4%D7%90%D7%95%D7%95%D7%A7%D7%94-%D7%90%D7%95%D7%A1%D7%90%D7%9E%D7%94/,1,2,0.5,1
https://nad-lan.co.il/professionals/%D7%A4%D7%93%D7%99%D7%93%D7%94-%D7%92%D7%91%D7%A8%D7%99%D7%90%D7%9C-%D7%93%D7%95%D7%93/,1,3,0.3333333333333333,7.333333333333333
https://nad-lan.co.il/professionals/%D7%A4%D7%96-%D7%92%D7%99%D7%90/,1,5,0.2,5.4
https://nad-lan.co.il/professionals/%D7%A4%D7%97%D7%9E%D7%90%D7%95%D7%99-%D7%90%D7%95%D7%A1%D7%90%D7%9E%D7%90/,1,8,0.125,2.625
https://nad-lan.co.il/professionals/%D7%A4%D7%99%D7%A0%D7%97%D7%A1-%D7%A8%D7%90%D7%95%D7%91%D7%9F/,1,1,1,1
https://nad-lan.co.il/professionals/%D7%A4%D7%99%D7%A9%D7%A8-%D7%99%D7%95%D7%90%D7%91/,1,1,1,5
https://nad-lan.co.il/professionals/%D7%A4%D7%A8%D7%A5-%D7%99%D7%95%D7%A8%D7%9D/,1,7,0.14285714285714285,5.714285714285714
https://nad-lan.co.il/professionals/%D7%A4%D7%A9%D7%97%D7%95%D7%A8-%D7%92%D7%99%D7%9C/,1,3,0.3333333333333333,3.3333333333333335
https://nad-lan.co.il/professionals/%D7%A6%D7%95%D7%A8-%D7%90%D7%91%D7%99%D7%A0%D7%93%D7%91/,1,1,1,2
https://nad-lan.co.il/professionals/%D7%A7%D7%95%D7%9E%D7%90-%D7%93%D7%95%D7%AA%D7%9F/,1,4,0.25,5.75
https://nad-lan.co.il/professionals/%D7%A7%D7%99%D7%93%D7%A8-%D7%96%D7%90%D7%91/,1,1,1,2
https://nad-lan.co.il/professionals/%D7%A7%D7%9C%D7%99%D7%99%D7%9F-%D7%A0%D7%99%D7%A8/,1,3,0.3333333333333333,3
https://nad-lan.co.il/professionals/%D7%A7%D7%A8%D7%99%D7%90%D7%9C-%D7%A9%D7%9C%D7%9E%D7%94/,1,4,0.25,3
https://nad-lan.co.il/professionals/%D7%A8%D7%90%D7%91%D7%95%D7%A1-%D7%A2%D7%91%D7%93-%D7%90%D7%9C-%D7%A8%D7%97%D7%9E%D7%90%D7%9F/,1,1,1,8
https://nad-lan.co.il/professionals/%D7%A8%D7%95%D7%91%D7%99%D7%9F-%D7%90%D7%91%D7%A8%D7%94%D7%9D/,1,1,1,1
https://nad-lan.co.il/professionals/%D7%A9%D7%90%D7%92%D7%9F-%D7%99%D7%90%D7%99%D7%A8/,1,1,1,1
https://nad-lan.co.il/professionals/%D7%A9%D7%90%D7%95%D7%9C-%D7%99%D7%A9%D7%A8%D7%90%D7%9C/,1,10,0.1,8.5
https://nad-lan.co.il/professionals/%D7%A9%D7%91%D7%AA%D7%90%D7%99-%D7%99%D7%95%D7%92%D7%91/,1,1,1,1
https://nad-lan.co.il/professionals/%D7%A9%D7%91%D7%AA-%D7%9E%D7%A8%D7%93%D7%9B%D7%99/,1,1,1,1
https://nad-lan.co.il/professionals/%D7%A9%D7%94%D7%95%D7%95%D7%90%D7%A0%D7%99-%D7%A4%D7%A8%D7%90%D7%A1/,1,1,1,1
https://nad-lan.co.il/professionals/%D7%A9%D7%A4%D7%99%D7%A8%D7%90-%D7%A8%D7%95%D7%A0%D7%9F/,1,1,1,3
https://nad-lan.co.il/professionals/alrov/,1,39,0.02564102564102564,6.461538461538462
https://nad-lan.co.il/professionals/ashdar/,1,30,0.03333333333333333,5.8
https://nad-lan.co.il/projects/%D7%90%D7%95%D7%93%D7%9D-18-28/,1,4,0.25,2.5
https://nad-lan.co.il/projects/%D7%90%D7%9C%D7%9E%D7%92%D7%95%D7%A8-8-16/,1,4,0.25,5.5
https://nad-lan.co.il/projects/%D7%91%D7%95%D7%9C%D7%99%D7%91%D7%99%D7%94-1/,1,6,0.16666666666666666,8.333333333333332
https://nad-lan.co.il/projects/%D7%91%D7%A8%D7%A0%D7%A8-20-30/,1,6,0.16666666666666666,6.5
https://nad-lan.co.il/projects/%D7%94%D7%94%D7%A1%D7%AA%D7%93%D7%A8%D7%95%D7%AA-197-207/,1,7,0.14285714285714285,13.571428571428571
https://nad-lan.co.il/projects/%D7%94%D7%A2%D7%A6%D7%9E%D7%90%D7%95%D7%AA-6/,1,5,0.2,8.6
https://nad-lan.co.il/projects/%D7%94%D7%A6%D7%93%D7%99%D7%A7-%D7%9E%D7%99%D7%A8%D7%95%D7%A9%D7%9C%D7%99%D7%9D/,1,5,0.2,23
https://nad-lan.co.il/projects/%D7%94%D7%A8%D7%A6%D7%9C-4/,1,3,0.3333333333333333,4
https://nad-lan.co.il/projects/%D7%94%D7%AA%D7%97%D7%A0%D7%94/,1,8,0.125,30.625
https://nad-lan.co.il/projects/%D7%96%D7%99%D7%9C%D7%A4%D7%94-%D7%92%D7%93%D7%A0%D7%A2-%D7%A7%D7%A8%D7%99%D7%99%D7%AA-%D7%90%D7%9C%D7%99%D7%A2%D7%96%D7%A8-%D7%9E%D7%AA%D7%97%D7%9D-12/,1,2,0.5,1
https://nad-lan.co.il/projects/%D7%96%D7%9C%D7%9E%D7%9F-%D7%A9%D7%A0%D7%99%D7%90%D7%95%D7%A8/,1,3,0.3333333333333333,8.666666666666668
https://nad-lan.co.il/projects/%D7%97%D7%91%D7%93/,1,4,0.25,6
https://nad-lan.co.il/projects/%D7%97%D7%98%D7%99%D7%91%D7%AA-%D7%92%D7%95%D7%9C%D7%A0%D7%99-%D7%93%D7%A8%D7%95%D7%9D-%D7%94%D7%97%D7%A8%D7%9E%D7%95%D7%9F/,1,5,0.2,5.6
https://nad-lan.co.il/projects/%D7%9E%D7%95%D7%A8%D7%93%D7%95%D7%AA-%D7%A2%D7%A6%D7%9E%D7%95%D7%9F/,1,1,1,4
https://nad-lan.co.il/projects/%D7%9E%D7%98%D7%A8%D7%95-%D7%94%D7%91%D7%A0%D7%99%D7%9D-%D7%95%D7%99%D7%99%D7%A6%D7%9E%D7%9F/,1,3,0.3333333333333333,3
https://nad-lan.co.il/projects/%D7%9E%D7%99%D7%9C%D7%A6%D7%9F/,1,2,0.5,9
https://nad-lan.co.il/projects/%D7%9E%D7%A0%D7%97%D7%9D-%D7%91%D7%92%D7%99%D7%9F/,1,1,1,1
https://nad-lan.co.il/projects/%D7%9E%D7%A2%D7%A8/,1,7,0.14285714285714285,34.285714285714285
https://nad-lan.co.il/projects/%D7%9E%D7%A9%D7%95%D7%9C%D7%A9-%D7%A4%D7%AA/,1,8,0.125,16.75
https://nad-lan.co.il/projects/%D7%9E%D7%AA%D7%97%D7%9D-%D7%94%D7%AA%D7%97%D7%99%D7%99%D7%94-%D7%A8%D7%94%D7%91/,1,3,0.3333333333333333,5.666666666666667
https://nad-lan.co.il/projects/%D7%9E%D7%AA%D7%97%D7%9D-%D7%A6%D7%A2%D7%99%D7%A8%D7%99%D7%9D-%D7%92%D7%91%D7%A2%D7%AA-%D7%90%D7%95%D7%9C%D7%92%D7%94/,1,6,0.16666666666666666,6
https://nad-lan.co.il/projects/%D7%A6%D7%90%D7%9C%D7%99%D7%9D-%D7%94%D7%90%D7%99%D7%9C%D7%A0%D7%95%D7%AA/,1,9,0.1111111111111111,9.333333333333334
https://nad-lan.co.il/projects/%D7%A6%D7%95%D7%A0%D7%93%D7%A7-51133130/,1,3,0.3333333333333333,6.333333333333333
https://nad-lan.co.il/projects/%D7%A7%D7%A9%D7%90%D7%A0%D7%99-19-25/,1,3,0.3333333333333333,4.333333333333334
https://nad-lan.co.il/projects/%D7%A8%D7%92-1851-%D7%A4%D7%A0%D7%97%D7%A1-%D7%A8%D7%95%D7%98%D7%A0%D7%91%D7%A8%D7%92-79-81-83-85-%D7%94%D7%AA%D7%97%D7%93%D7%A9%D7%95%D7%AA-%D7%A2%D7%99%D7%A8%D7%95%D7%A0%D7%99%D7%AA/,1,19,0.05263157894736842,8.105263157894736
https://nad-lan.co.il/projects/%D7%AA%D7%90-%D7%9E%D7%A7-5069-%D7%93%D7%A8%D7%9A-%D7%94%D7%A9%D7%9C%D7%95%D7%9D-77-85/,1,4,0.25,8.5
https://nad-lan.co.il/projects/ashdar-einstein/,1,91,0.01098901098901099,28.296703296703296
https://nad-lan.co.il/projects/ashira-sde-dov-en/,1,111,0.009009009009009009,7.8108108108108105
https://nad-lan.co.il/projects/first-sde-dov/,1,139,0.007194244604316547,7.388489208633094
https://nad-lan.co.il/projects/gindi-vogue-sde-dov-fr/,1,4,0.25,3
https://nad-lan.co.il/projects/shikun-binui-sde-dov/,1,41,0.024390243902439025,7.439024390243903
https://nad-lan.co.il/projects/six-8-herbert-samuel-tel-aviv/,1,149,0.006711409395973154,6.939597315436242
https://nad-lan.co.il/projects/stricker-13-brandeis-14/,1,45,0.022222222222222223,8.31111111111111
https://nad-lan.co.il/projects/toha2-tel-aviv-en/,1,45,0.022222222222222223,6.266666666666667
https://nad-lan.co.il/projects/yoo-tel-aviv-en/,1,47,0.02127659574468085,6.361702127659575
https://nad-lan.co.il/ramat-aviv/einstein/,1,11,0.09090909090909091,6.2727272727272725
https://nad-lan.co.il/savyon-house-prices/,1,108,0.009259259259259259,8.25
https://nad-lan.co.il/sde-dov/marina/,1,16,0.0625,5.125
https://nad-lan.co.il/sde-dov/merkaz/,1,18,0.05555555555555555,20.38888888888889
https://nad-lan.co.il/selling-apartment/who-pays-broker-fees/,1,44,0.022727272727272728,17.90909090909091
https://nad-lan.co.il/short-term-rentals-abroad/,1,11,0.09090909090909091,6.363636363636363
https://nad-lan.co.il/site-map/?lang=en,1,50,0.02,10.62
https://nad-lan.co.il/tel-aviv-plans/kfir-renewal/,1,37,0.02702702702702703,7.4324324324324325
http://nad-lan.co.il/professionals/africa-israel-residential/,0,29,0,35.724137931034484
http://nad-lan.co.il/projects/meier-on-rothschild-fr/,0,1,0,1
https://nad-lan.co.il/%D7%AA%D7%A7%D7%A0%D7%95%D7%9F-%D7%95%D7%AA%D7%A0%D7%90%D7%99-%D7%A9%D7%99%D7%9E%D7%95%D7%A9/,0,1,0,82
https://nad-lan.co.il/3-room-apartment-690k-israel-2026/,0,49,0,7.571428571428571
https://nad-lan.co.il/?pms_user=0&pms_action=pms_delete_user&pms_nonce=073e414137,0,1,0,5
https://nad-lan.co.il/?pms_user=0&pms_action=pms_delete_user&pms_nonce=5a9281fd16,0,1,0,10
https://nad-lan.co.il/?pms_user=0&pms_action=pms_delete_user&pms_nonce=adc98d12a5,0,2,0,9.5
https://nad-lan.co.il/about/,0,16,0,14.125
https://nad-lan.co.il/accessibility-statement/,0,2,0,54.5
https://nad-lan.co.il/accessibility/,0,1,0,4
https://nad-lan.co.il/acheter-appartement-israel-2026/,0,3,0,4.666666666666666
https://nad-lan.co.il/advertise/,0,6,0,29.833333333333332
https://nad-lan.co.il/advertiser-center/,0,2,0,1.5
https://nad-lan.co.il/apartment-buying-checklist/,0,1,0,7
https://nad-lan.co.il/apartment-deal-check/,0,22,0,52
https://nad-lan.co.il/apartment-purchase-cost-calculator/,0,114,0,38.45614035087719
https://nad-lan.co.il/ar/,0,39,0,30.846153846153847
https://nad-lan.co.il/ar/guides/,0,1,0,93
https://nad-lan.co.il/ar/guides/new-apartment-balcony/,0,4,0,24.75
https://nad-lan.co.il/ar/guides/new-apartment-buyer-changes/,0,1,0,2
https://nad-lan.co.il/ar/guides/new-apartment-mamad/,0,1,0,3
https://nad-lan.co.il/ar/guides/new-project-management-fees/,0,2,0,2
https://nad-lan.co.il/ar/guides/remote-new-apartment-handover-israel/,0,1,0,6
https://nad-lan.co.il/architect-building-permit/,0,14,0,21.357142857142858
https://nad-lan.co.il/arsuf-house-prices/,0,40,0,7.8
https://nad-lan.co.il/ashkelon-apartment-prices/,0,86,0,6.930232558139535
https://nad-lan.co.il/author/ben-betesh/page/2/,0,30,0,4.533333333333333
https://nad-lan.co.il/bank-guarantee-purchase/,0,5,0,4
https://nad-lan.co.il/bat-yam-apartment-prices/,0,61,0,7.819672131147541
https://nad-lan.co.il/bat-yam/,0,20,0,7.35
https://nad-lan.co.il/beer-sheva-apartment-prices/,0,56,0,7.357142857142857
https://nad-lan.co.il/betterment-levy/,0,2,0,3
https://nad-lan.co.il/bnei-brak-apartment-prices/,0,50,0,7.38
https://nad-lan.co.il/buy-or-rent/,0,51,0,73.49019607843137
https://nad-lan.co.il/buy-property-israel-foreign-buyers/,0,2,0,1
https://nad-lan.co.il/buy-vs-rent/,0,3,0,6
https://nad-lan.co.il/buying-apartment/,0,202,0,57.67821782178218
https://nad-lan.co.il/buying-apartment/new-vs-second-hand/,0,4,0,3.75
https://nad-lan.co.il/buying-new-apartment-developer-2026-negotiation/,0,4,0,6.25
https://nad-lan.co.il/buying-real-estate-israel-foreign-investor/,0,7,0,60
https://nad-lan.co.il/catalog/,0,3,0,10.666666666666666
https://nad-lan.co.il/category/nadlan-news/,0,2,0,39.5
https://nad-lan.co.il/category/uncategorized/,0,6,0,5.333333333333333
https://nad-lan.co.il/commercial-real-estate/,0,3,0,25.333333333333332
https://nad-lan.co.il/commercial-real-estate/building-for-sale-tel-aviv/,0,13,0,4.230769230769231
https://nad-lan.co.il/commercial-real-estate/commercial-property-business-license/,0,26,0,4.884615384615385
https://nad-lan.co.il/commercial-real-estate/commercial-property-for-rent-tel-aviv/,0,27,0,6.407407407407407
https://nad-lan.co.il/commercial-real-estate/commercial-property-for-sale-tel-aviv/,0,7,0,8.857142857142858
https://nad-lan.co.il/commercial-real-estate/commercial-property-insurance/,0,19,0,4.157894736842105
https://nad-lan.co.il/commercial-real-estate/commercial-property-prices-ashdod/,0,34,0,6.5588235294117645
https://nad-lan.co.il/commercial-real-estate/commercial-property-prices-beer-sheva/,0,40,0,5.975
https://nad-lan.co.il/commercial-real-estate/commercial-property-prices-haifa/,0,8,0,6.875
https://nad-lan.co.il/commercial-real-estate/commercial-property-prices-herzliya/,0,10,0,7.4
https://nad-lan.co.il/commercial-real-estate/commercial-property-prices-jerusalem/,0,23,0,6.260869565217392
https://nad-lan.co.il/commercial-real-estate/commercial-property-prices-netanya/,0,12,0,6.75
https://nad-lan.co.il/commercial-real-estate/commercial-property-prices-petah-tikva/,0,19,0,6.526315789473684
https://nad-lan.co.il/commercial-real-estate/hotel-property-for-sale-tel-aviv/,0,11,0,6.636363636363637
https://nad-lan.co.il/commercial-real-estate/income-producing-properties/,0,13,0,5.076923076923077
https://nad-lan.co.il/commercial-real-estate/income-property-for-sale-bnei-brak/,0,1,0,5
https://nad-lan.co.il/commercial-real-estate/income-property-for-sale-ramat-gan/,0,6,0,7.5
https://nad-lan.co.il/commercial-real-estate/income-property-for-sale-tel-aviv/,0,4,0,5.75
https://nad-lan.co.il/commercial-real-estate/industrial-electricity-commercial-property/,0,24,0,7.083333333333333
https://nad-lan.co.il/commercial-real-estate/industrial-land-investment/,0,27,0,14.481481481481481
https://nad-lan.co.il/commercial-real-estate/industrial-property-for-rent-center/,0,16,0,4.875
https://nad-lan.co.il/commercial-real-estate/industrial-property-prices-holon-bat-yam/,0,23,0,5.869565217391305
https://nad-lan.co.il/commercial-real-estate/logistics-industrial-property-investment/,0,13,0,4.615384615384615
https://nad-lan.co.il/commercial-real-estate/logistics-warehouse-for-rent-airport-city/,0,7,0,16.285714285714285
https://nad-lan.co.il/commercial-real-estate/logistics-warehouse-for-rent-gush-dan/,0,13,0,8.692307692307693
https://nad-lan.co.il/commercial-real-estate/logistics-warehouse-for-rent-modiin-shoham/,0,12,0,6.916666666666667
https://nad-lan.co.il/commercial-real-estate/office-building-investment/,0,4,0,9
https://nad-lan.co.il/commercial-real-estate/office-fit-out-cost-tel-aviv/,0,17,0,7.411764705882353
https://nad-lan.co.il/commercial-real-estate/office-for-rent-tel-aviv/,0,2,0,7.5
https://nad-lan.co.il/commercial-real-estate/office-for-rent/,0,17,0,6.647058823529412
https://nad-lan.co.il/commercial-real-estate/office-for-sale-bnei-brak/,0,5,0,4.4
https://nad-lan.co.il/commercial-real-estate/office-for-sale-herzliya/,0,10,0,7.6
https://nad-lan.co.il/commercial-real-estate/office-for-sale-tel-aviv/,0,23,0,5.565217391304348
https://nad-lan.co.il/commercial-real-estate/office-prices-ashdod/,0,7,0,5.142857142857143
https://nad-lan.co.il/commercial-real-estate/office-prices-hod-hasharon/,0,16,0,5.375
https://nad-lan.co.il/commercial-real-estate/office-prices-kfar-saba/,0,10,0,6
https://nad-lan.co.il/commercial-real-estate/office-prices-netanya/,0,18,0,5.722222222222222
https://nad-lan.co.il/commercial-real-estate/office-prices-petah-tikva/,0,18,0,6.611111111111111
https://nad-lan.co.il/commercial-real-estate/office-prices-raanana/,0,17,0,42.705882352941174
https://nad-lan.co.il/commercial-real-estate/office-prices-rehovot/,0,14,0,7.214285714285714
https://nad-lan.co.il/commercial-real-estate/parking-lot-for-sale-tel-aviv/,0,25,0,6.28
https://nad-lan.co.il/commercial-real-estate/ramat-gan-office-prices/,0,24,0,6.541666666666667
https://nad-lan.co.il/commercial-real-estate/rishon-lezion-office-prices/,0,29,0,5.413793103448276
https://nad-lan.co.il/commercial-real-estate/shop-for-rent-tel-aviv/,0,16,0,6.375
https://nad-lan.co.il/commercial-real-estate/shop-prices-haifa/,0,2,0,8
https://nad-lan.co.il/commercial-real-estate/shop-prices-netanya/,0,10,0,6.5
https://nad-lan.co.il/commercial-real-estate/shop-prices-petah-tikva/,0,19,0,6.684210526315789
https://nad-lan.co.il/commercial-real-estate/shop-prices-tel-aviv/,0,22,0,4.954545454545455
https://nad-lan.co.il/commercial-real-estate/shops-for-sale-tel-aviv/,0,14,0,19.642857142857142
https://nad-lan.co.il/commercial-real-estate/store-for-rent/,0,7,0,9
https://nad-lan.co.il/commercial-real-estate/warehouse-for-rent-rishon-lezion-holon/,0,12,0,7.916666666666667
https://nad-lan.co.il/commercial-real-estate/warehouse-prices-ashdod-port/,0,23,0,5.391304347826087
https://nad-lan.co.il/commercial-real-estate/warehouse-prices-gush-dan/,0,31,0,7.387096774193548
https://nad-lan.co.il/contact/,0,8,0,58.25
https://nad-lan.co.il/developers/,0,7,0,44.857142857142854
https://nad-lan.co.il/echo-city/,0,36,0,56
https://nad-lan.co.il/eilat-apartment-prices/,0,156,0,7.038461538461538
https://nad-lan.co.il/en/guides/common-property-handover/,0,7,0,6.142857142857143
https://nad-lan.co.il/en/guides/neighboring-development-check/,0,15,0,5
https://nad-lan.co.il/en/guides/new-apartment-acoustics/,0,6,0,4
https://nad-lan.co.il/en/guides/new-apartment-buyer-changes/,0,2,0,4.5
https://nad-lan.co.il/en/guides/new-apartment-mamad/,0,5,0,6.8
https://nad-lan.co.il/en/guides/new-apartment-sale-specification/,0,9,0,4.555555555555555
https://nad-lan.co.il/en/guides/new-project-ev-charging/,0,12,0,7
https://nad-lan.co.il/en/guides/new-project-management-fees/,0,7,0,7.285714285714286
https://nad-lan.co.il/en/guides/residential-project-pool/,0,2,0,5
https://nad-lan.co.il/en/guides/residential-project-wellness/,0,20,0,5.3
https://nad-lan.co.il/en/guides/residential-tower-elevators/,0,16,0,8.875
https://nad-lan.co.il/en/new-projects/,0,7,0,5.428571428571429
https://nad-lan.co.il/fr/guides/neighboring-development-check/,0,1,0,4
https://nad-lan.co.il/fr/guides/new-apartment-balcony/,0,2,0,5
https://nad-lan.co.il/fr/guides/new-apartment-sale-specification/,0,2,0,4
https://nad-lan.co.il/fr/guides/new-project-ev-charging/,0,3,0,4
https://nad-lan.co.il/fr/guides/new-project-parking/,0,4,0,5.5
https://nad-lan.co.il/fr/guides/residential-project-pool/,0,1,0,2
https://nad-lan.co.il/fr/guides/residential-tower-elevators/,0,1,0,14
https://nad-lan.co.il/fr/new-projects/,0,1,0,4
https://nad-lan.co.il/givatayim-apartment-prices/,0,23,0,6.391304347826087
https://nad-lan.co.il/global/,0,175,0,74.31428571428572
https://nad-lan.co.il/global/?lang=en,0,102,0,28.11764705882353
https://nad-lan.co.il/global/cyprus/,0,53,0,21.471698113207548
https://nad-lan.co.il/global/cyprus/?lang=en,0,30,0,4
https://nad-lan.co.il/global/dubai/,0,12,0,21.166666666666668
https://nad-lan.co.il/global/dubai/?lang=en,0,2,0,47
https://nad-lan.co.il/global/greece/,0,9,0,32.55555555555556
https://nad-lan.co.il/global/italy/,0,10,0,28.9
https://nad-lan.co.il/global/italy/?lang=en,0,1,0,1
https://nad-lan.co.il/global/london/,0,151,0,26.198675496688743
https://nad-lan.co.il/global/miami/,0,81,0,21.123456790123456
https://nad-lan.co.il/global/miami/?lang=en,0,8,0,13
https://nad-lan.co.il/global/new-york/,0,15,0,34.266666666666666
https://nad-lan.co.il/global/new-york/?lang=en,0,4,0,7.5
https://nad-lan.co.il/global/project/bang-tao-garden-villas-phuket/,0,1,0,17
https://nad-lan.co.il/global/project/brickell-park-tower-miami/,0,1,0,1
https://nad-lan.co.il/global/project/brooklyn-point-heights-new-york/,0,3,0,5.333333333333333
https://nad-lan.co.il/global/project/canary-riverside-heights-london/,0,1,0,7
https://nad-lan.co.il/global/project/edgewater-bay-residences-miami/,0,8,0,8.5
https://nad-lan.co.il/global/project/glyfada-coast-suites-athens/,0,2,0,5
https://nad-lan.co.il/global/project/koukaki-athens-residence/,0,10,0,10.9
https://nad-lan.co.il/global/project/nolo-district-residence-milan/,0,1,0,9
https://nad-lan.co.il/global/thailand/?lang=en,0,2,0,3
https://nad-lan.co.il/glossary-category/%D7%A9%D7%9E%D7%90%D7%95%D7%AA-%D7%95%D7%94%D7%A2%D7%A8%D7%9B%D7%94/,0,2,0,15.5
https://nad-lan.co.il/glossary-category/construction-materials/,0,1,0,38
https://nad-lan.co.il/glossary-category/interior-design/,0,1,0,85
https://nad-lan.co.il/glossary-category/legal-technical/,0,6,0,8.333333333333332
https://nad-lan.co.il/glossary-category/methods-software/,0,6,0,39.166666666666664
https://nad-lan.co.il/glossary-category/planning-zoning/,0,1,0,4
https://nad-lan.co.il/glossary-category/standards-regulation/,0,7,0,6.285714285714286
https://nad-lan.co.il/glossary-category/standards-regulation/page/2/,0,3,0,3
https://nad-lan.co.il/glossary-category/structural-engineering/,0,6,0,5.166666666666667
https://nad-lan.co.il/glossary-category/tools-hardware/page/2/,0,2,0,7.5
https://nad-lan.co.il/glossary-category/trades-roles/,0,3,0,12
https://nad-lan.co.il/glossary/%D7%90%D7%91%D7%9F-%D7%93%D7%A8%D7%9A-%D7%AA%D7%A9%D7%9C%D7%95%D7%9D/,0,13,0,8.76923076923077
https://nad-lan.co.il/glossary/%D7%90%D7%93%D7%A8%D7%99%D7%9B%D7%9C-%D7%A8%D7%A9%D7%95%D7%99/,0,11,0,42.72727272727273
https://nad-lan.co.il/glossary/%D7%90%D7%97%D7%95%D7%96%D7%99-%D7%91%D7%A0%D7%99%D7%99%D7%94/,0,2,0,6.5
https://nad-lan.co.il/glossary/%D7%91%D7%93%D7%99%D7%A7%D7%95%D7%AA-%D7%90%D7%9C-%D7%94%D7%A8%D7%A1/,0,128,0,31.34375
https://nad-lan.co.il/glossary/%D7%91%D7%95%D7%A8%D7%92-%D7%A2%D7%99%D7%92%D7%9F-%D7%91%D7%98%D7%95%D7%9F,0,1,0,11
https://nad-lan.co.il/glossary/%D7%91%D7%98%D7%95%D7%9F-%D7%91-30/,0,132,0,7.568181818181818
https://nad-lan.co.il/glossary/%D7%91%D7%98%D7%95%D7%9F-%D7%91-40/,0,138,0,5.043478260869565
https://nad-lan.co.il/glossary/%D7%91%D7%98%D7%95%D7%9F-%D7%9E%D7%96%D7%95%D7%99%D7%9F/,0,34,0,22
https://nad-lan.co.il/glossary/%D7%91%D7%98%D7%95%D7%9F-%D7%A8%D7%96%D7%94/,0,12,0,21.166666666666668
https://nad-lan.co.il/glossary/%D7%91%D7%9C%D7%95%D7%A7-%D7%90%D7%99%D7%98%D7%95%D7%A0%D7%92/,0,6,0,8.666666666666668
https://nad-lan.co.il/glossary/%D7%91%D7%9C%D7%95%D7%A7-%D7%91%D7%98%D7%95%D7%9F/,0,3,0,5
https://nad-lan.co.il/glossary/%D7%92%D7%99%D7%A9%D7%AA-%D7%94%D7%94%D7%9B%D7%A0%D7%A1%D7%95%D7%AA/,0,11,0,19.90909090909091
https://nad-lan.co.il/glossary/%D7%92%D7%99%D7%A9%D7%AA-%D7%94%D7%94%D7%A9%D7%95%D7%95%D7%90%D7%94/,0,16,0,21
https://nad-lan.co.il/glossary/%D7%92%D7%99%D7%A9%D7%AA-%D7%94%D7%A2%D7%9C%D7%95%D7%AA/,0,3,0,5.333333333333333
https://nad-lan.co.il/glossary/%D7%92%D7%A8%D7%9E%D7%95%D7%A9%D7%A7%D7%94/,0,62,0,41.79032258064516
https://nad-lan.co.il/glossary/%D7%93%D7%99%D7%A4%D7%95%D7%9F-%D7%91%D7%A8%D7%9C%D7%99%D7%A0%D7%90%D7%99/,0,1,0,5
https://nad-lan.co.il/glossary/%D7%93%D7%9E%D7%99-%D7%A9%D7%9B%D7%99%D7%98%D7%95%D7%95-%D7%A8%D7%90%D7%95%D7%99%D7%99%D7%9D/,0,1,0,1
https://nad-lan.co.il/glossary/%D7%93%D7%9E%D7%99-%D7%A9%D7%9B%D7%99%D7%A8%D7%95%D7%AA-%D7%A8%D7%90%D7%95%D7%99%D7%99%D7%9D/,0,17,0,28.941176470588236
https://nad-lan.co.il/glossary/%D7%93%D7%A7%D7%9C-%D7%AA%D7%95%D7%9B%D7%A0%D7%94/,0,146,0,8.917808219178081
https://nad-lan.co.il/glossary/%D7%94%D7%A7%D7%9C%D7%94-%D7%AA%D7%9B%D7%A0%D7%95%D7%A0%D7%99%D7%AA/,0,3,0,47
https://nad-lan.co.il/glossary/%D7%94%D7%AA%D7%95%D7%A1%D7%A4%D7%AA-%D7%94%D7%A9%D7%9C%D7%99%D7%99%D7%AA-%D7%9C%D7%97%D7%95%D7%A7-%D7%94%D7%AA%D7%9B%D7%A0%D7%95%D7%EF-%D7%95%D7%94%D7%91%D7%A0%D7%99%D7%99%D7%94/,0,1,0,1
https://nad-lan.co.il/glossary/%D7%95%D7%99%D7%91%D7%A8%D7%98%D7%95%D7%A8-%D7%91%D7%98%D7%95%D7%9F/,0,28,0,6.821428571428571
https://nad-lan.co.il/glossary/%D7%96%D7%9B%D7%95%D7%9B%D7%99%D7%AA-%D7%91%D7%99%D7%93%D7%95%D7%93%D7%99%D7%AA/,0,100,0,24.17
https://nad-lan.co.il/glossary/%D7%97%D7%A9%D7%91%D7%95%D7%9F-%D7%97%D7%9C%D7%A7%D7%99/,0,36,0,12.055555555555555
https://nad-lan.co.il/glossary/%D7%98%D7%99%D7%97-%D7%92%D7%91%D7%A1/,0,71,0,23.112676056338028
https://nad-lan.co.il/glossary/%D7%98%D7%A4%D7%A1%D7%A0%D7%95%D7%AA-%D7%9E%D7%AA%D7%95%D7%A2%D7%A9%D7%AA/,0,18,0,8.222222222222221
https://nad-lan.co.il/glossary/%D7%99%D7%95%D7%A2%D7%A5-%D7%90%D7%99%D7%98%D7%95%D7%9D/,0,266,0,21.075187969924812
https://nad-lan.co.il/glossary/%D7%99%D7%95%D7%A2%D7%A5-%D7%97%D7%A9%D7%9E%D7%9C/,0,2,0,9.5
https://nad-lan.co.il/glossary/%D7%99%D7%97%D7%A1-%D7%91%D7%A8%D7%95%D7%98%D7%95-%D7%A0%D7%98%D7%95/,0,7,0,9.571428571428571
https://nad-lan.co.il/glossary/%D7%99%D7%99%D7%A2%D7%95%D7%93-%D7%A7%D7%A8%D7%A7%D7%A2/,0,66,0,47.984848484848484
https://nad-lan.co.il/glossary/%D7%99%D7%A8%D7%99%D7%A2%D7%94-%D7%91%D7%99%D7%98%D7%95%D7%9E%D7%A0%D7%99%D7%AA/,0,8,0,12.75
https://nad-lan.co.il/glossary/%D7%9B%D7%9C%D7%95%D7%A0%D7%A1%D7%90%D7%95%D7%AA-%D7%91%D7%A0%D7%98%D7%95%D7%A0%D7%99%D7%99%D7%98/,0,157,0,37.152866242038215
https://nad-lan.co.il/glossary/%D7%9B%D7%AA%D7%91-%D7%9B%D7%9E%D7%95%D7%99%D7%95%D7%AA/,0,32,0,48.78125
https://nad-lan.co.il/glossary/%D7%9C%D7%95%D7%97-%D7%92%D7%91%D7%A1-%D7%90%D7%93%D7%95%D7%9D/,0,130,0,16.861538461538462
https://nad-lan.co.il/glossary/%D7%9C%D7%95%D7%97-%D7%96%D7%9E%D7%A0%D7%99%D7%9D-%D7%97%D7%95%D7%96%D7%99/,0,13,0,33.15384615384615
https://nad-lan.co.il/glossary/%D7%9E%D7%93-%D7%9C%D7%99%D7%99%D7%96%D7%A8/,0,85,0,30.141176470588235
https://nad-lan.co.il/glossary/%D7%9E%D7%94%D7%A0%D7%93%D7%A1-%D7%90%D7%96%D7%A8%D7%97%D7%99-%D7%A8%D7%A9%D7%95%D7%99/,0,6,0,4.166666666666666
https://nad-lan.co.il/glossary/%D7%9E%D7%95%D7%93%D7%93-%D7%9E%D7%95%D7%A1%D7%9E%D7%9A/,0,3,0,8.666666666666668
https://nad-lan.co.il/glossary/%D7%9E%D7%9B%D7%95%D7%A0%D7%99-%D7%91%D7%A7%D7%A8%D7%94/,0,89,0,35.30337078651685
https://nad-lan.co.il/glossary/%D7%9E%D7%9B%D7%95%D7%A0%D7%AA-%D7%97%D7%99%D7%AA%D7%95%D7%9A-%D7%91%D7%A8%D7%96%D7%9C/,0,51,0,12.666666666666666
https://nad-lan.co.il/glossary/%D7%9E%D7%9B%D7%95%D7%A0%D7%AA-%D7%9B%D7%99%D7%A4%D7%95%D7%A3-%D7%91%D7%A8%D7%96%D7%9C/,0,90,0,22.711111111111112
https://nad-lan.co.il/glossary/%D7%9E%D7%A0%D7%94%D7%9C-%D7%A4%D7%A8%D7%95%D7%99%D7%A7%D7%98/,0,56,0,40.732142857142854
https://nad-lan.co.il/glossary/%D7%9E%D7%A4%D7%94-%D7%9E%D7%A6%D7%91%D7%99%D7%AA/,0,47,0,18.659574468085108
https://nad-lan.co.il/glossary/%D7%9E%D7%A4%D7%A7%D7%97-%D7%91%D7%A0%D7%99%D7%99%D7%94/,0,22,0,54.90909090909091
https://nad-lan.co.il/glossary/%D7%9E%D7%A4%D7%A8%D7%98-%D7%98%D7%9B%D7%A0%D7%99-%D7%9E%D7%99%D7%95%D7%97%D7%93/,0,55,0,15.072727272727272
https://nad-lan.co.il/glossary/%D7%9E%D7%A4%D7%AA-%D7%9E%D7%93%D7%99%D7%93%D7%94-%D7%9C%D7%94%D7%99%D7%AA%D7%A8/,0,34,0,17.88235294117647
https://nad-lan.co.il/glossary/%D7%9E%D7%A7%D7%93%D7%97-%D7%99%D7%94%D7%9C%D7%95%D7%9D/,0,21,0,21.19047619047619
https://nad-lan.co.il/glossary/%D7%9E%D7%A9%D7%90%D7%91%D7%AA-%D7%91%D7%98%D7%95%D7%9F/,0,17,0,16.235294117647058
https://nad-lan.co.il/glossary/%D7%9E%D7%A9%D7%95%D7%A8-%D7%93%D7%99%D7%A1%D7%A7/,0,1,0,5
https://nad-lan.co.il/glossary/%D7%A0%D7%95%D7%A1%D7%97%D7%AA-%D7%99%D7%97%D7%A1-%D7%9B%D7%99%D7%A1%D7%95%D7%99-%D7%97%D7%95%D7%91/,0,1,0,11
https://nad-lan.co.il/glossary/%D7%A0%D7%95%D7%A1%D7%97%D7%AA-%D7%A9%D7%95%D7%95%D7%99-%D7%9C%D7%A4%D7%99-%D7%94%D7%99%D7%95%D7%95%D7%9F-%D7%99%D7%A9%D7%99%D7%A8/,0,6,0,59.833333333333336
https://nad-lan.co.il/glossary/%D7%A0%D7%95%D7%A1%D7%97%D7%AA-%D7%A9%D7%99%D7%A2%D7%95%D7%A8-%D7%94%D7%99%D7%95%D7%95%D7%9F/,0,16,0,20.1875
https://nad-lan.co.il/glossary/%D7%A0%D7%95%D7%A1%D7%97%D7%AA-%D7%AA%D7%A9%D7%95%D7%90%D7%94-%D7%A2%D7%9C-%D7%94%D7%94%D7%95%D7%9F/,0,5,0,29.6
https://nad-lan.co.il/glossary/%D7%A0%D7%95%D7%A1%D7%97%D7%AA-dcf/,0,23,0,44.26086956521739
https://nad-lan.co.il/glossary/%D7%A1%D7%98%D7%99%D7%99%D7%94-%D7%A0%D7%99%D7%9B%D7%A8%D7%AA/,0,1,0,4
https://nad-lan.co.il/glossary/%D7%A2%D7%95%D7%92%D7%9F-%D7%9B%D7%99%D7%9E%D7%99/,0,102,0,27.11764705882353
https://nad-lan.co.il/glossary/%D7%A2%D7%95%D7%92%D7%A0%D7%99-%D7%A7%D7%A8%D7%A7%D7%A2/,0,58,0,18.844827586206897
https://nad-lan.co.il/glossary/%D7%A4%D7%99%D7%92%D7%95%D7%9D-%D7%96%D7%A7%D7%A4%D7%99%D7%9D/,0,1,0,7
https://nad-lan.co.il/glossary/%D7%A4%D7%9C%D7%93%D7%AA-%D7%96%D7%99%D7%95%D7%9F-%D7%9E%D7%A6%D7%95%D7%9C%D7%A2%D7%AA/,0,9,0,7
https://nad-lan.co.il/glossary/%D7%A4%D7%9C%D7%93%D7%AA-%D7%96%D7%99%D7%9F-%D7%9E%D7%A6%D7%95%D7%9C%D7%A2%D7%AA/,0,1,0,1
https://nad-lan.co.il/glossary/%D7%A4%D7%9C%D7%A1-%D7%9C%D7%99%D7%99%D7%96%D7%A8/,0,5,0,40.6
https://nad-lan.co.il/glossary/%D7%A4%D7%A7%D7%95%D7%93%D7%AA-%D7%A9%D7%99%D7%A0%D7%95%D7%99%D7%99%D7%9D/,0,3,0,4
https://nad-lan.co.il/glossary/%D7%A4%D7%A8%D7%99%D7%9E%D7%91%D7%A8%D7%94-p6/,0,2,0,39
https://nad-lan.co.il/glossary/%D7%A6%D7%9E%D7%A8-%D7%96%D7%9B%D7%95%D7%9B%D7%99%D7%AA/,0,30,0,20.2
https://nad-lan.co.il/glossary/%D7%A6%D7%9E%D7%A8-%D7%A1%D7%9C%D7%A2%D7%99%D7%9D/,0,1,0,21
https://nad-lan.co.il/glossary/%D7%A7%D7%95%D7%A0%D7%A1%D7%98%D7%A8%D7%95%D7%A7%D7%98%D7%95%D7%A8/,0,55,0,55.654545454545456
https://nad-lan.co.il/glossary/%D7%A7%D7%99%D7%93%D7%95%D7%97-%D7%9B%D7%9C%D7%95%D7%A0%D7%A1%D7%90%D7%95%D7%AA-cfa/,0,83,0,35.69879518072289
https://nad-lan.co.il/glossary/%D7%A8%D7%99%D7%A6%D7%95%D7%A3-%D7%92%D7%A8%D7%A0%D7%99%D7%98-%D7%A4%D7%95%D7%A8%D7%A6%D7%9C%D7%9F/,0,5,0,19.2
https://nad-lan.co.il/glossary/%D7%A8%D7%99%D7%A9%D7%95%D7%99-%D7%96%D7%9E%D7%99%D7%9F/,0,34,0,31.470588235294116
https://nad-lan.co.il/glossary/%D7%A8%D7%A9%D7%AA-%D7%9E%D7%A8%D7%95%D7%AA%D7%9B%D7%AA/,0,4,0,9
https://nad-lan.co.il/glossary/%D7%A9%D7%95%D7%95%D7%99-%D7%A9%D7%95%D7%A7/,0,1,0,1
https://nad-lan.co.il/glossary/%D7%A9%D7%99%D7%98%D7%AA-%D7%91%D7%A8%D7%A0%D7%95%D7%91%D7%99%D7%A5/,0,65,0,25.56923076923077
https://nad-lan.co.il/glossary/%D7%A9%D7%99%D7%98%D7%AA-%D7%94%D7%A9%D7%99%D7%95%D7%A8-%D7%9C%D7%A7%D7%A8%D7%A7%D7%A2/,0,4,0,2.5
https://nad-lan.co.il/glossary/%D7%A9%D7%99%D7%9E%D7%95%D7%A9-%D7%97%D7%95%D7%A8%D7%92/,0,18,0,73.33333333333333
https://nad-lan.co.il/glossary/%D7%A9%D7%9E%D7%90%D7%99-%D7%9E%D7%9B%D7%A8%D7%99%D7%A2/,0,48,0,59.479166666666664
https://nad-lan.co.il/glossary/%D7%AA%D7%95%D7%9B%D7%A0%D7%99%D7%AA-%D7%91%D7%A7%D7%A8%D7%AA-%D7%90%D7%99%D7%9B%D7%95%D7%AA/,0,105,0,34.41904761904762
https://nad-lan.co.il/glossary/%D7%AA%D7%99-1918/,0,4,0,5.75
https://nad-lan.co.il/glossary/%D7%AA%D7%99-2279/,0,27,0,7.074074074074074
https://nad-lan.co.il/glossary/%D7%AA%D7%99-414/,0,22,0,7.409090909090909
https://nad-lan.co.il/glossary/%D7%AA%D7%9B%D7%A0%D7%99%D7%AA-%D7%9E%D7%A4%D7%95%D7%A8%D7%98%D7%AA/,0,60,0,22.616666666666667
https://nad-lan.co.il/glossary/%D7%AA%D7%9B%D7%A0%D7%99%D7%AA-%D7%9E%D7%AA%D7%90%D7%A8-%D7%9E%D7%A7%D7%95%D7%9E%D7%99%D7%AA/,0,14,0,36.357142857142854
https://nad-lan.co.il/glossary/%D7%AA%D7%9B%D7%A1%D7%99%D7%AA/,0,5,0,8.2
https://nad-lan.co.il/glossary/%D7%AA%D7%A7%D7%A0%D7%95%D7%AA-%D7%94%D7%91%D7%98%D7%99%D7%97%D7%95%D7%AA-%D7%91%D7%A2%D7%91%D7%95%D7%93%D7%94-%D7%A2%D7%91%D7%95%D7%93%D7%95%D7%AA-%D7%91%D7%A0%D7%99%D7%99%D7%94/,0,2,0,70
https://nad-lan.co.il/glossary/%D7%AA%D7%A7%D7%A0%D7%95%D7%AA-%D7%94%D7%94%D7%AA%D7%92%D7%95%D7%A0%D7%A0%D7%95%D7%AA-%D7%94%D7%90%D7%96%D7%A8%D7%97%D7%99%D7%AA-%D7%9E%D7%A4%D7%A8%D7%98%D7%99%D7%9D-%D7%9C%D7%91%D7%A0%D7%99%D7%99/,0,5,0,13.2
https://nad-lan.co.il/glossary/%D7%AA%D7%A7%D7%A0%D7%95%D7%AA-%D7%94%D7%9E%D7%94%D7%A0%D7%93%D7%A1%D7%99%D7%9D-%D7%95%D7%94%D7%90%D7%93%D7%A8%D7%99%D7%9B%D7%9C%D7%99%D7%9D-%D7%A8%D7%99%D7%A9%D7%95%D7%99-%D7%95%D7%99%D7%99%D7%97/,0,14,0,12.857142857142858
https://nad-lan.co.il/glossary/%D7%AA%D7%A7%D7%A0%D7%95%D7%AA-%D7%94%D7%AA%D7%9B%D7%A0%D7%95%D7%9F-%D7%95%D7%94%D7%91%D7%A0%D7%99%D7%99%D7%94-%D7%91%D7%A7%D7%A9%D7%94-%D7%9C%D7%94%D7%99%D7%AA%D7%A8-%D7%AA%D7%A0%D7%90%D7%99%D7%95/,0,16,0,28.375
https://nad-lan.co.il/glossary/%D7%AA%D7%A7%D7%A0%D7%95%D7%AA-%D7%94%D7%AA%D7%9B%D7%A0%D7%95%D7%9F-%D7%95%D7%94%D7%91%D7%A0%D7%99%D7%99%D7%94-%D7%A8%D7%99%D7%A9%D7%95%D7%99-%D7%91%D7%A0%D7%99%D7%99%D7%94-%D7%AA%D7%A9%D7%A2/,0,108,0,22.37962962962963
https://nad-lan.co.il/glossary/bored-pile/,0,2,0,6
https://nad-lan.co.il/glossary/combination-deal/,0,5,0,18.4
https://nad-lan.co.il/glossary/dayar-sarvan/,0,8,0,61.625
https://nad-lan.co.il/glossary/dcf/,0,10,0,52.6
https://nad-lan.co.il/glossary/equal-principal-loan/,0,1,0,9
https://nad-lan.co.il/glossary/escrow-account/,0,1,0,5
https://nad-lan.co.il/glossary/expropriation/,0,1,0,3
https://nad-lan.co.il/glossary/hetel-hashbacha-renewal/,0,4,0,87.75
https://nad-lan.co.il/glossary/iskat-combinatzia/,0,2,0,47.5
https://nad-lan.co.il/glossary/kombinatzia/,0,60,0,53.86666666666667
https://nad-lan.co.il/glossary/land-registry-extract/,0,6,0,32.33333333333333
https://nad-lan.co.il/glossary/last-planner-system/,0,3,0,23.666666666666668
https://nad-lan.co.il/glossary/mortgage-grace-period/,0,9,0,65.44444444444444
https://nad-lan.co.il/glossary/netzigut-dayarim/,0,3,0,19
https://nad-lan.co.il/glossary/payment-to-income-ratio/,0,1,0,11
https://nad-lan.co.il/glossary/penthouse/,0,39,0,7.461538461538462
https://nad-lan.co.il/glossary/perpetual-lease/,0,5,0,11
https://nad-lan.co.il/glossary/precast-element/,0,10,0,5.7
https://nad-lan.co.il/glossary/raft-foundation/,0,50,0,25.26
https://nad-lan.co.il/glossary/return-on-equity/,0,3,0,72.66666666666667
https://nad-lan.co.il/glossary/rov-meyuchas/,0,1,0,9
https://nad-lan.co.il/glossary/shamai-pinui-binui/,0,89,0,34.73033707865169
https://nad-lan.co.il/glossary/shoring-wall/,0,6,0,6.833333333333333
https://nad-lan.co.il/glossary/statute-of-limitations-property/,0,4,0,14.75
https://nad-lan.co.il/glossary/tama-38-term/,0,11,0,70.9090909090909
https://nad-lan.co.il/glossary/thermal-block/,0,8,0,10.125
https://nad-lan.co.il/glossary/tofes-4/,0,5,0,30.8
https://nad-lan.co.il/glossary/value-engineering/,0,4,0,4.75
https://nad-lan.co.il/guides/common-property-handover/,0,6,0,7.333333333333333
https://nad-lan.co.il/guides/groundwater-deep-basements/,0,3,0,10.333333333333334
https://nad-lan.co.il/guides/luxury-residential-pool-spa/,0,2,0,28
https://nad-lan.co.il/guides/neighboring-development-check/,0,9,0,7.222222222222222
https://nad-lan.co.il/guides/new-apartment-balcony/,0,14,0,13.214285714285714
https://nad-lan.co.il/guides/new-apartment-mamad/,0,11,0,5
https://nad-lan.co.il/guides/new-project-ev-charging/,0,23,0,5.130434782608695
https://nad-lan.co.il/guides/new-project-management-fees/,0,8,0,4.875
https://nad-lan.co.il/guides/new-project-parking/,0,11,0,7.636363636363637
https://nad-lan.co.il/guides/remote-new-apartment-handover-israel/,0,9,0,14.333333333333334
https://nad-lan.co.il/guides/residential-commissioning-year-15/,0,1,0,6
https://nad-lan.co.il/guides/residential-project-pool/,0,15,0,17.666666666666668
https://nad-lan.co.il/guides/residential-project-wellness/,0,9,0,9.666666666666666
https://nad-lan.co.il/guides/residential-tower-elevators/,0,3,0,78
https://nad-lan.co.il/guides/residential-tower-envelope-glass/,0,2,0,4
https://nad-lan.co.il/guides/ultra-prime-construction/,0,1,0,8
https://nad-lan.co.il/haifa-apartment-prices/,0,15,0,6.2
https://nad-lan.co.il/herzliya-pituach-apartment-prices/,0,28,0,10.107142857142858
https://nad-lan.co.il/herzliya-pituach-luxury/,0,8,0,6.5
https://nad-lan.co.il/hod-hasharon-apartment-prices/,0,52,0,7.0576923076923075
https://nad-lan.co.il/holon-apartment-prices/,0,13,0,5.538461538461538
https://nad-lan.co.il/home-inspection/,0,68,0,59.455882352941174
https://nad-lan.co.il/interior-design-trends-2026-israel/,0,7,0,14.857142857142858
https://nad-lan.co.il/investing-israel-real-estate-vs-dubai-cyprus/,0,25,0,8.52
https://nad-lan.co.il/investment-apartment/tel-aviv-investment-neighborhoods/,0,103,0,8.242718446601941
https://nad-lan.co.il/investment-property-cashflow-calculator/,0,5,0,9.2
https://nad-lan.co.il/investment-property-mortgage/,0,154,0,51.20779220779221
https://nad-lan.co.il/investment/,0,1611,0,58.58659217877095
https://nad-lan.co.il/investment/airbnb-israel-regulation/,0,25,0,8.8
https://nad-lan.co.il/investment/apartments-for-investment/,0,22,0,51.5
https://nad-lan.co.il/investment/ashdod-investment-apartment/,0,45,0,17.88888888888889
https://nad-lan.co.il/investment/bank-guarantee-purchase/,0,18,0,21
https://nad-lan.co.il/investment/bat-yam-investment-apartment/,0,34,0,40
https://nad-lan.co.il/investment/beer-sheva-investment-apartment/,0,16,0,9
https://nad-lan.co.il/investment/haifa-investment-apartment/,0,7,0,14.142857142857142
https://nad-lan.co.il/investment/herzliya-investment-apartment/,0,17,0,6.0588235294117645
https://nad-lan.co.il/investment/hod-hasharon-investment-apartment/,0,10,0,7.2
https://nad-lan.co.il/investment/investment-via-company/,0,1,0,5
https://nad-lan.co.il/investment/jerusalem-investment-apartment/,0,32,0,45.03125
https://nad-lan.co.il/investment/kfar-saba-investment-apartment/,0,16,0,5.625
https://nad-lan.co.il/investment/kiryat-ono-investment-apartment/,0,13,0,10.307692307692308
https://nad-lan.co.il/investment/modiin-investment-apartment/,0,14,0,6.5
https://nad-lan.co.il/investment/netanya-investment-apartment/,0,14,0,11.357142857142858
https://nad-lan.co.il/investment/petah-tikva-investment-apartment/,0,48,0,5.729166666666667
https://nad-lan.co.il/investment/raanana-investment-apartment/,0,10,0,6.7
https://nad-lan.co.il/investment/ramat-gan-investment-apartment/,0,14,0,6.857142857142857
https://nad-lan.co.il/investment/ramat-hasharon-investment-apartment/,0,13,0,9.846153846153847
https://nad-lan.co.il/investment/real-estate-leverage/,0,2,0,7
https://nad-lan.co.il/investment/real-estate-yield/,0,17,0,4.411764705882353
https://nad-lan.co.il/investment/rehovot-investment-apartment/,0,16,0,7.3125
https://nad-lan.co.il/investment/residential-building-investment/,0,12,0,3
https://nad-lan.co.il/investment/residential-land-investment/,0,12,0,5.583333333333333
https://nad-lan.co.il/investment/rishon-lezion-investment-apartment/,0,18,0,23.666666666666668
https://nad-lan.co.il/investment/where-to-buy-investment-apartment/,0,33,0,15.303030303030303
https://nad-lan.co.il/israel-mortgage-non-residents/,0,151,0,29.649006622516556
https://nad-lan.co.il/israel-purchase-tax-foreign-residents/,0,70,0,5.571428571428571
https://nad-lan.co.il/kfar-saba-apartment-prices/,0,76,0,7.276315789473684
https://nad-lan.co.il/kfar-shmaryahu-house-prices/,0,28,0,11.142857142857142
https://nad-lan.co.il/luxury-apartments-israel-guide-he/,0,36,0,5.611111111111111
https://nad-lan.co.il/luxury-tel-aviv/,0,21,0,50.76190476190476
https://nad-lan.co.il/michraz-dirot/,0,28,0,6.928571428571429
https://nad-lan.co.il/modiin-apartment-prices/,0,53,0,8.11320754716981
https://nad-lan.co.il/mortgage-advisor/,0,2,0,3
https://nad-lan.co.il/mortgage-calculator/,0,1628,0,49.845208845208845
https://nad-lan.co.il/mortgage-calculator/bridge-loan-apartment/,0,22,0,18.40909090909091
https://nad-lan.co.il/mortgage-calculator/mortgage-for-any-purpose/,0,19,0,5.526315789473684
https://nad-lan.co.il/mortgage-calculator/mortgage-interest-rates/,0,24,0,10.125
https://nad-lan.co.il/mortgage-calculator/mortgage-ltv-ratio/,0,20,0,40.8
https://nad-lan.co.il/mortgage-calculator/mortgage-porting/,0,5,0,7.6
https://nad-lan.co.il/mortgage-calculator/mortgage-pre-approval/,0,25,0,5.68
https://nad-lan.co.il/mortgage-calculator/mortgage-refusal/,0,9,0,7.555555555555555
https://nad-lan.co.il/mortgage-calculator/mortgage-repayment-capacity/,0,6,0,5.166666666666667
https://nad-lan.co.il/mortgage-home-insurance/,0,3,0,6.666666666666667
https://nad-lan.co.il/mortgage-refinance/,0,7,0,8
https://nad-lan.co.il/mortgage-repayment-capacity/,0,33,0,5.909090909090909
https://nad-lan.co.il/my-renewal/,0,7,0,10.285714285714286
https://nad-lan.co.il/my-rentals/,0,2,0,48.5
https://nad-lan.co.il/my-rentals/?lang=en,0,12,0,7.666666666666667
https://nad-lan.co.il/new-projects/,0,64,0,6.921875
https://nad-lan.co.il/new-projects/construction-input-index/,0,23,0,10.869565217391305
https://nad-lan.co.il/new-projects/contractor-delay-compensation/,0,6,0,19.666666666666668
https://nad-lan.co.il/new-projects/new-projects-tel-aviv/,0,437,0,12.116704805491992
https://nad-lan.co.il/new-projects/north-tel-aviv-new-projects/,0,8,0,5.25
https://nad-lan.co.il/new-projects/presale-apartment/,0,44,0,8.34090909090909
https://nad-lan.co.il/new-projects/purchasing-group/,0,15,0,7.4
https://nad-lan.co.il/north-tel-aviv/,0,25,0,10.04
https://nad-lan.co.il/north-tel-aviv/bavli/,0,36,0,8.833333333333332
https://nad-lan.co.il/north-tel-aviv/miriam-hahashmonait/,0,10,0,4.8
https://nad-lan.co.il/north-tel-aviv/old-north/,0,1,0,4
https://nad-lan.co.il/north-tel-aviv/shchunat-lamed/,0,32,0,5.875
https://nad-lan.co.il/petah-tikva-apartment-prices/,0,134,0,7.611940298507463
https://nad-lan.co.il/power-of-attorney-real-estate/,0,1,0,4
https://nad-lan.co.il/product/%D7%9E%D7%95%D7%93%D7%A2%D7%94-%D7%9E%D7%A7%D7%95%D7%93%D7%9E%D7%AA-%D7%9C%D7%A0%D7%9B%D7%A1-%D7%9E%D7%95%D7%9B%D7%A8-%D7%A7%D7%95%D7%A0%D7%94-%D7%A4%D7%A8%D7%98%D7%99/,0,1,0,6
https://nad-lan.co.il/product/pro-%D7%90%D7%A0%D7%A9%D7%99-%D7%9E%D7%A7%D7%A6%D7%95%D7%A2-%D7%A0%D7%93%D7%9C%D7%9F-%D7%97%D7%95%D7%93%D7%A9-%D7%A8%D7%90%D7%A9%D7%95%D7%9F-%D7%97%D7%99%D7%A0%D7%9D/,0,1,0,10
https://nad-lan.co.il/profession/%D7%99%D7%96%D7%9D/,0,4,0,8.25
https://nad-lan.co.il/professionals/,0,52,0,50.48076923076923
https://nad-lan.co.il/professionals/%D7%90%D7%91%D7%95%D7%90%D7%A8%D7%A7%D7%99%D7%94-%D7%90%D7%99%D7%99%D7%9E%D7%9F/,0,1,0,3
https://nad-lan.co.il/professionals/%D7%90%D7%91%D7%95%D7%9C%D7%99%D7%9C-%D7%92%D7%90%D7%95%D7%93%D7%AA/,0,2,0,9
https://nad-lan.co.il/professionals/%D7%90%D7%91%D7%95%D7%9C%D7%A9-%D7%A1%D7%90%D7%A0%D7%99/,0,2,0,11
https://nad-lan.co.il/professionals/%D7%90%D7%91%D7%95%D7%A7%D7%A8%D7%98-%D7%90%D7%9C%D7%99%D7%94%D7%95/,0,1,0,4
https://nad-lan.co.il/professionals/%D7%90%D7%91%D7%95%D7%A7%D7%A8%D7%98-%D7%99%D7%A6%D7%97%D7%A7/,0,30,0,8.766666666666666
https://nad-lan.co.il/professionals/%D7%90%D7%91%D7%95-%D7%90%D7%9C-%D7%97%D7%95%D7%A3-%D7%A2%D7%9C%D7%90/,0,1,0,7
https://nad-lan.co.il/professionals/%D7%90%D7%91%D7%95-%D7%90%D7%A1%D7%9E%D7%90%D7%A2%D7%99%D7%9C-%D7%A4%D7%99%D7%A1%D7%9C/,0,1,0,8
https://nad-lan.co.il/professionals/%D7%90%D7%91%D7%95-%D7%90%D7%A8%D7%A7%D7%99%D7%94-%D7%9E%D7%95%D7%97%D7%9E%D7%93/,0,1,0,5
https://nad-lan.co.il/professionals/%D7%90%D7%91%D7%95-%D7%91%D7%9B%D7%A8-%D7%97%D7%90%D7%9C%D7%93/,0,4,0,13
https://nad-lan.co.il/professionals/%D7%90%D7%91%D7%95-%D7%92%D7%90%D7%A0%D7%9D-%D7%90%D7%99%D7%90%D7%93/,0,2,0,7.5
https://nad-lan.co.il/professionals/%D7%90%D7%91%D7%95-%D7%92%D7%90%D7%A0%D7%9D-%D7%92%D7%90%D7%A0%D7%9D/,0,1,0,5
https://nad-lan.co.il/professionals/%D7%90%D7%91%D7%95-%D7%92%D7%91%D7%9C-%D7%A2%D7%9C%D7%99/,0,2,0,10.5
https://nad-lan.co.il/professionals/%D7%90%D7%91%D7%95-%D7%92%D7%95%D7%A9-%D7%A2%D7%91%D7%93-%D7%90%D7%9C-%D7%9B%D7%A8%D7%99%D7%9D/,0,2,0,3
https://nad-lan.co.il/professionals/%D7%90%D7%91%D7%95-%D7%96%D7%99%D7%93-%D7%96%D7%99%D7%93/,0,3,0,5.333333333333333
https://nad-lan.co.il/professionals/%D7%90%D7%91%D7%95-%D7%96%D7%A7%D7%99%D7%A7%D7%94-%D7%A2%D7%99%D7%93/,0,8,0,7.75
https://nad-lan.co.il/professionals/%D7%90%D7%91%D7%95-%D7%9C%D7%99%D7%9C-%D7%90%D7%97%D7%9E%D7%93/,0,2,0,5.5
https://nad-lan.co.il/professionals/%D7%90%D7%91%D7%95-%D7%9C%D7%99%D7%9C-%D7%9E%D7%97%D7%9E%D7%95%D7%93/,0,1,0,7
https://nad-lan.co.il/professionals/%D7%90%D7%91%D7%95-%D7%A1%D7%95%D7%99%D7%A1-%D7%A1%D7%95%D7%9C%D7%99%D7%9E%D7%90%D7%9F/,0,3,0,8.333333333333332
https://nad-lan.co.il/professionals/%D7%90%D7%91%D7%95-%D7%A1%D7%9C%D7%90%D7%97-%D7%A2%D7%9C%D7%99/,0,2,0,11.5
https://nad-lan.co.il/professionals/%D7%90%D7%91%D7%95-%D7%A1%D7%A2%D7%99%D7%93-%D7%9E%D7%95%D7%97%D7%9E%D7%93/,0,4,0,6.25
https://nad-lan.co.il/professionals/%D7%90%D7%91%D7%95-%D7%A2%D7%95%D7%90%D7%93-%D7%A8%D7%99%D7%90%D7%93/,0,3,0,9.333333333333334
https://nad-lan.co.il/professionals/%D7%90%D7%91%D7%95-%D7%A2%D7%98%D7%90-%D7%90%D7%91%D7%A8%D7%94%D7%99%D7%9D/,0,1,0,6
https://nad-lan.co.il/professionals/%D7%90%D7%91%D7%95-%D7%A8%D7%90%D7%A1-%D7%91%D7%A9%D7%99%D7%A8/,0,2,0,5.5
https://nad-lan.co.il/professionals/%D7%90%D7%91%D7%95-%D7%A8%D7%90%D7%A1-%D7%A9%D7%90%D7%A4%D7%A2/,0,1,0,10
https://nad-lan.co.il/professionals/%D7%90%D7%91%D7%99%D7%93%D7%9F-%D7%92%D7%90%D7%9C%D7%99/,0,4,0,9.75
https://nad-lan.co.il/professionals/%D7%90%D7%91%D7%99%D7%93%D7%A8-%D7%90%D7%99%D7%99%D7%9C/,0,4,0,5.5
https://nad-lan.co.il/professionals/%D7%90%D7%91%D7%99%D7%96%D7%93%D7%94-%D7%9E%D7%A9%D7%99%D7%97/,0,1,0,2
https://nad-lan.co.il/professionals/%D7%90%D7%91%D7%99%D7%98%D7%9C-%D7%A0%D7%AA%D7%A0%D7%90%D7%9C/,0,1,0,4
https://nad-lan.co.il/professionals/%D7%90%D7%91%D7%99%D7%98%D7%9F-%D7%99%D7%92%D7%90%D7%9C/,0,2,0,3.5
https://nad-lan.co.il/professionals/%D7%90%D7%91%D7%99%D7%A1%D7%93%D7%A8%D7%99%D7%A1-%D7%90%D7%91%D7%99/,0,3,0,3.3333333333333335
https://nad-lan.co.il/professionals/%D7%90%D7%91%D7%99%D7%A7%D7%96%D7%A8-%D7%93%D7%95%D7%93/,0,2,0,5
https://nad-lan.co.il/professionals/%D7%90%D7%91%D7%99%D7%A8%D7%9D-%D7%92%D7%91%D7%A8%D7%99%D7%90%D7%9C/,0,1,0,1
https://nad-lan.co.il/professionals/%D7%90%D7%91%D7%99%D7%A9%D7%95%D7%A8-%D7%9E%D7%A0%D7%97%D7%9D/,0,2,0,2
https://nad-lan.co.il/professionals/%D7%90%D7%91%D7%A8%D7%94%D7%9D-%D7%93%D7%95%D7%93/,0,7,0,6.714285714285714
https://nad-lan.co.il/professionals/%D7%90%D7%91%D7%A8%D7%94%D7%9D-%D7%9E%D7%99%D7%9B%D7%90%D7%9C/,0,3,0,4.333333333333334
https://nad-lan.co.il/professionals/%D7%90%D7%91%D7%A8%D7%94%D7%9D-%D7%A8%D7%95%D7%A0%D7%99/,0,1,0,5
https://nad-lan.co.il/professionals/%D7%90%D7%91%D7%A8%D7%94%D7%9D-%D7%A8%D7%95%D7%A0%D7%9F/,0,1,0,3
https://nad-lan.co.il/professionals/%D7%90%D7%91%D7%A8%D7%94%D7%9D-%D7%A9%D7%9C%D7%9E%D7%94/,0,2,0,4
https://nad-lan.co.il/professionals/%D7%90%D7%91%D7%A8%D7%94%D7%9E%D7%99-%D7%92%D7%9C%D7%A2%D7%93/,0,3,0,29.666666666666668
https://nad-lan.co.il/professionals/%D7%90%D7%91%D7%A8%D7%94%D7%9E%D7%99-%D7%96%D7%95%D7%94%D7%A8/,0,2,0,73.5
https://nad-lan.co.il/professionals/%D7%90%D7%91%D7%A8%D7%99%D7%A7-%D7%A0%D7%92%D7%99/,0,1,0,10
https://nad-lan.co.il/professionals/%D7%90%D7%91%D7%A8%D7%9E%D7%95%D7%91%D7%99%D7%A5-%D7%90%D7%99%D7%9C%D7%99%D7%94/,0,1,0,2
https://nad-lan.co.il/professionals/%D7%90%D7%91%D7%A8%D7%9E%D7%95%D7%91%D7%99%D7%A5-%D7%91%D7%A0%D7%99%D7%9E%D7%99%D7%9F/,0,1,0,7
https://nad-lan.co.il/professionals/%D7%90%D7%91%D7%A8%D7%9E%D7%95%D7%91%D7%99%D7%A5-%D7%92%D7%99%D7%90/,0,2,0,9.5
https://nad-lan.co.il/professionals/%D7%90%D7%91%D7%A8%D7%9E%D7%95%D7%91-%D7%A8%D7%A4%D7%90%D7%9C/,0,1,0,5
https://nad-lan.co.il/professionals/%D7%90%D7%92%D7%91%D7%90%D7%A8%D7%99%D7%94-%D7%90%D7%A1%D7%9E%D7%90%D7%A2%D7%99%D7%9C/,0,2,0,5.5
https://nad-lan.co.il/professionals/%D7%90%D7%92%D7%91%D7%90%D7%A8%D7%99%D7%94-%D7%97%D7%91%D7%99%D7%91/,0,2,0,7
https://nad-lan.co.il/professionals/%D7%90%D7%92%D7%91%D7%90%D7%A8%D7%99%D7%94-%D7%9E%D7%95%D7%97%D7%9E%D7%93-2/,0,2,0,7.5
https://nad-lan.co.il/professionals/%D7%90%D7%92%D7%91%D7%90%D7%A8%D7%99%D7%94-%D7%9E%D7%95%D7%97%D7%9E%D7%93-3/,0,2,0,11
https://nad-lan.co.il/professionals/%D7%90%D7%92%D7%91%D7%90%D7%A8%D7%99%D7%94-%D7%9E%D7%95%D7%97%D7%9E%D7%93-4/,0,2,0,3
https://nad-lan.co.il/professionals/%D7%90%D7%92%D7%91%D7%90%D7%A8%D7%99%D7%94-%D7%A2%D7%90%D7%95%D7%A0%D7%99/,0,1,0,6
https://nad-lan.co.il/professionals/%D7%90%D7%92%D7%91%D7%90%D7%A8%D7%99%D7%94-%D7%A2%D7%91%D7%99%D7%93%D7%94/,0,1,0,12
https://nad-lan.co.il/professionals/%D7%90%D7%92%D7%91%D7%90%D7%A8%D7%99%D7%94-%D7%A2%D7%93%D7%A0%D7%90%D7%9F/,0,10,0,10.5
https://nad-lan.co.il/professionals/%D7%90%D7%92%D7%91%D7%A8%D7%99%D7%94-%D7%A0%D7%91%D7%99%D7%9C/,0,2,0,4.5
https://nad-lan.co.il/professionals/%D7%90%D7%92%D7%91%D7%A8%D7%99%D7%94-%D7%A2%D7%9C%D7%90%D7%90%D7%9C%D7%93%D7%99%D7%9F/,0,1,0,7
https://nad-lan.co.il/professionals/%D7%90%D7%92%D7%95%D7%96-%D7%90%D7%A1%D7%99/,0,4,0,6.75
https://nad-lan.co.il/professionals/%D7%90%D7%92%D7%A8%D7%95%D7%A0%D7%95%D7%91-%D7%90%D7%9C%D7%99/,0,1,0,16
https://nad-lan.co.il/professionals/%D7%90%D7%93%D7%9C%D7%9E%D7%9F-%D7%92%D7%9C/,0,5,0,8.2
https://nad-lan.co.il/professionals/%D7%90%D7%93%D7%A8%D7%99-%D7%9E%D7%A9%D7%94/,0,3,0,5.666666666666667
https://nad-lan.co.il/professionals/%D7%90%D7%94%D7%A8%D7%95%D7%9F-%D7%90%D7%91%D7%A8%D7%94%D7%9D/,0,1,0,20
https://nad-lan.co.il/professionals/%D7%90%D7%95%D7%91%D7%96%D7%99%D7%9C%D7%A8-%D7%98%D7%95%D7%91%D7%99%D7%94/,0,3,0,4.666666666666666
https://nad-lan.co.il/professionals/%D7%90%D7%95%D7%95%D7%A0%D7%A9%D7%98%D7%A8%D7%9F-%D7%A8%D7%95%D7%9F/,0,4,0,5
https://nad-lan.co.il/professionals/%D7%90%D7%95%D7%96%D7%9F-%D7%92%D7%91%D7%A8%D7%99%D7%90%D7%9C/,0,4,0,6.75
https://nad-lan.co.il/professionals/%D7%90%D7%95%D7%97%D7%99%D7%95%D7%9F-%D7%90%D7%99%D7%9C%D7%9F/,0,2,0,2
https://nad-lan.co.il/professionals/%D7%90%D7%95%D7%97%D7%A0%D7%94-%D7%A0%D7%93%D7%91/,0,1,0,1
https://nad-lan.co.il/professionals/%D7%90%D7%95%D7%97%D7%A0%D7%94-%D7%A9%D7%99-%D7%99%D7%94%D7%95%D7%A9%D7%A2/,0,1,0,1
https://nad-lan.co.il/professionals/%D7%90%D7%95%D7%A1%D7%93%D7%99%D7%98%D7%A9%D7%A8-%D7%9E%D7%A9%D7%94-%D7%99%D7%A6%D7%97%D7%A7/,0,1,0,8
https://nad-lan.co.il/professionals/%D7%90%D7%95%D7%A1%D7%9E%D7%90%D7%94-%D7%9B%D7%99%D7%95%D7%A3/,0,5,0,7.6
https://nad-lan.co.il/professionals/%D7%90%D7%95%D7%A8%D7%99%D7%9D-%D7%A0%D7%95%D7%A2%D7%9D/,0,1,0,21
https://nad-lan.co.il/professionals/%D7%90%D7%95%D7%A8-%D7%90%D7%99%D7%99%D7%9C/,0,1,0,52
https://nad-lan.co.il/professionals/%D7%90%D7%95%D7%A9%D7%A7%D7%99-%D7%9C%D7%90%D7%95%D7%9F/,0,2,0,9.5
https://nad-lan.co.il/professionals/%D7%90%D7%96%D7%95%D7%9C%D7%90%D7%99-%D7%90%D7%99%D7%A6%D7%99%D7%A7-2/,0,4,0,15
https://nad-lan.co.il/professionals/%D7%90%D7%96%D7%95%D7%9C%D7%90%D7%99-%D7%90%D7%9C%D7%99/,0,1,0,5
https://nad-lan.co.il/professionals/%D7%90%D7%97%D7%9E%D7%93-%D7%A2%D7%9C%D7%99/,0,1,0,2
https://nad-lan.co.il/professionals/%D7%90%D7%98%D7%99%D7%90%D7%94-%D7%91%D7%A0%D7%99/,0,1,0,15
https://nad-lan.co.il/professionals/%D7%90%D7%98%D7%99%D7%90%D7%A1-%D7%A8%D7%9E%D7%99/,0,1,0,1
https://nad-lan.co.il/professionals/%D7%90%D7%98%D7%99%D7%A0%D7%92%D7%A8-%D7%92%D7%9C%D7%A2%D7%93/,0,2,0,4.5
https://nad-lan.co.il/professionals/%D7%90%D7%98%D7%A8%D7%A9-%D7%A1%D7%A2%D7%99%D7%93/,0,2,0,1.5
https://nad-lan.co.il/professionals/%D7%90%D7%99%D7%94%D7%90%D7%91-%D7%90%D7%92%D7%91%D7%90%D7%A8%D7%99%D7%94/,0,2,0,7.5
https://nad-lan.co.il/professionals/%D7%90%D7%99%D7%98%D7%97-%D7%90%D7%A9%D7%A8/,0,3,0,8.666666666666668
https://nad-lan.co.il/professionals/%D7%90%D7%99%D7%99%D7%9C-%D7%A9%D7%A8%D7%95%D7%9F/,0,2,0,10
https://nad-lan.co.il/professionals/%D7%90%D7%99%D7%9C%D7%95%D7%9F-%D7%90%D7%91%D7%98%D7%9C%D7%99%D7%95%D7%9F/,0,3,0,4.333333333333334
https://nad-lan.co.il/professionals/%D7%90%D7%99%D7%A0%D7%9C-%D7%A8%D7%95%D7%A2%D7%99-%D7%AA%D7%9E%D7%99%D7%A8/,0,10,0,6.9
https://nad-lan.co.il/professionals/%D7%90%D7%99%D7%A4%D7%A8%D7%92%D7%9F-%D7%A8%D7%95%D7%A0%D7%9F/,0,1,0,3
https://nad-lan.co.il/professionals/%D7%90%D7%99%D7%A6%D7%99%D7%A7-%D7%99%D7%A8%D7%95%D7%9F/,0,1,0,3
https://nad-lan.co.il/professionals/%D7%90%D7%9C%D7%91%D7%A1-%D7%9C%D7%99%D7%93%D7%9F/,0,7,0,5
https://nad-lan.co.il/professionals/%D7%90%D7%9C%D7%92%D7%91%D7%A1%D7%99-%D7%A8%D7%97%D7%9E%D7%99%D7%9D/,0,1,0,10
https://nad-lan.co.il/professionals/%D7%90%D7%9C%D7%92%D7%95%D7%99-%D7%A6%D7%95%D7%A8/,0,1,0,8
https://nad-lan.co.il/professionals/%D7%90%D7%9C%D7%95%D7%9F-%D7%90%D7%99%D7%A1%D7%99/,0,5,0,3.6
https://nad-lan.co.il/professionals/%D7%90%D7%9C%D7%95%D7%9F-%D7%99%D7%95%D7%A1%D7%A3/,0,2,0,9
https://nad-lan.co.il/professionals/%D7%90%D7%9C%D7%95%D7%A9-%D7%99%D7%95%D7%90%D7%91/,0,4,0,9
https://nad-lan.co.il/professionals/%D7%90%D7%9C%D7%96%D7%99%D7%A8-%D7%A2%D7%91%D7%93%D7%90%D7%9C%D7%9C%D7%94/,0,2,0,6
https://nad-lan.co.il/professionals/%D7%90%D7%9C%D7%97%D7%93%D7%93-%D7%91%D7%A0%D7%99%D7%9E%D7%99%D7%9F/,0,3,0,4
https://nad-lan.co.il/professionals/%D7%90%D7%9C%D7%98%D7%A7%D7%90%D7%AA-%D7%97%D7%90%D7%9C%D7%93/,0,2,0,4
https://nad-lan.co.il/professionals/%D7%90%D7%9C%D7%98%D7%A9%D7%95%D7%9C%D7%A8-%D7%90%D7%91%D7%A8%D7%94%D7%9D/,0,1,0,1
https://nad-lan.co.il/professionals/%D7%90%D7%9C%D7%99%D7%90%D7%A1%D7%99-%D7%90%D7%95%D7%A8%D7%9F/,0,13,0,6.076923076923077
https://nad-lan.co.il/professionals/%D7%90%D7%9C%D7%99%D7%94%D7%95-%D7%90%D7%99%D7%99%D7%9C/,0,2,0,5
https://nad-lan.co.il/professionals/%D7%90%D7%9C%D7%99%D7%94%D7%95-%D7%96%D7%9E%D7%99%D7%A8/,0,9,0,6.777777777777778
https://nad-lan.co.il/professionals/%D7%90%D7%9C%D7%99%D7%94-%D7%91%D7%A8%D7%95%D7%9A/,0,5,0,19
https://nad-lan.co.il/professionals/%D7%90%D7%9C%D7%99%D7%9E%D7%9C%D7%9A-%D7%90%D7%A9%D7%A8/,0,10,0,7.1
https://nad-lan.co.il/professionals/%D7%90%D7%9C%D7%99%D7%9E%D7%9C%D7%9A-%D7%A9%D7%99/,0,11,0,6.636363636363637
https://nad-lan.co.il/professionals/%D7%90%D7%9C%D7%99%D7%9E%D7%9C%D7%A5-%D7%A9%D7%99/,0,1,0,3
https://nad-lan.co.il/professionals/%D7%90%D7%9C%D7%9E%D7%99-%D7%90%D7%A8%D7%99%D7%90%D7%9C/,0,2,0,5
https://nad-lan.co.il/professionals/%D7%90%D7%9C%D7%9E%D7%A7%D7%99%D7%99%D7%A1-%D7%93%D7%95%D7%93/,0,1,0,6
https://nad-lan.co.il/professionals/%D7%90%D7%9C%D7%A2%D7%90%D7%91%D7%93-%D7%90%D7%9B%D7%A8%D7%9D/,0,1,0,3
https://nad-lan.co.il/professionals/%D7%90%D7%9C%D7%A2%D7%95%D7%A7%D7%94-%D7%90%D7%91%D7%A8%D7%94%D7%99%D7%9D/,0,1,0,6
https://nad-lan.co.il/professionals/%D7%90%D7%9C%D7%A4%D7%A1%D7%99-%D7%99%D7%97%D7%99%D7%90%D7%9C/,0,2,0,13.5
https://nad-lan.co.il/professionals/%D7%90%D7%9C%D7%A4%D7%A1%D7%99-%D7%9E%D7%90%D7%99%D7%A8/,0,1,0,8
https://nad-lan.co.il/professionals/%D7%90%D7%9C%D7%A7%D7%95%D7%9F-%D7%9E%D7%99%D7%9C%D7%99%D7%A7%D7%95%D7%91%D7%A1%D7%A7%D7%99-%D7%90%D7%A1%D7%AA%D7%A8/,0,3,0,8.666666666666668
https://nad-lan.co.il/professionals/%D7%90%D7%9C%D7%A7%D7%99%D7%99%D7%9D-%D7%A2%D7%9E%D7%99/,0,7,0,11
https://nad-lan.co.il/professionals/%D7%90%D7%9C%D7%A7%D7%9C%D7%A2%D7%99-%D7%A2%D7%96%D7%A8%D7%90/,0,1,0,5
https://nad-lan.co.il/professionals/%D7%90%D7%9C%D7%A7%D7%A0%D7%A8-%D7%99%D7%A2%D7%A7%D7%91/,0,1,0,8
https://nad-lan.co.il/professionals/%D7%90%D7%9C%D7%A7%D7%A1%D7%9C%D7%A1%D7%99-%D7%92%D7%A7%D7%99/,0,7,0,5.428571428571429
https://nad-lan.co.il/professionals/%D7%90%D7%9C%D7%A7%D7%A8%D7%99%D7%A0%D7%90%D7%95%D7%99-%D7%A2%D7%A8%D7%90%D7%93/,0,3,0,6
https://nad-lan.co.il/professionals/%D7%90%D7%9C-%D7%A9%D7%9E%D7%90%D7%9C%D7%99-%D7%A1%D7%9E%D7%99%D7%97/,0,4,0,5.5
https://nad-lan.co.il/professionals/%D7%90%D7%9E%D7%90%D7%A8%D7%94-%D7%90%D7%A0%D7%95%D7%A8/,0,1,0,9
https://nad-lan.co.il/professionals/%D7%90%D7%9E%D7%90%D7%A8%D7%94-%D7%92%D7%9E%D7%90%D7%9C/,0,6,0,6.5
https://nad-lan.co.il/professionals/%D7%90%D7%9E%D7%A1%D7%9C%D7%9D-%D7%98%D7%95%D7%91%D7%99%D7%94/,0,2,0,4
https://nad-lan.co.il/professionals/%D7%90%D7%A0%D7%93%D7%A8%D7%A1%D7%95%D7%9F-%D7%90%D7%99%D7%99%D7%9C/,0,4,0,9.5
https://nad-lan.co.il/professionals/%D7%90%D7%A0%D7%A7%D7%90%D7%95%D7%94-%D7%99%D7%A6%D7%97%D7%A7/,0,3,0,4.666666666666666
https://nad-lan.co.il/professionals/%D7%90%D7%A0%D7%A7%D7%90%D7%95%D7%95%D7%94-%D7%99%D7%A6%D7%97%D7%A7/,0,2,0,12.5
https://nad-lan.co.il/professionals/%D7%90%D7%A1%D7%93%D7%99-%D7%90%D7%99%D7%90%D7%AA/,0,1,0,8
https://nad-lan.co.il/professionals/%D7%90%D7%A1%D7%93%D7%99-%D7%A0%D7%90%D7%A1%D7%A8/,0,1,0,10
https://nad-lan.co.il/professionals/%D7%90%D7%A1%D7%98%D7%94-%D7%90%D7%91%D7%99%D7%A0%D7%95%D7%A2%D7%9D/,0,1,0,2
https://nad-lan.co.il/professionals/%D7%90%D7%A1%D7%9E%D7%90%D7%A2%D7%99%D7%9C-%D7%9E%D7%97%D7%9E%D7%95%D7%93/,0,1,0,2
https://nad-lan.co.il/professionals/%D7%90%D7%A1%D7%A3-%D7%99%D7%94%D7%95%D7%93%D7%94/,0,1,0,1
https://nad-lan.co.il/professionals/%D7%90%D7%A1%D7%A8%D7%A3-%D7%A9%D7%A8%D7%95%D7%9F/,0,1,0,8
https://nad-lan.co.il/professionals/%D7%90%D7%A4%D7%A0%D7%92%D7%A8-%D7%9E%D7%99%D7%9B%D7%90%D7%9C-%D7%99%D7%94%D7%95%D7%93%D7%94/,0,1,0,7
https://nad-lan.co.il/professionals/%D7%90%D7%A8%D7%91%D7%9C-%D7%99%D7%A2%D7%A7%D7%91/,0,2,0,1.5
https://nad-lan.co.il/professionals/%D7%90%D7%A8%D7%91%D7%9C-%D7%9E%D7%A9%D7%94/,0,2,0,7.5
https://nad-lan.co.il/professionals/%D7%90%D7%A8%D7%92%D7%99%D7%9C-%D7%A9%D7%A8%D7%95%D7%9F/,0,3,0,7.333333333333333
https://nad-lan.co.il/professionals/%D7%90%D7%A8%D7%96-%D7%9E%D7%99%D7%9B%D7%90%D7%9C/,0,1,0,12
https://nad-lan.co.il/professionals/%D7%90%D7%A8%D7%99%D7%90%D7%9C-%D7%A0%D7%99%D7%A8/,0,3,0,5.666666666666667
https://nad-lan.co.il/professionals/%D7%90%D7%A8%D7%99%D7%94-%D7%99%D7%95%D7%97%D7%90%D7%99/,0,1,0,1
https://nad-lan.co.il/professionals/%D7%90%D7%A8%D7%A7%D7%99%D7%99%D7%94-%D7%A7%D7%99%D7%A1%D7%A8/,0,2,0,7
https://nad-lan.co.il/professionals/%D7%90%D7%A9%D7%98%D7%95%D7%9F-%D7%A8%D7%99%D7%9E%D7%9F/,0,3,0,3.6666666666666665
https://nad-lan.co.il/professionals/%D7%90%D7%A9%D7%9B%D7%A0%D7%96%D7%99-%D7%90%D7%95%D7%A8%D7%9F/,0,1,0,10
https://nad-lan.co.il/professionals/%D7%90%D7%A9%D7%A7%D7%A8-%D7%90%D7%99%D7%90%D7%93/,0,4,0,7.5
https://nad-lan.co.il/professionals/%D7%90%D7%A9%D7%A7%D7%A8-%D7%9E%D7%95%D7%97%D7%9E%D7%93/,0,15,0,22.6
https://nad-lan.co.il/professionals/%D7%90%D7%A9%D7%A7%D7%A8-%D7%A0%D7%A1%D7%99%D7%9D/,0,1,0,75
https://nad-lan.co.il/professionals/%D7%90%D7%A9%D7%A8%D7%A3-%D7%92%D7%91%D7%90%D7%A8%D7%99%D7%9F/,0,1,0,1
https://nad-lan.co.il/professionals/%D7%90%D7%A9%D7%A8-%D7%99%D7%A2%D7%A7%D7%91/,0,1,0,1
https://nad-lan.co.il/professionals/%D7%90%D7%A9%D7%A8-%D7%A0%D7%99%D7%A8/,0,1,0,7
https://nad-lan.co.il/professionals/%D7%91%D7%90%D7%91%D7%93-%D7%A9%D7%99-%D7%99%D7%94%D7%95%D7%A9%D7%A2-%D7%A9%D7%91%D7%AA%D7%90%D7%99/,0,1,0,9
https://nad-lan.co.il/professionals/%D7%91%D7%93%D7%90%D7%A8%D7%A0%D7%94-%D7%A1%D7%9E%D7%A8%D7%99%D7%9F/,0,2,0,7.5
https://nad-lan.co.il/professionals/%D7%91%D7%93%D7%90%D7%A8%D7%A0%D7%94-%D7%A2%D7%91%D7%93-%D7%90%D7%9C-%D7%A8%D7%90%D7%95%D7%A3/,0,1,0,3
https://nad-lan.co.il/professionals/%D7%91%D7%93%D7%99%D7%A8-%D7%90%D7%97%D7%A1%D7%90%D7%9F/,0,1,0,11
https://nad-lan.co.il/professionals/%D7%91%D7%94%D7%95%D7%9E%D7%99-%D7%99%D7%A8%D7%95%D7%9F/,0,1,0,7
https://nad-lan.co.il/professionals/%D7%91%D7%95%D7%90%D7%A8%D7%95%D7%9F-%D7%90%D7%9C%D7%99/,0,1,0,7
https://nad-lan.co.il/professionals/%D7%91%D7%95%D7%90%D7%A8%D7%95%D7%9F-%D7%A9%D7%97%D7%A8/,0,11,0,3.6363636363636362
https://nad-lan.co.il/professionals/%D7%91%D7%95%D7%96%D7%92%D7%9C%D7%95-%D7%93%D7%95%D7%A8%D7%95%D7%9F/,0,1,0,10
https://nad-lan.co.il/professionals/%D7%91%D7%95%D7%9B%D7%A8%D7%99%D7%A1-%D7%90%D7%9E%D7%99%D7%AA%D7%99/,0,24,0,8.041666666666668
https://nad-lan.co.il/professionals/%D7%91%D7%95%D7%A0%D7%A7-%D7%90%D7%A1%D7%A3/,0,2,0,1.5
https://nad-lan.co.il/professionals/%D7%91%D7%95%D7%A1%D7%99%D7%93%D7%9F-%D7%90%D7%A8%D7%99%D7%94/,0,1,0,8
https://nad-lan.co.il/professionals/%D7%91%D7%95%D7%A1%D7%A7%D7%99%D7%9C%D7%94-%D7%93%D7%95%D7%93/,0,2,0,13.5
https://nad-lan.co.il/professionals/%D7%91%D7%95%D7%A1%D7%A7%D7%99%D7%9C%D7%94-%D7%99%D7%95%D7%91%D7%9C/,0,4,0,3.75
https://nad-lan.co.il/professionals/%D7%91%D7%95%D7%A7%D7%A8%D7%90-%D7%91%D7%A0%D7%99%D7%9E%D7%99%D7%9F/,0,2,0,4
https://nad-lan.co.il/professionals/%D7%91%D7%95%D7%A7%D7%A8%D7%94-%D7%90%D7%A8%D7%96/,0,1,0,29
https://nad-lan.co.il/professionals/%D7%91%D7%95%D7%A8%D7%A8-%D7%A2%D7%A4%D7%A8/,0,1,0,1
https://nad-lan.co.il/professionals/%D7%91%D7%96%D7%A8%D7%A0%D7%95-%D7%A0%D7%99%D7%A1%D7%99%D7%9D/,0,7,0,6.857142857142857
https://nad-lan.co.il/professionals/%D7%91%D7%99%D7%90%D7%93%D7%A1%D7%94-%D7%95%D7%9C%D7%99%D7%93/,0,4,0,10.25
https://nad-lan.co.il/professionals/%D7%91%D7%99%D7%90%D7%93%D7%A1%D7%94-%D7%9E%D7%95%D7%A4%D7%99%D7%94/,0,1,0,1
https://nad-lan.co.il/professionals/%D7%91%D7%99%D7%90%D7%93%D7%A1%D7%94-%D7%A8%D7%A9%D7%99%D7%93/,0,1,0,4
https://nad-lan.co.il/professionals/%D7%91%D7%99%D7%98%D7%90%D7%9F-%D7%A6%D7%97%D7%99/,0,1,0,6
https://nad-lan.co.il/professionals/%D7%91%D7%99%D7%98%D7%95%D7%9F-%D7%9E%D7%99%D7%9B%D7%90%D7%9C/,0,1,0,20
https://nad-lan.co.il/professionals/%D7%91%D7%99%D7%98%D7%95%D7%9F-%D7%9E%D7%A9%D7%94-2/,0,1,0,10
https://nad-lan.co.il/professionals/%D7%91%D7%99%D7%98%D7%95%D7%9F-%D7%9E%D7%A9%D7%94/,0,3,0,3.6666666666666665
https://nad-lan.co.il/professionals/%D7%91%D7%99%D7%98%D7%95%D7%9F-%D7%A9%D7%9C%D7%9E%D7%94/,0,1,0,7
https://nad-lan.co.il/professionals/%D7%91%D7%99%D7%9D-%D7%90%D7%99%D7%91%D7%A8%D7%94%D7%99%D7%9D/,0,2,0,3.5
https://nad-lan.co.il/professionals/%D7%91%D7%99%D7%A1%D7%98%D7%A8%D7%99-%D7%9E%D7%95%D7%98%D7%99/,0,1,0,50
https://nad-lan.co.il/professionals/%D7%91%D7%99%D7%A1%D7%98%D7%A8%D7%99-%D7%9E%D7%A9%D7%94/,0,1,0,1
https://nad-lan.co.il/professionals/%D7%91%D7%99%D7%A8%D7%96%D7%95%D7%9F-%D7%90%D7%A8%D7%99%D7%94/,0,1,0,8
https://nad-lan.co.il/professionals/%D7%91%D7%9B%D7%A8-%D7%99%D7%95%D7%A1%D7%99/,0,5,0,5
https://nad-lan.co.il/professionals/%D7%91%D7%9B%D7%A8-%D7%A9%D7%9C%D7%9E%D7%94-%D7%9C%D7%99%D7%A8%D7%95%D7%9F/,0,2,0,7
https://nad-lan.co.il/professionals/%D7%91%D7%9C%D7%90%D7%9F-%D7%96%D7%90%D7%94%D7%A8/,0,4,0,2.75
https://nad-lan.co.il/professionals/%D7%91%D7%9C%D7%9E%D7%A1-%D7%92%D7%91%D7%A8%D7%99%D7%90%D7%9C/,0,10,0,4.5
https://nad-lan.co.il/professionals/%D7%91%D7%9F-%D7%93%D7%95%D7%93-%D7%A2%D7%A8%D7%9F/,0,5,0,4.4
https://nad-lan.co.il/professionals/%D7%91%D7%9F-%D7%97%D7%9E%D7%95-%D7%9E%D7%A9%D7%94/,0,2,0,29.5
https://nad-lan.co.il/professionals/%D7%91%D7%9F-%D7%99%D7%97%D7%96%D7%A7%D7%90%D7%9C-%D7%90%D7%9C%D7%9E%D7%95%D7%92/,0,1,0,4
https://nad-lan.co.il/professionals/%D7%91%D7%9F-%D7%99%D7%A2%D7%A7%D7%91-%D7%90%D7%91%D7%A9%D7%9C%D7%95%D7%9D/,0,3,0,4
https://nad-lan.co.il/professionals/%D7%91%D7%9F-%D7%99%D7%A6%D7%97%D7%A7-%D7%90%D7%99%D7%9C%D7%9F/,0,1,0,9
https://nad-lan.co.il/professionals/%D7%91%D7%9F-%D7%9C%D7%95%D7%9C%D7%95-%D7%90%D7%91%D7%A8%D7%94%D7%9D/,0,2,0,4.5
https://nad-lan.co.il/professionals/%D7%91%D7%9F-%D7%9E%D7%95%D7%97%D7%94-%D7%90%D7%9C%D7%99%D7%94%D7%95/,0,9,0,2.4444444444444446
https://nad-lan.co.il/professionals/%D7%91%D7%9F-%D7%9E%D7%A9%D7%94-%D7%9E%D7%A9%D7%94/,0,5,0,7.2
https://nad-lan.co.il/professionals/%D7%91%D7%9F-%D7%9E%D7%A9%D7%94-%D7%A2%D7%95%D7%A4%D7%A8/,0,1,0,1
https://nad-lan.co.il/professionals/%D7%91%D7%9F-%D7%A1%D7%9C%D7%9E%D7%95%D7%9F-%D7%A9%D7%9C%D7%9E%D7%94/,0,1,0,54
https://nad-lan.co.il/professionals/%D7%91%D7%9F-%D7%A2%D7%96%D7%A8%D7%90-%D7%A2%D7%96%D7%A8%D7%90/,0,4,0,17.25
https://nad-lan.co.il/professionals/%D7%91%D7%9F-%D7%A6%D7%95%D7%A8-%D7%93%D7%92%D7%9F/,0,3,0,6.666666666666667
https://nad-lan.co.il/professionals/%D7%91%D7%9F-%D7%A9%D7%91%D7%AA-%D7%92%D7%A7%D7%99-%D7%99%D7%A6%D7%97%D7%A7/,0,1,0,3
https://nad-lan.co.il/professionals/%D7%91%D7%9F-%D7%A9%D7%91%D7%AA-%D7%98%D7%9C/,0,6,0,11.833333333333334
https://nad-lan.co.il/professionals/%D7%91%D7%9F-%D7%A9%D7%95%D7%A9%D7%9F-%D7%90%D7%95%D7%A8%D7%99/,0,5,0,38.2
https://nad-lan.co.il/professionals/%D7%91%D7%9F-%D7%A9%D7%95%D7%A9%D7%9F-%D7%99%D7%A9%D7%99/,0,1,0,6
https://nad-lan.co.il/professionals/%D7%91%D7%A0%D7%93%D7%95-%D7%A9%D7%9C%D7%95%D7%9E%D7%99/,0,1,0,2
https://nad-lan.co.il/professionals/%D7%91%D7%A1%D7%98%D7%A7%D7%A8-%D7%A9%D7%A8%D7%95%D7%9F/,0,3,0,5.333333333333333
https://nad-lan.co.il/professionals/%D7%91%D7%A1%D7%9C%D7%A8-%D7%91%D7%A0%D7%99/,0,2,0,9
https://nad-lan.co.il/professionals/%D7%91%D7%A6%D7%9C%D7%90%D7%9C-%D7%90%D7%99%D7%AA%D7%99/,0,1,0,7
https://nad-lan.co.il/professionals/%D7%91%D7%A8%D7%90%D7%9C-%D7%99%D7%A8%D7%99%D7%91/,0,3,0,8.333333333333332
https://nad-lan.co.il/professionals/%D7%91%D7%A8%D7%95%D7%9A-%D7%99%D7%A9%D7%A8%D7%90%D7%9C/,0,5,0,10.4
https://nad-lan.co.il/professionals/%D7%91%D7%A8%D7%96%D7%99%D7%93%D7%94-%D7%99%D7%A6%D7%97%D7%A7/,0,3,0,3.6666666666666665
https://nad-lan.co.il/professionals/%D7%91%D7%A8%D7%96%D7%99%D7%9C%D7%99-%D7%91%D7%95%D7%A2%D7%96/,0,1,0,3
https://nad-lan.co.il/professionals/%D7%91%D7%A8%D7%96%D7%99%D7%9C%D7%99-%D7%A9%D7%9C%D7%9E%D7%94/,0,1,0,7
https://nad-lan.co.il/professionals/%D7%91%D7%A8%D7%99%D7%92%D7%94-%D7%99%D7%95%D7%A1%D7%A3/,0,2,0,5.5
https://nad-lan.co.il/professionals/%D7%91%D7%A8-%D7%90%D7%95%D7%A8-%D7%99%D7%95%D7%91%D7%9C/,0,1,0,2
https://nad-lan.co.il/professionals/%D7%91%D7%A8-%D7%90%D7%9C-%D7%A6%D7%95%D7%A8%D7%99%D7%90%D7%9C/,0,1,0,2
https://nad-lan.co.il/professionals/%D7%91%D7%A8-%D7%97%D7%9F-%D7%92%D7%99%D7%9C/,0,4,0,8.75
https://nad-lan.co.il/professionals/%D7%91%D7%A8-%D7%A0%D7%A1-%D7%A0%D7%90%D7%95%D7%A8/,0,2,0,18
https://nad-lan.co.il/professionals/%D7%91%D7%A8-%D7%A9%D7%9C%D7%95%D7%9F/,0,1,0,1
https://nad-lan.co.il/professionals/%D7%91%D7%A9%D7%90%D7%A8%D7%90%D7%AA-%D7%9E%D7%A8%D7%95%D7%90%D7%9F/,0,1,0,4
https://nad-lan.co.il/professionals/%D7%91%D7%A9%D7%90%D7%A8%D7%94-%D7%A1%D7%90%D7%9E%D7%A8/,0,1,0,12
https://nad-lan.co.il/professionals/%D7%91%D7%A9%D7%90%D7%A8%D7%99-%D7%90%D7%9E%D7%99%D7%A8/,0,2,0,5.5
https://nad-lan.co.il/professionals/%D7%92%D7%90%D7%91%D7%A8-%D7%A1%D7%9E%D7%99%D7%A8/,0,2,0,2
https://nad-lan.co.il/professionals/%D7%92%D7%90%D7%95%D7%95%D7%99-%D7%92%D7%95%D7%9E%D7%A2%D7%94/,0,1,0,1
https://nad-lan.co.il/professionals/%D7%92%D7%90%D7%9C%D7%99-%D7%A8%D7%A4%D7%90%D7%9C/,0,1,0,2
https://nad-lan.co.il/professionals/%D7%92%D7%90%D7%A9%D7%99-%D7%90%D7%99%D7%AA%D7%9F/,0,1,0,8
https://nad-lan.co.il/professionals/%D7%92%D7%91%D7%90%D7%99-%D7%9E%D7%99%D7%9B%D7%90%D7%9C/,0,1,0,6
https://nad-lan.co.il/professionals/%D7%92%D7%91%D7%90%D7%99-%D7%A9%D7%9C%D7%95%D7%9E%D7%99/,0,2,0,8
https://nad-lan.co.il/professionals/%D7%92%D7%91%D7%90%D7%9C-%D7%90%D7%91%D7%A8%D7%94%D7%99%D7%9D-%D7%90%D7%97%D7%9E%D7%93/,0,2,0,9
https://nad-lan.co.il/professionals/%D7%92%D7%91%D7%90%D7%A8%D7%94-%D7%93%D7%9E%D7%99%D7%90%D7%AA/,0,2,0,9.5
https://nad-lan.co.il/professionals/%D7%92%D7%91%D7%90%D7%A8%D7%94-%D7%9E%D7%A8%D7%95%D7%90%D7%9F/,0,2,0,7
https://nad-lan.co.il/professionals/%D7%92%D7%91%D7%90%D7%A8%D7%99%D7%9F-%D7%90%D7%97%D7%9E%D7%93-2/,0,12,0,10.25
https://nad-lan.co.il/professionals/%D7%92%D7%91%D7%90%D7%A8%D7%99%D7%9F-%D7%90%D7%97%D7%9E%D7%93/,0,4,0,8.75
https://nad-lan.co.il/professionals/%D7%92%D7%91%D7%90%D7%A8%D7%99%D7%9F-%D7%90%D7%99%D7%90%D7%93-%D7%97%D7%A1%D7%9F/,0,2,0,6.5
https://nad-lan.co.il/professionals/%D7%92%D7%91%D7%90%D7%A8%D7%99%D7%9F-%D7%94%D7%9E%D7%90%D7%9D/,0,4,0,5
https://nad-lan.co.il/professionals/%D7%92%D7%91%D7%90%D7%A8%D7%99%D7%9F-%D7%9E%D7%90%D7%92%D7%93/,0,2,0,6
https://nad-lan.co.il/professionals/%D7%92%D7%91%D7%90%D7%A8%D7%99%D7%9F-%D7%9E%D7%95%D7%94%D7%A0%D7%93-2/,0,1,0,8
https://nad-lan.co.il/professionals/%D7%92%D7%91%D7%90%D7%A8%D7%99%D7%9F-%D7%9E%D7%95%D7%94%D7%A0%D7%93/,0,4,0,8
https://nad-lan.co.il/professionals/%D7%92%D7%91%D7%90%D7%A8%D7%99%D7%9F-%D7%9E%D7%95%D7%97%D7%9E%D7%93/,0,4,0,8.25
https://nad-lan.co.il/professionals/%D7%92%D7%91%D7%90%D7%A8%D7%99%D7%9F-%D7%A4%D7%99%D7%A0%D7%90%D7%9F/,0,2,0,1.5
https://nad-lan.co.il/professionals/%D7%92%D7%91%D7%A2-%D7%92%D7%99%D7%9C/,0,3,0,5.333333333333333
https://nad-lan.co.il/professionals/%D7%92%D7%93%D7%99%D7%A8-%D7%97%D7%A1%D7%9F/,0,2,0,8.5
https://nad-lan.co.il/professionals/%D7%92%D7%93%D7%A1%D7%99-%D7%A2%D7%9E%D7%99%D7%90%D7%9C/,0,2,0,3.5
https://nad-lan.co.il/professionals/%D7%92%D7%95%D7%90%D7%98%D7%94-%D7%90%D7%91%D7%A0%D7%A8/,0,1,0,12
https://nad-lan.co.il/professionals/%D7%92%D7%95%D7%90%D7%98%D7%94-%D7%92%D7%99%D7%90/,0,9,0,8.88888888888889
https://nad-lan.co.il/professionals/%D7%92%D7%95%D7%93%D7%99-%D7%A0%D7%90%D7%99%D7%9C/,0,5,0,2.6
https://nad-lan.co.il/professionals/%D7%92%D7%95%D7%94%D7%A8%D7%99-%D7%A2%D7%9E%D7%90%D7%93/,0,1,0,3
https://nad-lan.co.il/professionals/%D7%92%D7%95%D7%95%D7%99%D7%9C%D7%99-%D7%99%D7%A6%D7%97%D7%A7/,0,1,0,7
https://nad-lan.co.il/professionals/%D7%92%D7%95%D7%96%D7%9C%D7%99-%D7%90%D7%A1%D7%A3/,0,3,0,5.333333333333333
https://nad-lan.co.il/professionals/%D7%92%D7%95%D7%98%D7%A4%D7%9C%D7%93-%D7%A2%D7%9E%D7%A8%D7%99/,0,4,0,8.25
https://nad-lan.co.il/professionals/%D7%92%D7%95%D7%99%D7%9C%D7%99-%D7%A8%D7%90%D7%95%D7%91%D7%9F/,0,1,0,11
https://nad-lan.co.il/professionals/%D7%92%D7%95%D7%9C%D7%9F-%D7%90%D7%95%D7%A4%D7%99%D7%A8/,0,3,0,5.333333333333333
https://nad-lan.co.il/professionals/%D7%92%D7%95%D7%9C%D7%9F-%D7%91%D7%A8%D7%95%D7%9A/,0,3,0,6
https://nad-lan.co.il/professionals/%D7%92%D7%95%D7%9C%D7%A0%D7%99-%D7%97%D7%99%D7%99%D7%9D/,0,3,0,4.666666666666666
https://nad-lan.co.il/professionals/%D7%92%D7%95%D7%9C-%D7%90%D7%9C%D7%99%D7%94%D7%95/,0,1,0,8
https://nad-lan.co.il/professionals/%D7%92%D7%95%D7%9E%D7%A2%D7%94-%D7%99%D7%95%D7%A1%D7%A3/,0,1,0,4
https://nad-lan.co.il/professionals/%D7%92%D7%95%D7%A4%D7%A8-%D7%92%D7%99%D7%9C/,0,4,0,4
https://nad-lan.co.il/professionals/%D7%92%D7%95%D7%A8%D7%92%D7%99-%D7%9E%D7%90%D7%99%D7%A8/,0,2,0,7.5
https://nad-lan.co.il/professionals/%D7%92%D7%95%D7%A8%D7%99-%D7%90%D7%A8%D7%96/,0,1,0,4
https://nad-lan.co.il/professionals/%D7%92%D7%95%D7%A8%D7%A4%D7%99%D7%A0%D7%A7%D7%9C-%D7%A9%D7%9E%D7%99%D7%A8/,0,4,0,4.5
https://nad-lan.co.il/professionals/%D7%92%D7%96-%D7%A9%D7%9C%D7%95%D7%9D-%D7%A2%D7%9E%D7%99%D7%A8/,0,2,0,3.5
https://nad-lan.co.il/professionals/%D7%92%D7%99%D7%9C-%D7%90%D7%94%D7%A8%D7%95%D7%9F/,0,1,0,6
https://nad-lan.co.il/professionals/%D7%92%D7%99%D7%A0%D7%93%D7%99-%D7%9E%D7%A9%D7%94/,0,1,0,10
https://nad-lan.co.il/professionals/%D7%92%D7%9C%D7%90%D7%9D-%D7%99%D7%97%D7%96%D7%A7%D7%90%D7%9C-%D7%97%D7%92%D7%99/,0,1,0,1
https://nad-lan.co.il/professionals/%D7%92%D7%9C%D7%95%D7%9C%D7%94-%D7%90%D7%91%D7%A8%D7%94%D7%9D-%D7%90%D7%91%D7%99%D7%A8%D7%9D/,0,1,0,5
https://nad-lan.co.il/professionals/%D7%92%D7%9C%D7%99%D7%9C%D7%99-%D7%93%D7%95%D7%93%D7%95/,0,5,0,3.4
https://nad-lan.co.il/professionals/%D7%92%D7%9C%D7%9E%D7%99%D7%93%D7%99-%D7%99%D7%A6%D7%97%D7%A7/,0,1,0,8
https://nad-lan.co.il/professionals/%D7%92%D7%9C%D7%A0%D7%98%D7%99-%D7%90%D7%91%D7%A8%D7%94%D7%9D/,0,3,0,6.666666666666667
https://nad-lan.co.il/professionals/%D7%92%D7%9C-%D7%92%D7%95%D7%9C%D7%9F/,0,1,0,7
https://nad-lan.co.il/professionals/%D7%92%D7%9C-%D7%96%D7%9C%D7%A6%D7%91%D7%A8%D7%92-%D7%99%D7%97%D7%99%D7%90%D7%9C%D7%99/,0,3,0,4.666666666666666
https://nad-lan.co.il/professionals/%D7%92%D7%9C-%D7%A0%D7%A2%D7%9D/,0,1,0,4
https://nad-lan.co.il/professionals/%D7%92%D7%9C-%D7%A2%D7%9E%D7%99%D7%A8/,0,2,0,5
https://nad-lan.co.il/professionals/%D7%92%D7%9E%D7%A8%D7%A1%D7%A0%D7%99-%D7%90%D7%91%D7%99-%D7%90%D7%9C%D7%91%D7%A8%D7%98/,0,1,0,5
https://nad-lan.co.il/professionals/%D7%92%D7%A0%D7%90%D7%99%D7%9D-%D7%A9%D7%A8%D7%90%D7%A2/,0,2,0,4
https://nad-lan.co.il/professionals/%D7%92%D7%A0%D7%93%D7%9C%D7%9E%D7%9F-%D7%99%D7%A8%D7%95%D7%9F/,0,2,0,20
https://nad-lan.co.il/professionals/%D7%92%D7%A0%D7%99%D7%A0%D7%99-%D7%90%D7%9C%D7%99%D7%94%D7%95/,0,1,0,7
https://nad-lan.co.il/professionals/%D7%92%D7%A8%D7%91%D7%99-%D7%A8%D7%95%D7%91%D7%99-%D7%90%D7%9C%D7%99%D7%94/,0,4,0,15.25
https://nad-lan.co.il/professionals/%D7%92%D7%A8%D7%95%D7%91%D7%A8-%D7%9E%D7%A0%D7%97%D7%9D/,0,3,0,7.666666666666667
https://nad-lan.co.il/professionals/%D7%92%D7%A8%D7%95%D7%9B%D7%95%D7%91%D7%A1%D7%A7%D7%99-%D7%92%D7%99%D7%90/,0,3,0,2.666666666666667
https://nad-lan.co.il/professionals/%D7%92%D7%A8%D7%95%D7%A1-%D7%99%D7%95%D7%A8%D7%9D/,0,2,0,35.5
https://nad-lan.co.il/professionals/%D7%92%D7%A8%D7%99%D7%A0%D7%91%D7%A8%D7%92-%D7%A9%D7%A0%D7%99%D7%90%D7%95%D7%A8-%D7%96%D7%9C%D7%9E%D7%9F/,0,2,0,5.5
https://nad-lan.co.il/professionals/%D7%92%D7%A8%D7%99%D7%A0%D7%94%D7%95%D7%99%D7%96-%D7%92%D7%99%D7%90/,0,6,0,7.333333333333333
https://nad-lan.co.il/professionals/%D7%92%D7%A8%D7%99%D7%A0%D7%95%D7%95%D7%9C%D7%93-%D7%99%D7%95%D7%91%D7%9C/,0,1,0,5
https://nad-lan.co.il/professionals/%D7%92%D7%A8%D7%9E%D7%94-%D7%93%D7%A7%D7%9C/,0,5,0,12.8
https://nad-lan.co.il/professionals/%D7%92%D7%A8%D7%9E%D7%99-%D7%A0%D7%93%D7%91/,0,2,0,4.5
https://nad-lan.co.il/professionals/%D7%92%D7%A8%D7%A0%D7%95%D7%AA-%D7%A8%D7%95%D7%A0%D7%9F/,0,3,0,2.666666666666667
https://nad-lan.co.il/professionals/%D7%93%D7%90%D7%94%D7%A8-%D7%A8%D7%95%D7%92%D7%94/,0,4,0,9.75
https://nad-lan.co.il/professionals/%D7%93%D7%90%D7%95%D7%93-%D7%97%D7%95%D7%A1%D7%99%D7%99%D7%9F/,0,5,0,3.6
https://nad-lan.co.il/professionals/%D7%93%D7%91%D7%99-%D7%90%D7%9C%D7%99%D7%94%D7%95-%D7%A0%D7%99%D7%A8/,0,3,0,29.666666666666668
https://nad-lan.co.il/professionals/%D7%93%D7%91%D7%99-%D7%93%D7%A8%D7%95%D7%A8-%D7%92%D7%95%D7%9C%D7%9F/,0,4,0,11.5
https://nad-lan.co.il/professionals/%D7%93%D7%91%D7%A9-%D7%A2%D7%9E%D7%95%D7%A1/,0,2,0,20.5
https://nad-lan.co.il/professionals/%D7%93%D7%91-%D7%A0%D7%99%D7%A1%D7%99%D7%9D/,0,1,0,7
https://nad-lan.co.il/professionals/%D7%93%D7%92%D7%94-%D7%A2%D7%95%D7%91%D7%93%D7%99%D7%94/,0,7,0,3
https://nad-lan.co.il/professionals/%D7%93%D7%92%D7%9F-%D7%A2%D7%A8%D7%9F/,0,1,0,7
https://nad-lan.co.il/professionals/%D7%93%D7%92%D7%9F-%D7%A6%D7%91%D7%99/,0,2,0,8.5
https://nad-lan.co.il/professionals/%D7%93%D7%92%D7%A9-%D7%9E%D7%95%D7%97%D7%9E%D7%93-%D7%A0%D7%99%D7%9E%D7%A8/,0,1,0,6
https://nad-lan.co.il/professionals/%D7%93%D7%93%D7%95%D7%9F-%D7%9E%D7%90%D7%99%D7%A8-%D7%9E%D7%A8%D7%93%D7%9B%D7%99/,0,4,0,6.5
https://nad-lan.co.il/professionals/%D7%93%D7%93%D7%95%D7%A9-%D7%90%D7%91%D7%A8%D7%94%D7%9D/,0,1,0,6
https://nad-lan.co.il/professionals/%D7%93%D7%93%D7%95%D7%A9-%D7%99%D7%A6%D7%97%D7%A7/,0,1,0,5
https://nad-lan.co.il/professionals/%D7%93%D7%94%D7%90%D7%9E%D7%A9%D7%94-%D7%9E%D7%95%D7%97%D7%9E%D7%93/,0,5,0,7.2
https://nad-lan.co.il/professionals/%D7%93%D7%94%D7%90%D7%9E%D7%A9%D7%94-%D7%A0%D7%A1%D7%99%D7%9D/,0,2,0,18
https://nad-lan.co.il/professionals/%D7%93%D7%94%D7%9F-%D7%99%D7%A8%D7%95%D7%9F/,0,2,0,5
https://nad-lan.co.il/professionals/%D7%93%D7%94%D7%9F-%D7%9E%D7%A9%D7%94/,0,7,0,4.142857142857142
https://nad-lan.co.il/professionals/%D7%93%D7%94%D7%9F-%D7%A9%D7%9C%D7%9E%D7%94/,0,5,0,4.2
https://nad-lan.co.il/professionals/%D7%93%D7%94%D7%9F-%D7%A9%D7%9E%D7%A2%D7%95%D7%9F-2/,0,1,0,10
https://nad-lan.co.il/professionals/%D7%93%D7%94-%D7%A7%D7%95%D7%A1%D7%98%D7%94-%D7%90%D7%A8%D7%96/,0,1,0,3
https://nad-lan.co.il/professionals/%D7%93%D7%95%D7%93-%D7%99%D7%95%D7%A1%D7%A3/,0,2,0,5
https://nad-lan.co.il/professionals/%D7%93%D7%95%D7%99%D7%93%D7%99-%D7%99%D7%A9%D7%A8%D7%90%D7%9C/,0,2,0,13.5
https://nad-lan.co.il/professionals/%D7%93%D7%95%D7%9B%D7%90%D7%9F-%D7%99%D7%A6%D7%97%D7%A7/,0,1,0,29
https://nad-lan.co.il/professionals/%D7%93%D7%99%D7%93%D7%99-%D7%A8%D7%95%D7%A0%D7%9F/,0,1,0,1
https://nad-lan.co.il/professionals/%D7%93%D7%99%D7%95%D7%9C%D7%93-%D7%92%D7%99%D7%9C/,0,1,0,5
https://nad-lan.co.il/professionals/%D7%93%D7%99%D7%99%D7%9F-%D7%93%D7%95%D7%93/,0,1,0,10
https://nad-lan.co.il/professionals/%D7%93%D7%9B%D7%A0%D7%90%D7%A1-%D7%A2%D7%91%D7%93/,0,2,0,1
https://nad-lan.co.il/professionals/%D7%93%D7%9C%D7%9C-%D7%A2%D7%9E%D7%95%D7%A1/,0,3,0,3.3333333333333335
https://nad-lan.co.il/professionals/%D7%93%D7%9E%D7%90%D7%99%D7%95-%D7%90%D7%9C%D7%A2%D7%93/,0,1,0,10
https://nad-lan.co.il/professionals/%D7%93%D7%9E%D7%90%D7%A8%D7%99-%D7%A0%D7%99%D7%A8/,0,8,0,10.125
https://nad-lan.co.il/professionals/%D7%93%D7%A2%D7%90%D7%A1-%D7%90%D7%97%D7%9E%D7%93/,0,1,0,33
https://nad-lan.co.il/professionals/%D7%93%D7%A2%D7%90%D7%A1-%D7%A1%D7%90%D7%9E%D7%A1%D7%A8/,0,1,0,1
https://nad-lan.co.il/professionals/%D7%93%D7%A7%D7%9C-%D7%AA%D7%95%D7%9E%D7%A8/,0,8,0,6.375
https://nad-lan.co.il/professionals/%D7%93%D7%A8%D7%90%D7%95%D7%A9%D7%94-%D7%94%D7%A9%D7%90%D7%9D/,0,2,0,8
https://nad-lan.co.il/professionals/%D7%93%D7%A8%D7%90%D7%95%D7%A9%D7%94-%D7%98%D7%90%D7%A8%D7%A7/,0,3,0,4.666666666666666
https://nad-lan.co.il/professionals/%D7%93%D7%A8%D7%90%D7%95%D7%A9%D7%94-%D7%9E%D7%95%D7%97%D7%9E%D7%93/,0,3,0,7.333333333333333
https://nad-lan.co.il/professionals/%D7%93%D7%A8%D7%90%D7%95%D7%A9%D7%94-%D7%9E%D7%A9%D7%94%D7%95%D7%A8/,0,2,0,18
https://nad-lan.co.il/professionals/%D7%93%D7%A8%D7%95%D7%99%D7%A9-%D7%9E%D7%95%D7%97%D7%9E%D7%93/,0,2,0,2.5
https://nad-lan.co.il/professionals/%D7%93%D7%A8%D7%95%D7%A8%D7%99-%D7%A9%D7%9C%D7%95%D7%9D/,0,5,0,6
https://nad-lan.co.il/professionals/%D7%93%D7%A8%D7%95%D7%A8-%D7%99%D7%A2%D7%A7%D7%91/,0,2,0,4.5
https://nad-lan.co.il/professionals/%D7%93%D7%A8%D7%A2%D7%99-%D7%99%D7%95%D7%A8%D7%9D/,0,2,0,7
https://nad-lan.co.il/professionals/%D7%94%D7%91%D7%94%D7%99%D7%9C-%D7%A9%D7%9C%D7%9E%D7%94/,0,1,0,6
https://nad-lan.co.il/professionals/%D7%94%D7%95%D7%9B%D7%94%D7%95%D7%96%D7%A8-%D7%A8%D7%95%D7%A0%D7%9F/,0,1,0,8
https://nad-lan.co.il/professionals/%D7%94%D7%99%D7%99%D7%91-%D7%A2%D7%95%D7%9E%D7%A8/,0,1,0,9
https://nad-lan.co.il/professionals/%D7%94%D7%9C%D7%9E%D7%9F-%D7%99%D7%92%D7%90%D7%9C/,0,5,0,17.4
https://nad-lan.co.il/professionals/%D7%94%D7%9E%D7%90%D7%99%D7%A8%D7%99-%D7%9C%D7%99%D7%90%D7%95%D7%A8/,0,4,0,11
https://nad-lan.co.il/professionals/%D7%94%D7%A8%D7%95%D7%A9-%D7%9E%D7%A0%D7%97%D7%9D/,0,2,0,3.5
https://nad-lan.co.il/professionals/%D7%94%D7%A8%D7%99%D7%A1-%D7%A6%D7%91%D7%99/,0,1,0,2
https://nad-lan.co.il/professionals/%D7%94%D7%A8%D7%A4%D7%96-%D7%93%D7%A8%D7%95%D7%A8/,0,1,0,15
https://nad-lan.co.il/professionals/%D7%94%D7%A8%D7%A8%D7%99-%D7%A0%D7%A2%D7%9D/,0,2,0,16.5
https://nad-lan.co.il/professionals/%D7%95%D7%90%D7%A7%D7%A0%D7%99%D7%9F-%D7%90%D7%9C%D7%99/,0,2,0,9
https://nad-lan.co.il/professionals/%D7%95%D7%92%D7%9F-%D7%90%D7%91%D7%99/,0,1,0,5
https://nad-lan.co.il/professionals/%D7%95%D7%95%D7%A7%D7%A0%D7%99%D7%9F-%D7%90%D7%A8%D7%96/,0,2,0,5
https://nad-lan.co.il/professionals/%D7%95%D7%9C%D7%93%D7%99%D7%A1%D7%9C%D7%91%D7%A1%D7%A7%D7%99-%D7%90%D7%9C%D7%A2%D7%93/,0,4,0,4.5
https://nad-lan.co.il/professionals/%D7%95%D7%A1%D7%99%D7%9C%D7%99%D7%91%D7%A8-%D7%A8%D7%9F/,0,4,0,4.75
https://nad-lan.co.il/professionals/%D7%95%D7%A7%D7%A1%D7%9C%D7%A8-%D7%99%D7%A6%D7%97%D7%A7-%D7%A8%D7%9D/,0,1,0,3
https://nad-lan.co.il/professionals/%D7%95%D7%A8%D7%93%D7%99-%D7%90%D7%95%D7%A8%D7%9F/,0,2,0,6.5
https://nad-lan.co.il/professionals/%D7%95%D7%A8%D7%95%D7%9F-%D7%A2%D7%99%D7%93%D7%9F/,0,2,0,9
https://nad-lan.co.il/professionals/%D7%96%D7%90%D7%A0%D7%98%D7%A7%D7%A8%D7%9F-%D7%A9%D7%9E%D7%95%D7%90%D7%9C/,0,1,0,7
https://nad-lan.co.il/professionals/%D7%96%D7%91%D7%95%D7%9C%D7%95%D7%A0%D7%99-%D7%90%D7%9C%D7%99%D7%94%D7%95/,0,7,0,6.714285714285714
https://nad-lan.co.il/professionals/%D7%96%D7%94%D7%91%D7%99-%D7%9E%D7%90%D7%99%D7%A8/,0,1,0,4
https://nad-lan.co.il/professionals/%D7%96%D7%94%D7%A8-%D7%A1%D7%9E%D7%99%D7%A8/,0,1,0,2
https://nad-lan.co.il/professionals/%D7%96%D7%95%D7%A0%D7%93%D7%A8-%D7%A8%D7%9F/,0,1,0,2
https://nad-lan.co.il/professionals/%D7%96%D7%95%D7%A2%D7%91%D7%99-%D7%90%D7%97%D7%9E%D7%93-2/,0,1,0,2
https://nad-lan.co.il/professionals/%D7%96%D7%95%D7%A2%D7%91%D7%99-%D7%94%D7%90%D7%A0%D7%99/,0,1,0,1
https://nad-lan.co.il/professionals/%D7%96%D7%95%D7%A2%D7%91%D7%99-%D7%A1%D7%90%D7%9E%D7%A8/,0,2,0,18
https://nad-lan.co.il/professionals/%D7%96%D7%97%D7%90%D7%99%D7%A7%D7%94-%D7%99%D7%95%D7%A0%D7%A1/,0,1,0,8
https://nad-lan.co.il/professionals/%D7%96%D7%99%D7%93%D7%90%D7%9F-%D7%90%D7%91%D7%A8%D7%94%D7%9D/,0,1,0,1
https://nad-lan.co.il/professionals/%D7%96%D7%99%D7%93%D7%90%D7%9F-%D7%9E%D7%95%D7%97%D7%9E%D7%93/,0,2,0,8.5
https://nad-lan.co.il/professionals/%D7%96%D7%99%D7%9C%D7%91%D7%A8%D7%91%D7%A8%D7%92-%D7%92%D7%99%D7%9C/,0,3,0,8
https://nad-lan.co.il/professionals/%D7%96%D7%99%D7%9C%D7%91%D7%A8%D7%9E%D7%9F-%D7%99%D7%A6%D7%97%D7%A7/,0,2,0,11.5
https://nad-lan.co.il/professionals/%D7%96%D7%9B%D7%90%D7%99-%D7%92%D7%95%D7%9C%D7%9F/,0,1,0,7
https://nad-lan.co.il/professionals/%D7%96%D7%9B%D7%A8%D7%99%D7%94-%D7%90%D7%9E%D7%A0%D7%95%D7%9F/,0,1,0,8
https://nad-lan.co.il/professionals/%D7%96%D7%9C%D7%95%D7%98%D7%95%D7%9C%D7%95%D7%91-%D7%9E%D7%A9%D7%94/,0,5,0,13.4
https://nad-lan.co.il/professionals/%D7%96%D7%A7%D7%A1-%D7%90%D7%99%D7%9C%D7%9F/,0,1,0,10
https://nad-lan.co.il/professionals/%D7%96%D7%A8%D7%91%D7%9C-%D7%A2%D7%99%D7%A8%D7%9F/,0,1,0,4
https://nad-lan.co.il/professionals/%D7%96%D7%A8%D7%99%D7%A7%D7%90%D7%AA-%D7%A0%D7%99%D7%96%D7%90%D7%A8/,0,3,0,10
https://nad-lan.co.il/professionals/%D7%97%D7%90%D7%92%D7%99-%D7%99%D7%97%D7%99%D7%90/,0,1,0,9
https://nad-lan.co.il/professionals/%D7%97%D7%90%D7%92%D7%99-%D7%A0%D7%92%D7%99%D7%91/,0,1,0,17
https://nad-lan.co.il/professionals/%D7%97%D7%90%D7%92-%D7%99%D7%97%D7%99%D7%90-%D7%9E%D7%97%D7%9E%D7%95%D7%93/,0,2,0,27
https://nad-lan.co.il/professionals/%D7%97%D7%90%D7%92-%D7%99%D7%97%D7%99%D7%90-%D7%A2%D7%91%D7%93-%D7%90%D7%9C%D7%A8%D7%97%D7%99%D7%9D/,0,1,0,7
https://nad-lan.co.il/professionals/%D7%97%D7%90%D7%92-%D7%99%D7%97%D7%99%D7%90-%D7%A8%D7%90%D7%99%D7%93/,0,1,0,3
https://nad-lan.co.il/professionals/%D7%97%D7%90%D7%92-%D7%9E%D7%95%D7%97%D7%9E%D7%93-%D7%A0%D7%93%D7%90%D7%9C/,0,1,0,9
https://nad-lan.co.il/professionals/%D7%97%D7%90%D7%92-%D7%9E%D7%95%D7%97%D7%9E%D7%93/,0,1,0,1
https://nad-lan.co.il/professionals/%D7%97%D7%90%D7%9B%D7%95-%D7%9E%D7%95%D7%A1%D7%90/,0,3,0,6
https://nad-lan.co.il/professionals/%D7%97%D7%90%D7%A1%D7%99-%D7%97%D7%9C%D7%99%D7%9C/,0,1,0,5
https://nad-lan.co.il/professionals/%D7%97%D7%91%D7%99%D7%91-%D7%9B%D7%9E%D7%99%D7%9C/,0,1,0,11
https://nad-lan.co.il/professionals/%D7%97%D7%92%D7%90%D7%92-%D7%99%D7%A6%D7%97%D7%A7/,0,1,0,2
https://nad-lan.co.il/professionals/%D7%97%D7%92%D7%90%D7%96%D7%99-%D7%A2%D7%95%D7%9E%D7%A8/,0,3,0,2
https://nad-lan.co.il/professionals/%D7%97%D7%92%D7%91%D7%99-%D7%92%D7%99%D7%90/,0,2,0,5.5
https://nad-lan.co.il/professionals/%D7%97%D7%92%D7%92-%D7%A9%D7%99/,0,1,0,1
https://nad-lan.co.il/professionals/%D7%97%D7%92%D7%99-%D7%A2%D7%AA%D7%9E%D7%9F-%D7%A2%D7%A0%D7%9F/,0,1,0,6
https://nad-lan.co.il/professionals/%D7%97%D7%93%D7%90%D7%93-%D7%99%D7%95%D7%A1%D7%A3/,0,4,0,5.25
https://nad-lan.co.il/professionals/%D7%97%D7%93%D7%93-%D7%90%D7%9C%D7%95%D7%9F/,0,2,0,41.5
https://nad-lan.co.il/professionals/%D7%97%D7%93%D7%93-%D7%93%D7%91/,0,1,0,3
https://nad-lan.co.il/professionals/%D7%97%D7%93%D7%93-%D7%99%D7%92%D7%90%D7%9C/,0,2,0,4.5
https://nad-lan.co.il/professionals/%D7%97%D7%95%D7%90%D7%99%D7%98%D7%94-%D7%A2%D7%90%D7%9E%D7%A8/,0,1,0,7
https://nad-lan.co.il/professionals/%D7%97%D7%95%D7%90-%D7%A2%D7%9C%D7%90/,0,1,0,1
https://nad-lan.co.il/professionals/%D7%97%D7%95%D7%98%D7%91%D7%90-%D7%A1%D7%A2%D7%99%D7%93/,0,1,0,10
https://nad-lan.co.il/professionals/%D7%97%D7%95%D7%A1%D7%99%D7%99%D7%9F-%D7%A1%D7%90%D7%94%D7%A8/,0,2,0,7
https://nad-lan.co.il/professionals/%D7%97%D7%95%D7%A1%D7%99%D7%9F-%D7%90%D7%99%D7%90%D7%93/,0,3,0,1
https://nad-lan.co.il/professionals/%D7%97%D7%95%D7%A1%D7%99%D7%9F-%D7%94%D7%99%D7%AA%D7%9D/,0,1,0,10
https://nad-lan.co.il/professionals/%D7%97%D7%95%D7%A1%D7%99%D7%9F-%D7%97%D7%90%D7%9C%D7%93/,0,2,0,7
https://nad-lan.co.il/professionals/%D7%97%D7%95%D7%A1%D7%99%D7%9F-%D7%A0%D7%93%D7%90%D7%9C/,0,1,0,1
https://nad-lan.co.il/professionals/%D7%97%D7%95%D7%A8%D7%99-%D7%90%D7%91%D7%99%D7%94%D7%95-%D7%97%D7%99%D7%99%D7%9D/,0,1,0,2
https://nad-lan.co.il/professionals/%D7%97%D7%95%D7%A8%D7%99-%D7%97%D7%9C%D7%99%D7%9C/,0,2,0,8.5
https://nad-lan.co.il/professionals/%D7%97%D7%95%D7%A8%D7%A9-%D7%A9%D7%99/,0,2,0,7
https://nad-lan.co.il/professionals/%D7%97%D7%96%D7%99%D7%96%D7%94-%D7%99%D7%A6%D7%97%D7%A7-%D7%9E%D7%90%D7%99%D7%91/,0,1,0,1
https://nad-lan.co.il/professionals/%D7%97%D7%96%D7%99%D7%96%D7%94-%D7%99%D7%A6%D7%97%D7%A7-%D7%9E%D7%90%D7%99%D7%A8/,0,1,0,9
https://nad-lan.co.il/professionals/%D7%97%D7%96%D7%9F-%D7%90%D7%9C%D7%99/,0,2,0,4.5
https://nad-lan.co.il/professionals/%D7%97%D7%96%D7%9F-%D7%99%D7%95%D7%A1%D7%99/,0,5,0,8
https://nad-lan.co.il/professionals/%D7%97%D7%96%D7%9F-%D7%A8%D7%A4%D7%90%D7%9C/,0,3,0,2.666666666666667
https://nad-lan.co.il/professionals/%D7%97%D7%98%D7%99%D7%91-%D7%9E%D7%95%D7%A0%D7%99%D7%91/,0,2,0,3.5
https://nad-lan.co.il/professionals/%D7%97%D7%99%D7%95%D7%9F-%D7%93%D7%95%D7%93/,0,1,0,9
https://nad-lan.co.il/professionals/%D7%97%D7%99%D7%99%D7%9D-%D7%99%D7%A6%D7%97%D7%A7/,0,1,0,1
https://nad-lan.co.il/professionals/%D7%97%D7%99%D7%99%D7%9D-%D7%9E%D7%90%D7%99%D7%A8/,0,1,0,1
https://nad-lan.co.il/professionals/%D7%97%D7%99%D7%99%D7%9E%D7%95%D7%91%D7%A1%D7%A7%D7%99-%D7%93%D7%91/,0,3,0,3.3333333333333335
https://nad-lan.co.il/professionals/%D7%97%D7%99%D7%99%D7%9E%D7%95%D7%91-%D7%93%D7%95%D7%93/,0,1,0,5
https://nad-lan.co.il/professionals/%D7%97%D7%99%D7%A0%D7%90%D7%95%D7%99-%D7%94%D7%99%D7%9C%D7%90%D7%9C/,0,1,0,5
https://nad-lan.co.il/professionals/%D7%97%D7%99-%D7%99%D7%95%D7%A1%D7%99/,0,3,0,14.333333333333334
https://nad-lan.co.il/professionals/%D7%97%D7%9C%D7%91%D7%99-%D7%90%D7%99%D7%99%D7%9E%D7%9F/,0,1,0,6
https://nad-lan.co.il/professionals/%D7%97%D7%9C%D7%91%D7%99-%D7%A1%D7%9C%D7%99%D7%9E%D7%90%D7%9F/,0,1,0,6
https://nad-lan.co.il/professionals/%D7%97%D7%9C%D7%99%D7%97%D7%9C-%D7%92%D7%90%D7%A0%D7%9D/,0,1,0,5
https://nad-lan.co.il/professionals/%D7%97%D7%9C%D7%99%D7%97%D7%9C-%D7%9E%D7%95%D7%97%D7%9E%D7%93/,0,1,0,1
https://nad-lan.co.il/professionals/%D7%97%D7%9C%D7%99%D7%9C%D7%99%D7%94-%D7%90%D7%97%D7%9E%D7%93-%D7%A9%D7%A8%D7%99%D7%A3/,0,8,0,4.375
https://nad-lan.co.il/professionals/%D7%97%D7%9C%D7%99%D7%9C%D7%99%D7%94-%D7%A2%D7%90%D7%9E%D7%A8/,0,3,0,9.333333333333334
https://nad-lan.co.il/professionals/%D7%97%D7%9C%D7%A4%D7%95%D7%9F-%D7%90%D7%99%D7%AA%D7%9F/,0,2,0,11.5
https://nad-lan.co.il/professionals/%D7%97%D7%9E%D7%90%D7%99%D7%A1%D7%99-%D7%94%D7%99%D7%A9%D7%90%D7%9D/,0,1,0,8
https://nad-lan.co.il/professionals/%D7%97%D7%9E%D7%90%D7%AA%D7%99-%D7%90%D7%A0%D7%98%D7%95%D7%9F/,0,1,0,6
https://nad-lan.co.il/professionals/%D7%97%D7%9E%D7%9E%D7%99-%D7%A2%D7%96%D7%A8%D7%90/,0,11,0,13
https://nad-lan.co.il/professionals/%D7%97%D7%9F-%D7%90%D7%95%D7%A8%D7%9F/,0,2,0,8
https://nad-lan.co.il/professionals/%D7%97%D7%9F-%D7%A9%D7%9E%D7%95%D7%90%D7%9C/,0,6,0,19.666666666666668
https://nad-lan.co.il/professionals/%D7%97%D7%A1%D7%99%D7%9F-%D7%93%D7%95%D7%93/,0,3,0,4.666666666666666
https://nad-lan.co.il/professionals/%D7%97%D7%A1%D7%9F-%D7%97%D7%90%D7%92%D7%99-%D7%A0%D7%99%D7%96%D7%90%D7%A8/,0,1,0,2
https://nad-lan.co.il/professionals/%D7%97%D7%A1%D7%9F-%D7%9E%D7%A9%D7%94/,0,6,0,9
https://nad-lan.co.il/professionals/%D7%97%D7%A1%D7%9F-%D7%A2%D7%95%D7%9E%D7%A8/,0,3,0,17.333333333333332
https://nad-lan.co.il/professionals/%D7%97%D7%A1%D7%9F-%D7%A8%D7%A4%D7%90%D7%9C/,0,1,0,10
https://nad-lan.co.il/professionals/%D7%97%D7%A4%D7%A5-%D7%99%D7%90%D7%99%D7%A8/,0,1,0,2
https://nad-lan.co.il/professionals/%D7%97%D7%A6%D7%95%D7%A8-%D7%90%D7%91%D7%A0%D7%A8/,0,3,0,9
https://nad-lan.co.il/professionals/%D7%97%D7%A8%D7%99%D7%96%D7%99-%D7%92%D7%95%D7%9E%D7%A2%D7%94/,0,1,0,2
https://nad-lan.co.il/professionals/%D7%98%D7%90%D7%94%D7%90-%D7%90%D7%9E%D7%99%D7%9F-2/,0,6,0,12.166666666666666
https://nad-lan.co.il/professionals/%D7%98%D7%90%D7%94%D7%90-%D7%9E%D7%90%D7%94%D7%9C/,0,1,0,7
https://nad-lan.co.il/professionals/%D7%98%D7%90%D7%95%D7%91%D7%A8-%D7%A8%D7%95%D7%AA%D7%9D/,0,2,0,15
https://nad-lan.co.il/professionals/%D7%98%D7%91%D7%95%D7%9C-%D7%A9%D7%9E%D7%A2%D7%95%D7%9F/,0,2,0,6.5
https://nad-lan.co.il/professionals/%D7%98%D7%94%D7%91%D7%A9-%D7%A2%D7%95%D7%A4%D7%A8/,0,1,0,5
https://nad-lan.co.il/professionals/%D7%98%D7%94%D7%94-%D7%95%D7%94%D7%91%D7%99/,0,15,0,3.533333333333333
https://nad-lan.co.il/professionals/%D7%98%D7%95%D7%91%D7%95%D7%9C-%D7%90%D7%91%D7%99/,0,10,0,4.5
https://nad-lan.co.il/professionals/%D7%98%D7%95%D7%91%D7%99%D7%9D-%D7%A9%D7%9C%D7%95%D7%9E%D7%99/,0,1,0,4
https://nad-lan.co.il/professionals/%D7%98%D7%95%D7%91%D7%99-%D7%90%D7%91%D7%99%D7%94%D7%95/,0,4,0,7
https://nad-lan.co.il/professionals/%D7%98%D7%95%D7%91%D7%9C-%D7%92%D7%99%D7%9C/,0,1,0,3
https://nad-lan.co.il/professionals/%D7%98%D7%95%D7%99%D7%9C-%D7%A0%D7%91%D7%94%D7%90%D7%9F/,0,1,0,42
https://nad-lan.co.il/professionals/%D7%98%D7%95%D7%9C%D7%93%D7%95-%D7%A9%D7%9C%D7%95%D7%9E%D7%95/,0,1,0,4
https://nad-lan.co.il/professionals/%D7%98%D7%95%D7%9C%D7%93%D7%95-%D7%A9%D7%9C%D7%95%D7%9E%D7%99/,0,2,0,5.5
https://nad-lan.co.il/professionals/%D7%98%D7%95%D7%A8%D7%98%D7%9F-%D7%98%D7%9C/,0,5,0,5.8
https://nad-lan.co.il/professionals/%D7%98%D7%95%D7%A8%D7%9D-%D7%90%D7%91%D7%A0%D7%A8/,0,1,0,1
https://nad-lan.co.il/professionals/%D7%98%D7%99%D7%91%D7%99-%D7%9C%D7%99%D7%90%D7%95%D7%A8-%D7%A0%D7%AA%D7%9F/,0,4,0,4.75
https://nad-lan.co.il/professionals/%D7%98%D7%9C-%D7%93%D7%A0%D7%99%D7%90%D7%9C/,0,2,0,8.5
https://nad-lan.co.il/professionals/%D7%98%D7%9C-%D7%A6%D7%91%D7%99-%D7%99%D7%95%D7%A1%D7%A3-%D7%90%D7%A9%D7%A8/,0,5,0,3
https://nad-lan.co.il/professionals/%D7%98%D7%A8%D7%91%D7%99%D7%94-%D7%9E%D7%A8%D7%A2%D7%99/,0,2,0,1.5
https://nad-lan.co.il/professionals/%D7%99%D7%90%D7%99%D7%A8-%D7%9C%D7%99%D7%90%D7%95%D7%A8/,0,3,0,22
https://nad-lan.co.il/professionals/%D7%99%D7%90%D7%99%D7%A8-%D7%A9%D7%9C%D7%90%D7%91/,0,19,0,9.210526315789474
https://nad-lan.co.il/professionals/%D7%99%D7%94%D7%91-%D7%A0%D7%AA%D7%A0%D7%90%D7%9C/,0,1,0,10
https://nad-lan.co.il/professionals/%D7%99%D7%94%D7%95%D7%93%D7%94-%D7%9C%D7%99%D7%90%D7%95%D7%A8/,0,8,0,2.75
https://nad-lan.co.il/professionals/%D7%99%D7%94%D7%95%D7%93%D7%94-%D7%A2%D7%9E%D7%99%D7%90%D7%9C/,0,8,0,5.25
https://nad-lan.co.il/professionals/%D7%99%D7%95%D7%92%D7%91-%D7%A6%D7%91%D7%99/,0,2,0,7.5
https://nad-lan.co.il/professionals/%D7%99%D7%95%D7%A0%D7%94-%D7%90%D7%99%D7%9C%D7%9F/,0,7,0,6.428571428571429
https://nad-lan.co.il/professionals/%D7%99%D7%95%D7%A0%D7%94-%D7%99%D7%95%D7%A1%D7%A3/,0,2,0,2
https://nad-lan.co.il/professionals/%D7%99%D7%95%D7%A1%D7%A3-%D7%A8%D7%95%D7%9F/,0,4,0,5.75
https://nad-lan.co.il/professionals/%D7%99%D7%95%D7%A1%D7%A3-%D7%A8%D7%95%D7%A2%D7%99/,0,1,0,4
https://nad-lan.co.il/professionals/%D7%99%D7%97%D7%96%D7%A7%D7%90%D7%9C-%D7%99%D7%A2%D7%A7%D7%91/,0,1,0,1
https://nad-lan.co.il/professionals/%D7%99%D7%97%D7%99%D7%90%D7%9C-%D7%90%D7%9C%D7%99%D7%94%D7%95/,0,1,0,7
https://nad-lan.co.il/professionals/%D7%99%D7%9E%D7%99%D7%A0%D7%99-%D7%A6%D7%97%D7%99/,0,14,0,8.857142857142858
https://nad-lan.co.il/professionals/%D7%99%D7%A0%D7%90%D7%99-%D7%97%D7%A0%D7%9F/,0,3,0,9.666666666666666
https://nad-lan.co.il/professionals/%D7%99%D7%A1%D7%A2%D7%95%D7%A8-%D7%92%D7%93%D7%99/,0,4,0,14.25
https://nad-lan.co.il/professionals/%D7%99%D7%A2%D7%A7%D7%91%D7%99-%D7%93%D7%95%D7%93/,0,1,0,3
https://nad-lan.co.il/professionals/%D7%99%D7%A2%D7%A7%D7%91-%D7%93%D7%A8%D7%95%D7%A8/,0,11,0,6.545454545454546
https://nad-lan.co.il/professionals/%D7%99%D7%A2%D7%A7%D7%95%D7%91%D7%95%D7%91-%D7%9E%D7%99%D7%9B%D7%90%D7%9C/,0,1,0,3
https://nad-lan.co.il/professionals/%D7%99%D7%A2%D7%A7%D7%95%D7%91%D7%99-%D7%90%D7%9C%D7%99-%D7%90%D7%9C%D7%A2%D7%96%D7%A8/,0,1,0,6
https://nad-lan.co.il/professionals/%D7%99%D7%A4%D7%94-%D7%91%D7%95%D7%A2%D7%96-%D7%99%D7%94%D7%95%D7%93%D7%94/,0,1,0,10
https://nad-lan.co.il/professionals/%D7%99%D7%A4%D7%A8%D7%97-%D7%99%D7%90%D7%99%D7%A8/,0,7,0,18.714285714285715
https://nad-lan.co.il/professionals/%D7%99%D7%A4%D7%AA-%D7%90%D7%9C%D7%9E%D7%95%D7%92/,0,2,0,5.5
https://nad-lan.co.il/professionals/%D7%99%D7%A6%D7%97%D7%A7%D7%99%D7%90%D7%9F-%D7%90%D7%95%D7%A8%D7%9F/,0,2,0,8.5
https://nad-lan.co.il/professionals/%D7%99%D7%A6%D7%97%D7%A7-%D7%99%D7%A0%D7%99%D7%91/,0,2,0,4.5
https://nad-lan.co.il/professionals/%D7%99%D7%A6%D7%97%D7%A7-%D7%9E%D7%90%D7%95%D7%A8/,0,1,0,10
https://nad-lan.co.il/professionals/%D7%99%D7%A6%D7%97%D7%A7-%D7%A4%D7%99%D7%A8%D7%9E%D7%94/,0,1,0,2
https://nad-lan.co.il/professionals/%D7%99%D7%A9%D7%99-%D7%96%D7%99%D7%95/,0,10,0,5.9
https://nad-lan.co.il/professionals/%D7%99%D7%A9%D7%A8%D7%90%D7%9C-%D7%99%D7%95%D7%90%D7%9C/,0,1,0,1
https://nad-lan.co.il/professionals/%D7%99%D7%A9%D7%A8%D7%90%D7%9C-%D7%9E%D7%A9%D7%94/,0,6,0,23
https://nad-lan.co.il/professionals/%D7%99%D7%A9%D7%A8-%D7%A8%D7%9F-%D7%9E%D7%90%D7%99%D7%A8/,0,1,0,3
https://nad-lan.co.il/professionals/%D7%9B%D7%91%D7%94%D7%90-%D7%9E%D7%95%D7%A0%D7%92%D7%93/,0,1,0,5
https://nad-lan.co.il/professionals/%D7%9B%D7%93%D7%95%D7%A8%D7%99-%D7%A2%D7%95%D7%91%D7%93/,0,1,0,6
https://nad-lan.co.il/professionals/%D7%9B%D7%94%D7%9F-%D7%90%D7%91%D7%A8%D7%94%D7%9D-3/,0,1,0,5
https://nad-lan.co.il/professionals/%D7%9B%D7%94%D7%9F-%D7%90%D7%93%D7%9E%D7%95%D7%A0%D7%93/,0,2,0,6.5
https://nad-lan.co.il/professionals/%D7%9B%D7%94%D7%9F-%D7%90%D7%99%D7%99%D7%9C/,0,1,0,10
https://nad-lan.co.il/professionals/%D7%9B%D7%94%D7%9F-%D7%90%D7%99%D7%AA%D7%9F/,0,1,0,1
https://nad-lan.co.il/professionals/%D7%9B%D7%94%D7%9F-%D7%90%D7%9C%D7%99%D7%94%D7%95/,0,1,0,5
https://nad-lan.co.il/professionals/%D7%9B%D7%94%D7%9F-%D7%90%D7%9C%D7%99%D7%A2%D7%96%D7%A8-2/,0,2,0,9.5
https://nad-lan.co.il/professionals/%D7%9B%D7%94%D7%9F-%D7%90%D7%9E%D7%91%D7%9C%D7%95-%D7%A8%D7%95%D7%91%D7%A8%D7%98/,0,7,0,4.714285714285714
https://nad-lan.co.il/professionals/%D7%9B%D7%94%D7%9F-%D7%90%D7%A8%D7%99%D7%94-%D7%91%D7%A0%D7%99%D7%9E%D7%99%D7%9F/,0,1,0,12
https://nad-lan.co.il/professionals/%D7%9B%D7%94%D7%9F-%D7%91%D7%A0%D7%99/,0,4,0,13.75
https://nad-lan.co.il/professionals/%D7%9B%D7%94%D7%9F-%D7%99%D7%A2%D7%A7%D7%91/,0,2,0,7.5
https://nad-lan.co.il/professionals/%D7%9B%D7%94%D7%9F-%D7%99%D7%A6%D7%97%D7%A7-3/,0,7,0,8.142857142857142
https://nad-lan.co.il/professionals/%D7%9B%D7%94%D7%9F-%D7%9E%D7%A8%D7%93%D7%9B%D7%99/,0,1,0,4
https://nad-lan.co.il/professionals/%D7%9B%D7%94%D7%9F-%D7%A0%D7%99%D7%A1%D7%99%D7%9D/,0,1,0,1
https://nad-lan.co.il/professionals/%D7%9B%D7%94%D7%9F-%D7%A4%D7%A0%D7%97%D7%A1/,0,1,0,1
https://nad-lan.co.il/professionals/%D7%9B%D7%94%D7%9F-%D7%A9%D7%95%D7%A8-%D7%90%D7%99%D7%99%D7%9C/,0,3,0,3.6666666666666665
https://nad-lan.co.il/professionals/%D7%9B%D7%94%D7%9F-%D7%AA%D7%95%D7%9E%D7%A8/,0,8,0,8.5
https://nad-lan.co.il/professionals/%D7%9B%D7%97%D7%99%D7%9C%D7%94-%D7%A6%D7%97%D7%99/,0,6,0,16.333333333333336
https://nad-lan.co.il/professionals/%D7%9B%D7%97%D7%9C%D7%95%D7%9F-%D7%90%D7%A8%D7%96/,0,5,0,5.6
https://nad-lan.co.il/professionals/%D7%9B%D7%99%D7%90%D7%9C-%D7%A2%D7%91%D7%93-%D7%90%D7%9C-%D7%9B%D7%A8%D7%99%D7%9D/,0,2,0,10
https://nad-lan.co.il/professionals/%D7%9B%D7%99%D7%9C%D7%90%D7%A0%D7%99-%D7%9E%D7%97%D7%9E%D7%95%D7%93/,0,1,0,6
https://nad-lan.co.il/professionals/%D7%9B%D7%A0%D7%A2%D7%90%D7%9F-%D7%A1%D7%95%D7%9C%D7%99%D7%9E%D7%90%D7%9F/,0,2,0,3
https://nad-lan.co.il/professionals/%D7%9B%D7%A2%D7%91%D7%99%D7%94-%D7%A2%D7%90%D7%93%D7%9C/,0,1,0,7
https://nad-lan.co.il/professionals/%D7%9C%D7%91%D7%99%D7%90-%D7%A6%D7%99%D7%95%D7%9F/,0,2,0,7
https://nad-lan.co.il/professionals/%D7%9C%D7%91-%D7%90%D7%91%D7%99/,0,1,0,13
https://nad-lan.co.il/professionals/%D7%9C%D7%93%D7%90%D7%95%D7%99-%D7%9E%D7%95%D7%97%D7%9E%D7%93/,0,1,0,6
https://nad-lan.co.il/professionals/%D7%9C%D7%95%D7%92%D7%A1%D7%99-%D7%9E%D7%A7%D7%A1%D7%99%D7%9D/,0,1,0,6
https://nad-lan.co.il/professionals/%D7%9C%D7%95%D7%99%D7%A0%D7%A9%D7%98%D7%99%D7%99%D7%9F-%D7%A8%D7%95%D7%9F/,0,2,0,6
https://nad-lan.co.il/professionals/%D7%9C%D7%95%D7%99-%D7%93%D7%95%D7%93/,0,1,0,6
https://nad-lan.co.il/professionals/%D7%9C%D7%95%D7%99-%D7%93%D7%A0%D7%99%D7%90%D7%9C/,0,6,0,5.833333333333333
https://nad-lan.co.il/professionals/%D7%9C%D7%95%D7%99-%D7%99%D7%94%D7%95%D7%A9%D7%95%D7%A2/,0,2,0,10.5
https://nad-lan.co.il/professionals/%D7%9C%D7%95%D7%99-%D7%99%D7%95%D7%A1%D7%A3/,0,2,0,41
https://nad-lan.co.il/professionals/%D7%9C%D7%95%D7%99-%D7%99%D7%A2%D7%A7%D7%91/,0,1,0,11
https://nad-lan.co.il/professionals/%D7%9C%D7%95%D7%99-%D7%A8%D7%95%D7%A0%D7%9F/,0,3,0,8
https://nad-lan.co.il/professionals/%D7%9C%D7%95%D7%99-%D7%A9%D7%9C%D7%95%D7%9E%D7%99/,0,1,0,8
https://nad-lan.co.il/professionals/%D7%9C%D7%95%D7%9E%D7%94%D7%95%D7%9C%D7%98-%D7%9C%D7%95%D7%99-%D7%A2%D7%99%D7%93%D7%95/,0,3,0,7.666666666666667
https://nad-lan.co.il/professionals/%D7%9C%D7%96%D7%A8%D7%95%D7%A1-%D7%90%D7%9C%D7%99%D7%A2%D7%96%D7%A8/,0,1,0,12
https://nad-lan.co.il/professionals/%D7%9C%D7%96%D7%A8%D7%99%D7%90%D7%9F-%D7%99%D7%90%D7%99%D7%A8/,0,1,0,6
https://nad-lan.co.il/professionals/%D7%9C%D7%99%D7%90%D7%95%D7%A8-%D7%9E%D7%AA%D7%A0%D7%99%D7%94-%D7%9E%D7%A9%D7%94/,0,3,0,3.3333333333333335
https://nad-lan.co.il/professionals/%D7%9C%D7%99%D7%91%D7%94%D7%A3-%D7%92%D7%A4%D7%A8%D7%99-%D7%9E%D7%A8%D7%A7/,0,1,0,9
https://nad-lan.co.il/professionals/%D7%9C%D7%99%D7%91%D7%95%D7%91%D7%99%D7%A5-%D7%92%D7%99%D7%90/,0,2,0,4
https://nad-lan.co.il/professionals/%D7%9C%D7%99%D7%A1-%D7%A9%D7%A8%D7%95%D7%9C%D7%99%D7%A7/,0,1,0,6
https://nad-lan.co.il/professionals/%D7%9C%D7%99%D7%A9%D7%90%D7%95%D7%A8-%D7%92%D7%99%D7%9C/,0,8,0,3.75
https://nad-lan.co.il/professionals/%D7%9C%D7%99%D7%A9%D7%A2-%D7%A9%D7%A8%D7%95%D7%9F/,0,5,0,4
https://nad-lan.co.il/professionals/%D7%9C%D7%A0%D7%92%D7%94%D7%9D-%D7%A0%D7%A2%D7%9D/,0,6,0,10
https://nad-lan.co.il/professionals/%D7%9C%D7%A0%D7%A7%D7%A8%D7%99-%D7%A8%D7%A4%D7%99/,0,1,0,37
https://nad-lan.co.il/professionals/%D7%9E%D7%90%D7%99%D7%A8-%D7%91%D7%95%D7%92%D7%95%D7%90%D7%9C%D7%99/,0,2,0,6.5
https://nad-lan.co.il/professionals/%D7%9E%D7%92%D7%90%D7%A8%D7%91%D7%94-%D7%90%D7%9E%D7%92%D7%93/,0,3,0,28.666666666666668
https://nad-lan.co.il/professionals/%D7%9E%D7%93%D7%99%D7%A0%D7%94-%D7%90%D7%A8%D7%96/,0,1,0,4
https://nad-lan.co.il/professionals/%D7%9E%D7%93%D7%9E%D7%95%D7%A0%D7%99-%D7%A9%D7%9C%D7%95%D7%9D/,0,1,0,2
https://nad-lan.co.il/professionals/%D7%9E%D7%95%D7%90%D7%A1%D7%99-%D7%9E%D7%A8%D7%95%D7%90%D7%9F/,0,1,0,5
https://nad-lan.co.il/professionals/%D7%9E%D7%95%D7%95%D7%90%D7%A1%D7%99-%D7%97%D7%95%D7%A1%D7%90%D7%9D/,0,1,0,17
https://nad-lan.co.il/professionals/%D7%9E%D7%95%D7%96%D7%9C%D7%91%D7%98-%D7%A1%D7%97%D7%90/,0,1,0,19
https://nad-lan.co.il/professionals/%D7%9E%D7%95%D7%96%D7%9C%D7%91%D7%98-%D7%A8%D7%91%D7%99%D7%A2/,0,3,0,6.666666666666667
https://nad-lan.co.il/professionals/%D7%9E%D7%95%D7%98%D7%90%D7%93%D7%94-%D7%97%D7%99%D7%99%D7%9D/,0,1,0,4
https://nad-lan.co.il/professionals/%D7%9E%D7%95%D7%99%D7%90%D7%9C-%D7%97%D7%99%D7%99%D7%9D/,0,2,0,8
https://nad-lan.co.il/professionals/%D7%9E%D7%95%D7%99%D7%90%D7%9C-%D7%9E%D7%A9%D7%94/,0,1,0,3
https://nad-lan.co.il/professionals/%D7%9E%D7%95%D7%9C%D7%90-%D7%9E%D7%92%D7%93/,0,5,0,8.6
https://nad-lan.co.il/professionals/%D7%9E%D7%95%D7%A1%D7%90-%D7%9E%D7%90%D7%9E%D7%95%D7%9F/,0,1,0,9
https://nad-lan.co.il/professionals/%D7%9E%D7%95%D7%A2%D7%9C%D7%9D-%D7%A8%D7%95%D7%A0%D7%9F/,0,6,0,9.166666666666666
https://nad-lan.co.il/professionals/%D7%9E%D7%95%D7%A8%D7%93%D7%95-%D7%9E%D7%A9%D7%94/,0,2,0,3.5
https://nad-lan.co.il/professionals/%D7%9E%D7%95%D7%A8-%D7%97%D7%99%D7%99%D7%9D-%D7%A9%D7%9E%D7%95%D7%90%D7%9C/,0,2,0,6
https://nad-lan.co.il/professionals/%D7%9E%D7%95%D7%A8-%D7%99%D7%95%D7%A1%D7%A3-%D7%91%D7%A8%D7%95%D7%9A/,0,6,0,8.333333333333332
https://nad-lan.co.il/professionals/%D7%9E%D7%95%D7%A9%D7%A7%D7%95%D7%91%D7%99%D7%A5-%D7%99%D7%A2%D7%A7%D7%91/,0,1,0,28
https://nad-lan.co.il/professionals/%D7%9E%D7%96%D7%95%D7%96-%D7%A2%D7%9E%D7%95%D7%A1/,0,5,0,5.4
https://nad-lan.co.il/professionals/%D7%9E%D7%96%D7%A8%D7%97%D7%99-%D7%90%D7%99%D7%9C%D7%9F-2/,0,1,0,31
https://nad-lan.co.il/professionals/%D7%9E%D7%96%D7%A8%D7%97%D7%99-%D7%90%D7%9C%D7%95%D7%9F/,0,1,0,2
https://nad-lan.co.il/professionals/%D7%9E%D7%96%D7%A8%D7%97%D7%99-%D7%93%D7%95%D7%93-2/,0,3,0,34.333333333333336
https://nad-lan.co.il/professionals/%D7%9E%D7%96%D7%A8%D7%97%D7%99-%D7%A2%D7%95%D7%96/,0,1,0,6
https://nad-lan.co.il/professionals/%D7%9E%D7%96%D7%A8%D7%97%D7%99-%D7%A7%D7%95%D7%91%D7%99/,0,4,0,13.75
https://nad-lan.co.il/professionals/%D7%9E%D7%96%D7%A8%D7%97%D7%99-%D7%A9%D7%9E%D7%95%D7%90%D7%9C/,0,1,0,6
https://nad-lan.co.il/professionals/%D7%9E%D7%96%D7%A8-%D7%99%D7%A0%D7%99%D7%91/,0,1,0,1
https://nad-lan.co.il/professionals/%D7%9E%D7%97%D7%90%D7%92%D7%A0%D7%94-%D7%A0%D7%92%D7%90%D7%A8/,0,1,0,9
https://nad-lan.co.il/professionals/%D7%9E%D7%97%D7%90%D7%92%D7%A0%D7%94-%D7%A4%D7%90%D7%A8%D7%A1/,0,2,0,7
https://nad-lan.co.il/professionals/%D7%9E%D7%97%D7%90%D7%9E%D7%93-%D7%A0%D7%91%D7%99%D7%9C/,0,2,0,1
https://nad-lan.co.il/professionals/%D7%9E%D7%97%D7%90%D7%9E%D7%99%D7%93-%D7%90%D7%91%D7%A8%D7%94%D7%99%D7%9D/,0,6,0,10.333333333333334
https://nad-lan.co.il/professionals/%D7%9E%D7%97%D7%90%D7%9E%D7%99%D7%93-%D7%90%D7%97%D7%9E%D7%93/,0,10,0,7.5
https://nad-lan.co.il/professionals/%D7%9E%D7%97%D7%90%D7%9E%D7%99%D7%93-%D7%90%D7%99%D7%9E%D7%9F-2/,0,10,0,8.3
https://nad-lan.co.il/professionals/%D7%9E%D7%97%D7%90%D7%9E%D7%99%D7%93-%D7%90%D7%99%D7%9E%D7%9F/,0,7,0,5.857142857142857
https://nad-lan.co.il/professionals/%D7%9E%D7%97%D7%90%D7%9E%D7%99%D7%93-%D7%90%D7%A9%D7%98%D7%A8/,0,1,0,5
https://nad-lan.co.il/professionals/%D7%9E%D7%97%D7%90%D7%9E%D7%99%D7%93-%D7%91%D7%90%D7%A1%D7%9D/,0,1,0,5
https://nad-lan.co.il/professionals/%D7%9E%D7%97%D7%90%D7%9E%D7%99%D7%93-%D7%97%D7%90%D7%9C%D7%93/,0,1,0,1
https://nad-lan.co.il/professionals/%D7%9E%D7%97%D7%90%D7%9E%D7%99%D7%93-%D7%9E%D7%95%D7%90%D7%99%D7%93/,0,3,0,9.666666666666666
https://nad-lan.co.il/professionals/%D7%9E%D7%97%D7%90%D7%9E%D7%99%D7%93-%D7%9E%D7%95%D7%97%D7%9E%D7%93-2/,0,1,0,5
https://nad-lan.co.il/professionals/%D7%9E%D7%97%D7%90%D7%9E%D7%99%D7%93-%D7%9E%D7%95%D7%97%D7%9E%D7%93-4/,0,2,0,8
https://nad-lan.co.il/professionals/%D7%9E%D7%97%D7%90%D7%9E%D7%99%D7%93-%D7%9E%D7%95%D7%97%D7%9E%D7%93/,0,2,0,5.5
https://nad-lan.co.il/professionals/%D7%9E%D7%97%D7%90%D7%9E%D7%99%D7%93-%D7%9E%D7%95%D7%A1%D7%98%D7%A4%D7%90/,0,2,0,5.5
https://nad-lan.co.il/professionals/%D7%9E%D7%97%D7%90%D7%9E%D7%99%D7%93-%D7%A0%D7%91%D7%99%D7%9C/,0,6,0,6
https://nad-lan.co.il/professionals/%D7%9E%D7%97%D7%90%D7%9E%D7%99%D7%93-%D7%A1%D7%90%D7%9C%D7%97/,0,2,0,7
https://nad-lan.co.il/professionals/%D7%9E%D7%97%D7%90%D7%9E%D7%99%D7%93-%D7%A1%D7%9E%D7%99%D7%A8-%D7%90%D7%97%D7%9E%D7%93/,0,3,0,5.333333333333333
https://nad-lan.co.il/professionals/%D7%9E%D7%97%D7%90%D7%9E%D7%99%D7%93-%D7%A1%D7%9E%D7%99%D7%A8/,0,4,0,6
https://nad-lan.co.il/professionals/%D7%9E%D7%97%D7%90%D7%9E%D7%99%D7%93-%D7%A2%D7%91%D7%93/,0,8,0,1.875
https://nad-lan.co.il/professionals/%D7%9E%D7%97%D7%9E%D7%99%D7%93-%D7%90%D7%99%D7%90%D7%93/,0,3,0,12
https://nad-lan.co.il/professionals/%D7%9E%D7%99%D7%92%D7%A8%D7%A1-%D7%99%D7%94%D7%95%D7%93%D7%94/,0,1,0,9
https://nad-lan.co.il/professionals/%D7%9E%D7%99%D7%9B%D7%90%D7%9C%D7%99-%D7%9E%D7%99%D7%9B%D7%90%D7%9C/,0,1,0,6
https://nad-lan.co.il/professionals/%D7%9E%D7%99%D7%9B%D7%90%D7%9C-%D7%90%D7%A1%D7%99/,0,4,0,5.75
https://nad-lan.co.il/professionals/%D7%9E%D7%99%D7%9C%D7%95%D7%90-%D7%A9%D7%97%D7%A8/,0,1,0,10
https://nad-lan.co.il/professionals/%D7%9E%D7%99%D7%A2%D7%90%D7%A8%D7%99-%D7%A0%D7%96%D7%99%D7%94/,0,2,0,7.5
https://nad-lan.co.il/professionals/%D7%9E%D7%99%D7%A9%D7%92%D7%91%D7%99-%D7%90%D7%A4%D7%A8%D7%99%D7%99%D7%9D/,0,2,0,4.5
https://nad-lan.co.il/professionals/%D7%9E%D7%9B%D7%90%D7%A8-%D7%A1%D7%90%D7%9B%D7%A8/,0,1,0,9
https://nad-lan.co.il/professionals/%D7%9E%D7%9B%D7%9C%D7%95%D7%A3-%D7%97%D7%99%D7%99%D7%9D/,0,5,0,8.6
https://nad-lan.co.il/professionals/%D7%9E%D7%9C%D7%98%D7%99%D7%A0%D7%A1%D7%A7%D7%99-%D7%93%D7%95%D7%A8%D7%95%D7%9F/,0,2,0,3.5
https://nad-lan.co.il/professionals/%D7%9E%D7%9C%D7%99%D7%97%D7%99-%D7%92%D7%93-%D7%A0%D7%AA%D7%A0%D7%90%D7%9C/,0,2,0,11
https://nad-lan.co.il/professionals/%D7%9E%D7%9C%D7%9B%D7%94-%D7%90%D7%91%D7%A8%D7%94%D7%9D/,0,4,0,5
https://nad-lan.co.il/professionals/%D7%9E%D7%9C%D7%9B%D7%94-%D7%99%D7%A6%D7%97%D7%A7/,0,1,0,8
https://nad-lan.co.il/professionals/%D7%9E%D7%9C%D7%9B%D7%94-%D7%99%D7%A9%D7%99/,0,1,0,10
https://nad-lan.co.il/professionals/%D7%9E%D7%9C%D7%9B%D7%94-%D7%9E%D7%90%D7%99%D7%A8-2/,0,6,0,3.6666666666666665
https://nad-lan.co.il/professionals/%D7%9E%D7%9C%D7%A8-%D7%90%D7%A4%D7%A8%D7%99%D7%9D/,0,1,0,6
https://nad-lan.co.il/professionals/%D7%9E%D7%9E%D7%9F-%D7%93%D7%95%D7%93/,0,1,0,2
https://nad-lan.co.il/professionals/%D7%9E%D7%A0%D7%90%D7%A1%D7%A8%D7%94-%D7%96%D7%99%D7%90%D7%93/,0,1,0,4
https://nad-lan.co.il/professionals/%D7%9E%D7%A0%D7%90%D7%A1%D7%A8%D7%94-%D7%A2%D7%91%D7%93%D7%90%D7%9C%D7%9C%D7%94/,0,1,0,3
https://nad-lan.co.il/professionals/%D7%9E%D7%A0%D7%93%D7%9C%D7%91%D7%A8%D7%92-%D7%99%D7%95%D7%A1%D7%A3/,0,1,0,1
https://nad-lan.co.il/professionals/%D7%9E%D7%A0%D7%93%D7%9C%D7%91%D7%A8%D7%92-%D7%99%D7%A6%D7%97%D7%A7/,0,1,0,2
https://nad-lan.co.il/professionals/%D7%9E%D7%A0%D7%93%D7%9C%D7%95%D7%91%D7%99%D7%A5-%D7%A2%D7%9E%D7%99%D7%AA/,0,10,0,6.7
https://nad-lan.co.il/professionals/%D7%9E%D7%A0%D7%A1%D7%95%D7%A8-%D7%A0%D7%A9%D7%90%D7%AA/,0,1,0,11
https://nad-lan.co.il/professionals/%D7%9E%D7%A0%D7%A6%D7%95%D7%A8%D7%94-%D7%97%D7%99%D7%99%D7%9D/,0,4,0,4.5
https://nad-lan.co.il/professionals/%D7%9E%D7%A0%D7%A6%D7%95%D7%A8-%D7%99%D7%95%D7%91%D7%9C/,0,2,0,3
https://nad-lan.co.il/professionals/%D7%9E%D7%A1%D7%90%D7%9C%D7%97%D7%94-%D7%90%D7%97%D7%9E%D7%93/,0,1,0,10
https://nad-lan.co.il/professionals/%D7%9E%D7%A1%D7%90%D7%A8%D7%95%D7%95%D7%94-%D7%9E%D7%97%D7%9E%D7%95%D7%93/,0,2,0,14.5
https://nad-lan.co.il/professionals/%D7%9E%D7%A1%D7%90%D7%A8%D7%95%D7%95%D7%94-%D7%A1%D7%9E%D7%99%D7%A8/,0,1,0,1
https://nad-lan.co.il/professionals/%D7%9E%D7%A1%D7%95%D7%A8%D7%99-%D7%A9%D7%9E%D7%A9%D7%95%D7%9F/,0,4,0,9.75
https://nad-lan.co.il/professionals/%D7%9E%D7%A1%D7%99%D7%A7%D7%94-%D7%90%D7%99%D7%99%D7%9C/,0,4,0,9.25
https://nad-lan.co.il/professionals/%D7%9E%D7%A1%D7%99%D7%A7%D7%94-%D7%A8%D7%9F/,0,1,0,10
https://nad-lan.co.il/professionals/%D7%9E%D7%A1%D7%A2%D7%95%D7%93-%D7%A2%D7%99%D7%A1%D7%90%D7%9D/,0,1,0,9
https://nad-lan.co.il/professionals/%D7%9E%D7%A2%D7%95%D7%95%D7%93-%D7%A4%D7%A8%D7%A0%D7%A1%D7%99%D7%A1/,0,1,0,30
https://nad-lan.co.il/professionals/%D7%9E%D7%A2%D7%99%D7%93%D7%99-%D7%9E%D7%95%D7%90%D7%91/,0,1,0,16
https://nad-lan.co.il/professionals/%D7%9E%D7%A6%D7%90%D7%A8%D7%95%D7%95%D7%94-%D7%A8%D7%95%D7%A0%D7%99/,0,1,0,9
https://nad-lan.co.il/professionals/%D7%9E%D7%A6%D7%9C%D7%99%D7%97-%D7%90%D7%9C%D7%99/,0,1,0,8
https://nad-lan.co.il/professionals/%D7%9E%D7%A6%D7%A8%D7%A4%D7%99-%D7%90%D7%A8%D7%96/,0,1,0,11
https://nad-lan.co.il/professionals/%D7%9E%D7%A7%D7%99%D7%99%D7%98%D7%9F-%D7%A9%D7%9E%D7%A9%D7%95%D7%9F/,0,1,0,2
https://nad-lan.co.il/professionals/%D7%9E%D7%A8%D7%95%D7%9F-%D7%99%D7%94%D7%95%D7%93%D7%94/,0,1,0,7
https://nad-lan.co.il/professionals/%D7%9E%D7%A8%D7%95%D7%9F-%D7%A1%D7%9C%D7%99%D7%9E%D7%90%D7%9F/,0,3,0,7.333333333333333
https://nad-lan.co.il/professionals/%D7%9E%D7%A8%D7%9C%D7%99-%D7%90%D7%95%D7%A4%D7%99%D7%A8/,0,1,0,4
https://nad-lan.co.il/professionals/%D7%9E%D7%A8%D7%A2%D7%91-%D7%A7%D7%90%D7%A1%D7%9D/,0,3,0,5.333333333333333
https://nad-lan.co.il/professionals/%D7%9E%D7%A8%D7%A2%D7%99-%D7%90%D7%97%D7%9E%D7%93/,0,3,0,5.333333333333333
https://nad-lan.co.il/professionals/%D7%9E%D7%A8%D7%A7%D7%95%D7%91%D7%99%D7%A5-%D7%A0%D7%AA%D7%9F/,0,1,0,5
https://nad-lan.co.il/professionals/%D7%9E%D7%A8%D7%A7%D7%95-%D7%A0%D7%A8%D7%A7%D7%99%D7%A1/,0,1,0,4
https://nad-lan.co.il/professionals/%D7%9E%D7%A8%D7%A7%D7%A1-%D7%A8%D7%99%D7%A6%D7%A8%D7%93/,0,1,0,9
https://nad-lan.co.il/professionals/%D7%9E%D7%A8%D7%A7-%D7%97%D7%99%D7%99%D7%9D/,0,1,0,4
https://nad-lan.co.il/professionals/%D7%9E%D7%A9%D7%94-%D7%90%D7%99%D7%99%D7%9C/,0,1,0,4
https://nad-lan.co.il/professionals/%D7%9E%D7%A9%D7%94-%D7%A8%D7%97%D7%9E%D7%99%D7%9D/,0,9,0,10.333333333333334
https://nad-lan.co.il/professionals/%D7%9E%D7%A9%D7%95%D7%9C%D7%9D-%D7%98%D7%95%D7%9E%D7%99/,0,1,0,4
https://nad-lan.co.il/professionals/%D7%9E%D7%AA%D7%AA%D7%99%D7%94%D7%95-%D7%93%D7%95%D7%A8%D7%95%D7%9F/,0,1,0,6
https://nad-lan.co.il/professionals/%D7%A0%D7%90%D7%A1%D7%A8-%D7%90%D7%9C%D7%93%D7%99%D7%9F-%D7%9B%D7%A8%D7%9E%D7%99/,0,3,0,4
https://nad-lan.co.il/professionals/%D7%A0%D7%91%D7%A2%D7%94-%D7%90%D7%91%D7%A8%D7%94%D7%9D/,0,1,0,10
https://nad-lan.co.il/professionals/%D7%A0%D7%92%D7%A8-%D7%A6%D7%99%D7%95%D7%9F/,0,3,0,4.333333333333334
https://nad-lan.co.il/professionals/%D7%A0%D7%94%D7%99%D7%94-%D7%9E%D7%97%D7%9E%D7%95%D7%93/,0,1,0,2
https://nad-lan.co.il/professionals/%D7%A0%D7%96%D7%A8%D7%99%D7%90%D7%9F-%D7%A2%D7%A8%D7%9F/,0,1,0,4
https://nad-lan.co.il/professionals/%D7%A0%D7%96%D7%A8%D7%99-%D7%90%D7%95%D7%A4%D7%99%D7%A8/,0,4,0,4.75
https://nad-lan.co.il/professionals/%D7%A0%D7%97%D7%95%D7%9D-%D7%90%D7%99%D7%9C%D7%95%D7%9F/,0,1,0,3
https://nad-lan.co.il/professionals/%D7%A0%D7%97%D7%95%D7%9D-%D7%93%D7%95%D7%A8%D7%95%D7%9F/,0,3,0,13
https://nad-lan.co.il/professionals/%D7%A0%D7%97%D7%95%D7%9D-%D7%93%D7%9F/,0,1,0,3
https://nad-lan.co.il/professionals/%D7%A0%D7%97%D7%9E%D7%94-%D7%90%D7%9C%D7%99%D7%A2%D7%96%D7%A8/,0,5,0,5.4
https://nad-lan.co.il/professionals/%D7%A0%D7%97%D7%9E%D7%99%D7%90%D7%A1-%D7%99%D7%95%D7%A1%D7%A3-%D7%99%D7%95%D7%A1%D7%99/,0,1,0,4
https://nad-lan.co.il/professionals/%D7%A0%D7%97%D7%9E%D7%9F-%D7%99%D7%A8%D7%95%D7%9F/,0,1,0,8
https://nad-lan.co.il/professionals/%D7%A0%D7%97%D7%9E%D7%A0%D7%99-%D7%A9%D7%9C%D7%9E%D7%94/,0,8,0,14.25
https://nad-lan.co.il/professionals/%D7%A0%D7%99%D7%A1%D7%99%D7%9D-%D7%9E%D7%A9%D7%94/,0,2,0,12.5
https://nad-lan.co.il/professionals/%D7%A0%D7%99%D7%A1%D7%A0%D7%95%D7%91-%D7%92%D7%91%D7%A8%D7%99%D7%90%D7%9C/,0,1,0,11
https://nad-lan.co.il/professionals/%D7%A0%D7%99%D7%A1%D7%A0%D7%95%D7%91-%D7%93%D7%95%D7%93/,0,1,0,6
https://nad-lan.co.il/professionals/%D7%A0%D7%99%D7%A8-%D7%90%D7%95%D7%A8%D7%99/,0,3,0,14.333333333333334
https://nad-lan.co.il/professionals/%D7%A0%D7%A1%D7%90%D7%A8-%D7%A1%D7%90%D7%9E%D7%A8/,0,3,0,6.666666666666667
https://nad-lan.co.il/professionals/%D7%A0%D7%A1%D7%A8%D7%90%D7%9C%D7%93%D7%99%D7%9F-%D7%9E%D7%95%D7%A0%D7%99%D7%A8/,0,1,0,9
https://nad-lan.co.il/professionals/%D7%A0%D7%A2%D7%90%D7%9E%D7%A0%D7%94-%D7%A4%D7%90%D7%95%D7%96%D7%99/,0,2,0,9
https://nad-lan.co.il/professionals/%D7%A0%D7%A2%D7%90%D7%9E%D7%A0%D7%94-%D7%A8%D7%91%D7%99%D7%A2-2/,0,1,0,8
https://nad-lan.co.il/professionals/%D7%A0%D7%A2%D7%A8%D7%90%D7%9F-%D7%A0%D7%90%D7%99%D7%A3/,0,3,0,4.666666666666666
https://nad-lan.co.il/professionals/%D7%A0%D7%A7%D7%A8-%D7%A6%D7%91%D7%99/,0,1,0,10
https://nad-lan.co.il/professionals/%D7%A0%D7%AA%D7%99%D7%91-%D7%90%D7%91%D7%A8%D7%94%D7%9D-2/,0,5,0,17.6
https://nad-lan.co.il/professionals/%D7%A0%D7%AA%D7%99%D7%91-%D7%90%D7%91%D7%A8%D7%94%D7%9D/,0,1,0,2
https://nad-lan.co.il/professionals/%D7%A1%D7%90%D7%99%D7%99%D7%92-%D7%A9%D7%A8%D7%95%D7%9F/,0,3,0,3.3333333333333335
https://nad-lan.co.il/professionals/%D7%A1%D7%90%D7%99%D7%99%D7%93-%D7%A9%D7%A8%D7%95%D7%9F/,0,1,0,1
https://nad-lan.co.il/professionals/%D7%A1%D7%90%D7%9C%D7%97-%D7%A2%D7%90%D7%95%D7%A0%D7%99/,0,1,0,11
https://nad-lan.co.il/professionals/%D7%A1%D7%90%D7%9C%D7%9D-%D7%99%D7%A9%D7%A8%D7%90%D7%9C/,0,2,0,9
https://nad-lan.co.il/professionals/%D7%A1%D7%90%D7%A1%D7%99-%D7%99%D7%A8%D7%95%D7%9F/,0,4,0,6.25
https://nad-lan.co.il/professionals/%D7%A1%D7%91%D7%90%D7%92-%D7%A0%D7%A2%D7%9E%D7%90%D7%9F/,0,1,0,3
https://nad-lan.co.il/professionals/%D7%A1%D7%91%D7%92-%D7%A8%D7%95%D7%A0%D7%9F/,0,3,0,8.333333333333332
https://nad-lan.co.il/professionals/%D7%A1%D7%92%D7%9C-%D7%93%D7%91/,0,1,0,26
https://nad-lan.co.il/professionals/%D7%A1%D7%92%D7%9C-%D7%A2%D7%95%D7%A4%D7%A8%D7%99/,0,4,0,8.25
https://nad-lan.co.il/professionals/%D7%A1%D7%92%D7%9F-%D7%90%D7%95%D7%A8%D7%9F/,0,1,0,1
https://nad-lan.co.il/professionals/%D7%A1%D7%95%D7%90%D7%A2%D7%93-%D7%9E%D7%97%D7%9E%D7%95%D7%93/,0,5,0,13.2
https://nad-lan.co.il/professionals/%D7%A1%D7%95%D7%90%D7%A2%D7%93-%D7%A9%D7%A8%D7%99%D7%A3/,0,2,0,29
https://nad-lan.co.il/professionals/%D7%A1%D7%95%D7%93%D7%90%D7%99-%D7%99%D7%95%D7%A1%D7%A3/,0,2,0,6
https://nad-lan.co.il/professionals/%D7%A1%D7%95%D7%99%D7%93-%D7%90%D7%9E%D7%99%D7%9F/,0,1,0,6
https://nad-lan.co.il/professionals/%D7%A1%D7%95%D7%99%D7%A1%D7%94-%D7%90%D7%A9%D7%A8/,0,1,0,11
https://nad-lan.co.il/professionals/%D7%A1%D7%95%D7%9E%D7%9A-%D7%9E%D7%A0%D7%97%D7%9D/,0,11,0,9.636363636363637
https://nad-lan.co.il/professionals/%D7%A1%D7%95%D7%A8%D7%95%D7%92%D7%95%D7%9F-%D7%90%D7%94%D7%95%D7%93/,0,2,0,8
https://nad-lan.co.il/professionals/%D7%A1%D7%98%D7%95%D7%9C%D7%A8-%D7%9E%D7%A9%D7%94/,0,1,0,4
https://nad-lan.co.il/professionals/%D7%A1%D7%98%D7%A8%D7%95%D7%9C%D7%95%D7%95%D7%99%D7%A5-%D7%97%D7%A0%D7%9F-%D7%99%D7%95%D7%A1%D7%A3/,0,1,0,4
https://nad-lan.co.il/professionals/%D7%A1%D7%99%D7%91%D7%95%D7%A0%D7%99-%D7%99%D7%95%D7%A1%D7%99/,0,1,0,10
https://nad-lan.co.il/professionals/%D7%A1%D7%99%D7%99%D7%93-%D7%90%D7%97%D7%9E%D7%93-%D7%9E%D7%97%D7%A8%D7%95%D7%A1/,0,2,0,8
https://nad-lan.co.il/professionals/%D7%A1%D7%99%D7%9E%D7%95%D7%A0%D7%99-%D7%9E%D7%90%D7%99%D7%A8/,0,2,0,11.5
https://nad-lan.co.il/professionals/%D7%A1%D7%99%D7%A0%D7%95%D7%90%D7%A0%D7%99-%D7%93%D7%A0%D7%99%D7%90%D7%9C/,0,1,0,8
https://nad-lan.co.il/professionals/%D7%A1%D7%99%D7%A0%D7%99-%D7%92%D7%99%D7%90/,0,1,0,7
https://nad-lan.co.il/professionals/%D7%A1%D7%9C%D7%90%D7%9E%D7%94-%D7%A1%D7%90%D7%9C%D7%9D/,0,3,0,7.666666666666667
https://nad-lan.co.il/professionals/%D7%A1%D7%9C%D7%94%D7%95%D7%91-%D7%A8%D7%A4%D7%90%D7%9C/,0,4,0,7
https://nad-lan.co.il/professionals/%D7%A1%D7%9C%D7%98%D7%99-%D7%9E%D7%95%D7%97%D7%9E%D7%93/,0,1,0,10
https://nad-lan.co.il/professionals/%D7%A1%D7%9C%D7%9E%D7%9F-%D7%90%D7%99%D7%AA%D7%9F/,0,6,0,10
https://nad-lan.co.il/professionals/%D7%A1%D7%9C%D7%9E%D7%9F-%D7%A0%D7%95%D7%97/,0,3,0,5.666666666666667
https://nad-lan.co.il/professionals/%D7%A1%D7%9C%D7%A2-%D7%99%D7%A6%D7%97%D7%A7/,0,7,0,15.428571428571429
https://nad-lan.co.il/professionals/%D7%A1%D7%9E%D7%93%D7%A8-%D7%99%D7%A0%D7%99%D7%91/,0,3,0,9.333333333333334
https://nad-lan.co.il/professionals/%D7%A1%D7%9E%D7%95%D7%90%D7%9C-%D7%A8%D7%9E%D7%99/,0,1,0,4
https://nad-lan.co.il/professionals/%D7%A1%D7%9E%D7%95%D7%9B%D7%99%D7%90%D7%9F-%D7%A9%D7%99/,0,2,0,5
https://nad-lan.co.il/professionals/%D7%A1%D7%A0%D7%95%D7%A4-%D7%9E%D7%A8%D7%A7/,0,1,0,6
https://nad-lan.co.il/professionals/%D7%A1%D7%A2%D7%93%D7%94-%D7%90%D7%9E%D7%99%D7%A8/,0,4,0,4.25
https://nad-lan.co.il/professionals/%D7%A1%D7%A2%D7%93-%D7%9E%D7%90%D7%94%D7%A8/,0,8,0,5.625
https://nad-lan.co.il/professionals/%D7%A1%D7%A4%D7%90-%D7%A8%D7%95%D7%A0%D7%99/,0,2,0,5.5
https://nad-lan.co.il/professionals/%D7%A1%D7%A7%D7%99%D7%90%D7%9F-%D7%90%D7%91%D7%99%D7%90%D7%9C/,0,2,0,4
https://nad-lan.co.il/professionals/%D7%A1%D7%A8%D7%90%D7%97%D7%A0%D7%94-%D7%A2%D7%98%D7%90/,0,2,0,3.5
https://nad-lan.co.il/professionals/%D7%A1%D7%A8%D7%95%D7%92%D7%95-%D7%99%D7%95%D7%90%D7%91/,0,10,0,7.1
https://nad-lan.co.il/professionals/%D7%A1%D7%A8%D7%97%D7%90%D7%9F-%D7%90%D7%99%D7%91%D7%A8%D7%94%D7%99%D7%9D/,0,3,0,7
https://nad-lan.co.il/professionals/%D7%A1%D7%A8%D7%A1%D7%95%D7%A8-%D7%A2%D7%91%D7%93%D7%90%D7%9C%D7%9C%D7%94/,0,1,0,7
https://nad-lan.co.il/professionals/%D7%A2%D7%90%D7%96%D7%9D-%D7%A1%D7%A2%D7%99%D7%93/,0,4,0,4.75
https://nad-lan.co.il/professionals/%D7%A2%D7%90%D7%9C%D7%9D-%D7%A4%D7%93%D7%9C/,0,1,0,4
https://nad-lan.co.il/professionals/%D7%A2%D7%91%D7%93%D7%90%D7%9C%D7%91%D7%A7%D7%99-%D7%A2%D7%9E%D7%90%D7%A8/,0,2,0,2.5
https://nad-lan.co.il/professionals/%D7%A2%D7%91%D7%93%D7%99-%D7%9E%D7%90%D7%99%D7%A8/,0,1,0,5
https://nad-lan.co.il/professionals/%D7%A2%D7%91%D7%93-%D7%90%D7%9C-%D7%95%D7%9C%D7%99-%D7%A1%D7%9E%D7%99%D7%97/,0,1,0,5
https://nad-lan.co.il/professionals/%D7%A2%D7%91%D7%95%D7%93-%D7%90%D7%99%D7%90%D7%93/,0,2,0,34.5
https://nad-lan.co.il/professionals/%D7%A2%D7%91%D7%95%D7%93-%D7%92%D7%95%D7%9F/,0,1,0,6
https://nad-lan.co.il/professionals/%D7%A2%D7%91%D7%99%D7%93%D7%90%D7%AA-%D7%A2%D7%90%D7%9E%D7%A8/,0,2,0,7
https://nad-lan.co.il/professionals/%D7%A2%D7%92%D7%99%D7%91-%D7%99%D7%95%D7%A1%D7%A3/,0,17,0,8.176470588235293
https://nad-lan.co.il/professionals/%D7%A2%D7%93%D7%99%D7%A7%D7%94-%D7%99%D7%95%D7%91%D7%91/,0,1,0,6
https://nad-lan.co.il/professionals/%D7%A2%D7%95%D7%90%D7%95%D7%93%D7%94-%D7%92%D7%9C%D7%90%D7%9C/,0,1,0,13
https://nad-lan.co.il/professionals/%D7%A2%D7%95%D7%93%D7%94-%D7%92%D7%A1%D7%90%D7%9F/,0,4,0,5.5
https://nad-lan.co.il/professionals/%D7%A2%D7%95%D7%95%D7%93%D7%90%D7%9C%D7%9C%D7%94-%D7%9E%D7%95%D7%97%D7%9E%D7%93/,0,1,0,8
https://nad-lan.co.il/professionals/%D7%A2%D7%95%D7%95%D7%93-%D7%91%D7%A1%D7%90%D7%9D/,0,1,0,5
https://nad-lan.co.il/professionals/%D7%A2%D7%95%D7%96%D7%A8%D7%99-%D7%A0%D7%99%D7%A8-%D7%A0%D7%AA%D7%9F/,0,1,0,8
https://nad-lan.co.il/professionals/%D7%A2%D7%95%D7%9E%D7%A8%D7%99-%D7%9E%D7%95%D7%94%D7%A0%D7%93/,0,1,0,1
https://nad-lan.co.il/professionals/%D7%A2%D7%95%D7%9E%D7%A8-%D7%96%D7%90%D7%94%D7%A8/,0,1,0,8
https://nad-lan.co.il/professionals/%D7%A2%D7%95%D7%AA%D7%9E%D7%90%D7%9F-%D7%90%D7%A9%D7%A8%D7%A3/,0,3,0,8.666666666666668
https://nad-lan.co.il/professionals/%D7%A2%D7%96%D7%A8%D7%99%D7%94-%D7%9E%D7%A8%D7%93%D7%9B%D7%99/,0,1,0,10
https://nad-lan.co.il/professionals/%D7%A2%D7%96%D7%A8-%D7%90%D7%94%D7%A8%D7%95%D7%9F-%D7%A8%D7%95%D7%9F/,0,4,0,7
https://nad-lan.co.il/professionals/%D7%A2%D7%98%D7%95%D7%9F-%D7%9E%D7%90%D7%94%D7%A8/,0,1,0,9
https://nad-lan.co.il/professionals/%D7%A2%D7%98%D7%99%D7%99%D7%94-%D7%90%D7%91%D7%A8%D7%90%D7%94%D7%99%D7%9D/,0,3,0,2
https://nad-lan.co.il/professionals/%D7%A2%D7%98%D7%99%D7%9C%D7%94-%D7%94%D7%99%D7%A1%D7%9D/,0,1,0,1
https://nad-lan.co.il/professionals/%D7%A2%D7%99%D7%93%D7%9F-%D7%A4%D7%A8%D7%A5-%D7%A0%D7%99%D7%A1%D7%99%D7%9D/,0,1,0,10
https://nad-lan.co.il/professionals/%D7%A2%D7%99%D7%93-%D7%A1%D7%95%D7%A0%D7%90%D7%99/,0,3,0,6.333333333333333
https://nad-lan.co.il/professionals/%D7%A2%D7%99%D7%A1%D7%90-%D7%90%D7%A9%D7%A8%D7%A3/,0,5,0,12.4
https://nad-lan.co.il/professionals/%D7%A2%D7%99%D7%A1%D7%90-%D7%9E%D7%97%D7%9E%D7%95%D7%93/,0,2,0,7.5
https://nad-lan.co.il/professionals/%D7%A2%D7%99%D7%A8%D7%90%D7%A7%D7%99-%D7%90%D7%97%D7%9E%D7%93/,0,1,0,2
https://nad-lan.co.il/professionals/%D7%A2%D7%99%D7%A8%D7%90%D7%A7%D7%99-%D7%90%D7%99%D7%99%D7%9E%D7%9F/,0,3,0,9.333333333333334
https://nad-lan.co.il/professionals/%D7%A2%D7%9C%D7%99%D7%90%D7%9F-%D7%A2%D7%9E%D7%90%D7%93/,0,2,0,8.5
https://nad-lan.co.il/professionals/%D7%A2%D7%9E%D7%95%D7%A1-%D7%A9%D7%99/,0,2,0,7
https://nad-lan.co.il/professionals/%D7%A2%D7%9E%D7%99%D7%A8%D7%94-%D7%9E%D7%95%D7%97%D7%9E%D7%93/,0,1,0,1
https://nad-lan.co.il/professionals/%D7%A2%D7%9E%D7%99-%D7%97%D7%96%D7%99/,0,2,0,4
https://nad-lan.co.il/professionals/%D7%A2%D7%9E%D7%A8%D7%9D-%D7%97%D7%99%D7%99%D7%9D/,0,2,0,16
https://nad-lan.co.il/professionals/%D7%A2%D7%9E%D7%A8%D7%A0%D7%99-%D7%A8%D7%9E%D7%99/,0,18,0,7.888888888888889
https://nad-lan.co.il/professionals/%D7%A2%D7%9E%D7%A8-%D7%90%D7%99%D7%9C%D7%9F/,0,1,0,5
https://nad-lan.co.il/professionals/%D7%A2%D7%A4%D7%90%D7%A8%D7%94-%D7%A4%D7%94%D7%93/,0,5,0,5.8
https://nad-lan.co.il/professionals/%D7%A2%D7%A4%D7%99%D7%A3-%D7%A9%D7%9C%D7%91%D7%99/,0,1,0,5
https://nad-lan.co.il/professionals/%D7%A2%D7%A7%D7%9C-%D7%92%D7%90%D7%9C%D7%91/,0,1,0,20
https://nad-lan.co.il/professionals/%D7%A2%D7%A8%D7%90%D7%91%D7%99-%D7%90%D7%99%D7%90%D7%93/,0,1,0,8
https://nad-lan.co.il/professionals/%D7%A2%D7%A8%D7%90%D7%A7%D7%99-%D7%A2%D7%91%D7%93-%D7%90%D7%9C-%D7%A4%D7%AA%D7%90%D7%97/,0,1,0,4
https://nad-lan.co.il/professionals/%D7%A2%D7%A9%D7%95%D7%A8-%D7%99%D7%95%D7%91%D7%9C/,0,1,0,5
https://nad-lan.co.il/professionals/%D7%A2%D7%AA%D7%90%D7%99-%D7%99%D7%A0%D7%99%D7%91/,0,1,0,3
https://nad-lan.co.il/professionals/%D7%A2%D7%AA%D7%99%D7%9C%D7%99-%D7%A4%D7%95%D7%90%D7%96/,0,2,0,5
https://nad-lan.co.il/professionals/%D7%A4%D7%90%D7%99%D7%96-%D7%A1%D7%A2%D7%93%D7%99/,0,5,0,7.2
https://nad-lan.co.il/professionals/%D7%A4%D7%90%D7%A8%D7%A1-%D7%96%D7%95%D7%94%D7%A8/,0,2,0,6
https://nad-lan.co.il/professionals/%D7%A4%D7%95%D7%9C%D7%A7-%D7%9E%D7%A9%D7%94/,0,1,0,3
https://nad-lan.co.il/professionals/%D7%A4%D7%95%D7%9C%D7%A7-%D7%A2%D7%95%D7%9E%D7%A8%D7%99/,0,3,0,11
https://nad-lan.co.il/professionals/%D7%A4%D7%95%D7%A8%D7%AA-%D7%90%D7%9C%D7%95%D7%9F/,0,1,0,1
https://nad-lan.co.il/professionals/%D7%A4%D7%99%D7%98%D7%95%D7%A1%D7%99-%D7%90%D7%99%D7%AA%D7%9F/,0,8,0,8
https://nad-lan.co.il/professionals/%D7%A4%D7%9C%D7%90%D7%97-%D7%90%D7%A9%D7%A8%D7%A3/,0,1,0,4
https://nad-lan.co.il/professionals/%D7%A4%D7%9C%D7%93-%D7%9C%D7%99%D7%90%D7%95%D7%A8/,0,1,0,3
https://nad-lan.co.il/professionals/%D7%A4%D7%9C%D7%97-%D7%9E%D7%A9%D7%94/,0,9,0,3.111111111111111
https://nad-lan.co.il/professionals/%D7%A4%D7%9C%D7%97-%D7%A2%D7%9E%D7%95%D7%A1/,0,7,0,6.142857142857143
https://nad-lan.co.il/professionals/%D7%A4%D7%9C%D7%97-%D7%A8%D7%90%D7%95%D7%91%D7%9F-2/,0,1,0,5
https://nad-lan.co.il/professionals/%D7%A4%D7%9C%D7%97-%D7%A8%D7%90%D7%95%D7%91%D7%9F/,0,4,0,6
https://nad-lan.co.il/professionals/%D7%A4%D7%9C%D7%97-%D7%A9%D7%9C%D7%95%D7%9E%D7%99/,0,4,0,3.5
https://nad-lan.co.il/professionals/%D7%A4%D7%9C%D7%99%D7%A7-%D7%90%D7%9C%D7%95%D7%9F/,0,2,0,5
https://nad-lan.co.il/professionals/%D7%A4%D7%A0%D7%97%D7%A1-%D7%A8%D7%95%D7%A0%D7%99/,0,5,0,6.6
https://nad-lan.co.il/professionals/%D7%A4%D7%A0%D7%97%D7%A1-%D7%AA%D7%9E%D7%99%D7%A8/,0,7,0,9
https://nad-lan.co.il/professionals/%D7%A4%D7%A1%D7%A8-%D7%A8%D7%9E%D7%99/,0,2,0,35.5
https://nad-lan.co.il/professionals/%D7%A4%D7%A7-%D7%90%D7%99%D7%99%D7%9C-%D7%9E%D7%A9%D7%94/,0,4,0,5.75
https://nad-lan.co.il/professionals/%D7%A4%D7%A8%D7%95%D7%99%D7%9E%D7%95%D7%91%D7%99%D7%A5-%D7%99%D7%A6%D7%97%D7%A7/,0,2,0,3
https://nad-lan.co.il/professionals/%D7%A4%D7%A8%D7%96-%D7%A9%D7%A8%D7%95%D7%9F/,0,1,0,2
https://nad-lan.co.il/professionals/%D7%A4%D7%A8%D7%97-%D7%91%D7%9F-%D7%A6%D7%99%D7%95%D7%9F/,0,11,0,2.8181818181818183
https://nad-lan.co.il/professionals/%D7%A4%D7%A8%D7%99%D7%96%D7%98-%D7%93%D7%95%D7%93/,0,1,0,11
https://nad-lan.co.il/professionals/%D7%A4%D7%A8%D7%99%D7%96-%D7%A6%D7%95%D7%A8%D7%99/,0,1,0,1
https://nad-lan.co.il/professionals/%D7%A4%D7%A8%D7%A0%D7%92%D7%99-%D7%A8%D7%95%D7%A0%D7%9F/,0,1,0,11
https://nad-lan.co.il/professionals/%D7%A4%D7%A8%D7%A0%D7%A6%D7%95%D7%96%D7%95-%D7%93%D7%95%D7%93/,0,1,0,3
https://nad-lan.co.il/professionals/%D7%A4%D7%A8%D7%A1%D7%99%D7%A7%D7%95-%D7%90%D7%94%D7%A8%D7%95%D7%9F/,0,1,0,6
https://nad-lan.co.il/professionals/%D7%A4%D7%A8%D7%A5-%D7%90%D7%A9%D7%A8-2/,0,3,0,5.333333333333333
https://nad-lan.co.il/professionals/%D7%A4%D7%A8%D7%A5-%D7%90%D7%A9%D7%A8/,0,1,0,6
https://nad-lan.co.il/professionals/%D7%A4%D7%A8%D7%A5-%D7%A0%D7%99%D7%A8/,0,2,0,4.5
https://nad-lan.co.il/professionals/%D7%A4%D7%A8%D7%A5-%D7%A2%D7%99%D7%93%D7%95/,0,1,0,4
https://nad-lan.co.il/professionals/%D7%A4%D7%A8%D7%A5-%D7%A9%D7%9E%D7%A2%D7%95%D7%9F/,0,1,0,6
https://nad-lan.co.il/professionals/%D7%A6%D7%90%D7%99%D7%92-%D7%A0%D7%97-%D7%A9%D7%95%D7%A9%D7%A0%D7%94/,0,2,0,6.5
https://nad-lan.co.il/professionals/%D7%A6%D7%90%D7%9C%D7%97-%D7%A0%D7%91%D7%99%D7%9C/,0,1,0,4
https://nad-lan.co.il/professionals/%D7%A6%D7%91%D7%99-%D7%A9%D7%99/,0,1,0,2
https://nad-lan.co.il/professionals/%D7%A6%D7%93%D7%99%D7%A7%D7%99-%D7%90%D7%99%D7%A8%D7%96/,0,1,0,34
https://nad-lan.co.il/professionals/%D7%A6%D7%93%D7%A7%D7%94-%D7%A6%D7%97%D7%99/,0,3,0,2
https://nad-lan.co.il/professionals/%D7%A6%D7%95%D7%A4%D7%99-%D7%A2%D7%95%D7%A4%D7%A8/,0,2,0,6
https://nad-lan.co.il/professionals/%D7%A6%D7%95%D7%A4%D7%A0%D7%99-%D7%A2%D7%95%D7%A4%D7%A8/,0,1,0,7
https://nad-lan.co.il/professionals/%D7%A6%D7%97-%D7%97%D7%96%D7%99/,0,6,0,4.833333333333334
https://nad-lan.co.il/professionals/%D7%A6%D7%99%D7%95%D7%A0%D7%99-%D7%92%D7%99%D7%90/,0,2,0,3
https://nad-lan.co.il/professionals/%D7%A6%D7%99%D7%9E%D7%A8%D7%9E%D7%9F-%D7%92%D7%9C%D7%A2%D7%93/,0,2,0,7.5
https://nad-lan.co.il/professionals/%D7%A6%D7%A4%D7%95%D7%A8%D7%99-%D7%A0%D7%99%D7%91/,0,1,0,3
https://nad-lan.co.il/professionals/%D7%A6%D7%A8%D7%A4%D7%AA%D7%99-%D7%90%D7%95%D7%A8%D7%9F/,0,3,0,8.333333333333332
https://nad-lan.co.il/professionals/%D7%A7%D7%90%D7%A1%D7%9D-%D7%92%D7%A1%D7%90%D7%9F/,0,3,0,29
https://nad-lan.co.il/professionals/%D7%A7%D7%90%D7%A1%D7%9D-%D7%93%D7%99%D7%90/,0,1,0,7
https://nad-lan.co.il/professionals/%D7%A7%D7%90%D7%A1%D7%9D-%D7%A1%D7%9C%D7%90%D7%97/,0,1,0,7
https://nad-lan.co.il/professionals/%D7%A7%D7%90%D7%A1%D7%9D-%D7%A2%D7%91%D7%93/,0,2,0,9
https://nad-lan.co.il/professionals/%D7%A7%D7%90%D7%A8%D7%99%D7%9F-%D7%90%D7%91%D7%99/,0,1,0,2
https://nad-lan.co.il/professionals/%D7%A7%D7%91%D7%94%D7%90-%D7%A2%D7%9C%D7%99/,0,1,0,8
https://nad-lan.co.il/professionals/%D7%A7%D7%93%D7%95%D7%A8%D7%94-%D7%99%D7%90%D7%A1%D7%A8/,0,1,0,34
https://nad-lan.co.il/professionals/%D7%A7%D7%93%D7%95%D7%A8-%D7%91%D7%A8%D7%9B%D7%90%D7%AA/,0,2,0,9.5
https://nad-lan.co.il/professionals/%D7%A7%D7%93%D7%95%D7%A9-%D7%99%D7%95%D7%91%D7%9C/,0,1,0,7
https://nad-lan.co.il/professionals/%D7%A7%D7%93%D7%95%D7%A9-%D7%A9%D7%9E%D7%A2%D7%95%D7%9F/,0,1,0,6
https://nad-lan.co.il/professionals/%D7%A7%D7%93%D7%97-%D7%97%D7%95%D7%A1%D7%90%D7%9D/,0,2,0,15.5
https://nad-lan.co.il/professionals/%D7%A7%D7%93%D7%9E%D7%99-%D7%A9%D7%9C%D7%9E%D7%94/,0,1,0,10
https://nad-lan.co.il/professionals/%D7%A7%D7%93%D7%A8-%D7%92%D7%93%D7%A2%D7%95%D7%9F/,0,1,0,7
https://nad-lan.co.il/professionals/%D7%A7%D7%95%D7%98%D7%9C%D7%A8-%D7%A9%D7%9C%D7%9E%D7%94/,0,1,0,7
https://nad-lan.co.il/professionals/%D7%A7%D7%95%D7%9C%D7%91%D7%A7-%D7%99%D7%A6%D7%97%D7%A7/,0,1,0,3
https://nad-lan.co.il/professionals/%D7%A7%D7%95%D7%9C%D7%A0%D7%99-%D7%A2%D7%93%D7%99/,0,5,0,15.2
https://nad-lan.co.il/professionals/%D7%A7%D7%96%D7%95-%D7%9B%D7%94%D7%9F-%D7%99%D7%A2%D7%A7%D7%91/,0,5,0,2.8
https://nad-lan.co.il/professionals/%D7%A7%D7%96%D7%9E%D7%90%D7%A8-%D7%9C%D7%95%D7%90%D7%99/,0,4,0,3
https://nad-lan.co.il/professionals/%D7%A7%D7%99%D7%A1%D7%A8-%D7%A4%D7%95%D7%90%D7%93/,0,4,0,3.5
https://nad-lan.co.il/professionals/%D7%A7%D7%9C%D7%99%D7%99%D7%A0%D7%9E%D7%9F-%D7%A8%D7%A2%D7%99/,0,1,0,22
https://nad-lan.co.il/professionals/%D7%A7%D7%9C%D7%99%D7%9E%D7%99-%D7%A8%D7%95%D7%A2%D7%99/,0,3,0,5.666666666666667
https://nad-lan.co.il/professionals/%D7%A7%D7%9C%D7%99%D7%A8-%D7%92%D7%93/,0,1,0,8
https://nad-lan.co.il/professionals/%D7%A7%D7%9C%D7%A4%D7%95%D7%90%D7%95%D7%9A-%D7%99%D7%95%D7%A0%D7%AA%D7%9F/,0,3,0,2.333333333333333
https://nad-lan.co.il/professionals/%D7%A7%D7%9C%D7%A4%D7%A8-%D7%90%D7%A8%D7%99%D7%A7/,0,2,0,6.5
https://nad-lan.co.il/professionals/%D7%A7%D7%9E%D7%A4%D7%99%D7%A0%D7%A1%D7%A7%D7%99-%D7%92%D7%99%D7%90/,0,7,0,5.857142857142857
https://nad-lan.co.il/professionals/%D7%A7%D7%A2%D7%93%D7%90%D7%9F-%D7%A1%D7%90%D7%9E%D7%99/,0,3,0,10
https://nad-lan.co.il/professionals/%D7%A7%D7%A2%D7%93%D7%90%D7%9F-%D7%A2%D7%95%D7%9E%D7%A8/,0,1,0,1
https://nad-lan.co.il/professionals/%D7%A7%D7%A8%D7%95%D7%95%D7%A6%D7%A0%D7%A7%D7%95-%D7%99%D7%95%D7%A1%D7%A3-%D7%90%D7%99%D7%92%D7%A8/,0,1,0,9
https://nad-lan.co.il/professionals/%D7%A7%D7%A8%D7%98%D7%A1-%D7%90%D7%95%D7%A8%D7%99/,0,1,0,11
https://nad-lan.co.il/professionals/%D7%A7%D7%A8%D7%A0%D7%99-%D7%90%D7%99%D7%AA%D7%9E%D7%A8/,0,9,0,16.333333333333336
https://nad-lan.co.il/professionals/%D7%A7%D7%A8%D7%A1%D7%A0%D7%98%D7%99-%D7%93%D7%9F-%D7%A8%D7%A4%D7%90%D7%9C/,0,2,0,11.5
https://nad-lan.co.il/professionals/%D7%A7%D7%A8%D7%A7%D7%95%D7%A7%D7%9C%D7%99-%D7%90%D7%9C%D7%99/,0,7,0,3.7142857142857144
https://nad-lan.co.il/professionals/%D7%A8%D7%90%D7%91%D7%99-%D7%95%D7%99%D7%A1%D7%90%D7%9D/,0,1,0,9
https://nad-lan.co.il/professionals/%D7%A8%D7%90%D7%95%D7%91%D7%A0%D7%99-%D7%90%D7%A8%D7%96/,0,2,0,3.5
https://nad-lan.co.il/professionals/%D7%A8%D7%90%D7%95%D7%91%D7%A4%D7%95%D7%92%D7%9C-%D7%90%D7%95%D7%A8%D7%99/,0,3,0,8.333333333333332
https://nad-lan.co.il/professionals/%D7%A8%D7%90%D7%99%D7%93-%D7%92%D7%91%D7%90%D7%A8%D7%99%D7%9F/,0,1,0,11
https://nad-lan.co.il/professionals/%D7%A8%D7%91%D7%90%D7%97-%D7%9E%D7%97%D7%9E%D7%95%D7%93/,0,3,0,12.333333333333334
https://nad-lan.co.il/professionals/%D7%A8%D7%91%D7%99%D7%91-%D7%A8%D7%95%D7%A0%D7%9F-%D7%90%D7%91%D7%A8%D7%94%D7%9D/,0,2,0,4
https://nad-lan.co.il/professionals/%D7%A8%D7%91%D7%99%D7%93-%D7%90%D7%9C%D7%99%D7%94%D7%95/,0,8,0,9.75
https://nad-lan.co.il/professionals/%D7%A8%D7%91%D7%99-%D7%92%D7%99%D7%9C/,0,2,0,5
https://nad-lan.co.il/professionals/%D7%A8%D7%92%D7%95%D7%90%D7%9F-%D7%90%D7%99%D7%99%D7%9C/,0,4,0,7.75
https://nad-lan.co.il/professionals/%D7%A8%D7%95%D7%92%D7%9C-%D7%9E%D7%95%D7%A8%D7%99%D7%A1/,0,5,0,2.6
https://nad-lan.co.il/professionals/%D7%A8%D7%95%D7%96%D7%94-%D7%A8%D7%95%D7%A0%D7%99/,0,4,0,5
https://nad-lan.co.il/professionals/%D7%A8%D7%95%D7%96%D7%A0%D7%A8-%D7%90%D7%94%D7%95%D7%93/,0,1,0,7
https://nad-lan.co.il/professionals/%D7%A8%D7%95%D7%96%D7%A0%D7%A8-%D7%93%D7%95%D7%93/,0,2,0,2
https://nad-lan.co.il/professionals/%D7%A8%D7%95%D7%96%D7%A0%D7%A8-%D7%99%D7%A6%D7%97%D7%A7/,0,2,0,9.5
https://nad-lan.co.il/professionals/%D7%A8%D7%95%D7%9C%D7%A0%D7%99%D7%A7-%D7%92%D7%93%D7%99/,0,7,0,8.571428571428571
https://nad-lan.co.il/professionals/%D7%A8%D7%95%D7%A8%D7%91%D7%A8%D7%92-%D7%99%D7%A9%D7%A8%D7%90%D7%9C/,0,1,0,7
https://nad-lan.co.il/professionals/%D7%A8%D7%96-%D7%90%D7%95%D7%A8%D7%9F/,0,3,0,9.333333333333334
https://nad-lan.co.il/professionals/%D7%A8%D7%96-%D7%99%D7%95%D7%A8%D7%9D/,0,2,0,12.5
https://nad-lan.co.il/professionals/%D7%A8%D7%96-%D7%A1%D7%A2%D7%A8/,0,5,0,12.2
https://nad-lan.co.il/professionals/%D7%A8%D7%96-%D7%A8%D7%9E%D7%99/,0,1,0,8
https://nad-lan.co.il/professionals/%D7%A8%D7%99%D7%90%D7%9F-%D7%92%D7%99%D7%94%D7%90%D7%93/,0,1,0,7
https://nad-lan.co.il/professionals/%D7%A8%D7%99%D7%90%D7%9F-%D7%A2%D7%A1%D7%90%D7%A3/,0,3,0,4.666666666666666
https://nad-lan.co.il/professionals/%D7%A8%D7%99%D7%90%D7%9F-%D7%A8%D7%9E%D7%96%D7%99/,0,1,0,7
https://nad-lan.co.il/professionals/%D7%A8%D7%99%D7%99%D7%92%D7%9F-%D7%A8%D7%95%D7%A0%D7%99/,0,3,0,1.3333333333333333
https://nad-lan.co.il/professionals/%D7%A8%D7%99%D7%99%D7%9E%D7%95%D7%A0%D7%93-%D7%99%D7%94%D7%95%D7%A0%D7%90%D7%9F/,0,1,0,1
https://nad-lan.co.il/professionals/%D7%A8%D7%99%D7%99%D7%9E%D7%95%D7%A0%D7%93-%D7%99%D7%94%D7%95%D7%A0%D7%AA%D7%9F/,0,2,0,6
https://nad-lan.co.il/professionals/%D7%A8%D7%99%D7%A2%D7%A0%D7%99-%D7%94%D7%9C%D7%95%D7%99-%D7%AA%D7%9E%D7%99%D7%A8/,0,3,0,5.333333333333333
https://nad-lan.co.il/professionals/%D7%A8%D7%99%D7%A9%D7%94-%D7%90%D7%9C%D7%99%D7%90%D7%A1/,0,1,0,3
https://nad-lan.co.il/professionals/%D7%A8%D7%A7%D7%95%D7%91%D7%A1%D7%A7%D7%99-%D7%99%D7%A6%D7%97%D7%A7/,0,3,0,4.666666666666666
https://nad-lan.co.il/professionals/%D7%A8%D7%A7%D7%97-%D7%A6%D7%95%D7%A8%D7%99%D7%90%D7%9C-%D7%91%D7%A0%D7%99%D7%9E%D7%99%D7%9F/,0,2,0,12.5
https://nad-lan.co.il/professionals/%D7%A9%D7%90%D7%9E%D7%99-%D7%9E%D7%95%D7%A2%D7%99%D7%9F/,0,2,0,3
https://nad-lan.co.il/professionals/%D7%A9%D7%91%D7%97-%D7%9E%D7%A9%D7%94/,0,8,0,12.875
https://nad-lan.co.il/professionals/%D7%A9%D7%91%D7%99%D7%A8%D7%95-%D7%A8%D7%9E%D7%99/,0,14,0,35
https://nad-lan.co.il/professionals/%D7%A9%D7%91%D7%AA%D7%90%D7%99-%D7%A2%D7%95%D7%91%D7%93/,0,1,0,24
https://nad-lan.co.il/professionals/%D7%A9%D7%93%D7%94-%D7%A0%D7%99%D7%91/,0,2,0,3
https://nad-lan.co.il/professionals/%D7%A9%D7%93%D7%94-%D7%A2%D7%A9%D7%94%D7%90%D7%9C-%D7%90%D7%91%D7%99-%D7%A0%D7%A2%D7%9D/,0,1,0,2
https://nad-lan.co.il/professionals/%D7%A9%D7%93%D7%95%D7%AA-%D7%90%D7%95%D7%A8%D7%9F/,0,3,0,8
https://nad-lan.co.il/professionals/%D7%A9%D7%95%D7%95%D7%99%D7%A7%D7%99-%D7%90%D7%91%D7%A8%D7%94%D7%99%D7%9D/,0,1,0,3
https://nad-lan.co.il/professionals/%D7%A9%D7%95%D7%95%D7%A8%D7%A5-%D7%9C%D7%95%D7%99-%D7%A9%D7%9E%D7%95%D7%90%D7%9C/,0,1,0,10
https://nad-lan.co.il/professionals/%D7%A9%D7%95%D7%9C%D7%9E%D7%9F-%D7%A0%D7%99%D7%91/,0,1,0,5
https://nad-lan.co.il/professionals/%D7%A9%D7%95%D7%A1%D7%A3-%D7%9E%D7%99%D7%93%D7%93-%D7%97%D7%99/,0,1,0,2
https://nad-lan.co.il/professionals/%D7%A9%D7%95%D7%A8%D7%A6%D7%91%D7%9C%D7%98-%D7%90%D7%95%D7%94%D7%93/,0,2,0,6
https://nad-lan.co.il/professionals/%D7%A9%D7%95%D7%A8-%D7%91%D7%A8%D7%A7/,0,2,0,10
https://nad-lan.co.il/professionals/%D7%A9%D7%96%D7%99%D7%A8%D7%99-%D7%A2%D7%95%D7%A4%D7%A8/,0,1,0,3
https://nad-lan.co.il/professionals/%D7%A9%D7%97%D7%90%D7%93%D7%94-%D7%97%D7%A1%D7%9F/,0,1,0,9
https://nad-lan.co.il/professionals/%D7%A9%D7%97%D7%90%D7%93%D7%94-%D7%99%D7%90%D7%A1%D7%99%D7%9F-%D7%A2%D7%95%D7%A8%D7%A1%D7%90%D7%9F/,0,2,0,6.5
https://nad-lan.co.il/professionals/%D7%A9%D7%97%D7%90%D7%93%D7%94-%D7%A1%D7%9C%D7%99%D7%9E%D7%90%D7%9F/,0,1,0,10
https://nad-lan.co.il/professionals/%D7%A9%D7%97%D7%90%D7%93%D7%94-%D7%A4%D7%90%D7%95%D7%96%D7%99/,0,4,0,9
https://nad-lan.co.il/professionals/%D7%A9%D7%97%D7%A8-%D7%99%D7%A2%D7%A7%D7%91/,0,1,0,11
https://nad-lan.co.il/professionals/%D7%A9%D7%97%D7%A8-%D7%99%D7%A8%D7%95%D7%9F/,0,4,0,6.75
https://nad-lan.co.il/professionals/%D7%A9%D7%97%D7%A8-%D7%9E%D7%90%D7%99%D7%A8/,0,1,0,24
https://nad-lan.co.il/professionals/%D7%A9%D7%98%D7%99%D7%99%D7%A0%D7%91%D7%95%D7%99%D7%9D-%D7%90%D7%99%D7%99%D7%9C-%D7%9E%D7%99%D7%9B%D7%90%D7%9C/,0,1,0,7
https://nad-lan.co.il/professionals/%D7%A9%D7%98%D7%99%D7%99%D7%A0%D7%91%D7%A8%D7%92-%D7%A8%D7%90%D7%95%D7%91%D7%9F-%D7%A6%D7%91%D7%99/,0,1,0,9
https://nad-lan.co.il/professionals/%D7%A9%D7%98%D7%A8%D7%99%D7%AA-%D7%9C%D7%99%D7%90%D7%95%D7%A8/,0,4,0,19.25
https://nad-lan.co.il/professionals/%D7%A9%D7%98%D7%A8%D7%99%D7%AA-%D7%A9%D7%9C%D7%9E%D7%94/,0,1,0,7
https://nad-lan.co.il/professionals/%D7%A9%D7%98%D7%A8%D7%9F-%D7%93%D7%91/,0,1,0,3
https://nad-lan.co.il/professionals/%D7%A9%D7%98%D7%A8%D7%9F-%D7%A0%D7%AA%D7%A0%D7%90%D7%9C/,0,13,0,8.461538461538462
https://nad-lan.co.il/professionals/%D7%A9%D7%99%D7%91%D7%9C%D7%99-%D7%91%D7%A9%D7%99%D7%A8/,0,2,0,2.5
https://nad-lan.co.il/professionals/%D7%A9%D7%99%D7%9A-%D7%96%D7%99%D7%99%D7%93-%D7%A2%D7%9C%D7%90-%D7%90%D7%9C%D7%93%D7%99%D7%9F/,0,3,0,4.333333333333334
https://nad-lan.co.il/professionals/%D7%A9%D7%99%D7%9C%D7%94-%D7%A2%D7%9E%D7%A0%D7%95%D7%90%D7%9C/,0,1,0,6
https://nad-lan.co.il/professionals/%D7%A9%D7%99%D7%9C%D7%99%D7%90%D7%9F-%D7%93%D7%95%D7%93/,0,1,0,7
https://nad-lan.co.il/professionals/%D7%A9%D7%9C%D7%90%D7%91%D7%A0%D7%94-%D7%A0%D7%9E%D7%A8%D7%95%D7%93/,0,2,0,6.5
https://nad-lan.co.il/professionals/%D7%A9%D7%9C%D7%90%D7%A2%D7%98%D7%94-%D7%9E%D7%95%D7%97%D7%9E%D7%93/,0,1,0,10
https://nad-lan.co.il/professionals/%D7%A9%D7%9C%D7%91%D7%99-%D7%90%D7%95%D7%A1%D7%90%D7%9E%D7%94/,0,2,0,4.5
https://nad-lan.co.il/professionals/%D7%A9%D7%9C%D7%95%D7%9D-%D7%99%D7%95%D7%A1%D7%A3-%D7%97%D7%99/,0,2,0,7
https://nad-lan.co.il/professionals/%D7%A9%D7%9C%D7%95%D7%9D-%D7%A9%D7%9C%D7%95%D7%9E%D7%99/,0,1,0,18
https://nad-lan.co.il/professionals/%D7%A9%D7%9C%D7%9D-%D7%A9%D7%97%D7%A8/,0,8,0,5.375
https://nad-lan.co.il/professionals/%D7%A9%D7%9C%D7%A3-%D7%A2%D7%95%D7%93%D7%93/,0,3,0,5
https://nad-lan.co.il/professionals/%D7%A9%D7%9E%D7%95%D7%90%D7%9C%D7%95%D7%91-%D7%92%D7%99%D7%9C/,0,2,0,3
https://nad-lan.co.il/professionals/%D7%A9%D7%9E%D7%95%D7%90%D7%9C-%D7%9E%D7%A8%D7%93%D7%9B%D7%99/,0,2,0,6
https://nad-lan.co.il/professionals/%D7%A9%D7%9E%D7%97%D7%95%D7%9F-%D7%97%D7%A0%D7%A0%D7%90%D7%9C/,0,2,0,10
https://nad-lan.co.il/professionals/%D7%A9%D7%9E%D7%99-%D7%9C%D7%99%D7%90%D7%95%D7%A8/,0,2,0,6.5
https://nad-lan.co.il/professionals/%D7%A9%D7%9E%D7%A8%D7%95%D7%9A-%D7%A1%D7%90%D7%9C%D7%97/,0,1,0,7
https://nad-lan.co.il/professionals/%D7%A9%D7%A0%D7%99-%D7%99%D7%95%D7%A1%D7%A3/,0,1,0,5
https://nad-lan.co.il/professionals/%D7%A9%D7%A2%D7%A8-%D7%90%D7%9C%D7%95%D7%9F/,0,1,0,2
https://nad-lan.co.il/professionals/%D7%A9%D7%A4%D7%99%D7%A0%D7%A8-%D7%A9%D7%97%D7%A8/,0,1,0,6
https://nad-lan.co.il/professionals/%D7%A9%D7%A4%D7%A2-%D7%99%D7%A2%D7%A7%D7%91/,0,1,0,1
https://nad-lan.co.il/professionals/%D7%A9%D7%A4%D7%A8-%D7%A1%D7%95%D7%A8%D7%99%D7%9F/,0,4,0,13
https://nad-lan.co.il/professionals/%D7%A9%D7%A6%D7%9F-%D7%A8%D7%95%D7%91%D7%A8%D7%98/,0,1,0,18
https://nad-lan.co.il/professionals/%D7%A9%D7%A8%D7%95%D7%9F-%D7%99%D7%A2%D7%A7%D7%91/,0,1,0,5
https://nad-lan.co.il/professionals/%D7%A9%D7%A8%D7%99%D7%A3-%D7%A9%D7%90%D7%93%D7%99/,0,1,0,12
https://nad-lan.co.il/professionals/%D7%A9%D7%A8%D7%99%D7%A7%D7%99-%D7%90%D7%9C%D7%99%D7%94%D7%95-%D7%9E%D7%A8%D7%93%D7%9B%D7%99/,0,1,0,4
https://nad-lan.co.il/professionals/%D7%A9%D7%A8%D7%A2%D7%91%D7%99-%D7%99%D7%A9%D7%99%D7%91/,0,3,0,9
https://nad-lan.co.il/professionals/%D7%A9%D7%A8%D7%A2%D7%91%D7%99-%D7%9C%D7%91%D7%A0%D7%95%D7%9F/,0,4,0,5.25
https://nad-lan.co.il/professionals/%D7%A9%D7%A8%D7%A3-%D7%9E%D7%90%D7%99%D7%A8/,0,3,0,9.666666666666666
https://nad-lan.co.il/professionals/%D7%A9%D7%A9%D7%95%D7%9F-%D7%99%D7%95%D7%A8%D7%9D/,0,1,0,4
https://nad-lan.co.il/professionals/%D7%A9%D7%A9%D7%95%D7%9F-%D7%A9%D7%99/,0,4,0,4
https://nad-lan.co.il/professionals/%D7%A9%D7%A9%D7%99-%D7%A2%D7%9E%D7%95%D7%A1/,0,2,0,12
https://nad-lan.co.il/professionals/%D7%AA%D7%95%D7%A8%D7%92%D7%9E%D7%9F-%D7%90%D7%9E%D7%99%D7%A8/,0,3,0,14.666666666666666
https://nad-lan.co.il/professionals/%D7%AA%D7%95%D7%A8%D7%92%D7%9E%D7%9F-%D7%93%D7%95%D7%93/,0,3,0,7.666666666666667
https://nad-lan.co.il/professionals/%D7%AA%D7%9E%D7%A8%D7%99-%D7%91%D7%A8%D7%A7/,0,5,0,6
https://nad-lan.co.il/professionals/africa-israel-residential/,0,2,0,4
https://nad-lan.co.il/professionals/aura-israel/,0,37,0,10.054054054054054
https://nad-lan.co.il/professionals/azorim/,0,6,0,25
https://nad-lan.co.il/professionals/danya-cebus/,0,3,0,7
https://nad-lan.co.il/professionals/habas-group/,0,17,0,4.8235294117647065
https://nad-lan.co.il/professionals/hagag-group/,0,155,0,9.32258064516129
https://nad-lan.co.il/professionals/tshuva-group/,0,9,0,7.111111111111111
https://nad-lan.co.il/projects/%D7%90%D7%91%D7%90-%D7%94%D7%9C%D7%9C-%D7%97%D7%A8%D7%95%D7%AA-%D7%94%D7%AA%D7%A7%D7%95%D7%95%D7%94-%D7%9E%D7%AA%D7%97%D7%9D-41/,0,14,0,8.714285714285715
https://nad-lan.co.il/projects/%D7%90%D7%91%D7%90-%D7%94%D7%9C%D7%9C-%D7%A8%D7%9E%D7%AA-%D7%95%D7%A8%D7%91%D7%A8/,0,1,0,6
https://nad-lan.co.il/projects/%D7%90%D7%91%D7%90-%D7%94%D7%9C%D7%9C-6365/,0,3,0,6.333333333333333
https://nad-lan.co.il/projects/%D7%90%D7%91%D7%90-%D7%94%D7%9C%D7%9C-76-78-%D7%97%D7%99%D7%A8%D7%95%D7%AA-9-11/,0,2,0,3.5
https://nad-lan.co.il/projects/%D7%90%D7%91%D7%90-%D7%94%D7%9C%D7%9C/,0,1,0,2
https://nad-lan.co.il/projects/%D7%90%D7%91%D7%9F-%D7%A2%D7%96%D7%A8%D7%90/,0,2,0,7.5
https://nad-lan.co.il/projects/%D7%90%D7%92%D7%A8%D7%95%D7%9F-%D7%94%D7%A4%D7%A8%D7%93%D7%A1/,0,2,0,13
https://nad-lan.co.il/projects/%D7%90%D7%93%D7%9E%D7%95%D7%A0%D7%93-%D7%A4%D7%9C%D7%92/,0,2,0,4.5
https://nad-lan.co.il/projects/%D7%90%D7%95%D7%A8%D7%95%D7%92%D7%95%D7%90%D7%99-27-29/,0,1,0,1
https://nad-lan.co.il/projects/%D7%90%D7%95%D7%A8%D7%9F/,0,1,0,10
https://nad-lan.co.il/projects/%D7%90%D7%95%D7%A8-%D7%92%D7%A0%D7%99%D7%9D/,0,9,0,53.333333333333336
https://nad-lan.co.il/projects/%D7%90%D7%97%D7%93-%D7%94%D7%A2%D7%9D-33-35/,0,3,0,9.333333333333334
https://nad-lan.co.il/projects/%D7%90%D7%97%D7%93-%D7%94%D7%A2%D7%9D/,0,6,0,28.666666666666668
https://nad-lan.co.il/projects/%D7%90%D7%97%D7%99-%D7%93%D7%A7%D7%A8/,0,4,0,4.25
https://nad-lan.co.il/projects/%D7%90%D7%99%D7%99%D7%96%D7%A0%D7%91%D7%A8%D7%92/,0,1,0,4
https://nad-lan.co.il/projects/%D7%90%D7%99%D7%9C%D7%AA-38-46/,0,1,0,5
https://nad-lan.co.il/projects/%D7%90%D7%99%D7%A1%D7%9C%D7%A0%D7%93/,0,2,0,5.5
https://nad-lan.co.il/projects/%D7%90%D7%9C%D7%99-%D7%9B%D7%94%D7%9F/,0,2,0,3.5
https://nad-lan.co.il/projects/%D7%90%D7%9C%D7%9B%D7%A1%D7%A0%D7%93%D7%A8%D7%99%D7%95%D7%9F/,0,1,0,1
https://nad-lan.co.il/projects/%D7%90%D7%9C%D7%A2%D7%96%D7%A8-%D7%91%D7%9F-%D7%99%D7%90%D7%99%D7%A8/,0,3,0,5.666666666666667
https://nad-lan.co.il/projects/%D7%90%D7%9E%D7%99%D7%9C-%D7%96%D7%95%D7%9C%D7%90/,0,10,0,9
https://nad-lan.co.il/projects/%D7%90%D7%A0%D7%A1%D7%A7%D7%99/,0,1,0,3
https://nad-lan.co.il/projects/%D7%90%D7%A0%D7%A6%D7%95-%D7%A1%D7%99%D7%A8%D7%A0%D7%99-38-42/,0,4,0,9.25
https://nad-lan.co.il/projects/%D7%90%D7%A4%D7%9C%D7%98%D7%95%D7%9F-%D7%90%D7%99%D7%99%D7%96%D7%99%D7%A7-%D7%97%D7%A8%D7%99%D7%A3/,0,3,0,4.333333333333334
https://nad-lan.co.il/projects/%D7%90%D7%A4%D7%A8%D7%A1%D7%9E%D7%95%D7%9F-%D7%93%D7%95%D7%93%D7%90%D7%99%D7%9D/,0,3,0,5
https://nad-lan.co.il/projects/%D7%90%D7%A8%D7%91%D7%A2-%D7%90%D7%A8%D7%A6%D7%95%D7%AA/,0,1,0,10
https://nad-lan.co.il/projects/%D7%90%D7%A8%D7%91%D7%A8/,0,1,0,7
https://nad-lan.co.il/projects/%D7%90%D7%A8%D7%96%D7%99%D7%9D-15-19/,0,1,0,1
https://nad-lan.co.il/projects/%D7%90%D7%A8%D7%9C%D7%95%D7%96%D7%95%D7%A8%D7%95%D7%91-11-%D7%90/,0,8,0,15.375
https://nad-lan.co.il/projects/%D7%90%D7%A8%D7%9C%D7%95%D7%96%D7%95%D7%A8%D7%95%D7%91-33-41/,0,4,0,5.5
https://nad-lan.co.il/projects/%D7%91%D7%95%D7%98%D7%95%D7%A7%D7%95%D7%91%D7%A1%D7%A7%D7%99-30-32/,0,1,0,6
https://nad-lan.co.il/projects/%D7%91%D7%95%D7%9C%D7%99%D7%91%D7%99%D7%94/,0,8,0,3.5
https://nad-lan.co.il/projects/%D7%91%D7%95%D7%A8%D7%95%D7%9B%D7%95%D7%91-57-61/,0,6,0,7.666666666666667
https://nad-lan.co.il/projects/%D7%91%D7%95%D7%A8%D7%95%D7%9B%D7%95%D7%91/,0,3,0,25.666666666666668
https://nad-lan.co.il/projects/%D7%91%D7%99%D7%90%D7%9C%D7%99%D7%A7-%D7%91%D7%A0%D7%99%D7%9E%D7%99%D7%9F/,0,2,0,6
https://nad-lan.co.il/projects/%D7%91%D7%99%D7%90%D7%9C%D7%99%D7%A7-%D7%A9%D7%9E%D7%A2%D7%95%D7%A0%D7%99/,0,25,0,6.8
https://nad-lan.co.il/projects/%D7%91%D7%99%D7%AA-%D7%94%D7%A2%D7%A8%D7%91%D7%94-22-24/,0,2,0,2.5
https://nad-lan.co.il/projects/%D7%91%D7%99%D7%AA-%D7%97%D7%95%D7%A8%D7%95%D7%9F/,0,2,0,7.5
https://nad-lan.co.il/projects/%D7%91%D7%9C%D7%A4%D7%95%D7%A8/,0,1,0,47
https://nad-lan.co.il/projects/%D7%91%D7%9F-%D7%92%D7%95%D7%A8%D7%99%D7%95%D7%9F-10-16/,0,2,0,56
https://nad-lan.co.il/projects/%D7%91%D7%9F-%D7%92%D7%95%D7%A8%D7%99%D7%95%D7%9F-2/,0,2,0,8
https://nad-lan.co.il/projects/%D7%91%D7%9F-%D7%92%D7%95%D7%A8%D7%99%D7%95%D7%9F-3/,0,3,0,9
https://nad-lan.co.il/projects/%D7%91%D7%9F-%D7%92%D7%95%D7%A8%D7%99%D7%95%D7%9F-4/,0,1,0,69
https://nad-lan.co.il/projects/%D7%91%D7%9F-%D7%92%D7%95%D7%A8%D7%99%D7%95%D7%9F-49-59/,0,4,0,19.75
https://nad-lan.co.il/projects/%D7%91%D7%9F-%D7%92%D7%95%D7%A8%D7%99%D7%95%D7%9F-5/,0,39,0,12.538461538461538
https://nad-lan.co.il/projects/%D7%91%D7%9F-%D7%92%D7%9E%D7%9C%D7%90-6-10-%D7%99%D7%94%D7%95%D7%A9%D7%A2-%D7%91%D7%9F-%D7%A0%D7%95%D7%9F-38/,0,2,0,10
https://nad-lan.co.il/projects/%D7%91%D7%9F-%D7%96%D7%9B%D7%90%D7%99-31/,0,5,0,11
https://nad-lan.co.il/projects/%D7%91%D7%9F-%D7%A6%D7%91%D7%99-%D7%9B%D7%A6%D7%A0%D7%9C%D7%A1%D7%95%D7%9F/,0,1,0,11
https://nad-lan.co.il/projects/%D7%91%D7%9F-%D7%A6%D7%91%D7%99-2/,0,2,0,4
https://nad-lan.co.il/projects/%D7%91%D7%9F-%D7%A6%D7%91%D7%99-3/,0,1,0,10
https://nad-lan.co.il/projects/%D7%91%D7%A6%D7%9C%D7%90%D7%9C-26-28/,0,1,0,3
https://nad-lan.co.il/projects/%D7%91%D7%A8%D7%90%D7%A9%D7%99%D7%AA/,0,2,0,5.5
https://nad-lan.co.il/projects/%D7%91%D7%A8%D7%92%D7%A8-%D7%A2%D7%9C-%D7%94%D7%A4%D7%90%D7%A8%D7%A7/,0,17,0,13
https://nad-lan.co.il/projects/%D7%91%D7%A8%D7%95%D7%93%D7%A6%D7%A7%D7%99-16-18/,0,3,0,10.666666666666666
https://nad-lan.co.il/projects/%D7%91%D7%A8%D7%95%D7%93%D7%A6%D7%A7%D7%99/,0,2,0,6
https://nad-lan.co.il/projects/%D7%91%D7%A8%D7%95%D7%98-2-6/,0,2,0,9.5
https://nad-lan.co.il/projects/%D7%91%D7%A8%D7%95%D7%A8%D7%99%D7%94-5-11/,0,1,0,3
https://nad-lan.co.il/projects/%D7%91%D7%A8%D7%96%D7%99%D7%9C-14/,0,1,0,4
https://nad-lan.co.il/projects/%D7%91%D7%A8%D7%96%D7%99%D7%9C-4-12/,0,8,0,7.125
https://nad-lan.co.il/projects/%D7%91%D7%A8%D7%96%D7%99%D7%9C/,0,3,0,2.666666666666667
https://nad-lan.co.il/projects/%D7%91%D7%A8%D7%9C-%D7%9C%D7%95%D7%A7%D7%A8-25-26/,0,9,0,5.444444444444445
https://nad-lan.co.il/projects/%D7%91%D7%A8-%D7%99%D7%94%D7%95%D7%93%D7%94/,0,1,0,9
https://nad-lan.co.il/projects/%D7%91%D7%A8-%D7%99%D7%95%D7%97%D7%90%D7%99-18/,0,2,0,5
https://nad-lan.co.il/projects/%D7%91%D7%A8-%D7%9B%D7%95%D7%9B%D7%91%D7%90/,0,1,0,10
https://nad-lan.co.il/projects/%D7%92%D7%90%D7%A4%D7%A0%D7%95%D7%91/,0,3,0,3.6666666666666665
https://nad-lan.co.il/projects/%D7%92%D7%91%D7%A2%D7%AA-%D7%90%D7%95%D7%9C%D7%92%D7%94-%D7%90%D7%96%D7%95%D7%A8%D7%99%D7%9D/,0,2,0,21.5
https://nad-lan.co.il/projects/%D7%92%D7%91-661-%D7%92%D7%95%D7%9C%D7%95%D7%9E%D7%91-2-28/,0,2,0,10
https://nad-lan.co.il/projects/%D7%92%D7%95%D7%90%D7%98%D7%9E%D7%9C%D7%94-252729/,0,12,0,8.583333333333332
https://nad-lan.co.il/projects/%D7%92%D7%95%D7%95%D7%90%D7%98%D7%9E%D7%9C%D7%94/,0,1,0,9
https://nad-lan.co.il/projects/%D7%92%D7%95%D7%9C%D7%93%D7%94-%D7%94%D7%95%D7%A4%D7%99%D7%99%D7%9F-%D7%93%D7%99%D7%A8%D7%94-%D7%9C%D7%94%D7%A9%D7%9B%D7%99%D7%A8/,0,2,0,30.5
https://nad-lan.co.il/projects/%D7%92%D7%95%D7%A8%D7%93%D7%95%D7%9F-7-9/,0,5,0,10
https://nad-lan.co.il/projects/%D7%92%D7%95%D7%A9-%D7%A2%D7%A6%D7%99%D7%95%D7%9F/,0,3,0,13
https://nad-lan.co.il/projects/%D7%92%D7%99%D7%95%D7%A8%D7%90-%D7%A7%D7%93%D7%95%D7%A9%D7%99-%D7%9E%D7%A6%D7%A8%D7%99%D7%9D-%D7%94%D7%A8%D7%A6%D7%9C-%D7%91%D7%99%D7%90%D7%A7%D7%95%D7%91%D7%A1%D7%A7%D7%99/,0,1,0,10
https://nad-lan.co.il/projects/%D7%92%D7%9F-%D7%A0%D7%93%D7%99%D7%A8/,0,2,0,4
https://nad-lan.co.il/projects/%D7%92%D7%A0%D7%A1%D7%99%D7%9F-%D7%95%D7%99%D7%A6%D7%9E%D7%9F-%D7%A8%D7%9E%D7%91%D7%9D/,0,2,0,3
https://nad-lan.co.il/projects/%D7%93%D7%91%D7%95%D7%A8%D7%94-%D7%94%D7%A0%D7%91%D7%99%D7%90%D7%94/,0,3,0,16.333333333333336
https://nad-lan.co.il/projects/%D7%93%D7%91-%D7%92%D7%A8%D7%95%D7%A0%D7%A8-230-237/,0,4,0,22.25
https://nad-lan.co.il/projects/%D7%93%D7%91-%D7%92%D7%A8%D7%95%D7%A0%D7%A8-4-10-%D7%9E%D7%AA%D7%97%D7%9D-%D7%99%D7%93/,0,4,0,5.5
https://nad-lan.co.il/projects/%D7%93%D7%91-%D7%A7%D7%9E%D7%97%D7%99/,0,1,0,9
https://nad-lan.co.il/projects/%D7%93%D7%92%D7%A0%D7%99%D7%94/,0,1,0,9
https://nad-lan.co.il/projects/%D7%93%D7%94%D7%95%D7%9E%D7%99%D7%99-8/,0,2,0,6
https://nad-lan.co.il/projects/%D7%93%D7%95%D7%90%D7%A0%D7%99-%D7%94%D7%93%D7%A7%D7%9C/,0,2,0,6
https://nad-lan.co.il/projects/%D7%93%D7%95%D7%A8%D7%94-%D7%A8%D7%9E%D7%AA-%D7%99%D7%93%D7%99%D7%9F/,0,2,0,7
https://nad-lan.co.il/projects/%D7%93%D7%9C%D7%99%D7%94/,0,1,0,6
https://nad-lan.co.il/projects/%D7%93%D7%A0%D7%99%D7%94-2/,0,1,0,9
https://nad-lan.co.il/projects/%D7%93%D7%A8%D7%9A-%D7%94%D7%A9%D7%9C%D7%95%D7%9D-8789/,0,8,0,29.25
https://nad-lan.co.il/projects/%D7%93%D7%A8%D7%9A-%D7%97%D7%91%D7%A8%D7%95%D7%9F-%D7%93%D7%A8%D7%95%D7%9D/,0,1,0,2
https://nad-lan.co.il/projects/%D7%93%D7%A8%D7%9A-%D7%97%D7%91%D7%A8%D7%95%D7%9F-%D7%94%D7%92%D7%93%D7%95%D7%9C/,0,1,0,5
https://nad-lan.co.il/projects/%D7%93%D7%A8%D7%9A-%D7%97%D7%91%D7%A8%D7%95%D7%9F-%D7%A2%D7%99%D7%9F-%D7%92%D7%93%D7%99-%D7%A9%D7%9C%D7%95%D7%9D-%D7%99%D7%94%D7%95%D7%93%D7%94/,0,2,0,5
https://nad-lan.co.il/projects/%D7%93%D7%A8%D7%9A-%D7%A6%D7%A8%D7%A4%D7%AA-24-42/,0,5,0,4.6
https://nad-lan.co.il/projects/%D7%93%D7%A8-%D7%A1%D7%98%D7%95%D7%A4-24-%D7%A0%D7%AA%D7%A0%D7%99%D7%94/,0,5,0,7.2
https://nad-lan.co.il/projects/%D7%94%D7%90%D7%A6%D7%9C/,0,3,0,6
https://nad-lan.co.il/projects/%D7%94%D7%91%D7%99%D7%9C%D7%95%D7%99%D7%99%D7%9D/,0,2,0,10
https://nad-lan.co.il/projects/%D7%94%D7%91%D7%99%D7%AA-%D7%94%D7%9C%D7%91%D7%9F/,0,1,0,6
https://nad-lan.co.il/projects/%D7%94%D7%91%D7%A8%D7%99%D7%92%D7%93%D7%94-%D7%94%D7%99%D7%94%D7%95%D7%93%D7%99%D7%AA/,0,2,0,1.5
https://nad-lan.co.il/projects/%D7%94%D7%92%D7%A0%D7%94-%D7%A1%D7%9C%D7%95%D7%95%D7%93%D7%95%D7%A8/,0,3,0,5.666666666666667
https://nad-lan.co.il/projects/%D7%94%D7%92%D7%A4%D7%9F-2/,0,1,0,1
https://nad-lan.co.il/projects/%D7%94%D7%92%D7%A4%D7%9F-8-10-%D7%A8%D7%92/,0,182,0,8.95054945054945
https://nad-lan.co.il/projects/%D7%94%D7%93%D7%92%D7%A0%D7%99%D7%9D-11-15/,0,1,0,9
https://nad-lan.co.il/projects/%D7%94%D7%93%D7%95%D7%93%D7%90%D7%99%D7%9D/,0,2,0,7
https://nad-lan.co.il/projects/%D7%94%D7%93%D7%95%D7%9C%D7%91/,0,2,0,7
https://nad-lan.co.il/projects/%D7%94%D7%93%D7%97%D7%9C%D7%99%D7%9D-%D7%90%D7%91%D7%90-%D7%94%D7%9C%D7%9C/,0,1,0,1
https://nad-lan.co.il/projects/%D7%94%D7%93%D7%A8-%D7%93%D7%99%D7%A8%D7%94-%D7%9C%D7%94%D7%A9%D7%9B%D7%99%D7%A8/,0,1,0,9
https://nad-lan.co.il/projects/%D7%94%D7%93%D7%A8-%D7%99%D7%95%D7%A1%D7%A3-%D7%9C%D7%95%D7%93%D7%92/,0,9,0,14.555555555555555
https://nad-lan.co.il/projects/%D7%94%D7%93%D7%A8-6/,0,16,0,22.375
https://nad-lan.co.il/projects/%D7%94%D7%94%D7%A1%D7%AA%D7%93%D7%A8%D7%95%D7%AA-%D7%A9%D7%A0%D7%A7%D7%A8/,0,2,0,5.5
https://nad-lan.co.il/projects/%D7%94%D7%94%D7%A1%D7%AA%D7%93%D7%A8%D7%95%D7%AA-143-145/,0,10,0,9.5
https://nad-lan.co.il/projects/%D7%94%D7%94%D7%A8%D7%93%D7%95%D7%A3/,0,1,0,9
https://nad-lan.co.il/projects/%D7%94%D7%96%D7%9E%D7%99%D7%A8/,0,1,0,72
https://nad-lan.co.il/projects/%D7%94%D7%97%D7%99%D7%99%D7%9C-%D7%94%D7%90%D7%9C%D7%9E%D7%95%D7%A0%D7%99-%D7%96%D7%91%D7%95%D7%98%D7%99%D7%A0%D7%A1%D7%A7%D7%99-%D7%94%D7%A8%D7%A6%D7%9C/,0,1,0,9
https://nad-lan.co.il/projects/%D7%94%D7%97%D7%A9%D7%9E%D7%95%D7%A0%D7%90%D7%99%D7%9D-%D7%99%D7%95%D7%A1%D7%A4%D7%98%D7%9C/,0,4,0,5.5
https://nad-lan.co.il/projects/%D7%94%D7%98%D7%99%D7%99%D7%A1%D7%99%D7%9D-6810/,0,9,0,21.444444444444443
https://nad-lan.co.il/projects/%D7%94%D7%99%D7%A1%D7%9E%D7%99%D7%9F/,0,1,0,10
https://nad-lan.co.il/projects/%D7%94%D7%9C%D7%99%D7%9C%D7%9A-%D7%94%D7%A2%D7%A6%D7%9E%D7%90%D7%95%D7%AA/,0,3,0,27.666666666666668
https://nad-lan.co.il/projects/%D7%94%D7%9E%D7%91%D7%93%D7%99%D7%9C/,0,1,0,5
https://nad-lan.co.il/projects/%D7%94%D7%9E%D7%91%D7%95%D7%90%D7%94-%D7%94%D7%A6%D7%A4%D7%95%D7%A0%D7%99%D7%AA/,0,3,0,10
https://nad-lan.co.il/projects/%D7%94%D7%9E%D7%97%D7%AA%D7%A8%D7%95%D7%AA-13-21-%D7%A9%D7%9C%D7%9E%D7%94-%D7%91%D7%9F-%D7%99%D7%95%D7%A1%D7%A3-203-207-%D7%9E%D7%AA%D7%97%D7%9D-%D7%99%D7%96/,0,2,0,1.5
https://nad-lan.co.il/projects/%D7%94%D7%9E%D7%97%D7%AA%D7%A8%D7%95%D7%AA/,0,9,0,48.22222222222222
https://nad-lan.co.il/projects/%D7%94%D7%9E%D7%9C%D7%9A-%D7%90%D7%9E%D7%A6%D7%99%D7%94/,0,2,0,8.5
https://nad-lan.co.il/projects/%D7%94%D7%9E%D7%9C%D7%9A-%D7%A9%D7%9C%D7%9E%D7%94/,0,1,0,53
https://nad-lan.co.il/projects/%D7%94%D7%9E%D7%A2%D7%A4%D7%99%D7%9C%D7%99%D7%9D-%D7%9E%D7%AA%D7%97%D7%9D-8/,0,5,0,5
https://nad-lan.co.il/projects/%D7%94%D7%9E%D7%A2%D7%A4%D7%99%D7%9C%D7%99%D7%9D-2/,0,2,0,7.5
https://nad-lan.co.il/projects/%D7%94%D7%9E%D7%A2%D7%A4%D7%99%D7%9C%D7%99%D7%9D/,0,6,0,58.666666666666664
https://nad-lan.co.il/projects/%D7%94%D7%9E%D7%A7%D7%A9%D7%A8/,0,2,0,7
https://nad-lan.co.il/projects/%D7%94%D7%9E%D7%A8%D7%99-%D7%A0%D7%99%D7%A6%D7%A0%D7%94/,0,2,0,7.5
https://nad-lan.co.il/projects/%D7%94%D7%A0%D7%95%D7%A8%D7%99%D7%AA/,0,1,0,9
https://nad-lan.co.il/projects/%D7%94%D7%A0%D7%98%D7%A7%D7%94-48-%D7%97%D7%99%D7%99%D7%9D-%D7%97%D7%91%D7%99%D7%91-6-7/,0,4,0,3.5
https://nad-lan.co.il/projects/%D7%94%D7%A0%D7%A8%D7%99%D7%99%D7%98%D7%94-%D7%A1%D7%90%D7%9C%D7%93-%D7%A4%D7%99%D7%A0%D7%AA-%D7%A2%D7%9C%D7%99%D7%99%D7%AA-%D7%94%D7%A0%D7%95%D7%A2%D7%A8/,0,1,0,7
https://nad-lan.co.il/projects/%D7%94%D7%A0%D7%A8%D7%99%D7%99%D7%98%D7%94-%D7%A1%D7%90%D7%9C%D7%93/,0,1,0,20
https://nad-lan.co.il/projects/%D7%94%D7%A0%D7%A8%D7%A7%D7%99%D7%A1-%D7%94%D7%A8%D7%A7%D7%A4%D7%AA/,0,1,0,8
https://nad-lan.co.il/projects/%D7%94%D7%A0%D7%A8%D7%A7%D7%99%D7%A1/,0,3,0,26.666666666666668
https://nad-lan.co.il/projects/%D7%94%D7%A1%D7%AA%D7%93%D7%A8%D7%95%D7%AA/,0,4,0,85.25
https://nad-lan.co.il/projects/%D7%94%D7%A2%D7%92%D7%95%D7%A8-%D7%92%D7%96%D7%99%D7%AA/,0,4,0,4
https://nad-lan.co.il/projects/%D7%94%D7%A2%D7%99%D7%9C%D7%95%D7%99-2-10-%D7%A7%D7%95%D7%A8%D7%95%D7%AA-%D7%94%D7%A2%D7%99%D7%AA%D7%99%D7%9D-5/,0,1,0,5
https://nad-lan.co.il/projects/%D7%94%D7%A2%D7%99%D7%A8-%D7%94%D7%A2%D7%AA%D7%99%D7%A7%D7%94-2/,0,1,0,12
https://nad-lan.co.il/projects/%D7%94%D7%A2%D7%9C%D7%99%D7%94-%D7%94%D7%A9%D7%A0%D7%99%D7%94-20/,0,2,0,13.5
https://nad-lan.co.il/projects/%D7%94%D7%A2%D7%9C%D7%99%D7%99%D7%94-%D7%94%D7%A9%D7%A0%D7%99%D7%99%D7%94-2/,0,1,0,10
https://nad-lan.co.il/projects/%D7%94%D7%A2%D7%9C%D7%99%D7%99%D7%94-%D7%94%D7%A9%D7%A0%D7%99%D7%99%D7%94/,0,6,0,6.666666666666667
https://nad-lan.co.il/projects/%D7%94%D7%A2%D7%9E%D7%9C/,0,6,0,52.833333333333336
https://nad-lan.co.il/projects/%D7%94%D7%A2%D7%A6%D7%9E%D7%90%D7%95%D7%AA-%D7%91%D7%9C%D7%A4%D7%95%D7%A8/,0,4,0,19.75
https://nad-lan.co.il/projects/%D7%94%D7%A4%D7%9C%D7%9E%D7%97-49-51-%D7%94%D7%A9%D7%99%D7%99%D7%A8%D7%95%D7%AA-2/,0,2,0,8
https://nad-lan.co.il/projects/%D7%94%D7%A4%D7%9C%D7%9E%D7%97/,0,3,0,6.333333333333333
https://nad-lan.co.il/projects/%D7%94%D7%A6%D7%A0%D7%97%D7%A0%D7%99%D7%9D/,0,6,0,31.5
https://nad-lan.co.il/projects/%D7%94%D7%A6%D7%A4%D7%99%D7%A8%D7%94/,0,1,0,4
https://nad-lan.co.il/projects/%D7%94%D7%A7%D7%A6%D7%99%D7%9F-%D7%A1%D7%99%D7%9C%D7%91%D7%A8/,0,1,0,6
https://nad-lan.co.il/projects/%D7%94%D7%A7%D7%A8%D7%9F/,0,19,0,72
https://nad-lan.co.il/projects/%D7%94%D7%A8%D7%90%D7%94-103-105-107-%D7%99%D7%95%D7%A0%D7%94-2-4-6/,0,5,0,7.8
https://nad-lan.co.il/projects/%D7%94%D7%A8%D7%90%D7%94-174-176-%D7%90%D7%94%D7%95%D7%93-4/,0,2,0,10.5
https://nad-lan.co.il/projects/%D7%94%D7%A8%D7%91-%D7%9E%D7%99%D7%9E%D7%95%D7%9F-%D7%90%D7%A0%D7%94-%D7%A4%D7%A8%D7%A0%D7%A7/,0,1,0,7
https://nad-lan.co.il/projects/%D7%94%D7%A8%D7%91-%D7%9E%D7%99%D7%9E%D7%95%D7%9F-3/,0,1,0,8
https://nad-lan.co.il/projects/%D7%94%D7%A8%D7%91-%D7%A7%D7%95%D7%A7-%D7%91%D7%A8-%D7%9B%D7%95%D7%9B%D7%91%D7%90/,0,2,0,6.5
https://nad-lan.co.il/projects/%D7%94%D7%A8%D7%91-%D7%A9%D7%90%D7%95%D7%9C%D7%99-%D7%90%D7%91%D7%99%D7%A1%D7%A8%D7%95%D7%A8/,0,1,0,9
https://nad-lan.co.il/projects/%D7%94%D7%A8%D7%95%D7%90%D7%94-%D7%94%D7%92%D7%AA-%D7%A8%D7%9E%D7%AA-%D7%92%D7%9F/,0,5,0,7.4
https://nad-lan.co.il/projects/%D7%94%D7%A8%D7%95%D7%90%D7%94-90-102/,0,1,0,10
https://nad-lan.co.il/projects/%D7%94%D7%A8%D7%9B%D7%A1%D7%99%D7%9D/,0,1,0,31
https://nad-lan.co.il/projects/%D7%94%D7%A8%D7%A6%D7%95%D7%92/,0,6,0,7.166666666666667
https://nad-lan.co.il/projects/%D7%94%D7%A8%D7%A6%D7%9C-%D7%A2%D7%99%D7%9F-%D7%94%D7%A7%D7%95%D7%A8%D7%90/,0,1,0,5
https://nad-lan.co.il/projects/%D7%94%D7%A8%D7%A6%D7%9C-123-%D7%94%D7%9E%D7%99%D7%99%D7%A1%D7%93%D7%99%D7%9D/,0,4,0,3.25
https://nad-lan.co.il/projects/%D7%94%D7%A8%D7%A6%D7%9C-3/,0,4,0,2.25
https://nad-lan.co.il/projects/%D7%94%D7%A8%D7%A6%D7%9C-54-58-%D7%A8%D7%91-%D7%A6%D7%A2%D7%99%D7%A8-3-5%D7%A3-%D7%94%D7%91%D7%A8%D7%95%D7%9F-%D7%94%D7%99%D7%A8%D7%A9-3/,0,5,0,6.2
https://nad-lan.co.il/projects/%D7%94%D7%A8%D7%A6%D7%9C-88-%D7%A8%D7%97%D7%9C-%D7%94%D7%9E%D7%A9%D7%95%D7%A8%D7%A8%D7%AA-20/,0,6,0,8.833333333333332
https://nad-lan.co.il/projects/%D7%94%D7%A8-%D7%9E%D7%99%D7%A8%D7%95%D7%9F-%D7%A0%D7%95%D7%95%D7%94-%D7%99%D7%A9%D7%A8%D7%90%D7%9C/,0,4,0,3.25
https://nad-lan.co.il/projects/%D7%94%D7%A9%D7%99%D7%98%D7%94-2/,0,2,0,2.5
https://nad-lan.co.il/projects/%D7%94%D7%AA%D7%90%D7%A0%D7%94/,0,2,0,5.5
https://nad-lan.co.il/projects/%D7%94%D7%AA%D7%95%D7%9E%D7%A8-8-10/,0,1,0,9
https://nad-lan.co.il/projects/%D7%94%D7%AA%D7%95%D7%AA%D7%97%D7%A0%D7%99%D7%9D-9-17/,0,1,0,3
https://nad-lan.co.il/projects/%D7%94%D7%AA%D7%97%D7%93%D7%A9%D7%95%D7%AA-%D7%9E%D7%AA%D7%97%D7%9D-%D7%9E%D7%9B%D7%91%D7%99/,0,12,0,10.333333333333334
https://nad-lan.co.il/projects/%D7%94%D7%AA%D7%97%D7%93%D7%A9%D7%95%D7%AA-%D7%A2%D7%99%D7%A8%D7%95%D7%A0%D7%99%D7%AA-%D7%A0%D7%95%D7%94-%D7%A9%D7%90%D7%A0%D7%9F-20-%D7%91%D7%95%D7%A8%D7%9C%D7%90/,0,2,0,9.5
https://nad-lan.co.il/projects/%D7%94%D7%AA%D7%A4%D7%95%D7%96/,0,1,0,2
https://nad-lan.co.il/projects/%D7%95%D7%95%D7%9C%D7%A4%D7%A1%D7%95%D7%9F/,0,3,0,15.666666666666666
https://nad-lan.co.il/projects/%D7%95%D7%99%D7%A0%D7%92%D7%99%D7%99%D7%98-%D7%9C%D7%94-%D7%92%D7%95%D7%95%D7%90%D7%A8%D7%93%D7%99%D7%94/,0,2,0,10
https://nad-lan.co.il/projects/%D7%95%D7%99%D7%A6%D7%9E%D7%9F-%D7%92%D7%90%D7%95%D7%9C%D7%94/,0,4,0,5
https://nad-lan.co.il/projects/%D7%95%D7%99%D7%A6%D7%9E%D7%9F-%D7%96-%D7%91%D7%95%D7%98%D7%99%D7%A0%D7%A1%D7%A7%D7%99/,0,2,0,7.5
https://nad-lan.co.il/projects/%D7%95%D7%99%D7%A6%D7%9E%D7%9F-48-52/,0,6,0,6
https://nad-lan.co.il/projects/%D7%95%D7%99%D7%A6%D7%9E%D7%9F-6-12/,0,2,0,7.5
https://nad-lan.co.il/projects/%D7%96%D7%90%D7%9F-%D7%96%D7%95%D7%A8%D7%A1-16-32/,0,5,0,5.6
https://nad-lan.co.il/projects/%D7%96%D7%91%D7%95%D7%98%D7%99%D7%A0%D7%A1%D7%A7%D7%99-19/,0,6,0,9
https://nad-lan.co.il/projects/%D7%96%D7%95%D7%92%D7%95%D7%AA-%D7%A6%D7%A2%D7%99%D7%A8%D7%99%D7%9D/,0,29,0,36.41379310344828
https://nad-lan.co.il/projects/%D7%96%D7%95%D7%9C%D7%95%D7%98%D7%95%D7%91/,0,5,0,5.4
https://nad-lan.co.il/projects/%D7%96%D7%9C%D7%9E%D7%9F-%D7%A9%D7%A0%D7%99%D7%90%D7%95%D7%A8-7-13/,0,1,0,10
https://nad-lan.co.il/projects/%D7%97%D7%91%D7%99%D7%91%D7%94-%D7%A8%D7%99%D7%99%D7%9A/,0,1,0,10
https://nad-lan.co.il/projects/%D7%97%D7%96%D7%95%D7%9F-%D7%A6%D7%99%D7%95%D7%9F-7-9/,0,1,0,8
https://nad-lan.co.il/projects/%D7%97%D7%99%D7%99%D7%9D-%D7%90%D7%A8%D7%99%D7%90%D7%91-25/,0,2,0,5
https://nad-lan.co.il/projects/%D7%97%D7%99%D7%9C-%D7%94%D7%99%D7%9D/,0,1,0,2
https://nad-lan.co.il/projects/%D7%97%D7%99%D7%9D-%D7%97%D7%91%D7%99%D7%9D-%D7%97%D7%91%D7%99%D7%9D-3/,0,1,0,2
https://nad-lan.co.il/projects/%D7%97%D7%9C%D7%9E%D7%99%D7%AA/,0,2,0,7
https://nad-lan.co.il/projects/%D7%97%D7%A0%D7%94-%D7%95%D7%9E%D7%99%D7%9B%D7%90%D7%9C-%D7%9C%D7%95%D7%99%D7%9F/,0,2,0,2
https://nad-lan.co.il/projects/%D7%97%D7%A0%D7%94-%D7%A1%D7%A0%D7%A9-%D7%90%D7%A0%D7%99%D7%9C%D7%91%D7%99%D7%A5/,0,3,0,9
https://nad-lan.co.il/projects/%D7%97%D7%A0%D7%A7%D7%99%D7%9F-%D7%9E%D7%A8%D7%9B%D7%96/,0,2,0,7.5
https://nad-lan.co.il/projects/%D7%97%D7%A0%D7%A7%D7%99%D7%9F-57-61/,0,1,0,9
https://nad-lan.co.il/projects/%D7%97%D7%A1%D7%91%D7%95%D7%9F/,0,1,0,9
https://nad-lan.co.il/projects/%D7%98%D7%90%D7%92%D7%95%D7%A8/,0,3,0,9.666666666666666
https://nad-lan.co.il/projects/%D7%98%D7%91%D7%A0%D7%A7%D7%99%D7%9F-7-13-%D7%94%D7%AA%D7%97%D7%93%D7%A9%D7%95%D7%AA-%D7%A2%D7%99%D7%A8%D7%95%D7%A0%D7%99%D7%AA/,0,2,0,9
https://nad-lan.co.il/projects/%D7%98%D7%94%D7%95%D7%9F-1-2/,0,1,0,54
https://nad-lan.co.il/projects/%D7%98%D7%94%D7%95%D7%9F-3/,0,1,0,5
https://nad-lan.co.il/projects/%D7%98%D7%94%D7%95%D7%9F-4/,0,6,0,5.333333333333333
https://nad-lan.co.il/projects/%D7%98%D7%A9%D7%A8%D7%A0%D7%99%D7%97%D7%95%D7%91%D7%A1%D7%A7%D7%99-52-54-55/,0,1,0,9
https://nad-lan.co.il/projects/%D7%98%D7%A9%D7%A8%D7%A0%D7%99%D7%97%D7%95%D7%91%D7%A1%D7%A7%D7%99/,0,14,0,30.5
https://nad-lan.co.il/projects/%D7%99%D7%90%D7%A0%D7%95%D7%A9-%D7%A7%D7%95%D7%A8%D7%A6%D7%A7/,0,3,0,7.666666666666667
https://nad-lan.co.il/projects/%D7%99%D7%93%D7%A2-%D7%A2%D7%9D/,0,2,0,3
https://nad-lan.co.il/projects/%D7%99%D7%93-%D7%94%D7%AA%D7%A9%D7%A2%D7%94/,0,13,0,5.6923076923076925
https://nad-lan.co.il/projects/%D7%99%D7%93-%D7%9C%D7%91%D7%A0%D7%99%D7%9D/,0,21,0,4.0476190476190474
https://nad-lan.co.il/projects/%D7%99%D7%94%D7%95%D7%A9%D7%A4%D7%98-%D7%A0%D7%95%D7%95%D7%94-%D7%93%D7%95%D7%93/,0,3,0,3.3333333333333335
https://nad-lan.co.il/projects/%D7%99%D7%95%D7%90%D7%91/,0,2,0,8.5
https://nad-lan.co.il/projects/%D7%99%D7%95%D7%A1%D7%A4%D7%98%D7%9C-4/,0,2,0,8.5
https://nad-lan.co.il/projects/%D7%99%D7%95%D7%A1%D7%A4%D7%98%D7%9C-5/,0,1,0,9
https://nad-lan.co.il/projects/%D7%99%D7%95%D7%A1%D7%A4%D7%98%D7%9C-8/,0,3,0,3.3333333333333335
https://nad-lan.co.il/projects/%D7%99%D7%95%D7%A1%D7%A4%D7%98%D7%9C/,0,3,0,9.333333333333334
https://nad-lan.co.il/projects/%D7%99%D7%95%D7%A1%D7%A4%D7%99/,0,6,0,6.5
https://nad-lan.co.il/projects/%D7%99%D7%97%D7%91%D7%95%D7%91-%D7%99%D7%A6%D7%97%D7%A7-%D7%A9%D7%93%D7%94-%D7%9E%D7%AA%D7%97%D7%9E%D7%99%D7%9D-910-%D7%A8%D7%9E%D7%AA-%D7%95%D7%A8%D7%91%D7%A8/,0,6,0,6.333333333333333
https://nad-lan.co.il/projects/%D7%99%D7%9C%D7%93%D7%99-%D7%98%D7%94%D7%A8%D7%9F/,0,1,0,10
https://nad-lan.co.il/projects/%D7%99%D7%A2%D7%A7%D7%91-%D7%90%D7%91%D7%99%D7%A0%D7%95-%D7%A8%D7%92%D7%A8/,0,1,0,10
https://nad-lan.co.il/projects/%D7%99%D7%A2%D7%A7%D7%91-%D7%9E%D7%9C%D7%95%D7%9C-%D7%A7%D7%A8%D7%99%D7%AA-%D7%A9%D7%9E%D7%95%D7%A0%D7%94/,0,8,0,21.5
https://nad-lan.co.il/projects/%D7%99%D7%A4%D7%95/,0,39,0,74.58974358974359
https://nad-lan.co.il/projects/%D7%99%D7%A4%D7%AA%D7%97/,0,2,0,3.5
https://nad-lan.co.il/projects/%D7%99%D7%A4%D7%AA/,0,2,0,27.5
https://nad-lan.co.il/projects/%D7%99%D7%A6%D7%97%D7%A7-%D7%A9%D7%93%D7%94/,0,3,0,6.666666666666667
https://nad-lan.co.il/projects/%D7%99%D7%A6%D7%99%D7%90%D7%AA-%D7%90%D7%99%D7%A8%D7%95%D7%A4%D7%94/,0,1,0,7
https://nad-lan.co.il/projects/%D7%99%D7%A8%D7%95%D7%A9%D7%9C%D7%99%D7%9D-%D7%94%D7%91%D7%99%D7%A8%D7%94/,0,2,0,4
https://nad-lan.co.il/projects/%D7%99%D7%A9%D7%A8%D7%90%D7%9C-%D7%A4%D7%A8%D7%A0%D7%A7%D7%9C/,0,1,0,2
https://nad-lan.co.il/projects/%D7%99%D7%AA%D7%93-%D7%91%D7%91%D7%A8%D7%96%D7%99%D7%9C/,0,9,0,4.222222222222222
https://nad-lan.co.il/projects/%D7%9B%D7%93%D7%95%D7%A8%D7%99/,0,1,0,8
https://nad-lan.co.il/projects/%D7%9B%D7%98-%D7%91%D7%A0%D7%95%D7%91%D7%9E%D7%91%D7%A8-%D7%9E%D7%90%D7%95%D7%97%D7%93/,0,3,0,6
https://nad-lan.co.il/projects/%D7%9B%D7%98-%D7%91%D7%A0%D7%95%D7%91%D7%9E%D7%91%D7%A8-28/,0,9,0,8.444444444444445
https://nad-lan.co.il/projects/%D7%9B%D7%99%D7%9B%D7%A8-%D7%94%D7%AA%D7%A8%D7%91%D7%95%D7%AA/,0,1,0,8
https://nad-lan.co.il/projects/%D7%9B%D7%99%D7%A1%D7%95%D7%A4%D7%99%D7%9D/,0,2,0,3
https://nad-lan.co.il/projects/%D7%9B%D7%A4%D7%A8-%D7%A9%D7%9C%D7%9D/,0,5,0,15.8
https://nad-lan.co.il/projects/%D7%9B%D7%A6%D7%A0%D7%9C%D7%A1%D7%95%D7%9F-2/,0,2,0,8
https://nad-lan.co.il/projects/%D7%9B%D7%A6%D7%A0%D7%9C%D7%A1%D7%95%D7%9F-40-42-44/,0,1,0,8
https://nad-lan.co.il/projects/%D7%9B%D7%A6%D7%A0%D7%9C%D7%A1%D7%95%D7%9F-61-57/,0,1,0,9
https://nad-lan.co.il/projects/%D7%9B%D7%A6%D7%A0%D7%9C%D7%A1%D7%95%D7%9F/,0,4,0,9.75
https://nad-lan.co.il/projects/%D7%9B%D7%A8%D7%9E%D7%95%D7%9F/,0,6,0,6.333333333333333
https://nad-lan.co.il/projects/%D7%9C%D7%91-%D7%94%D7%9B%D7%A8%D7%9D/,0,6,0,15
https://nad-lan.co.il/projects/%D7%9C%D7%91-%D7%94%D7%A2%D7%99%D7%A8/,0,1,0,9
https://nad-lan.co.il/projects/%D7%9C%D7%94-%D7%92%D7%95%D7%90%D7%A8%D7%93%D7%99%D7%94-24-28/,0,3,0,4
https://nad-lan.co.il/projects/%D7%9C%D7%94-%D7%92%D7%95%D7%95%D7%90%D7%A8%D7%93%D7%99%D7%94-%D7%9E%D7%96%D7%A8%D7%97/,0,2,0,3
https://nad-lan.co.il/projects/%D7%9C%D7%95%D7%93-%D7%93%D7%A8%D7%95%D7%9D/,0,1,0,59
https://nad-lan.co.il/projects/%D7%9C%D7%95%D7%99-%D7%90%D7%A9%D7%9B%D7%95%D7%9C/,0,3,0,6.666666666666667
https://nad-lan.co.il/projects/%D7%9C%D7%9B%D7%99%D7%A9-%D7%93%D7%A8%D7%95%D7%9D/,0,1,0,12
https://nad-lan.co.il/projects/%D7%9C%D7%9E%D7%A8%D7%97%D7%91/,0,1,0,4
https://nad-lan.co.il/projects/%D7%9E%D7%91%D7%A6%D7%A2-%D7%A1%D7%99%D7%A0%D7%99-25-27/,0,1,0,9
https://nad-lan.co.il/projects/%D7%9E%D7%92%D7%93%D7%99%D7%90%D7%9C-55/,0,3,0,7
https://nad-lan.co.il/projects/%D7%9E%D7%92%D7%93%D7%9C%D7%99%D7%9D-%D7%91%D7%A9%D7%93%D7%A8%D7%94/,0,1,0,5
https://nad-lan.co.il/projects/%D7%9E%D7%92%D7%93%D7%9C%D7%99-%D7%94%D7%92%D7%A4%D7%9F-2/,0,2,0,7
https://nad-lan.co.il/projects/%D7%9E%D7%92%D7%93%D7%9C-%D7%94%D7%99%D7%9D-%D7%A8%D7%95%D7%98%D7%A9%D7%99%D7%9C%D7%93-2/,0,24,0,11.666666666666666
https://nad-lan.co.il/projects/%D7%9E%D7%95%D7%94%D7%9C%D7%99%D7%91%D7%A8/,0,2,0,15.5
https://nad-lan.co.il/projects/%D7%9E%D7%95%D7%9C-%D7%94%D7%AA%D7%97%D7%A0%D7%94-%D7%94%D7%9E%D7%A8%D7%9B%D7%96%D7%99%D7%AA/,0,1,0,4
https://nad-lan.co.il/projects/%D7%9E%D7%95%D7%A0%D7%98%D7%99%D7%A4%D7%99%D7%95%D7%A8%D7%99-%D7%90%D7%95%D7%A1%D7%99%D7%A9%D7%A7%D7%99%D7%9F/,0,2,0,8.5
https://nad-lan.co.il/projects/%D7%9E%D7%95%D7%A6%D7%A7%D7%99%D7%9F-%D7%A8%D7%95%D7%A4%D7%99%D7%9F/,0,3,0,9.333333333333334
https://nad-lan.co.il/projects/%D7%9E%D7%98%D7%A8%D7%95-%D7%90%D7%A8%D7%9C%D7%95%D7%96%D7%95%D7%A8%D7%95%D7%91/,0,5,0,11
https://nad-lan.co.il/projects/%D7%9E%D7%98%D7%A8%D7%95-%D7%94%D7%A8%D7%90%D7%94/,0,8,0,3.5
https://nad-lan.co.il/projects/%D7%9E%D7%98%D7%A8%D7%95-%D7%9E%D7%96%D7%A8%D7%97/,0,2,0,5
https://nad-lan.co.il/projects/%D7%9E%D7%9C%D7%9B%D7%99-%D7%99%D7%A9%D7%A8%D7%90%D7%9C-5961-%D7%AA%D7%97%D7%9B%D7%9E%D7%95%D7%A0%D7%99-32/,0,14,0,8.5
https://nad-lan.co.il/projects/%D7%9E%D7%9C%D7%9B%D7%99-%D7%A6%D7%93%D7%A7-5-7/,0,3,0,9.333333333333334
https://nad-lan.co.il/projects/%D7%9E%D7%A0%D7%93%D7%9C%D7%91%D7%9C%D7%98/,0,3,0,2.333333333333333
https://nad-lan.co.il/projects/%D7%9E%D7%A0%D7%97%D7%9D-%D7%91%D7%92%D7%99%D7%9F-2/,0,1,0,4
https://nad-lan.co.il/projects/%D7%9E%D7%A2%D7%92%D7%9C%D7%99-%D7%99%D7%91%D7%A0%D7%94/,0,5,0,17.4
https://nad-lan.co.il/projects/%D7%9E%D7%A2%D7%95%D7%96-%D7%90%D7%91%D7%99%D7%91-%D7%A6%D7%A4%D7%95%D7%9F-%D7%9E%D7%A8%D7%9B%D7%96/,0,3,0,3.3333333333333335
https://nad-lan.co.il/projects/%D7%9E%D7%A2%D7%95%D7%A0%D7%95%D7%AA-%D7%A9%D7%A8%D7%94/,0,4,0,5
https://nad-lan.co.il/projects/%D7%9E%D7%A2%D7%9C%D7%94-%D7%94%D7%92%D7%99%D7%91%D7%95%D7%A8%D7%99%D7%9D/,0,2,0,7
https://nad-lan.co.il/projects/%D7%9E%D7%A2%D7%9C%D7%94-%D7%94%D7%A9%D7%95%D7%90%D7%91%D7%94/,0,3,0,12.333333333333334
https://nad-lan.co.il/projects/%D7%9E%D7%A2%D7%9C%D7%95%D7%AA-%D7%93%D7%A4%D7%A0%D7%94-123124/,0,1,0,6
https://nad-lan.co.il/projects/%D7%9E%D7%A2%D7%A4%D7%99%D7%9C%D7%99-%D7%90%D7%92%D7%95%D7%96/,0,1,0,6
https://nad-lan.co.il/projects/%D7%9E%D7%A7%D7%A1%D7%99%D7%A7%D7%95/,0,1,0,10
https://nad-lan.co.il/projects/%D7%9E%D7%A8%D7%97%D7%91-%D7%AA%D7%97%D7%A0%D7%AA-%D7%94%D7%9E%D7%98%D7%A8%D7%95-%D7%A0%D7%92%D7%94-%D7%9B%D7%A6%D7%A0%D7%9C%D7%A1%D7%95%D7%9F/,0,5,0,3.6
https://nad-lan.co.il/projects/%D7%9E%D7%A8%D7%9B%D7%96%D7%99-%D7%94%D7%A2%D7%99%D7%A8/,0,2,0,5.5
https://nad-lan.co.il/projects/%D7%9E%D7%A8%D7%9B%D7%96-%D7%92%D7%99%D7%9C%D7%AA/,0,4,0,5.25
https://nad-lan.co.il/projects/%D7%9E%D7%A8%D7%9B%D7%96-%D7%99%D7%94%D7%95%D7%93/,0,1,0,9
https://nad-lan.co.il/projects/%D7%9E%D7%A8%D7%9B%D7%96-%D7%9E%D7%A1%D7%97%D7%A8%D7%99-%D7%A8%D7%95%D7%91%D7%A2-%D7%90/,0,2,0,5
https://nad-lan.co.il/projects/%D7%9E%D7%A8%D7%9B%D7%96-%D7%A7%D7%9C%D7%99%D7%98%D7%94-%D7%92%D7%99%D7%9C%D7%94/,0,1,0,11
https://nad-lan.co.il/projects/%D7%9E%D7%A9%D7%94-%D7%A9%D7%A8%D7%AA/,0,4,0,7
https://nad-lan.co.il/projects/%D7%9E%D7%A9%D7%95%D7%9C%D7%A9-%D7%90%D7%9C%D7%97%D7%A0%D7%9F/,0,4,0,7.5
https://nad-lan.co.il/projects/%D7%9E%D7%A9%D7%9E%D7%A8-%D7%94%D7%99%D7%A8%D7%93%D7%9F/,0,1,0,9
https://nad-lan.co.il/projects/%D7%9E%D7%AA%D7%97%D7%9D-%D7%90%D7%A8%D7%9C%D7%95%D7%96%D7%95%D7%A8%D7%95%D7%91-%D7%94%D7%9E%D7%AA%D7%9E%D7%99%D7%93/,0,4,0,7.25
https://nad-lan.co.il/projects/%D7%9E%D7%AA%D7%97%D7%9D-%D7%90%D7%A8%D7%9C%D7%95%D7%96%D7%95%D7%A8%D7%95%D7%91-%D7%A9%D7%9E%D7%97%D7%94-%D7%94%D7%9E%D7%AA%D7%9E%D7%99%D7%93/,0,2,0,6
https://nad-lan.co.il/projects/%D7%9E%D7%AA%D7%97%D7%9D-%D7%91%D7%99%D7%90%D7%9C%D7%99%D7%A7-911/,0,28,0,10.928571428571429
https://nad-lan.co.il/projects/%D7%9E%D7%AA%D7%97%D7%9D-%D7%91%D7%9F-%D7%92%D7%95%D7%A8%D7%99%D7%95%D7%9F/,0,8,0,6.5
https://nad-lan.co.il/projects/%D7%9E%D7%AA%D7%97%D7%9D-%D7%91%D7%A8-%D7%9C%D7%91/,0,1,0,39
https://nad-lan.co.il/projects/%D7%9E%D7%AA%D7%97%D7%9D-%D7%94%D7%92%D7%A4%D7%9F-1-4/,0,5,0,6.8
https://nad-lan.co.il/projects/%D7%9E%D7%AA%D7%97%D7%9D-%D7%94%D7%97%D7%9C%D7%95%D7%A5-%D7%9E%D7%A9%D7%9B%D7%9F-%D7%A9%D7%99%D7%9C%D7%94/,0,1,0,4
https://nad-lan.co.il/projects/%D7%9E%D7%AA%D7%97%D7%9D-%D7%94%D7%A0%D7%A9%D7%99%D7%90-%D7%99%D7%93-%D7%94%D7%96%D7%94%D7%91/,0,2,0,7
https://nad-lan.co.il/projects/%D7%9E%D7%AA%D7%97%D7%9D-%D7%94%D7%A8%D7%A6%D7%9C-%D7%A9%D7%9B%D7%95%D7%A0%D7%AA-%D7%90%D7%95%D7%A9%D7%99%D7%95%D7%AA/,0,4,0,3
https://nad-lan.co.il/projects/%D7%9E%D7%AA%D7%97%D7%9D-%D7%96%D7%91%D7%95%D7%98%D7%99%D7%A0%D7%A1%D7%A7%D7%99-39-41-%D7%9E%D7%A7%D7%93%D7%95%D7%A0%D7%9C%D7%93/,0,1,0,3
https://nad-lan.co.il/projects/%D7%9E%D7%AA%D7%97%D7%9D-%D7%98%D7%95%D7%91%D7%99%D7%94%D7%95-%D7%94%D7%A6%D7%91%D7%99/,0,7,0,4.142857142857142
https://nad-lan.co.il/projects/%D7%9E%D7%AA%D7%97%D7%9D-%D7%99%D7%95%D7%A1%D7%A4%D7%98%D7%9C/,0,1,0,15
https://nad-lan.co.il/projects/%D7%9E%D7%AA%D7%97%D7%9D-%D7%99%D7%A8%D7%95%D7%A9%D7%9C%D7%99%D7%9D/,0,3,0,7.666666666666667
https://nad-lan.co.il/projects/%D7%9E%D7%AA%D7%97%D7%9D-%D7%A4%D7%96/,0,1,0,5
https://nad-lan.co.il/projects/%D7%9E%D7%AA%D7%97%D7%9D-%D7%A8%D7%95%D7%91%D7%99%D7%9F-%D7%A1%D7%95%D7%A7%D7%95%D7%9C%D7%95%D7%91-%D7%94%D7%A8%D7%A6%D7%9C%D7%99%D7%94/,0,5,0,6.2
https://nad-lan.co.il/projects/%D7%9E%D7%AA%D7%97%D7%9D-%D7%A8%D7%95%D7%98%D7%A9%D7%99%D7%9C%D7%93-8-14-%D7%9E%D7%AA%D7%97%D7%9D-28/,0,3,0,3.3333333333333335
https://nad-lan.co.il/projects/%D7%9E%D7%AA%D7%97%D7%9D-11-%D7%A7%D7%A8%D7%99%D7%99%D7%AA-%D7%90%D7%9C%D7%99%D7%A2%D7%96%D7%A8/,0,2,0,6
https://nad-lan.co.il/projects/%D7%9E%D7%AA%D7%97%D7%9D-3-%D7%94%D7%92%D7%99%D7%91%D7%95%D7%A8%D7%99%D7%9D/,0,2,0,2
https://nad-lan.co.il/projects/%D7%9E%D7%AA%D7%97%D7%9D-3-%D7%A8%D7%9E%D7%AA-%D7%95%D7%A8%D7%91%D7%A8/,0,1,0,4
https://nad-lan.co.il/projects/%D7%9E%D7%AA%D7%97%D7%9D-48-%D7%96%D7%91%D7%95%D7%98%D7%99%D7%A0%D7%A1%D7%A7%D7%99-89-99-%D7%9E%D7%95%D7%A8%D7%93%D7%99-%D7%94%D7%92%D7%98%D7%90%D7%95%D7%AA-11-13/,0,2,0,8
https://nad-lan.co.il/projects/%D7%A0%D7%92%D7%91%D7%94-52-52%D7%90-56-56%D7%90/,0,2,0,2
https://nad-lan.co.il/projects/%D7%A0%D7%92%D7%91-%D7%92%D7%9C%D7%99%D7%9C-%D7%99%D7%A8%D7%95%D7%A6%D7%9C%D7%99%D7%9D/,0,1,0,1
https://nad-lan.co.il/projects/%D7%A0%D7%92%D7%91-%D7%92%D7%9C%D7%99%D7%9C-%D7%99%D7%A8%D7%95%D7%A9%D7%9C%D7%99%D7%9D/,0,1,0,2
https://nad-lan.co.il/projects/%D7%A0%D7%95%D7%95%D7%94-%D7%99%D7%94%D7%95%D7%A9%D7%A2-%D7%9E%D7%A8%D7%9B%D7%96/,0,1,0,3
https://nad-lan.co.il/projects/%D7%A0%D7%95%D7%95%D7%94-%D7%99%D7%A2%D7%A7%D7%91-28-32/,0,1,0,4
https://nad-lan.co.il/projects/%D7%A0%D7%95%D7%95%D7%94-%D7%9E%D7%A8%D7%9E%D7%95%D7%A8%D7%A7/,0,2,0,8.5
https://nad-lan.co.il/projects/%D7%A0%D7%95%D7%A3-%D7%9C%D7%9B%D7%A8%D7%9E%D7%9C/,0,2,0,9.5
https://nad-lan.co.il/projects/%D7%A0%D7%95%D7%A8%D7%95%D7%A7-%D7%98%D7%94%D7%95%D7%9F/,0,6,0,11.166666666666666
https://nad-lan.co.il/projects/%D7%A0%D7%97%D7%95%D7%9D/,0,4,0,3.75
https://nad-lan.co.il/projects/%D7%A0%D7%97%D7%9C%D7%AA-%D7%99%D7%94%D7%95%D7%93%D7%94-%D7%91/,0,1,0,10
https://nad-lan.co.il/projects/%D7%A0%D7%97%D7%9C-%D7%94%D7%91%D7%A9%D7%95%D7%A8/,0,2,0,4.5
https://nad-lan.co.il/projects/%D7%A0%D7%97%D7%9E%D7%99%D7%94/,0,3,0,9.333333333333334
https://nad-lan.co.il/projects/%D7%A0%D7%99%D7%A7%D7%A8%D7%92%D7%95%D7%90%D7%94-135/,0,5,0,6.2
https://nad-lan.co.il/projects/%D7%A0%D7%AA%D7%99%D7%91-%D7%97%D7%91%D7%A6%D7%9C%D7%AA/,0,1,0,55
https://nad-lan.co.il/projects/%D7%A1%D7%95%D7%A7%D7%95%D7%9C%D7%95%D7%91-%D7%94%D7%A9%D7%A8%D7%95%D7%9F/,0,6,0,5
https://nad-lan.co.il/projects/%D7%A1%D7%95%D7%A7%D7%95%D7%9C%D7%95%D7%91-1012/,0,2,0,9
https://nad-lan.co.il/projects/%D7%A1%D7%95%D7%A7%D7%95%D7%9C%D7%95%D7%91-46/,0,15,0,10.6
https://nad-lan.co.il/projects/%D7%A1%D7%95%D7%A7%D7%95%D7%9C%D7%95%D7%91-91-95/,0,1,0,1
https://nad-lan.co.il/projects/%D7%A1%D7%95%D7%A7%D7%95%D7%9C%D7%95%D7%91/,0,10,0,26.2
https://nad-lan.co.il/projects/%D7%A1%D7%98%D7%A8%D7%95%D7%9E%D7%94-2/,0,2,0,7
https://nad-lan.co.il/projects/%D7%A1%D7%98%D7%A8%D7%95%D7%9E%D7%94/,0,1,0,9
https://nad-lan.co.il/projects/%D7%A1%D7%9E%D7%98%D7%AA-%D7%99%D7%94%D7%95%D7%93%D7%99%D7%AA/,0,1,0,6
https://nad-lan.co.il/projects/%D7%A1%D7%9E%D7%99%D7%9C%D7%A0%D7%A1%D7%A7%D7%99-29-31/,0,2,0,10
https://nad-lan.co.il/projects/%D7%A1%D7%9F-%D7%9E%D7%A8%D7%98%D7%99%D7%9F-22-26-%D7%91%D7%A8-%D7%99%D7%95%D7%97%D7%90%D7%99-1214/,0,3,0,5
https://nad-lan.co.il/projects/%D7%A1%D7%9F-%D7%9E%D7%A8%D7%98%D7%99%D7%9F-3/,0,2,0,8.5
https://nad-lan.co.il/projects/%D7%A2%D7%99%D7%9F-%D7%A6%D7%95%D7%A8%D7%99%D7%9D/,0,1,0,8
https://nad-lan.co.il/projects/%D7%A2%D7%9C%D7%99%D7%99%D7%94-%D7%93%D7%95%D7%93-%D7%A8%D7%9E%D7%96-%D7%93%D7%A8%D7%95%D7%9E%D7%99/,0,1,0,5
https://nad-lan.co.il/projects/%D7%A2%D7%9E%D7%99%D7%A0%D7%93%D7%91/,0,5,0,6.8
https://nad-lan.co.il/projects/%D7%A2%D7%9E%D7%99%D7%A9%D7%91-%D7%98%D7%91%D7%A8%D7%99%D7%94/,0,1,0,7
https://nad-lan.co.il/projects/%D7%A2%D7%9E%D7%A7-%D7%91%D7%A8%D7%9B%D7%94/,0,1,0,4
https://nad-lan.co.il/projects/%D7%A2%D7%9E%D7%A7-%D7%A8%D7%A4%D7%90%D7%99%D7%9D-59/,0,1,0,5
https://nad-lan.co.il/projects/%D7%A2%D7%9E%D7%A8%D7%9E%D7%99-%D7%A9%D7%A8%D7%AA-%D7%9B%D7%A4%D7%A8-%D7%A1%D7%91%D7%90/,0,4,0,8.5
https://nad-lan.co.il/projects/%D7%A2%D7%A8%D7%91%D7%99-%D7%A0%D7%97%D7%9C/,0,1,0,8
https://nad-lan.co.il/projects/%D7%A4%D7%99%D7%9B%D7%9E%D7%9F/,0,1,0,48
https://nad-lan.co.il/projects/%D7%A4%D7%99%D7%A0%D7%95%D7%99-%D7%91%D7%99%D7%A0%D7%95%D7%99-%D7%9E%D7%AA%D7%97%D7%9D-%D7%98%D7%A8%D7%95%D7%9E%D7%9F-c-%D7%A7%D7%A8%D7%99%D7%99%D7%AA-%D7%97%D7%99%D7%99%D7%9D/,0,21,0,8.952380952380953
https://nad-lan.co.il/projects/%D7%A4%D7%99%D7%A0%D7%9C%D7%A1-246/,0,2,0,9
https://nad-lan.co.il/projects/%D7%A4%D7%A1%D7%97-%D7%97%D7%91%D7%A8%D7%95%D7%A0%D7%99-120/,0,5,0,6.4
https://nad-lan.co.il/projects/%D7%A4%D7%A8%D7%A0%D7%A7%D7%A4%D7%95%D7%A8%D7%98%D7%A8-2-4/,0,3,0,5
https://nad-lan.co.il/projects/%D7%A4-%D7%A6-%D7%97%D7%99%D7%95%D7%AA-24/,0,2,0,10
https://nad-lan.co.il/projects/%D7%A6%D7%91%D7%99%D7%94-%D7%95%D7%99%D7%A6%D7%97%D7%A7/,0,23,0,69.65217391304348
https://nad-lan.co.il/projects/%D7%A6%D7%91%D7%A8-%D7%A9%D7%A7%D7%9E%D7%94-%D7%97%D7%A4-1086-%D7%99%D7%91/,0,1,0,5
https://nad-lan.co.il/projects/%D7%A6%D7%94%D7%9C-2/,0,1,0,8
https://nad-lan.co.il/projects/%D7%A7%D7%93%D7%95%D7%A9%D7%99-%D7%91%D7%91%D7%9C-10-14-%D7%A2%D7%95%D7%9C%D7%99-%D7%94%D7%92%D7%A8%D7%93%D7%95%D7%9D/,0,8,0,2.5
https://nad-lan.co.il/projects/%D7%A7%D7%93%D7%99%D7%A9-%D7%9C%D7%95%D7%96-3-13-%D7%99%D7%A8%D7%95%D7%A9%D7%9C%D7%99%D7%9D/,0,2,0,5
https://nad-lan.co.il/projects/%D7%A7%D7%93%D7%A9-%D7%94%D7%A8%D7%90%D7%A9%D7%95%D7%A0%D7%99%D7%9D/,0,4,0,6.25
https://nad-lan.co.il/projects/%D7%A7%D7%94%D7%99%D7%9C%D7%AA-%D7%95%D7%A8%D7%A9%D7%94-2/,0,5,0,6.4
https://nad-lan.co.il/projects/%D7%A7%D7%94%D7%99%D7%9C%D7%AA-%D7%95%D7%A8%D7%A9%D7%94-737779/,0,25,0,4.640000000000001
https://nad-lan.co.il/projects/%D7%A7%D7%94%D7%99%D7%9C%D7%AA-%D7%A7%D7%A0%D7%93%D7%94-%D7%A9%D7%93%D7%A8%D7%95%D7%AA-%D7%99%D7%A8%D7%95%D7%A9%D7%9C%D7%99%D7%9D/,0,3,0,53.666666666666664
https://nad-lan.co.il/projects/%D7%A7%D7%94%D7%99%D7%9C%D7%AA-%D7%A7%D7%A0%D7%93%D7%94/,0,3,0,7
https://nad-lan.co.il/projects/%D7%A7%D7%95%D7%9C%D7%95%D7%9E%D7%91%D7%99%D7%94-28-29/,0,2,0,1.5
https://nad-lan.co.il/projects/%D7%A7%D7%95%D7%9C%D7%95%D7%9E%D7%91%D7%99%D7%94-6-10/,0,10,0,6
https://nad-lan.co.il/projects/%D7%A7%D7%95%D7%A1%D7%98%D7%94-%D7%A8%D7%99%D7%A7%D7%94-113/,0,1,0,11
https://nad-lan.co.il/projects/%D7%A7%D7%95%D7%A1%D7%98%D7%94-%D7%A8%D7%99%D7%A7%D7%94-22-24/,0,7,0,14.142857142857142
https://nad-lan.co.il/projects/%D7%A7%D7%95%D7%A1%D7%98%D7%94-%D7%A8%D7%99%D7%A7%D7%94/,0,1,0,10
https://nad-lan.co.il/projects/%D7%A7%D7%98%D7%9E%D7%95%D7%A0%D7%99%D7%9D-06/,0,2,0,10
https://nad-lan.co.il/projects/%D7%A7%D7%99%D7%91%D7%95%D7%A5-%D7%92%D7%9C%D7%95%D7%99%D7%95%D7%AA-87-93/,0,2,0,30
https://nad-lan.co.il/projects/%D7%A7%D7%9C%D7%99%D7%99%D7%A0%D7%9E%D7%9F/,0,1,0,10
https://nad-lan.co.il/projects/%D7%A7%D7%9C%D7%A0%D7%A8/,0,2,0,86.5
https://nad-lan.co.il/projects/%D7%A7%D7%A4%D7%9C%D7%9F-%D7%96%D7%91%D7%95%D7%98%D7%99%D7%A0%D7%A1%D7%A7%D7%99/,0,1,0,7
https://nad-lan.co.il/projects/%D7%A7%D7%A6%D7%A0%D7%9C%D7%A1%D7%95%D7%9F/,0,2,0,8.5
https://nad-lan.co.il/projects/%D7%A7%D7%A7%D7%9C/,0,2,0,29
https://nad-lan.co.il/projects/%D7%A7%D7%A8%D7%99%D7%99%D7%AA-%D7%97%D7%A9%D7%9E%D7%9C-%D7%A7-%D7%97%D7%99%D7%99%D7%9D-%D7%9E%D7%96%D7%A8%D7%97%D7%99%D7%AA/,0,1,0,4
https://nad-lan.co.il/projects/%D7%A7%D7%A8%D7%99%D7%A0%D7%99%D7%A6%D7%99-%D7%A0%D7%97%D7%9C%D7%AA-%D7%99%D7%95%D7%A1%D7%A3/,0,9,0,13.333333333333334
https://nad-lan.co.il/projects/%D7%A7%D7%A8%D7%99%D7%AA-%D7%9E%D7%A9%D7%94/,0,1,0,6
https://nad-lan.co.il/projects/%D7%A7%D7%A9%D7%AA-%D7%92%D7%99%D7%AA%D7%99%D7%AA-%D7%9E%D7%A9%D7%92%D7%91-%D7%A2%D7%9D/,0,3,0,6.333333333333333
https://nad-lan.co.il/projects/%D7%A8%D7%90%D7%A9-%D7%A4%D7%99%D7%A0%D7%94/,0,17,0,15.823529411764707
https://nad-lan.co.il/projects/%D7%A8%D7%91%D7%99%D7%9F/,0,2,0,7.5
https://nad-lan.co.il/projects/%D7%A8%D7%91%D7%99-%D7%A2%D7%A7%D7%99%D7%91%D7%90/,0,1,0,6
https://nad-lan.co.il/projects/%D7%A8%D7%91%D7%A7%D7%94-%D7%95%D7%A6%D7%99%D7%A4%D7%95%D7%A8%D7%94/,0,2,0,4
https://nad-lan.co.il/projects/%D7%A8%D7%92-1811-%D7%A7%D7%A8%D7%99%D7%A0%D7%99%D7%A6%D7%99-109-111/,0,14,0,6.142857142857143
https://nad-lan.co.il/projects/%D7%A8%D7%92-1849-%D7%94%D7%AA%D7%97%D7%93%D7%A9%D7%95%D7%AA-%D7%A2%D7%99%D7%A8%D7%95%D7%A0%D7%99%D7%AA-%D7%AA%D7%A8%D7%A6%D7%94-%D7%99%D7%A8%D7%95%D7%A9%D7%9C%D7%99%D7%9D/,0,13,0,5.846153846153846
https://nad-lan.co.il/projects/%D7%A8%D7%92-1850-%D7%90%D7%94%D7%A8%D7%95%D7%A0%D7%A1%D7%95%D7%9F-%D7%94%D7%99%D7%A8%D7%93%D7%9F-%D7%94%D7%AA%D7%97%D7%93%D7%A9%D7%95%D7%AA-%D7%A2%D7%99%D7%A8%D7%95%D7%A0%D7%99%D7%AA/,0,25,0,2.8
https://nad-lan.co.il/projects/%D7%A8%D7%92-1865-%D7%92%D7%95%D7%A8%D7%99-%D7%99%D7%94%D7%95%D7%93%D7%94-2468/,0,6,0,6.166666666666667
https://nad-lan.co.il/projects/%D7%A8%D7%92-1926-%D7%90%D7%9E%D7%A0%D7%95%D7%9F-%D7%95%D7%AA%D7%9E%D7%A8-27-33-%D7%9E%D7%99%D7%9B%D7%90%D7%9C-14/,0,5,0,9.6
https://nad-lan.co.il/projects/%D7%A8%D7%95%D7%98%D7%A9%D7%99%D7%9C%D7%93-2/,0,1,0,5
https://nad-lan.co.il/projects/%D7%A8%D7%95%D7%A4%D7%99%D7%9F/,0,3,0,5
https://nad-lan.co.il/projects/%D7%A8%D7%97%D7%95%D7%91-%D7%91%D7%95%D7%A8%D7%9E%D7%94-20-38/,0,1,0,9
https://nad-lan.co.il/projects/%D7%A8%D7%97%D7%9C-%D7%90%D7%9E%D7%A0%D7%95-46-48/,0,3,0,8.666666666666668
https://nad-lan.co.il/projects/%D7%A8%D7%99%D7%99%D7%A0%D7%A1/,0,1,0,8
https://nad-lan.co.il/projects/%D7%A8%D7%9E%D7%95%D7%AA-%D7%A4%D7%95%D7%9C%D7%99%D7%9F/,0,1,0,18
https://nad-lan.co.il/projects/%D7%A8%D7%9E%D7%AA-%D7%90%D7%9C%D7%99%D7%94%D7%95-%D7%A4%D7%95%D7%96%D7%A0%D7%A0%D7%A1%D7%A7%D7%99/,0,2,0,4.5
https://nad-lan.co.il/projects/%D7%A8%D7%9E%D7%AA-%D7%90%D7%9C%D7%99%D7%94%D7%95-%D7%A9%D7%99-%D7%A2%D7%92%D7%A0%D7%95%D7%9F/,0,5,0,7.2
https://nad-lan.co.il/projects/%D7%A8%D7%9E%D7%AA-%D7%90%D7%A9%D7%9B%D7%95%D7%9C-%D7%94%D7%9E%D7%AA%D7%97%D7%93%D7%A9%D7%AA/,0,7,0,4.142857142857142
https://nad-lan.co.il/projects/%D7%A8%D7%9E%D7%AA-%D7%94%D7%A8%D7%A6%D7%9C/,0,3,0,5
https://nad-lan.co.il/projects/%D7%A8%D7%9E%D7%AA-%D7%9C%D7%97%D7%99/,0,4,0,58.5
https://nad-lan.co.il/projects/%D7%A8%D7%A1%D7%A7%D7%95-2/,0,1,0,2
https://nad-lan.co.il/projects/%D7%A8%D7%A1%D7%A7%D7%95/,0,1,0,7
https://nad-lan.co.il/projects/%D7%A9%D7%90-%D7%A0%D7%A1/,0,7,0,7.428571428571429
https://nad-lan.co.il/projects/%D7%A9%D7%91%D7%98-%D7%93%D7%9F/,0,2,0,16
https://nad-lan.co.il/projects/%D7%A9%D7%93%D7%A8%D7%95%D7%AA-%D7%92%D7%AA/,0,4,0,6
https://nad-lan.co.il/projects/%D7%A9%D7%93%D7%A8%D7%95%D7%AA-%D7%94%D7%A8%D7%A6%D7%9C-98-100/,0,4,0,3.5
https://nad-lan.co.il/projects/%D7%A9%D7%93%D7%A8%D7%95%D7%AA-%D7%94%D7%AA%D7%9E%D7%A8%D7%99%D7%9D-%D7%A1%D7%99%D7%A0%D7%92-%D7%A1%D7%99%D7%A0%D7%92/,0,4,0,6.5
https://nad-lan.co.il/projects/%D7%A9%D7%93-%D7%91%D7%9F-%D7%A6%D7%91%D7%99-%D7%99%D7%97%D7%99%D7%A2%D7%9D-%D7%94%D7%AA%D7%97%D7%93%D7%A9%D7%95%D7%AA-%D7%A2%D7%99%D7%A8%D7%95%D7%A0%D7%99%D7%AA/,0,3,0,7.333333333333333
https://nad-lan.co.il/projects/%D7%A9%D7%95%D7%A7-%D7%90%D7%A9%D7%9B%D7%A0%D7%96%D7%99/,0,1,0,2
https://nad-lan.co.il/projects/%D7%A9%D7%95%D7%A7-%D7%92%D7%95%D7%9C%D7%93%D7%9E%D7%9F/,0,1,0,7
https://nad-lan.co.il/projects/%D7%A9%D7%95%D7%A7-%D7%A4%D7%A8%D7%93%D7%A1-%D7%9B%D7%A5/,0,2,0,4
https://nad-lan.co.il/projects/%D7%A9%D7%96%D7%A8/,0,3,0,40.666666666666664
https://nad-lan.co.il/projects/%D7%A9%D7%98%D7%A8%D7%9F-%D7%95%D7%91%D7%95%D7%9C%D7%99%D7%91%D7%99%D7%94/,0,1,0,75
https://nad-lan.co.il/projects/%D7%A9%D7%98%D7%A8%D7%9F-2/,0,2,0,38
https://nad-lan.co.il/projects/%D7%A9%D7%98%D7%A8%D7%9F-373941/,0,5,0,20.6
https://nad-lan.co.il/projects/%D7%A9%D7%98%D7%A8%D7%9F-43/,0,1,0,4
https://nad-lan.co.il/projects/%D7%A9%D7%98%D7%A8%D7%9F-47/,0,3,0,4
https://nad-lan.co.il/projects/%D7%A9%D7%99%D7%9B%D7%95%D7%9F-%D7%93%D7%A8%D7%95%D7%9D/,0,4,0,5.25
https://nad-lan.co.il/projects/%D7%A9%D7%99-%D7%A2%D7%92%D7%A0%D7%95%D7%9F-%D7%94%D7%94%D7%A1%D7%AA%D7%93%D7%A8%D7%95%D7%AA/,0,6,0,4.333333333333334
https://nad-lan.co.il/projects/%D7%A9%D7%99-%D7%A2%D7%92%D7%A0%D7%95%D7%9F/,0,10,0,21.9
https://nad-lan.co.il/projects/%D7%A9%D7%9B%D7%95%D7%A0%D7%AA-%D7%A2%D7%A7%D7%99%D7%91%D7%90/,0,1,0,4
https://nad-lan.co.il/projects/%D7%A9%D7%9C%D7%95%D7%9D-%D7%99%D7%94%D7%95%D7%93%D7%94-%D7%93%D7%A8%D7%9A-%D7%97%D7%91%D7%A8%D7%95%D7%9F/,0,1,0,9
https://nad-lan.co.il/projects/%D7%A9%D7%9C%D7%9D-%D7%91/,0,4,0,54.25
https://nad-lan.co.il/projects/%D7%A9%D7%9C%D7%9E%D7%94-%D7%94%D7%9E%D7%9C%D7%9A-%D7%A6%D7%A4%D7%95%D7%9F/,0,2,0,9.5
https://nad-lan.co.il/projects/%D7%A9%D7%9C%D7%9E%D7%94-%D7%94%D7%9E%D7%9C%D7%9A/,0,1,0,5
https://nad-lan.co.il/projects/%D7%A9%D7%9E%D7%95%D7%90%D7%9C-%D7%94%D7%A0%D7%91%D7%99%D7%90-%D7%A2%D7%A5-%D7%94%D7%93%D7%A8/,0,2,0,7.5
https://nad-lan.co.il/projects/%D7%A9%D7%9E%D7%A2%D7%95%D7%A0%D7%99-29-27-%D7%AA%D7%9C-%D7%90%D7%91%D7%99%D7%91/,0,3,0,9.333333333333334
https://nad-lan.co.il/projects/%D7%A9%D7%9E%D7%A2%D7%95%D7%A0%D7%99-30-32/,0,1,0,8
https://nad-lan.co.il/projects/%D7%A9%D7%9E%D7%A9%D7%95%D7%9F-%D7%94%D7%9E%D7%A9%D7%97%D7%A8%D7%A8%D7%99%D7%9D/,0,1,0,7
https://nad-lan.co.il/projects/%D7%A9%D7%A0%D7%99%D7%90%D7%95%D7%A8-%D7%A9%D7%9C%D7%95%D7%A0%D7%A1%D7%A7%D7%99/,0,1,0,6
https://nad-lan.co.il/projects/%D7%A9%D7%A0%D7%A7%D7%A8-55/,0,1,0,9
https://nad-lan.co.il/projects/%D7%A9%D7%A2%D7%A8-%D7%94%D7%A2%D7%99%D7%A8-%D7%91%D7%9F-%D7%92%D7%95%D7%A8%D7%99%D7%95%D7%9F/,0,2,0,17.5
https://nad-lan.co.il/projects/%D7%A9%D7%A2%D7%A8-%D7%99%D7%95%D7%A1%D7%A4%D7%98%D7%9C/,0,1,0,11
https://nad-lan.co.il/projects/%D7%A9%D7%A2%D7%A8-%D7%A6%D7%A4%D7%95%D7%9F-%D7%9E%D7%A2%D7%A8-%D7%A8%D7%9E%D7%9C%D7%94/,0,11,0,6.181818181818182
https://nad-lan.co.il/projects/%D7%A9%D7%A4%D7%99%D7%A0%D7%95%D7%96%D7%94/,0,2,0,7
https://nad-lan.co.il/projects/%D7%A9%D7%A4%D7%99%D7%A8%D7%90-%D7%A4%D7%A2%D7%9E%D7%95%D7%A0%D7%99-%D7%94%D7%A2%D7%99%D7%A8/,0,3,0,28.333333333333332
https://nad-lan.co.il/projects/%D7%A9%D7%A4%D7%99%D7%A8%D7%90-2/,0,1,0,10
https://nad-lan.co.il/projects/%D7%A9%D7%A4%D7%99%D7%A8%D7%90-3/,0,1,0,8
https://nad-lan.co.il/projects/%D7%A9%D7%A4%D7%99%D7%A8%D7%90/,0,2,0,7.5
https://nad-lan.co.il/projects/%D7%A9%D7%A4%D7%A8%D7%91%D7%A8/,0,1,0,9
https://nad-lan.co.il/projects/%D7%AA%D7%95%D7%A8-%D7%94%D7%96%D7%94%D7%91-2-6/,0,1,0,8
https://nad-lan.co.il/projects/%D7%AA%D7%99%D7%A8%D7%95%D7%A9/,0,1,0,9
https://nad-lan.co.il/projects/%D7%AA%D7%A7%D7%95%D7%A2/,0,1,0,6
https://nad-lan.co.il/projects/%D7%AA%D7%A8%D7%A9%D7%99%D7%A9/,0,2,0,4.5
https://nad-lan.co.il/projects/12-%D7%A7%D7%93%D7%A9-%D7%99%D7%A8%D7%95%D7%A9%D7%9C%D7%99%D7%9D-%D7%94%D7%A9%D7%9C%D7%9E%D7%94/,0,1,0,21
https://nad-lan.co.il/projects/19-%D7%9C%D7%95%D7%A1-%D7%90%D7%A0%D7%92%D7%9C%D7%A1-%D7%90%D7%99%D7%9C%D7%95%D7%AA/,0,1,0,6
https://nad-lan.co.il/projects/22-%D7%A6%D7%99%D7%9F-%D7%A4%D7%90%D7%A8%D7%9F/,0,1,0,7
https://nad-lan.co.il/projects/23-%D7%A1%D7%9E%D7%98%D7%AA-%D7%94%D7%9E%D7%A2%D7%A8%D7%95%D7%AA/,0,1,0,7
https://nad-lan.co.il/projects/6-%D7%91%D7%A8%D7%A0%D7%A2/,0,1,0,2
https://nad-lan.co.il/projects/akirov-towers/,0,36,0,5.777777777777778
https://nad-lan.co.il/projects/ashira-sde-dov-ar/,0,5,0,6
https://nad-lan.co.il/projects/ashira-sde-dov-fr/,0,6,0,11.166666666666666
https://nad-lan.co.il/projects/ashira-sde-dov-ru/,0,25,0,26.56
https://nad-lan.co.il/projects/aurelia/,0,14,0,5
https://nad-lan.co.il/projects/bnei-dan-54-56/,0,27,0,13.333333333333334
https://nad-lan.co.il/projects/dimri-yama-sde-dov-ar/,0,2,0,13
https://nad-lan.co.il/projects/dimri-yama-sde-dov-fr/,0,6,0,9.166666666666666
https://nad-lan.co.il/projects/dimri-yama-sde-dov-ru/,0,6,0,8.5
https://nad-lan.co.il/projects/duo-tel-aviv-ar/,0,1,0,12
https://nad-lan.co.il/projects/duo-tel-aviv-en/,0,51,0,6.764705882352941
https://nad-lan.co.il/projects/duo-tel-aviv-ru/,0,1,0,3
https://nad-lan.co.il/projects/gindi-vogue-sde-dov-ar/,0,1,0,6
https://nad-lan.co.il/projects/gindi-vogue-sde-dov/,0,61,0,6.950819672131147
https://nad-lan.co.il/projects/hamedina/,0,23,0,12.565217391304348
https://nad-lan.co.il/projects/meier-on-rothschild-ar/,0,8,0,9
https://nad-lan.co.il/projects/meier-on-rothschild-en/,0,18,0,5.333333333333333
https://nad-lan.co.il/projects/meier-on-rothschild-fr/,0,3,0,5.333333333333333
https://nad-lan.co.il/projects/meier-on-rothschild/,0,26,0,6.769230769230769
https://nad-lan.co.il/projects/migdalei-hayam-sde-dov/,0,120,0,8.575
https://nad-lan.co.il/projects/park-bavli-ar/,0,1,0,8
https://nad-lan.co.il/projects/park-bavli-en/,0,16,0,5
https://nad-lan.co.il/projects/park-bavli-fr/,0,4,0,2.75
https://nad-lan.co.il/projects/park-bavli-ru/,0,2,0,7.5
https://nad-lan.co.il/projects/park-bavli/,0,75,0,6.64
https://nad-lan.co.il/projects/rainbow-tel-aviv-fr/,0,1,0,5
https://nad-lan.co.il/projects/recanati-residence-en/,0,5,0,4.2
https://nad-lan.co.il/projects/recanati-residence-fr/,0,2,0,3.5
https://nad-lan.co.il/projects/recanati-residence/,0,7,0,18.857142857142858
https://nad-lan.co.il/projects/shikun-binui-sde-dov-en/,0,7,0,8.714285714285715
https://nad-lan.co.il/projects/shikun-binui-sde-dov-fr/,0,1,0,4
https://nad-lan.co.il/projects/shikun-binui-sde-dov-ru/,0,2,0,6.5
https://nad-lan.co.il/projects/the-park-bnei-brak-en/,0,3,0,3
https://nad-lan.co.il/projects/the-park-bnei-brak-fr/,0,2,0,5
https://nad-lan.co.il/projects/the-park-bnei-brak-ru/,0,3,0,4.666666666666666
https://nad-lan.co.il/projects/the-park-bnei-brak/,0,22,0,7.363636363636363
https://nad-lan.co.il/projects/toha2-tel-aviv-ar/,0,2,0,3
https://nad-lan.co.il/projects/toha2-tel-aviv-fr/,0,2,0,2
https://nad-lan.co.il/projects/toha2-tel-aviv-ru/,0,1,0,10
https://nad-lan.co.il/projects/toha2-tel-aviv/,0,7,0,7.285714285714286
https://nad-lan.co.il/projects/utopia-sde-dov-en/,0,6,0,4
https://nad-lan.co.il/projects/utopia-sde-dov/,0,1,0,2
https://nad-lan.co.il/projects/yoo-tel-aviv-ru/,0,1,0,10
https://nad-lan.co.il/projects/yoo-tel-aviv/,0,115,0,7.556521739130435
https://nad-lan.co.il/projects/zohi-sde-dov-ar/,0,2,0,7.5
https://nad-lan.co.il/projects/zohi-sde-dov-en/,0,9,0,5.333333333333333
https://nad-lan.co.il/projects/zohi-sde-dov/,0,47,0,5.829787234042553
https://nad-lan.co.il/properties/,0,423,0,50.11583924349882
https://nad-lan.co.il/property-management/,0,7,0,35.42857142857143
https://nad-lan.co.il/property-value/,0,17,0,32.41176470588235
https://nad-lan.co.il/property-value/building-rights-check/,0,18,0,18.77777777777778
https://nad-lan.co.il/property-value/luxury-apartments-tel-aviv/,0,6,0,7.166666666666667
https://nad-lan.co.il/purchase-tax-calculator/,0,277,0,57.17689530685921
https://nad-lan.co.il/raanana-apartment-prices/,0,11,0,6.090909090909091
https://nad-lan.co.il/ramat-aviv/,0,13,0,7.3076923076923075
https://nad-lan.co.il/ramat-aviv/neve-avivim/,0,60,0,7.75
https://nad-lan.co.il/ramat-aviv/ramat-aviv-mall/,0,2,0,11
https://nad-lan.co.il/ramat-gan-apartment-prices/,0,198,0,7.616161616161616
https://nad-lan.co.il/ramat-hasharon-apartment-prices/,0,116,0,7.758620689655173
https://nad-lan.co.il/real-estate-appraiser/,0,10,0,12.7
https://nad-lan.co.il/real-estate-lawyer/,0,137,0,41.01459854014598
https://nad-lan.co.il/real-estate-lawyer/apartment-memorandum/,0,10,0,12.5
https://nad-lan.co.il/real-estate-lawyer/apartment-sale-contract/,0,2,0,54
https://nad-lan.co.il/real-estate-lawyer/breach-apartment-sale-contract/,0,19,0,6
https://nad-lan.co.il/real-estate-lawyer/building-permit-citizen-guide/,0,35,0,19.485714285714284
https://nad-lan.co.il/real-estate-lawyer/combination-deal/,0,24,0,5.833333333333333
https://nad-lan.co.il/real-estate-lawyer/construction-defects-lawsuit/,0,4,0,6
https://nad-lan.co.il/real-estate-lawyer/form-4-occupancy-permit/,0,22,0,11.954545454545455
https://nad-lan.co.il/real-estate-lawyer/land-purchase-checklist/,0,11,0,5.363636363636363
https://nad-lan.co.il/real-estate-lawyer/option-period-real-estate/,0,17,0,14
https://nad-lan.co.il/real-estate-lawyer/partition-real-estate/,0,6,0,51.333333333333336
https://nad-lan.co.il/real-estate-lawyer/power-of-attorney-real-estate/,0,1,0,1
https://nad-lan.co.il/real-estate-lawyer/residential-lease-agreement/,0,5,0,25.4
https://nad-lan.co.il/real-estate-lawyer/sale-of-apartments-law/,0,2,0,2
https://nad-lan.co.il/real-estate-professionals-guide/,0,1,0,3
https://nad-lan.co.il/real-estate-tax-advisor/betterment-levy-appeal/,0,2,0,4.5
https://nad-lan.co.il/real-estate-tax-advisor/capital-gains-tax-exemption/,0,17,0,6.588235294117647
https://nad-lan.co.il/real-estate-tax-advisor/gift-transfer-apartment/,0,24,0,39.791666666666664
https://nad-lan.co.il/real-estate-tax-advisor/purchase-tax-first-home/,0,3,0,33
https://nad-lan.co.il/rehovot-apartment-prices/,0,16,0,6.4375
https://nad-lan.co.il/renovation-contractor/,0,5,0,10.4
https://nad-lan.co.il/rishon-lezion-apartment-prices/,0,30,0,6.266666666666667
https://nad-lan.co.il/rishpon-house-prices/,0,20,0,11.6
https://nad-lan.co.il/ru/guides/,0,1,0,89
https://nad-lan.co.il/ru/guides/common-property-handover/,0,2,0,4
https://nad-lan.co.il/ru/guides/neighboring-development-check/,0,3,0,5
https://nad-lan.co.il/ru/guides/new-apartment-acoustics/,0,4,0,6.25
https://nad-lan.co.il/ru/guides/new-apartment-balcony/,0,5,0,8.6
https://nad-lan.co.il/ru/guides/new-apartment-mamad/,0,1,0,6
https://nad-lan.co.il/ru/guides/new-apartment-sale-specification/,0,5,0,6.4
https://nad-lan.co.il/ru/guides/new-project-ev-charging/,0,1,0,11
https://nad-lan.co.il/ru/guides/new-project-management-fees/,0,2,0,10
https://nad-lan.co.il/ru/guides/new-project-parking/,0,2,0,5
https://nad-lan.co.il/ru/guides/remote-new-apartment-handover-israel/,0,2,0,10.5
https://nad-lan.co.il/ru/guides/residential-project-pool/,0,2,0,8
https://nad-lan.co.il/ru/guides/residential-tower-elevators/,0,15,0,8.4
https://nad-lan.co.il/ru/new-projects/,0,3,0,8
https://nad-lan.co.il/sde-dov-luxury-projects-2026/,0,23,0,67.17391304347827
https://nad-lan.co.il/sde-dov/employment/,0,10,0,6.2
https://nad-lan.co.il/sde-dov/institutions/,0,3,0,7.666666666666667
https://nad-lan.co.il/sde-dov/parks/,0,63,0,7.841269841269841
https://nad-lan.co.il/sde-dov/transport/,0,29,0,7.310344827586207
https://nad-lan.co.il/sde-dov/tzafon/,0,8,0,6.5
https://nad-lan.co.il/sdeDov/,0,1,0,1
https://nad-lan.co.il/selling-apartment/,0,301,0,36.86046511627907
https://nad-lan.co.il/selling-apartment/pricing-apartment-for-sale/,0,8,0,7.125
https://nad-lan.co.il/selling-apartment/real-estate-auction-sale/,0,7,0,5.571428571428571
https://nad-lan.co.il/selling-apartment/reduced-capital-gains-sale/,0,2,0,8.5
https://nad-lan.co.il/selling-apartment/selling-without-broker/,0,11,0,17.636363636363637
https://nad-lan.co.il/shop/,0,1,0,8
https://nad-lan.co.il/short-term-rentals-abroad/short-term-rentals-cyprus/,0,3,0,6
https://nad-lan.co.il/short-term-rentals-abroad/short-term-rentals-dubai/,0,3,0,11.666666666666666
https://nad-lan.co.il/short-term-rentals-abroad/short-term-rentals-greece/,0,10,0,5.8
https://nad-lan.co.il/short-term-rentals-abroad/short-term-rentals-italy/,0,8,0,6.25
https://nad-lan.co.il/short-term-rentals-abroad/short-term-rentals-portugal/,0,6,0,7.166666666666667
https://nad-lan.co.il/short-term-rentals-abroad/short-term-rentals-thailand/,0,9,0,5.222222222222222
https://nad-lan.co.il/short-term-rentals-dubai/,0,3,0,17
https://nad-lan.co.il/site-map/,0,112,0,72.83035714285714
https://nad-lan.co.il/tabu-extract-check/,0,240,0,42.12083333333333
https://nad-lan.co.il/tel-aviv-apartment-prices/,0,55,0,12.8
https://nad-lan.co.il/tel-aviv-luxury-apartment-prices/,0,13,0,6.846153846153846
https://nad-lan.co.il/tel-aviv-penthouse-prices/,0,35,0,7
https://nad-lan.co.il/tel-aviv-plans/florentin/,0,14,0,6.285714285714286
https://nad-lan.co.il/tel-aviv-plans/how-planning-works/,0,6,0,14.666666666666666
https://nad-lan.co.il/tel-aviv-plans/infrastructure-2026/,0,1,0,3
https://nad-lan.co.il/tel-aviv-plans/neot-afeka-b/,0,16,0,8.25
https://nad-lan.co.il/tel-aviv-plans/public-buildings/,0,3,0,58.666666666666664
https://nad-lan.co.il/tel-aviv-plans/southeast-renewal/,0,5,0,18.8
https://nad-lan.co.il/tel-aviv-plans/yad-eliyahu/,0,9,0,35.111111111111114
https://nad-lan.co.il/tel-aviv-seafront-apartment-prices/,0,15,0,6.466666666666667
https://nad-lan.co.il/tours/,0,20,0,25.9
https://nad-lan.co.il/urban-renewal/,0,28,0,35.107142857142854
https://nad-lan.co.il/urban-renewal/check/,0,22,0,66.36363636363636
https://nad-lan.co.il/urban-renewal/choosing-urban-renewal-developer/,0,2,0,7.5
https://nad-lan.co.il/urban-renewal/english-guide/,0,25,0,6.24
https://nad-lan.co.il/urban-renewal/pinui-binui-tel-aviv/,0,29,0,14.10344827586207
https://nad-lan.co.il/urban-renewal/pinui-binui-tenant-guide/,0,1,0,9
https://nad-lan.co.il/urban-renewal/pinui-binui/,0,55,0,69.16363636363636
https://nad-lan.co.il/urban-renewal/tama-38-alternatives/,0,6,0,7.5
https://nad-lan.co.il/urban-renewal/tama-38-contract-checklist/,0,4,0,6.75
https://nad-lan.co.il/urban-renewal/tama-38-rights-obligations/,0,6,0,13.5
https://nad-lan.co.il/urban-renewal/tama-38/,0,20,0,21.25
