page,clicks,impressions,ctr,position
https://nad-lan.co.il/property-value-estimator/,43,5894,0.007295554801493044,19.688836104513065
https://nad-lan.co.il/projects/duo-tel-aviv/,40,2689,0.014875418371141688,11.53328374860543
https://nad-lan.co.il/projects/rainbow-tel-aviv/,20,2530,0.007905138339920948,9.660869565217391
https://nad-lan.co.il/sde-dov/,18,4784,0.003762541806020067,13.700459866220736
https://nad-lan.co.il/en/,16,1139,0.014047410008779631,13.679543459174715
https://nad-lan.co.il/urban-renewal/map/,13,1676,0.007756563245823389,27.72434367541766
https://nad-lan.co.il/glossary/%D7%A4%D7%A8%D7%95%D7%A4%D7%99%D7%9C-%D7%A4%D7%97-%D7%9E%D7%92%D7%95%D7%9C%D7%95%D7%95%D7%9F/,12,739,0.016238159675236806,19.757780784844385
https://nad-lan.co.il/ru/,12,1254,0.009569377990430622,61.16188197767145
https://nad-lan.co.il/fr/,11,609,0.0180623973727422,38.904761904761905
https://nad-lan.co.il/projects/%D7%A9%D7%A2%D7%A8-%D7%A6%D7%A4%D7%95%D7%9F-%D7%9E%D7%A2%D7%A8-%D7%A8%D7%9E%D7%9C%D7%94/,11,138,0.07971014492753623,6.420289855072464
https://nad-lan.co.il/professionals/%D7%A9%D7%95%D7%A7%D7%A8%D7%95%D7%9F-%D7%90%D7%95%D7%A4%D7%99%D7%A8/,10,28,0.35714285714285715,2.321428571428571
https://nad-lan.co.il/sde-dov/prices/,10,1275,0.00784313725490196,9.901176470588235
https://nad-lan.co.il/commercial-real-estate/commercial-real-estate-brokerage-fee/,9,992,0.009072580645161291,25.492943548387096
https://nad-lan.co.il/projects/%D7%94%D7%A8%D7%95%D7%AA%D7%9D-%D7%A4%D7%9C%D7%93%D7%95%D7%AA/,9,65,0.13846153846153847,11.153846153846153
https://nad-lan.co.il/,8,4073,0.001964154186103609,43.71740731647434
https://nad-lan.co.il/projects/gindi-vogue-sde-dov-en/,8,76,0.10526315789473684,4.328947368421053
https://nad-lan.co.il/glossary/%D7%9E%D7%97%D7%99%D7%A8%D7%95%D7%9F-%D7%93%D7%A7%D7%9C-%D7%9C%D7%91%D7%A0%D7%99%D7%99%D7%94-%D7%95%D7%AA%D7%A9%D7%AA%D7%99%D7%95%D7%AA/,7,2307,0.003034243606415258,16.5110533159948
https://nad-lan.co.il/projects/%D7%A8%D7%92-1854-%D7%9E%D7%AA%D7%97%D7%9D-%D7%94%D7%A4%D7%95%D7%93%D7%99%D7%9D-11-13-%D7%A8%D7%A9%D7%99-21-23/,7,46,0.15217391304347827,7.6521739130434785
https://nad-lan.co.il/projects/h-infinity-somail-tel-aviv/,7,860,0.00813953488372093,7.8023255813953485
https://nad-lan.co.il/commercial-real-estate/commercial-property-management-fees/,6,562,0.010676156583629894,7.777580071174377
https://nad-lan.co.il/projects/,6,21286,0.0002818754110683078,38.91703467067556
https://nad-lan.co.il/projects/%D7%94%D7%92%D7%A4%D7%9F-8-10-%D7%A8%D7%92/,6,306,0.0196078431372549,8.715686274509803
https://nad-lan.co.il/projects/aura-pivko-bat-yam/,6,175,0.03428571428571429,10.182857142857143
https://nad-lan.co.il/projects/einstein-tower/,6,508,0.011811023622047244,8.848425196850393
https://nad-lan.co.il/ru/property-value-estimator/,6,34,0.17647058823529413,8.382352941176471
https://nad-lan.co.il/herzliya-apartment-prices/,5,1354,0.003692762186115214,8.64327917282127
https://nad-lan.co.il/jerusalem-green-line-light-rail-property-2026/,5,168,0.02976190476190476,6.720238095238095
https://nad-lan.co.il/post-listing/,5,237,0.02109704641350211,33.23628691983122
https://nad-lan.co.il/professionals/%D7%90%D7%9C%D7%95%D7%A9-%D7%99%D7%95%D7%90%D7%91/,5,28,0.17857142857142858,5.892857142857143
https://nad-lan.co.il/professionals/%D7%94%D7%93%D7%A8-%D7%97%D7%92%D7%99/,5,13,0.38461538461538464,5.384615384615385
https://nad-lan.co.il/professionals/%D7%98%D7%95%D7%A8%D7%A7%D7%90%D7%9F-%D7%9C%D7%90%D7%95%D7%9F/,5,21,0.23809523809523808,4.190476190476191
https://nad-lan.co.il/professionals/alrov/,5,120,0.041666666666666664,6.2
https://nad-lan.co.il/professionals/habas-group/,5,66,0.07575757575757576,3.696969696969697
https://nad-lan.co.il/projects/%D7%A8%D7%92-1851-%D7%A4%D7%A0%D7%97%D7%A1-%D7%A8%D7%95%D7%98%D7%A0%D7%91%D7%A8%D7%92-79-81-83-85-%D7%94%D7%AA%D7%97%D7%93%D7%A9%D7%95%D7%AA-%D7%A2%D7%99%D7%A8%D7%95%D7%A0%D7%99%D7%AA/,5,76,0.06578947368421052,8.736842105263158
https://nad-lan.co.il/tel-aviv-plans/hatikva-reparcelation/,5,209,0.023923444976076555,5.598086124401914
https://nad-lan.co.il/about/,4,55,0.07272727272727272,11.963636363636363
https://nad-lan.co.il/commercial-real-estate/warehouse-prices-ashdod-port/,4,88,0.045454545454545456,6.420454545454546
https://nad-lan.co.il/global/thailand/,4,218,0.01834862385321101,14.454128440366972
https://nad-lan.co.il/jerusalem-apartment-prices/,4,852,0.004694835680751174,8.63262910798122
https://nad-lan.co.il/netanya-apartment-prices/,4,451,0.008869179600886918,7.521064301552107
https://nad-lan.co.il/north-tel-aviv/shchunat-lamed/,4,98,0.04081632653061224,6.326530612244898
https://nad-lan.co.il/professionals/%D7%90%D7%91%D7%A8%D7%9E%D7%95%D7%91%D7%99%D7%A5-%D7%9C%D7%95%D7%90%D7%99%D7%A1/,4,17,0.23529411764705882,6.352941176470588
https://nad-lan.co.il/professionals/%D7%90%D7%9C%D7%95%D7%9F-%D7%90%D7%99%D7%A1%D7%99/,4,30,0.13333333333333333,5.7
https://nad-lan.co.il/professionals/%D7%96%D7%95%D7%A2%D7%91%D7%99-%D7%A8%D7%90%D7%99%D7%A3-2/,4,16,0.25,7.875
https://nad-lan.co.il/professionals/%D7%A1%D7%9C%D7%91%D7%99%D7%9F-%D7%A9%D7%97%D7%A8/,4,47,0.0851063829787234,7.319148936170213
https://nad-lan.co.il/professionals/%D7%A7%D7%95%D7%9E%D7%90-%D7%93%D7%95%D7%AA%D7%9F/,4,26,0.15384615384615385,5.923076923076923
https://nad-lan.co.il/projects/%D7%94%D7%A0%D7%A8%D7%A7%D7%99%D7%A1-%D7%94%D7%A8%D7%A7%D7%A4%D7%AA/,4,11,0.36363636363636365,5
https://nad-lan.co.il/projects/%D7%9E%D7%98%D7%A8%D7%95-%D7%94%D7%91%D7%A0%D7%99%D7%9D-%D7%95%D7%99%D7%99%D7%A6%D7%9E%D7%9F/,4,14,0.2857142857142857,2.7142857142857144
https://nad-lan.co.il/projects/%D7%A8%D7%97-%D7%94%D7%A9%D7%A8-%D7%9E%D7%A9%D7%94-58-60-62-%D7%95%D7%A8%D7%97-%D7%94%D7%A8%D7%90%D7%95%D7%91%D7%A0%D7%99-12-%D7%A8%D7%9E%D7%AA-%D7%92%D7%9F/,4,67,0.05970149253731343,6.567164179104478
https://nad-lan.co.il/projects/ashira-sde-dov/,4,988,0.004048582995951417,7.497975708502024
https://nad-lan.co.il/projects/dimri-yama-sde-dov/,4,1109,0.0036068530207394047,7.232642019837692
https://nad-lan.co.il/projects/park-bavli/,4,258,0.015503875968992248,6.74031007751938
https://nad-lan.co.il/sde-dov/merkaz/,4,420,0.009523809523809525,36.154761904761905
https://nad-lan.co.il/city/%D7%91%D7%90%D7%A8%20%D7%A9%D7%91%D7%A2/contractors/,3,9,0.3333333333333333,5.777777777777778
https://nad-lan.co.il/commercial-real-estate/shop-prices-bnei-brak/,3,40,0.075,5.825
https://nad-lan.co.il/glossary/%D7%91%D7%98%D7%95%D7%9F-%D7%91-40/,3,455,0.006593406593406593,5.336263736263736
https://nad-lan.co.il/glossary/%D7%AA%D7%99-118/,3,399,0.007518796992481203,10.807017543859649
https://nad-lan.co.il/glossary/%D7%AA%D7%99-466/,3,983,0.003051881993896236,10.414038657171922
https://nad-lan.co.il/glossary/%D7%AA%D7%A7%D7%A0%D7%95%D7%AA-%D7%94%D7%9E%D7%93%D7%99%D7%93%D7%95%D7%AA-%D7%9E%D7%93%D7%99%D7%93%D7%95%D7%AA-%D7%95%D7%9E%D7%99%D7%A4%D7%95%D7%99-%D7%AA%D7%A9%D7%A2%D7%95-2016/,3,332,0.009036144578313253,11.798192771084338
https://nad-lan.co.il/professionals/%D7%90%D7%91%D7%99%D7%A7%D7%96%D7%A8-%D7%93%D7%95%D7%93/,3,14,0.21428571428571427,3.5
https://nad-lan.co.il/professionals/%D7%90%D7%9C%D7%99%D7%94%D7%95-%D7%96%D7%9E%D7%99%D7%A8/,3,18,0.16666666666666666,6.722222222222222
https://nad-lan.co.il/professionals/%D7%91%D7%A1-%D7%A6%D7%95%D7%A4%D7%99-%D7%A6%D7%95%D7%A3/,3,7,0.42857142857142855,5.857142857142857
https://nad-lan.co.il/professionals/%D7%91%D7%A8-%D7%90%D7%9C-%D7%A6%D7%95%D7%A8%D7%99%D7%90%D7%9C/,3,8,0.375,21.375
https://nad-lan.co.il/professionals/%D7%91%D7%A8-%D7%A9%D7%9C%D7%95%D7%9D/,3,14,0.21428571428571427,5.428571428571429
https://nad-lan.co.il/professionals/%D7%93%D7%95%D7%92%D7%94-%D7%9E%D7%90%D7%99%D7%A8/,3,38,0.07894736842105263,9.68421052631579
https://nad-lan.co.il/professionals/%D7%97%D7%9E%D7%9E%D7%99-%D7%A8%D7%95%D7%A0%D7%99/,3,23,0.13043478260869565,5.3478260869565215
https://nad-lan.co.il/professionals/%D7%98%D7%95%D7%91%D7%95%D7%9C-%D7%90%D7%91%D7%99/,3,29,0.10344827586206896,4.9655172413793105
https://nad-lan.co.il/professionals/%D7%99%D7%A4%D7%A8%D7%97-%D7%9E%D7%A8%D7%93%D7%9B%D7%99-%D7%90%D7%95%D7%A8%D7%99/,3,40,0.075,7.175
https://nad-lan.co.il/professionals/%D7%99%D7%A9%D7%99-%D7%96%D7%99%D7%95/,3,33,0.09090909090909091,6.242424242424242
https://nad-lan.co.il/professionals/%D7%9E%D7%A0%D7%99-%D7%93%D7%A7%D7%9C/,3,7,0.42857142857142855,8.428571428571429
https://nad-lan.co.il/professionals/%D7%A9%D7%91%D7%97-%D7%9E%D7%A9%D7%94/,3,22,0.13636363636363635,11.363636363636363
https://nad-lan.co.il/professionals/%D7%A9%D7%A9%D7%99-%D7%A2%D7%9E%D7%95%D7%A1/,3,13,0.23076923076923078,4.3076923076923075
https://nad-lan.co.il/projects/%D7%93%D7%A8%D7%99%D7%99%D7%A4%D7%95%D7%A1-1-9-%D7%A7%D7%A8%D7%99%D7%99%D7%AA-%D7%A9%D7%A4%D7%A8%D7%99%D7%A0%D7%A6%D7%A7/,3,29,0.10344827586206896,6.724137931034483
https://nad-lan.co.il/projects/%D7%94%D7%93%D7%95%D7%93%D7%90%D7%99%D7%9D/,3,25,0.12,8.04
https://nad-lan.co.il/projects/%D7%94%D7%94%D7%A1%D7%AA%D7%93%D7%A8%D7%95%D7%AA-197-207/,3,19,0.15789473684210525,8.736842105263158
https://nad-lan.co.il/projects/%D7%94%D7%A6%D7%93%D7%99%D7%A7-%D7%9E%D7%99%D7%A8%D7%95%D7%A9%D7%9C%D7%99%D7%9D/,3,18,0.16666666666666666,11.166666666666666
https://nad-lan.co.il/projects/%D7%97%D7%99%D7%99%D7%9D-%D7%97%D7%91%D7%99%D7%91-3/,3,89,0.033707865168539325,8.179775280898877
https://nad-lan.co.il/projects/%D7%9E%D7%95%D7%A8%D7%93%D7%95%D7%AA-%D7%A8%D7%9E%D7%99%D7%9D/,3,14,0.21428571428571427,5.785714285714286
https://nad-lan.co.il/projects/%D7%9E%D7%A2%D7%A8/,3,13,0.23076923076923078,25.615384615384617
https://nad-lan.co.il/projects/%D7%A6%D7%95%D7%A0%D7%93%D7%A7-51133130/,3,9,0.3333333333333333,5.888888888888889
https://nad-lan.co.il/projects/%D7%A7%D7%95%D7%9C%D7%95%D7%9E%D7%91%D7%99%D7%94-6-10/,3,50,0.06,6.42
https://nad-lan.co.il/projects/ashdar-einstein/,3,228,0.013157894736842105,22.79824561403509
https://nad-lan.co.il/projects/duo-tel-aviv-en/,3,209,0.014354066985645933,5.91866028708134
https://nad-lan.co.il/projects/first-sde-dov/,3,451,0.0066518847006651885,6.776053215077606
https://nad-lan.co.il/projects/gindi-vogue-sde-dov-fr/,3,21,0.14285714285714285,4.428571428571429
https://nad-lan.co.il/projects/rainbow-tel-aviv-en/,3,136,0.022058823529411766,7.963235294117647
https://nad-lan.co.il/projects/six-8-herbert-samuel-tel-aviv/,3,279,0.010752688172043012,6.942652329749104
https://nad-lan.co.il/ramat-aviv/einstein/,3,41,0.07317073170731707,5.487804878048781
https://nad-lan.co.il/short-term-rentals-abroad/,3,28,0.10714285714285714,6.071428571428571
https://nad-lan.co.il/urban-renewal/tama-38-tel-aviv/,3,632,0.004746835443037975,23.884493670886076
http://nad-lan.co.il/sde-dov/hotels/,2,25,0.08,14.28
https://nad-lan.co.il/apartment-buying-checklist/,2,16,0.125,37.625
https://nad-lan.co.il/ashdod-apartment-prices/,2,137,0.014598540145985401,6.627737226277373
https://nad-lan.co.il/city/%D7%93%D7%90%D7%9C%D7%99%D7%AA-%D7%90%D7%9C-%D7%9B%D7%A8%D7%9E%D7%9C/,2,8,0.25,12.125
https://nad-lan.co.il/city/%D7%97%D7%99%D7%A4%D7%94/contractors/,2,22,0.09090909090909091,15.227272727272727
https://nad-lan.co.il/city/%D7%97%D7%99%D7%A4%D7%94/projects/,2,582,0.003436426116838488,46.106529209621996
https://nad-lan.co.il/city/%D7%A7%D7%A8%D7%99%D7%AA%20%D7%92%D7%AA/contractors/,2,7,0.2857142857142857,6
https://nad-lan.co.il/city/%D7%AA%D7%9C%20%D7%90%D7%91%D7%99%D7%91%20%D7%99%D7%A4%D7%95/projects/,2,1132,0.0017667844522968198,63.86219081272085
https://nad-lan.co.il/commercial-real-estate/commercial-property-prices-beer-sheva/,2,123,0.016260162601626018,5.308943089430894
https://nad-lan.co.il/commercial-real-estate/office-for-sale-herzliya/,2,53,0.03773584905660377,6.264150943396227
https://nad-lan.co.il/commercial-real-estate/office-prices-hod-hasharon/,2,61,0.03278688524590164,5.901639344262295
https://nad-lan.co.il/commercial-real-estate/office-prices-rehovot/,2,57,0.03508771929824561,5.912280701754386
https://nad-lan.co.il/commercial-real-estate/ramat-gan-commercial-property-prices/,2,175,0.011428571428571429,6.708571428571428
https://nad-lan.co.il/commercial-real-estate/restaurant-property-for-rent-tel-aviv/,2,77,0.025974025974025976,7.116883116883117
https://nad-lan.co.il/commercial-real-estate/shop-prices-ashdod/,2,26,0.07692307692307693,5.615384615384615
https://nad-lan.co.il/commercial-real-estate/shop-prices-jerusalem/,2,88,0.022727272727272728,6.920454545454546
https://nad-lan.co.il/commercial-real-estate/shop-prices-ramat-gan/,2,90,0.022222222222222223,6.088888888888889
https://nad-lan.co.il/fr/property-value-estimator/,2,12,0.16666666666666666,5.833333333333333
https://nad-lan.co.il/global/miami/,2,161,0.012422360248447204,23.217391304347824
https://nad-lan.co.il/glossary/%D7%90%D7%92%D7%A8%D7%92%D7%98-%D7%9E%D7%93%D7%95%D7%A8%D7%92/,2,50,0.04,15.18
https://nad-lan.co.il/glossary/%D7%91%D7%95%D7%A8%D7%92-%D7%A2%D7%99%D7%92%D7%95%D7%9F-%D7%91%D7%98%D7%95%D7%9F/,2,284,0.007042253521126761,15.79225352112676
https://nad-lan.co.il/glossary/%D7%92%D7%A8%D7%9E%D7%95%D7%A9%D7%A7%D7%94/,2,232,0.008620689655172414,40.491379310344826
https://nad-lan.co.il/glossary/%D7%A7%D7%95-%D7%9B%D7%97%D7%95%D7%9C/,2,197,0.01015228426395939,6.98984771573604
https://nad-lan.co.il/glossary/%D7%AA%D7%9B%D7%A1%D7%99%D7%AA/,2,75,0.02666666666666667,8.84
https://nad-lan.co.il/guides/neighboring-development-check/,2,33,0.06060606060606061,6.242424242424242
https://nad-lan.co.il/guides/new-apartment-acoustics/,2,44,0.045454545454545456,6.090909090909091
https://nad-lan.co.il/guides/new-apartment-sale-specification/,2,347,0.005763688760806916,28.501440922190202
https://nad-lan.co.il/herzliya-projects/,2,240,0.008333333333333333,25.458333333333332
https://nad-lan.co.il/investment/ashkelon-investment-apartment/,2,164,0.012195121951219513,6.432926829268292
https://nad-lan.co.il/michraz-dirot/,2,345,0.005797101449275362,6.084057971014492
https://nad-lan.co.il/premium/,2,259,0.007722007722007722,67.17374517374517
https://nad-lan.co.il/professionals/%D7%90%D7%91%D7%95-%D7%97%D7%A6%D7%99%D7%A8%D7%90-%D7%90%D7%91%D7%A8%D7%94%D7%9D/,2,9,0.2222222222222222,3.111111111111111
https://nad-lan.co.il/professionals/%D7%90%D7%91%D7%A8%D7%90%D7%94%D7%99%D7%9D-%D7%9E%D7%95%D7%A0%D7%93%D7%A8/,2,2,1,4
https://nad-lan.co.il/professionals/%D7%90%D7%91%D7%A8%D7%94%D7%9E%D7%99-%D7%90%D7%9C%D7%99%D7%94%D7%95/,2,9,0.2222222222222222,5.222222222222222
https://nad-lan.co.il/professionals/%D7%90%D7%9C%D7%95%D7%9F-%D7%99%D7%92%D7%90%D7%9C/,2,5,0.4,5.4
https://nad-lan.co.il/professionals/%D7%90%D7%9C%D7%9E%D7%9C%D7%99%D7%97-%D7%99%D7%92%D7%90%D7%9C/,2,16,0.125,3.25
https://nad-lan.co.il/professionals/%D7%91%D7%95%D7%A0%D7%99%D7%A7-%D7%A9%D7%9E%D7%A2%D7%95%D7%9F-%D7%A8%D7%95%D7%A0%D7%9F/,2,5,0.4,5.6
https://nad-lan.co.il/professionals/%D7%91%D7%99%D7%98%D7%95%D7%9F-%D7%9E%D7%90%D7%99%D7%A8/,2,41,0.04878048780487805,6.2926829268292686
https://nad-lan.co.il/professionals/%D7%91%D7%9F-%D7%9E%D7%95%D7%97%D7%94-%D7%90%D7%9C%D7%99%D7%94%D7%95/,2,17,0.11764705882352941,3.176470588235294
https://nad-lan.co.il/professionals/%D7%91%D7%A7%D7%A8-%D7%90%D7%99%D7%9C%D7%9F/,2,23,0.08695652173913043,9.08695652173913
https://nad-lan.co.il/professionals/%D7%92%D7%91%D7%90%D7%9C%D7%99-%D7%97%D7%95%D7%A1%D7%90%D7%9D/,2,8,0.25,4.75
https://nad-lan.co.il/professionals/%D7%92%D7%95%D7%93%D7%95%D7%91-%D7%99%D7%A6%D7%97%D7%A7/,2,5,0.4,6.2
https://nad-lan.co.il/professionals/%D7%92%D7%95%D7%93%D7%99-%D7%9E%D7%92%D7%93%D7%99/,2,6,0.3333333333333333,15.333333333333334
https://nad-lan.co.il/professionals/%D7%93%D7%A8%D7%A2%D7%99-%D7%99%D7%A6%D7%97%D7%A7/,2,2,1,2.5
https://nad-lan.co.il/professionals/%D7%94%D7%93%D7%A8-%D7%90%D7%9C%D7%95%D7%9F/,2,4,0.5,1.5
https://nad-lan.co.il/professionals/%D7%95%D7%A8%D7%95%D7%9F-%D7%A2%D7%99%D7%93%D7%9F/,2,11,0.18181818181818182,11.181818181818182
https://nad-lan.co.il/professionals/%D7%96%D7%95%D7%A8%D7%A1%D7%A7%D7%99-%D7%AA%D7%9E%D7%99%D7%A8/,2,4,0.5,4.25
https://nad-lan.co.il/professionals/%D7%96%D7%99%D7%9C%D7%91%D7%A8%D7%91%D7%A8%D7%92-%D7%90%D7%91%D7%A8%D7%94%D7%9D/,2,9,0.2222222222222222,12.555555555555555
https://nad-lan.co.il/professionals/%D7%96%D7%A8%D7%99%D7%A7-%D7%9B%D7%A8%D7%99%D7%9D/,2,4,0.5,4.5
https://nad-lan.co.il/professionals/%D7%97%D7%92%D7%92-%D7%A9%D7%99/,2,11,0.18181818181818182,6.909090909090909
https://nad-lan.co.il/professionals/%D7%97%D7%9C%D7%99%D7%97%D7%9C-%D7%9E%D7%95%D7%97%D7%9E%D7%93/,2,6,0.3333333333333333,2.5
https://nad-lan.co.il/professionals/%D7%97%D7%9C%D7%99%D7%9C%D7%99%D7%94-%D7%A1%D7%90%D7%94%D7%A8/,2,3,0.6666666666666666,1.3333333333333333
https://nad-lan.co.il/professionals/%D7%97%D7%9F-%D7%92%D7%9C/,2,5,0.4,2.8
https://nad-lan.co.il/professionals/%D7%98%D7%95%D7%91%D7%99-%D7%99%D7%A7%D7%95%D7%AA%D7%99%D7%90%D7%9C/,2,6,0.3333333333333333,4.166666666666666
https://nad-lan.co.il/professionals/%D7%99%D7%A8%D7%A1%D7%A7%D7%99-%D7%92%D7%99%D7%90/,2,10,0.2,5.1
https://nad-lan.co.il/professionals/%D7%9B%D7%A5-%D7%90%D7%A8%D7%99%D7%94/,2,2,1,4.5
https://nad-lan.co.il/professionals/%D7%9C%D7%99%D7%91%D7%A0%D7%94-%D7%99%D7%95%D7%91%D7%9C/,2,3,0.6666666666666666,3.6666666666666665
https://nad-lan.co.il/professionals/%D7%9C%D7%99%D7%95%D7%A1-%D7%A8%D7%9E%D7%96%D7%99/,2,3,0.6666666666666666,4.333333333333334
https://nad-lan.co.il/professionals/%D7%9C%D7%99%D7%A4%D7%A9%D7%99%D7%A5-%D7%A0%D7%AA%D7%9F-%D7%A0%D7%98%D7%A2/,2,9,0.2222222222222222,12.222222222222221
https://nad-lan.co.il/professionals/%D7%9C%D7%A0%D7%93%D7%9E%D7%9F-%D7%99%D7%92%D7%90%D7%9C/,2,10,0.2,4.8
https://nad-lan.co.il/professionals/%D7%9E%D7%97%D7%90%D7%92%D7%A0%D7%94-%D7%A4%D7%90%D7%A8%D7%A1/,2,22,0.09090909090909091,5.863636363636363
https://nad-lan.co.il/professionals/%D7%9E%D7%99%D7%A2%D7%90%D7%A8%D7%99-%D7%A0%D7%96%D7%99%D7%94/,2,13,0.15384615384615385,5.6923076923076925
https://nad-lan.co.il/professionals/%D7%9E%D7%A1%D7%99%D7%9C%D7%AA%D7%99-%D7%A0%D7%A6%D7%97/,2,50,0.04,9.64
https://nad-lan.co.il/professionals/%D7%A0%D7%94%D7%A8%D7%99-%D7%90%D7%99%D7%AA%D7%9F/,2,25,0.08,8.2
https://nad-lan.co.il/professionals/%D7%A0%D7%96%D7%A8%D7%99-%D7%90%D7%9C%D7%99/,2,20,0.1,6.75
https://nad-lan.co.il/professionals/%D7%A0%D7%97%D7%9E%D7%A0%D7%99-%D7%A9%D7%9C%D7%9E%D7%94/,2,20,0.1,9.65
https://nad-lan.co.il/professionals/%D7%A1%D7%9C%D7%99%D7%9D-%D7%A7%D7%99%D7%99%D7%A1/,2,6,0.3333333333333333,4.833333333333334
https://nad-lan.co.il/professionals/%D7%A2%D7%95%D7%9E%D7%A8%D7%99-%D7%9E%D7%95%D7%94%D7%A0%D7%93/,2,3,0.6666666666666666,2
https://nad-lan.co.il/professionals/%D7%A4%D7%90%D7%97%D7%95%D7%A8%D7%99-%D7%A1%D7%9C%D7%99%D7%9D/,2,4,0.5,3.25
https://nad-lan.co.il/professionals/%D7%A4%D7%99%D7%98%D7%95%D7%A1%D7%99-%D7%A8%D7%A4%D7%90%D7%9C-%D7%97%D7%99%D7%99%D7%9D/,2,4,0.5,3.75
https://nad-lan.co.il/professionals/%D7%A7%D7%96%D7%95-%D7%9B%D7%94%D7%9F-%D7%A2%D7%95%D7%A4%D7%A8/,2,3,0.6666666666666666,2
https://nad-lan.co.il/professionals/%D7%A7%D7%A6%D7%91-%D7%A9%D7%90%D7%95%D7%9C/,2,4,0.5,3.25
https://nad-lan.co.il/professionals/%D7%A7%D7%A8%D7%A0%D7%99-%D7%90%D7%99%D7%AA%D7%9E%D7%A8/,2,41,0.04878048780487805,10.487804878048781
https://nad-lan.co.il/professionals/%D7%A8%D7%90%D7%91%D7%95%D7%A1-%D7%A2%D7%91%D7%93-%D7%90%D7%9C-%D7%A8%D7%97%D7%9E%D7%90%D7%9F/,2,7,0.2857142857142857,6
https://nad-lan.co.il/professionals/%D7%A8%D7%95%D7%91%D7%99%D7%9F-%D7%90%D7%91%D7%A8%D7%94%D7%9D/,2,4,0.5,2.75
https://nad-lan.co.il/professionals/%D7%A8%D7%95%D7%96%D7%9F-%D7%90%D7%95%D7%A8%D7%9F/,2,5,0.4,3.6
https://nad-lan.co.il/professionals/%D7%A8%D7%95%D7%9C%D7%A0%D7%99%D7%A7-%D7%92%D7%93%D7%99/,2,34,0.058823529411764705,7.794117647058823
https://nad-lan.co.il/professionals/%D7%A8%D7%96-%D7%90%D7%A8%D7%96/,2,14,0.14285714285714285,6.5
https://nad-lan.co.il/professionals/%D7%A9%D7%94%D7%95%D7%95%D7%90%D7%A0%D7%99-%D7%A4%D7%A8%D7%90%D7%A1/,2,4,0.5,2.75
https://nad-lan.co.il/professionals/%D7%A9%D7%9E%D7%95%D7%90%D7%9C-%D7%9E%D7%A8%D7%93%D7%9B%D7%99/,2,17,0.11764705882352941,5.0588235294117645
https://nad-lan.co.il/professionals/%D7%A9%D7%9E%D7%97%D7%99-%D7%90%D7%91%D7%99%D7%97%D7%99/,2,23,0.08695652173913043,9.304347826086957
https://nad-lan.co.il/projects/%D7%90%D7%95%D7%93%D7%9D-18-28/,2,8,0.25,11.5
https://nad-lan.co.il/projects/%D7%91%D7%95%D7%9C%D7%99%D7%91%D7%99%D7%94-1/,2,14,0.14285714285714285,10.785714285714286
https://nad-lan.co.il/projects/%D7%91%D7%9F-%D7%92%D7%95%D7%A8%D7%99%D7%95%D7%9F-5/,2,64,0.03125,9.734375
https://nad-lan.co.il/projects/%D7%91%D7%9F-%D7%96%D7%9B%D7%90%D7%99-31/,2,38,0.05263157894736842,9.394736842105264
https://nad-lan.co.il/projects/%D7%93%D7%91-%D7%92%D7%A8%D7%95%D7%A0%D7%A8-230-237/,2,21,0.09523809523809523,7.380952380952381
https://nad-lan.co.il/projects/%D7%94%D7%92%D7%A4%D7%9F-2/,2,4,0.5,2.5
https://nad-lan.co.il/projects/%D7%94%D7%A2%D7%A6%D7%9E%D7%90%D7%95%D7%AA-6/,2,15,0.13333333333333333,7.8
https://nad-lan.co.il/projects/%D7%94%D7%A8%D7%90%D7%94-103-105-107-%D7%99%D7%95%D7%A0%D7%94-2-4-6/,2,13,0.15384615384615385,7.230769230769231
https://nad-lan.co.il/projects/%D7%94%D7%A8-%D7%94%D7%A6%D7%95%D7%A4%D7%99%D7%9D/,2,5,0.4,2.2
https://nad-lan.co.il/projects/%D7%9B%D7%9C%D7%A0%D7%99%D7%AA-%D7%94%D7%A9%D7%9C%D7%95%D7%9D/,2,11,0.18181818181818182,3.8181818181818183
https://nad-lan.co.il/projects/%D7%9C%D7%95%D7%97%D7%9E%D7%99-%D7%94%D7%92%D7%98%D7%90%D7%95%D7%AA/,2,3,0.6666666666666666,1.3333333333333333
https://nad-lan.co.il/projects/%D7%9E%D7%92%D7%93%D7%9C-%D7%94%D7%99%D7%9D-%D7%A8%D7%95%D7%98%D7%A9%D7%99%D7%9C%D7%93-2/,2,82,0.024390243902439025,11.121951219512194
https://nad-lan.co.il/projects/%D7%9E%D7%95%D7%A8%D7%93%D7%95%D7%AA-%D7%A2%D7%A6%D7%9E%D7%95%D7%9F/,2,12,0.16666666666666666,5.333333333333333
https://nad-lan.co.il/projects/%D7%9E%D7%A0%D7%97%D7%9D-%D7%91%D7%92%D7%99%D7%9F/,2,7,0.2857142857142857,2.857142857142857
https://nad-lan.co.il/projects/%D7%9E%D7%AA%D7%97%D7%9D-%D7%A8%D7%91%D7%99%D7%9F/,2,4,0.5,1
https://nad-lan.co.il/projects/%D7%A2%D7%9E%D7%A7-%D7%94%D7%99%D7%95%D7%91%D7%9C/,2,35,0.05714285714285714,33.68571428571428
https://nad-lan.co.il/projects/%D7%A7%D7%93%D7%A9-%D7%94%D7%A8%D7%90%D7%A9%D7%95%D7%A0%D7%99%D7%9D/,2,30,0.06666666666666667,3.7333333333333334
https://nad-lan.co.il/projects/%D7%A7%D7%98%D7%9E%D7%95%D7%A0%D7%99%D7%9D-11/,2,2,1,1
https://nad-lan.co.il/projects/%D7%A7%D7%A9%D7%90%D7%A0%D7%99-19-25/,2,7,0.2857142857142857,3.7142857142857144
https://nad-lan.co.il/projects/%D7%A7%D7%A9%D7%AA-%D7%92%D7%99%D7%AA%D7%99%D7%AA-%D7%9E%D7%A9%D7%92%D7%91-%D7%A2%D7%9D/,2,23,0.08695652173913043,6.6521739130434785
https://nad-lan.co.il/projects/%D7%A8%D7%92-1811-%D7%A7%D7%A8%D7%99%D7%A0%D7%99%D7%A6%D7%99-109-111/,2,53,0.03773584905660377,7.226415094339623
https://nad-lan.co.il/projects/%D7%A8%D7%92-1849-%D7%94%D7%AA%D7%97%D7%93%D7%A9%D7%95%D7%AA-%D7%A2%D7%99%D7%A8%D7%95%D7%A0%D7%99%D7%AA-%D7%AA%D7%A8%D7%A6%D7%94-%D7%99%D7%A8%D7%95%D7%A9%D7%9C%D7%99%D7%9D/,2,38,0.05263157894736842,6.157894736842105
https://nad-lan.co.il/projects/?city=%D7%91%D7%90%D7%A8%20%D7%A9%D7%91%D7%A2,2,697,0.0028694404591104736,37.59397417503587
https://nad-lan.co.il/projects/bnei-dan-54-56/,2,84,0.023809523809523808,11.261904761904763
https://nad-lan.co.il/projects/gindi-vogue-sde-dov-ru/,2,13,0.15384615384615385,9.076923076923077
https://nad-lan.co.il/projects/recanati-residence/,2,71,0.028169014084507043,7.52112676056338
https://nad-lan.co.il/projects/shikun-binui-sde-dov/,2,84,0.023809523809523808,6.690476190476191
https://nad-lan.co.il/projects/stricker-13-brandeis-14/,2,109,0.01834862385321101,7.697247706422019
https://nad-lan.co.il/projects/toha2-tel-aviv-en/,2,114,0.017543859649122806,7.298245614035087
https://nad-lan.co.il/projects/utopia-sde-dov-en/,2,37,0.05405405405405406,3.7567567567567566
https://nad-lan.co.il/projects/yoo-tel-aviv-fr/,2,10,0.2,6.5
https://nad-lan.co.il/savyon-house-prices/,2,371,0.005390835579514825,7.889487870619946
https://nad-lan.co.il/selling-apartment/who-pays-broker-fees/,2,141,0.014184397163120567,12.042553191489361
https://nad-lan.co.il/tel-aviv-plans/ayalon-roof/,2,48,0.041666666666666664,7.770833333333333
https://nad-lan.co.il/tel-aviv-plans/kfir-renewal/,2,60,0.03333333333333333,7.5
http://nad-lan.co.il/sde-dov/,1,124,0.008064516129032258,6.790322580645161
https://nad-lan.co.il/3-room-apartment-690k-israel-2026/,1,287,0.003484320557491289,6.912891986062718
https://nad-lan.co.il/acheter-appartement-israel-2026/,1,20,0.05,6.55
https://nad-lan.co.il/city/,1,3,0.3333333333333333,21.333333333333332
https://nad-lan.co.il/city/%D7%90%D7%91%D7%9F-%D7%99%D7%94%D7%95%D7%93%D7%94/contractors/,1,4,0.25,7
https://nad-lan.co.il/city/%D7%90%D7%9B%D7%A1%D7%90%D7%9C/contractors/,1,5,0.2,13.2
https://nad-lan.co.il/city/%D7%90%D7%A9%D7%A7%D7%9C%D7%95%D7%9F/contractors/,1,5,0.2,11
https://nad-lan.co.il/city/%D7%90%D7%A9%D7%A7%D7%9C%D7%95%D7%9F/projects/,1,477,0.0020964360587002098,36.457023060796644
https://nad-lan.co.il/city/%D7%91%D7%90%D7%A8%20%D7%A9%D7%91%D7%A2/projects/,1,7,0.14285714285714285,8.285714285714285
https://nad-lan.co.il/city/%D7%98%D7%99%D7%A8%D7%AA%20%D7%9B%D7%A8%D7%9E%D7%9C/projects/,1,15,0.06666666666666667,11.6
https://nad-lan.co.il/city/%D7%99%D7%A8%D7%95%D7%A9%D7%9C%D7%99%D7%9D/projects/,1,211,0.004739336492890996,58.48341232227488
https://nad-lan.co.il/city/%D7%9B%D7%90%D7%91%D7%95%D7%9C/contractors/,1,4,0.25,8.25
https://nad-lan.co.il/city/%D7%9B%D7%A4%D7%A8%20%D7%9B%D7%A0%D7%90/contractors/,1,5,0.2,13
https://nad-lan.co.il/city/%D7%9B%D7%A4%D7%A8-%D7%A1%D7%91%D7%90/projects/,1,31,0.03225806451612903,52.87096774193548
https://nad-lan.co.il/city/%D7%A0%D7%94%D7%A8%D7%99%D7%94/projects/,1,117,0.008547008547008548,24.58974358974359
https://nad-lan.co.il/city/%D7%A0%D7%AA%D7%99%D7%91%D7%95%D7%AA/contractors/,1,31,0.03225806451612903,59.064516129032256
https://nad-lan.co.il/city/%D7%A1%D7%97%27%D7%A0%D7%99%D7%9F/contractors/,1,4,0.25,9
https://nad-lan.co.il/city/%D7%A4%D7%A8%D7%93%D7%A1-%D7%97%D7%A0%D7%94-%D7%9B%D7%A8%D7%9B%D7%95/contractors/,1,10,0.1,10.6
https://nad-lan.co.il/city/%D7%A7%D7%A8%D7%99%D7%AA-%D7%99%D7%9D/projects/,1,27,0.037037037037037035,45.666666666666664
https://nad-lan.co.il/city/%D7%A8%D7%99%D7%A0%D7%94/contractors/,1,2,0.5,6
https://nad-lan.co.il/city/%D7%A8%D7%9E%D7%AA%20%D7%92%D7%9F/projects/,1,384,0.0026041666666666665,24.244791666666668
https://nad-lan.co.il/city/%D7%A8%D7%9E%D7%AA-%D7%92%D7%9F/projects/,1,319,0.003134796238244514,34.76489028213166
https://nad-lan.co.il/commercial-real-estate/industrial-property-prices-holon-bat-yam/,1,69,0.014492753623188406,5.6521739130434785
https://nad-lan.co.il/commercial-real-estate/logistics-warehouse-for-rent-modiin-shoham/,1,25,0.04,6.12
https://nad-lan.co.il/commercial-real-estate/office-fit-out-cost-tel-aviv/,1,40,0.025,6.35
https://nad-lan.co.il/commercial-real-estate/office-prices-netanya/,1,71,0.014084507042253521,6.070422535211268
https://nad-lan.co.il/construction-engineering-guide/,1,157,0.006369426751592357,23.26751592356688
https://nad-lan.co.il/duo-preview/,1,1,1,3
https://nad-lan.co.il/en/buy-property-in-israel/,1,556,0.0017985611510791368,55.09892086330935
https://nad-lan.co.il/en/developer-deals/,1,42,0.023809523809523808,5.595238095238095
https://nad-lan.co.il/en/guides/new-apartment-balcony/,1,131,0.007633587786259542,9.900763358778626
https://nad-lan.co.il/en/guides/residential-tower-elevators/,1,66,0.015151515151515152,11.5
https://nad-lan.co.il/fr/guides/new-apartment-balcony/,1,5,0.2,9.6
https://nad-lan.co.il/global/italy/,1,212,0.0047169811320754715,33.68867924528302
https://nad-lan.co.il/global/london/,1,263,0.0038022813688212928,28.787072243346007
https://nad-lan.co.il/global/new-york/,1,30,0.03333333333333333,39.36666666666667
https://nad-lan.co.il/global/project/glyfada-coast-suites-athens/,1,7,0.14285714285714285,4.428571428571429
https://nad-lan.co.il/glossary/,1,408,0.0024509803921568627,70.9656862745098
https://nad-lan.co.il/glossary/%D7%91%D7%95%D7%A8%D7%92-%D7%A7%D7%95%D7%93%D7%97/,1,180,0.005555555555555556,16.944444444444443
https://nad-lan.co.il/glossary/%D7%91%D7%98%D7%95%D7%9F-%D7%91-30/,1,332,0.0030120481927710845,8.28012048192771
https://nad-lan.co.il/glossary/%D7%94%D7%AA%D7%95%D7%A1%D7%A4%D7%AA-%D7%94%D7%A9%D7%9C%D7%99%D7%A9%D7%99%D7%AA-%D7%9C%D7%97%D7%95%D7%A7-%D7%94%D7%AA%D7%9B%D7%A0%D7%95%D7%9F-%D7%95%D7%94%D7%91%D7%A0%D7%99%D7%99%D7%94/,1,123,0.008130081300813009,9.34959349593496
https://nad-lan.co.il/glossary/%D7%9C%D7%95%D7%97-%D7%92%D7%91%D7%A1-%D7%90%D7%93%D7%95%D7%9D/,1,515,0.001941747572815534,17.29514563106796
https://nad-lan.co.il/glossary/%D7%9E%D7%94%D7%A0%D7%93%D7%A1-%D7%90%D7%96%D7%A8%D7%97%D7%99-%D7%A8%D7%A9%D7%95%D7%99/,1,33,0.030303030303030304,21.545454545454547
https://nad-lan.co.il/glossary/%D7%9E%D7%A4%D7%94-%D7%9E%D7%A6%D7%91%D7%99%D7%AA/,1,120,0.008333333333333333,19.133333333333333
https://nad-lan.co.il/glossary/%D7%9E%D7%A4%D7%A8%D7%98-%D7%98%D7%9B%D7%A0%D7%99-%D7%9E%D7%99%D7%95%D7%97%D7%93/,1,361,0.002770083102493075,36.37950138504155
https://nad-lan.co.il/glossary/%D7%A2%D7%95%D7%92%D7%A0%D7%99-%D7%A7%D7%A8%D7%A7%D7%A2/,1,199,0.005025125628140704,22.537688442211056
https://nad-lan.co.il/glossary/%D7%A8%D7%A9%D7%AA-%D7%9E%D7%A8%D7%95%D7%AA%D7%9B%D7%AA/,1,46,0.021739130434782608,7.130434782608695
https://nad-lan.co.il/glossary/%D7%A9%D7%A8%D7%A3-%D7%90%D7%A4%D7%95%D7%A7%D7%A1%D7%99-%D7%9C%D7%A2%D7%99%D7%92%D7%95%D7%9F-%D7%9B%D7%99%D7%9E%D7%99/,1,50,0.02,9.6
https://nad-lan.co.il/glossary/%D7%AA%D7%A7%D7%A0%D7%95%D7%AA-%D7%94%D7%AA%D7%9B%D7%A0%D7%95%D7%9F-%D7%95%D7%94%D7%91%D7%A0%D7%99%D7%99%D7%94-%D7%A8%D7%99%D7%A9%D7%95%D7%99-%D7%91%D7%A0%D7%99%D7%99%D7%94-%D7%AA%D7%A9%D7%A2/,1,275,0.0036363636363636364,20.625454545454545
https://nad-lan.co.il/glossary/kvutzat-rechisha/,1,59,0.01694915254237288,59.271186440677965
https://nad-lan.co.il/glossary/penthouse/,1,173,0.005780346820809248,18.439306358381504
https://nad-lan.co.il/glossary/precast-element/,1,13,0.07692307692307693,10.76923076923077
https://nad-lan.co.il/glossary/raft-foundation/,1,179,0.00558659217877095,26.05586592178771
https://nad-lan.co.il/investment/givatayim-investment-apartment/,1,47,0.02127659574468085,6.361702127659575
https://nad-lan.co.il/investment/holon-investment-apartment/,1,42,0.023809523809523808,11.214285714285714
https://nad-lan.co.il/israel-housing-market-buyers-2026/,1,45,0.022222222222222223,16.11111111111111
https://nad-lan.co.il/kfar-shmaryahu-house-prices/,1,97,0.010309278350515464,9.041237113402062
https://nad-lan.co.il/kiryat-ono-apartment-prices/,1,247,0.004048582995951417,8.113360323886639
https://nad-lan.co.il/mortgage-calculator/,1,7931,0.00012608750472828143,53.37801033917539
https://nad-lan.co.il/mortgage-calculator/mortgage-interest-rates/,1,112,0.008928571428571428,9.169642857142858
https://nad-lan.co.il/mortgage-calculator/reverse-mortgage/,1,179,0.00558659217877095,6.681564245810056
https://nad-lan.co.il/neve-tzedek-apartment-prices/,1,83,0.012048192771084338,8.168674698795181
https://nad-lan.co.il/new-projects/construction-input-index/,1,116,0.008620689655172414,8.560344827586206
https://nad-lan.co.il/north-tel-aviv/,1,58,0.017241379310344827,9.293103448275861
https://nad-lan.co.il/petah-tikva-apartment-prices/,1,419,0.002386634844868735,7.436754176610979
https://nad-lan.co.il/professionals/,1,272,0.003676470588235294,50.75
https://nad-lan.co.il/professionals/%D7%90%D7%91%D7%95%D7%A7%D7%A8%D7%98-%D7%90%D7%95%D7%A4%D7%99%D7%A8/,1,4,0.25,7.25
https://nad-lan.co.il/professionals/%D7%90%D7%91%D7%95-%D7%91%D7%9B%D7%A8-%D7%97%D7%90%D7%9C%D7%93/,1,5,0.2,10.6
https://nad-lan.co.il/professionals/%D7%90%D7%91%D7%99%D7%90%D7%9C-%D7%90%D7%95%D7%A8%D7%9F/,1,5,0.2,2.4
https://nad-lan.co.il/professionals/%D7%90%D7%91%D7%99%D7%93%D7%A8-%D7%90%D7%99%D7%99%D7%9C/,1,6,0.16666666666666666,6.333333333333333
https://nad-lan.co.il/professionals/%D7%90%D7%91%D7%99%D7%98%D7%9C-%D7%90%D7%9C%D7%99/,1,24,0.041666666666666664,7.75
https://nad-lan.co.il/professionals/%D7%90%D7%91%D7%A8%D7%94%D7%9D-%D7%9E%D7%99%D7%9B%D7%90%D7%9C/,1,9,0.1111111111111111,5.777777777777778
https://nad-lan.co.il/professionals/%D7%90%D7%92%D7%90-%D7%90%D7%9C%D7%99/,1,1,1,3
https://nad-lan.co.il/professionals/%D7%90%D7%92%D7%91%D7%90%D7%A8%D7%99%D7%94-%D7%9E%D7%95%D7%97%D7%9E%D7%93-%D7%A0%D7%A1%D7%A8/,1,3,0.3333333333333333,1.3333333333333333
https://nad-lan.co.il/professionals/%D7%90%D7%92%D7%91%D7%90%D7%A8%D7%99%D7%94-%D7%9E%D7%95%D7%97%D7%9E%D7%93-3/,1,18,0.05555555555555555,10.5
https://nad-lan.co.il/professionals/%D7%90%D7%92%D7%91%D7%90%D7%A8%D7%99%D7%94-%D7%A2%D7%93%D7%A0%D7%90%D7%9F/,1,30,0.03333333333333333,9.3
https://nad-lan.co.il/professionals/%D7%90%D7%92%D7%91%D7%A8%D7%99%D7%94-%D7%A0%D7%91%D7%99%D7%9C/,1,10,0.1,8.5
https://nad-lan.co.il/professionals/%D7%90%D7%92%D7%A8-%D7%90%D7%9C%D7%99-%D7%90%D7%9C%D7%9B%D7%A1/,1,10,0.1,8.1
https://nad-lan.co.il/professionals/%D7%90%D7%93%D7%A8%D7%99-%D7%A1%D7%A0%D7%A4%D7%99%D7%A8/,1,10,0.1,4.5
https://nad-lan.co.il/professionals/%D7%90%D7%95%D7%91%D7%96%D7%99%D7%9C%D7%A8-%D7%98%D7%95%D7%91%D7%99%D7%94/,1,9,0.1111111111111111,7.222222222222222
https://nad-lan.co.il/professionals/%D7%90%D7%95%D7%95%D7%A0%D7%A9%D7%98%D7%A8%D7%9F-%D7%A8%D7%95%D7%9F/,1,15,0.06666666666666667,4.266666666666667
https://nad-lan.co.il/professionals/%D7%90%D7%95%D7%96%D7%9F-%D7%92%D7%91%D7%A8%D7%99%D7%90%D7%9C/,1,12,0.08333333333333333,7.333333333333333
https://nad-lan.co.il/professionals/%D7%90%D7%96%D7%95%D7%9C%D7%90%D7%99-%D7%92%D7%9C%D7%A2%D7%93/,1,1,1,2
https://nad-lan.co.il/professionals/%D7%90%D7%96%D7%99%D7%9B%D7%A8%D7%99-%D7%92%D7%9C%D7%A2%D7%93/,1,2,0.5,1
https://nad-lan.co.il/professionals/%D7%90%D7%99%D7%93%D7%9C-%D7%93%D7%95%D7%A8%D7%95%D7%9F/,1,3,0.3333333333333333,11
https://nad-lan.co.il/professionals/%D7%90%D7%99%D7%99%D7%9E%D7%9F-%D7%90%D7%91%D7%95-%D7%90%D7%97%D7%9E%D7%93/,1,2,0.5,1
https://nad-lan.co.il/professionals/%D7%90%D7%9C%D7%95%D7%9F-%D7%99%D7%95%D7%A1%D7%A3/,1,8,0.125,6.125
https://nad-lan.co.il/professionals/%D7%90%D7%9C%D7%96%D7%99%D7%A8-%D7%A2%D7%91%D7%93%D7%90%D7%9C%D7%9C%D7%94/,1,6,0.16666666666666666,5.5
https://nad-lan.co.il/professionals/%D7%90%D7%9C%D7%98%D7%A9%D7%95%D7%9C%D7%A8-%D7%90%D7%91%D7%A8%D7%94%D7%9D/,1,5,0.2,7.6
https://nad-lan.co.il/professionals/%D7%90%D7%9C%D7%99%D7%90%D7%A1%D7%99%D7%90%D7%9F-%D7%90%D7%99%D7%9C%D7%9F/,1,3,0.3333333333333333,4.666666666666666
https://nad-lan.co.il/professionals/%D7%90%D7%9C%D7%99%D7%90%D7%A1%D7%99-%D7%90%D7%95%D7%A8%D7%9F/,1,35,0.02857142857142857,6.714285714285714
https://nad-lan.co.il/professionals/%D7%90%D7%9C%D7%99%D7%94-%D7%91%D7%A8%D7%95%D7%9A/,1,12,0.08333333333333333,14.083333333333334
https://nad-lan.co.il/professionals/%D7%90%D7%9C%D7%99%D7%9E%D7%9C%D7%9A-%D7%90%D7%A9%D7%A8/,1,19,0.05263157894736842,12.526315789473685
https://nad-lan.co.il/professionals/%D7%90%D7%9C%D7%99%D7%9E%D7%9C%D7%9A-%D7%A9%D7%99/,1,30,0.03333333333333333,9.866666666666667
https://nad-lan.co.il/professionals/%D7%90%D7%9C%D7%A4%D7%A1%D7%99-%D7%99%D7%95%D7%A1%D7%99/,1,4,0.25,2.25
https://nad-lan.co.il/professionals/%D7%90%D7%9C%D7%A7%D7%99%D7%99%D7%9D-%D7%A2%D7%9E%D7%99/,1,26,0.038461538461538464,10
https://nad-lan.co.il/professionals/%D7%90%D7%9C%D7%A7%D7%9C%D7%A2%D7%99-%D7%A2%D7%96%D7%A8%D7%90/,1,2,0.5,5.5
https://nad-lan.co.il/professionals/%D7%90%D7%A0%D7%A7%D7%95%D7%95%D7%94-%D7%90%D7%9C%D7%99%D7%94%D7%95/,1,14,0.07142857142857142,4.285714285714286
https://nad-lan.co.il/professionals/%D7%90%D7%A8%D7%99%D7%90%D7%9C-%D7%A0%D7%99%D7%A8/,1,26,0.038461538461538464,9.923076923076923
https://nad-lan.co.il/professionals/%D7%91%D7%90%D7%91%D7%93-%D7%A9%D7%99-%D7%99%D7%94%D7%95%D7%A9%D7%A2-%D7%A9%D7%91%D7%AA%D7%90%D7%99/,1,2,0.5,5.5
https://nad-lan.co.il/professionals/%D7%91%D7%95%D7%90%D7%A8%D7%95%D7%9F-%D7%A9%D7%97%D7%A8/,1,26,0.038461538461538464,5
https://nad-lan.co.il/professionals/%D7%91%D7%95%D7%A1%D7%A7%D7%99%D7%9C%D7%94-%D7%90%D7%99%D7%AA%D7%9F/,1,15,0.06666666666666667,7.866666666666666
https://nad-lan.co.il/professionals/%D7%91%D7%95%D7%A1%D7%A7%D7%99%D7%9C%D7%94-%D7%93%D7%95%D7%93/,1,8,0.125,11
https://nad-lan.co.il/professionals/%D7%91%D7%98%D7%97%D7%99%D7%A9-%D7%A2%D7%9E%D7%90%D7%93/,1,3,0.3333333333333333,5.333333333333333
https://nad-lan.co.il/professionals/%D7%91%D7%99%D7%98%D7%95%D7%9F-%D7%90%D7%91%D7%99/,1,11,0.09090909090909091,6.7272727272727275
https://nad-lan.co.il/professionals/%D7%91%D7%99%D7%98%D7%95%D7%9F-%D7%93%D7%95%D7%93-2/,1,2,0.5,1.5
https://nad-lan.co.il/professionals/%D7%91%D7%99%D7%98%D7%95%D7%9F-%D7%99%D7%95%D7%A1%D7%99/,1,2,0.5,2.5
https://nad-lan.co.il/professionals/%D7%91%D7%99%D7%98%D7%95%D7%9F-%D7%A9%D7%9C%D7%9E%D7%94/,1,3,0.3333333333333333,4.666666666666666
https://nad-lan.co.il/professionals/%D7%91%D7%9C%D7%99%D7%98%D7%99-%D7%92%D7%95%D7%9C%D7%9F/,1,10,0.1,3.8
https://nad-lan.co.il/professionals/%D7%91%D7%9C%D7%A1-%D7%90%D7%9E%D7%A0%D7%95%D7%9F/,1,10,0.1,5.8
https://nad-lan.co.il/professionals/%D7%91%D7%9F-%D7%93%D7%95%D7%93-%D7%90%D7%99%D7%AA%D7%9F/,1,4,0.25,4.25
https://nad-lan.co.il/professionals/%D7%91%D7%9F-%D7%93%D7%95%D7%93-%D7%A2%D7%A8%D7%9F/,1,16,0.0625,5.5625
https://nad-lan.co.il/professionals/%D7%91%D7%9F-%D7%A0%D7%AA%D7%9F-%D7%A2%D7%9E%D7%99%D7%AA/,1,11,0.09090909090909091,17.727272727272727
https://nad-lan.co.il/professionals/%D7%91%D7%9F-%D7%A1%D7%9C%D7%9E%D7%95%D7%9F-%D7%A9%D7%9C%D7%9E%D7%94/,1,2,0.5,28.5
https://nad-lan.co.il/professionals/%D7%91%D7%9F-%D7%A2%D7%96%D7%A8%D7%90-%D7%99%D7%A9%D7%A8%D7%90%D7%9C/,1,4,0.25,6
https://nad-lan.co.il/professionals/%D7%91%D7%9F-%D7%A2%D7%96%D7%A8%D7%90-%D7%A2%D7%96%D7%A8%D7%90/,1,6,0.16666666666666666,12.833333333333334
https://nad-lan.co.il/professionals/%D7%91%D7%9F-%D7%A2%D7%9E%D7%99-%D7%A9%D7%92%D7%99%D7%91/,1,5,0.2,4.2
https://nad-lan.co.il/professionals/%D7%91%D7%A0%D7%93%D7%95-%D7%A9%D7%9C%D7%95%D7%9E%D7%99/,1,3,0.3333333333333333,3.3333333333333335
https://nad-lan.co.il/professionals/%D7%91%D7%A8%D7%90%D7%A0%D7%A5-%D7%90%D7%91%D7%99/,1,1,1,3
https://nad-lan.co.il/professionals/%D7%91%D7%A8-%D7%90%D7%95%D7%A8-%D7%99%D7%95%D7%91%D7%9C/,1,3,0.3333333333333333,1.3333333333333333
https://nad-lan.co.il/professionals/%D7%91%D7%A8-%D7%A0%D7%99%D7%A8/,1,5,0.2,3.8
https://nad-lan.co.il/professionals/%D7%92%D7%90%D7%91%D7%A8-%D7%A1%D7%9E%D7%99%D7%A8/,1,5,0.2,3.4
https://nad-lan.co.il/professionals/%D7%92%D7%90%D7%95%D7%95%D7%99-%D7%92%D7%95%D7%9E%D7%A2%D7%94/,1,4,0.25,5.75
https://nad-lan.co.il/professionals/%D7%92%D7%93%D7%99%D7%A8-%D7%97%D7%A1%D7%9F/,1,7,0.14285714285714285,8
https://nad-lan.co.il/professionals/%D7%92%D7%95%D7%90%D7%98%D7%94-%D7%A9%D7%9C%D7%9E%D7%94-%D7%A9%D7%97%D7%A8/,1,1,1,4
https://nad-lan.co.il/professionals/%D7%92%D7%95%D7%90%D7%98%D7%94-%D7%A9%D7%9E%D7%A2%D7%95%D7%9F/,1,7,0.14285714285714285,5
https://nad-lan.co.il/professionals/%D7%92%D7%95%D7%94%D7%A8%D7%99-%D7%A2%D7%9E%D7%90%D7%93/,1,3,0.3333333333333333,2.666666666666667
https://nad-lan.co.il/professionals/%D7%92%D7%95%D7%9C%D7%9F-%D7%90%D7%99%D7%9C%D7%9F/,1,13,0.07692307692307693,12.846153846153847
https://nad-lan.co.il/professionals/%D7%92%D7%95%D7%9C%D7%9F-%D7%90%D7%99%D7%AA%D7%9F/,1,4,0.25,4.5
https://nad-lan.co.il/professionals/%D7%92%D7%95%D7%9C-%D7%90%D7%9C%D7%99%D7%94%D7%95/,1,13,0.07692307692307693,6.923076923076923
https://nad-lan.co.il/professionals/%D7%92%D7%95%D7%A8%D7%9F-%D7%90%D7%93%D7%A8/,1,9,0.1111111111111111,4.555555555555555
https://nad-lan.co.il/professionals/%D7%92%D7%99%D7%9C-%D7%91%D7%A8-%D7%A2%D7%9C%D7%99/,1,13,0.07692307692307693,20.846153846153847
https://nad-lan.co.il/professionals/%D7%92%D7%A8%D7%95%D7%91%D7%A8-%D7%9E%D7%A0%D7%97%D7%9D/,1,17,0.058823529411764705,7.117647058823529
https://nad-lan.co.il/professionals/%D7%92%D7%A8%D7%95%D7%9B%D7%95%D7%91%D7%A1%D7%A7%D7%99-%D7%92%D7%99%D7%90/,1,5,0.2,2.4
https://nad-lan.co.il/professionals/%D7%92%D7%A8%D7%95%D7%9E%D7%98-%D7%90%D7%91%D7%A8%D7%94%D7%9D/,1,2,0.5,4.5
https://nad-lan.co.il/professionals/%D7%92%D7%A8%D7%9E%D7%99-%D7%A0%D7%93%D7%91/,1,15,0.06666666666666667,3.6
https://nad-lan.co.il/professionals/%D7%93%D7%90%D7%91%D7%95%D7%A9-%D7%A0%D7%AA%D7%9F/,1,8,0.125,5
https://nad-lan.co.il/professionals/%D7%93%D7%90%D7%94%D7%A8-%D7%A8%D7%95%D7%92%D7%94/,1,16,0.0625,6.6875
https://nad-lan.co.il/professionals/%D7%93%D7%93%D7%A9-%D7%99%D7%A6%D7%97%D7%A7-%D7%A2%D7%95%D7%A4%D7%A8/,1,11,0.09090909090909091,8.727272727272727
https://nad-lan.co.il/professionals/%D7%93%D7%94%D7%9F-%D7%A9%D7%9C%D7%9E%D7%94/,1,10,0.1,4.2
https://nad-lan.co.il/professionals/%D7%93%D7%95%D7%99%D7%93%D7%99-%D7%99%D7%A9%D7%A8%D7%90%D7%9C/,1,6,0.16666666666666666,8.666666666666668
https://nad-lan.co.il/professionals/%D7%93%D7%97%D7%9C%D7%94-%D7%94%D7%99%D7%AA%D7%9D/,1,3,0.3333333333333333,6.333333333333333
https://nad-lan.co.il/professionals/%D7%93%D7%99%D7%95%D7%9C%D7%93-%D7%92%D7%99%D7%9C/,1,3,0.3333333333333333,6.333333333333333
https://nad-lan.co.il/professionals/%D7%93%D7%A0%D7%99%D7%9F-%D7%A8%D7%95%D7%A0%D7%9F/,1,10,0.1,7.3
https://nad-lan.co.il/professionals/%D7%93%D7%A2%D7%90%D7%A1-%D7%A1%D7%90%D7%9E%D7%A8/,1,6,0.16666666666666666,7.666666666666667
https://nad-lan.co.il/professionals/%D7%93%D7%A8%D7%90%D7%95%D7%A9%D7%94-%D7%9E%D7%95%D7%97%D7%9E%D7%93/,1,8,0.125,9.25
https://nad-lan.co.il/professionals/%D7%94%D7%91%D7%A8%D7%90%D7%AA-%D7%99%D7%95%D7%A1%D7%A3/,1,1,1,3
https://nad-lan.co.il/professionals/%D7%94%D7%95%D7%A9%D7%99%D7%90%D7%A8-%D7%90%D7%91%D7%99/,1,29,0.034482758620689655,7.862068965517241
https://nad-lan.co.il/professionals/%D7%94%D7%9B%D7%A8%D7%99-%D7%97%D7%A0%D7%9F/,1,3,0.3333333333333333,2.666666666666667
https://nad-lan.co.il/professionals/%D7%94%D7%A8%D7%95%D7%A9-%D7%9E%D7%A0%D7%97%D7%9D/,1,8,0.125,6.875
https://nad-lan.co.il/professionals/%D7%95%D7%99%D7%A0%D7%91%D7%A8%D7%92-%D7%A2%D7%9E%D7%99%D7%A7%D7%9D/,1,2,0.5,3
https://nad-lan.co.il/professionals/%D7%95%D7%A8%D7%91%D7%99%D7%9F-%D7%92%D7%95%D7%A8/,1,6,0.16666666666666666,6
https://nad-lan.co.il/professionals/%D7%96%D7%91%D7%A8%D7%A7-%D7%90%D7%9C%D7%9B%D7%A1/,1,22,0.045454545454545456,8.727272727272727
https://nad-lan.co.il/professionals/%D7%96%D7%95%D7%96%D7%95%D7%91%D7%A1%D7%A7%D7%99-%D7%9E%D7%A8%D7%93%D7%9B%D7%99/,1,4,0.25,5
https://nad-lan.co.il/professionals/%D7%96%D7%95%D7%A2%D7%91%D7%99-%D7%A8%D7%90%D7%99%D7%A3/,1,9,0.1111111111111111,5.666666666666667
https://nad-lan.co.il/professionals/%D7%96%D7%95%D7%A2%D7%91%D7%99-%D7%A8%D7%99%D7%A4%D7%A2%D7%AA/,1,1,1,2
https://nad-lan.co.il/professionals/%D7%96%D7%99%D7%93%D7%90%D7%9F-%D7%9E%D7%95%D7%97%D7%9E%D7%93/,1,9,0.1111111111111111,7.888888888888889
https://nad-lan.co.il/professionals/%D7%97%D7%91%D7%99%D7%91-%D7%90%D7%9C%D7%9C%D7%94-%D7%A8%D7%90%D7%99%D7%93/,1,3,0.3333333333333333,4.666666666666666
https://nad-lan.co.il/professionals/%D7%97%D7%91%D7%99%D7%91-%D7%9B%D7%9E%D7%99%D7%9C/,1,3,0.3333333333333333,6
https://nad-lan.co.il/professionals/%D7%97%D7%91%D7%A8%D7%95%D7%9F-%D7%90%D7%95%D7%A8%D7%9F/,1,7,0.14285714285714285,3.5714285714285716
https://nad-lan.co.il/professionals/%D7%97%D7%92%D7%99%D7%91%D7%99-%D7%92%D7%93%D7%A2%D7%95%D7%9F/,1,2,0.5,4
https://nad-lan.co.il/professionals/%D7%97%D7%93%D7%93-%D7%90%D7%91%D7%A0%D7%A8/,1,7,0.14285714285714285,5.857142857142857
https://nad-lan.co.il/professionals/%D7%97%D7%95%D7%A1%D7%99%D7%9F-%D7%97%D7%90%D7%9C%D7%93/,1,26,0.038461538461538464,7.115384615384615
https://nad-lan.co.il/professionals/%D7%97%D7%95%D7%A8%D7%99-%D7%97%D7%9C%D7%99%D7%9C/,1,13,0.07692307692307693,7.384615384615385
https://nad-lan.co.il/professionals/%D7%97%D7%96%D7%99%D7%96%D7%94-%D7%99%D7%A6%D7%97%D7%A7-%D7%9E%D7%90%D7%99%D7%A8/,1,2,0.5,5
https://nad-lan.co.il/professionals/%D7%97%D7%96%D7%9F-%D7%90%D7%9C%D7%99/,1,7,0.14285714285714285,5.857142857142857
https://nad-lan.co.il/professionals/%D7%97%D7%96%D7%9F-%D7%99%D7%95%D7%90%D7%91/,1,9,0.1111111111111111,9
https://nad-lan.co.il/professionals/%D7%97%D7%98%D7%99%D7%91-%D7%97%D7%90%D7%9C%D7%93-2/,1,4,0.25,8.25
https://nad-lan.co.il/professionals/%D7%97%D7%98%D7%99%D7%91-%D7%97%D7%90%D7%9C%D7%93/,1,3,0.3333333333333333,9
https://nad-lan.co.il/professionals/%D7%97%D7%98%D7%99%D7%91-%D7%9E%D7%95%D7%A0%D7%99%D7%91/,1,7,0.14285714285714285,5
https://nad-lan.co.il/professionals/%D7%97%D7%99%D7%99%D7%98-%D7%A9%D7%9C%D7%9E%D7%94/,1,2,0.5,4
https://nad-lan.co.il/professionals/%D7%97%D7%99%D7%99%D7%9D-%D7%99%D7%A6%D7%97%D7%A7/,1,2,0.5,1.5
https://nad-lan.co.il/professionals/%D7%97%D7%99%D7%99%D7%9D-%D7%9E%D7%90%D7%99%D7%A8/,1,4,0.25,5.75
https://nad-lan.co.il/professionals/%D7%97%D7%99%D7%9C%D7%A3-%D7%A0%D7%90%D7%92%D7%99/,1,2,0.5,1.5
https://nad-lan.co.il/professionals/%D7%97%D7%99%D7%A8-%D7%90%D7%9C%D7%93%D7%99%D7%9F-%D7%9B%D7%90%D7%9E%D7%9C/,1,4,0.25,3.25
https://nad-lan.co.il/professionals/%D7%97%D7%99-%D7%99%D7%95%D7%A1%D7%99/,1,10,0.1,12.2
https://nad-lan.co.il/professionals/%D7%97%D7%9C%D7%99%D7%97%D7%9C-%D7%90%D7%97%D7%9E%D7%93/,1,10,0.1,7.5
https://nad-lan.co.il/professionals/%D7%97%D7%9E%D7%9E%D7%99-%D7%90%D7%91%D7%A8%D7%94%D7%9D/,1,33,0.030303030303030304,14.818181818181818
https://nad-lan.co.il/professionals/%D7%97%D7%9E%D7%9E%D7%99-%D7%A9%D7%9C%D7%9E%D7%94/,1,18,0.05555555555555555,7.666666666666667
https://nad-lan.co.il/professionals/%D7%97%D7%9F-%D7%93%D7%A0%D7%99%D7%90%D7%9C/,1,2,0.5,11
https://nad-lan.co.il/professionals/%D7%97%D7%A6%D7%95%D7%A8-%D7%90%D7%91%D7%A0%D7%A8/,1,11,0.09090909090909091,8.545454545454547
https://nad-lan.co.il/professionals/%D7%97%D7%AA%D7%95%D7%A7%D7%90%D7%99-%D7%91%D7%99%D7%91%D7%A8%D7%A1/,1,4,0.25,2.25
https://nad-lan.co.il/professionals/%D7%98%D7%95%D7%99%D7%98%D7%95-%D7%A6%D7%99%D7%95%D7%9F/,1,4,0.25,3
https://nad-lan.co.il/professionals/%D7%98%D7%95%D7%A8%D7%98%D7%9F-%D7%98%D7%9C/,1,8,0.125,4.625
https://nad-lan.co.il/professionals/%D7%98%D7%99%D7%91%D7%99-%D7%9C%D7%99%D7%90%D7%95%D7%A8-%D7%A0%D7%AA%D7%9F/,1,26,0.038461538461538464,4.3076923076923075
https://nad-lan.co.il/professionals/%D7%98%D7%99%D7%A8%D7%95%D7%9C%D7%A8-%D7%97%D7%9F/,1,1,1,4
https://nad-lan.co.il/professionals/%D7%98%D7%A0%D7%95%D7%A1-%D7%9E%D7%A2%D7%9C%D7%95%D7%A3-%D7%95%D7%90%D7%99%D7%9C/,1,4,0.25,7
https://nad-lan.co.il/professionals/%D7%98%D7%A0%D7%A0%D7%91%D7%90%D7%95%D7%9D-%D7%90%D7%93%D7%9D/,1,10,0.1,15.1
https://nad-lan.co.il/professionals/%D7%99%D7%90%D7%A1%D7%99%D7%9F-%D7%91%D7%94%D7%90%D7%9C%D7%93%D7%99%D7%9F/,1,1,1,4
https://nad-lan.co.il/professionals/%D7%99%D7%94%D7%95%D7%93%D7%94-%D7%9E%D7%90%D7%99%D7%A8/,1,8,0.125,1.875
https://nad-lan.co.il/professionals/%D7%99%D7%95%D7%A1%D7%95%D7%91%D7%99%D7%A5-%D7%90%D7%9C%D7%99%D7%A7/,1,7,0.14285714285714285,5.285714285714286
https://nad-lan.co.il/professionals/%D7%99%D7%97%D7%96%D7%A7%D7%90%D7%9C-%D7%99%D7%A2%D7%A7%D7%91/,1,3,0.3333333333333333,1.3333333333333333
https://nad-lan.co.il/professionals/%D7%99%D7%97%D7%99%D7%90-%D7%AA%D7%9E%D7%99%D7%9D/,1,3,0.3333333333333333,4.333333333333334
https://nad-lan.co.il/professionals/%D7%99%D7%9E%D7%99%D7%A0%D7%99-%D7%A6%D7%97%D7%99/,1,42,0.023809523809523808,7.833333333333333
https://nad-lan.co.il/professionals/%D7%99%D7%A4%D7%AA-%D7%90%D7%9C%D7%9E%D7%95%D7%92/,1,7,0.14285714285714285,5.428571428571429
https://nad-lan.co.il/professionals/%D7%99%D7%A9%D7%A8%D7%90%D7%9C-%D7%99%D7%95%D7%90%D7%9C/,1,4,0.25,1
https://nad-lan.co.il/professionals/%D7%9B%D7%94%D7%9F-%D7%90%D7%91%D7%A8%D7%94%D7%9D/,1,2,0.5,3.5
https://nad-lan.co.il/professionals/%D7%9B%D7%94%D7%9F-%D7%90%D7%93%D7%9E%D7%95%D7%A0%D7%93/,1,13,0.07692307692307693,7.153846153846154
https://nad-lan.co.il/professionals/%D7%9B%D7%94%D7%9F-%D7%90%D7%99%D7%99%D7%9C-2/,1,8,0.125,5.75
https://nad-lan.co.il/professionals/%D7%9B%D7%94%D7%9F-%D7%90%D7%99%D7%9C/,1,2,0.5,1.5
https://nad-lan.co.il/professionals/%D7%9B%D7%94%D7%9F-%D7%90%D7%9C%D7%99%D7%A2%D7%96%D7%A8/,1,4,0.25,5
https://nad-lan.co.il/professionals/%D7%9B%D7%94%D7%9F-%D7%97%D7%92%D7%99/,1,8,0.125,4.125
https://nad-lan.co.il/professionals/%D7%9B%D7%94%D7%9F-%D7%99%D7%95%D7%A1%D7%A3-2/,1,2,0.5,7.5
https://nad-lan.co.il/professionals/%D7%9B%D7%94%D7%9F-%D7%99%D7%A4%D7%AA%D7%97/,1,2,0.5,4
https://nad-lan.co.il/professionals/%D7%9B%D7%A9%D7%9B%D7%A9-%D7%A9%D7%9E%D7%95%D7%90%D7%9C/,1,10,0.1,3.2
https://nad-lan.co.il/professionals/%D7%9C%D7%91%D7%99%D7%90-%D7%93%D7%A8%D7%95%D7%A8/,1,6,0.16666666666666666,10.5
https://nad-lan.co.il/professionals/%D7%9C%D7%95%D7%90%D7%91%D7%A0%D7%94-%D7%92%D7%9E%D7%90%D7%9C/,1,1,1,3
https://nad-lan.co.il/professionals/%D7%9C%D7%95%D7%92%D7%A1%D7%99-%D7%A8%D7%9E%D7%99/,1,12,0.08333333333333333,10.083333333333334
https://nad-lan.co.il/professionals/%D7%9C%D7%95%D7%99-%D7%A8%D7%95%D7%A0%D7%9F/,1,16,0.0625,9.875
https://nad-lan.co.il/professionals/%D7%9C%D7%95%D7%99-%D7%A9%D7%9C%D7%95%D7%9E%D7%99/,1,3,0.3333333333333333,7
https://nad-lan.co.il/professionals/%D7%9C%D7%95%D7%9C%D7%95-%D7%A0%D7%99%D7%96%D7%90%D7%A8/,1,5,0.2,9.6
https://nad-lan.co.il/professionals/%D7%9C%D7%96%D7%A8%D7%99%D7%90%D7%9F-%D7%99%D7%90%D7%99%D7%A8/,1,3,0.3333333333333333,5.333333333333333
https://nad-lan.co.il/professionals/%D7%9C%D7%99%D7%A9%D7%90%D7%95%D7%A8-%D7%92%D7%99%D7%9C/,1,20,0.05,4.6
https://nad-lan.co.il/professionals/%D7%9C%D7%A7%D7%97%D7%9E%D7%9F-%D7%A8%D7%95%D7%A0%D7%9F/,1,2,0.5,5
https://nad-lan.co.il/professionals/%D7%9C%D7%A8%D7%9E%D7%9F-%D7%A9%D7%9E%D7%95%D7%90%D7%9C/,1,5,0.2,3.2
https://nad-lan.co.il/professionals/%D7%9E%D7%95%D7%A1%D7%90%D7%9C-%D7%93%D7%95%D7%93/,1,5,0.2,5.4
https://nad-lan.co.il/professionals/%D7%9E%D7%95%D7%A1%D7%A6%D7%95-%D7%99%D7%95%D7%A1%D7%A3/,1,5,0.2,8.8
https://nad-lan.co.il/professionals/%D7%9E%D7%95%D7%A8%D7%94-%D7%90%D7%9E%D7%99%D7%A8/,1,1,1,2
https://nad-lan.co.il/professionals/%D7%9E%D7%95%D7%A8-%D7%90%D7%A4%D7%A8%D7%99%D7%9D/,1,7,0.14285714285714285,7.428571428571429
https://nad-lan.co.il/professionals/%D7%9E%D7%96%D7%95%D7%96-%D7%A2%D7%9E%D7%95%D7%A1/,1,19,0.05263157894736842,6.631578947368421
https://nad-lan.co.il/professionals/%D7%9E%D7%96%D7%A8%D7%97%D7%99-%D7%90%D7%A4%D7%A8%D7%99%D7%9D/,1,9,0.1111111111111111,5.888888888888889
https://nad-lan.co.il/professionals/%D7%9E%D7%96%D7%A8%D7%97%D7%99-%D7%9E%D7%90%D7%99%D7%A8/,1,7,0.14285714285714285,3.4285714285714284
https://nad-lan.co.il/professionals/%D7%9E%D7%96%D7%A8%D7%97%D7%99-%D7%A7%D7%95%D7%91%D7%99/,1,8,0.125,9.625
https://nad-lan.co.il/professionals/%D7%9E%D7%96%D7%A8-%D7%99%D7%A0%D7%99%D7%91/,1,2,0.5,1
https://nad-lan.co.il/professionals/%D7%9E%D7%97%D7%90%D7%92%D7%A0%D7%94-%D7%90%D7%97%D7%9E%D7%93/,1,3,0.3333333333333333,6.666666666666667
https://nad-lan.co.il/professionals/%D7%9E%D7%97%D7%90%D7%9E%D7%99%D7%93-%D7%90%D7%97%D7%9E%D7%93/,1,19,0.05263157894736842,7.157894736842105
https://nad-lan.co.il/professionals/%D7%9E%D7%97%D7%90%D7%9E%D7%99%D7%93-%D7%9E%D7%95%D7%97%D7%9E%D7%93-4/,1,9,0.1111111111111111,8.666666666666668
https://nad-lan.co.il/professionals/%D7%9E%D7%97%D7%90%D7%9E%D7%99%D7%93-%D7%9E%D7%97%D7%9E%D7%95%D7%93-%D7%A7%D7%90%D7%A1%D7%9D/,1,1,1,1
https://nad-lan.co.il/professionals/%D7%9E%D7%97%D7%90%D7%9E%D7%99%D7%93-%D7%A0%D7%90%D7%99%D7%9C/,1,6,0.16666666666666666,4.666666666666666
https://nad-lan.co.il/professionals/%D7%9E%D7%97%D7%90%D7%9E%D7%99%D7%93-%D7%A2%D7%91%D7%93/,1,11,0.09090909090909091,2.2727272727272725
https://nad-lan.co.il/professionals/%D7%9E%D7%9C%D7%97%D7%9D-%D7%A1%D7%90%D7%94%D7%A8/,1,2,0.5,4
https://nad-lan.co.il/professionals/%D7%9E%D7%9C%D7%99%D7%97%D7%99-%D7%92%D7%93-%D7%A0%D7%AA%D7%A0%D7%90%D7%9C/,1,7,0.14285714285714285,4.571428571428571
https://nad-lan.co.il/professionals/%D7%9E%D7%A0%D7%A9%D7%91%D7%99%D7%A5-%D7%99%D7%95%D7%90%D7%91/,1,2,0.5,2
https://nad-lan.co.il/professionals/%D7%9E%D7%A8%D7%92%D7%99%D7%94-%D7%A8%D7%9E%D7%99/,1,2,0.5,6.5
https://nad-lan.co.il/professionals/%D7%9E%D7%A8%D7%9B%D7%A1-%D7%92%D7%91%D7%A8%D7%99%D7%90%D7%9C/,1,3,0.3333333333333333,4
https://nad-lan.co.il/professionals/%D7%9E%D7%A8%D7%A7%D7%95%D7%91%D7%99%D7%A5-%D7%9E%D7%95%D7%98%D7%A7%D7%94/,1,5,0.2,4.2
https://nad-lan.co.il/professionals/%D7%9E%D7%A9%D7%95%D7%9C%D7%9D-%D7%98%D7%95%D7%9E%D7%99/,1,11,0.09090909090909091,4.272727272727273
https://nad-lan.co.il/professionals/%D7%9E%D7%A9%D7%99%D7%9C%D7%A7%D7%A8-%D7%A8%D7%95%D7%A0%D7%9F/,1,4,0.25,4.25
https://nad-lan.co.il/professionals/%D7%A0%D7%90%D7%9E%D7%9F-%D7%A2%D7%95%D7%A4%D7%A8/,1,1,1,1
https://nad-lan.co.il/professionals/%D7%A0%D7%97-%D7%A0%D7%97/,1,5,0.2,6.4
https://nad-lan.co.il/professionals/%D7%A0%D7%99%D7%90%D7%96%D7%95%D7%A3-%D7%99%D7%94%D7%95%D7%93%D7%94/,1,3,0.3333333333333333,5.333333333333333
https://nad-lan.co.il/professionals/%D7%A0%D7%99%D7%92%D7%9D-%D7%92%D7%99%D7%9C%D7%91%D7%A8/,1,3,0.3333333333333333,3
https://nad-lan.co.il/professionals/%D7%A0%D7%A2%D7%A8%D7%90%D7%9F-%D7%97%D7%90%D7%9C%D7%93/,1,6,0.16666666666666666,3
https://nad-lan.co.il/professionals/%D7%A0%D7%AA%D7%99%D7%91-%D7%90%D7%91%D7%A8%D7%94%D7%9D/,1,3,0.3333333333333333,3.6666666666666665
https://nad-lan.co.il/professionals/%D7%A1%D7%90%D7%A1%D7%99-%D7%99%D7%A8%D7%95%D7%9F/,1,8,0.125,6.25
https://nad-lan.co.il/professionals/%D7%A1%D7%95%D7%90%D7%A2%D7%93-%D7%9E%D7%97%D7%9E%D7%95%D7%93/,1,14,0.07142857142857142,14.214285714285714
https://nad-lan.co.il/professionals/%D7%A1%D7%95%D7%90%D7%A2%D7%93-%D7%A9%D7%A8%D7%99%D7%A3/,1,6,0.16666666666666666,12.833333333333334
https://nad-lan.co.il/professionals/%D7%A1%D7%95%D7%9C%D7%98%D7%9F-%D7%A0%D7%99%D7%A1%D7%99%D7%9D/,1,4,0.25,6.25
https://nad-lan.co.il/professionals/%D7%A1%D7%99%D7%93%D7%A8%D7%A0%D7%A1%D7%A7%D7%99-%D7%A9%D7%9E%D7%95%D7%90%D7%9C/,1,2,0.5,1
https://nad-lan.co.il/professionals/%D7%A1%D7%9C%D7%99%D7%9E%D7%90%D7%9F-%D7%A2%D7%9E%D7%90%D7%93/,1,1,1,1
https://nad-lan.co.il/professionals/%D7%A1%D7%9C%D7%99%D7%9E%D7%90%D7%9F-%D7%A4%D7%90%D7%95%D7%96%D7%99/,1,1,1,6
https://nad-lan.co.il/professionals/%D7%A1%D7%9C%D7%9E%D7%9F-%D7%90%D7%99%D7%AA%D7%9F/,1,15,0.06666666666666667,9.933333333333334
https://nad-lan.co.il/professionals/%D7%A1%D7%9C%D7%A7%D7%98%D7%A8-%D7%93%D7%A7%D7%9C/,1,23,0.043478260869565216,6.3478260869565215
https://nad-lan.co.il/professionals/%D7%A1%D7%9E%D7%95%D7%90%D7%9C-%D7%A8%D7%9E%D7%99/,1,4,0.25,4.5
https://nad-lan.co.il/professionals/%D7%A1%D7%9E%D7%95-%D7%99%D7%95%D7%A1%D7%A3/,1,1,1,2
https://nad-lan.co.il/professionals/%D7%A1%D7%A0%D7%93%D7%A8%D7%A1-%D7%90%D7%A9%D7%A8/,1,2,0.5,3
https://nad-lan.co.il/professionals/%D7%A1%D7%A0%D7%95%D7%A4-%D7%9E%D7%A8%D7%A7/,1,2,0.5,3.5
https://nad-lan.co.il/professionals/%D7%A1%D7%A2%D7%93%D7%95%D7%9F-%D7%99%D7%A8%D7%95%D7%9F/,1,4,0.25,6
https://nad-lan.co.il/professionals/%D7%A1%D7%A2%D7%93-%D7%A8%D7%90%D7%90%D7%93/,1,4,0.25,1.5
https://nad-lan.co.il/professionals/%D7%A1%D7%A7%D7%95%D7%A8%D7%99-%D7%99%D7%95%D7%A1%D7%A3/,1,2,0.5,7
https://nad-lan.co.il/professionals/%D7%A2%D7%90%D7%A1%D7%99-%D7%98%D7%9C%D7%99%D7%A2/,1,2,0.5,2
https://nad-lan.co.il/professionals/%D7%A2%D7%91%D7%93%D7%90%D7%9C-%D7%A8%D7%97%D7%9E%D7%90%D7%9F-%D7%A8%D7%92%D7%90/,1,2,0.5,4.5
https://nad-lan.co.il/professionals/%D7%A2%D7%91%D7%93-%D7%90%D7%9C%D7%94%D7%90%D7%93%D7%99/,1,6,0.16666666666666666,8.166666666666668
https://nad-lan.co.il/professionals/%D7%A2%D7%91%D7%93-%D7%90%D7%9C-%D7%A7%D7%90%D7%93%D7%A8-%D7%91%D7%A1%D7%90%D7%9D/,1,2,0.5,6
https://nad-lan.co.il/professionals/%D7%A2%D7%91%D7%95%D7%93-%D7%9E%D7%90%D7%94%D7%9C/,1,2,0.5,3
https://nad-lan.co.il/professionals/%D7%A2%D7%93%D7%95%D7%99-%D7%A2%D7%91%D7%93-%D7%90%D7%9C-%D7%A1%D7%9C%D7%90%D7%9D/,1,2,0.5,4.5
https://nad-lan.co.il/professionals/%D7%A2%D7%95%D7%96-%D7%AA%D7%9E%D7%99%D7%A8/,1,1,1,2
https://nad-lan.co.il/professionals/%D7%A2%D7%95%D7%AA%D7%9E%D7%90%D7%9F-%D7%90%D7%A9%D7%A8%D7%A3/,1,7,0.14285714285714285,13.571428571428571
https://nad-lan.co.il/professionals/%D7%A2%D7%96%D7%A8-%D7%90%D7%94%D7%A8%D7%95%D7%9F-%D7%A8%D7%95%D7%9F/,1,12,0.08333333333333333,7.166666666666667
https://nad-lan.co.il/professionals/%D7%A2%D7%98%D7%99%D7%9C%D7%94-%D7%94%D7%99%D7%A1%D7%9D/,1,3,0.3333333333333333,1
https://nad-lan.co.il/professionals/%D7%A2%D7%99%D7%A1%D7%90-%D7%A9%D7%90%D7%93%D7%99/,1,10,0.1,9
https://nad-lan.co.il/professionals/%D7%A2%D7%9E%D7%95%D7%A1-%D7%A9%D7%99/,1,9,0.1111111111111111,6.777777777777778
https://nad-lan.co.il/professionals/%D7%A2%D7%9E%D7%99-%D7%97%D7%96%D7%99/,1,4,0.25,4
https://nad-lan.co.il/professionals/%D7%A2%D7%9E%D7%A8-%D7%91%D7%A0%D7%99%D7%9E%D7%99%D7%9F/,1,5,0.2,14.8
https://nad-lan.co.il/professionals/%D7%A2%D7%A6%D7%99%D7%A5-%D7%9E%D7%A8%D7%93%D7%9B%D7%99/,1,6,0.16666666666666666,3.8333333333333335
https://nad-lan.co.il/professionals/%D7%A2%D7%A8%D7%90%D7%91%D7%99-%D7%90%D7%91%D7%A8%D7%90%D7%94%D7%99%D7%9D/,1,4,0.25,8
https://nad-lan.co.il/professionals/%D7%A2%D7%AA%D7%90%D7%9E%D7%A0%D7%94-%D7%95%D7%A1%D7%90%D7%9D/,1,4,0.25,4.5
https://nad-lan.co.il/professionals/%D7%A4%D7%90%D7%95%D7%95%D7%A7%D7%94-%D7%90%D7%95%D7%A1%D7%90%D7%9E%D7%94/,1,2,0.5,1
https://nad-lan.co.il/professionals/%D7%A4%D7%93%D7%99%D7%93%D7%94-%D7%92%D7%91%D7%A8%D7%99%D7%90%D7%9C-%D7%93%D7%95%D7%93/,1,19,0.05263157894736842,9.31578947368421
https://nad-lan.co.il/professionals/%D7%A4%D7%95%D7%9C%D7%A7-%D7%A2%D7%95%D7%9E%D7%A8%D7%99/,1,16,0.0625,6.8125
https://nad-lan.co.il/professionals/%D7%A4%D7%96-%D7%92%D7%99%D7%90/,1,7,0.14285714285714285,5.857142857142857
https://nad-lan.co.il/professionals/%D7%A4%D7%97%D7%9E%D7%90%D7%95%D7%99-%D7%90%D7%95%D7%A1%D7%90%D7%9E%D7%90/,1,8,0.125,2.625
https://nad-lan.co.il/professionals/%D7%A4%D7%99%D7%A0%D7%97%D7%A1-%D7%A8%D7%90%D7%95%D7%91%D7%9F/,1,2,0.5,2
https://nad-lan.co.il/professionals/%D7%A4%D7%99%D7%A9%D7%A8-%D7%99%D7%95%D7%90%D7%91/,1,3,0.3333333333333333,3
https://nad-lan.co.il/professionals/%D7%A4%D7%A8%D7%97-%D7%91%D7%9F-%D7%A6%D7%99%D7%95%D7%9F/,1,18,0.05555555555555555,3.888888888888889
https://nad-lan.co.il/professionals/%D7%A4%D7%A8%D7%A5-%D7%99%D7%95%D7%A8%D7%9D/,1,16,0.0625,5.125
https://nad-lan.co.il/professionals/%D7%A4%D7%A8%D7%A5-%D7%A0%D7%99%D7%A8/,1,4,0.25,6.25
https://nad-lan.co.il/professionals/%D7%A4%D7%A9%D7%97%D7%95%D7%A8-%D7%92%D7%99%D7%9C/,1,7,0.14285714285714285,5.142857142857143
https://nad-lan.co.il/professionals/%D7%A6%D7%90%D7%99%D7%92-%D7%A0%D7%97-%D7%A9%D7%95%D7%A9%D7%A0%D7%94/,1,9,0.1111111111111111,4.666666666666666
https://nad-lan.co.il/professionals/%D7%A6%D7%93%D7%99%D7%A7%D7%99-%D7%90%D7%99%D7%A8%D7%96/,1,6,0.16666666666666666,18.166666666666668
https://nad-lan.co.il/professionals/%D7%A6%D7%93%D7%A7%D7%A0%D7%99-%D7%99%D7%A8%D7%95%D7%9F/,1,2,0.5,2.5
https://nad-lan.co.il/professionals/%D7%A6%D7%95%D7%A4%D7%A0%D7%99-%D7%A2%D7%95%D7%A4%D7%A8/,1,6,0.16666666666666666,7.5
https://nad-lan.co.il/professionals/%D7%A6%D7%95%D7%A8-%D7%90%D7%91%D7%99%D7%A0%D7%93%D7%91/,1,6,0.16666666666666666,1.1666666666666667
https://nad-lan.co.il/professionals/%D7%A7%D7%90%D7%A1%D7%9D-%D7%A2%D7%91%D7%93/,1,5,0.2,4.6
https://nad-lan.co.il/professionals/%D7%A7%D7%91%D7%9C%D7%90%D7%9F-%D7%95%D7%99%D7%A1%D7%90%D7%9D/,1,8,0.125,4.75
https://nad-lan.co.il/professionals/%D7%A7%D7%93%D7%95%D7%A8-%D7%91%D7%A8%D7%9B%D7%90%D7%AA/,1,3,0.3333333333333333,6.666666666666667
https://nad-lan.co.il/professionals/%D7%A7%D7%95%D7%9C%D7%91%D7%A7-%D7%99%D7%A6%D7%97%D7%A7/,1,2,0.5,4.5
https://nad-lan.co.il/professionals/%D7%A7%D7%95%D7%9C%D7%9E%D7%9F-%D7%A2%D7%9E%D7%95%D7%A1/,1,4,0.25,3.75
https://nad-lan.co.il/professionals/%D7%A7%D7%95%D7%A8%D7%9F-%D7%92%D7%91%D7%A8%D7%99%D7%90%D7%9C/,1,4,0.25,2
https://nad-lan.co.il/professionals/%D7%A7%D7%99%D7%93%D7%A8-%D7%96%D7%90%D7%91/,1,5,0.2,4
https://nad-lan.co.il/professionals/%D7%A7%D7%9C%D7%99%D7%99%D7%9F-%D7%A0%D7%99%D7%A8/,1,8,0.125,6.5
https://nad-lan.co.il/professionals/%D7%A7%D7%9C%D7%99%D7%99%D7%A0%D7%A8-%D7%A9%D7%9E%D7%95%D7%90%D7%9C/,1,4,0.25,5
https://nad-lan.co.il/professionals/%D7%A7%D7%9C%D7%A4%D7%95%D7%90%D7%95%D7%9A-%D7%99%D7%95%D7%A0%D7%AA%D7%9F/,1,7,0.14285714285714285,2.7142857142857144
https://nad-lan.co.il/professionals/%D7%A7%D7%A8%D7%98%D7%A1-%D7%90%D7%95%D7%A8%D7%99/,1,4,0.25,4.75
https://nad-lan.co.il/professionals/%D7%A7%D7%A8%D7%99%D7%90%D7%9C-%D7%A9%D7%9C%D7%9E%D7%94/,1,4,0.25,3
https://nad-lan.co.il/professionals/%D7%A8%D7%95%D7%92%D7%9C-%D7%9E%D7%95%D7%A8%D7%99%D7%A1/,1,8,0.125,3.25
https://nad-lan.co.il/professionals/%D7%A8%D7%95%D7%96%D7%9F-%D7%90%D7%A8%D7%99%D7%94/,1,9,0.1111111111111111,16.333333333333336
https://nad-lan.co.il/professionals/%D7%A8%D7%95%D7%96%D7%A0%D7%A8-%D7%90%D7%94%D7%95%D7%93/,1,4,0.25,5.75
https://nad-lan.co.il/professionals/%D7%A8%D7%95%D7%96%D7%A0%D7%A8-%D7%99%D7%A6%D7%97%D7%A7/,1,6,0.16666666666666666,5.166666666666667
https://nad-lan.co.il/professionals/%D7%A8%D7%99%D7%90%D7%9F-%D7%A2%D7%A1%D7%90%D7%A3/,1,9,0.1111111111111111,5.111111111111111
https://nad-lan.co.il/professionals/%D7%A9%D7%90%D7%92%D7%9F-%D7%99%D7%90%D7%99%D7%A8/,1,3,0.3333333333333333,2.666666666666667
https://nad-lan.co.il/professionals/%D7%A9%D7%90%D7%95%D7%9C-%D7%99%D7%A9%D7%A8%D7%90%D7%9C/,1,14,0.07142857142857142,8.142857142857142
https://nad-lan.co.il/professionals/%D7%A9%D7%91%D7%99%D7%A8%D7%95-%D7%A8%D7%9E%D7%99/,1,35,0.02857142857142857,33.05714285714286
https://nad-lan.co.il/professionals/%D7%A9%D7%91%D7%AA%D7%90%D7%99-%D7%99%D7%95%D7%92%D7%91/,1,4,0.25,3
https://nad-lan.co.il/professionals/%D7%A9%D7%91%D7%AA-%D7%9E%D7%A8%D7%93%D7%9B%D7%99/,1,1,1,1
https://nad-lan.co.il/professionals/%D7%A9%D7%92%D7%99%D7%91-%D7%90%D7%99%D7%9C%D7%9F-%D7%90%D7%9C%D7%99%D7%94%D7%95/,1,11,0.09090909090909091,7.545454545454546
https://nad-lan.co.il/professionals/%D7%A9%D7%95%D7%A1%D7%A3-%D7%9E%D7%99%D7%93%D7%93-%D7%97%D7%99/,1,5,0.2,2.2
https://nad-lan.co.il/professionals/%D7%A9%D7%95%D7%A8%D7%A5-%D7%92%D7%99%D7%90/,1,6,0.16666666666666666,5
https://nad-lan.co.il/professionals/%D7%A9%D7%95%D7%A8%D7%A6%D7%91%D7%9C%D7%98-%D7%90%D7%95%D7%94%D7%93/,1,9,0.1111111111111111,7.888888888888889
https://nad-lan.co.il/professionals/%D7%A9%D7%95%D7%A9%D7%A0%D7%94-%D7%90%D7%91%D7%A8%D7%94%D7%9D/,1,1,1,1
https://nad-lan.co.il/professionals/%D7%A9%D7%98%D7%99%D7%99%D7%9E%D7%9F-%D7%90%D7%91%D7%99%D7%97%D7%99/,1,3,0.3333333333333333,3.6666666666666665
https://nad-lan.co.il/professionals/%D7%A9%D7%98%D7%A8%D7%99%D7%99%D7%A4%D7%9C%D7%A8-%D7%97%D7%99%D7%99%D7%9D/,1,4,0.25,3.5
https://nad-lan.co.il/professionals/%D7%A9%D7%98%D7%A8%D7%9F-%D7%A0%D7%AA%D7%A0%D7%90%D7%9C/,1,37,0.02702702702702703,8.243243243243242
https://nad-lan.co.il/professionals/%D7%A9%D7%9C%D7%9D-%D7%A9%D7%97%D7%A8/,1,22,0.045454545454545456,5.045454545454546
https://nad-lan.co.il/professionals/%D7%A9%D7%A1%D7%98%D7%A8-%D7%90%D7%91%D7%A8%D7%94%D7%9D/,1,1,1,5
https://nad-lan.co.il/professionals/%D7%A9%D7%A2%D7%90%D7%A8-%D7%9E%D7%A2%D7%93%D7%90%D7%93/,1,1,1,6
https://nad-lan.co.il/professionals/%D7%A9%D7%A4%D7%99%D7%A8%D7%90-%D7%A8%D7%95%D7%A0%D7%9F/,1,1,1,3
https://nad-lan.co.il/professionals/%D7%A9%D7%A4%D7%A8-%D7%A1%D7%95%D7%A8%D7%99%D7%9F/,1,21,0.047619047619047616,7.190476190476191
https://nad-lan.co.il/professionals/%D7%A9%D7%A6%D7%9F-%D7%A8%D7%95%D7%91%D7%A8%D7%98/,1,5,0.2,10
https://nad-lan.co.il/professionals/%D7%A9%D7%A9%D7%95%D7%9F-%D7%99%D7%95%D7%A8%D7%9D/,1,5,0.2,6.8
https://nad-lan.co.il/professionals/ashdar/,1,70,0.014285714285714285,6.214285714285714
https://nad-lan.co.il/professionals/danya-cebus/,1,79,0.012658227848101266,6.265822784810126
https://nad-lan.co.il/projects/%D7%90%D7%97%D7%93-%D7%94%D7%A2%D7%9D-33-35/,1,19,0.05263157894736842,14.105263157894736
https://nad-lan.co.il/projects/%D7%90%D7%97%D7%93-%D7%94%D7%A2%D7%9D/,1,25,0.04,25
https://nad-lan.co.il/projects/%D7%90%D7%99%D7%9C%D7%AA-22-28/,1,12,0.08333333333333333,6.5
https://nad-lan.co.il/projects/%D7%90%D7%9C%D7%99-%D7%9B%D7%94%D7%9F/,1,6,0.16666666666666666,5.166666666666667
https://nad-lan.co.il/projects/%D7%90%D7%9C%D7%9E%D7%92%D7%95%D7%A8-8-16/,1,7,0.14285714285714285,5.142857142857143
https://nad-lan.co.il/projects/%D7%90%D7%A0%D7%A1%D7%A7%D7%99/,1,9,0.1111111111111111,12.444444444444445
https://nad-lan.co.il/projects/%D7%90%D7%A6%D7%9C-2/,1,1,1,1
https://nad-lan.co.il/projects/%D7%91%D7%99%D7%90%D7%9C%D7%99%D7%A7-%D7%91%D7%A0%D7%99%D7%9E%D7%99%D7%9F/,1,8,0.125,4.625
https://nad-lan.co.il/projects/%D7%91%D7%99%D7%90%D7%9C%D7%99%D7%A7-%D7%A9%D7%9E%D7%A2%D7%95%D7%A0%D7%99/,1,39,0.02564102564102564,6.615384615384615
https://nad-lan.co.il/projects/%D7%91%D7%99%D7%AA-%D7%94%D7%93%D7%95%D7%99%D7%93%D7%A7%D7%94/,1,22,0.045454545454545456,8.59090909090909
https://nad-lan.co.il/projects/%D7%91%D7%9C%D7%A4%D7%95%D7%A8/,1,10,0.1,32.3
https://nad-lan.co.il/projects/%D7%91%D7%A8%D7%92%D7%A8-%D7%A2%D7%9C-%D7%94%D7%A4%D7%90%D7%A8%D7%A7/,1,51,0.0196078431372549,11.686274509803921
https://nad-lan.co.il/projects/%D7%91%D7%A8%D7%9C-%D7%9C%D7%95%D7%A7%D7%A8-25-26/,1,11,0.09090909090909091,5.2727272727272725
https://nad-lan.co.il/projects/%D7%91%D7%A8%D7%A0%D7%A8-20-30/,1,8,0.125,6.625
https://nad-lan.co.il/projects/%D7%91%D7%A8-%D7%99%D7%95%D7%97%D7%90%D7%99-5-15/,1,5,0.2,7.4
https://nad-lan.co.il/projects/%D7%92%D7%91%D7%A2%D7%AA-%D7%90%D7%95%D7%9C%D7%92%D7%94-%D7%90%D7%96%D7%95%D7%A8%D7%99%D7%9D/,1,15,0.06666666666666667,9.133333333333333
https://nad-lan.co.il/projects/%D7%92%D7%95%D7%A8%D7%93%D7%95%D7%9F-7-9/,1,28,0.03571428571428571,11.714285714285714
https://nad-lan.co.il/projects/%D7%93%D7%95%D7%90%D7%A0%D7%99-%D7%94%D7%93%D7%A7%D7%9C/,1,12,0.08333333333333333,5.416666666666667
https://nad-lan.co.il/projects/%D7%94%D7%92%D7%A0%D7%A0%D7%AA-238/,1,5,0.2,2.8
https://nad-lan.co.il/projects/%D7%94%D7%93%D7%95%D7%9C%D7%91/,1,9,0.1111111111111111,51.55555555555556
https://nad-lan.co.il/projects/%D7%94%D7%93%D7%A7%D7%9C%D7%99%D7%9D-%D7%90%D7%91%D7%90-%D7%94%D7%9C%D7%9C/,1,6,0.16666666666666666,6.833333333333333
https://nad-lan.co.il/projects/%D7%94%D7%97%D7%91%D7%A6%D7%9C%D7%AA-3-5/,1,5,0.2,2.8
https://nad-lan.co.il/projects/%D7%94%D7%A2%D7%99%D7%A8-%D7%94%D7%A2%D7%AA%D7%99%D7%A7%D7%94-2/,1,13,0.07692307692307693,12.461538461538462
https://nad-lan.co.il/projects/%D7%94%D7%A8%D7%A6%D7%9C-3/,1,6,0.16666666666666666,2.166666666666667
https://nad-lan.co.il/projects/%D7%94%D7%A8%D7%A6%D7%9C-4/,1,11,0.09090909090909091,10.909090909090908
https://nad-lan.co.il/projects/%D7%94%D7%A9%D7%A7%D7%9E%D7%94/,1,3,0.3333333333333333,3.3333333333333335
https://nad-lan.co.il/projects/%D7%94%D7%AA%D7%97%D7%A0%D7%94/,1,9,0.1111111111111111,28.22222222222222
https://nad-lan.co.il/projects/%D7%96%D7%99%D7%9C%D7%A4%D7%94-%D7%92%D7%93%D7%A0%D7%A2-%D7%A7%D7%A8%D7%99%D7%99%D7%AA-%D7%90%D7%9C%D7%99%D7%A2%D7%96%D7%A8-%D7%9E%D7%AA%D7%97%D7%9D-12/,1,9,0.1111111111111111,3.888888888888889
https://nad-lan.co.il/projects/%D7%96%D7%9C%D7%9E%D7%9F-%D7%A9%D7%A0%D7%99%D7%90%D7%95%D7%A8/,1,6,0.16666666666666666,8
https://nad-lan.co.il/projects/%D7%97%D7%91%D7%93/,1,6,0.16666666666666666,19.666666666666668
https://nad-lan.co.il/projects/%D7%97%D7%98%D7%99%D7%91%D7%AA-%D7%92%D7%95%D7%9C%D7%A0%D7%99-%D7%93%D7%A8%D7%95%D7%9D-%D7%94%D7%97%D7%A8%D7%9E%D7%95%D7%9F/,1,5,0.2,5.6
https://nad-lan.co.il/projects/%D7%97%D7%A0%D7%A7%D7%99%D7%9F-%D7%9E%D7%A8%D7%9B%D7%96/,1,11,0.09090909090909091,5.636363636363637
https://nad-lan.co.il/projects/%D7%98%D7%94%D7%95%D7%9F-4/,1,11,0.09090909090909091,4.636363636363637
https://nad-lan.co.il/projects/%D7%98%D7%A9%D7%A8%D7%A0%D7%99%D7%97%D7%95%D7%91%D7%A1%D7%A7%D7%99/,1,21,0.047619047619047616,27.142857142857142
https://nad-lan.co.il/projects/%D7%99%D7%90%D7%A0%D7%95%D7%A9-%D7%A7%D7%95%D7%A8%D7%A6%D7%A7/,1,14,0.07142857142857142,6.214285714285714
https://nad-lan.co.il/projects/%D7%99%D7%97%D7%91%D7%95%D7%91-%D7%99%D7%A6%D7%97%D7%A7-%D7%A9%D7%93%D7%94-%D7%9E%D7%AA%D7%97%D7%9E%D7%99%D7%9D-910-%D7%A8%D7%9E%D7%AA-%D7%95%D7%A8%D7%91%D7%A8/,1,14,0.07142857142857142,6.642857142857143
https://nad-lan.co.il/projects/%D7%99%D7%A4%D7%95/,1,137,0.0072992700729927005,76.68613138686132
https://nad-lan.co.il/projects/%D7%9B%D7%A3-%D7%94%D7%97%D7%99%D7%99%D7%9D/,1,6,0.16666666666666666,21.333333333333332
https://nad-lan.co.il/projects/%D7%9E%D7%98%D7%A8%D7%95-%D7%94%D7%A8%D7%90%D7%94/,1,11,0.09090909090909091,3.090909090909091
https://nad-lan.co.il/projects/%D7%9E%D7%99%D7%9C%D7%A6%D7%9F/,1,3,0.3333333333333333,8.333333333333332
https://nad-lan.co.il/projects/%D7%9E%D7%9C%D7%9B%D7%99-%D7%99%D7%A9%D7%A8%D7%90%D7%9C-5961-%D7%AA%D7%97%D7%9B%D7%9E%D7%95%D7%A0%D7%99-32/,1,33,0.030303030303030304,8.06060606060606
https://nad-lan.co.il/projects/%D7%9E%D7%A2%D7%9C%D7%94-%D7%92%D7%A2%D7%AA%D7%95%D7%9F/,1,7,0.14285714285714285,5.285714285714286
https://nad-lan.co.il/projects/%D7%9E%D7%A8%D7%9B%D7%96-%D7%92%D7%99%D7%9C%D7%AA/,1,24,0.041666666666666664,6.666666666666667
https://nad-lan.co.il/projects/%D7%9E%D7%A9%D7%95%D7%9C%D7%A9-%D7%A4%D7%AA/,1,29,0.034482758620689655,11.758620689655173
https://nad-lan.co.il/projects/%D7%9E%D7%AA%D7%97%D7%9D-%D7%90%D7%A4%D7%A8%D7%99%D7%9D/,1,6,0.16666666666666666,17.333333333333332
https://nad-lan.co.il/projects/%D7%9E%D7%AA%D7%97%D7%9D-%D7%91%D7%A8-%D7%90%D7%99%D7%9C%D7%9F-%D7%A9%D7%9E%D7%A2%D7%95%D7%9F-%D7%97%D7%9B%D7%9D/,1,7,0.14285714285714285,3.5714285714285716
https://nad-lan.co.il/projects/%D7%9E%D7%AA%D7%97%D7%9D-%D7%94%D7%AA%D7%97%D7%99%D7%99%D7%94-%D7%A8%D7%94%D7%91/,1,8,0.125,6.25
https://nad-lan.co.il/projects/%D7%9E%D7%AA%D7%97%D7%9D-%D7%98%D7%95%D7%91%D7%99%D7%94%D7%95-%D7%94%D7%A6%D7%91%D7%99/,1,67,0.014925373134328358,5.253731343283582
https://nad-lan.co.il/projects/%D7%9E%D7%AA%D7%97%D7%9D-%D7%99%D7%A8%D7%95%D7%A9%D7%9C%D7%99%D7%9D/,1,6,0.16666666666666666,6.833333333333333
https://nad-lan.co.il/projects/%D7%9E%D7%AA%D7%97%D7%9D-%D7%A6%D7%A2%D7%99%D7%A8%D7%99%D7%9D-%D7%92%D7%91%D7%A2%D7%AA-%D7%90%D7%95%D7%9C%D7%92%D7%94/,1,14,0.07142857142857142,6.642857142857143
https://nad-lan.co.il/projects/%D7%9E%D7%AA%D7%97%D7%9D-3-%D7%94%D7%92%D7%99%D7%91%D7%95%D7%A8%D7%99%D7%9D/,1,7,0.14285714285714285,3.142857142857143
https://nad-lan.co.il/projects/%D7%9E%D7%AA%D7%97%D7%9D-37-%D7%90%D7%91%D7%90-%D7%94%D7%9C%D7%9C-%D7%A8%D7%95%D7%A7%D7%97-%D7%97%D7%99%D7%A8%D7%95%D7%AA-%D7%AA%D7%9B%D7%A0%D7%99%D7%AA-%D7%A8%D7%92-1767/,1,20,0.05,5.9
https://nad-lan.co.il/projects/%D7%A0%D7%92%D7%91%D7%94-52-52%D7%90-56-56%D7%90/,1,11,0.09090909090909091,4.272727272727273
https://nad-lan.co.il/projects/%D7%A0%D7%94%D7%95%D7%A8%D7%90%D7%99/,1,17,0.058823529411764705,4.882352941176471
https://nad-lan.co.il/projects/%D7%A0%D7%95%D7%A8%D7%95%D7%A7-%D7%98%D7%94%D7%95%D7%9F/,1,20,0.05,13.1
https://nad-lan.co.il/projects/%D7%A1%D7%95%D7%A7%D7%95%D7%9C%D7%95%D7%91-1012/,1,11,0.09090909090909091,6.909090909090909
https://nad-lan.co.il/projects/%D7%A1%D7%95%D7%A7%D7%95%D7%9C%D7%95%D7%91-46/,1,55,0.01818181818181818,7.490909090909091
https://nad-lan.co.il/projects/%D7%A1%D7%9F-%D7%9E%D7%A8%D7%98%D7%99%D7%9F-1/,1,25,0.04,12.12
https://nad-lan.co.il/projects/%D7%A2%D7%9E%D7%A8%D7%9E%D7%99-%D7%A9%D7%A8%D7%AA-%D7%9B%D7%A4%D7%A8-%D7%A1%D7%91%D7%90/,1,16,0.0625,7.3125
https://nad-lan.co.il/projects/%D7%A4%D7%99%D7%99%D7%96%D7%A8/,1,3,0.3333333333333333,12.666666666666666
https://nad-lan.co.il/projects/%D7%A4%D7%99%D7%A0%D7%95%D7%99-%D7%91%D7%99%D7%A0%D7%95%D7%99-%D7%9E%D7%AA%D7%97%D7%9D-%D7%98%D7%A8%D7%95%D7%9E%D7%9F-c-%D7%A7%D7%A8%D7%99%D7%99%D7%AA-%D7%97%D7%99%D7%99%D7%9D/,1,65,0.015384615384615385,6.523076923076923
https://nad-lan.co.il/projects/%D7%A4%D7%A1%D7%97-%D7%97%D7%91%D7%A8%D7%95%D7%A0%D7%99-120/,1,15,0.06666666666666667,8.066666666666666
https://nad-lan.co.il/projects/%D7%A4%D7%A8%D7%A0%D7%A7%D7%A4%D7%95%D7%A8%D7%98%D7%A8-2-4/,1,7,0.14285714285714285,7.285714285714286
https://nad-lan.co.il/projects/%D7%A6%D7%90%D7%9C%D7%99%D7%9D-%D7%94%D7%90%D7%99%D7%9C%D7%A0%D7%95%D7%AA/,1,10,0.1,8.8
https://nad-lan.co.il/projects/%D7%A7%D7%94%D7%99%D7%9C%D7%AA-%D7%95%D7%A8%D7%A9%D7%94-737779/,1,35,0.02857142857142857,5.257142857142857
https://nad-lan.co.il/projects/%D7%A7%D7%A4%D7%9C%D7%9F-%D7%96%D7%91%D7%95%D7%98%D7%99%D7%A0%D7%A1%D7%A7%D7%99/,1,15,0.06666666666666667,5.733333333333333
https://nad-lan.co.il/projects/%D7%A8%D7%90%D7%A9-%D7%A4%D7%99%D7%A0%D7%94/,1,36,0.027777777777777776,14.194444444444445
https://nad-lan.co.il/projects/%D7%A8%D7%91%D7%99%D7%9F/,1,3,0.3333333333333333,8.333333333333332
https://nad-lan.co.il/projects/%D7%A8%D7%92-1850-%D7%90%D7%94%D7%A8%D7%95%D7%A0%D7%A1%D7%95%D7%9F-%D7%94%D7%99%D7%A8%D7%93%D7%9F-%D7%94%D7%AA%D7%97%D7%93%D7%A9%D7%95%D7%AA-%D7%A2%D7%99%D7%A8%D7%95%D7%A0%D7%99%D7%AA/,1,38,0.02631578947368421,3.4210526315789473
https://nad-lan.co.il/projects/%D7%A8%D7%96%D7%99%D7%90%D7%9C-2/,1,4,0.25,3
https://nad-lan.co.il/projects/%D7%A8%D7%9E%D7%AA-%D7%90%D7%A9%D7%9B%D7%95%D7%9C-%D7%94%D7%9E%D7%AA%D7%97%D7%93%D7%A9%D7%AA/,1,10,0.1,4.4
https://nad-lan.co.il/projects/%D7%A8%D7%A1%D7%A7%D7%95/,1,3,0.3333333333333333,9.666666666666666
https://nad-lan.co.il/projects/%D7%A9%D7%90-%D7%A0%D7%A1/,1,19,0.05263157894736842,6.894736842105263
https://nad-lan.co.il/projects/%D7%A9%D7%91%D7%96%D7%99-%D7%95%D7%99%D7%9C%D7%A0%D7%94/,1,1,1,3
https://nad-lan.co.il/projects/%D7%A9%D7%93%D7%A8%D7%95%D7%AA-%D7%94%D7%A8%D7%A6%D7%9C-98-100/,1,26,0.038461538461538464,7.269230769230769
https://nad-lan.co.il/projects/%D7%A9%D7%95%D7%A7-%D7%A4%D7%A8%D7%93%D7%A1-%D7%9B%D7%A5/,1,29,0.034482758620689655,20.275862068965516
https://nad-lan.co.il/projects/%D7%A9%D7%98%D7%A8%D7%9F-43/,1,5,0.2,4.2
https://nad-lan.co.il/projects/%D7%A9%D7%98%D7%A8%D7%9F-47/,1,7,0.14285714285714285,8.857142857142858
https://nad-lan.co.il/projects/%D7%A9%D7%9E%D7%A9%D7%95%D7%9F-%D7%94%D7%9E%D7%A9%D7%97%D7%A8%D7%A8%D7%99%D7%9D/,1,4,0.25,7.25
https://nad-lan.co.il/projects/%D7%A9%D7%A4%D7%99%D7%A8%D7%90-%D7%A4%D7%A2%D7%9E%D7%95%D7%A0%D7%99-%D7%94%D7%A2%D7%99%D7%A8/,1,8,0.125,16.875
https://nad-lan.co.il/projects/%D7%AA%D7%90-%D7%9E%D7%A7-5069-%D7%93%D7%A8%D7%9A-%D7%94%D7%A9%D7%9C%D7%95%D7%9D-77-85/,1,17,0.058823529411764705,6.0588235294117645
https://nad-lan.co.il/projects/6-%D7%91%D7%A8%D7%A0%D7%A2/,1,9,0.1111111111111111,2.888888888888889
https://nad-lan.co.il/projects/?city=%D7%97%D7%99%D7%A4%D7%94,1,67,0.014925373134328358,37.343283582089555
https://nad-lan.co.il/projects/ashira-sde-dov-en/,1,132,0.007575757575757576,7.621212121212121
https://nad-lan.co.il/projects/dimri-yama-sde-dov-en/,1,26,0.038461538461538464,6.269230769230769
https://nad-lan.co.il/projects/duo-tel-aviv-ar/,1,6,0.16666666666666666,3.5
https://nad-lan.co.il/projects/gindi-vogue-sde-dov/,1,268,0.0037313432835820895,6.048507462686567
https://nad-lan.co.il/projects/meier-on-rothschild-ru/,1,6,0.16666666666666666,6.333333333333333
https://nad-lan.co.il/projects/meier-on-rothschild/,1,125,0.008,9.84
https://nad-lan.co.il/projects/park-bavli-en/,1,101,0.009900990099009901,5.217821782178218
https://nad-lan.co.il/projects/rainbow-tel-aviv-fr/,1,14,0.07142857142857142,5.071428571428571
https://nad-lan.co.il/projects/recanati-residence-en/,1,21,0.047619047619047616,5.285714285714286
https://nad-lan.co.il/projects/the-park-bnei-brak/,1,81,0.012345679012345678,6.753086419753086
https://nad-lan.co.il/projects/toha2-tel-aviv/,1,55,0.01818181818181818,10.363636363636363
https://nad-lan.co.il/projects/utopia-sde-dov-fr/,1,3,0.3333333333333333,4.333333333333334
https://nad-lan.co.il/projects/yoo-tel-aviv-en/,1,109,0.009174311926605505,6.697247706422019
https://nad-lan.co.il/ramat-aviv/neve-avivim/,1,105,0.009523809523809525,7.733333333333333
https://nad-lan.co.il/ramat-gan-apartment-prices/,1,428,0.002336448598130841,7.432242990654205
https://nad-lan.co.il/ramat-hasharon-apartment-prices/,1,324,0.0030864197530864196,7.459876543209877
https://nad-lan.co.il/real-estate-lawyer/,1,428,0.002336448598130841,40.87149532710281
https://nad-lan.co.il/real-estate-lawyer/form-4-occupancy-permit/,1,97,0.010309278350515464,8.350515463917525
https://nad-lan.co.il/real-estate-lawyer/residential-lease-agreement/,1,32,0.03125,16.9375
https://nad-lan.co.il/ru/guides/neighboring-development-check/,1,19,0.05263157894736842,7.947368421052632
https://nad-lan.co.il/ru/new-projects/,1,31,0.03225806451612903,17.096774193548388
https://nad-lan.co.il/sde-dov/marina/,1,42,0.023809523809523808,5.833333333333333
https://nad-lan.co.il/site-map/?lang=en,1,176,0.005681818181818182,11.392045454545455
https://nad-lan.co.il/tel-aviv-plans/carmel-market/,1,7,0.14285714285714285,4
https://nad-lan.co.il/tours/,1,34,0.029411764705882353,29.058823529411764
https://nad-lan.co.il/urban-renewal/check/,1,56,0.017857142857142856,64.07142857142857
https://nad-lan.co.il/urban-renewal/english-guide/,1,100,0.01,8.95
http://nad-lan.co.il/professionals/africa-israel-residential/,0,58,0,35.275862068965516
http://nad-lan.co.il/professionals/aura-israel/,0,160,0,12.7
http://nad-lan.co.il/projects/duo-tel-aviv/,0,36,0,12.527777777777779
http://nad-lan.co.il/projects/meier-on-rothschild-fr/,0,1,0,1
http://nad-lan.co.il/raanana-apartment-prices/,0,43,0,6.441860465116279
http://nad-lan.co.il/sde-dov/merkaz/,0,3,0,8
http://nad-lan.co.il/sde-dov/parks/,0,18,0,6.777777777777778
http://nad-lan.co.il/sde-dov/prices/,0,24,0,6.541666666666667
http://nad-lan.co.il/sde-dov/transport/,0,13,0,6.076923076923077
http://nad-lan.co.il/selling-apartment/,0,6,0,22
https://nad-lan.co.il/%D7%AA%D7%A7%D7%A0%D7%95%D7%9F-%D7%95%D7%AA%D7%A0%D7%90%D7%99-%D7%A9%D7%99%D7%9E%D7%95%D7%A9/,0,1,0,82
https://nad-lan.co.il/?pms_user=0&pms_action=pms_delete_user&pms_nonce=073e414137,0,3,0,2.333333333333333
https://nad-lan.co.il/?pms_user=0&pms_action=pms_delete_user&pms_nonce=5a9281fd16,0,2,0,6
https://nad-lan.co.il/?pms_user=0&pms_action=pms_delete_user&pms_nonce=adc98d12a5,0,10,0,5.9
https://nad-lan.co.il/accessibility-statement/,0,4,0,44.75
https://nad-lan.co.il/accessibility/,0,5,0,5.2
https://nad-lan.co.il/advertise/,0,20,0,24
https://nad-lan.co.il/advertiser-center/,0,3,0,2.333333333333333
https://nad-lan.co.il/affordable-apartments-israel-2026/,0,48,0,9.4375
https://nad-lan.co.il/apartment-deal-check/,0,62,0,60.83870967741935
https://nad-lan.co.il/apartment-purchase-cost-calculator/,0,343,0,45.39650145772595
https://nad-lan.co.il/apartment-sale-contract/,0,6,0,46.833333333333336
https://nad-lan.co.il/ar/,0,267,0,45.91011235955056
https://nad-lan.co.il/ar/guides/,0,7,0,70.14285714285714
https://nad-lan.co.il/ar/guides/common-property-handover/,0,2,0,3.5
https://nad-lan.co.il/ar/guides/new-apartment-balcony/,0,6,0,18.166666666666668
https://nad-lan.co.il/ar/guides/new-apartment-buyer-changes/,0,1,0,2
https://nad-lan.co.il/ar/guides/new-apartment-mamad/,0,1,0,3
https://nad-lan.co.il/ar/guides/new-project-management-fees/,0,7,0,9.571428571428571
https://nad-lan.co.il/ar/guides/remote-new-apartment-handover-israel/,0,1,0,6
https://nad-lan.co.il/ar/new-projects/,0,4,0,8.75
https://nad-lan.co.il/architect-building-permit/,0,15,0,20.466666666666665
https://nad-lan.co.il/arsuf-house-prices/,0,146,0,7.171232876712328
https://nad-lan.co.il/ashkelon-apartment-prices/,0,117,0,6.777777777777778
https://nad-lan.co.il/author/ben-betesh/,0,5,0,3.6
https://nad-lan.co.il/author/ben-betesh/page/2/,0,47,0,5.0638297872340425
https://nad-lan.co.il/bank-guarantee-purchase/,0,15,0,4.266666666666667
https://nad-lan.co.il/bat-yam-apartment-prices/,0,67,0,7.7611940298507465
https://nad-lan.co.il/bat-yam/,0,65,0,7.153846153846154
https://nad-lan.co.il/beer-sheva-apartment-prices/,0,60,0,7.45
https://nad-lan.co.il/betterment-levy/,0,3,0,4
https://nad-lan.co.il/bnei-brak-apartment-prices/,0,63,0,7.111111111111111
https://nad-lan.co.il/buy-or-rent/,0,246,0,76.85772357723577
https://nad-lan.co.il/buy-property-israel-foreign-buyers/,0,218,0,59.11467889908257
https://nad-lan.co.il/buy-vs-rent/,0,51,0,74.45098039215686
https://nad-lan.co.il/buying-apartment/,0,1230,0,62.55934959349594
https://nad-lan.co.il/buying-apartment/new-vs-second-hand/,0,30,0,8.133333333333333
https://nad-lan.co.il/buying-new-apartment-developer-2026-negotiation/,0,36,0,10.194444444444445
https://nad-lan.co.il/buying-real-estate-israel-foreign-investor/,0,135,0,70.14074074074074
https://nad-lan.co.il/catalog/,0,710,0,70.0056338028169
https://nad-lan.co.il/category/english/,0,17,0,6
https://nad-lan.co.il/category/guides/,0,5,0,1.6
https://nad-lan.co.il/category/nadlan-news/,0,23,0,28.347826086956523
https://nad-lan.co.il/category/uncategorized/,0,20,0,5.4
https://nad-lan.co.il/cities/%D7%AA%D7%9C-%D7%90%D7%91%D7%99%D7%91-%D7%99%D7%A4%D7%95/,0,42,0,8.571428571428571
https://nad-lan.co.il/city/%D7%90%D7%91%D7%9F-%D7%99%D7%94%D7%95%D7%93%D7%94/,0,27,0,64.37037037037038
https://nad-lan.co.il/city/%D7%90%D7%95%D7%A8-%D7%99%D7%94%D7%95%D7%93%D7%94/,0,9,0,74.33333333333333
https://nad-lan.co.il/city/%D7%90%D7%95%D7%A8-%D7%99%D7%94%D7%95%D7%93%D7%94/contractors/,0,2,0,9
https://nad-lan.co.il/city/%D7%90%D7%95%D7%A8-%D7%99%D7%94%D7%95%D7%93%D7%94/projects/,0,48,0,30.729166666666668
https://nad-lan.co.il/city/%D7%90%D7%99%D7%9C%D7%AA/,0,40,0,50.45
https://nad-lan.co.il/city/%D7%90%D7%99%D7%9C%D7%AA/contractors/,0,2,0,21
https://nad-lan.co.il/city/%D7%90%D7%9D%20%D7%90%D7%9C-%D7%A4%D7%97%D7%9D/contractors/,0,3,0,10.666666666666666
https://nad-lan.co.il/city/%D7%90%D7%9D-%D7%90%D7%9C-%D7%A4%D7%97%D7%9D/contractors/,0,4,0,8.25
https://nad-lan.co.il/city/%D7%90%D7%A2%D7%91%D7%9C%D7%99%D7%9F/contractors/,0,2,0,8
https://nad-lan.co.il/city/%D7%90%D7%A9%D7%93%D7%95%D7%93/,0,159,0,24.92452830188679
https://nad-lan.co.il/city/%D7%90%D7%A9%D7%93%D7%95%D7%93/projects/,0,10,0,17.7
https://nad-lan.co.il/city/%D7%90%D7%A9%D7%A7%D7%9C%D7%95%D7%9F/,0,67,0,60.35820895522388
https://nad-lan.co.il/city/%D7%91%D7%90%D7%A7%D7%94%20%D7%92%27%D7%AA/contractors/,0,3,0,14.333333333333334
https://nad-lan.co.il/city/%D7%91%D7%90%D7%A7%D7%94-%D7%92%D7%AA/,0,1,0,8
https://nad-lan.co.il/city/%D7%91%D7%90%D7%A8-%D7%A9%D7%91%D7%A2/,0,74,0,75
https://nad-lan.co.il/city/%D7%91%D7%90%D7%A8-%D7%A9%D7%91%D7%A2/contractors/,0,9,0,10.777777777777779
https://nad-lan.co.il/city/%D7%91%D7%90%D7%A8-%D7%A9%D7%91%D7%A2/projects/,0,161,0,61.98136645962733
https://nad-lan.co.il/city/%D7%91%D7%99%D7%AA%20%D7%A9%D7%9E%D7%A9/contractors/,0,5,0,29.8
https://nad-lan.co.il/city/%D7%91%D7%99%D7%AA-%D7%A9%D7%9E%D7%A9/,0,5,0,68.4
https://nad-lan.co.il/city/%D7%91%D7%99%D7%AA-%D7%A9%D7%9E%D7%A9/projects/,0,38,0,40.28947368421053
https://nad-lan.co.il/city/%D7%91%D7%A0%D7%99%20%D7%91%D7%A8%D7%A7/contractors/,0,3,0,14.333333333333334
https://nad-lan.co.il/city/%D7%91%D7%A0%D7%99-%D7%91%D7%A8%D7%A7/,0,11,0,65.72727272727273
https://nad-lan.co.il/city/%D7%91%D7%A0%D7%99-%D7%91%D7%A8%D7%A7/contractors/,0,3,0,9.666666666666666
https://nad-lan.co.il/city/%D7%91%D7%AA%20%D7%99%D7%9D/projects/,0,7,0,16.57142857142857
https://nad-lan.co.il/city/%D7%91%D7%AA-%D7%99%D7%9D/,0,29,0,68
https://nad-lan.co.il/city/%D7%91%D7%AA-%D7%99%D7%9D/contractors/,0,6,0,7.166666666666667
https://nad-lan.co.il/city/%D7%91%D7%AA-%D7%99%D7%9D/projects/,0,325,0,49.68615384615384
https://nad-lan.co.il/city/%D7%92%D7%91%D7%A2%D7%AA%D7%99%D7%9D/projects/,0,55,0,76.12727272727273
https://nad-lan.co.il/city/%D7%92%D7%91%D7%A2%D7%AA-%D7%A9%D7%9E%D7%95%D7%90%D7%9C/,0,2,0,60
https://nad-lan.co.il/city/%D7%92%D7%91%D7%A2%D7%AA-%D7%A9%D7%9E%D7%95%D7%90%D7%9C/projects/,0,14,0,39.785714285714285
https://nad-lan.co.il/city/%D7%92%D7%9C%D7%92%D7%95%D7%9C%D7%99%D7%94/contractors/,0,2,0,8
https://nad-lan.co.il/city/%D7%92%D7%9F%20%D7%99%D7%91%D7%A0%D7%94/contractors/,0,4,0,8.25
https://nad-lan.co.il/city/%D7%92%D7%9F-%D7%99%D7%91%D7%A0%D7%94/,0,33,0,50.21212121212121
https://nad-lan.co.il/city/%D7%92%D7%9F-%D7%99%D7%91%D7%A0%D7%94/contractors/,0,4,0,7
https://nad-lan.co.il/city/%D7%93%D7%90%D7%9C%D7%99%D7%AA%20%D7%90%D7%9C-%D7%9B%D7%A8%D7%9E%D7%9C/contractors/,0,1,0,6
https://nad-lan.co.il/city/%D7%93%D7%90%D7%9C%D7%99%D7%AA-%D7%90%D7%9C-%D7%9B%D7%A8%D7%9E%D7%9C/contractors/,0,2,0,28
https://nad-lan.co.il/city/%D7%94%D7%95%D7%93%20%D7%94%D7%A9%D7%A8%D7%95%D7%9F/contractors/,0,19,0,11.368421052631579
https://nad-lan.co.il/city/%D7%94%D7%95%D7%93-%D7%94%D7%A9%D7%A8%D7%95%D7%9F/,0,7,0,64.42857142857143
https://nad-lan.co.il/city/%D7%94%D7%95%D7%93-%D7%94%D7%A9%D7%A8%D7%95%D7%9F/contractors/,0,2,0,15.5
https://nad-lan.co.il/city/%D7%94%D7%95%D7%93-%D7%94%D7%A9%D7%A8%D7%95%D7%9F/projects/,0,72,0,35.611111111111114
https://nad-lan.co.il/city/%D7%94%D7%A8%D7%A6%D7%9C%D7%99%D7%94/,0,89,0,30.752808988764045
https://nad-lan.co.il/city/%D7%94%D7%A8%D7%A6%D7%9C%D7%99%D7%94/projects/,0,372,0,49.93279569892473
https://nad-lan.co.il/city/%D7%97%D7%93%D7%A8%D7%94/,0,106,0,21.735849056603772
https://nad-lan.co.il/city/%D7%97%D7%93%D7%A8%D7%94/projects/,0,30,0,11.066666666666666
https://nad-lan.co.il/city/%D7%97%D7%95%D7%9C%D7%95%D7%9F/,0,87,0,28.114942528735632
https://nad-lan.co.il/city/%D7%97%D7%95%D7%9C%D7%95%D7%9F/contractors/,0,6,0,8.833333333333332
https://nad-lan.co.il/city/%D7%97%D7%95%D7%9C%D7%95%D7%9F/projects/,0,23,0,11.347826086956522
https://nad-lan.co.il/city/%D7%97%D7%99%D7%A4%D7%94/,0,69,0,26.594202898550726
https://nad-lan.co.il/city/%D7%98%D7%91%D7%A8%D7%99%D7%94/contractors/,0,5,0,10
https://nad-lan.co.il/city/%D7%98%D7%99%D7%91%D7%94/contractors/,0,4,0,5.75
https://nad-lan.co.il/city/%D7%98%D7%99%D7%A8%D7%94/contractors/,0,4,0,27.5
https://nad-lan.co.il/city/%D7%98%D7%99%D7%A8%D7%AA-%D7%9B%D7%A8%D7%9E%D7%9C/,0,25,0,37.24
https://nad-lan.co.il/city/%D7%98%D7%9E%D7%A8%D7%94/,0,1,0,6
https://nad-lan.co.il/city/%D7%98%D7%9E%D7%A8%D7%94/contractors/,0,1,0,10
https://nad-lan.co.il/city/%D7%99%D7%91%D7%A0%D7%94/,0,55,0,29.381818181818183
https://nad-lan.co.il/city/%D7%99%D7%91%D7%A0%D7%94/projects/,0,75,0,24.453333333333333
https://nad-lan.co.il/city/%D7%99%D7%94%D7%95%D7%93/contractors/,0,1,0,10
https://nad-lan.co.il/city/%D7%99%D7%94%D7%95%D7%93/projects/,0,222,0,33.95945945945946
https://nad-lan.co.il/city/%D7%99%D7%A4%D7%99%D7%A2/contractors/,0,2,0,22
https://nad-lan.co.il/city/%D7%99%D7%A7%D7%A0%D7%A2%D7%9D-%D7%A2%D7%99%D7%9C%D7%99%D7%AA/,0,25,0,46.04
https://nad-lan.co.il/city/%D7%99%D7%A7%D7%A0%D7%A2%D7%9D-%D7%A2%D7%99%D7%9C%D7%99%D7%AA/projects/,0,36,0,26.72222222222222
https://nad-lan.co.il/city/%D7%99%D7%A8%D7%95%D7%A9%D7%9C%D7%99%D7%9D/,0,94,0,66.14893617021276
https://nad-lan.co.il/city/%D7%99%D7%A8%D7%95%D7%A9%D7%9C%D7%99%D7%9D/contractors/,0,1,0,4
https://nad-lan.co.il/city/%D7%9B%D7%A4%D7%A8%20%D7%A1%D7%91%D7%90/contractors/,0,12,0,7.75
https://nad-lan.co.il/city/%D7%9B%D7%A4%D7%A8%20%D7%A1%D7%91%D7%90/projects/,0,298,0,21.34228187919463
https://nad-lan.co.il/city/%D7%9B%D7%A4%D7%A8%20%D7%A7%D7%90%D7%A1%D7%9D/contractors/,0,2,0,15
https://nad-lan.co.il/city/%D7%9B%D7%A4%D7%A8%20%D7%A7%D7%A8%D7%A2/contractors/,0,1,0,5
https://nad-lan.co.il/city/%D7%9B%D7%A4%D7%A8-%D7%9B%D7%A0%D7%90/,0,2,0,7.5
https://nad-lan.co.il/city/%D7%9B%D7%A4%D7%A8-%D7%9B%D7%A0%D7%90/contractors/,0,9,0,10.88888888888889
https://nad-lan.co.il/city/%D7%9B%D7%A4%D7%A8-%D7%A1%D7%91%D7%90/contractors/,0,3,0,29
https://nad-lan.co.il/city/%D7%9B%D7%A4%D7%A8-%D7%A7%D7%90%D7%A1%D7%9D/,0,2,0,8
https://nad-lan.co.il/city/%D7%9B%D7%A4%D7%A8-%D7%A7%D7%90%D7%A1%D7%9D/contractors/,0,4,0,5.25
https://nad-lan.co.il/city/%D7%9B%D7%A4%D7%A8-%D7%A7%D7%A8%D7%A2/contractors/,0,2,0,21.5
https://nad-lan.co.il/city/%D7%9C%D7%95%D7%93/,0,77,0,27.454545454545453
https://nad-lan.co.il/city/%D7%9C%D7%95%D7%93/projects/,0,225,0,31.64
https://nad-lan.co.il/city/%D7%9E%D7%92%D7%93%20%D7%90%D7%9C-%D7%9B%D7%A8%D7%95%D7%9D/contractors/,0,3,0,8
https://nad-lan.co.il/city/%D7%9E%D7%92%D7%93%D7%9C-%D7%94%D7%A2%D7%9E%D7%A7/,0,38,0,76.42105263157895
https://nad-lan.co.il/city/%D7%9E%D7%92%D7%93%D7%9C-%D7%94%D7%A2%D7%9E%D7%A7/projects/,0,49,0,43.89795918367347
https://nad-lan.co.il/city/%D7%9E%D7%92%D7%93%D7%9C-%D7%A9%D7%9E%D7%A1/,0,2,0,6
https://nad-lan.co.il/city/%D7%9E%D7%92%D7%93%D7%9C-%D7%A9%D7%9E%D7%A1/contractors/,0,4,0,9.5
https://nad-lan.co.il/city/%D7%9E%D7%95%D7%93%D7%99%D7%A2%D7%99%D7%9F/,0,29,0,50.758620689655174
https://nad-lan.co.il/city/%D7%9E%D7%95%D7%93%D7%99%D7%A2%D7%99%D7%9F/contractors/,0,11,0,8.545454545454547
https://nad-lan.co.il/city/%D7%9E%D7%A1%D7%A2%D7%93%D7%94/contractors/,0,7,0,37.142857142857146
https://nad-lan.co.il/city/%D7%9E%D7%A2%D7%9C%D7%94-%D7%90%D7%93%D7%95%D7%9E%D7%99%D7%9D/,0,24,0,47.625
https://nad-lan.co.il/city/%D7%9E%D7%A2%D7%9C%D7%94-%D7%90%D7%93%D7%95%D7%9E%D7%99%D7%9D/contractors/,0,3,0,27.333333333333332
https://nad-lan.co.il/city/%D7%9E%D7%A2%D7%9C%D7%94-%D7%A2%D7%99%D7%A8%D7%95%D7%9F/,0,1,0,7
https://nad-lan.co.il/city/%D7%9E%D7%A2%D7%9C%D7%94-%D7%A2%D7%99%D7%A8%D7%95%D7%9F/contractors/,0,1,0,43
https://nad-lan.co.il/city/%D7%A0%D7%94%D7%A8%D7%99%D7%94/,0,58,0,22.637931034482758
https://nad-lan.co.il/city/%D7%A0%D7%95%D7%A3%20%D7%94%D7%92%D7%9C%D7%99%D7%9C/contractors/,0,2,0,8.5
https://nad-lan.co.il/city/%D7%A0%D7%95%D7%A3-%D7%94%D7%92%D7%9C%D7%99%D7%9C/,0,11,0,56.54545454545455
https://nad-lan.co.il/city/%D7%A0%D7%95%D7%A3-%D7%94%D7%92%D7%9C%D7%99%D7%9C/contractors/,0,2,0,14.5
https://nad-lan.co.il/city/%D7%A0%D7%A1%20%D7%A6%D7%99%D7%95%D7%A0%D7%94/contractors/,0,5,0,8.2
https://nad-lan.co.il/city/%D7%A0%D7%A1-%D7%A6%D7%99%D7%95%D7%A0%D7%94/,0,25,0,86.32
https://nad-lan.co.il/city/%D7%A0%D7%A1-%D7%A6%D7%99%D7%95%D7%A0%D7%94/contractors/,0,9,0,7.777777777777778
https://nad-lan.co.il/city/%D7%A0%D7%A1-%D7%A6%D7%99%D7%95%D7%A0%D7%94/projects/,0,115,0,27.243478260869566
https://nad-lan.co.il/city/%D7%A0%D7%A6%D7%A8%D7%AA/contractors/,0,13,0,22.53846153846154
https://nad-lan.co.il/city/%D7%A0%D7%AA%D7%A0%D7%99%D7%94/,0,100,0,63.79
https://nad-lan.co.il/city/%D7%A0%D7%AA%D7%A0%D7%99%D7%94/contractors/,0,1,0,1
https://nad-lan.co.il/city/%D7%A0%D7%AA%D7%A0%D7%99%D7%94/projects/,0,246,0,39.91463414634146
https://nad-lan.co.il/city/%D7%A1%D7%97%D7%A0%D7%99%D7%9F/contractors/,0,1,0,5
https://nad-lan.co.il/city/%D7%A2%D7%A8%D7%90%D7%91%D7%94/contractors/,0,1,0,87
https://nad-lan.co.il/city/%D7%A2%D7%A8%D7%A2%D7%A8%D7%94/contractors/,0,12,0,8.916666666666668
https://nad-lan.co.il/city/%D7%A4%D7%A8%D7%93%D7%99%D7%A1/contractors/,0,2,0,10
https://nad-lan.co.il/city/%D7%A4%D7%A8%D7%93%D7%A1%20%D7%97%D7%A0%D7%94-%D7%9B%D7%A8%D7%9B%D7%95/contractors/,0,19,0,7.684210526315789
https://nad-lan.co.il/city/%D7%A4%D7%AA%D7%97%20%D7%AA%D7%A7%D7%95%D7%94/contractors/,0,14,0,9.642857142857142
https://nad-lan.co.il/city/%D7%A4%D7%AA%D7%97%20%D7%AA%D7%A7%D7%95%D7%94/projects/,0,12,0,30.083333333333332
https://nad-lan.co.il/city/%D7%A4%D7%AA%D7%97-%D7%AA%D7%A7%D7%95%D7%94/contractors/,0,4,0,7.5
https://nad-lan.co.il/city/%D7%A4%D7%AA%D7%97-%D7%AA%D7%A7%D7%95%D7%94/projects/,0,107,0,28.485981308411215
https://nad-lan.co.il/city/%D7%A6%D7%A4%D7%AA/,0,24,0,44.375
https://nad-lan.co.il/city/%D7%A7%D7%9C%D7%A0%D7%A1%D7%95%D7%94/contractors/,0,3,0,11
https://nad-lan.co.il/city/%D7%A7%D7%A8%D7%99%D7%AA%20%D7%90%D7%95%D7%A0%D7%95/projects/,0,497,0,23.784708249496983
https://nad-lan.co.il/city/%D7%A7%D7%A8%D7%99%D7%AA-%D7%90%D7%95%D7%A0%D7%95/,0,4,0,63
https://nad-lan.co.il/city/%D7%A7%D7%A8%D7%99%D7%AA-%D7%90%D7%95%D7%A0%D7%95/contractors/,0,2,0,16.5
https://nad-lan.co.il/city/%D7%A7%D7%A8%D7%99%D7%AA-%D7%90%D7%95%D7%A0%D7%95/projects/,0,50,0,38.2
https://nad-lan.co.il/city/%D7%A7%D7%A8%D7%99%D7%AA-%D7%91%D7%99%D7%90%D7%9C%D7%99%D7%A7/,0,8,0,76.625
https://nad-lan.co.il/city/%D7%A7%D7%A8%D7%99%D7%AA-%D7%91%D7%99%D7%90%D7%9C%D7%99%D7%A7/projects/,0,23,0,33.608695652173914
https://nad-lan.co.il/city/%D7%A7%D7%A8%D7%99%D7%AA-%D7%92%D7%AA/contractors/,0,5,0,15.6
https://nad-lan.co.il/city/%D7%A7%D7%A8%D7%99%D7%AA-%D7%92%D7%AA/projects/,0,67,0,36.26865671641791
https://nad-lan.co.il/city/%D7%A7%D7%A8%D7%99%D7%AA-%D7%99%D7%9D/,0,21,0,83.04761904761905
https://nad-lan.co.il/city/%D7%A7%D7%A8%D7%99%D7%AA-%D7%9E%D7%9C%D7%90%D7%9B%D7%99/,0,11,0,76
https://nad-lan.co.il/city/%D7%A7%D7%A8%D7%99%D7%AA-%D7%9E%D7%9C%D7%90%D7%9B%D7%99/projects/,0,49,0,20.46938775510204
https://nad-lan.co.il/city/%D7%A7%D7%A8%D7%99%D7%AA-%D7%A2%D7%A7%D7%A8%D7%95%D7%9F/,0,19,0,50
https://nad-lan.co.il/city/%D7%A7%D7%A8%D7%99%D7%AA-%D7%A2%D7%A7%D7%A8%D7%95%D7%9F/projects/,0,29,0,26.413793103448278
https://nad-lan.co.il/city/%D7%A7%D7%A8%D7%99%D7%AA-%D7%A9%D7%9E%D7%95%D7%A0%D7%94/,0,40,0,71.75
https://nad-lan.co.il/city/%D7%A7%D7%A8%D7%99%D7%AA-%D7%A9%D7%9E%D7%95%D7%A0%D7%94/projects/,0,45,0,34.08888888888889
https://nad-lan.co.il/city/%D7%A8%D7%90%D7%A9%20%D7%94%D7%A2%D7%99%D7%9F/contractors/,0,18,0,9.055555555555555
https://nad-lan.co.il/city/%D7%A8%D7%90%D7%A9%D7%95%D7%9F%20%D7%9C%D7%A6%D7%99%D7%95%D7%9F/projects/,0,759,0,29.067193675889328
https://nad-lan.co.il/city/%D7%A8%D7%90%D7%A9%D7%95%D7%9F-%D7%9C%D7%A6%D7%99%D7%95%D7%9F/,0,49,0,60.183673469387756
https://nad-lan.co.il/city/%D7%A8%D7%90%D7%A9%D7%95%D7%9F-%D7%9C%D7%A6%D7%99%D7%95%D7%9F/contractors/,0,2,0,6
https://nad-lan.co.il/city/%D7%A8%D7%90%D7%A9%D7%95%D7%9F-%D7%9C%D7%A6%D7%99%D7%95%D7%9F/projects/,0,105,0,78.15238095238095
https://nad-lan.co.il/city/%D7%A8%D7%90%D7%A9-%D7%94%D7%A2%D7%99%D7%9F/,0,13,0,57.61538461538461
https://nad-lan.co.il/city/%D7%A8%D7%90%D7%A9-%D7%94%D7%A2%D7%99%D7%9F/contractors/,0,6,0,24.333333333333332
https://nad-lan.co.il/city/%D7%A8%D7%94%D7%98/contractors/,0,2,0,16
https://nad-lan.co.il/city/%D7%A8%D7%97%D7%95%D7%91%D7%95%D7%AA/,0,2,0,60.5
https://nad-lan.co.il/city/%D7%A8%D7%97%D7%95%D7%91%D7%95%D7%AA/contractors/,0,6,0,5.5
https://nad-lan.co.il/city/%D7%A8%D7%97%D7%95%D7%91%D7%95%D7%AA/projects/,0,3,0,9.666666666666666
https://nad-lan.co.il/city/%D7%A8%D7%9E%D7%9C%D7%94/,0,46,0,23.02173913043478
https://nad-lan.co.il/city/%D7%A8%D7%9E%D7%9C%D7%94/contractors/,0,4,0,4.25
https://nad-lan.co.il/city/%D7%A8%D7%9E%D7%9C%D7%94/projects/,0,2,0,46.5
https://nad-lan.co.il/city/%D7%A8%D7%9E%D7%AA%20%D7%92%D7%9F/contractors/,0,3,0,22.666666666666668
https://nad-lan.co.il/city/%D7%A8%D7%9E%D7%AA%20%D7%94%D7%A9%D7%A8%D7%95%D7%9F/contractors/,0,3,0,7.333333333333333
https://nad-lan.co.il/city/%D7%A8%D7%9E%D7%AA-%D7%92%D7%9F/,0,122,0,55.07377049180328
https://nad-lan.co.il/city/%D7%A8%D7%9E%D7%AA-%D7%92%D7%9F/contractors/,0,1,0,9
https://nad-lan.co.il/city/%D7%A8%D7%9E%D7%AA-%D7%94%D7%A9%D7%A8%D7%95%D7%9F/,0,16,0,59.25
https://nad-lan.co.il/city/%D7%A8%D7%9E%D7%AA-%D7%94%D7%A9%D7%A8%D7%95%D7%9F/contractors/,0,6,0,7.166666666666667
https://nad-lan.co.il/city/%D7%A8%D7%9E%D7%AA-%D7%94%D7%A9%D7%A8%D7%95%D7%9F/projects/,0,50,0,50.2
https://nad-lan.co.il/city/%D7%A8%D7%A2%D7%A0%D7%A0%D7%94/,0,28,0,32.35714285714286
https://nad-lan.co.il/city/%D7%A8%D7%A2%D7%A0%D7%A0%D7%94/contractors/,0,1,0,7
https://nad-lan.co.il/city/%D7%A9%D7%93%D7%A8%D7%95%D7%AA/,0,95,0,32.97894736842105
https://nad-lan.co.il/city/%D7%A9%D7%93%D7%A8%D7%95%D7%AA/projects/,0,7,0,60.857142857142854
https://nad-lan.co.il/city/%D7%A9%D7%95%D7%94%D7%9D/contractors/,0,12,0,7.583333333333333
https://nad-lan.co.il/city/%D7%A9%D7%A4%D7%A8%D7%A2%D7%9D/,0,1,0,42
https://nad-lan.co.il/city/%D7%AA%D7%9C%20%D7%90%D7%91%D7%99%D7%91%20-%D7%99%D7%A4%D7%95/contractors/,0,2,0,9.5
https://nad-lan.co.il/city/%D7%AA%D7%9C%20%D7%90%D7%91%D7%99%D7%91-%D7%99%D7%A4%D7%95/projects/,0,55,0,28.4
https://nad-lan.co.il/city/%D7%AA%D7%9C%20%D7%9E%D7%95%D7%A0%D7%93/contractors/,0,1,0,10
https://nad-lan.co.il/city/%D7%AA%D7%9C-%D7%90%D7%91%D7%99%D7%91-%D7%99%D7%A4%D7%95/,0,79,0,71.22784810126582
https://nad-lan.co.il/city/%D7%AA%D7%9C-%D7%90%D7%91%D7%99%D7%91-%D7%99%D7%A4%D7%95/contractors/,0,8,0,14.5
https://nad-lan.co.il/city/%D7%AA%D7%9C-%D7%9E%D7%95%D7%A0%D7%93/,0,10,0,53
https://nad-lan.co.il/city/%D7%AA%D7%9C-%D7%9E%D7%95%D7%A0%D7%93/contractors/,0,1,0,11
https://nad-lan.co.il/commercial-real-estate/,0,33,0,41.09090909090909
https://nad-lan.co.il/commercial-real-estate/building-for-sale-tel-aviv/,0,28,0,4.964285714285714
https://nad-lan.co.il/commercial-real-estate/commercial-property-business-license/,0,47,0,5.25531914893617
https://nad-lan.co.il/commercial-real-estate/commercial-property-for-rent-tel-aviv/,0,47,0,6.191489361702128
https://nad-lan.co.il/commercial-real-estate/commercial-property-for-sale-tel-aviv/,0,45,0,14.11111111111111
https://nad-lan.co.il/commercial-real-estate/commercial-property-insurance/,0,21,0,3.9523809523809526
https://nad-lan.co.il/commercial-real-estate/commercial-property-prices-ashdod/,0,105,0,6.3238095238095235
https://nad-lan.co.il/commercial-real-estate/commercial-property-prices-haifa/,0,49,0,8.653061224489797
https://nad-lan.co.il/commercial-real-estate/commercial-property-prices-herzliya/,0,48,0,6.895833333333333
https://nad-lan.co.il/commercial-real-estate/commercial-property-prices-jerusalem/,0,70,0,6.5
https://nad-lan.co.il/commercial-real-estate/commercial-property-prices-netanya/,0,37,0,6.5675675675675675
https://nad-lan.co.il/commercial-real-estate/commercial-property-prices-petah-tikva/,0,75,0,7.413333333333333
https://nad-lan.co.il/commercial-real-estate/hotel-property-for-sale-tel-aviv/,0,37,0,6.27027027027027
https://nad-lan.co.il/commercial-real-estate/income-producing-properties/,0,40,0,5.55
https://nad-lan.co.il/commercial-real-estate/income-property-for-sale-bnei-brak/,0,6,0,5.166666666666667
https://nad-lan.co.il/commercial-real-estate/income-property-for-sale-ramat-gan/,0,16,0,6.6875
https://nad-lan.co.il/commercial-real-estate/income-property-for-sale-tel-aviv/,0,15,0,4.8
https://nad-lan.co.il/commercial-real-estate/industrial-electricity-commercial-property/,0,33,0,6.636363636363637
https://nad-lan.co.il/commercial-real-estate/industrial-land-investment/,0,47,0,11.212765957446809
https://nad-lan.co.il/commercial-real-estate/industrial-property-for-rent-center/,0,35,0,7.057142857142857
https://nad-lan.co.il/commercial-real-estate/logistics-industrial-property-investment/,0,15,0,4.4
https://nad-lan.co.il/commercial-real-estate/logistics-warehouse-for-rent-airport-city/,0,12,0,11.666666666666666
https://nad-lan.co.il/commercial-real-estate/logistics-warehouse-for-rent-gush-dan/,0,34,0,7.617647058823529
https://nad-lan.co.il/commercial-real-estate/office-building-investment/,0,16,0,5.5
https://nad-lan.co.il/commercial-real-estate/office-for-rent-tel-aviv/,0,8,0,8.375
https://nad-lan.co.il/commercial-real-estate/office-for-rent/,0,35,0,6.114285714285714
https://nad-lan.co.il/commercial-real-estate/office-for-sale-bnei-brak/,0,19,0,5.684210526315789
https://nad-lan.co.il/commercial-real-estate/office-for-sale-tel-aviv/,0,49,0,5.26530612244898
https://nad-lan.co.il/commercial-real-estate/office-prices-ashdod/,0,58,0,6.275862068965517
https://nad-lan.co.il/commercial-real-estate/office-prices-kfar-saba/,0,41,0,5.853658536585366
https://nad-lan.co.il/commercial-real-estate/office-prices-petah-tikva/,0,90,0,6.633333333333334
https://nad-lan.co.il/commercial-real-estate/office-prices-raanana/,0,68,0,38.4264705882353
https://nad-lan.co.il/commercial-real-estate/parking-lot-for-sale-tel-aviv/,0,29,0,6.172413793103448
https://nad-lan.co.il/commercial-real-estate/ramat-gan-office-prices/,0,98,0,5.86734693877551
https://nad-lan.co.il/commercial-real-estate/rishon-lezion-office-prices/,0,81,0,5.320987654320987
https://nad-lan.co.il/commercial-real-estate/shop-for-rent-tel-aviv/,0,32,0,6.3125
https://nad-lan.co.il/commercial-real-estate/shop-prices-beer-sheva/,0,22,0,7.590909090909091
https://nad-lan.co.il/commercial-real-estate/shop-prices-haifa/,0,20,0,6.2
https://nad-lan.co.il/commercial-real-estate/shop-prices-netanya/,0,62,0,6.435483870967742
https://nad-lan.co.il/commercial-real-estate/shop-prices-petah-tikva/,0,48,0,6.833333333333333
https://nad-lan.co.il/commercial-real-estate/shop-prices-tel-aviv/,0,53,0,5.566037735849057
https://nad-lan.co.il/commercial-real-estate/shops-for-sale-tel-aviv/,0,16,0,17.9375
https://nad-lan.co.il/commercial-real-estate/store-for-rent/,0,22,0,6.681818181818182
https://nad-lan.co.il/commercial-real-estate/warehouse-for-rent-rishon-lezion-holon/,0,48,0,6.770833333333333
https://nad-lan.co.il/commercial-real-estate/warehouse-prices-gush-dan/,0,57,0,7.280701754385965
https://nad-lan.co.il/compound/%D7%A0%D7%95%D7%95%D7%94-%D7%90%D7%91%D7%99%D7%91%D7%99%D7%9D/,0,35,0,6.428571428571429
https://nad-lan.co.il/construction-supervisor/,0,2,0,7
https://nad-lan.co.il/contact/,0,24,0,45.875
https://nad-lan.co.il/developers/,0,13,0,43.15384615384615
https://nad-lan.co.il/echo-city/,0,79,0,44.139240506329116
https://nad-lan.co.il/eilat-apartment-prices/,0,405,0,7.029629629629629
https://nad-lan.co.il/en/guides/,0,5,0,7.4
https://nad-lan.co.il/en/guides/common-property-handover/,0,71,0,13.154929577464788
https://nad-lan.co.il/en/guides/mixed-use-residential-project/,0,2,0,7.5
https://nad-lan.co.il/en/guides/neighboring-development-check/,0,57,0,5
https://nad-lan.co.il/en/guides/new-apartment-acoustics/,0,69,0,12.507246376811594
https://nad-lan.co.il/en/guides/new-apartment-buyer-changes/,0,3,0,3.6666666666666665
https://nad-lan.co.il/en/guides/new-apartment-mamad/,0,30,0,6.433333333333334
https://nad-lan.co.il/en/guides/new-apartment-sale-specification/,0,31,0,7.354838709677419
https://nad-lan.co.il/en/guides/new-project-ev-charging/,0,59,0,11.203389830508474
https://nad-lan.co.il/en/guides/new-project-management-fees/,0,26,0,5.6923076923076925
https://nad-lan.co.il/en/guides/new-project-parking/,0,12,0,9
https://nad-lan.co.il/en/guides/remote-new-apartment-handover-israel/,0,1,0,2
https://nad-lan.co.il/en/guides/residential-project-pool/,0,26,0,7.269230769230769
https://nad-lan.co.il/en/guides/residential-project-wellness/,0,31,0,7.387096774193548
https://nad-lan.co.il/en/new-projects/,0,69,0,6.63768115942029
https://nad-lan.co.il/fr/guides/mixed-use-residential-project/,0,1,0,5
https://nad-lan.co.il/fr/guides/neighboring-development-check/,0,7,0,6.857142857142857
https://nad-lan.co.il/fr/guides/new-apartment-acoustics/,0,1,0,97
https://nad-lan.co.il/fr/guides/new-apartment-sale-specification/,0,6,0,4.666666666666666
https://nad-lan.co.il/fr/guides/new-project-ev-charging/,0,9,0,6.777777777777778
https://nad-lan.co.il/fr/guides/new-project-management-fees/,0,1,0,6
https://nad-lan.co.il/fr/guides/new-project-parking/,0,5,0,6.4
https://nad-lan.co.il/fr/guides/residential-project-pool/,0,1,0,2
https://nad-lan.co.il/fr/guides/residential-tower-elevators/,0,12,0,16.25
https://nad-lan.co.il/fr/new-projects/,0,3,0,54.333333333333336
https://nad-lan.co.il/givatayim-apartment-prices/,0,78,0,6.871794871794871
https://nad-lan.co.il/global/,0,258,0,74.23255813953489
https://nad-lan.co.il/global/?lang=en,0,108,0,28.25
https://nad-lan.co.il/global/cyprus/,0,68,0,30.235294117647058
https://nad-lan.co.il/global/cyprus/?lang=en,0,39,0,4.538461538461538
https://nad-lan.co.il/global/dubai/,0,65,0,44.04615384615385
https://nad-lan.co.il/global/dubai/?lang=en,0,14,0,22.642857142857142
https://nad-lan.co.il/global/greece/,0,39,0,49.58974358974359
https://nad-lan.co.il/global/italy/?lang=en,0,1,0,1
https://nad-lan.co.il/global/miami/?lang=en,0,11,0,14.090909090909092
https://nad-lan.co.il/global/new-york/?lang=en,0,7,0,13.142857142857142
https://nad-lan.co.il/global/project/bang-tao-garden-villas-phuket/,0,1,0,17
https://nad-lan.co.il/global/project/brickell-park-tower-miami/,0,6,0,4.166666666666666
https://nad-lan.co.il/global/project/brooklyn-point-heights-new-york/,0,19,0,6.052631578947368
https://nad-lan.co.il/global/project/canary-riverside-heights-london/,0,1,0,7
https://nad-lan.co.il/global/project/damac-riverside-views-dubai/,0,1,0,9
https://nad-lan.co.il/global/project/edgewater-bay-residences-miami/,0,21,0,7.666666666666667
https://nad-lan.co.il/global/project/garden-residence-jvc-dubai/,0,2,0,14.5
https://nad-lan.co.il/global/project/koukaki-athens-residence/,0,20,0,11.2
https://nad-lan.co.il/global/project/lic-skyline-condos-new-york/,0,6,0,7.333333333333333
https://nad-lan.co.il/global/project/lion-apartments-paphos/,0,1,0,1
https://nad-lan.co.il/global/project/marina-west-tower-dubai/,0,3,0,6.333333333333333
https://nad-lan.co.il/global/project/nolo-district-residence-milan/,0,4,0,8
https://nad-lan.co.il/global/project/porta-romana-garden-milan/,0,4,0,10.25
https://nad-lan.co.il/global/project/sky-gardens-jvc-dubai/,0,4,0,13
https://nad-lan.co.il/global/project/stratford-park-gate-london/,0,1,0,10
https://nad-lan.co.il/global/project/sukhumvit-sky-residence-bangkok/,0,2,0,7
https://nad-lan.co.il/global/thailand/?lang=en,0,3,0,5.333333333333333
https://nad-lan.co.il/glossary-category/%D7%A9%D7%9E%D7%90%D7%95%D7%AA-%D7%95%D7%94%D7%A2%D7%A8%D7%9B%D7%94/,0,25,0,54.84
https://nad-lan.co.il/glossary-category/appraisal-investment/,0,8,0,42.875
https://nad-lan.co.il/glossary-category/appraisal-investment/page/2/,0,1,0,8
https://nad-lan.co.il/glossary-category/architecture/,0,5,0,66.4
https://nad-lan.co.il/glossary-category/construction-materials/,0,16,0,22.1875
https://nad-lan.co.il/glossary-category/construction/,0,3,0,22.333333333333332
https://nad-lan.co.il/glossary-category/finance-mortgage/,0,1,0,85
https://nad-lan.co.il/glossary-category/interior-design/,0,1,0,85
https://nad-lan.co.il/glossary-category/legal-technical/,0,8,0,6.875
https://nad-lan.co.il/glossary-category/methods-software/,0,6,0,39.166666666666664
https://nad-lan.co.il/glossary-category/planning-zoning/,0,2,0,5.5
https://nad-lan.co.il/glossary-category/standards-regulation/,0,11,0,6.181818181818182
https://nad-lan.co.il/glossary-category/standards-regulation/page/2/,0,25,0,57.72
https://nad-lan.co.il/glossary-category/structural-engineering/,0,12,0,8.333333333333332
https://nad-lan.co.il/glossary-category/tools-hardware/,0,2,0,6
https://nad-lan.co.il/glossary-category/tools-hardware/page/2/,0,3,0,8.333333333333332
https://nad-lan.co.il/glossary-category/trades-roles/,0,5,0,10
https://nad-lan.co.il/glossary/%D7%90%D7%91%D7%9F-%D7%93%D7%A8%D7%9A-%D7%AA%D7%A9%D7%9C%D7%95%D7%9D/,0,30,0,16.9
https://nad-lan.co.il/glossary/%D7%90%D7%93%D7%A8%D7%99%D7%9B%D7%9C-%D7%A8%D7%A9%D7%95%D7%99/,0,267,0,27.846441947565545
https://nad-lan.co.il/glossary/%D7%90%D7%97%D7%95%D7%96%D7%99-%D7%91%D7%A0%D7%99%D7%99%D7%94/,0,58,0,64.29310344827587
https://nad-lan.co.il/glossary/%D7%91%D7%93%D7%99%D7%A7%D7%95%D7%AA-%D7%90%D7%9C-%D7%94%D7%A8%D7%A1/,0,634,0,32.700315457413254
https://nad-lan.co.il/glossary/%D7%91%D7%95%D7%A8%D7%92-%D7%A2%D7%99%D7%92%D7%9F-%D7%91%D7%98%D7%95%D7%9F,0,1,0,11
https://nad-lan.co.il/glossary/%D7%91%D7%98%D7%95%D7%9F-%D7%9E%D7%96%D7%95%D7%99%D7%9F/,0,133,0,25.157894736842106
https://nad-lan.co.il/glossary/%D7%91%D7%98%D7%95%D7%9F-%D7%A8%D7%96%D7%94/,0,41,0,14.536585365853659
https://nad-lan.co.il/glossary/%D7%91%D7%9C%D7%95%D7%A7-%D7%90%D7%99%D7%98%D7%95%D7%A0%D7%92/,0,92,0,15.043478260869565
https://nad-lan.co.il/glossary/%D7%91%D7%9C%D7%95%D7%A7-%D7%91%D7%98%D7%95%D7%9F/,0,58,0,21.24137931034483
https://nad-lan.co.il/glossary/%D7%92%D7%99%D7%A9%D7%AA-%D7%94%D7%94%D7%9B%D7%A0%D7%A1%D7%95%D7%AA/,0,22,0,22.59090909090909
https://nad-lan.co.il/glossary/%D7%92%D7%99%D7%A9%D7%AA-%D7%94%D7%94%D7%A9%D7%95%D7%95%D7%90%D7%94/,0,31,0,19.70967741935484
https://nad-lan.co.il/glossary/%D7%92%D7%99%D7%A9%D7%AA-%D7%94%D7%A2%D7%9C%D7%95%D7%AA/,0,12,0,6.166666666666667
https://nad-lan.co.il/glossary/%D7%93%D7%99%D7%A4%D7%95%D7%9F-%D7%91%D7%A8%D7%9C%D7%99%D7%A0%D7%90%D7%99/,0,34,0,38.029411764705884
https://nad-lan.co.il/glossary/%D7%93%D7%9E%D7%99-%D7%A9%D7%9B%D7%99%D7%98%D7%95%D7%95-%D7%A8%D7%90%D7%95%D7%99%D7%99%D7%9D/,0,1,0,1
https://nad-lan.co.il/glossary/%D7%93%D7%9E%D7%99-%D7%A9%D7%9B%D7%99%D7%A8%D7%95%D7%AA-%D7%A8%D7%90%D7%95%D7%99%D7%99%D7%9D/,0,34,0,34.205882352941174
https://nad-lan.co.il/glossary/%D7%93%D7%A7%D7%9C-%D7%AA%D7%95%D7%9B%D7%A0%D7%94/,0,337,0,9.302670623145401
https://nad-lan.co.il/glossary/%D7%94%D7%A7%D7%9C%D7%94-%D7%AA%D7%9B%D7%A0%D7%95%D7%A0%D7%99%D7%AA/,0,6,0,42.833333333333336
https://nad-lan.co.il/glossary/%D7%94%D7%AA%D7%95%D7%A1%D7%A4%D7%AA-%D7%94%D7%A9%D7%9C%D7%99%D7%99%D7%AA-%D7%9C%D7%97%D7%95%D7%A7-%D7%94%D7%AA%D7%9B%D7%A0%D7%95%D7%EF-%D7%95%D7%94%D7%91%D7%A0%D7%99%D7%99%D7%94/,0,1,0,1
https://nad-lan.co.il/glossary/%D7%95%D7%99%D7%91%D7%A8%D7%98%D7%95%D7%A8-%D7%91%D7%98%D7%95%D7%9F/,0,58,0,10.120689655172415
https://nad-lan.co.il/glossary/%D7%96%D7%9B%D7%95%D7%9B%D7%99%D7%AA-%D7%91%D7%99%D7%93%D7%95%D7%93%D7%99%D7%AA/,0,174,0,22.879310344827587
https://nad-lan.co.il/glossary/%D7%97%D7%95%D7%A7-%D7%94%D7%AA%D7%9B%D7%A0%D7%95%D7%9F-%D7%95%D7%94%D7%91%D7%A0%D7%99%D7%99%D7%94-%D7%AA%D7%A9%D7%9B%D7%94-1965/,0,41,0,54.609756097560975
https://nad-lan.co.il/glossary/%D7%97%D7%A9%D7%91%D7%95%D7%9F-%D7%97%D7%9C%D7%A7%D7%99/,0,137,0,27.525547445255473
https://nad-lan.co.il/glossary/%D7%98%D7%99%D7%97-%D7%92%D7%91%D7%A1/,0,250,0,32.884
https://nad-lan.co.il/glossary/%D7%98%D7%A4%D7%A1%D7%A0%D7%95%D7%AA-%D7%9E%D7%AA%D7%95%D7%A2%D7%A9%D7%AA/,0,39,0,10.333333333333334
https://nad-lan.co.il/glossary/%D7%99%D7%95%D7%A2%D7%A5-%D7%90%D7%99%D7%98%D7%95%D7%9D/,0,620,0,35.685483870967744
https://nad-lan.co.il/glossary/%D7%99%D7%95%D7%A2%D7%A5-%D7%97%D7%A9%D7%9E%D7%9C/,0,75,0,25.493333333333332
https://nad-lan.co.il/glossary/%D7%99%D7%97%D7%A1-%D7%91%D7%A8%D7%95%D7%98%D7%95-%D7%A0%D7%98%D7%95/,0,37,0,8.567567567567568
https://nad-lan.co.il/glossary/%D7%99%D7%99%D7%A2%D7%95%D7%93-%D7%A7%D7%A8%D7%A7%D7%A2/,0,203,0,69.41379310344827
https://nad-lan.co.il/glossary/%D7%99%D7%A8%D7%99%D7%A2%D7%94-%D7%91%D7%99%D7%98%D7%95%D7%9E%D7%A0%D7%99%D7%AA/,0,168,0,22.63095238095238
https://nad-lan.co.il/glossary/%D7%99%D7%AA%D7%A8%D7%AA-%D7%96%D7%9B%D7%95%D7%99%D7%95%D7%AA-%D7%91%D7%A0%D7%99%D7%99%D7%94/,0,131,0,79.03053435114504
https://nad-lan.co.il/glossary/%D7%9B%D7%9C%D7%95%D7%A0%D7%A1%D7%90%D7%95%D7%AA-%D7%91%D7%A0%D7%98%D7%95%D7%A0%D7%99%D7%99%D7%98/,0,219,0,43.47488584474886
https://nad-lan.co.il/glossary/%D7%9B%D7%AA%D7%91-%D7%9B%D7%9E%D7%95%D7%99%D7%95%D7%AA/,0,55,0,55.654545454545456
https://nad-lan.co.il/glossary/%D7%9C%D7%95%D7%97-%D7%92%D7%91%D7%A1-%D7%99%D7%A8%D7%95%D7%A7/,0,178,0,38.82022471910113
https://nad-lan.co.il/glossary/%D7%9C%D7%95%D7%97-%D7%96%D7%9E%D7%A0%D7%99%D7%9D-%D7%97%D7%95%D7%96%D7%99/,0,35,0,47.2
https://nad-lan.co.il/glossary/%D7%9E%D7%93-%D7%9C%D7%99%D7%99%D7%96%D7%A8/,0,326,0,35.51840490797546
https://nad-lan.co.il/glossary/%D7%9E%D7%94%D7%93%D7%A7-%D7%A8%D7%98%D7%99%D7%98%D7%94/,0,4,0,4.25
https://nad-lan.co.il/glossary/%D7%9E%D7%95%D7%93%D7%93-%D7%9E%D7%95%D7%A1%D7%9E%D7%9A/,0,90,0,69.52222222222223
https://nad-lan.co.il/glossary/%D7%9E%D7%99%D7%93%D7%A2-%D7%9C%D7%94%D7%99%D7%AA%D7%A8/,0,5,0,33
https://nad-lan.co.il/glossary/%D7%9E%D7%9B%D7%95%D7%A0%D7%99-%D7%91%D7%A7%D7%A8%D7%94/,0,474,0,34.050632911392405
https://nad-lan.co.il/glossary/%D7%9E%D7%9B%D7%95%D7%A0%D7%AA-%D7%97%D7%99%D7%AA%D7%95%D7%9A-%D7%91%D7%A8%D7%96%D7%9C/,0,100,0,19.94
https://nad-lan.co.il/glossary/%D7%9E%D7%9B%D7%95%D7%A0%D7%AA-%D7%9B%D7%99%D7%A4%D7%95%D7%A3-%D7%91%D7%A8%D7%96%D7%9C/,0,191,0,37.832460732984295
https://nad-lan.co.il/glossary/%D7%9E%D7%A0%D7%94%D7%9C-%D7%A4%D7%A8%D7%95%D7%99%D7%A7%D7%98/,0,126,0,44.388888888888886
https://nad-lan.co.il/glossary/%D7%9E%D7%A4%D7%A7%D7%97-%D7%91%D7%A0%D7%99%D7%99%D7%94/,0,88,0,62.29545454545455
https://nad-lan.co.il/glossary/%D7%9E%D7%A4%D7%AA-%D7%9E%D7%93%D7%99%D7%93%D7%94-%D7%9C%D7%94%D7%99%D7%AA%D7%A8/,0,127,0,18.37007874015748
https://nad-lan.co.il/glossary/%D7%9E%D7%A7%D7%93%D7%97-%D7%99%D7%94%D7%9C%D7%95%D7%9D/,0,69,0,20.463768115942027
https://nad-lan.co.il/glossary/%D7%9E%D7%A9%D7%90%D7%91%D7%AA-%D7%91%D7%98%D7%95%D7%9F/,0,27,0,15.814814814814815
https://nad-lan.co.il/glossary/%D7%9E%D7%A9%D7%95%D7%A8-%D7%93%D7%99%D7%A1%D7%A7/,0,11,0,5.7272727272727275
https://nad-lan.co.il/glossary/%D7%A0%D7%95%D7%A1%D7%97%D7%AA-%D7%99%D7%97%D7%A1-%D7%9B%D7%99%D7%A1%D7%95%D7%99-%D7%97%D7%95%D7%91/,0,25,0,13.32
https://nad-lan.co.il/glossary/%D7%A0%D7%95%D7%A1%D7%97%D7%AA-%D7%A9%D7%95%D7%95%D7%99-%D7%9C%D7%A4%D7%99-%D7%94%D7%99%D7%95%D7%95%D7%9F-%D7%99%D7%A9%D7%99%D7%A8/,0,27,0,31.925925925925927
https://nad-lan.co.il/glossary/%D7%A0%D7%95%D7%A1%D7%97%D7%AA-%D7%A9%D7%99%D7%A2%D7%95%D7%A8-%D7%94%D7%99%D7%95%D7%95%D7%9F/,0,51,0,22.725490196078432
https://nad-lan.co.il/glossary/%D7%A0%D7%95%D7%A1%D7%97%D7%AA-%D7%AA%D7%A9%D7%95%D7%90%D7%94-%D7%A2%D7%9C-%D7%94%D7%94%D7%95%D7%9F/,0,16,0,33.1875
https://nad-lan.co.il/glossary/%D7%A0%D7%95%D7%A1%D7%97%D7%AA-dcf/,0,101,0,62.87128712871287
https://nad-lan.co.il/glossary/%D7%A1%D7%98%D7%99%D7%99%D7%94-%D7%A0%D7%99%D7%9B%D7%A8%D7%AA/,0,38,0,49.73684210526316
https://nad-lan.co.il/glossary/%D7%A2%D7%95%D7%92%D7%9F-%D7%9B%D7%99%D7%9E%D7%99/,0,415,0,28.66987951807229
https://nad-lan.co.il/glossary/%D7%A2%D7%9C%D7%95%D7%AA-%D7%AA%D7%97%D7%9C%D7%95%D7%A4%D7%94/,0,1,0,3
https://nad-lan.co.il/glossary/%D7%A4%D7%98%D7%99%D7%A9%D7%95%D7%9F-sds/,0,23,0,14.217391304347826
https://nad-lan.co.il/glossary/%D7%A4%D7%99%D7%92%D7%95%D7%9D-%D7%96%D7%A7%D7%A4%D7%99%D7%9D/,0,106,0,27.867924528301888
https://nad-lan.co.il/glossary/%D7%A4%D7%9C%D7%93%D7%AA-%D7%96%D7%99%D7%95%D7%9F-%D7%9E%D7%A6%D7%95%D7%9C%D7%A2%D7%AA/,0,11,0,7.818181818181818
https://nad-lan.co.il/glossary/%D7%A4%D7%9C%D7%93%D7%AA-%D7%96%D7%99%D7%9F-%D7%9E%D7%A6%D7%95%D7%9C%D7%A2%D7%AA/,0,1,0,1
https://nad-lan.co.il/glossary/%D7%A4%D7%9C%D7%A1-%D7%9C%D7%99%D7%99%D7%96%D7%A8/,0,32,0,52.90625
https://nad-lan.co.il/glossary/%D7%A4%D7%A7%D7%95%D7%93%D7%AA-%D7%A9%D7%99%D7%A0%D7%95%D7%99%D7%99%D7%9D/,0,5,0,4
https://nad-lan.co.il/glossary/%D7%A4%D7%A8%D7%99%D7%9E%D7%91%D7%A8%D7%94-p6/,0,8,0,14.625
https://nad-lan.co.il/glossary/%D7%A6%D7%9E%D7%A8-%D7%96%D7%9B%D7%95%D7%9B%D7%99%D7%AA/,0,42,0,25.285714285714285
https://nad-lan.co.il/glossary/%D7%A6%D7%9E%D7%A8-%D7%A1%D7%9C%D7%A2%D7%99%D7%9D/,0,45,0,30.68888888888889
https://nad-lan.co.il/glossary/%D7%A7%D7%95%D7%A0%D7%A1%D7%98%D7%A8%D7%95%D7%A7%D7%98%D7%95%D7%A8/,0,217,0,62.75115207373272
https://nad-lan.co.il/glossary/%D7%A7%D7%99%D7%93%D7%95%D7%97-%D7%9B%D7%9C%D7%95%D7%A0%D7%A1%D7%90%D7%95%D7%AA-cfa/,0,199,0,48.663316582914575
https://nad-lan.co.il/glossary/%D7%A8%D7%99%D7%A6%D7%95%D7%A3-%D7%92%D7%A8%D7%A0%D7%99%D7%98-%D7%A4%D7%95%D7%A8%D7%A6%D7%9C%D7%9F/,0,6,0,17.666666666666668
https://nad-lan.co.il/glossary/%D7%A8%D7%99%D7%A9%D7%95%D7%99-%D7%96%D7%9E%D7%99%D7%9F/,0,83,0,29.14457831325301
https://nad-lan.co.il/glossary/%D7%A9%D7%95%D7%95%D7%99-%D7%A9%D7%95%D7%A7/,0,3,0,5.666666666666667
https://nad-lan.co.il/glossary/%D7%A9%D7%99%D7%98%D7%AA-%D7%91%D7%A8%D7%A0%D7%95%D7%91%D7%99%D7%A5/,0,175,0,28.662857142857142
https://nad-lan.co.il/glossary/%D7%A9%D7%99%D7%98%D7%AA-%D7%94%D7%A9%D7%99%D7%95%D7%A8-%D7%9C%D7%A7%D7%A8%D7%A7%D7%A2/,0,12,0,2.75
https://nad-lan.co.il/glossary/%D7%A9%D7%99%D7%9E%D7%95%D7%A9-%D7%97%D7%95%D7%A8%D7%92/,0,262,0,80.47709923664122
https://nad-lan.co.il/glossary/%D7%A9%D7%9E%D7%90%D7%99-%D7%9E%D7%9B%D7%A8%D7%99%D7%A2/,0,158,0,56.58227848101266
https://nad-lan.co.il/glossary/%D7%AA%D7%95%D7%9B%D7%A0%D7%99%D7%AA-%D7%91%D7%A7%D7%A8%D7%AA-%D7%90%D7%99%D7%9B%D7%95%D7%AA/,0,412,0,55.00728155339806
https://nad-lan.co.il/glossary/%D7%AA%D7%99-1918/,0,14,0,9.071428571428571
https://nad-lan.co.il/glossary/%D7%AA%D7%99-2279/,0,71,0,7.197183098591549
https://nad-lan.co.il/glossary/%D7%AA%D7%99-414/,0,39,0,10.23076923076923
https://nad-lan.co.il/glossary/%D7%AA%D7%9B%D7%A0%D7%99%D7%AA-%D7%9E%D7%A4%D7%95%D7%A8%D7%98%D7%AA/,0,275,0,21.083636363636362
https://nad-lan.co.il/glossary/%D7%AA%D7%9B%D7%A0%D7%99%D7%AA-%D7%9E%D7%AA%D7%90%D7%A8-%D7%9E%D7%A7%D7%95%D7%9E%D7%99%D7%AA/,0,79,0,31.72151898734177
https://nad-lan.co.il/glossary/%D7%AA%D7%A7%D7%A0%D7%95%D7%AA-%D7%94%D7%91%D7%98%D7%99%D7%97%D7%95%D7%AA-%D7%91%D7%A2%D7%91%D7%95%D7%93%D7%94-%D7%A2%D7%91%D7%95%D7%93%D7%95%D7%AA-%D7%91%D7%A0%D7%99%D7%99%D7%94/,0,255,0,57.12549019607843
https://nad-lan.co.il/glossary/%D7%AA%D7%A7%D7%A0%D7%95%D7%AA-%D7%94%D7%94%D7%AA%D7%92%D7%95%D7%A0%D7%A0%D7%95%D7%AA-%D7%94%D7%90%D7%96%D7%A8%D7%97%D7%99%D7%AA-%D7%9E%D7%A4%D7%A8%D7%98%D7%99%D7%9D-%D7%9C%D7%91%D7%A0%D7%99%D7%99/,0,15,0,18.666666666666668
https://nad-lan.co.il/glossary/%D7%AA%D7%A7%D7%A0%D7%95%D7%AA-%D7%94%D7%9E%D7%94%D7%A0%D7%93%D7%A1%D7%99%D7%9D-%D7%95%D7%94%D7%90%D7%93%D7%A8%D7%99%D7%9B%D7%9C%D7%99%D7%9D-%D7%A8%D7%99%D7%A9%D7%95%D7%99-%D7%95%D7%99%D7%99%D7%97/,0,81,0,24.395061728395063
https://nad-lan.co.il/glossary/%D7%AA%D7%A7%D7%A0%D7%95%D7%AA-%D7%94%D7%AA%D7%9B%D7%A0%D7%95%D7%9F-%D7%95%D7%94%D7%91%D7%A0%D7%99%D7%99%D7%94-%D7%91%D7%A7%D7%A9%D7%94-%D7%9C%D7%94%D7%99%D7%AA%D7%A8-%D7%AA%D7%A0%D7%90%D7%99%D7%95/,0,68,0,34.51470588235294
https://nad-lan.co.il/glossary/bored-pile/,0,3,0,5.666666666666667
https://nad-lan.co.il/glossary/combination-deal/,0,8,0,23.75
https://nad-lan.co.il/glossary/dayar-sarvan/,0,240,0,55.53333333333333
https://nad-lan.co.il/glossary/dcf/,0,26,0,53.23076923076923
https://nad-lan.co.il/glossary/equal-principal-loan/,0,4,0,6.75
https://nad-lan.co.il/glossary/escrow-account/,0,2,0,7.5
https://nad-lan.co.il/glossary/expropriation/,0,1,0,3
https://nad-lan.co.il/glossary/hetel-hashbacha-renewal/,0,13,0,60.76923076923077
https://nad-lan.co.il/glossary/iskat-combinatzia/,0,17,0,62.8235294117647
https://nad-lan.co.il/glossary/kombinatzia/,0,134,0,54.54477611940298
https://nad-lan.co.il/glossary/land-registry-extract/,0,107,0,43.25233644859813
https://nad-lan.co.il/glossary/last-planner-system/,0,11,0,18.454545454545453
https://nad-lan.co.il/glossary/loan-to-value/,0,1,0,21
https://nad-lan.co.il/glossary/mefakeach-dayarim/,0,44,0,80.6590909090909
https://nad-lan.co.il/glossary/mitcham-muchraz/,0,3,0,7.666666666666667
https://nad-lan.co.il/glossary/mortgage-grace-period/,0,9,0,65.44444444444444
https://nad-lan.co.il/glossary/netzigut-dayarim/,0,72,0,51.09722222222222
https://nad-lan.co.il/glossary/payment-to-income-ratio/,0,1,0,11
https://nad-lan.co.il/glossary/perpetual-lease/,0,5,0,11
https://nad-lan.co.il/glossary/pinui-binui-term/,0,6,0,81.83333333333333
https://nad-lan.co.il/glossary/pinui-binui/,0,5,0,28.8
https://nad-lan.co.il/glossary/return-on-equity/,0,20,0,79.95
https://nad-lan.co.il/glossary/rov-meyuchas/,0,2,0,19
https://nad-lan.co.il/glossary/shamai-pinui-binui/,0,160,0,35.4375
https://nad-lan.co.il/glossary/shoring-wall/,0,37,0,21.81081081081081
https://nad-lan.co.il/glossary/statute-of-limitations-property/,0,5,0,13.6
https://nad-lan.co.il/glossary/tama-38-term/,0,15,0,69.13333333333334
https://nad-lan.co.il/glossary/thermal-block/,0,9,0,9.88888888888889
https://nad-lan.co.il/glossary/tofes-4/,0,13,0,45.15384615384615
https://nad-lan.co.il/glossary/value-engineering/,0,9,0,3.3333333333333335
https://nad-lan.co.il/guides/,0,4,0,1.75
https://nad-lan.co.il/guides/common-property-handover/,0,15,0,6.8
https://nad-lan.co.il/guides/groundwater-deep-basements/,0,10,0,7.4
https://nad-lan.co.il/guides/luxury-residential-pool-spa/,0,3,0,21.666666666666668
https://nad-lan.co.il/guides/new-apartment-balcony/,0,22,0,11.636363636363637
https://nad-lan.co.il/guides/new-apartment-mamad/,0,14,0,4.428571428571429
https://nad-lan.co.il/guides/new-project-ev-charging/,0,77,0,4.376623376623376
https://nad-lan.co.il/guides/new-project-management-fees/,0,24,0,6.125
https://nad-lan.co.il/guides/new-project-parking/,0,21,0,7.857142857142857
https://nad-lan.co.il/guides/remote-new-apartment-handover-israel/,0,12,0,11.916666666666666
https://nad-lan.co.il/guides/residential-commissioning-year-15/,0,5,0,6.4
https://nad-lan.co.il/guides/residential-project-pool/,0,39,0,16.435897435897438
https://nad-lan.co.il/guides/residential-project-wellness/,0,15,0,8.466666666666667
https://nad-lan.co.il/guides/residential-tower-elevators/,0,38,0,11.026315789473685
https://nad-lan.co.il/guides/residential-tower-envelope-glass/,0,4,0,5
https://nad-lan.co.il/guides/ultra-prime-construction/,0,12,0,6
https://nad-lan.co.il/haifa-apartment-prices/,0,42,0,6.595238095238095
https://nad-lan.co.il/herzliya-pituach-apartment-prices/,0,51,0,8.882352941176471
https://nad-lan.co.il/herzliya-pituach-luxury/,0,48,0,7.3125
https://nad-lan.co.il/hod-hasharon-apartment-prices/,0,55,0,7.0181818181818185
https://nad-lan.co.il/holon-apartment-prices/,0,18,0,5.888888888888889
https://nad-lan.co.il/home-inspection/,0,482,0,65.29668049792531
https://nad-lan.co.il/interior-design-trends-2026-israel/,0,31,0,13.870967741935484
https://nad-lan.co.il/investing-israel-real-estate-vs-dubai-cyprus/,0,97,0,7.804123711340206
https://nad-lan.co.il/investment-apartment/,0,3,0,32.66666666666667
https://nad-lan.co.il/investment-apartment/tel-aviv-investment-neighborhoods/,0,284,0,8.380281690140844
https://nad-lan.co.il/investment-property-cashflow-calculator/,0,12,0,8.666666666666668
https://nad-lan.co.il/investment-property-mortgage/,0,778,0,37.60539845758355
https://nad-lan.co.il/investment/,0,5386,0,65.42016338655775
https://nad-lan.co.il/investment/airbnb-israel-regulation/,0,114,0,7.350877192982456
https://nad-lan.co.il/investment/apartments-for-investment/,0,106,0,46.735849056603776
https://nad-lan.co.il/investment/ashdod-investment-apartment/,0,47,0,17.361702127659573
https://nad-lan.co.il/investment/bank-guarantee-purchase/,0,46,0,15.934782608695652
https://nad-lan.co.il/investment/bat-yam-investment-apartment/,0,38,0,37.71052631578947
https://nad-lan.co.il/investment/beer-sheva-investment-apartment/,0,18,0,8.722222222222221
https://nad-lan.co.il/investment/haifa-investment-apartment/,0,14,0,9.928571428571429
https://nad-lan.co.il/investment/herzliya-investment-apartment/,0,30,0,6.333333333333333
https://nad-lan.co.il/investment/hod-hasharon-investment-apartment/,0,12,0,7.333333333333333
https://nad-lan.co.il/investment/investment-via-company/,0,1,0,5
https://nad-lan.co.il/investment/jerusalem-investment-apartment/,0,39,0,40.8974358974359
https://nad-lan.co.il/investment/kfar-saba-investment-apartment/,0,17,0,5.588235294117647
https://nad-lan.co.il/investment/kiryat-ono-investment-apartment/,0,23,0,7.826086956521739
https://nad-lan.co.il/investment/modiin-investment-apartment/,0,18,0,6.333333333333333
https://nad-lan.co.il/investment/netanya-investment-apartment/,0,35,0,7.885714285714286
https://nad-lan.co.il/investment/petah-tikva-investment-apartment/,0,69,0,6
https://nad-lan.co.il/investment/raanana-investment-apartment/,0,11,0,6.545454545454546
https://nad-lan.co.il/investment/ramat-gan-investment-apartment/,0,33,0,6
https://nad-lan.co.il/investment/ramat-hasharon-investment-apartment/,0,33,0,8.878787878787879
https://nad-lan.co.il/investment/real-estate-leverage/,0,5,0,6
https://nad-lan.co.il/investment/real-estate-yield/,0,71,0,5.169014084507042
https://nad-lan.co.il/investment/rehovot-investment-apartment/,0,24,0,6.916666666666667
https://nad-lan.co.il/investment/residential-building-investment/,0,20,0,3.85
https://nad-lan.co.il/investment/residential-land-investment/,0,23,0,5.6521739130434785
https://nad-lan.co.il/investment/rishon-lezion-investment-apartment/,0,23,0,19.434782608695652
https://nad-lan.co.il/investment/where-to-buy-investment-apartment/,0,39,0,13.564102564102564
https://nad-lan.co.il/israel-mortgage-non-residents/,0,860,0,34.6
https://nad-lan.co.il/israel-purchase-tax-foreign-residents/,0,226,0,15.942477876106194
https://nad-lan.co.il/join-pro/,0,7,0,48.857142857142854
https://nad-lan.co.il/kfar-saba-apartment-prices/,0,152,0,7.059210526315789
https://nad-lan.co.il/luxury-apartments-israel-guide-he/,0,92,0,13.369565217391305
https://nad-lan.co.il/luxury-apartments-israel-guide/,0,39,0,6.256410256410256
https://nad-lan.co.il/luxury-tel-aviv/,0,78,0,58.294871794871796
https://nad-lan.co.il/modiin-apartment-prices/,0,141,0,7.212765957446808
https://nad-lan.co.il/mortgage-advisor/,0,3,0,28.333333333333332
https://nad-lan.co.il/mortgage-calculator/bridge-loan-apartment/,0,23,0,18.08695652173913
https://nad-lan.co.il/mortgage-calculator/mortgage-for-any-purpose/,0,28,0,10.785714285714286
https://nad-lan.co.il/mortgage-calculator/mortgage-ltv-ratio/,0,73,0,53.821917808219176
https://nad-lan.co.il/mortgage-calculator/mortgage-porting/,0,11,0,17.818181818181817
https://nad-lan.co.il/mortgage-calculator/mortgage-pre-approval/,0,37,0,5.594594594594595
https://nad-lan.co.il/mortgage-calculator/mortgage-refusal/,0,16,0,7.3125
https://nad-lan.co.il/mortgage-calculator/mortgage-repayment-capacity/,0,8,0,5.375
https://nad-lan.co.il/mortgage-home-insurance/,0,21,0,72.0952380952381
https://nad-lan.co.il/mortgage-refinance/,0,7,0,8
https://nad-lan.co.il/mortgage-repayment-capacity/,0,51,0,6.882352941176471
https://nad-lan.co.il/my-renewal/,0,14,0,10.214285714285714
https://nad-lan.co.il/my-rentals/,0,3,0,48
https://nad-lan.co.il/my-rentals/?lang=en,0,16,0,9.25
https://nad-lan.co.il/new-projects/,0,151,0,6.682119205298013
https://nad-lan.co.il/new-projects/contractor-delay-compensation/,0,51,0,11.705882352941176
https://nad-lan.co.il/new-projects/new-projects-tel-aviv/,0,842,0,12.040380047505938
https://nad-lan.co.il/new-projects/north-tel-aviv-new-projects/,0,276,0,51.06521739130435
https://nad-lan.co.il/new-projects/presale-apartment/,0,112,0,6.321428571428571
https://nad-lan.co.il/new-projects/purchasing-group/,0,75,0,14.333333333333334
https://nad-lan.co.il/north-tel-aviv/bavli/,0,212,0,9.589622641509434
https://nad-lan.co.il/north-tel-aviv/miriam-hahashmonait/,0,49,0,9.877551020408163
https://nad-lan.co.il/north-tel-aviv/old-north/,0,92,0,21.27173913043478
https://nad-lan.co.il/power-of-attorney-real-estate/,0,2,0,7
https://nad-lan.co.il/product/%D7%9E%D7%95%D7%93%D7%A2%D7%94-%D7%9E%D7%A7%D7%95%D7%93%D7%9E%D7%AA-%D7%9C%D7%A0%D7%9B%D7%A1-%D7%9E%D7%95%D7%9B%D7%A8-%D7%A7%D7%95%D7%A0%D7%94-%D7%A4%D7%A8%D7%98%D7%99/,0,1,0,6
https://nad-lan.co.il/product/%D7%A7%D7%9E%D7%A4%D7%99%D7%99%D7%9F-%D7%A4%D7%A8%D7%95%D7%99%D7%A7%D7%98-%D7%99%D7%96%D7%9E%D7%99%D7%9D-%D7%95%D7%A7%D7%91%D7%9C%D7%A0%D7%99%D7%9D/,0,1,0,6
https://nad-lan.co.il/product/pro-%D7%90%D7%A0%D7%A9%D7%99-%D7%9E%D7%A7%D7%A6%D7%95%D7%A2-%D7%A0%D7%93%D7%9C%D7%9F-%D7%97%D7%95%D7%93%D7%A9-%D7%A8%D7%90%D7%A9%D7%95%D7%9F-%D7%97%D7%99%D7%A0%D7%9D/,0,1,0,10
https://nad-lan.co.il/profession/%D7%99%D7%96%D7%9D/,0,18,0,13.88888888888889
https://nad-lan.co.il/profession/%D7%A7%D7%91%D7%9C%D7%9F/,0,21,0,11.619047619047619
https://nad-lan.co.il/professionals/%D7%90%D7%91%D7%95%D7%90%D7%A8%D7%A7%D7%99%D7%94-%D7%90%D7%99%D7%99%D7%9E%D7%9F/,0,1,0,3
https://nad-lan.co.il/professionals/%D7%90%D7%91%D7%95%D7%9C%D7%99%D7%9C-%D7%92%D7%90%D7%95%D7%93%D7%AA/,0,3,0,7.666666666666667
https://nad-lan.co.il/professionals/%D7%90%D7%91%D7%95%D7%9C%D7%A9-%D7%A1%D7%90%D7%A0%D7%99/,0,2,0,11
https://nad-lan.co.il/professionals/%D7%90%D7%91%D7%95%D7%A7%D7%A8%D7%98-%D7%90%D7%9C%D7%99%D7%94%D7%95/,0,3,0,15.333333333333334
https://nad-lan.co.il/professionals/%D7%90%D7%91%D7%95%D7%A7%D7%A8%D7%98-%D7%99%D7%A6%D7%97%D7%A7/,0,40,0,8.2
https://nad-lan.co.il/professionals/%D7%90%D7%91%D7%95-%D7%90%D7%9C-%D7%97%D7%95%D7%A3-%D7%A2%D7%9C%D7%90/,0,1,0,7
https://nad-lan.co.il/professionals/%D7%90%D7%91%D7%95-%D7%90%D7%9C-%D7%A2%D7%95%D7%9C%D7%90-%D7%96%D7%99%D7%90%D7%93/,0,2,0,3
https://nad-lan.co.il/professionals/%D7%90%D7%91%D7%95-%D7%90%D7%A1%D7%9E%D7%90%D7%A2%D7%99%D7%9C-%D7%A4%D7%99%D7%A1%D7%9C/,0,2,0,5
https://nad-lan.co.il/professionals/%D7%90%D7%91%D7%95-%D7%90%D7%A8%D7%A7%D7%99%D7%94-%D7%9E%D7%95%D7%97%D7%9E%D7%93/,0,1,0,5
https://nad-lan.co.il/professionals/%D7%90%D7%91%D7%95-%D7%92%D7%90%D7%A0%D7%9D-%D7%90%D7%99%D7%90%D7%93/,0,2,0,7.5
https://nad-lan.co.il/professionals/%D7%90%D7%91%D7%95-%D7%92%D7%90%D7%A0%D7%9D-%D7%92%D7%90%D7%A0%D7%9D/,0,1,0,5
https://nad-lan.co.il/professionals/%D7%90%D7%91%D7%95-%D7%92%D7%91%D7%9C-%D7%96%D7%99%D7%93/,0,2,0,4.5
https://nad-lan.co.il/professionals/%D7%90%D7%91%D7%95-%D7%92%D7%91%D7%9C-%D7%A2%D7%9C%D7%99/,0,4,0,8.5
https://nad-lan.co.il/professionals/%D7%90%D7%91%D7%95-%D7%92%D7%95%D7%A9-%D7%A2%D7%91%D7%93-%D7%90%D7%9C-%D7%9B%D7%A8%D7%99%D7%9D/,0,3,0,9.333333333333334
https://nad-lan.co.il/professionals/%D7%90%D7%91%D7%95-%D7%96%D7%99%D7%93-%D7%96%D7%99%D7%93/,0,5,0,5.8
https://nad-lan.co.il/professionals/%D7%90%D7%91%D7%95-%D7%96%D7%A7%D7%99%D7%A7%D7%94-%D7%A2%D7%99%D7%93/,0,16,0,7.5625
https://nad-lan.co.il/professionals/%D7%90%D7%91%D7%95-%D7%9C%D7%99%D7%9C-%D7%90%D7%97%D7%9E%D7%93/,0,3,0,5
https://nad-lan.co.il/professionals/%D7%90%D7%91%D7%95-%D7%9C%D7%99%D7%9C-%D7%9E%D7%97%D7%9E%D7%95%D7%93/,0,4,0,7
https://nad-lan.co.il/professionals/%D7%90%D7%91%D7%95-%D7%A0%D7%90%D7%92%D7%99-%D7%A1%D7%9C%D7%99%D7%9E%D7%90%D7%9F/,0,2,0,4.5
https://nad-lan.co.il/professionals/%D7%90%D7%91%D7%95-%D7%A1%D7%90%D7%9C%D7%97-%D7%99%D7%95%D7%A1%D7%A3/,0,2,0,2
https://nad-lan.co.il/professionals/%D7%90%D7%91%D7%95-%D7%A1%D7%90%D7%9C%D7%97-%D7%A1%D7%A2%D7%99%D7%93/,0,1,0,4
https://nad-lan.co.il/professionals/%D7%90%D7%91%D7%95-%D7%A1%D7%95%D7%99%D7%A1-%D7%A1%D7%95%D7%9C%D7%99%D7%9E%D7%90%D7%9F/,0,6,0,9.166666666666666
https://nad-lan.co.il/professionals/%D7%90%D7%91%D7%95-%D7%A1%D7%9C%D7%90%D7%97-%D7%97%D7%95%D7%A1%D7%90%D7%9D/,0,1,0,5
https://nad-lan.co.il/professionals/%D7%90%D7%91%D7%95-%D7%A1%D7%9C%D7%90%D7%97-%D7%A2%D7%9C%D7%99/,0,4,0,14
https://nad-lan.co.il/professionals/%D7%90%D7%91%D7%95-%D7%A1%D7%A2%D7%99%D7%93-%D7%9E%D7%95%D7%97%D7%9E%D7%93/,0,5,0,6.8
https://nad-lan.co.il/professionals/%D7%90%D7%91%D7%95-%D7%A2%D7%95%D7%90%D7%93-%D7%A8%D7%99%D7%90%D7%93/,0,4,0,7.25
https://nad-lan.co.il/professionals/%D7%90%D7%91%D7%95-%D7%A2%D7%98%D7%90-%D7%90%D7%91%D7%A8%D7%94%D7%99%D7%9D/,0,1,0,6
https://nad-lan.co.il/professionals/%D7%90%D7%91%D7%95-%D7%A2%D7%9C%D7%99%D7%95%D7%9F-%D7%A1%D7%90%D7%9C%D7%99%D7%9D/,0,1,0,7
https://nad-lan.co.il/professionals/%D7%90%D7%91%D7%95-%D7%A2%D7%A7%D7%9C-%D7%A0%D7%96%D7%90%D7%A8/,0,2,0,11
https://nad-lan.co.il/professionals/%D7%90%D7%91%D7%95-%D7%A6%D7%99%D7%90%D7%9D-%D7%90%D7%A9%D7%A8%D7%A3/,0,1,0,3
https://nad-lan.co.il/professionals/%D7%90%D7%91%D7%95-%D7%A8%D7%90%D7%A1-%D7%91%D7%A9%D7%99%D7%A8/,0,3,0,9.666666666666666
https://nad-lan.co.il/professionals/%D7%90%D7%91%D7%95-%D7%A8%D7%90%D7%A1-%D7%A9%D7%90%D7%A4%D7%A2/,0,1,0,10
https://nad-lan.co.il/professionals/%D7%90%D7%91%D7%95-%D7%A8%D7%95%D7%9E%D7%99-%D7%A8%D7%97%D7%99%D7%91/,0,1,0,9
https://nad-lan.co.il/professionals/%D7%90%D7%91%D7%95-%D7%A8%D7%99%D7%90-%D7%A1%D7%90%D7%9E%D7%A8/,0,2,0,7
https://nad-lan.co.il/professionals/%D7%90%D7%91%D7%95-%D7%A9%D7%99%D7%A0%D7%93%D7%99-%D7%90%D7%97%D7%9E%D7%93/,0,2,0,7.5
https://nad-lan.co.il/professionals/%D7%90%D7%91%D7%95-%D7%A9%D7%A8%D7%A7%D7%99%D7%94-%D7%90%D7%97%D7%9E%D7%93/,0,1,0,9
https://nad-lan.co.il/professionals/%D7%90%D7%91%D7%99%D7%93%D7%9F-%D7%92%D7%90%D7%9C%D7%99/,0,5,0,10
https://nad-lan.co.il/professionals/%D7%90%D7%91%D7%99%D7%96%D7%93%D7%94-%D7%9E%D7%A9%D7%99%D7%97/,0,1,0,2
https://nad-lan.co.il/professionals/%D7%90%D7%91%D7%99%D7%98%D7%9C-%D7%A0%D7%AA%D7%A0%D7%90%D7%9C/,0,10,0,6.7
https://nad-lan.co.il/professionals/%D7%90%D7%91%D7%99%D7%98%D7%9F-%D7%99%D7%92%D7%90%D7%9C/,0,2,0,3.5
https://nad-lan.co.il/professionals/%D7%90%D7%91%D7%99%D7%A1%D7%93%D7%A8%D7%99%D7%A1-%D7%90%D7%91%D7%99/,0,7,0,3.2857142857142856
https://nad-lan.co.il/professionals/%D7%90%D7%91%D7%99%D7%A8%D7%9D-%D7%92%D7%91%D7%A8%D7%99%D7%90%D7%9C/,0,1,0,1
https://nad-lan.co.il/professionals/%D7%90%D7%91%D7%99%D7%A9%D7%95%D7%A8-%D7%9E%D7%A0%D7%97%D7%9D/,0,3,0,3.6666666666666665
https://nad-lan.co.il/professionals/%D7%90%D7%91%D7%A8%D7%94%D7%9D-%D7%93%D7%95%D7%93/,0,17,0,13.352941176470589
https://nad-lan.co.il/professionals/%D7%90%D7%91%D7%A8%D7%94%D7%9D-%D7%A8%D7%95%D7%A0%D7%99/,0,5,0,5.2
https://nad-lan.co.il/professionals/%D7%90%D7%91%D7%A8%D7%94%D7%9D-%D7%A8%D7%95%D7%A0%D7%9F/,0,4,0,22.5
https://nad-lan.co.il/professionals/%D7%90%D7%91%D7%A8%D7%94%D7%9D-%D7%A9%D7%9C%D7%9E%D7%94/,0,3,0,12
https://nad-lan.co.il/professionals/%D7%90%D7%91%D7%A8%D7%94%D7%9E%D7%99-%D7%92%D7%9C%D7%A2%D7%93/,0,7,0,27.428571428571427
https://nad-lan.co.il/professionals/%D7%90%D7%91%D7%A8%D7%94%D7%9E%D7%99-%D7%96%D7%95%D7%94%D7%A8/,0,2,0,73.5
https://nad-lan.co.il/professionals/%D7%90%D7%91%D7%A8%D7%99%D7%A7-%D7%9E%D7%95%D7%A1%D7%90/,0,2,0,2
https://nad-lan.co.il/professionals/%D7%90%D7%91%D7%A8%D7%99%D7%A7-%D7%A0%D7%92%D7%99/,0,2,0,10
https://nad-lan.co.il/professionals/%D7%90%D7%91%D7%A8%D7%9E%D7%95%D7%91%D7%99%D7%A5-%D7%90%D7%99%D7%9C%D7%99%D7%94/,0,1,0,2
https://nad-lan.co.il/professionals/%D7%90%D7%91%D7%A8%D7%9E%D7%95%D7%91%D7%99%D7%A5-%D7%91%D7%A0%D7%99%D7%9E%D7%99%D7%9F/,0,1,0,7
https://nad-lan.co.il/professionals/%D7%90%D7%91%D7%A8%D7%9E%D7%95%D7%91%D7%99%D7%A5-%D7%92%D7%99%D7%90/,0,3,0,10
https://nad-lan.co.il/professionals/%D7%90%D7%91%D7%A8%D7%9E%D7%95%D7%91-%D7%A8%D7%A4%D7%90%D7%9C/,0,7,0,12
https://nad-lan.co.il/professionals/%D7%90%D7%92%D7%91%D7%90%D7%A8%D7%99%D7%94-%D7%90%D7%A1%D7%9E%D7%90%D7%A2%D7%99%D7%9C/,0,13,0,6.461538461538462
https://nad-lan.co.il/professionals/%D7%90%D7%92%D7%91%D7%90%D7%A8%D7%99%D7%94-%D7%97%D7%91%D7%99%D7%91/,0,9,0,4.111111111111111
https://nad-lan.co.il/professionals/%D7%90%D7%92%D7%91%D7%90%D7%A8%D7%99%D7%94-%D7%9B%D7%9E%D7%90%D7%9C-2/,0,1,0,40
https://nad-lan.co.il/professionals/%D7%90%D7%92%D7%91%D7%90%D7%A8%D7%99%D7%94-%D7%9E%D7%95%D7%97%D7%9E%D7%93-2/,0,14,0,14
https://nad-lan.co.il/professionals/%D7%90%D7%92%D7%91%D7%90%D7%A8%D7%99%D7%94-%D7%9E%D7%95%D7%97%D7%9E%D7%93-4/,0,9,0,5.111111111111111
https://nad-lan.co.il/professionals/%D7%90%D7%92%D7%91%D7%90%D7%A8%D7%99%D7%94-%D7%A2%D7%90%D7%95%D7%A0%D7%99/,0,2,0,8.5
https://nad-lan.co.il/professionals/%D7%90%D7%92%D7%91%D7%90%D7%A8%D7%99%D7%94-%D7%A2%D7%91%D7%93-%D7%90%D7%9C%D7%A8%D7%90%D7%96%D7%A7/,0,2,0,3.5
https://nad-lan.co.il/professionals/%D7%90%D7%92%D7%91%D7%90%D7%A8%D7%99%D7%94-%D7%A2%D7%91%D7%99%D7%93%D7%94/,0,1,0,12
https://nad-lan.co.il/professionals/%D7%90%D7%92%D7%91%D7%A8%D7%99%D7%94-%D7%A2%D7%9C%D7%90%D7%90%D7%9C%D7%93%D7%99%D7%9F/,0,1,0,7
https://nad-lan.co.il/professionals/%D7%90%D7%92%D7%91%D7%A8%D7%99%D7%94-%D7%A8%D7%99%D7%90%D7%93/,0,2,0,20
https://nad-lan.co.il/professionals/%D7%90%D7%92%D7%95%D7%96-%D7%90%D7%A1%D7%99/,0,12,0,6.333333333333333
https://nad-lan.co.il/professionals/%D7%90%D7%92%D7%A8%D7%95%D7%A0%D7%95%D7%91-%D7%90%D7%9C%D7%99/,0,3,0,9
https://nad-lan.co.il/professionals/%D7%90%D7%93%D7%99%D7%91-%D7%99%D7%A2%D7%A7%D7%91/,0,16,0,8.9375
https://nad-lan.co.il/professionals/%D7%90%D7%93%D7%9C%D7%9E%D7%9F-%D7%92%D7%9C/,0,10,0,7.6
https://nad-lan.co.il/professionals/%D7%90%D7%93%D7%9C%D7%A8-%D7%95%D7%99%D7%A7%D7%98%D7%95%D7%A8/,0,4,0,4.75
https://nad-lan.co.il/professionals/%D7%90%D7%93%D7%9C%D7%A8-%D7%99%D7%A8%D7%99%D7%91/,0,1,0,4
https://nad-lan.co.il/professionals/%D7%90%D7%93%D7%A8%D7%99-%D7%9E%D7%A9%D7%94/,0,5,0,8.2
https://nad-lan.co.il/professionals/%D7%90%D7%93%D7%A8%D7%99-%D7%A2%D7%9E%D7%A8%D7%9D/,0,1,0,19
https://nad-lan.co.il/professionals/%D7%90%D7%93%D7%A8%D7%99-%D7%A9%D7%9E%D7%A2%D7%95%D7%9F/,0,2,0,3.5
https://nad-lan.co.il/professionals/%D7%90%D7%93%D7%A8%D7%A2%D7%99-%D7%9E%D7%99%D7%9B%D7%90%D7%9C-%D7%9C%D7%95%D7%99/,0,1,0,4
https://nad-lan.co.il/professionals/%D7%90%D7%94%D7%A8%D7%95%D7%9F-%D7%90%D7%91%D7%A8%D7%94%D7%9D/,0,10,0,9.9
https://nad-lan.co.il/professionals/%D7%90%D7%94%D7%A8%D7%95%D7%A0%D7%99-%D7%9E%D7%A9%D7%94/,0,5,0,18.4
https://nad-lan.co.il/professionals/%D7%90%D7%95%D7%96%D7%9F-%D7%9E%D7%90%D7%99%D7%A8/,0,2,0,4.5
https://nad-lan.co.il/professionals/%D7%90%D7%95%D7%97%D7%99%D7%95%D7%9F-%D7%90%D7%99%D7%9C%D7%9F/,0,4,0,1.75
https://nad-lan.co.il/professionals/%D7%90%D7%95%D7%97%D7%99%D7%95%D7%9F-%D7%99%D7%95%D7%A1%D7%99/,0,1,0,5
https://nad-lan.co.il/professionals/%D7%90%D7%95%D7%97%D7%A0%D7%94-%D7%99%D7%95%D7%A8%D7%9D/,0,1,0,1
https://nad-lan.co.il/professionals/%D7%90%D7%95%D7%97%D7%A0%D7%94-%D7%A0%D7%93%D7%91/,0,3,0,5.333333333333333
https://nad-lan.co.il/professionals/%D7%90%D7%95%D7%97%D7%A0%D7%94-%D7%A9%D7%99-%D7%99%D7%94%D7%95%D7%A9%D7%A2/,0,1,0,1
https://nad-lan.co.il/professionals/%D7%90%D7%95%D7%A1%D7%93%D7%99%D7%98%D7%A9%D7%A8-%D7%9E%D7%A9%D7%94-%D7%99%D7%A6%D7%97%D7%A7/,0,1,0,8
https://nad-lan.co.il/professionals/%D7%90%D7%95%D7%A1%D7%9E%D7%90%D7%94-%D7%9B%D7%99%D7%95%D7%A3/,0,9,0,9.444444444444445
https://nad-lan.co.il/professionals/%D7%90%D7%95%D7%A8%D7%92%D7%99%D7%9C-%D7%90%D7%99%D7%9C%D7%9F-%D7%99%D7%95%D7%A1%D7%A3/,0,1,0,5
https://nad-lan.co.il/professionals/%D7%90%D7%95%D7%A8%D7%99%D7%9D-%D7%A0%D7%95%D7%A2%D7%9D/,0,2,0,23
https://nad-lan.co.il/professionals/%D7%90%D7%95%D7%A8-%D7%90%D7%99%D7%99%D7%9C/,0,8,0,27.375
https://nad-lan.co.il/professionals/%D7%90%D7%95%D7%A9%D7%A7%D7%99-%D7%9C%D7%90%D7%95%D7%9F/,0,10,0,8.5
https://nad-lan.co.il/professionals/%D7%90%D7%95%D7%A9%D7%A8%D7%99-%D7%99%D7%95%D7%A1%D7%A3/,0,2,0,3
https://nad-lan.co.il/professionals/%D7%90%D7%96%D7%90%D7%A6%D7%99-%D7%A8%D7%90%D7%95%D7%91%D7%9F/,0,1,0,8
https://nad-lan.co.il/professionals/%D7%90%D7%96%D7%95%D7%9C%D7%90%D7%99-%D7%90%D7%95%D7%94%D7%93/,0,1,0,8
https://nad-lan.co.il/professionals/%D7%90%D7%96%D7%95%D7%9C%D7%90%D7%99-%D7%90%D7%99%D7%A6%D7%99%D7%A7-2/,0,4,0,15
https://nad-lan.co.il/professionals/%D7%90%D7%96%D7%95%D7%9C%D7%90%D7%99-%D7%90%D7%9C%D7%99/,0,1,0,5
https://nad-lan.co.il/professionals/%D7%90%D7%96%D7%95%D7%9C%D7%90%D7%99-%D7%92%D7%93/,0,5,0,5.6
https://nad-lan.co.il/professionals/%D7%90%D7%96%D7%95%D7%9C%D7%90%D7%99-%D7%93%D7%95%D7%A8%D7%95%D7%9F/,0,2,0,1.5
https://nad-lan.co.il/professionals/%D7%90%D7%97%D7%9E%D7%93-%D7%A2%D7%9C%D7%99/,0,3,0,2
https://nad-lan.co.il/professionals/%D7%90%D7%98%D7%99%D7%90%D7%94-%D7%91%D7%A0%D7%99/,0,1,0,15
https://nad-lan.co.il/professionals/%D7%90%D7%98%D7%99%D7%90%D7%A1-%D7%A8%D7%9E%D7%99/,0,1,0,1
https://nad-lan.co.il/professionals/%D7%90%D7%98%D7%99%D7%A0%D7%92%D7%A8-%D7%92%D7%9C%D7%A2%D7%93/,0,2,0,4.5
https://nad-lan.co.il/professionals/%D7%90%D7%98%D7%A8%D7%A9-%D7%A1%D7%A2%D7%99%D7%93/,0,7,0,5.571428571428571
https://nad-lan.co.il/professionals/%D7%90%D7%99%D7%94%D7%90%D7%91-%D7%90%D7%92%D7%91%D7%90%D7%A8%D7%99%D7%94/,0,5,0,6.2
https://nad-lan.co.il/professionals/%D7%90%D7%99%D7%98%D7%97-%D7%90%D7%A9%D7%A8/,0,3,0,8.666666666666668
https://nad-lan.co.il/professionals/%D7%90%D7%99%D7%99%D7%9C-%D7%A9%D7%A8%D7%95%D7%9F/,0,8,0,5.875
https://nad-lan.co.il/professionals/%D7%90%D7%99%D7%9C%D7%95%D7%9F-%D7%90%D7%91%D7%98%D7%9C%D7%99%D7%95%D7%9F/,0,4,0,3.5
https://nad-lan.co.il/professionals/%D7%90%D7%99%D7%9C%D7%AA-%D7%92%D7%9C%D7%A2%D7%93-%D7%90%D7%9C%D7%9B%D7%A1%D7%A0%D7%93%D7%A8/,0,1,0,2
https://nad-lan.co.il/professionals/%D7%90%D7%99%D7%A0%D7%9C-%D7%A8%D7%95%D7%A2%D7%99-%D7%AA%D7%9E%D7%99%D7%A8/,0,17,0,7.529411764705882
https://nad-lan.co.il/professionals/%D7%90%D7%99%D7%A0%D7%A6%D7%9C%D7%99%D7%A0%D7%99-%D7%9E%D7%A8%D7%A6%D7%9C%D7%95/,0,2,0,12
https://nad-lan.co.il/professionals/%D7%90%D7%99%D7%A4%D7%A8%D7%92%D7%9F-%D7%A8%D7%95%D7%A0%D7%9F/,0,6,0,3.3333333333333335
https://nad-lan.co.il/professionals/%D7%90%D7%99%D7%A6%D7%99%D7%A7-%D7%99%D7%A8%D7%95%D7%9F/,0,13,0,2.6153846153846154
https://nad-lan.co.il/professionals/%D7%90%D7%9C%D7%91%D7%A1-%D7%9C%D7%99%D7%93%D7%9F/,0,7,0,5
https://nad-lan.co.il/professionals/%D7%90%D7%9C%D7%92%D7%91%D7%A1%D7%99-%D7%A8%D7%97%D7%9E%D7%99%D7%9D/,0,2,0,5.5
https://nad-lan.co.il/professionals/%D7%90%D7%9C%D7%92%D7%95%D7%99-%D7%A6%D7%95%D7%A8/,0,13,0,8.153846153846153
https://nad-lan.co.il/professionals/%D7%90%D7%9C%D7%92%D7%A8%D7%95%D7%A9%D7%99-%D7%A2%D7%A6%D7%90%D7%9D/,0,1,0,8
https://nad-lan.co.il/professionals/%D7%90%D7%9C%D7%95%D7%9F-%D7%A9%D7%97%D7%A8/,0,1,0,3
https://nad-lan.co.il/professionals/%D7%90%D7%9C%D7%97%D7%93%D7%93-%D7%91%D7%A0%D7%99%D7%9E%D7%99%D7%9F/,0,8,0,2.875
https://nad-lan.co.il/professionals/%D7%90%D7%9C%D7%98%D7%A7%D7%90%D7%AA-%D7%97%D7%90%D7%9C%D7%93/,0,2,0,4
https://nad-lan.co.il/professionals/%D7%90%D7%9C%D7%99%D7%94%D7%95-%D7%90%D7%99%D7%99%D7%9C/,0,7,0,6.428571428571429
https://nad-lan.co.il/professionals/%D7%90%D7%9C%D7%99%D7%94%D7%95-%D7%93%D7%A7%D7%A8/,0,2,0,4
https://nad-lan.co.il/professionals/%D7%90%D7%9C%D7%99%D7%94-%D7%91%D7%9F-%D7%A6%D7%99%D7%95%D7%9F/,0,1,0,8
https://nad-lan.co.il/professionals/%D7%90%D7%9C%D7%99%D7%94-%D7%97%D7%A0%D7%9F/,0,3,0,2.666666666666667
https://nad-lan.co.il/professionals/%D7%90%D7%9C%D7%99%D7%9E%D7%9C%D7%A5-%D7%A9%D7%99/,0,1,0,3
https://nad-lan.co.il/professionals/%D7%90%D7%9C%D7%99%D7%A1%D7%96%D7%93%D7%94-%D7%9E%D7%90%D7%99%D7%A8/,0,1,0,1
https://nad-lan.co.il/professionals/%D7%90%D7%9C%D7%9E%D7%99-%D7%90%D7%A8%D7%99%D7%90%D7%9C/,0,2,0,5
https://nad-lan.co.il/professionals/%D7%90%D7%9C%D7%9E%D7%9F-%D7%A8%D7%99%D7%93%D7%90%D7%9F/,0,2,0,7
https://nad-lan.co.il/professionals/%D7%90%D7%9C%D7%9E%D7%A7%D7%99%D7%99%D7%A1-%D7%93%D7%95%D7%93/,0,5,0,6.2
https://nad-lan.co.il/professionals/%D7%90%D7%9C%D7%A2%D7%90%D7%91%D7%93-%D7%90%D7%9B%D7%A8%D7%9D/,0,3,0,4.333333333333334
https://nad-lan.co.il/professionals/%D7%90%D7%9C%D7%A2%D7%95%D7%A7%D7%94-%D7%90%D7%91%D7%A8%D7%94%D7%99%D7%9D/,0,7,0,13.571428571428571
https://nad-lan.co.il/professionals/%D7%90%D7%9C%D7%A4%D7%A1%D7%99-%D7%99%D7%97%D7%99%D7%90%D7%9C/,0,2,0,13.5
https://nad-lan.co.il/professionals/%D7%90%D7%9C%D7%A4%D7%A1%D7%99-%D7%9E%D7%90%D7%99%D7%A8/,0,4,0,10.75
https://nad-lan.co.il/professionals/%D7%90%D7%9C%D7%A7%D7%95%D7%9F-%D7%9E%D7%99%D7%9C%D7%99%D7%A7%D7%95%D7%91%D7%A1%D7%A7%D7%99-%D7%90%D7%A1%D7%AA%D7%A8/,0,3,0,8.666666666666668
https://nad-lan.co.il/professionals/%D7%90%D7%9C%D7%A7%D7%9C%D7%A2%D7%99-%D7%90%D7%94%D7%A8%D7%95%D7%9F/,0,1,0,4
https://nad-lan.co.il/professionals/%D7%90%D7%9C%D7%A7%D7%A0%D7%A8-%D7%99%D7%A2%D7%A7%D7%91/,0,1,0,8
https://nad-lan.co.il/professionals/%D7%90%D7%9C%D7%A7%D7%A1%D7%9C%D7%A1%D7%99-%D7%92%D7%A7%D7%99/,0,8,0,5.75
https://nad-lan.co.il/professionals/%D7%90%D7%9C%D7%A7%D7%A8%D7%99%D7%A0%D7%90%D7%95%D7%99-%D7%90%D7%9E%D7%99%D7%A8/,0,2,0,15
https://nad-lan.co.il/professionals/%D7%90%D7%9C%D7%A7%D7%A8%D7%99%D7%A0%D7%90%D7%95%D7%99-%D7%A2%D7%A8%D7%90%D7%93/,0,5,0,6.4
https://nad-lan.co.il/professionals/%D7%90%D7%9C%D7%A7%D7%A8%D7%99%D7%A3-%D7%A1%D7%99%D7%9E%D7%95%D7%9F/,0,3,0,7
https://nad-lan.co.il/professionals/%D7%90%D7%9C-%D7%91%D7%99%D7%90%D7%93%D7%A1%D7%94-%D7%9E%D7%90%D7%92%D7%93/,0,5,0,5.4
https://nad-lan.co.il/professionals/%D7%90%D7%9C-%D7%98%D7%95%D7%A8%D7%99-%D7%A4%D7%99%D7%99%D7%A1%D7%9C/,0,2,0,4.5
https://nad-lan.co.il/professionals/%D7%90%D7%9C-%D7%9E%D7%95%D7%97%D7%9E%D7%93-%D7%A0%D7%90%D7%99%D7%9C/,0,4,0,7.75
https://nad-lan.co.il/professionals/%D7%90%D7%9C-%D7%A9%D7%9E%D7%90%D7%9C%D7%99-%D7%A1%D7%9E%D7%99%D7%97/,0,4,0,5.5
https://nad-lan.co.il/professionals/%D7%90%D7%9E%D7%90%D7%A8%D7%94-%D7%90%D7%A0%D7%95%D7%A8/,0,1,0,9
https://nad-lan.co.il/professionals/%D7%90%D7%9E%D7%90%D7%A8%D7%94-%D7%92%D7%9E%D7%90%D7%9C/,0,12,0,6.5
https://nad-lan.co.il/professionals/%D7%90%D7%9E%D7%90%D7%A8%D7%94-%D7%A2%D7%9C%D7%90/,0,1,0,7
https://nad-lan.co.il/professionals/%D7%90%D7%9E%D7%A1%D7%99%D7%9C%D7%99-%D7%99%D7%95%D7%A1%D7%A3/,0,1,0,5
https://nad-lan.co.il/professionals/%D7%90%D7%9E%D7%A1%D7%9C%D7%9D-%D7%98%D7%95%D7%91%D7%99%D7%94/,0,2,0,4
https://nad-lan.co.il/professionals/%D7%90%D7%9E%D7%A1%D7%9C%D7%9D-%D7%A6%D7%99%D7%95%D7%9F/,0,2,0,2.5
https://nad-lan.co.il/professionals/%D7%90%D7%9E%D7%A8%D7%9F-%D7%99%D7%A2%D7%A7%D7%91/,0,1,0,4
https://nad-lan.co.il/professionals/%D7%90%D7%A0%D7%93%D7%A8%D7%A1%D7%95%D7%9F-%D7%90%D7%99%D7%99%D7%9C/,0,10,0,10.3
https://nad-lan.co.il/professionals/%D7%90%D7%A0%D7%A7%D7%90%D7%95%D7%94-%D7%99%D7%A6%D7%97%D7%A7/,0,4,0,6
https://nad-lan.co.il/professionals/%D7%90%D7%A0%D7%A7%D7%90%D7%95%D7%95%D7%94-%D7%99%D7%A6%D7%97%D7%A7/,0,2,0,12.5
https://nad-lan.co.il/professionals/%D7%90%D7%A1%D7%93%D7%99-%D7%90%D7%99%D7%90%D7%AA/,0,2,0,6.5
https://nad-lan.co.il/professionals/%D7%90%D7%A1%D7%93%D7%99-%D7%A0%D7%90%D7%A1%D7%A8/,0,2,0,6.5
https://nad-lan.co.il/professionals/%D7%90%D7%A1%D7%98%D7%94-%D7%90%D7%91%D7%99%D7%A0%D7%95%D7%A2%D7%9D/,0,4,0,2.25
https://nad-lan.co.il/professionals/%D7%90%D7%A1%D7%9E%D7%90%D7%A2%D7%99%D7%9C-%D7%9E%D7%97%D7%9E%D7%95%D7%93/,0,4,0,9
https://nad-lan.co.il/professionals/%D7%90%D7%A1%D7%A3-%D7%99%D7%94%D7%95%D7%93%D7%94/,0,1,0,1
https://nad-lan.co.il/professionals/%D7%90%D7%A1%D7%A8%D7%A3-%D7%A9%D7%A8%D7%95%D7%9F/,0,2,0,5.5
https://nad-lan.co.il/professionals/%D7%90%D7%A4%D7%A0%D7%92%D7%A8-%D7%9E%D7%99%D7%9B%D7%90%D7%9C-%D7%99%D7%94%D7%95%D7%93%D7%94/,0,2,0,4.5
https://nad-lan.co.il/professionals/%D7%90%D7%A4%D7%A8%D7%99%D7%95%D7%9F-%D7%99%D7%A2%D7%A7%D7%91/,0,5,0,9.8
https://nad-lan.co.il/professionals/%D7%90%D7%A4%D7%A9%D7%98%D7%99%D7%99%D7%9F-%D7%A2%D7%9E%D7%99%D7%AA%D7%99/,0,2,0,6
https://nad-lan.co.il/professionals/%D7%90%D7%A8%D7%91%D7%9C-%D7%99%D7%A2%D7%A7%D7%91/,0,3,0,1.6666666666666665
https://nad-lan.co.il/professionals/%D7%90%D7%A8%D7%91%D7%9C-%D7%9E%D7%A9%D7%94/,0,3,0,8
https://nad-lan.co.il/professionals/%D7%90%D7%A8%D7%92%D7%99%D7%9C-%D7%A9%D7%A8%D7%95%D7%9F/,0,8,0,7.625
https://nad-lan.co.il/professionals/%D7%90%D7%A8%D7%96-%D7%9E%D7%99%D7%9B%D7%90%D7%9C/,0,1,0,12
https://nad-lan.co.il/professionals/%D7%90%D7%A8%D7%99%D7%94-%D7%99%D7%95%D7%97%D7%90%D7%99/,0,1,0,1
https://nad-lan.co.il/professionals/%D7%90%D7%A8%D7%99%D7%A7%D7%A1%D7%95%D7%9F-%D7%90%D7%94%D7%A8%D7%95%D7%9F/,0,1,0,4
https://nad-lan.co.il/professionals/%D7%90%D7%A8%D7%A7%D7%99%D7%99%D7%94-%D7%A7%D7%99%D7%A1%D7%A8/,0,2,0,7
https://nad-lan.co.il/professionals/%D7%90%D7%A9%D7%98%D7%95%D7%9F-%D7%A8%D7%99%D7%9E%D7%9F/,0,5,0,5.2
https://nad-lan.co.il/professionals/%D7%90%D7%A9%D7%9B%D7%A0%D7%96%D7%99-%D7%90%D7%95%D7%A8%D7%9F/,0,2,0,8.5
https://nad-lan.co.il/professionals/%D7%90%D7%A9%D7%9B%D7%A0%D7%96%D7%99-%D7%A0%D7%99%D7%A1%D7%99%D7%9D/,0,1,0,3
https://nad-lan.co.il/professionals/%D7%90%D7%A9%D7%9C-%D7%99%D7%A2%D7%A7%D7%91/,0,3,0,5
https://nad-lan.co.il/professionals/%D7%90%D7%A9%D7%A7%D7%A8-%D7%90%D7%99%D7%90%D7%93/,0,5,0,6.4
https://nad-lan.co.il/professionals/%D7%90%D7%A9%D7%A7%D7%A8-%D7%9E%D7%95%D7%97%D7%9E%D7%93/,0,27,0,16.48148148148148
https://nad-lan.co.il/professionals/%D7%90%D7%A9%D7%A7%D7%A8-%D7%A0%D7%A1%D7%99%D7%9D/,0,1,0,75
https://nad-lan.co.il/professionals/%D7%90%D7%A9%D7%A7%D7%A8-%D7%A1%D7%9C%D7%99%D7%9E%D7%90%D7%9F/,0,6,0,4.833333333333334
https://nad-lan.co.il/professionals/%D7%90%D7%A9%D7%A8%D7%A3-%D7%92%D7%91%D7%90%D7%A8%D7%99%D7%9F/,0,2,0,3
https://nad-lan.co.il/professionals/%D7%90%D7%A9%D7%A8-%D7%99%D7%A2%D7%A7%D7%91/,0,1,0,1
https://nad-lan.co.il/professionals/%D7%90%D7%A9%D7%A8-%D7%A0%D7%99%D7%A8/,0,1,0,7
https://nad-lan.co.il/professionals/%D7%91%D7%93%D7%90%D7%A8%D7%A0%D7%94-%D7%A1%D7%9E%D7%A8%D7%99%D7%9F/,0,2,0,7.5
https://nad-lan.co.il/professionals/%D7%91%D7%93%D7%90%D7%A8%D7%A0%D7%94-%D7%A2%D7%91%D7%93-%D7%90%D7%9C-%D7%A8%D7%90%D7%95%D7%A3/,0,1,0,3
https://nad-lan.co.il/professionals/%D7%91%D7%93%D7%99%D7%A8-%D7%90%D7%97%D7%A1%D7%90%D7%9F/,0,1,0,11
https://nad-lan.co.il/professionals/%D7%91%D7%94%D7%95%D7%9E%D7%99-%D7%99%D7%A8%D7%95%D7%9F/,0,5,0,7.4
https://nad-lan.co.il/professionals/%D7%91%D7%95%D7%90%D7%A8%D7%95%D7%9F-%D7%90%D7%9C%D7%99/,0,1,0,7
https://nad-lan.co.il/professionals/%D7%91%D7%95%D7%90%D7%A8%D7%95%D7%9F-%D7%A9%D7%9C%D7%9E%D7%94/,0,1,0,10
https://nad-lan.co.il/professionals/%D7%91%D7%95%D7%96%D7%92%D7%9C%D7%95-%D7%93%D7%95%D7%A8%D7%95%D7%9F/,0,2,0,13.5
https://nad-lan.co.il/professionals/%D7%91%D7%95%D7%97%D7%A0%D7%99%D7%A7-%D7%90%D7%91%D7%99/,0,4,0,5
https://nad-lan.co.il/professionals/%D7%91%D7%95%D7%9B%D7%A8%D7%99%D7%A1-%D7%90%D7%9E%D7%99%D7%AA%D7%99/,0,44,0,7.954545454545454
https://nad-lan.co.il/professionals/%D7%91%D7%95%D7%A0%D7%A7-%D7%90%D7%A1%D7%A3/,0,4,0,1.75
https://nad-lan.co.il/professionals/%D7%91%D7%95%D7%A1%D7%99%D7%93%D7%9F-%D7%90%D7%A8%D7%99%D7%94/,0,2,0,6.5
https://nad-lan.co.il/professionals/%D7%91%D7%95%D7%A1%D7%A7%D7%99%D7%9C%D7%94-%D7%99%D7%95%D7%91%D7%9C/,0,4,0,3.75
https://nad-lan.co.il/professionals/%D7%91%D7%95%D7%A7%D7%90%D7%99-%D7%A2%D7%95%D7%96%D7%99/,0,2,0,1
https://nad-lan.co.il/professionals/%D7%91%D7%95%D7%A7%D7%A8%D7%90-%D7%91%D7%A0%D7%99%D7%9E%D7%99%D7%9F/,0,3,0,4.333333333333334
https://nad-lan.co.il/professionals/%D7%91%D7%95%D7%A7%D7%A8%D7%94-%D7%90%D7%A8%D7%96/,0,6,0,14.166666666666666
https://nad-lan.co.il/professionals/%D7%91%D7%95%D7%A8%D7%A8-%D7%A2%D7%A4%D7%A8/,0,3,0,3.6666666666666665
https://nad-lan.co.il/professionals/%D7%91%D7%95%D7%A8%D7%A9%D7%98%D7%99%D7%99%D7%9F-%D7%A9%D7%90%D7%95%D7%9C/,0,5,0,6.8
https://nad-lan.co.il/professionals/%D7%91%D7%95%D7%A8%D7%A9%D7%98%D7%99%D7%9F-%D7%99%D7%A2%D7%A7%D7%91/,0,2,0,7
https://nad-lan.co.il/professionals/%D7%91%D7%96%D7%99%D7%96%D7%94-%D7%90%D7%91%D7%A8%D7%94%D7%9D/,0,3,0,3
https://nad-lan.co.il/professionals/%D7%91%D7%96%D7%A8%D7%A0%D7%95-%D7%A0%D7%99%D7%A1%D7%99%D7%9D/,0,8,0,6.125
https://nad-lan.co.il/professionals/%D7%91%D7%99%D7%90%D7%93%D7%A1%D7%94-%D7%95%D7%9C%D7%99%D7%93/,0,5,0,10.2
https://nad-lan.co.il/professionals/%D7%91%D7%99%D7%90%D7%93%D7%A1%D7%94-%D7%9E%D7%95%D7%A4%D7%99%D7%93/,0,2,0,5.5
https://nad-lan.co.il/professionals/%D7%91%D7%99%D7%90%D7%93%D7%A1%D7%94-%D7%9E%D7%95%D7%A4%D7%99%D7%94/,0,1,0,1
https://nad-lan.co.il/professionals/%D7%91%D7%99%D7%90%D7%93%D7%A1%D7%94-%D7%A8%D7%A9%D7%99%D7%93/,0,2,0,4
https://nad-lan.co.il/professionals/%D7%91%D7%99%D7%93%D7%A1%D7%99-%D7%9E%D7%97%D7%9E%D7%93/,0,1,0,5
https://nad-lan.co.il/professionals/%D7%91%D7%99%D7%98%D7%90%D7%9F-%D7%A6%D7%97%D7%99/,0,1,0,6
https://nad-lan.co.il/professionals/%D7%91%D7%99%D7%98%D7%95%D7%9F-%D7%9E%D7%99%D7%9B%D7%90%D7%9C/,0,1,0,20
https://nad-lan.co.il/professionals/%D7%91%D7%99%D7%98%D7%95%D7%9F-%D7%9E%D7%A9%D7%94-2/,0,2,0,8
https://nad-lan.co.il/professionals/%D7%91%D7%99%D7%98%D7%95%D7%9F-%D7%9E%D7%A9%D7%94/,0,4,0,4.75
https://nad-lan.co.il/professionals/%D7%91%D7%99%D7%98%D7%95%D7%9F-%D7%A9%D7%9C%D7%9E%D7%94-2/,0,2,0,6.5
https://nad-lan.co.il/professionals/%D7%91%D7%99%D7%9D-%D7%90%D7%99%D7%91%D7%A8%D7%94%D7%99%D7%9D/,0,7,0,4.285714285714286
https://nad-lan.co.il/professionals/%D7%91%D7%99%D7%A1%D7%98%D7%A8%D7%99-%D7%9E%D7%95%D7%98%D7%99/,0,1,0,50
https://nad-lan.co.il/professionals/%D7%91%D7%99%D7%A1%D7%98%D7%A8%D7%99-%D7%9E%D7%A9%D7%94/,0,1,0,1
https://nad-lan.co.il/professionals/%D7%91%D7%99%D7%A8%D7%96%D7%95%D7%9F-%D7%90%D7%A8%D7%99%D7%94/,0,4,0,4.75
https://nad-lan.co.il/professionals/%D7%91%D7%9B%D7%A8%D7%99-%D7%95%D7%A1%D7%90%D7%9D/,0,3,0,7
https://nad-lan.co.il/professionals/%D7%91%D7%9B%D7%A8-%D7%99%D7%95%D7%A1%D7%99/,0,10,0,11.6
https://nad-lan.co.il/professionals/%D7%91%D7%9B%D7%A8-%D7%A9%D7%9C%D7%9E%D7%94-%D7%9C%D7%99%D7%A8%D7%95%D7%9F/,0,2,0,7
https://nad-lan.co.il/professionals/%D7%91%D7%9C%D7%90%D7%9F-%D7%96%D7%90%D7%94%D7%A8/,0,6,0,2.666666666666667
https://nad-lan.co.il/professionals/%D7%91%D7%9C%D7%95%D7%A7-%D7%A8%D7%99%D7%9E%D7%95%D7%A0%D7%93/,0,2,0,1
https://nad-lan.co.il/professionals/%D7%91%D7%9C%D7%9E%D7%A1-%D7%92%D7%91%D7%A8%D7%99%D7%90%D7%9C/,0,18,0,7.944444444444445
https://nad-lan.co.il/professionals/%D7%91%D7%9F-%D7%92%D7%99%D7%A8%D7%94-%D7%93%D7%95%D7%93/,0,1,0,3
https://nad-lan.co.il/professionals/%D7%91%D7%9F-%D7%93%D7%95%D7%93-%D7%99%D7%A6%D7%97%D7%A7/,0,1,0,9
https://nad-lan.co.il/professionals/%D7%91%D7%9F-%D7%97%D7%9E%D7%95-%D7%99%D7%95%D7%A1%D7%A3/,0,1,0,5
https://nad-lan.co.il/professionals/%D7%91%D7%9F-%D7%97%D7%9E%D7%95-%D7%9E%D7%A9%D7%94/,0,3,0,22.333333333333332
https://nad-lan.co.il/professionals/%D7%91%D7%9F-%D7%98%D7%95%D7%91%D7%99%D7%9D-%D7%A9%D7%9E%D7%95%D7%90%D7%9C-%D7%A9%D7%99/,0,2,0,8
https://nad-lan.co.il/professionals/%D7%91%D7%9F-%D7%99%D7%94%D7%95%D7%93%D7%94-%D7%90%D7%91%D7%A8%D7%94%D7%9D/,0,1,0,1
https://nad-lan.co.il/professionals/%D7%91%D7%9F-%D7%99%D7%94%D7%95%D7%93%D7%94-%D7%90%D7%94%D7%A8%D7%95%D7%9F/,0,8,0,5.25
https://nad-lan.co.il/professionals/%D7%91%D7%9F-%D7%99%D7%97%D7%96%D7%A7%D7%90%D7%9C-%D7%90%D7%9C%D7%9E%D7%95%D7%92/,0,1,0,4
https://nad-lan.co.il/professionals/%D7%91%D7%9F-%D7%99%D7%A2%D7%A7%D7%91-%D7%90%D7%91%D7%A9%D7%9C%D7%95%D7%9D/,0,14,0,6.785714285714286
https://nad-lan.co.il/professionals/%D7%91%D7%9F-%D7%99%D7%A6%D7%97%D7%A7-%D7%90%D7%99%D7%9C%D7%9F/,0,4,0,9.5
https://nad-lan.co.il/professionals/%D7%91%D7%9F-%D7%9C%D7%95%D7%9C%D7%95-%D7%90%D7%91%D7%A8%D7%94%D7%9D/,0,5,0,5.4
https://nad-lan.co.il/professionals/%D7%91%D7%9F-%D7%9E%D7%A9%D7%94-%D7%9E%D7%A9%D7%94/,0,18,0,4.944444444444445
https://nad-lan.co.il/professionals/%D7%91%D7%9F-%D7%9E%D7%A9%D7%94-%D7%A2%D7%95%D7%A4%D7%A8/,0,3,0,2.333333333333333
https://nad-lan.co.il/professionals/%D7%91%D7%9F-%D7%A6%D7%95%D7%A8-%D7%93%D7%92%D7%9F/,0,4,0,7
https://nad-lan.co.il/professionals/%D7%91%D7%9F-%D7%A9%D7%91%D7%AA-%D7%92%D7%A7%D7%99-%D7%99%D7%A6%D7%97%D7%A7/,0,4,0,3.25
https://nad-lan.co.il/professionals/%D7%91%D7%9F-%D7%A9%D7%91%D7%AA-%D7%98%D7%9C/,0,12,0,16.166666666666664
https://nad-lan.co.il/professionals/%D7%91%D7%9F-%D7%A9%D7%95%D7%A9%D7%9F-%D7%90%D7%95%D7%A8%D7%99/,0,12,0,21.416666666666668
https://nad-lan.co.il/professionals/%D7%91%D7%9F-%D7%A9%D7%95%D7%A9%D7%9F-%D7%99%D7%A9%D7%99/,0,1,0,6
https://nad-lan.co.il/professionals/%D7%91%D7%9F-%D7%AA%D7%95%D7%A8%D7%94-%D7%90%D7%99%D7%99%D7%9C/,0,6,0,6.166666666666667
https://nad-lan.co.il/professionals/%D7%91%D7%A0%D7%99%D7%9E%D7%99%D7%9F-%D7%A9%D7%90%D7%95%D7%9C/,0,2,0,9
https://nad-lan.co.il/professionals/%D7%91%D7%A0%D7%99%D7%A1%D7%98%D7%99-%D7%A8%D7%95%D7%A0%D7%99/,0,2,0,8
https://nad-lan.co.il/professionals/%D7%91%D7%A1%D7%98%D7%A7%D7%A8-%D7%A9%D7%A8%D7%95%D7%9F/,0,11,0,8.636363636363637
https://nad-lan.co.il/professionals/%D7%91%D7%A1%D7%9C%D7%A8-%D7%91%D7%A0%D7%99/,0,2,0,9
https://nad-lan.co.il/professionals/%D7%91%D7%A6%D7%9C%D7%90%D7%9C-%D7%90%D7%99%D7%AA%D7%99/,0,3,0,7
https://nad-lan.co.il/professionals/%D7%91%D7%A8%D7%90%D7%9C-%D7%99%D7%A8%D7%99%D7%91/,0,3,0,8.333333333333332
https://nad-lan.co.il/professionals/%D7%91%D7%A8%D7%95%D7%9A-%D7%99%D7%A9%D7%A8%D7%90%D7%9C/,0,9,0,14.777777777777779
https://nad-lan.co.il/professionals/%D7%91%D7%A8%D7%95%D7%9A-%D7%A0%D7%97%D7%95%D7%9D/,0,2,0,6.5
https://nad-lan.co.il/professionals/%D7%91%D7%A8%D7%95%D7%A9-%D7%A0%D7%99%D7%A8/,0,4,0,16.75
https://nad-lan.co.il/professionals/%D7%91%D7%A8%D7%96%D7%99%D7%93%D7%94-%D7%99%D7%A6%D7%97%D7%A7/,0,3,0,3.6666666666666665
https://nad-lan.co.il/professionals/%D7%91%D7%A8%D7%96%D7%99%D7%9C%D7%90%D7%99-%D7%A9%D7%9E%D7%A2%D7%95%D7%9F/,0,1,0,10
https://nad-lan.co.il/professionals/%D7%91%D7%A8%D7%96%D7%99%D7%9C%D7%99-%D7%91%D7%95%D7%A2%D7%96/,0,4,0,6.25
https://nad-lan.co.il/professionals/%D7%91%D7%A8%D7%96%D7%99%D7%9C%D7%99-%D7%92%D7%95%D7%9C%D7%9F/,0,1,0,6
https://nad-lan.co.il/professionals/%D7%91%D7%A8%D7%96%D7%99%D7%9C%D7%99-%D7%A9%D7%9C%D7%9E%D7%94/,0,2,0,5
https://nad-lan.co.il/professionals/%D7%91%D7%A8%D7%99%D7%92%D7%94-%D7%99%D7%95%D7%A1%D7%A3/,0,9,0,6.777777777777778
https://nad-lan.co.il/professionals/%D7%91%D7%A8%D7%A7%D7%90%D7%99-%D7%A0%D7%99%D7%A1%D7%9F/,0,3,0,15
https://nad-lan.co.il/professionals/%D7%91%D7%A8-%D7%90%D7%9C-%D7%91%D7%A8%D7%93%D7%94/,0,1,0,9
https://nad-lan.co.il/professionals/%D7%91%D7%A8-%D7%96%D7%95%D7%94%D7%A8-%D7%A9%D7%92%D7%99%D7%90/,0,1,0,17
https://nad-lan.co.il/professionals/%D7%91%D7%A8-%D7%97%D7%9F-%D7%92%D7%99%D7%9C/,0,12,0,6.416666666666667
https://nad-lan.co.il/professionals/%D7%91%D7%A8-%D7%A0%D7%A1-%D7%A0%D7%90%D7%95%D7%A8/,0,4,0,12.75
https://nad-lan.co.il/professionals/%D7%91%D7%A8-%D7%A9%D7%9C%D7%95%D7%9F/,0,1,0,1
https://nad-lan.co.il/professionals/%D7%91%D7%A9%D7%90%D7%A8%D7%90%D7%AA-%D7%9E%D7%A8%D7%95%D7%90%D7%9F/,0,2,0,3
https://nad-lan.co.il/professionals/%D7%91%D7%A9%D7%90%D7%A8%D7%94-%D7%A1%D7%90%D7%9E%D7%A8/,0,1,0,12
https://nad-lan.co.il/professionals/%D7%91%D7%A9%D7%90%D7%A8%D7%99-%D7%90%D7%9E%D7%99%D7%A8/,0,5,0,6
https://nad-lan.co.il/professionals/%D7%91%D7%A9%D7%99%D7%A8-%D7%94%D7%A9%D7%90%D7%9D/,0,2,0,10
https://nad-lan.co.il/professionals/%D7%92%D7%90%D7%95%D7%9F-%D7%A2%D7%9E%D7%99/,0,14,0,8.071428571428571
https://nad-lan.co.il/professionals/%D7%92%D7%90%D7%9C%D7%99-%D7%A8%D7%A4%D7%90%D7%9C/,0,1,0,2
https://nad-lan.co.il/professionals/%D7%92%D7%90%D7%A0%D7%97-%D7%90%D7%A1%D7%A3/,0,1,0,2
https://nad-lan.co.il/professionals/%D7%92%D7%90%D7%A9%D7%99-%D7%90%D7%99%D7%AA%D7%9F/,0,4,0,6
https://nad-lan.co.il/professionals/%D7%92%D7%91%D7%90%D7%99-%D7%99%D7%A6%D7%97%D7%A7/,0,3,0,7.333333333333333
https://nad-lan.co.il/professionals/%D7%92%D7%91%D7%90%D7%99-%D7%9E%D7%99%D7%9B%D7%90%D7%9C/,0,1,0,6
https://nad-lan.co.il/professionals/%D7%92%D7%91%D7%90%D7%99-%D7%A9%D7%9C%D7%95%D7%9E%D7%99/,0,5,0,7.8
https://nad-lan.co.il/professionals/%D7%92%D7%91%D7%90%D7%9C-%D7%90%D7%91%D7%A8%D7%94%D7%99%D7%9D-%D7%90%D7%97%D7%9E%D7%93/,0,9,0,7.222222222222222
https://nad-lan.co.il/professionals/%D7%92%D7%91%D7%90%D7%A8%D7%94-%D7%93%D7%9E%D7%99%D7%90%D7%AA/,0,3,0,8.666666666666668
https://nad-lan.co.il/professionals/%D7%92%D7%91%D7%90%D7%A8%D7%94-%D7%9E%D7%A8%D7%95%D7%90%D7%9F/,0,9,0,5.777777777777778
https://nad-lan.co.il/professionals/%D7%92%D7%91%D7%90%D7%A8%D7%99%D7%9F-%D7%90%D7%91%D7%A8%D7%90%D7%94%D7%99%D7%9D/,0,1,0,6
https://nad-lan.co.il/professionals/%D7%92%D7%91%D7%90%D7%A8%D7%99%D7%9F-%D7%90%D7%97%D7%9E%D7%93-2/,0,23,0,9.130434782608695
https://nad-lan.co.il/professionals/%D7%92%D7%91%D7%90%D7%A8%D7%99%D7%9F-%D7%90%D7%97%D7%9E%D7%93/,0,10,0,8.2
https://nad-lan.co.il/professionals/%D7%92%D7%91%D7%90%D7%A8%D7%99%D7%9F-%D7%90%D7%99%D7%90%D7%93-%D7%97%D7%A1%D7%9F/,0,6,0,8
https://nad-lan.co.il/professionals/%D7%92%D7%91%D7%90%D7%A8%D7%99%D7%9F-%D7%90%D7%A1%D7%A2%D7%93/,0,5,0,7.4
https://nad-lan.co.il/professionals/%D7%92%D7%91%D7%90%D7%A8%D7%99%D7%9F-%D7%94%D7%9E%D7%90%D7%9D/,0,4,0,5
https://nad-lan.co.il/professionals/%D7%92%D7%91%D7%90%D7%A8%D7%99%D7%9F-%D7%9E%D7%90%D7%92%D7%93/,0,3,0,4.666666666666666
https://nad-lan.co.il/professionals/%D7%92%D7%91%D7%90%D7%A8%D7%99%D7%9F-%D7%9E%D7%95%D7%94%D7%A0%D7%93-2/,0,2,0,4.5
https://nad-lan.co.il/professionals/%D7%92%D7%91%D7%90%D7%A8%D7%99%D7%9F-%D7%9E%D7%95%D7%94%D7%A0%D7%93/,0,5,0,7.8
https://nad-lan.co.il/professionals/%D7%92%D7%91%D7%90%D7%A8%D7%99%D7%9F-%D7%9E%D7%95%D7%97%D7%9E%D7%93/,0,8,0,7.5
https://nad-lan.co.il/professionals/%D7%92%D7%91%D7%90%D7%A8%D7%99%D7%9F-%D7%A2%D7%95%D7%9E%D7%A8/,0,2,0,19
https://nad-lan.co.il/professionals/%D7%92%D7%91%D7%90%D7%A8%D7%99%D7%9F-%D7%A4%D7%99%D7%A0%D7%90%D7%9F/,0,2,0,1.5
https://nad-lan.co.il/professionals/%D7%92%D7%91%D7%95%D7%A8-%D7%9E%D7%A8%D7%95%D7%90%D7%9F/,0,1,0,8
https://nad-lan.co.il/professionals/%D7%92%D7%91%D7%99%D7%96%D7%95%D7%9F-%D7%90%D7%9C%D7%99/,0,2,0,8
https://nad-lan.co.il/professionals/%D7%92%D7%91%D7%A2-%D7%92%D7%99%D7%9C/,0,9,0,6.111111111111111
https://nad-lan.co.il/professionals/%D7%92%D7%91%D7%A8%D7%94-%D7%A9%D7%99/,0,1,0,9
https://nad-lan.co.il/professionals/%D7%92%D7%91%D7%A8%D7%99%D7%9F-%D7%9E%D7%95%D7%A1%D7%98%D7%A4%D7%94/,0,1,0,5
https://nad-lan.co.il/professionals/%D7%92%D7%93%D7%90%D7%99%D7%99%D7%91-%D7%A8%D7%A4%D7%90%D7%9C/,0,2,0,3
https://nad-lan.co.il/professionals/%D7%92%D7%93%D7%91%D7%90%D7%9F-%D7%90%D7%9E%D7%99%D7%9F/,0,4,0,4.25
https://nad-lan.co.il/professionals/%D7%92%D7%93%D7%91%D7%90%D7%9F-%D7%97%D7%90%D7%9C%D7%93/,0,1,0,2
https://nad-lan.co.il/professionals/%D7%92%D7%93%D7%A1%D7%99-%D7%A2%D7%9E%D7%99%D7%90%D7%9C/,0,3,0,3
https://nad-lan.co.il/professionals/%D7%92%D7%95%D7%90%D7%91%D7%A8%D7%94-%D7%94%D7%90%D7%A0%D7%99/,0,1,0,10
https://nad-lan.co.il/professionals/%D7%92%D7%95%D7%90%D7%98%D7%94-%D7%90%D7%91%D7%A0%D7%A8/,0,2,0,8
https://nad-lan.co.il/professionals/%D7%92%D7%95%D7%90%D7%98%D7%94-%D7%92%D7%99%D7%90/,0,10,0,8.9
https://nad-lan.co.il/professionals/%D7%92%D7%95%D7%90%D7%98%D7%94-%D7%99%D7%95%D7%A1%D7%A3-%D7%A9%D7%91%D7%AA%D7%90%D7%99/,0,2,0,4.5
https://nad-lan.co.il/professionals/%D7%92%D7%95%D7%93%D7%99-%D7%A0%D7%90%D7%99%D7%9C/,0,5,0,2.6
https://nad-lan.co.il/professionals/%D7%92%D7%95%D7%95%D7%99%D7%9C%D7%99-%D7%99%D7%A6%D7%97%D7%A7/,0,1,0,7
https://nad-lan.co.il/professionals/%D7%92%D7%95%D7%96%D7%9C%D7%99-%D7%90%D7%A1%D7%A3/,0,4,0,5.75
https://nad-lan.co.il/professionals/%D7%92%D7%95%D7%98%D7%9E%D7%9F-%D7%90%D7%91%D7%A8%D7%94%D7%9D-%D7%A0%D7%97/,0,2,0,3
https://nad-lan.co.il/professionals/%D7%92%D7%95%D7%98%D7%9E%D7%9F-%D7%98%D7%9C/,0,7,0,10.285714285714286
https://nad-lan.co.il/professionals/%D7%92%D7%95%D7%98%D7%A4%D7%9C%D7%93-%D7%A2%D7%9E%D7%A8%D7%99/,0,4,0,8.25
https://nad-lan.co.il/professionals/%D7%92%D7%95%D7%98%D7%A8%D7%9E%D7%9F-%D7%99%D7%95%D7%A1%D7%A3-%D7%99%D7%A9%D7%9B%D7%A8/,0,7,0,5.285714285714286
https://nad-lan.co.il/professionals/%D7%92%D7%95%D7%99%D7%98%D7%94-%D7%A8%D7%90%D7%95%D7%91%D7%9F/,0,1,0,10
https://nad-lan.co.il/professionals/%D7%92%D7%95%D7%99%D7%9C%D7%99-%D7%A8%D7%90%D7%95%D7%91%D7%9F/,0,1,0,11
https://nad-lan.co.il/professionals/%D7%92%D7%95%D7%9C%D7%93%D7%95%D7%95%D7%92-%D7%90%D7%99%D7%AA%D7%9F/,0,2,0,1.5
https://nad-lan.co.il/professionals/%D7%92%D7%95%D7%9C%D7%93%D7%99%D7%9F-%D7%A6%D7%97%D7%99-%D7%92%D7%A7/,0,7,0,8.571428571428571
https://nad-lan.co.il/professionals/%D7%92%D7%95%D7%9C%D7%93%D7%9E%D7%9F-%D7%A4%D7%A0%D7%97%D7%A1/,0,1,0,2
https://nad-lan.co.il/professionals/%D7%92%D7%95%D7%9C%D7%93%D7%9E%D7%9F-%D7%A9%D7%9E%D7%95%D7%90%D7%9C/,0,2,0,12.5
https://nad-lan.co.il/professionals/%D7%92%D7%95%D7%9C%D7%93%D7%A9%D7%98%D7%99%D7%99%D7%9F-%D7%90%D7%95%D7%A8%D7%9F/,0,4,0,3.25
https://nad-lan.co.il/professionals/%D7%92%D7%95%D7%9C%D7%93%D7%A9%D7%98%D7%99%D7%99%D7%9F-%D7%96%D7%90%D7%91/,0,1,0,8
https://nad-lan.co.il/professionals/%D7%92%D7%95%D7%9C%D7%95%D7%93-%D7%90%D7%A8%D7%99%D7%94/,0,3,0,2.333333333333333
https://nad-lan.co.il/professionals/%D7%92%D7%95%D7%9C%D7%9F-%D7%90%D7%95%D7%A4%D7%99%D7%A8/,0,3,0,5.333333333333333
https://nad-lan.co.il/professionals/%D7%92%D7%95%D7%9C%D7%9F-%D7%91%D7%A8%D7%95%D7%9A/,0,3,0,6
https://nad-lan.co.il/professionals/%D7%92%D7%95%D7%9C%D7%A0%D7%99-%D7%97%D7%99%D7%99%D7%9D/,0,3,0,4.666666666666666
https://nad-lan.co.il/professionals/%D7%92%D7%95%D7%9E%D7%A2%D7%94-%D7%99%D7%95%D7%A1%D7%A3/,0,3,0,18.666666666666668
https://nad-lan.co.il/professionals/%D7%92%D7%95%D7%A4%D7%A8-%D7%92%D7%99%D7%9C/,0,9,0,20.11111111111111
https://nad-lan.co.il/professionals/%D7%92%D7%95%D7%A8%D7%92%D7%99-%D7%9E%D7%90%D7%99%D7%A8/,0,2,0,7.5
https://nad-lan.co.il/professionals/%D7%92%D7%95%D7%A8%D7%99-%D7%90%D7%A8%D7%96/,0,3,0,3.3333333333333335
https://nad-lan.co.il/professionals/%D7%92%D7%95%D7%A8%D7%A4%D7%99%D7%A0%D7%A7%D7%9C-%D7%A9%D7%9E%D7%99%D7%A8/,0,7,0,8.142857142857142
https://nad-lan.co.il/professionals/%D7%92%D7%96-%D7%A9%D7%9C%D7%95%D7%9D-%D7%A2%D7%9E%D7%99%D7%A8/,0,2,0,3.5
https://nad-lan.co.il/professionals/%D7%92%D7%99%D7%90%D7%A8-%D7%97%D7%90%D7%AA%D7%9D/,0,1,0,6
https://nad-lan.co.il/professionals/%D7%92%D7%99%D7%91%D7%9C%D7%99-%D7%90%D7%91%D7%99%D7%97%D7%99/,0,2,0,4.5
https://nad-lan.co.il/professionals/%D7%92%D7%99%D7%9C-%D7%90%D7%94%D7%A8%D7%95%D7%9F/,0,13,0,8.538461538461538
https://nad-lan.co.il/professionals/%D7%92%D7%99%D7%A0%D7%93%D7%99-%D7%9E%D7%A9%D7%94/,0,1,0,10
https://nad-lan.co.il/professionals/%D7%92%D7%9C%D7%90%D7%9D-%D7%99%D7%97%D7%96%D7%A7%D7%90%D7%9C-%D7%97%D7%92%D7%99/,0,2,0,1.5
https://nad-lan.co.il/professionals/%D7%92%D7%9C%D7%95%D7%9C%D7%94-%D7%90%D7%91%D7%A8%D7%94%D7%9D-%D7%90%D7%91%D7%99%D7%A8%D7%9D/,0,1,0,5
https://nad-lan.co.il/professionals/%D7%92%D7%9C%D7%99%D7%9C%D7%99-%D7%93%D7%95%D7%93%D7%95/,0,5,0,3.4
https://nad-lan.co.il/professionals/%D7%92%D7%9C%D7%9E%D7%99%D7%93%D7%99-%D7%99%D7%A6%D7%97%D7%A7/,0,11,0,7.363636363636363
https://nad-lan.co.il/professionals/%D7%92%D7%9C%D7%A0%D7%98%D7%99-%D7%90%D7%91%D7%A8%D7%94%D7%9D/,0,5,0,4.8
https://nad-lan.co.il/professionals/%D7%92%D7%9C%D7%A2%D7%93-%D7%90%D7%91%D7%A0%D7%A8/,0,2,0,7
https://nad-lan.co.il/professionals/%D7%92%D7%9C-%D7%92%D7%95%D7%9C%D7%9F/,0,1,0,7
https://nad-lan.co.il/professionals/%D7%92%D7%9C-%D7%96%D7%9C%D7%A6%D7%91%D7%A8%D7%92-%D7%99%D7%97%D7%99%D7%90%D7%9C%D7%99/,0,5,0,5.8
https://nad-lan.co.il/professionals/%D7%92%D7%9C-%D7%A0%D7%A2%D7%9D/,0,2,0,3.5
https://nad-lan.co.il/professionals/%D7%92%D7%9C-%D7%A2%D7%9E%D7%99%D7%A8/,0,10,0,7
https://nad-lan.co.il/professionals/%D7%92%D7%9C-%D7%A9%D7%97%D7%A8/,0,4,0,5.5
https://nad-lan.co.il/professionals/%D7%92%D7%9E%D7%96%D7%95-%D7%90%D7%9C%D7%99/,0,1,0,9
https://nad-lan.co.il/professionals/%D7%92%D7%9E%D7%9C%D7%99%D7%90%D7%9C-%D7%92%D7%99%D7%90/,0,7,0,15.142857142857142
https://nad-lan.co.il/professionals/%D7%92%D7%9E%D7%A8%D7%A1%D7%A0%D7%99-%D7%90%D7%91%D7%99-%D7%90%D7%9C%D7%91%D7%A8%D7%98/,0,1,0,5
https://nad-lan.co.il/professionals/%D7%92%D7%A0%D7%90%D7%99%D7%9D-%D7%A9%D7%A8%D7%90%D7%A2/,0,5,0,5
https://nad-lan.co.il/professionals/%D7%92%D7%A0%D7%93%D7%9C%D7%9E%D7%9F-%D7%99%D7%A8%D7%95%D7%9F/,0,7,0,11.428571428571429
https://nad-lan.co.il/professionals/%D7%92%D7%A0%D7%99%D7%A0%D7%99-%D7%90%D7%9C%D7%99%D7%94%D7%95/,0,2,0,8
https://nad-lan.co.il/professionals/%D7%92%D7%A8%D7%91%D7%99-%D7%A8%D7%95%D7%91%D7%99-%D7%90%D7%9C%D7%99%D7%94/,0,6,0,13.166666666666666
https://nad-lan.co.il/professionals/%D7%92%D7%A8%D7%95%D7%A1-%D7%99%D7%95%D7%A8%D7%9D/,0,7,0,24
https://nad-lan.co.il/professionals/%D7%92%D7%A8%D7%99%D7%99%D7%91-%D7%A4%D7%95%D7%90%D7%93/,0,1,0,3
https://nad-lan.co.il/professionals/%D7%92%D7%A8%D7%99%D7%9F-%D7%90%D7%A9%D7%A8/,0,1,0,9
https://nad-lan.co.il/professionals/%D7%92%D7%A8%D7%99%D7%A0%D7%91%D7%A8%D7%92-%D7%A9%D7%A0%D7%99%D7%90%D7%95%D7%A8-%D7%96%D7%9C%D7%9E%D7%9F/,0,4,0,6
https://nad-lan.co.il/professionals/%D7%92%D7%A8%D7%99%D7%A0%D7%94%D7%95%D7%99%D7%96-%D7%92%D7%99%D7%90/,0,10,0,7.4
https://nad-lan.co.il/professionals/%D7%92%D7%A8%D7%99%D7%A0%D7%95%D7%95%D7%9C%D7%93-%D7%99%D7%95%D7%91%D7%9C/,0,1,0,5
https://nad-lan.co.il/professionals/%D7%92%D7%A8%D7%9E%D7%94-%D7%93%D7%A7%D7%9C/,0,9,0,12.444444444444445
https://nad-lan.co.il/professionals/%D7%92%D7%A8%D7%A0%D7%95%D7%AA-%D7%A8%D7%95%D7%A0%D7%9F/,0,8,0,7.625
https://nad-lan.co.il/professionals/%D7%92%D7%A8%D7%A1%D7%98%D7%A0%D7%A8-%D7%A9%D7%9C%D7%9E%D7%94/,0,1,0,1
https://nad-lan.co.il/professionals/%D7%93%D7%90%D7%95%D7%93-%D7%97%D7%95%D7%A1%D7%99%D7%99%D7%9F/,0,7,0,4.142857142857142
https://nad-lan.co.il/professionals/%D7%93%D7%90%D7%95%D7%95%D7%93-%D7%9E%D7%95%D7%97%D7%9E%D7%93/,0,2,0,3.5
https://nad-lan.co.il/professionals/%D7%93%D7%91%D7%99-%D7%90%D7%9C%D7%99%D7%94%D7%95-%D7%A0%D7%99%D7%A8/,0,4,0,24.25
https://nad-lan.co.il/professionals/%D7%93%D7%91%D7%99-%D7%93%D7%A8%D7%95%D7%A8-%D7%92%D7%95%D7%9C%D7%9F/,0,10,0,11.9
https://nad-lan.co.il/professionals/%D7%93%D7%91%D7%A9-%D7%A2%D7%9E%D7%95%D7%A1/,0,7,0,11.714285714285714
https://nad-lan.co.il/professionals/%D7%93%D7%91-%D7%A0%D7%99%D7%A1%D7%99%D7%9D/,0,1,0,7
https://nad-lan.co.il/professionals/%D7%93%D7%92%D7%94-%D7%A2%D7%95%D7%91%D7%93%D7%99%D7%94/,0,8,0,3
https://nad-lan.co.il/professionals/%D7%93%D7%92%D7%9F-%D7%A2%D7%A8%D7%9F/,0,5,0,7.4
https://nad-lan.co.il/professionals/%D7%93%D7%92%D7%9F-%D7%A6%D7%91%D7%99/,0,4,0,6
https://nad-lan.co.il/professionals/%D7%93%D7%92%D7%A9-%D7%9E%D7%95%D7%97%D7%9E%D7%93-%D7%A0%D7%99%D7%9E%D7%A8/,0,1,0,6
https://nad-lan.co.il/professionals/%D7%93%D7%93%D7%95%D7%9F-%D7%91%D7%A0%D7%99/,0,2,0,8
https://nad-lan.co.il/professionals/%D7%93%D7%93%D7%95%D7%9F-%D7%93%D7%A0%D7%99%D7%90%D7%9C/,0,1,0,1
https://nad-lan.co.il/professionals/%D7%93%D7%93%D7%95%D7%9F-%D7%9E%D7%90%D7%99%D7%A8-%D7%9E%D7%A8%D7%93%D7%9B%D7%99/,0,10,0,7.6
https://nad-lan.co.il/professionals/%D7%93%D7%93%D7%95%D7%A9-%D7%90%D7%91%D7%A8%D7%94%D7%9D/,0,2,0,6
https://nad-lan.co.il/professionals/%D7%93%D7%93%D7%95%D7%A9-%D7%99%D7%A6%D7%97%D7%A7/,0,4,0,4.75
https://nad-lan.co.il/professionals/%D7%93%D7%94%D7%90%D7%9E%D7%A9%D7%94-%D7%9E%D7%95%D7%97%D7%9E%D7%93/,0,6,0,6.833333333333333
https://nad-lan.co.il/professionals/%D7%93%D7%94%D7%90%D7%9E%D7%A9%D7%94-%D7%A0%D7%A1%D7%99%D7%9D/,0,2,0,18
https://nad-lan.co.il/professionals/%D7%93%D7%94%D7%9F-%D7%99%D7%A8%D7%95%D7%9F/,0,2,0,5
https://nad-lan.co.il/professionals/%D7%93%D7%94%D7%9F-%D7%9E%D7%A8%D7%93%D7%9B%D7%99/,0,1,0,3
https://nad-lan.co.il/professionals/%D7%93%D7%94%D7%9F-%D7%9E%D7%A9%D7%94/,0,8,0,4.5
https://nad-lan.co.il/professionals/%D7%93%D7%94%D7%9F-%D7%A9%D7%9E%D7%A2%D7%95%D7%9F-2/,0,2,0,10.5
https://nad-lan.co.il/professionals/%D7%93%D7%94-%D7%A7%D7%95%D7%A1%D7%98%D7%94-%D7%90%D7%A8%D7%96/,0,1,0,3
https://nad-lan.co.il/professionals/%D7%93%D7%95%D7%93-%D7%97%D7%99-%D7%A0%D7%99%D7%A1%D7%99%D7%9D/,0,5,0,10.4
https://nad-lan.co.il/professionals/%D7%93%D7%95%D7%93-%D7%99%D7%95%D7%A1%D7%A3/,0,2,0,5
https://nad-lan.co.il/professionals/%D7%93%D7%95%D7%99%D7%93%D7%95%D7%A3-%D7%93%D7%95%D7%93/,0,1,0,7
https://nad-lan.co.il/professionals/%D7%93%D7%95%D7%9B%D7%90%D7%9F-%D7%99%D7%A6%D7%97%D7%A7/,0,6,0,12.5
https://nad-lan.co.il/professionals/%D7%93%D7%95%D7%A8%D7%95%D7%9F-%D7%A9%D7%9E%D7%A2%D7%95%D7%9F/,0,3,0,7.333333333333333
https://nad-lan.co.il/professionals/%D7%93%D7%95%D7%A8%D7%A0%D7%99-%D7%A0%D7%99%D7%A8/,0,1,0,5
https://nad-lan.co.il/professionals/%D7%93%D7%95%D7%A8%D7%A4%D7%91%D7%A8%D7%92%D7%A8-%D7%A9%D7%A8%D7%95%D7%9F/,0,2,0,13
https://nad-lan.co.il/professionals/%D7%93%D7%99%D7%90%D7%91-%D7%A2%D7%90%D7%93%D7%9C-2/,0,4,0,5.5
https://nad-lan.co.il/professionals/%D7%93%D7%99%D7%93%D7%99-%D7%A8%D7%95%D7%A0%D7%9F/,0,2,0,3
https://nad-lan.co.il/professionals/%D7%93%D7%99%D7%99%D7%9F-%D7%93%D7%95%D7%93/,0,2,0,8
https://nad-lan.co.il/professionals/%D7%93%D7%99%D7%99%D7%9F-%D7%9E%D7%99%D7%A9%D7%9C/,0,2,0,9
https://nad-lan.co.il/professionals/%D7%93%D7%9B%D7%A0%D7%90%D7%A1-%D7%A2%D7%91%D7%93/,0,5,0,2.2
https://nad-lan.co.il/professionals/%D7%93%D7%9C%D7%9C-%D7%A2%D7%9E%D7%95%D7%A1/,0,4,0,3.25
https://nad-lan.co.il/professionals/%D7%93%D7%9E%D7%90%D7%99%D7%95-%D7%90%D7%9C%D7%A2%D7%93/,0,5,0,8.8
https://nad-lan.co.il/professionals/%D7%93%D7%9E%D7%90%D7%A8%D7%99-%D7%A0%D7%99%D7%A8/,0,19,0,10.31578947368421
https://nad-lan.co.il/professionals/%D7%93%D7%A1%D7%95%D7%A7%D7%94-%D7%97%D7%90%D7%9C%D7%93/,0,3,0,2
https://nad-lan.co.il/professionals/%D7%93%D7%A2%D7%90%D7%A1-%D7%90%D7%97%D7%9E%D7%93/,0,3,0,14
https://nad-lan.co.il/professionals/%D7%93%D7%A2%D7%90%D7%A1-%D7%A1%D7%90%D7%9E%D7%A1%D7%A8/,0,1,0,1
https://nad-lan.co.il/professionals/%D7%93%D7%A7%D7%9C-%D7%AA%D7%95%D7%9E%D7%A8/,0,10,0,7.1
https://nad-lan.co.il/professionals/%D7%93%D7%A7%D7%A1%D7%94-%D7%A1%D7%9E%D7%99%D7%97/,0,1,0,1
https://nad-lan.co.il/professionals/%D7%93%D7%A8%D7%90%D7%95%D7%A9%D7%94-%D7%94%D7%A9%D7%90%D7%9D/,0,5,0,8.4
https://nad-lan.co.il/professionals/%D7%93%D7%A8%D7%90%D7%95%D7%A9%D7%94-%D7%98%D7%90%D7%A8%D7%A7/,0,3,0,4.666666666666666
https://nad-lan.co.il/professionals/%D7%93%D7%A8%D7%90%D7%95%D7%A9%D7%94-%D7%98%D7%95%D7%A2%D7%9E%D7%94/,0,1,0,5
https://nad-lan.co.il/professionals/%D7%93%D7%A8%D7%90%D7%95%D7%A9%D7%94-%D7%9E%D7%95%D7%97%D7%9E%D7%93-2/,0,2,0,16.5
https://nad-lan.co.il/professionals/%D7%93%D7%A8%D7%90%D7%95%D7%A9%D7%94-%D7%9E%D7%A9%D7%94%D7%95%D7%A8/,0,7,0,10.142857142857142
https://nad-lan.co.il/professionals/%D7%93%D7%A8%D7%90%D7%95%D7%A9%D7%94-%D7%A0%D7%96%D7%99%D7%94/,0,1,0,9
https://nad-lan.co.il/professionals/%D7%93%D7%A8%D7%91%D7%90%D7%A9%D7%99-%D7%9E%D7%95%D7%A1%D7%98%D7%A4%D7%90/,0,1,0,6
https://nad-lan.co.il/professionals/%D7%93%D7%A8%D7%91-%D7%99%D7%A8%D7%95%D7%9F/,0,1,0,10
https://nad-lan.co.il/professionals/%D7%93%D7%A8%D7%94%D7%99-%D7%A2%D7%9E%D7%99%D7%AA/,0,4,0,6.25
https://nad-lan.co.il/professionals/%D7%93%D7%A8%D7%95%D7%99%D7%A9-%D7%9E%D7%95%D7%97%D7%9E%D7%93/,0,3,0,2.666666666666667
https://nad-lan.co.il/professionals/%D7%93%D7%A8%D7%95%D7%A8%D7%99-%D7%90%D7%9C%D7%99/,0,6,0,7.833333333333333
https://nad-lan.co.il/professionals/%D7%93%D7%A8%D7%95%D7%A8%D7%99-%D7%A9%D7%9C%D7%95%D7%9D/,0,7,0,18.714285714285715
https://nad-lan.co.il/professionals/%D7%93%D7%A8%D7%95%D7%A8-%D7%99%D7%A2%D7%A7%D7%91/,0,7,0,5.285714285714286
https://nad-lan.co.il/professionals/%D7%93%D7%A8%D7%A2%D7%99-%D7%99%D7%95%D7%A8%D7%9D/,0,4,0,5.75
https://nad-lan.co.il/professionals/%D7%93%D7%A9%D7%98-%D7%90%D7%9C%D7%99%D7%94%D7%95/,0,1,0,3
https://nad-lan.co.il/professionals/%D7%94%D7%90%D7%95%D7%A1%D7%A4%D7%98%D7%A8-%D7%AA%D7%9E%D7%99%D7%A8/,0,1,0,6
https://nad-lan.co.il/professionals/%D7%94%D7%91%D7%94%D7%99%D7%9C-%D7%A9%D7%9C%D7%9E%D7%94/,0,1,0,6
https://nad-lan.co.il/professionals/%D7%94%D7%95%D7%99%D7%96%D7%9E%D7%9F-%D7%93%D7%A8%D7%95%D7%A8/,0,2,0,6.5
https://nad-lan.co.il/professionals/%D7%94%D7%95%D7%9B%D7%94%D7%95%D7%96%D7%A8-%D7%A8%D7%95%D7%A0%D7%9F/,0,1,0,8
https://nad-lan.co.il/professionals/%D7%94%D7%95%D7%A4%D7%9E%D7%9F-%D7%90%D7%95%D7%A8%D7%9F/,0,1,0,3
https://nad-lan.co.il/professionals/%D7%94%D7%99%D7%99%D7%91-%D7%A2%D7%95%D7%9E%D7%A8/,0,2,0,8
https://nad-lan.co.il/professionals/%D7%94%D7%9C%D7%9E%D7%9F-%D7%99%D7%92%D7%90%D7%9C/,0,15,0,13.4
https://nad-lan.co.il/professionals/%D7%94%D7%9E%D7%90%D7%99%D7%A8%D7%99-%D7%9C%D7%99%D7%90%D7%95%D7%A8/,0,5,0,11
https://nad-lan.co.il/professionals/%D7%94%D7%A0%D7%91%D7%95%D7%96%D7%99-%D7%90%D7%93%D7%94%D7%9D/,0,1,0,5
https://nad-lan.co.il/professionals/%D7%94%D7%A8%D7%99%D7%A1-%D7%A6%D7%91%D7%99/,0,1,0,2
https://nad-lan.co.il/professionals/%D7%94%D7%A8%D7%A4%D7%96-%D7%93%D7%A8%D7%95%D7%A8/,0,3,0,6.333333333333333
https://nad-lan.co.il/professionals/%D7%94%D7%A8%D7%A8%D7%99-%D7%A0%D7%99%D7%A1%D7%99%D7%9D/,0,1,0,7
https://nad-lan.co.il/professionals/%D7%94%D7%A8%D7%A8%D7%99-%D7%A0%D7%A2%D7%9D/,0,2,0,16.5
https://nad-lan.co.il/professionals/%D7%95%D7%90%D7%A7%D7%A0%D7%99%D7%9F-%D7%90%D7%9C%D7%99/,0,2,0,9
https://nad-lan.co.il/professionals/%D7%95%D7%92%D7%9F-%D7%90%D7%91%D7%99/,0,2,0,4
https://nad-lan.co.il/professionals/%D7%95%D7%95%D7%A7%D7%A0%D7%99%D7%9F-%D7%90%D7%A8%D7%96/,0,2,0,5
https://nad-lan.co.il/professionals/%D7%95%D7%99%D7%93%D7%A0%D7%94-%D7%A8%D7%95%D7%9F/,0,1,0,5
https://nad-lan.co.il/professionals/%D7%95%D7%99%D7%99%D7%A0%D7%91%D7%A8%D7%92-%D7%90%D7%9E%D7%99%D7%A8/,0,8,0,5.5
https://nad-lan.co.il/professionals/%D7%95%D7%99%D7%A0%D7%98%D7%A8%D7%90%D7%95%D7%91-%D7%99%D7%A9%D7%A8%D7%90%D7%9C/,0,2,0,4.5
https://nad-lan.co.il/professionals/%D7%95%D7%99%D7%A6%D7%9E%D7%9F-%D7%99%D7%95%D7%A8%D7%9D/,0,8,0,8.375
https://nad-lan.co.il/professionals/%D7%95%D7%99%D7%A7%D7%A1%D7%9C%D7%91%D7%95%D7%99%D7%9D-%D7%99%D7%94%D7%95%D7%A0%D7%AA%D7%9F/,0,1,0,8
https://nad-lan.co.il/professionals/%D7%95%D7%9C%D7%93%D7%99%D7%A1%D7%9C%D7%91%D7%A1%D7%A7%D7%99-%D7%90%D7%9C%D7%A2%D7%93/,0,11,0,6.545454545454546
https://nad-lan.co.il/professionals/%D7%95%D7%A1%D7%99%D7%9C%D7%99%D7%91%D7%A8-%D7%A8%D7%9F/,0,4,0,4.75
https://nad-lan.co.il/professionals/%D7%95%D7%A7%D7%A1%D7%9C%D7%A8-%D7%99%D7%A6%D7%97%D7%A7-%D7%A8%D7%9D/,0,1,0,3
https://nad-lan.co.il/professionals/%D7%95%D7%A8%D7%93%D7%99-%D7%90%D7%95%D7%A8%D7%9F/,0,4,0,5.75
https://nad-lan.co.il/professionals/%D7%95%D7%AA%D7%93-%D7%9E%D7%95%D7%97%D7%9E%D7%93/,0,4,0,11
https://nad-lan.co.il/professionals/%D7%95%D7%AA%D7%93-%D7%A8%D7%99%D7%90%D7%93/,0,3,0,5.666666666666667
https://nad-lan.co.il/professionals/%D7%96%D7%90%D7%A0%D7%98%D7%A7%D7%A8%D7%9F-%D7%A9%D7%9E%D7%95%D7%90%D7%9C/,0,1,0,7
https://nad-lan.co.il/professionals/%D7%96%D7%91%D7%95%D7%9C%D7%95%D7%A0%D7%99-%D7%90%D7%9C%D7%99%D7%94%D7%95/,0,7,0,6.714285714285714
https://nad-lan.co.il/professionals/%D7%96%D7%92%D7%99%D7%99%D7%A8-%D7%A1%D7%90%D7%9E%D7%A8/,0,1,0,3
https://nad-lan.co.il/professionals/%D7%96%D7%94%D7%91%D7%99-%D7%9E%D7%90%D7%99%D7%A8/,0,1,0,4
https://nad-lan.co.il/professionals/%D7%96%D7%94%D7%95%D7%94-%D7%90%D7%99%D7%90%D7%93/,0,3,0,4.333333333333334
https://nad-lan.co.il/professionals/%D7%96%D7%94%D7%A8-%D7%90%D7%A8%D7%96/,0,5,0,5.2
https://nad-lan.co.il/professionals/%D7%96%D7%94%D7%A8-%D7%99%D7%95%D7%90%D7%91/,0,2,0,15
https://nad-lan.co.il/professionals/%D7%96%D7%94%D7%A8-%D7%A1%D7%9E%D7%99%D7%A8/,0,1,0,2
https://nad-lan.co.il/professionals/%D7%96%D7%95%D7%A0%D7%93%D7%A8-%D7%A8%D7%9F/,0,13,0,7.076923076923077
https://nad-lan.co.il/professionals/%D7%96%D7%95%D7%A0%D7%A0%D7%A9%D7%99%D7%99%D7%9F-%D7%92%D7%A8%D7%9E%D7%99/,0,1,0,2
https://nad-lan.co.il/professionals/%D7%96%D7%95%D7%A2%D7%91%D7%99-%D7%90%D7%97%D7%9E%D7%93-2/,0,4,0,11.5
https://nad-lan.co.il/professionals/%D7%96%D7%95%D7%A2%D7%91%D7%99-%D7%94%D7%90%D7%A0%D7%99/,0,7,0,8.571428571428571
https://nad-lan.co.il/professionals/%D7%96%D7%95%D7%A2%D7%91%D7%99-%D7%97%D7%A1%D7%9F/,0,1,0,10
https://nad-lan.co.il/professionals/%D7%96%D7%95%D7%A2%D7%91%D7%99-%D7%A1%D7%90%D7%9E%D7%A8/,0,2,0,18
https://nad-lan.co.il/professionals/%D7%96%D7%97%D7%90%D7%99%D7%A7%D7%94-%D7%99%D7%95%D7%A0%D7%A1/,0,1,0,8
https://nad-lan.co.il/professionals/%D7%96%D7%99%D7%93%D7%90%D7%9F-%D7%90%D7%91%D7%A8%D7%94%D7%9D/,0,1,0,1
https://nad-lan.co.il/professionals/%D7%96%D7%99%D7%93%D7%90%D7%9F-%D7%98%D7%90%D7%A8%D7%A7/,0,11,0,8.09090909090909
https://nad-lan.co.il/professionals/%D7%96%D7%99%D7%95-%D7%90%D7%9C%D7%91%D7%A8%D7%98/,0,1,0,1
https://nad-lan.co.il/professionals/%D7%96%D7%99%D7%95-%D7%93%D7%95%D7%93/,0,1,0,5
https://nad-lan.co.il/professionals/%D7%96%D7%99%D7%95-%D7%99%D7%A2%D7%A7%D7%91/,0,2,0,4
https://nad-lan.co.il/professionals/%D7%96%D7%99%D7%99%D7%9F-%D7%95%D7%95%D7%90%D7%99%D7%9C/,0,1,0,7
https://nad-lan.co.il/professionals/%D7%96%D7%99%D7%9C%D7%91%D7%A8%D7%91%D7%A8%D7%92-%D7%92%D7%99%D7%9C/,0,6,0,10.166666666666666
https://nad-lan.co.il/professionals/%D7%96%D7%99%D7%9C%D7%91%D7%A8%D7%9E%D7%9F-%D7%99%D7%A6%D7%97%D7%A7/,0,4,0,6.5
https://nad-lan.co.il/professionals/%D7%96%D7%99%D7%9C%D7%91%D7%A8%D7%A1%D7%95%D7%9F-%D7%A8%D7%9F-%D7%A2%D7%96%D7%A8%D7%90/,0,2,0,3.5
https://nad-lan.co.il/professionals/%D7%96%D7%9B%D7%90%D7%99-%D7%92%D7%95%D7%9C%D7%9F/,0,1,0,7
https://nad-lan.co.il/professionals/%D7%96%D7%9B%D7%A8%D7%99%D7%94-%D7%90%D7%9E%D7%A0%D7%95%D7%9F/,0,2,0,6.5
https://nad-lan.co.il/professionals/%D7%96%D7%9C%D7%95%D7%98%D7%95%D7%9C%D7%95%D7%91-%D7%9E%D7%A9%D7%94/,0,9,0,9.555555555555555
https://nad-lan.co.il/professionals/%D7%96%D7%9E%D7%9C-%D7%90%D7%91%D7%99%D7%A9%D7%99/,0,2,0,5.5
https://nad-lan.co.il/professionals/%D7%96%D7%A7%D7%A1-%D7%90%D7%99%D7%9C%D7%9F/,0,1,0,10
https://nad-lan.co.il/professionals/%D7%96%D7%A8%D7%91%D7%9C-%D7%A2%D7%99%D7%A8%D7%9F/,0,1,0,4
https://nad-lan.co.il/professionals/%D7%96%D7%A8%D7%99%D7%A7%D7%90%D7%AA-%D7%A0%D7%99%D7%96%D7%90%D7%A8/,0,5,0,8.2
https://nad-lan.co.il/professionals/%D7%96%D7%A8%D7%A7%D7%94-%D7%91%D7%A0%D7%99%D7%9E%D7%99%D7%9F/,0,6,0,4.166666666666666
https://nad-lan.co.il/professionals/%D7%97%D7%90%D7%92%D7%99-%D7%99%D7%97%D7%99%D7%90/,0,1,0,9
https://nad-lan.co.il/professionals/%D7%97%D7%90%D7%92%D7%99-%D7%A0%D7%92%D7%99%D7%91/,0,1,0,17
https://nad-lan.co.il/professionals/%D7%97%D7%90%D7%92-%D7%99%D7%97%D7%99%D7%90-%D7%94%D7%90%D7%A0%D7%99/,0,7,0,6.142857142857143
https://nad-lan.co.il/professionals/%D7%97%D7%90%D7%92-%D7%99%D7%97%D7%99%D7%90-%D7%9E%D7%97%D7%9E%D7%95%D7%93/,0,2,0,27
https://nad-lan.co.il/professionals/%D7%97%D7%90%D7%92-%D7%99%D7%97%D7%99%D7%90-%D7%A2%D7%91%D7%93-%D7%90%D7%9C%D7%A8%D7%97%D7%99%D7%9D/,0,1,0,7
https://nad-lan.co.il/professionals/%D7%97%D7%90%D7%92-%D7%99%D7%97%D7%99%D7%90-%D7%A2%D7%9E%D7%90%D7%93-%D7%A1%D7%90%D7%9E%D7%99/,0,6,0,18.833333333333332
https://nad-lan.co.il/professionals/%D7%97%D7%90%D7%92-%D7%99%D7%97%D7%99%D7%90-%D7%A8%D7%90%D7%99%D7%93/,0,3,0,1.6666666666666665
https://nad-lan.co.il/professionals/%D7%97%D7%90%D7%92-%D7%9E%D7%95%D7%97%D7%9E%D7%93-%D7%A0%D7%93%D7%90%D7%9C/,0,2,0,7.5
https://nad-lan.co.il/professionals/%D7%97%D7%90%D7%92-%D7%9E%D7%95%D7%97%D7%9E%D7%93/,0,1,0,1
https://nad-lan.co.il/professionals/%D7%97%D7%90%D7%9B%D7%95-%D7%9E%D7%95%D7%A1%D7%90/,0,3,0,6
https://nad-lan.co.il/professionals/%D7%97%D7%90%D7%A1%D7%99-%D7%97%D7%9C%D7%99%D7%9C/,0,1,0,5
https://nad-lan.co.il/professionals/%D7%97%D7%90%D7%A7%D7%A9%D7%95%D7%A8-%D7%9E%D7%A8%D7%93%D7%9B%D7%99/,0,10,0,7.1
https://nad-lan.co.il/professionals/%D7%97%D7%91%D7%99%D7%91-%D7%90%D7%9C%D7%99%D7%94%D7%95/,0,1,0,5
https://nad-lan.co.il/professionals/%D7%97%D7%92%D7%90%D7%92%D7%99-%D7%A1%D7%90%D7%93%D7%A7/,0,1,0,9
https://nad-lan.co.il/professionals/%D7%97%D7%92%D7%90%D7%92-%D7%99%D7%A6%D7%97%D7%A7/,0,1,0,2
https://nad-lan.co.il/professionals/%D7%97%D7%92%D7%90%D7%96%D7%99-%D7%9E%D7%97%D7%9E%D7%93/,0,1,0,8
https://nad-lan.co.il/professionals/%D7%97%D7%92%D7%90%D7%96%D7%99-%D7%A2%D7%95%D7%9E%D7%A8/,0,4,0,3.25
https://nad-lan.co.il/professionals/%D7%97%D7%92%D7%91%D7%99-%D7%92%D7%99%D7%90/,0,2,0,5.5
https://nad-lan.co.il/professionals/%D7%97%D7%92%D7%91%D7%99-%D7%A2%D7%96%D7%A8%D7%90/,0,2,0,7
https://nad-lan.co.il/professionals/%D7%97%D7%92%D7%99-%D7%A2%D7%AA%D7%9E%D7%9F-%D7%A2%D7%A0%D7%9F/,0,2,0,5
https://nad-lan.co.il/professionals/%D7%97%D7%93%D7%90%D7%93-%D7%99%D7%95%D7%A1%D7%A3/,0,4,0,5.25
https://nad-lan.co.il/professionals/%D7%97%D7%93%D7%90%D7%93-%D7%A2%D7%95%D7%A4%D7%A8/,0,3,0,18.333333333333332
https://nad-lan.co.il/professionals/%D7%97%D7%93%D7%93-%D7%90%D7%9C%D7%95%D7%9F/,0,3,0,29.333333333333332
https://nad-lan.co.il/professionals/%D7%97%D7%93%D7%93-%D7%93%D7%91/,0,2,0,5
https://nad-lan.co.il/professionals/%D7%97%D7%93%D7%93-%D7%99%D7%92%D7%90%D7%9C/,0,2,0,4.5
https://nad-lan.co.il/professionals/%D7%97%D7%93%D7%93-%D7%9E%D7%A9%D7%94-%D7%90%D7%9C%D7%99/,0,5,0,9.8
https://nad-lan.co.il/professionals/%D7%97%D7%93%D7%93-%D7%A2%D7%9E%D7%A0%D7%95%D7%90%D7%9C/,0,1,0,1
https://nad-lan.co.il/professionals/%D7%97%D7%95%D7%90%D7%99%D7%98%D7%94-%D7%A2%D7%90%D7%9E%D7%A8/,0,3,0,6.333333333333333
https://nad-lan.co.il/professionals/%D7%97%D7%95%D7%90-%D7%A2%D7%9C%D7%90/,0,2,0,2
https://nad-lan.co.il/professionals/%D7%97%D7%95%D7%92%D7%99%D7%A8%D7%90%D7%AA-%D7%90%D7%98%D7%94%D7%A8/,0,1,0,7
https://nad-lan.co.il/professionals/%D7%97%D7%95%D7%92%D7%99%D7%A8%D7%90%D7%AA-%D7%97%D7%90%D7%9C%D7%93/,0,1,0,4
https://nad-lan.co.il/professionals/%D7%97%D7%95%D7%93%D7%A8%D7%94-%D7%90%D7%91%D7%A8%D7%94%D7%9D/,0,6,0,13.833333333333334
https://nad-lan.co.il/professionals/%D7%97%D7%95%D7%98%D7%91%D7%90-%D7%A1%D7%A2%D7%99%D7%93/,0,4,0,7
https://nad-lan.co.il/professionals/%D7%97%D7%95%D7%A1%D7%99%D7%99%D7%9F-%D7%A0%D7%99%D7%96%D7%90%D7%A8/,0,2,0,7
https://nad-lan.co.il/professionals/%D7%97%D7%95%D7%A1%D7%99%D7%99%D7%9F-%D7%A1%D7%90%D7%94%D7%A8/,0,3,0,6.666666666666667
https://nad-lan.co.il/professionals/%D7%97%D7%95%D7%A1%D7%99%D7%9F-%D7%90%D7%99%D7%90%D7%93/,0,3,0,1
https://nad-lan.co.il/professionals/%D7%97%D7%95%D7%A1%D7%99%D7%9F-%D7%94%D7%99%D7%AA%D7%9D/,0,1,0,10
https://nad-lan.co.il/professionals/%D7%97%D7%95%D7%A1%D7%99%D7%9F-%D7%A0%D7%93%D7%90%D7%9C/,0,1,0,1
https://nad-lan.co.il/professionals/%D7%97%D7%95%D7%A8%D7%99-%D7%90%D7%91%D7%99%D7%94%D7%95-%D7%97%D7%99%D7%99%D7%9D/,0,2,0,1.5
https://nad-lan.co.il/professionals/%D7%97%D7%95%D7%A8%D7%99-%D7%95%D7%90%D7%99%D7%9C/,0,6,0,6.666666666666667
https://nad-lan.co.il/professionals/%D7%97%D7%95%D7%A8%D7%99-%D7%97%D7%A0%D7%90/,0,4,0,6.5
https://nad-lan.co.il/professionals/%D7%97%D7%95%D7%A8%D7%99-%D7%A8%D7%90%D7%99%D7%93/,0,1,0,10
https://nad-lan.co.il/professionals/%D7%97%D7%95%D7%A8%D7%A9-%D7%92%D7%99%D7%90/,0,1,0,8
https://nad-lan.co.il/professionals/%D7%97%D7%95%D7%A8%D7%A9-%D7%A9%D7%99/,0,4,0,8.25
https://nad-lan.co.il/professionals/%D7%97%D7%96%D7%95%D7%9F-%D7%A8%D7%A4%D7%90%D7%9C/,0,4,0,8.5
https://nad-lan.co.il/professionals/%D7%97%D7%96%D7%99%D7%96%D7%94-%D7%99%D7%A6%D7%97%D7%A7-%D7%9E%D7%90%D7%99%D7%91/,0,1,0,1
https://nad-lan.co.il/professionals/%D7%97%D7%96%D7%9F-%D7%90%D7%91%D7%99/,0,2,0,7.5
https://nad-lan.co.il/professionals/%D7%97%D7%96%D7%9F-%D7%90%D7%99%D7%9C-%D7%99%D7%A2%D7%99%D7%A9/,0,2,0,7.5
https://nad-lan.co.il/professionals/%D7%97%D7%96%D7%9F-%D7%99%D7%95%D7%A1%D7%99/,0,5,0,8
https://nad-lan.co.il/professionals/%D7%97%D7%96%D7%9F-%D7%A1%D7%99%D7%92%D7%9C/,0,2,0,6
https://nad-lan.co.il/professionals/%D7%97%D7%96%D7%9F-%D7%A8%D7%A4%D7%90%D7%9C/,0,5,0,3.4
https://nad-lan.co.il/professionals/%D7%97%D7%98%D7%99%D7%91-%D7%A0%D7%A2%D7%99%D7%9D/,0,2,0,6
https://nad-lan.co.il/professionals/%D7%97%D7%99%D7%95%D7%9F-%D7%93%D7%95%D7%93/,0,1,0,9
https://nad-lan.co.il/professionals/%D7%97%D7%99%D7%95-%D7%A2%D7%96%D7%A8%D7%90/,0,11,0,8.727272727272727
https://nad-lan.co.il/professionals/%D7%97%D7%99%D7%99%D7%9E%D7%95%D7%91%D7%A1%D7%A7%D7%99-%D7%93%D7%91/,0,4,0,3.25
https://nad-lan.co.il/professionals/%D7%97%D7%99%D7%99%D7%9E%D7%95%D7%91-%D7%93%D7%95%D7%93/,0,4,0,4.75
https://nad-lan.co.il/professionals/%D7%97%D7%99%D7%A0%D7%90%D7%95%D7%99-%D7%94%D7%99%D7%9C%D7%90%D7%9C/,0,1,0,5
https://nad-lan.co.il/professionals/%D7%97%D7%9B%D7%9D-%D7%99%D7%A2%D7%A7%D7%91/,0,1,0,5
https://nad-lan.co.il/professionals/%D7%97%D7%9B%D7%9E%D7%92%D7%A0%D7%99-%D7%A8%D7%9E%D7%99/,0,2,0,9
https://nad-lan.co.il/professionals/%D7%97%D7%9C%D7%90%D7%99%D7%9C%D7%94-%D7%91%D7%90%D7%93%D7%99/,0,2,0,47.5
https://nad-lan.co.il/professionals/%D7%97%D7%9C%D7%91%D7%99-%D7%90%D7%99%D7%99%D7%9E%D7%9F/,0,4,0,3.25
https://nad-lan.co.il/professionals/%D7%97%D7%9C%D7%91%D7%99-%D7%A1%D7%9C%D7%99%D7%9E%D7%90%D7%9F/,0,11,0,10.454545454545455
https://nad-lan.co.il/professionals/%D7%97%D7%9C%D7%95%D7%94-%D7%90%D7%94%D7%A8%D7%95%D7%9F/,0,4,0,14.5
https://nad-lan.co.il/professionals/%D7%97%D7%9C%D7%99%D7%97%D7%9C-%D7%92%D7%90%D7%A0%D7%9D/,0,4,0,6
https://nad-lan.co.il/professionals/%D7%97%D7%9C%D7%99%D7%9C%D7%99%D7%94-%D7%90%D7%97%D7%9E%D7%93-%D7%A9%D7%A8%D7%99%D7%A3/,0,9,0,4
https://nad-lan.co.il/professionals/%D7%97%D7%9C%D7%99%D7%9C%D7%99%D7%94-%D7%A2%D7%90%D7%9E%D7%A8/,0,4,0,7.25
https://nad-lan.co.il/professionals/%D7%97%D7%9C%D7%99%D7%9C-%D7%96%D7%9B%D7%A8%D7%99%D7%90/,0,2,0,8
https://nad-lan.co.il/professionals/%D7%97%D7%9C%D7%99%D7%9C-%D7%A2%D7%91%D7%93-%D7%90%D7%9C-%D7%A1%D7%9C%D7%90%D7%9D/,0,1,0,5
https://nad-lan.co.il/professionals/%D7%97%D7%9C%D7%A4%D7%95%D7%9F-%D7%90%D7%99%D7%AA%D7%9F/,0,7,0,8.428571428571429
https://nad-lan.co.il/professionals/%D7%97%D7%9E%D7%90%D7%99%D7%A1%D7%99-%D7%94%D7%99%D7%A9%D7%90%D7%9D/,0,1,0,8
https://nad-lan.co.il/professionals/%D7%97%D7%9E%D7%90%D7%AA%D7%99-%D7%90%D7%A0%D7%98%D7%95%D7%9F/,0,2,0,5
https://nad-lan.co.il/professionals/%D7%97%D7%9E%D7%95-%D7%99%D7%A2%D7%A7%D7%91-%D7%A9%D7%99/,0,4,0,12.25
https://nad-lan.co.il/professionals/%D7%97%D7%9E%D7%9E%D7%99-%D7%A2%D7%96%D7%A8%D7%90/,0,20,0,11.8
https://nad-lan.co.il/professionals/%D7%97%D7%9F-%D7%90%D7%91%D7%99%D7%91%D7%94/,0,2,0,4
https://nad-lan.co.il/professionals/%D7%97%D7%9F-%D7%90%D7%95%D7%A8%D7%9F/,0,2,0,8
https://nad-lan.co.il/professionals/%D7%97%D7%9F-%D7%90%D7%9E%D7%A0%D7%95%D7%9F/,0,2,0,5.5
https://nad-lan.co.il/professionals/%D7%97%D7%9F-%D7%99%D7%A6%D7%97%D7%A7/,0,1,0,3
https://nad-lan.co.il/professionals/%D7%97%D7%9F-%D7%A9%D7%9E%D7%95%D7%90%D7%9C/,0,11,0,24.09090909090909
https://nad-lan.co.il/professionals/%D7%97%D7%A0%D7%90%D7%A0%D7%90%D7%99%D7%99%D7%91-%D7%99%D7%A9%D7%A8%D7%90%D7%9C/,0,1,0,6
https://nad-lan.co.il/professionals/%D7%97%D7%A0%D7%99%D7%9F-%D7%A9%D7%9C%D7%9E%D7%94/,0,1,0,2
https://nad-lan.co.il/professionals/%D7%97%D7%A1%D7%90%D7%9F-%D7%96%D7%95%D7%94%D7%99%D7%A8/,0,3,0,6.333333333333333
https://nad-lan.co.il/professionals/%D7%97%D7%A1%D7%93%D7%99%D7%94-%D7%9E%D7%95%D7%97%D7%9E%D7%93/,0,2,0,37
https://nad-lan.co.il/professionals/%D7%97%D7%A1%D7%95%D7%9F-%D7%9E%D7%A9%D7%94/,0,1,0,3
https://nad-lan.co.il/professionals/%D7%97%D7%A1%D7%99%D7%9F-%D7%93%D7%95%D7%93/,0,3,0,4.666666666666666
https://nad-lan.co.il/professionals/%D7%97%D7%A1%D7%9F-%D7%97%D7%90%D7%92%D7%99-%D7%A0%D7%99%D7%96%D7%90%D7%A8/,0,4,0,9
https://nad-lan.co.il/professionals/%D7%97%D7%A1%D7%9F-%D7%9E%D7%A9%D7%94/,0,7,0,8.857142857142858
https://nad-lan.co.il/professionals/%D7%97%D7%A1%D7%9F-%D7%A1%D7%9C%D7%99%D7%9E%D7%90%D7%9F/,0,1,0,4
https://nad-lan.co.il/professionals/%D7%97%D7%A1%D7%9F-%D7%A2%D7%95%D7%9E%D7%A8/,0,3,0,17.333333333333332
https://nad-lan.co.il/professionals/%D7%97%D7%A1%D7%9F-%D7%A8%D7%A4%D7%90%D7%9C/,0,9,0,9.11111111111111
https://nad-lan.co.il/professionals/%D7%97%D7%A4%D7%A5-%D7%99%D7%90%D7%99%D7%A8/,0,7,0,3.2857142857142856
https://nad-lan.co.il/professionals/%D7%97%D7%A8%D7%99%D7%96%D7%99-%D7%92%D7%95%D7%9E%D7%A2%D7%94/,0,1,0,2
https://nad-lan.co.il/professionals/%D7%98%D7%90%D7%94%D7%90-%D7%90%D7%9E%D7%99%D7%9F-2/,0,7,0,11.714285714285714
https://nad-lan.co.il/professionals/%D7%98%D7%90%D7%94%D7%90-%D7%9E%D7%90%D7%94%D7%9C/,0,1,0,7
https://nad-lan.co.il/professionals/%D7%98%D7%90%D7%95%D7%91%D7%A8-%D7%A8%D7%95%D7%AA%D7%9D/,0,3,0,12
https://nad-lan.co.il/professionals/%D7%98%D7%91%D7%95%D7%9C-%D7%A9%D7%9E%D7%A2%D7%95%D7%9F/,0,2,0,6.5
https://nad-lan.co.il/professionals/%D7%98%D7%91%D7%99%D7%91-%D7%90%D7%94%D7%95%D7%93/,0,7,0,7.142857142857143
https://nad-lan.co.il/professionals/%D7%98%D7%94%D7%91%D7%A9-%D7%A2%D7%95%D7%A4%D7%A8/,0,1,0,5
https://nad-lan.co.il/professionals/%D7%98%D7%94%D7%94-%D7%95%D7%94%D7%91%D7%99/,0,16,0,3.4375
https://nad-lan.co.il/professionals/%D7%98%D7%95%D7%91%D7%99%D7%9D-%D7%A9%D7%9C%D7%95%D7%9E%D7%99/,0,1,0,4
https://nad-lan.co.il/professionals/%D7%98%D7%95%D7%91%D7%99-%D7%90%D7%91%D7%99%D7%94%D7%95/,0,14,0,6.642857142857143
https://nad-lan.co.il/professionals/%D7%98%D7%95%D7%91%D7%9C-%D7%92%D7%99%D7%9C/,0,1,0,3
https://nad-lan.co.il/professionals/%D7%98%D7%95%D7%98%D7%99%D7%90%D7%9F-%D7%A8%D7%9E%D7%99/,0,3,0,33
https://nad-lan.co.il/professionals/%D7%98%D7%95%D7%99%D7%9C-%D7%A0%D7%91%D7%94%D7%90%D7%9F/,0,1,0,42
https://nad-lan.co.il/professionals/%D7%98%D7%95%D7%9C%D7%93%D7%95-%D7%A9%D7%9C%D7%95%D7%9E%D7%95/,0,1,0,4
https://nad-lan.co.il/professionals/%D7%98%D7%95%D7%9C%D7%93%D7%95-%D7%A9%D7%9C%D7%95%D7%9E%D7%99/,0,13,0,6.461538461538462
https://nad-lan.co.il/professionals/%D7%98%D7%95%D7%A8%D7%9D-%D7%90%D7%91%D7%A0%D7%A8/,0,2,0,1.5
https://nad-lan.co.il/professionals/%D7%98%D7%99%D7%90%D7%A8-%D7%90%D7%99%D7%AA%D7%99/,0,1,0,6
https://nad-lan.co.il/professionals/%D7%98%D7%99%D7%90%D7%A8-%D7%91%D7%A8%D7%95%D7%9A/,0,1,0,4
https://nad-lan.co.il/professionals/%D7%98%D7%9C-%D7%93%D7%A0%D7%99%D7%90%D7%9C/,0,5,0,7.8
https://nad-lan.co.il/professionals/%D7%98%D7%9C-%D7%A6%D7%91%D7%99-%D7%99%D7%95%D7%A1%D7%A3-%D7%90%D7%A9%D7%A8/,0,6,0,2.833333333333333
https://nad-lan.co.il/professionals/%D7%98%D7%A8%D7%91%D7%99%D7%94-%D7%9E%D7%A8%D7%A2%D7%99/,0,3,0,3
https://nad-lan.co.il/professionals/%D7%98%D7%A8%D7%96%D7%99-%D7%97%D7%A0%D7%90/,0,1,0,5
https://nad-lan.co.il/professionals/%D7%98%D7%A8%D7%99%D7%A3-%D7%97%D7%A1%D7%90%D7%9F/,0,1,0,3
https://nad-lan.co.il/professionals/%D7%99%D7%90%D7%99%D7%A8-%D7%93%D7%9F-%D7%90%D7%9C%D7%99%D7%94%D7%95/,0,1,0,1
https://nad-lan.co.il/professionals/%D7%99%D7%90%D7%99%D7%A8-%D7%9C%D7%99%D7%90%D7%95%D7%A8/,0,7,0,16.142857142857142
https://nad-lan.co.il/professionals/%D7%99%D7%90%D7%99%D7%A8-%D7%A9%D7%9C%D7%90%D7%91/,0,49,0,8.612244897959183
https://nad-lan.co.il/professionals/%D7%99%D7%90%D7%A1%D7%99%D7%9F-%D7%97%D7%9C%D7%99%D7%9C/,0,6,0,2.666666666666667
https://nad-lan.co.il/professionals/%D7%99%D7%90%D7%A1%D7%99%D7%9F-%D7%A1%D7%90%D7%9E%D7%99/,0,7,0,11.428571428571429
https://nad-lan.co.il/professionals/%D7%99%D7%90%D7%A1%D7%99%D7%9F-%D7%A2%D7%90%D7%A8%D7%A3/,0,1,0,2
https://nad-lan.co.il/professionals/%D7%99%D7%94%D7%91-%D7%A0%D7%AA%D7%A0%D7%90%D7%9C/,0,2,0,10
https://nad-lan.co.il/professionals/%D7%99%D7%94%D7%95%D7%93%D7%94-%D7%9C%D7%99%D7%90%D7%95%D7%A8/,0,11,0,3.727272727272727
https://nad-lan.co.il/professionals/%D7%99%D7%94%D7%95%D7%93%D7%94-%D7%A2%D7%96%D7%A8%D7%90/,0,1,0,16
https://nad-lan.co.il/professionals/%D7%99%D7%94%D7%95%D7%93%D7%94-%D7%A2%D7%9E%D7%99%D7%90%D7%9C/,0,18,0,9.277777777777779
https://nad-lan.co.il/professionals/%D7%99%D7%94%D7%95%D7%93-%D7%98%D7%9C/,0,1,0,2
https://nad-lan.co.il/professionals/%D7%99%D7%95%D7%92%D7%91-%D7%A6%D7%91%D7%99/,0,2,0,7.5
https://nad-lan.co.il/professionals/%D7%99%D7%95%D7%97%D7%A0%D7%9F-%D7%90%D7%9C%D7%99%D7%90%D7%A1-%D7%90%D7%9C%D7%99/,0,1,0,7
https://nad-lan.co.il/professionals/%D7%99%D7%95%D7%A0%D7%94-%D7%90%D7%99%D7%9C%D7%9F/,0,11,0,5.818181818181818
https://nad-lan.co.il/professionals/%D7%99%D7%95%D7%A0%D7%94-%D7%99%D7%95%D7%A1%D7%A3/,0,11,0,3.1818181818181817
https://nad-lan.co.il/professionals/%D7%99%D7%95%D7%A0%D7%99%D7%A1-%D7%9E%D7%95%D7%97%D7%9E%D7%93/,0,1,0,10
https://nad-lan.co.il/professionals/%D7%99%D7%95%D7%A1%D7%99%D7%A4%D7%95%D7%9F-%D7%A2%D7%96%D7%A8%D7%90/,0,5,0,5.6
https://nad-lan.co.il/professionals/%D7%99%D7%95%D7%A1%D7%A3-%D7%90%D7%99%D7%9C%D7%9F/,0,1,0,4
https://nad-lan.co.il/professionals/%D7%99%D7%95%D7%A1%D7%A3-%D7%99%D7%A2%D7%A7%D7%91/,0,2,0,6
https://nad-lan.co.il/professionals/%D7%99%D7%95%D7%A1%D7%A3-%D7%A1%D7%90%D7%94%D7%A8/,0,1,0,10
https://nad-lan.co.il/professionals/%D7%99%D7%95%D7%A1%D7%A3-%D7%A8%D7%95%D7%9F/,0,9,0,6
https://nad-lan.co.il/professionals/%D7%99%D7%95%D7%A1%D7%A3-%D7%A8%D7%95%D7%A2%D7%99/,0,1,0,4
https://nad-lan.co.il/professionals/%D7%99%D7%97%D7%99%D7%90%D7%9C-%D7%90%D7%9C%D7%99%D7%94%D7%95/,0,7,0,3.2857142857142856
https://nad-lan.co.il/professionals/%D7%99%D7%A0%D7%90%D7%99-%D7%97%D7%A0%D7%9F/,0,5,0,9
https://nad-lan.co.il/professionals/%D7%99%D7%A1%D7%A2%D7%95%D7%A8-%D7%92%D7%93%D7%99/,0,8,0,11.875
https://nad-lan.co.il/professionals/%D7%99%D7%A2%D7%99%D7%9C-%D7%A2%D7%A4%D7%A8/,0,3,0,11.333333333333334
https://nad-lan.co.il/professionals/%D7%99%D7%A2%D7%99%D7%A9-%D7%9E%D7%A9%D7%94/,0,1,0,10
https://nad-lan.co.il/professionals/%D7%99%D7%A2%D7%A7%D7%91%D7%99-%D7%90%D7%9C%D7%99%D7%A9%D7%A2/,0,2,0,1.5
https://nad-lan.co.il/professionals/%D7%99%D7%A2%D7%A7%D7%91%D7%99-%D7%93%D7%95%D7%93/,0,1,0,3
https://nad-lan.co.il/professionals/%D7%99%D7%A2%D7%A7%D7%91-%D7%93%D7%A8%D7%95%D7%A8/,0,15,0,7.2
https://nad-lan.co.il/professionals/%D7%99%D7%A2%D7%A7%D7%91-%D7%A6%D7%99%D7%95%D7%9F/,0,5,0,4
https://nad-lan.co.il/professionals/%D7%99%D7%A2%D7%A7%D7%95%D7%91%D7%95%D7%91-%D7%9E%D7%99%D7%9B%D7%90%D7%9C/,0,1,0,3
https://nad-lan.co.il/professionals/%D7%99%D7%A2%D7%A7%D7%95%D7%91%D7%99-%D7%90%D7%9C%D7%99-%D7%90%D7%9C%D7%A2%D7%96%D7%A8/,0,1,0,6
https://nad-lan.co.il/professionals/%D7%99%D7%A4%D7%94-%D7%91%D7%95%D7%A2%D7%96-%D7%99%D7%94%D7%95%D7%93%D7%94/,0,2,0,5.5
https://nad-lan.co.il/professionals/%D7%99%D7%A4%D7%A8%D7%97-%D7%97%D7%99%D7%99%D7%9D/,0,6,0,11.666666666666666
https://nad-lan.co.il/professionals/%D7%99%D7%A4%D7%A8%D7%97-%D7%99%D7%90%D7%99%D7%A8/,0,9,0,29
https://nad-lan.co.il/professionals/%D7%99%D7%A6%D7%97%D7%A7%D7%99%D7%90%D7%9F-%D7%90%D7%95%D7%A8%D7%9F/,0,3,0,11.666666666666666
https://nad-lan.co.il/professionals/%D7%99%D7%A6%D7%97%D7%A7%D7%99-%D7%90%D7%95%D7%A8%D7%9F/,0,2,0,5.5
https://nad-lan.co.il/professionals/%D7%99%D7%A6%D7%97%D7%A7-%D7%97%D7%9F/,0,3,0,4.666666666666666
https://nad-lan.co.il/professionals/%D7%99%D7%A6%D7%97%D7%A7-%D7%99%D7%A0%D7%99%D7%91/,0,7,0,9.714285714285714
https://nad-lan.co.il/professionals/%D7%99%D7%A6%D7%97%D7%A7-%D7%9E%D7%90%D7%95%D7%A8/,0,3,0,7.666666666666667
https://nad-lan.co.il/professionals/%D7%99%D7%A6%D7%97%D7%A7-%D7%A4%D7%99%D7%A8%D7%9E%D7%94/,0,1,0,2
https://nad-lan.co.il/professionals/%D7%99%D7%A7%D7%99-%D7%90%D7%A8%D7%96%D7%99/,0,1,0,10
https://nad-lan.co.il/professionals/%D7%99%D7%A9%D7%97-%D7%99%D7%95%D7%90%D7%91/,0,1,0,2
https://nad-lan.co.il/professionals/%D7%99%D7%A9%D7%99%D7%A0%D7%95%D7%91%D7%A1%D7%A7%D7%99-%D7%91%D7%A6%D7%9C%D7%90%D7%9C/,0,3,0,5.666666666666667
https://nad-lan.co.il/professionals/%D7%99%D7%A9%D7%A8%D7%90%D7%9C%D7%99-%D7%92%D7%99%D7%9C%D7%99/,0,2,0,3
https://nad-lan.co.il/professionals/%D7%99%D7%A9%D7%A8%D7%90%D7%9C-%D7%9E%D7%A9%D7%94/,0,20,0,15.65
https://nad-lan.co.il/professionals/%D7%99%D7%A9%D7%A8-%D7%A8%D7%9F-%D7%9E%D7%90%D7%99%D7%A8/,0,6,0,6.166666666666667
https://nad-lan.co.il/professionals/%D7%9B%D7%90%D7%9E%D7%9C-%D7%A0%D7%A2%D7%99%D7%99%D7%9D/,0,1,0,5
https://nad-lan.co.il/professionals/%D7%9B%D7%91%D7%94%D7%90-%D7%9E%D7%95%D7%A0%D7%92%D7%93/,0,1,0,5
https://nad-lan.co.il/professionals/%D7%9B%D7%91%D7%94%D7%94-%D7%90%D7%91%D7%A8%D7%90%D7%94%D7%99%D7%9D/,0,1,0,8
https://nad-lan.co.il/professionals/%D7%9B%D7%93%D7%95%D7%A8%D7%99-%D7%A2%D7%95%D7%91%D7%93/,0,1,0,6
https://nad-lan.co.il/professionals/%D7%9B%D7%93%D7%A8-%D7%99%D7%95%D7%A8%D7%9D/,0,3,0,6.333333333333333
https://nad-lan.co.il/professionals/%D7%9B%D7%94%D7%9F-%D7%90%D7%91%D7%A8%D7%94%D7%9D-3/,0,8,0,7.5
https://nad-lan.co.il/professionals/%D7%9B%D7%94%D7%9F-%D7%90%D7%94%D7%A8%D7%95%D7%9F-%D7%A8%D7%95%D7%A0%D7%99/,0,7,0,7.428571428571429
https://nad-lan.co.il/professionals/%D7%9B%D7%94%D7%9F-%D7%90%D7%99%D7%99%D7%9C/,0,6,0,9.333333333333334
https://nad-lan.co.il/professionals/%D7%9B%D7%94%D7%9F-%D7%90%D7%99%D7%AA%D7%9F/,0,4,0,5.75
https://nad-lan.co.il/professionals/%D7%9B%D7%94%D7%9F-%D7%90%D7%9C%D7%99%D7%94%D7%95/,0,2,0,4.5
https://nad-lan.co.il/professionals/%D7%9B%D7%94%D7%9F-%D7%90%D7%9C%D7%99%D7%A2%D7%96%D7%A8-2/,0,5,0,11.8
https://nad-lan.co.il/professionals/%D7%9B%D7%94%D7%9F-%D7%90%D7%9E%D7%91%D7%9C%D7%95-%D7%A8%D7%95%D7%91%D7%A8%D7%98/,0,11,0,4.727272727272727
https://nad-lan.co.il/professionals/%D7%9B%D7%94%D7%9F-%D7%90%D7%A8%D7%99%D7%94-%D7%91%D7%A0%D7%99%D7%9E%D7%99%D7%9F/,0,2,0,8
https://nad-lan.co.il/professionals/%D7%9B%D7%94%D7%9F-%D7%91%D7%A0%D7%99/,0,10,0,13
https://nad-lan.co.il/professionals/%D7%9B%D7%94%D7%9F-%D7%94%D7%99%D7%99%D7%A0%D7%95%D7%9F/,0,2,0,6
https://nad-lan.co.il/professionals/%D7%9B%D7%94%D7%9F-%D7%97%D7%99%D7%99%D7%9D-2/,0,2,0,6.5
https://nad-lan.co.il/professionals/%D7%9B%D7%94%D7%9F-%D7%97%D7%99%D7%99%D7%9D/,0,1,0,46
https://nad-lan.co.il/professionals/%D7%9B%D7%94%D7%9F-%D7%99%D7%A2%D7%A7%D7%91/,0,2,0,7.5
https://nad-lan.co.il/professionals/%D7%9B%D7%94%D7%9F-%D7%99%D7%A6%D7%97%D7%A7-3/,0,9,0,7.111111111111111
https://nad-lan.co.il/professionals/%D7%9B%D7%94%D7%9F-%D7%9E%D7%A8%D7%93%D7%9B%D7%99/,0,1,0,4
https://nad-lan.co.il/professionals/%D7%9B%D7%94%D7%9F-%D7%A0%D7%99%D7%A1%D7%99%D7%9D-2/,0,4,0,8.75
https://nad-lan.co.il/professionals/%D7%9B%D7%94%D7%9F-%D7%A0%D7%99%D7%A1%D7%99%D7%9D/,0,5,0,7.2
https://nad-lan.co.il/professionals/%D7%9B%D7%94%D7%9F-%D7%A4%D7%A0%D7%97%D7%A1/,0,1,0,1
https://nad-lan.co.il/professionals/%D7%9B%D7%94%D7%9F-%D7%A8%D7%95%D7%A0%D7%9F-2/,0,1,0,6
https://nad-lan.co.il/professionals/%D7%9B%D7%94%D7%9F-%D7%A8%D7%9F/,0,4,0,7.75
https://nad-lan.co.il/professionals/%D7%9B%D7%94%D7%9F-%D7%A9%D7%95%D7%A8-%D7%90%D7%99%D7%99%D7%9C/,0,4,0,3
https://nad-lan.co.il/professionals/%D7%9B%D7%94%D7%9F-%D7%A9%D7%9C%D7%95%D7%9D/,0,3,0,9
https://nad-lan.co.il/professionals/%D7%9B%D7%94%D7%9F-%D7%AA%D7%95%D7%9E%D7%A8/,0,13,0,8.384615384615385
https://nad-lan.co.il/professionals/%D7%9B%D7%97%D7%99%D7%9C%D7%94-%D7%A6%D7%97%D7%99/,0,9,0,11.88888888888889
https://nad-lan.co.il/professionals/%D7%9B%D7%97%D7%9C%D7%95%D7%9F-%D7%90%D7%A8%D7%96/,0,12,0,6
https://nad-lan.co.il/professionals/%D7%9B%D7%99%D7%90%D7%9C-%D7%A2%D7%91%D7%93-%D7%90%D7%9C-%D7%9B%D7%A8%D7%99%D7%9D/,0,9,0,6.888888888888889
https://nad-lan.co.il/professionals/%D7%9B%D7%99%D7%9C%D7%90%D7%A0%D7%99-%D7%9E%D7%97%D7%9E%D7%95%D7%93/,0,3,0,5.666666666666667
https://nad-lan.co.il/professionals/%D7%9B%D7%A0%D7%A2%D7%90%D7%9F-%D7%A1%D7%95%D7%9C%D7%99%D7%9E%D7%90%D7%9F/,0,2,0,3
https://nad-lan.co.il/professionals/%D7%9B%D7%A2%D7%91%D7%99%D7%94-%D7%A2%D7%90%D7%93%D7%9C/,0,2,0,5
https://nad-lan.co.il/professionals/%D7%9B%D7%A4%D7%99%D7%A3-%D7%AA%D7%95%D7%9E%D7%A8/,0,2,0,7.5
https://nad-lan.co.il/professionals/%D7%9C%D7%90%D7%95%D7%A4%D7%A8-%D7%90%D7%91%D7%99/,0,1,0,6
https://nad-lan.co.il/professionals/%D7%9C%D7%90%D7%95%D7%A8-%D7%90%D7%9C%D7%95%D7%9F/,0,7,0,5
https://nad-lan.co.il/professionals/%D7%9C%D7%91%D7%99%D7%90-%D7%A6%D7%99%D7%95%D7%9F/,0,2,0,7
https://nad-lan.co.il/professionals/%D7%9C%D7%91-%D7%90%D7%91%D7%99/,0,2,0,8.5
https://nad-lan.co.il/professionals/%D7%9C%D7%93%D7%90%D7%95%D7%99-%D7%9E%D7%95%D7%97%D7%9E%D7%93/,0,14,0,6.142857142857143
https://nad-lan.co.il/professionals/%D7%9C%D7%95%D7%92%D7%A1%D7%99-%D7%9E%D7%A7%D7%A1%D7%99%D7%9D/,0,1,0,6
https://nad-lan.co.il/professionals/%D7%9C%D7%95%D7%92%D7%A1%D7%99-%D7%A8%D7%90%D7%95%D7%91%D7%9F/,0,5,0,10.6
https://nad-lan.co.il/professionals/%D7%9C%D7%95%D7%96%D7%95%D7%9F-%D7%A8%D7%9E%D7%99/,0,2,0,9.5
https://nad-lan.co.il/professionals/%D7%9C%D7%95%D7%99%D7%A0%D7%A9%D7%98%D7%99%D7%99%D7%9F-%D7%A8%D7%95%D7%9F/,0,2,0,6
https://nad-lan.co.il/professionals/%D7%9C%D7%95%D7%99-%D7%90%D7%91%D7%99%D7%90%D7%9C/,0,3,0,4.666666666666666
https://nad-lan.co.il/professionals/%D7%9C%D7%95%D7%99-%D7%93%D7%95%D7%93/,0,4,0,6.5
https://nad-lan.co.il/professionals/%D7%9C%D7%95%D7%99-%D7%93%D7%95%D7%A8%D7%95%D7%9F/,0,3,0,10
https://nad-lan.co.il/professionals/%D7%9C%D7%95%D7%99-%D7%93%D7%A0%D7%99%D7%90%D7%9C-2/,0,2,0,7
https://nad-lan.co.il/professionals/%D7%9C%D7%95%D7%99-%D7%93%D7%A0%D7%99%D7%90%D7%9C/,0,8,0,5
https://nad-lan.co.il/professionals/%D7%9C%D7%95%D7%99-%D7%96%D7%95%D7%94%D7%A8/,0,1,0,7
https://nad-lan.co.il/professionals/%D7%9C%D7%95%D7%99-%D7%97%D7%99%D7%99%D7%9D-2/,0,1,0,1
https://nad-lan.co.il/professionals/%D7%9C%D7%95%D7%99-%D7%99%D7%94%D7%95%D7%A9%D7%95%D7%A2/,0,3,0,9
https://nad-lan.co.il/professionals/%D7%9C%D7%95%D7%99-%D7%99%D7%95%D7%A1%D7%A3/,0,10,0,31.7
https://nad-lan.co.il/professionals/%D7%9C%D7%95%D7%99-%D7%99%D7%A2%D7%A7%D7%91/,0,7,0,12.428571428571429
https://nad-lan.co.il/professionals/%D7%9C%D7%95%D7%99-%D7%A1%D7%99%D7%9C%D7%A7%D7%95-%D7%90%D7%9C%D7%99%D7%94%D7%95/,0,5,0,20.4
https://nad-lan.co.il/professionals/%D7%9C%D7%95%D7%99-%D7%A9%D7%9E%D7%A2%D7%95%D7%9F/,0,3,0,1.3333333333333333
https://nad-lan.co.il/professionals/%D7%9C%D7%95%D7%9E%D7%94%D7%95%D7%9C%D7%98-%D7%9C%D7%95%D7%99-%D7%A2%D7%99%D7%93%D7%95/,0,3,0,7.666666666666667
https://nad-lan.co.il/professionals/%D7%9C%D7%95%D7%A4%D7%95-%D7%90%D7%A1%D7%99/,0,1,0,7
https://nad-lan.co.il/professionals/%D7%9C%D7%96%D7%A8%D7%95%D7%A1-%D7%90%D7%9C%D7%99%D7%A2%D7%96%D7%A8/,0,2,0,12
https://nad-lan.co.il/professionals/%D7%9C%D7%97%D7%A8-%D7%93%D7%A8%D7%95%D7%A8/,0,5,0,7.6
https://nad-lan.co.il/professionals/%D7%9C%D7%99%D7%90%D7%95%D7%9F-%D7%A9%D7%90%D7%95%D7%9C/,0,3,0,2.666666666666667
https://nad-lan.co.il/professionals/%D7%9C%D7%99%D7%90%D7%95%D7%A8-%D7%9E%D7%AA%D7%A0%D7%99%D7%94-%D7%9E%D7%A9%D7%94/,0,7,0,4.285714285714286
https://nad-lan.co.il/professionals/%D7%9C%D7%99%D7%91%D7%94%D7%A3-%D7%92%D7%A4%D7%A8%D7%99-%D7%9E%D7%A8%D7%A7/,0,4,0,4.75
https://nad-lan.co.il/professionals/%D7%9C%D7%99%D7%91%D7%95%D7%91%D7%99%D7%A5-%D7%92%D7%99%D7%90/,0,2,0,4
https://nad-lan.co.il/professionals/%D7%9C%D7%99%D7%A1-%D7%A9%D7%A8%D7%95%D7%9C%D7%99%D7%A7/,0,2,0,3.5
https://nad-lan.co.il/professionals/%D7%9C%D7%99%D7%A9%D7%A2-%D7%A9%D7%A8%D7%95%D7%9F/,0,8,0,8.25
https://nad-lan.co.il/professionals/%D7%9C%D7%A0%D7%92%D7%94%D7%9D-%D7%A0%D7%A2%D7%9D/,0,9,0,9.555555555555555
https://nad-lan.co.il/professionals/%D7%9C%D7%A0%D7%A7%D7%A8%D7%99-%D7%A8%D7%A4%D7%99/,0,2,0,32
https://nad-lan.co.il/professionals/%D7%9E%D7%90%D7%99%D7%94-%D7%99%D7%95%D7%91%D7%9C/,0,2,0,8
https://nad-lan.co.il/professionals/%D7%9E%D7%90%D7%99%D7%A8-%D7%91%D7%95%D7%92%D7%95%D7%90%D7%9C%D7%99/,0,2,0,6.5
https://nad-lan.co.il/professionals/%D7%9E%D7%92%D7%90%D7%A8%D7%91%D7%94-%D7%90%D7%9E%D7%92%D7%93/,0,5,0,28.8
https://nad-lan.co.il/professionals/%D7%9E%D7%92%D7%93%D7%95%D7%91-%D7%97%D7%A1%D7%9F/,0,4,0,8.5
https://nad-lan.co.il/professionals/%D7%9E%D7%92%D7%99%D7%93%D7%A1-%D7%99%D7%A2%D7%A7%D7%91/,0,2,0,20.5
https://nad-lan.co.il/professionals/%D7%9E%D7%92%D7%99%D7%93-%D7%9E%D7%A7%D7%A1/,0,5,0,12.6
https://nad-lan.co.il/professionals/%D7%9E%D7%93%D7%99%D7%A0%D7%94-%D7%90%D7%A8%D7%96/,0,1,0,4
https://nad-lan.co.il/professionals/%D7%9E%D7%93%D7%9E%D7%95%D7%A0%D7%99-%D7%A9%D7%9C%D7%95%D7%9D/,0,1,0,2
https://nad-lan.co.il/professionals/%D7%9E%D7%93%D7%A8-%D7%90%D7%A8%D7%A0%D7%95%D7%9F/,0,3,0,8.333333333333332
https://nad-lan.co.il/professionals/%D7%9E%D7%93%D7%A8-%D7%A9%D7%A8%D7%95%D7%9F/,0,3,0,19.333333333333332
https://nad-lan.co.il/professionals/%D7%9E%D7%95%D7%90%D7%A1%D7%99-%D7%9E%D7%A8%D7%95%D7%90%D7%9F/,0,2,0,5.5
https://nad-lan.co.il/professionals/%D7%9E%D7%95%D7%92%D7%A8%D7%91%D7%99-%D7%A1%D7%9E%D7%90%D7%A8/,0,1,0,10
https://nad-lan.co.il/professionals/%D7%9E%D7%95%D7%92%D7%A8%D7%91%D7%99-%D7%A9%D7%90%D7%93%D7%99/,0,1,0,2
https://nad-lan.co.il/professionals/%D7%9E%D7%95%D7%95%D7%90%D7%A1%D7%99-%D7%97%D7%95%D7%A1%D7%90%D7%9D/,0,1,0,17
https://nad-lan.co.il/professionals/%D7%9E%D7%95%D7%96%D7%9C%D7%91%D7%98-%D7%A1%D7%97%D7%90/,0,5,0,6.2
https://nad-lan.co.il/professionals/%D7%9E%D7%95%D7%96%D7%9C%D7%91%D7%98-%D7%A8%D7%91%D7%99%D7%A2/,0,6,0,6.333333333333333
https://nad-lan.co.il/professionals/%D7%9E%D7%95%D7%98%D7%90%D7%93%D7%94-%D7%97%D7%99%D7%99%D7%9D/,0,2,0,3
https://nad-lan.co.il/professionals/%D7%9E%D7%95%D7%99%D7%90%D7%9C-%D7%90%D7%9C%D7%95%D7%A0%D7%99/,0,2,0,6.5
https://nad-lan.co.il/professionals/%D7%9E%D7%95%D7%99%D7%90%D7%9C-%D7%97%D7%99%D7%99%D7%9D/,0,2,0,8
https://nad-lan.co.il/professionals/%D7%9E%D7%95%D7%99%D7%90%D7%9C-%D7%9E%D7%A9%D7%94/,0,1,0,3
https://nad-lan.co.il/professionals/%D7%9E%D7%95%D7%9C%D7%90-%D7%9E%D7%92%D7%93/,0,20,0,13.1
https://nad-lan.co.il/professionals/%D7%9E%D7%95%D7%A1%D7%90-%D7%9E%D7%90%D7%9E%D7%95%D7%9F/,0,1,0,9
https://nad-lan.co.il/professionals/%D7%9E%D7%95%D7%A2%D7%9C%D7%9D-%D7%A8%D7%95%D7%A0%D7%9F/,0,13,0,9.538461538461538
https://nad-lan.co.il/professionals/%D7%9E%D7%95%D7%A8%D7%93%D7%95-%D7%9E%D7%A9%D7%94/,0,2,0,3.5
https://nad-lan.co.il/professionals/%D7%9E%D7%95%D7%A8%D7%A9%D7%93-%D7%A2%D7%95%D7%9E%D7%A8/,0,2,0,2.5
https://nad-lan.co.il/professionals/%D7%9E%D7%95%D7%A8-%D7%97%D7%99%D7%99%D7%9D-%D7%A9%D7%9E%D7%95%D7%90%D7%9C/,0,4,0,8
https://nad-lan.co.il/professionals/%D7%9E%D7%95%D7%A8-%D7%99%D7%95%D7%A1%D7%A3-%D7%91%D7%A8%D7%95%D7%9A/,0,7,0,8.714285714285715
https://nad-lan.co.il/professionals/%D7%9E%D7%95%D7%A9%D7%A7%D7%95%D7%91%D7%99%D7%A5-%D7%99%D7%A2%D7%A7%D7%91/,0,1,0,28
https://nad-lan.co.il/professionals/%D7%9E%D7%96%D7%A2%D7%A7%D7%99-%D7%92%D7%99%D7%9C/,0,5,0,1.4
https://nad-lan.co.il/professionals/%D7%9E%D7%96%D7%A8%D7%97%D7%99-%D7%90%D7%99%D7%9C%D7%9F-2/,0,7,0,16.714285714285715
https://nad-lan.co.il/professionals/%D7%9E%D7%96%D7%A8%D7%97%D7%99-%D7%90%D7%99%D7%AA%D7%9F/,0,3,0,7
https://nad-lan.co.il/professionals/%D7%9E%D7%96%D7%A8%D7%97%D7%99-%D7%90%D7%9C%D7%95%D7%9F/,0,6,0,7.333333333333333
https://nad-lan.co.il/professionals/%D7%9E%D7%96%D7%A8%D7%97%D7%99-%D7%93%D7%95%D7%93-2/,0,3,0,34.333333333333336
https://nad-lan.co.il/professionals/%D7%9E%D7%96%D7%A8%D7%97%D7%99-%D7%A2%D7%95%D7%96/,0,6,0,6.333333333333333
https://nad-lan.co.il/professionals/%D7%9E%D7%96%D7%A8%D7%97%D7%99-%D7%A9%D7%9E%D7%95%D7%90%D7%9C/,0,1,0,6
https://nad-lan.co.il/professionals/%D7%9E%D7%97%D7%90%D7%92%D7%A0%D7%94-%D7%95%D7%A1%D7%90%D7%9D/,0,1,0,10
https://nad-lan.co.il/professionals/%D7%9E%D7%97%D7%90%D7%92%D7%A0%D7%94-%D7%A0%D7%92%D7%90%D7%A8/,0,3,0,7
https://nad-lan.co.il/professionals/%D7%9E%D7%97%D7%90%D7%9E%D7%93-%D7%A0%D7%91%D7%99%D7%9C/,0,2,0,1
https://nad-lan.co.il/professionals/%D7%9E%D7%97%D7%90%D7%9E%D7%99%D7%93-%D7%90%D7%91%D7%A8%D7%94%D7%99%D7%9D/,0,9,0,9.11111111111111
https://nad-lan.co.il/professionals/%D7%9E%D7%97%D7%90%D7%9E%D7%99%D7%93-%D7%90%D7%99%D7%9E%D7%9F-2/,0,11,0,8.09090909090909
https://nad-lan.co.il/professionals/%D7%9E%D7%97%D7%90%D7%9E%D7%99%D7%93-%D7%90%D7%99%D7%9E%D7%9F/,0,9,0,6.111111111111111
https://nad-lan.co.il/professionals/%D7%9E%D7%97%D7%90%D7%9E%D7%99%D7%93-%D7%90%D7%A9%D7%98%D7%A8/,0,1,0,5
https://nad-lan.co.il/professionals/%D7%9E%D7%97%D7%90%D7%9E%D7%99%D7%93-%D7%91%D7%90%D7%A1%D7%9D/,0,1,0,5
https://nad-lan.co.il/professionals/%D7%9E%D7%97%D7%90%D7%9E%D7%99%D7%93-%D7%92%D7%A2%D7%A4%D7%A8/,0,3,0,6.666666666666667
https://nad-lan.co.il/professionals/%D7%9E%D7%97%D7%90%D7%9E%D7%99%D7%93-%D7%97%D7%90%D7%9C%D7%93/,0,2,0,2
https://nad-lan.co.il/professionals/%D7%9E%D7%97%D7%90%D7%9E%D7%99%D7%93-%D7%97%D7%95%D7%A1%D7%99%D7%9F-2/,0,1,0,6
https://nad-lan.co.il/professionals/%D7%9E%D7%97%D7%90%D7%9E%D7%99%D7%93-%D7%97%D7%95%D7%A1%D7%99%D7%9F/,0,6,0,9.833333333333334
https://nad-lan.co.il/professionals/%D7%9E%D7%97%D7%90%D7%9E%D7%99%D7%93-%D7%99%D7%90%D7%A1%D7%A8/,0,1,0,4
https://nad-lan.co.il/professionals/%D7%9E%D7%97%D7%90%D7%9E%D7%99%D7%93-%D7%9E%D7%95%D7%90%D7%99%D7%93/,0,5,0,7
https://nad-lan.co.il/professionals/%D7%9E%D7%97%D7%90%D7%9E%D7%99%D7%93-%D7%9E%D7%95%D7%97%D7%9E%D7%93-2/,0,1,0,5
https://nad-lan.co.il/professionals/%D7%9E%D7%97%D7%90%D7%9E%D7%99%D7%93-%D7%9E%D7%95%D7%97%D7%9E%D7%93/,0,8,0,4.5
https://nad-lan.co.il/professionals/%D7%9E%D7%97%D7%90%D7%9E%D7%99%D7%93-%D7%9E%D7%95%D7%A1%D7%98%D7%A4%D7%90/,0,3,0,6.333333333333333
https://nad-lan.co.il/professionals/%D7%9E%D7%97%D7%90%D7%9E%D7%99%D7%93-%D7%A0%D7%91%D7%99%D7%9C/,0,6,0,6
https://nad-lan.co.il/professionals/%D7%9E%D7%97%D7%90%D7%9E%D7%99%D7%93-%D7%A1%D7%90%D7%9C%D7%97/,0,3,0,12
https://nad-lan.co.il/professionals/%D7%9E%D7%97%D7%90%D7%9E%D7%99%D7%93-%D7%A1%D7%9E%D7%99%D7%A8-%D7%90%D7%97%D7%9E%D7%93/,0,7,0,7.428571428571429
https://nad-lan.co.il/professionals/%D7%9E%D7%97%D7%90%D7%9E%D7%99%D7%93-%D7%A1%D7%9E%D7%99%D7%A8/,0,6,0,4.666666666666666
https://nad-lan.co.il/professionals/%D7%9E%D7%97%D7%90%D7%9E%D7%99%D7%93-%D7%A2%D7%91%D7%93-%D7%90%D7%9C%D7%91%D7%90%D7%A1%D7%98/,0,2,0,4
https://nad-lan.co.il/professionals/%D7%9E%D7%97%D7%90%D7%9E%D7%99%D7%93-%D7%A2%D7%91%D7%93-%D7%90%D7%9C%D7%A4%D7%AA%D7%90%D7%97/,0,5,0,8.2
https://nad-lan.co.il/professionals/%D7%9E%D7%97%D7%90%D7%9E%D7%99%D7%93-%D7%A2%D7%99%D7%A1%D7%90/,0,1,0,17
https://nad-lan.co.il/professionals/%D7%9E%D7%97%D7%90%D7%9E%D7%99%D7%93-%D7%A2%D7%9E%D7%90%D7%93/,0,2,0,18
https://nad-lan.co.il/professionals/%D7%9E%D7%97%D7%90%D7%9E%D7%99%D7%93-%D7%A4%D7%99%D7%90%D7%93/,0,1,0,2
https://nad-lan.co.il/professionals/%D7%9E%D7%97%D7%92%D7%A0%D7%94-%D7%9E%D7%99%D7%A1%D7%A8%D7%94-%D7%A4%D7%95%D7%95%D7%90%D7%96/,0,2,0,6
https://nad-lan.co.il/professionals/%D7%9E%D7%97%D7%9E%D7%95%D7%93-%D7%91%D7%94%D7%90-%D7%90%D7%9C%D7%93%D7%99%D7%9F/,0,1,0,6
https://nad-lan.co.il/professionals/%D7%9E%D7%97%D7%9E%D7%95%D7%93-%D7%9E%D7%95%D7%A0%D7%92%D7%93/,0,4,0,2.75
https://nad-lan.co.il/professionals/%D7%9E%D7%97%D7%9E%D7%95%D7%93-%D7%A2%D7%9C%D7%99-%D7%97%D7%9E%D7%90%D7%93/,0,2,0,1
https://nad-lan.co.il/professionals/%D7%9E%D7%97%D7%9E%D7%99%D7%93-%D7%90%D7%99%D7%90%D7%93/,0,4,0,10.75
https://nad-lan.co.il/professionals/%D7%9E%D7%97%D7%9E%D7%99%D7%93-%D7%AA%D7%95%D7%A4%D7%99%D7%A7/,0,1,0,10
https://nad-lan.co.il/professionals/%D7%9E%D7%97%D7%A4%D7%95%D7%93-%D7%90%D7%99%D7%AA%D7%9F/,0,2,0,4.5
https://nad-lan.co.il/professionals/%D7%9E%D7%98%D7%A8-%D7%90%D7%9E%D7%99%D7%9F/,0,1,0,1
https://nad-lan.co.il/professionals/%D7%9E%D7%99%D7%92%D7%A8%D7%A1-%D7%99%D7%94%D7%95%D7%93%D7%94/,0,1,0,9
https://nad-lan.co.il/professionals/%D7%9E%D7%99%D7%9B%D7%90%D7%9C%D7%99-%D7%90%D7%9E%D7%99%D7%A8/,0,2,0,2.5
https://nad-lan.co.il/professionals/%D7%9E%D7%99%D7%9B%D7%90%D7%9C%D7%99-%D7%9E%D7%99%D7%9B%D7%90%D7%9C/,0,4,0,24
https://nad-lan.co.il/professionals/%D7%9E%D7%99%D7%9B%D7%90%D7%9C-%D7%90%D7%A1%D7%99/,0,9,0,4.888888888888889
https://nad-lan.co.il/professionals/%D7%9E%D7%99%D7%9C%D7%95%D7%90-%D7%A9%D7%97%D7%A8/,0,2,0,5.5
https://nad-lan.co.il/professionals/%D7%9E%D7%99%D7%9C%D7%A9%D7%98%D7%99%D7%99%D7%9F-%D7%99%D7%A6%D7%97%D7%A7/,0,1,0,7
https://nad-lan.co.il/professionals/%D7%9E%D7%99%D7%9E%D7%95%D7%9F-%D7%A2%D7%9E%D7%99/,0,5,0,10.2
https://nad-lan.co.il/professionals/%D7%9E%D7%99%D7%A9%D7%92%D7%91%D7%99-%D7%90%D7%A4%D7%A8%D7%99%D7%99%D7%9D/,0,2,0,4.5
https://nad-lan.co.il/professionals/%D7%9E%D7%9B%D7%90%D7%A8-%D7%A1%D7%90%D7%9B%D7%A8/,0,2,0,9.5
https://nad-lan.co.il/professionals/%D7%9E%D7%9B%D7%9C%D7%95%D7%A3-%D7%97%D7%99%D7%99%D7%9D/,0,5,0,8.6
https://nad-lan.co.il/professionals/%D7%9E%D7%9B%D7%9C%D7%95%D7%A3-%D7%A4%D7%A0%D7%97%D7%A1/,0,4,0,4.25
https://nad-lan.co.il/professionals/%D7%9E%D7%9C%D7%98%D7%99%D7%A0%D7%A1%D7%A7%D7%99-%D7%93%D7%95%D7%A8%D7%95%D7%9F/,0,4,0,7
https://nad-lan.co.il/professionals/%D7%9E%D7%9C%D7%9B%D7%94-%D7%90%D7%91%D7%A8%D7%94%D7%9D/,0,6,0,5.166666666666667
https://nad-lan.co.il/professionals/%D7%9E%D7%9C%D7%9B%D7%94-%D7%99%D7%A6%D7%97%D7%A7/,0,5,0,5
https://nad-lan.co.il/professionals/%D7%9E%D7%9C%D7%9B%D7%94-%D7%99%D7%A9%D7%99/,0,3,0,5.333333333333333
https://nad-lan.co.il/professionals/%D7%9E%D7%9C%D7%9B%D7%94-%D7%9E%D7%90%D7%99%D7%A8-2/,0,20,0,4.25
https://nad-lan.co.il/professionals/%D7%9E%D7%9C%D7%9E%D7%93-%D7%99%D7%95%D7%9C%D7%99/,0,5,0,2.4
https://nad-lan.co.il/professionals/%D7%9E%D7%9C%D7%A8-%D7%90%D7%A4%D7%A8%D7%99%D7%9D/,0,1,0,6
https://nad-lan.co.il/professionals/%D7%9E%D7%9E%D7%95-%D7%9E%D7%A8%D7%93%D7%9B%D7%99/,0,2,0,14.5
https://nad-lan.co.il/professionals/%D7%9E%D7%9E%D7%9F-%D7%93%D7%95%D7%93/,0,1,0,2
https://nad-lan.co.il/professionals/%D7%9E%D7%A0%D7%90%D7%A1%D7%A8%D7%94-%D7%96%D7%99%D7%90%D7%93/,0,1,0,4
https://nad-lan.co.il/professionals/%D7%9E%D7%A0%D7%90%D7%A1%D7%A8%D7%94-%D7%A2%D7%91%D7%93%D7%90%D7%9C%D7%9C%D7%94/,0,2,0,2
https://nad-lan.co.il/professionals/%D7%9E%D7%A0%D7%93%D7%9C%D7%91%D7%A8%D7%92-%D7%99%D7%95%D7%A1%D7%A3/,0,1,0,1
https://nad-lan.co.il/professionals/%D7%9E%D7%A0%D7%93%D7%9C%D7%91%D7%A8%D7%92-%D7%99%D7%A6%D7%97%D7%A7/,0,1,0,2
https://nad-lan.co.il/professionals/%D7%9E%D7%A0%D7%93%D7%9C%D7%95%D7%91%D7%99%D7%A5-%D7%90%D7%99%D7%99%D7%9C/,0,1,0,7
https://nad-lan.co.il/professionals/%D7%9E%D7%A0%D7%93%D7%9C%D7%95%D7%91%D7%99%D7%A5-%D7%A2%D7%9E%D7%99%D7%AA/,0,15,0,6.666666666666667
https://nad-lan.co.il/professionals/%D7%9E%D7%A0%D7%95%D7%A8-%D7%99%D7%A8%D7%97%D7%9E%D7%99%D7%90%D7%9C/,0,1,0,10
https://nad-lan.co.il/professionals/%D7%9E%D7%A0%D7%A1%D7%95%D7%A8-%D7%A0%D7%A9%D7%90%D7%AA/,0,1,0,11
https://nad-lan.co.il/professionals/%D7%9E%D7%A0%D7%A6%D7%95%D7%A8%D7%94-%D7%97%D7%99%D7%99%D7%9D/,0,8,0,5.375
https://nad-lan.co.il/professionals/%D7%9E%D7%A0%D7%A6%D7%95%D7%A8-%D7%99%D7%95%D7%91%D7%9C/,0,2,0,3
https://nad-lan.co.il/professionals/%D7%9E%D7%A1%D7%90%D7%9C%D7%97%D7%94-%D7%90%D7%97%D7%9E%D7%93/,0,2,0,8
https://nad-lan.co.il/professionals/%D7%9E%D7%A1%D7%90%D7%9C%D7%97%D7%94-%D7%90%D7%9E%D7%92%D7%93/,0,1,0,1
https://nad-lan.co.il/professionals/%D7%9E%D7%A1%D7%90%D7%A8%D7%95%D7%95%D7%94-%D7%9E%D7%97%D7%9E%D7%95%D7%93/,0,2,0,14.5
https://nad-lan.co.il/professionals/%D7%9E%D7%A1%D7%90%D7%A8%D7%95%D7%95%D7%94-%D7%A1%D7%9E%D7%99%D7%A8/,0,2,0,1.5
https://nad-lan.co.il/professionals/%D7%9E%D7%A1%D7%95%D7%A8%D7%99-%D7%A9%D7%9E%D7%A9%D7%95%D7%9F/,0,9,0,7.777777777777778
https://nad-lan.co.il/professionals/%D7%9E%D7%A1%D7%99%D7%A7%D7%94-%D7%90%D7%99%D7%99%D7%9C/,0,7,0,9.285714285714286
https://nad-lan.co.il/professionals/%D7%9E%D7%A1%D7%99%D7%A7%D7%94-%D7%A8%D7%9F/,0,1,0,10
https://nad-lan.co.il/professionals/%D7%9E%D7%A1%D7%A2%D7%95%D7%93-%D7%A2%D7%99%D7%A1%D7%90%D7%9D/,0,2,0,7
https://nad-lan.co.il/professionals/%D7%9E%D7%A2%D7%95%D7%95%D7%93-%D7%A4%D7%A8%D7%A0%D7%A1%D7%99%D7%A1/,0,2,0,15.5
https://nad-lan.co.il/professionals/%D7%9E%D7%A2%D7%99%D7%93%D7%99-%D7%9E%D7%95%D7%90%D7%91/,0,5,0,9.4
https://nad-lan.co.il/professionals/%D7%9E%D7%A6%D7%90%D7%A8%D7%95%D7%95%D7%94-%D7%A8%D7%95%D7%A0%D7%99/,0,1,0,9
https://nad-lan.co.il/professionals/%D7%9E%D7%A6%D7%9C%D7%99%D7%97-%D7%90%D7%9C%D7%99/,0,1,0,8
https://nad-lan.co.il/professionals/%D7%9E%D7%A6%D7%A8%D7%A4%D7%99-%D7%90%D7%A8%D7%96/,0,2,0,9.5
https://nad-lan.co.il/professionals/%D7%9E%D7%A7%D7%99%D7%99%D7%98%D7%9F-%D7%A9%D7%9E%D7%A9%D7%95%D7%9F/,0,3,0,4.333333333333334
https://nad-lan.co.il/professionals/%D7%9E%D7%A8%D7%92%D7%9C%D7%99%D7%AA-%D7%90%D7%A4%D7%A8%D7%99%D7%9D/,0,10,0,14.7
https://nad-lan.co.il/professionals/%D7%9E%D7%A8%D7%95%D7%90%D7%AA-%D7%9E%D7%95%D7%97%D7%9E%D7%93/,0,1,0,4
https://nad-lan.co.il/professionals/%D7%9E%D7%A8%D7%95%D7%9D-%D7%90%D7%99%D7%AA%D7%9F/,0,3,0,6
https://nad-lan.co.il/professionals/%D7%9E%D7%A8%D7%95%D7%9F-%D7%99%D7%94%D7%95%D7%93%D7%94/,0,3,0,7.666666666666667
https://nad-lan.co.il/professionals/%D7%9E%D7%A8%D7%95%D7%9F-%D7%A1%D7%9C%D7%99%D7%9E%D7%90%D7%9F/,0,4,0,7.5
https://nad-lan.co.il/professionals/%D7%9E%D7%A8%D7%9C%D7%99-%D7%90%D7%95%D7%A4%D7%99%D7%A8/,0,5,0,3
https://nad-lan.co.il/professionals/%D7%9E%D7%A8%D7%A2%D7%91-%D7%A7%D7%90%D7%A1%D7%9D/,0,3,0,5.333333333333333
https://nad-lan.co.il/professionals/%D7%9E%D7%A8%D7%A2%D7%99-%D7%90%D7%97%D7%9E%D7%93/,0,3,0,5.333333333333333
https://nad-lan.co.il/professionals/%D7%9E%D7%A8%D7%A7%D7%95%D7%91%D7%99%D7%A5-%D7%A0%D7%AA%D7%9F/,0,4,0,3
https://nad-lan.co.il/professionals/%D7%9E%D7%A8%D7%A7%D7%95-%D7%A0%D7%A8%D7%A7%D7%99%D7%A1/,0,3,0,7.333333333333333
https://nad-lan.co.il/professionals/%D7%9E%D7%A8%D7%A7%D7%A1-%D7%A8%D7%99%D7%A6%D7%A8%D7%93/,0,6,0,7.833333333333333
https://nad-lan.co.il/professionals/%D7%9E%D7%A8%D7%A7-%D7%97%D7%99%D7%99%D7%9D/,0,12,0,8.166666666666668
https://nad-lan.co.il/professionals/%D7%9E%D7%A9%D7%94-%D7%90%D7%99%D7%99%D7%9C/,0,1,0,4
https://nad-lan.co.il/professionals/%D7%9E%D7%A9%D7%94-%D7%93%D7%A0%D7%99/,0,1,0,7
https://nad-lan.co.il/professionals/%D7%9E%D7%A9%D7%94-%D7%A8%D7%97%D7%9E%D7%99%D7%9D/,0,15,0,12.133333333333333
https://nad-lan.co.il/professionals/%D7%9E%D7%A9%D7%94-%D7%AA%D7%9E%D7%99%D7%A8/,0,4,0,7.25
https://nad-lan.co.il/professionals/%D7%9E%D7%A9%D7%9C%D7%99-%D7%92%D7%99%D7%9C-%D7%A9%D7%9C%D7%9E%D7%94/,0,2,0,7
https://nad-lan.co.il/professionals/%D7%9E%D7%AA%D7%AA%D7%99%D7%94%D7%95-%D7%93%D7%95%D7%A8%D7%95%D7%9F/,0,4,0,5.75
https://nad-lan.co.il/professionals/%D7%A0%D7%90%D7%91%D7%99-%D7%97%D7%99%D7%99%D7%9D/,0,1,0,4
https://nad-lan.co.il/professionals/%D7%A0%D7%90%D7%A1%D7%A8-%D7%90%D7%9C%D7%93%D7%99%D7%9F-%D7%9B%D7%A8%D7%9E%D7%99/,0,6,0,4.333333333333334
https://nad-lan.co.il/professionals/%D7%A0%D7%91%D7%95%D7%9F-%D7%A9%D7%9E%D7%A2%D7%95%D7%9F/,0,1,0,3
https://nad-lan.co.il/professionals/%D7%A0%D7%91%D7%A2%D7%94-%D7%90%D7%91%D7%A8%D7%94%D7%9D/,0,1,0,10
https://nad-lan.co.il/professionals/%D7%A0%D7%92%D7%9D-%D7%97%D7%90%D7%9C%D7%93/,0,2,0,3.5
https://nad-lan.co.il/professionals/%D7%A0%D7%92%D7%A8-%D7%A6%D7%99%D7%95%D7%9F/,0,5,0,6.6
https://nad-lan.co.il/professionals/%D7%A0%D7%93%D7%91-%D7%99%D7%95%D7%A1%D7%A3-%D7%99%D7%A0%D7%95%D7%9F/,0,5,0,21
https://nad-lan.co.il/professionals/%D7%A0%D7%94%D7%99%D7%94-%D7%9E%D7%97%D7%9E%D7%95%D7%93/,0,1,0,2
https://nad-lan.co.il/professionals/%D7%A0%D7%96%D7%A8%D7%99%D7%90%D7%9F-%D7%A2%D7%A8%D7%9F/,0,3,0,2.666666666666667
https://nad-lan.co.il/professionals/%D7%A0%D7%96%D7%A8%D7%99-%D7%90%D7%95%D7%A4%D7%99%D7%A8/,0,8,0,5.25
https://nad-lan.co.il/professionals/%D7%A0%D7%97%D7%95%D7%9D-%D7%90%D7%99%D7%9C%D7%95%D7%9F/,0,3,0,5.666666666666667
https://nad-lan.co.il/professionals/%D7%A0%D7%97%D7%95%D7%9D-%D7%93%D7%95%D7%A8%D7%95%D7%9F/,0,3,0,13
https://nad-lan.co.il/professionals/%D7%A0%D7%97%D7%95%D7%9D-%D7%93%D7%9F/,0,1,0,3
https://nad-lan.co.il/professionals/%D7%A0%D7%97%D7%95%D7%9D-%D7%99%D7%A9%D7%A8%D7%90%D7%9C/,0,1,0,11
https://nad-lan.co.il/professionals/%D7%A0%D7%97%D7%9E%D7%94-%D7%90%D7%9C%D7%99%D7%A2%D7%96%D7%A8/,0,9,0,6.333333333333333
https://nad-lan.co.il/professionals/%D7%A0%D7%97%D7%9E%D7%99%D7%90%D7%A1-%D7%99%D7%95%D7%A1%D7%A3-%D7%99%D7%95%D7%A1%D7%99/,0,3,0,7.333333333333333
https://nad-lan.co.il/professionals/%D7%A0%D7%97%D7%9E%D7%9F-%D7%99%D7%A8%D7%95%D7%9F/,0,4,0,17.25
https://nad-lan.co.il/professionals/%D7%A0%D7%97%D7%9E%D7%A0%D7%99-%D7%A0%D7%AA%D7%A0%D7%90%D7%9C/,0,10,0,8.8
https://nad-lan.co.il/professionals/%D7%A0%D7%98%D7%A3-%D7%A0%D7%99%D7%A8/,0,2,0,10.5
https://nad-lan.co.il/professionals/%D7%A0%D7%99%D7%A0%D7%94-%D7%9E%D7%A8%D7%92%D7%9C%D7%99%D7%AA-2/,0,9,0,7
https://nad-lan.co.il/professionals/%D7%A0%D7%99%D7%A0%D7%94-%D7%9E%D7%A8%D7%92%D7%9C%D7%99%D7%AA/,0,5,0,18.6
https://nad-lan.co.il/professionals/%D7%A0%D7%99%D7%A1%D7%99%D7%9D-%D7%9E%D7%A9%D7%94/,0,3,0,9.333333333333334
https://nad-lan.co.il/professionals/%D7%A0%D7%99%D7%A1%D7%A0%D7%95%D7%91-%D7%92%D7%91%D7%A8%D7%99%D7%90%D7%9C/,0,4,0,8.25
https://nad-lan.co.il/professionals/%D7%A0%D7%99%D7%A1%D7%A0%D7%95%D7%91-%D7%93%D7%95%D7%93/,0,6,0,10.833333333333334
https://nad-lan.co.il/professionals/%D7%A0%D7%99%D7%A8-%D7%90%D7%95%D7%A8%D7%99/,0,5,0,9.4
https://nad-lan.co.il/professionals/%D7%A0%D7%A1%D7%90%D7%A8-%D7%A1%D7%90%D7%9E%D7%A8/,0,4,0,6.25
https://nad-lan.co.il/professionals/%D7%A0%D7%A1%D7%A8%D7%90%D7%9C%D7%93%D7%99%D7%9F-%D7%9E%D7%95%D7%A0%D7%99%D7%A8/,0,6,0,7.5
https://nad-lan.co.il/professionals/%D7%A0%D7%A2%D7%90%D7%9E%D7%A0%D7%94-%D7%A4%D7%90%D7%95%D7%96%D7%99/,0,4,0,8.5
https://nad-lan.co.il/professionals/%D7%A0%D7%A2%D7%90%D7%9E%D7%A0%D7%94-%D7%A8%D7%91%D7%99%D7%A2-2/,0,2,0,17
https://nad-lan.co.il/professionals/%D7%A0%D7%A2%D7%90%D7%9E%D7%A0%D7%94-%D7%A8%D7%91%D7%99%D7%A2/,0,2,0,1.5
https://nad-lan.co.il/professionals/%D7%A0%D7%A2%D7%A8%D7%90%D7%9F-%D7%A0%D7%90%D7%99%D7%A3/,0,9,0,6.111111111111111
https://nad-lan.co.il/professionals/%D7%A0%D7%A7%D7%A8-%D7%A6%D7%91%D7%99/,0,1,0,10
https://nad-lan.co.il/professionals/%D7%A0%D7%A9%D7%99%D7%90-%D7%A9%D7%99-%D7%A9%D7%9C%D7%95%D7%9D/,0,5,0,7
https://nad-lan.co.il/professionals/%D7%A0%D7%AA%D7%99%D7%91-%D7%90%D7%91%D7%A8%D7%94%D7%9D-2/,0,10,0,17.7
https://nad-lan.co.il/professionals/%D7%A1%D7%90%D7%91%D7%90-%D7%A1%D7%9C%D7%99%D7%9D/,0,2,0,5
https://nad-lan.co.il/professionals/%D7%A1%D7%90%D7%99%D7%99%D7%92-%D7%A9%D7%A8%D7%95%D7%9F/,0,4,0,3.25
https://nad-lan.co.il/professionals/%D7%A1%D7%90%D7%99%D7%99%D7%93-%D7%A9%D7%A8%D7%95%D7%9F/,0,1,0,1
https://nad-lan.co.il/professionals/%D7%A1%D7%90%D7%9C%D7%97-%D7%97%D7%95%D7%A1%D7%90%D7%9D/,0,2,0,7
https://nad-lan.co.il/professionals/%D7%A1%D7%90%D7%9C%D7%97-%D7%A2%D7%90%D7%95%D7%A0%D7%99/,0,2,0,6
https://nad-lan.co.il/professionals/%D7%A1%D7%90%D7%9C%D7%9D-%D7%99%D7%A9%D7%A8%D7%90%D7%9C/,0,3,0,9
https://nad-lan.co.il/professionals/%D7%A1%D7%91%D7%90%D7%92-%D7%A0%D7%A2%D7%9E%D7%90%D7%9F/,0,1,0,3
https://nad-lan.co.il/professionals/%D7%A1%D7%91%D7%92-%D7%A8%D7%95%D7%A0%D7%9F/,0,5,0,13
https://nad-lan.co.il/professionals/%D7%A1%D7%91%D7%97-%D7%9C%D7%95%D7%99-%D7%A9%D7%97%D7%A8/,0,1,0,4
https://nad-lan.co.il/professionals/%D7%A1%D7%92%D7%99%D7%99%D7%A8-%D7%99%D7%95%D7%A1%D7%A3/,0,1,0,9
https://nad-lan.co.il/professionals/%D7%A1%D7%92%D7%9C-%D7%93%D7%91/,0,3,0,11
https://nad-lan.co.il/professionals/%D7%A1%D7%92%D7%9C-%D7%A2%D7%95%D7%A4%D7%A8%D7%99/,0,15,0,10.8
https://nad-lan.co.il/professionals/%D7%A1%D7%92%D7%9F-%D7%90%D7%95%D7%A8%D7%9F/,0,4,0,16
https://nad-lan.co.il/professionals/%D7%A1%D7%95%D7%90%D7%A2%D7%93-%D7%A2%D7%90%D7%95%D7%A0%D7%99/,0,2,0,8
https://nad-lan.co.il/professionals/%D7%A1%D7%95%D7%93%D7%90%D7%99-%D7%99%D7%95%D7%A1%D7%A3/,0,6,0,12.833333333333334
https://nad-lan.co.il/professionals/%D7%A1%D7%95%D7%99%D7%93-%D7%90%D7%9E%D7%99%D7%9F/,0,1,0,6
https://nad-lan.co.il/professionals/%D7%A1%D7%95%D7%99%D7%A1%D7%94-%D7%90%D7%A9%D7%A8/,0,1,0,11
https://nad-lan.co.il/professionals/%D7%A1%D7%95%D7%9C%D7%98%D7%90%D7%9F-%D7%97%D7%90%D7%9C%D7%93/,0,1,0,9
https://nad-lan.co.il/professionals/%D7%A1%D7%95%D7%9C%D7%99%D7%9E%D7%A0%D7%99-%D7%92%D7%9E%D7%90%D7%9C/,0,1,0,8
https://nad-lan.co.il/professionals/%D7%A1%D7%95%D7%9E%D7%9A-%D7%9E%D7%A0%D7%97%D7%9D/,0,31,0,6.806451612903226
https://nad-lan.co.il/professionals/%D7%A1%D7%95%D7%A0%D7%99%D7%A1-%D7%92%D7%99%D7%9C/,0,1,0,1
https://nad-lan.co.il/professionals/%D7%A1%D7%95%D7%A8%D7%95%D7%92%D7%95%D7%9F-%D7%90%D7%94%D7%95%D7%93/,0,3,0,5.666666666666667
https://nad-lan.co.il/professionals/%D7%A1%D7%98%D7%95%D7%9C%D7%A8-%D7%9E%D7%A9%D7%94/,0,5,0,12.4
https://nad-lan.co.il/professionals/%D7%A1%D7%98%D7%A4%D7%90%D7%9F-%D7%95%D7%90%D7%99%D7%9C/,0,6,0,8.166666666666668
https://nad-lan.co.il/professionals/%D7%A1%D7%98%D7%A8%D7%95%D7%9C%D7%95%D7%95%D7%99%D7%A5-%D7%97%D7%A0%D7%9F-%D7%99%D7%95%D7%A1%D7%A3/,0,1,0,4
https://nad-lan.co.il/professionals/%D7%A1%D7%99%D7%91%D7%95%D7%A0%D7%99-%D7%99%D7%95%D7%A1%D7%99/,0,1,0,10
https://nad-lan.co.il/professionals/%D7%A1%D7%99%D7%95%D7%9F-%D7%93%D7%95%D7%93/,0,1,0,6
https://nad-lan.co.il/professionals/%D7%A1%D7%99%D7%95%D7%9F-%D7%A0%D7%99%D7%91/,0,3,0,5.666666666666667
https://nad-lan.co.il/professionals/%D7%A1%D7%99%D7%99%D7%93-%D7%90%D7%97%D7%9E%D7%93-%D7%9E%D7%97%D7%A8%D7%95%D7%A1/,0,5,0,6.8
https://nad-lan.co.il/professionals/%D7%A1%D7%99%D7%9E%D7%95%D7%A0%D7%99-%D7%9E%D7%90%D7%99%D7%A8/,0,4,0,9.75
https://nad-lan.co.il/professionals/%D7%A1%D7%99%D7%9E%D7%9F-%D7%98%D7%95%D7%91-%D7%A9%D7%9C%D7%9E%D7%94/,0,1,0,7
https://nad-lan.co.il/professionals/%D7%A1%D7%99%D7%A0%D7%95%D7%90%D7%A0%D7%99-%D7%93%D7%A0%D7%99%D7%90%D7%9C/,0,5,0,4.2
https://nad-lan.co.il/professionals/%D7%A1%D7%99%D7%A0%D7%99-%D7%92%D7%99%D7%90/,0,1,0,7
https://nad-lan.co.il/professionals/%D7%A1%D7%99%D7%A0%D7%99-%D7%92%D7%A8%D7%A9%D7%95%D7%9F/,0,1,0,3
https://nad-lan.co.il/professionals/%D7%A1%D7%99%D7%A0%D7%99-%D7%98%D7%9C/,0,7,0,5.714285714285714
https://nad-lan.co.il/professionals/%D7%A1%D7%9B%D7%A1-%D7%90%D7%99%D7%90%D7%93/,0,10,0,5.2
https://nad-lan.co.il/professionals/%D7%A1%D7%9C%D7%90%D7%9E%D7%94-%D7%A1%D7%90%D7%9C%D7%9D/,0,5,0,16.2
https://nad-lan.co.il/professionals/%D7%A1%D7%9C%D7%90%D7%9E%D7%94-%D7%A1%D7%9E%D7%99%D7%A8/,0,1,0,4
https://nad-lan.co.il/professionals/%D7%A1%D7%9C%D7%94%D7%95%D7%91-%D7%A8%D7%A4%D7%90%D7%9C/,0,9,0,7.222222222222222
https://nad-lan.co.il/professionals/%D7%A1%D7%9C%D7%98%D7%99-%D7%9E%D7%95%D7%97%D7%9E%D7%93/,0,1,0,10
https://nad-lan.co.il/professionals/%D7%A1%D7%9C%D7%98%D7%99-%D7%A0%D7%90%D7%A1%D7%A8/,0,2,0,6.5
https://nad-lan.co.il/professionals/%D7%A1%D7%9C%D7%99%D7%9E%D7%90%D7%9F-%D7%94%D7%90%D7%A9%D7%9D/,0,4,0,7.5
https://nad-lan.co.il/professionals/%D7%A1%D7%9C%D7%9E%D7%9F-%D7%A0%D7%95%D7%97/,0,3,0,5.666666666666667
https://nad-lan.co.il/professionals/%D7%A1%D7%9C%D7%A2-%D7%99%D7%A6%D7%97%D7%A7/,0,19,0,10.578947368421053
https://nad-lan.co.il/professionals/%D7%A1%D7%9E%D7%90%D7%A8%D7%94-%D7%92%D7%95%D7%91%D7%A8%D7%90%D7%99%D7%9C/,0,4,0,7.25
https://nad-lan.co.il/professionals/%D7%A1%D7%9E%D7%93%D7%A8-%D7%99%D7%A0%D7%99%D7%91/,0,3,0,9.333333333333334
https://nad-lan.co.il/professionals/%D7%A1%D7%9E%D7%95%D7%9B%D7%99%D7%90%D7%9F-%D7%A9%D7%99/,0,3,0,5
https://nad-lan.co.il/professionals/%D7%A1%D7%A0%D7%A6%D7%99%D7%A7-%D7%99%D7%A6%D7%97%D7%A7/,0,1,0,9
https://nad-lan.co.il/professionals/%D7%A1%D7%A2%D7%93%D7%94-%D7%90%D7%9E%D7%99%D7%A8/,0,5,0,3.6
https://nad-lan.co.il/professionals/%D7%A1%D7%A2%D7%93%D7%99%D7%94-%D7%A2%D7%9E%D7%99/,0,1,0,2
https://nad-lan.co.il/professionals/%D7%A1%D7%A2%D7%93%D7%99-%D7%90%D7%97%D7%9E%D7%93/,0,2,0,9
https://nad-lan.co.il/professionals/%D7%A1%D7%A2%D7%93-%D7%9E%D7%90%D7%94%D7%A8/,0,12,0,6.083333333333333
https://nad-lan.co.il/professionals/%D7%A1%D7%A2%D7%93-%D7%A4%D7%A8%D7%A0%D7%A1%D7%99%D7%A1/,0,2,0,7
https://nad-lan.co.il/professionals/%D7%A1%D7%A4%D7%90-%D7%A8%D7%95%D7%A0%D7%99/,0,3,0,4.666666666666666
https://nad-lan.co.il/professionals/%D7%A1%D7%A4%D7%93%D7%99-%D7%97%D7%90%D7%AA%D7%9D/,0,1,0,1
https://nad-lan.co.il/professionals/%D7%A1%D7%A4%D7%95%D7%A8%D7%99-%D7%90%D7%91%D7%A8%D7%90%D7%94%D7%99%D7%9D/,0,3,0,4
https://nad-lan.co.il/professionals/%D7%A1%D7%A4%D7%99%D7%A8-%D7%A9%D7%92%D7%99%D7%90/,0,2,0,5.5
https://nad-lan.co.il/professionals/%D7%A1%D7%A7%D7%99%D7%90%D7%9F-%D7%90%D7%91%D7%99%D7%90%D7%9C/,0,3,0,3
https://nad-lan.co.il/professionals/%D7%A1%D7%A7%D7%99-%D7%96%D7%93%D7%94-%D7%A2%D7%95%D7%93%D7%93/,0,1,0,6
https://nad-lan.co.il/professionals/%D7%A1%D7%A8%D7%90%D7%97%D7%A0%D7%94-%D7%A2%D7%98%D7%90/,0,2,0,3.5
https://nad-lan.co.il/professionals/%D7%A1%D7%A8%D7%95%D7%92%D7%95-%D7%99%D7%95%D7%90%D7%91/,0,34,0,7.676470588235294
https://nad-lan.co.il/professionals/%D7%A1%D7%A8%D7%97%D7%90%D7%9F-%D7%90%D7%97%D7%9E%D7%93/,0,2,0,5
https://nad-lan.co.il/professionals/%D7%A1%D7%A8%D7%97%D7%90%D7%9F-%D7%90%D7%99%D7%91%D7%A8%D7%94%D7%99%D7%9D/,0,3,0,7
https://nad-lan.co.il/professionals/%D7%A1%D7%A8%D7%A1%D7%95%D7%A8-%D7%96%D7%95%D7%94%D7%A8%D7%99/,0,4,0,4.5
https://nad-lan.co.il/professionals/%D7%A1%D7%A8%D7%A1%D7%95%D7%A8-%D7%A2%D7%91%D7%93%D7%90%D7%9C%D7%9C%D7%94/,0,1,0,7
https://nad-lan.co.il/professionals/%D7%A1%D7%A8%D7%A1%D7%95%D7%A8-%D7%A8%D7%99%D7%90%D7%93/,0,1,0,8
https://nad-lan.co.il/professionals/%D7%A2%D7%90%D7%96%D7%9D-%D7%A1%D7%A2%D7%99%D7%93/,0,6,0,7
https://nad-lan.co.il/professionals/%D7%A2%D7%90%D7%9C%D7%9D-%D7%A4%D7%93%D7%9C/,0,1,0,4
https://nad-lan.co.il/professionals/%D7%A2%D7%91%D7%93%D7%90%D7%9C%D7%91%D7%A7%D7%99-%D7%A2%D7%9E%D7%90%D7%A8/,0,4,0,6
https://nad-lan.co.il/professionals/%D7%A2%D7%91%D7%93%D7%90%D7%9C%D7%9C%D7%94-%D7%91%D7%9C%D7%90%D7%9C/,0,1,0,4
https://nad-lan.co.il/professionals/%D7%A2%D7%91%D7%93%D7%99-%D7%9E%D7%90%D7%99%D7%A8/,0,1,0,5
https://nad-lan.co.il/professionals/%D7%A2%D7%91%D7%93-%D7%90%D7%9C-%D7%95%D7%9C%D7%99-%D7%A1%D7%9E%D7%99%D7%97/,0,1,0,5
https://nad-lan.co.il/professionals/%D7%A2%D7%91%D7%93-%D7%90%D7%9C-%D7%A7%D7%90%D7%93%D7%A8-%D7%9E%D7%95%D7%A2%D7%AA%D7%A6%D7%9D/,0,1,0,7
https://nad-lan.co.il/professionals/%D7%A2%D7%91%D7%95%D7%93-%D7%90%D7%99%D7%90%D7%93/,0,3,0,24.333333333333332
https://nad-lan.co.il/professionals/%D7%A2%D7%91%D7%95%D7%93-%D7%92%D7%95%D7%9F/,0,1,0,6
https://nad-lan.co.il/professionals/%D7%A2%D7%91%D7%99%D7%93%D7%90%D7%AA-%D7%A2%D7%90%D7%9E%D7%A8/,0,6,0,17.166666666666668
https://nad-lan.co.il/professionals/%D7%A2%D7%92%D7%99%D7%91-%D7%99%D7%95%D7%A1%D7%A3/,0,25,0,8.120000000000001
https://nad-lan.co.il/professionals/%D7%A2%D7%93%D7%99%D7%A7%D7%94-%D7%99%D7%95%D7%91%D7%91/,0,1,0,6
https://nad-lan.co.il/professionals/%D7%A2%D7%95%D7%90%D7%93-%D7%A2%D7%9C%D7%90/,0,2,0,9
https://nad-lan.co.il/professionals/%D7%A2%D7%95%D7%90%D7%95%D7%93%D7%94-%D7%92%D7%9C%D7%90%D7%9C/,0,3,0,10.666666666666666
https://nad-lan.co.il/professionals/%D7%A2%D7%95%D7%90%D7%95%D7%93%D7%94-%D7%A2%D7%9E%D7%90%D7%A8/,0,2,0,28.5
https://nad-lan.co.il/professionals/%D7%A2%D7%95%D7%93%D7%94-%D7%92%D7%A1%D7%90%D7%9F/,0,5,0,6.2
https://nad-lan.co.il/professionals/%D7%A2%D7%95%D7%93%D7%94-%D7%A2%D7%90%D7%93%D7%9C/,0,5,0,5.6
https://nad-lan.co.il/professionals/%D7%A2%D7%95%D7%95%D7%93%D7%90%D7%9C%D7%9C%D7%94-%D7%9E%D7%95%D7%97%D7%9E%D7%93/,0,1,0,8
https://nad-lan.co.il/professionals/%D7%A2%D7%95%D7%95%D7%93-%D7%91%D7%A1%D7%90%D7%9D/,0,6,0,8.166666666666668
https://nad-lan.co.il/professionals/%D7%A2%D7%95%D7%96%D7%99%D7%99%D7%A8%D7%99-%D7%90%D7%A9%D7%A8%D7%A3/,0,1,0,12
https://nad-lan.co.il/professionals/%D7%A2%D7%95%D7%96%D7%A8%D7%99-%D7%A0%D7%99%D7%A8-%D7%A0%D7%AA%D7%9F/,0,2,0,7.5
https://nad-lan.co.il/professionals/%D7%A2%D7%95%D7%99%D7%99%D7%93-%D7%93%D7%90%D7%95%D7%93/,0,2,0,10.5
https://nad-lan.co.il/professionals/%D7%A2%D7%95%D7%9E%D7%A8-%D7%96%D7%90%D7%94%D7%A8/,0,1,0,8
https://nad-lan.co.il/professionals/%D7%A2%D7%95%D7%AA%D7%9E%D7%90%D7%9F-%D7%99%D7%95%D7%A1%D7%A3/,0,1,0,5
https://nad-lan.co.il/professionals/%D7%A2%D7%96%D7%90%D7%99%D7%96%D7%94-%D7%90%D7%99%D7%9E%D7%9F/,0,2,0,5
https://nad-lan.co.il/professionals/%D7%A2%D7%96%D7%90%D7%99%D7%96%D7%94-%D7%96%D7%9B%D7%A8%D7%99%D7%94/,0,7,0,3.5714285714285716
https://nad-lan.co.il/professionals/%D7%A2%D7%96%D7%90%D7%99%D7%96%D7%94-%D7%A2%D7%96%D7%99%D7%96/,0,1,0,8
https://nad-lan.co.il/professionals/%D7%A2%D7%96%D7%A8%D7%90-%D7%91%D7%A8%D7%95%D7%9A/,0,1,0,23
https://nad-lan.co.il/professionals/%D7%A2%D7%96%D7%A8%D7%99%D7%94-%D7%9E%D7%A8%D7%93%D7%9B%D7%99/,0,3,0,8.666666666666668
https://nad-lan.co.il/professionals/%D7%A2%D7%98%D7%95%D7%9F-%D7%9E%D7%90%D7%94%D7%A8/,0,4,0,5.5
https://nad-lan.co.il/professionals/%D7%A2%D7%98%D7%99%D7%99%D7%94-%D7%90%D7%91%D7%A8%D7%90%D7%94%D7%99%D7%9D/,0,4,0,2.25
https://nad-lan.co.il/professionals/%D7%A2%D7%99%D7%93%D7%9F-%D7%A4%D7%A8%D7%A5-%D7%A0%D7%99%D7%A1%D7%99%D7%9D/,0,1,0,10
https://nad-lan.co.il/professionals/%D7%A2%D7%99%D7%93-%D7%A1%D7%95%D7%A0%D7%90%D7%99/,0,3,0,6.333333333333333
https://nad-lan.co.il/professionals/%D7%A2%D7%99%D7%A1%D7%90-%D7%90%D7%A9%D7%A8%D7%A3/,0,9,0,7.888888888888889
https://nad-lan.co.il/professionals/%D7%A2%D7%99%D7%A1%D7%90-%D7%92%D7%9C%D7%92%D7%9C/,0,2,0,5
https://nad-lan.co.il/professionals/%D7%A2%D7%99%D7%A1%D7%90-%D7%96%D7%90%D7%94%D7%A8/,0,1,0,11
https://nad-lan.co.il/professionals/%D7%A2%D7%99%D7%A1%D7%90-%D7%9E%D7%97%D7%9E%D7%95%D7%93/,0,4,0,7
https://nad-lan.co.il/professionals/%D7%A2%D7%99%D7%A1%D7%9E%D7%99-%D7%A2%D7%96%D7%9E%D7%99/,0,1,0,8
https://nad-lan.co.il/professionals/%D7%A2%D7%99%D7%A8%D7%90%D7%A7%D7%99-%D7%90%D7%97%D7%9E%D7%93/,0,3,0,4
https://nad-lan.co.il/professionals/%D7%A2%D7%99%D7%A8%D7%90%D7%A7%D7%99-%D7%90%D7%99%D7%99%D7%9E%D7%9F/,0,5,0,9.6
https://nad-lan.co.il/professionals/%D7%A2%D7%9C%D7%99%D7%90%D7%9F-%D7%A2%D7%9E%D7%90%D7%93/,0,2,0,8.5
https://nad-lan.co.il/professionals/%D7%A2%D7%9C%D7%99%D7%99%D7%9E%D7%99-%D7%9E%D7%95%D7%A0%D7%99%D7%A8/,0,1,0,1
https://nad-lan.co.il/professionals/%D7%A2%D7%9C%D7%99-%D7%90%D7%9C%D7%97%D7%9C%D7%95%D7%94-%D7%90%D7%99%D7%99%D7%9E%D7%9F/,0,2,0,3.5
https://nad-lan.co.il/professionals/%D7%A2%D7%9C%D7%99-%D7%A0%D7%91%D7%99%D7%9C/,0,2,0,4
https://nad-lan.co.il/professionals/%D7%A2%D7%9E%D7%90%D7%93-%D7%99%D7%95%D7%A1%D7%A3/,0,8,0,7.125
https://nad-lan.co.il/professionals/%D7%A2%D7%9E%D7%95%D7%A1%D7%99-%D7%90%D7%A8%D7%99%D7%90%D7%9C/,0,6,0,5.333333333333333
https://nad-lan.co.il/professionals/%D7%A2%D7%9E%D7%99%D7%A7%D7%9D-%D7%A2%D7%95%D7%9E%D7%A8/,0,2,0,9.5
https://nad-lan.co.il/professionals/%D7%A2%D7%9E%D7%99%D7%A8%D7%94-%D7%9E%D7%95%D7%97%D7%9E%D7%93/,0,1,0,1
https://nad-lan.co.il/professionals/%D7%A2%D7%9E%D7%A8%D7%95-%D7%A8%D7%90%D7%99%D7%A3/,0,1,0,1
https://nad-lan.co.il/professionals/%D7%A2%D7%9E%D7%A8%D7%9D-%D7%97%D7%99%D7%99%D7%9D/,0,5,0,9.6
https://nad-lan.co.il/professionals/%D7%A2%D7%9E%D7%A8%D7%A0%D7%99-%D7%A8%D7%9E%D7%99/,0,21,0,7.904761904761905
https://nad-lan.co.il/professionals/%D7%A2%D7%9E%D7%A8-%D7%90%D7%99%D7%9C%D7%9F/,0,3,0,4.666666666666666
https://nad-lan.co.il/professionals/%D7%A2%D7%9E%D7%A8-%D7%90%D7%9C%D7%99%D7%90%D7%9F/,0,2,0,10
https://nad-lan.co.il/professionals/%D7%A2%D7%9E%D7%A8-%D7%99%D7%95%D7%91%D7%9C/,0,2,0,8
https://nad-lan.co.il/professionals/%D7%A2%D7%A0%D7%91%D7%A8-%D7%A8%D7%9D/,0,2,0,4
https://nad-lan.co.il/professionals/%D7%A2%D7%A0%D7%98%D7%91%D7%99-%D7%A6%D7%99%D7%95%D7%9F/,0,2,0,13
https://nad-lan.co.il/professionals/%D7%A2%D7%A0%D7%AA%D7%91%D7%99-%D7%93%D7%95%D7%A8%D7%95%D7%9F/,0,2,0,1.5
https://nad-lan.co.il/professionals/%D7%A2%D7%A1%D7%99%D7%A1-%D7%A2%D7%9E%D7%95%D7%A1/,0,2,0,18
https://nad-lan.co.il/professionals/%D7%A2%D7%A4%D7%90%D7%A8%D7%94-%D7%A4%D7%94%D7%93/,0,12,0,6.416666666666667
https://nad-lan.co.il/professionals/%D7%A2%D7%A4%D7%99%D7%A3-%D7%A9%D7%9C%D7%91%D7%99/,0,2,0,6.5
https://nad-lan.co.il/professionals/%D7%A2%D7%A7%D7%9C-%D7%92%D7%90%D7%9C%D7%91/,0,3,0,18.666666666666668
https://nad-lan.co.il/professionals/%D7%A2%D7%A8%D7%90%D7%91%D7%99-%D7%90%D7%99%D7%90%D7%93/,0,1,0,8
https://nad-lan.co.il/professionals/%D7%A2%D7%A8%D7%90%D7%A7%D7%99-%D7%A2%D7%91%D7%93-%D7%90%D7%9C-%D7%A4%D7%AA%D7%90%D7%97/,0,3,0,7.333333333333333
https://nad-lan.co.il/professionals/%D7%A2%D7%A8%D7%9E%D7%99-%D7%90%D7%95%D7%A4%D7%99%D7%A8/,0,2,0,1.5
https://nad-lan.co.il/professionals/%D7%A2%D7%A9%D7%95%D7%A8-%D7%99%D7%95%D7%91%D7%9C/,0,5,0,4.6
https://nad-lan.co.il/professionals/%D7%A2%D7%AA%D7%90%D7%99-%D7%99%D7%A0%D7%99%D7%91/,0,1,0,3
https://nad-lan.co.il/professionals/%D7%A2%D7%AA%D7%99%D7%9C%D7%99-%D7%A4%D7%95%D7%90%D7%96/,0,2,0,5
https://nad-lan.co.il/professionals/%D7%A4%D7%90%D7%91%D7%99-%D7%90%D7%A4%D7%A8%D7%99%D7%9D/,0,2,0,4.5
https://nad-lan.co.il/professionals/%D7%A4%D7%90%D7%99%D7%96-%D7%A1%D7%A2%D7%93%D7%99/,0,9,0,6.888888888888889
https://nad-lan.co.il/professionals/%D7%A4%D7%90%D7%A8%D7%A1-%D7%96%D7%95%D7%94%D7%A8/,0,22,0,6.954545454545454
https://nad-lan.co.il/professionals/%D7%A4%D7%95%D7%9C%D7%A7-%D7%9E%D7%A9%D7%94/,0,3,0,4.666666666666666
https://nad-lan.co.il/professionals/%D7%A4%D7%95%D7%A7%D7%A1-%D7%91%D7%A8%D7%A7/,0,2,0,15
https://nad-lan.co.il/professionals/%D7%A4%D7%95%D7%A8%D7%A8-%D7%A9%D7%99/,0,4,0,6
https://nad-lan.co.il/professionals/%D7%A4%D7%95%D7%A8%D7%AA-%D7%90%D7%9C%D7%95%D7%9F/,0,2,0,2
https://nad-lan.co.il/professionals/%D7%A4%D7%98%D7%99%D7%92%D7%A8%D7%95-%D7%90%D7%99%D7%9C%D7%9F/,0,1,0,3
https://nad-lan.co.il/professionals/%D7%A4%D7%99%D7%98%D7%95%D7%A1%D7%99-%D7%90%D7%99%D7%AA%D7%9F/,0,22,0,7.909090909090909
https://nad-lan.co.il/professionals/%D7%A4%D7%99%D7%9B%D7%9E%D7%9F-%D7%97%D7%A0%D7%95%D7%9A/,0,3,0,2.666666666666667
https://nad-lan.co.il/professionals/%D7%A4%D7%99%D7%A8%D7%A8-%D7%92%D7%A4%D7%A8%D7%99/,0,1,0,5
https://nad-lan.co.il/professionals/%D7%A4%D7%9C%D7%90%D7%97-%D7%90%D7%A9%D7%A8%D7%A3/,0,1,0,4
https://nad-lan.co.il/professionals/%D7%A4%D7%9C%D7%93-%D7%9C%D7%99%D7%90%D7%95%D7%A8/,0,4,0,4.25
https://nad-lan.co.il/professionals/%D7%A4%D7%9C%D7%93-%D7%A9%D7%97%D7%A8/,0,2,0,5.5
https://nad-lan.co.il/professionals/%D7%A4%D7%9C%D7%97-%D7%9E%D7%A9%D7%94-2/,0,4,0,9
https://nad-lan.co.il/professionals/%D7%A4%D7%9C%D7%97-%D7%9E%D7%A9%D7%94/,0,11,0,4.090909090909091
https://nad-lan.co.il/professionals/%D7%A4%D7%9C%D7%97-%D7%A2%D7%9E%D7%95%D7%A1/,0,20,0,7.8
https://nad-lan.co.il/professionals/%D7%A4%D7%9C%D7%97-%D7%A8%D7%90%D7%95%D7%91%D7%9F-2/,0,1,0,5
https://nad-lan.co.il/professionals/%D7%A4%D7%9C%D7%97-%D7%A8%D7%90%D7%95%D7%91%D7%9F/,0,10,0,9
https://nad-lan.co.il/professionals/%D7%A4%D7%9C%D7%97-%D7%A9%D7%9C%D7%95%D7%9E%D7%99/,0,8,0,4.375
https://nad-lan.co.il/professionals/%D7%A4%D7%9C%D7%99%D7%A7-%D7%90%D7%9C%D7%95%D7%9F/,0,5,0,10.4
https://nad-lan.co.il/professionals/%D7%A4%D7%A0%D7%97%D7%A1-%D7%A8%D7%95%D7%A0%D7%99/,0,17,0,7.0588235294117645
https://nad-lan.co.il/professionals/%D7%A4%D7%A0%D7%97%D7%A1-%D7%AA%D7%9E%D7%99%D7%A8/,0,16,0,10.4375
https://nad-lan.co.il/professionals/%D7%A4%D7%A1%D7%A8-%D7%A8%D7%9E%D7%99/,0,2,0,35.5
https://nad-lan.co.il/professionals/%D7%A4%D7%A4%D7%95-%D7%90%D7%94%D7%95%D7%93/,0,1,0,8
https://nad-lan.co.il/professionals/%D7%A4%D7%A7-%D7%90%D7%99%D7%99%D7%9C-%D7%9E%D7%A9%D7%94/,0,14,0,6.071428571428571
https://nad-lan.co.il/professionals/%D7%A4%D7%A8%D7%95%D7%99%D7%9E%D7%95%D7%91%D7%99%D7%A5-%D7%99%D7%A6%D7%97%D7%A7/,0,2,0,3
https://nad-lan.co.il/professionals/%D7%A4%D7%A8%D7%96-%D7%A9%D7%A8%D7%95%D7%9F/,0,1,0,2
https://nad-lan.co.il/professionals/%D7%A4%D7%A8%D7%97%D7%90%D7%AA-%D7%97%D7%9E%D7%96%D7%94/,0,2,0,2.5
https://nad-lan.co.il/professionals/%D7%A4%D7%A8%D7%99%D7%96%D7%98-%D7%93%D7%95%D7%93/,0,11,0,6.454545454545454
https://nad-lan.co.il/professionals/%D7%A4%D7%A8%D7%99%D7%96-%D7%A6%D7%95%D7%A8%D7%99/,0,3,0,20.666666666666668
https://nad-lan.co.il/professionals/%D7%A4%D7%A8%D7%A0%D7%92%D7%99-%D7%A8%D7%95%D7%A0%D7%9F/,0,4,0,6.25
https://nad-lan.co.il/professionals/%D7%A4%D7%A8%D7%A0%D7%A6%D7%95%D7%96%D7%95-%D7%93%D7%95%D7%93/,0,1,0,3
https://nad-lan.co.il/professionals/%D7%A4%D7%A8%D7%A1%D7%99%D7%A7%D7%95-%D7%90%D7%94%D7%A8%D7%95%D7%9F/,0,4,0,6.25
https://nad-lan.co.il/professionals/%D7%A4%D7%A8%D7%A5-%D7%90%D7%9C%D7%99/,0,2,0,7.5
https://nad-lan.co.il/professionals/%D7%A4%D7%A8%D7%A5-%D7%90%D7%A9%D7%A8-2/,0,9,0,5
https://nad-lan.co.il/professionals/%D7%A4%D7%A8%D7%A5-%D7%90%D7%A9%D7%A8/,0,2,0,5
https://nad-lan.co.il/professionals/%D7%A4%D7%A8%D7%A5-%D7%9E%D7%90%D7%99%D7%A8-2/,0,1,0,7
https://nad-lan.co.il/professionals/%D7%A4%D7%A8%D7%A5-%D7%A2%D7%99%D7%93%D7%95/,0,4,0,4.75
https://nad-lan.co.il/professionals/%D7%A4%D7%A8%D7%A5-%D7%A9%D7%9E%D7%A2%D7%95%D7%9F/,0,5,0,5.4
https://nad-lan.co.il/professionals/%D7%A6%D7%90%D7%9C%D7%97-%D7%A0%D7%91%D7%99%D7%9C/,0,7,0,5.428571428571429
https://nad-lan.co.il/professionals/%D7%A6%D7%91%D7%99-%D7%A9%D7%99/,0,3,0,3
https://nad-lan.co.il/professionals/%D7%A6%D7%93%D7%A7%D7%94-%D7%A6%D7%97%D7%99/,0,3,0,2
https://nad-lan.co.il/professionals/%D7%A6%D7%95%D7%91%D7%A8%D7%99-%D7%90%D7%91%D7%A8%D7%94%D7%9D/,0,1,0,8
https://nad-lan.co.il/professionals/%D7%A6%D7%95%D7%A4%D7%99-%D7%A2%D7%95%D7%A4%D7%A8/,0,2,0,6
https://nad-lan.co.il/professionals/%D7%A6%D7%97-%D7%97%D7%96%D7%99/,0,10,0,4.5
https://nad-lan.co.il/professionals/%D7%A6%D7%99%D7%95%D7%A0%D7%99-%D7%92%D7%99%D7%90/,0,3,0,3
https://nad-lan.co.il/professionals/%D7%A6%D7%99%D7%9E%D7%A8%D7%9E%D7%9F-%D7%92%D7%9C%D7%A2%D7%93/,0,8,0,6.125
https://nad-lan.co.il/professionals/%D7%A6%D7%99%D7%A4%D7%95%D7%A8%D7%99-%D7%92%D7%99%D7%9C/,0,1,0,10
https://nad-lan.co.il/professionals/%D7%A6%D7%A4%D7%93%D7%99%D7%94-%D7%92%D7%99%D7%90/,0,2,0,8.5
https://nad-lan.co.il/professionals/%D7%A6%D7%A4%D7%95%D7%A8%D7%99-%D7%A0%D7%99%D7%91/,0,3,0,2.333333333333333
https://nad-lan.co.il/professionals/%D7%A6%D7%A8%D7%A4%D7%AA%D7%99-%D7%90%D7%95%D7%A8%D7%9F/,0,12,0,11.25
https://nad-lan.co.il/professionals/%D7%A6%D7%A8%D7%A4%D7%AA%D7%99-%D7%95%D7%99%D7%A7%D7%98%D7%95%D7%A8/,0,2,0,13.5
https://nad-lan.co.il/professionals/%D7%A7%D7%90%D7%93%D7%A8%D7%99-%D7%95%D7%95%D7%A1%D7%99%D7%9D/,0,3,0,10
https://nad-lan.co.il/professionals/%D7%A7%D7%90%D7%A1%D7%9D-%D7%92%D7%A1%D7%90%D7%9F/,0,4,0,23.75
https://nad-lan.co.il/professionals/%D7%A7%D7%90%D7%A1%D7%9D-%D7%93%D7%99%D7%90/,0,2,0,4.5
https://nad-lan.co.il/professionals/%D7%A7%D7%90%D7%A1%D7%9D-%D7%A1%D7%9C%D7%90%D7%97/,0,1,0,7
https://nad-lan.co.il/professionals/%D7%A7%D7%90%D7%A8%D7%99%D7%9F-%D7%90%D7%91%D7%99/,0,3,0,5.333333333333333
https://nad-lan.co.il/professionals/%D7%A7%D7%91%D7%94%D7%90-%D7%A2%D7%9C%D7%99/,0,1,0,8
https://nad-lan.co.il/professionals/%D7%A7%D7%91%D7%9C%D7%90%D7%9F-%D7%A1%D7%9C%D7%9E%D7%90%D7%9F/,0,1,0,11
https://nad-lan.co.il/professionals/%D7%A7%D7%93%D7%95%D7%A8%D7%94-%D7%99%D7%90%D7%A1%D7%A8/,0,3,0,15.666666666666666
https://nad-lan.co.il/professionals/%D7%A7%D7%93%D7%95%D7%A9-%D7%99%D7%95%D7%91%D7%9C/,0,5,0,4
https://nad-lan.co.il/professionals/%D7%A7%D7%93%D7%95%D7%A9-%D7%A2%D7%9E%D7%A8%D7%99/,0,2,0,6
https://nad-lan.co.il/professionals/%D7%A7%D7%93%D7%95%D7%A9-%D7%A9%D7%9E%D7%A2%D7%95%D7%9F/,0,1,0,6
https://nad-lan.co.il/professionals/%D7%A7%D7%93%D7%97-%D7%97%D7%95%D7%A1%D7%90%D7%9D/,0,4,0,14
https://nad-lan.co.il/professionals/%D7%A7%D7%93%D7%99%D7%9D-%D7%A9%D7%99/,0,3,0,6.333333333333333
https://nad-lan.co.il/professionals/%D7%A7%D7%93%D7%9D-%D7%92%D7%9C%D7%A2%D7%93/,0,1,0,5
https://nad-lan.co.il/professionals/%D7%A7%D7%93%D7%9E%D7%99-%D7%A9%D7%9C%D7%9E%D7%94/,0,5,0,9.4
https://nad-lan.co.il/professionals/%D7%A7%D7%93%D7%A8-%D7%92%D7%93%D7%A2%D7%95%D7%9F/,0,2,0,5.5
https://nad-lan.co.il/professionals/%D7%A7%D7%94%D7%9C%D7%A0%D7%99-%D7%A0%D7%99%D7%A8/,0,2,0,3
https://nad-lan.co.il/professionals/%D7%A7%D7%95%D7%90%D7%9E%D7%9C%D7%94-%D7%9E%D7%95%D7%97%D7%9E%D7%93/,0,1,0,67
https://nad-lan.co.il/professionals/%D7%A7%D7%95%D7%98%D7%9C%D7%A8-%D7%A9%D7%9C%D7%9E%D7%94/,0,2,0,7.5
https://nad-lan.co.il/professionals/%D7%A7%D7%95%D7%98%D7%A8-%D7%92%D7%9C%D7%A2%D7%93/,0,1,0,6
https://nad-lan.co.il/professionals/%D7%A7%D7%95%D7%9C%D7%A0%D7%99-%D7%A2%D7%93%D7%99/,0,5,0,15.2
https://nad-lan.co.il/professionals/%D7%A7%D7%95%D7%A4%D7%9C-%D7%A9%D7%92%D7%99%D7%90/,0,5,0,10
https://nad-lan.co.il/professionals/%D7%A7%D7%96%D7%95-%D7%9B%D7%94%D7%9F-%D7%99%D7%A2%D7%A7%D7%91/,0,5,0,2.8
https://nad-lan.co.il/professionals/%D7%A7%D7%96%D7%9E%D7%90%D7%A8-%D7%9C%D7%95%D7%90%D7%99/,0,4,0,3
https://nad-lan.co.il/professionals/%D7%A7%D7%99%D7%A1%D7%A8-%D7%A4%D7%95%D7%90%D7%93/,0,12,0,3.9166666666666665
https://nad-lan.co.il/professionals/%D7%A7%D7%9C%D7%99%D7%99%D7%9E%D7%9F-%D7%A8%D7%95%D7%9F/,0,1,0,6
https://nad-lan.co.il/professionals/%D7%A7%D7%9C%D7%99%D7%99%D7%A0%D7%9E%D7%9F-%D7%A8%D7%A2%D7%99/,0,3,0,12.333333333333334
https://nad-lan.co.il/professionals/%D7%A7%D7%9C%D7%99%D7%9E%D7%99-%D7%A8%D7%95%D7%A2%D7%99/,0,7,0,3.857142857142857
https://nad-lan.co.il/professionals/%D7%A7%D7%9C%D7%99%D7%A8-%D7%92%D7%93/,0,1,0,8
https://nad-lan.co.il/professionals/%D7%A7%D7%9C%D7%A4%D7%A8-%D7%90%D7%A8%D7%99%D7%A7/,0,14,0,8.714285714285715
https://nad-lan.co.il/professionals/%D7%A7%D7%9E%D7%A4%D7%99%D7%A0%D7%A1%D7%A7%D7%99-%D7%92%D7%99%D7%90/,0,18,0,9.555555555555555
https://nad-lan.co.il/professionals/%D7%A7%D7%A2%D7%93%D7%90%D7%9F-%D7%A1%D7%90%D7%9E%D7%99/,0,7,0,6.285714285714286
https://nad-lan.co.il/professionals/%D7%A7%D7%A2%D7%93%D7%90%D7%9F-%D7%A2%D7%95%D7%9E%D7%A8/,0,1,0,1
https://nad-lan.co.il/professionals/%D7%A7%D7%A7%D7%95%D7%9F-%D7%97%D7%92%D7%99/,0,1,0,1
https://nad-lan.co.il/professionals/%D7%A7%D7%A8%D7%95%D7%95%D7%A6%D7%A0%D7%A7%D7%95-%D7%99%D7%95%D7%A1%D7%A3-%D7%90%D7%99%D7%92%D7%A8/,0,1,0,9
https://nad-lan.co.il/professionals/%D7%A7%D7%A8%D7%9E%D7%A8-%D7%90%D7%91%D7%99%D7%91/,0,1,0,3
https://nad-lan.co.il/professionals/%D7%A7%D7%A8%D7%A0%D7%93%D7%9C-%D7%A8%D7%95%D7%A0%D7%9F/,0,1,0,8
https://nad-lan.co.il/professionals/%D7%A7%D7%A8%D7%A1%D7%A0%D7%98%D7%99-%D7%93%D7%9F-%D7%A8%D7%A4%D7%90%D7%9C/,0,7,0,10.714285714285714
https://nad-lan.co.il/professionals/%D7%A7%D7%A8%D7%A5-%D7%90%D7%9C%D7%99/,0,1,0,2
https://nad-lan.co.il/professionals/%D7%A7%D7%A8%D7%A7%D7%95%D7%A7%D7%9C%D7%99-%D7%90%D7%9C%D7%99/,0,7,0,3.7142857142857144
https://nad-lan.co.il/professionals/%D7%A7%D7%A9%D7%98%D7%9F-%D7%99%D7%94%D7%95%D7%93%D7%94/,0,2,0,1.5
https://nad-lan.co.il/professionals/%D7%A7%D7%A9%D7%A8%D7%99-%D7%99%D7%94%D7%95%D7%A9%D7%A2-%D7%99%D7%A2%D7%A7%D7%91/,0,3,0,4
https://nad-lan.co.il/professionals/%D7%A8%D7%90%D7%91%D7%95%D7%A1-%D7%92%D7%9E%D7%90%D7%9C/,0,1,0,5
https://nad-lan.co.il/professionals/%D7%A8%D7%90%D7%91%D7%99-%D7%95%D7%99%D7%A1%D7%90%D7%9D/,0,4,0,8.5
https://nad-lan.co.il/professionals/%D7%A8%D7%90%D7%95%D7%91%D7%9F-%D7%99%D7%A6%D7%97%D7%A7/,0,1,0,1
https://nad-lan.co.il/professionals/%D7%A8%D7%90%D7%95%D7%91%D7%A0%D7%99-%D7%90%D7%A8%D7%96/,0,3,0,8.666666666666668
https://nad-lan.co.il/professionals/%D7%A8%D7%90%D7%95%D7%91%D7%A4%D7%95%D7%92%D7%9C-%D7%90%D7%95%D7%A8%D7%99/,0,6,0,9.166666666666666
https://nad-lan.co.il/professionals/%D7%A8%D7%90%D7%99%D7%93-%D7%92%D7%91%D7%90%D7%A8%D7%99%D7%9F/,0,2,0,9.5
https://nad-lan.co.il/professionals/%D7%A8%D7%91%D7%90%D7%97-%D7%9E%D7%97%D7%9E%D7%95%D7%93/,0,8,0,10
https://nad-lan.co.il/professionals/%D7%A8%D7%91%D7%99%D7%91-%D7%A8%D7%95%D7%A0%D7%9F-%D7%90%D7%91%D7%A8%D7%94%D7%9D/,0,8,0,8.25
https://nad-lan.co.il/professionals/%D7%A8%D7%91%D7%99%D7%93-%D7%90%D7%9C%D7%99%D7%94%D7%95/,0,14,0,9.357142857142858
https://nad-lan.co.il/professionals/%D7%A8%D7%91%D7%99-%D7%92%D7%99%D7%9C/,0,5,0,6.4
https://nad-lan.co.il/professionals/%D7%A8%D7%92%D7%91-%D7%90%D7%9C%D7%9E%D7%95%D7%92/,0,1,0,3
https://nad-lan.co.il/professionals/%D7%A8%D7%92%D7%95%D7%90%D7%9F-%D7%90%D7%99%D7%99%D7%9C/,0,5,0,6.4
https://nad-lan.co.il/professionals/%D7%A8%D7%93%D7%94-%D7%90%D7%91%D7%A0%D7%A8/,0,4,0,5
https://nad-lan.co.il/professionals/%D7%A8%D7%93%D7%9C%D7%99%D7%9A-%D7%93%D7%95%D7%93/,0,2,0,6.5
https://nad-lan.co.il/professionals/%D7%A8%D7%93%D7%A2%D7%99-%D7%90%D7%91%D7%A8%D7%94%D7%9D-%D7%A9%D7%97%D7%A8/,0,6,0,5
https://nad-lan.co.il/professionals/%D7%A8%D7%93%D7%A2%D7%99-%D7%A8%D7%95%D7%A0%D7%99/,0,2,0,9
https://nad-lan.co.il/professionals/%D7%A8%D7%95%D7%96%D7%94-%D7%A8%D7%95%D7%A0%D7%99/,0,7,0,4.142857142857142
https://nad-lan.co.il/professionals/%D7%A8%D7%95%D7%96%D7%A0%D7%91%D7%9C%D7%95%D7%9D-%D7%A9%D7%99-%D7%99%D7%A9%D7%A2%D7%99%D7%94%D7%95/,0,11,0,5.7272727272727275
https://nad-lan.co.il/professionals/%D7%A8%D7%95%D7%96%D7%A0%D7%A7%D7%A8-%D7%A2%D7%A8%D7%9F/,0,1,0,7
https://nad-lan.co.il/professionals/%D7%A8%D7%95%D7%96%D7%A0%D7%A8-%D7%93%D7%95%D7%93/,0,2,0,2
https://nad-lan.co.il/professionals/%D7%A8%D7%95%D7%9E%D7%9F-%D7%90%D7%A8%D7%96/,0,2,0,7
https://nad-lan.co.il/professionals/%D7%A8%D7%95%D7%9F-%D7%90%D7%A8%D7%96/,0,4,0,4.75
https://nad-lan.co.il/professionals/%D7%A8%D7%95%D7%A7%D7%97-%D7%9E%D7%95%D7%96%D7%A1/,0,1,0,17
https://nad-lan.co.il/professionals/%D7%A8%D7%95%D7%A8%D7%91%D7%A8%D7%92-%D7%99%D7%A9%D7%A8%D7%90%D7%9C/,0,8,0,7.5
https://nad-lan.co.il/professionals/%D7%A8%D7%96-%D7%90%D7%95%D7%A8%D7%9F/,0,5,0,7.6
https://nad-lan.co.il/professionals/%D7%A8%D7%96-%D7%99%D7%95%D7%A8%D7%9D/,0,7,0,8.142857142857142
https://nad-lan.co.il/professionals/%D7%A8%D7%96-%D7%A1%D7%A2%D7%A8/,0,12,0,9.75
https://nad-lan.co.il/professionals/%D7%A8%D7%96-%D7%A8%D7%9E%D7%99/,0,2,0,9
https://nad-lan.co.il/professionals/%D7%A8%D7%97%D7%95%D7%9D-%D7%A2%D7%95%D7%91%D7%93/,0,6,0,11.166666666666666
https://nad-lan.co.il/professionals/%D7%A8%D7%97%D7%9E%D7%99%D7%9D-%D7%99%D7%94%D7%95%D7%93%D7%94/,0,1,0,4
https://nad-lan.co.il/professionals/%D7%A8%D7%97%D7%9E%D7%99%D7%9D-%D7%9E%D7%A0%D7%A9%D7%94/,0,1,0,13
https://nad-lan.co.il/professionals/%D7%A8%D7%99%D7%90%D7%97%D7%99%D7%9F-%D7%91%D7%90%D7%A1%D7%9D/,0,1,0,5
https://nad-lan.co.il/professionals/%D7%A8%D7%99%D7%90%D7%9F-%D7%92%D7%99%D7%94%D7%90%D7%93/,0,7,0,6.857142857142857
https://nad-lan.co.il/professionals/%D7%A8%D7%99%D7%90%D7%9F-%D7%A8%D7%9E%D7%96%D7%99/,0,13,0,6.153846153846154
https://nad-lan.co.il/professionals/%D7%A8%D7%99%D7%96%D7%A7%D7%90%D7%9F-%D7%99%D7%A0%D7%99%D7%91/,0,2,0,2.5
https://nad-lan.co.il/professionals/%D7%A8%D7%99%D7%99%D7%92%D7%9F-%D7%A8%D7%95%D7%A0%D7%99/,0,3,0,1.3333333333333333
https://nad-lan.co.il/professionals/%D7%A8%D7%99%D7%99%D7%97%D7%91%D7%9A-%D7%99%D7%95%D7%A1%D7%A3/,0,1,0,2
https://nad-lan.co.il/professionals/%D7%A8%D7%99%D7%99%D7%9E%D7%95%D7%A0%D7%93-%D7%99%D7%94%D7%95%D7%A0%D7%90%D7%9F/,0,1,0,1
https://nad-lan.co.il/professionals/%D7%A8%D7%99%D7%99%D7%9E%D7%95%D7%A0%D7%93-%D7%99%D7%94%D7%95%D7%A0%D7%AA%D7%9F/,0,27,0,6.037037037037037
https://nad-lan.co.il/professionals/%D7%A8%D7%99%D7%99%D7%A3-%D7%A7%D7%95%D7%91%D7%99/,0,3,0,6.333333333333333
https://nad-lan.co.il/professionals/%D7%A8%D7%99%D7%A2%D7%A0%D7%99-%D7%90%D7%A1%D7%A3/,0,2,0,5
https://nad-lan.co.il/professionals/%D7%A8%D7%99%D7%A2%D7%A0%D7%99-%D7%94%D7%9C%D7%95%D7%99-%D7%AA%D7%9E%D7%99%D7%A8/,0,15,0,6.933333333333334
https://nad-lan.co.il/professionals/%D7%A8%D7%99%D7%A9%D7%94-%D7%90%D7%9C%D7%99%D7%90%D7%A1/,0,1,0,3
https://nad-lan.co.il/professionals/%D7%A8%D7%A4%D7%90%D7%9C-%D7%90%D7%A1%D7%A3/,0,3,0,10
https://nad-lan.co.il/professionals/%D7%A8%D7%A7%D7%95%D7%91%D7%A1%D7%A7%D7%99-%D7%99%D7%A6%D7%97%D7%A7/,0,3,0,4.666666666666666
https://nad-lan.co.il/professionals/%D7%A8%D7%A7%D7%95%D7%91%D7%A1%D7%A7%D7%99-%D7%A0%D7%97%D7%95%D7%9D/,0,4,0,5
https://nad-lan.co.il/professionals/%D7%A8%D7%A7%D7%97-%D7%A6%D7%95%D7%A8%D7%99%D7%90%D7%9C-%D7%91%D7%A0%D7%99%D7%9E%D7%99%D7%9F/,0,4,0,9
https://nad-lan.co.il/professionals/%D7%A9%D7%90%D7%95%D7%9C-%D7%A0%D7%95%D7%A2%D7%9D/,0,2,0,5
https://nad-lan.co.il/professionals/%D7%A9%D7%90%D7%9E%D7%99-%D7%9E%D7%95%D7%A2%D7%99%D7%9F/,0,3,0,4
https://nad-lan.co.il/professionals/%D7%A9%D7%90%D7%A7%D7%99%D7%A8-%D7%90%D7%99%D7%AA%D7%9F/,0,1,0,11
https://nad-lan.co.il/professionals/%D7%A9%D7%90%D7%A7%D7%99%D7%A8-%D7%A8%D7%A4%D7%90%D7%9C/,0,1,0,2
https://nad-lan.co.il/professionals/%D7%A9%D7%91%D7%AA%D7%90%D7%99-%D7%A2%D7%95%D7%91%D7%93/,0,1,0,24
https://nad-lan.co.il/professionals/%D7%A9%D7%91%D7%AA%D7%90%D7%99-%D7%A2%D7%9E%D7%99%D7%A8/,0,10,0,6.6
https://nad-lan.co.il/professionals/%D7%A9%D7%92%D7%A8%D7%90%D7%95%D7%99-%D7%92%D7%99%D7%A8%D7%99%D7%A1/,0,11,0,20.818181818181817
https://nad-lan.co.il/professionals/%D7%A9%D7%93%D7%94-%D7%A0%D7%99%D7%91/,0,4,0,9.25
https://nad-lan.co.il/professionals/%D7%A9%D7%93%D7%94-%D7%A2%D7%9E%D7%99%D7%A8/,0,2,0,3
https://nad-lan.co.il/professionals/%D7%A9%D7%93%D7%94-%D7%A2%D7%A9%D7%94%D7%90%D7%9C-%D7%90%D7%91%D7%99-%D7%A0%D7%A2%D7%9D/,0,1,0,2
https://nad-lan.co.il/professionals/%D7%A9%D7%93%D7%95%D7%AA-%D7%90%D7%95%D7%A8%D7%9F/,0,7,0,13.142857142857142
https://nad-lan.co.il/professionals/%D7%A9%D7%95%D7%90%D7%94%D7%A0%D7%94-%D7%A1%D7%90%D7%9C%D7%97-2/,0,2,0,1.5
https://nad-lan.co.il/professionals/%D7%A9%D7%95%D7%90%D7%97-%D7%9E%D7%95%D7%A0%D7%99%D7%A8/,0,2,0,8
https://nad-lan.co.il/professionals/%D7%A9%D7%95%D7%95%D7%90%D7%97-%D7%90%D7%A0%D7%95%D7%95%D7%90%D7%A8/,0,1,0,4
https://nad-lan.co.il/professionals/%D7%A9%D7%95%D7%95%D7%99%D7%A7%D7%99-%D7%90%D7%91%D7%A8%D7%94%D7%99%D7%9D/,0,1,0,3
https://nad-lan.co.il/professionals/%D7%A9%D7%95%D7%95%D7%A8%D7%A5-%D7%9C%D7%95%D7%99-%D7%A9%D7%9E%D7%95%D7%90%D7%9C/,0,4,0,8.25
https://nad-lan.co.il/professionals/%D7%A9%D7%95%D7%95%D7%A8%D7%A6%D7%91%D7%A8%D7%92-%D7%97%D7%99%D7%99%D7%9D/,0,1,0,13
https://nad-lan.co.il/professionals/%D7%A9%D7%95%D7%99%D7%99%D7%A6%D7%A8-%D7%90%D7%91%D7%99/,0,1,0,4
https://nad-lan.co.il/professionals/%D7%A9%D7%95%D7%9C%D7%9E%D7%9F-%D7%A0%D7%99%D7%91/,0,2,0,6
https://nad-lan.co.il/professionals/%D7%A9%D7%95%D7%A1%D7%A3-%D7%90%D7%91%D7%99-%D7%97%D7%99/,0,2,0,6
https://nad-lan.co.il/professionals/%D7%A9%D7%95%D7%A8%D7%A5-%D7%A1%D7%A8%D7%92%D7%99/,0,2,0,7
https://nad-lan.co.il/professionals/%D7%A9%D7%95%D7%A8%D7%A9-%D7%92%D7%95%D7%96%D7%A3/,0,1,0,7
https://nad-lan.co.il/professionals/%D7%A9%D7%95%D7%A8-%D7%91%D7%A8%D7%A7/,0,3,0,7.666666666666667
https://nad-lan.co.il/professionals/%D7%A9%D7%96%D7%99%D7%A8%D7%99-%D7%A2%D7%95%D7%A4%D7%A8/,0,3,0,2
https://nad-lan.co.il/professionals/%D7%A9%D7%97%D7%90%D7%93%D7%94-%D7%97%D7%A1%D7%9F/,0,6,0,6.666666666666667
https://nad-lan.co.il/professionals/%D7%A9%D7%97%D7%90%D7%93%D7%94-%D7%99%D7%90%D7%A1%D7%99%D7%9F-%D7%A2%D7%95%D7%A8%D7%A1%D7%90%D7%9F/,0,3,0,7.666666666666667
https://nad-lan.co.il/professionals/%D7%A9%D7%97%D7%90%D7%93%D7%94-%D7%A1%D7%9C%D7%99%D7%9E%D7%90%D7%9F/,0,4,0,7
https://nad-lan.co.il/professionals/%D7%A9%D7%97%D7%90%D7%93%D7%94-%D7%A4%D7%90%D7%95%D7%96%D7%99/,0,10,0,10.6
https://nad-lan.co.il/professionals/%D7%A9%D7%97%D7%9D-%D7%99%D7%A6%D7%97%D7%A7/,0,1,0,37
https://nad-lan.co.il/professionals/%D7%A9%D7%97%D7%A8-%D7%99%D7%A2%D7%A7%D7%91/,0,2,0,9.5
https://nad-lan.co.il/professionals/%D7%A9%D7%97%D7%A8-%D7%99%D7%A8%D7%95%D7%9F/,0,16,0,9.3125
https://nad-lan.co.il/professionals/%D7%A9%D7%97%D7%A8-%D7%9E%D7%90%D7%99%D7%A8/,0,1,0,24
https://nad-lan.co.il/professionals/%D7%A9%D7%98%D7%95%D7%A7%D7%94%D7%99%D7%99%D7%9D-%D7%90%D7%9E%D7%A0%D7%95%D7%9F/,0,15,0,4.533333333333333
https://nad-lan.co.il/professionals/%D7%A9%D7%98%D7%99%D7%99%D7%A0%D7%91%D7%95%D7%99%D7%9D-%D7%90%D7%99%D7%99%D7%9C-%D7%9E%D7%99%D7%9B%D7%90%D7%9C/,0,3,0,6.333333333333333
https://nad-lan.co.il/professionals/%D7%A9%D7%98%D7%99%D7%99%D7%A0%D7%91%D7%95%D7%9A-%D7%A6%D7%91%D7%99/,0,1,0,2
https://nad-lan.co.il/professionals/%D7%A9%D7%98%D7%99%D7%99%D7%A0%D7%91%D7%A8%D7%92-%D7%95%D7%99%D7%A7%D7%98%D7%95%D7%A8/,0,2,0,16
https://nad-lan.co.il/professionals/%D7%A9%D7%98%D7%99%D7%99%D7%A0%D7%91%D7%A8%D7%92-%D7%A8%D7%90%D7%95%D7%91%D7%9F-%D7%A6%D7%91%D7%99/,0,4,0,15
https://nad-lan.co.il/professionals/%D7%A9%D7%98%D7%A8%D7%99%D7%AA-%D7%9C%D7%99%D7%90%D7%95%D7%A8/,0,10,0,16.4
https://nad-lan.co.il/professionals/%D7%A9%D7%98%D7%A8%D7%99%D7%AA-%D7%A9%D7%9C%D7%9E%D7%94/,0,1,0,7
https://nad-lan.co.il/professionals/%D7%A9%D7%98%D7%A8%D7%9F-%D7%93%D7%91/,0,1,0,3
https://nad-lan.co.il/professionals/%D7%A9%D7%99%D7%91%D7%9C%D7%99-%D7%91%D7%A9%D7%99%D7%A8/,0,3,0,7.333333333333333
https://nad-lan.co.il/professionals/%D7%A9%D7%99%D7%91%D7%9C%D7%99-%D7%A4%D7%90%D7%AA%D7%A7/,0,3,0,4
https://nad-lan.co.il/professionals/%D7%A9%D7%99%D7%98%D7%A8%D7%99%D7%AA-%D7%9E%D7%99%D7%9B%D7%90%D7%9C/,0,1,0,1
https://nad-lan.co.il/professionals/%D7%A9%D7%99%D7%99%D7%A0%D7%A7%D7%9E%D7%9F-%D7%95%D7%95%D7%9C%D7%98%D7%A8/,0,2,0,18.5
https://nad-lan.co.il/professionals/%D7%A9%D7%99%D7%9A-%D7%96%D7%99%D7%99%D7%93-%D7%A2%D7%9C%D7%90-%D7%90%D7%9C%D7%93%D7%99%D7%9F/,0,4,0,4.25
https://nad-lan.co.il/professionals/%D7%A9%D7%99%D7%9C%D7%94-%D7%A2%D7%9E%D7%A0%D7%95%D7%90%D7%9C/,0,4,0,7.75
https://nad-lan.co.il/professionals/%D7%A9%D7%99%D7%9C%D7%99%D7%90%D7%9F-%D7%93%D7%95%D7%93/,0,1,0,7
https://nad-lan.co.il/professionals/%D7%A9%D7%99%D7%9E%D7%95%D7%9F-%D7%90%D7%91%D7%A8%D7%94%D7%9D/,0,1,0,3
https://nad-lan.co.il/professionals/%D7%A9%D7%99%D7%9E%D7%97%D7%95%D7%9F-%D7%97%D7%99%D7%99%D7%9D/,0,1,0,5
https://nad-lan.co.il/professionals/%D7%A9%D7%99%D7%A0%D7%91%D7%9A-%D7%99%D7%A6%D7%97%D7%A7/,0,2,0,3.5
https://nad-lan.co.il/professionals/%D7%A9%D7%99%D7%A0%D7%93%D7%9C%D7%A8-%D7%99%D7%95%D7%A1%D7%A3-%D7%97%D7%99%D7%99%D7%9D/,0,4,0,6.75
https://nad-lan.co.il/professionals/%D7%A9%D7%99-%D7%99%D7%A0%D7%99%D7%91/,0,5,0,5.6
https://nad-lan.co.il/professionals/%D7%A9%D7%99-%D7%A8%D7%9E%D7%99/,0,2,0,6
https://nad-lan.co.il/professionals/%D7%A9%D7%99-%D7%A9%D7%A8%D7%92%D7%90/,0,1,0,1
https://nad-lan.co.il/professionals/%D7%A9%D7%9C%D7%90%D7%91%D7%A0%D7%94-%D7%A0%D7%9E%D7%A8%D7%95%D7%93/,0,2,0,6.5
https://nad-lan.co.il/professionals/%D7%A9%D7%9C%D7%90%D7%A2%D7%98%D7%94-%D7%9E%D7%95%D7%97%D7%9E%D7%93/,0,2,0,5.5
https://nad-lan.co.il/professionals/%D7%A9%D7%9C%D7%91%D7%90%D7%94-%D7%A0%D7%A9%D7%90%D7%AA/,0,1,0,8
https://nad-lan.co.il/professionals/%D7%A9%D7%9C%D7%91%D7%99-%D7%90%D7%93%D7%94%D7%9D/,0,8,0,8
https://nad-lan.co.il/professionals/%D7%A9%D7%9C%D7%91%D7%99-%D7%90%D7%95%D7%A1%D7%90%D7%9E%D7%94/,0,3,0,4
https://nad-lan.co.il/professionals/%D7%A9%D7%9C%D7%95%D7%9D-%D7%99%D7%95%D7%A1%D7%A3-%D7%97%D7%99/,0,5,0,7
https://nad-lan.co.il/professionals/%D7%A9%D7%9C%D7%95%D7%9D-%D7%A9%D7%9C%D7%95%D7%9E%D7%99/,0,2,0,10.5
https://nad-lan.co.il/professionals/%D7%A9%D7%9C%D7%99-%D7%98%D7%9C/,0,2,0,4
https://nad-lan.co.il/professionals/%D7%A9%D7%9C%D7%9E%D7%95%D7%91-%D7%90%D7%99%D7%A1%D7%A7/,0,2,0,8.5
https://nad-lan.co.il/professionals/%D7%A9%D7%9C%D7%A3-%D7%A2%D7%95%D7%93%D7%93/,0,3,0,5
https://nad-lan.co.il/professionals/%D7%A9%D7%9E%D7%95%D7%90%D7%9C%D7%95%D7%91-%D7%92%D7%99%D7%9C/,0,3,0,2.666666666666667
https://nad-lan.co.il/professionals/%D7%A9%D7%9E%D7%97%D7%95%D7%9F-%D7%97%D7%A0%D7%A0%D7%90%D7%9C/,0,2,0,10
https://nad-lan.co.il/professionals/%D7%A9%D7%9E%D7%99-%D7%97%D7%99%D7%99%D7%9D/,0,4,0,11
https://nad-lan.co.il/professionals/%D7%A9%D7%9E%D7%99-%D7%9C%D7%99%D7%90%D7%95%D7%A8/,0,4,0,8.25
https://nad-lan.co.il/professionals/%D7%A9%D7%9E%D7%9E%D7%94-%D7%93%D7%95%D7%93/,0,4,0,2.5
https://nad-lan.co.il/professionals/%D7%A9%D7%9E%D7%A2%D7%95%D7%A0%D7%99-%D7%99%D7%92%D7%90%D7%9C/,0,5,0,14
https://nad-lan.co.il/professionals/%D7%A9%D7%9E%D7%A2%D7%99%D7%94-%D7%A8%D7%90%D7%95%D7%91%D7%9F/,0,11,0,8.363636363636363
https://nad-lan.co.il/professionals/%D7%A9%D7%9E%D7%A8%D7%95%D7%9A-%D7%A1%D7%90%D7%9C%D7%97/,0,2,0,8
https://nad-lan.co.il/professionals/%D7%A9%D7%9E%D7%A9-%D7%90%D7%95%D7%A8%D7%99/,0,1,0,6
https://nad-lan.co.il/professionals/%D7%A9%D7%A0%D7%99-%D7%99%D7%95%D7%A1%D7%A3/,0,2,0,4
https://nad-lan.co.il/professionals/%D7%A9%D7%A2%D7%A8-%D7%90%D7%9C%D7%95%D7%9F/,0,1,0,2
https://nad-lan.co.il/professionals/%D7%A9%D7%A2%D7%A9%D7%95%D7%A2-%D7%A9%D7%95%D7%A7%D7%99/,0,1,0,3
https://nad-lan.co.il/professionals/%D7%A9%D7%A4%D7%99%D7%A0%D7%A8-%D7%A9%D7%97%D7%A8/,0,2,0,24
https://nad-lan.co.il/professionals/%D7%A9%D7%A4%D7%A2-%D7%99%D7%A2%D7%A7%D7%91/,0,3,0,1
https://nad-lan.co.il/professionals/%D7%A9%D7%A8%D7%95%D7%9F-%D7%99%D7%A2%D7%A7%D7%91/,0,4,0,7
https://nad-lan.co.il/professionals/%D7%A9%D7%A8%D7%99%D7%A3-%D7%A9%D7%90%D7%93%D7%99/,0,1,0,12
https://nad-lan.co.il/professionals/%D7%A9%D7%A8%D7%99%D7%A7%D7%99-%D7%90%D7%9C%D7%99%D7%94%D7%95-%D7%9E%D7%A8%D7%93%D7%9B%D7%99/,0,1,0,4
https://nad-lan.co.il/professionals/%D7%A9%D7%A8%D7%A2%D7%91%D7%99-%D7%99%D7%94%D7%95%D7%93%D7%94/,0,3,0,3.3333333333333335
https://nad-lan.co.il/professionals/%D7%A9%D7%A8%D7%A2%D7%91%D7%99-%D7%99%D7%A9%D7%99%D7%91/,0,5,0,8.4
https://nad-lan.co.il/professionals/%D7%A9%D7%A8%D7%A2%D7%91%D7%99-%D7%9C%D7%91%D7%A0%D7%95%D7%9F/,0,4,0,5.25
https://nad-lan.co.il/professionals/%D7%A9%D7%A8%D7%A3-%D7%9E%D7%90%D7%99%D7%A8/,0,4,0,8.75
https://nad-lan.co.il/professionals/%D7%A9%D7%A9%D7%95%D7%9F-%D7%A9%D7%99/,0,8,0,6.125
https://nad-lan.co.il/professionals/%D7%AA%D7%95%D7%A8%D7%92%D7%9E%D7%9F-%D7%90%D7%9E%D7%99%D7%A8/,0,5,0,12
https://nad-lan.co.il/professionals/%D7%AA%D7%95%D7%A8%D7%92%D7%9E%D7%9F-%D7%93%D7%95%D7%93/,0,11,0,8.09090909090909
https://nad-lan.co.il/professionals/%D7%AA%D7%95%D7%A8%D7%92%D7%9E%D7%9F-%D7%99%D7%95%D7%A1%D7%A3/,0,3,0,7.333333333333333
https://nad-lan.co.il/professionals/%D7%AA%D7%9B%D7%A8%D7%95%D7%A8%D7%99-%D7%99%D7%95%D7%A0%D7%A1/,0,1,0,6
https://nad-lan.co.il/professionals/%D7%AA%D7%9E%D7%A8%D7%99-%D7%91%D7%A8%D7%A7/,0,7,0,6.142857142857143
https://nad-lan.co.il/professionals/%D7%AA%D7%9E%D7%A8%D7%99-%D7%92%D7%99%D7%90/,0,1,0,27
https://nad-lan.co.il/professionals/africa-israel-residential/,0,2,0,4
https://nad-lan.co.il/professionals/aura-israel/,0,111,0,9.072072072072071
https://nad-lan.co.il/professionals/azorim/,0,69,0,18.6231884057971
https://nad-lan.co.il/professionals/hagag-group/,0,472,0,10.36228813559322
https://nad-lan.co.il/professionals/tshuva-group/,0,83,0,8.6144578313253
https://nad-lan.co.il/projects/%D7%90%D7%91%D7%90-%D7%94%D7%9C%D7%9C-%D7%97%D7%A8%D7%95%D7%AA-%D7%94%D7%AA%D7%A7%D7%95%D7%95%D7%94-%D7%9E%D7%AA%D7%97%D7%9D-41/,0,50,0,7.86
https://nad-lan.co.il/projects/%D7%90%D7%91%D7%90-%D7%94%D7%9C%D7%9C-%D7%97%D7%A8%D7%95%D7%AA-%D7%9E%D7%AA%D7%97%D7%9D-5842/,0,12,0,4.916666666666666
https://nad-lan.co.il/projects/%D7%90%D7%91%D7%90-%D7%94%D7%9C%D7%9C-%D7%A8%D7%9E%D7%AA-%D7%95%D7%A8%D7%91%D7%A8/,0,2,0,7
https://nad-lan.co.il/projects/%D7%90%D7%91%D7%90-%D7%94%D7%9C%D7%9C-6365/,0,15,0,5.4
https://nad-lan.co.il/projects/%D7%90%D7%91%D7%90-%D7%94%D7%9C%D7%9C-76-78-%D7%97%D7%99%D7%A8%D7%95%D7%AA-9-11/,0,4,0,6.5
https://nad-lan.co.il/projects/%D7%90%D7%91%D7%90-%D7%94%D7%9C%D7%9C/,0,4,0,4.25
https://nad-lan.co.il/projects/%D7%90%D7%91%D7%9F-%D7%A2%D7%96%D7%A8%D7%90/,0,3,0,6.666666666666667
https://nad-lan.co.il/projects/%D7%90%D7%92%D7%A8%D7%95%D7%9F-%D7%94%D7%A4%D7%A8%D7%93%D7%A1/,0,3,0,10
https://nad-lan.co.il/projects/%D7%90%D7%92%D7%A8%D7%95%D7%9F/,0,1,0,4
https://nad-lan.co.il/projects/%D7%90%D7%92%D7%A9-%D7%9B%D7%9C%D7%9C%D7%99/,0,2,0,8.5
https://nad-lan.co.il/projects/%D7%90%D7%93%D7%9D-47-49-51/,0,1,0,10
https://nad-lan.co.il/projects/%D7%90%D7%93%D7%9E%D7%95%D7%A0%D7%93-%D7%A4%D7%9C%D7%92/,0,12,0,6.666666666666667
https://nad-lan.co.il/projects/%D7%90%D7%95%D7%9C%D7%A1%D7%95%D7%95%D7%A0%D7%92%D7%A8/,0,4,0,7
https://nad-lan.co.il/projects/%D7%90%D7%95%D7%A4%D7%A7-%D7%9C%D7%A2%D7%9E%D7%A7/,0,3,0,3
https://nad-lan.co.il/projects/%D7%90%D7%95%D7%A8%D7%95%D7%92%D7%95%D7%90%D7%99-27-29/,0,1,0,1
https://nad-lan.co.il/projects/%D7%90%D7%95%D7%A8%D7%9C%D7%95%D7%91/,0,1,0,5
https://nad-lan.co.il/projects/%D7%90%D7%95%D7%A8%D7%9F/,0,1,0,10
https://nad-lan.co.il/projects/%D7%90%D7%95%D7%A8-%D7%92%D7%A0%D7%99%D7%9D/,0,16,0,44.125
https://nad-lan.co.il/projects/%D7%90%D7%97%D7%99-%D7%93%D7%A7%D7%A8/,0,11,0,15.636363636363637
https://nad-lan.co.il/projects/%D7%90%D7%99%D7%99%D7%96%D7%A0%D7%91%D7%A8%D7%92/,0,1,0,4
https://nad-lan.co.il/projects/%D7%90%D7%99%D7%99%D7%9C%D7%94/,0,8,0,3.875
https://nad-lan.co.il/projects/%D7%90%D7%99%D7%99%D7%9C%D7%95%D7%9F-%D7%99%D7%95%D7%A1%D7%A4%D7%98%D7%9C/,0,1,0,10
https://nad-lan.co.il/projects/%D7%90%D7%99%D7%9C%D7%AA-%D7%90%D7%9C%D7%99%D7%A4%D7%9C%D7%98/,0,9,0,11.333333333333334
https://nad-lan.co.il/projects/%D7%90%D7%99%D7%9C%D7%AA-2/,0,7,0,36.857142857142854
https://nad-lan.co.il/projects/%D7%90%D7%99%D7%9C%D7%AA-38-46/,0,7,0,7.142857142857143
https://nad-lan.co.il/projects/%D7%90%D7%99%D7%A1%D7%9C%D7%A0%D7%93/,0,2,0,5.5
https://nad-lan.co.il/projects/%D7%90%D7%9C%D7%9B%D7%A1%D7%A0%D7%93%D7%A8%D7%99%D7%95%D7%9F/,0,3,0,4.333333333333334
https://nad-lan.co.il/projects/%D7%90%D7%9C%D7%A2%D7%96%D7%A8-%D7%91%D7%9F-%D7%99%D7%90%D7%99%D7%A8/,0,4,0,6.25
https://nad-lan.co.il/projects/%D7%90%D7%9C-%D7%A1%D7%95%D7%9C%D7%98%D7%90%D7%A0%D7%99/,0,13,0,4.461538461538462
https://nad-lan.co.il/projects/%D7%90%D7%9E%D7%99%D7%9C-%D7%96%D7%95%D7%9C%D7%90/,0,15,0,9.933333333333334
https://nad-lan.co.il/projects/%D7%90%D7%A0%D7%A6%D7%95-%D7%A1%D7%99%D7%A8%D7%A0%D7%99-38-42/,0,7,0,6.857142857142857
https://nad-lan.co.il/projects/%D7%90%D7%A4%D7%9C%D7%98%D7%95%D7%9F-%D7%90%D7%99%D7%99%D7%96%D7%99%D7%A7-%D7%97%D7%A8%D7%99%D7%A3/,0,13,0,6.6923076923076925
https://nad-lan.co.il/projects/%D7%90%D7%A4%D7%A8%D7%A1%D7%9E%D7%95%D7%9F-%D7%93%D7%95%D7%93%D7%90%D7%99%D7%9D/,0,6,0,5.333333333333333
https://nad-lan.co.il/projects/%D7%90%D7%A4%D7%A8%D7%A1%D7%9E%D7%95%D7%9F/,0,3,0,4.666666666666666
https://nad-lan.co.il/projects/%D7%90%D7%A6%D7%9C/,0,2,0,2
https://nad-lan.co.il/projects/%D7%90%D7%A8%D7%91%D7%A2-%D7%90%D7%A8%D7%A6%D7%95%D7%AA/,0,5,0,11.2
https://nad-lan.co.il/projects/%D7%90%D7%A8%D7%91%D7%A8/,0,1,0,7
https://nad-lan.co.il/projects/%D7%90%D7%A8%D7%96%D7%99%D7%9D-15-19/,0,1,0,1
https://nad-lan.co.il/projects/%D7%90%D7%A8%D7%99%D7%94-%D7%9C%D7%95%D7%99%D7%9F/,0,4,0,6
https://nad-lan.co.il/projects/%D7%90%D7%A8%D7%9C%D7%95%D7%96%D7%95%D7%A8%D7%95%D7%91-11-%D7%90/,0,9,0,14.88888888888889
https://nad-lan.co.il/projects/%D7%90%D7%A8%D7%9C%D7%95%D7%96%D7%95%D7%A8%D7%95%D7%91-33-41/,0,10,0,4.7
https://nad-lan.co.il/projects/%D7%90%D7%A8%D7%A5-%D7%97%D7%A4%D7%A5-1-5-110/,0,12,0,9.083333333333334
https://nad-lan.co.il/projects/%D7%90%D7%A8%D7%A5-%D7%97%D7%A4%D7%A5/,0,2,0,6
https://nad-lan.co.il/projects/%D7%90%D7%A9%D7%A7%D7%95%D7%91%D7%99%D7%95%D7%AA/,0,2,0,4
https://nad-lan.co.il/projects/%D7%90%D7%A9%D7%A8-2-6/,0,12,0,5.333333333333333
https://nad-lan.co.il/projects/%D7%91%D7%95%D7%98%D7%95%D7%A7%D7%95%D7%91%D7%A1%D7%A7%D7%99-30-32/,0,1,0,6
https://nad-lan.co.il/projects/%D7%91%D7%95%D7%9C%D7%99%D7%91%D7%99%D7%94-14/,0,2,0,10.5
https://nad-lan.co.il/projects/%D7%91%D7%95%D7%9C%D7%99%D7%91%D7%99%D7%94/,0,11,0,3.090909090909091
https://nad-lan.co.il/projects/%D7%91%D7%95%D7%A8%D7%95%D7%9B%D7%95%D7%91-2-4/,0,7,0,7.857142857142857
https://nad-lan.co.il/projects/%D7%91%D7%95%D7%A8%D7%95%D7%9B%D7%95%D7%91-57-61/,0,7,0,7.142857142857143
https://nad-lan.co.il/projects/%D7%91%D7%95%D7%A8%D7%95%D7%9B%D7%95%D7%91/,0,10,0,14
https://nad-lan.co.il/projects/%D7%91%D7%99%D7%9C%D7%95-2/,0,3,0,14
https://nad-lan.co.il/projects/%D7%91%D7%99%D7%9C%D7%95/,0,2,0,8.5
https://nad-lan.co.il/projects/%D7%91%D7%99%D7%AA-%D7%94%D7%A2%D7%A8%D7%91%D7%94-22-24/,0,9,0,5.555555555555555
https://nad-lan.co.il/projects/%D7%91%D7%99%D7%AA-%D7%94%D7%A7%D7%A9%D7%AA%D7%95%D7%AA/,0,1,0,14
https://nad-lan.co.il/projects/%D7%91%D7%99%D7%AA-%D7%97%D7%95%D7%A8%D7%95%D7%9F/,0,3,0,6.666666666666667
https://nad-lan.co.il/projects/%D7%91%D7%9F-%D7%92%D7%95%D7%A8%D7%99%D7%95%D7%9F-10-16/,0,6,0,31.166666666666668
https://nad-lan.co.il/projects/%D7%91%D7%9F-%D7%92%D7%95%D7%A8%D7%99%D7%95%D7%9F-2/,0,6,0,13.166666666666666
https://nad-lan.co.il/projects/%D7%91%D7%9F-%D7%92%D7%95%D7%A8%D7%99%D7%95%D7%9F-3/,0,3,0,9
https://nad-lan.co.il/projects/%D7%91%D7%9F-%D7%92%D7%95%D7%A8%D7%99%D7%95%D7%9F-4/,0,2,0,69.5
https://nad-lan.co.il/projects/%D7%91%D7%9F-%D7%92%D7%95%D7%A8%D7%99%D7%95%D7%9F-49-59/,0,22,0,8.818181818181818
https://nad-lan.co.il/projects/%D7%91%D7%9F-%D7%92%D7%95%D7%A8%D7%99%D7%95%D7%9F/,0,2,0,40
https://nad-lan.co.il/projects/%D7%91%D7%9F-%D7%92%D7%9E%D7%9C%D7%90-6-10-%D7%99%D7%94%D7%95%D7%A9%D7%A2-%D7%91%D7%9F-%D7%A0%D7%95%D7%9F-38/,0,5,0,8.6
https://nad-lan.co.il/projects/%D7%91%D7%9F-%D7%A6%D7%91%D7%99-%D7%9B%D7%A6%D7%A0%D7%9C%D7%A1%D7%95%D7%9F/,0,3,0,5.666666666666667
https://nad-lan.co.il/projects/%D7%91%D7%9F-%D7%A6%D7%91%D7%99-2/,0,4,0,4.5
https://nad-lan.co.il/projects/%D7%91%D7%9F-%D7%A6%D7%91%D7%99-3/,0,3,0,35.333333333333336
https://nad-lan.co.il/projects/%D7%91%D7%A6%D7%9C%D7%90%D7%9C-26-28/,0,3,0,2
https://nad-lan.co.il/projects/%D7%91%D7%A8%D7%90%D7%A9%D7%99%D7%AA/,0,4,0,5.25
https://nad-lan.co.il/projects/%D7%91%D7%A8%D7%95%D7%93%D7%A6%D7%A7%D7%99-16-18/,0,18,0,8.944444444444445
https://nad-lan.co.il/projects/%D7%91%D7%A8%D7%95%D7%93%D7%A6%D7%A7%D7%99/,0,3,0,6.666666666666667
https://nad-lan.co.il/projects/%D7%91%D7%A8%D7%95%D7%98-2-6/,0,18,0,9
https://nad-lan.co.il/projects/%D7%91%D7%A8%D7%95%D7%A8%D7%99%D7%94-3/,0,1,0,6
https://nad-lan.co.il/projects/%D7%91%D7%A8%D7%95%D7%A8%D7%99%D7%94-5-11/,0,3,0,3.3333333333333335
https://nad-lan.co.il/projects/%D7%91%D7%A8%D7%96%D7%99%D7%9C-14/,0,5,0,6.8
https://nad-lan.co.il/projects/%D7%91%D7%A8%D7%96%D7%99%D7%9C-4-12/,0,18,0,7.277777777777778
https://nad-lan.co.il/projects/%D7%91%D7%A8%D7%96%D7%99%D7%9C/,0,9,0,5.111111111111111
https://nad-lan.co.il/projects/%D7%91%D7%A8%D7%9C-%D7%9C%D7%95%D7%A7%D7%A8-13/,0,3,0,8.666666666666668
https://nad-lan.co.il/projects/%D7%91%D7%A8%D7%A0%D7%A8-2-18/,0,7,0,7.285714285714286
https://nad-lan.co.il/projects/%D7%91%D7%A8%D7%A7%D7%90%D7%99/,0,1,0,10
https://nad-lan.co.il/projects/%D7%91%D7%A8-%D7%99%D7%94%D7%95%D7%93%D7%94/,0,2,0,9.5
https://nad-lan.co.il/projects/%D7%91%D7%A8-%D7%99%D7%95%D7%97%D7%90%D7%99-1-3/,0,11,0,5.7272727272727275
https://nad-lan.co.il/projects/%D7%91%D7%A8-%D7%99%D7%95%D7%97%D7%90%D7%99-18/,0,7,0,9.142857142857142
https://nad-lan.co.il/projects/%D7%91%D7%A8-%D7%9B%D7%95%D7%9B%D7%91%D7%90-%D7%94%D7%A4%D7%A8%D7%98%D7%99%D7%96%D7%A0%D7%99%D7%9D/,0,4,0,3.75
https://nad-lan.co.il/projects/%D7%91%D7%A8-%D7%9B%D7%95%D7%9B%D7%91%D7%90-%D7%A1%D7%98%D7%A8%D7%95%D7%9E%D7%94-%D7%92%D7%95%D7%9C%D7%A0%D7%93%D7%94%D7%99%D7%A8%D7%A9/,0,1,0,7
https://nad-lan.co.il/projects/%D7%91%D7%A8-%D7%9B%D7%95%D7%9B%D7%91%D7%90-%D7%A4%D7%99%D7%A0%D7%AA-%D7%A1%D7%A2%D7%93%D7%99%D7%94-%D7%92%D7%90%D7%95%D7%9F/,0,1,0,6
https://nad-lan.co.il/projects/%D7%91%D7%A8-%D7%9B%D7%95%D7%9B%D7%91%D7%90-18-24/,0,8,0,7.875
https://nad-lan.co.il/projects/%D7%91%D7%A8-%D7%9B%D7%95%D7%9B%D7%91%D7%90-3/,0,5,0,6.4
https://nad-lan.co.il/projects/%D7%91%D7%A8-%D7%9B%D7%95%D7%9B%D7%91%D7%90/,0,6,0,7.333333333333333
https://nad-lan.co.il/projects/%D7%92%D7%90%D7%95%D7%9C%D7%99%D7%9D/,0,1,0,8
https://nad-lan.co.il/projects/%D7%92%D7%90%D7%A4%D7%A0%D7%95%D7%91/,0,10,0,32.4
https://nad-lan.co.il/projects/%D7%92%D7%91-599-%D7%9E%D7%AA%D7%97%D7%9D-%D7%A6%D7%99%D7%A4%D7%95%D7%A8%D7%9F/,0,2,0,3.5
https://nad-lan.co.il/projects/%D7%92%D7%91-661-%D7%92%D7%95%D7%9C%D7%95%D7%9E%D7%91-2-28/,0,2,0,10
https://nad-lan.co.il/projects/%D7%92%D7%95%D7%90%D7%98%D7%9E%D7%9C%D7%94-252729/,0,71,0,7.901408450704225
https://nad-lan.co.il/projects/%D7%92%D7%95%D7%95%D7%90%D7%98%D7%9E%D7%9C%D7%94/,0,7,0,8.857142857142858
https://nad-lan.co.il/projects/%D7%92%D7%95%D7%9C%D7%93%D7%94-%D7%94%D7%95%D7%A4%D7%99%D7%99%D7%9F-%D7%93%D7%99%D7%A8%D7%94-%D7%9C%D7%94%D7%A9%D7%9B%D7%99%D7%A8/,0,9,0,11.222222222222221
https://nad-lan.co.il/projects/%D7%92%D7%95%D7%9C%D7%95%D7%9E%D7%91-23/,0,14,0,14.928571428571429
https://nad-lan.co.il/projects/%D7%92%D7%95%D7%9C%D7%9F/,0,1,0,85
https://nad-lan.co.il/projects/%D7%92%D7%95%D7%9C%D7%A0%D7%99-%D7%A6%D7%A4%D7%95%D7%9F-%D7%94%D7%A9%D7%99%D7%98%D7%94/,0,9,0,4.222222222222222
https://nad-lan.co.il/projects/%D7%92%D7%95%D7%A9-%D7%A2%D7%A6%D7%99%D7%95%D7%9F/,0,3,0,13
https://nad-lan.co.il/projects/%D7%92%D7%99%D7%95%D7%A8%D7%90-%D7%93%D7%A8%D7%95%D7%9D/,0,1,0,9
https://nad-lan.co.il/projects/%D7%92%D7%99%D7%95%D7%A8%D7%90-%D7%A7%D7%93%D7%95%D7%A9%D7%99-%D7%9E%D7%A6%D7%A8%D7%99%D7%9D-%D7%94%D7%A8%D7%A6%D7%9C-%D7%91%D7%99%D7%90%D7%A7%D7%95%D7%91%D7%A1%D7%A7%D7%99/,0,2,0,6.5
https://nad-lan.co.il/projects/%D7%92%D7%9C%D7%91%D7%95%D7%A2/,0,1,0,9
https://nad-lan.co.il/projects/%D7%92%D7%9C%D7%99%D7%A7%D7%A1%D7%95%D7%9F/,0,4,0,6
https://nad-lan.co.il/projects/%D7%92%D7%9F-%D7%9E%D7%A8%D7%A1%D7%99%D7%99/,0,1,0,4
https://nad-lan.co.il/projects/%D7%92%D7%9F-%D7%A0%D7%93%D7%99%D7%A8/,0,12,0,4.083333333333334
https://nad-lan.co.il/projects/%D7%92%D7%A0%D7%99%D7%A9/,0,5,0,7
https://nad-lan.co.il/projects/%D7%92%D7%A0%D7%A1%D7%99%D7%9F-%D7%95%D7%99%D7%A6%D7%9E%D7%9F-%D7%A8%D7%9E%D7%91%D7%9D/,0,5,0,4
https://nad-lan.co.il/projects/%D7%92%D7%A8%D7%99%D7%A0%D7%91%D7%95%D7%99%D7%9D-%D7%94%D7%A6%D7%99%D7%95%D7%A0%D7%95%D7%AA/,0,3,0,28.666666666666668
https://nad-lan.co.il/projects/%D7%92%D7%A9%D7%9D-%D7%90%D7%9C%D7%99-%D7%9B%D7%94%D7%9F/,0,1,0,5
https://nad-lan.co.il/projects/%D7%93%D7%91%D7%95%D7%A8%D7%94-%D7%94%D7%A0%D7%91%D7%99%D7%90%D7%94/,0,16,0,10.5
https://nad-lan.co.il/projects/%D7%93%D7%91-%D7%92%D7%A8%D7%95%D7%A0%D7%A8-4-10-%D7%9E%D7%AA%D7%97%D7%9D-%D7%99%D7%93/,0,7,0,4.571428571428571
https://nad-lan.co.il/projects/%D7%93%D7%91-%D7%A7%D7%9E%D7%97%D7%99/,0,2,0,11
https://nad-lan.co.il/projects/%D7%93%D7%92%D7%9C-%D7%A8%D7%90%D7%95%D7%91%D7%9F/,0,4,0,2.5
https://nad-lan.co.il/projects/%D7%93%D7%92%D7%A0%D7%99%D7%94/,0,3,0,14.666666666666666
https://nad-lan.co.il/projects/%D7%93%D7%94%D7%95%D7%9E%D7%99%D7%99-4/,0,2,0,3
https://nad-lan.co.il/projects/%D7%93%D7%94%D7%95%D7%9E%D7%99%D7%99-6/,0,6,0,3.8333333333333335
https://nad-lan.co.il/projects/%D7%93%D7%94%D7%95%D7%9E%D7%99%D7%99-8/,0,9,0,6.666666666666667
https://nad-lan.co.il/projects/%D7%93%D7%95%D7%A8%D7%94-%D7%A8%D7%9E%D7%AA-%D7%99%D7%93%D7%99%D7%9F/,0,5,0,8.6
https://nad-lan.co.il/projects/%D7%93%D7%9C%D7%99%D7%94/,0,1,0,6
https://nad-lan.co.il/projects/%D7%93%D7%A0%D7%99%D7%94-2/,0,4,0,23.75
https://nad-lan.co.il/projects/%D7%93%D7%A8%D7%9A-%D7%94%D7%A9%D7%9C%D7%95%D7%9D-%D7%91%D7%A8-%D7%9E%D7%95%D7%97%D7%90/,0,4,0,23.75
https://nad-lan.co.il/projects/%D7%93%D7%A8%D7%9A-%D7%94%D7%A9%D7%9C%D7%95%D7%9D-8789/,0,11,0,29.636363636363637
https://nad-lan.co.il/projects/%D7%93%D7%A8%D7%9A-%D7%97%D7%91%D7%A8%D7%95%D7%9F-%D7%93%D7%A8%D7%95%D7%9D/,0,3,0,17.666666666666668
https://nad-lan.co.il/projects/%D7%93%D7%A8%D7%9A-%D7%97%D7%91%D7%A8%D7%95%D7%9F-%D7%94%D7%92%D7%93%D7%95%D7%9C/,0,2,0,3.5
https://nad-lan.co.il/projects/%D7%93%D7%A8%D7%9A-%D7%97%D7%91%D7%A8%D7%95%D7%9F-%D7%A2%D7%99%D7%9F-%D7%92%D7%93%D7%99-%D7%A9%D7%9C%D7%95%D7%9D-%D7%99%D7%94%D7%95%D7%93%D7%94/,0,3,0,5.333333333333333
https://nad-lan.co.il/projects/%D7%93%D7%A8%D7%9A-%D7%97%D7%91%D7%A8%D7%95%D7%9F-108-110/,0,16,0,8.8125
https://nad-lan.co.il/projects/%D7%93%D7%A8%D7%9A-%D7%97%D7%91%D7%A8%D7%95%D7%9F-116/,0,20,0,7
https://nad-lan.co.il/projects/%D7%93%D7%A8%D7%9A-%D7%97%D7%91%D7%A8%D7%95%D7%9F-137-141/,0,33,0,6.909090909090909
https://nad-lan.co.il/projects/%D7%93%D7%A8%D7%9A-%D7%A6%D7%A8%D7%A4%D7%AA-24-42/,0,9,0,4.333333333333334
https://nad-lan.co.il/projects/%D7%93%D7%A8-%D7%A1%D7%98%D7%95%D7%A4-24-%D7%A0%D7%AA%D7%A0%D7%99%D7%94/,0,7,0,6.285714285714286
https://nad-lan.co.il/projects/%D7%94%D7%90%D7%95%D7%A8%D7%9F-2/,0,1,0,96
https://nad-lan.co.il/projects/%D7%94%D7%90%D7%95%D7%A8%D7%9F/,0,1,0,2
https://nad-lan.co.il/projects/%D7%94%D7%90%D7%97%D7%99%D7%9D-%D7%91%D7%9B%D7%A8/,0,2,0,7
https://nad-lan.co.il/projects/%D7%94%D7%90%D7%9C%D7%9B%D7%A1%D7%95%D7%9F/,0,1,0,1
https://nad-lan.co.il/projects/%D7%94%D7%90%D7%A4%D7%A8%D7%A1%D7%A7-%D7%9E%D7%A8%D7%9B%D7%95%D7%A1/,0,2,0,4
https://nad-lan.co.il/projects/%D7%94%D7%90%D7%A6%D7%98%D7%93%D7%99%D7%95%D7%9F/,0,1,0,8
https://nad-lan.co.il/projects/%D7%94%D7%90%D7%A6%D7%9C/,0,3,0,6
https://nad-lan.co.il/projects/%D7%94%D7%90%D7%A8%D7%96%D7%99%D7%9D/,0,5,0,10
https://nad-lan.co.il/projects/%D7%94%D7%91%D7%99%D7%9C%D7%95%D7%99%D7%99%D7%9D/,0,27,0,58.111111111111114
https://nad-lan.co.il/projects/%D7%94%D7%91%D7%99%D7%AA-%D7%94%D7%9C%D7%91%D7%9F/,0,1,0,6
https://nad-lan.co.il/projects/%D7%94%D7%91%D7%A8%D7%99%D7%92%D7%93%D7%94-%D7%94%D7%99%D7%94%D7%95%D7%93%D7%99%D7%AA/,0,3,0,2.666666666666667
https://nad-lan.co.il/projects/%D7%94%D7%92%D7%99%D7%91%D7%95%D7%A8%D7%99%D7%9D/,0,1,0,10
https://nad-lan.co.il/projects/%D7%94%D7%92%D7%A0%D7%94-%D7%A1%D7%9C%D7%95%D7%95%D7%93%D7%95%D7%A8/,0,9,0,4.222222222222222
https://nad-lan.co.il/projects/%D7%94%D7%92%D7%A4%D7%9F/,0,5,0,27
https://nad-lan.co.il/projects/%D7%94%D7%93%D7%92%D7%A0%D7%99%D7%9D-11-15/,0,4,0,7
https://nad-lan.co.il/projects/%D7%94%D7%93%D7%95%D7%9B%D7%99%D7%A4%D7%AA/,0,2,0,2
https://nad-lan.co.il/projects/%D7%94%D7%93%D7%97%D7%9C%D7%99%D7%9D-%D7%90%D7%91%D7%90-%D7%94%D7%9C%D7%9C/,0,1,0,1
https://nad-lan.co.il/projects/%D7%94%D7%93%D7%A7%D7%9C/,0,2,0,10.5
https://nad-lan.co.il/projects/%D7%94%D7%93%D7%A8%D7%95%D7%A8-%D7%93%D7%95%D7%90%D7%A0%D7%99/,0,7,0,5.142857142857143
https://nad-lan.co.il/projects/%D7%94%D7%93%D7%A8%D7%95%D7%A8/,0,1,0,10
https://nad-lan.co.il/projects/%D7%94%D7%93%D7%A8-%D7%93%D7%99%D7%A8%D7%94-%D7%9C%D7%94%D7%A9%D7%9B%D7%99%D7%A8/,0,2,0,9
https://nad-lan.co.il/projects/%D7%94%D7%93%D7%A8-%D7%99%D7%95%D7%A1%D7%A3-%D7%9C%D7%95%D7%93%D7%92/,0,11,0,15.545454545454545
https://nad-lan.co.il/projects/%D7%94%D7%93%D7%A8-6/,0,38,0,22.07894736842105
https://nad-lan.co.il/projects/%D7%94%D7%94%D7%A1%D7%AA%D7%93%D7%A8%D7%95%D7%AA-%D7%93%D7%A8%D7%95%D7%9D/,0,9,0,80.11111111111111
https://nad-lan.co.il/projects/%D7%94%D7%94%D7%A1%D7%AA%D7%93%D7%A8%D7%95%D7%AA-%D7%A9%D7%A0%D7%A7%D7%A8/,0,4,0,4.75
https://nad-lan.co.il/projects/%D7%94%D7%94%D7%A1%D7%AA%D7%93%D7%A8%D7%95%D7%AA-143-145/,0,12,0,9.166666666666666
https://nad-lan.co.il/projects/%D7%94%D7%94%D7%A1%D7%AA%D7%93%D7%A8%D7%95%D7%AA-80/,0,5,0,7
https://nad-lan.co.il/projects/%D7%94%D7%94%D7%A8%D7%93%D7%95%D7%A3/,0,2,0,6.5
https://nad-lan.co.il/projects/%D7%94%D7%96%D7%9E%D7%99%D7%A8/,0,18,0,76.61111111111111
https://nad-lan.co.il/projects/%D7%94%D7%97%D7%99%D7%99%D7%9C-%D7%94%D7%90%D7%9C%D7%9E%D7%95%D7%A0%D7%99-%D7%96%D7%91%D7%95%D7%98%D7%99%D7%A0%D7%A1%D7%A7%D7%99-%D7%94%D7%A8%D7%A6%D7%9C/,0,5,0,7.8
https://nad-lan.co.il/projects/%D7%94%D7%97%D7%9C%D7%95%D7%A5/,0,1,0,3
https://nad-lan.co.il/projects/%D7%94%D7%97%D7%A1%D7%99%D7%93%D7%94/,0,5,0,5.8
https://nad-lan.co.il/projects/%D7%94%D7%97%D7%A8%D7%A9-%D7%95%D7%94%D7%90%D7%95%D7%9E%D7%9F/,0,1,0,10
https://nad-lan.co.il/projects/%D7%94%D7%97%D7%A9%D7%9E%D7%95%D7%A0%D7%90%D7%99%D7%9D-%D7%99%D7%95%D7%A1%D7%A4%D7%98%D7%9C/,0,11,0,8.09090909090909
https://nad-lan.co.il/projects/%D7%94%D7%98%D7%99%D7%99%D7%A1%D7%99%D7%9D-6810/,0,31,0,12.64516129032258
https://nad-lan.co.il/projects/%D7%94%D7%98%D7%99%D7%99%D7%A1%D7%99%D7%9D-92/,0,1,0,54
https://nad-lan.co.il/projects/%D7%94%D7%99%D7%A1%D7%9E%D7%99%D7%9F/,0,1,0,10
https://nad-lan.co.il/projects/%D7%94%D7%9B%D7%95%D7%96%D7%A8%D7%99/,0,4,0,8.5
https://nad-lan.co.il/projects/%D7%94%D7%9B%D7%99%D7%9B%D7%A8/,0,3,0,8.666666666666668
https://nad-lan.co.il/projects/%D7%94%D7%9B%D7%9C%D7%A0%D7%99%D7%AA/,0,2,0,5
https://nad-lan.co.il/projects/%D7%94%D7%9C%D7%99%D7%9C%D7%9A-%D7%94%D7%A2%D7%A6%D7%9E%D7%90%D7%95%D7%AA/,0,4,0,23.25
https://nad-lan.co.il/projects/%D7%94%D7%9C%D7%A4%D7%A8%D7%99%D7%9F/,0,2,0,23.5
https://nad-lan.co.il/projects/%D7%94%D7%9E%D7%90%D7%91%D7%A7-4-10/,0,7,0,18.285714285714285
https://nad-lan.co.il/projects/%D7%94%D7%9E%D7%90%D7%91%D7%A7/,0,1,0,9
https://nad-lan.co.il/projects/%D7%94%D7%9E%D7%91%D7%93%D7%99%D7%9C/,0,2,0,45.5
https://nad-lan.co.il/projects/%D7%94%D7%9E%D7%91%D7%95%D7%90%D7%94-%D7%94%D7%A6%D7%A4%D7%95%D7%A0%D7%99%D7%AA/,0,14,0,8.142857142857142
https://nad-lan.co.il/projects/%D7%94%D7%9E%D7%97%D7%AA%D7%A8%D7%95%D7%AA-13-21-%D7%A9%D7%9C%D7%9E%D7%94-%D7%91%D7%9F-%D7%99%D7%95%D7%A1%D7%A3-203-207-%D7%9E%D7%AA%D7%97%D7%9D-%D7%99%D7%96/,0,7,0,4.428571428571429
https://nad-lan.co.il/projects/%D7%94%D7%9E%D7%97%D7%AA%D7%A8%D7%95%D7%AA/,0,18,0,37.666666666666664
https://nad-lan.co.il/projects/%D7%94%D7%9E%D7%9C%D7%9A-%D7%90%D7%9E%D7%A6%D7%99%D7%94/,0,10,0,6
https://nad-lan.co.il/projects/%D7%94%D7%9E%D7%9C%D7%9A-%D7%97%D7%96%D7%A7%D7%99%D7%94%D7%95/,0,1,0,3
https://nad-lan.co.il/projects/%D7%94%D7%9E%D7%9C%D7%9A-%D7%A9%D7%9C%D7%9E%D7%94/,0,11,0,16.18181818181818
https://nad-lan.co.il/projects/%D7%94%D7%9E%D7%A2%D7%A4%D7%99%D7%9C%D7%99%D7%9D-%D7%9E%D7%AA%D7%97%D7%9D-8/,0,11,0,4.909090909090909
https://nad-lan.co.il/projects/%D7%94%D7%9E%D7%A2%D7%A4%D7%99%D7%9C%D7%99%D7%9D-2/,0,4,0,28.25
https://nad-lan.co.il/projects/%D7%94%D7%9E%D7%A2%D7%A4%D7%99%D7%9C%D7%99%D7%9D/,0,12,0,51.083333333333336
https://nad-lan.co.il/projects/%D7%94%D7%9E%D7%A7%D7%95%D7%A8/,0,1,0,10
https://nad-lan.co.il/projects/%D7%94%D7%9E%D7%A7%D7%A9%D7%A8/,0,2,0,7
https://nad-lan.co.il/projects/%D7%94%D7%9E%D7%A8%D7%99-%D7%A0%D7%99%D7%A6%D7%A0%D7%94/,0,4,0,7.25
https://nad-lan.co.il/projects/%D7%94%D7%9E%D7%A8%D7%9B%D7%96-%D7%94%D7%95%D7%95%D7%AA%D7%99%D7%A7/,0,3,0,10
https://nad-lan.co.il/projects/%D7%94%D7%A0%D7%91%D7%99%D7%90%D7%99%D7%9D/,0,6,0,15.666666666666666
https://nad-lan.co.il/projects/%D7%94%D7%A0%D7%95%D7%A8%D7%99%D7%AA-%D7%A7%D7%95%D7%A1%D7%98%D7%94-%D7%A8%D7%99%D7%A7%D7%94/,0,1,0,5
https://nad-lan.co.il/projects/%D7%94%D7%A0%D7%95%D7%A8%D7%99%D7%AA-8/,0,3,0,7.666666666666667
https://nad-lan.co.il/projects/%D7%94%D7%A0%D7%95%D7%A8%D7%99%D7%AA/,0,1,0,9
https://nad-lan.co.il/projects/%D7%94%D7%A0%D7%98%D7%A7%D7%94-48-%D7%97%D7%99%D7%99%D7%9D-%D7%97%D7%91%D7%99%D7%91-6-7/,0,7,0,5.428571428571429
https://nad-lan.co.il/projects/%D7%94%D7%A0%D7%98%D7%A7%D7%94/,0,5,0,8.6
https://nad-lan.co.il/projects/%D7%94%D7%A0%D7%A8%D7%99%D7%99%D7%98%D7%94-%D7%A1%D7%90%D7%9C%D7%93-%D7%A4%D7%99%D7%A0%D7%AA-%D7%94%D7%99%D7%A8%D7%93%D7%9F/,0,3,0,4.666666666666666
https://nad-lan.co.il/projects/%D7%94%D7%A0%D7%A8%D7%99%D7%99%D7%98%D7%94-%D7%A1%D7%90%D7%9C%D7%93-%D7%A4%D7%99%D7%A0%D7%AA-%D7%A2%D7%9C%D7%99%D7%99%D7%AA-%D7%94%D7%A0%D7%95%D7%A2%D7%A8/,0,1,0,7
https://nad-lan.co.il/projects/%D7%94%D7%A0%D7%A8%D7%99%D7%99%D7%98%D7%94-%D7%A1%D7%90%D7%9C%D7%93/,0,6,0,13.166666666666666
https://nad-lan.co.il/projects/%D7%94%D7%A0%D7%A8%D7%A7%D7%99%D7%A1/,0,9,0,13.666666666666666
https://nad-lan.co.il/projects/%D7%94%D7%A0%D7%A9%D7%99%D7%90-%D7%A9%D7%A9%D7%AA-%D7%94%D7%99%D7%9E%D7%99%D7%9D/,0,4,0,7
https://nad-lan.co.il/projects/%D7%94%D7%A1%D7%91%D7%99%D7%95%D7%9F-2/,0,1,0,8
https://nad-lan.co.il/projects/%D7%94%D7%A1%D7%AA%D7%93%D7%A8%D7%95%D7%AA/,0,10,0,38.7
https://nad-lan.co.il/projects/%D7%94%D7%A2%D7%92%D7%95%D7%A8-%D7%92%D7%96%D7%99%D7%AA/,0,13,0,5
https://nad-lan.co.il/projects/%D7%94%D7%A2%D7%99%D7%9C%D7%95%D7%99-2-10-%D7%A7%D7%95%D7%A8%D7%95%D7%AA-%D7%94%D7%A2%D7%99%D7%AA%D7%99%D7%9D-5/,0,4,0,3.75
https://nad-lan.co.il/projects/%D7%94%D7%A2%D7%99%D7%A8-%D7%94%D7%A2%D7%AA%D7%99%D7%A7%D7%94/,0,1,0,3
https://nad-lan.co.il/projects/%D7%94%D7%A2%D7%9C%D7%99%D7%94-%D7%94%D7%A9%D7%A0%D7%99%D7%94-20/,0,7,0,8.857142857142858
https://nad-lan.co.il/projects/%D7%94%D7%A2%D7%9C%D7%99%D7%99%D7%94-%D7%94%D7%A9%D7%A0%D7%99%D7%99%D7%94-2/,0,1,0,10
https://nad-lan.co.il/projects/%D7%94%D7%A2%D7%9C%D7%99%D7%99%D7%94-%D7%94%D7%A9%D7%A0%D7%99%D7%99%D7%94/,0,11,0,13.545454545454545
https://nad-lan.co.il/projects/%D7%94%D7%A2%D7%9E%D7%9C/,0,30,0,44.46666666666667
https://nad-lan.co.il/projects/%D7%94%D7%A2%D7%A6%D7%9E%D7%90%D7%95%D7%AA-%D7%91%D7%9C%D7%A4%D7%95%D7%A8/,0,6,0,15.166666666666666
https://nad-lan.co.il/projects/%D7%94%D7%A2%D7%A6%D7%9E%D7%90%D7%95%D7%AA-3/,0,14,0,41.142857142857146
https://nad-lan.co.il/projects/%D7%94%D7%A2%D7%A6%D7%9E%D7%90%D7%95%D7%AA-4/,0,1,0,2
https://nad-lan.co.il/projects/%D7%94%D7%A2%D7%A6%D7%9E%D7%90%D7%95%D7%AA/,0,1,0,6
https://nad-lan.co.il/projects/%D7%94%D7%A4%D7%95%D7%93%D7%99%D7%9D-30/,0,3,0,8.333333333333332
https://nad-lan.co.il/projects/%D7%94%D7%A4%D7%99%D7%90%D7%A6%D7%94/,0,4,0,7.75
https://nad-lan.co.il/projects/%D7%94%D7%A4%D7%9C%D7%9E%D7%97-49-51-%D7%94%D7%A9%D7%99%D7%99%D7%A8%D7%95%D7%AA-2/,0,5,0,7
https://nad-lan.co.il/projects/%D7%94%D7%A4%D7%9C%D7%9E%D7%97/,0,10,0,6.3
https://nad-lan.co.il/projects/%D7%94%D7%A4%D7%A8%D7%A1%D7%94/,0,1,0,10
https://nad-lan.co.il/projects/%D7%94%D7%A6%D7%91%D7%A8-%D7%A8%D7%A7%D7%A4%D7%AA/,0,2,0,8
https://nad-lan.co.il/projects/%D7%94%D7%A6%D7%A0%D7%97%D7%A0%D7%99%D7%9D-2/,0,2,0,6
https://nad-lan.co.il/projects/%D7%94%D7%A6%D7%A0%D7%97%D7%A0%D7%99%D7%9D/,0,16,0,19.625
https://nad-lan.co.il/projects/%D7%94%D7%A6%D7%A4%D7%99%D7%A8%D7%94/,0,2,0,3
https://nad-lan.co.il/projects/%D7%94%D7%A7%D7%A6%D7%99%D7%9F-%D7%A1%D7%99%D7%9C%D7%91%D7%A8/,0,4,0,8.25
https://nad-lan.co.il/projects/%D7%94%D7%A7%D7%A8%D7%9F/,0,26,0,75.5
https://nad-lan.co.il/projects/%D7%94%D7%A8%D7%90%D7%94-174-176-%D7%90%D7%94%D7%95%D7%93-4/,0,4,0,7.75
https://nad-lan.co.il/projects/%D7%94%D7%A8%D7%90%D7%A9%D7%95%D7%A0%D7%99%D7%9D-%D7%94%D7%A2%D7%A6%D7%9E%D7%90%D7%95%D7%AA-%D7%AA%D7%A9%D7%99%D7%92/,0,1,0,5
https://nad-lan.co.il/projects/%D7%94%D7%A8%D7%91-%D7%9C%D7%95%D7%99-%D7%A0%D7%99%D7%A1%D7%A0%D7%91%D7%95%D7%99%D7%9D/,0,3,0,9
https://nad-lan.co.il/projects/%D7%94%D7%A8%D7%91-%D7%9E%D7%99%D7%9E%D7%95%D7%9F-%D7%90%D7%A0%D7%94-%D7%A4%D7%A8%D7%A0%D7%A7/,0,10,0,7.1
https://nad-lan.co.il/projects/%D7%94%D7%A8%D7%91-%D7%9E%D7%99%D7%9E%D7%95%D7%9F-%D7%A0%D7%99%D7%A1%D7%A0%D7%91%D7%95%D7%99%D7%9D/,0,3,0,5.666666666666667
https://nad-lan.co.il/projects/%D7%94%D7%A8%D7%91-%D7%9E%D7%99%D7%9E%D7%95%D7%9F-3/,0,1,0,8
https://nad-lan.co.il/projects/%D7%94%D7%A8%D7%91-%D7%A7%D7%95%D7%A7%D7%99%D7%A1/,0,2,0,4.5
https://nad-lan.co.il/projects/%D7%94%D7%A8%D7%91-%D7%A7%D7%95%D7%A7-%D7%91%D7%A8-%D7%9B%D7%95%D7%9B%D7%91%D7%90/,0,3,0,7
https://nad-lan.co.il/projects/%D7%94%D7%A8%D7%91-%D7%A7%D7%95%D7%A7-2-%D7%94%D7%94%D7%A1%D7%AA%D7%93%D7%A8%D7%95%D7%AA/,0,3,0,3.3333333333333335
https://nad-lan.co.il/projects/%D7%94%D7%A8%D7%91-%D7%A9%D7%90%D7%95%D7%9C%D7%99-%D7%90%D7%91%D7%99%D7%A1%D7%A8%D7%95%D7%A8/,0,5,0,7.2
https://nad-lan.co.il/projects/%D7%94%D7%A8%D7%91-%D7%A9%D7%90%D7%95%D7%9C%D7%99/,0,1,0,20
https://nad-lan.co.il/projects/%D7%94%D7%A8%D7%95%D7%90%D7%94-%D7%94%D7%92%D7%AA-%D7%A8%D7%9E%D7%AA-%D7%92%D7%9F/,0,6,0,7.666666666666667
https://nad-lan.co.il/projects/%D7%94%D7%A8%D7%95%D7%90%D7%94-90-102/,0,5,0,7.8
https://nad-lan.co.il/projects/%D7%94%D7%A8%D7%95%D7%92%D7%99-%D7%9E%D7%9C%D7%9B%D7%95%D7%AA-%D7%91%D7%91%D7%9C-%D7%94%D7%9B%D7%9C%D7%A0%D7%99%D7%AA/,0,5,0,7.4
https://nad-lan.co.il/projects/%D7%94%D7%A8%D7%95%D7%9E%D7%A0%D7%99%D7%9D/,0,6,0,10
https://nad-lan.co.il/projects/%D7%94%D7%A8%D7%99%D7%9E%D7%95%D7%9F-%D7%A4%D7%A0%D7%99-%D7%94%D7%92%D7%91%D7%A2%D7%94/,0,7,0,5.428571428571429
https://nad-lan.co.il/projects/%D7%94%D7%A8%D7%9B%D7%91%D7%AA/,0,26,0,76.5
https://nad-lan.co.il/projects/%D7%94%D7%A8%D7%9B%D7%A1%D7%99%D7%9D/,0,2,0,20.5
https://nad-lan.co.il/projects/%D7%94%D7%A8%D7%A6%D7%95%D7%92-%D7%9E%D7%A2%D7%A8%D7%91/,0,3,0,1.6666666666666665
https://nad-lan.co.il/projects/%D7%94%D7%A8%D7%A6%D7%95%D7%92/,0,10,0,10.4
https://nad-lan.co.il/projects/%D7%94%D7%A8%D7%A6%D7%9C-%D7%A2%D7%99%D7%9F-%D7%94%D7%A7%D7%95%D7%A8%D7%90/,0,4,0,7.5
https://nad-lan.co.il/projects/%D7%94%D7%A8%D7%A6%D7%9C-%D7%A9%D7%A2%D7%A8%D7%99-%D7%94%D7%A2%D7%99%D7%A8/,0,1,0,9
https://nad-lan.co.il/projects/%D7%94%D7%A8%D7%A6%D7%9C-%D7%AA%D7%A8%D7%9E%D7%91-%D7%98%D7%A8%D7%95%D7%9E%D7%A4%D7%9C%D7%93%D7%95%D7%A8-%D7%94%D7%91%D7%A8%D7%95%D7%9F-%D7%94%D7%99%D7%A8%D7%A9/,0,3,0,3.3333333333333335
https://nad-lan.co.il/projects/%D7%94%D7%A8%D7%A6%D7%9C-123-%D7%94%D7%9E%D7%99%D7%99%D7%A1%D7%93%D7%99%D7%9D/,0,7,0,4.571428571428571
https://nad-lan.co.il/projects/%D7%94%D7%A8%D7%A6%D7%9C-2/,0,1,0,4
https://nad-lan.co.il/projects/%D7%94%D7%A8%D7%A6%D7%9C-54-58-%D7%A8%D7%91-%D7%A6%D7%A2%D7%99%D7%A8-3-5%D7%A3-%D7%94%D7%91%D7%A8%D7%95%D7%9F-%D7%94%D7%99%D7%A8%D7%A9-3/,0,10,0,6.7
https://nad-lan.co.il/projects/%D7%94%D7%A8%D7%A6%D7%9C-59-61/,0,18,0,9.38888888888889
https://nad-lan.co.il/projects/%D7%94%D7%A8%D7%A6%D7%9C-88-%D7%A8%D7%97%D7%9C-%D7%94%D7%9E%D7%A9%D7%95%D7%A8%D7%A8%D7%AA-20/,0,10,0,8.2
https://nad-lan.co.il/projects/%D7%94%D7%A8%D7%A8%D7%99/,0,4,0,27
https://nad-lan.co.il/projects/%D7%94%D7%A8-%D7%9E%D7%99%D7%A8%D7%95%D7%9F-%D7%A0%D7%95%D7%95%D7%94-%D7%99%D7%A9%D7%A8%D7%90%D7%9C/,0,5,0,3.8
https://nad-lan.co.il/projects/%D7%94%D7%A9%D7%91%D7%98%D7%99%D7%9D/,0,7,0,40
https://nad-lan.co.il/projects/%D7%94%D7%A9%D7%95%D7%A7/,0,10,0,7.7
https://nad-lan.co.il/projects/%D7%94%D7%A9%D7%99%D7%98%D7%94-2/,0,4,0,3.25
https://nad-lan.co.il/projects/%D7%94%D7%A9%D7%99%D7%98%D7%94/,0,4,0,9.75
https://nad-lan.co.il/projects/%D7%94%D7%AA%D7%90%D7%A0%D7%94/,0,5,0,6.8
https://nad-lan.co.il/projects/%D7%94%D7%AA%D7%95%D7%9E%D7%A8-8-10/,0,9,0,7.666666666666667
https://nad-lan.co.il/projects/%D7%94%D7%AA%D7%95%D7%AA%D7%97%D7%A0%D7%99%D7%9D-9-17/,0,7,0,5.428571428571429
https://nad-lan.co.il/projects/%D7%94%D7%AA%D7%95%D7%AA%D7%97%D7%A0%D7%99%D7%9D/,0,1,0,57
https://nad-lan.co.il/projects/%D7%94%D7%AA%D7%97%D7%93%D7%A9%D7%95%D7%AA-%D7%93%D7%A8%D7%9A-%D7%94%D7%A9%D7%9C%D7%95%D7%9D-117-105/,0,1,0,8
https://nad-lan.co.il/projects/%D7%94%D7%AA%D7%97%D7%93%D7%A9%D7%95%D7%AA-%D7%9E%D7%AA%D7%97%D7%9D-%D7%9E%D7%9B%D7%91%D7%99/,0,28,0,10.357142857142858
https://nad-lan.co.il/projects/%D7%94%D7%AA%D7%97%D7%93%D7%A9%D7%95%D7%AA-%D7%A2%D7%99%D7%A8%D7%95%D7%A0%D7%99%D7%AA-%D7%91%D7%A8%D7%97%D7%95%D7%91-%D7%91%D7%9F-%D7%99%D7%95%D7%A1%D7%A3-22-48/,0,2,0,9
https://nad-lan.co.il/projects/%D7%94%D7%AA%D7%97%D7%93%D7%A9%D7%95%D7%AA-%D7%A2%D7%99%D7%A8%D7%95%D7%A0%D7%99%D7%AA-%D7%A0%D7%95%D7%94-%D7%A9%D7%90%D7%A0%D7%9F-20-%D7%91%D7%95%D7%A8%D7%9C%D7%90/,0,20,0,12.6
https://nad-lan.co.il/projects/%D7%94%D7%AA%D7%97%D7%A0%D7%94-%D7%94%D7%9E%D7%A8%D7%9B%D7%96%D7%99%D7%AA/,0,2,0,3.5
https://nad-lan.co.il/projects/%D7%94%D7%AA%D7%9E%D7%A8%D7%99%D7%9D-%D7%9E%D7%92%D7%93%D7%99%D7%9D/,0,2,0,8.5
https://nad-lan.co.il/projects/%D7%94%D7%AA%D7%A0%D7%95%D7%A4%D7%94/,0,1,0,6
https://nad-lan.co.il/projects/%D7%94%D7%AA%D7%A4%D7%95%D7%96/,0,3,0,21.666666666666668
https://nad-lan.co.il/projects/%D7%95%D7%95%D7%9C%D7%A4%D7%A1%D7%95%D7%9F/,0,5,0,15.2
https://nad-lan.co.il/projects/%D7%95%D7%99%D7%A0%D7%92%D7%99%D7%99%D7%98-%D7%9C%D7%94-%D7%92%D7%95%D7%95%D7%90%D7%A8%D7%93%D7%99%D7%94/,0,3,0,9
https://nad-lan.co.il/projects/%D7%95%D7%99%D7%A0%D7%92%D7%99%D7%99%D7%98/,0,7,0,5.714285714285714
https://nad-lan.co.il/projects/%D7%95%D7%99%D7%A6%D7%9E%D7%9F-%D7%92%D7%90%D7%95%D7%9C%D7%94/,0,5,0,4.8
https://nad-lan.co.il/projects/%D7%95%D7%99%D7%A6%D7%9E%D7%9F-%D7%96-%D7%91%D7%95%D7%98%D7%99%D7%A0%D7%A1%D7%A7%D7%99/,0,6,0,8.666666666666668
https://nad-lan.co.il/projects/%D7%95%D7%99%D7%A6%D7%9E%D7%9F-%D7%A1%D7%95%D7%A7%D7%95%D7%9C%D7%95%D7%91/,0,1,0,3
https://nad-lan.co.il/projects/%D7%95%D7%99%D7%A6%D7%9E%D7%9F-2/,0,5,0,25.2
https://nad-lan.co.il/projects/%D7%95%D7%99%D7%A6%D7%9E%D7%9F-48-52/,0,7,0,6.142857142857143
https://nad-lan.co.il/projects/%D7%95%D7%99%D7%A6%D7%9E%D7%9F-6-12/,0,23,0,5.217391304347826
https://nad-lan.co.il/projects/%D7%96%D7%90%D7%91-%D7%97%D7%A7%D7%9C%D7%90%D7%99/,0,4,0,4.5
https://nad-lan.co.il/projects/%D7%96%D7%90%D7%9F-%D7%96%D7%95%D7%A8%D7%A1-16-32/,0,18,0,4.833333333333334
https://nad-lan.co.il/projects/%D7%96%D7%91%D7%95%D7%98%D7%99%D7%A0%D7%A1%D7%A7%D7%99-19/,0,16,0,8.1875
https://nad-lan.co.il/projects/%D7%96%D7%95%D7%92%D7%95%D7%AA-%D7%A6%D7%A2%D7%99%D7%A8%D7%99%D7%9D/,0,49,0,35
https://nad-lan.co.il/projects/%D7%96%D7%95%D7%9C%D7%95%D7%98%D7%95%D7%91/,0,11,0,5.636363636363637
https://nad-lan.co.il/projects/%D7%96%D7%9C%D7%9E%D7%9F-%D7%A9%D7%96%D7%A8/,0,8,0,4.625
https://nad-lan.co.il/projects/%D7%96%D7%9C%D7%9E%D7%9F-%D7%A9%D7%A0%D7%99%D7%90%D7%95%D7%A8-7-13/,0,2,0,7
https://nad-lan.co.il/projects/%D7%97%D7%91%D7%99%D7%91%D7%94-%D7%A8%D7%99%D7%99%D7%9A-20-28/,0,1,0,4
https://nad-lan.co.il/projects/%D7%97%D7%91%D7%99%D7%91%D7%94-%D7%A8%D7%99%D7%99%D7%9A/,0,2,0,10.5
https://nad-lan.co.il/projects/%D7%97%D7%95%D7%A6%D7%95%D7%AA-%D7%94%D7%90%D7%9C%D7%A3/,0,2,0,3
https://nad-lan.co.il/projects/%D7%97%D7%96%D7%95%D7%9F-%D7%A6%D7%99%D7%95%D7%9F-7-9/,0,15,0,9.333333333333334
https://nad-lan.co.il/projects/%D7%97%D7%99%D7%99%D7%9D-%D7%90%D7%A8%D7%99%D7%90%D7%91-25/,0,3,0,4.666666666666666
https://nad-lan.co.il/projects/%D7%97%D7%99%D7%9C-%D7%94%D7%99%D7%9D/,0,5,0,17.4
https://nad-lan.co.il/projects/%D7%97%D7%99%D7%9D-%D7%97%D7%91%D7%99%D7%9D-%D7%97%D7%91%D7%99%D7%9D-3/,0,1,0,2
https://nad-lan.co.il/projects/%D7%97%D7%9C%D7%9E%D7%99%D7%AA/,0,4,0,46
https://nad-lan.co.il/projects/%D7%97%D7%A0%D7%94-%D7%95%D7%9E%D7%99%D7%9B%D7%90%D7%9C-%D7%9C%D7%95%D7%99%D7%9F/,0,8,0,5.25
https://nad-lan.co.il/projects/%D7%97%D7%A0%D7%94-%D7%A1%D7%A0%D7%A9-%D7%90%D7%A0%D7%99%D7%9C%D7%91%D7%99%D7%A5/,0,4,0,7.25
https://nad-lan.co.il/projects/%D7%97%D7%A0%D7%94-%D7%A1%D7%A0%D7%A9/,0,3,0,8
https://nad-lan.co.il/projects/%D7%97%D7%A0%D7%A7%D7%99%D7%9F-57-61/,0,20,0,4.55
https://nad-lan.co.il/projects/%D7%97%D7%A1%D7%91%D7%95%D7%9F/,0,10,0,5.3
https://nad-lan.co.il/projects/%D7%97%D7%A1%D7%93%D7%90-%D7%99%D7%94%D7%95%D7%A9%D7%A2-%D7%91%D7%9F-%D7%A0%D7%95%D7%9F/,0,3,0,6.333333333333333
https://nad-lan.co.il/projects/%D7%97%D7%A1%D7%9F-%D7%A2%D7%A8%D7%90%D7%A4%D7%94/,0,1,0,83
https://nad-lan.co.il/projects/%D7%97%D7%A6%D7%A8-%D7%A9%D7%A4%D7%99%D7%A8%D7%90/,0,1,0,6
https://nad-lan.co.il/projects/%D7%97%D7%A9%D7%9E%D7%95%D7%A0%D7%90%D7%99%D7%9D-%D7%91%D7%A2%D7%96/,0,19,0,27.736842105263158
https://nad-lan.co.il/projects/%D7%98%D7%90%D7%92%D7%95%D7%A8/,0,7,0,15.571428571428571
https://nad-lan.co.il/projects/%D7%98%D7%91%D7%A0%D7%A7%D7%99%D7%9F-7-13-%D7%94%D7%AA%D7%97%D7%93%D7%A9%D7%95%D7%AA-%D7%A2%D7%99%D7%A8%D7%95%D7%A0%D7%99%D7%AA/,0,8,0,8.25
https://nad-lan.co.il/projects/%D7%98%D7%94%D7%95%D7%9F-1-2/,0,11,0,11.272727272727273
https://nad-lan.co.il/projects/%D7%98%D7%94%D7%95%D7%9F-3/,0,5,0,11
https://nad-lan.co.il/projects/%D7%98%D7%94%D7%95%D7%9F-5/,0,2,0,6
https://nad-lan.co.il/projects/%D7%98%D7%A9%D7%A8%D7%A0%D7%99%D7%97%D7%95%D7%91%D7%A1%D7%A7%D7%99-51-53/,0,9,0,6.111111111111111
https://nad-lan.co.il/projects/%D7%98%D7%A9%D7%A8%D7%A0%D7%99%D7%97%D7%95%D7%91%D7%A1%D7%A7%D7%99-52-54-55/,0,3,0,7.666666666666667
https://nad-lan.co.il/projects/%D7%99%D7%93%D7%A2-%D7%A2%D7%9D/,0,4,0,7
https://nad-lan.co.il/projects/%D7%99%D7%93-%D7%94%D7%AA%D7%A9%D7%A2%D7%94/,0,32,0,5.21875
https://nad-lan.co.il/projects/%D7%99%D7%93-%D7%9C%D7%91%D7%A0%D7%99%D7%9D/,0,29,0,6.275862068965517
https://nad-lan.co.il/projects/%D7%99%D7%94%D7%95%D7%A9%D7%A4%D7%98-%D7%A0%D7%95%D7%95%D7%94-%D7%93%D7%95%D7%93/,0,32,0,3.90625
https://nad-lan.co.il/projects/%D7%99%D7%95%D7%90%D7%91/,0,13,0,6.6923076923076925
https://nad-lan.co.il/projects/%D7%99%D7%95%D7%A1%D7%A3-%D7%97%D7%99%D7%99%D7%9D-%D7%A9%D7%9C%D7%94%D7%91%D7%AA/,0,2,0,6
https://nad-lan.co.il/projects/%D7%99%D7%95%D7%A1%D7%A4%D7%91%D7%A8%D7%92/,0,1,0,7
https://nad-lan.co.il/projects/%D7%99%D7%95%D7%A1%D7%A4%D7%98%D7%9C-%D7%9E%D7%96%D7%A8%D7%97/,0,7,0,19.571428571428573
https://nad-lan.co.il/projects/%D7%99%D7%95%D7%A1%D7%A4%D7%98%D7%9C-%D7%A6%D7%A4%D7%95%D7%9F/,0,1,0,3
https://nad-lan.co.il/projects/%D7%99%D7%95%D7%A1%D7%A4%D7%98%D7%9C-3/,0,3,0,7.333333333333333
https://nad-lan.co.il/projects/%D7%99%D7%95%D7%A1%D7%A4%D7%98%D7%9C-4/,0,5,0,4.6
https://nad-lan.co.il/projects/%D7%99%D7%95%D7%A1%D7%A4%D7%98%D7%9C-5/,0,1,0,9
https://nad-lan.co.il/projects/%D7%99%D7%95%D7%A1%D7%A4%D7%98%D7%9C-6/,0,1,0,2
https://nad-lan.co.il/projects/%D7%99%D7%95%D7%A1%D7%A4%D7%98%D7%9C-8/,0,3,0,3.3333333333333335
https://nad-lan.co.il/projects/%D7%99%D7%95%D7%A1%D7%A4%D7%98%D7%9C/,0,9,0,7.333333333333333
https://nad-lan.co.il/projects/%D7%99%D7%95%D7%A1%D7%A4%D7%99/,0,12,0,5.833333333333333
https://nad-lan.co.il/projects/%D7%99%D7%98-%D7%90%D7%A8%D7%9E%D7%95%D7%9F-%D7%94%D7%A0%D7%A6%D7%99%D7%91/,0,4,0,5.75
https://nad-lan.co.il/projects/%D7%99%D7%9C%D7%93%D7%99-%D7%98%D7%94%D7%A8%D7%9F/,0,8,0,7.875
https://nad-lan.co.il/projects/%D7%99%D7%A2%D7%A7%D7%91-%D7%90%D7%91%D7%99%D7%A0%D7%95-%D7%A8%D7%92%D7%A8/,0,7,0,8
https://nad-lan.co.il/projects/%D7%99%D7%A2%D7%A7%D7%91-%D7%9E%D7%9C%D7%95%D7%9C-%D7%A7%D7%A8%D7%99%D7%AA-%D7%A9%D7%9E%D7%95%D7%A0%D7%94/,0,17,0,17.235294117647058
https://nad-lan.co.il/projects/%D7%99%D7%A2%D7%A7%D7%91-%D7%A7%D7%A8%D7%95%D7%9C/,0,4,0,9.25
https://nad-lan.co.il/projects/%D7%99%D7%A4%D7%AA%D7%97/,0,5,0,5.4
https://nad-lan.co.il/projects/%D7%99%D7%A4%D7%AA/,0,16,0,28.5
https://nad-lan.co.il/projects/%D7%99%D7%A6%D7%97%D7%A7-%D7%94%D7%A0%D7%A9%D7%99%D7%90/,0,1,0,2
https://nad-lan.co.il/projects/%D7%99%D7%A6%D7%97%D7%A7-%D7%A9%D7%93%D7%94-%D7%94%D7%A9%D7%95%D7%9E%D7%A8/,0,3,0,6.666666666666667
https://nad-lan.co.il/projects/%D7%99%D7%A6%D7%97%D7%A7-%D7%A9%D7%93%D7%94-2/,0,1,0,4
https://nad-lan.co.il/projects/%D7%99%D7%A6%D7%97%D7%A7-%D7%A9%D7%93%D7%94/,0,9,0,7.777777777777778
https://nad-lan.co.il/projects/%D7%99%D7%A6%D7%99%D7%90%D7%AA-%D7%90%D7%99%D7%A8%D7%95%D7%A4%D7%94/,0,2,0,8.5
https://nad-lan.co.il/projects/%D7%99%D7%A8%D7%95%D7%A9%D7%9C%D7%99%D7%9D-%D7%94%D7%91%D7%99%D7%A8%D7%94/,0,10,0,23.2
https://nad-lan.co.il/projects/%D7%99%D7%A9%D7%A2%D7%99%D7%94%D7%95/,0,4,0,5.25
https://nad-lan.co.il/projects/%D7%99%D7%A9%D7%A8%D7%90%D7%9C-%D7%A4%D7%A8%D7%A0%D7%A7%D7%9C/,0,5,0,5.8
https://nad-lan.co.il/projects/%D7%99%D7%AA%D7%93-%D7%91%D7%91%D7%A8%D7%96%D7%99%D7%9C/,0,14,0,4.785714285714286
https://nad-lan.co.il/projects/%D7%9B%D7%93%D7%95%D7%A8%D7%99/,0,2,0,5.5
https://nad-lan.co.il/projects/%D7%9B%D7%98-%D7%91%D7%A0%D7%95%D7%91%D7%9E%D7%91%D7%A8-%D7%9E%D7%90%D7%95%D7%97%D7%93/,0,6,0,4.5
https://nad-lan.co.il/projects/%D7%9B%D7%98-%D7%91%D7%A0%D7%95%D7%91%D7%9E%D7%91%D7%A8-28/,0,22,0,8.454545454545453
https://nad-lan.co.il/projects/%D7%9B%D7%99%D7%9B%D7%A8-%D7%94%D7%A2%D7%99%D7%A8/,0,2,0,4
https://nad-lan.co.il/projects/%D7%9B%D7%99%D7%9B%D7%A8-%D7%94%D7%AA%D7%A8%D7%91%D7%95%D7%AA/,0,7,0,7.285714285714286
https://nad-lan.co.il/projects/%D7%9B%D7%99%D7%A1%D7%95%D7%A4%D7%99%D7%9D/,0,10,0,6.6
https://nad-lan.co.il/projects/%D7%9B%D7%A4%D7%A8-%D7%92%D7%91%D7%99%D7%A8%D7%95%D7%9C/,0,1,0,6
https://nad-lan.co.il/projects/%D7%9B%D7%A4%D7%A8-%D7%A9%D7%9C%D7%9D/,0,9,0,24.555555555555557
https://nad-lan.co.il/projects/%D7%9B%D7%A6%D7%A0%D7%9C%D7%A1%D7%95%D7%9F-%D7%9E%D7%A8%D7%9B%D7%96/,0,2,0,6.5
https://nad-lan.co.il/projects/%D7%9B%D7%A6%D7%A0%D7%9C%D7%A1%D7%95%D7%9F-2/,0,5,0,9
https://nad-lan.co.il/projects/%D7%9B%D7%A6%D7%A0%D7%9C%D7%A1%D7%95%D7%9F-40-42-44/,0,1,0,8
https://nad-lan.co.il/projects/%D7%9B%D7%A6%D7%A0%D7%9C%D7%A1%D7%95%D7%9F-61-57/,0,9,0,7.666666666666667
https://nad-lan.co.il/projects/%D7%9B%D7%A6%D7%A0%D7%9C%D7%A1%D7%95%D7%9F/,0,4,0,9.75
https://nad-lan.co.il/projects/%D7%9B%D7%A8%D7%9E%D7%95%D7%9F/,0,9,0,6.444444444444445
https://nad-lan.co.il/projects/%D7%9C%D7%90%D7%94-%D7%92%D7%95%D7%9C%D7%93%D7%91%D7%A8%D7%92/,0,1,0,3
https://nad-lan.co.il/projects/%D7%9C%D7%91%D7%A0%D7%94-%D7%9E%D7%A2%D7%A8%D7%91/,0,4,0,6.5
https://nad-lan.co.il/projects/%D7%9C%D7%91-%D7%90%D7%95%D7%A9%D7%99%D7%95%D7%AA/,0,8,0,5.5
https://nad-lan.co.il/projects/%D7%9C%D7%91-%D7%94%D7%99%D7%A9%D7%95%D7%91/,0,2,0,88
https://nad-lan.co.il/projects/%D7%9C%D7%91-%D7%94%D7%9B%D7%A8%D7%9D/,0,26,0,11.346153846153847
https://nad-lan.co.il/projects/%D7%9C%D7%91-%D7%94%D7%A2%D7%99%D7%A8/,0,1,0,9
https://nad-lan.co.il/projects/%D7%9C%D7%94-%D7%92%D7%95%D7%90%D7%A8%D7%93%D7%99%D7%94-24-28/,0,9,0,4.777777777777778
https://nad-lan.co.il/projects/%D7%9C%D7%94-%D7%92%D7%95%D7%95%D7%90%D7%A8%D7%93%D7%99%D7%94-%D7%9E%D7%96%D7%A8%D7%97/,0,2,0,3
https://nad-lan.co.il/projects/%D7%9C%D7%95%D7%93-%D7%93%D7%A8%D7%95%D7%9D/,0,2,0,31
https://nad-lan.co.il/projects/%D7%9C%D7%95%D7%99-%D7%90%D7%A9%D7%9B%D7%95%D7%9C-%D7%A6%D7%A4%D7%95%D7%9F/,0,2,0,9
https://nad-lan.co.il/projects/%D7%9C%D7%95%D7%99-%D7%90%D7%A9%D7%9B%D7%95%D7%9C-125-127/,0,7,0,3.4285714285714284
https://nad-lan.co.il/projects/%D7%9C%D7%95%D7%99-%D7%90%D7%A9%D7%9B%D7%95%D7%9C/,0,8,0,5.375
https://nad-lan.co.il/projects/%D7%9C%D7%9B%D7%99%D7%A9-%D7%93%D7%A8%D7%95%D7%9D/,0,4,0,10
https://nad-lan.co.il/projects/%D7%9C%D7%9E%D7%A8%D7%97%D7%91/,0,5,0,27.4
https://nad-lan.co.il/projects/%D7%9E%D7%90%D7%99%D7%A8-%D7%90%D7%91%D7%A0%D7%A8/,0,3,0,5
https://nad-lan.co.il/projects/%D7%9E%D7%91%D7%95%D7%90-%D7%97%D7%93%D7%A8%D7%94-%D7%9E%D7%96%D7%A8%D7%97/,0,2,0,6.5
https://nad-lan.co.il/projects/%D7%9E%D7%91%D7%A6%D7%A2-%D7%A1%D7%99%D7%A0%D7%99-25-27/,0,10,0,8.4
https://nad-lan.co.il/projects/%D7%9E%D7%92%D7%93%D7%99%D7%90%D7%9C-55/,0,19,0,9.894736842105264
https://nad-lan.co.il/projects/%D7%9E%D7%92%D7%93%D7%9C%D7%99%D7%9D-%D7%91%D7%A9%D7%93%D7%A8%D7%94/,0,4,0,6
https://nad-lan.co.il/projects/%D7%9E%D7%92%D7%93%D7%9C%D7%99-%D7%94%D7%92%D7%A4%D7%9F-2/,0,8,0,24.5
https://nad-lan.co.il/projects/%D7%9E%D7%92%D7%93%D7%9C/,0,21,0,41.23809523809524
https://nad-lan.co.il/projects/%D7%9E%D7%95%D7%94%D7%9C%D7%99%D7%91%D7%A8/,0,3,0,11.666666666666666
https://nad-lan.co.il/projects/%D7%9E%D7%95%D7%9C-%D7%94%D7%AA%D7%97%D7%A0%D7%94-%D7%94%D7%9E%D7%A8%D7%9B%D7%96%D7%99%D7%AA/,0,2,0,4.5
https://nad-lan.co.il/projects/%D7%9E%D7%95%D7%A0%D7%98%D7%99%D7%A4%D7%99%D7%95%D7%A8%D7%99-%D7%90%D7%95%D7%A1%D7%99%D7%A9%D7%A7%D7%99%D7%9F/,0,10,0,7.2
https://nad-lan.co.il/projects/%D7%9E%D7%95%D7%A6%D7%A7%D7%99%D7%9F-%D7%A8%D7%95%D7%A4%D7%99%D7%9F/,0,3,0,9.333333333333334
https://nad-lan.co.il/projects/%D7%9E%D7%98%D7%A8%D7%95-%D7%90%D7%A8%D7%9C%D7%95%D7%96%D7%95%D7%A8%D7%95%D7%91/,0,9,0,9.333333333333334
https://nad-lan.co.il/projects/%D7%9E%D7%98%D7%A8%D7%95-%D7%93%D7%A8%D7%95%D7%9D/,0,16,0,7.0625
https://nad-lan.co.il/projects/%D7%9E%D7%98%D7%A8%D7%95-%D7%94%D7%A2%D7%99%D7%A8%D7%99%D7%99%D7%94/,0,2,0,5
https://nad-lan.co.il/projects/%D7%9E%D7%98%D7%A8%D7%95-%D7%9E%D7%96%D7%A8%D7%97/,0,5,0,5
https://nad-lan.co.il/projects/%D7%9E%D7%9C%D7%9B%D7%99-%D7%A6%D7%93%D7%A7-5-7/,0,13,0,6.230769230769231
https://nad-lan.co.il/projects/%D7%9E%D7%A0%D7%93%D7%9C%D7%91%D7%9C%D7%98/,0,3,0,2.333333333333333
https://nad-lan.co.il/projects/%D7%9E%D7%A0%D7%97%D7%9D-%D7%91%D7%92%D7%99%D7%9F-2/,0,5,0,2.8
https://nad-lan.co.il/projects/%D7%9E%D7%A2%D7%92%D7%9C%D7%99-%D7%99%D7%91%D7%A0%D7%94/,0,17,0,20.941176470588236
https://nad-lan.co.il/projects/%D7%9E%D7%A2%D7%95%D7%96-%D7%90%D7%91%D7%99%D7%91-%D7%A6%D7%A4%D7%95%D7%9F-%D7%9E%D7%A8%D7%9B%D7%96/,0,12,0,14
https://nad-lan.co.il/projects/%D7%9E%D7%A2%D7%95%D7%A0%D7%95%D7%AA-%D7%A9%D7%A8%D7%94/,0,7,0,4.285714285714286
https://nad-lan.co.il/projects/%D7%9E%D7%A2%D7%9C%D7%94-%D7%94%D7%92%D7%99%D7%91%D7%95%D7%A8%D7%99%D7%9D/,0,13,0,6.846153846153846
https://nad-lan.co.il/projects/%D7%9E%D7%A2%D7%9C%D7%94-%D7%94%D7%A9%D7%95%D7%90%D7%91%D7%94/,0,29,0,6.655172413793103
https://nad-lan.co.il/projects/%D7%9E%D7%A2%D7%9C%D7%95%D7%AA-%D7%93%D7%A4%D7%A0%D7%94-123124/,0,3,0,7
https://nad-lan.co.il/projects/%D7%9E%D7%A2%D7%9C%D7%95%D7%AA-%D7%93%D7%A4%D7%A0%D7%94-125/,0,4,0,18.5
https://nad-lan.co.il/projects/%D7%9E%D7%A2%D7%A4%D7%99%D7%9C%D7%99-%D7%90%D7%92%D7%95%D7%96/,0,5,0,35.6
https://nad-lan.co.il/projects/%D7%9E%D7%A7%D7%A1%D7%99%D7%A7%D7%95/,0,3,0,5
https://nad-lan.co.il/projects/%D7%9E%D7%A8%D7%91%D7%93-%D7%94%D7%A7%D7%A1%D7%9E%D7%99%D7%9D/,0,1,0,4
https://nad-lan.co.il/projects/%D7%9E%D7%A8%D7%92%D7%95%D7%9C%D7%99%D7%9F-1-%D7%94%D7%A9%D7%95%D7%9E%D7%A8-21/,0,3,0,7.333333333333333
https://nad-lan.co.il/projects/%D7%9E%D7%A8%D7%97%D7%91-%D7%A2%D7%A6%D7%99%D7%95%D7%9F/,0,2,0,3.5
https://nad-lan.co.il/projects/%D7%9E%D7%A8%D7%97%D7%91-%D7%AA%D7%97%D7%A0%D7%AA-%D7%94%D7%9E%D7%98%D7%A8%D7%95-%D7%A0%D7%92%D7%94-%D7%9B%D7%A6%D7%A0%D7%9C%D7%A1%D7%95%D7%9F/,0,23,0,5.478260869565218
https://nad-lan.co.il/projects/%D7%9E%D7%A8%D7%97%D7%91-%D7%AA%D7%97%D7%A0%D7%AA-%D7%9E%D7%98%D7%A8%D7%95-%D7%91%D7%9F-%D7%92%D7%95%D7%A8%D7%99%D7%95%D7%9F/,0,2,0,11
https://nad-lan.co.il/projects/%D7%9E%D7%A8%D7%9B%D7%96%D7%99-%D7%94%D7%A2%D7%99%D7%A8/,0,2,0,5.5
https://nad-lan.co.il/projects/%D7%9E%D7%A8%D7%9B%D7%96-%D7%97%D7%9F/,0,1,0,8
https://nad-lan.co.il/projects/%D7%9E%D7%A8%D7%9B%D7%96-%D7%99%D7%94%D7%95%D7%93/,0,2,0,10
https://nad-lan.co.il/projects/%D7%9E%D7%A8%D7%9B%D7%96-%D7%9E%D7%A1%D7%97%D7%A8%D7%99-%D7%A8%D7%95%D7%91%D7%A2-%D7%90/,0,2,0,5
https://nad-lan.co.il/projects/%D7%9E%D7%A8%D7%9B%D7%96-%D7%A7%D7%9C%D7%99%D7%98%D7%94-%D7%92%D7%99%D7%9C%D7%94/,0,16,0,44.5
https://nad-lan.co.il/projects/%D7%9E%D7%A9%D7%94-%D7%A9%D7%A8%D7%AA/,0,6,0,6.833333333333333
https://nad-lan.co.il/projects/%D7%9E%D7%A9%D7%95%D7%9C%D7%A9-%D7%90%D7%9C%D7%97%D7%A0%D7%9F/,0,6,0,24
https://nad-lan.co.il/projects/%D7%9E%D7%A9%D7%9E%D7%A8-%D7%94%D7%99%D7%A8%D7%93%D7%9F/,0,6,0,5.333333333333333
https://nad-lan.co.il/projects/%D7%9E%D7%AA%D7%97%D7%9D-%D7%90%D7%9C%D7%A7%D7%9C%D7%A2%D7%99/,0,8,0,11
https://nad-lan.co.il/projects/%D7%9E%D7%AA%D7%97%D7%9D-%D7%90%D7%A8%D7%9C%D7%95%D7%96%D7%95%D7%A8%D7%95%D7%91-%D7%94%D7%9E%D7%AA%D7%9E%D7%99%D7%93/,0,15,0,9.4
https://nad-lan.co.il/projects/%D7%9E%D7%AA%D7%97%D7%9D-%D7%90%D7%A8%D7%9C%D7%95%D7%96%D7%95%D7%A8%D7%95%D7%91-%D7%A9%D7%9E%D7%97%D7%94-%D7%94%D7%9E%D7%AA%D7%9E%D7%99%D7%93/,0,5,0,8.4
https://nad-lan.co.il/projects/%D7%9E%D7%AA%D7%97%D7%9D-%D7%91%D7%99%D7%90%D7%9C%D7%99%D7%A7-911/,0,79,0,8.455696202531644
https://nad-lan.co.il/projects/%D7%9E%D7%AA%D7%97%D7%9D-%D7%91%D7%9F-%D7%92%D7%95%D7%A8%D7%99%D7%95%D7%9F/,0,9,0,6.555555555555555
https://nad-lan.co.il/projects/%D7%9E%D7%AA%D7%97%D7%9D-%D7%91%D7%A8-%D7%9C%D7%91/,0,1,0,39
https://nad-lan.co.il/projects/%D7%9E%D7%AA%D7%97%D7%9D-%D7%94%D7%92%D7%A4%D7%9F-1-4/,0,20,0,29.8
https://nad-lan.co.il/projects/%D7%9E%D7%AA%D7%97%D7%9D-%D7%94%D7%97%D7%9C%D7%95%D7%A5-%D7%9E%D7%A9%D7%9B%D7%9F-%D7%A9%D7%99%D7%9C%D7%94/,0,2,0,3.5
https://nad-lan.co.il/projects/%D7%9E%D7%AA%D7%97%D7%9D-%D7%94%D7%A0%D7%A9%D7%99%D7%90-%D7%99%D7%93-%D7%94%D7%96%D7%94%D7%91/,0,4,0,5.25
https://nad-lan.co.il/projects/%D7%9E%D7%AA%D7%97%D7%9D-%D7%94%D7%A6%D7%99%D7%95%D7%A0%D7%95%D7%AA-%D7%9E%D7%AA%D7%97%D7%9D-%D7%9E%D7%A2%D7%A8%D7%91%D7%99/,0,3,0,6.666666666666667
https://nad-lan.co.il/projects/%D7%9E%D7%AA%D7%97%D7%9D-%D7%94%D7%A8%D7%A6%D7%9C-%D7%A9%D7%9B%D7%95%D7%A0%D7%AA-%D7%90%D7%95%D7%A9%D7%99%D7%95%D7%AA/,0,10,0,3.8
https://nad-lan.co.il/projects/%D7%9E%D7%AA%D7%97%D7%9D-%D7%96%D7%91%D7%95%D7%98%D7%99%D7%A0%D7%A1%D7%A7%D7%99-39-41-%D7%9E%D7%A7%D7%93%D7%95%D7%A0%D7%9C%D7%93/,0,1,0,3
https://nad-lan.co.il/projects/%D7%9E%D7%AA%D7%97%D7%9D-%D7%99%D7%95%D7%A1%D7%A4%D7%98%D7%9C/,0,5,0,7.4
https://nad-lan.co.il/projects/%D7%9E%D7%AA%D7%97%D7%9D-%D7%A4%D7%96/,0,1,0,5
https://nad-lan.co.il/projects/%D7%9E%D7%AA%D7%97%D7%9D-%D7%A8%D7%95%D7%91%D7%99%D7%9F-%D7%A1%D7%95%D7%A7%D7%95%D7%9C%D7%95%D7%91-%D7%94%D7%A8%D7%A6%D7%9C%D7%99%D7%94/,0,7,0,7.285714285714286
https://nad-lan.co.il/projects/%D7%9E%D7%AA%D7%97%D7%9D-%D7%A8%D7%95%D7%98%D7%A9%D7%99%D7%9C%D7%93-8-14-%D7%9E%D7%AA%D7%97%D7%9D-28/,0,29,0,4.517241379310345
https://nad-lan.co.il/projects/%D7%9E%D7%AA%D7%97%D7%9D-%D7%A8%D7%97%D7%95%D7%91-%D7%99%D7%A8%D7%95%D7%A9%D7%9C%D7%99%D7%9D/,0,10,0,6.5
https://nad-lan.co.il/projects/%D7%9E%D7%AA%D7%97%D7%9D-%D7%A9%D7%9C%D7%9D/,0,3,0,12.666666666666666
https://nad-lan.co.il/projects/%D7%9E%D7%AA%D7%97%D7%9D-11-%D7%A7%D7%A8%D7%99%D7%99%D7%AA-%D7%90%D7%9C%D7%99%D7%A2%D7%96%D7%A8/,0,8,0,5.875
https://nad-lan.co.il/projects/%D7%9E%D7%AA%D7%97%D7%9D-12-%D7%A7%D7%98%D7%9E%D7%95%D7%A0%D7%99%D7%9D/,0,6,0,5.166666666666667
https://nad-lan.co.il/projects/%D7%9E%D7%AA%D7%97%D7%9D-22-%D7%93%D7%A8%D7%95%D7%9D-%D7%A8%D7%95%D7%98%D7%A9%D7%99%D7%9C%D7%93-%D7%9C%D7%99%D7%9F-%D7%A9%D7%93-%D7%A8%D7%95%D7%98%D7%A9%D7%99%D7%9C%D7%93-21-33/,0,5,0,4.6
https://nad-lan.co.il/projects/%D7%9E%D7%AA%D7%97%D7%9D-3-%D7%A8%D7%9E%D7%AA-%D7%95%D7%A8%D7%91%D7%A8/,0,2,0,4.5
https://nad-lan.co.il/projects/%D7%9E%D7%AA%D7%97%D7%9D-48-%D7%96%D7%91%D7%95%D7%98%D7%99%D7%A0%D7%A1%D7%A7%D7%99-89-99-%D7%9E%D7%95%D7%A8%D7%93%D7%99-%D7%94%D7%92%D7%98%D7%90%D7%95%D7%AA-11-13/,0,21,0,6.095238095238095
https://nad-lan.co.il/projects/%D7%9E%D7%AA%D7%A0%D7%99%D7%94-11-20/,0,1,0,7
https://nad-lan.co.il/projects/%D7%A0%D7%92%D7%91-%D7%92%D7%9C%D7%99%D7%9C-%D7%99%D7%A8%D7%95%D7%A6%D7%9C%D7%99%D7%9D/,0,1,0,1
https://nad-lan.co.il/projects/%D7%A0%D7%92%D7%91-%D7%92%D7%9C%D7%99%D7%9C-%D7%99%D7%A8%D7%95%D7%A9%D7%9C%D7%99%D7%9D/,0,4,0,7
https://nad-lan.co.il/projects/%D7%A0%D7%95%D7%95%D7%94-%D7%90%D7%9C%D7%99%D7%A2%D7%96%D7%A8/,0,1,0,8
https://nad-lan.co.il/projects/%D7%A0%D7%95%D7%95%D7%94-%D7%99%D7%94%D7%95%D7%A9%D7%A2-%D7%9E%D7%A8%D7%9B%D7%96/,0,4,0,4.75
https://nad-lan.co.il/projects/%D7%A0%D7%95%D7%95%D7%94-%D7%99%D7%A2%D7%A7%D7%91-28-32/,0,2,0,2.5
https://nad-lan.co.il/projects/%D7%A0%D7%95%D7%95%D7%94-%D7%9E%D7%A8%D7%9E%D7%95%D7%A8%D7%A7/,0,2,0,8.5
https://nad-lan.co.il/projects/%D7%A0%D7%95%D7%A3-%D7%9C%D7%9B%D7%A8%D7%9E%D7%9C/,0,5,0,9
https://nad-lan.co.il/projects/%D7%A0%D7%95%D7%A8%D7%93%D7%90%D7%95/,0,3,0,28.333333333333332
https://nad-lan.co.il/projects/%D7%A0%D7%97%D7%95%D7%9D/,0,9,0,4.444444444444445
https://nad-lan.co.il/projects/%D7%A0%D7%97%D7%9C%D7%AA-%D7%99%D7%94%D7%95%D7%93%D7%94-%D7%91/,0,3,0,21.333333333333332
https://nad-lan.co.il/projects/%D7%A0%D7%97%D7%9C-%D7%94%D7%91%D7%A9%D7%95%D7%A8/,0,3,0,5.333333333333333
https://nad-lan.co.il/projects/%D7%A0%D7%97%D7%9E%D7%99%D7%94/,0,7,0,8.857142857142858
https://nad-lan.co.il/projects/%D7%A0%D7%99%D7%A6%D7%9F/,0,1,0,1
https://nad-lan.co.il/projects/%D7%A0%D7%99%D7%A7%D7%A8%D7%92%D7%95%D7%90%D7%94-135/,0,12,0,6.166666666666667
https://nad-lan.co.il/projects/%D7%A0%D7%AA%D7%99%D7%91-%D7%97%D7%91%D7%A6%D7%9C%D7%AA/,0,11,0,10.545454545454545
https://nad-lan.co.il/projects/%D7%A0%D7%AA%D7%99%D7%91-%D7%97%D7%9F/,0,2,0,4
https://nad-lan.co.il/projects/%D7%A1%D7%95%D7%A1%D7%A7%D7%99%D7%9F-%D7%99%D7%95%D7%A1%D7%A3-%D7%9C%D7%95%D7%99/,0,4,0,4.75
https://nad-lan.co.il/projects/%D7%A1%D7%95%D7%A7%D7%95%D7%9C%D7%95%D7%91-%D7%94%D7%A9%D7%A8%D7%95%D7%9F/,0,6,0,5
https://nad-lan.co.il/projects/%D7%A1%D7%95%D7%A7%D7%95%D7%9C%D7%95%D7%91-%D7%99%D7%A8%D7%95%D7%A9%D7%9C%D7%99%D7%9D/,0,13,0,9.384615384615385
https://nad-lan.co.il/projects/%D7%A1%D7%95%D7%A7%D7%95%D7%9C%D7%95%D7%91-91-95/,0,9,0,6.111111111111111
https://nad-lan.co.il/projects/%D7%A1%D7%95%D7%A7%D7%95%D7%9C%D7%95%D7%91/,0,24,0,30.333333333333332
https://nad-lan.co.il/projects/%D7%A1%D7%98%D7%A8%D7%95%D7%9E%D7%94-2/,0,3,0,8
https://nad-lan.co.il/projects/%D7%A1%D7%98%D7%A8%D7%95%D7%9E%D7%94/,0,4,0,6.75
https://nad-lan.co.il/projects/%D7%A1%D7%99%D7%A0%D7%99-%D7%A7%D7%93%D7%A9/,0,5,0,6.2
https://nad-lan.co.il/projects/%D7%A1%D7%9C%D7%A2-%D7%91%D7%99%D7%AA%D7%A8/,0,2,0,5.5
https://nad-lan.co.il/projects/%D7%A1%D7%9C%D7%A2/,0,6,0,7
https://nad-lan.co.il/projects/%D7%A1%D7%9E%D7%98%D7%AA-%D7%99%D7%94%D7%95%D7%93%D7%99%D7%AA/,0,11,0,6.545454545454546
https://nad-lan.co.il/projects/%D7%A1%D7%9E%D7%99%D7%9C%D7%A0%D7%A1%D7%A7%D7%99-29-31/,0,15,0,13.4
https://nad-lan.co.il/projects/%D7%A1%D7%9F-%D7%9E%D7%A8%D7%98%D7%99%D7%9F-21-19/,0,3,0,7.333333333333333
https://nad-lan.co.il/projects/%D7%A1%D7%9F-%D7%9E%D7%A8%D7%98%D7%99%D7%9F-22-26-%D7%91%D7%A8-%D7%99%D7%95%D7%97%D7%90%D7%99-1214/,0,4,0,5.75
https://nad-lan.co.il/projects/%D7%A1%D7%9F-%D7%9E%D7%A8%D7%98%D7%99%D7%9F-3/,0,8,0,10
https://nad-lan.co.il/projects/%D7%A1%D7%9F-%D7%9E%D7%A8%D7%98%D7%99%D7%9F-4-6/,0,10,0,7.6
https://nad-lan.co.il/projects/%D7%A1%D7%A8%D7%9C%D7%99%D7%9F/,0,1,0,4
https://nad-lan.co.il/projects/%D7%A2%D7%95%D7%96%D7%99%D7%90%D7%9C-%D7%95%D7%99%D7%A6%D7%9E%D7%9F/,0,1,0,6
https://nad-lan.co.il/projects/%D7%A2%D7%95%D7%96%D7%99%D7%90%D7%9C/,0,5,0,7.6
https://nad-lan.co.il/projects/%D7%A2%D7%95%D7%9C%D7%99-%D7%94%D7%92%D7%A8%D7%93%D7%95%D7%9D-%D7%A7%D7%93%D7%95%D7%A9%D7%99-%D7%91%D7%91%D7%9C-%D7%9E%D7%AA%D7%97%D7%9D-%D7%97/,0,7,0,4.142857142857142
https://nad-lan.co.il/projects/%D7%A2%D7%99%D7%9F-%D7%A6%D7%95%D7%A8%D7%99%D7%9D/,0,2,0,5.5
https://nad-lan.co.il/projects/%D7%A2%D7%9C%D7%99%D7%99%D7%94-%D7%93%D7%95%D7%93-%D7%A8%D7%9E%D7%96-%D7%93%D7%A8%D7%95%D7%9E%D7%99/,0,14,0,6.5
https://nad-lan.co.il/projects/%D7%A2%D7%9E%D7%99%D7%A0%D7%93%D7%91/,0,23,0,12.521739130434783
https://nad-lan.co.il/projects/%D7%A2%D7%9E%D7%99%D7%A9%D7%91-%D7%98%D7%91%D7%A8%D7%99%D7%94/,0,1,0,7
https://nad-lan.co.il/projects/%D7%A2%D7%9E%D7%A7-%D7%91%D7%A8%D7%9B%D7%94/,0,1,0,4
https://nad-lan.co.il/projects/%D7%A2%D7%9E%D7%A7-%D7%94%D7%97%D7%95%D7%9C%D7%94/,0,2,0,41.5
https://nad-lan.co.il/projects/%D7%A2%D7%9E%D7%A7-%D7%A8%D7%A4%D7%90%D7%99%D7%9D-59/,0,5,0,8.2
https://nad-lan.co.il/projects/%D7%A2%D7%A8%D7%91%D7%99-%D7%A0%D7%97%D7%9C/,0,5,0,7
https://nad-lan.co.il/projects/%D7%A4%D7%90%D7%A8%D7%9F-4/,0,4,0,7.5
https://nad-lan.co.il/projects/%D7%A4%D7%98%D7%A8%D7%99/,0,1,0,6
https://nad-lan.co.il/projects/%D7%A4%D7%99%D7%9B%D7%9E%D7%9F/,0,2,0,29
https://nad-lan.co.il/projects/%D7%A4%D7%99%D7%A0%D7%95%D7%99-%D7%91%D7%99%D7%A0%D7%95%D7%99-%D7%9E%D7%AA%D7%97%D7%9D-%D7%9E%D7%92%D7%93%D7%9C-%D7%A8%D7%A2-%D7%9E%D7%A7-859-%D7%90/,0,2,0,6.5
https://nad-lan.co.il/projects/%D7%A4%D7%99%D7%A0%D7%9C%D7%A1-246/,0,5,0,7
https://nad-lan.co.il/projects/%D7%A4%D7%99%D7%A0%D7%A1%D7%A7%D7%A8/,0,10,0,6.8
https://nad-lan.co.il/projects/%D7%A4%D7%A0%D7%9E%D7%94-26/,0,5,0,7.4
https://nad-lan.co.il/projects/%D7%A4%D7%A0%D7%9E%D7%94-4/,0,4,0,3.5
https://nad-lan.co.il/projects/%D7%A4%D7%A8%D7%91%D7%A9%D7%98%D7%99%D7%99%D7%9F-%D7%97%D7%93%D7%A9/,0,1,0,6
https://nad-lan.co.il/projects/%D7%A4-%D7%A6-%D7%97%D7%99%D7%95%D7%AA-24/,0,10,0,7.6
https://nad-lan.co.il/projects/%D7%A6%D7%91%D7%90-%D7%94%D7%A7%D7%91%D7%A2/,0,2,0,4.5
https://nad-lan.co.il/projects/%D7%A6%D7%91%D7%99%D7%94-%D7%95%D7%99%D7%A6%D7%97%D7%A7/,0,120,0,63.291666666666664
https://nad-lan.co.il/projects/%D7%A6%D7%91%D7%A8-%D7%A9%D7%A7%D7%9E%D7%94-%D7%97%D7%A4-1086-%D7%99%D7%91/,0,8,0,4.5
https://nad-lan.co.il/projects/%D7%A6%D7%94%D7%9C-2/,0,7,0,17
https://nad-lan.co.il/projects/%D7%A6%D7%95%D7%A3/,0,3,0,8.333333333333332
https://nad-lan.co.il/projects/%D7%A7%D7%93%D7%95%D7%A9%D7%99-%D7%91%D7%91%D7%9C-10-14-%D7%A2%D7%95%D7%9C%D7%99-%D7%94%D7%92%D7%A8%D7%93%D7%95%D7%9D/,0,17,0,5
https://nad-lan.co.il/projects/%D7%A7%D7%93%D7%95%D7%A9%D7%99-%D7%9E%D7%A6%D7%A8%D7%99%D7%9D-17-23/,0,1,0,10
https://nad-lan.co.il/projects/%D7%A7%D7%93%D7%99%D7%A9-%D7%9C%D7%95%D7%96-3-13-%D7%99%D7%A8%D7%95%D7%A9%D7%9C%D7%99%D7%9D/,0,20,0,7.25
https://nad-lan.co.il/projects/%D7%A7%D7%94%D7%99%D7%9C%D7%AA-%D7%95%D7%A8%D7%A9%D7%94-2/,0,11,0,6.363636363636363
https://nad-lan.co.il/projects/%D7%A7%D7%94%D7%99%D7%9C%D7%AA-%D7%A7%D7%A0%D7%93%D7%94-%D7%A9%D7%93%D7%A8%D7%95%D7%AA-%D7%99%D7%A8%D7%95%D7%A9%D7%9C%D7%99%D7%9D/,0,11,0,45.36363636363637
https://nad-lan.co.il/projects/%D7%A7%D7%94%D7%99%D7%9C%D7%AA-%D7%A7%D7%A0%D7%93%D7%94/,0,14,0,27.928571428571427
https://nad-lan.co.il/projects/%D7%A7%D7%95%D7%92%D7%9C/,0,7,0,7.714285714285714
https://nad-lan.co.il/projects/%D7%A7%D7%95%D7%9C%D7%95%D7%9E%D7%91%D7%99%D7%94-28-29/,0,5,0,6
https://nad-lan.co.il/projects/%D7%A7%D7%95%D7%9C%D7%95%D7%9E%D7%91%D7%99%D7%94-7/,0,19,0,7.2105263157894735
https://nad-lan.co.il/projects/%D7%A7%D7%95%D7%A1%D7%98%D7%94-%D7%A8%D7%99%D7%A7%D7%94-113/,0,3,0,6
https://nad-lan.co.il/projects/%D7%A7%D7%95%D7%A1%D7%98%D7%94-%D7%A8%D7%99%D7%A7%D7%94-22-24/,0,13,0,11.76923076923077
https://nad-lan.co.il/projects/%D7%A7%D7%95%D7%A1%D7%98%D7%94-%D7%A8%D7%99%D7%A7%D7%94-56/,0,11,0,8.09090909090909
https://nad-lan.co.il/projects/%D7%A7%D7%95%D7%A1%D7%98%D7%94-%D7%A8%D7%99%D7%A7%D7%94/,0,2,0,9.5
https://nad-lan.co.il/projects/%D7%A7%D7%95%D7%A7%D7%99%D7%A1/,0,1,0,9
https://nad-lan.co.il/projects/%D7%A7%D7%98%D7%9E%D7%95%D7%A0%D7%99%D7%9D-06/,0,4,0,8.25
https://nad-lan.co.il/projects/%D7%A7%D7%99%D7%91%D7%95%D7%A5-%D7%92%D7%9C%D7%95%D7%99%D7%95%D7%AA-87-93/,0,11,0,13
https://nad-lan.co.il/projects/%D7%A7%D7%9C%D7%99%D7%99%D7%A0%D7%9E%D7%9F/,0,1,0,10
https://nad-lan.co.il/projects/%D7%A7%D7%9C%D7%A0%D7%A8/,0,17,0,35.529411764705884
https://nad-lan.co.il/projects/%D7%A7%D7%A4%D7%9C%D7%9F-9-13/,0,4,0,4
https://nad-lan.co.il/projects/%D7%A7%D7%A4%D7%9C%D7%9F/,0,5,0,13.4
https://nad-lan.co.il/projects/%D7%A7%D7%A6%D7%A0%D7%9C%D7%A1%D7%95%D7%9F-2-6/,0,2,0,10
https://nad-lan.co.il/projects/%D7%A7%D7%A6%D7%A0%D7%9C%D7%A1%D7%95%D7%9F/,0,4,0,6.5
https://nad-lan.co.il/projects/%D7%A7%D7%A7%D7%9C/,0,2,0,29
https://nad-lan.co.il/projects/%D7%A7%D7%A8%D7%99%D7%99%D7%AA-%D7%97%D7%A9%D7%9E%D7%9C-%D7%A7-%D7%97%D7%99%D7%99%D7%9D-%D7%9E%D7%96%D7%A8%D7%97%D7%99%D7%AA/,0,2,0,5
https://nad-lan.co.il/projects/%D7%A7%D7%A8%D7%99%D7%A0%D7%99%D7%A6%D7%99-%D7%A0%D7%97%D7%9C%D7%AA-%D7%99%D7%95%D7%A1%D7%A3/,0,15,0,11.533333333333333
https://nad-lan.co.il/projects/%D7%A7%D7%A8%D7%99%D7%AA-%D7%9E%D7%A9%D7%94/,0,4,0,10.75
https://nad-lan.co.il/projects/%D7%A7%D7%A8%D7%9C-%D7%A0%D7%98%D7%A8/,0,2,0,3.5
https://nad-lan.co.il/projects/%D7%A7%D7%A8%D7%9F-%D7%94%D7%99%D7%A1%D7%95%D7%93-%D7%94%D7%A8%D7%A6%D7%9C/,0,1,0,7
https://nad-lan.co.il/projects/%D7%A8%D7%91%D7%99-%D7%A2%D7%A7%D7%99%D7%91%D7%90-3-15-%D7%91%D7%A8-%D7%9B%D7%95%D7%9B%D7%91%D7%90-3-5/,0,5,0,8.4
https://nad-lan.co.il/projects/%D7%A8%D7%91%D7%99-%D7%A2%D7%A7%D7%99%D7%91%D7%90/,0,2,0,5
https://nad-lan.co.il/projects/%D7%A8%D7%91%D7%A7%D7%94-%D7%95%D7%A6%D7%99%D7%A4%D7%95%D7%A8%D7%94/,0,11,0,3.090909090909091
https://nad-lan.co.il/projects/%D7%A8%D7%92-1865-%D7%92%D7%95%D7%A8%D7%99-%D7%99%D7%94%D7%95%D7%93%D7%94-2468/,0,11,0,10.363636363636363
https://nad-lan.co.il/projects/%D7%A8%D7%92-1926-%D7%90%D7%9E%D7%A0%D7%95%D7%9F-%D7%95%D7%AA%D7%9E%D7%A8-27-33-%D7%9E%D7%99%D7%9B%D7%90%D7%9C-14/,0,6,0,9.666666666666666
https://nad-lan.co.il/projects/%D7%A8%D7%95%D7%98%D7%A9%D7%99%D7%9C%D7%93-2/,0,3,0,4.333333333333334
https://nad-lan.co.il/projects/%D7%A8%D7%95%D7%98%D7%A9%D7%99%D7%9C%D7%93/,0,4,0,27.25
https://nad-lan.co.il/projects/%D7%A8%D7%95%D7%A4%D7%99%D7%9F/,0,3,0,5
https://nad-lan.co.il/projects/%D7%A8%D7%97%D7%91%D7%AA-%D7%94%D7%A9%D7%A7%D7%93/,0,4,0,5
https://nad-lan.co.il/projects/%D7%A8%D7%97%D7%95%D7%91-%D7%91%D7%95%D7%A8%D7%9E%D7%94-20-38/,0,8,0,8.375
https://nad-lan.co.il/projects/%D7%A8%D7%97%D7%9C-%D7%90%D7%9E%D7%A0%D7%95-46-48/,0,6,0,18
https://nad-lan.co.il/projects/%D7%A8%D7%99%D7%99%D7%A0%D7%A1/,0,2,0,7.5
https://nad-lan.co.il/projects/%D7%A8%D7%9E%D7%91%D7%9D/,0,9,0,8.444444444444445
https://nad-lan.co.il/projects/%D7%A8%D7%9E%D7%95%D7%AA-%D7%A4%D7%95%D7%9C%D7%99%D7%9F/,0,4,0,14.25
https://nad-lan.co.il/projects/%D7%A8%D7%9E%D7%AA-%D7%90%D7%9C%D7%99%D7%94%D7%95-%D7%9E%D7%AA%D7%97%D7%9E%D7%99%D7%9D-6-35-39%D7%9E%D7%AA%D7%97%D7%9E%D7%99-%D7%AA%D7%A9%D7%AA%D7%99%D7%95%D7%AA/,0,1,0,2
https://nad-lan.co.il/projects/%D7%A8%D7%9E%D7%AA-%D7%90%D7%9C%D7%99%D7%94%D7%95-%D7%A4%D7%95%D7%96%D7%A0%D7%A0%D7%A1%D7%A7%D7%99/,0,7,0,6.714285714285714
https://nad-lan.co.il/projects/%D7%A8%D7%9E%D7%AA-%D7%90%D7%9C%D7%99%D7%94%D7%95-%D7%A9%D7%99-%D7%A2%D7%92%D7%A0%D7%95%D7%9F/,0,11,0,6.909090909090909
https://nad-lan.co.il/projects/%D7%A8%D7%9E%D7%AA-%D7%94%D7%A8%D7%A6%D7%9C/,0,8,0,5.5
https://nad-lan.co.il/projects/%D7%A8%D7%9E%D7%AA-%D7%94%D7%A9%D7%A7%D7%9E%D7%94-%D7%A8%D7%97-%D7%A9%D7%9C%D7%9D/,0,1,0,7
https://nad-lan.co.il/projects/%D7%A8%D7%9E%D7%AA-%D7%94%D7%A9%D7%A7%D7%9E%D7%94-%D7%A9%D7%A7%D7%9E%D7%94-%D7%A2%D7%9C-%D7%94%D7%A4%D7%90%D7%A8%D7%A7/,0,4,0,7.25
https://nad-lan.co.il/projects/%D7%A8%D7%9E%D7%AA-%D7%97%D7%9F/,0,1,0,91
https://nad-lan.co.il/projects/%D7%A8%D7%9E%D7%AA-%D7%9C%D7%97%D7%99/,0,12,0,44.5
https://nad-lan.co.il/projects/%D7%A8%D7%A1%D7%A7%D7%95-2/,0,1,0,2
https://nad-lan.co.il/projects/%D7%A8%D7%A7%D7%90%D7%A0%D7%98%D7%99/,0,18,0,25.166666666666668
https://nad-lan.co.il/projects/%D7%A9%D7%91%D7%98-%D7%93%D7%9F/,0,10,0,9
https://nad-lan.co.il/projects/%D7%A9%D7%93%D7%A8%D7%95%D7%AA-%D7%90%D7%9C%D7%99%D7%94%D7%95-%D7%94%D7%A9%D7%99%D7%9B%D7%95%D7%A0%D7%99%D7%9D/,0,6,0,9.166666666666666
https://nad-lan.co.il/projects/%D7%A9%D7%93%D7%A8%D7%95%D7%AA-%D7%92%D7%AA/,0,4,0,6
https://nad-lan.co.il/projects/%D7%A9%D7%93%D7%A8%D7%95%D7%AA-%D7%94%D7%A8%D7%A6%D7%9C-97/,0,18,0,11.777777777777779
https://nad-lan.co.il/projects/%D7%A9%D7%93%D7%A8%D7%95%D7%AA-%D7%94%D7%AA%D7%9E%D7%A8%D7%99%D7%9D-%D7%A1%D7%99%D7%A0%D7%92-%D7%A1%D7%99%D7%A0%D7%92/,0,17,0,7.529411764705882
https://nad-lan.co.il/projects/%D7%A9%D7%93%D7%A8%D7%95%D7%AA-%D7%99%D7%A8%D7%95%D7%A9%D7%9C%D7%99%D7%9D-2/,0,1,0,2
https://nad-lan.co.il/projects/%D7%A9%D7%93%D7%A8%D7%95%D7%AA-%D7%99%D7%A8%D7%95%D7%A9%D7%9C%D7%99%D7%9D/,0,6,0,32.33333333333333
https://nad-lan.co.il/projects/%D7%A9%D7%93-%D7%91%D7%9F-%D7%A6%D7%91%D7%99-%D7%99%D7%97%D7%99%D7%A2%D7%9D-%D7%94%D7%AA%D7%97%D7%93%D7%A9%D7%95%D7%AA-%D7%A2%D7%99%D7%A8%D7%95%D7%A0%D7%99%D7%AA/,0,15,0,7
https://nad-lan.co.il/projects/%D7%A9%D7%95%D7%A7-%D7%90%D7%A9%D7%9B%D7%A0%D7%96%D7%99/,0,4,0,5
https://nad-lan.co.il/projects/%D7%A9%D7%95%D7%A7-%D7%92%D7%95%D7%9C%D7%93%D7%9E%D7%9F/,0,1,0,7
https://nad-lan.co.il/projects/%D7%A9%D7%96%D7%A8/,0,10,0,23.3
https://nad-lan.co.il/projects/%D7%A9%D7%98%D7%A8%D7%9F-%D7%95%D7%91%D7%95%D7%9C%D7%99%D7%91%D7%99%D7%94/,0,1,0,75
https://nad-lan.co.il/projects/%D7%A9%D7%98%D7%A8%D7%9F-2/,0,4,0,22.5
https://nad-lan.co.il/projects/%D7%A9%D7%98%D7%A8%D7%9F-293133/,0,2,0,7.5
https://nad-lan.co.il/projects/%D7%A9%D7%98%D7%A8%D7%9F-34-42/,0,3,0,6.333333333333333
https://nad-lan.co.il/projects/%D7%A9%D7%98%D7%A8%D7%9F-373941/,0,23,0,9.869565217391305
https://nad-lan.co.il/projects/%D7%A9%D7%98%D7%A8%D7%9F/,0,1,0,22
https://nad-lan.co.il/projects/%D7%A9%D7%99%D7%9B%D7%95%D7%9F-%D7%93%D7%A8%D7%95%D7%9D/,0,7,0,6
https://nad-lan.co.il/projects/%D7%A9%D7%99%D7%A0%D7%93%D7%9C%D7%A8/,0,3,0,5.666666666666667
https://nad-lan.co.il/projects/%D7%A9%D7%99-%D7%A2%D7%92%D7%A0%D7%95%D7%9F-%D7%94%D7%94%D7%A1%D7%AA%D7%93%D7%A8%D7%95%D7%AA/,0,8,0,5.125
https://nad-lan.co.il/projects/%D7%A9%D7%99-%D7%A2%D7%92%D7%A0%D7%95%D7%9F/,0,25,0,14.24
https://nad-lan.co.il/projects/%D7%A9%D7%9B%D7%95%D7%A0%D7%94-%D7%92/,0,3,0,9
https://nad-lan.co.il/projects/%D7%A9%D7%9B%D7%95%D7%A0%D7%AA-%D7%A2%D7%A7%D7%99%D7%91%D7%90/,0,6,0,4.166666666666666
https://nad-lan.co.il/projects/%D7%A9%D7%9C%D7%95%D7%9D-%D7%99%D7%94%D7%95%D7%93%D7%94-%D7%93%D7%A8%D7%9A-%D7%97%D7%91%D7%A8%D7%95%D7%9F/,0,4,0,6.75
https://nad-lan.co.il/projects/%D7%A9%D7%9C%D7%95%D7%9D-%D7%99%D7%94%D7%95%D7%93%D7%94-26/,0,2,0,6.5
https://nad-lan.co.il/projects/%D7%A9%D7%9C%D7%95%D7%9D-%D7%99%D7%94%D7%95%D7%93%D7%94/,0,5,0,5
https://nad-lan.co.il/projects/%D7%A9%D7%9C%D7%95/,0,4,0,21.5
https://nad-lan.co.il/projects/%D7%A9%D7%9C%D7%9D-%D7%91/,0,22,0,62.04545454545455
https://nad-lan.co.il/projects/%D7%A9%D7%9C%D7%9D-16-18/,0,1,0,3
https://nad-lan.co.il/projects/%D7%A9%D7%9C%D7%9E%D7%94-%D7%94%D7%9E%D7%9C%D7%9A-%D7%A6%D7%A4%D7%95%D7%9F/,0,11,0,56.72727272727273
https://nad-lan.co.il/projects/%D7%A9%D7%9C%D7%9E%D7%94-%D7%94%D7%9E%D7%9C%D7%9A/,0,1,0,5
https://nad-lan.co.il/projects/%D7%A9%D7%9E%D7%95%D7%90%D7%9C-%D7%94%D7%A0%D7%91%D7%99%D7%90-%D7%A2%D7%A5-%D7%94%D7%93%D7%A8/,0,13,0,8.76923076923077
https://nad-lan.co.il/projects/%D7%A9%D7%9E%D7%95%D7%90%D7%9C-%D7%94%D7%A0%D7%91%D7%99%D7%90-%D7%A4%D7%99%D7%AA%D7%95%D7%97%D7%99-%D7%97%D7%95%D7%AA%D7%9D/,0,5,0,6
https://nad-lan.co.il/projects/%D7%A9%D7%9E%D7%A2%D7%95%D7%A0%D7%99-%D7%94%D7%AA%D7%A7%D7%95%D7%A4%D7%94/,0,9,0,9
https://nad-lan.co.il/projects/%D7%A9%D7%9E%D7%A2%D7%95%D7%A0%D7%99-29-27-%D7%AA%D7%9C-%D7%90%D7%91%D7%99%D7%91/,0,5,0,9
https://nad-lan.co.il/projects/%D7%A9%D7%9E%D7%A2%D7%95%D7%A0%D7%99-30-32/,0,5,0,8.6
https://nad-lan.co.il/projects/%D7%A9%D7%A0%D7%99%D7%90%D7%95%D7%A8-%D7%A9%D7%9C%D7%95%D7%A0%D7%A1%D7%A7%D7%99/,0,1,0,6
https://nad-lan.co.il/projects/%D7%A9%D7%A0%D7%A7%D7%A8-10-14/,0,3,0,10.666666666666666
https://nad-lan.co.il/projects/%D7%A9%D7%A0%D7%A7%D7%A8-55/,0,1,0,9
https://nad-lan.co.il/projects/%D7%A9%D7%A2%D7%A8-%D7%94%D7%A2%D7%99%D7%A8-%D7%91%D7%9F-%D7%92%D7%95%D7%A8%D7%99%D7%95%D7%9F/,0,4,0,12
https://nad-lan.co.il/projects/%D7%A9%D7%A2%D7%A8-%D7%99%D7%95%D7%A1%D7%A4%D7%98%D7%9C/,0,6,0,9.166666666666666
https://nad-lan.co.il/projects/%D7%A9%D7%A2%D7%A8-%D7%A6%D7%A4%D7%95%D7%9F-%D7%94%D7%A2%D7%99%D7%A8/,0,3,0,30.666666666666668
https://nad-lan.co.il/projects/%D7%A9%D7%A4%D7%99%D7%A0%D7%95%D7%96%D7%94/,0,2,0,7
https://nad-lan.co.il/projects/%D7%A9%D7%A4%D7%99%D7%A8%D7%90-2/,0,3,0,8.333333333333332
https://nad-lan.co.il/projects/%D7%A9%D7%A4%D7%99%D7%A8%D7%90-3/,0,13,0,28.923076923076923
https://nad-lan.co.il/projects/%D7%A9%D7%A4%D7%99%D7%A8%D7%90/,0,10,0,26.1
https://nad-lan.co.il/projects/%D7%A9%D7%A4%D7%A8%D7%91%D7%A8/,0,2,0,6
https://nad-lan.co.il/projects/%D7%A9%D7%A9%D7%AA-%D7%94%D7%99%D7%9E%D7%99%D7%9D-2/,0,5,0,6.8
https://nad-lan.co.il/projects/%D7%A9%D7%A9%D7%AA-%D7%94%D7%99%D7%9E%D7%99%D7%9D/,0,2,0,8.5
https://nad-lan.co.il/projects/%D7%AA%D7%95%D7%A8-%D7%94%D7%96%D7%94%D7%91-2-6/,0,9,0,7.111111111111111
https://nad-lan.co.il/projects/%D7%AA%D7%99%D7%A8%D7%95%D7%A9/,0,15,0,16.4
https://nad-lan.co.il/projects/%D7%AA%D7%A7%D7%95%D7%9E%D7%94/,0,7,0,8.428571428571429
https://nad-lan.co.il/projects/%D7%AA%D7%A7%D7%95%D7%A2/,0,3,0,5
https://nad-lan.co.il/projects/%D7%AA%D7%A8%D7%A9%D7%99%D7%A9/,0,2,0,4.5
https://nad-lan.co.il/projects/12-%D7%A7%D7%93%D7%A9-%D7%99%D7%A8%D7%95%D7%A9%D7%9C%D7%99%D7%9D-%D7%94%D7%A9%D7%9C%D7%9E%D7%94/,0,4,0,7.75
https://nad-lan.co.il/projects/19-%D7%9C%D7%95%D7%A1-%D7%90%D7%A0%D7%92%D7%9C%D7%A1-%D7%90%D7%99%D7%9C%D7%95%D7%AA/,0,5,0,3
https://nad-lan.co.il/projects/22-%D7%A6%D7%99%D7%9F-%D7%A4%D7%90%D7%A8%D7%9F/,0,15,0,6.2
https://nad-lan.co.il/projects/23-%D7%A1%D7%9E%D7%98%D7%AA-%D7%94%D7%9E%D7%A2%D7%A8%D7%95%D7%AA/,0,8,0,5.875
https://nad-lan.co.il/projects/?city=%D7%91%D7%AA%20%D7%99%D7%9D,0,353,0,60.096317280453256
https://nad-lan.co.il/projects/?city=%D7%94%D7%A8%D7%A6%D7%9C%D7%99%D7%94,0,46,0,58.28260869565217
https://nad-lan.co.il/projects/?city=%D7%97%D7%95%D7%9C%D7%95%D7%9F,0,16,0,46.375
https://nad-lan.co.il/projects/?city=%D7%99%D7%A8%D7%95%D7%A9%D7%9C%D7%99%D7%9D,0,12,0,33.583333333333336
https://nad-lan.co.il/projects/?city=%D7%A0%D7%AA%D7%A0%D7%99%D7%94,0,387,0,59.3875968992248
https://nad-lan.co.il/projects/?city=%D7%A4%D7%AA%D7%97%20%D7%AA%D7%A7%D7%95%D7%94,0,101,0,50.633663366336634
https://nad-lan.co.il/projects/?city=%D7%AA%D7%9C%20%D7%90%D7%91%D7%99%D7%91-%D7%99%D7%A4%D7%95,0,1028,0,41.9192607003891
https://nad-lan.co.il/projects/?project_type=pinui_binui,0,5,0,69
https://nad-lan.co.il/projects/?project_type=tama38,0,64,0,52.875
https://nad-lan.co.il/projects/akirov-towers/,0,90,0,7.166666666666667
https://nad-lan.co.il/projects/ashira-sde-dov-ar/,0,13,0,5.153846153846154
https://nad-lan.co.il/projects/ashira-sde-dov-fr/,0,8,0,9
https://nad-lan.co.il/projects/ashira-sde-dov-ru/,0,28,0,24.285714285714285
https://nad-lan.co.il/projects/aurelia/,0,21,0,5.190476190476191
https://nad-lan.co.il/projects/dimri-yama-sde-dov-ar/,0,12,0,8.083333333333332
https://nad-lan.co.il/projects/dimri-yama-sde-dov-fr/,0,19,0,8
https://nad-lan.co.il/projects/dimri-yama-sde-dov-ru/,0,12,0,7.5
https://nad-lan.co.il/projects/duo-tel-aviv-fr/,0,18,0,7.888888888888889
https://nad-lan.co.il/projects/duo-tel-aviv-ru/,0,17,0,7.588235294117647
https://nad-lan.co.il/projects/gindi-vogue-sde-dov-ar/,0,4,0,6.75
https://nad-lan.co.il/projects/hamedina/,0,23,0,12.565217391304348
https://nad-lan.co.il/projects/meier-on-rothschild-ar/,0,21,0,18.80952380952381
https://nad-lan.co.il/projects/meier-on-rothschild-en/,0,103,0,7.776699029126213
https://nad-lan.co.il/projects/meier-on-rothschild-fr/,0,9,0,6.111111111111111
https://nad-lan.co.il/projects/migdalei-hayam-sde-dov/,0,184,0,8.03804347826087
https://nad-lan.co.il/projects/page/2/,0,2,0,37
https://nad-lan.co.il/projects/page/9/,0,1,0,2
https://nad-lan.co.il/projects/park-bavli-ar/,0,4,0,7.25
https://nad-lan.co.il/projects/park-bavli-fr/,0,8,0,4.125
https://nad-lan.co.il/projects/park-bavli-ru/,0,6,0,5.166666666666667
https://nad-lan.co.il/projects/rainbow-tel-aviv-ar/,0,6,0,5.166666666666667
https://nad-lan.co.il/projects/rainbow-tel-aviv-ru/,0,11,0,9.454545454545455
https://nad-lan.co.il/projects/recanati-residence-fr/,0,7,0,12.571428571428571
https://nad-lan.co.il/projects/recanati-residence-ru/,0,8,0,7.25
https://nad-lan.co.il/projects/shikun-binui-sde-dov-ar/,0,3,0,2
https://nad-lan.co.il/projects/shikun-binui-sde-dov-en/,0,30,0,5.433333333333334
https://nad-lan.co.il/projects/shikun-binui-sde-dov-fr/,0,2,0,3
https://nad-lan.co.il/projects/shikun-binui-sde-dov-ru/,0,6,0,7.333333333333333
https://nad-lan.co.il/projects/the-park-bnei-brak-en/,0,54,0,5.944444444444445
https://nad-lan.co.il/projects/the-park-bnei-brak-fr/,0,5,0,5.8
https://nad-lan.co.il/projects/the-park-bnei-brak-ru/,0,8,0,4.5
https://nad-lan.co.il/projects/toha2-tel-aviv-ar/,0,6,0,7.666666666666667
https://nad-lan.co.il/projects/toha2-tel-aviv-fr/,0,3,0,2.666666666666667
https://nad-lan.co.il/projects/toha2-tel-aviv-ru/,0,5,0,7.6
https://nad-lan.co.il/projects/utopia-sde-dov-ar/,0,10,0,5
https://nad-lan.co.il/projects/utopia-sde-dov-ru/,0,10,0,4.6
https://nad-lan.co.il/projects/utopia-sde-dov/,0,34,0,4.088235294117647
https://nad-lan.co.il/projects/yoo-tel-aviv-ar/,0,1,0,91
https://nad-lan.co.il/projects/yoo-tel-aviv-ru/,0,21,0,3.7142857142857144
https://nad-lan.co.il/projects/yoo-tel-aviv/,0,269,0,11.576208178438662
https://nad-lan.co.il/projects/zohi-sde-dov-ar/,0,5,0,6
https://nad-lan.co.il/projects/zohi-sde-dov-en/,0,60,0,5.783333333333333
https://nad-lan.co.il/projects/zohi-sde-dov-fr/,0,8,0,4.375
https://nad-lan.co.il/projects/zohi-sde-dov-ru/,0,12,0,7.5
https://nad-lan.co.il/projects/zohi-sde-dov/,0,135,0,5.851851851851852
https://nad-lan.co.il/properties/,0,903,0,46.26024363233665
https://nad-lan.co.il/property-management/,0,98,0,62.62244897959184
https://nad-lan.co.il/property-value/,0,43,0,37.348837209302324
https://nad-lan.co.il/property-value/building-rights-check/,0,444,0,51.578828828828826
https://nad-lan.co.il/property-value/luxury-apartments-tel-aviv/,0,156,0,41.205128205128204
https://nad-lan.co.il/purchase-tax-calculator/,0,1085,0,58.28202764976959
https://nad-lan.co.il/raanana-apartment-prices/,0,36,0,7.361111111111111
https://nad-lan.co.il/ramat-aviv/,0,48,0,7.625
https://nad-lan.co.il/ramat-aviv/ramat-aviv-mall/,0,7,0,9.428571428571429
https://nad-lan.co.il/real-estate-appraiser/,0,16,0,14.8125
https://nad-lan.co.il/real-estate-broker/,0,18,0,61.77777777777778
https://nad-lan.co.il/real-estate-lawyer/apartment-memorandum/,0,19,0,9.31578947368421
https://nad-lan.co.il/real-estate-lawyer/apartment-sale-contract/,0,5,0,73.8
https://nad-lan.co.il/real-estate-lawyer/breach-apartment-sale-contract/,0,53,0,5.471698113207547
https://nad-lan.co.il/real-estate-lawyer/building-permit-citizen-guide/,0,85,0,12.258823529411766
https://nad-lan.co.il/real-estate-lawyer/combination-deal/,0,143,0,22.81118881118881
https://nad-lan.co.il/real-estate-lawyer/construction-defects-lawsuit/,0,33,0,64.84848484848484
https://nad-lan.co.il/real-estate-lawyer/land-purchase-checklist/,0,48,0,12.229166666666666
https://nad-lan.co.il/real-estate-lawyer/option-period-real-estate/,0,35,0,12.314285714285715
https://nad-lan.co.il/real-estate-lawyer/partition-real-estate/,0,223,0,75.61434977578476
https://nad-lan.co.il/real-estate-lawyer/power-of-attorney-real-estate/,0,4,0,12.75
https://nad-lan.co.il/real-estate-lawyer/sale-of-apartments-law/,0,8,0,10.5
https://nad-lan.co.il/real-estate-professionals-guide/,0,3,0,20.333333333333332
https://nad-lan.co.il/real-estate-tax-advisor/,0,4,0,5
https://nad-lan.co.il/real-estate-tax-advisor/betterment-levy-appeal/,0,34,0,61.294117647058826
https://nad-lan.co.il/real-estate-tax-advisor/betterment-levy/,0,1,0,11
https://nad-lan.co.il/real-estate-tax-advisor/capital-gains-tax-exemption/,0,35,0,14.371428571428572
https://nad-lan.co.il/real-estate-tax-advisor/capital-gains-tax-guide/,0,1,0,9
https://nad-lan.co.il/real-estate-tax-advisor/gift-transfer-apartment/,0,110,0,56.5
https://nad-lan.co.il/real-estate-tax-advisor/purchase-tax-first-home/,0,24,0,38.208333333333336
https://nad-lan.co.il/rehovot-apartment-prices/,0,58,0,5.793103448275862
https://nad-lan.co.il/renovation-contractor/,0,11,0,6.818181818181818
https://nad-lan.co.il/residential-lease-agreement/,0,2,0,57.5
https://nad-lan.co.il/rishon-lezion-apartment-prices/,0,97,0,6.463917525773196
https://nad-lan.co.il/rishpon-house-prices/,0,38,0,8.763157894736842
https://nad-lan.co.il/ru/guides/,0,5,0,85.6
https://nad-lan.co.il/ru/guides/common-property-handover/,0,4,0,4.75
https://nad-lan.co.il/ru/guides/new-apartment-acoustics/,0,14,0,5.428571428571429
https://nad-lan.co.il/ru/guides/new-apartment-balcony/,0,21,0,8.380952380952381
https://nad-lan.co.il/ru/guides/new-apartment-mamad/,0,1,0,6
https://nad-lan.co.il/ru/guides/new-apartment-sale-specification/,0,24,0,7.291666666666667
https://nad-lan.co.il/ru/guides/new-project-ev-charging/,0,30,0,7.9
https://nad-lan.co.il/ru/guides/new-project-management-fees/,0,6,0,6.666666666666667
https://nad-lan.co.il/ru/guides/new-project-parking/,0,4,0,6.75
https://nad-lan.co.il/ru/guides/remote-new-apartment-handover-israel/,0,4,0,6
https://nad-lan.co.il/ru/guides/residential-project-pool/,0,5,0,7.2
https://nad-lan.co.il/ru/guides/residential-project-wellness/,0,3,0,5.666666666666667
https://nad-lan.co.il/ru/guides/residential-tower-elevators/,0,26,0,7.538461538461538
https://nad-lan.co.il/ru/guides/tower-resilience-systems/,0,1,0,6
https://nad-lan.co.il/sde-dov-luxury-projects-2026/,0,72,0,45.19444444444444
https://nad-lan.co.il/sde-dov/employment/,0,32,0,6.71875
https://nad-lan.co.il/sde-dov/institutions/,0,10,0,5.8
https://nad-lan.co.il/sde-dov/parks/,0,145,0,8
https://nad-lan.co.il/sde-dov/transport/,0,39,0,6.82051282051282
https://nad-lan.co.il/sde-dov/tzafon/,0,32,0,16.34375
https://nad-lan.co.il/sdeDov/,0,1,0,1
https://nad-lan.co.il/sell-by-auction/,0,1,0,11
https://nad-lan.co.il/selling-apartment/,0,987,0,43.02532928064843
https://nad-lan.co.il/selling-apartment/pricing-apartment-for-sale/,0,12,0,6.333333333333333
https://nad-lan.co.il/selling-apartment/real-estate-auction-sale/,0,21,0,5.095238095238095
https://nad-lan.co.il/selling-apartment/reduced-capital-gains-sale/,0,5,0,19.4
https://nad-lan.co.il/selling-apartment/selling-without-broker/,0,21,0,14.047619047619047
https://nad-lan.co.il/shop/,0,1,0,8
https://nad-lan.co.il/short-term-rentals-abroad/short-term-rentals-cyprus/,0,8,0,5.75
https://nad-lan.co.il/short-term-rentals-abroad/short-term-rentals-dubai/,0,37,0,7.351351351351352
https://nad-lan.co.il/short-term-rentals-abroad/short-term-rentals-greece/,0,22,0,5.590909090909091
https://nad-lan.co.il/short-term-rentals-abroad/short-term-rentals-italy/,0,14,0,5.785714285714286
https://nad-lan.co.il/short-term-rentals-abroad/short-term-rentals-portugal/,0,8,0,7.125
https://nad-lan.co.il/short-term-rentals-abroad/short-term-rentals-spain/,0,3,0,6
https://nad-lan.co.il/short-term-rentals-abroad/short-term-rentals-thailand/,0,15,0,5.2
https://nad-lan.co.il/short-term-rentals-dubai/,0,5,0,11.8
https://nad-lan.co.il/short-term-rentals-portugal/,0,3,0,6.666666666666667
https://nad-lan.co.il/site-map/,0,341,0,75.88269794721407
https://nad-lan.co.il/sitemap/,0,70,0,6.728571428571429
https://nad-lan.co.il/studio/,0,1,0,3
https://nad-lan.co.il/tabu-extract-check/,0,1113,0,40.23180592991914
https://nad-lan.co.il/tama-38-expiry-may-2026-what-next/,0,18,0,16.833333333333336
https://nad-lan.co.il/tel-aviv-apartment-prices/,0,110,0,10.263636363636364
https://nad-lan.co.il/tel-aviv-luxury-apartment-prices/,0,24,0,7.166666666666667
https://nad-lan.co.il/tel-aviv-penthouse-prices/,0,69,0,7.173913043478261
https://nad-lan.co.il/tel-aviv-plans/central-station/,0,23,0,18.47826086956522
https://nad-lan.co.il/tel-aviv-plans/florentin/,0,35,0,6.714285714285714
https://nad-lan.co.il/tel-aviv-plans/how-planning-works/,0,11,0,10
https://nad-lan.co.il/tel-aviv-plans/infrastructure-2026/,0,6,0,5.333333333333333
https://nad-lan.co.il/tel-aviv-plans/neot-afeka-b/,0,35,0,7.057142857142857
https://nad-lan.co.il/tel-aviv-plans/neve-avivim-plan/,0,8,0,10.375
https://nad-lan.co.il/tel-aviv-plans/public-buildings/,0,5,0,58.2
https://nad-lan.co.il/tel-aviv-plans/ramat-hatayasim/,0,7,0,7.142857142857143
https://nad-lan.co.il/tel-aviv-plans/southeast-renewal/,0,16,0,10.75
https://nad-lan.co.il/tel-aviv-plans/yad-eliyahu/,0,18,0,25.055555555555557
https://nad-lan.co.il/tel-aviv-seafront-apartment-prices/,0,46,0,7.021739130434782
https://nad-lan.co.il/urban-renewal/,0,47,0,32.48936170212766
https://nad-lan.co.il/urban-renewal/choosing-urban-renewal-developer/,0,3,0,8
https://nad-lan.co.il/urban-renewal/pinui-binui-tel-aviv/,0,229,0,35.03056768558952
https://nad-lan.co.il/urban-renewal/pinui-binui-tenant-guide/,0,3,0,7.333333333333333
https://nad-lan.co.il/urban-renewal/pinui-binui/,0,266,0,74.296992481203
https://nad-lan.co.il/urban-renewal/tama-38-alternatives/,0,54,0,24.814814814814813
https://nad-lan.co.il/urban-renewal/tama-38-contract-checklist/,0,4,0,6.75
https://nad-lan.co.il/urban-renewal/tama-38-rights-obligations/,0,22,0,16.136363636363637
https://nad-lan.co.il/urban-renewal/tama-38/,0,127,0,35.58267716535433
https://nad-lan.co.il/wp-content/uploads/2026/08/ecocity-tour.html,0,1,0,2
https://nad-lan.co.il/wp-content/uploads/2026/08/ecocity-tour.html?lang=en,0,2,0,30
