query,page,clicks,impressions,ctr,position
nadlan,https://nad-lan.co.il/ru/,3,43,0.06976744186046512,7.023255813953488
מאיר ביטון קבלן,https://nad-lan.co.il/professionals/%D7%91%D7%99%D7%98%D7%95%D7%9F-%D7%9E%D7%90%D7%99%D7%A8/,2,17,0.11764705882352941,6.0588235294117645
שדה דב מחירים,https://nad-lan.co.il/sde-dov/prices/,2,4,0.5,8
duo,https://nad-lan.co.il/projects/duo-tel-aviv/,1,13,0.07692307692307693,22.615384615384617
nadlan gov il,https://nad-lan.co.il/en/,1,1,1,31
nadlan israel,https://nad-lan.co.il/en/,1,21,0.047619047619047616,2.8095238095238093
אשדר חברה לבניה,https://nad-lan.co.il/professionals/ashdar/,1,1,1,3
אשירה שדה דב מחיר,https://nad-lan.co.il/projects/ashira-sde-dov/,1,8,0.125,8.25
הערכת שווי דירה,https://nad-lan.co.il/property-value-estimator/,1,136,0.007352941176470588,20.720588235294116
הערכת שווי נכס,https://nad-lan.co.il/property-value-estimator/,1,105,0.009523809523809525,21.066666666666666
חישוב ערך דירה למכירה,https://nad-lan.co.il/property-value-estimator/,1,1,1,13
יצחק עופר נדלן,https://nad-lan.co.il/professionals/%D7%93%D7%93%D7%A9-%D7%99%D7%A6%D7%97%D7%A7-%D7%A2%D7%95%D7%A4%D7%A8/,1,1,1,38
כמה שווה הנכס שלי,https://nad-lan.co.il/property-value-estimator/,1,1,1,13
לוח פח מגולוון בעובי 0.6 מ מ,https://nad-lan.co.il/glossary/%D7%A4%D7%A8%D7%95%D7%A4%D7%99%D7%9C-%D7%A4%D7%97-%D7%9E%D7%92%D7%95%D7%9C%D7%95%D7%95%D7%9F/,1,24,0.041666666666666664,9.541666666666666
למה מיועד,https://nad-lan.co.il/glossary/%D7%A4%D7%A8%D7%95%D7%A4%D7%99%D7%9C-%D7%A4%D7%97-%D7%9E%D7%92%D7%95%D7%9C%D7%95%D7%95%D7%9F/,1,1,1,3
מאיר דוגה,https://nad-lan.co.il/professionals/%D7%93%D7%95%D7%92%D7%94-%D7%9E%D7%90%D7%99%D7%A8/,1,7,0.14285714285714285,8.714285714285715
מחירון דירה,https://nad-lan.co.il/property-value-estimator/,1,3,0.3333333333333333,13.666666666666666
מחירון דקל בניה,https://nad-lan.co.il/glossary/%D7%9E%D7%97%D7%99%D7%A8%D7%95%D7%9F-%D7%93%D7%A7%D7%9C-%D7%9C%D7%91%D7%A0%D7%99%D7%99%D7%94-%D7%95%D7%AA%D7%A9%D7%AA%D7%99%D7%95%D7%AA/,1,29,0.034482758620689655,10.96551724137931
מפת התחדשות עירונית,https://nad-lan.co.il/urban-renewal/map/,1,147,0.006802721088435374,11.08843537414966
עוד מידע,https://nad-lan.co.il/professionals/%D7%97%D7%9E%D7%9E%D7%99-%D7%A8%D7%95%D7%A0%D7%99/,1,1,1,3
פינוי בינוי מפה,https://nad-lan.co.il/urban-renewal/map/,1,10,0.1,6.5
פרויקט duo תל אביב מחירים,https://nad-lan.co.il/projects/duo-tel-aviv/,1,26,0.038461538461538464,7.884615384615385
פרויקט דואו תל אביב,https://nad-lan.co.il/projects/duo-tel-aviv/,1,3,0.3333333333333333,6
פרופיל פח,https://nad-lan.co.il/glossary/%D7%A4%D7%A8%D7%95%D7%A4%D7%99%D7%9C-%D7%A4%D7%97-%D7%9E%D7%92%D7%95%D7%9C%D7%95%D7%95%D7%9F/,1,11,0.09090909090909091,7.090909090909091
פרצלציה שכונת התקווה,https://nad-lan.co.il/tel-aviv-plans/hatikva-reparcelation/,1,6,0.16666666666666666,6.333333333333333
ריינבו שדה דב,https://nad-lan.co.il/projects/rainbow-tel-aviv/,1,20,0.05,9.8
רישיון קבלן,https://nad-lan.co.il/professionals/%D7%A1%D7%9C%D7%99%D7%9D-%D7%A7%D7%99%D7%99%D7%A1/,1,1,1,5
"ת""י 466",https://nad-lan.co.il/glossary/%D7%AA%D7%99-466/,1,50,0.02,8.24
"""21.8.4"" ""ת""י 466""",https://nad-lan.co.il/glossary/%D7%AA%D7%99-466/,0,1,0,5
"""21.8.4.2"" ""466"" בטון",https://nad-lan.co.il/glossary/%D7%AA%D7%99-466/,0,1,0,5
"""אישור עקרוני למשכנתא""",https://nad-lan.co.il/mortgage-calculator/mortgage-pre-approval/,0,1,0,10
"""בדיקת משכנתא""",https://nad-lan.co.il/investment-property-mortgage/,0,6,0,28.166666666666668
"""בדיקת משכנתא""",https://nad-lan.co.il/mortgage-calculator/,0,31,0,17.193548387096776
"""החזר משכנתא""",https://nad-lan.co.il/mortgage-calculator/,0,2,0,21.5
"""משכנתא הפוכה ריבית""",https://nad-lan.co.il/mortgage-calculator/mortgage-for-any-purpose/,0,2,0,11
"""משכנתא לדירה להשקעה""",https://nad-lan.co.il/investment-property-mortgage/,0,13,0,14.538461538461538
.,https://nad-lan.co.il/sde-dov/,0,1,0,5
1 bhk flat,https://nad-lan.co.il/properties/,0,2,0,74
100 ימים של נדלן,https://nad-lan.co.il/investment/,0,2,0,34
1600000,https://nad-lan.co.il/apartment-purchase-cost-calculator/,0,1,0,4
200 אלף שקל,https://nad-lan.co.il/investment/,0,1,0,49
3 חדרים,https://nad-lan.co.il/ramat-gan-apartment-prices/,0,1,0,4
38*42,https://nad-lan.co.il/projects/%D7%90%D7%A0%D7%A6%D7%95-%D7%A1%D7%99%D7%A8%D7%A0%D7%99-38-42/,0,1,0,7
4,https://nad-lan.co.il/holon-apartment-prices/,0,1,0,3
4 חדרים,https://nad-lan.co.il/netanya-apartment-prices/,0,1,0,10
4 חדרים,https://nad-lan.co.il/sde-dov/prices/,0,1,0,6
400 אלף,https://nad-lan.co.il/mortgage-calculator/,0,2,0,59
477 madison,https://nad-lan.co.il/,0,1,0,68
5 חדרים,https://nad-lan.co.il/projects/first-sde-dov/,0,1,0,12
5 חדרים,https://nad-lan.co.il/projects/rainbow-tel-aviv/,0,1,0,13
500 מטר,https://nad-lan.co.il/herzliya-apartment-prices/,0,1,0,7
600 אלף,https://nad-lan.co.il/3-room-apartment-690k-israel-2026/,0,1,0,4
870000,https://nad-lan.co.il/mortgage-calculator/,0,1,0,39
[איך מחשבים משכנתא],https://nad-lan.co.il/mortgage-calculator/,0,1,0,60
[החזר חודשי משכנתא],https://nad-lan.co.il/mortgage-calculator/,0,2,0,41
[החזר משכנתא מחשבון],https://nad-lan.co.il/mortgage-calculator/,0,5,0,17.2
[החזר משכנתא],https://nad-lan.co.il/mortgage-calculator/,0,3,0,43.666666666666664
[חישוב החזר חודשי משכנתא],https://nad-lan.co.il/mortgage-calculator/,0,3,0,23
[חישוב החזר משכנתא],https://nad-lan.co.il/mortgage-calculator/,0,3,0,33
[חישוב משכנתא מחשבון],https://nad-lan.co.il/mortgage-calculator/,0,5,0,24
[חישוב משכנתא],https://nad-lan.co.il/mortgage-calculator/,0,3,0,35.333333333333336
[חישוב ריבית משכנתא],https://nad-lan.co.il/mortgage-calculator/,0,3,0,11.666666666666666
[מחיר משכנתא],https://nad-lan.co.il/mortgage-calculator/,0,5,0,19
[מחשבון לחישוב משכנתא],https://nad-lan.co.il/mortgage-calculator/,0,2,0,39
[מחשבון משכנתא הפוכה כלל],https://nad-lan.co.il/mortgage-calculator/,0,1,0,63
[מחשבון משכנתא מסלולים],https://nad-lan.co.il/mortgage-calculator/,0,6,0,14.666666666666666
[מחשבון משכנתא משרד האוצר],https://nad-lan.co.il/mortgage-calculator/,0,1,0,53
[מחשבון משכנתא פועלים],https://nad-lan.co.il/mortgage-calculator/,0,11,0,5.454545454545454
[מחשבון משכנתא],https://nad-lan.co.il/mortgage-calculator/,0,3,0,36.666666666666664
[מחשבון משכנתה],https://nad-lan.co.il/mortgage-calculator/,0,1,0,47
[משכנתא לדירה להשקעה],https://nad-lan.co.il/investment-property-mortgage/,0,1,0,54
[משכנתה על חשבון הבית],https://nad-lan.co.il/mortgage-calculator/,0,1,0,83
[סימולטור משכנתא],https://nad-lan.co.il/mortgage-calculator/,0,1,0,57
adirim tlv,https://nad-lan.co.il/projects/,0,1,0,69
africa israel residences,http://nad-lan.co.il/professionals/africa-israel-residential/,0,1,0,74
alto living רחובות,https://nad-lan.co.il/projects/,0,1,0,39
anything in english,https://nad-lan.co.il/en/,0,1,0,3
apartments for sale in israel,https://nad-lan.co.il/properties/,0,1,0,70
apartments for sale israel,https://nad-lan.co.il/properties/,0,2,0,71.5
apartments for sale near me,https://nad-lan.co.il/properties/,0,1,0,59
apartments landing,https://nad-lan.co.il/en/,0,1,0,52
ashira,https://nad-lan.co.il/projects/ashira-sde-dov/,0,1,0,10
ashira gobrin,https://nad-lan.co.il/projects/ashira-sde-dov/,0,1,0,45
ashira tel aviv,https://nad-lan.co.il/projects/ashira-sde-dov-en/,0,4,0,7.75
ashira tel aviv,https://nad-lan.co.il/projects/ashira-sde-dov/,0,3,0,8.333333333333332
ashira שדה דב,https://nad-lan.co.il/projects/ashira-sde-dov/,0,4,0,9.25
aura בת ים,https://nad-lan.co.il/projects/aura-pivko-bat-yam/,0,2,0,11
average apartment price tel aviv,https://nad-lan.co.il/tel-aviv-apartment-prices/,0,1,0,55
aya יפו,https://nad-lan.co.il/projects/,0,3,0,71.66666666666667
bentonite clay מה זה,https://nad-lan.co.il/glossary/%D7%9B%D7%9C%D7%95%D7%A0%D7%A1%D7%90%D7%95%D7%AA-%D7%91%D7%A0%D7%98%D7%95%D7%A0%D7%99%D7%99%D7%98/,0,1,0,32
bski duc,https://nad-lan.co.il/buying-apartment/,0,1,0,50
buying apartment in israel from usa / uk / abroad,https://nad-lan.co.il/en/buy-property-in-israel/,0,50,0,56.32
buying property in israel from usa,https://nad-lan.co.il/en/buy-property-in-israel/,0,25,0,54.72
bxj ytcu,https://nad-lan.co.il/tabu-extract-check/,0,1,0,55
cadastral value italy,https://nad-lan.co.il/global/italy/?lang=en,0,1,0,1
can i manage my own rental property,https://nad-lan.co.il/my-rentals/?lang=en,0,1,0,7
captain invest,https://nad-lan.co.il/investment/,0,1,0,58
central park 17,https://nad-lan.co.il/projects/,0,1,0,55
cfa קידוח,https://nad-lan.co.il/glossary/%D7%A7%D7%99%D7%93%D7%95%D7%97-%D7%9B%D7%9C%D7%95%D7%A0%D7%A1%D7%90%D7%95%D7%AA-cfa/,0,1,0,41
comprar apartamento em israel sendo estrangeiro,https://nad-lan.co.il/en/buy-property-in-israel/,0,76,0,64.17105263157895
comprar apartamento en israel siendo extranjero,https://nad-lan.co.il/en/buy-property-in-israel/,0,40,0,65.275
cyprus property investment,https://nad-lan.co.il/global/cyprus/?lang=en,0,2,0,7
d o u,https://nad-lan.co.il/projects/duo-tel-aviv/,0,1,0,13
dcf,https://nad-lan.co.il/glossary/%D7%A0%D7%95%D7%A1%D7%97%D7%AA-dcf/,0,7,0,52.57142857142857
dcf,https://nad-lan.co.il/glossary/dcf/,0,2,0,62
dealcheck,https://nad-lan.co.il/apartment-deal-check/,0,1,0,9
dekel מחירון,https://nad-lan.co.il/glossary/%D7%9E%D7%97%D7%99%D7%A8%D7%95%D7%9F-%D7%93%D7%A7%D7%9C-%D7%9C%D7%91%D7%A0%D7%99%D7%99%D7%94-%D7%95%D7%AA%D7%A9%D7%AA%D7%99%D7%95%D7%AA/,0,14,0,14.142857142857142
digital realty israel,https://nad-lan.co.il/,0,7,0,84
dimri yama,https://nad-lan.co.il/projects/dimri-yama-sde-dov/,0,10,0,8.5
does hoa include property tax nyc,https://nad-lan.co.il/global/miami/?lang=en,0,1,0,3
dou,https://nad-lan.co.il/projects/duo-tel-aviv/,0,2,0,11.5
du,https://nad-lan.co.il/projects/duo-tel-aviv/,0,1,0,3
duo real estate,https://nad-lan.co.il/projects/duo-tel-aviv/,0,1,0,62
duo tel aviv,https://nad-lan.co.il/projects/duo-tel-aviv/,0,65,0,16.784615384615385
duo tel aviv price,https://nad-lan.co.il/projects/duo-tel-aviv/,0,4,0,9.5
duo פרויקט,https://nad-lan.co.il/projects/duo-tel-aviv/,0,60,0,18.966666666666665
duo תל אביב,https://nad-lan.co.il/projects/duo-tel-aviv/,0,61,0,18.18032786885246
east and tlv,https://nad-lan.co.il/,0,1,0,54
east&tlv,https://nad-lan.co.il/,0,1,0,68
east&tlv,https://nad-lan.co.il/projects/,0,1,0,37
eve פארק צפון,https://nad-lan.co.il/projects/,0,1,0,56
financement immobilier israël,https://nad-lan.co.il/investment/,0,3,0,79
first שדה דב,https://nad-lan.co.il/,0,1,0,41
first שדה דב,https://nad-lan.co.il/premium/,0,1,0,69
flats sale near me,https://nad-lan.co.il/properties/,0,1,0,51
frankly פלורנטין,https://nad-lan.co.il/projects/,0,1,0,43
free commercial property valuation calculator,https://nad-lan.co.il/site-map/?lang=en,0,1,0,5
free commercial real estate listing sites,https://nad-lan.co.il/site-map/?lang=en,0,1,0,5
free rent estimate calculator,https://nad-lan.co.il/site-map/?lang=en,0,1,0,7
global service nadlan,https://nad-lan.co.il/,0,8,0,6.625
global service nadlan,https://nad-lan.co.il/en/,0,1,0,6
greek mortgage calculator,https://nad-lan.co.il/site-map/?lang=en,0,1,0,10
h infinity,https://nad-lan.co.il/projects/h-infinity-somail-tel-aviv/,0,5,0,10.2
h infinity מחירים,https://nad-lan.co.il/projects/h-infinity-somail-tel-aviv/,0,1,0,11
hipoteca en israel para extranjeros,https://nad-lan.co.il/israel-mortgage-non-residents/,0,12,0,81.75
homes near me,https://nad-lan.co.il/properties/,0,1,0,83
how is rental income taxed in an llc,https://nad-lan.co.il/global/miami/?lang=en,0,1,0,8
how to buy an apartment in israel,https://nad-lan.co.il/en/buy-property-in-israel/,0,44,0,76.9090909090909
im nadlan,https://nad-lan.co.il/,0,1,0,24
invertir en inmuebles en israel,https://nad-lan.co.il/investment/,0,11,0,86.54545454545455
invertir en inmuebles en israel,https://nad-lan.co.il/site-map/,0,5,0,85.4
invest in cyprus property,https://nad-lan.co.il/global/cyprus/?lang=en,0,2,0,1.5
invest in israel property,https://nad-lan.co.il/investment/,0,2,0,98
invest in israel real estate,https://nad-lan.co.il/investment/,0,1,0,93
investimento immobiliare israele,https://nad-lan.co.il/investment/,0,7,0,68.14285714285714
investimento imobiliário israel,https://nad-lan.co.il/investment/,0,2,0,85
investir em imóveis em israel,https://nad-lan.co.il/investment/,0,33,0,88.33333333333333
investir en israël immobilier,https://nad-lan.co.il/investment/,0,1,0,83
investire in immobili in israele,https://nad-lan.co.il/investment/,0,55,0,60.25454545454546
investment in cyprus property,https://nad-lan.co.il/global/cyprus/?lang=en,0,5,0,3.6
investment property israel,https://nad-lan.co.il/investment/,0,1,0,84
israel investment property for americans,https://nad-lan.co.il/buying-real-estate-israel-foreign-investor/,0,6,0,69.5
israel mortgage calculator,https://nad-lan.co.il/mortgage-calculator/,0,1,0,47
israel mortgage for foreigners,https://nad-lan.co.il/israel-mortgage-non-residents/,0,34,0,76.6470588235294
israel real estate investment,https://nad-lan.co.il/investment/,0,1,0,96
israel real estate uk buyers,https://nad-lan.co.il/buy-property-israel-foreign-buyers/,0,1,0,1
israeli capital in miami real estate,https://nad-lan.co.il/global/miami/?lang=en,0,3,0,23.333333333333332
israeli mortgage calculator,https://nad-lan.co.il/mortgage-calculator/,0,2,0,50
italy property tax calculator,https://nad-lan.co.il/site-map/?lang=en,0,1,0,2
ji anutk,https://nad-lan.co.il/professionals/%D7%97%D7%9F-%D7%A9%D7%9E%D7%95%D7%90%D7%9C/,0,1,0,30
jtlv ירושלים,https://nad-lan.co.il/projects/,0,1,0,88
julie פלורנטין,https://nad-lan.co.il/,0,1,0,75
julie פלורנטין,https://nad-lan.co.il/projects/,0,3,0,44
kikar hamedina towers,https://nad-lan.co.il/projects/hamedina/,0,1,0,40
l plan,https://nad-lan.co.il/glossary/last-planner-system/,0,1,0,67
la vida אשקלון,https://nad-lan.co.il/,0,1,0,91
la vida אשקלון,https://nad-lan.co.il/projects/,0,1,0,71
land development agency,https://nad-lan.co.il/,0,2,0,70.5
lançamentos imobiliários israel,https://nad-lan.co.il/,0,10,0,30.9
lançamentos imobiliários israel,https://nad-lan.co.il/projects/,0,8,0,34.5
living אזורים,https://nad-lan.co.il/site-map/,0,1,0,62
lots in,https://nad-lan.co.il/en/,0,1,0,65
lovely בבלי,https://nad-lan.co.il/,0,1,0,73
lovely בבלי,https://nad-lan.co.il/projects/,0,1,0,36
madlan,https://nad-lan.co.il/,0,1,0,35
madlan,https://nad-lan.co.il/en/,0,65,0,33.07692307692308
madlan,https://nad-lan.co.il/global/?lang=en,0,1,0,42
madlan ramat gan,https://nad-lan.co.il/en/,0,1,0,25
mala פתח תקווה,https://nad-lan.co.il/,0,1,0,85
mala פתח תקווה,https://nad-lan.co.il/projects/,0,1,0,55
mas shevach,https://nad-lan.co.il/investment/,0,1,0,50
mashkanta calculator,https://nad-lan.co.il/mortgage-calculator/,0,3,0,42
mortgage broker,https://nad-lan.co.il/investment/,0,1,0,85
mortgage calculator israel,https://nad-lan.co.il/mortgage-calculator/,0,1,0,50
mortgage in israel,https://nad-lan.co.il/israel-mortgage-non-residents/,0,1,0,92
mortgage pre approval checklist pdf,https://nad-lan.co.il/real-estate-lawyer/apartment-memorandum/,0,1,0,10
nachlaot apartment for sale,https://nad-lan.co.il/properties/,0,1,0,75
nadalan,https://nad-lan.co.il/,0,1,0,8
nadalon,https://nad-lan.co.il/en/,0,1,0,3
nadlan,https://nad-lan.co.il/,0,14,0,28.285714285714285
nadlan,https://nad-lan.co.il/buying-apartment/,0,9,0,79.88888888888889
nadlan,https://nad-lan.co.il/en/,0,16,0,8.625
nadlan,https://nad-lan.co.il/fr/,0,9,0,9.11111111111111
nadlan,https://nad-lan.co.il/global/?lang=en,0,7,0,58
nadlan,https://nad-lan.co.il/site-map/?lang=en,0,3,0,9.666666666666666
nadlan capital group,https://nad-lan.co.il/en/,0,1,0,25
nadlan capital group,https://nad-lan.co.il/global/?lang=en,0,1,0,37
nadlan co il,https://nad-lan.co.il/,0,1,0,38
nadlan co il,https://nad-lan.co.il/%D7%AA%D7%A7%D7%A0%D7%95%D7%9F-%D7%95%D7%AA%D7%A0%D7%90%D7%99-%D7%A9%D7%99%D7%9E%D7%95%D7%A9/,0,1,0,82
nadlan co il,https://nad-lan.co.il/contact/,0,1,0,86
nadlan co il,https://nad-lan.co.il/fr/,0,1,0,1
nadlan co il,https://nad-lan.co.il/global/?lang=en,0,2,0,60.5
nadlan co il,https://nad-lan.co.il/properties/,0,1,0,73
nadlan gov,https://nad-lan.co.il/,0,1,0,44
nadlan gov,https://nad-lan.co.il/apartment-purchase-cost-calculator/,0,1,0,82
nadlan gov,https://nad-lan.co.il/buying-apartment/,0,1,0,78
nadlan gov,https://nad-lan.co.il/purchase-tax-calculator/,0,1,0,69
nadlan israel,https://nad-lan.co.il/,0,3,0,3.6666666666666665
nadlan israel,https://nad-lan.co.il/fr/,0,4,0,5.5
nadlan israel real estate,https://nad-lan.co.il/en/,0,1,0,7
nadlan one,https://nad-lan.co.il/ar/,0,1,0,19
nadlan one,https://nad-lan.co.il/buying-apartment/,0,1,0,64
nadlan one,https://nad-lan.co.il/projects/,0,1,0,40
nadlan one,https://nad-lan.co.il/projects/%D7%90%D7%97%D7%93-%D7%94%D7%A2%D7%9D/,0,1,0,59
nadlan one,https://nad-lan.co.il/projects/%D7%98%D7%94%D7%95%D7%9F-1-2/,0,1,0,54
nadlan real estate,https://nad-lan.co.il/en/,0,1,0,11
nadlan shark,https://nad-lan.co.il/,0,1,0,28
nadlan shark,https://nad-lan.co.il/ar/,0,1,0,71
nadlan tel aviv,https://nad-lan.co.il/en/,0,1,0,3
nadlan usa,https://nad-lan.co.il/,0,2,0,35
nadlan usa,https://nad-lan.co.il/global/?lang=en,0,16,0,22.125
nadlana,https://nad-lan.co.il/,0,1,0,7
nadlangov,https://nad-lan.co.il/,0,2,0,35
nadlangov,https://nad-lan.co.il/buying-apartment/,0,1,0,66
nadlangov,https://nad-lan.co.il/global/?lang=en,0,1,0,78
nadlanir,https://nad-lan.co.il/global/?lang=en,0,1,0,50
nadlanir,https://nad-lan.co.il/ru/,0,1,0,64
nadlanone,https://nad-lan.co.il/,0,1,0,36
nadlanusa,https://nad-lan.co.il/global/?lang=en,0,15,0,37.8
nadlanusa,https://nad-lan.co.il/ru/,0,1,0,100
nadlpan,https://nad-lan.co.il/site-map/?lang=en,0,1,0,9
nafb,https://nad-lan.co.il/mortgage-calculator/,0,1,0,52
naldam,https://nad-lan.co.il/,0,1,0,3
naldam,https://nad-lan.co.il/en/,0,5,0,2
ndskv,https://nad-lan.co.il/en/,0,1,0,69
new apartments israel,https://nad-lan.co.il/projects/,0,18,0,77.94444444444444
new apartments projects jerusalem israel 2026,https://nad-lan.co.il/projects/,0,20,0,58.85
new home prices near me,https://nad-lan.co.il/en/,0,1,0,8
new projects,https://nad-lan.co.il/projects/,0,17,0,65.6470588235294
new projects israel,https://nad-lan.co.il/en/,0,2,0,8
new projects israel,https://nad-lan.co.il/projects/,0,30,0,84.1
new projects tel aviv,https://nad-lan.co.il/projects/,0,1,0,60
newmark natam,https://nad-lan.co.il/,0,4,0,18.75
nhsg bski,https://nad-lan.co.il/,0,1,0,44
nitsba tower,https://nad-lan.co.il/,0,2,0,79
njhrui sek,https://nad-lan.co.il/glossary/%D7%9E%D7%97%D7%99%D7%A8%D7%95%D7%9F-%D7%93%D7%A7%D7%9C-%D7%9C%D7%91%D7%A0%D7%99%D7%99%D7%94-%D7%95%D7%AA%D7%A9%D7%AA%D7%99%D7%95%D7%AA/,0,2,0,15
nola רמת השרון,https://nad-lan.co.il/,0,1,0,91
nola רמת השרון,https://nad-lan.co.il/projects/,0,2,0,59
nrfz vbski,https://nad-lan.co.il/,0,1,0,26
nuove costruzioni israele,https://nad-lan.co.il/ar/,0,1,0,66
nuove costruzioni israele,https://nad-lan.co.il/projects/,0,31,0,48.193548387096776
obra nueva israel,https://nad-lan.co.il/projects/,0,40,0,55.625
off plan properties israel,https://nad-lan.co.il/,0,3,0,82
off plan properties israel,https://nad-lan.co.il/en/,0,1,0,87
off plan properties israel,https://nad-lan.co.il/projects/,0,6,0,85.83333333333333
olam שיכון ובינוי,https://nad-lan.co.il/,0,1,0,72
one nadlan,https://nad-lan.co.il/ar/,0,2,0,40.5
one נדלן,https://nad-lan.co.il/,0,1,0,37
owner photo,https://nad-lan.co.il/professionals/%D7%9E%D7%A1%D7%99%D7%9C%D7%AA%D7%99-%D7%A0%D7%A6%D7%97/,0,1,0,2
presale דירות,https://nad-lan.co.il/,0,1,0,64
programme neuf tel aviv,https://nad-lan.co.il/projects/,0,1,0,59
projet immobilier en cours israël,https://nad-lan.co.il/projects/,0,1,0,54
projet immobilier israël,https://nad-lan.co.il/,0,1,0,90
projet immobilier israël,https://nad-lan.co.il/fr/,0,4,0,28.25
projet immobilier israël,https://nad-lan.co.il/premium/,0,1,0,63
projet immobilier israël,https://nad-lan.co.il/projects/,0,30,0,72.1
projet immobilier tel aviv,https://nad-lan.co.il/,0,1,0,83
projet immobilier tel aviv,https://nad-lan.co.il/projects/,0,1,0,52
property developments israel,https://nad-lan.co.il/projects/,0,3,0,62.333333333333336
property investment cyprus,https://nad-lan.co.il/global/cyprus/?lang=en,0,8,0,5.75
property investment in cyprus,https://nad-lan.co.il/global/cyprus/?lang=en,0,9,0,3.4444444444444446
property tax in greece for foreigners calculator,https://nad-lan.co.il/site-map/?lang=en,0,1,0,4
property valuation israel,https://nad-lan.co.il/investment/,0,1,0,66
rainbow building tel aviv,https://nad-lan.co.il/projects/rainbow-tel-aviv-en/,0,2,0,11.5
rainbow canada israel,https://nad-lan.co.il/projects/rainbow-tel-aviv-en/,0,1,0,8
rainbow tel aviv,https://nad-lan.co.il/projects/rainbow-tel-aviv-en/,0,4,0,11.25
rainbow tel aviv,https://nad-lan.co.il/projects/rainbow-tel-aviv/,0,23,0,17.347826086956523
rainbow ישראל קנדה,https://nad-lan.co.il/projects/rainbow-tel-aviv/,0,1,0,9
rainbow קנדה ישראל,https://nad-lan.co.il/projects/rainbow-tel-aviv/,0,1,0,14
rainbow שדה דב,https://nad-lan.co.il/,0,1,0,55
rainbow שדה דב,https://nad-lan.co.il/projects/rainbow-tel-aviv/,0,9,0,10.777777777777779
rainbow תל אביב,https://nad-lan.co.il/projects/rainbow-tel-aviv/,0,18,0,12.944444444444445
real estate developments in tel aviv,https://nad-lan.co.il/,0,1,0,87
real estate developments in tel aviv,https://nad-lan.co.il/projects/,0,12,0,62.166666666666664
real estate investment calculator,https://nad-lan.co.il/site-map/?lang=en,0,1,0,10
real estate investment in israel,https://nad-lan.co.il/investment/,0,1,0,91
repair and maintenance for rental property,https://nad-lan.co.il/my-rentals/?lang=en,0,1,0,9
rhauh znhi,https://nad-lan.co.il/glossary/%D7%A8%D7%99%D7%A9%D7%95%D7%99-%D7%96%D7%9E%D7%99%D7%9F/,0,2,0,31.5
roe מה זה,https://nad-lan.co.il/glossary/%D7%A0%D7%95%D7%A1%D7%97%D7%AA-%D7%AA%D7%A9%D7%95%D7%90%D7%94-%D7%A2%D7%9C-%D7%94%D7%94%D7%95%D7%9F/,0,1,0,24
rרישוי זמין,https://nad-lan.co.il/glossary/%D7%A8%D7%99%D7%A9%D7%95%D7%99-%D7%96%D7%9E%D7%99%D7%9F/,0,1,0,31
sde dov,https://nad-lan.co.il/projects/ashira-sde-dov-en/,0,1,0,17
sde dov development,https://nad-lan.co.il/projects/ashira-sde-dov-en/,0,1,0,45
sde dov real estate,https://nad-lan.co.il/projects/ashira-sde-dov-en/,0,1,0,22
sde dov real estate,https://nad-lan.co.il/projects/ashira-sde-dov-ru/,0,1,0,86
sde dov real estate,https://nad-lan.co.il/sde-dov/prices/,0,1,0,30
sde dov tel aviv,https://nad-lan.co.il/,0,1,0,45
sde dov tel aviv,https://nad-lan.co.il/projects/ashira-sde-dov-en/,0,1,0,21
sde dov tel aviv,https://nad-lan.co.il/projects/ashira-sde-dov-fr/,0,1,0,28
selected ראשון לציון,https://nad-lan.co.il/projects/,0,2,0,62.5
serenity רמת אפעל,https://nad-lan.co.il/projects/,0,1,0,62
six 8,https://nad-lan.co.il/projects/six-8-herbert-samuel-tel-aviv/,0,14,0,6.571428571428571
six 8 tel aviv,https://nad-lan.co.il/projects/six-8-herbert-samuel-tel-aviv/,0,4,0,8.5
tama 38,https://nad-lan.co.il/glossary/tama-38-term/,0,1,0,64
tel aviv rainbow building,https://nad-lan.co.il/projects/rainbow-tel-aviv-en/,0,1,0,12
tel aviv real estate developments,https://nad-lan.co.il/projects/,0,8,0,69
tel aviv sde dov,https://nad-lan.co.il/projects/ashira-sde-dov-en/,0,1,0,30
tel aviv yafo sde dov,https://nad-lan.co.il/projects/ashira-sde-dov-en/,0,1,0,50
the eastern תל אביב,https://nad-lan.co.il/projects/,0,1,0,45
tivon view,https://nad-lan.co.il/,0,1,0,73
true tel aviv,https://nad-lan.co.il/,0,1,0,49
understanding tama 38 and urban renewal projects,https://nad-lan.co.il/urban-renewal/english-guide/,0,1,0,17
united sarona,https://nad-lan.co.il/,0,2,0,61
up view בן שמן,https://nad-lan.co.il/,0,1,0,49
utopia שדה דב,https://nad-lan.co.il/premium/,0,1,0,85
venn שפירא,https://nad-lan.co.il/site-map/,0,1,0,85
vertical city רמת גן,https://nad-lan.co.il/projects/,0,9,0,62.111111111111114
vida חדרה,https://nad-lan.co.il/,0,1,0,57
vogue שדה דב,https://nad-lan.co.il/sde-dov/,0,1,0,28
где найти эксперта для осмотра автомобиля יד 2 перед сделкой?,https://nad-lan.co.il/projects/ashira-sde-dov-ru/,0,4,0,16.75
дискретные квартиры афула,https://nad-lan.co.il/properties/,0,8,0,77.75
дискретные квартиры рамла,https://nad-lan.co.il/properties/,0,1,0,90
дискретные квартиры рамла,https://nad-lan.co.il/ru/,0,10,0,49.7
дискретные квартиры реховот,https://nad-lan.co.il/properties/,0,1,0,55
инвестиции в недвижимость израиля,https://nad-lan.co.il/investment/,0,2,0,99
купить квартиру в нетании от застройщика,https://nad-lan.co.il/,0,1,0,61
купить квартиру в холоне,https://nad-lan.co.il/properties/,0,2,0,67
купить новостройку в израиле,https://nad-lan.co.il/projects/,0,9,0,65.55555555555556
мигдалей исраэль,https://nad-lan.co.il/ru/,0,1,0,53
надлан,https://nad-lan.co.il/global/?lang=en,0,1,0,73
надлан,https://nad-lan.co.il/projects/%D7%94%D7%AA%D7%97%D7%A0%D7%94/,0,1,0,91
надлан,https://nad-lan.co.il/ru/,0,6,0,6
надлан,https://nad-lan.co.il/site-map/?lang=en,0,1,0,95
недвижимость тель авив купить цены 2025,https://nad-lan.co.il/projects/ashira-sde-dov-ru/,0,7,0,56.857142857142854
новостройки израиль,https://nad-lan.co.il/projects/,0,38,0,69.5
проект да,https://nad-lan.co.il/ru/,0,4,0,27.5
стоимость недвижимости в израиле,https://nad-lan.co.il/ru/property-value-estimator/,0,2,0,52.5
אאורה בת ים,https://nad-lan.co.il/projects/aura-pivko-bat-yam/,0,1,0,20
אאורה פיבקו,https://nad-lan.co.il/projects/aura-pivko-bat-yam/,0,1,0,24
אאורה פיבקו בת ים,https://nad-lan.co.il/projects/aura-pivko-bat-yam/,0,3,0,16.666666666666664
אבא אחימאיר 1,https://nad-lan.co.il/,0,1,0,45
אבו זקיקה,https://nad-lan.co.il/professionals/%D7%90%D7%91%D7%95-%D7%96%D7%A7%D7%99%D7%A7%D7%94-%D7%A2%D7%99%D7%93/,0,3,0,11.333333333333334
אביב בגימל,https://nad-lan.co.il/projects/,0,1,0,39
אביחי שמחי,https://nad-lan.co.il/professionals/%D7%A9%D7%9E%D7%97%D7%99-%D7%90%D7%91%D7%99%D7%97%D7%99/,0,2,0,13
אביסרור אשירה,https://nad-lan.co.il/projects/ashira-sde-dov/,0,3,0,10.333333333333334
אביסרור שדה דב,https://nad-lan.co.il/projects/ashira-sde-dov/,0,2,0,12.5
אביסרור שדה דב,https://nad-lan.co.il/projects/dimri-yama-sde-dov/,0,1,0,38
אביסרור שדה דב מחירים,https://nad-lan.co.il/,0,1,0,89
אביסרור שדה דב מחירים,https://nad-lan.co.il/premium/,0,1,0,82
אביסרור שדה דב מחירים,https://nad-lan.co.il/projects/ashira-sde-dov/,0,1,0,24
אביסרור שדה דב מחירים,https://nad-lan.co.il/projects/dimri-yama-sde-dov/,0,1,0,11
אביסרור שדה דב מחירים,https://nad-lan.co.il/sde-dov/,0,1,0,65
אבל איפה,https://nad-lan.co.il/projects/rainbow-tel-aviv/,0,1,0,4
אבן גבירול 146 תל אביב,https://nad-lan.co.il/projects/duo-tel-aviv/,0,1,0,41
אבן גבירול 172,https://nad-lan.co.il/,0,1,0,91
אבן דרך,https://nad-lan.co.il/glossary/%D7%90%D7%91%D7%9F-%D7%93%D7%A8%D7%9A-%D7%AA%D7%A9%D7%9C%D7%95%D7%9D/,0,1,0,47
אבן יהודה פרויקטים חדשים,https://nad-lan.co.il/projects/,0,1,0,49
אבן לברנוביץ,https://nad-lan.co.il/glossary/%D7%A9%D7%99%D7%98%D7%AA-%D7%91%D7%A8%D7%A0%D7%95%D7%91%D7%99%D7%A5/,0,2,0,76.5
אבנידה דה רפובליקה,https://nad-lan.co.il/,0,13,0,38.23076923076923
אבנידה דה רפובליקה,https://nad-lan.co.il/global/,0,4,0,73
אברבנאל 14 פתח תקווה,https://nad-lan.co.il/,0,1,0,42
אברהם בויאר 2 תל אביב,https://nad-lan.co.il/site-map/,0,2,0,41
אברהם יצחק קבלן,https://nad-lan.co.il/professionals/%D7%9B%D7%94%D7%9F-%D7%99%D7%A6%D7%97%D7%A7-3/,0,1,0,24
אברהם סומך,https://nad-lan.co.il/professionals/%D7%A1%D7%95%D7%9E%D7%9A-%D7%9E%D7%A0%D7%97%D7%9D/,0,1,0,25
אדם אלון,https://nad-lan.co.il/,0,1,0,58
אדם טננבאום,https://nad-lan.co.il/professionals/%D7%98%D7%A0%D7%A0%D7%91%D7%90%D7%95%D7%9D-%D7%90%D7%93%D7%9D/,0,1,0,22
אדם מזרח,https://nad-lan.co.il/,0,5,0,73.4
אדם שוסטר התנאים,https://nad-lan.co.il/,0,1,0,65
אדמונד כהן,https://nad-lan.co.il/professionals/%D7%9B%D7%94%D7%9F-%D7%90%D7%93%D7%9E%D7%95%D7%A0%D7%93/,0,1,0,10
אדריכלות ורישוי,https://nad-lan.co.il/glossary/%D7%90%D7%93%D7%A8%D7%99%D7%9B%D7%9C-%D7%A8%D7%A9%D7%95%D7%99/,0,11,0,42.72727272727273
אהרונוביץ 3 תל אביב,https://nad-lan.co.il/projects/,0,1,0,31
אהרוני בן שמן,https://nad-lan.co.il/,0,1,0,72
אודלס קינן,https://nad-lan.co.il/professionals/,0,1,0,76
אוטופיה שדה דב,https://nad-lan.co.il/,0,2,0,62.5
אוטופיה שדה דב,https://nad-lan.co.il/premium/,0,2,0,76
אוטופיה שדה דב,https://nad-lan.co.il/sde-dov/,0,2,0,21.5
אוטופיה שדה דב מחירים,https://nad-lan.co.il/sde-dov/,0,1,0,32
אוליבר תל אביב,https://nad-lan.co.il/,0,2,0,79
אומדן דמי שכירות,https://nad-lan.co.il/glossary/%D7%93%D7%9E%D7%99-%D7%A9%D7%9B%D7%99%D7%A8%D7%95%D7%AA-%D7%A8%D7%90%D7%95%D7%99%D7%99%D7%9D/,0,13,0,32.15384615384615
אוסישקין 46 תל אביב,https://nad-lan.co.il/,0,1,0,48
אור יהודה דירות חדשות,https://nad-lan.co.il/projects/,0,1,0,54
אור יהודה החדשה,https://nad-lan.co.il/projects/,0,1,0,85
אור יהודה פרויקטים חדשים,https://nad-lan.co.il/projects/,0,1,0,62
אורי שושן,https://nad-lan.co.il/professionals/%D7%91%D7%9F-%D7%A9%D7%95%D7%A9%D7%9F-%D7%90%D7%95%D7%A8%D7%99/,0,1,0,71
אוריון אור יהודה,https://nad-lan.co.il/projects/,0,1,0,57
אוריון גליל ים,https://nad-lan.co.il/projects/,0,1,0,91
אורלוב 31 פתח תקווה,https://nad-lan.co.il/projects/,0,1,0,35
אושה 11 תל אביב,https://nad-lan.co.il/projects/,0,1,0,37
אושה 7,https://nad-lan.co.il/projects/,0,1,0,56
אזורי פינוי בינוי,https://nad-lan.co.il/urban-renewal/map/,0,2,0,28
אזורים living,https://nad-lan.co.il/site-map/,0,1,0,59
אזורים פינוי בינוי,https://nad-lan.co.il/urban-renewal/map/,0,1,0,78
אזורים פרויקטים חדשים,https://nad-lan.co.il/projects/,0,14,0,24
אחד העם 13,https://nad-lan.co.il/,0,1,0,77
אחד העם 13,https://nad-lan.co.il/projects/,0,1,0,59
אחד העם 13,https://nad-lan.co.il/projects/%D7%90%D7%97%D7%93-%D7%94%D7%A2%D7%9D/,0,1,0,25
אחד העם 142,https://nad-lan.co.il/projects/,0,1,0,74
אחד העם 142,https://nad-lan.co.il/projects/%D7%90%D7%97%D7%93-%D7%94%D7%A2%D7%9D/,0,2,0,16
אחד העם 39 תל אביב,https://nad-lan.co.il/,0,1,0,62
אחד העם 6,https://nad-lan.co.il/projects/,0,1,0,33
אחוז תיווך מקובל,https://nad-lan.co.il/commercial-real-estate/commercial-real-estate-brokerage-fee/,0,4,0,29.5
אחוזי מימון משכנתא לבניה עצמית,https://nad-lan.co.il/mortgage-calculator/mortgage-ltv-ratio/,0,14,0,56.357142857142854
אחוזת הגפן,https://nad-lan.co.il/projects/,0,1,0,46
אחריהם,https://nad-lan.co.il/jerusalem-apartment-prices/,0,1,0,19
אידלסון 15,https://nad-lan.co.il/projects/,0,1,0,41
אידלסון 7,https://nad-lan.co.il/projects/,0,1,0,85
איזה אזורים ברחובות נחשבים נוחים יותר לדיור מוגן,https://nad-lan.co.il/projects/migdalei-hayam-sde-dov/,0,4,0,10
איזה חוגים יש בדיור מוגן לגיל השלישי,https://nad-lan.co.il/projects/migdalei-hayam-sde-dov/,0,2,0,9.5
איזה חומר איטום מומלץ למרתף תת קרקעי עם לחץ מים גבוה?,https://nad-lan.co.il/construction-engineering-guide/,0,2,0,8
איזה עוד ?,https://nad-lan.co.il/commercial-real-estate/commercial-property-prices-jerusalem/,0,1,0,3
איזה פרויקטים חדשים יש בבאר שבע,https://nad-lan.co.il/new-projects/,0,3,0,9.333333333333334
איזה פרויקטים חדשים יש בהרצליה,https://nad-lan.co.il/herzliya-projects/,0,35,0,38.31428571428572
איזה פרויקטים חדשים יש בהרצליה,https://nad-lan.co.il/investment/herzliya-investment-apartment/,0,10,0,6.2
איזה פרויקטים חדשים יש בהרצליה,https://nad-lan.co.il/projects/,0,16,0,63.625
איזה פרויקטים חדשים יש במודיעין למכירה,https://nad-lan.co.il/investment/modiin-investment-apartment/,0,1,0,3
איזה פתרון מחשוב מוקשח מתאים למפעל?,https://nad-lan.co.il/commercial-real-estate/industrial-electricity-commercial-property/,0,1,0,10
איזה ריהוט הכי מתאים למרפסת שמש?,https://nad-lan.co.il/guides/new-apartment-balcony/,0,1,0,10
אייל שרון,https://nad-lan.co.il/professionals/%D7%90%D7%99%D7%99%D7%9C-%D7%A9%D7%A8%D7%95%D7%9F/,0,1,0,18
איינשטיין 1,https://nad-lan.co.il/projects/einstein-tower/,0,1,0,23
איינשטיין 1 תל אביב,https://nad-lan.co.il/projects/einstein-tower/,0,2,0,15
איינשטיין 15 תל אביב,https://nad-lan.co.il/,0,1,0,73
איינשטיין 35 תל אביב,https://nad-lan.co.il/projects/einstein-tower/,0,1,0,9
איינשטיין 65,https://nad-lan.co.il/projects/ashdar-einstein/,0,1,0,15
איך בודקים בעלות על דירה,https://nad-lan.co.il/tabu-extract-check/,0,1,0,33
איך בודקים חניה בטאבו,https://nad-lan.co.il/tabu-extract-check/,0,1,0,31
איך בודקים יכולת החזר לפני הלוואה,https://nad-lan.co.il/mortgage-refinance/,0,2,0,7
איך בודקים נסח טאבו,https://nad-lan.co.il/tabu-extract-check/,0,2,0,40.5
איך בודקים רישום בטאבו,https://nad-lan.co.il/tabu-extract-check/,0,1,0,48
איך בודקים שווי דירה,https://nad-lan.co.il/property-value-estimator/,0,1,0,20
איך בוחרים חברת ניהול ועד בית,https://nad-lan.co.il/property-management/,0,1,0,19
איך בוחרים מלווה בנייה ירוקה לפרויקט מגורים או מסחר?,https://nad-lan.co.il/architect-building-permit/,0,8,0,9
איך בנק בודק יכולת החזר בהלוואה ואיזה מסמכים צריך להכין,https://nad-lan.co.il/mortgage-refinance/,0,1,0,7
איך יודעים אם הגיע קונה רציני לנכס?,https://nad-lan.co.il/selling-apartment/,0,34,0,22.970588235294116
איך יודעים כמה דירה ביבנה שווה,https://nad-lan.co.il/property-value-estimator/,0,5,0,24.2
איך יודעים מה מחיר השיווק הנכון לדירה?,https://nad-lan.co.il/property-value-estimator/,0,42,0,22.214285714285715
איך לבחור בין בית בלב לבין מגדלי הים התיכון לדיור מוגן?,https://nad-lan.co.il/luxury-apartments-israel-guide-he/,0,6,0,2.666666666666667
איך להתעשר מנדלן,https://nad-lan.co.il/investment/,0,1,0,57
איך למכור דירה בלי מתווך,https://nad-lan.co.il/selling-apartment/selling-without-broker/,0,1,0,30
איך לפרסם מודעה יעילה ביד2,https://nad-lan.co.il/selling-apartment/pricing-apartment-for-sale/,0,2,0,7.5
איך לקנות דירה בישראל,https://nad-lan.co.il/buying-apartment/,0,1,0,55
איך לקנות דירה ראשונה בישראל,https://nad-lan.co.il/buying-apartment/,0,1,0,59
איך לתמחר דירה למכירה,https://nad-lan.co.il/property-value-estimator/,0,4,0,17.25
איך מבטלים ביטוח משכנתא קיים ומעבירים לחברה אחרת?,https://nad-lan.co.il/real-estate-tax-advisor/gift-transfer-apartment/,0,2,0,4
איך מוכרים דירה,https://nad-lan.co.il/selling-apartment/,0,2,0,31
איך מוכרים וקונים דירה במקביל,https://nad-lan.co.il/selling-apartment/,0,2,0,55.5
איך מוציאים גרמושקה,https://nad-lan.co.il/glossary/%D7%92%D7%A8%D7%9E%D7%95%D7%A9%D7%A7%D7%94/,0,1,0,49
איך מזהים קונה רציני לדירה,https://nad-lan.co.il/rishpon-house-prices/,0,1,0,24
איך מזהים קונה רציני לדירה,https://nad-lan.co.il/selling-apartment/,0,13,0,18.53846153846154
איך מזהים קונה רציני לנכס,https://nad-lan.co.il/selling-apartment/,0,15,0,17.466666666666665
איך מחשבים החזר משכנתא,https://nad-lan.co.il/mortgage-calculator/,0,1,0,58
איך מחשבים משכנתא,https://nad-lan.co.il/mortgage-calculator/,0,16,0,60.9375
איך מחשבים ריבית משכנתא,https://nad-lan.co.il/mortgage-calculator/,0,14,0,60
איך מעריכים שווי דירה,https://nad-lan.co.il/property-value-estimator/,0,1,0,17
איך משקיעים בנדלן,https://nad-lan.co.il/investment/,0,1,0,30
איך קובעים מחיר לדירה,https://nad-lan.co.il/property-value-estimator/,0,3,0,22.666666666666668
איך קובעים מחיר לנכס,https://nad-lan.co.il/property-value-estimator/,0,12,0,20.75
איך קונים בית,https://nad-lan.co.il/buying-apartment/,0,1,0,42
איך קונים דירה בישראל,https://nad-lan.co.il/buying-apartment/,0,1,0,47
איכות בנייה,https://nad-lan.co.il/glossary/%D7%AA%D7%95%D7%9B%D7%A0%D7%99%D7%AA-%D7%91%D7%A7%D7%A8%D7%AA-%D7%90%D7%99%D7%9B%D7%95%D7%AA/,0,1,0,35
איכלוס,https://nad-lan.co.il/projects/duo-tel-aviv/,0,1,0,2
אילה view חריש,https://nad-lan.co.il/,0,1,0,79
אילה view חריש,https://nad-lan.co.il/projects/,0,1,0,38
אילו דירות ושירותים יש בנווה אביב?,https://nad-lan.co.il/ramat-aviv/neve-avivim/,0,3,0,8
אילו מדפים מומלצים למרפסת שירות צרה?,https://nad-lan.co.il/guides/new-apartment-balcony/,0,3,0,3.3333333333333335
אילו שירותים כלולים בדיור מוגן לגיל השלישי?,https://nad-lan.co.il/projects/migdalei-hayam-sde-dov/,0,3,0,19
אילו שירותים כלולים בדיור מוגן?,https://nad-lan.co.il/projects/migdalei-hayam-sde-dov/,0,5,0,16.2
אילן בן דוד מהנדסים,https://nad-lan.co.il/professionals/%D7%91%D7%A7%D7%A8-%D7%90%D7%99%D7%9C%D7%9F/,0,1,0,48
אילת 4 תל אביב,https://nad-lan.co.il/,0,1,0,52
אילת 4 תל אביב,https://nad-lan.co.il/projects/,0,1,0,31
אילת 46 תל אביב,https://nad-lan.co.il/projects/,0,1,0,27
אילת 61,https://nad-lan.co.il/projects/,0,1,0,52
אילת 61 תל אביב,https://nad-lan.co.il/projects/,0,1,0,40
אילת 66 חולון,https://nad-lan.co.il/projects/,0,1,0,39
אימבר 17 כפר סבא,https://nad-lan.co.il/projects/,0,1,0,35
אינל,https://nad-lan.co.il/professionals/%D7%90%D7%99%D7%A0%D7%9C-%D7%A8%D7%95%D7%A2%D7%99-%D7%AA%D7%9E%D7%99%D7%A8/,0,2,0,8
אינפיניטי חגג,https://nad-lan.co.il/projects/h-infinity-somail-tel-aviv/,0,2,0,21
אינפיניטי סומייל,https://nad-lan.co.il/projects/h-infinity-somail-tel-aviv/,0,1,0,8
אינפיניטי תל אביב,https://nad-lan.co.il/projects/h-infinity-somail-tel-aviv/,0,2,0,10.5
איסט אנד,https://nad-lan.co.il/,0,1,0,63
איסט אנד תל אביב,https://nad-lan.co.il/,0,1,0,56
איפה הכי כדאי לעשות ביטוח משכנתא היום בישראל מבחינת מחיר וכיסוי,https://nad-lan.co.il/mortgage-home-insurance/,0,3,0,6.666666666666667
איפה זה שדה דב,https://nad-lan.co.il/sde-dov/,0,5,0,7.2
איפה יש דירות חדשות בדרום להשקעה,https://nad-lan.co.il/investment/where-to-buy-investment-apartment/,0,9,0,37.55555555555556
איפה יש דירות חדשות בקריית שמונה מקבלן,https://nad-lan.co.il/projects/,0,1,0,45
איפה יש פינוי בינוי,https://nad-lan.co.il/projects/,0,7,0,44.142857142857146
איפה יש פינוי בינוי,https://nad-lan.co.il/urban-renewal/map/,0,6,0,66.83333333333333
איפה להשקיע 200 אלף שקל,https://nad-lan.co.il/investment/,0,1,0,67
איפה להשקיע באיטליה,https://nad-lan.co.il/global/italy/,0,1,0,34
איפה למצוא דירות חדשות למכירה מקבלן בתל אביב,https://nad-lan.co.il/new-projects/new-projects-tel-aviv/,0,2,0,17
איפה למצוא דירות חדשות למכירה מקבלן בתל אביב,https://nad-lan.co.il/projects/,0,1,0,57
אישור לבניית בית עץ,https://nad-lan.co.il/real-estate-lawyer/building-permit-citizen-guide/,0,1,0,48
איתור טאבו,https://nad-lan.co.il/tabu-extract-check/,0,1,0,32
איתור משקיעים לנדלן,https://nad-lan.co.il/investment/,0,1,0,80
איתור נסח טאבו,https://nad-lan.co.il/tabu-extract-check/,0,1,0,44
איתור נסח טאבו לפי תעודת זהות,https://nad-lan.co.il/tabu-extract-check/,0,1,0,40
איתור קונה לנכס,https://nad-lan.co.il/tabu-extract-check/,0,2,0,28
איתן דמארי,https://nad-lan.co.il/professionals/,0,1,0,61
איתן נהרי,https://nad-lan.co.il/professionals/%D7%A0%D7%94%D7%A8%D7%99-%D7%90%D7%99%D7%AA%D7%9F/,0,1,0,10
אכלוס מיידי,https://nad-lan.co.il/projects/,0,1,0,48
אל הרס,https://nad-lan.co.il/glossary/%D7%91%D7%93%D7%99%D7%A7%D7%95%D7%AA-%D7%90%D7%9C-%D7%94%D7%A8%D7%A1/,0,32,0,42.34375
אלדד אמת,https://nad-lan.co.il/professionals/,0,1,0,64
אלון חדד מקצוע,https://nad-lan.co.il/professionals/%D7%97%D7%93%D7%93-%D7%90%D7%9C%D7%95%D7%9F/,0,1,0,75
אלי אביטל,https://nad-lan.co.il/professionals/%D7%90%D7%91%D7%99%D7%98%D7%9C-%D7%90%D7%9C%D7%99/,0,8,0,8.75
אלי נדלן,https://nad-lan.co.il/professionals/%D7%9E%D7%90%D7%99%D7%A8-%D7%91%D7%95%D7%92%D7%95%D7%90%D7%9C%D7%99/,0,1,0,6
אלי סידאוי,https://nad-lan.co.il/professionals/,0,1,0,71
אלמנטים מתועשים,https://nad-lan.co.il/glossary/precast-element/,0,6,0,6.666666666666667
אלנבי 114,https://nad-lan.co.il/projects/,0,2,0,53.5
אלקטרה שדה דב,https://nad-lan.co.il/,0,1,0,43
אלקטרה שדה דב,https://nad-lan.co.il/premium/,0,1,0,68
אם המושבות החדשה מדלן,https://nad-lan.co.il/,0,1,0,54
אם המושבות החדשה מדלן,https://nad-lan.co.il/premium/,0,1,0,60
אמה טאובר 9 הרצליה,https://nad-lan.co.il/,0,1,0,62
אמיר מלאך,https://nad-lan.co.il/professionals/,0,1,0,64
אמיתי בוכריס,https://nad-lan.co.il/professionals/%D7%91%D7%95%D7%9B%D7%A8%D7%99%D7%A1-%D7%90%D7%9E%D7%99%D7%AA%D7%99/,0,5,0,8
אמנה ברוכין,https://nad-lan.co.il/site-map/,0,1,0,64
אמנון ותמר 21,https://nad-lan.co.il/projects/,0,2,0,30.5
אמסטרדם 7 תל אביב,https://nad-lan.co.il/projects/,0,1,0,49
אמרלד אשקלון,https://nad-lan.co.il/,0,1,0,66
אמש נדלן,https://nad-lan.co.il/investment/,0,1,0,68
אנדרומדה יפו,https://nad-lan.co.il/,0,3,0,82.33333333333333
אנה פרנק 23,https://nad-lan.co.il/,0,1,0,49
אני מחפש דירות חדשות באכלוס מיידי באזור רמת אביב. תן לי את הפרויקטים הכי טובים בעיניך,https://nad-lan.co.il/new-projects/new-projects-tel-aviv/,0,2,0,11.5
"אני מחפש דירת 4 חדרים חדשה בהרצליה במרכז העיר, תמצא לי פרויקטים טובים",https://nad-lan.co.il/herzliya-apartment-prices/,0,3,0,9.666666666666666
אנסקי פתח תקווה,https://nad-lan.co.il/projects/,0,2,0,43.5
אנשי הנדלן מנחים,https://nad-lan.co.il/professionals/,0,1,0,35
אפי נתיב,https://nad-lan.co.il/,0,1,0,75
אפי על הפארק,https://nad-lan.co.il/projects/,0,1,0,38
אפריקה ישראל אפקה,http://nad-lan.co.il/professionals/africa-israel-residential/,0,1,0,36
אפריקה ישראל גבעת הכלניות,http://nad-lan.co.il/professionals/africa-israel-residential/,0,2,0,60
אפריקה ישראל הרצליה,http://nad-lan.co.il/professionals/africa-israel-residential/,0,1,0,52
אפריקה ישראל התחדשות עירונית,http://nad-lan.co.il/professionals/africa-israel-residential/,0,1,0,37
אפריקה ישראל מגורים,http://nad-lan.co.il/professionals/africa-israel-residential/,0,2,0,57
אפריקה ישראל משרדים,http://nad-lan.co.il/professionals/africa-israel-residential/,0,1,0,58
אפריקה ישראל פרויקטים,http://nad-lan.co.il/professionals/africa-israel-residential/,0,1,0,40
אפריקה ישראל פרויקטים,https://nad-lan.co.il/projects/duo-tel-aviv/,0,1,0,4
אקה פרימיום,https://nad-lan.co.il/,0,1,0,64
אקו סיטי נדלן,https://nad-lan.co.il/projects/stricker-13-brandeis-14/,0,2,0,19
אקו סיטי תל אביב,https://nad-lan.co.il/echo-city/,0,1,0,40
ארבע ארצות 33,https://nad-lan.co.il/projects/,0,2,0,62.5
ארבעה חדרים,https://nad-lan.co.il/herzliya-apartment-prices/,0,1,0,3
ארגון דיירים חיפה,https://nad-lan.co.il/urban-renewal/,0,2,0,80.5
ארלוזורוב 33,https://nad-lan.co.il/projects/,0,1,0,66
ארלוזורוב 53,https://nad-lan.co.il/projects/,0,1,0,42
ארלוזורוב אבן גבירול,https://nad-lan.co.il/projects/duo-tel-aviv/,0,3,0,5.666666666666667
ארץ עיר התחדשות עירונית,https://nad-lan.co.il/urban-renewal/map/,0,1,0,34
אשדר,https://nad-lan.co.il/professionals/ashdar/,0,1,0,3
אשדר בוטיק,https://nad-lan.co.il/projects/ashdar-einstein/,0,6,0,7.833333333333333
אשירה אביסרור,https://nad-lan.co.il/projects/ashira-sde-dov/,0,2,0,9.5
אשירה שדה דב,https://nad-lan.co.il/projects/ashira-sde-dov/,0,7,0,11.142857142857142
אשירה שדה דב,https://nad-lan.co.il/projects/dimri-yama-sde-dov/,0,1,0,33
אשירה שדה דב מחיר,https://nad-lan.co.il/projects/dimri-yama-sde-dov/,0,1,0,19
אשירה שדה דב מחיר,https://nad-lan.co.il/sde-dov/,0,1,0,55
אשירה תל אביב,https://nad-lan.co.il/projects/ashira-sde-dov/,0,3,0,13
אשמח,https://nad-lan.co.il/projects/dimri-yama-sde-dov/,0,1,0,5
אשמח,https://nad-lan.co.il/projects/rainbow-tel-aviv/,0,1,0,6
אתר הנדל ן הממשלתי,https://nad-lan.co.il/,0,3,0,36
אתר הנדל ן הממשלתי,https://nad-lan.co.il/buying-apartment/,0,3,0,58.333333333333336
"אתר הנדל""ן הממשלתי",https://nad-lan.co.il/,0,1,0,31
"אתר הנדל""ן הממשלתי",https://nad-lan.co.il/buying-apartment/,0,1,0,51
אתר הנדלן הממשלתי,https://nad-lan.co.il/,0,1,0,40
אתר הנדלן הממשלתי,https://nad-lan.co.il/buying-apartment/,0,1,0,59
אתר ממשלתי מחירי דירות,https://nad-lan.co.il/,0,1,0,26
אתר נדל ן,https://nad-lan.co.il/,0,1,0,38
אתר נדל ן,https://nad-lan.co.il/buying-apartment/,0,1,0,86
אתר נדל ן,https://nad-lan.co.il/properties/,0,1,0,80
אתר נדל ן,https://nad-lan.co.il/ru/guides/,0,1,0,89
אתר נדלן ממשלתי,https://nad-lan.co.il/,0,2,0,34.5
אתר נדלן ממשלתי,https://nad-lan.co.il/buying-apartment/,0,3,0,59.666666666666664
אתרים לחיפוש דירות,https://nad-lan.co.il/site-map/,0,1,0,70
ב30,https://nad-lan.co.il/glossary/%D7%91%D7%98%D7%95%D7%9F-%D7%91-30/,0,1,0,12
באזור אשדוד,https://nad-lan.co.il/ashdod-apartment-prices/,0,1,0,13
באיזה רחוב,https://nad-lan.co.il/projects/rainbow-tel-aviv/,0,1,0,3
באיזה רחוב,https://nad-lan.co.il/projects/yoo-tel-aviv/,0,1,0,4
באר יעקב דירות חדשות,https://nad-lan.co.il/projects/,0,2,0,45
באר יעקב פרויקטים,https://nad-lan.co.il/projects/,0,9,0,64.77777777777777
באר יעקב פרויקטים חדשים,https://nad-lan.co.il/projects/,0,6,0,52.5
באר יעקב שכונה חדשה,https://nad-lan.co.il/projects/,0,1,0,81
באר שבע פרויקטים חדשים,https://nad-lan.co.il/projects/,0,1,0,33
בארט 11 תל אביב,https://nad-lan.co.il/projects/,0,1,0,50
בארץ,https://nad-lan.co.il/projects/yoo-tel-aviv/,0,1,0,5
בבאר שבע?,https://nad-lan.co.il/beer-sheva-apartment-prices/,0,1,0,6
בדיקה בטאבו,https://nad-lan.co.il/tabu-extract-check/,0,1,0,39
בדיקה הנדסית לנכס,https://nad-lan.co.il/home-inspection/,0,4,0,33.75
בדיקה רישום בטאבו,https://nad-lan.co.il/tabu-extract-check/,0,1,0,36
בדיקה תכנונית של נכס,https://nad-lan.co.il/property-value/building-rights-check/,0,8,0,22.25
בדיקות איכות בניה,https://nad-lan.co.il/glossary/%D7%AA%D7%95%D7%9B%D7%A0%D7%99%D7%AA-%D7%91%D7%A7%D7%A8%D7%AA-%D7%90%D7%99%D7%9B%D7%95%D7%AA/,0,3,0,19
בדיקות אל הרס,https://nad-lan.co.il/glossary/%D7%91%D7%93%D7%99%D7%A7%D7%95%D7%AA-%D7%90%D7%9C-%D7%94%D7%A8%D7%A1/,0,35,0,26.8
בדיקות אל הרס תמ א 38,https://nad-lan.co.il/glossary/%D7%91%D7%93%D7%99%D7%A7%D7%95%D7%AA-%D7%90%D7%9C-%D7%94%D7%A8%D7%A1/,0,2,0,6
"בדיקות אל הרס תמ""א 38",https://nad-lan.co.il/glossary/%D7%91%D7%93%D7%99%D7%A7%D7%95%D7%AA-%D7%90%D7%9C-%D7%94%D7%A8%D7%A1/,0,7,0,23.285714285714285
בדיקות ללא הרס,https://nad-lan.co.il/glossary/%D7%91%D7%93%D7%99%D7%A7%D7%95%D7%AA-%D7%90%D7%9C-%D7%94%D7%A8%D7%A1/,0,2,0,29.5
בדיקות מעבדה לבריכה,https://nad-lan.co.il/guides/residential-project-pool/,0,1,0,7
בדיקת איכות בניה,https://nad-lan.co.il/glossary/%D7%AA%D7%95%D7%9B%D7%A0%D7%99%D7%AA-%D7%91%D7%A7%D7%A8%D7%AA-%D7%90%D7%99%D7%9B%D7%95%D7%AA/,0,1,0,25
בדיקת אל הרס,https://nad-lan.co.il/glossary/%D7%91%D7%93%D7%99%D7%A7%D7%95%D7%AA-%D7%90%D7%9C-%D7%94%D7%A8%D7%A1/,0,17,0,30.529411764705884
בדיקת בית לפני מסירה,https://nad-lan.co.il/home-inspection/,0,9,0,50.55555555555556
בדיקת בעלות בטאבו,https://nad-lan.co.il/tabu-extract-check/,0,1,0,32
בדיקת בעלות על דירה,https://nad-lan.co.il/tabu-extract-check/,0,2,0,27.5
בדיקת בעלות על נכס,https://nad-lan.co.il/tabu-extract-check/,0,4,0,28.5
בדיקת גודל דירה,https://nad-lan.co.il/property-value-estimator/,0,1,0,40
בדיקת דירה בטאבו,https://nad-lan.co.il/tabu-extract-check/,0,1,0,32
בדיקת החזר משכנתא,https://nad-lan.co.il/mortgage-calculator/,0,13,0,41.23076923076923
בדיקת הסכם,https://nad-lan.co.il/real-estate-lawyer/,0,4,0,32.75
בדיקת הסכם,https://nad-lan.co.il/tabu-extract-check/,0,2,0,82.5
בדיקת הסכם פינוי בינוי,https://nad-lan.co.il/urban-renewal/check/,0,2,0,82.5
בדיקת הערת אזהרה בטאבו,https://nad-lan.co.il/tabu-extract-check/,0,22,0,22.772727272727273
בדיקת חוזה,https://nad-lan.co.il/real-estate-lawyer/,0,11,0,29.545454545454547
בדיקת חוזה,https://nad-lan.co.il/tabu-extract-check/,0,1,0,56
בדיקת טאבו,https://nad-lan.co.il/tabu-extract-check/,0,5,0,26.2
בדיקת טאבו חינם,https://nad-lan.co.il/tabu-extract-check/,0,1,0,31
בדיקת טופס 4,https://nad-lan.co.il/tabu-extract-check/,0,1,0,58
בדיקת כדאיות כלכלית,https://nad-lan.co.il/apartment-deal-check/,0,3,0,86.33333333333333
בדיקת כדאיות כלכלית לקניית דירה,https://nad-lan.co.il/apartment-deal-check/,0,3,0,62.666666666666664
בדיקת כדאיות כלכלית לקניית דירה,https://nad-lan.co.il/buying-apartment/,0,1,0,91
בדיקת מבנה מסחרי,https://nad-lan.co.il/urban-renewal/check/,0,5,0,67.6
בדיקת מבנים לפני קניה,https://nad-lan.co.il/home-inspection/,0,18,0,74.88888888888889
בדיקת מחיר דירה,https://nad-lan.co.il/property-value-estimator/,0,13,0,19.53846153846154
בדיקת מכירות,https://nad-lan.co.il/apartment-deal-check/,0,10,0,47.4
בדיקת מכירת דירות,https://nad-lan.co.il/apartment-deal-check/,0,1,0,67
בדיקת מסמכים לפני רכישת דירה,https://nad-lan.co.il/real-estate-lawyer/,0,2,0,28
בדיקת משכנתא,https://nad-lan.co.il/mortgage-calculator/,0,11,0,56.09090909090909
בדיקת נכס,https://nad-lan.co.il/tabu-extract-check/,0,12,0,32.5
בדיקת נכס טאבו,https://nad-lan.co.il/tabu-extract-check/,0,2,0,32
בדיקת נסח טאבו,https://nad-lan.co.il/tabu-extract-check/,0,7,0,24.428571428571427
בדיקת נסח טאבו לפי כתובת,https://nad-lan.co.il/tabu-extract-check/,0,1,0,26
בדיקת נסח טאבו לפי תעודת זהות,https://nad-lan.co.il/tabu-extract-check/,0,1,0,37
בדיקת סטטוס פינוי בינוי,https://nad-lan.co.il/urban-renewal/check/,0,1,0,59
בדיקת סטטוס פינוי בינוי פתח תקווה,https://nad-lan.co.il/urban-renewal/check/,0,1,0,57
בדיקת פינוי בינוי,https://nad-lan.co.il/urban-renewal/map/,0,1,0,47
בדיקת רישום בטאבו,https://nad-lan.co.il/tabu-extract-check/,0,5,0,40.2
בדיקת רישום בית משותף,https://nad-lan.co.il/tabu-extract-check/,0,1,0,48
בדיקת רישום דירה בטאבו,https://nad-lan.co.il/tabu-extract-check/,0,3,0,40.333333333333336
בדיקת שווי דירה,https://nad-lan.co.il/property-value-estimator/,0,14,0,18.071428571428573
בדיקת שווי נכס,https://nad-lan.co.il/property-value-estimator/,0,51,0,20.215686274509803
בדיקת שמאי לפני קניית דירה,https://nad-lan.co.il/real-estate-appraiser/,0,1,0,47
בדיקת תמהיל משכנתא,https://nad-lan.co.il/mortgage-calculator/,0,21,0,43.61904761904762
בדק בית ביקנעם,https://nad-lan.co.il/projects/%D7%A6%D7%90%D7%9C%D7%99%D7%9D-%D7%94%D7%90%D7%99%D7%9C%D7%A0%D7%95%D7%AA/,0,1,0,56
בדק בית בעכו,https://nad-lan.co.il/projects/%D7%94%D7%AA%D7%97%D7%A0%D7%94/,0,3,0,34.333333333333336
בדק בית דירה,https://nad-lan.co.il/home-inspection/,0,10,0,73.2
בדק בית לפני רכישת נכס,https://nad-lan.co.il/home-inspection/,0,4,0,38.5
בדק בית לפני שקונים בית,https://nad-lan.co.il/home-inspection/,0,5,0,32.8
בובליק 4 תל אביב,https://nad-lan.co.il/projects/,0,1,0,42
בוכנות סיבוביות,https://nad-lan.co.il/glossary/%D7%9E%D7%A9%D7%90%D7%91%D7%AA-%D7%91%D7%98%D7%95%D7%9F/,0,2,0,29.5
בוליביה 1 ירושלים,https://nad-lan.co.il/projects/%D7%91%D7%95%D7%9C%D7%99%D7%91%D7%99%D7%94-1/,0,1,0,14
בוני ישראל,https://nad-lan.co.il/projects/,0,1,0,71
בוסתנים שדרות,https://nad-lan.co.il/projects/,0,1,0,54
בועז 18 רמת גן,https://nad-lan.co.il/projects/,0,1,0,85
בורג בטון,https://nad-lan.co.il/glossary/%D7%91%D7%95%D7%A8%D7%92-%D7%A2%D7%99%D7%92%D7%95%D7%9F-%D7%91%D7%98%D7%95%D7%9F/,0,24,0,23.916666666666668
בורג לבטון,https://nad-lan.co.il/glossary/%D7%91%D7%95%D7%A8%D7%92-%D7%A2%D7%99%D7%92%D7%95%D7%9F-%D7%91%D7%98%D7%95%D7%9F/,0,1,0,35
בורג עיגון,https://nad-lan.co.il/glossary/%D7%91%D7%95%D7%A8%D7%92-%D7%A2%D7%99%D7%92%D7%95%D7%9F-%D7%91%D7%98%D7%95%D7%9F/,0,7,0,9.428571428571429
בורג עיגון לבטון,https://nad-lan.co.il/glossary/%D7%91%D7%95%D7%A8%D7%92-%D7%A2%D7%99%D7%92%D7%95%D7%9F-%D7%91%D7%98%D7%95%D7%9F/,0,1,0,19
בורג קודח,https://nad-lan.co.il/glossary/%D7%91%D7%95%D7%A8%D7%92-%D7%A7%D7%95%D7%93%D7%97/,0,38,0,23.05263157894737
בורוכוב 2,https://nad-lan.co.il/projects/%D7%91%D7%95%D7%A8%D7%95%D7%9B%D7%95%D7%91/,0,1,0,26
בורוכוב 9,https://nad-lan.co.il/projects/%D7%91%D7%95%D7%A8%D7%95%D7%9B%D7%95%D7%91/,0,1,0,29
בורלא תל אביב,https://nad-lan.co.il/,0,1,0,48
בורלא תל אביב,https://nad-lan.co.il/projects/,0,1,0,33
בטון ב 30,https://nad-lan.co.il/glossary/%D7%91%D7%98%D7%95%D7%9F-%D7%91-30/,0,1,0,25
בטון ב 40,https://nad-lan.co.il/glossary/%D7%91%D7%98%D7%95%D7%9F-%D7%91-40/,0,9,0,4.888888888888889
בטון ב 400,https://nad-lan.co.il/glossary/%D7%91%D7%98%D7%95%D7%9F-%D7%91-30/,0,1,0,22
בטון ב 400,https://nad-lan.co.il/glossary/%D7%91%D7%98%D7%95%D7%9F-%D7%91-40/,0,1,0,49
בטון ב30,https://nad-lan.co.il/glossary/%D7%91%D7%98%D7%95%D7%9F-%D7%91-30/,0,1,0,27
בטון מותז,https://nad-lan.co.il/glossary/%D7%91%D7%98%D7%95%D7%9F-%D7%9E%D7%96%D7%95%D7%99%D7%9F/,0,3,0,52
בטון מותז,https://nad-lan.co.il/glossary/%D7%91%D7%98%D7%95%D7%9F-%D7%A8%D7%96%D7%94/,0,2,0,83.5
בטון מזוין,https://nad-lan.co.il/glossary/%D7%91%D7%98%D7%95%D7%9F-%D7%9E%D7%96%D7%95%D7%99%D7%9F/,0,15,0,26.8
בטון קל מחיר,https://nad-lan.co.il/glossary/%D7%9E%D7%97%D7%99%D7%A8%D7%95%D7%9F-%D7%93%D7%A7%D7%9C-%D7%9C%D7%91%D7%A0%D7%99%D7%99%D7%94-%D7%95%D7%AA%D7%A9%D7%AA%D7%99%D7%95%D7%AA/,0,1,0,63
בטונייט,https://nad-lan.co.il/glossary/%D7%9B%D7%9C%D7%95%D7%A0%D7%A1%D7%90%D7%95%D7%AA-%D7%91%D7%A0%D7%98%D7%95%D7%A0%D7%99%D7%99%D7%98/,0,1,0,38
ביאליק 11,https://nad-lan.co.il/projects/%D7%9E%D7%AA%D7%97%D7%9D-%D7%91%D7%99%D7%90%D7%9C%D7%99%D7%A7-911/,0,1,0,13
ביאליק 11 ראשון לציון,https://nad-lan.co.il/projects/%D7%9E%D7%AA%D7%97%D7%9D-%D7%91%D7%99%D7%90%D7%9C%D7%99%D7%A7-911/,0,2,0,21.5
ביאליק 11 ראשון לציון,https://nad-lan.co.il/urban-renewal/map/,0,1,0,80
ביאליק 60 חולון,https://nad-lan.co.il/projects/,0,1,0,40
ביאליק 9,https://nad-lan.co.il/projects/%D7%9E%D7%AA%D7%97%D7%9D-%D7%91%D7%99%D7%90%D7%9C%D7%99%D7%A7-911/,0,3,0,17
בידודית,https://nad-lan.co.il/glossary/%D7%96%D7%9B%D7%95%D7%9B%D7%99%D7%AA-%D7%91%D7%99%D7%93%D7%95%D7%93%D7%99%D7%AA/,0,5,0,14.4
בידודית או טריפלקס,https://nad-lan.co.il/glossary/%D7%96%D7%9B%D7%95%D7%9B%D7%99%D7%AA-%D7%91%D7%99%D7%93%D7%95%D7%93%D7%99%D7%AA/,0,2,0,45
ביובית באבו גוש,https://nad-lan.co.il/professionals/%D7%99%D7%A9%D7%A8%D7%90%D7%9C-%D7%9E%D7%A9%D7%94/,0,1,0,65
ביובית בצור הדסה,https://nad-lan.co.il/glossary/%D7%9E%D7%A4%D7%A7%D7%97-%D7%91%D7%A0%D7%99%D7%99%D7%94/,0,1,0,32
ביובית בצור הדסה,https://nad-lan.co.il/glossary/%D7%9E%D7%A7%D7%93%D7%97-%D7%99%D7%94%D7%9C%D7%95%D7%9D/,0,1,0,31
ביוורהול,https://nad-lan.co.il/,0,2,0,90
ביטוח דירה לא מאוכלסת,https://nad-lan.co.il/guides/remote-new-apartment-handover-israel/,0,1,0,69
"ביטוח למתווכי נדל""ן",https://nad-lan.co.il/commercial-real-estate/commercial-real-estate-brokerage-fee/,0,4,0,72.5
בילו 4 תל אביב,https://nad-lan.co.il/projects/,0,1,0,34
בילטמור 11,https://nad-lan.co.il/projects/,0,1,0,46
בילטמור 12 תל אביב,https://nad-lan.co.il/,0,1,0,85
בילטמור 12 תל אביב,https://nad-lan.co.il/projects/,0,1,0,52
בילטמור 3,https://nad-lan.co.il/projects/,0,1,0,44
בילטמור 3 תל אביב,https://nad-lan.co.il/projects/,0,8,0,45.125
בילינסון 5 נתניה,https://nad-lan.co.il/projects/,0,1,0,25
ביסוס רדוד,https://nad-lan.co.il/glossary/raft-foundation/,0,1,0,65
ביסוס רפסודה,https://nad-lan.co.il/glossary/raft-foundation/,0,2,0,42.5
ביצוע בקרת איכות למערכות בניה,https://nad-lan.co.il/glossary/%D7%AA%D7%95%D7%9B%D7%A0%D7%99%D7%AA-%D7%91%D7%A7%D7%A8%D7%AA-%D7%90%D7%99%D7%9B%D7%95%D7%AA/,0,21,0,33.714285714285715
ביצוע עוגני קרקע,https://nad-lan.co.il/glossary/%D7%A2%D7%95%D7%92%D7%A0%D7%99-%D7%A7%D7%A8%D7%A7%D7%A2/,0,3,0,19
ביקורת בטיחות בעבודה,https://nad-lan.co.il/glossary/%D7%AA%D7%A7%D7%A0%D7%95%D7%AA-%D7%94%D7%91%D7%98%D7%99%D7%97%D7%95%D7%AA-%D7%91%D7%A2%D7%91%D7%95%D7%93%D7%94-%D7%A2%D7%91%D7%95%D7%93%D7%95%D7%AA-%D7%91%D7%A0%D7%99%D7%99%D7%94/,0,2,0,70
ביקורת דירה,https://nad-lan.co.il/home-inspection/,0,13,0,67.07692307692308
בירור טאבו,https://nad-lan.co.il/tabu-extract-check/,0,1,0,23
בירושלים,https://nad-lan.co.il/jerusalem-apartment-prices/,0,1,0,11
בית בלב לעומת מגדלי הים התיכון - מי עדיף בדיור מוגן פרטי?,https://nad-lan.co.il/luxury-apartments-israel-guide-he/,0,4,0,7.25
בית הנערה קנדה ישראל,https://nad-lan.co.il/,0,2,0,58.5
בית חדש,https://nad-lan.co.il/projects/,0,3,0,43.666666666666664
בית לוז,https://nad-lan.co.il/premium/,0,1,0,84
בית לוז,https://nad-lan.co.il/projects/,0,1,0,45
בכמה נמכר,https://nad-lan.co.il/investment/,0,1,0,41
בכמה נמכרה דירה בבניין שלי,https://nad-lan.co.il/property-value-estimator/,0,1,0,29
בכמה נמכרה הדירה של השכן,https://nad-lan.co.il/property-value-estimator/,0,1,0,41
בלוך 30,https://nad-lan.co.il/projects/,0,1,0,58
בלוך 30 תל אביב,https://nad-lan.co.il/projects/,0,2,0,61.5
בלוך 33,https://nad-lan.co.il/projects/,0,1,0,43
בלוך 39 תל אביב,https://nad-lan.co.il/projects/,0,1,0,48
בלוק תרמי,https://nad-lan.co.il/glossary/thermal-block/,0,1,0,17
בלנק לרר בר,https://nad-lan.co.il/professionals/,0,1,0,54
בלפור 40,https://nad-lan.co.il/projects/%D7%91%D7%9C%D7%A4%D7%95%D7%A8/,0,1,0,47
בן 70,https://nad-lan.co.il/mortgage-calculator/reverse-mortgage/,0,1,0,5
בן גוריון 124,https://nad-lan.co.il/projects/,0,1,0,47
בן גוריון 39 כפר סבא,https://nad-lan.co.il/projects/,0,1,0,81
בן גוריון 39 כפר סבא,https://nad-lan.co.il/projects/%D7%91%D7%9F-%D7%92%D7%95%D7%A8%D7%99%D7%95%D7%9F-5/,0,1,0,54
בן גוריון 41,https://nad-lan.co.il/projects/%D7%91%D7%9F-%D7%92%D7%95%D7%A8%D7%99%D7%95%D7%9F-5/,0,1,0,20
בן גוריון 77,https://nad-lan.co.il/projects/%D7%91%D7%9F-%D7%92%D7%95%D7%A8%D7%99%D7%95%D7%9F-5/,0,1,0,52
בן זכאי 31 ירושלים,https://nad-lan.co.il/projects/%D7%91%D7%9F-%D7%96%D7%9B%D7%90%D7%99-31/,0,1,0,27
בן כמה הוא,https://nad-lan.co.il/professionals/%D7%91%D7%9C%D7%99%D7%98%D7%99-%D7%92%D7%95%D7%9C%D7%9F/,0,1,0,2
בן סלמון,https://nad-lan.co.il/professionals/%D7%91%D7%9F-%D7%A1%D7%9C%D7%9E%D7%95%D7%9F-%D7%A9%D7%9C%D7%9E%D7%94/,0,1,0,54
בן שפרוט 13,https://nad-lan.co.il/projects/,0,1,0,65
בנטונייד,https://nad-lan.co.il/glossary/%D7%9B%D7%9C%D7%95%D7%A0%D7%A1%D7%90%D7%95%D7%AA-%D7%91%D7%A0%D7%98%D7%95%D7%A0%D7%99%D7%99%D7%98/,0,2,0,67
בנטונייט,https://nad-lan.co.il/glossary/%D7%9B%D7%9C%D7%95%D7%A0%D7%A1%D7%90%D7%95%D7%AA-%D7%91%D7%A0%D7%98%D7%95%D7%A0%D7%99%D7%99%D7%98/,0,32,0,42.3125
בנטונייט קידוח,https://nad-lan.co.il/glossary/%D7%9B%D7%9C%D7%95%D7%A0%D7%A1%D7%90%D7%95%D7%AA-%D7%91%D7%A0%D7%98%D7%95%D7%A0%D7%99%D7%99%D7%98/,0,8,0,41.75
בני דן,https://nad-lan.co.il/,0,6,0,78.5
בני דן,https://nad-lan.co.il/projects/bnei-dan-54-56/,0,1,0,34
בני דן 48,https://nad-lan.co.il/,0,1,0,50
בני דן 52,https://nad-lan.co.il/projects/bnei-dan-54-56/,0,2,0,25.5
בני דן 54,https://nad-lan.co.il/projects/bnei-dan-54-56/,0,2,0,7.5
בני דן 60,https://nad-lan.co.il/projects/bnei-dan-54-56/,0,1,0,20
בני דן תל אביב,https://nad-lan.co.il/projects/bnei-dan-54-56/,0,1,0,45
בני עייש דירות חדשות,https://nad-lan.co.il/projects/,0,1,0,55
בני עייש פרויקטים חדשים,https://nad-lan.co.il/projects/,0,3,0,65.33333333333333
בניה בראשון לציון,https://nad-lan.co.il/projects/,0,1,0,48
בניה חדשה באבן יהודה,https://nad-lan.co.il/projects/,0,1,0,75
בניה חדשה בבאר שבע,https://nad-lan.co.il/projects/,0,1,0,40
בניה חדשה בבני ברק,https://nad-lan.co.il/projects/,0,1,0,43
בניה חדשה בגדרה,https://nad-lan.co.il/projects/,0,1,0,63
בניה חדשה בטבעון,https://nad-lan.co.il/projects/,0,1,0,57
בניה חדשה ביהוד,https://nad-lan.co.il/projects/,0,1,0,68
בניה חדשה בירושלים,https://nad-lan.co.il/projects/,0,1,0,51
בניה חדשה בכפר סבא,https://nad-lan.co.il/projects/,0,1,0,72
בניה חדשה בפתח תקווה,https://nad-lan.co.il/projects/,0,1,0,72
בניה חדשה בצור יצחק,https://nad-lan.co.il/projects/,0,1,0,58
בניה חדשה בראשון לציון,https://nad-lan.co.il/projects/,0,1,0,47
בניה חדשה ברמת גן,https://nad-lan.co.il/projects/,0,1,0,51
בניה חדשה בשדרות,https://nad-lan.co.il/projects/,0,1,0,67
בניה חדשה בשדרות,https://nad-lan.co.il/projects/ashdar-einstein/,0,1,0,91
בניה להשכרה,https://nad-lan.co.il/site-map/,0,1,0,47
בנייה,https://nad-lan.co.il/projects/,0,3,0,64.66666666666666
בנייה חדשה,https://nad-lan.co.il/projects/,0,1,0,26
בנייה חדשה בקרית שמונה,https://nad-lan.co.il/projects/,0,2,0,64
בניין we,https://nad-lan.co.il/,0,1,0,88
בניין בין ערים,https://nad-lan.co.il/projects/,0,1,0,38
בניין דירות,https://nad-lan.co.il/projects/,0,1,0,40
בניין העיר,https://nad-lan.co.il/projects/,0,1,0,37
בניין חדש,https://nad-lan.co.il/projects/,0,1,0,51
"בניין לתמ""א 38",https://nad-lan.co.il/urban-renewal/tama-38-tel-aviv/,0,1,0,26
בנייני בוטיק,https://nad-lan.co.il/projects/,0,22,0,66.36363636363636
בנייני מגורים בתל אביב,https://nad-lan.co.il/projects/,0,1,0,52
בניינים חדשים,https://nad-lan.co.il/projects/,0,36,0,28.25
בניינים חדשים בראשון לציון,https://nad-lan.co.il/projects/,0,5,0,41.8
בניינים חדשים ברמת גן,https://nad-lan.co.il/projects/,0,1,0,41
בניינים חדשים בתל אביב,https://nad-lan.co.il/projects/,0,1,0,37
בניינים להשכרה,https://nad-lan.co.il/site-map/,0,1,0,59
בניית בנייני מגורים,https://nad-lan.co.il/projects/,0,1,0,45
בניית בתים ברמת צבי,https://nad-lan.co.il/projects/,0,1,0,49
בנק לאומי חישוב משכנתא,https://nad-lan.co.il/mortgage-calculator/,0,1,0,49
בנק לאומי מחשבון משכנתא,https://nad-lan.co.il/mortgage-calculator/,0,1,0,42
בסר שדה דב,https://nad-lan.co.il/sde-dov/,0,2,0,9
בעלי 3 דירות ומעלה,https://nad-lan.co.il/investment/,0,1,0,77
בעלי המלאכה 12,https://nad-lan.co.il/projects/,0,1,0,49
בצלאל 28,https://nad-lan.co.il/,0,1,0,93
בצלאל 28,https://nad-lan.co.il/projects/,0,1,0,53
בצפון,https://nad-lan.co.il/professionals/%D7%91%D7%95%D7%A1%D7%A7%D7%99%D7%9C%D7%94-%D7%90%D7%99%D7%AA%D7%9F/,0,1,0,3
בקרת איכות בבניה,https://nad-lan.co.il/glossary/%D7%AA%D7%95%D7%9B%D7%A0%D7%99%D7%AA-%D7%91%D7%A7%D7%A8%D7%AA-%D7%90%D7%99%D7%9B%D7%95%D7%AA/,0,14,0,40.785714285714285
בקרת איכות בבנייה,https://nad-lan.co.il/glossary/%D7%AA%D7%95%D7%9B%D7%A0%D7%99%D7%AA-%D7%91%D7%A7%D7%A8%D7%AA-%D7%90%D7%99%D7%9B%D7%95%D7%AA/,0,9,0,34.22222222222222
בקרת איכות בניה,https://nad-lan.co.il/glossary/%D7%AA%D7%95%D7%9B%D7%A0%D7%99%D7%AA-%D7%91%D7%A7%D7%A8%D7%AA-%D7%90%D7%99%D7%9B%D7%95%D7%AA/,0,10,0,28.6
בקרת איכות לבניה,https://nad-lan.co.il/glossary/%D7%AA%D7%95%D7%9B%D7%A0%D7%99%D7%AA-%D7%91%D7%A7%D7%A8%D7%AA-%D7%90%D7%99%D7%9B%D7%95%D7%AA/,0,15,0,46.93333333333333
בקרת ביצוע,https://nad-lan.co.il/glossary/%D7%9E%D7%9B%D7%95%D7%A0%D7%99-%D7%91%D7%A7%D7%A8%D7%94/,0,2,0,49.5
בקרת בניה לאדריכלים,https://nad-lan.co.il/glossary/%D7%9E%D7%9B%D7%95%D7%A0%D7%99-%D7%91%D7%A7%D7%A8%D7%94/,0,1,0,72
בקרת בנייה,https://nad-lan.co.il/glossary/%D7%9E%D7%9B%D7%95%D7%A0%D7%99-%D7%91%D7%A7%D7%A8%D7%94/,0,2,0,43
בקשה למינוי שמאי מכריע,https://nad-lan.co.il/glossary/%D7%A9%D7%9E%D7%90%D7%99-%D7%9E%D7%9B%D7%A8%D7%99%D7%A2/,0,2,0,50
בר נעמני,https://nad-lan.co.il/investment/,0,1,0,85
בראלי 8 תל אביב,https://nad-lan.co.il/,0,1,0,24
בראשית בבלי,https://nad-lan.co.il/projects/,0,1,0,60
בראשית בבלי מחירים,https://nad-lan.co.il/premium/,0,1,0,56
ברגי בטון,https://nad-lan.co.il/glossary/%D7%91%D7%95%D7%A8%D7%92-%D7%A2%D7%99%D7%92%D7%95%D7%9F-%D7%91%D7%98%D7%95%D7%9F/,0,1,0,28
ברגי עיגון,https://nad-lan.co.il/glossary/%D7%91%D7%95%D7%A8%D7%92-%D7%A2%D7%99%D7%92%D7%95%D7%9F-%D7%91%D7%98%D7%95%D7%9F/,0,5,0,13.6
ברודצקי 27 תל אביב,https://nad-lan.co.il/projects/,0,1,0,51
ברודצקי צפון,https://nad-lan.co.il/projects/,0,1,0,56
ברל לוקר 13,https://nad-lan.co.il/projects/,0,1,0,52
ברמת אביב,https://nad-lan.co.il/professionals/%D7%90%D7%91%D7%99%D7%98%D7%9C-%D7%90%D7%9C%D7%99/,0,1,0,2
ברנדיס 17 תל אביב,https://nad-lan.co.il/echo-city/,0,1,0,48
ברנוביץ תבניות,https://nad-lan.co.il/glossary/%D7%A9%D7%99%D7%98%D7%AA-%D7%91%D7%A8%D7%A0%D7%95%D7%91%D7%99%D7%A5/,0,1,0,40
ברנוביץ',https://nad-lan.co.il/glossary/%D7%A9%D7%99%D7%98%D7%AA-%D7%91%D7%A8%D7%A0%D7%95%D7%91%D7%99%D7%A5/,0,3,0,30.666666666666668
ברנר 21 רחובות,https://nad-lan.co.il/projects/,0,1,0,46
בתי אמנה ברוכין,https://nad-lan.co.il/site-map/,0,1,0,66
בתים באירופה,https://nad-lan.co.il/global/,0,1,0,76
בתים חדשים,https://nad-lan.co.il/projects/,0,14,0,27.285714285714285
בתים חדשים למכירה,https://nad-lan.co.il/projects/,0,7,0,23.857142857142858
בתים חדשים למכירה,https://nad-lan.co.il/properties/,0,2,0,16
בתים להשקעה,https://nad-lan.co.il/,0,1,0,54
בתים להשקעה,https://nad-lan.co.il/investment/,0,10,0,49.5
בתים להשקעה,https://nad-lan.co.il/properties/,0,8,0,71.5
בתים למכירה באלוני אבא,https://nad-lan.co.il/properties/,0,3,0,42
בתים מעוצבים 2026,https://nad-lan.co.il/interior-design-trends-2026-israel/,0,1,0,54
גאיה גליל ים,https://nad-lan.co.il/projects/,0,1,0,64
גב ים מגורים,https://nad-lan.co.il/projects/,0,1,0,49
גבס,https://nad-lan.co.il/glossary/%D7%9C%D7%95%D7%97-%D7%92%D7%91%D7%A1-%D7%90%D7%93%D7%95%D7%9D/,0,1,0,45
גבס אדום,https://nad-lan.co.il/glossary/%D7%9C%D7%95%D7%97-%D7%92%D7%91%D7%A1-%D7%90%D7%93%D7%95%D7%9D/,0,31,0,9.96774193548387
גבס אדום חסין אש,https://nad-lan.co.il/glossary/%D7%9C%D7%95%D7%97-%D7%92%D7%91%D7%A1-%D7%90%D7%93%D7%95%D7%9D/,0,6,0,22.166666666666668
גבס אדום מחיר,https://nad-lan.co.il/glossary/%D7%9C%D7%95%D7%97-%D7%92%D7%91%D7%A1-%D7%90%D7%93%D7%95%D7%9D/,0,1,0,11
גבס אדום עמידות אש,https://nad-lan.co.il/glossary/%D7%9C%D7%95%D7%97-%D7%92%D7%91%D7%A1-%D7%90%D7%93%D7%95%D7%9D/,0,1,0,20
גבס צהוב,https://nad-lan.co.il/glossary/%D7%9C%D7%95%D7%97-%D7%92%D7%91%D7%A1-%D7%90%D7%93%D7%95%D7%9D/,0,4,0,34.75
גבעת בראשית ירושלים,https://nad-lan.co.il/projects/,0,1,0,69
גבעת בראשית מחירי דירות,https://nad-lan.co.il/,0,1,0,30
גבעת המטוס פרויקטים,https://nad-lan.co.il/projects/,0,1,0,61
גד קליר,https://nad-lan.co.il/professionals/%D7%A7%D7%9C%D7%99%D7%A8-%D7%92%D7%93/,0,1,0,8
גדי רולניק,https://nad-lan.co.il/professionals/%D7%A8%D7%95%D7%9C%D7%A0%D7%99%D7%A7-%D7%92%D7%93%D7%99/,0,5,0,8.6
גוב נדלן,https://nad-lan.co.il/,0,1,0,39
גוב נדלן,https://nad-lan.co.il/buying-apartment/,0,1,0,62
גולדה שרונה,https://nad-lan.co.il/projects/%D7%92%D7%95%D7%9C%D7%93%D7%94-%D7%94%D7%95%D7%A4%D7%99%D7%99%D7%9F-%D7%93%D7%99%D7%A8%D7%94-%D7%9C%D7%94%D7%A9%D7%9B%D7%99%D7%A8/,0,1,0,51
גולומב 17 רמת השרון,https://nad-lan.co.il/,0,1,0,57
גוש חלקה נסח טאבו,https://nad-lan.co.il/tabu-extract-check/,0,16,0,42.9375
גיא גואטה,https://nad-lan.co.il/professionals/%D7%92%D7%95%D7%90%D7%98%D7%94-%D7%92%D7%99%D7%90/,0,3,0,11.666666666666666
גיא קמפינסקי,https://nad-lan.co.il/professionals/%D7%A7%D7%9E%D7%A4%D7%99%D7%A0%D7%A1%D7%A7%D7%99-%D7%92%D7%99%D7%90/,0,3,0,5.333333333333333
גימל החדשה,https://nad-lan.co.il/,0,1,0,73
גימל החדשה,https://nad-lan.co.il/projects/,0,1,0,48
גינדי בשדה דב,https://nad-lan.co.il/sde-dov/,0,2,0,38.5
גינדי שדה דב,https://nad-lan.co.il/sde-dov/,0,3,0,36.333333333333336
גינדי שדה דב מחירים,https://nad-lan.co.il/sde-dov/,0,2,0,22.5
גינדי שדה דב תל אביב,https://nad-lan.co.il/sde-dov/,0,1,0,34
גינדי שדה דוב,https://nad-lan.co.il/sde-dov/,0,1,0,38
גינת בילטמור,https://nad-lan.co.il/projects/,0,1,0,55
גישת ההשוואה,https://nad-lan.co.il/glossary/%D7%92%D7%99%D7%A9%D7%AA-%D7%94%D7%94%D7%A9%D7%95%D7%95%D7%90%D7%94/,0,14,0,17.285714285714285
גישת היוון הכנסות,https://nad-lan.co.il/glossary/%D7%92%D7%99%D7%A9%D7%AA-%D7%94%D7%94%D7%9B%D7%A0%D7%A1%D7%95%D7%AA/,0,8,0,25.875
גליל פח מגולוון,https://nad-lan.co.il/glossary/%D7%A4%D7%A8%D7%95%D7%A4%D7%99%D7%9C-%D7%A4%D7%97-%D7%9E%D7%92%D7%95%D7%9C%D7%95%D7%95%D7%9F/,0,27,0,26.62962962962963
גלים התחדשות עירונית,https://nad-lan.co.il/projects/,0,1,0,50
גלעד אברהמי,https://nad-lan.co.il/professionals/%D7%90%D7%91%D7%A8%D7%94%D7%9E%D7%99-%D7%92%D7%9C%D7%A2%D7%93/,0,2,0,39.5
גנדלמן הנדסה,https://nad-lan.co.il/professionals/%D7%92%D7%A0%D7%93%D7%9C%D7%9E%D7%9F-%D7%99%D7%A8%D7%95%D7%9F/,0,1,0,34
גני תקווה פרויקטים חדשים,https://nad-lan.co.il/projects/,0,1,0,48
גראב נדלן,https://nad-lan.co.il/,0,1,0,19
גרוזנברג 7,https://nad-lan.co.il/projects/,0,1,0,71
גרינשטיין 16 פתח תקווה,https://nad-lan.co.il/projects/,0,1,0,39
גרמושקה,https://nad-lan.co.il/glossary/%D7%92%D7%A8%D7%9E%D7%95%D7%A9%D7%A7%D7%94/,0,12,0,51
גרמושקה pdf,https://nad-lan.co.il/glossary/%D7%92%D7%A8%D7%9E%D7%95%D7%A9%D7%A7%D7%94/,0,1,0,30
גרמושקה בעברית,https://nad-lan.co.il/glossary/%D7%92%D7%A8%D7%9E%D7%95%D7%A9%D7%A7%D7%94/,0,1,0,50
גרמושקה היתר בניה,https://nad-lan.co.il/glossary/%D7%92%D7%A8%D7%9E%D7%95%D7%A9%D7%A7%D7%94/,0,1,0,24
גרמושקה לדוגמא,https://nad-lan.co.il/glossary/%D7%92%D7%A8%D7%9E%D7%95%D7%A9%D7%A7%D7%94/,0,5,0,40.2
גרמושקה מה זה,https://nad-lan.co.il/glossary/%D7%92%D7%A8%D7%9E%D7%95%D7%A9%D7%A7%D7%94/,0,2,0,46.5
ד ש מגורי ישראל,https://nad-lan.co.il/,0,1,0,61
דאמל,https://nad-lan.co.il/,0,2,0,40
דאמל,https://nad-lan.co.il/premium/,0,1,0,72
דאמל,https://nad-lan.co.il/projects/%D7%94%D7%A2%D7%9E%D7%9C/,0,2,0,59
דאמל נדלן,https://nad-lan.co.il/,0,1,0,32
דב הוז המעפילים,https://nad-lan.co.il/projects/,0,1,0,50
דב ממזריץ יפו,https://nad-lan.co.il/,0,1,0,57
"דב""י",https://nad-lan.co.il/projects/dimri-yama-sde-dov/,0,1,0,3
דו משפחתי,https://nad-lan.co.il/property-value-estimator/,0,1,0,2
דואו,https://nad-lan.co.il/projects/duo-tel-aviv/,0,18,0,19.5
דואו תל אביב,https://nad-lan.co.il/projects/duo-tel-aviv/,0,1,0,25
דובנוב 1 ירושלים,https://nad-lan.co.il/projects/,0,2,0,50
דובנוב 4,https://nad-lan.co.il/projects/,0,3,0,52.333333333333336
דוגמא להצעת מחיר לבניית שלד,https://nad-lan.co.il/glossary/%D7%9E%D7%97%D7%99%D7%A8%D7%95%D7%9F-%D7%93%D7%A7%D7%9C-%D7%9C%D7%91%D7%A0%D7%99%D7%99%D7%94-%D7%95%D7%AA%D7%A9%D7%AA%D7%99%D7%95%D7%AA/,0,1,0,31
דוד המלך 22 תל אביב,https://nad-lan.co.il/projects/,0,1,0,43
דוד רמז 23 תל אביב,https://nad-lan.co.il/projects/,0,2,0,37
דוח אל הרס,https://nad-lan.co.il/glossary/%D7%91%D7%93%D7%99%D7%A7%D7%95%D7%AA-%D7%90%D7%9C-%D7%94%D7%A8%D7%A1/,0,3,0,28.666666666666668
דונה 1 מודיעין,https://nad-lan.co.il/,0,2,0,61
דונה 1 מודיעין,https://nad-lan.co.il/premium/,0,2,0,66
דונה 1 מודיעין,https://nad-lan.co.il/projects/,0,2,0,47.5
דונה crown מודיעין,https://nad-lan.co.il/,0,1,0,58
דונה אשקלון,https://nad-lan.co.il/,0,1,0,48
דונה אשקלון,https://nad-lan.co.il/premium/,0,1,0,58
דונה קראון,https://nad-lan.co.il/,0,1,0,47
דונה שוהם,https://nad-lan.co.il/,0,1,0,43
דוקטור מוחמד אשקר,https://nad-lan.co.il/professionals/%D7%90%D7%A9%D7%A7%D7%A8-%D7%9E%D7%95%D7%97%D7%9E%D7%93/,0,13,0,24.846153846153847
דור לרון,https://nad-lan.co.il/professionals/,0,1,0,67
דיבל גבס אדום,https://nad-lan.co.il/glossary/%D7%9C%D7%95%D7%97-%D7%92%D7%91%D7%A1-%D7%90%D7%93%D7%95%D7%9D/,0,1,0,31
דיבל כימי,https://nad-lan.co.il/glossary/%D7%A2%D7%95%D7%92%D7%9F-%D7%9B%D7%99%D7%9E%D7%99/,0,3,0,31
דיבל כימי לבלוק,https://nad-lan.co.il/glossary/%D7%A2%D7%95%D7%92%D7%9F-%D7%9B%D7%99%D7%9E%D7%99/,0,2,0,38.5
דיור רמת אביב,https://nad-lan.co.il/projects/einstein-tower/,0,1,0,87
דייר סרבן,https://nad-lan.co.il/glossary/dayar-sarvan/,0,2,0,63.5
דייר סרבן חדרה,https://nad-lan.co.il/glossary/dayar-sarvan/,0,2,0,42
דייר סרבן מעלות,https://nad-lan.co.il/glossary/dayar-sarvan/,0,1,0,81
דייר סרבן תל אביב,https://nad-lan.co.il/glossary/dayar-sarvan/,0,3,0,67
דירה,https://nad-lan.co.il/,0,3,0,67
דירה,https://nad-lan.co.il/properties/,0,3,0,97.33333333333333
דירה 4 חדרים רחובות עד 7500,https://nad-lan.co.il/investment/rehovot-investment-apartment/,0,1,0,7
דירה ב 200 אלף שקל,https://nad-lan.co.il/investment/,0,1,0,42
דירה בדובאי מחיר,https://nad-lan.co.il/global/dubai/,0,4,0,5
דירה בשדרות קרוב לגבול,https://nad-lan.co.il/properties/,0,1,0,67
דירה חדשה,https://nad-lan.co.il/,0,5,0,90.2
דירה חדשה,https://nad-lan.co.il/projects/,0,32,0,25.84375
דירה חדשה בהרצליה,https://nad-lan.co.il/herzliya-apartment-prices/,0,1,0,17
דירה חדשה ביפו,https://nad-lan.co.il/projects/%D7%99%D7%A4%D7%95/,0,1,0,55
דירה חדשה בראש פינה,https://nad-lan.co.il/projects/%D7%A8%D7%90%D7%A9-%D7%A4%D7%99%D7%A0%D7%94/,0,1,0,16
דירה חדשה בראשון לציון,https://nad-lan.co.il/projects/,0,2,0,40.5
דירה חדשה בתל אביב,https://nad-lan.co.il/projects/,0,26,0,32.19230769230769
דירה חדשה מקבלן,https://nad-lan.co.il/projects/,0,91,0,31.439560439560438
דירה חדשה מקבלן בתל אביב,https://nad-lan.co.il/new-projects/new-projects-tel-aviv/,0,23,0,18.47826086956522
דירה חדשה מקבלן בתל אביב,https://nad-lan.co.il/projects/,0,1,0,53
דירה להשקעה,https://nad-lan.co.il/investment/,0,17,0,53.64705882352941
דירה למכירה בשדה דב,https://nad-lan.co.il/sde-dov/,0,18,0,40.77777777777778
דירה למכירה בשדה דב,https://nad-lan.co.il/sde-dov/prices/,0,12,0,18.333333333333332
דירה מקבלן,https://nad-lan.co.il/,0,2,0,99
דירה מקבלן,https://nad-lan.co.il/projects/,0,7,0,32
דירה מקבלן בתשלומים נוחים,https://nad-lan.co.il/buying-new-apartment-developer-2026-negotiation/,0,1,0,8
דירה על הנייר,https://nad-lan.co.il/,0,9,0,91.22222222222223
דירה על הנייר,https://nad-lan.co.il/projects/,0,28,0,67.14285714285714
דירה על נייר,https://nad-lan.co.il/,0,1,0,82
דירה קטנה לסטודנט ליד אוניברסיטה,https://nad-lan.co.il/investment/where-to-buy-investment-apartment/,0,6,0,5.666666666666667
דירות,https://nad-lan.co.il/,0,28,0,44.607142857142854
דירות,https://nad-lan.co.il/projects/duo-tel-aviv/,0,1,0,1
דירות,https://nad-lan.co.il/properties/,0,47,0,51.95744680851064
דירות,https://nad-lan.co.il/site-map/,0,8,0,83.375
דירות 2 חדרים,https://nad-lan.co.il/projects/duo-tel-aviv/,0,1,0,3
דירות 7,https://nad-lan.co.il/properties/,0,1,0,50
דירות ב,https://nad-lan.co.il/,0,1,0,35
דירות באירופה,https://nad-lan.co.il/global/,0,9,0,84.22222222222223
דירות באשקלון למכירה,https://nad-lan.co.il/ashkelon-apartment-prices/,0,1,0,9
"דירות בחו""ל",https://nad-lan.co.il/global/,0,4,0,58.75
"דירות בחו""ל למכירה",https://nad-lan.co.il/global/,0,11,0,61.90909090909091
דירות בישראל,https://nad-lan.co.il/properties/,0,1,0,45
דירות בשדה דב,https://nad-lan.co.il/,0,1,0,69
דירות בשדה דב,https://nad-lan.co.il/sde-dov/,0,26,0,43.53846153846154
דירות בשדה דב,https://nad-lan.co.il/sde-dov/prices/,0,21,0,11.761904761904763
דירות בשדה דוב,https://nad-lan.co.il/sde-dov/prices/,0,6,0,3.8333333333333335
דירות חדשות,https://nad-lan.co.il/,0,43,0,84.76744186046511
דירות חדשות,https://nad-lan.co.il/projects/,0,82,0,44.573170731707314
דירות חדשות אור יהודה,https://nad-lan.co.il/projects/,0,1,0,65
דירות חדשות אם המושבות,https://nad-lan.co.il/petah-tikva-apartment-prices/,0,2,0,9.5
דירות חדשות באבן יהודה,https://nad-lan.co.il/projects/,0,20,0,46.7
דירות חדשות באור יהודה,https://nad-lan.co.il/projects/,0,1,0,54
דירות חדשות באזור,https://nad-lan.co.il/,0,5,0,74
דירות חדשות באזור,https://nad-lan.co.il/projects/,0,18,0,41.166666666666664
דירות חדשות באלפי מנשה,https://nad-lan.co.il/projects/,0,11,0,48.90909090909091
דירות חדשות בבאר יעקב,https://nad-lan.co.il/projects/,0,6,0,47.666666666666664
דירות חדשות בבאר שבע,https://nad-lan.co.il/projects/,0,35,0,27.714285714285715
דירות חדשות בבני ברק,https://nad-lan.co.il/projects/,0,24,0,40.333333333333336
דירות חדשות בבניה,https://nad-lan.co.il/new-projects/new-projects-tel-aviv/,0,35,0,17.34285714285714
דירות חדשות בבניה,https://nad-lan.co.il/projects/,0,19,0,52.1578947368421
דירות חדשות בדרום תל אביב,https://nad-lan.co.il/projects/,0,4,0,35.25
דירות חדשות בהדר,https://nad-lan.co.il/projects/%D7%94%D7%93%D7%A8-6/,0,3,0,25
דירות חדשות בהוד השרון,https://nad-lan.co.il/projects/,0,10,0,52.3
דירות חדשות ביהוד,https://nad-lan.co.il/projects/,0,5,0,55.6
דירות חדשות ביפו,https://nad-lan.co.il/projects/,0,1,0,79
דירות חדשות ביפו,https://nad-lan.co.il/projects/%D7%99%D7%A4%D7%95/,0,1,0,64
דירות חדשות בירושלים,https://nad-lan.co.il/jerusalem-apartment-prices/,0,4,0,42.25
דירות חדשות בישראל,https://nad-lan.co.il/,0,16,0,89.375
דירות חדשות בישראל,https://nad-lan.co.il/new-projects/new-projects-tel-aviv/,0,20,0,14.7
דירות חדשות בישראל,https://nad-lan.co.il/projects/,0,33,0,38.121212121212125
דירות חדשות בכפר סבא,https://nad-lan.co.il/projects/,0,8,0,70.5
דירות חדשות במוצא עילית,https://nad-lan.co.il/professionals/azorim/,0,1,0,4
דירות חדשות במחיר מציאה,https://nad-lan.co.il/projects/,0,4,0,21.75
דירות חדשות במצליח,https://nad-lan.co.il/,0,9,0,63.44444444444444
דירות חדשות במצליח,https://nad-lan.co.il/projects/,0,28,0,30.035714285714285
דירות חדשות במרכז,https://nad-lan.co.il/projects/,0,8,0,32.625
דירות חדשות בני ברק,https://nad-lan.co.il/projects/,0,2,0,32
דירות חדשות בנעלה,https://nad-lan.co.il/properties/,0,1,0,63
דירות חדשות בנתניה מחירים,https://nad-lan.co.il/netanya-apartment-prices/,0,2,0,26
דירות חדשות בפרדס כץ,https://nad-lan.co.il/projects/,0,3,0,44.333333333333336
דירות חדשות בפתח תקווה,https://nad-lan.co.il/projects/,0,35,0,34.94285714285714
דירות חדשות בצפון,https://nad-lan.co.il/projects/,0,2,0,41.5
דירות חדשות בצפון תל אביב,https://nad-lan.co.il/projects/,0,36,0,24.77777777777778
דירות חדשות בקצרין,https://nad-lan.co.il/projects/,0,4,0,43.75
דירות חדשות בקרית מלאכי,https://nad-lan.co.il/projects/,0,6,0,50.166666666666664
דירות חדשות בקרית מנחם,https://nad-lan.co.il/projects/,0,2,0,48
דירות חדשות בראש פינה,https://nad-lan.co.il/projects/%D7%A8%D7%90%D7%A9-%D7%A4%D7%99%D7%A0%D7%94/,0,5,0,22
דירות חדשות בראשון לציון,https://nad-lan.co.il/projects/,0,23,0,42.608695652173914
דירות חדשות ברמת ישי,https://nad-lan.co.il/projects/,0,7,0,41
דירות חדשות בשדרות,https://nad-lan.co.il/projects/,0,14,0,69.21428571428571
דירות חדשות בשדרות,https://nad-lan.co.il/projects/ashdar-einstein/,0,13,0,46.69230769230769
דירות חדשות בשלומי,https://nad-lan.co.il/projects/,0,11,0,44.09090909090909
דירות חדשות בתל אביב,https://nad-lan.co.il/projects/,0,141,0,34.794326241134755
דירות חדשות בתל אביב יפו,https://nad-lan.co.il/projects/,0,1,0,36
דירות חדשות בתל אביב למכירה,https://nad-lan.co.il/projects/,0,2,0,29.5
דירות חדשות לאכלוס מיידי,https://nad-lan.co.il/projects/,0,1,0,67
דירות חדשות להשקעה,https://nad-lan.co.il/projects/,0,1,0,39
דירות חדשות למכירה,https://nad-lan.co.il/,0,27,0,62.888888888888886
דירות חדשות למכירה,https://nad-lan.co.il/projects/,0,148,0,42.33783783783784
דירות חדשות מקבלן,https://nad-lan.co.il/,0,2,0,89
דירות חדשות מקבלן,https://nad-lan.co.il/projects/,0,78,0,42.93589743589744
דירות חדשות מקבלן באשדוד מחיר,https://nad-lan.co.il/ashdod-apartment-prices/,0,4,0,5.25
דירות חדשות מקבלן בבאר שבע,https://nad-lan.co.il/projects/,0,2,0,21.5
דירות חדשות מקבלן בפתח תקווה,https://nad-lan.co.il/projects/,0,8,0,30.75
דירות חדשות מקבלן בראשון לציון,https://nad-lan.co.il/projects/,0,10,0,38.2
דירות חדשות מקבלן בתל אביב,https://nad-lan.co.il/projects/,0,16,0,43.3125
דירות חדשות מקבלן להשכרה,https://nad-lan.co.il/projects/,0,1,0,47
דירות חדשות שדרות,https://nad-lan.co.il/projects/,0,1,0,46
דירות חדשות תל אביב,https://nad-lan.co.il/projects/,0,55,0,35.03636363636364
דירות יד ראשונה,https://nad-lan.co.il/,0,1,0,27
דירות לאיכלוס מיידי,https://nad-lan.co.il/,0,1,0,58
דירות להשקעה,https://nad-lan.co.il/investment/,0,48,0,56.6875
דירות להשקעה,https://nad-lan.co.il/properties/,0,24,0,52.958333333333336
דירות להשקעה באירופה,https://nad-lan.co.il/global/,0,24,0,87.375
דירות להשקעה בארץ,https://nad-lan.co.il/investment/,0,14,0,66.28571428571429
"דירות להשקעה בחו""ל",https://nad-lan.co.il/global/,0,23,0,78.30434782608695
דירות להשקעה בחול,https://nad-lan.co.il/global/,0,3,0,84.33333333333333
דירות להשקעה בישראל,https://nad-lan.co.il/investment/,0,10,0,44.7
דירות להשקעה במרכז,https://nad-lan.co.il/properties/,0,7,0,44.857142857142854
דירות להשקעה בתאילנד,https://nad-lan.co.il/global/thailand/,0,10,0,35.1
דירות להשקעה עד 800 אלף,https://nad-lan.co.il/properties/,0,1,0,48
דירות למכירה,https://nad-lan.co.il/properties/,0,4,0,23.75
דירות למכירה בחרשת הזית,https://nad-lan.co.il/properties/,0,17,0,26.529411764705884
דירות למכירה בישראל,https://nad-lan.co.il/properties/,0,2,0,31
דירות למכירה בלב העיר,https://nad-lan.co.il/properties/,0,5,0,29
דירות למכירה במרכז הארץ,https://nad-lan.co.il/properties/,0,2,0,40
דירות למכירה בשדה דב,https://nad-lan.co.il/,0,1,0,30
דירות למכירה בשדה דב,https://nad-lan.co.il/sde-dov/,0,52,0,36.15384615384615
דירות למכירה בשדה דב,https://nad-lan.co.il/sde-dov/prices/,0,35,0,18.057142857142857
דירות למכירה בתל אביב פרויקטים חדשים,https://nad-lan.co.il/projects/,0,25,0,27.72
דירות למכירה חדשות,https://nad-lan.co.il/projects/,0,2,0,40.5
דירות למכירה מקבלן,https://nad-lan.co.il/projects/,0,2,0,40.5
דירות למכירה על הנייר,https://nad-lan.co.il/,0,1,0,45
דירות למכירה על הנייר,https://nad-lan.co.il/projects/,0,1,0,67
דירות למשקיעים,https://nad-lan.co.il/investment/,0,10,0,35.5
דירות למשקיעים באשדוד,https://nad-lan.co.il/investment/ashdod-investment-apartment/,0,23,0,23.26086956521739
דירות מיקרו,https://nad-lan.co.il/,0,1,0,66
דירות מיקרו ליבינג,https://nad-lan.co.il/,0,1,0,85
דירות מיקרו ליבינג,https://nad-lan.co.il/projects/,0,1,0,59
דירות מקבלן,https://nad-lan.co.il/,0,17,0,82.47058823529412
דירות מקבלן,https://nad-lan.co.il/projects/,0,77,0,37.35064935064935
דירות מקבלן בפתח תקווה,https://nad-lan.co.il/projects/,0,1,0,37
דירות מקבלן בראשון לציון,https://nad-lan.co.il/projects/,0,5,0,38.8
דירות מקבלן בתל אביב,https://nad-lan.co.il/,0,2,0,78.5
דירות מקבלן בתל אביב,https://nad-lan.co.il/projects/,0,29,0,38.93103448275862
דירות מקבלן למכירה,https://nad-lan.co.il/,0,9,0,60.333333333333336
דירות מקבלן למכירה,https://nad-lan.co.il/projects/,0,17,0,44.529411764705884
דירות מקבלן שדרות,https://nad-lan.co.il/projects/%D7%94%D7%A1%D7%AA%D7%93%D7%A8%D7%95%D7%AA/,0,1,0,87
דירות מקבלן תל אביב,https://nad-lan.co.il/projects/,0,2,0,29
דירות מתחת למחיר השוק,https://nad-lan.co.il/properties/,0,1,0,52
דירות נדלן,https://nad-lan.co.il/,0,1,0,35
דירות נדלן,https://nad-lan.co.il/properties/,0,1,0,61
דירות נדלן,https://nad-lan.co.il/site-map/,0,1,0,85
דירות עד 400 אלף,https://nad-lan.co.il/properties/,0,1,0,49
דירות עד 800 אלף,https://nad-lan.co.il/properties/,0,1,0,55
דירות על הנייר,https://nad-lan.co.il/,0,4,0,86.5
דירות על הנייר,https://nad-lan.co.il/projects/,0,15,0,44.93333333333333
דירות על הנייר למכירה,https://nad-lan.co.il/,0,1,0,70
דירות על הנייר למכירה,https://nad-lan.co.il/projects/,0,1,0,42
דירות פינוי בינוי,https://nad-lan.co.il/projects/,0,1,0,73
דירות קבלן,https://nad-lan.co.il/projects/,0,1,0,30
דירות שדה דב,https://nad-lan.co.il/sde-dov/,0,1,0,53
דירות שדה דב,https://nad-lan.co.il/sde-dov/prices/,0,1,0,17
דירת 2 חדרים,https://nad-lan.co.il/projects/first-sde-dov/,0,1,0,5
דלויה מרכז הבניה,https://nad-lan.co.il/projects/,0,2,0,59
דמי אחזקה,https://nad-lan.co.il/projects/duo-tel-aviv/,0,1,0,3
דמי תיווך,https://nad-lan.co.il/commercial-real-estate/commercial-real-estate-brokerage-fee/,0,38,0,35.5
דמי תיווך מכירת דירה,https://nad-lan.co.il/commercial-real-estate/commercial-real-estate-brokerage-fee/,0,1,0,49
דמי תיווך שכירות,https://nad-lan.co.il/commercial-real-estate/commercial-real-estate-brokerage-fee/,0,2,0,36
דמרי ימה,https://nad-lan.co.il/projects/dimri-yama-sde-dov/,0,1,0,19
דמרי ימה שדה דב,https://nad-lan.co.il/projects/dimri-yama-sde-dov/,0,3,0,9.666666666666666
דמרי נווה אור,https://nad-lan.co.il/projects/,0,1,0,66
דמרי נווה גן,https://nad-lan.co.il/projects/,0,1,0,47
דמרי עיר ימים,https://nad-lan.co.il/projects/,0,3,0,50.333333333333336
דמרי פתח תקווה,https://nad-lan.co.il/,0,1,0,79
דמרי פתח תקווה,https://nad-lan.co.il/projects/,0,1,0,43
דמרי שדה דב,https://nad-lan.co.il/,0,1,0,68
דמרי שדה דב,https://nad-lan.co.il/projects/dimri-yama-sde-dov/,0,2,0,13
דמרי שדה דב,https://nad-lan.co.il/sde-dov/,0,1,0,34
דמרי שדה דב מחירים,https://nad-lan.co.il/projects/dimri-yama-sde-dov/,0,11,0,6.2727272727272725
דן נדלן,https://nad-lan.co.il/,0,4,0,49.5
דניאל 12 בת ים,https://nad-lan.co.il/,0,1,0,49
דנקנר אזור,https://nad-lan.co.il/,0,1,0,75
דנקנר אזור,https://nad-lan.co.il/premium/,0,1,0,81
דנקנר אזור,https://nad-lan.co.il/projects/,0,1,0,45
דנקנר אזור,https://nad-lan.co.il/projects/%D7%94%D7%9E%D7%97%D7%AA%D7%A8%D7%95%D7%AA/,0,1,0,87
דנקנר אזור,https://nad-lan.co.il/projects/%D7%94%D7%A2%D7%9E%D7%9C/,0,1,0,88
דנקנר אזור,https://nad-lan.co.il/projects/%D7%A7%D7%9C%D7%A0%D7%A8/,0,1,0,85
דנקנר אזור,https://nad-lan.co.il/site-map/,0,1,0,89
דקל גרמה,https://nad-lan.co.il/professionals/%D7%92%D7%A8%D7%9E%D7%94-%D7%93%D7%A7%D7%9C/,0,1,0,28
דקל מחיר,https://nad-lan.co.il/glossary/%D7%9E%D7%97%D7%99%D7%A8%D7%95%D7%9F-%D7%93%D7%A7%D7%9C-%D7%9C%D7%91%D7%A0%D7%99%D7%99%D7%94-%D7%95%D7%AA%D7%A9%D7%AA%D7%99%D7%95%D7%AA/,0,1,0,25
דקל מחירון,https://nad-lan.co.il/glossary/%D7%9E%D7%97%D7%99%D7%A8%D7%95%D7%9F-%D7%93%D7%A7%D7%9C-%D7%9C%D7%91%D7%A0%D7%99%D7%99%D7%94-%D7%95%D7%AA%D7%A9%D7%AA%D7%99%D7%95%D7%AA/,0,21,0,19.952380952380953
דקל מחירון בניה,https://nad-lan.co.il/glossary/%D7%9E%D7%97%D7%99%D7%A8%D7%95%D7%9F-%D7%93%D7%A7%D7%9C-%D7%9C%D7%91%D7%A0%D7%99%D7%99%D7%94-%D7%95%D7%AA%D7%A9%D7%AA%D7%99%D7%95%D7%AA/,0,18,0,16.61111111111111
דקל מחירונים,https://nad-lan.co.il/glossary/%D7%93%D7%A7%D7%9C-%D7%AA%D7%95%D7%9B%D7%A0%D7%94/,0,1,0,8
דקל מחירונים,https://nad-lan.co.il/glossary/%D7%9E%D7%97%D7%99%D7%A8%D7%95%D7%9F-%D7%93%D7%A7%D7%9C-%D7%9C%D7%91%D7%A0%D7%99%D7%99%D7%94-%D7%95%D7%AA%D7%A9%D7%AA%D7%99%D7%95%D7%AA/,0,23,0,15.391304347826088
דקל שיפוצים מחירון,https://nad-lan.co.il/glossary/%D7%9E%D7%97%D7%99%D7%A8%D7%95%D7%9F-%D7%93%D7%A7%D7%9C-%D7%9C%D7%91%D7%A0%D7%99%D7%99%D7%94-%D7%95%D7%AA%D7%A9%D7%AA%D7%99%D7%95%D7%AA/,0,12,0,21.25
דקל תוכנה,https://nad-lan.co.il/glossary/%D7%93%D7%A7%D7%9C-%D7%AA%D7%95%D7%9B%D7%A0%D7%94/,0,73,0,9.136986301369863
דרא שיווק,https://nad-lan.co.il/,0,1,0,58
דרור אוהב ציון,https://nad-lan.co.il/,0,1,0,73
דרך השלום 77 תל אביב,https://nad-lan.co.il/projects/,0,1,0,61
דרך השלום 85 תל אביב,https://nad-lan.co.il/projects/,0,1,0,49
דרך השלום 87,https://nad-lan.co.il/projects/,0,1,0,80
דרך השלום 87,https://nad-lan.co.il/projects/%D7%93%D7%A8%D7%9A-%D7%94%D7%A9%D7%9C%D7%95%D7%9D-8789/,0,1,0,25
דרך השלום 87 תל אביב,https://nad-lan.co.il/projects/%D7%93%D7%A8%D7%9A-%D7%94%D7%A9%D7%9C%D7%95%D7%9D-8789/,0,2,0,30.5
דרך השלום 92,https://nad-lan.co.il/projects/,0,1,0,70
דרך השלום 92 תל אביב,https://nad-lan.co.il/,0,1,0,68
דש מגורי ישראל,https://nad-lan.co.il/,0,2,0,65
האבות 11 ראשון לציון,https://nad-lan.co.il/projects/,0,1,0,44
האחים ישראל שדה דב,https://nad-lan.co.il/,0,1,0,56
האחים ישראל שדה דב,https://nad-lan.co.il/sde-dov/,0,1,0,28
האם אפשר לבקר בדיור מוגן לפני ההחלטה?,https://nad-lan.co.il/projects/migdalei-hayam-sde-dov/,0,1,0,24
האם אפשר להתגורר בדיור מוגן לבד או בזוג?,https://nad-lan.co.il/projects/migdalei-hayam-sde-dov/,0,1,0,27
האם אפשר לצאת ולחזור חופשי מדיור מוגן,https://nad-lan.co.il/projects/migdalei-hayam-sde-dov/,0,9,0,9.333333333333334
האם הדיירים במגדלי הים התיכון באמת פעילים?,https://nad-lan.co.il/projects/migdalei-hayam-sde-dov/,0,3,0,7.333333333333333
האם הדירה שלי שווה יותר,https://nad-lan.co.il/property-value-estimator/,0,1,0,22
האם יש אזורים שקטים יותר לדיור מוגן ברמת השרון,https://nad-lan.co.il/investment/ramat-hasharon-investment-apartment/,0,1,0,46
האם יש דיור מוגן יוקרתי בלי דמי כניסה או עם פיקדון נמוך,https://nad-lan.co.il/projects/migdalei-hayam-sde-dov/,0,5,0,9.4
האם יש דירות יוקרה בדיור מוגן,https://nad-lan.co.il/projects/migdalei-hayam-sde-dov/,0,3,0,3
האם יש דירות שונות לבחירה בדיור מוגן,https://nad-lan.co.il/projects/migdalei-hayam-sde-dov/,0,2,0,4
האם יש החזרים כספיים בדיור מוגן,https://nad-lan.co.il/projects/migdalei-hayam-sde-dov/,0,3,0,5.666666666666667
האם יש חוזה ארוך טווח בדיור מוגן,https://nad-lan.co.il/projects/migdalei-hayam-sde-dov/,0,4,0,7
האם יש טיולים מיוחדים לדיירים בדיור מוגן יוקרתי,https://nad-lan.co.il/projects/migdalei-hayam-sde-dov/,0,5,0,9.4
האם יש קהילה פעילה במגדלי הים התיכון?,https://nad-lan.co.il/projects/migdalei-hayam-sde-dov/,0,1,0,4
האם מגדלי הים התיכון באמת נחשב דיור מוגן יוקרתי או שזה בעיקר מיתוג,https://nad-lan.co.il/luxury-apartments-israel-guide-he/,0,3,0,2
האם מגדלי הים התיכון מתאים למי שלא רוצה להיות לבד?,https://nad-lan.co.il/projects/migdalei-hayam-sde-dov/,0,6,0,9.5
האמוראים 11 תל אביב,https://nad-lan.co.il/projects/,0,1,0,48
האמוראים 11 תל אביב,https://nad-lan.co.il/site-map/,0,1,0,84
האשל 16 רמת גן,https://nad-lan.co.il/projects/,0,1,0,34
"הבית של יזמי הנדל""ן בישראל",https://nad-lan.co.il/projects/,0,1,0,47
הברון הירש תל אביב,https://nad-lan.co.il/projects/,0,1,0,54
הגדוד העברי 12 בת ים,https://nad-lan.co.il/projects/,0,1,0,48
הגדוד העברי 53,https://nad-lan.co.il/projects/,0,1,0,40
הגדוד העברי 53 תל אביב,https://nad-lan.co.il/,0,1,0,76
הגדוד העברי 53 תל אביב,https://nad-lan.co.il/projects/,0,1,0,30
הגדוד העברי 57,https://nad-lan.co.il/,0,1,0,36
הגדוד העברי 57,https://nad-lan.co.il/projects/,0,1,0,75
הגדוד העברי 57 תל אביב,https://nad-lan.co.il/,0,1,0,48
הגדוד העברי 57 תל אביב,https://nad-lan.co.il/projects/,0,1,0,26
הגדוד העברי 9 ראשון לציון,https://nad-lan.co.il/projects/,0,1,0,70
הגליל 25 רעננה,https://nad-lan.co.il/projects/,0,2,0,37
הגפן 10 רמת גן,https://nad-lan.co.il/projects/%D7%94%D7%92%D7%A4%D7%9F-8-10-%D7%A8%D7%92/,0,1,0,10
הגפן 8,https://nad-lan.co.il/projects/%D7%94%D7%92%D7%A4%D7%9F-8-10-%D7%A8%D7%92/,0,116,0,9.706896551724139
הגפן 8 רמת גן,https://nad-lan.co.il/projects/%D7%94%D7%92%D7%A4%D7%9F-8-10-%D7%A8%D7%92/,0,10,0,7.6
הגפן הרצליה,https://nad-lan.co.il/projects/,0,2,0,60
הגפן כפר סבא,https://nad-lan.co.il/projects/,0,1,0,60
הד מאסטר,https://nad-lan.co.il/,0,4,0,93
"הדמייה תמ""א 38",https://nad-lan.co.il/glossary/tama-38-term/,0,4,0,94.75
"הדמייה תמ""א 38",https://nad-lan.co.il/urban-renewal/tama-38/,0,2,0,50.5
הדרים הירוקה,https://nad-lan.co.il/projects/,0,1,0,59
הדרך לדירה ראשונה,https://nad-lan.co.il/investment/,0,1,0,39
הדרך למכירת נכס,https://nad-lan.co.il/investment/,0,1,0,34
הדרך למכירת נכס,https://nad-lan.co.il/selling-apartment/,0,1,0,66
ההדרים 7 ראשון לציון,https://nad-lan.co.il/projects/,0,1,0,27
ההיסטוריה,https://nad-lan.co.il/sde-dov/,0,1,0,12
ההסתדרות 42 נס ציונה,https://nad-lan.co.il/urban-renewal/map/,0,1,0,55
ההשוואה,https://nad-lan.co.il/glossary/%D7%92%D7%99%D7%A9%D7%AA-%D7%94%D7%94%D7%A9%D7%95%D7%95%D7%90%D7%94/,0,1,0,64
הוד השרון,https://nad-lan.co.il/hod-hasharon-apartment-prices/,0,3,0,6.333333333333333
הולילנד קרדן,https://nad-lan.co.il/,0,1,0,77
הומפיק,https://nad-lan.co.il/site-map/,0,1,0,42
הון עצמי,https://nad-lan.co.il/investment/,0,3,0,67
הון עצמי 200 אלף,https://nad-lan.co.il/investment/,0,1,0,55
הון עצמי ממוצע בישראל,https://nad-lan.co.il/investment/,0,1,0,41
הוצאת העתק נסח טאבו,https://nad-lan.co.il/tabu-extract-check/,0,1,0,59
הורדת נסח טאבו,https://nad-lan.co.il/selling-apartment/,0,1,0,83
הורוביץ 37 ראשון לציון,https://nad-lan.co.il/projects/,0,2,0,50.5
הושיאר,https://nad-lan.co.il/professionals/%D7%94%D7%95%D7%A9%D7%99%D7%90%D7%A8-%D7%90%D7%91%D7%99/,0,1,0,8
הזדמנויות נדלן,https://nad-lan.co.il/investment/,0,5,0,51.6
הזוהר 21 תל אביב,https://nad-lan.co.il/projects/,0,1,0,23
הזוהר 36 38 תל אביב,https://nad-lan.co.il/projects/,0,1,0,38
הזוהר 4 רחובות,https://nad-lan.co.il/projects/,0,2,0,31
הזמנת נסח,https://nad-lan.co.il/tabu-extract-check/,0,1,0,46
החזר חודשי,https://nad-lan.co.il/mortgage-calculator/,0,1,0,43
החזר חודשי מקסימלי משכנתא,https://nad-lan.co.il/mortgage-calculator/,0,1,0,54
החזר חודשי משכנתא,https://nad-lan.co.il/mortgage-calculator/,0,14,0,53.357142857142854
החזר חודשי משכנתא מחשבון,https://nad-lan.co.il/mortgage-calculator/,0,3,0,42.333333333333336
החזר משכנתא,https://nad-lan.co.il/mortgage-calculator/,0,13,0,38.61538461538461
החזר משכנתא 2 מיליון,https://nad-lan.co.il/mortgage-calculator/,0,1,0,48
החזר משכנתא 400 אלף,https://nad-lan.co.il/mortgage-calculator/,0,1,0,49
החזר משכנתא 900 אלף,https://nad-lan.co.il/mortgage-calculator/,0,1,0,48
החזר משכנתא חודשי,https://nad-lan.co.il/mortgage-calculator/,0,1,0,54
החזר משכנתא חישוב,https://nad-lan.co.il/mortgage-calculator/,0,2,0,53.5
החזר משכנתא מחשבון,https://nad-lan.co.il/mortgage-calculator/,0,6,0,44.166666666666664
החזר משכנתא ממוצע בישראל,https://nad-lan.co.il/mortgage-calculator/,0,2,0,70.5
החזר משכנתא על 2 מיליון,https://nad-lan.co.il/mortgage-calculator/,0,14,0,50.214285714285715
החלטת שמאי מכריע,https://nad-lan.co.il/glossary/%D7%A9%D7%9E%D7%90%D7%99-%D7%9E%D7%9B%D7%A8%D7%99%D7%A2/,0,7,0,68.71428571428571
החרמון 5 תל אביב,https://nad-lan.co.il/projects/,0,1,0,43
החשמונאים 31 רעננה,https://nad-lan.co.il/,0,1,0,77
הטייסים,https://nad-lan.co.il/projects/%D7%94%D7%98%D7%99%D7%99%D7%A1%D7%99%D7%9D-6810/,0,1,0,58
היטל השבחה בפינוי בינוי,https://nad-lan.co.il/glossary/hetel-hashbacha-renewal/,0,1,0,82
היטל השבחה מחיר למטר,https://nad-lan.co.il/selling-apartment/,0,1,0,11
הירקון 54 תל אביב,https://nad-lan.co.il/projects/bnei-dan-54-56/,0,2,0,21.5
הירקון 56 תל אביב,https://nad-lan.co.il/projects/bnei-dan-54-56/,0,1,0,12
היתר בניה לבית פרטי,https://nad-lan.co.il/real-estate-lawyer/building-permit-citizen-guide/,0,4,0,69
היתר בניה לתמא 38,https://nad-lan.co.il/urban-renewal/tama-38-rights-obligations/,0,1,0,39
הכנסה פסיבית נדלן,https://nad-lan.co.il/investment/,0,1,0,79
הכנת תוכניות להיתר,https://nad-lan.co.il/glossary/%D7%92%D7%A8%D7%9E%D7%95%D7%A9%D7%A7%D7%94/,0,1,0,89
הכרעה שמאי מכריע,https://nad-lan.co.il/glossary/%D7%A9%D7%9E%D7%90%D7%99-%D7%9E%D7%9B%D7%A8%D7%99%D7%A2/,0,2,0,62
הכרעת שמאי מכריע,https://nad-lan.co.il/glossary/%D7%A9%D7%9E%D7%90%D7%99-%D7%9E%D7%9B%D7%A8%D7%99%D7%A2/,0,2,0,65.5
הלוואה לדירה להשקעה,https://nad-lan.co.il/investment-property-mortgage/,0,12,0,54.25
הלוואה להשקעה בנדלן,https://nad-lan.co.il/investment-property-mortgage/,0,7,0,84.14285714285714
הלוואה להשקעה בנדלן,https://nad-lan.co.il/investment/,0,16,0,63.125
הלוואה משכנתא,https://nad-lan.co.il/mortgage-calculator/,0,1,0,84
הלוואת בלון מחשבון,https://nad-lan.co.il/mortgage-calculator/,0,10,0,69.7
הלוואת גישור לדירה מחשבון,https://nad-lan.co.il/mortgage-calculator/,0,1,0,64
הלוואת גישור לנדלן,https://nad-lan.co.il/mortgage-calculator/bridge-loan-apartment/,0,1,0,73
הלוואת גישור מחשבון,https://nad-lan.co.il/mortgage-calculator/,0,1,0,73
הלמן,https://nad-lan.co.il/professionals/%D7%94%D7%9C%D7%9E%D7%9F-%D7%99%D7%92%D7%90%D7%9C/,0,1,0,36
הלסינקי 13 תל אביב,https://nad-lan.co.il/projects/,0,2,0,43.5
הלסינקי 15,https://nad-lan.co.il/,0,1,0,48
הלסינקי 15,https://nad-lan.co.il/site-map/,0,1,0,79
המבדיל 10,https://nad-lan.co.il/,0,1,0,36
המדריך המלא למכירת דירה,https://nad-lan.co.il/selling-apartment/,0,2,0,40.5
המדריך לזיהוי קונה רציני לנכס,https://nad-lan.co.il/rishpon-house-prices/,0,6,0,18.166666666666668
המייסדים 5,https://nad-lan.co.il/projects/,0,4,0,30.25
המייסדים הוד השרון,https://nad-lan.co.il/projects/,0,1,0,63
המכבים 68 בני ברק,https://nad-lan.co.il/projects/,0,1,0,38
המעפילים באר שבע,https://nad-lan.co.il/projects/,0,1,0,35
המשוררים לוד,https://nad-lan.co.il/site-map/,0,1,0,82
המשתלה ירושלים,https://nad-lan.co.il/projects/,0,1,0,51
הנביאים 20,https://nad-lan.co.il/projects/,0,1,0,44
"הנדל""ן",https://nad-lan.co.il/,0,4,0,54
"הנדל""ן",https://nad-lan.co.il/properties/,0,2,0,81.5
"הנדל""ן",https://nad-lan.co.il/site-map/,0,2,0,89
הנדלן בישראל,https://nad-lan.co.il/,0,2,0,82
הנדלן בישראל,https://nad-lan.co.il/investment/,0,1,0,33
הנדסאי קונסטרוקטור,https://nad-lan.co.il/glossary/%D7%A7%D7%95%D7%A0%D7%A1%D7%98%D7%A8%D7%95%D7%A7%D7%98%D7%95%D7%A8/,0,1,0,38
הנחת ארנונה על מרתפים בתל אביב,https://nad-lan.co.il/commercial-real-estate/shop-prices-tel-aviv/,0,2,0,7.5
הנרייטה סולד 15 בת ים,https://nad-lan.co.il/,0,1,0,62
הנשיאים 65 פתח תקווה,https://nad-lan.co.il/projects/,0,1,0,27
הסבוראים 7 תל אביב,https://nad-lan.co.il/,0,1,0,73
הסבוראים 7 תל אביב,https://nad-lan.co.il/projects/,0,1,0,38
הסוללים 3 תל אביב,https://nad-lan.co.il/,0,1,0,65
הסטוריית עסקאות נדלן,https://nad-lan.co.il/investment/,0,1,0,28
הסכם עמלת תיווך עסקי,https://nad-lan.co.il/commercial-real-estate/commercial-real-estate-brokerage-fee/,0,1,0,47
הסכם תיווך למכירת עסק,https://nad-lan.co.il/commercial-real-estate/commercial-real-estate-brokerage-fee/,0,3,0,49.666666666666664
הסכמי שירות למערכות שחרור עשן,https://nad-lan.co.il/guides/common-property-handover/,0,1,0,11
הסנה 15 רמת גן,https://nad-lan.co.il/,0,1,0,56
העברה ללא תמורה לקרוב משפחה,https://nad-lan.co.il/real-estate-tax-advisor/gift-transfer-apartment/,0,10,0,86.2
העברת כסף לחול לרכישת דירה,https://nad-lan.co.il/investment/,0,2,0,59
העיר הלבנה נדלן,https://nad-lan.co.il/projects/,0,1,0,36
העלייה 62,https://nad-lan.co.il/projects/,0,1,0,44
העמל 27 רמת גן,https://nad-lan.co.il/projects/,0,1,0,34
העצמאות 21,https://nad-lan.co.il/projects/,0,1,0,38
הערכת דירות לפינוי בינוי,https://nad-lan.co.il/glossary/,0,1,0,93
הערכת מחיר דירה,https://nad-lan.co.il/property-value-estimator/,0,24,0,19.208333333333332
הערכת מחיר דירה בבת ים בחינם,https://nad-lan.co.il/property-value-estimator/,0,20,0,18.9
הערכת מחיר דירה ביבנה,https://nad-lan.co.il/property-value-estimator/,0,5,0,25.4
הערכת נכס,https://nad-lan.co.il/investment/,0,1,0,83
הערכת נכס,https://nad-lan.co.il/property-value-estimator/,0,30,0,22.233333333333334
הערכת נכס באינטרנט,https://nad-lan.co.il/property-value-estimator/,0,17,0,18.176470588235293
הערכת נכס יד 2,https://nad-lan.co.il/property-value-estimator/,0,1,0,34
הערכת נכסים,https://nad-lan.co.il/property-value-estimator/,0,2,0,19.5
הערכת שווי,https://nad-lan.co.il/property-value-estimator/,0,83,0,30.301204819277107
הערכת שווי dcf,https://nad-lan.co.il/glossary/%D7%A0%D7%95%D7%A1%D7%97%D7%AA-dcf/,0,3,0,44.333333333333336
הערכת שווי dcf,https://nad-lan.co.il/glossary/dcf/,0,1,0,71
הערכת שווי dcf דוגמא,https://nad-lan.co.il/glossary/%D7%A0%D7%95%D7%A1%D7%97%D7%AA-dcf/,0,3,0,37.333333333333336
הערכת שווי בית,https://nad-lan.co.il/property-value-estimator/,0,1,0,19
הערכת שווי בית מלון,https://nad-lan.co.il/property-value-estimator/,0,4,0,22.25
הערכת שווי בית פרטי,https://nad-lan.co.il/property-value-estimator/,0,11,0,17.90909090909091
הערכת שווי גג משותף,https://nad-lan.co.il/property-value-estimator/,0,3,0,25
הערכת שווי דירה בחינם,https://nad-lan.co.il/property-value-estimator/,0,38,0,23.07894736842105
הערכת שווי דירה ביבנה,https://nad-lan.co.il/property-value-estimator/,0,4,0,24.75
הערכת שווי דירה בירושה למכירה,https://nad-lan.co.il/property-value-estimator/,0,4,0,30.5
הערכת שווי דירה דרך מתווך רמת אביב,https://nad-lan.co.il/property-value-estimator/,0,2,0,18
הערכת שווי דירה למכירה,https://nad-lan.co.il/property-value-estimator/,0,23,0,14.652173913043478
הערכת שווי דירה למשכנתא,https://nad-lan.co.il/property-value-estimator/,0,9,0,24.333333333333332
הערכת שווי דירה מדלן,https://nad-lan.co.il/property-value-estimator/,0,1,0,33
הערכת שווי דירה מחשבון,https://nad-lan.co.il/property-value-estimator/,0,2,0,15
הערכת שווי דירה מתווך נווה אביבים,https://nad-lan.co.il/property-value-estimator/,0,1,0,16
הערכת שווי דירה נווה אביבים,https://nad-lan.co.il/projects/recanati-residence/,0,1,0,14
הערכת שווי דירה נווה אביבים,https://nad-lan.co.il/property-value-estimator/,0,22,0,16.363636363636363
הערכת שווי דירה רמת אביב הירוקה,https://nad-lan.co.il/property-value-estimator/,0,4,0,14
הערכת שווי דירה רמת אביב הירוקה,https://nad-lan.co.il/ramat-aviv/,0,2,0,5
הערכת שווי דירה רמת אביב הירוקה,https://nad-lan.co.il/ramat-aviv/neve-avivim/,0,2,0,7.5
הערכת שווי חנות,https://nad-lan.co.il/property-value-estimator/,0,1,0,30
הערכת שווי לדירה,https://nad-lan.co.il/property-value-estimator/,0,4,0,20.75
הערכת שווי נכס באינטרנט,https://nad-lan.co.il/property-value-estimator/,0,16,0,20.5625
הערכת שווי נכס ביבנה,https://nad-lan.co.il/property-value-estimator/,0,2,0,23
הערכת שווי נכס יד 2,https://nad-lan.co.il/property-value-estimator/,0,1,0,42
הערכת שווי נכס לפני קניה,https://nad-lan.co.il/property-value-estimator/,0,10,0,21.7
הערכת שווי נכס לפני קניה,https://nad-lan.co.il/property-value/,0,10,0,41.3
הערכת שווי נכס מסחרי,https://nad-lan.co.il/property-value-estimator/,0,3,0,23
הערכת שווי נכסים,https://nad-lan.co.il/property-value-estimator/,0,34,0,26.264705882352942
הערכת שווי קרקעות,https://nad-lan.co.il/property-value-estimator/,0,1,0,40
הערכת שווי תכולת דירה,https://nad-lan.co.il/property-value-estimator/,0,2,0,39
הערכת שמאי לדירה,https://nad-lan.co.il/property-value-estimator/,0,25,0,33.56
הערכת שמאי לדירה מחיר,https://nad-lan.co.il/property-value-estimator/,0,2,0,26
העתק גרמושקה,https://nad-lan.co.il/glossary/%D7%92%D7%A8%D7%9E%D7%95%D7%A9%D7%A7%D7%94/,0,5,0,52.6
העתק נסח טאבו,https://nad-lan.co.il/tabu-extract-check/,0,2,0,40.5
העתק רישום מפנקס הזכויות,https://nad-lan.co.il/tabu-extract-check/,0,1,0,18
הפודים 30,https://nad-lan.co.il/projects/,0,1,0,42
הפחתת חיוב ארנונה על מחסן,https://nad-lan.co.il/commercial-real-estate/commercial-property-for-rent-tel-aviv/,0,1,0,19
הפקת מפרט מכר,https://nad-lan.co.il/guides/new-apartment-sale-specification/,0,2,0,23.5
הפקת תוכנית מכר,https://nad-lan.co.il/guides/new-apartment-sale-specification/,0,1,0,33
הפקת תכנית מכר,https://nad-lan.co.il/guides/new-apartment-sale-specification/,0,8,0,33.875
הפרויקטים,https://nad-lan.co.il/,0,1,0,65
הפרויקטים,https://nad-lan.co.il/projects/,0,1,0,25
הפרויקטים,https://nad-lan.co.il/site-map/,0,1,0,95
הצדיק מירושלים באר שבע,https://nad-lan.co.il/projects/,0,1,0,37
הצוערים פתח תקווה,https://nad-lan.co.il/projects/,0,1,0,36
"הציגי דירות בבנייה חדשה עם תקציב של עד 2.5 מיליון ש""ח",https://nad-lan.co.il/herzliya-apartment-prices/,0,1,0,10
הצנחנים 3,https://nad-lan.co.il/projects/%D7%94%D7%A6%D7%A0%D7%97%D7%A0%D7%99%D7%9D/,0,1,0,51
הצנחנים 8,https://nad-lan.co.il/projects/,0,1,0,73
הצעת מחיר משכנתא,https://nad-lan.co.il/mortgage-calculator/,0,1,0,44
הקבלן,https://nad-lan.co.il/professionals/%D7%9C%D7%99%D7%A9%D7%A2-%D7%A9%D7%A8%D7%95%D7%9F/,0,1,0,1
הקבלן,https://nad-lan.co.il/professionals/%D7%A7%D7%96%D7%95-%D7%9B%D7%94%D7%9F-%D7%99%D7%A2%D7%A7%D7%91/,0,1,0,1
הקוצר,https://nad-lan.co.il/projects/,0,1,0,48
הקוצר 18 רמת השרון,https://nad-lan.co.il/projects/,0,2,0,43.5
הקוצר 6 רמת השרון,https://nad-lan.co.il/projects/,0,1,0,61
הקלה כמותית,https://nad-lan.co.il/glossary/%D7%94%D7%A7%D7%9C%D7%94-%D7%AA%D7%9B%D7%A0%D7%95%D7%A0%D7%99%D7%AA/,0,3,0,47
הקמת גבולות אנליטיים לקו כחול,https://nad-lan.co.il/glossary/%D7%A7%D7%95-%D7%9B%D7%97%D7%95%D7%9C/,0,2,0,20.5
הקצאת קרקע לעסקים,https://nad-lan.co.il/commercial-real-estate/industrial-land-investment/,0,3,0,42.333333333333336
הקצאת קרקעות לעסקים,https://nad-lan.co.il/commercial-real-estate/industrial-land-investment/,0,3,0,41.333333333333336
הראה 194 רמת גן,https://nad-lan.co.il/projects/,0,1,0,30
הראה 196 רמת גן,https://nad-lan.co.il/projects/,0,2,0,52.5
הראה 277 רמת גן,https://nad-lan.co.il/projects/,0,1,0,49
הראה 279 רמת גן,https://nad-lan.co.il/projects/,0,1,0,52
הראשונים 15,https://nad-lan.co.il/,0,1,0,68
הראשונים 15 רמת גן,https://nad-lan.co.il/,0,1,0,60
הראשונים 17 רמת גן,https://nad-lan.co.il/,0,2,0,76.5
הראשונים 17 רמת גן,https://nad-lan.co.il/premium/,0,1,0,87
הראשונים 17 רמת גן,https://nad-lan.co.il/projects/,0,2,0,39.5
הרב בלוי 1 פתח תקווה,https://nad-lan.co.il/projects/,0,1,0,48
הרב קוק 33,https://nad-lan.co.il/projects/,0,1,0,41
הרחוב הכי יקר בירושלים,https://nad-lan.co.il/jerusalem-apartment-prices/,0,1,0,38
הרמה קצרין,https://nad-lan.co.il/projects/,0,1,0,61
הרמה רמת הגולן,https://nad-lan.co.il/projects/,0,1,0,63
הרצליה,https://nad-lan.co.il/herzliya-apartment-prices/,0,2,0,6
הרצליה פיתוח,https://nad-lan.co.il/herzliya-apartment-prices/,0,1,0,7
הרשות להתחדשות עירונית מפה,https://nad-lan.co.il/urban-renewal/map/,0,1,0,2
השבחת דירה,https://nad-lan.co.il/investment/,0,3,0,50.333333333333336
השוואת איכות בנייה בפרויקטים למגורים חדשים באזור המרכז,https://nad-lan.co.il/projects/,0,1,0,30
השוואת תמהילי משכנתא,https://nad-lan.co.il/mortgage-calculator/,0,6,0,61.166666666666664
השכרת דירה לטווח קצר דובאי תשואה,https://nad-lan.co.il/global/dubai/,0,1,0,34
השכרת נכס,https://nad-lan.co.il/investment/,0,13,0,69.15384615384616
השקעה בבקעת אונו,https://nad-lan.co.il/investment/kiryat-ono-investment-apartment/,0,1,0,21
השקעה בדירה,https://nad-lan.co.il/investment/,0,5,0,58
השקעה בדירה של בן הזוג,https://nad-lan.co.il/investment/,0,1,0,36
השקעה בחול,https://nad-lan.co.il/investment/,0,4,0,61.5
השקעה ביוון,https://nad-lan.co.il/global/greece/,0,1,0,18
השקעה במשרדים,https://nad-lan.co.il/investment/,0,4,0,78
השקעה בנדל ן,https://nad-lan.co.il/investment/,0,4,0,65
"השקעה בנדל""ן",https://nad-lan.co.il/investment/,0,7,0,45
"השקעה בנדל""ן באנגליה",https://nad-lan.co.il/global/london/,0,6,0,56.666666666666664
"השקעה בנדל""ן בלונדון",https://nad-lan.co.il/global/london/,0,8,0,36.5
"השקעה בנדל""ן במיאמי",https://nad-lan.co.il/global/miami/,0,14,0,29.857142857142858
"השקעה בנדל""ן במילאנו",https://nad-lan.co.il/global/italy/,0,1,0,30
"השקעה בנדל""ן בניו יורק",https://nad-lan.co.il/global/new-york/,0,10,0,39.8
"השקעה בנדל""ן בפירנצה",https://nad-lan.co.il/short-term-rentals-abroad/short-term-rentals-italy/,0,2,0,3
"השקעה בנדל""ן ברומא",https://nad-lan.co.il/global/italy/,0,1,0,30
השקעה בנדלן,https://nad-lan.co.il/investment/,0,37,0,47.513513513513516
השקעה בנדלן בארץ,https://nad-lan.co.il/investment/,0,5,0,55.6
השקעה בנדלן בישראל,https://nad-lan.co.il/investment/,0,3,0,26.333333333333332
השקעה בנדלן מסחרי,https://nad-lan.co.il/investment/,0,2,0,56.5
השקעה בנכס דיגיטלי,https://nad-lan.co.il/investment/,0,7,0,59
השקעה בצפון תל אביב,https://nad-lan.co.il/investment/,0,2,0,42
השקעה בצפון תל אביב,https://nad-lan.co.il/north-tel-aviv/,0,4,0,11.5
השקעה בתאילנד,https://nad-lan.co.il/global/thailand/,0,1,0,11
השקעה משותפת בנדל ן,https://nad-lan.co.il/investment/,0,2,0,74
השקעה נדלן,https://nad-lan.co.il/investment/,0,4,0,58.5
השקעה נדלנית,https://nad-lan.co.il/investment/,0,13,0,30.076923076923077
השקעה נדלנית,https://nad-lan.co.il/investment/apartments-for-investment/,0,5,0,84.8
השקעה נכונה,https://nad-lan.co.il/investment/,0,3,0,31.333333333333332
השקעות ביוון,https://nad-lan.co.il/global/greece/,0,1,0,67
השקעות בנדל ן,https://nad-lan.co.il/investment/,0,10,0,67
השקעות בנדלן,https://nad-lan.co.il/investment/,0,17,0,64.35294117647058
השקעות בנדלן מסחרי בצפון,https://nad-lan.co.il/investment/,0,3,0,24.666666666666668
השקעות נדל ן,https://nad-lan.co.il/investment/,0,10,0,72.1
השקעות נדל ן באיטליה,https://nad-lan.co.il/global/italy/,0,1,0,33
השקעות נדל ן בישראל,https://nad-lan.co.il/investment/,0,1,0,73
השקעות נדל ן בקפריסין,https://nad-lan.co.il/global/cyprus/,0,4,0,11.25
השקעות נדל ן בתאילנד,https://nad-lan.co.il/global/thailand/,0,4,0,29.25
"השקעות נדל""ן",https://nad-lan.co.il/investment/,0,35,0,72.14285714285714
"השקעות נדל""ן באנגליה",https://nad-lan.co.il/global/london/,0,13,0,49
"השקעות נדל""ן באשדוד",https://nad-lan.co.il/investment/ashdod-investment-apartment/,0,3,0,47
"השקעות נדל""ן בישראל",https://nad-lan.co.il/investment/,0,7,0,57.285714285714285
"השקעות נדל""ן בקפריסין",https://nad-lan.co.il/global/cyprus/,0,8,0,18
"השקעות נדל""ן בראשון לציון",https://nad-lan.co.il/investment/rishon-lezion-investment-apartment/,0,6,0,58.833333333333336
השקעות נדלן,https://nad-lan.co.il/investment/,0,74,0,70.67567567567568
השקעות נדלן באנגליה,https://nad-lan.co.il/global/london/,0,2,0,48.5
השקעות נדלן בארץ,https://nad-lan.co.il/investment/,0,28,0,52.32142857142857
השקעות נדלן בארץ​,https://nad-lan.co.il/investment/,0,3,0,43.333333333333336
השקעות נדלן בבאר שבע,https://nad-lan.co.il/investment/,0,1,0,74
השקעות נדלן בבת ים,https://nad-lan.co.il/investment/bat-yam-investment-apartment/,0,26,0,50.69230769230769
"השקעות נדלן בחו""ל ורטיקל סיטי",https://nad-lan.co.il/global/,0,11,0,83.63636363636364
השקעות נדלן בישראל,https://nad-lan.co.il/investment/,0,35,0,64.91428571428571
השקעות נדלן בלונדון,https://nad-lan.co.il/global/london/,0,11,0,27.90909090909091
השקעות נדלן במיאמי,https://nad-lan.co.il/global/miami/,0,22,0,22.636363636363637
השקעות נדלן בפלורידה,https://nad-lan.co.il/global/miami/,0,1,0,39
השקעות נדלן בתאילנד,https://nad-lan.co.il/global/thailand/,0,12,0,29.25
השקעות נדלן בתל אביב,https://nad-lan.co.il/,0,1,0,77
השקעות נדלן בתל אביב,https://nad-lan.co.il/investment/,0,10,0,70.1
השקעות נדלן למתחילים,https://nad-lan.co.il/investment/,0,3,0,49.666666666666664
השקעות נדלן קטנות​,https://nad-lan.co.il/investment/,0,1,0,47
השקעות נדל״ן,https://nad-lan.co.il/investment/,0,24,0,71.70833333333333
השקעות נדל״ן בדרום,https://nad-lan.co.il/,0,4,0,89
השקעות נדל״ן בדרום,https://nad-lan.co.il/investment/,0,15,0,65.86666666666666
השקעות נדל״ן בירושלים,https://nad-lan.co.il/investment/jerusalem-investment-apartment/,0,20,0,67.15
השקעות נדל״ן בישראל,https://nad-lan.co.il/investment/,0,32,0,73.53125
השקעות נדל״ן במרכז,https://nad-lan.co.il/,0,12,0,71.08333333333333
השקעות נדל״ן במרכז,https://nad-lan.co.il/investment/,0,5,0,74.6
השקעות נדל״ן בקפריסין,https://nad-lan.co.il/global/cyprus/,0,1,0,19
השקעות נדל״ן בתל אביב,https://nad-lan.co.il/,0,16,0,81.8125
השקעות נדל״ן בתל אביב,https://nad-lan.co.il/investment/,0,16,0,72.9375
השקעות קטנות בנדלן,https://nad-lan.co.il/investment/,0,2,0,44
השקעות קפריסין,https://nad-lan.co.il/global/cyprus/,0,14,0,9.071428571428571
"השקעת נדל""ן בגאיה",https://nad-lan.co.il/investment/,0,5,0,57
השקעת נדלן,https://nad-lan.co.il/investment/,0,12,0,39.333333333333336
השקעת נדלן בגאיה,https://nad-lan.co.il/investment/,0,3,0,49.666666666666664
השקעת נדלן בדובאי,https://nad-lan.co.il/global/dubai/,0,1,0,20
השקעת נדלן ללא מס,https://nad-lan.co.il/investment/,0,1,0,43
התוספת השלישית,https://nad-lan.co.il/glossary/%D7%94%D7%AA%D7%95%D7%A1%D7%A4%D7%AA-%D7%94%D7%A9%D7%9C%D7%99%D7%A9%D7%99%D7%AA-%D7%9C%D7%97%D7%95%D7%A7-%D7%94%D7%AA%D7%9B%D7%A0%D7%95%D7%9F-%D7%95%D7%94%D7%91%D7%A0%D7%99%D7%99%D7%94/,0,10,0,10
התוספת השלישית לחוק התכנון והבניה,https://nad-lan.co.il/glossary/%D7%94%D7%AA%D7%95%D7%A1%D7%A4%D7%AA-%D7%94%D7%A9%D7%9C%D7%99%D7%A9%D7%99%D7%AA-%D7%9C%D7%97%D7%95%D7%A7-%D7%94%D7%AA%D7%9B%D7%A0%D7%95%D7%9F-%D7%95%D7%94%D7%91%D7%A0%D7%99%D7%99%D7%94/,0,45,0,9.311111111111112
התוספת השלישית לחוק התכנון והבניה היטל השבחה,https://nad-lan.co.il/glossary/%D7%94%D7%AA%D7%95%D7%A1%D7%A4%D7%AA-%D7%94%D7%A9%D7%9C%D7%99%D7%A9%D7%99%D7%AA-%D7%9C%D7%97%D7%95%D7%A7-%D7%94%D7%AA%D7%9B%D7%A0%D7%95%D7%9F-%D7%95%D7%94%D7%91%D7%A0%D7%99%D7%99%D7%94/,0,1,0,18
התוספת השלישית לחוק התכנון והבנייה,https://nad-lan.co.il/glossary/%D7%94%D7%AA%D7%95%D7%A1%D7%A4%D7%AA-%D7%94%D7%A9%D7%9C%D7%99%D7%A9%D7%99%D7%AA-%D7%9C%D7%97%D7%95%D7%A7-%D7%94%D7%AA%D7%9B%D7%A0%D7%95%D7%9F-%D7%95%D7%94%D7%91%D7%A0%D7%99%D7%99%D7%94/,0,1,0,18
התחדשות עירונית במרכז,https://nad-lan.co.il/projects/,0,1,0,87
התחדשות עירונית במרכז הארץ,https://nad-lan.co.il/projects/,0,1,0,98
התחדשות עירונית במרכז הארץ,https://nad-lan.co.il/urban-renewal/map/,0,1,0,51
התחדשות עירונית דרום תל אביב,https://nad-lan.co.il/projects/,0,1,0,81
התחדשות עירונית מפה,https://nad-lan.co.il/urban-renewal/map/,0,13,0,5
התחדשות עירונית פינוי בינוי,https://nad-lan.co.il/urban-renewal/,0,3,0,83
התחדשות עירונית פרויקטים,https://nad-lan.co.il/projects/,0,26,0,58.76923076923077
התחדשות עירונית פרויקטים,https://nad-lan.co.il/urban-renewal/map/,0,37,0,68.75675675675676
התחדשות עירונית ראשון לציון,https://nad-lan.co.il/urban-renewal/map/,0,3,0,24.666666666666668
התנאים 4,https://nad-lan.co.il/projects/,0,1,0,40
התנאים בני ברק,https://nad-lan.co.il/,0,1,0,58
התקדמות,https://nad-lan.co.il/projects/first-sde-dov/,0,1,0,7
התראות נדלן,https://nad-lan.co.il/buying-apartment/,0,1,0,94
ואחר כך,https://nad-lan.co.il/jerusalem-apartment-prices/,0,1,0,5
ובירושלים,https://nad-lan.co.il/jerusalem-apartment-prices/,0,1,0,5
ובנתניה,https://nad-lan.co.il/netanya-apartment-prices/,0,1,0,6
ובנתניה?,https://nad-lan.co.il/netanya-apartment-prices/,0,1,0,4
וברמת גן,https://nad-lan.co.il/ramat-gan-apartment-prices/,0,2,0,12
וברמת גן?,https://nad-lan.co.il/ramat-gan-apartment-prices/,0,1,0,4
וברמת השרון?,https://nad-lan.co.il/ramat-hasharon-apartment-prices/,0,1,0,4
והכי זול,https://nad-lan.co.il/projects/rainbow-tel-aviv/,0,1,0,6
והרצליה,https://nad-lan.co.il/herzliya-apartment-prices/,0,1,0,6
וואלה נדלן,https://nad-lan.co.il/ar/,0,1,0,59
וואלה נדלן,https://nad-lan.co.il/properties/,0,1,0,30
וואלה נדלן,https://nad-lan.co.il/ru/,0,1,0,69
וואן נדלן,https://nad-lan.co.il/ar/,0,1,0,53
ווג,https://nad-lan.co.il/projects/gindi-vogue-sde-dov-en/,0,1,0,11
ויברטור בטון,https://nad-lan.co.il/glossary/%D7%95%D7%99%D7%91%D7%A8%D7%98%D7%95%D7%A8-%D7%91%D7%98%D7%95%D7%9F/,0,2,0,10
ויברטור לבטון,https://nad-lan.co.il/glossary/%D7%95%D7%99%D7%91%D7%A8%D7%98%D7%95%D7%A8-%D7%91%D7%98%D7%95%D7%9F/,0,2,0,15
וידה גבעת שמואל,https://nad-lan.co.il/,0,2,0,81.5
וידה גבעת שמואל,https://nad-lan.co.il/projects/,0,1,0,52
ויה נדלן,https://nad-lan.co.il/,0,1,0,28
ויזת זהב יוון,https://nad-lan.co.il/global/greece/,0,2,0,2
וילה אמזלג,https://nad-lan.co.il/projects/,0,1,0,70
וילה נדלר,https://nad-lan.co.il/tours/,0,1,0,65
ויתניה לנדא,https://nad-lan.co.il/,0,1,0,94
ויתניה לנדא,https://nad-lan.co.il/projects/,0,1,0,61
וכמה הם עולים?,https://nad-lan.co.il/jerusalem-apartment-prices/,0,1,0,7
ורטיקל סיטי,https://nad-lan.co.il/projects/,0,3,0,69.66666666666667
ורטיקל סיטי רמת גן,https://nad-lan.co.il/projects/,0,8,0,65.5
ורמת גן,https://nad-lan.co.il/ramat-gan-apartment-prices/,0,1,0,9
זבוטינסקי 105,https://nad-lan.co.il/,0,1,0,93
זבוטינסקי 105,https://nad-lan.co.il/projects/,0,1,0,53
זוהי שדה דב,https://nad-lan.co.il/projects/%D7%A7%D7%94%D7%99%D7%9C%D7%AA-%D7%95%D7%A8%D7%A9%D7%94-737779/,0,1,0,10
זוהי שדה דב,https://nad-lan.co.il/projects/aurelia/,0,1,0,10
זוהי שדה דב,https://nad-lan.co.il/projects/zohi-sde-dov/,0,1,0,10
זוהי שדה דב,https://nad-lan.co.il/sde-dov/,0,2,0,20
זוהי שדה דב מחירים,https://nad-lan.co.il/sde-dov/prices/,0,16,0,9.6875
זוהי תל אביב,https://nad-lan.co.il/,0,1,0,83
זוהי תל אביב,https://nad-lan.co.il/projects/,0,2,0,59.5
זוהי תל אביב שדה דב,https://nad-lan.co.il/sde-dov/,0,1,0,23
זיתוני רובע קדם,https://nad-lan.co.il/,0,1,0,69
זכויות דיירים מעלות,https://nad-lan.co.il/urban-renewal/pinui-binui-tel-aviv/,0,6,0,36.666666666666664
זכויות המוכר בדמי תיווך,https://nad-lan.co.il/selling-apartment/who-pays-broker-fees/,0,2,0,29
זכוכית בידודית,https://nad-lan.co.il/glossary/%D7%96%D7%9B%D7%95%D7%9B%D7%99%D7%AA-%D7%91%D7%99%D7%93%D7%95%D7%93%D7%99%D7%AA/,0,54,0,24.5
זכוכית בידודית או טריפלקס,https://nad-lan.co.il/glossary/%D7%96%D7%9B%D7%95%D7%9B%D7%99%D7%AA-%D7%91%D7%99%D7%93%D7%95%D7%93%D7%99%D7%AA/,0,2,0,44.5
זכוכית מבודדת,https://nad-lan.co.il/glossary/%D7%96%D7%9B%D7%95%D7%9B%D7%99%D7%AA-%D7%91%D7%99%D7%93%D7%95%D7%93%D7%99%D7%AA/,0,14,0,26.214285714285715
זמינות,https://nad-lan.co.il/sde-dov/,0,1,0,10
זמסקי 6 ראשון לציון,https://nad-lan.co.il/projects/,0,1,0,39
"חברות השקעה בנדל""ן",https://nad-lan.co.il/investment/,0,7,0,74.71428571428571
"חברות השקעות נדל""ן",https://nad-lan.co.il/investment/,0,8,0,73.875
חברות נדלן,https://nad-lan.co.il/,0,1,0,85
חברות נדלן בחול,https://nad-lan.co.il/global/,0,1,0,74
חברות תיווך לרכישת נכס בקפריסין,https://nad-lan.co.il/global/cyprus/,0,1,0,58
חברותא נדלן,https://nad-lan.co.il/,0,2,0,41
חברת בנייה,https://nad-lan.co.il/professionals/%D7%98%D7%9C-%D7%A6%D7%91%D7%99-%D7%99%D7%95%D7%A1%D7%A3-%D7%90%D7%A9%D7%A8/,0,1,0,4
חברת בנייה במרכז,https://nad-lan.co.il/projects/,0,1,0,62
חברת השקעות נדל ן,https://nad-lan.co.il/investment/,0,1,0,29
"חברת השקעות נדל""ן",https://nad-lan.co.il/investment/,0,1,0,70
חברת השקעות נדלן,https://nad-lan.co.il/investment/,0,1,0,36
חגג אבן גבירול,https://nad-lan.co.il/projects/einstein-tower/,0,2,0,51.5
חגג אבן גבירול,https://nad-lan.co.il/projects/h-infinity-somail-tel-aviv/,0,3,0,12
חד נס 39 רמת גן,https://nad-lan.co.il/projects/,0,1,0,27
חדרי בדיקה מבודדים,https://nad-lan.co.il/guides/new-apartment-acoustics/,0,1,0,3
חובבי ציון 55,https://nad-lan.co.il/projects/,0,1,0,81
חובת מכון בקרה,https://nad-lan.co.il/glossary/%D7%9E%D7%9B%D7%95%D7%A0%D7%99-%D7%91%D7%A7%D7%A8%D7%94/,0,2,0,34.5
"חוזה נדל""ן",https://nad-lan.co.il/real-estate-lawyer/,0,1,0,29
חוזה שכירות נדל״ן,https://nad-lan.co.il/real-estate-lawyer/residential-lease-agreement/,0,2,0,28.5
חוזק בטון ב 40,https://nad-lan.co.il/glossary/%D7%91%D7%98%D7%95%D7%9F-%D7%91-40/,0,3,0,4
חולון,https://nad-lan.co.il/investment/holon-investment-apartment/,0,1,0,4
חומרי איטום למרתפים,https://nad-lan.co.il/glossary/%D7%99%D7%95%D7%A2%D7%A5-%D7%90%D7%99%D7%98%D7%95%D7%9D/,0,2,0,42
חוק המכר דירות פיצוי איחור במסירה 2025 משרד המשפטים,https://nad-lan.co.il/new-projects/contractor-delay-compensation/,0,1,0,80
חוק התכנון והבניה התוספת השלישית,https://nad-lan.co.il/glossary/%D7%94%D7%AA%D7%95%D7%A1%D7%A4%D7%AA-%D7%94%D7%A9%D7%9C%D7%99%D7%A9%D7%99%D7%AA-%D7%9C%D7%97%D7%95%D7%A7-%D7%94%D7%AA%D7%9B%D7%A0%D7%95%D7%9F-%D7%95%D7%94%D7%91%D7%A0%D7%99%D7%99%D7%94/,0,5,0,8.4
חיים חביב 3 ירושלים,https://nad-lan.co.il/projects/%D7%97%D7%99%D7%99%D7%9D-%D7%97%D7%91%D7%99%D7%91-3/,0,7,0,10.571428571428571
חיפוי ברנוביץ,https://nad-lan.co.il/glossary/%D7%A9%D7%99%D7%98%D7%AA-%D7%91%D7%A8%D7%A0%D7%95%D7%91%D7%99%D7%A5/,0,12,0,50.166666666666664
חיפוש בית,https://nad-lan.co.il/,0,1,0,50
חיפוש בית,https://nad-lan.co.il/properties/,0,1,0,76
"חיפוש דירות בחו""ל",https://nad-lan.co.il/global/,0,4,0,57.75
חיפוש דירות לפי מפה,https://nad-lan.co.il/,0,1,0,34
חיפוש דירות לפי מפה,https://nad-lan.co.il/site-map/,0,1,0,62
חיפוש נדלן,https://nad-lan.co.il/,0,1,0,30
חיפוש נדלן,https://nad-lan.co.il/properties/,0,1,0,65
חיפוש נדלן,https://nad-lan.co.il/site-map/,0,1,0,85
חיפוש נסח טאבו,https://nad-lan.co.il/tabu-extract-check/,0,1,0,29
חישוב הון עצמי,https://nad-lan.co.il/mortgage-calculator/,0,1,0,49
חישוב החזר חודשי משכנתא,https://nad-lan.co.il/mortgage-calculator/,0,10,0,48.8
חישוב החזר משכנתא,https://nad-lan.co.il/mortgage-calculator/,0,20,0,43.25
חישוב החזר משכנתא חודשי,https://nad-lan.co.il/mortgage-calculator/,0,17,0,46.05882352941177
חישוב יכולת החזר משכנתא,https://nad-lan.co.il/mortgage-calculator/,0,4,0,54.5
חישוב מחיר דירה,https://nad-lan.co.il/apartment-purchase-cost-calculator/,0,1,0,84
חישוב מחיר דירה,https://nad-lan.co.il/buy-or-rent/,0,1,0,92
חישוב מחיר דירה,https://nad-lan.co.il/property-value-estimator/,0,2,0,15
חישוב מחיר למטר,https://nad-lan.co.il/property-value-estimator/,0,1,0,18
חישוב מימון,https://nad-lan.co.il/mortgage-calculator/,0,1,0,59
חישוב מס רכישה,https://nad-lan.co.il/purchase-tax-calculator/,0,3,0,61.333333333333336
חישוב מס רכישה בהעברה ללא תמורה,https://nad-lan.co.il/purchase-tax-calculator/,0,11,0,73
חישוב מס רכישה דירה יחידה,https://nad-lan.co.il/purchase-tax-calculator/,0,2,0,59.5
חישוב מס רכישה דירה ראשונה,https://nad-lan.co.il/purchase-tax-calculator/,0,2,0,58.5
חישוב מס רכישה דירה שניה,https://nad-lan.co.il/purchase-tax-calculator/,0,1,0,67
חישוב מס רכישה לדירה יחידה,https://nad-lan.co.il/purchase-tax-calculator/,0,1,0,59
חישוב מס רכישה לנכה,https://nad-lan.co.il/purchase-tax-calculator/,0,2,0,74.5
חישוב מסלולי משכנתא,https://nad-lan.co.il/mortgage-calculator/,0,15,0,55.2
חישוב משכנתא,https://nad-lan.co.il/mortgage-calculator/,0,49,0,50.83673469387755
חישוב משכנתא בלון,https://nad-lan.co.il/mortgage-calculator/,0,19,0,74.73684210526316
חישוב משכנתא החזר חודשי,https://nad-lan.co.il/mortgage-calculator/,0,15,0,43.266666666666666
חישוב משכנתא לאומי,https://nad-lan.co.il/mortgage-calculator/,0,1,0,55
חישוב משכנתא לפי הון עצמי,https://nad-lan.co.il/mortgage-calculator/,0,2,0,37.5
חישוב משכנתא לפי החזר חודשי,https://nad-lan.co.il/mortgage-calculator/,0,18,0,40.44444444444444
חישוב משכנתא לפי מסלולים,https://nad-lan.co.il/mortgage-calculator/,0,16,0,42.1875
חישוב משכנתא מחיר למשתכן,https://nad-lan.co.il/mortgage-calculator/,0,2,0,60.5
חישוב משכנתא מחשבון,https://nad-lan.co.il/mortgage-calculator/,0,4,0,20.75
חישוב משכנתאות,https://nad-lan.co.il/mortgage-calculator/,0,5,0,34.6
חישוב משכנתה,https://nad-lan.co.il/mortgage-calculator/,0,1,0,51
חישוב ערך דירה,https://nad-lan.co.il/property-value-estimator/,0,4,0,9
חישוב ערך דירה יד 2,https://nad-lan.co.il/property-value-estimator/,0,3,0,30
חישוב ריבית משכנתא,https://nad-lan.co.il/mortgage-calculator/,0,2,0,32
חישוב שווי דירה,https://nad-lan.co.il/property-value-estimator/,0,1,0,18
חישוב שווי נכס,https://nad-lan.co.il/property-value-estimator/,0,1,0,22
חישוב תמהיל משכנתא,https://nad-lan.co.il/mortgage-calculator/,0,1,0,42
חישוב תשלום משכנתא,https://nad-lan.co.il/mortgage-calculator/,0,16,0,45.375
חישובי משכנתא,https://nad-lan.co.il/mortgage-calculator/,0,2,0,44
חיתוך ברזל,https://nad-lan.co.il/glossary/%D7%9E%D7%9B%D7%95%D7%A0%D7%AA-%D7%97%D7%99%D7%AA%D7%95%D7%9A-%D7%91%D7%A8%D7%96%D7%9C/,0,1,0,17
חכמי אתונה 2 תל אביב,https://nad-lan.co.il/,0,1,0,55
חלון בידודית,https://nad-lan.co.il/glossary/%D7%96%D7%9B%D7%95%D7%9B%D7%99%D7%AA-%D7%91%D7%99%D7%93%D7%95%D7%93%D7%99%D7%AA/,0,7,0,21.285714285714285
חלונות בידודית,https://nad-lan.co.il/glossary/%D7%96%D7%9B%D7%95%D7%9B%D7%99%D7%AA-%D7%91%D7%99%D7%93%D7%95%D7%93%D7%99%D7%AA/,0,1,0,24
חלופת שקד היטל השבחה,https://nad-lan.co.il/glossary/hetel-hashbacha-renewal/,0,1,0,80
חן מערכות,https://nad-lan.co.il/professionals/%D7%97%D7%9F-%D7%A9%D7%9E%D7%95%D7%90%D7%9C/,0,1,0,37
חן שמואל,https://nad-lan.co.il/professionals/%D7%97%D7%9F-%D7%A9%D7%9E%D7%95%D7%90%D7%9C/,0,2,0,21.5
חנה רובינא 17 הרצליה,https://nad-lan.co.il/,0,1,0,43
חנינא בן דוסא 26,https://nad-lan.co.il/,0,1,0,61
חניתה 57,https://nad-lan.co.il/projects/,0,1,0,44
חפץ חיים תל אביב,https://nad-lan.co.il/projects/,0,1,0,49
חפץ מרדכי,https://nad-lan.co.il/projects/,0,1,0,49
חפש דירות חדשות לאכלוס מיידי,https://nad-lan.co.il/,0,2,0,86.5
חפש דירות חדשות לאכלוס מיידי,https://nad-lan.co.il/projects/,0,2,0,41.5
חצי דונם,https://nad-lan.co.il/property-value-estimator/,0,1,0,2
חשב,https://nad-lan.co.il/sde-dov/prices/,0,1,0,3
חשבון חלקי,https://nad-lan.co.il/glossary/%D7%97%D7%A9%D7%91%D7%95%D7%9F-%D7%97%D7%9C%D7%A7%D7%99/,0,2,0,9
חשבון מס רכישה,https://nad-lan.co.il/purchase-tax-calculator/,0,1,0,61
חשבונות חלקיים מול קבלן,https://nad-lan.co.il/glossary/%D7%97%D7%A9%D7%91%D7%95%D7%9F-%D7%97%D7%9C%D7%A7%D7%99/,0,23,0,15.130434782608695
חתימות פינוי בינוי,https://nad-lan.co.il/urban-renewal/,0,1,0,42
חתימת אדריכל תכנית,https://nad-lan.co.il/architect-building-permit/,0,3,0,68
טאבו בדיקה,https://nad-lan.co.il/tabu-extract-check/,0,1,0,24
טאבו ישיר בדיקת שוכרים,https://nad-lan.co.il/tabu-extract-check/,0,1,0,24
טבלאות היוון,https://nad-lan.co.il/glossary/%D7%A0%D7%95%D7%A1%D7%97%D7%AA-%D7%A9%D7%99%D7%A2%D7%95%D7%A8-%D7%94%D7%99%D7%95%D7%95%D7%9F/,0,1,0,44
טבלת החזר משכנתא,https://nad-lan.co.il/mortgage-calculator/,0,1,0,48
טהון 5,https://nad-lan.co.il/,0,2,0,78.5
טווח מוצהר מול טווח אמיתי איך לבדוק לפני קניה,https://nad-lan.co.il/guides/new-apartment-balcony/,0,2,0,8.5
טופ בורוכוב,https://nad-lan.co.il/projects/%D7%91%D7%95%D7%A8%D7%95%D7%9B%D7%95%D7%91/,0,1,0,22
טופ דאון,https://nad-lan.co.il/construction-engineering-guide/,0,1,0,60
טופ דאון,https://nad-lan.co.il/glossary/,0,1,0,80
טופ לבל,https://nad-lan.co.il/premium/,0,1,0,51
טופ לבל,https://nad-lan.co.il/projects/rainbow-tel-aviv-en/,0,1,0,67
טופיה במושבה,https://nad-lan.co.il/projects/,0,2,0,36.5
טור מלכא 4 תל אביב,https://nad-lan.co.il/,0,1,0,55
טיומקין 9 ראשון לציון,https://nad-lan.co.il/projects/,0,1,0,34
טיח גבס,https://nad-lan.co.il/glossary/%D7%98%D7%99%D7%97-%D7%92%D7%91%D7%A1/,0,35,0,29.914285714285715
טיח גבס חוץ,https://nad-lan.co.il/glossary/%D7%98%D7%99%D7%97-%D7%92%D7%91%D7%A1/,0,3,0,32.66666666666667
טיח גבס מקצועי,https://nad-lan.co.il/glossary/%D7%98%D7%99%D7%97-%D7%92%D7%91%D7%A1/,0,19,0,16.578947368421055
טיח יבש,https://nad-lan.co.il/glossary/%D7%98%D7%99%D7%97-%D7%92%D7%91%D7%A1/,0,1,0,16
טייח גבס,https://nad-lan.co.il/glossary/%D7%98%D7%99%D7%97-%D7%92%D7%91%D7%A1/,0,1,0,36
טיפולוגיות,https://nad-lan.co.il/glossary/,0,1,0,65
טל בן שבת,https://nad-lan.co.il/professionals/%D7%91%D7%9F-%D7%A9%D7%91%D7%AA-%D7%98%D7%9C/,0,1,0,21
טלפונים שלהם,https://nad-lan.co.il/professionals/%D7%97%D7%98%D7%99%D7%91-%D7%9E%D7%95%D7%A0%D7%99%D7%91/,0,1,0,1
טפסנות ממד,https://nad-lan.co.il/glossary/%D7%98%D7%A4%D7%A1%D7%A0%D7%95%D7%AA-%D7%9E%D7%AA%D7%95%D7%A2%D7%A9%D7%AA/,0,2,0,12
טרייד אין דירות,https://nad-lan.co.il/,0,1,0,66
טרייד אין על דירה,https://nad-lan.co.il/buying-apartment/,0,1,0,69
טריפלקס או בידודית,https://nad-lan.co.il/glossary/%D7%96%D7%9B%D7%95%D7%9B%D7%99%D7%AA-%D7%91%D7%99%D7%93%D7%95%D7%93%D7%99%D7%AA/,0,2,0,48
טשרניחובסקי 19 תל אביב,https://nad-lan.co.il/projects/%D7%98%D7%A9%D7%A8%D7%A0%D7%99%D7%97%D7%95%D7%91%D7%A1%D7%A7%D7%99/,0,1,0,41
טשרניחובסקי 24,https://nad-lan.co.il/projects/,0,1,0,44
טשרניחובסקי 24,https://nad-lan.co.il/projects/%D7%98%D7%A9%D7%A8%D7%A0%D7%99%D7%97%D7%95%D7%91%D7%A1%D7%A7%D7%99/,0,1,0,71
טשרניחובסקי 31,https://nad-lan.co.il/projects/%D7%98%D7%A9%D7%A8%D7%A0%D7%99%D7%97%D7%95%D7%91%D7%A1%D7%A7%D7%99/,0,3,0,62.333333333333336
י אליה ובניו פרויקטים,https://nad-lan.co.il/projects/,0,1,0,23
יאיר ליאור,https://nad-lan.co.il/professionals/%D7%99%D7%90%D7%99%D7%A8-%D7%9C%D7%99%D7%90%D7%95%D7%A8/,0,2,0,4.5
יאשי סער,https://nad-lan.co.il/professionals/%D7%A8%D7%96-%D7%A1%D7%A2%D7%A8/,0,1,0,22
יבוא פרויקטים,https://nad-lan.co.il/projects/,0,1,0,28
יבוא פרוקיטים מאיטליה,https://nad-lan.co.il/global/,0,1,0,71
יד 2 מחשבון משכנתא,https://nad-lan.co.il/mortgage-calculator/,0,1,0,52
יד אליהו פרויקטים חדשים,https://nad-lan.co.il/tel-aviv-plans/yad-eliyahu/,0,1,0,58
יד ליטל,https://nad-lan.co.il/projects/,0,1,0,67
יד שניה,https://nad-lan.co.il/property-value-estimator/,0,1,0,9
ידידיה פרנקל 65,https://nad-lan.co.il/projects/,0,1,0,38
ידע נדלן,https://nad-lan.co.il/,0,1,0,40
יהודה הלוי 123,https://nad-lan.co.il/projects/,0,2,0,61.5
יהודה הלוי 18 תל אביב,https://nad-lan.co.il/projects/,0,1,0,46
יהודה הלוי 20,https://nad-lan.co.il/projects/,0,1,0,57
יהודה הלוי 30,https://nad-lan.co.il/projects/,0,1,0,69
יהודה הלוי 6 רעננה,https://nad-lan.co.il/projects/,0,1,0,34
יהודה הנשיא 14,https://nad-lan.co.il/projects/,0,2,0,41.5
יהודה לוי קבלן,https://nad-lan.co.il/projects/,0,2,0,79.5
יהודה לייב פינסקר 47 ראשון לציון,https://nad-lan.co.il/projects/,0,1,0,24
יהודה עמיחי 16 תל אביב,https://nad-lan.co.il/,0,1,0,68
יהודה עמיחי 16 תל אביב,https://nad-lan.co.il/projects/,0,1,0,49
יהודה פרוינד,https://nad-lan.co.il/professionals/,0,1,0,66
יהודית 11 רמת גן,https://nad-lan.co.il/projects/,0,1,0,55
יואב חזן,https://nad-lan.co.il/professionals/%D7%97%D7%96%D7%9F-%D7%99%D7%95%D7%90%D7%91/,0,1,0,21
יואב סרוגו,https://nad-lan.co.il/professionals/%D7%A1%D7%A8%D7%95%D7%92%D7%95-%D7%99%D7%95%D7%90%D7%91/,0,3,0,6.666666666666667
יוגב,https://nad-lan.co.il/professionals/%D7%99%D7%95%D7%92%D7%91-%D7%A6%D7%91%D7%99/,0,1,0,4
יוסי חי השקעות ובנייה בע מ,https://nad-lan.co.il/professionals/%D7%97%D7%99-%D7%99%D7%95%D7%A1%D7%99/,0,1,0,29
יוסף גולדקלנג,https://nad-lan.co.il/professionals/,0,1,0,60
יועץ איטום,https://nad-lan.co.il/glossary/%D7%99%D7%95%D7%A2%D7%A5-%D7%90%D7%99%D7%98%D7%95%D7%9D/,0,150,0,19.593333333333334
יועץ איטום ובידוד,https://nad-lan.co.il/glossary/%D7%99%D7%95%D7%A2%D7%A5-%D7%90%D7%99%D7%98%D7%95%D7%9D/,0,14,0,19
יועץ איטום מוסמך,https://nad-lan.co.il/glossary/%D7%99%D7%95%D7%A2%D7%A5-%D7%90%D7%99%D7%98%D7%95%D7%9D/,0,47,0,24.02127659574468
"יועץ לו""ז",https://nad-lan.co.il/glossary/%D7%9C%D7%95%D7%97-%D7%96%D7%9E%D7%A0%D7%99%D7%9D-%D7%97%D7%95%D7%96%D7%99/,0,5,0,67
יועץ נדלן,https://nad-lan.co.il/investment/,0,2,0,72
יועץ נדלן,https://nad-lan.co.il/professionals/,0,1,0,73
יועץ נדלן מקצועי,https://nad-lan.co.il/professionals/,0,1,0,62
יועצי איטום,https://nad-lan.co.il/glossary/%D7%99%D7%95%D7%A2%D7%A5-%D7%90%D7%99%D7%98%D7%95%D7%9D/,0,18,0,19.38888888888889
יועצת נדלן,https://nad-lan.co.il/professionals/,0,1,0,68
יורם גרוס,https://nad-lan.co.il/professionals/%D7%92%D7%A8%D7%95%D7%A1-%D7%99%D7%95%D7%A8%D7%9D/,0,2,0,35.5
יזם בנייה,https://nad-lan.co.il/projects/,0,1,0,50
יזם התחדשות עירונית,https://nad-lan.co.il/urban-renewal/,0,1,0,4
יזם תמא 38 תל אביב,https://nad-lan.co.il/urban-renewal/tama-38-tel-aviv/,0,23,0,22.91304347826087
יזמות בנדל ן,https://nad-lan.co.il/,0,1,0,87
"יזמות בנדל""ן",https://nad-lan.co.il/,0,1,0,95
יזמות בנייה,https://nad-lan.co.il/projects/,0,2,0,49
יזמית נדלן,https://nad-lan.co.il/,0,1,0,86
יחד נדל ן,https://nad-lan.co.il/,0,1,0,55
יחד נדל ן,https://nad-lan.co.il/projects/,0,1,0,25
יחזקאל 44,https://nad-lan.co.il/projects/,0,1,0,40
יחיאל בן חמו,https://nad-lan.co.il/professionals/%D7%91%D7%9F-%D7%97%D7%9E%D7%95-%D7%9E%D7%A9%D7%94/,0,1,0,32
יחידות בשדה דב,https://nad-lan.co.il/sde-dov/,0,11,0,36.45454545454545
יחידות בשדה דב,https://nad-lan.co.il/sde-dov/prices/,0,7,0,17.428571428571427
יחס דירות פינוי בינוי,https://nad-lan.co.il/urban-renewal/,0,2,0,19.5
יחס החזר משכנתא,https://nad-lan.co.il/mortgage-calculator/,0,2,0,52
יחס מים צמנט,https://nad-lan.co.il/glossary/%D7%91%D7%98%D7%95%D7%9F-%D7%91-40/,0,9,0,8.88888888888889
יטקובסקי 30,https://nad-lan.co.il/projects/,0,1,0,38
יטקובסקי 30 פתח תקווה,https://nad-lan.co.il/projects/,0,1,0,26
ייזום מגורים בישראל,https://nad-lan.co.il/projects/,0,1,0,43
ייזום נדל ן,https://nad-lan.co.il/,0,1,0,99
ייזום נדל ן,https://nad-lan.co.il/projects/%D7%96%D7%95%D7%92%D7%95%D7%AA-%D7%A6%D7%A2%D7%99%D7%A8%D7%99%D7%9D/,0,3,0,66.33333333333333
"ייזום נדל""ן",https://nad-lan.co.il/projects/%D7%96%D7%95%D7%92%D7%95%D7%AA-%D7%A6%D7%A2%D7%99%D7%A8%D7%99%D7%9D/,0,1,0,60
ייזום פרויקטי נדל״ן,https://nad-lan.co.il/developers/,0,2,0,40.5
ייזום פרויקטים ארוכי טווח,https://nad-lan.co.il/projects/,0,1,0,49
ייזום פרויקטים למגורים,https://nad-lan.co.il/projects/,0,1,0,35
ייעוד קרקע,https://nad-lan.co.il/glossary/%D7%99%D7%99%D7%A2%D7%95%D7%93-%D7%A7%D7%A8%D7%A7%D7%A2/,0,42,0,44.30952380952381
ייעוץ איטום,https://nad-lan.co.il/glossary/%D7%99%D7%95%D7%A2%D7%A5-%D7%90%D7%99%D7%98%D7%95%D7%9D/,0,20,0,29.15
ייעוץ נדל ן,https://nad-lan.co.il/investment/,0,2,0,25
"ייעוץ נדל""ן בקפריסין",https://nad-lan.co.il/global/cyprus/,0,1,0,69
ייעוץ נדלן,https://nad-lan.co.il/investment/,0,6,0,67.33333333333333
ייעוץ נדלן מסחרי,https://nad-lan.co.il/investment/,0,4,0,70.25
"ייצוג דיירים בתמ""א 38",https://nad-lan.co.il/urban-renewal/tama-38-contract-checklist/,0,1,0,13
ייצוג משפטי ברכישת דירה,https://nad-lan.co.il/real-estate-lawyer/,0,1,0,69
יישום שיטת ברנוביץ,https://nad-lan.co.il/glossary/%D7%A9%D7%99%D7%98%D7%AA-%D7%91%D7%A8%D7%A0%D7%95%D7%91%D7%99%D7%A5/,0,8,0,27.125
ים נדלן,https://nad-lan.co.il/,0,1,0,27
ינושבסקי פרויקטים,https://nad-lan.co.il/projects/,0,1,0,33
יסוד המעלה 19,https://nad-lan.co.il/projects/,0,1,0,40
יסוד המעלה 37 תל אביב,https://nad-lan.co.il/,0,1,0,86
יסוד המעלה 37 תל אביב,https://nad-lan.co.il/projects/,0,1,0,43
יסוד עובר,https://nad-lan.co.il/glossary/raft-foundation/,0,1,0,36
יסוד רפסודה,https://nad-lan.co.il/glossary/raft-foundation/,0,1,0,17
יסודות בניין,https://nad-lan.co.il/glossary/raft-foundation/,0,1,0,68
יעוד קרקע,https://nad-lan.co.il/glossary/%D7%99%D7%99%D7%A2%D7%95%D7%93-%D7%A7%D7%A8%D7%A7%D7%A2/,0,16,0,49.875
יעוץ נדלן,https://nad-lan.co.il/investment/,0,1,0,67
יעל רום 4,https://nad-lan.co.il/,0,1,0,44
יעקב מוזיר 8 תל אביב,https://nad-lan.co.il/projects/,0,1,0,31
יפו החדשה,https://nad-lan.co.il/projects/,0,1,0,37
יצחק אבוקרט,https://nad-lan.co.il/professionals/%D7%90%D7%91%D7%95%D7%A7%D7%A8%D7%98-%D7%99%D7%A6%D7%97%D7%A7/,0,1,0,9
יצחק למדן 15,https://nad-lan.co.il/premium/,0,1,0,73
יצחק למדן 15,https://nad-lan.co.il/site-map/,0,1,0,75
יצחק שדה 1,https://nad-lan.co.il/premium/,0,1,0,95
יצחק שדה 1,https://nad-lan.co.il/projects/,0,1,0,55
יצחק שדה 1,https://nad-lan.co.il/projects/%D7%A6%D7%91%D7%99%D7%94-%D7%95%D7%99%D7%A6%D7%97%D7%A7/,0,1,0,99
יצחק שדה 34,https://nad-lan.co.il/,0,1,0,65
יצחק שדה 34,https://nad-lan.co.il/projects/%D7%A6%D7%91%D7%99%D7%94-%D7%95%D7%99%D7%A6%D7%97%D7%A7/,0,1,0,73
ירידת ערך נכס,https://nad-lan.co.il/investment/,0,2,0,74.5
ירידת ערך נכס,https://nad-lan.co.il/property-value-estimator/,0,7,0,50.142857142857146
יריעה ביטומנית בהדבקה,https://nad-lan.co.il/glossary/%D7%99%D7%A8%D7%99%D7%A2%D7%94-%D7%91%D7%99%D7%98%D7%95%D7%9E%D7%A0%D7%99%D7%AA/,0,1,0,12
יריעות ביטומניות למכירה,https://nad-lan.co.il/glossary/%D7%99%D7%A8%D7%99%D7%A2%D7%94-%D7%91%D7%99%D7%98%D7%95%D7%9E%D7%A0%D7%99%D7%AA/,0,1,0,60
יש למגדלי הים התיכון דירות פנויות עכשיו ואיך קובעים סיור דרך migdalei.co.il,https://nad-lan.co.il/projects/migdalei-hayam-sde-dov/,0,1,0,6
יש מפת טעינה לרכב חשמלי שמראה גם מחירים של עמדות?,https://nad-lan.co.il/commercial-real-estate/industrial-electricity-commercial-property/,0,3,0,9
יש מפת טעינה לרכב חשמלי שמראה גם מחירים של עמדות?,https://nad-lan.co.il/guides/new-project-ev-charging/,0,3,0,2.333333333333333
ישגב על הגן,https://nad-lan.co.il/projects/,0,1,0,63
ישראל בק 11,https://nad-lan.co.il/projects/,0,1,0,53
ישראל בק תל אביב,https://nad-lan.co.il/projects/,0,1,0,31
ישראל משה,https://nad-lan.co.il/professionals/%D7%99%D7%A9%D7%A8%D7%90%D7%9C-%D7%9E%D7%A9%D7%94/,0,1,0,31
ישראל קנדה ריינבו,https://nad-lan.co.il/projects/rainbow-tel-aviv/,0,1,0,15
ישראל קנדה שדה דב,https://nad-lan.co.il/,0,1,0,74
כדאיות משכנתא,https://nad-lan.co.il/mortgage-calculator/,0,15,0,63
כושר החזר משכנתא,https://nad-lan.co.il/mortgage-calculator/,0,10,0,52.2
כיכר העיר נשר,https://nad-lan.co.il/projects/,0,1,0,69
כיפוף ברזל,https://nad-lan.co.il/glossary/%D7%9E%D7%9B%D7%95%D7%A0%D7%AA-%D7%9B%D7%99%D7%A4%D7%95%D7%A3-%D7%91%D7%A8%D7%96%D7%9C/,0,4,0,24.5
כיפוף ברזל בניין,https://nad-lan.co.il/glossary/%D7%9E%D7%9B%D7%95%D7%A0%D7%AA-%D7%9B%D7%99%D7%A4%D7%95%D7%A3-%D7%91%D7%A8%D7%96%D7%9C/,0,1,0,41
כיצד יודעים מה מחיר השיווק הנכון לדירה?,https://nad-lan.co.il/property-value-estimator/,0,44,0,24.90909090909091
כיצד לנהל ייעוץ מס לקפריסין,https://nad-lan.co.il/global/cyprus/,0,3,0,49
כלונסאות cfa,https://nad-lan.co.il/glossary/%D7%A7%D7%99%D7%93%D7%95%D7%97-%D7%9B%D7%9C%D7%95%D7%A0%D7%A1%D7%90%D7%95%D7%AA-cfa/,0,12,0,25.75
כלונסאות בנטונייט,https://nad-lan.co.il/glossary/%D7%9B%D7%9C%D7%95%D7%A0%D7%A1%D7%90%D7%95%D7%AA-%D7%91%D7%A0%D7%98%D7%95%D7%A0%D7%99%D7%99%D7%98/,0,13,0,21.307692307692307
כמה אחוזים מקבל מתווך נדל ן,https://nad-lan.co.il/commercial-real-estate/commercial-real-estate-brokerage-fee/,0,15,0,36.06666666666667
כמה אמור לעלות ביטוח דירה לשוכר דירת 3 חדרים בתל אביב ואיפה כדאי לעשות,https://nad-lan.co.il/investment/kiryat-ono-investment-apartment/,0,2,0,10
כמה בירושלים,https://nad-lan.co.il/jerusalem-apartment-prices/,0,1,0,16
כמה דירות,https://nad-lan.co.il/jerusalem-apartment-prices/,0,1,0,7
כמה דמי תיווך דירה,https://nad-lan.co.il/commercial-real-estate/commercial-real-estate-brokerage-fee/,0,1,0,41
כמה הבית שלי שווה,https://nad-lan.co.il/property-value-estimator/,0,1,0,30
כמה הדירה שלי שווה,https://nad-lan.co.il/property-value-estimator/,0,6,0,24.5
כמה החזר חודשי על משכנתא של 2 מיליון,https://nad-lan.co.il/mortgage-calculator/,0,1,0,44
כמה החזר משכנתא על 1.5 מיליון,https://nad-lan.co.il/mortgage-calculator/,0,1,0,46
כמה החזר משכנתא על 2 מיליון,https://nad-lan.co.il/mortgage-calculator/,0,2,0,53.5
כמה החזר משכנתא על 600 אלף,https://nad-lan.co.il/mortgage-calculator/,0,2,0,50
כמה החזר משכנתא על מיליון שקל,https://nad-lan.co.il/mortgage-calculator/,0,1,0,84
כמה הנכס שלי שווה,https://nad-lan.co.il/investment/,0,2,0,81
כמה הנכס שלי שווה,https://nad-lan.co.il/property-value-estimator/,0,1,0,25
כמה זה עולה,https://nad-lan.co.il/global/miami/,0,1,0,1
כמה כסף צריך בשביל משכנתא,https://nad-lan.co.il/mortgage-calculator/,0,1,0,55
כמה לוקח מתווך על מכירת דירה,https://nad-lan.co.il/commercial-real-estate/commercial-real-estate-brokerage-fee/,0,1,0,46
כמה מחזירים על משכנתא של 800 אלף,https://nad-lan.co.il/mortgage-calculator/,0,1,0,46
כמה משכנתא אני יכול לקחת,https://nad-lan.co.il/mortgage-calculator/,0,1,0,54
כמה משכנתא אפשר לקחת,https://nad-lan.co.il/mortgage-calculator/,0,42,0,68.61904761904762
כמה משכנתא אפשר לקחת מחשבון,https://nad-lan.co.il/mortgage-calculator/,0,1,0,37
כמה משכנתא לקחת,https://nad-lan.co.il/mortgage-calculator/,0,14,0,50.142857142857146
כמה משכנתא מגיע לי,https://nad-lan.co.il/mortgage-calculator/,0,2,0,52.5
כמה משלמים למתווך,https://nad-lan.co.il/commercial-real-estate/commercial-real-estate-brokerage-fee/,0,2,0,40
כמה משלמים למתווך בקניית דירה,https://nad-lan.co.il/commercial-real-estate/commercial-real-estate-brokerage-fee/,0,1,0,51
כמה משלמים למתווך על מכירת דירה,https://nad-lan.co.il/commercial-real-estate/commercial-real-estate-brokerage-fee/,0,1,0,42
כמה משלמים משכנתא בחודש,https://nad-lan.co.il/mortgage-calculator/,0,12,0,44.083333333333336
כמה משלמים על תיווך דירה,https://nad-lan.co.il/commercial-real-estate/commercial-real-estate-brokerage-fee/,0,1,0,45
כמה משלמים תיווך מכירה,https://nad-lan.co.il/commercial-real-estate/commercial-real-estate-brokerage-fee/,0,1,0,35
כמה נהוג לשלם דמי תיווך,https://nad-lan.co.il/commercial-real-estate/commercial-real-estate-brokerage-fee/,0,1,0,39
כמה נהוג לשלם למתווך דירות,https://nad-lan.co.il/commercial-real-estate/commercial-real-estate-brokerage-fee/,0,1,0,45
כמה סהכ,https://nad-lan.co.il/commercial-real-estate/commercial-property-management-fees/,0,1,0,2
כמה עולה,https://nad-lan.co.il/projects/dimri-yama-sde-dov/,0,1,0,8
כמה עולה באילת,https://nad-lan.co.il/eilat-apartment-prices/,0,1,0,7
כמה עולה בית בתאילנד,https://nad-lan.co.il/global/thailand/,0,1,0,29
כמה עולה בממוצע דירת 4 חדרים חדשה,https://nad-lan.co.il/herzliya-apartment-prices/,0,9,0,7.111111111111111
כמה עולה דירה,https://nad-lan.co.il/property-value-estimator/,0,5,0,18.8
כמה עולה דירה בירושלים,https://nad-lan.co.il/jerusalem-apartment-prices/,0,1,0,17
כמה עולה דירה במגדלי יו,https://nad-lan.co.il/tel-aviv-luxury-apartment-prices/,0,1,0,6
כמה עולה דירה בשדה דב,https://nad-lan.co.il/sde-dov/prices/,0,2,0,11
כמה עולה דירה שלי,https://nad-lan.co.il/property-value-estimator/,0,1,0,15
כמה עולה דירת 3 חדרים חדשה מקבלן,https://nad-lan.co.il/3-room-apartment-690k-israel-2026/,0,2,0,3
כמה עולה דירת 3 חדרים חדשה מקבלן,https://nad-lan.co.il/projects/,0,1,0,2
כמה עולה הבית שלי,https://nad-lan.co.il/property-value-estimator/,0,1,0,28
כמה עולה הערכת שמאי לדירה,https://nad-lan.co.il/property-value-estimator/,0,3,0,34
כמה עולה לקנות דירה,https://nad-lan.co.il/tel-aviv-apartment-prices/,0,1,0,20
כמה עולה מחירון דקל,https://nad-lan.co.il/glossary/%D7%9E%D7%97%D7%99%D7%A8%D7%95%D7%9F-%D7%93%D7%A7%D7%9C-%D7%9C%D7%91%D7%A0%D7%99%D7%99%D7%94-%D7%95%D7%AA%D7%A9%D7%AA%D7%99%D7%95%D7%AA/,0,19,0,15.842105263157896
כמה עולה מטר מרובע בתל אביב,https://nad-lan.co.il/tel-aviv-apartment-prices/,0,1,0,23
כמה עולה משכנתא,https://nad-lan.co.il/mortgage-calculator/,0,1,0,44
כמה עולה פרויקט ידידותי לסביבה מוכן לשימוש?,https://nad-lan.co.il/premium/,0,1,0,91
כמה עולה שם בית,https://nad-lan.co.il/neve-tzedek-apartment-prices/,0,1,0,5
כמה עולה שמאות לדירה,https://nad-lan.co.il/property-value-estimator/,0,4,0,39.5
כמה עולה שמאי דירה,https://nad-lan.co.il/property-value-estimator/,0,5,0,40.2
כמה עולה שמאי דירות,https://nad-lan.co.il/property-value-estimator/,0,5,0,37.6
כמה עולה שמאי לדירה,https://nad-lan.co.il/property-value-estimator/,0,4,0,39.25
כמה עולה שמאי להערכת דירה,https://nad-lan.co.il/property-value-estimator/,0,1,0,32
כמה עולות דירות יד ראשונה באילת,https://nad-lan.co.il/eilat-apartment-prices/,0,1,0,3
כמה עולות דירות יד ראשונה בהוד השרון,https://nad-lan.co.il/hod-hasharon-apartment-prices/,0,5,0,10.2
כמה ריבית משלמים על משכנתא של מיליון שקל,https://nad-lan.co.il/mortgage-calculator/,0,1,0,55
כמה שווה דירה,https://nad-lan.co.il/property-value-estimator/,0,2,0,20
כמה שווה הבית שלי,https://nad-lan.co.il/property-value-estimator/,0,25,0,27.44
כמה שווה הבית שלי יד 2,https://nad-lan.co.il/property-value-estimator/,0,1,0,36
כמה שווה הדירה,https://nad-lan.co.il/property-value-estimator/,0,3,0,22.333333333333332
כמה שווה הדירה שלי,https://nad-lan.co.il/property-value-estimator/,0,46,0,25.41304347826087
כמה שווה הדירה שלי היום,https://nad-lan.co.il/property-value-estimator/,0,1,0,18
כמה שווה הדירה שלי יד 2,https://nad-lan.co.il/property-value-estimator/,0,1,0,34
כמה שווה הדירה שלי מדלן,https://nad-lan.co.il/property-value-estimator/,0,1,0,35
כן,https://nad-lan.co.il/ashdod-apartment-prices/,0,1,0,10
כן,https://nad-lan.co.il/glossary/%D7%91%D7%98%D7%95%D7%9F-%D7%A8%D7%96%D7%94/,0,1,0,6
כן,https://nad-lan.co.il/herzliya-apartment-prices/,0,2,0,11
כן,https://nad-lan.co.il/jerusalem-apartment-prices/,0,1,0,9
כן,https://nad-lan.co.il/professionals/%D7%A7%D7%96%D7%95-%D7%9B%D7%94%D7%9F-%D7%99%D7%A2%D7%A7%D7%91/,0,1,0,1
כן,https://nad-lan.co.il/projects/ashira-sde-dov-en/,0,6,0,2.5
כן,https://nad-lan.co.il/projects/ashira-sde-dov/,0,2,0,11
כן,https://nad-lan.co.il/projects/dimri-yama-sde-dov/,0,2,0,10.5
כן,https://nad-lan.co.il/projects/duo-tel-aviv-en/,0,2,0,5
כן,https://nad-lan.co.il/projects/duo-tel-aviv/,0,5,0,5
כן,https://nad-lan.co.il/projects/h-infinity-somail-tel-aviv/,0,1,0,2
כן,https://nad-lan.co.il/projects/rainbow-tel-aviv-en/,0,2,0,3.5
כן,https://nad-lan.co.il/projects/rainbow-tel-aviv/,0,2,0,5.5
כן,https://nad-lan.co.il/ramat-gan-apartment-prices/,0,1,0,3
כן,https://nad-lan.co.il/sde-dov/,0,2,0,4
כן,https://nad-lan.co.il/sde-dov/prices/,0,6,0,8.833333333333332
כן,https://nad-lan.co.il/sde-dov/transport/,0,1,0,9
כן,https://nad-lan.co.il/tel-aviv-penthouse-prices/,0,1,0,9
כן,https://nad-lan.co.il/tel-aviv-plans/kfir-renewal/,0,1,0,9
כן אשמח,https://nad-lan.co.il/projects/rainbow-tel-aviv-en/,0,1,0,5
כן אשמח לפרטים נוספים,https://nad-lan.co.il/projects/dimri-yama-sde-dov/,0,1,0,11
כן אשמח מאוד,https://nad-lan.co.il/projects/h-infinity-somail-tel-aviv/,0,1,0,10
כן כמה עולה,https://nad-lan.co.il/netanya-apartment-prices/,0,1,0,6
כן לשני,https://nad-lan.co.il/netanya-apartment-prices/,0,1,0,13
"כן, גם וגם",https://nad-lan.co.il/sde-dov/,0,1,0,2
כן.,https://nad-lan.co.il/projects/duo-tel-aviv/,0,1,0,2
כפר אזר החדשה,https://nad-lan.co.il/projects/,0,1,0,68
כפר סבא,https://nad-lan.co.il/kfar-saba-apartment-prices/,0,1,0,5
כץ 40 פתח תקווה,https://nad-lan.co.il/projects/,0,1,0,31
כצנלסון לוד,https://nad-lan.co.il/projects/,0,3,0,44
כתב כמויות,https://nad-lan.co.il/glossary/%D7%9B%D7%AA%D7%91-%D7%9B%D7%9E%D7%95%D7%99%D7%95%D7%AA/,0,10,0,61.9
כתב כמויות באנגלית,https://nad-lan.co.il/glossary/%D7%9B%D7%AA%D7%91-%D7%9B%D7%9E%D7%95%D7%99%D7%95%D7%AA/,0,1,0,64
כתב כמויות דקל,https://nad-lan.co.il/glossary/%D7%93%D7%A7%D7%9C-%D7%AA%D7%95%D7%9B%D7%A0%D7%94/,0,6,0,7.666666666666667
כתבי כמויות,https://nad-lan.co.il/glossary/%D7%9B%D7%AA%D7%91-%D7%9B%D7%9E%D7%95%D7%99%D7%95%D7%AA/,0,11,0,69.45454545454545
כתיבת מפרט טכני,https://nad-lan.co.il/glossary/%D7%9E%D7%A4%D7%A8%D7%98-%D7%98%D7%9B%D7%A0%D7%99-%D7%9E%D7%99%D7%95%D7%97%D7%93/,0,21,0,12.619047619047619
כתר הרמה,https://nad-lan.co.il/projects/,0,2,0,60.5
ל החדשה,https://nad-lan.co.il/,0,1,0,63
ל החדשה,https://nad-lan.co.il/premium/,0,2,0,79.5
ל החדשה,https://nad-lan.co.il/projects/,0,3,0,51.666666666666664
ל החדשה,https://nad-lan.co.il/projects/%D7%99%D7%A4%D7%95/,0,1,0,76
ל החדשה תל אביב,https://nad-lan.co.il/premium/,0,1,0,75
ל החדשה תל אביב,https://nad-lan.co.il/projects/,0,1,0,41
לב אפשטיין,https://nad-lan.co.il/projects/,0,2,0,64.5
לב הסביונים פתח תקווה,https://nad-lan.co.il/projects/,0,2,0,51
לב שורק,https://nad-lan.co.il/projects/,0,1,0,62
לביא תדהר,https://nad-lan.co.il/glossary/%D7%90%D7%92%D7%A8%D7%92%D7%98-%D7%9E%D7%93%D7%95%D7%A8%D7%92/,0,1,0,94
לגונה הרצליה,https://nad-lan.co.il/projects/,0,1,0,48
לגור בשכירות כל החיים,https://nad-lan.co.il/investment/,0,1,0,72
להשקיע בנדל ן בישראל,https://nad-lan.co.il/investment/,0,3,0,49.666666666666664
להשקיע בנדל ן בישראל,https://nad-lan.co.il/investment/apartments-for-investment/,0,2,0,75.5
לואי מרשל 10 תל אביב,https://nad-lan.co.il/,0,2,0,54.5
לואי מרשל 14,https://nad-lan.co.il/,0,1,0,53
לואי מרשל 41,https://nad-lan.co.il/projects/,0,1,0,59
לואי מרשל 41 תל אביב,https://nad-lan.co.il/,0,1,0,64
לוח גבס אדום,https://nad-lan.co.il/glossary/%D7%9C%D7%95%D7%97-%D7%92%D7%91%D7%A1-%D7%90%D7%93%D7%95%D7%9D/,0,21,0,11.333333333333334
לוח גבס חסין אש,https://nad-lan.co.il/glossary/%D7%9C%D7%95%D7%97-%D7%92%D7%91%D7%A1-%D7%90%D7%93%D7%95%D7%9D/,0,1,0,9
לוח גבס כתום,https://nad-lan.co.il/glossary/%D7%9C%D7%95%D7%97-%D7%92%D7%91%D7%A1-%D7%90%D7%93%D7%95%D7%9D/,0,18,0,28.444444444444443
לוח גבס נוגד בעירה,https://nad-lan.co.il/glossary/%D7%9C%D7%95%D7%97-%D7%92%D7%91%D7%A1-%D7%90%D7%93%D7%95%D7%9D/,0,8,0,43.375
לוח גבס צהוב,https://nad-lan.co.il/glossary/%D7%9C%D7%95%D7%97-%D7%92%D7%91%D7%A1-%D7%90%D7%93%D7%95%D7%9D/,0,1,0,32
לוח דירות,https://nad-lan.co.il/properties/,0,11,0,46.36363636363637
לוח דירות,https://nad-lan.co.il/site-map/,0,2,0,49.5
לוח דירות למכירה,https://nad-lan.co.il/properties/,0,5,0,26.6
לוח זמנים,https://nad-lan.co.il/sde-dov/,0,1,0,5
לוח זמנים שלדי,https://nad-lan.co.il/glossary/%D7%9C%D7%95%D7%97-%D7%96%D7%9E%D7%A0%D7%99%D7%9D-%D7%97%D7%95%D7%96%D7%99/,0,7,0,13.571428571428571
לוח נדל ן,https://nad-lan.co.il/,0,1,0,50
לוח נדל ן,https://nad-lan.co.il/properties/,0,2,0,37.5
לוח נדל ן,https://nad-lan.co.il/site-map/,0,2,0,69
"לוח נדל""ן",https://nad-lan.co.il/properties/,0,8,0,35
לוח נדלן,https://nad-lan.co.il/,0,4,0,58
לוח נדלן,https://nad-lan.co.il/properties/,0,8,0,43
לוח נדלן,https://nad-lan.co.il/site-map/,0,5,0,73.6
לוח פח מגולוון,https://nad-lan.co.il/glossary/%D7%A4%D7%A8%D7%95%D7%A4%D7%99%D7%9C-%D7%A4%D7%97-%D7%9E%D7%92%D7%95%D7%9C%D7%95%D7%95%D7%9F/,0,1,0,24
לוחות זמנים,https://nad-lan.co.il/projects/%D7%A0%D7%95%D7%A8%D7%95%D7%A7-%D7%98%D7%94%D7%95%D7%9F/,0,1,0,4
לוחות פח מגולוון,https://nad-lan.co.il/glossary/%D7%A4%D7%A8%D7%95%D7%A4%D7%99%D7%9C-%D7%A4%D7%97-%D7%9E%D7%92%D7%95%D7%9C%D7%95%D7%95%D7%9F/,0,1,0,27
לוי יצחק מחירון דירות,https://nad-lan.co.il/property-value-estimator/,0,1,0,35
לוי שטרית,https://nad-lan.co.il/professionals/%D7%A9%D7%98%D7%A8%D7%99%D7%AA-%D7%9C%D7%99%D7%90%D7%95%D7%A8/,0,1,0,23
לוינשטיין שדה דב,https://nad-lan.co.il/,0,1,0,77
לוינשטיין שדה דב,https://nad-lan.co.il/sde-dov/,0,1,0,28
לוריא מורדות ארנונה,https://nad-lan.co.il/,0,1,0,90
לוריא מורדות ארנונה,https://nad-lan.co.il/projects/,0,1,0,67
ליאור יאיר,https://nad-lan.co.il/professionals/%D7%99%D7%90%D7%99%D7%A8-%D7%9C%D7%99%D7%90%D7%95%D7%A8/,0,1,0,57
ליאור שטרית,https://nad-lan.co.il/professionals/%D7%A9%D7%98%D7%A8%D7%99%D7%AA-%D7%9C%D7%99%D7%90%D7%95%D7%A8/,0,1,0,20
ליד נדלן,https://nad-lan.co.il/,0,1,0,30
לידים לקבלנים,https://nad-lan.co.il/professionals/%D7%98%D7%95%D7%99%D7%9C-%D7%A0%D7%91%D7%94%D7%90%D7%9F/,0,1,0,42
"ליווי בנקאי לפרויקט נדל""ן",https://nad-lan.co.il/investment/bank-guarantee-purchase/,0,4,0,59
ליווי התחדשות עירונית,https://nad-lan.co.il/urban-renewal/,0,1,0,46
ליווי משקיעים,https://nad-lan.co.il/investment/,0,5,0,95.8
ליווי משקיעים בנדל ן,https://nad-lan.co.il/investment/,0,1,0,93
ליווי פינוי בינוי,https://nad-lan.co.il/urban-renewal/pinui-binui/,0,1,0,73
ליווי קבוצת רכישה,https://nad-lan.co.il/glossary/kvutzat-rechisha/,0,1,0,74
לייזר לבניה,https://nad-lan.co.il/glossary/%D7%9E%D7%93-%D7%9C%D7%99%D7%99%D7%96%D7%A8/,0,1,0,22
לייזר לבנייה,https://nad-lan.co.il/glossary/%D7%9E%D7%93-%D7%9C%D7%99%D7%99%D7%96%D7%A8/,0,1,0,26
לייזר לבניין,https://nad-lan.co.il/glossary/%D7%9E%D7%93-%D7%9C%D7%99%D7%99%D7%96%D7%A8/,0,1,0,19
לייזר מדידה,https://nad-lan.co.il/glossary/%D7%9E%D7%93-%D7%9C%D7%99%D7%99%D7%96%D7%A8/,0,9,0,40.55555555555556
לייזר מטר,https://nad-lan.co.il/glossary/%D7%9E%D7%93-%D7%9C%D7%99%D7%99%D7%96%D7%A8/,0,1,0,45
ליליאן 6 תל אביב,https://nad-lan.co.il/,0,1,0,31
לילינבלום 4 פתח תקווה,https://nad-lan.co.il/projects/,0,1,0,31
ליסין 15 תל אביב,https://nad-lan.co.il/projects/,0,1,0,38
ליסין 6 תל אביב,https://nad-lan.co.il/projects/,0,1,0,37
ליפסקי תל אביב פינוי בינוי,https://nad-lan.co.il/projects/,0,1,0,62
למגורים,https://nad-lan.co.il/projects/h-infinity-somail-tel-aviv/,0,1,0,7
למד החדשה,https://nad-lan.co.il/,0,1,0,56
למד החדשה,https://nad-lan.co.il/projects/,0,1,0,37
למדן 15 באר שבע,https://nad-lan.co.il/premium/,0,1,0,64
למה לא,https://nad-lan.co.il/,0,1,0,3
למכור דירה בישראל,https://nad-lan.co.il/selling-apartment/,0,2,0,51.5
למכירה נדלן,https://nad-lan.co.il/,0,1,0,45
לפרויקטים מיוחדים וחדשים כגון בנייני מגורים לפני איכלוס בכל שלבי,https://nad-lan.co.il/projects/,0,3,0,50
לקנות דירה,https://nad-lan.co.il/buying-apartment/,0,1,0,43
לקנות דירה בישראל,https://nad-lan.co.il/buying-apartment/,0,1,0,43
לרום נדלן,https://nad-lan.co.il/ar/,0,2,0,58.5
מאגר דירות למכירה,https://nad-lan.co.il/properties/,0,2,0,46
מאגר מידע נדלן,https://nad-lan.co.il/,0,1,0,54
מאגר נדלן,https://nad-lan.co.il/,0,2,0,43.5
מאגרי נדל ן,https://nad-lan.co.il/,0,1,0,83
מאגרי נדל ן,https://nad-lan.co.il/site-map/,0,1,0,66
"מאגרי נדל""ן",https://nad-lan.co.il/,0,1,0,57
"מאגרי נדל""ן",https://nad-lan.co.il/site-map/,0,1,0,84
מאגרי נדלן,https://nad-lan.co.il/,0,2,0,38.5
מאגרי נדלן,https://nad-lan.co.il/site-map/,0,3,0,65.33333333333333
מאנה 4,https://nad-lan.co.il/,0,1,0,66
מאנה 4 תל אביב,https://nad-lan.co.il/projects/,0,2,0,28
מבוא דותן למכירה,https://nad-lan.co.il/,0,1,0,33
מבוא דותן למכירה,https://nad-lan.co.il/properties/,0,1,0,46
מבוא חורון למכירה,https://nad-lan.co.il/properties/,0,1,0,28
מבצע קדש 69,https://nad-lan.co.il/,0,1,0,62
מבצעי דירות חדשות,https://nad-lan.co.il/projects/,0,15,0,26.4
מגדל lyfe,https://nad-lan.co.il/projects/,0,1,0,74
מגדל the park,https://nad-lan.co.il/projects/the-park-bnei-brak/,0,1,0,13
מגדל we,https://nad-lan.co.il/,0,2,0,95.5
מגדל we,https://nad-lan.co.il/projects/,0,1,0,77
מגדל איינשטיין,https://nad-lan.co.il/projects/einstein-tower/,0,1,0,9
מגדל אינפיניטי,https://nad-lan.co.il/projects/h-infinity-somail-tel-aviv/,0,1,0,25
מגדל אינפיניטי חגג,https://nad-lan.co.il/projects/h-infinity-somail-tel-aviv/,0,1,0,20
מגדל אינפיניטי תל אביב,https://nad-lan.co.il/projects/h-infinity-somail-tel-aviv/,0,1,0,20
מגדל אלדר רמת גן,https://nad-lan.co.il/projects/,0,1,0,22
מגדל ארלוזורוב 17,https://nad-lan.co.il/projects/,0,1,0,70
מגדל בין ערים תחילת בניה,https://nad-lan.co.il/projects/,0,1,0,46
מגדל בראשית,https://nad-lan.co.il/projects/,0,1,0,68
מגדל בראשית בבלי מחירים,https://nad-lan.co.il/premium/,0,1,0,60
מגדל דובנוב,https://nad-lan.co.il/premium/,0,1,0,92
מגדל דובנוב,https://nad-lan.co.il/projects/,0,4,0,54.75
מגדל דונה,https://nad-lan.co.il/,0,1,0,46
מגדל דן,https://nad-lan.co.il/,0,1,0,63
מגדל דן,https://nad-lan.co.il/premium/,0,1,0,88
מגדל דנקנר,https://nad-lan.co.il/,0,1,0,74
מגדל דנקנר,https://nad-lan.co.il/premium/,0,1,0,97
מגדל הטייסים,https://nad-lan.co.il/projects/%D7%94%D7%98%D7%99%D7%99%D7%A1%D7%99%D7%9D-6810/,0,1,0,53
מגדל היילין,https://nad-lan.co.il/,0,1,0,82
מגדל היילין,https://nad-lan.co.il/projects/,0,1,0,39
מגדל הצוק,https://nad-lan.co.il/projects/,0,1,0,57
מגדל השחף,https://nad-lan.co.il/projects/,0,1,0,40
מגדל התיכון,https://nad-lan.co.il/projects/,0,3,0,58
מגדל וואן תל אביב,https://nad-lan.co.il/projects/duo-tel-aviv/,0,1,0,27
מגדל ורטיקל,https://nad-lan.co.il/projects/,0,1,0,59
מגדל ורטיקל סיטי,https://nad-lan.co.il/projects/,0,1,0,61
מגדל ים,https://nad-lan.co.il/,0,3,0,58.333333333333336
מגדל כרמים משהב,https://nad-lan.co.il/projects/,0,1,0,44
מגדל לבנדה,https://nad-lan.co.il/projects/,0,1,0,51
מגדל לבנדה,https://nad-lan.co.il/site-map/,0,1,0,83
מגדל ליבר,https://nad-lan.co.il/projects/,0,1,0,52
מגדל ליבר נווה צדק,https://nad-lan.co.il/,0,1,0,87
מגדל ליבר נווה צדק,https://nad-lan.co.il/projects/,0,1,0,61
מגדל מטרו,https://nad-lan.co.il/,0,1,0,82
מגדל מטרו,https://nad-lan.co.il/projects/,0,1,0,46
מגדל מיטב,https://nad-lan.co.il/,0,1,0,68
מגדל מילניה,https://nad-lan.co.il/projects/,0,3,0,55
מגדל ממדים,https://nad-lan.co.il/premium/,0,1,0,49
מגדל נאם,https://nad-lan.co.il/,0,1,0,60
מגדל נגבה,https://nad-lan.co.il/,0,1,0,79
מגדל נגבה,https://nad-lan.co.il/projects/,0,2,0,50.5
מגדל סביון מופת,https://nad-lan.co.il/projects/,0,2,0,70.5
מגדל סוטין,https://nad-lan.co.il/projects/,0,1,0,46
מגדל פנורמה פתח תקווה,https://nad-lan.co.il/projects/,0,3,0,21.666666666666668
מגדל רוטשילד,https://nad-lan.co.il/projects/%D7%9E%D7%92%D7%93%D7%9C-%D7%94%D7%99%D7%9D-%D7%A8%D7%95%D7%98%D7%A9%D7%99%D7%9C%D7%93-2/,0,1,0,41
מגדל רוטשילד בת ים,https://nad-lan.co.il/projects/%D7%9E%D7%92%D7%93%D7%9C-%D7%94%D7%99%D7%9D-%D7%A8%D7%95%D7%98%D7%A9%D7%99%D7%9C%D7%93-2/,0,2,0,16
מגדל רמה,https://nad-lan.co.il/premium/,0,1,0,88
מגדל רמה,https://nad-lan.co.il/projects/,0,2,0,40
מגדל רמז,https://nad-lan.co.il/,0,3,0,76.33333333333333
מגדל רמז,https://nad-lan.co.il/projects/,0,2,0,58.5
מגדלי blue,https://nad-lan.co.il/projects/,0,1,0,56
מגדלי duo,https://nad-lan.co.il/projects/duo-tel-aviv/,0,5,0,8.2
מגדלי life,https://nad-lan.co.il/projects/,0,1,0,65
מגדלי lyfe,https://nad-lan.co.il/projects/,0,8,0,72.125
מגדלי one,https://nad-lan.co.il/projects/,0,1,0,70
מגדלי איתי,https://nad-lan.co.il/projects/,0,2,0,40.5
מגדלי ארלוזורוב,https://nad-lan.co.il/projects/,0,1,0,59
מגדלי בלו,https://nad-lan.co.il/,0,2,0,91.5
מגדלי בלו,https://nad-lan.co.il/projects/,0,3,0,56
מגדלי בסר ירושלים,https://nad-lan.co.il/projects/,0,1,0,46
מגדלי בצלאל באר שבע,https://nad-lan.co.il/projects/,0,1,0,26
מגדלי בראשית,https://nad-lan.co.il/projects/,0,1,0,63
מגדלי דה וינצ י תל אביב,https://nad-lan.co.il/,0,1,0,80
מגדלי דה וינצ י תל אביב למכירה,https://nad-lan.co.il/,0,1,0,47
מגדלי דה וינצ'י תל אביב,https://nad-lan.co.il/,0,2,0,75
מגדלי דה וינצי,https://nad-lan.co.il/,0,2,0,85.5
מגדלי דוד,https://nad-lan.co.il/,0,3,0,78
מגדלי דוד באר שבע,https://nad-lan.co.il/,0,2,0,64.5
מגדלי דוד באר שבע,https://nad-lan.co.il/projects/,0,1,0,52
מגדלי דוד המלך,https://nad-lan.co.il/projects/,0,1,0,56
מגדלי דנקנר אזור,https://nad-lan.co.il/,0,1,0,26
מגדלי דנקנר אזור,https://nad-lan.co.il/premium/,0,1,0,84
מגדלי דנקנר אזור,https://nad-lan.co.il/projects/,0,1,0,75
מגדלי דנקנר אזור,https://nad-lan.co.il/projects/%D7%A7%D7%9C%D7%A0%D7%A8/,0,1,0,88
מגדלי הולילנד,https://nad-lan.co.il/projects/,0,1,0,56
מגדלי הזוהר,https://nad-lan.co.il/professionals/%D7%90%D7%91%D7%A8%D7%94%D7%9E%D7%99-%D7%96%D7%95%D7%94%D7%A8/,0,1,0,67
מגדלי הים התיכון דיור מוגן יוקרתי איזה סוגי דירות יש ומה גודל ממוצע,https://nad-lan.co.il/projects/migdalei-hayam-sde-dov/,0,16,0,9.4375
מגדלי הלאום ראשון לציון,https://nad-lan.co.il/,0,1,0,97
מגדלי הפארק,https://nad-lan.co.il/projects/,0,1,0,44
מגדלי וולפסון,https://nad-lan.co.il/projects/%D7%95%D7%95%D7%9C%D7%A4%D7%A1%D7%95%D7%9F/,0,1,0,33
מגדלי וילאז,https://nad-lan.co.il/projects/,0,1,0,43
מגדלי זיו,https://nad-lan.co.il/projects/,0,2,0,57
מגדלי טיילת דוד,https://nad-lan.co.il/,0,1,0,97
מגדלי יוקרה,https://nad-lan.co.il/projects/,0,45,0,44.644444444444446
מגדלי יוקרה פינוי בינוי,https://nad-lan.co.il/projects/,0,12,0,15.583333333333334
מגדלי יפה נוף,https://nad-lan.co.il/projects/,0,1,0,48
מגדלי כיכר המדינה למכירה,https://nad-lan.co.il/projects/hamedina/,0,1,0,16
מגדלי כיכר המדינה מחיר,https://nad-lan.co.il/,0,1,0,68
מגדלי לאון,https://nad-lan.co.il/,0,1,0,100
מגדלי לאון,https://nad-lan.co.il/projects/,0,1,0,45
מגדלי לייף,https://nad-lan.co.il/projects/,0,5,0,62.4
מגדלי לנדמרק,https://nad-lan.co.il/projects/,0,1,0,61
מגדלי מגורים,https://nad-lan.co.il/projects/,0,2,0,47
מגדלי מיטל,https://nad-lan.co.il/projects/,0,1,0,41
מגדלי סוקולוב באר שבע,https://nad-lan.co.il/,0,1,0,62
מגדלי סוקולוב באר שבע,https://nad-lan.co.il/projects/,0,1,0,38
מגדלי צהלה,https://nad-lan.co.il/,0,1,0,84
מגדלי צהלה,https://nad-lan.co.il/projects/,0,1,0,36
מגדלי צרפתי ראשון לציון,https://nad-lan.co.il/projects/,0,1,0,43
מגדלי קרן,https://nad-lan.co.il/projects/,0,1,0,65
מגדלי רוטשילד,https://nad-lan.co.il/projects/%D7%9E%D7%92%D7%93%D7%9C-%D7%94%D7%99%D7%9D-%D7%A8%D7%95%D7%98%D7%A9%D7%99%D7%9C%D7%93-2/,0,1,0,28
מגדלי תל אביב החדשים,https://nad-lan.co.il/projects/,0,1,0,23
מגדלים בבאר שבע,https://nad-lan.co.il/projects/,0,1,0,48
מגדלים בבניה בתל אביב,https://nad-lan.co.il/projects/,0,1,0,96
מגדלים בבניה בתל אביב,https://nad-lan.co.il/projects/hamedina/,0,1,0,38
מגדלים בירושלים,https://nad-lan.co.il/projects/%D7%94%D7%9E%D7%97%D7%AA%D7%A8%D7%95%D7%AA/,0,1,0,92
מגדלים בפתח תקווה,https://nad-lan.co.il/projects/,0,2,0,40.5
מגדלים בראשון לציון,https://nad-lan.co.il/projects/,0,1,0,53
מגדלים חדשים בתל אביב,https://nad-lan.co.il/projects/,0,5,0,43.4
מגדלים חדשים בתל אביב,https://nad-lan.co.il/projects/hamedina/,0,1,0,48
מגדלים תל אביב,https://nad-lan.co.il/projects/hamedina/,0,1,0,48
מגה בית פרויקטים,https://nad-lan.co.il/projects/,0,1,0,18
מגורי ביניים לטווח ארוך בתל אביב,https://nad-lan.co.il/projects/ashdar-einstein/,0,1,0,59
מגורים,https://nad-lan.co.il/properties/,0,1,0,79
מד לייזר,https://nad-lan.co.il/glossary/%D7%9E%D7%93-%D7%9C%D7%99%D7%99%D7%96%D7%A8/,0,23,0,27.608695652173914
מד מטר לייזר,https://nad-lan.co.il/glossary/%D7%9E%D7%93-%D7%9C%D7%99%D7%99%D7%96%D7%A8/,0,1,0,37
מד שטח פנים,https://nad-lan.co.il/glossary/%D7%9E%D7%93-%D7%9C%D7%99%D7%99%D7%96%D7%A8/,0,1,0,12
מדוע משתמשים ביהלום לחיתוך חומרים קשים,https://nad-lan.co.il/glossary/%D7%9E%D7%A7%D7%93%D7%97-%D7%99%D7%94%D7%9C%D7%95%D7%9D/,0,2,0,35.5
מדידה ומיפוי,https://nad-lan.co.il/glossary/%D7%AA%D7%A7%D7%A0%D7%95%D7%AA-%D7%94%D7%9E%D7%93%D7%99%D7%93%D7%95%D7%AA-%D7%9E%D7%93%D7%99%D7%93%D7%95%D7%AA-%D7%95%D7%9E%D7%99%D7%A4%D7%95%D7%99-%D7%AA%D7%A9%D7%A2%D7%95-2016/,0,1,0,24
מדידה להיתר בנייה,https://nad-lan.co.il/glossary/%D7%9E%D7%A4%D7%AA-%D7%9E%D7%93%D7%99%D7%93%D7%94-%D7%9C%D7%94%D7%99%D7%AA%D7%A8/,0,11,0,20.181818181818183
מדידות לגרמושקה,https://nad-lan.co.il/glossary/%D7%92%D7%A8%D7%9E%D7%95%D7%A9%D7%A7%D7%94/,0,9,0,39.333333333333336
מדידות להיתר בנייה,https://nad-lan.co.il/glossary/%D7%9E%D7%A4%D7%AA-%D7%9E%D7%93%D7%99%D7%93%D7%94-%D7%9C%D7%94%D7%99%D7%AA%D7%A8/,0,10,0,22.6
מדידות לייזר,https://nad-lan.co.il/glossary/%D7%9E%D7%93-%D7%9C%D7%99%D7%99%D7%96%D7%A8/,0,11,0,18.09090909090909
מדידות מקרקעין,https://nad-lan.co.il/glossary/%D7%AA%D7%A7%D7%A0%D7%95%D7%AA-%D7%94%D7%9E%D7%93%D7%99%D7%93%D7%95%D7%AA-%D7%9E%D7%93%D7%99%D7%93%D7%95%D7%AA-%D7%95%D7%9E%D7%99%D7%A4%D7%95%D7%99-%D7%AA%D7%A9%D7%A2%D7%95-2016/,0,7,0,41.285714285714285
מדלן אזור אישי,https://nad-lan.co.il/,0,19,0,16.94736842105263
מדלן הערכת שווי דירה,https://nad-lan.co.il/property-value-estimator/,0,1,0,16
מדלן וואן,https://nad-lan.co.il/,0,1,0,46
מדלן טלפון,https://nad-lan.co.il/,0,15,0,32.2
מדלן כפר עציון,https://nad-lan.co.il/premium/,0,1,0,44
מדלן מחשבון שווי דירה,https://nad-lan.co.il/property-value-estimator/,0,1,0,21
מדלן פרסום מודעה,https://nad-lan.co.il/post-listing/,0,2,0,19
מדלן שלי מדלן,https://nad-lan.co.il/,0,1,0,52
מדרגות מס רכישה דירה יחידה 2026,https://nad-lan.co.il/purchase-tax-calculator/,0,1,0,54
מדריך למכירת בית פרטי,https://nad-lan.co.il/selling-apartment/,0,45,0,23.77777777777778
מדריך למכירת דירה,https://nad-lan.co.il/selling-apartment/,0,29,0,43.62068965517241
מדריך פינוי בינוי,https://nad-lan.co.il/urban-renewal/,0,1,0,24
מדריך פינוי בינוי,https://nad-lan.co.il/urban-renewal/pinui-binui/,0,1,0,63
מה האפשרויות לקנות מזגן מרכזי בתקציב סביר?,https://nad-lan.co.il/investment/rishon-lezion-investment-apartment/,0,1,0,6
מה ההחזר החודשי על משכנתא של 2 מיליון,https://nad-lan.co.il/mortgage-calculator/,0,1,0,50
מה הטרנדים ב 2026 בדיור מוגן בסביון טכנולוגיה בריאות דיגיטלית וכל זה,https://nad-lan.co.il/interior-design-trends-2026-israel/,0,1,0,8
מה הכי זול,https://nad-lan.co.il/sde-dov/prices/,0,1,0,2
מה הכתובות?,https://nad-lan.co.il/tel-aviv-plans/yad-eliyahu/,0,1,0,14
מה הכתובת,https://nad-lan.co.il/projects/six-8-herbert-samuel-tel-aviv/,0,1,0,2
מה המחיר,https://nad-lan.co.il/herzliya-apartment-prices/,0,1,0,3
מה המחיר,https://nad-lan.co.il/kiryat-ono-apartment-prices/,0,1,0,5
מה המחיר,https://nad-lan.co.il/projects/duo-tel-aviv/,0,2,0,2.5
מה המחיר,https://nad-lan.co.il/sde-dov/prices/,0,1,0,2
מה המחיר למטר,https://nad-lan.co.il/projects/duo-tel-aviv/,0,1,0,6
מה המחיר למטר,https://nad-lan.co.il/sde-dov/prices/,0,1,0,3
מה המחירים,https://nad-lan.co.il/projects/duo-tel-aviv/,0,1,0,9
מה המחירים,https://nad-lan.co.il/projects/first-sde-dov/,0,1,0,12
מה המחירים,https://nad-lan.co.il/sde-dov/prices/,0,1,0,3
מה המחירים של דירות יד ראשונה ברמת גן,https://nad-lan.co.il/ramat-gan-apartment-prices/,0,1,0,10
מה המחירים שם,https://nad-lan.co.il/herzliya-pituach-apartment-prices/,0,1,0,3
מה המחירים?,https://nad-lan.co.il/sde-dov/prices/,0,1,0,5
מה העלות האמיתית של דיור מוגן ברחובות כולל כל התוספות,https://nad-lan.co.il/projects/gindi-vogue-sde-dov/,0,3,0,6.666666666666667
מה העלות הכוללת של דיור מוגן יוקרתי,https://nad-lan.co.il/projects/migdalei-hayam-sde-dov/,0,6,0,6.333333333333333
מה הראשי תיבות של נדלן,https://nad-lan.co.il/glossary/,0,1,0,61
מה זה noi,https://nad-lan.co.il/investment/,0,2,0,73
מה זה section 8,https://nad-lan.co.il/investment/,0,1,0,38
מה זה אומר יד ראשונה בנדלן,https://nad-lan.co.il/investment/,0,2,0,80.5
מה זה בית דופלקס,https://nad-lan.co.il/glossary/,0,1,0,76
מה זה גרייס,https://nad-lan.co.il/glossary/mortgage-grace-period/,0,7,0,62.714285714285715
מה זה גרמושקה,https://nad-lan.co.il/glossary/%D7%92%D7%A8%D7%9E%D7%95%D7%A9%D7%A7%D7%94/,0,6,0,51.5
מה זה דו משפחתי,https://nad-lan.co.il/glossary/,0,1,0,96
מה זה הלוואת גרייס,https://nad-lan.co.il/glossary/mortgage-grace-period/,0,1,0,83
מה זה מושע בנדלן,https://nad-lan.co.il/investment/,0,1,0,88
מה זה מחירון דקל,https://nad-lan.co.il/glossary/%D7%9E%D7%97%D7%99%D7%A8%D7%95%D7%9F-%D7%93%D7%A7%D7%9C-%D7%9C%D7%91%D7%A0%D7%99%D7%99%D7%94-%D7%95%D7%AA%D7%A9%D7%AA%D7%99%D7%95%D7%AA/,0,1,0,10
מה זה מנהל פרויקטים,https://nad-lan.co.il/glossary/%D7%9E%D7%A0%D7%94%D7%9C-%D7%A4%D7%A8%D7%95%D7%99%D7%A7%D7%98/,0,13,0,55.76923076923077
"מה זה מע""ר",https://nad-lan.co.il/projects/%D7%9E%D7%A2%D7%A8/,0,1,0,66
מה זה נדלן,https://nad-lan.co.il/glossary/,0,35,0,76.25714285714285
מה זה עוגן כימי,https://nad-lan.co.il/glossary/%D7%A2%D7%95%D7%92%D7%9F-%D7%9B%D7%99%D7%9E%D7%99/,0,4,0,10.25
מה זה עיגון,https://nad-lan.co.il/glossary/%D7%91%D7%95%D7%A8%D7%92-%D7%A2%D7%99%D7%92%D7%95%D7%9F-%D7%91%D7%98%D7%95%D7%9F/,0,1,0,26
מה זה עסקת קומבינציה,https://nad-lan.co.il/glossary/kombinatzia/,0,1,0,87
מה זה ערך כינון,https://nad-lan.co.il/glossary/,0,1,0,85
מה זה פרויקט turnkey ולמה זה משתלם,https://nad-lan.co.il/commercial-real-estate/office-fit-out-cost-tel-aviv/,0,8,0,9.125
מה זה קונסטרוקטור,https://nad-lan.co.il/glossary/%D7%A7%D7%95%D7%A0%D7%A1%D7%98%D7%A8%D7%95%D7%A7%D7%98%D7%95%D7%A8/,0,3,0,65.66666666666667
מה זה רישוי זמין,https://nad-lan.co.il/glossary/%D7%A8%D7%99%D7%A9%D7%95%D7%99-%D7%96%D7%9E%D7%99%D7%9F/,0,1,0,44
מה חשוב לבדוק במחסן לוגיסטי לפני השכרה,https://nad-lan.co.il/commercial-real-estate/commercial-real-estate-brokerage-fee/,0,2,0,16
מה חשוב לבדוק במחסן לוגיסטי לפני השכרה,https://nad-lan.co.il/commercial-real-estate/industrial-electricity-commercial-property/,0,10,0,6.7
מה חשוב לבדוק במחסן לוגיסטי לפני השכרה,https://nad-lan.co.il/commercial-real-estate/logistics-warehouse-for-rent-airport-city/,0,3,0,23.333333333333332
מה כולל המפרט הבסיסי בדירה חדשה,https://nad-lan.co.il/guides/new-apartment-sale-specification/,0,1,0,11
מה לעשות עם 300000 שקל,https://nad-lan.co.il/investment/,0,2,0,50
מה לעשות עם 400 אלף שקל,https://nad-lan.co.il/investment/,0,2,0,61
מה מחיר הדירה שלי,https://nad-lan.co.il/property-value-estimator/,0,1,0,24
מה מחירים,https://nad-lan.co.il/projects/ashira-sde-dov/,0,1,0,4
מה מקבלים בפינוי בינוי,https://nad-lan.co.il/urban-renewal/pinui-binui/,0,1,0,86
מה נפח תא המטען שכדאי לדרוש ברכב משפחתי?,https://nad-lan.co.il/guides/new-project-parking/,0,2,0,10
מה עדיף – פריסה ארוכה עם החזר נמוך או קצרה עם ריבית נמוכה?,https://nad-lan.co.il/mortgage-refinance/,0,1,0,10
מה עלויות,https://nad-lan.co.il/projects/,0,1,0,2
מה ערך הדירה שלי,https://nad-lan.co.il/property-value-estimator/,0,1,0,24
מה ראשי התיבות של נדלן,https://nad-lan.co.il/glossary/,0,1,0,49
מה ראשי התיבות של נדלן,https://nad-lan.co.il/investment/,0,1,0,82
מה תנאי התשלום,https://nad-lan.co.il/sde-dov/,0,1,0,2
מה+חשוב+לבדוק+לפני+הסכם+מכר,https://nad-lan.co.il/real-estate-lawyer/apartment-sale-contract/,0,1,0,99
מהו נכס,https://nad-lan.co.il/investment/,0,4,0,51
מהו ערך כינון,https://nad-lan.co.il/glossary/,0,1,0,83
מהנדס יועץ איטום,https://nad-lan.co.il/glossary/%D7%99%D7%95%D7%A2%D7%A5-%D7%90%D7%99%D7%98%D7%95%D7%9D/,0,13,0,18.46153846153846
מהנדס רישוי,https://nad-lan.co.il/glossary/%D7%AA%D7%A7%D7%A0%D7%95%D7%AA-%D7%94%D7%9E%D7%94%D7%A0%D7%93%D7%A1%D7%99%D7%9D-%D7%95%D7%94%D7%90%D7%93%D7%A8%D7%99%D7%9B%D7%9C%D7%99%D7%9D-%D7%A8%D7%99%D7%A9%D7%95%D7%99-%D7%95%D7%99%D7%99%D7%97/,0,1,0,21
מהר ל 16 תל אביב,https://nad-lan.co.il/projects/,0,1,0,42
מודיליאני 4 תל אביב,https://nad-lan.co.il/projects/,0,1,0,68
מודל dcf,https://nad-lan.co.il/glossary/%D7%A0%D7%95%D7%A1%D7%97%D7%AA-dcf/,0,3,0,83
מוזיר 12,https://nad-lan.co.il/projects/,0,1,0,44
מוזיר 14,https://nad-lan.co.il/projects/,0,2,0,68.5
מוזיר 8 תל אביב,https://nad-lan.co.il/,0,1,0,52
מול ירדן בית שאן,https://nad-lan.co.il/,0,1,0,71
מומנט אזורים,https://nad-lan.co.il/premium/,0,1,0,86
מוסינזון 17 תל אביב,https://nad-lan.co.il/,0,1,0,59
מוסינזון 7 תל אביב,https://nad-lan.co.il/projects/,0,1,0,38
מורדות גילה,https://nad-lan.co.il/,0,1,0,82
מורדות גילה מחירים,https://nad-lan.co.il/jerusalem-apartment-prices/,0,1,0,40
מורדות ים 8 הרצליה,https://nad-lan.co.il/projects/,0,1,0,58
מורדות צפוניים,https://nad-lan.co.il/projects/,0,1,0,51
מוריה 32 רמת השרון,https://nad-lan.co.il/projects/,0,1,0,49
מורשת טל פרימיום,https://nad-lan.co.il/,0,1,0,64
מורשת טל פרימיום,https://nad-lan.co.il/premium/,0,1,0,90
מורשת טל פרימיום,https://nad-lan.co.il/projects/,0,1,0,97
מושגים בבניה,https://nad-lan.co.il/glossary/,0,1,0,72
מושגים בנדלן,https://nad-lan.co.il/glossary/,0,30,0,76.53333333333333
מושע משכנתא,https://nad-lan.co.il/investment/,0,6,0,68.66666666666667
מושע נדלן,https://nad-lan.co.il/investment/,0,2,0,73.5
מושקוביץ הנדסה,https://nad-lan.co.il/professionals/%D7%9E%D7%95%D7%A9%D7%A7%D7%95%D7%91%D7%99%D7%A5-%D7%99%D7%A2%D7%A7%D7%91/,0,1,0,28
מותג עירוני פרויקטים,https://nad-lan.co.il/projects/,0,2,0,59.5
מזה גרמושקה,https://nad-lan.co.il/glossary/%D7%92%D7%A8%D7%9E%D7%95%D7%A9%D7%A7%D7%94/,0,3,0,55.666666666666664
מזה נדלן,https://nad-lan.co.il/glossary/,0,1,0,83
מזנין,https://nad-lan.co.il/investment/,0,1,0,89
מזנין בנדל ן,https://nad-lan.co.il/investment/,0,1,0,75
"מזנין נדל""ן",https://nad-lan.co.il/investment/,0,1,0,80
מחזור הלוואה כדאי או לא לפי ריבית,https://nad-lan.co.il/mortgage-refinance/,0,2,0,11
מחיר בית,https://nad-lan.co.il/property-value-estimator/,0,1,0,20
מחיר דירה,https://nad-lan.co.il/property-value-estimator/,0,8,0,20.875
מחיר דירה בדובאי,https://nad-lan.co.il/global/dubai/,0,1,0,16
מחיר דירה חדשה בתל אביב,https://nad-lan.co.il/projects/,0,26,0,24.576923076923077
מחיר דירה חדשה בתל אביב,https://nad-lan.co.il/tel-aviv-apartment-prices/,0,7,0,12.857142857142858
מחיר דירה לפי כתובת,https://nad-lan.co.il/,0,1,0,50
מחיר דירה לפי כתובת,https://nad-lan.co.il/property-value-estimator/,0,1,0,17
מחיר דירות למכירה ברמת גן,https://nad-lan.co.il/ramat-gan-apartment-prices/,0,1,0,5
מחיר דקל,https://nad-lan.co.il/glossary/%D7%9E%D7%97%D7%99%D7%A8%D7%95%D7%9F-%D7%93%D7%A7%D7%9C-%D7%9C%D7%91%D7%A0%D7%99%D7%99%D7%94-%D7%95%D7%AA%D7%A9%D7%AA%D7%99%D7%95%D7%AA/,0,22,0,16.090909090909093
מחיר למטר בירושלים,https://nad-lan.co.il/jerusalem-apartment-prices/,0,1,0,28
מחיר למטר מרובע,https://nad-lan.co.il/property-value-estimator/,0,1,0,20
מחיר למטר רבוע תל אביב,https://nad-lan.co.il/tel-aviv-apartment-prices/,0,1,0,21
מחיר למטר תל אביב,https://nad-lan.co.il/tel-aviv-apartment-prices/,0,1,0,18
מחיר למר,https://nad-lan.co.il/projects/duo-tel-aviv/,0,1,0,3
מחיר מכירה,https://nad-lan.co.il/selling-apartment/,0,2,0,18
מחיר משכנתא,https://nad-lan.co.il/mortgage-calculator/,0,9,0,32.33333333333333
מחיר נדלן,https://nad-lan.co.il/,0,1,0,42
מחיר נכון למכירת דירה,https://nad-lan.co.il/property-value-estimator/,0,4,0,21
מחיר שיווק לנכס,https://nad-lan.co.il/investment/,0,2,0,24.5
מחיר שיווק לנכס,https://nad-lan.co.il/property-value-estimator/,0,13,0,15.923076923076923
מחיר שמאות דירה,https://nad-lan.co.il/property-value-estimator/,0,3,0,35.666666666666664
מחירון בתים,https://nad-lan.co.il/,0,1,0,74
מחירון בתים,https://nad-lan.co.il/property-value-estimator/,0,2,0,19
מחירון דירות,https://nad-lan.co.il/,0,3,0,63.666666666666664
מחירון דירות,https://nad-lan.co.il/property-value-estimator/,0,6,0,18.833333333333332
מחירון דירות חדשות,https://nad-lan.co.il/jerusalem-apartment-prices/,0,1,0,22
מחירון דירות חדשות,https://nad-lan.co.il/sde-dov/prices/,0,3,0,14
מחירון דקל,https://nad-lan.co.il/glossary/%D7%9E%D7%97%D7%99%D7%A8%D7%95%D7%9F-%D7%93%D7%A7%D7%9C-%D7%9C%D7%91%D7%A0%D7%99%D7%99%D7%94-%D7%95%D7%AA%D7%A9%D7%AA%D7%99%D7%95%D7%AA/,0,90,0,18.522222222222222
מחירון דקל 2024,https://nad-lan.co.il/glossary/%D7%9E%D7%97%D7%99%D7%A8%D7%95%D7%9F-%D7%93%D7%A7%D7%9C-%D7%9C%D7%91%D7%A0%D7%99%D7%99%D7%94-%D7%95%D7%AA%D7%A9%D7%AA%D7%99%D7%95%D7%AA/,0,15,0,22.2
מחירון דקל 2025,https://nad-lan.co.il/glossary/%D7%9E%D7%97%D7%99%D7%A8%D7%95%D7%9F-%D7%93%D7%A7%D7%9C-%D7%9C%D7%91%D7%A0%D7%99%D7%99%D7%94-%D7%95%D7%AA%D7%A9%D7%AA%D7%99%D7%95%D7%AA/,0,20,0,21.95
מחירון דקל 2026,https://nad-lan.co.il/glossary/%D7%93%D7%A7%D7%9C-%D7%AA%D7%95%D7%9B%D7%A0%D7%94/,0,2,0,7.5
מחירון דקל 2026,https://nad-lan.co.il/glossary/%D7%9E%D7%97%D7%99%D7%A8%D7%95%D7%9F-%D7%93%D7%A7%D7%9C-%D7%9C%D7%91%D7%A0%D7%99%D7%99%D7%94-%D7%95%D7%AA%D7%A9%D7%AA%D7%99%D7%95%D7%AA/,0,25,0,13.8
מחירון דקל pdf,https://nad-lan.co.il/glossary/%D7%9E%D7%97%D7%99%D7%A8%D7%95%D7%9F-%D7%93%D7%A7%D7%9C-%D7%9C%D7%91%D7%A0%D7%99%D7%99%D7%94-%D7%95%D7%AA%D7%A9%D7%AA%D7%99%D7%95%D7%AA/,0,21,0,23.333333333333332
מחירון דקל אינטרנטי,https://nad-lan.co.il/glossary/%D7%9E%D7%97%D7%99%D7%A8%D7%95%D7%9F-%D7%93%D7%A7%D7%9C-%D7%9C%D7%91%D7%A0%D7%99%D7%99%D7%94-%D7%95%D7%AA%D7%A9%D7%AA%D7%99%D7%95%D7%AA/,0,19,0,17.736842105263158
מחירון דקל אינסטלציה,https://nad-lan.co.il/glossary/%D7%9E%D7%97%D7%99%D7%A8%D7%95%D7%9F-%D7%93%D7%A7%D7%9C-%D7%9C%D7%91%D7%A0%D7%99%D7%99%D7%94-%D7%95%D7%AA%D7%A9%D7%AA%D7%99%D7%95%D7%AA/,0,16,0,14.125
מחירון דקל בנייה,https://nad-lan.co.il/glossary/%D7%9E%D7%97%D7%99%D7%A8%D7%95%D7%9F-%D7%93%D7%A7%D7%9C-%D7%9C%D7%91%D7%A0%D7%99%D7%99%D7%94-%D7%95%D7%AA%D7%A9%D7%AA%D7%99%D7%95%D7%AA/,0,19,0,14.894736842105264
מחירון דקל בניית חומה,https://nad-lan.co.il/glossary/%D7%9E%D7%97%D7%99%D7%A8%D7%95%D7%9F-%D7%93%D7%A7%D7%9C-%D7%9C%D7%91%D7%A0%D7%99%D7%99%D7%94-%D7%95%D7%AA%D7%A9%D7%AA%D7%99%D7%95%D7%AA/,0,17,0,23.235294117647058
מחירון דקל גינון,https://nad-lan.co.il/glossary/%D7%9E%D7%97%D7%99%D7%A8%D7%95%D7%9F-%D7%93%D7%A7%D7%9C-%D7%9C%D7%91%D7%A0%D7%99%D7%99%D7%94-%D7%95%D7%AA%D7%A9%D7%AA%D7%99%D7%95%D7%AA/,0,14,0,20.785714285714285
מחירון דקל הריסה ופינוי,https://nad-lan.co.il/glossary/%D7%9E%D7%97%D7%99%D7%A8%D7%95%D7%9F-%D7%93%D7%A7%D7%9C-%D7%9C%D7%91%D7%A0%D7%99%D7%99%D7%94-%D7%95%D7%AA%D7%A9%D7%AA%D7%99%D7%95%D7%AA/,0,31,0,21.903225806451612
מחירון דקל חינם,https://nad-lan.co.il/glossary/%D7%9E%D7%97%D7%99%D7%A8%D7%95%D7%9F-%D7%93%D7%A7%D7%9C-%D7%9C%D7%91%D7%A0%D7%99%D7%99%D7%94-%D7%95%D7%AA%D7%A9%D7%AA%D7%99%D7%95%D7%AA/,0,18,0,22.88888888888889
מחירון דקל חשמל,https://nad-lan.co.il/glossary/%D7%9E%D7%97%D7%99%D7%A8%D7%95%D7%9F-%D7%93%D7%A7%D7%9C-%D7%9C%D7%91%D7%A0%D7%99%D7%99%D7%94-%D7%95%D7%AA%D7%A9%D7%AA%D7%99%D7%95%D7%AA/,0,1,0,5
מחירון דקל יציקת בטון,https://nad-lan.co.il/glossary/%D7%9E%D7%97%D7%99%D7%A8%D7%95%D7%9F-%D7%93%D7%A7%D7%9C-%D7%9C%D7%91%D7%A0%D7%99%D7%99%D7%94-%D7%95%D7%AA%D7%A9%D7%AA%D7%99%D7%95%D7%AA/,0,20,0,16.6
מחירון דקל כניסה,https://nad-lan.co.il/glossary/%D7%9E%D7%97%D7%99%D7%A8%D7%95%D7%9F-%D7%93%D7%A7%D7%9C-%D7%9C%D7%91%D7%A0%D7%99%D7%99%D7%94-%D7%95%D7%AA%D7%A9%D7%AA%D7%99%D7%95%D7%AA/,0,4,0,22.75
מחירון דקל לבניה,https://nad-lan.co.il/glossary/%D7%9E%D7%97%D7%99%D7%A8%D7%95%D7%9F-%D7%93%D7%A7%D7%9C-%D7%9C%D7%91%D7%A0%D7%99%D7%99%D7%94-%D7%95%D7%AA%D7%A9%D7%AA%D7%99%D7%95%D7%AA/,0,23,0,14.782608695652174
מחירון דקל להורדה,https://nad-lan.co.il/glossary/%D7%9E%D7%97%D7%99%D7%A8%D7%95%D7%9F-%D7%93%D7%A7%D7%9C-%D7%9C%D7%91%D7%A0%D7%99%D7%99%D7%94-%D7%95%D7%AA%D7%A9%D7%AA%D7%99%D7%95%D7%AA/,0,22,0,20.772727272727273
מחירון דקל להורדה pdf,https://nad-lan.co.il/glossary/%D7%9E%D7%97%D7%99%D7%A8%D7%95%D7%9F-%D7%93%D7%A7%D7%9C-%D7%9C%D7%91%D7%A0%D7%99%D7%99%D7%94-%D7%95%D7%AA%D7%A9%D7%AA%D7%99%D7%95%D7%AA/,0,15,0,23.533333333333335
מחירון דקל להורדה חינם,https://nad-lan.co.il/glossary/%D7%9E%D7%97%D7%99%D7%A8%D7%95%D7%9F-%D7%93%D7%A7%D7%9C-%D7%9C%D7%91%D7%A0%D7%99%D7%99%D7%94-%D7%95%D7%AA%D7%A9%D7%AA%D7%99%D7%95%D7%AA/,0,20,0,22.05
מחירון דקל מיזוג אוויר,https://nad-lan.co.il/glossary/%D7%9E%D7%97%D7%99%D7%A8%D7%95%D7%9F-%D7%93%D7%A7%D7%9C-%D7%9C%D7%91%D7%A0%D7%99%D7%99%D7%94-%D7%95%D7%AA%D7%A9%D7%AA%D7%99%D7%95%D7%AA/,0,18,0,20.166666666666668
מחירון דקל עבודות צבע,https://nad-lan.co.il/glossary/%D7%9E%D7%97%D7%99%D7%A8%D7%95%D7%9F-%D7%93%D7%A7%D7%9C-%D7%9C%D7%91%D7%A0%D7%99%D7%99%D7%94-%D7%95%D7%AA%D7%A9%D7%AA%D7%99%D7%95%D7%AA/,0,15,0,22.133333333333333
מחירון דקל עלויות בניה,https://nad-lan.co.il/glossary/%D7%9E%D7%97%D7%99%D7%A8%D7%95%D7%9F-%D7%93%D7%A7%D7%9C-%D7%9C%D7%91%D7%A0%D7%99%D7%99%D7%94-%D7%95%D7%AA%D7%A9%D7%AA%D7%99%D7%95%D7%AA/,0,17,0,16.470588235294116
מחירון דקל פרוץ,https://nad-lan.co.il/glossary/%D7%9E%D7%97%D7%99%D7%A8%D7%95%D7%9F-%D7%93%D7%A7%D7%9C-%D7%9C%D7%91%D7%A0%D7%99%D7%99%D7%94-%D7%95%D7%AA%D7%A9%D7%AA%D7%99%D7%95%D7%AA/,0,19,0,18
מחירון דקל צבע,https://nad-lan.co.il/glossary/%D7%9E%D7%97%D7%99%D7%A8%D7%95%D7%9F-%D7%93%D7%A7%D7%9C-%D7%9C%D7%91%D7%A0%D7%99%D7%99%D7%94-%D7%95%D7%AA%D7%A9%D7%AA%D7%99%D7%95%D7%AA/,0,18,0,31.333333333333332
מחירון דקל שיפוצים,https://nad-lan.co.il/glossary/%D7%9E%D7%97%D7%99%D7%A8%D7%95%D7%9F-%D7%93%D7%A7%D7%9C-%D7%9C%D7%91%D7%A0%D7%99%D7%99%D7%94-%D7%95%D7%AA%D7%A9%D7%AA%D7%99%D7%95%D7%AA/,0,9,0,19.444444444444443
מחירון משכנתא,https://nad-lan.co.il/mortgage-calculator/,0,1,0,44
מחירון קבלנים,https://nad-lan.co.il/glossary/%D7%9E%D7%97%D7%99%D7%A8%D7%95%D7%9F-%D7%93%D7%A7%D7%9C-%D7%9C%D7%91%D7%A0%D7%99%D7%99%D7%94-%D7%95%D7%AA%D7%A9%D7%AA%D7%99%D7%95%D7%AA/,0,10,0,18.6
מחירון שיפוצים דקל,https://nad-lan.co.il/glossary/%D7%9E%D7%97%D7%99%D7%A8%D7%95%D7%9F-%D7%93%D7%A7%D7%9C-%D7%9C%D7%91%D7%A0%D7%99%D7%99%D7%94-%D7%95%D7%AA%D7%A9%D7%AA%D7%99%D7%95%D7%AA/,0,2,0,27.5
מחירון שכירות,https://nad-lan.co.il/buy-or-rent/,0,1,0,73
מחירון שכירות,https://nad-lan.co.il/property-value-estimator/,0,1,0,19
מחירוני דקל,https://nad-lan.co.il/glossary/%D7%9E%D7%97%D7%99%D7%A8%D7%95%D7%9F-%D7%93%D7%A7%D7%9C-%D7%9C%D7%91%D7%A0%D7%99%D7%99%D7%94-%D7%95%D7%AA%D7%A9%D7%AA%D7%99%D7%95%D7%AA/,0,16,0,17.0625
מחירי בתים להשקעה באוהיו,https://nad-lan.co.il/global/,0,1,0,48
מחירי דירות,https://nad-lan.co.il/projects/duo-tel-aviv/,0,1,0,4
מחירי דירות,https://nad-lan.co.il/sde-dov/prices/,0,2,0,5.5
מחירי דירות בהרצליה,https://nad-lan.co.il/herzliya-apartment-prices/,0,2,0,12.5
מחירי דירות בירושלים,https://nad-lan.co.il/jerusalem-apartment-prices/,0,1,0,32
מחירי דירות בלונדון,https://nad-lan.co.il/global/london/,0,4,0,33
מחירי דירות בנתניה,https://nad-lan.co.il/netanya-apartment-prices/,0,2,0,16
מחירי דירות ברמת גן,https://nad-lan.co.il/ramat-gan-apartment-prices/,0,1,0,15
מחירי דירות בשדה דב,https://nad-lan.co.il/sde-dov/prices/,0,1,0,7
מחירי דירות חדשות,https://nad-lan.co.il/projects/,0,2,0,29
מחירי דירות חדשות,https://nad-lan.co.il/projects/%D7%94%D7%A7%D7%A8%D7%9F/,0,1,0,98
מחירי דירות חדשות בנתניה,https://nad-lan.co.il/netanya-apartment-prices/,0,5,0,17.8
מחירי דירות יוקרה בתל אביב,https://nad-lan.co.il/tel-aviv-apartment-prices/,0,1,0,12
מחירי דירות ירושלים,https://nad-lan.co.il/jerusalem-apartment-prices/,0,1,0,31
מחירי דקל,https://nad-lan.co.il/glossary/%D7%9E%D7%97%D7%99%D7%A8%D7%95%D7%9F-%D7%93%D7%A7%D7%9C-%D7%9C%D7%91%D7%A0%D7%99%D7%99%D7%94-%D7%95%D7%AA%D7%A9%D7%AA%D7%99%D7%95%D7%AA/,0,1,0,14
מחירי הדירות בירושלים,https://nad-lan.co.il/jerusalem-apartment-prices/,0,2,0,42.5
מחירי הדירות בתל אביב,https://nad-lan.co.il/tel-aviv-apartment-prices/,0,1,0,45
מחירי הדירות לאן,https://nad-lan.co.il/,0,1,0,42
מחירי הדירות לאן,https://nad-lan.co.il/properties/,0,1,0,67
מחירי הדירות לאן,https://nad-lan.co.il/tel-aviv-apartment-prices/,0,1,0,56
מחירי הנדלן,https://nad-lan.co.il/herzliya-apartment-prices/,0,1,0,10
מחירי משרדים צפון לעומת מרכז,https://nad-lan.co.il/commercial-real-estate/office-prices-raanana/,0,13,0,52.84615384615385
מחירי משרדים צפון לעומת מרכז,https://nad-lan.co.il/commercial-real-estate/ramat-gan-commercial-property-prices/,0,1,0,67
מחירי נדלן בדובאי,https://nad-lan.co.il/short-term-rentals-dubai/,0,2,0,14
מחירים,https://nad-lan.co.il/projects/duo-tel-aviv/,0,2,0,5
מחירים,https://nad-lan.co.il/projects/rainbow-tel-aviv-en/,0,1,0,15
מחמוד סואעד,https://nad-lan.co.il/professionals/%D7%A1%D7%95%D7%90%D7%A2%D7%93-%D7%9E%D7%97%D7%9E%D7%95%D7%93/,0,1,0,14
מחמוד סואעד,https://nad-lan.co.il/professionals/%D7%A1%D7%95%D7%90%D7%A2%D7%93-%D7%A9%D7%A8%D7%99%D7%A3/,0,1,0,52
"מחקרי נדל""ן",https://nad-lan.co.il/,0,5,0,66.8
מחשבון בלון,https://nad-lan.co.il/mortgage-calculator/,0,1,0,63
מחשבון גרירת משכנתא,https://nad-lan.co.il/mortgage-calculator/,0,1,0,53
מחשבון דירה,https://nad-lan.co.il/apartment-purchase-cost-calculator/,0,2,0,88.5
מחשבון דירה,https://nad-lan.co.il/buy-or-rent/,0,4,0,77.5
מחשבון דירה,https://nad-lan.co.il/property-value-estimator/,0,5,0,17.6
מחשבון דירות,https://nad-lan.co.il/property-value-estimator/,0,1,0,21
מחשבון הון עצמי,https://nad-lan.co.il/mortgage-calculator/,0,3,0,42
מחשבון הון עצמי לדירה,https://nad-lan.co.il/mortgage-calculator/,0,2,0,36
מחשבון החזר חודשי משכנתא,https://nad-lan.co.il/mortgage-calculator/,0,2,0,45.5
מחשבון החזר משכנתא,https://nad-lan.co.il/mortgage-calculator/,0,48,0,43.3125
מחשבון החזר משכנתא חודשי,https://nad-lan.co.il/mortgage-calculator/,0,3,0,43
מחשבון החזר משכנתא פועלים,https://nad-lan.co.il/mortgage-calculator/,0,1,0,41
מחשבון החזרי משכנתא,https://nad-lan.co.il/mortgage-calculator/,0,10,0,40.5
מחשבון הלוואה בלון,https://nad-lan.co.il/mortgage-calculator/,0,13,0,65.6923076923077
מחשבון הלוואת בלון,https://nad-lan.co.il/mortgage-calculator/,0,4,0,69.5
מחשבון הלוואת בלון לדירה,https://nad-lan.co.il/mortgage-calculator/,0,1,0,59
מחשבון הלוואת גישור,https://nad-lan.co.il/mortgage-calculator/,0,5,0,74.6
מחשבון הלוואת גישור לרכישת דירה,https://nad-lan.co.il/mortgage-calculator/,0,1,0,66
מחשבון הערכת שווי דירה,https://nad-lan.co.il/property-value-estimator/,0,2,0,14
מחשבון הערכת שווי נכס,https://nad-lan.co.il/property-value-estimator/,0,1,0,12
מחשבון הקניית בעלות,https://nad-lan.co.il/purchase-tax-calculator/,0,1,0,64
מחשבון הקפאת משכנתא,https://nad-lan.co.il/mortgage-calculator/,0,1,0,41
מחשבון השכרת דירה,https://nad-lan.co.il/buy-or-rent/,0,1,0,72
מחשבון חישוב משכנתא,https://nad-lan.co.il/mortgage-calculator/,0,1,0,44
מחשבון ידעת יד 2,https://nad-lan.co.il/property-value-estimator/,0,1,0,29
מחשבון לחישוב מס רכישה,https://nad-lan.co.il/purchase-tax-calculator/,0,1,0,52
מחשבון לקיחת משכנתא,https://nad-lan.co.il/mortgage-calculator/,0,1,0,48
מחשבון לקנות או לשכור דירה,https://nad-lan.co.il/apartment-purchase-cost-calculator/,0,1,0,72
מחשבון לקנות או לשכור דירה,https://nad-lan.co.il/buy-or-rent/,0,1,0,33
מחשבון מדלן,https://nad-lan.co.il/,0,1,0,87
מחשבון מדלן,https://nad-lan.co.il/buy-or-rent/,0,1,0,73
מחשבון מדלן,https://nad-lan.co.il/property-value-estimator/,0,1,0,27
מחשבון מחזור משכנתא בנק ישראל,https://nad-lan.co.il/mortgage-calculator/,0,1,0,33
מחשבון מחיר דירה,https://nad-lan.co.il/property-value-estimator/,0,2,0,8.5
מחשבון מחיר דירה יד 2,https://nad-lan.co.il/property-value-estimator/,0,1,0,23
מחשבון מחיר מטרה,https://nad-lan.co.il/mortgage-calculator/,0,1,0,60
מחשבון מחירי דירות,https://nad-lan.co.il/property-value-estimator/,0,1,0,16
מחשבון מימון,https://nad-lan.co.il/mortgage-calculator/,0,8,0,61.5
מחשבון מיסוי מקרקעין,https://nad-lan.co.il/purchase-tax-calculator/,0,2,0,54
מחשבון מכירת דירה,https://nad-lan.co.il/buy-or-rent/,0,1,0,77
מחשבון מכירת דירה,https://nad-lan.co.il/property-value-estimator/,0,1,0,13
מחשבון מלא,https://nad-lan.co.il/buy-or-rent/,0,1,0,92
מחשבון מס דירה,https://nad-lan.co.il/purchase-tax-calculator/,0,1,0,49
מחשבון מס קניה,https://nad-lan.co.il/purchase-tax-calculator/,0,1,0,52
מחשבון מס רכישה,https://nad-lan.co.il/purchase-tax-calculator/,0,61,0,55.278688524590166
מחשבון מס רכישה דירה ראשונה,https://nad-lan.co.il/purchase-tax-calculator/,0,20,0,56.3
מחשבון מס רכישה דירה שלישית,https://nad-lan.co.il/purchase-tax-calculator/,0,2,0,50.5
מחשבון מס רכישה דירה שנייה,https://nad-lan.co.il/purchase-tax-calculator/,0,1,0,49
מחשבון מס רכישה לדירה ראשונה,https://nad-lan.co.il/purchase-tax-calculator/,0,1,0,54
מחשבון מס רכישה מיסוי מקרקעין,https://nad-lan.co.il/purchase-tax-calculator/,0,1,0,52
מחשבון מס רכישה על דירה ראשונה,https://nad-lan.co.il/purchase-tax-calculator/,0,1,0,58
מחשבון מס רכישת דירה,https://nad-lan.co.il/purchase-tax-calculator/,0,1,0,58
מחשבון מש,https://nad-lan.co.il/mortgage-calculator/,0,1,0,46
מחשבון משכמתא,https://nad-lan.co.il/mortgage-calculator/,0,1,0,50
מחשבון משכנצא,https://nad-lan.co.il/mortgage-calculator/,0,1,0,51
מחשבון משכנתא,https://nad-lan.co.il/mortgage-calculator/,0,116,0,53.26724137931034
מחשבון משכנתא ai,https://nad-lan.co.il/mortgage-calculator/,0,2,0,48.5
מחשבון משכנתא אופטימלית,https://nad-lan.co.il/mortgage-calculator/,0,17,0,45.88235294117647
מחשבון משכנתא אמן,https://nad-lan.co.il/mortgage-calculator/,0,1,0,63
מחשבון משכנתא בלון,https://nad-lan.co.il/mortgage-calculator/,0,19,0,69.26315789473684
מחשבון משכנתא בנק הפועלים,https://nad-lan.co.il/mortgage-calculator/,0,5,0,32.2
מחשבון משכנתא בנק ישראל,https://nad-lan.co.il/mortgage-calculator/,0,2,0,33.5
מחשבון משכנתא בנק לאומי,https://nad-lan.co.il/mortgage-calculator/,0,1,0,47
מחשבון משכנתא גרייס חלקי,https://nad-lan.co.il/mortgage-calculator/,0,6,0,61.5
מחשבון משכנתא החזר,https://nad-lan.co.il/mortgage-calculator/,0,1,0,42
מחשבון משכנתא החזר חודשי,https://nad-lan.co.il/mortgage-calculator/,0,31,0,41.16129032258065
מחשבון משכנתא הלוואת בלון,https://nad-lan.co.il/mortgage-calculator/,0,18,0,67.5
מחשבון משכנתא הפוכה,https://nad-lan.co.il/mortgage-calculator/,0,91,0,58.472527472527474
מחשבון משכנתא הפוכה הראל,https://nad-lan.co.il/mortgage-calculator/,0,1,0,65
מחשבון משכנתא הפוכה כלל,https://nad-lan.co.il/mortgage-calculator/,0,1,0,63
מחשבון משכנתא הפועלים,https://nad-lan.co.il/mortgage-calculator/,0,1,0,43
מחשבון משכנתא השוואה,https://nad-lan.co.il/mortgage-calculator/,0,1,0,53
מחשבון משכנתא חכם,https://nad-lan.co.il/mortgage-calculator/,0,1,0,44
מחשבון משכנתא יד 2,https://nad-lan.co.il/mortgage-calculator/,0,1,0,44
מחשבון משכנתא לאומי,https://nad-lan.co.il/mortgage-calculator/,0,4,0,50.75
מחשבון משכנתא לאומי למשכנתאות,https://nad-lan.co.il/mortgage-calculator/,0,1,0,45
מחשבון משכנתא לבניה עצמית,https://nad-lan.co.il/mortgage-calculator/,0,31,0,50.225806451612904
מחשבון משכנתא לדירה שניה,https://nad-lan.co.il/mortgage-calculator/,0,1,0,34
מחשבון משכנתא לכל מטרה,https://nad-lan.co.il/mortgage-calculator/,0,23,0,43.869565217391305
מחשבון משכנתא לעולים,https://nad-lan.co.il/mortgage-calculator/,0,15,0,55.266666666666666
מחשבון משכנתא לפי הון עצמי,https://nad-lan.co.il/mortgage-calculator/,0,1,0,33
מחשבון משכנתא לפי החזר חודשי,https://nad-lan.co.il/mortgage-calculator/,0,52,0,40.36538461538461
מחשבון משכנתא מורחב,https://nad-lan.co.il/mortgage-calculator/,0,1,0,42
מחשבון משכנתא מזרחי,https://nad-lan.co.il/mortgage-calculator/,0,1,0,34
מחשבון משכנתא מסלולים,https://nad-lan.co.il/mortgage-calculator/,0,17,0,39.76470588235294
מחשבון משכנתא מרכנתיל,https://nad-lan.co.il/mortgage-calculator/,0,1,0,49
מחשבון משכנתא משכנתאמן,https://nad-lan.co.il/mortgage-calculator/,0,4,0,47
מחשבון משכנתא משרד האוצר,https://nad-lan.co.il/mortgage-calculator/,0,4,0,56
מחשבון משכנתא נאמן,https://nad-lan.co.il/mortgage-calculator/,0,2,0,63
מחשבון משכנתא סופרמרקר,https://nad-lan.co.il/mortgage-calculator/,0,3,0,49
מחשבון משכנתא עם לוח סילוקין,https://nad-lan.co.il/mortgage-calculator/,0,1,0,54
מחשבון משכנתא עם מסלולים,https://nad-lan.co.il/mortgage-calculator/,0,18,0,41.111111111111114
מחשבון משכנתא פועלים,https://nad-lan.co.il/mortgage-calculator/,0,3,0,41
מחשבון משכנתא פשוט,https://nad-lan.co.il/mortgage-calculator/,0,7,0,41.57142857142857
מחשבון משכנתא.,https://nad-lan.co.il/mortgage-calculator/,0,1,0,48
מחשבון משכנתאות,https://nad-lan.co.il/mortgage-calculator/,0,5,0,36.8
מחשבון משכנתאמן,https://nad-lan.co.il/mortgage-calculator/,0,6,0,49
מחשבון משכנתה,https://nad-lan.co.il/mortgage-calculator/,0,1,0,53
מחשבון משכנתט,https://nad-lan.co.il/mortgage-calculator/,0,1,0,52
מחשבון נדלן,https://nad-lan.co.il/apartment-purchase-cost-calculator/,0,2,0,58
מחשבון נדלן,https://nad-lan.co.il/buy-or-rent/,0,4,0,71.5
מחשבון נדלן,https://nad-lan.co.il/investment/,0,1,0,92
מחשבון נדלן,https://nad-lan.co.il/property-value-estimator/,0,4,0,18.5
מחשבון נכס,https://nad-lan.co.il/buy-or-rent/,0,1,0,85
מחשבון נכס,https://nad-lan.co.il/property-value-estimator/,0,1,0,20
מחשבון נכס יד 2,https://nad-lan.co.il/property-value-estimator/,0,1,0,21
מחשבון סילוק משכנתא,https://nad-lan.co.il/mortgage-calculator/,0,3,0,41.333333333333336
מחשבון עלות דירה,https://nad-lan.co.il/apartment-purchase-cost-calculator/,0,1,0,53
מחשבון עלות דירה,https://nad-lan.co.il/buy-or-rent/,0,1,0,89
מחשבון עלות דירה,https://nad-lan.co.il/property-value-estimator/,0,1,0,18
מחשבון עלות משכנתא,https://nad-lan.co.il/mortgage-calculator/,0,1,0,46
מחשבון ערך דירה,https://nad-lan.co.il/property-value-estimator/,0,1,0,17
מחשבון פרצלציה,https://nad-lan.co.il/tel-aviv-plans/hatikva-reparcelation/,0,1,0,7
מחשבון צשכנתא,https://nad-lan.co.il/mortgage-calculator/,0,1,0,50
מחשבון קניית דירה,https://nad-lan.co.il/apartment-purchase-cost-calculator/,0,32,0,48.71875
מחשבון קניית דירה,https://nad-lan.co.il/buy-or-rent/,0,25,0,81.96
מחשבון קניית דירה,https://nad-lan.co.il/mortgage-calculator/,0,12,0,95.16666666666667
מחשבון קניית דירה,https://nad-lan.co.il/property-value-estimator/,0,2,0,35
מחשבון קניית דירה,https://nad-lan.co.il/purchase-tax-calculator/,0,18,0,72.22222222222223
מחשבון ריבית בלון,https://nad-lan.co.il/mortgage-calculator/,0,2,0,60.5
מחשבון ריבית הלוואת בלון,https://nad-lan.co.il/mortgage-calculator/,0,1,0,62
מחשבון ריבית משכנתא,https://nad-lan.co.il/mortgage-calculator/,0,1,0,42
מחשבון רכישת דירה,https://nad-lan.co.il/apartment-purchase-cost-calculator/,0,2,0,39
מחשבון רכישת דירה,https://nad-lan.co.il/purchase-tax-calculator/,0,1,0,67
מחשבון שווי דירה,https://nad-lan.co.il/property-value-estimator/,0,3,0,16
מחשבון שווי דירה רשות המיסים,https://nad-lan.co.il/property-value-estimator/,0,1,0,55
מחשבון שווי דירה רשות המיסים,https://nad-lan.co.il/purchase-tax-calculator/,0,3,0,40.333333333333336
מחשבון שווי נכס,https://nad-lan.co.il/property-value-estimator/,0,1,0,19
מחשבון שכר דירה,https://nad-lan.co.il/buy-or-rent/,0,1,0,32
מחשבון שמאות,https://nad-lan.co.il/property-value-estimator/,0,1,0,13
מטולה 15 רמת גן,https://nad-lan.co.il/,0,1,0,80
מטולה 15 רמת גן,https://nad-lan.co.il/premium/,0,1,0,88
מטולה 15 רמת גן,https://nad-lan.co.il/projects/,0,1,0,36
מטלון 80,https://nad-lan.co.il/,0,1,0,64
מטלון 80,https://nad-lan.co.il/projects/,0,1,0,38
מטמון כהן 3,https://nad-lan.co.il/premium/,0,1,0,82
מטמון כהן 3,https://nad-lan.co.il/projects/,0,1,0,49
מטמון כהן 3,https://nad-lan.co.il/site-map/,0,1,0,90
מטמון כהן 5,https://nad-lan.co.il/site-map/,0,1,0,63
מטר לייזר,https://nad-lan.co.il/glossary/%D7%9E%D7%93-%D7%9C%D7%99%D7%99%D7%96%D7%A8/,0,11,0,43
מטרו טאוור,https://nad-lan.co.il/projects/,0,2,0,50
מטרו צרפתי,https://nad-lan.co.il/projects/,0,1,0,62
מטרופולין נתניה,https://nad-lan.co.il/,0,1,0,66
מי היזם,https://nad-lan.co.il/projects/aura-pivko-bat-yam/,0,1,0,7
מי היזם?,https://nad-lan.co.il/projects/duo-tel-aviv/,0,1,0,7
מי הילדים שלהם,https://nad-lan.co.il/professionals/%D7%9E%D7%96%D7%95%D7%96-%D7%A2%D7%9E%D7%95%D7%A1/,0,1,0,2
מי נמצא שם,https://nad-lan.co.il/projects/toha2-tel-aviv-en/,0,1,0,3
מידן גרופ,https://nad-lan.co.il/investment/,0,1,0,39
מידע מדלן,https://nad-lan.co.il/,0,1,0,45
מידע נדל ן,https://nad-lan.co.il/,0,2,0,47.5
מידע נדלן,https://nad-lan.co.il/,0,43,0,47.13953488372093
מידע נדלן ממשלתי,https://nad-lan.co.il/,0,1,0,46
מידע נדלן ממשלתי,https://nad-lan.co.il/buying-apartment/,0,1,0,67
מיי טאון קרית מלאכי,https://nad-lan.co.il/projects/,0,1,0,62
מיישבים ישראל,https://nad-lan.co.il/investment/,0,2,0,47
מילניה,https://nad-lan.co.il/projects/,0,1,0,54
מילר 19 רחובות,https://nad-lan.co.il/projects/,0,1,0,33
מימון לפני ליווי בנקאי,https://nad-lan.co.il/investment/bank-guarantee-purchase/,0,2,0,36.5
מימון נדל ן,https://nad-lan.co.il/investment/,0,12,0,86.83333333333333
מימון נדל ן בבקעת אונו,https://nad-lan.co.il/investment/kiryat-ono-investment-apartment/,0,1,0,54
"מימון נדל""ן",https://nad-lan.co.il/investment/,0,8,0,83
מימון נדלן,https://nad-lan.co.il/investment/,0,49,0,82.12244897959184
מימון נכס,https://nad-lan.co.il/investment/,0,1,0,41
מימון נכסים,https://nad-lan.co.il/investment/,0,1,0,76
מימון עסקאות נדל ן,https://nad-lan.co.il/investment/,0,2,0,80
"מימון עסקאות נדל""ן",https://nad-lan.co.il/investment/,0,1,0,86
מימון עסקאות נדלן,https://nad-lan.co.il/investment/,0,1,0,79
מימון עסקת נדלן,https://nad-lan.co.il/investment-property-mortgage/,0,1,0,53
"מימון פרויקט נדל""ן",https://nad-lan.co.il/investment/,0,1,0,89
מימון פרויקטים בתל אביב,https://nad-lan.co.il/projects/,0,2,0,40.5
מימון רכישות,https://nad-lan.co.il/investment/,0,14,0,62.92857142857143
מינהל התכנון מכוני בקרה,https://nad-lan.co.il/glossary/%D7%9E%D7%9B%D7%95%D7%A0%D7%99-%D7%91%D7%A7%D7%A8%D7%94/,0,1,0,24
מיני פנטהאוז הגדרה,https://nad-lan.co.il/glossary/,0,1,0,72
מינץ 14 תל אביב,https://nad-lan.co.il/projects/,0,1,0,33
מיסוי השקעות נדל ן בקפריסין,https://nad-lan.co.il/global/cyprus/,0,7,0,1.4285714285714286
מיסוי נדל ן בקפריסין,https://nad-lan.co.il/global/cyprus/,0,1,0,8
"מיסוי נדל""ן בקפריסין",https://nad-lan.co.il/global/cyprus/,0,1,0,1
מיקרו ליבינג,https://nad-lan.co.il/projects/,0,1,0,55
מיתד כימי,https://nad-lan.co.il/glossary/%D7%A2%D7%95%D7%92%D7%9F-%D7%9B%D7%99%D7%9E%D7%99/,0,2,0,41.5
מיתוג פרויקט נדל״ן,https://nad-lan.co.il/site-map/,0,2,0,81.5
מכבי 30 רעננה,https://nad-lan.co.il/projects/,0,1,0,34
מכבי 51 רעננה,https://nad-lan.co.il/projects/,0,1,0,49
מכון בקרה,https://nad-lan.co.il/glossary/%D7%9E%D7%9B%D7%95%D7%A0%D7%99-%D7%91%D7%A7%D7%A8%D7%94/,0,35,0,42.25714285714286
מכון בקרה לבניה,https://nad-lan.co.il/glossary/%D7%9E%D7%9B%D7%95%D7%A0%D7%99-%D7%91%D7%A7%D7%A8%D7%94/,0,12,0,40.583333333333336
מכון בקרה מנהל התכנון,https://nad-lan.co.il/glossary/%D7%9E%D7%9B%D7%95%D7%A0%D7%99-%D7%91%D7%A7%D7%A8%D7%94/,0,1,0,28
מכונה לכיפוף ברזל,https://nad-lan.co.il/glossary/%D7%9E%D7%9B%D7%95%D7%A0%D7%AA-%D7%9B%D7%99%D7%A4%D7%95%D7%A3-%D7%91%D7%A8%D7%96%D7%9C/,0,5,0,19
מכונות כיפוף ברזל,https://nad-lan.co.il/glossary/%D7%9E%D7%9B%D7%95%D7%A0%D7%AA-%D7%9B%D7%99%D7%A4%D7%95%D7%A3-%D7%91%D7%A8%D7%96%D7%9C/,0,12,0,16.333333333333336
מכוני בקרה,https://nad-lan.co.il/glossary/%D7%9E%D7%9B%D7%95%D7%A0%D7%99-%D7%91%D7%A7%D7%A8%D7%94/,0,22,0,23.636363636363637
מכונת חיתוך ברזל,https://nad-lan.co.il/glossary/%D7%9E%D7%9B%D7%95%D7%A0%D7%AA-%D7%97%D7%99%D7%AA%D7%95%D7%9A-%D7%91%D7%A8%D7%96%D7%9C/,0,42,0,13.5
מכונת כיפוף,https://nad-lan.co.il/glossary/%D7%9E%D7%9B%D7%95%D7%A0%D7%AA-%D7%9B%D7%99%D7%A4%D7%95%D7%A3-%D7%91%D7%A8%D7%96%D7%9C/,0,2,0,32
מכונת כיפוף ברזל,https://nad-lan.co.il/glossary/%D7%9E%D7%9B%D7%95%D7%A0%D7%AA-%D7%9B%D7%99%D7%A4%D7%95%D7%A3-%D7%91%D7%A8%D7%96%D7%9C/,0,33,0,28.181818181818183
מכונת כיפוף ברזל בניין,https://nad-lan.co.il/glossary/%D7%9E%D7%9B%D7%95%D7%A0%D7%AA-%D7%9B%D7%99%D7%A4%D7%95%D7%A3-%D7%91%D7%A8%D7%96%D7%9C/,0,6,0,37
מכונת כיפוף ברזל חשמלית,https://nad-lan.co.il/glossary/%D7%9E%D7%9B%D7%95%D7%A0%D7%AA-%D7%9B%D7%99%D7%A4%D7%95%D7%A3-%D7%91%D7%A8%D7%96%D7%9C/,0,1,0,26
מכונת כיפוף ידנית,https://nad-lan.co.il/glossary/%D7%9E%D7%9B%D7%95%D7%A0%D7%AA-%D7%9B%D7%99%D7%A4%D7%95%D7%A3-%D7%91%D7%A8%D7%96%D7%9C/,0,1,0,9
מכופף ברזל,https://nad-lan.co.il/glossary/%D7%9E%D7%9B%D7%95%D7%A0%D7%AA-%D7%9B%D7%99%D7%A4%D7%95%D7%A3-%D7%91%D7%A8%D7%96%D7%9C/,0,2,0,31
מכופף ברזל בניין,https://nad-lan.co.il/glossary/%D7%9E%D7%9B%D7%95%D7%A0%D7%AA-%D7%9B%D7%99%D7%A4%D7%95%D7%A3-%D7%91%D7%A8%D7%96%D7%9C/,0,1,0,32
מכירה וקנייה במקביל,https://nad-lan.co.il/selling-apartment/,0,2,0,21.5
מכירות בתים,https://nad-lan.co.il/,0,2,0,72
מכירות בתים,https://nad-lan.co.il/properties/,0,1,0,50
מכירות דירות,https://nad-lan.co.il/properties/,0,2,0,40
מכירות נדלן,https://nad-lan.co.il/,0,1,0,95
מכירות נדלן,https://nad-lan.co.il/investment/,0,1,0,81
מכירות נדלן,https://nad-lan.co.il/properties/,0,1,0,62
מכירת בית,https://nad-lan.co.il/properties/,0,1,0,53
מכירת בית,https://nad-lan.co.il/selling-apartment/,0,1,0,23
מכירת בתים,https://nad-lan.co.il/properties/,0,1,0,52
מכירת בתים,https://nad-lan.co.il/selling-apartment/,0,1,0,3
מכירת דירה,https://nad-lan.co.il/investment/,0,10,0,75.8
מכירת דירה,https://nad-lan.co.il/properties/,0,1,0,96
מכירת דירה,https://nad-lan.co.il/selling-apartment/,0,20,0,49.4
מכירת דירה בצפון,https://nad-lan.co.il/properties/,0,1,0,44
מכירת דירה וקניית דירה,https://nad-lan.co.il/selling-apartment/,0,7,0,66.42857142857143
מכירת דירה לבד,https://nad-lan.co.il/selling-apartment/,0,3,0,53
מכירת דירות,https://nad-lan.co.il/properties/,0,1,0,66
מכירת דירות,https://nad-lan.co.il/selling-apartment/,0,1,0,25
מכירת דירות חדשות,https://nad-lan.co.il/,0,1,0,76
מכירת דירות חדשות,https://nad-lan.co.il/projects/,0,1,0,45
מכירת דירות מגורים,https://nad-lan.co.il/investment/,0,1,0,34
מכירת דירות מגורים,https://nad-lan.co.il/properties/,0,8,0,68.875
מכירת דירות מגורים,https://nad-lan.co.il/selling-apartment/,0,17,0,36.529411764705884
מכירת חנות,https://nad-lan.co.il/investment/,0,10,0,72.2
מכירת מדחסים משופצים וחדשים,https://nad-lan.co.il/ashdod-apartment-prices/,0,2,0,39
מכירת נדלן,https://nad-lan.co.il/properties/,0,2,0,81
מכירת נדלן,https://nad-lan.co.il/selling-apartment/,0,1,0,30
מכירת נכס,https://nad-lan.co.il/investment/,0,21,0,82.47619047619048
מכירת נכס,https://nad-lan.co.il/selling-apartment/,0,32,0,60.6875
מכירת פרוייקטים למגורים,https://nad-lan.co.il/,0,15,0,42.8
מכירת פרוייקטים למגורים,https://nad-lan.co.il/projects/,0,14,0,54.142857142857146
מכירת פרוייקטים למגורים,https://nad-lan.co.il/projects/%D7%90%D7%95%D7%A8-%D7%92%D7%A0%D7%99%D7%9D/,0,1,0,67
מכירת פרויקטים למגורים,https://nad-lan.co.il/,0,13,0,49.61538461538461
מכירת פרויקטים למגורים,https://nad-lan.co.il/projects/,0,16,0,43.5625
מכריע,https://nad-lan.co.il/glossary/%D7%A9%D7%9E%D7%90%D7%99-%D7%9E%D7%9B%D7%A8%D7%99%D7%A2/,0,1,0,41
מכשיר לכיפוף ברזל,https://nad-lan.co.il/glossary/%D7%9E%D7%9B%D7%95%D7%A0%D7%AA-%D7%9B%D7%99%D7%A4%D7%95%D7%A3-%D7%91%D7%A8%D7%96%D7%9C/,0,6,0,16.666666666666664
מלאכי 10 תל אביב,https://nad-lan.co.il/,0,1,0,74
מלאכי 10 תל אביב,https://nad-lan.co.il/projects/,0,1,0,43
מליבו בנייה,https://nad-lan.co.il/projects/,0,1,0,82
ממה עשוי גבס,https://nad-lan.co.il/glossary/%D7%98%D7%99%D7%97-%D7%92%D7%91%D7%A1/,0,1,0,47
מנחם בגין 158,https://nad-lan.co.il/projects/,0,1,0,49
מנחם בגין 25 תל אביב,https://nad-lan.co.il/projects/,0,1,0,48
מס הכנסה מכירת דירות,https://nad-lan.co.il/investment/,0,1,0,46
מס הכנסה נדלן,https://nad-lan.co.il/investment/,0,4,0,38.25
מס לינארי,https://nad-lan.co.il/investment/,0,1,0,93
מס על הנדלן,https://nad-lan.co.il/investment/,0,2,0,59.5
מס על נדלן,https://nad-lan.co.il/investment/,0,6,0,50
מס קניה דירה,https://nad-lan.co.il/purchase-tax-calculator/,0,3,0,85.66666666666667
מס רכישה 2025,https://nad-lan.co.il/purchase-tax-calculator/,0,4,0,72.75
מס רכישה 2026,https://nad-lan.co.il/purchase-tax-calculator/,0,2,0,68.5
מס רכישה דירה ראשונה מחשבון,https://nad-lan.co.il/purchase-tax-calculator/,0,5,0,54.4
מס רכישה מחשבון,https://nad-lan.co.il/purchase-tax-calculator/,0,3,0,54.666666666666664
מס רכישה סימולטור,https://nad-lan.co.il/purchase-tax-calculator/,0,7,0,52.714285714285715
מס רכישה על דירה מקבלן,https://nad-lan.co.il/purchase-tax-calculator/,0,1,0,86
מסח טאבו,https://nad-lan.co.il/tabu-extract-check/,0,1,0,57
מסילת העולים 3,https://nad-lan.co.il/projects/,0,1,0,44
מסילת העולים 5,https://nad-lan.co.il/projects/,0,1,0,31
מסילתי,https://nad-lan.co.il/professionals/%D7%9E%D7%A1%D7%99%D7%9C%D7%AA%D7%99-%D7%A0%D7%A6%D7%97/,0,1,0,9
מסילתי אדריכלים,https://nad-lan.co.il/professionals/%D7%9E%D7%A1%D7%99%D7%9C%D7%AA%D7%99-%D7%A0%D7%A6%D7%97/,0,1,0,42
מסיקה קבלן,https://nad-lan.co.il/professionals/,0,1,0,55
מסלול פיתוי משכנתא,https://nad-lan.co.il/mortgage-calculator/,0,7,0,56
מסמכים לקניית דירה,https://nad-lan.co.il/selling-apartment/,0,2,0,6.5
מספר נכס,https://nad-lan.co.il/investment/,0,1,0,30
מעלה אבשלום,https://nad-lan.co.il/premium/,0,1,0,65
מעלה הבנים,https://nad-lan.co.il/projects/,0,1,0,38
מעלה השואבה,https://nad-lan.co.il/,0,1,0,72
מעלה השואבה,https://nad-lan.co.il/projects/,0,1,0,39
מעפילי אגוז 60,https://nad-lan.co.il/projects/,0,1,0,51
מעקה עץ למרפסת פרט טכני,https://nad-lan.co.il/guides/new-apartment-balcony/,0,1,0,31
מערב רחובות החדשה,https://nad-lan.co.il/projects/,0,1,0,97
מערכות אבטחה למרלו גים,https://nad-lan.co.il/commercial-real-estate/commercial-property-management-fees/,0,1,0,16
מערכת לבקרת איכות בניה,https://nad-lan.co.il/glossary/%D7%AA%D7%95%D7%9B%D7%A0%D7%99%D7%AA-%D7%91%D7%A7%D7%A8%D7%AA-%D7%90%D7%99%D7%9B%D7%95%D7%AA/,0,19,0,24.42105263157895
מערכת רישוי זמין,https://nad-lan.co.il/glossary/%D7%A8%D7%99%D7%A9%D7%95%D7%99-%D7%96%D7%9E%D7%99%D7%9F/,0,2,0,38.5
מפה התחדשות עירונית,https://nad-lan.co.il/urban-renewal/map/,0,2,0,5.5
מפה מצבית,https://nad-lan.co.il/glossary/%D7%9E%D7%A4%D7%94-%D7%9E%D7%A6%D7%91%D7%99%D7%AA/,0,10,0,18.6
מפה מצבית מה זה,https://nad-lan.co.il/glossary/%D7%9E%D7%A4%D7%94-%D7%9E%D7%A6%D7%91%D7%99%D7%AA/,0,5,0,9.8
מפולשת,https://nad-lan.co.il/glossary/,0,1,0,73
מפקח בנייה,https://nad-lan.co.il/glossary/%D7%9E%D7%A4%D7%A7%D7%97-%D7%91%D7%A0%D7%99%D7%99%D7%94/,0,19,0,61.473684210526315
מפרט טכני,https://nad-lan.co.il/glossary/%D7%9E%D7%A4%D7%A8%D7%98-%D7%98%D7%9B%D7%A0%D7%99-%D7%9E%D7%99%D7%95%D7%97%D7%93/,0,6,0,26.666666666666668
מפרט טכני לפיתוח אתרים,https://nad-lan.co.il/glossary/%D7%9E%D7%A4%D7%A8%D7%98-%D7%98%D7%9B%D7%A0%D7%99-%D7%9E%D7%99%D7%95%D7%97%D7%93/,0,14,0,22.928571428571427
מפת התחדשות עירונית,https://nad-lan.co.il/projects/,0,1,0,47
מפת התחדשות עירונית באר שבע,https://nad-lan.co.il/urban-renewal/map/,0,1,0,10
מפת התחדשות עירונית בת ים,https://nad-lan.co.il/urban-renewal/map/,0,1,0,28
מפת התחדשות עירונית חולון,https://nad-lan.co.il/urban-renewal/map/,0,2,0,15
מפת התחדשות עירונית ירושלים,https://nad-lan.co.il/urban-renewal/map/,0,5,0,9.2
מפת התחדשות עירונית נתניה,https://nad-lan.co.il/urban-renewal/map/,0,2,0,19.5
מפת התחדשות עירונית ראשון לציון,https://nad-lan.co.il/urban-renewal/map/,0,9,0,7.444444444444445
מפת התחדשות עירונית רמת גן,https://nad-lan.co.il/urban-renewal/map/,0,5,0,16.8
מפת התחדשות עירונית תל אביב,https://nad-lan.co.il/urban-renewal/map/,0,6,0,10.166666666666666
מפת מדידה להגשה לוועדה,https://nad-lan.co.il/glossary/%D7%9E%D7%A4%D7%AA-%D7%9E%D7%93%D7%99%D7%93%D7%94-%D7%9C%D7%94%D7%99%D7%AA%D7%A8/,0,11,0,13.454545454545455
מפת מדידה מצבית,https://nad-lan.co.il/glossary/%D7%9E%D7%A4%D7%94-%D7%9E%D7%A6%D7%91%D7%99%D7%AA/,0,21,0,25.666666666666668
מפת מרכז תל אביב,https://nad-lan.co.il/urban-renewal/map/,0,1,0,80
מפת נדלן,https://nad-lan.co.il/urban-renewal/map/,0,3,0,7.333333333333333
מפת פינוי בינוי,https://nad-lan.co.il/projects/,0,1,0,14
מפת פינוי בינוי,https://nad-lan.co.il/urban-renewal/map/,0,18,0,10.944444444444445
מפת פינוי בינוי רמת גן,https://nad-lan.co.il/urban-renewal/map/,0,1,0,19
מפת פינוי בינוי תל אביב,https://nad-lan.co.il/urban-renewal/map/,0,1,0,18
מפת רובע שדה דב,https://nad-lan.co.il/sde-dov/,0,11,0,8.727272727272727
מפת שדה דב,https://nad-lan.co.il/sde-dov/,0,10,0,10.1
מצוי בניין,https://nad-lan.co.il/glossary/,0,1,0,44
מציאת דירה,https://nad-lan.co.il/site-map/,0,1,0,77
מציאת נסח טאבו,https://nad-lan.co.il/tabu-extract-check/,0,1,0,47
מצפה 7 רמת גן,https://nad-lan.co.il/projects/,0,2,0,37
מצפה אייל,https://nad-lan.co.il/,0,2,0,91
מצפה אייל,https://nad-lan.co.il/projects/,0,2,0,50.5
מצפה רינה,https://nad-lan.co.il/,0,1,0,87
מצפה רנה,https://nad-lan.co.il/projects/,0,1,0,66
מקדח יהלום,https://nad-lan.co.il/glossary/%D7%9E%D7%A7%D7%93%D7%97-%D7%99%D7%94%D7%9C%D7%95%D7%9D/,0,12,0,24.5
מקרקעין,https://nad-lan.co.il/investment/,0,1,0,83
מרדכי 7 רמת השרון,https://nad-lan.co.il/projects/,0,1,0,62
מרום השרון צור יצחק,https://nad-lan.co.il/projects/,0,1,0,52
מרחב זוארץ,https://nad-lan.co.il/,0,1,0,96
מרטט בטון,https://nad-lan.co.il/glossary/%D7%95%D7%99%D7%91%D7%A8%D7%98%D7%95%D7%A8-%D7%91%D7%98%D7%95%D7%9F/,0,1,0,18
מריו לזניק,https://nad-lan.co.il/professionals/,0,1,0,63
מרים החשמונאית 30,https://nad-lan.co.il/premium/,0,2,0,70.5
מרכז הבנייה,https://nad-lan.co.il/projects/,0,1,0,44
מרכז הנדל ן,https://nad-lan.co.il/,0,3,0,26.666666666666668
"מרכז הנדל""ן",https://nad-lan.co.il/,0,1,0,30
מרכז הנדלן,https://nad-lan.co.il/,0,43,0,25.162790697674417
מרכז הנדלן,https://nad-lan.co.il/projects/,0,5,0,22
מרכז העיר,https://nad-lan.co.il/projects/,0,4,0,52.75
מרכז העיר נדלן,https://nad-lan.co.il/projects/,0,1,0,24
מרכז נדלן,https://nad-lan.co.il/,0,15,0,27.6
מרכז רמת גן,https://nad-lan.co.il/ramat-gan-apartment-prices/,0,1,0,11
מרכז שפירא הרחבה,https://nad-lan.co.il/premium/,0,1,0,90
מרכז שפירא הרחבה,https://nad-lan.co.il/projects/,0,1,0,73
מרכז שפירא הרחבה,https://nad-lan.co.il/projects/%D7%A9%D7%A4%D7%99%D7%A8%D7%90-%D7%A4%D7%A2%D7%9E%D7%95%D7%A0%D7%99-%D7%94%D7%A2%D7%99%D7%A8/,0,1,0,39
משא ומתן על מחיר דירה,https://nad-lan.co.il/apartment-purchase-cost-calculator/,0,1,0,90
משא ומתן על מחיר דירה,https://nad-lan.co.il/buying-apartment/,0,1,0,100
משא ומתן על מחיר דירה,https://nad-lan.co.il/property-value-estimator/,0,1,0,22
משא ומתן על מחיר דירה,https://nad-lan.co.il/selling-apartment/,0,1,0,68
משא ומתן על מחיר דירה יד שניה נקודות חשובות,https://nad-lan.co.il/property-value-estimator/,0,1,0,32
משאבת בטון,https://nad-lan.co.il/glossary/%D7%9E%D7%A9%D7%90%D7%91%D7%AA-%D7%91%D7%98%D7%95%D7%9F/,0,8,0,19.25
משה דיין 38,https://nad-lan.co.il/projects/,0,1,0,42
משה חסן,https://nad-lan.co.il/professionals/%D7%97%D7%A1%D7%9F-%D7%9E%D7%A9%D7%94/,0,2,0,14.5
משה רחמים,https://nad-lan.co.il/professionals/%D7%9E%D7%A9%D7%94-%D7%A8%D7%97%D7%9E%D7%99%D7%9D/,0,2,0,10.5
משה שבח,https://nad-lan.co.il/professionals/%D7%A9%D7%91%D7%97-%D7%9E%D7%A9%D7%94/,0,2,0,27.5
משה שרת 7,https://nad-lan.co.il/projects/,0,1,0,46
משולש נים,https://nad-lan.co.il/projects/,0,1,0,53
משולש נים ראשון לציון,https://nad-lan.co.il/projects/,0,2,0,60
משטח רפסודה,https://nad-lan.co.il/glossary/raft-foundation/,0,1,0,6
משכנתא 1.5 מיליון,https://nad-lan.co.il/mortgage-calculator/,0,1,0,57
משכנתא 1000000 כמה החזר,https://nad-lan.co.il/mortgage-calculator/,0,14,0,54
משכנתא 2 מיליון,https://nad-lan.co.il/mortgage-calculator/,0,2,0,59.5
משכנתא 200 אלף שקל,https://nad-lan.co.il/mortgage-calculator/,0,8,0,52.25
משכנתא 300 אלף,https://nad-lan.co.il/mortgage-calculator/,0,1,0,65
משכנתא 400 אלף,https://nad-lan.co.il/mortgage-calculator/,0,1,0,60
משכנתא 500 אלף,https://nad-lan.co.il/mortgage-calculator/,0,1,0,62
משכנתא 600 אלף,https://nad-lan.co.il/mortgage-calculator/,0,1,0,73
משכנתא 700000,https://nad-lan.co.il/mortgage-calculator/,0,5,0,40
משכנתא אחוזים,https://nad-lan.co.il/mortgage-calculator/,0,1,0,69
משכנתא בלון מחשבון,https://nad-lan.co.il/mortgage-calculator/,0,18,0,69.33333333333333
משכנתא בקצבה חודשית,https://nad-lan.co.il/mortgage-calculator/,0,2,0,67.5
משכנתא החזר חודשי,https://nad-lan.co.il/mortgage-calculator/,0,15,0,52.4
משכנתא הפוכה מחשבון,https://nad-lan.co.il/mortgage-calculator/,0,13,0,57.53846153846154
משכנתא חישוב החזר חודשי,https://nad-lan.co.il/mortgage-calculator/,0,20,0,47.55
משכנתא ל 30 שנה,https://nad-lan.co.il/mortgage-calculator/,0,1,0,47
משכנתא לאומי מחשבון,https://nad-lan.co.il/mortgage-calculator/,0,1,0,44
משכנתא לדירה,https://nad-lan.co.il/investment-property-mortgage/,0,11,0,60.81818181818182
משכנתא לדירה,https://nad-lan.co.il/mortgage-calculator/,0,11,0,80
משכנתא לדירה להשקעה,https://nad-lan.co.il/investment-property-mortgage/,0,101,0,53.336633663366335
משכנתא לפי החזר חודשי,https://nad-lan.co.il/mortgage-calculator/,0,1,0,42
משכנתא מחשבון,https://nad-lan.co.il/mortgage-calculator/,0,33,0,52.96969696969697
משכנתא מחשבון לאומי,https://nad-lan.co.il/mortgage-calculator/,0,1,0,49
משכנתא מיליון שקל,https://nad-lan.co.il/mortgage-calculator/,0,1,0,64
משכנתא סימולטור,https://nad-lan.co.il/mortgage-calculator/,0,1,0,57
משכנתא של 2 מיליון,https://nad-lan.co.il/mortgage-calculator/,0,5,0,57.4
משכנתא של 500 אלף,https://nad-lan.co.il/mortgage-calculator/,0,1,0,61
משכנתאות מחשבון,https://nad-lan.co.il/mortgage-calculator/,0,3,0,54.333333333333336
משכנתאמן,https://nad-lan.co.il/mortgage-calculator/,0,1,0,38
משכנתאמן מחשבון,https://nad-lan.co.il/mortgage-calculator/,0,10,0,48.5
משמר הירדן 33,https://nad-lan.co.il/,0,1,0,48
משמר הירדן 33 תל אביב,https://nad-lan.co.il/projects/,0,1,0,56
משקיעי נדלן,https://nad-lan.co.il/investment/,0,3,0,35.666666666666664
משרד האוצר רישוי זמין,https://nad-lan.co.il/glossary/%D7%AA%D7%A7%D7%A0%D7%95%D7%AA-%D7%94%D7%AA%D7%9B%D7%A0%D7%95%D7%9F-%D7%95%D7%94%D7%91%D7%A0%D7%99%D7%99%D7%94-%D7%A8%D7%99%D7%A9%D7%95%D7%99-%D7%91%D7%A0%D7%99%D7%99%D7%94-%D7%AA%D7%A9%D7%A2/,0,1,0,5
משרד להשכרה בתל אביב זול,https://nad-lan.co.il/commercial-real-estate/commercial-property-for-rent-tel-aviv/,0,2,0,15.5
משרד נדלן,https://nad-lan.co.il/,0,1,0,91
מתווכים בעיר ימים נתניה,https://nad-lan.co.il/catalog/,0,2,0,13.5
מתוך כמה,https://nad-lan.co.il/projects/rainbow-tel-aviv/,0,1,0,5
מתחיל,https://nad-lan.co.il/glossary/%D7%9E%D7%97%D7%99%D7%A8%D7%95%D7%9F-%D7%93%D7%A7%D7%9C-%D7%9C%D7%91%D7%A0%D7%99%D7%99%D7%94-%D7%95%D7%AA%D7%A9%D7%AA%D7%99%D7%95%D7%AA/,0,1,0,11
מתחם 28 חדרה,https://nad-lan.co.il/urban-renewal/map/,0,2,0,41
מתחם iq רחובות,https://nad-lan.co.il/projects/,0,2,0,51
מתחם אילת רמת השרון,https://nad-lan.co.il/projects/,0,1,0,55
מתחם אשכול,https://nad-lan.co.il/projects/,0,1,0,53
מתחם בלו,https://nad-lan.co.il/,0,1,0,90
מתחם בלו,https://nad-lan.co.il/premium/,0,2,0,88.5
מתחם בלו,https://nad-lan.co.il/projects/,0,1,0,59
מתחם התחדשות עירונית,https://nad-lan.co.il/urban-renewal/map/,0,35,0,20.142857142857142
מתחם יב באר יעקב,https://nad-lan.co.il/projects/,0,2,0,71.5
מתחם יונתן בני ברק,https://nad-lan.co.il/projects/,0,1,0,45
מתחם כיסופים כפר סבא,https://nad-lan.co.il/projects/,0,2,0,50.5
מתחם מגורים,https://nad-lan.co.il/,0,1,0,80
מתחם נויה,https://nad-lan.co.il/projects/,0,1,0,54
מתחם סומייל,https://nad-lan.co.il/projects/h-infinity-somail-tel-aviv/,0,14,0,14.071428571428571
מתחם סומייל מחירים,https://nad-lan.co.il/projects/h-infinity-somail-tel-aviv/,0,1,0,8
מתחם סומייל תל אביב,https://nad-lan.co.il/projects/h-infinity-somail-tel-aviv/,0,5,0,7.6
מתחם סיפולוקס,https://nad-lan.co.il/projects/,0,1,0,48
מתחם פינוי בינוי,https://nad-lan.co.il/urban-renewal/map/,0,16,0,41.1875
מתחם פלדות,https://nad-lan.co.il/projects/%D7%94%D7%A8%D7%95%D7%AA%D7%9D-%D7%A4%D7%9C%D7%93%D7%95%D7%AA/,0,2,0,10.5
מתחם שביב,https://nad-lan.co.il/projects/,0,5,0,59.6
מתחם שדה דב,https://nad-lan.co.il/sde-dov/,0,2,0,27
מתחם שדה דב,https://nad-lan.co.il/sde-dov/transport/,0,1,0,6
מתחמי התחדשות עירונית,https://nad-lan.co.il/urban-renewal/map/,0,19,0,16
מתחמי פינוי בינוי,https://nad-lan.co.il/projects/,0,8,0,72
מתחמי פינוי בינוי,https://nad-lan.co.il/urban-renewal/map/,0,38,0,18.42105263157895
מתחמי פינוי בינוי מאושרים,https://nad-lan.co.il/urban-renewal/map/,0,19,0,20.05263157894737
מתחמים מוכרזים לפינוי בינוי,https://nad-lan.co.il/urban-renewal/map/,0,1,0,24
מתי איכלוס,https://nad-lan.co.il/projects/rainbow-tel-aviv/,0,1,0,7
מתי אכלוס,https://nad-lan.co.il/sde-dov/,0,1,0,5
מתי יהיה מוכן?,https://nad-lan.co.il/projects/duo-tel-aviv/,0,1,0,2
מתי מתחילים לבנות,https://nad-lan.co.il/projects/ashira-sde-dov-en/,0,1,0,4
מתי מתחילים?,https://nad-lan.co.il/ramat-aviv/einstein/,0,1,0,5
מתפתחים למכירה,https://nad-lan.co.il/,0,2,0,47
מתפתחים למכירה,https://nad-lan.co.il/properties/,0,3,0,43.333333333333336
נאות לון,https://nad-lan.co.il/,0,4,0,68.75
נאות ראשונים,https://nad-lan.co.il/,0,1,0,53
נאות שדה,https://nad-lan.co.il/,0,1,0,56
נגבה 34 תל אביב,https://nad-lan.co.il/,0,1,0,56
נדב בריח,https://nad-lan.co.il/,0,1,0,56
נדב בריח,https://nad-lan.co.il/professionals/,0,1,0,86
נדל ן,https://nad-lan.co.il/,0,8,0,62.5
נדל ן,https://nad-lan.co.il/buying-apartment/,0,1,0,99
נדל ן,https://nad-lan.co.il/investment/,0,3,0,87.33333333333333
נדל ן,https://nad-lan.co.il/projects/,0,2,0,34
נדל ן,https://nad-lan.co.il/projects/%D7%96%D7%95%D7%92%D7%95%D7%AA-%D7%A6%D7%A2%D7%99%D7%A8%D7%99%D7%9D/,0,1,0,12
נדל ן,https://nad-lan.co.il/properties/,0,4,0,90.5
נדל ן אחד על אחד,https://nad-lan.co.il/,0,2,0,55.5
נדל ן אחד על אחד,https://nad-lan.co.il/investment/,0,1,0,38
נדל ן בישראל,https://nad-lan.co.il/,0,1,0,58
נדל ן בישראל,https://nad-lan.co.il/buying-apartment/,0,1,0,97
נדל ן בישראל,https://nad-lan.co.il/investment/,0,1,0,88
נדל ן בישראל,https://nad-lan.co.il/projects/,0,1,0,38
נדל ן בישראל,https://nad-lan.co.il/properties/,0,1,0,94
נדל ן גוב,https://nad-lan.co.il/,0,1,0,43
נדל ן גוב,https://nad-lan.co.il/buying-apartment/,0,2,0,57
נדל ן להשקעה בישראל,https://nad-lan.co.il/investment/,0,1,0,34
נדל ן להשקעה בישראל,https://nad-lan.co.il/investment/apartments-for-investment/,0,1,0,66
נדל ן עסקאות קומבינציה,https://nad-lan.co.il/glossary/combination-deal/,0,1,0,28
נדל ן עסקאות קומבינציה,https://nad-lan.co.il/glossary/iskat-combinatzia/,0,1,0,27
נדל ן עסקאות קומבינציה,https://nad-lan.co.il/glossary/kombinatzia/,0,3,0,90.33333333333333
נדל ן ראשי תיבות,https://nad-lan.co.il/glossary/,0,4,0,68.5
נדל ן תל אביב,https://nad-lan.co.il/,0,2,0,41.5
"נדל""ן",https://nad-lan.co.il/,0,5,0,42.6
"נדל""ן",https://nad-lan.co.il/investment/,0,4,0,54.5
"נדל""ן",https://nad-lan.co.il/properties/,0,3,0,92
"נדל""ן באירופה",https://nad-lan.co.il/global/,0,9,0,96.22222222222223
"נדל""ן באנגליה",https://nad-lan.co.il/global/london/,0,7,0,51.285714285714285
"נדל""ן בארץ",https://nad-lan.co.il/,0,4,0,53
"נדל""ן בארץ",https://nad-lan.co.il/investment/,0,3,0,36
"נדל""ן בדאלאס",https://nad-lan.co.il/,0,1,0,58
"נדל""ן בישראל",https://nad-lan.co.il/,0,4,0,43.5
"נדל""ן בישראל",https://nad-lan.co.il/buying-apartment/,0,1,0,84
"נדל""ן בישראל",https://nad-lan.co.il/investment/,0,1,0,35
"נדל""ן בישראל",https://nad-lan.co.il/projects/,0,2,0,36
"נדל""ן בלונדון",https://nad-lan.co.il/global/london/,0,37,0,20.7027027027027
"נדל""ן במיאמי",https://nad-lan.co.il/global/miami/,0,21,0,20.952380952380953
"נדל""ן במילאנו",https://nad-lan.co.il/global/italy/,0,3,0,23.333333333333332
"נדל""ן להשקעה",https://nad-lan.co.il/investment/,0,43,0,35.55813953488372
"נדל""ן למתחילים",https://nad-lan.co.il/investment/,0,1,0,46
"נדל""ן מסחרי להשקעה",https://nad-lan.co.il/investment/,0,14,0,62.5
נדלהון,https://nad-lan.co.il/investment/,0,2,0,70.5
נדליין,https://nad-lan.co.il/,0,1,0,65
נדליין,https://nad-lan.co.il/site-map/,0,1,0,99
נדלייף,https://nad-lan.co.il/,0,1,0,44
נדלייף,https://nad-lan.co.il/site-map/,0,1,0,66
נדלן,https://nad-lan.co.il/,0,82,0,59.81707317073171
נדלן,https://nad-lan.co.il/investment/,0,14,0,60.5
נדלן,https://nad-lan.co.il/projects/,0,13,0,41.23076923076923
נדלן,https://nad-lan.co.il/projects/%D7%94%D7%A7%D7%A8%D7%9F/,0,3,0,8.333333333333332
נדלן,https://nad-lan.co.il/projects/%D7%96%D7%95%D7%92%D7%95%D7%AA-%D7%A6%D7%A2%D7%99%D7%A8%D7%99%D7%9D/,0,15,0,40.93333333333333
נדלן,https://nad-lan.co.il/properties/,0,54,0,83.46296296296296
נדלן 1 על 1,https://nad-lan.co.il/,0,1,0,39
נדלן 1 על 1,https://nad-lan.co.il/investment/,0,2,0,50
נדלן 2,https://nad-lan.co.il/,0,1,0,26
נדלן 2,https://nad-lan.co.il/properties/,0,1,0,17
נדלן 2 יו,https://nad-lan.co.il/,0,2,0,19.5
נדלן 2u,https://nad-lan.co.il/,0,2,0,29
נדלן 2u,https://nad-lan.co.il/global/?lang=en,0,1,0,99
נדלן gov,https://nad-lan.co.il/,0,1,0,35
נדלן gov,https://nad-lan.co.il/buying-apartment/,0,1,0,48
נדלן gov il,https://nad-lan.co.il/,0,1,0,33
נדלן gov il,https://nad-lan.co.il/buying-apartment/,0,1,0,55
נדלן gov il,https://nad-lan.co.il/purchase-tax-calculator/,0,2,0,47
נדלן one,https://nad-lan.co.il/,0,3,0,37.666666666666664
נדלן tlv,https://nad-lan.co.il/ar/,0,1,0,51
נדלן usa,https://nad-lan.co.il/global/?lang=en,0,11,0,61.72727272727273
נדלן אחד על אחד,https://nad-lan.co.il/,0,3,0,43
נדלן אחד על אחד,https://nad-lan.co.il/investment/,0,3,0,26.333333333333332
נדלן באירופה,https://nad-lan.co.il/global/,0,22,0,87.45454545454545
נדלן בזמן,https://nad-lan.co.il/properties/,0,1,0,48
נדלן בחול,https://nad-lan.co.il/investment/,0,5,0,62.8
נדלן בישראל,https://nad-lan.co.il/,0,8,0,55.125
נדלן בישראל,https://nad-lan.co.il/investment/,0,6,0,71.33333333333333
נדלן בישראל,https://nad-lan.co.il/projects/,0,1,0,30
נדלן בישראל,https://nad-lan.co.il/properties/,0,1,0,82
נדלן בצו השעה,https://nad-lan.co.il/investment/,0,1,0,63
נדלן בצפון,https://nad-lan.co.il/properties/,0,1,0,54
נדלן בשרון,https://nad-lan.co.il/,0,1,0,46
נדלן בשרון,https://nad-lan.co.il/properties/,0,1,0,65
נדלן בתאילנד,https://nad-lan.co.il/global/thailand/,0,7,0,34.57142857142857
נדלן גוב,https://nad-lan.co.il/,0,2,0,36
נדלן גוב,https://nad-lan.co.il/buying-apartment/,0,1,0,58
נדלן גוב עסקאות,https://nad-lan.co.il/buying-apartment/,0,1,0,61
נדלן גוב עסקאות,https://nad-lan.co.il/purchase-tax-calculator/,0,1,0,44
נדלן גני ילדים,https://nad-lan.co.il/properties/,0,3,0,34
נדלן גרופ,https://nad-lan.co.il/,0,1,0,55
נדלן דירות,https://nad-lan.co.il/,0,1,0,32
נדלן דירות,https://nad-lan.co.il/buying-apartment/,0,1,0,95
נדלן דירות,https://nad-lan.co.il/properties/,0,1,0,60
נדלן דירות למכירה,https://nad-lan.co.il/properties/,0,1,0,32
נדלן השקעה,https://nad-lan.co.il/investment/,0,1,0,49
נדלן השקעות,https://nad-lan.co.il/investment/,0,1,0,65
נדלן וואן,https://nad-lan.co.il/ar/,0,3,0,54.333333333333336
נדלן זול בפורטוגל,https://nad-lan.co.il/short-term-rentals-abroad/short-term-rentals-portugal/,0,4,0,7.75
נדלן חכם,https://nad-lan.co.il/about/,0,1,0,31
נדלן טו גו,https://nad-lan.co.il/,0,14,0,23.428571428571427
נדלן טו גו,https://nad-lan.co.il/ar/,0,1,0,47
נדלן טו יו,https://nad-lan.co.il/,0,5,0,22.2
נדלן טו יו,https://nad-lan.co.il/about/,0,1,0,52
נדלן יזמי,https://nad-lan.co.il/investment/,0,1,0,79
נדלן יזמי,https://nad-lan.co.il/site-map/,0,1,0,83
נדלן ישראל,https://nad-lan.co.il/investment/,0,1,0,20
נדלן להשקעה,https://nad-lan.co.il/investment/,0,81,0,36.71604938271605
נדלן לוגו,https://nad-lan.co.il/advertise/,0,1,0,33
נדלן לוגו,https://nad-lan.co.il/developers/,0,1,0,70
נדלן ללא תיווך,https://nad-lan.co.il/,0,1,0,39
נדלן למכירה,https://nad-lan.co.il/properties/,0,1,0,34
נדלן למתחילים,https://nad-lan.co.il/investment/,0,6,0,48.5
נדלן מאסטר,https://nad-lan.co.il/,0,1,0,53
נדלן מאסטר,https://nad-lan.co.il/investment/,0,1,0,26
נדלן מאסטר,https://nad-lan.co.il/projects/%D7%A9%D7%98%D7%A8%D7%9F-373941/,0,1,0,66
נדלן מחירי דירות,https://nad-lan.co.il/buying-apartment/,0,1,0,79
נדלן מחירי דירות,https://nad-lan.co.il/properties/,0,1,0,64
נדלן מחירים,https://nad-lan.co.il/,0,1,0,42
נדלן מחירים,https://nad-lan.co.il/properties/,0,1,0,80
נדלן מידע,https://nad-lan.co.il/investment/,0,1,0,70
נדלן מכירות,https://nad-lan.co.il/,0,1,0,83
נדלן מכירות,https://nad-lan.co.il/buying-apartment/,0,1,0,94
נדלן מכירות,https://nad-lan.co.il/investment/,0,1,0,89
נדלן מכירות,https://nad-lan.co.il/properties/,0,1,0,66
נדלן ממשלתי,https://nad-lan.co.il/,0,2,0,29
נדלן ממשלתי,https://nad-lan.co.il/buying-apartment/,0,1,0,54
נדלן מניב בחול,https://nad-lan.co.il/investment/,0,4,0,53.25
נדלן מס הכנסה,https://nad-lan.co.il/investment/,0,2,0,37.5
נדלן מסחרי להשקעה,https://nad-lan.co.il/investment/,0,30,0,51.96666666666667
נדלן מקרקעין,https://nad-lan.co.il/investment/,0,1,0,61
נדלן נט,https://nad-lan.co.il/,0,1,0,21
נדלן נט,https://nad-lan.co.il/buying-apartment/,0,1,0,78
נדלן נשי,https://nad-lan.co.il/,0,1,0,48
נדלן עולמי,https://nad-lan.co.il/global/,0,1,0,53
נדלן עסקאות,https://nad-lan.co.il/buying-apartment/,0,1,0,87
נדלן עסקאות,https://nad-lan.co.il/investment/,0,2,0,46
נדלן פור יו,https://nad-lan.co.il/,0,2,0,34
נדלן פירוש,https://nad-lan.co.il/glossary/,0,12,0,66.83333333333333
נדלן פירוש ראשי תיבות,https://nad-lan.co.il/glossary/,0,1,0,72
נדלן צפון,https://nad-lan.co.il/properties/,0,1,0,54
נדלן צפון העיר,https://nad-lan.co.il/properties/,0,1,0,57
נדלן קום,https://nad-lan.co.il/,0,1,0,11
נדלן קום,https://nad-lan.co.il/advertise/,0,1,0,24
נדלן קום,https://nad-lan.co.il/buying-apartment/,0,1,0,25
נדלן ראשון לציון,https://nad-lan.co.il/,0,1,0,76
נדלן ראשי תיבות,https://nad-lan.co.il/glossary/,0,4,0,64
נדלן שיווק פרויקטים,https://nad-lan.co.il/,0,8,0,82.125
נדלן תרגום,https://nad-lan.co.il/en/,0,1,0,76
נדלניסט,https://nad-lan.co.il/,0,13,0,45.23076923076923
נדלניר,https://nad-lan.co.il/ar/,0,4,0,47
נדלניר,https://nad-lan.co.il/ru/,0,1,0,43
נדל״ן בצפון תל אביב שכונות מבוקשות,https://nad-lan.co.il/investment-apartment/tel-aviv-investment-neighborhoods/,0,1,0,72
נדל״ן בצפון תל אביב שכונות מבוקשות,https://nad-lan.co.il/north-tel-aviv/,0,8,0,7.375
נדל״ן בתל אביב,https://nad-lan.co.il/,0,20,0,67.75
נהירין,https://nad-lan.co.il/,0,1,0,68
נוה גד,https://nad-lan.co.il/projects/,0,1,0,53
נווה העיר,https://nad-lan.co.il/projects/,0,1,0,34
נווה חבצלת,https://nad-lan.co.il/projects/,0,1,0,41
נווה כפיר,https://nad-lan.co.il/tel-aviv-plans/kfir-renewal/,0,1,0,38
נווה מגן החדשה,https://nad-lan.co.il/projects/,0,2,0,40.5
נווה מרמורק,https://nad-lan.co.il/projects/%D7%A0%D7%95%D7%95%D7%94-%D7%9E%D7%A8%D7%9E%D7%95%D7%A8%D7%A7/,0,1,0,13
נווה פארק דמרי,https://nad-lan.co.il/projects/,0,1,0,44
נווה רותם,https://nad-lan.co.il/projects/,0,1,0,38
נוויליר,https://nad-lan.co.il/glossary/%D7%9E%D7%93-%D7%9C%D7%99%D7%99%D7%96%D7%A8/,0,18,0,35.27777777777778
נולה רמת השרון,https://nad-lan.co.il/projects/,0,1,0,79
נוסחת היוון,https://nad-lan.co.il/glossary/%D7%A0%D7%95%D7%A1%D7%97%D7%AA-%D7%A9%D7%99%D7%A2%D7%95%D7%A8-%D7%94%D7%99%D7%95%D7%95%D7%9F/,0,1,0,34
נוף גליל ים,https://nad-lan.co.il/projects/,0,1,0,55
נופי אדם,https://nad-lan.co.il/,0,1,0,38
נופי אדם,https://nad-lan.co.il/projects/,0,1,0,87
נופי אדם גבע בנימין,https://nad-lan.co.il/premium/,0,1,0,90
נופי אילן,https://nad-lan.co.il/projects/,0,1,0,62
נופי אילן מחיר,https://nad-lan.co.il/,0,1,0,44
נופי אילן מחיר,https://nad-lan.co.il/properties/,0,1,0,54
נופי בן שמן מחירים,https://nad-lan.co.il/properties/,0,1,0,51
נופי השמש,https://nad-lan.co.il/projects/,0,1,0,55
נופי ירושלים מחיר,https://nad-lan.co.il/jerusalem-apartment-prices/,0,1,0,55
נופי מכמש,https://nad-lan.co.il/,0,1,0,77
נופי מכמש,https://nad-lan.co.il/projects/,0,1,0,48
נופי ממרא,https://nad-lan.co.il/,0,1,0,53
נופי ממרא,https://nad-lan.co.il/projects/,0,1,0,61
נופי ממרא,https://nad-lan.co.il/site-map/,0,1,0,91
נופי קדם,https://nad-lan.co.il/,0,1,0,93
נופי קדמא,https://nad-lan.co.il/premium/,0,2,0,72.5
נופי קדמא עץ אפרים,https://nad-lan.co.il/premium/,0,1,0,72
נורדאו 18 רמת גן,https://nad-lan.co.il/projects/,0,1,0,36
נורדאו 31 ראשון לציון,https://nad-lan.co.il/,0,1,0,46
נורדאו 46 נס ציונה,https://nad-lan.co.il/projects/,0,1,0,29
נורדאו 57,https://nad-lan.co.il/,0,2,0,77.5
נורדאו 6,https://nad-lan.co.il/,0,2,0,81
נורדאו 6,https://nad-lan.co.il/projects/,0,1,0,36
נורדאו 72,https://nad-lan.co.il/projects/,0,1,0,71
נורדאו 88,https://nad-lan.co.il/,0,1,0,85
נורדאו 88,https://nad-lan.co.il/projects/,0,2,0,64.5
נחליאלי 4,https://nad-lan.co.il/projects/,0,1,0,37
נחלים יפו,https://nad-lan.co.il/projects/,0,1,0,45
נחלת בנימין 35,https://nad-lan.co.il/projects/,0,1,0,55
נחלת בנימין 83,https://nad-lan.co.il/projects/,0,1,0,51
נחלת בנימין 98,https://nad-lan.co.il/projects/,0,1,0,49
נחלת החדשה,https://nad-lan.co.il/projects/,0,1,0,68
נחלת יהודה החדשה,https://nad-lan.co.il/projects/,0,1,0,83
נחלת יהודה צפון,https://nad-lan.co.il/projects/,0,1,0,81
נחלת יוסף תל אביב,https://nad-lan.co.il/projects/%D7%A7%D7%A8%D7%99%D7%A0%D7%99%D7%A6%D7%99-%D7%A0%D7%97%D7%9C%D7%AA-%D7%99%D7%95%D7%A1%D7%A3/,0,2,0,34.5
נחלת יצחק 17,https://nad-lan.co.il/projects/,0,1,0,44
נחמיאס גדרה,https://nad-lan.co.il/site-map/,0,1,0,71
נחמיאס שדה דב,https://nad-lan.co.il/,0,2,0,74
נחמיאס שדה דב,https://nad-lan.co.il/sde-dov/,0,1,0,23
ניהול דירות נופש בדובאי לישראלים,https://nad-lan.co.il/investment-property-mortgage/,0,1,0,61
"ניהול נדל""ן",https://nad-lan.co.il/investment/,0,1,0,88
"ניהול נדל""ן מניב",https://nad-lan.co.il/property-management/,0,4,0,54.25
ניהול נדלן,https://nad-lan.co.il/investment/,0,2,0,91
ניהול נכסים באיטליה,https://nad-lan.co.il/global/italy/,0,1,0,46
ניהול נכסים מחיר,https://nad-lan.co.il/commercial-real-estate/commercial-property-management-fees/,0,10,0,65.3
ניהול נכסים מסחריים,https://nad-lan.co.il/commercial-real-estate/commercial-property-management-fees/,0,1,0,9
ניהול עסקאות קומבינציה,https://nad-lan.co.il/glossary/kombinatzia/,0,2,0,77
ניהול פרויקטים בנדל ן,https://nad-lan.co.il/glossary/%D7%9E%D7%A0%D7%94%D7%9C-%D7%A4%D7%A8%D7%95%D7%99%D7%A7%D7%98/,0,3,0,33.666666666666664
ניהול פרויקטים נדלן,https://nad-lan.co.il/glossary/%D7%9E%D7%A0%D7%94%D7%9C-%D7%A4%D7%A8%D7%95%D7%99%D7%A7%D7%98/,0,36,0,37.888888888888886
ניהול שטח מסחרי,https://nad-lan.co.il/commercial-real-estate/commercial-property-management-fees/,0,3,0,31
נילי 10 חולון,https://nad-lan.co.il/,0,1,0,60
ניסים אליהו,https://nad-lan.co.il/,0,1,0,43
ניסים אליהו ובניו,https://nad-lan.co.il/,0,1,0,53
ניסים אליהו נדלן,https://nad-lan.co.il/,0,1,0,32
ניסים בן יקר,https://nad-lan.co.il/professionals/%D7%90%D7%A9%D7%A7%D7%A8-%D7%A0%D7%A1%D7%99%D7%9D/,0,1,0,75
ניצן מקובר,https://nad-lan.co.il/professionals/,0,1,0,61
ניצני הרובע,https://nad-lan.co.il/projects/,0,1,0,54
ניקוי מנדפים בתל אביב,https://nad-lan.co.il/commercial-real-estate/restaurant-property-for-rent-tel-aviv/,0,1,0,88
ניר אדרי,https://nad-lan.co.il/professionals/%D7%A0%D7%99%D7%A8-%D7%90%D7%95%D7%A8%D7%99/,0,1,0,36
ניר דמארי,https://nad-lan.co.il/professionals/%D7%93%D7%9E%D7%90%D7%A8%D7%99-%D7%A0%D7%99%D7%A8/,0,5,0,11.8
ניר דמרי,https://nad-lan.co.il/professionals/%D7%93%D7%9E%D7%90%D7%A8%D7%99-%D7%A0%D7%99%D7%A8/,0,2,0,10
ניר קדם,https://nad-lan.co.il/,0,1,0,58
ניתוח שוק השוואתי לנכס,https://nad-lan.co.il/glossary/%D7%92%D7%99%D7%A9%D7%AA-%D7%94%D7%94%D7%A9%D7%95%D7%95%D7%90%D7%94/,0,1,0,30
"ניתוח+חוזה+נדל""ן",https://nad-lan.co.il/real-estate-lawyer/,0,17,0,37.1764705882353
נכון שבהשכרה עסקית יש עלויות נסתרות שלא מספרים עליהן?,https://nad-lan.co.il/commercial-real-estate/commercial-property-management-fees/,0,1,0,4
נכס,https://nad-lan.co.il/investment/,0,5,0,34.4
נכס אינטרנטי,https://nad-lan.co.il/investment/,0,4,0,68.5
נכס בית,https://nad-lan.co.il/investment/,0,2,0,66
נכס להשקעה,https://nad-lan.co.il/investment/,0,12,0,47.583333333333336
נכס מסחרי להשקעה,https://nad-lan.co.il/investment/,0,21,0,57.38095238095238
נכס עורפי,https://nad-lan.co.il/glossary/,0,1,0,65
נכס צאן ברזל מילה נרדפת,https://nad-lan.co.il/glossary/,0,1,0,56
נכס צאן ברזל פירוש,https://nad-lan.co.il/glossary/,0,1,0,75
נכסי נדלן,https://nad-lan.co.il/investment/,0,1,0,60
נכסים,https://nad-lan.co.il/investment/,0,1,0,95
נכסים באירופה,https://nad-lan.co.il/global/,0,1,0,91
נכסים בעלי ערך כלכלי רכוש,https://nad-lan.co.il/investment/,0,2,0,83.5
נכסים להשקעה,https://nad-lan.co.il/investment/,0,38,0,39.89473684210526
נכסים להשקעה בחיפה,https://nad-lan.co.il/investment/haifa-investment-apartment/,0,1,0,51
נכסים להשקעה בישראל,https://nad-lan.co.il/investment/,0,42,0,44.07142857142857
נכסים למכירה,https://nad-lan.co.il/,0,1,0,42
נכסים למכירה,https://nad-lan.co.il/properties/,0,1,0,40
נכסים סחירים,https://nad-lan.co.il/investment/,0,1,0,70
נלדן,https://nad-lan.co.il/,0,2,0,71.5
נמדר בתים,https://nad-lan.co.il/site-map/,0,2,0,71
נמיר נדלן,https://nad-lan.co.il/,0,2,0,51
נסח,https://nad-lan.co.il/tabu-extract-check/,0,1,0,46
נסח בטוחות רשם המשכונות,https://nad-lan.co.il/tabu-extract-check/,0,1,0,40
נסח טאבו,https://nad-lan.co.il/tabu-extract-check/,0,26,0,58.30769230769231
נסח טאבו דוגמא,https://nad-lan.co.il/glossary/land-registry-extract/,0,1,0,57
נסח טאבו הפקה,https://nad-lan.co.il/tabu-extract-check/,0,2,0,51.5
נסח טאבו לדירה,https://nad-lan.co.il/tabu-extract-check/,0,2,0,54.5
נסח טאבו להוציא,https://nad-lan.co.il/tabu-extract-check/,0,2,0,59.5
נסח טאבו לפי גוש חלקה,https://nad-lan.co.il/tabu-extract-check/,0,3,0,39
נסח טאבו לפני קניית דירה,https://nad-lan.co.il/tabu-extract-check/,0,2,0,41.5
נסח טאבו מעודכן,https://nad-lan.co.il/tabu-extract-check/,0,1,0,48
נסח טאבו עדכני,https://nad-lan.co.il/tabu-extract-check/,0,7,0,47.42857142857143
נסח טאבו קו מנחה,https://nad-lan.co.il/tabu-extract-check/,0,1,0,46
נסח טאבון,https://nad-lan.co.il/tabu-extract-check/,0,1,0,56
נסח טבאו,https://nad-lan.co.il/tabu-extract-check/,0,1,0,60
נסח טרבו,https://nad-lan.co.il/tabu-extract-check/,0,1,0,58
נסח מלא או מרוכז,https://nad-lan.co.il/tabu-extract-check/,0,2,0,70.5
נסח מרוכז,https://nad-lan.co.il/tabu-extract-check/,0,1,0,66
נסח עדכני,https://nad-lan.co.il/tabu-extract-check/,0,1,0,29
נסח רישום,https://nad-lan.co.il/tabu-extract-check/,0,1,0,45
נסח רישום מקרקעין,https://nad-lan.co.il/tabu-extract-check/,0,13,0,46.53846153846154
נסחטאבו,https://nad-lan.co.il/tabu-extract-check/,0,1,0,54
נסחי טאבו,https://nad-lan.co.il/tabu-extract-check/,0,2,0,58
נסחי רישום,https://nad-lan.co.il/tabu-extract-check/,0,1,0,43
נסי טאבו,https://nad-lan.co.il/tabu-extract-check/,0,1,0,52
נסים אליהו ובניו,https://nad-lan.co.il/,0,1,0,49
נספחי הצללות,https://nad-lan.co.il/projects/gindi-vogue-sde-dov/,0,1,0,22
נספחי הצללות,https://nad-lan.co.il/projects/recanati-residence/,0,1,0,82
נענע פרסום,https://nad-lan.co.il/,0,1,0,90
נענע פרסום,https://nad-lan.co.il/post-listing/,0,1,0,44
נענע פרסומי נדלן,https://nad-lan.co.il/post-listing/,0,1,0,43
נצבא נדלן,https://nad-lan.co.il/,0,1,0,54
נציגות דיירים,https://nad-lan.co.il/glossary/netzigut-dayarim/,0,1,0,50
נציגות דיירים בת ים,https://nad-lan.co.il/glossary/netzigut-dayarim/,0,1,0,6
נציגות דיירים תל אביב,https://nad-lan.co.il/glossary/netzigut-dayarim/,0,1,0,1
נקודת עיגון לבטון,https://nad-lan.co.il/glossary/%D7%91%D7%95%D7%A8%D7%92-%D7%A2%D7%99%D7%92%D7%95%D7%9F-%D7%91%D7%98%D7%95%D7%9F/,0,2,0,29.5
נקסט מכון בקרה,https://nad-lan.co.il/glossary/%D7%9E%D7%9B%D7%95%D7%A0%D7%99-%D7%91%D7%A7%D7%A8%D7%94/,0,1,0,42
נרדור,https://nad-lan.co.il/projects/,0,1,0,44
נתן עמית,https://nad-lan.co.il/professionals/%D7%91%D7%9F-%D7%A0%D7%AA%D7%9F-%D7%A2%D7%9E%D7%99%D7%AA/,0,1,0,40
נתנאל שטרן,https://nad-lan.co.il/professionals/%D7%A9%D7%98%D7%A8%D7%9F-%D7%A0%D7%AA%D7%A0%D7%90%D7%9C/,0,4,0,10.75
נתנאל שטרן,https://nad-lan.co.il/projects/%D7%A9%D7%98%D7%A8%D7%9F-373941/,0,1,0,14
נתניה,https://nad-lan.co.il/netanya-apartment-prices/,0,1,0,3
סאטורן השקעות,https://nad-lan.co.il/global/thailand/,0,1,0,36
סאמר זועבי,https://nad-lan.co.il/professionals/%D7%96%D7%95%D7%A2%D7%91%D7%99-%D7%A1%D7%90%D7%9E%D7%A8/,0,1,0,17
סביוני,http://nad-lan.co.il/professionals/africa-israel-residential/,0,1,0,54
סביוני tlv,http://nad-lan.co.il/professionals/africa-israel-residential/,0,1,0,65
סביוני קטמון,http://nad-lan.co.il/professionals/africa-israel-residential/,0,1,0,63
סוגי ייעוד קרקע,https://nad-lan.co.il/glossary/%D7%99%D7%99%D7%A2%D7%95%D7%93-%D7%A7%D7%A8%D7%A7%D7%A2/,0,8,0,63.5
סוגי תמ א,https://nad-lan.co.il/glossary/tama-38-term/,0,1,0,81
סוטין 10 תל אביב,https://nad-lan.co.il/projects/,0,1,0,43
סוטין 15 תל אביב,https://nad-lan.co.il/,0,1,0,58
סוטין 29,https://nad-lan.co.il/projects/,0,3,0,44.666666666666664
סוכן נדל ן,https://nad-lan.co.il/investment/,0,1,0,44
סוכן נדלן,https://nad-lan.co.il/investment/,0,7,0,72.14285714285714
סופר נדלן,https://nad-lan.co.il/,0,1,0,34
סוקולוב 11,https://nad-lan.co.il/projects/,0,1,0,64
סוקולוב 11,https://nad-lan.co.il/projects/%D7%A1%D7%95%D7%A7%D7%95%D7%9C%D7%95%D7%91/,0,1,0,24
סוקולוב 14,https://nad-lan.co.il/,0,13,0,83.38461538461539
סוקולוב 14,https://nad-lan.co.il/projects/,0,29,0,50.51724137931034
סוקולוב 14 תל אביב,https://nad-lan.co.il/,0,5,0,70.4
סוקולוב 14 תל אביב,https://nad-lan.co.il/projects/,0,19,0,42.68421052631579
סוקולוב 15 פתח תקווה,https://nad-lan.co.il/projects/%D7%A1%D7%95%D7%A7%D7%95%D7%9C%D7%95%D7%91/,0,1,0,23
סוקולוב 22,https://nad-lan.co.il/projects/,0,1,0,44
סוקולוב 23 תל אביב,https://nad-lan.co.il/,0,11,0,62.81818181818182
סוקולוב 23 תל אביב,https://nad-lan.co.il/projects/,0,21,0,37.714285714285715
סוקולוב 29 פתח תקווה,https://nad-lan.co.il/projects/,0,1,0,37
סוקולוב 33,https://nad-lan.co.il/,0,1,0,87
סוקולוב 33,https://nad-lan.co.il/projects/%D7%A1%D7%95%D7%A7%D7%95%D7%9C%D7%95%D7%91/,0,1,0,28
סוקולוב 39,https://nad-lan.co.il/projects/,0,1,0,37
סוקולוב 4 רמת גן,https://nad-lan.co.il/projects/,0,1,0,65
סוקולוב 41,https://nad-lan.co.il/,0,2,0,90.5
סוקולוב 41,https://nad-lan.co.il/projects/,0,1,0,72
סוקולוב 41,https://nad-lan.co.il/projects/%D7%A1%D7%95%D7%A7%D7%95%D7%9C%D7%95%D7%91/,0,1,0,25
סוקולוב 41 חולון,https://nad-lan.co.il/,0,1,0,96
סוקולוב 41 חולון,https://nad-lan.co.il/projects/,0,1,0,52
סוקולוב 41 רמת השרון,https://nad-lan.co.il/,0,1,0,76
סוקולוב 41 רמת השרון,https://nad-lan.co.il/projects/,0,1,0,49
סוקולוב 43 רמת השרון,https://nad-lan.co.il/projects/,0,1,0,42
סוקולוב 46 תל אביב,https://nad-lan.co.il/projects/,0,1,0,52
סוקולוב 46 תל אביב,https://nad-lan.co.il/projects/%D7%A1%D7%95%D7%A7%D7%95%D7%9C%D7%95%D7%91-46/,0,1,0,23
סוקולוב 46 תל אביב,https://nad-lan.co.il/projects/%D7%A1%D7%95%D7%A7%D7%95%D7%9C%D7%95%D7%91/,0,1,0,68
סוקולוב 84 רמת השרון,https://nad-lan.co.il/,0,1,0,81
סוקולוב 84 רמת השרון,https://nad-lan.co.il/projects/,0,2,0,58
סוקולוב 85 הרצליה,https://nad-lan.co.il/projects/,0,2,0,56
סוקולוב נתניה,https://nad-lan.co.il/,0,1,0,62
סוקולוב על הים,https://nad-lan.co.il/,0,1,0,65
סוקולוב על הים,https://nad-lan.co.il/echo-city/,0,1,0,52
סוקולוב על הים,https://nad-lan.co.il/projects/,0,2,0,60
סוקולוב על הים,https://nad-lan.co.il/projects/%D7%A1%D7%95%D7%A7%D7%95%D7%9C%D7%95%D7%91/,0,2,0,20.5
סטטוס פינוי בינוי,https://nad-lan.co.il/urban-renewal/map/,0,1,0,55
סי אנד סאן,https://nad-lan.co.il/,0,2,0,84
סיכונים במכירה וקנייה במקביל,https://nad-lan.co.il/selling-apartment/,0,3,0,21
סימולטור החזר משכנתא,https://nad-lan.co.il/mortgage-calculator/,0,1,0,45
סימולטור מיסוי מקרקעין,https://nad-lan.co.il/purchase-tax-calculator/,0,1,0,59
סימולטור מס רכישה,https://nad-lan.co.il/purchase-tax-calculator/,0,48,0,54.3125
סימולטור מס רכישה דירה יחידה,https://nad-lan.co.il/purchase-tax-calculator/,0,1,0,42
סימולטור מס רכישה מורחב,https://nad-lan.co.il/purchase-tax-calculator/,0,1,0,56
סימולטור מס רכישה מיסוי מקרקעין,https://nad-lan.co.il/purchase-tax-calculator/,0,1,0,52
סימולטור מס רכישה רשות המיסים,https://nad-lan.co.il/purchase-tax-calculator/,0,2,0,43.5
סימולטור משכנתא,https://nad-lan.co.il/mortgage-calculator/,0,9,0,51
סימולציה מס רכישה,https://nad-lan.co.il/purchase-tax-calculator/,0,4,0,55.75
סימולציית משכנתא,https://nad-lan.co.il/mortgage-calculator/,0,1,0,46
סיני גורדון,https://nad-lan.co.il/professionals/,0,2,0,71.5
סכום עתק,https://nad-lan.co.il/investment/,0,1,0,57
סלים קייס,https://nad-lan.co.il/professionals/%D7%A1%D7%9C%D7%99%D7%9D-%D7%A7%D7%99%D7%99%D7%A1/,0,1,0,1
סלמה 44,https://nad-lan.co.il/projects/,0,1,0,70
סלמה 46,https://nad-lan.co.il/projects/,0,1,0,71
סלקטד ראשון לציון,https://nad-lan.co.il/projects/,0,2,0,59.5
סמטת המעלות,https://nad-lan.co.il/projects/,0,1,0,44
סמטת המעלות 5,https://nad-lan.co.il/projects/,0,1,0,33
סמטת המעלות 7 רמת השרון,https://nad-lan.co.il/projects/,0,2,0,51
סמטת השוק 3,https://nad-lan.co.il/,0,1,0,68
סמטת לאן תל אביב,https://nad-lan.co.il/premium/,0,1,0,75
סמינרים לרכישת דירה,https://nad-lan.co.il/buying-apartment/,0,2,0,52.5
סמינרים לרכישת דירה,https://nad-lan.co.il/investment/,0,2,0,72.5
סמכויות הקונסטרוקטור,https://nad-lan.co.il/glossary-category/trades-roles/,0,2,0,15.5
סמל דרום,https://nad-lan.co.il/projects/duo-tel-aviv/,0,1,0,9
סמל צפון,https://nad-lan.co.il/projects/,0,1,0,57
סמל צפון אפריקה ישראל,https://nad-lan.co.il/,0,1,0,96
סנהדרין 13,https://nad-lan.co.il/projects/,0,1,0,45
סנהדרין 4,https://nad-lan.co.il/,0,1,0,56
סעדיה גאון 4,https://nad-lan.co.il/projects/,0,1,0,29
סעדיה גאון 4 תל אביב,https://nad-lan.co.il/projects/,0,1,0,28
ספר דקל,https://nad-lan.co.il/glossary/%D7%9E%D7%97%D7%99%D7%A8%D7%95%D7%9F-%D7%93%D7%A7%D7%9C-%D7%9C%D7%91%D7%A0%D7%99%D7%99%D7%94-%D7%95%D7%AA%D7%A9%D7%AA%D7%99%D7%95%D7%AA/,0,1,0,24
ספר דקל מחיר,https://nad-lan.co.il/glossary/%D7%9E%D7%97%D7%99%D7%A8%D7%95%D7%9F-%D7%93%D7%A7%D7%9C-%D7%9C%D7%91%D7%A0%D7%99%D7%99%D7%94-%D7%95%D7%AA%D7%A9%D7%AA%D7%99%D7%95%D7%AA/,0,23,0,17.652173913043477
ספרינקלרים מחיר למטר,https://nad-lan.co.il/commercial-real-estate/,0,1,0,23
סקשן 8,https://nad-lan.co.il/investment/,0,4,0,45.75
סרגל חישוב למכירה,https://nad-lan.co.il/property-value-estimator/,0,1,0,52
עדי טננבאום,https://nad-lan.co.il/professionals/%D7%98%D7%A0%D7%A0%D7%91%D7%90%D7%95%D7%9D-%D7%90%D7%93%D7%9D/,0,1,0,92
עובי לוח גבס,https://nad-lan.co.il/glossary/%D7%9C%D7%95%D7%97-%D7%92%D7%91%D7%A1-%D7%90%D7%93%D7%95%D7%9D/,0,2,0,9.5
עובי תקרה,https://nad-lan.co.il/construction-engineering-guide/,0,1,0,32
עוגן כימי,https://nad-lan.co.il/glossary/%D7%A2%D7%95%D7%92%D7%9F-%D7%9B%D7%99%D7%9E%D7%99/,0,61,0,32.24590163934426
עוגן כימי לבטון,https://nad-lan.co.il/glossary/%D7%A2%D7%95%D7%92%D7%9F-%D7%9B%D7%99%D7%9E%D7%99/,0,1,0,46
עוגן קרקע,https://nad-lan.co.il/glossary/%D7%A2%D7%95%D7%92%D7%A0%D7%99-%D7%A7%D7%A8%D7%A7%D7%A2/,0,6,0,16.666666666666664
עוגני קרקע,https://nad-lan.co.il/glossary/%D7%A2%D7%95%D7%92%D7%A0%D7%99-%D7%A7%D7%A8%D7%A7%D7%A2/,0,12,0,23.25
עוגני קרקע זמניים,https://nad-lan.co.il/glossary/%D7%A2%D7%95%D7%92%D7%A0%D7%99-%D7%A7%D7%A8%D7%A7%D7%A2/,0,8,0,32.375
עוגני קרקע קבועים,https://nad-lan.co.il/glossary/%D7%A2%D7%95%D7%92%D7%A0%D7%99-%D7%A7%D7%A8%D7%A7%D7%A2/,0,7,0,23.571428571428573
עוגנים כימיים,https://nad-lan.co.il/glossary/%D7%A2%D7%95%D7%92%D7%9F-%D7%9B%D7%99%D7%9E%D7%99/,0,2,0,23
עודד לנדאו,https://nad-lan.co.il/professionals/,0,1,0,61
עודד תורג'מן קבלן,https://nad-lan.co.il/professionals/%D7%AA%D7%95%D7%A8%D7%92%D7%9E%D7%9F-%D7%90%D7%9E%D7%99%D7%A8/,0,1,0,31
עוזיאל 151,https://nad-lan.co.il/projects/,0,1,0,42
עומר חסן,https://nad-lan.co.il/professionals/%D7%97%D7%A1%D7%9F-%D7%A2%D7%95%D7%9E%D7%A8/,0,1,0,44
עורך דין דירה,https://nad-lan.co.il/real-estate-lawyer/,0,4,0,56.75
עורך דין דירות,https://nad-lan.co.il/real-estate-lawyer/,0,1,0,26
עורך דין חוזה דירה,https://nad-lan.co.il/real-estate-lawyer/,0,4,0,52
עורך דין חוזה מקרקעין,https://nad-lan.co.il/real-estate-lawyer/,0,22,0,49.31818181818182
עורך דין לקניית דירה,https://nad-lan.co.il/real-estate-lawyer/,0,3,0,55.666666666666664
עורך דין מכרז דירה,https://nad-lan.co.il/michraz-dirot/,0,2,0,20.5
עורך דין מקרקעין רכישת דירה,https://nad-lan.co.il/real-estate-lawyer/,0,1,0,51
עורך דין נדלן יוון,https://nad-lan.co.il/global/greece/,0,1,0,1
עורך דין קניית דירה להשקעה,https://nad-lan.co.il/real-estate-lawyer/,0,28,0,39.107142857142854
עורך דין קניית מקרקעין,https://nad-lan.co.il/real-estate-lawyer/,0,6,0,50.833333333333336
עורך דין רכישת דירה,https://nad-lan.co.il/real-estate-lawyer/,0,12,0,57.083333333333336
עזרא הסופר 11 תל אביב,https://nad-lan.co.il/projects/,0,1,0,45
עזרא הסופר 18 תל אביב,https://nad-lan.co.il/projects/,0,1,0,35
עזרא חממי,https://nad-lan.co.il/professionals/%D7%97%D7%9E%D7%9E%D7%99-%D7%A2%D7%96%D7%A8%D7%90/,0,3,0,10.666666666666666
עזרא ימין,https://nad-lan.co.il/projects/,0,1,0,65
עיגון אבן בברגים,https://nad-lan.co.il/glossary/%D7%91%D7%95%D7%A8%D7%92-%D7%A2%D7%99%D7%92%D7%95%D7%9F-%D7%91%D7%98%D7%95%D7%9F/,0,1,0,30
עיגון כימי,https://nad-lan.co.il/glossary/%D7%A2%D7%95%D7%92%D7%9F-%D7%9B%D7%99%D7%9E%D7%99/,0,1,0,36
עיגון לבטון,https://nad-lan.co.il/glossary/%D7%91%D7%95%D7%A8%D7%92-%D7%A2%D7%99%D7%92%D7%95%D7%9F-%D7%91%D7%98%D7%95%D7%9F/,0,1,0,10
עימאד טאהא,https://nad-lan.co.il/professionals/%D7%98%D7%90%D7%94%D7%90-%D7%90%D7%9E%D7%99%D7%9F-2/,0,1,0,20
עין גנים 12,https://nad-lan.co.il/projects/,0,1,0,50
עין הקורא 2 תל אביב,https://nad-lan.co.il/projects/,0,1,0,39
עין חי 7 הוד השרון,https://nad-lan.co.il/projects/,0,1,0,38
עיר אנכית,https://nad-lan.co.il/projects/,0,1,0,22
עיר גלים,https://nad-lan.co.il/projects/,0,1,0,48
עיר היין,https://nad-lan.co.il/ashkelon-apartment-prices/,0,1,0,6
עיר הים,https://nad-lan.co.il/projects/,0,1,0,32
עיר הנדלן,https://nad-lan.co.il/projects/,0,2,0,42.5
עיר חדשה,https://nad-lan.co.il/projects/,0,1,0,25
עיר חדשה בישראל,https://nad-lan.co.il/projects/,0,2,0,25
עישור נכסים,https://nad-lan.co.il/investment/,0,1,0,60
עיתון נדלן,https://nad-lan.co.il/,0,1,0,36
על חשבון הבית,https://nad-lan.co.il/investment/,0,1,0,72
עלויות משכנתא,https://nad-lan.co.il/mortgage-calculator/,0,15,0,46.333333333333336
עלויות נוספות בעת ברכישת דירה,https://nad-lan.co.il/apartment-purchase-cost-calculator/,0,1,0,79
עלויות נוספות ברכישת דירה,https://nad-lan.co.il/apartment-purchase-cost-calculator/,0,1,0,64
עלויות קניית דירה,https://nad-lan.co.il/purchase-tax-calculator/,0,1,0,90
עלויות קניית דירה יד שניה,https://nad-lan.co.il/purchase-tax-calculator/,0,1,0,90
עלויות רכישת דירה מקבלן,https://nad-lan.co.il/apartment-purchase-cost-calculator/,0,18,0,40.166666666666664
עלויות רכישת דירה מקבלן,https://nad-lan.co.il/purchase-tax-calculator/,0,5,0,87.8
עלות אדריכל שיפוץ בית,https://nad-lan.co.il/architect-building-permit/,0,1,0,17
עלות בדיקת אל הרס,https://nad-lan.co.il/glossary/%D7%91%D7%93%D7%99%D7%A7%D7%95%D7%AA-%D7%90%D7%9C-%D7%94%D7%A8%D7%A1/,0,20,0,30.25
עלות בדיקת אל הרס,https://nad-lan.co.il/glossary/%D7%AA%D7%95%D7%9B%D7%A0%D7%99%D7%AA-%D7%91%D7%A7%D7%A8%D7%AA-%D7%90%D7%99%D7%9B%D7%95%D7%AA/,0,3,0,75.66666666666667
עלות דירה,https://nad-lan.co.il/property-value-estimator/,0,1,0,19
עלות משכנתא,https://nad-lan.co.il/mortgage-calculator/,0,38,0,42.921052631578945
עלות שמאי לדירה,https://nad-lan.co.il/property-value-estimator/,0,2,0,36.5
עלות שמאי להערכת דירה,https://nad-lan.co.il/property-value-estimator/,0,2,0,31.5
עמאד טאהא,https://nad-lan.co.il/professionals/%D7%98%D7%90%D7%94%D7%90-%D7%90%D7%9E%D7%99%D7%9F-2/,0,1,0,24
עמגד לבניה,https://nad-lan.co.il/professionals/%D7%9E%D7%92%D7%90%D7%A8%D7%91%D7%94-%D7%90%D7%9E%D7%92%D7%93/,0,1,0,30
עמוד יסוד,https://nad-lan.co.il/glossary/raft-foundation/,0,1,0,38
עמוס 7 תל אביב,https://nad-lan.co.il/projects/,0,1,0,36
עמוס דבש,https://nad-lan.co.il/professionals/%D7%93%D7%91%D7%A9-%D7%A2%D7%9E%D7%95%D7%A1/,0,1,0,38
עמלת תיווך מכירת דירה,https://nad-lan.co.il/commercial-real-estate/commercial-real-estate-brokerage-fee/,0,1,0,50
עמלת תיווך נדלן,https://nad-lan.co.il/commercial-real-estate/commercial-real-estate-brokerage-fee/,0,1,0,35
עמלת תיווך עסקאות,https://nad-lan.co.il/commercial-real-estate/commercial-real-estate-brokerage-fee/,0,5,0,31.6
עמלת תיווך עסקי,https://nad-lan.co.il/commercial-real-estate/commercial-real-estate-brokerage-fee/,0,6,0,32
עמק ברכה 27,https://nad-lan.co.il/projects/,0,2,0,52.5
עמק ברכה 28-30,https://nad-lan.co.il/projects/,0,1,0,46
עמק דותן 12,https://nad-lan.co.il/,0,1,0,98
עמק דותן 12,https://nad-lan.co.il/projects/,0,1,0,43
ענב 360,https://nad-lan.co.il/projects/,0,1,0,70
ענבר מורדי-im nadlan פתח תקווה,https://nad-lan.co.il/,0,1,0,26
עסקאות נדל ן,https://nad-lan.co.il/investment/,0,1,0,23
"עסקאות נדל""ן",https://nad-lan.co.il/investment/,0,5,0,31.8
עסקאות נדלן,https://nad-lan.co.il/investment/,0,6,0,48.333333333333336
עסקאות נדלן gov,https://nad-lan.co.il/purchase-tax-calculator/,0,1,0,46
עסקאות נדלן בחול,https://nad-lan.co.il/global/,0,10,0,73.4
עסקאות נדלן בתל אביב,https://nad-lan.co.il/tel-aviv-apartment-prices/,0,1,0,22
עסקאות פליפ,https://nad-lan.co.il/investment/,0,1,0,82
עסקאות פליפ בארץ,https://nad-lan.co.il/investment/,0,1,0,79
עסקאות פליפ בנדלן,https://nad-lan.co.il/investment/,0,1,0,84
עסקאות קומבינציה,https://nad-lan.co.il/glossary/kombinatzia/,0,9,0,88.88888888888889
עסקאןת נדלן,https://nad-lan.co.il/investment/,0,1,0,59
עסקות,https://nad-lan.co.il/investment/,0,1,0,44
עסקות נדלן,https://nad-lan.co.il/investment/,0,1,0,43
עסקי נדלן,https://nad-lan.co.il/investment/,0,1,0,72
עסקת נדל ן מוצלחת,https://nad-lan.co.il/investment/,0,1,0,28
עסקת נטו,https://nad-lan.co.il/investment/,0,1,0,67
עסקת פליפ,https://nad-lan.co.il/investment/,0,1,0,69
עסקת קומבינציה,https://nad-lan.co.il/glossary/kombinatzia/,0,8,0,85.625
עסקת קומבינציה בנדלן,https://nad-lan.co.il/glossary/kombinatzia/,0,4,0,34.5
עסקת קומבינציה פינוי בינוי,https://nad-lan.co.il/glossary/kombinatzia/,0,3,0,58.333333333333336
ערבויות ובטוחות חיפה,https://nad-lan.co.il/new-projects/,0,1,0,9
ערבויות ובטוחות תל אביב,https://nad-lan.co.il/projects/rainbow-tel-aviv/,0,3,0,66.33333333333333
ערך דירה,https://nad-lan.co.il/property-value-estimator/,0,1,0,11
ערך הדירה שלי,https://nad-lan.co.il/property-value-estimator/,0,1,0,19
ערך כינון מה זה,https://nad-lan.co.il/investment/,0,1,0,80
ערך נכסים,https://nad-lan.co.il/investment/,0,1,0,86
פארי פאסו,https://nad-lan.co.il/investment/,0,3,0,62.333333333333336
פארק איילון תל אביב,https://nad-lan.co.il/tel-aviv-plans/ayalon-roof/,0,3,0,9
פוינט הדר גנים,https://nad-lan.co.il/projects/,0,2,0,85
פוינט הדר גנים,https://nad-lan.co.il/projects/%D7%90%D7%95%D7%A8-%D7%92%D7%A0%D7%99%D7%9D/,0,2,0,41.5
פומבדיתא 26,https://nad-lan.co.il/,0,1,0,55
פורטה דה סול,https://nad-lan.co.il/,0,1,0,73
פורטל נדלן,https://nad-lan.co.il/,0,4,0,25
פורטל נדלן,https://nad-lan.co.il/buying-apartment/,0,7,0,66
פורטל נדלן,https://nad-lan.co.il/properties/,0,1,0,64
פח גלי מגולוון,https://nad-lan.co.il/glossary/%D7%A4%D7%A8%D7%95%D7%A4%D7%99%D7%9C-%D7%A4%D7%97-%D7%9E%D7%92%D7%95%D7%9C%D7%95%D7%95%D7%9F/,0,1,0,47
פח מגולבן,https://nad-lan.co.il/glossary/%D7%A4%D7%A8%D7%95%D7%A4%D7%99%D7%9C-%D7%A4%D7%97-%D7%9E%D7%92%D7%95%D7%9C%D7%95%D7%95%D7%9F/,0,10,0,19.6
פח מגולוון,https://nad-lan.co.il/glossary/%D7%A4%D7%A8%D7%95%D7%A4%D7%99%D7%9C-%D7%A4%D7%97-%D7%9E%D7%92%D7%95%D7%9C%D7%95%D7%95%D7%9F/,0,69,0,18.695652173913043
פח מגולוון דק,https://nad-lan.co.il/glossary/%D7%A4%D7%A8%D7%95%D7%A4%D7%99%D7%9C-%D7%A4%D7%97-%D7%9E%D7%92%D7%95%D7%9C%D7%95%D7%95%D7%9F/,0,7,0,8
פח מגולוון מחורר,https://nad-lan.co.il/glossary/%D7%A4%D7%A8%D7%95%D7%A4%D7%99%D7%9C-%D7%A4%D7%97-%D7%9E%D7%92%D7%95%D7%9C%D7%95%D7%95%D7%9F/,0,1,0,38
פח מגולוון מידות,https://nad-lan.co.il/glossary/%D7%A4%D7%A8%D7%95%D7%A4%D7%99%D7%9C-%D7%A4%D7%97-%D7%9E%D7%92%D7%95%D7%9C%D7%95%D7%95%D7%9F/,0,1,0,17
פח מגלוון,https://nad-lan.co.il/glossary/%D7%A4%D7%A8%D7%95%D7%A4%D7%99%D7%9C-%D7%A4%D7%97-%D7%9E%D7%92%D7%95%D7%9C%D7%95%D7%95%D7%9F/,0,2,0,16
פחים מגולוונים,https://nad-lan.co.il/glossary/%D7%A4%D7%A8%D7%95%D7%A4%D7%99%D7%9C-%D7%A4%D7%97-%D7%9E%D7%92%D7%95%D7%9C%D7%95%D7%95%D7%9F/,0,8,0,13.25
פיארברג 12,https://nad-lan.co.il/projects/,0,1,0,37
פייבל 15 תל אביב,https://nad-lan.co.il/projects/,0,1,0,44
פינוי בינוי אחוז הסכמה,https://nad-lan.co.il/urban-renewal/pinui-binui/,0,7,0,83.85714285714286
פינוי בינוי באזור,https://nad-lan.co.il/projects/,0,1,0,37
פינוי בינוי בבני ברק,https://nad-lan.co.il/projects/,0,8,0,69.5
פינוי בינוי במרכז,https://nad-lan.co.il/projects/,0,3,0,43.333333333333336
פינוי בינוי במרכז,https://nad-lan.co.il/urban-renewal/map/,0,1,0,71
פינוי בינוי בני ברק,https://nad-lan.co.il/projects/,0,3,0,64.33333333333334
פינוי בינוי בצפון,https://nad-lan.co.il/projects/,0,1,0,22
פינוי בינוי בראשון לציון,https://nad-lan.co.il/urban-renewal/map/,0,2,0,61
פינוי בינוי בתל אביב פרויקטים,https://nad-lan.co.il/projects/,0,3,0,24.333333333333332
פינוי בינוי היטל השבחה,https://nad-lan.co.il/glossary/hetel-hashbacha-renewal/,0,1,0,94
פינוי בינוי העצמאות קרית ביאליק,https://nad-lan.co.il/projects/%D7%94%D7%A2%D7%A6%D7%9E%D7%90%D7%95%D7%AA-6/,0,2,0,13.5
פינוי בינוי והערכת דירות,https://nad-lan.co.il/projects/,0,1,0,55
פינוי בינוי חוקים,https://nad-lan.co.il/urban-renewal/pinui-binui/,0,2,0,80.5
פינוי בינוי יוקרה,https://nad-lan.co.il/projects/,0,12,0,30.916666666666668
פינוי בינוי יוקרתי,https://nad-lan.co.il/projects/,0,11,0,52
פינוי בינוי יפו,https://nad-lan.co.il/projects/,0,3,0,30.333333333333332
פינוי בינוי כפר גבירול,https://nad-lan.co.il/projects/,0,1,0,40
פינוי בינוי מה צריך לדעת,https://nad-lan.co.il/urban-renewal/pinui-binui/,0,2,0,76.5
פינוי בינוי מעלה אדומים,https://nad-lan.co.il/projects/,0,1,0,49
פינוי בינוי מפה,https://nad-lan.co.il/projects/,0,2,0,41.5
פינוי בינוי פרויקטים,https://nad-lan.co.il/projects/,0,2,0,42
פינוי בינוי פרויקטים,https://nad-lan.co.il/urban-renewal/map/,0,2,0,35
פינוי בינוי קבלת 2 דירות,https://nad-lan.co.il/urban-renewal/pinui-binui/,0,1,0,74
פינוי בינוי ראשון לציון,https://nad-lan.co.il/urban-renewal/map/,0,7,0,32.57142857142857
פינוי בינוי רוב נדרש,https://nad-lan.co.il/urban-renewal/pinui-binui/,0,1,0,64
פינוי בינוי שדרות ירושלים קרית ים,https://nad-lan.co.il/projects/,0,1,0,51
פינוי בינוי שלבים,https://nad-lan.co.il/urban-renewal/pinui-binui/,0,3,0,49.666666666666664
פינוי בינוי תהליך,https://nad-lan.co.il/urban-renewal/pinui-binui/,0,2,0,86.5
פינוי בינוי תל אביב פרויקטים,https://nad-lan.co.il/projects/,0,1,0,38
פינוי בינוי תל אביב פרויקטים,https://nad-lan.co.il/urban-renewal/map/,0,1,0,99
פינוי-בינוי בשכונות תל אביב,https://nad-lan.co.il/urban-renewal/pinui-binui-tel-aviv/,0,1,0,66
פיני אזולאי,https://nad-lan.co.il/projects/,0,1,0,49
פיני קליין,https://nad-lan.co.il/professionals/,0,1,0,69
פינלס 3 תל אביב,https://nad-lan.co.il/projects/,0,1,0,38
פינס 6 ראשון לציון,https://nad-lan.co.il/projects/,0,1,0,28
פיקוס 17,https://nad-lan.co.il/projects/,0,1,0,27
פירוט עסקאות נדלן,https://nad-lan.co.il/investment/,0,1,0,33
פירוק נכס נדל ן,https://nad-lan.co.il/real-estate-lawyer/partition-real-estate/,0,1,0,66
פירוק שותפות נדל''ן,https://nad-lan.co.il/real-estate-lawyer/partition-real-estate/,0,2,0,71.5
פירוק שיתוף בדירה שהתקבלה בירושה,https://nad-lan.co.il/real-estate-lawyer/partition-real-estate/,0,1,0,90
פירסט שדה דב,https://nad-lan.co.il/,0,1,0,45
פלדה מצולעת,https://nad-lan.co.il/glossary/%D7%A4%D7%9C%D7%93%D7%AA-%D7%96%D7%99%D7%95%D7%9F-%D7%9E%D7%A6%D7%95%D7%9C%D7%A2%D7%AA/,0,1,0,11
פלטת ברזל מגולוון,https://nad-lan.co.il/glossary/%D7%A4%D7%A8%D7%95%D7%A4%D7%99%D7%9C-%D7%A4%D7%97-%D7%9E%D7%92%D7%95%D7%9C%D7%95%D7%95%D7%9F/,0,1,0,43
פלטת יסוד,https://nad-lan.co.il/glossary/raft-foundation/,0,2,0,31.5
פלטת יסוד בודד,https://nad-lan.co.il/glossary/raft-foundation/,0,1,0,44
פלטת פח מגולוון,https://nad-lan.co.il/glossary/%D7%A4%D7%A8%D7%95%D7%A4%D7%99%D7%9C-%D7%A4%D7%97-%D7%9E%D7%92%D7%95%D7%9C%D7%95%D7%95%D7%9F/,0,1,0,33
פלס בנאים,https://nad-lan.co.il/glossary/%D7%A4%D7%9C%D7%A1-%D7%9C%D7%99%D7%99%D7%96%D7%A8/,0,1,0,57
פלס לייזר,https://nad-lan.co.il/glossary/%D7%A4%D7%9C%D7%A1-%D7%9C%D7%99%D7%99%D7%96%D7%A8/,0,1,0,54
פנורמה צפון פתח תקווה,https://nad-lan.co.il/projects/,0,1,0,63
פנחס לבון 16,https://nad-lan.co.il/projects/,0,1,0,74
פנקס 24,https://nad-lan.co.il/premium/,0,1,0,71
פנקס 32,https://nad-lan.co.il/projects/,0,1,0,37
פסגת דן,https://nad-lan.co.il/,0,1,0,93
פסגת דן,https://nad-lan.co.il/projects/,0,1,0,56
פצלים,https://nad-lan.co.il/glossary-category/interior-design/,0,1,0,85
פרובונה ראשון לציון,https://nad-lan.co.il/,0,1,0,57
פרוייקט we,https://nad-lan.co.il/projects/,0,5,0,41.4
פרוייקטים,https://nad-lan.co.il/projects/,0,2,0,38
פרוייקטים בבנייה,https://nad-lan.co.il/projects/,0,24,0,33.625
פרוייקטים חדשים,https://nad-lan.co.il/,0,1,0,83
פרוייקטים חדשים,https://nad-lan.co.il/projects/,0,5,0,29.4
פרוייקטים חדשים באשקלון,https://nad-lan.co.il/projects/,0,6,0,53
פרוייקטים חדשים בפתח תקווה,https://nad-lan.co.il/projects/,0,16,0,23.75
פרוייקטים חדשים בראשון לציון,https://nad-lan.co.il/projects/,0,3,0,40.333333333333336
פרוייקטים חדשים בתל אביב,https://nad-lan.co.il/projects/,0,1,0,38
פרוייקטים על הנייר,https://nad-lan.co.il/projects/,0,1,0,28
פרוייקטים על הנייר,https://nad-lan.co.il/projects/%D7%94%D7%96%D7%9E%D7%99%D7%A8/,0,1,0,72
פרוייקטים פינוי בינוי,https://nad-lan.co.il/projects/,0,2,0,21
פרוייקטים פינוי בינוי,https://nad-lan.co.il/urban-renewal/map/,0,3,0,32.33333333333333
פרויק,https://nad-lan.co.il/projects/,0,1,0,51
פרויקט,https://nad-lan.co.il/projects/,0,2,0,56
פרויקט duo תל אביב מדלן,https://nad-lan.co.il/projects/duo-tel-aviv/,0,4,0,8.25
פרויקט east,https://nad-lan.co.il/,0,1,0,68
פרויקט east,https://nad-lan.co.il/projects/,0,1,0,49
פרויקט eve רמת השרון,https://nad-lan.co.il/projects/,0,11,0,57.27272727272727
פרויקט first,https://nad-lan.co.il/premium/,0,1,0,75
פרויקט first שדה דב,https://nad-lan.co.il/sde-dov/,0,1,0,24
פרויקט frankly,https://nad-lan.co.il/projects/,0,1,0,49
פרויקט gallery ראשון לציון,https://nad-lan.co.il/projects/,0,1,0,58
פרויקט julie,https://nad-lan.co.il/projects/,0,2,0,41
פרויקט julie תל אביב,https://nad-lan.co.il/projects/,0,1,0,55
פרויקט k גדרה,https://nad-lan.co.il/site-map/,0,1,0,66
פרויקט mala,https://nad-lan.co.il/,0,1,0,81
פרויקט mala,https://nad-lan.co.il/projects/,0,1,0,48
פרויקט mala פתח תקווה,https://nad-lan.co.il/projects/,0,1,0,54
פרויקט me נווה שרת,https://nad-lan.co.il/projects/,0,1,0,69
פרויקט me רעננה,https://nad-lan.co.il/projects/,0,1,0,45
פרויקט rainbow תל אביב,https://nad-lan.co.il/projects/rainbow-tel-aviv/,0,1,0,10
פרויקט she,https://nad-lan.co.il/,0,1,0,67
פרויקט tlv,https://nad-lan.co.il/projects/,0,1,0,57
פרויקט true תל אביב,https://nad-lan.co.il/,0,1,0,59
פרויקט view,https://nad-lan.co.il/projects/,0,15,0,50.733333333333334
פרויקט wow צומת הפיל,https://nad-lan.co.il/projects/,0,1,0,61
פרויקט yard,https://nad-lan.co.il/projects/,0,1,0,36
פרויקט אוריון,https://nad-lan.co.il/projects/,0,1,0,34
פרויקט אורנים,https://nad-lan.co.il/projects/%D7%90%D7%95%D7%A8-%D7%92%D7%A0%D7%99%D7%9D/,0,1,0,79
פרויקט אורנים נווה יעקב,https://nad-lan.co.il/projects/,0,1,0,52
פרויקט איה,https://nad-lan.co.il/projects/,0,1,0,40
פרויקט אינפיניטי תל אביב,https://nad-lan.co.il/projects/h-infinity-somail-tel-aviv/,0,1,0,18
פרויקט אלינור טבריה,https://nad-lan.co.il/projects/,0,1,0,46
פרויקט אנדרומדה,https://nad-lan.co.il/projects/,0,1,0,59
פרויקט אשירה,https://nad-lan.co.il/projects/ashira-sde-dov/,0,4,0,9.75
פרויקט אשירה שדה דב,https://nad-lan.co.il/projects/ashira-sde-dov/,0,2,0,12
פרויקט אשירה שדה דב,https://nad-lan.co.il/projects/dimri-yama-sde-dov/,0,1,0,29
פרויקט אשירה תל אביב,https://nad-lan.co.il/projects/ashira-sde-dov/,0,1,0,12
פרויקט באר שבע,https://nad-lan.co.il/projects/,0,1,0,50
פרויקט בוטיק התחדשות עירונית,https://nad-lan.co.il/projects/ashdar-einstein/,0,2,0,48.5
פרויקט ביונד,https://nad-lan.co.il/projects/,0,1,0,64
פרויקט בין השדרות,https://nad-lan.co.il/projects/,0,1,0,36
פרויקט בין השדרות,https://nad-lan.co.il/projects/%D7%94%D7%A1%D7%AA%D7%93%D7%A8%D7%95%D7%AA/,0,1,0,80
פרויקט בינוי פינוי,https://nad-lan.co.il/projects/,0,1,0,34
פרויקט בית הפסנתר,https://nad-lan.co.il/projects/,0,2,0,56
פרויקט בלו,https://nad-lan.co.il/,0,1,0,87
פרויקט בלו,https://nad-lan.co.il/projects/,0,1,0,61
פרויקט בלו תל אביב,https://nad-lan.co.il/projects/,0,1,0,47
פרויקט בניה,https://nad-lan.co.il/projects/,0,22,0,45.31818181818182
פרויקט בניה חדש,https://nad-lan.co.il/new-projects/new-projects-tel-aviv/,0,2,0,17
פרויקט בניה חדש בבאר שבע,https://nad-lan.co.il/projects/,0,2,0,28
פרויקט בניה חדש בתל אביב,https://nad-lan.co.il/projects/,0,23,0,44.91304347826087
פרויקט בנייה,https://nad-lan.co.il/,0,2,0,90.5
פרויקט בנייה,https://nad-lan.co.il/projects/,0,36,0,41.166666666666664
פרויקט בנייה,https://nad-lan.co.il/projects/%D7%94%D7%A7%D7%A8%D7%9F/,0,5,0,94.6
פרויקט בראשית באר שבע,https://nad-lan.co.il/projects/,0,1,0,57
פרויקט ברוכים אלעד,https://nad-lan.co.il/professionals/%D7%90%D7%9C%D7%99%D7%94-%D7%91%D7%A8%D7%95%D7%9A/,0,1,0,38
פרויקט בשדה דב,https://nad-lan.co.il/sde-dov/,0,15,0,29.8
פרויקט בשדה דב,https://nad-lan.co.il/sde-dov/prices/,0,2,0,44
פרויקט ג ולי פלורנטין,https://nad-lan.co.il/projects/,0,1,0,57
פרויקט גבריאל רחובות,https://nad-lan.co.il/projects/,0,1,0,59
פרויקט דירות,https://nad-lan.co.il/premium/,0,1,0,22
פרויקט דירות,https://nad-lan.co.il/projects/,0,8,0,25.625
פרויקט דירות,https://nad-lan.co.il/projects/%D7%99%D7%A4%D7%AA/,0,1,0,30
פרויקט דירות בראשון לציון,https://nad-lan.co.il/projects/,0,7,0,52.42857142857143
פרויקט דירות בתל אביב,https://nad-lan.co.il/projects/,0,1,0,34
פרויקט הגפן הרצליה,https://nad-lan.co.il/projects/,0,6,0,65.16666666666667
פרויקט הוד השרון,https://nad-lan.co.il/projects/,0,1,0,77
פרויקט הולילנד,https://nad-lan.co.il/premium/,0,1,0,78
פרויקט הום,https://nad-lan.co.il/projects/,0,1,0,26
פרויקט המסילה הרצליה,https://nad-lan.co.il/projects/,0,1,0,55
פרויקט הסוללים,https://nad-lan.co.il/projects/,0,2,0,55
פרויקט הסוללים ביצרון,https://nad-lan.co.il/projects/,0,1,0,57
פרויקט הרברט סמואל,https://nad-lan.co.il/projects/six-8-herbert-samuel-tel-aviv/,0,1,0,15
פרויקט השדרה אור יהודה,https://nad-lan.co.il/,0,1,0,75
פרויקט השדרה אור יהודה,https://nad-lan.co.il/projects/,0,1,0,50
פרויקט השדרה אלעד,https://nad-lan.co.il/projects/,0,1,0,72
פרויקט התחדשות עירונית,https://nad-lan.co.il/projects/,0,7,0,56.142857142857146
פרויקט התחדשות עירונית,https://nad-lan.co.il/urban-renewal/map/,0,22,0,39
פרויקט ויסוצקי,https://nad-lan.co.il/projects/,0,1,0,39
פרויקט ורד הכפר,https://nad-lan.co.il/projects/,0,1,0,55
פרויקט ורטיקל סיטי,https://nad-lan.co.il/projects/,0,11,0,62.72727272727273
פרויקט זואי,https://nad-lan.co.il/projects/,0,1,0,30
פרויקט זוהי שדה דב,https://nad-lan.co.il/sde-dov/,0,1,0,19
פרויקט חדש,https://nad-lan.co.il/projects/,0,2,0,36.5
פרויקט חדש באבן יהודה,https://nad-lan.co.il/projects/,0,1,0,52
פרויקט חדש באור יהודה,https://nad-lan.co.il/projects/,0,2,0,61
פרויקט חדש בבאר שבע,https://nad-lan.co.il/projects/,0,2,0,29
פרויקט חדש בבני ברק,https://nad-lan.co.il/projects/,0,8,0,48.625
פרויקט חדש בבניה,https://nad-lan.co.il/new-projects/new-projects-tel-aviv/,0,1,0,19
פרויקט חדש במצליח,https://nad-lan.co.il/projects/,0,1,0,20
פרויקט חדש בראשון לציון,https://nad-lan.co.il/projects/,0,1,0,43
פרויקט חדש ברמת ישי,https://nad-lan.co.il/projects/%D7%94%D7%9E%D7%A2%D7%A4%D7%99%D7%9C%D7%99%D7%9D/,0,1,0,15
פרויקט חדש בשבי ציון,https://nad-lan.co.il/premium/,0,1,0,11
פרויקט טופ השדות קדימה צורן,https://nad-lan.co.il/premium/,0,1,0,55
פרויקט טופ השדות קדימה צורן,https://nad-lan.co.il/projects/,0,1,0,42
פרויקט יאפא,https://nad-lan.co.il/projects/,0,1,0,51
פרויקט יארד,https://nad-lan.co.il/projects/,0,2,0,35
פרויקט יוקרה,https://nad-lan.co.il/projects/,0,1,0,34
פרויקט יוקרה התחדשות עירונית,https://nad-lan.co.il/projects/,0,36,0,37.111111111111114
פרויקט כיכר המדינה מחירים,https://nad-lan.co.il/projects/hamedina/,0,1,0,11
פרויקט כפר אלדד,https://nad-lan.co.il/projects/,0,1,0,51
פרויקט כפר סבא,https://nad-lan.co.il/projects/,0,1,0,93
פרויקט כרמים,https://nad-lan.co.il/projects/,0,1,0,44
פרויקט לב העיר תל אביב,https://nad-lan.co.il/projects/,0,1,0,52
פרויקט לגונה הרצליה,https://nad-lan.co.il/,0,1,0,75
פרויקט לגונה הרצליה,https://nad-lan.co.il/projects/,0,1,0,42
פרויקט מגדל דובנוב,https://nad-lan.co.il/projects/,0,1,0,48
פרויקט מגורים,https://nad-lan.co.il/projects/,0,13,0,46
פרויקט מגורים במרכז,https://nad-lan.co.il/projects/,0,2,0,37
פרויקט מגורים בתל אביב,https://nad-lan.co.il/projects/,0,1,0,45
פרויקט מגורים תל אביב,https://nad-lan.co.il/projects/,0,2,0,41.5
פרויקט מול ים,https://nad-lan.co.il/projects/,0,1,0,36
פרויקט מומנט,https://nad-lan.co.il/,0,1,0,75
פרויקט מומנט,https://nad-lan.co.il/premium/,0,1,0,97
פרויקט מומנט,https://nad-lan.co.il/site-map/,0,1,0,90
פרויקט מידטאון,https://nad-lan.co.il/projects/,0,1,0,67
פרויקט מעליא בני ברק,https://nad-lan.co.il/,0,1,0,78
פרויקט נדל ן,https://nad-lan.co.il/,0,1,0,66
פרויקט נדל ן,https://nad-lan.co.il/projects/,0,1,0,23
פרויקט נדל ן,https://nad-lan.co.il/projects/%D7%94%D7%A7%D7%A8%D7%9F/,0,1,0,99
פרויקט נדל ן,https://nad-lan.co.il/projects/%D7%99%D7%A4%D7%95/,0,1,0,74
פרויקט נדל ן,https://nad-lan.co.il/site-map/,0,1,0,89
פרויקט נדל ן תל אביב,https://nad-lan.co.il/projects/,0,1,0,37
"פרויקט נדל""ן",https://nad-lan.co.il/projects/,0,22,0,29
פרויקט נדלן,https://nad-lan.co.il/,0,1,0,86
פרויקט נדלן,https://nad-lan.co.il/projects/,0,23,0,28.391304347826086
פרויקט נדלן,https://nad-lan.co.il/projects/%D7%96%D7%95%D7%92%D7%95%D7%AA-%D7%A6%D7%A2%D7%99%D7%A8%D7%99%D7%9D/,0,1,0,37
פרויקט נדלן חדש,https://nad-lan.co.il/,0,1,0,88
פרויקט נדלן חדש,https://nad-lan.co.il/new-projects/new-projects-tel-aviv/,0,33,0,16.303030303030305
פרויקט נדלן חדש,https://nad-lan.co.il/projects/,0,19,0,26.68421052631579
פרויקט נדלן חדש,https://nad-lan.co.il/projects/%D7%94%D7%A7%D7%A8%D7%9F/,0,1,0,98
פרויקט נווה גן בני ברק,https://nad-lan.co.il/projects/,0,1,0,44
פרויקט נויה,https://nad-lan.co.il/projects/,0,1,0,52
פרויקט נויה יפו,https://nad-lan.co.il/projects/,0,1,0,41
פרויקט נולה רמת השרון,https://nad-lan.co.il/projects/,0,1,0,53
פרויקט נוף כנרת,https://nad-lan.co.il/projects/,0,1,0,59
פרויקט נחלים,https://nad-lan.co.il/projects/,0,1,0,48
פרויקט נחלים יפו,https://nad-lan.co.il/projects/,0,1,0,48
פרויקט נמיר,https://nad-lan.co.il/,0,1,0,58
פרויקט נס ציונה,https://nad-lan.co.il/projects/,0,2,0,59.5
פרויקט נקסט בת ים,https://nad-lan.co.il/projects/,0,1,0,44
פרויקט נתיב,https://nad-lan.co.il/projects/%D7%A0%D7%AA%D7%99%D7%91-%D7%97%D7%91%D7%A6%D7%9C%D7%AA/,0,1,0,55
פרויקט סנטרל פארק,https://nad-lan.co.il/projects/,0,1,0,75
פרויקט עולם אור יהודה,https://nad-lan.co.il/,0,1,0,68
פרויקט עולם אור יהודה,https://nad-lan.co.il/projects/,0,1,0,41
פרויקט עיר כנרת,https://nad-lan.co.il/projects/,0,2,0,50.5
פרויקט עלית,https://nad-lan.co.il/projects/,0,1,0,71
פרויקט פי גלילות,https://nad-lan.co.il/projects/,0,1,0,68
פרויקט פינוי בינוי,https://nad-lan.co.il/projects/,0,109,0,33.018348623853214
פרויקט פינוי בינוי,https://nad-lan.co.il/urban-renewal/map/,0,3,0,47.666666666666664
פרויקט פינוי בינוי יוקרה,https://nad-lan.co.il/projects/,0,10,0,36
פרויקט פירסט שדה דב,https://nad-lan.co.il/,0,2,0,72
פרויקט פירסט שדה דב,https://nad-lan.co.il/premium/,0,1,0,82
פרויקט פירסט שדה דב,https://nad-lan.co.il/sde-dov/,0,2,0,30
פרויקט פתח תקווה,https://nad-lan.co.il/projects/,0,1,0,40
פרויקט ציפור מדבר מעלה אדומים,https://nad-lan.co.il/projects/,0,1,0,51
פרויקט צריפין ראשון לציון,https://nad-lan.co.il/projects/,0,1,0,41
פרויקט קדימה צורן,https://nad-lan.co.il/projects/,0,2,0,59.5
פרויקט קדם,https://nad-lan.co.il/premium/,0,1,0,75
פרויקט קדם אבני חפץ,https://nad-lan.co.il/,0,1,0,69
פרויקט קדם אבני חפץ,https://nad-lan.co.il/premium/,0,2,0,82
פרויקט קרית מלאכי,https://nad-lan.co.il/projects/,0,2,0,95
פרויקט ראשון לציון,https://nad-lan.co.il/projects/,0,3,0,59.666666666666664
פרויקט רחובות,https://nad-lan.co.il/projects/,0,1,0,55
פרויקט ריינבו,https://nad-lan.co.il/projects/rainbow-tel-aviv/,0,20,0,14.8
פרויקט ריינבו מחיר,https://nad-lan.co.il/premium/,0,1,0,46
פרויקט ריינבו מחיר,https://nad-lan.co.il/projects/rainbow-tel-aviv/,0,2,0,16
פרויקט ריינבו שדה דב,https://nad-lan.co.il/,0,1,0,54
פרויקט ריינבו שדה דב,https://nad-lan.co.il/premium/,0,1,0,66
פרויקט ריינבו שדה דב,https://nad-lan.co.il/projects/rainbow-tel-aviv/,0,11,0,10
פרויקט ריינבו תל אביב,https://nad-lan.co.il/projects/rainbow-tel-aviv/,0,2,0,10.5
פרויקט שדה דב,https://nad-lan.co.il/premium/,0,2,0,86.5
פרויקט שדה דב,https://nad-lan.co.il/sde-dov-luxury-projects-2026/,0,1,0,79
פרויקט שדה דב,https://nad-lan.co.il/sde-dov/,0,16,0,41.0625
פרויקט שדה דב מחירים,https://nad-lan.co.il/,0,1,0,97
פרויקט שדה דב מחירים,https://nad-lan.co.il/projects/dimri-yama-sde-dov/,0,1,0,14
פרויקט שדה דב מחירים,https://nad-lan.co.il/projects/rainbow-tel-aviv/,0,1,0,11
פרויקט שדה דב מחירים,https://nad-lan.co.il/sde-dov/,0,1,0,70
פרויקט שדה דב מחירים,https://nad-lan.co.il/sde-dov/prices/,0,1,0,1
פרויקט שדה דב תל אביב,https://nad-lan.co.il/sde-dov-luxury-projects-2026/,0,2,0,89.5
פרויקט שדה דב תל אביב,https://nad-lan.co.il/sde-dov/,0,1,0,61
פרויקט שדה דב תל אביב,https://nad-lan.co.il/sde-dov/merkaz/,0,2,0,29.5
פרויקט שדות בני עייש,https://nad-lan.co.il/,0,1,0,78
פרויקט שדרות,https://nad-lan.co.il/projects/ashdar-einstein/,0,1,0,51
פרויקט שכונות מגורים,https://nad-lan.co.il/north-tel-aviv/,0,1,0,16
פרויקט שכונות מגורים,https://nad-lan.co.il/professionals/azorim/,0,1,0,85
פרויקט שכונות מגורים,https://nad-lan.co.il/projects/,0,11,0,39.72727272727273
פרויקט שמעון התרסי,https://nad-lan.co.il/projects/,0,2,0,68
פרויקט שער הים ראשון לציון,https://nad-lan.co.il/projects/,0,1,0,39
פרויקט שתיל רמת השרון,https://nad-lan.co.il/projects/,0,1,0,55
פרויקט תל אביב,https://nad-lan.co.il/projects/,0,8,0,26.75
פרויקט תל השומר,https://nad-lan.co.il/projects/,0,1,0,69
פרויקט תלפיות החדשה,https://nad-lan.co.il/projects/,0,1,0,83
פרויקט תמ א 38 תל אביב,https://nad-lan.co.il/urban-renewal/tama-38-tel-aviv/,0,1,0,38
פרויקטי בניה חדשים,https://nad-lan.co.il/projects/,0,52,0,29.384615384615383
פרויקטי בנייה,https://nad-lan.co.il/projects/,0,1,0,35
פרויקטי חדשים בלוד,https://nad-lan.co.il/projects/%D7%9C%D7%95%D7%93-%D7%93%D7%A8%D7%95%D7%9D/,0,1,0,59
פרויקטי יוקרה בתל אביב,https://nad-lan.co.il/luxury-tel-aviv/,0,14,0,68.71428571428571
פרויקטי יוקרה בתל אביב,https://nad-lan.co.il/projects/,0,8,0,42.5
פרויקטי יוקרה בתל אביב,https://nad-lan.co.il/projects/park-bavli/,0,1,0,17
פרויקטי מגורי יוקרה בתל אביב,https://nad-lan.co.il/luxury-tel-aviv/,0,1,0,50
פרויקטי נדל ן בצפון,https://nad-lan.co.il/projects/,0,5,0,37.8
פרויקטי פינוי בינוי בתל אביב,https://nad-lan.co.il/projects/,0,35,0,48.91428571428571
פרויקטי פינוי בינוי פרמיום,https://nad-lan.co.il/projects/,0,9,0,45.77777777777778
פרויקטים,https://nad-lan.co.il/,0,1,0,85
פרויקטים,https://nad-lan.co.il/premium/,0,1,0,88
פרויקטים,https://nad-lan.co.il/projects/,0,7,0,45.142857142857146
פרויקטים 20 80,https://nad-lan.co.il/projects/,0,2,0,49
פרויקטים אור יהודה,https://nad-lan.co.il/projects/,0,1,0,99
פרויקטים באור יהודה,https://nad-lan.co.il/projects/,0,1,0,93
פרויקטים באחיסמך,https://nad-lan.co.il/premium/,0,1,0,86
פרויקטים באלפי מנשה,https://nad-lan.co.il/projects/,0,1,0,57
פרויקטים באר יעקב,https://nad-lan.co.il/projects/,0,3,0,65.33333333333333
פרויקטים באשקלון,https://nad-lan.co.il/projects/,0,1,0,54
פרויקטים באשקלון מחירים,https://nad-lan.co.il/projects/,0,8,0,44.75
פרויקטים בבאר יעקב,https://nad-lan.co.il/projects/,0,10,0,67
פרויקטים בבאר שבע,https://nad-lan.co.il/projects/,0,38,0,36.89473684210526
פרויקטים בבני ברק,https://nad-lan.co.il/projects/,0,3,0,43.666666666666664
פרויקטים בבניה,https://nad-lan.co.il/projects/,0,32,0,37.625
פרויקטים בבנייה,https://nad-lan.co.il/projects/,0,21,0,37
פרויקטים בבנייה בתל אביב,https://nad-lan.co.il/projects/,0,5,0,23.2
פרויקטים בדובאי,https://nad-lan.co.il/global/dubai/,0,1,0,43
פרויקטים בדרום,https://nad-lan.co.il/projects/,0,1,0,32
פרויקטים בהוד השרון,https://nad-lan.co.il/projects/,0,3,0,58.333333333333336
פרויקטים בהרצליה,https://nad-lan.co.il/projects/,0,8,0,41.125
פרויקטים בהתחדשות עירונית,https://nad-lan.co.il/projects/,0,45,0,48.111111111111114
פרויקטים בהתחדשות עירונית,https://nad-lan.co.il/urban-renewal/map/,0,37,0,72.1891891891892
פרויקטים בחולון,https://nad-lan.co.il/projects/,0,1,0,23
פרויקטים ביד אליהו,https://nad-lan.co.il/tel-aviv-plans/yad-eliyahu/,0,2,0,60.5
פרויקטים ביהוד,https://nad-lan.co.il/projects/,0,8,0,48.5
פרויקטים ביהודה ושומרון,https://nad-lan.co.il/projects/,0,1,0,75
פרויקטים ביפו,https://nad-lan.co.il/projects/,0,1,0,28
פרויקטים בירושלים,https://nad-lan.co.il/projects/,0,3,0,36.333333333333336
פרויקטים בכפר סבא,https://nad-lan.co.il/projects/,0,1,0,61
פרויקטים במבשרת ציון,https://nad-lan.co.il/projects/,0,1,0,63
פרויקטים במרכז,https://nad-lan.co.il/projects/,0,1,0,37
פרויקטים בנייה,https://nad-lan.co.il/projects/,0,11,0,40.90909090909091
פרויקטים בנייה,https://nad-lan.co.il/projects/%D7%94%D7%A7%D7%A8%D7%9F/,0,1,0,96
פרויקטים בעכו,https://nad-lan.co.il/projects/%D7%94%D7%AA%D7%97%D7%A0%D7%94/,0,1,0,26
פרויקטים בפתח תקווה,https://nad-lan.co.il/projects/,0,1,0,30
פרויקטים בצור יצחק,https://nad-lan.co.il/projects/,0,1,0,46
פרויקטים בצור יצחק,https://nad-lan.co.il/projects/%D7%A6%D7%91%D7%99%D7%94-%D7%95%D7%99%D7%A6%D7%97%D7%A7/,0,1,0,73
פרויקטים בצפון,https://nad-lan.co.il/projects/,0,1,0,38
פרויקטים בצפון תל אביב,https://nad-lan.co.il/projects/,0,17,0,41.588235294117645
פרויקטים בצפון תל אביב,https://nad-lan.co.il/projects/einstein-tower/,0,1,0,5
פרויקטים בקפריסין,https://nad-lan.co.il/global/cyprus/,0,2,0,12
פרויקטים בקרית מלאכי,https://nad-lan.co.il/projects/,0,1,0,71
פרויקטים בקרית שמונה,https://nad-lan.co.il/projects/,0,1,0,72
פרויקטים בראשון לציון,https://nad-lan.co.il/projects/,0,6,0,42.166666666666664
פרויקטים ברמת אביב,https://nad-lan.co.il/projects/,0,2,0,32
פרויקטים ברמת אביב הירוקה,https://nad-lan.co.il/projects/,0,1,0,38
פרויקטים ברעננה,https://nad-lan.co.il/projects/,0,3,0,50
פרויקטים בשדה דב,https://nad-lan.co.il/premium/,0,9,0,84.33333333333333
פרויקטים בשדה דב,https://nad-lan.co.il/sde-dov/,0,16,0,39.3125
פרויקטים בשדה דב,https://nad-lan.co.il/sde-dov/merkaz/,0,1,0,31
פרויקטים בשדה דב,https://nad-lan.co.il/sde-dov/prices/,0,9,0,26.666666666666668
פרויקטים בשדה דוב,https://nad-lan.co.il/sde-dov/,0,2,0,38
פרויקטים בשדרות,https://nad-lan.co.il/projects/,0,15,0,49.733333333333334
פרויקטים בשיווק,https://nad-lan.co.il/projects/,0,13,0,49.53846153846154
פרויקטים בשיווק בשדרות,https://nad-lan.co.il/projects/,0,1,0,45
פרויקטים בשיווק בתל אביב,https://nad-lan.co.il/echo-city/,0,19,0,79.05263157894737
פרויקטים בשיווק למגורים,https://nad-lan.co.il/projects/,0,1,0,42
פרויקטים בשיווק תל אביב,https://nad-lan.co.il/projects/,0,9,0,49.55555555555556
פרויקטים בשכונת האירוס ראשון לציון,https://nad-lan.co.il/projects/,0,1,0,55
פרויקטים בת ים,https://nad-lan.co.il/projects/,0,19,0,48.31578947368421
פרויקטים בתכנון,https://nad-lan.co.il/projects/,0,8,0,29.625
פרויקטים בתל אביב,https://nad-lan.co.il/,0,1,0,85
פרויקטים בתל אביב,https://nad-lan.co.il/projects/,0,78,0,41.38461538461539
פרויקטים בתל אביב למכירה,https://nad-lan.co.il/projects/,0,10,0,34.2
פרויקטים גריזים תל אביב,https://nad-lan.co.il/projects/,0,1,0,51
פרויקטים התחדשות עירונית,https://nad-lan.co.il/urban-renewal/map/,0,1,0,60
פרויקטים חדשים,https://nad-lan.co.il/,0,24,0,79.16666666666667
פרויקטים חדשים,https://nad-lan.co.il/projects/,0,234,0,30.478632478632477
פרויקטים חדשים 3 חדרים,https://nad-lan.co.il/projects/,0,1,0,50
פרויקטים חדשים אבן יהודה,https://nad-lan.co.il/projects/,0,1,0,52
פרויקטים חדשים אבן יהודה,https://nad-lan.co.il/projects/%D7%94%D7%AA%D7%97%D7%93%D7%A9%D7%95%D7%AA-%D7%9E%D7%AA%D7%97%D7%9D-%D7%9E%D7%9B%D7%91%D7%99/,0,1,0,17
פרויקטים חדשים אכלוס מיידי תל אביב 2026,https://nad-lan.co.il/,0,2,0,83.5
פרויקטים חדשים אכלוס מיידי תל אביב 2026,https://nad-lan.co.il/new-projects/,0,1,0,9
פרויקטים חדשים אכלוס מיידי תל אביב 2026,https://nad-lan.co.il/new-projects/new-projects-tel-aviv/,0,28,0,13.5
פרויקטים חדשים אכלוס מיידי תל אביב 2026,https://nad-lan.co.il/projects/,0,10,0,64.5
פרויקטים חדשים באבן יהודה,https://nad-lan.co.il/projects/,0,16,0,50.75
פרויקטים חדשים באבן יהודה,https://nad-lan.co.il/projects/%D7%94%D7%AA%D7%97%D7%93%D7%A9%D7%95%D7%AA-%D7%9E%D7%AA%D7%97%D7%9D-%D7%9E%D7%9B%D7%91%D7%99/,0,1,0,20
פרויקטים חדשים באור יהודה,https://nad-lan.co.il/projects/,0,13,0,61.15384615384615
פרויקטים חדשים באזור,https://nad-lan.co.il/,0,13,0,72.92307692307692
פרויקטים חדשים באזור,https://nad-lan.co.il/projects/,0,31,0,33.16129032258065
פרויקטים חדשים באחיסמך,https://nad-lan.co.il/premium/,0,6,0,80.33333333333333
פרויקטים חדשים באחיסמך,https://nad-lan.co.il/projects/,0,18,0,33.333333333333336
פרויקטים חדשים באלפי מנשה,https://nad-lan.co.il/projects/,0,1,0,37
פרויקטים חדשים באר יעקב,https://nad-lan.co.il/projects/,0,8,0,47
פרויקטים חדשים באר שבע,https://nad-lan.co.il/projects/,0,21,0,30.142857142857142
פרויקטים חדשים באר שבע 2026,https://nad-lan.co.il/projects/,0,14,0,24.214285714285715
פרויקטים חדשים באשדוד,https://nad-lan.co.il/projects/,0,1,0,25
פרויקטים חדשים באשקלון,https://nad-lan.co.il/projects/,0,3,0,51.333333333333336
פרויקטים חדשים באשקלון מחירים,https://nad-lan.co.il/projects/,0,8,0,33.75
פרויקטים חדשים בבאר יעקב,https://nad-lan.co.il/projects/,0,18,0,49.666666666666664
פרויקטים חדשים בבאר שבע,https://nad-lan.co.il/projects/,0,54,0,26.555555555555557
פרויקטים חדשים בבית שאן,https://nad-lan.co.il/projects/,0,14,0,47.142857142857146
פרויקטים חדשים בבני ברק,https://nad-lan.co.il/projects/,0,28,0,43
פרויקטים חדשים בבני עייש,https://nad-lan.co.il/projects/,0,15,0,52.4
פרויקטים חדשים בבניה,https://nad-lan.co.il/,0,1,0,76
פרויקטים חדשים בבניה,https://nad-lan.co.il/projects/,0,18,0,34.72222222222222
פרויקטים חדשים בבנימינה,https://nad-lan.co.il/projects/,0,10,0,50.6
פרויקטים חדשים בבת ים,https://nad-lan.co.il/projects/aura-pivko-bat-yam/,0,1,0,8
פרויקטים חדשים בגבעת זאב,https://nad-lan.co.il/projects/,0,1,0,68
פרויקטים חדשים בגדרה,https://nad-lan.co.il/projects/,0,14,0,40.214285714285715
פרויקטים חדשים בגילה,https://nad-lan.co.il/projects/,0,17,0,38.35294117647059
פרויקטים חדשים בגליל ים,https://nad-lan.co.il/projects/,0,9,0,53.888888888888886
פרויקטים חדשים בגני תקווה,https://nad-lan.co.il/projects/,0,14,0,48.642857142857146
פרויקטים חדשים בדובאי,https://nad-lan.co.il/global/dubai/,0,1,0,49
פרויקטים חדשים בדרום,https://nad-lan.co.il/,0,21,0,89.14285714285714
פרויקטים חדשים בדרום,https://nad-lan.co.il/projects/,0,65,0,29.46153846153846
פרויקטים חדשים בדרום 2026,https://nad-lan.co.il/,0,2,0,88.5
פרויקטים חדשים בדרום 2026,https://nad-lan.co.il/projects/,0,16,0,29.875
פרויקטים חדשים בדרום תל אביב,https://nad-lan.co.il/projects/,0,1,0,50
פרויקטים חדשים בהדר,https://nad-lan.co.il/projects/,0,2,0,48
פרויקטים חדשים בהדר,https://nad-lan.co.il/projects/%D7%94%D7%93%D7%A8-6/,0,11,0,24.09090909090909
פרויקטים חדשים בהוד השרון,https://nad-lan.co.il/projects/,0,15,0,53.4
פרויקטים חדשים בהוד השרון מתחם 1200,https://nad-lan.co.il/projects/,0,3,0,32.33333333333333
פרויקטים חדשים בהר גילה,https://nad-lan.co.il/projects/,0,13,0,55.61538461538461
פרויקטים חדשים בהרצליה,https://nad-lan.co.il/projects/,0,16,0,36.5625
פרויקטים חדשים בזכרון יעקב,https://nad-lan.co.il/projects/,0,6,0,43.166666666666664
פרויקטים חדשים בחולון,https://nad-lan.co.il/projects/,0,5,0,48.4
פרויקטים חדשים בחיפה,https://nad-lan.co.il/projects/%D7%94%D7%9E%D7%9C%D7%9A-%D7%90%D7%9E%D7%A6%D7%99%D7%94/,0,1,0,15
פרויקטים חדשים בחצור הגלילית,https://nad-lan.co.il/projects/,0,13,0,42.07692307692308
פרויקטים חדשים בחשמונאים,https://nad-lan.co.il/projects/,0,11,0,36.27272727272727
פרויקטים חדשים בטבעון,https://nad-lan.co.il/projects/,0,12,0,48.166666666666664
פרויקטים חדשים ביהוד,https://nad-lan.co.il/projects/,0,27,0,44.666666666666664
פרויקטים חדשים ביפו,https://nad-lan.co.il/projects/,0,17,0,35.8235294117647
פרויקטים חדשים ביפו,https://nad-lan.co.il/projects/%D7%99%D7%A4%D7%95/,0,12,0,79.08333333333333
פרויקטים חדשים בירושלים,https://nad-lan.co.il/projects/,0,72,0,36.125
פרויקטים חדשים בישראל,https://nad-lan.co.il/,0,25,0,61.84
פרויקטים חדשים בישראל,https://nad-lan.co.il/projects/,0,46,0,24.847826086956523
פרויקטים חדשים בכפר סבא,https://nad-lan.co.il/projects/,0,13,0,67.07692307692308
פרויקטים חדשים בכפר תבור,https://nad-lan.co.il/projects/,0,7,0,38.857142857142854
פרויקטים חדשים במבצע,https://nad-lan.co.il/,0,1,0,33
פרויקטים חדשים במבצע,https://nad-lan.co.il/projects/,0,2,0,67
פרויקטים חדשים במבשרת ציון,https://nad-lan.co.il/projects/,0,13,0,53.07692307692308
פרויקטים חדשים במגדל,https://nad-lan.co.il/projects/,0,15,0,49.4
פרויקטים חדשים במוצא עילית,https://nad-lan.co.il/projects/,0,13,0,38.15384615384615
פרויקטים חדשים במכמורת,https://nad-lan.co.il/projects/,0,14,0,22.428571428571427
פרויקטים חדשים במעלה אדומים,https://nad-lan.co.il/projects/,0,6,0,77.83333333333333
פרויקטים חדשים במעלה אדומים 07,https://nad-lan.co.il/projects/,0,2,0,73
פרויקטים חדשים במעלות,https://nad-lan.co.il/projects/,0,22,0,35.09090909090909
פרויקטים חדשים במצליח,https://nad-lan.co.il/premium/,0,5,0,76.2
פרויקטים חדשים במצליח,https://nad-lan.co.il/projects/,0,23,0,24.782608695652176
פרויקטים חדשים במצפה רמון,https://nad-lan.co.il/premium/,0,1,0,89
פרויקטים חדשים במצפה רמון,https://nad-lan.co.il/projects/,0,15,0,52.333333333333336
פרויקטים חדשים במרכז,https://nad-lan.co.il/,0,1,0,79
פרויקטים חדשים במרכז,https://nad-lan.co.il/projects/,0,72,0,37.375
"פרויקטים חדשים במרכז 2026 נדל""ן",https://nad-lan.co.il/,0,5,0,68.6
"פרויקטים חדשים במרכז 2026 נדל""ן",https://nad-lan.co.il/new-projects/new-projects-tel-aviv/,0,1,0,11
"פרויקטים חדשים במרכז 2026 נדל""ן",https://nad-lan.co.il/projects/,0,24,0,26.708333333333332
פרויקטים חדשים במרכז הארץ,https://nad-lan.co.il/projects/,0,13,0,38.92307692307692
פרויקטים חדשים במרכז ישראל 2026,https://nad-lan.co.il/projects/,0,26,0,20.384615384615383
פרויקטים חדשים במרכז נדלן ישראל 2026 פרויקטים חדשים תל אביב רמת גן פתח תקווה,https://nad-lan.co.il/projects/,0,27,0,24.51851851851852
פרויקטים חדשים במרכז תל אביב,https://nad-lan.co.il/projects/,0,4,0,44
פרויקטים חדשים בנווה שאנן,https://nad-lan.co.il/projects/,0,9,0,45.888888888888886
פרויקטים חדשים בנווה שרת,https://nad-lan.co.il/projects/,0,7,0,52.42857142857143
פרויקטים חדשים בנס ציונה,https://nad-lan.co.il/projects/,0,3,0,78.33333333333333
פרויקטים חדשים בנס ציונה ארגמן,https://nad-lan.co.il/projects/,0,1,0,45
פרויקטים חדשים בנעלה,https://nad-lan.co.il/projects/,0,9,0,18.77777777777778
פרויקטים חדשים בנצרת,https://nad-lan.co.il/projects/,0,5,0,28
פרויקטים חדשים בנצרת עילית,https://nad-lan.co.il/projects/,0,4,0,22.75
פרויקטים חדשים בעיר ימים,https://nad-lan.co.il/projects/,0,1,0,67
פרויקטים חדשים בעכו,https://nad-lan.co.il/projects/%D7%94%D7%AA%D7%97%D7%A0%D7%94/,0,1,0,20
פרויקטים חדשים בערד,https://nad-lan.co.il/projects/,0,15,0,32
פרויקטים חדשים בפרדס חנה,https://nad-lan.co.il/projects/,0,7,0,44.714285714285715
פרויקטים חדשים בפרדס חנה כרכור,https://nad-lan.co.il/projects/,0,32,0,44
פרויקטים חדשים בפרדס כץ,https://nad-lan.co.il/projects/,0,19,0,39.89473684210526
פרויקטים חדשים בפרדסיה,https://nad-lan.co.il/projects/,0,19,0,35.89473684210526
פרויקטים חדשים בפתח תקווה,https://nad-lan.co.il/projects/,0,90,0,24.377777777777776
פרויקטים חדשים בפתח תקווה 2026,https://nad-lan.co.il/projects/,0,25,0,31.32
פרויקטים חדשים בפתח תקווה אם המושבות,https://nad-lan.co.il/projects/,0,1,0,58
פרויקטים חדשים בצופים,https://nad-lan.co.il/projects/,0,1,0,32
פרויקטים חדשים בצור הדסה,https://nad-lan.co.il/projects/,0,11,0,55.18181818181818
פרויקטים חדשים בצור יצחק,https://nad-lan.co.il/projects/,0,17,0,37.05882352941177
פרויקטים חדשים בצור יצחק,https://nad-lan.co.il/projects/%D7%A6%D7%91%D7%99%D7%94-%D7%95%D7%99%D7%A6%D7%97%D7%A7/,0,16,0,75.625
פרויקטים חדשים בצפון,https://nad-lan.co.il/projects/,0,10,0,47.8
פרויקטים חדשים בצפון 2026,https://nad-lan.co.il/projects/,0,21,0,34.80952380952381
פרויקטים חדשים בצפון הארץ,https://nad-lan.co.il/projects/,0,11,0,43.18181818181818
פרויקטים חדשים בצפון הישן תל אביב,https://nad-lan.co.il/projects/,0,55,0,34.018181818181816
פרויקטים חדשים בצפון תל אביב,https://nad-lan.co.il/projects/,0,51,0,38.568627450980394
פרויקטים חדשים בקדימה,https://nad-lan.co.il/projects/,0,12,0,43.083333333333336
פרויקטים חדשים בקדימה צורן,https://nad-lan.co.il/projects/,0,13,0,47.30769230769231
פרויקטים חדשים בקצרין,https://nad-lan.co.il/projects/,0,18,0,42.111111111111114
פרויקטים חדשים בקרית ארבע,https://nad-lan.co.il/projects/,0,31,0,33.03225806451613
פרויקטים חדשים בקרית ביאליק מקבלן,https://nad-lan.co.il/projects/,0,2,0,27
פרויקטים חדשים בקרית טבעון,https://nad-lan.co.il/projects/,0,10,0,50.7
פרויקטים חדשים בקרית מלאכי,https://nad-lan.co.il/projects/,0,10,0,64.7
פרויקטים חדשים בקרית מלאכי,https://nad-lan.co.il/projects/%D7%9E%D7%A2%D7%A8/,0,1,0,14
פרויקטים חדשים בקרית שמונה,https://nad-lan.co.il/projects/,0,17,0,46.64705882352941
פרויקטים חדשים בראשון לציון,https://nad-lan.co.il/projects/,0,81,0,36.50617283950617
פרויקטים חדשים בראשון לציון 3 חדרים,https://nad-lan.co.il/projects/,0,3,0,23.666666666666668
פרויקטים חדשים בראשון לציון ליד הים,https://nad-lan.co.il/projects/,0,11,0,38.09090909090909
פרויקטים חדשים בראשון לציון מערב,https://nad-lan.co.il/projects/,0,14,0,42.5
פרויקטים חדשים בראשון לציון נחלת יהודה,https://nad-lan.co.il/projects/,0,1,0,47
פרויקטים חדשים ברחובות,https://nad-lan.co.il/projects/,0,38,0,34.23684210526316
פרויקטים חדשים ברחובות מחירים,https://nad-lan.co.il/projects/,0,33,0,26.151515151515152
פרויקטים חדשים ברמות,https://nad-lan.co.il/projects/,0,12,0,45.583333333333336
פרויקטים חדשים ברמלה,https://nad-lan.co.il/projects/,0,14,0,47.92857142857143
פרויקטים חדשים ברמת אביב,https://nad-lan.co.il/projects/,0,25,0,32.64
פרויקטים חדשים ברמת אביב,https://nad-lan.co.il/projects/einstein-tower/,0,2,0,3
פרויקטים חדשים ברמת השרון,https://nad-lan.co.il/projects/,0,4,0,53.25
פרויקטים חדשים ברמת ישי,https://nad-lan.co.il/projects/,0,18,0,36.111111111111114
פרויקטים חדשים ברמת ישי,https://nad-lan.co.il/projects/%D7%94%D7%9E%D7%A2%D7%A4%D7%99%D7%9C%D7%99%D7%9D/,0,3,0,91.66666666666667
פרויקטים חדשים ברעננה,https://nad-lan.co.il/projects/,0,11,0,48.09090909090909
פרויקטים חדשים בשבי ציון,https://nad-lan.co.il/projects/,0,16,0,39.5625
פרויקטים חדשים בשדרות,https://nad-lan.co.il/projects/,0,21,0,59.80952380952381
פרויקטים חדשים בשדרות,https://nad-lan.co.il/projects/ashdar-einstein/,0,21,0,57.57142857142857
פרויקטים חדשים בשיווק,https://nad-lan.co.il/projects/,0,26,0,45.26923076923077
פרויקטים חדשים בשלומי,https://nad-lan.co.il/projects/,0,21,0,41.333333333333336
פרויקטים חדשים בשפלה,https://nad-lan.co.il/projects/,0,2,0,33.5
פרויקטים חדשים בשרון,https://nad-lan.co.il/projects/,0,35,0,42.22857142857143
פרויקטים חדשים בתים פרטיים,https://nad-lan.co.il/projects/,0,1,0,32
פרויקטים חדשים בתל אביב,https://nad-lan.co.il/projects/,0,151,0,35.28476821192053
פרויקטים חדשים בתל אביב,https://nad-lan.co.il/projects/ashdar-einstein/,0,1,0,12
פרויקטים חדשים בתל אביב ליד הים,https://nad-lan.co.il/projects/,0,54,0,38.72222222222222
פרויקטים חדשים בתל אביב מחירים,https://nad-lan.co.il/,0,9,0,53.55555555555556
פרויקטים חדשים בתל אביב מחירים,https://nad-lan.co.il/projects/,0,42,0,25.095238095238095
פרויקטים חדשים בתל אביב מחירים,https://nad-lan.co.il/projects/%D7%99%D7%A4%D7%95/,0,14,0,80.64285714285714
פרויקטים חדשים דירה מקבלן,https://nad-lan.co.il/new-projects/,0,1,0,17
פרויקטים חדשים דירה מקבלן,https://nad-lan.co.il/new-projects/new-projects-tel-aviv/,0,2,0,10
פרויקטים חדשים דירה מקבלן,https://nad-lan.co.il/projects/,0,2,0,12
פרויקטים חדשים הוד השרון,https://nad-lan.co.il/projects/,0,1,0,59
פרויקטים חדשים הרצליה,https://nad-lan.co.il/projects/,0,5,0,30.6
פרויקטים חדשים התחדשות עירונית,https://nad-lan.co.il/urban-renewal/map/,0,5,0,33.8
פרויקטים חדשים ירושלים,https://nad-lan.co.il/projects/,0,1,0,62
פרויקטים חדשים לחרדים,https://nad-lan.co.il/projects/,0,1,0,33
פרויקטים חדשים למגורים,https://nad-lan.co.il/,0,1,0,85
פרויקטים חדשים למגורים,https://nad-lan.co.il/new-projects/new-projects-tel-aviv/,0,71,0,14.943661971830986
פרויקטים חדשים למגורים,https://nad-lan.co.il/projects/,0,19,0,47.78947368421053
פרויקטים חדשים למכירה,https://nad-lan.co.il/projects/,0,2,0,33
פרויקטים חדשים מחירים,https://nad-lan.co.il/,0,1,0,29
פרויקטים חדשים מחירים,https://nad-lan.co.il/new-projects/new-projects-tel-aviv/,0,15,0,13.066666666666666
פרויקטים חדשים מחירים,https://nad-lan.co.il/projects/,0,62,0,23.693548387096776
פרויקטים חדשים מחירים,https://nad-lan.co.il/projects/%D7%94%D7%A2%D7%9C%D7%99%D7%99%D7%94-%D7%94%D7%A9%D7%A0%D7%99%D7%99%D7%94/,0,1,0,20
פרויקטים חדשים מחירים,https://nad-lan.co.il/projects/%D7%94%D7%A7%D7%A8%D7%9F/,0,1,0,97
פרויקטים חדשים נדלן,https://nad-lan.co.il/,0,3,0,58
פרויקטים חדשים נדלן,https://nad-lan.co.il/projects/,0,4,0,30
פרויקטים חדשים נדלן,https://nad-lan.co.il/projects/%D7%94%D7%A7%D7%A8%D7%9F/,0,1,0,95
פרויקטים חדשים נס ציונה,https://nad-lan.co.il/projects/,0,3,0,64
פרויקטים חדשים עד מיליון,https://nad-lan.co.il/projects/,0,1,0,35
פרויקטים חדשים על הנייר,https://nad-lan.co.il/,0,20,0,70.25
פרויקטים חדשים על הנייר,https://nad-lan.co.il/projects/,0,44,0,33.13636363636363
פרויקטים חדשים פתח תקווה,https://nad-lan.co.il/projects/,0,46,0,23.67391304347826
פרויקטים חדשים צור הדסה,https://nad-lan.co.il/projects/,0,1,0,44
פרויקטים חדשים ראשון לציון,https://nad-lan.co.il/projects/,0,3,0,49
פרויקטים חדשים תל אביב,https://nad-lan.co.il/projects/,0,95,0,32.757894736842104
פרויקטים חדשים תל אביב יפו,https://nad-lan.co.il/projects/,0,1,0,54
פרויקטים יוקרתיים בתל אביב,https://nad-lan.co.il/projects/,0,4,0,30.75
פרויקטים יזמות תל אביב,https://nad-lan.co.il/projects/,0,2,0,35
פרויקטים לאכלוס מיידי,https://nad-lan.co.il/,0,1,0,77
פרויקטים לאכלוס מיידי,https://nad-lan.co.il/projects/,0,1,0,44
פרויקטים לבניה,https://nad-lan.co.il/projects/,0,16,0,31.75
פרויקטים להשקעה,https://nad-lan.co.il/,0,7,0,63
פרויקטים להשקעה,https://nad-lan.co.il/investment/,0,4,0,89.25
פרויקטים להשקעה,https://nad-lan.co.il/projects/,0,27,0,29.51851851851852
פרויקטים להשקעה,https://nad-lan.co.il/site-map/,0,2,0,84.5
פרויקטים לזוגות צעירים,https://nad-lan.co.il/projects/%D7%96%D7%95%D7%92%D7%95%D7%AA-%D7%A6%D7%A2%D7%99%D7%A8%D7%99%D7%9D/,0,3,0,18.333333333333332
פרויקטים למגורים,https://nad-lan.co.il/projects/,0,38,0,38.21052631578947
פרויקטים למגורים,https://nad-lan.co.il/site-map/,0,1,0,94
פרויקטים למגורים בצפון,https://nad-lan.co.il/projects/,0,5,0,44.4
פרויקטים למכירה,https://nad-lan.co.il/,0,1,0,54
פרויקטים למכירה,https://nad-lan.co.il/projects/,0,1,0,32
פרויקטים מאוכלסים,https://nad-lan.co.il/projects/,0,2,0,45
פרויקטים נדלן,https://nad-lan.co.il/,0,1,0,87
פרויקטים נדלן,https://nad-lan.co.il/developers/,0,1,0,64
פרויקטים נדלן,https://nad-lan.co.il/projects/,0,1,0,28
פרויקטים נס ציונה,https://nad-lan.co.il/projects/,0,1,0,42
פרויקטים על הנייר,https://nad-lan.co.il/,0,15,0,83.33333333333333
פרויקטים על הנייר,https://nad-lan.co.il/premium/,0,1,0,81
פרויקטים על הנייר,https://nad-lan.co.il/projects/,0,21,0,34.666666666666664
פרויקטים על הנייר,https://nad-lan.co.il/projects/%D7%90%D7%95%D7%A8-%D7%92%D7%A0%D7%99%D7%9D/,0,1,0,92
פרויקטים עתידיים,https://nad-lan.co.il/projects/,0,2,0,26
פרויקטים עתידיים בראשון לציון,https://nad-lan.co.il/projects/,0,16,0,42.6875
פרויקטים עתידיים בתל אביב,https://nad-lan.co.il/projects/,0,38,0,44.473684210526315
פרויקטים עתידיים בתל אביב,https://nad-lan.co.il/projects/%D7%9E%D7%A2%D7%95%D7%96-%D7%90%D7%91%D7%99%D7%91-%D7%A6%D7%A4%D7%95%D7%9F-%D7%9E%D7%A8%D7%9B%D7%96/,0,1,0,3
פרויקטים פינוי בינוי,https://nad-lan.co.il/projects/,0,12,0,47.166666666666664
פרויקטים פינוי בינוי,https://nad-lan.co.il/urban-renewal/map/,0,27,0,52.148148148148145
פרויקטים פינוי בינוי בראשון לציון,https://nad-lan.co.il/projects/,0,2,0,71.5
פרויקטים פינוי בינוי ירושלים,https://nad-lan.co.il/projects/,0,4,0,50.5
פרויקטים שדה דב,https://nad-lan.co.il/sde-dov/,0,11,0,34.54545454545455
פרויקטים שדה דב,https://nad-lan.co.il/sde-dov/prices/,0,3,0,34.666666666666664
פרויקטים של התחדשות עירונית,https://nad-lan.co.il/urban-renewal/map/,0,1,0,57
פרויקטים של התחדשות עירונית בתל אביב,https://nad-lan.co.il/projects/,0,2,0,49.5
פרויקטים של פינוי בינוי,https://nad-lan.co.il/projects/,0,8,0,52.5
פרויקטים של פינוי בינוי,https://nad-lan.co.il/urban-renewal/map/,0,8,0,64.375
פרויקטים של פינוי בינוי בתל אביב,https://nad-lan.co.il/projects/,0,1,0,28
פרויקטים תל אביב,https://nad-lan.co.il/projects/,0,38,0,43.6578947368421
"פרויקטים תמ""א 38 בתל אביב",https://nad-lan.co.il/urban-renewal/tama-38-tel-aviv/,0,1,0,30
פרופדו מחירון דירות,https://nad-lan.co.il/property-value-estimator/,0,1,0,19
פרופיל ח,https://nad-lan.co.il/glossary/%D7%A4%D7%A8%D7%95%D7%A4%D7%99%D7%9C-%D7%A4%D7%97-%D7%9E%D7%92%D7%95%D7%9C%D7%95%D7%95%D7%9F/,0,1,0,38
פרופיל מגולוון,https://nad-lan.co.il/glossary/%D7%A4%D7%A8%D7%95%D7%A4%D7%99%D7%9C-%D7%A4%D7%97-%D7%9E%D7%92%D7%95%D7%9C%D7%95%D7%95%D7%9F/,0,18,0,18.555555555555557
פרופיל מלבני מגולוון,https://nad-lan.co.il/glossary/%D7%A4%D7%A8%D7%95%D7%A4%D7%99%D7%9C-%D7%A4%D7%97-%D7%9E%D7%92%D7%95%D7%9C%D7%95%D7%95%D7%9F/,0,1,0,32
פרופיל נכס,https://nad-lan.co.il/glossary/%D7%A4%D7%A8%D7%95%D7%A4%D7%99%D7%9C-%D7%A4%D7%97-%D7%9E%D7%92%D7%95%D7%9C%D7%95%D7%95%D7%9F/,0,1,0,88
פרופיל פח מגולוון,https://nad-lan.co.il/glossary/%D7%A4%D7%A8%D7%95%D7%A4%D7%99%D7%9C-%D7%A4%D7%97-%D7%9E%D7%92%D7%95%D7%9C%D7%95%D7%95%D7%9F/,0,6,0,8.666666666666668
פרוש נדלן,https://nad-lan.co.il/investment/,0,1,0,25
פרט רצפה צפה,https://nad-lan.co.il/guides/new-apartment-acoustics/,0,1,0,10
פרטים נוספים,https://nad-lan.co.il/projects/h-infinity-somail-tel-aviv/,0,1,0,6
פרי מגדים 2,https://nad-lan.co.il/premium/,0,1,0,72
פריסייל פתח תקווה,https://nad-lan.co.il/projects/,0,2,0,50.5
פריסייל תל אביב,https://nad-lan.co.il/projects/,0,1,0,53
פרסום בית פרטי בחינם,https://nad-lan.co.il/post-listing/,0,7,0,30.857142857142858
פרסום דירה,https://nad-lan.co.il/,0,1,0,47
פרסום דירה בחינם,https://nad-lan.co.il/post-listing/,0,8,0,32.5
פרסום דירה להשכרה בחינם,https://nad-lan.co.il/post-listing/,0,1,0,36
פרסום דירות למכירה,https://nad-lan.co.il/,0,1,0,42
פרסום דירות למכירה,https://nad-lan.co.il/properties/,0,2,0,54.5
פרסום מודעה במדלן,https://nad-lan.co.il/post-listing/,0,1,0,24
פרסום מודעה להשכרת דירה,https://nad-lan.co.il/post-listing/,0,1,0,50
"פרסום נדל""ן",https://nad-lan.co.il/advertise/,0,1,0,45
פרסום נדלן,https://nad-lan.co.il/post-listing/,0,2,0,49
פרסום נדלן בחול,https://nad-lan.co.il/ar/,0,1,0,82
פרסום נדלן בחול,https://nad-lan.co.il/global/,0,1,0,59
פרסום נדלן בחול,https://nad-lan.co.il/post-listing/,0,1,0,32
פרסום עסקאות נדלן,https://nad-lan.co.il/selling-apartment/,0,4,0,9.5
פרק יח קווים מנחים,https://nad-lan.co.il/glossary/,0,1,0,49
פרש נדלן,https://nad-lan.co.il/,0,1,0,39
פשוט נדלן,https://nad-lan.co.il/investment/,0,2,0,36.5
פתח תקווה פרויקטים חדשים,https://nad-lan.co.il/projects/,0,1,0,25
פתרונות בנייה מתועשת,https://nad-lan.co.il/glossary/%D7%98%D7%A4%D7%A1%D7%A0%D7%95%D7%AA-%D7%9E%D7%AA%D7%95%D7%A2%D7%A9%D7%AA/,0,1,0,28
צ לנדאו,https://nad-lan.co.il/professionals/,0,1,0,83
צג בנות 30 ראשון לציון,https://nad-lan.co.il/projects/,0,1,0,42
צדוק הכהן 4,https://nad-lan.co.il/projects/,0,1,0,36
צהל 17 פתח תקווה,https://nad-lan.co.il/,0,2,0,70.5
צהל 62 פתח תקווה,https://nad-lan.co.il/projects/,0,1,0,35
צהל 70 פתח תקווה,https://nad-lan.co.il/projects/,0,2,0,62.5
צו ארנונה רמת גן 2026,https://nad-lan.co.il/commercial-real-estate/ramat-gan-commercial-property-prices/,0,1,0,8
צופה ירושלים,https://nad-lan.co.il/projects/,0,1,0,63
צור יצחק פרויקטים חדשים,https://nad-lan.co.il/projects/,0,1,0,34
צורים הר ברכה,https://nad-lan.co.il/projects/,0,1,0,65
צחי לאור,https://nad-lan.co.il/professionals/%D7%9B%D7%97%D7%99%D7%9C%D7%94-%D7%A6%D7%97%D7%99/,0,1,0,79
ציון לילוז,https://nad-lan.co.il/projects/,0,1,0,37
צייטלין 9 תל אביב,https://nad-lan.co.il/projects/,0,1,0,36
צילומי אוויר לנדל ן,https://nad-lan.co.il/tours/,0,1,0,44
צירלסון 14 תל אביב,https://nad-lan.co.il/,0,1,0,45
צירלסון 22,https://nad-lan.co.il/projects/,0,1,0,44
צמר זכוכית,https://nad-lan.co.il/glossary/%D7%A6%D7%9E%D7%A8-%D7%96%D7%9B%D7%95%D7%9B%D7%99%D7%AA/,0,9,0,26.88888888888889
צמרות בראשית שדרות,https://nad-lan.co.il/projects/,0,1,0,65
צמרת העיר בני ברק,https://nad-lan.co.il/projects/,0,1,0,42
צפון חדש,https://nad-lan.co.il/projects/,0,1,0,68
צפי אכלוס,https://nad-lan.co.il/projects/ashira-sde-dov/,0,1,0,5
צפיה בנסח טאבו משרד המשפטים,https://nad-lan.co.il/tabu-extract-check/,0,1,0,45
צפייה בנסח טאבו,https://nad-lan.co.il/tabu-extract-check/,0,1,0,35
צפיפות זכוכית,https://nad-lan.co.il/glossary/%D7%A6%D7%9E%D7%A8-%D7%96%D7%9B%D7%95%D7%9B%D7%99%D7%AA/,0,5,0,25.6
צפיפות של זכוכית,https://nad-lan.co.il/glossary/%D7%A6%D7%9E%D7%A8-%D7%96%D7%9B%D7%95%D7%9B%D7%99%D7%AA/,0,3,0,28.333333333333332
צרפתי selected,https://nad-lan.co.il/projects/,0,1,0,38
צרפתי אזור,https://nad-lan.co.il/projects/,0,1,0,54
צרפתי ובניו אזור,https://nad-lan.co.il/projects/,0,1,0,61
צרפתי סלקטד,https://nad-lan.co.il/projects/,0,1,0,38
צרפתי צבי ובניו אזור,https://nad-lan.co.il/projects/,0,1,0,61
צשגךשמ,https://nad-lan.co.il/en/,0,3,0,35.666666666666664
קבוצת אפריקה ישראל,http://nad-lan.co.il/professionals/africa-israel-residential/,0,1,0,54
קבוצת דנקנר,https://nad-lan.co.il/,0,1,0,75
קבוצת דר,https://nad-lan.co.il/,0,1,0,71
קבוצת הלמן,https://nad-lan.co.il/professionals/%D7%94%D7%9C%D7%9E%D7%9F-%D7%99%D7%92%D7%90%D7%9C/,0,1,0,23
קבוצת יהודה לוי,https://nad-lan.co.il/projects/,0,2,0,69
קבוצת יהודה לוי נדלן,https://nad-lan.co.il/projects/,0,1,0,56
קבוצת נדלן,https://nad-lan.co.il/,0,1,0,99
קבלן בתל אביב,https://nad-lan.co.il/projects/,0,6,0,44.5
קבלן חשמל בתל אביב,https://nad-lan.co.il/professionals/%D7%A1%D7%9C%D7%A2-%D7%99%D7%A6%D7%97%D7%A7/,0,1,0,64
קבלן שבירו,https://nad-lan.co.il/professionals/%D7%A9%D7%91%D7%99%D7%A8%D7%95-%D7%A8%D7%9E%D7%99/,0,2,0,29.5
קדיש לוז פתח תקווה,https://nad-lan.co.il/premium/,0,1,0,83
קדם אבני חפץ,https://nad-lan.co.il/premium/,0,2,0,78.5
קדמא מרכז שפירא,https://nad-lan.co.il/premium/,0,1,0,37
קדמת בראשית בני ברק,https://nad-lan.co.il/projects/,0,2,0,45.5
קהילת ורשה 29,https://nad-lan.co.il/projects/,0,1,0,48
קהילת ורשה 78 תל אביב,https://nad-lan.co.il/projects/,0,1,0,53
קהילת קליבלנד,https://nad-lan.co.il/projects/,0,1,0,51
קהילת קליבלנד תל אביב,https://nad-lan.co.il/projects/,0,1,0,42
קהילת קנדה 34,https://nad-lan.co.il/projects/,0,2,0,67
קומבינציה נדלן,https://nad-lan.co.il/glossary/kombinatzia/,0,28,0,28.357142857142858
קומה ראשונה,https://nad-lan.co.il/property-value-estimator/,0,1,0,1
קונסטרוקטור,https://nad-lan.co.il/glossary/%D7%A7%D7%95%D7%A0%D7%A1%D7%98%D7%A8%D7%95%D7%A7%D7%98%D7%95%D7%A8/,0,45,0,57.37777777777778
קונסטרוקטור מה זה,https://nad-lan.co.il/glossary/%D7%A7%D7%95%D7%A0%D7%A1%D7%98%D7%A8%D7%95%D7%A7%D7%98%D7%95%D7%A8/,0,3,0,60
קונסטרוקטורים,https://nad-lan.co.il/glossary/%D7%A7%D7%95%D7%A0%D7%A1%D7%98%D7%A8%D7%95%D7%A7%D7%98%D7%95%D7%A8/,0,2,0,27
קוסובסקי 12 תל אביב,https://nad-lan.co.il/projects/,0,1,0,43
קוקאקי,https://nad-lan.co.il/global/greece/,0,1,0,92
קוקאקי,https://nad-lan.co.il/global/project/koukaki-athens-residence/,0,3,0,11
קוקאקי אתונה,https://nad-lan.co.il/global/project/koukaki-athens-residence/,0,5,0,11.6
קידוח cfa,https://nad-lan.co.il/glossary/%D7%A7%D7%99%D7%93%D7%95%D7%97-%D7%9B%D7%9C%D7%95%D7%A0%D7%A1%D7%90%D7%95%D7%AA-cfa/,0,42,0,43.19047619047619
קידוח בטון לתשתיות,https://nad-lan.co.il/glossary-category/structural-engineering/,0,1,0,15
קידוח בנטונייט,https://nad-lan.co.il/glossary/%D7%9B%D7%9C%D7%95%D7%A0%D7%A1%D7%90%D7%95%D7%AA-%D7%91%D7%A0%D7%98%D7%95%D7%A0%D7%99%D7%99%D7%98/,0,54,0,47.96296296296296
קידוח בנטונייט לפרויקט בנייה,https://nad-lan.co.il/glossary/%D7%9B%D7%9C%D7%95%D7%A0%D7%A1%D7%90%D7%95%D7%AA-%D7%91%D7%A0%D7%98%D7%95%D7%A0%D7%99%D7%99%D7%98/,0,11,0,20.545454545454547
קידוח כלונסאות,https://nad-lan.co.il/glossary/%D7%A7%D7%99%D7%93%D7%95%D7%97-%D7%9B%D7%9C%D7%95%D7%A0%D7%A1%D7%90%D7%95%D7%AA-cfa/,0,1,0,11
קידוח כלונסאות cfa​,https://nad-lan.co.il/glossary/%D7%A7%D7%99%D7%93%D7%95%D7%97-%D7%9B%D7%9C%D7%95%D7%A0%D7%A1%D7%90%D7%95%D7%AA-cfa/,0,9,0,26.555555555555557
קידוח כלונסאות בנטונייט,https://nad-lan.co.il/glossary/%D7%9B%D7%9C%D7%95%D7%A0%D7%A1%D7%90%D7%95%D7%AA-%D7%91%D7%A0%D7%98%D7%95%D7%A0%D7%99%D7%99%D7%98/,0,10,0,22.3
קידוח כלונסאות בנטונייט​,https://nad-lan.co.il/glossary/%D7%9B%D7%9C%D7%95%D7%A0%D7%A1%D7%90%D7%95%D7%AA-%D7%91%D7%A0%D7%98%D7%95%D7%A0%D7%99%D7%99%D7%98/,0,11,0,21
קידוחי cfa,https://nad-lan.co.il/glossary/%D7%A7%D7%99%D7%93%D7%95%D7%97-%D7%9B%D7%9C%D7%95%D7%A0%D7%A1%D7%90%D7%95%D7%AA-cfa/,0,10,0,40.8
קידום פרויקט פינוי בינוי,https://nad-lan.co.il/urban-renewal/pinui-binui/,0,2,0,75
קיימא טבריה,https://nad-lan.co.il/,0,1,0,67
קיימא טבריה,https://nad-lan.co.il/premium/,0,1,0,79
קירוי איילון,https://nad-lan.co.il/tel-aviv-plans/ayalon-roof/,0,2,0,10
קנדה ישראל פרוייקטים,https://nad-lan.co.il/projects/%D7%A7%D7%94%D7%99%D7%9C%D7%AA-%D7%A7%D7%A0%D7%93%D7%94-%D7%A9%D7%93%D7%A8%D7%95%D7%AA-%D7%99%D7%A8%D7%95%D7%A9%D7%9C%D7%99%D7%9D/,0,1,0,57
קנדה ישראל פרויקטים,https://nad-lan.co.il/projects/%D7%A7%D7%94%D7%99%D7%9C%D7%AA-%D7%A7%D7%A0%D7%93%D7%94-%D7%A9%D7%93%D7%A8%D7%95%D7%AA-%D7%99%D7%A8%D7%95%D7%A9%D7%9C%D7%99%D7%9D/,0,1,0,57
קנדה ישראל ריינבו,https://nad-lan.co.il/projects/rainbow-tel-aviv/,0,1,0,10
קנדה ישראל שדה דב,https://nad-lan.co.il/,0,1,0,83
קנדה ישראל שדה דב,https://nad-lan.co.il/premium/,0,1,0,97
קנדה ישראל שדה דב,https://nad-lan.co.il/projects/rainbow-tel-aviv/,0,4,0,11.25
קנדה ישראל שדה דב,https://nad-lan.co.il/sde-dov/,0,1,0,69
קניה,https://nad-lan.co.il/commercial-real-estate/parking-lot-for-sale-tel-aviv/,0,1,0,6
קניית בית בחול,https://nad-lan.co.il/investment/,0,1,0,80
קניית דירה,https://nad-lan.co.il/,0,1,0,87
קניית דירה,https://nad-lan.co.il/buying-apartment/,0,42,0,49.642857142857146
קניית דירה,https://nad-lan.co.il/investment/,0,15,0,77.53333333333333
קניית דירה בחול,https://nad-lan.co.il/investment/,0,1,0,80
קניית דירה ביפו,https://nad-lan.co.il/projects/%D7%99%D7%A4%D7%95/,0,2,0,41
קניית דירה בישראל,https://nad-lan.co.il/buying-apartment/,0,1,0,36
קניית דירה בישראל,https://nad-lan.co.il/investment/,0,1,0,91
קניית דירה בלונדון,https://nad-lan.co.il/global/london/,0,28,0,22.892857142857142
קניית דירה במילאנו,https://nad-lan.co.il/global/italy/,0,2,0,23
קניית דירה חדשה,https://nad-lan.co.il/buying-apartment/,0,1,0,57
קניית דירה להשקעה,https://nad-lan.co.il/investment/,0,3,0,46.666666666666664
קניית דירה להשקעה באנגליה,https://nad-lan.co.il/global/london/,0,8,0,1.5
קניית דירה על הנייר,https://nad-lan.co.il/buying-apartment/,0,29,0,86.20689655172414
קניית דירה ראשונה,https://nad-lan.co.il/buying-apartment/,0,14,0,55.57142857142857
קניית נכס,https://nad-lan.co.il/buying-apartment/,0,26,0,43.46153846153846
קניית נכס,https://nad-lan.co.il/investment/,0,18,0,68.88888888888889
קניית נכס בחול,https://nad-lan.co.il/investment/,0,5,0,72.6
קניית נכס להשקעה,https://nad-lan.co.il/investment/,0,1,0,89
קניית נכס להשקעה,https://nad-lan.co.il/investment/apartments-for-investment/,0,1,0,59
קפריסין להשקעה,https://nad-lan.co.il/global/cyprus/,0,2,0,11.5
קק ל 17 פתח תקווה,https://nad-lan.co.il/projects/%D7%A7%D7%A7%D7%9C/,0,1,0,49
קראו נדל ן,https://nad-lan.co.il/,0,1,0,51
קרית אונו,https://nad-lan.co.il/kiryat-ono-apartment-prices/,0,1,0,8
קרקע בשדה דב,https://nad-lan.co.il/sde-dov/,0,1,0,30
קרקע בשדה דב למכירה,https://nad-lan.co.il/sde-dov/,0,13,0,27.692307692307693
קרקע להשקעה ברמת השרון,https://nad-lan.co.il/investment/ramat-hasharon-investment-apartment/,0,1,0,17
קרקע שדה דב,https://nad-lan.co.il/sde-dov/,0,1,0,29
ראשון לציון פרויקטים חדשים,https://nad-lan.co.il/projects/,0,4,0,38.5
ראשי תיבות נדלן,https://nad-lan.co.il/glossary/,0,4,0,70.5
ראשי תיבות נדלן,https://nad-lan.co.il/investment/,0,1,0,60
ראשי תיבות של נדל ן,https://nad-lan.co.il/glossary/,0,1,0,62
ראשי תיבות של נדלן,https://nad-lan.co.il/glossary/,0,1,0,60
רואה חשבון קפריסאי,https://nad-lan.co.il/global/cyprus/,0,2,0,94
רוב נדרש לפינוי בינוי,https://nad-lan.co.il/urban-renewal/pinui-binui/,0,2,0,80
רובע איילון,https://nad-lan.co.il/projects/,0,1,0,56
רובע המייסדים,https://nad-lan.co.il/projects/,0,1,0,70
רובע המייסדים הוד השרון,https://nad-lan.co.il/projects/,0,1,0,56
רובע לב העיר,https://nad-lan.co.il/projects/,0,1,0,45
רובע קדם,https://nad-lan.co.il/,0,1,0,86
רובע קדם,https://nad-lan.co.il/projects/,0,1,0,62
רובע שדה דב,https://nad-lan.co.il/sde-dov/,0,32,0,12.0625
רוטשטיין הייטס,https://nad-lan.co.il/projects/,0,1,0,62
רוטשילד 17,https://nad-lan.co.il/projects/,0,1,0,63
רוטשילד 2,https://nad-lan.co.il/projects/%D7%9E%D7%92%D7%93%D7%9C-%D7%94%D7%99%D7%9D-%D7%A8%D7%95%D7%98%D7%A9%D7%99%D7%9C%D7%93-2/,0,2,0,14
רוטשילד 2 בת ים,https://nad-lan.co.il/projects/%D7%9E%D7%92%D7%93%D7%9C-%D7%94%D7%99%D7%9D-%D7%A8%D7%95%D7%98%D7%A9%D7%99%D7%9C%D7%93-2/,0,2,0,14.5
רוטשילד 37 בת ים,https://nad-lan.co.il/projects/%D7%9E%D7%92%D7%93%D7%9C-%D7%94%D7%99%D7%9D-%D7%A8%D7%95%D7%98%D7%A9%D7%99%D7%9C%D7%93-2/,0,1,0,17
רוממה 40,https://nad-lan.co.il/projects/,0,1,0,50
רוממה 40 תל אביב,https://nad-lan.co.il/projects/,0,1,0,70
רוני חממי,https://nad-lan.co.il/professionals/%D7%97%D7%9E%D7%9E%D7%99-%D7%A8%D7%95%D7%A0%D7%99/,0,2,0,9.5
רחובות פרויקטים חדשים,https://nad-lan.co.il/projects/,0,1,0,43
ריינבו,https://nad-lan.co.il/projects/rainbow-tel-aviv/,0,3,0,32.33333333333333
ריינבו ישראל,https://nad-lan.co.il/projects/rainbow-tel-aviv/,0,1,0,27
ריינבו קנדה ישראל,https://nad-lan.co.il/projects/rainbow-tel-aviv-en/,0,2,0,74
ריינבו קנדה ישראל,https://nad-lan.co.il/projects/rainbow-tel-aviv/,0,25,0,13
ריינבו קנדה ישראל מחיר,https://nad-lan.co.il/projects/rainbow-tel-aviv/,0,1,0,5
ריינבו תל אביב,https://nad-lan.co.il/projects/rainbow-tel-aviv/,0,12,0,10.916666666666666
ריינבו תל-אביב,https://nad-lan.co.il/projects/rainbow-tel-aviv/,0,25,0,17.4
רימוני תדהר רמת השרון,https://nad-lan.co.il/projects/,0,2,0,70.5
רישוי זמיו,https://nad-lan.co.il/glossary/%D7%A8%D7%99%D7%A9%D7%95%D7%99-%D7%96%D7%9E%D7%99%D7%9F/,0,1,0,32
רישוי זמין,https://nad-lan.co.il/glossary/%D7%A8%D7%99%D7%A9%D7%95%D7%99-%D7%96%D7%9E%D7%99%D7%9F/,0,22,0,32.5
רישוי זמין ארצי,https://nad-lan.co.il/glossary/%D7%A8%D7%99%D7%A9%D7%95%D7%99-%D7%96%D7%9E%D7%99%D7%9F/,0,1,0,39
רישוי זמין עורכי בקשה,https://nad-lan.co.il/glossary/%D7%A8%D7%99%D7%A9%D7%95%D7%99-%D7%96%D7%9E%D7%99%D7%9F/,0,1,0,42
רישוי עמדות טעינה בחניון תת קרקעי,https://nad-lan.co.il/guides/new-project-ev-charging/,0,1,0,15
רישום בטאבו בדיקה,https://nad-lan.co.il/tabu-extract-check/,0,2,0,41
"רישיון עסק למרלו""ג",https://nad-lan.co.il/commercial-real-estate/logistics-warehouse-for-rent-airport-city/,0,1,0,6
רכישת בית,https://nad-lan.co.il/buying-apartment/,0,2,0,50
רכישת דירה בקבוצת רכישה,https://nad-lan.co.il/glossary/kvutzat-rechisha/,0,3,0,80.33333333333333
רכישת דירה להשקעה,https://nad-lan.co.il/investment/,0,1,0,40
רכישת דירה על הנייר,https://nad-lan.co.il/buying-apartment/,0,1,0,84
רכישת נדלן,https://nad-lan.co.il/buying-apartment/,0,1,0,54
רכישת נדלן,https://nad-lan.co.il/investment/,0,1,0,87
רכישת נדלן ביוון,https://nad-lan.co.il/global/greece/,0,1,0,48
רכישת נדלן חכמה,https://nad-lan.co.il/investment/,0,4,0,35.25
רכישת נכס,https://nad-lan.co.il/investment/,0,1,0,26
רכישת נכס בחול,https://nad-lan.co.il/investment/,0,3,0,80.33333333333333
רכישת נכס מסחרי,https://nad-lan.co.il/investment/,0,8,0,54.875
רמות בעיר,https://nad-lan.co.il/projects/,0,1,0,39
רמות בעיר רמת השרון,https://nad-lan.co.il/projects/,0,1,0,66
רמז 36 תל אביב,https://nad-lan.co.il/,0,1,0,60
רמז 44,https://nad-lan.co.il/,0,1,0,67
רמז 44,https://nad-lan.co.il/projects/,0,1,0,39
רמזי קאסם,https://nad-lan.co.il/professionals/%D7%A7%D7%90%D7%A1%D7%9D-%D7%92%D7%A1%D7%90%D7%9F/,0,1,0,41
רמי שבירו,https://nad-lan.co.il/professionals/%D7%A9%D7%91%D7%99%D7%A8%D7%95-%D7%A8%D7%9E%D7%99/,0,4,0,47.5
רמת אביב,https://nad-lan.co.il/tel-aviv-apartment-prices/,0,1,0,15
רמת אפעל החדשה,https://nad-lan.co.il/ramat-gan-apartment-prices/,0,1,0,3
רמת גן,https://nad-lan.co.il/ramat-gan-apartment-prices/,0,1,0,9
רמת חן החדשה,https://nad-lan.co.il/projects/,0,1,0,61
רמת לחי בית שמש,https://nad-lan.co.il/projects/%D7%A8%D7%9E%D7%AA-%D7%9C%D7%97%D7%99/,0,1,0,42
רן נחמני,https://nad-lan.co.il/professionals/%D7%A0%D7%97%D7%9E%D7%A0%D7%99-%D7%A9%D7%9C%D7%9E%D7%94/,0,1,0,22
רשימת מבנים מסוכנים ראשון לציון,https://nad-lan.co.il/urban-renewal/map/,0,1,0,56
רשימת פרויקטים למכירה,https://nad-lan.co.il/projects/,0,8,0,18.125
שבירו הנהלה,https://nad-lan.co.il/professionals/%D7%A9%D7%91%D7%99%D7%A8%D7%95-%D7%A8%D7%9E%D7%99/,0,1,0,38
שבירו נדלן,https://nad-lan.co.il/professionals/%D7%A9%D7%91%D7%99%D7%A8%D7%95-%D7%A8%D7%9E%D7%99/,0,2,0,26
שבירו רמי,https://nad-lan.co.il/professionals/%D7%A9%D7%91%D7%99%D7%A8%D7%95-%D7%A8%D7%9E%D7%99/,0,1,0,30
שבירו שדה דב,https://nad-lan.co.il/projects/dimri-yama-sde-dov/,0,1,0,34
שדה גב,https://nad-lan.co.il/sde-dov/,0,1,0,11
שדה דב,https://nad-lan.co.il/projects/ashira-sde-dov-en/,0,1,0,19
שדה דב,https://nad-lan.co.il/sde-dov-luxury-projects-2026/,0,1,0,12
שדה דב,https://nad-lan.co.il/sde-dov/,0,115,0,18.078260869565216
שדה דב דירות,https://nad-lan.co.il/,0,12,0,57.75
שדה דב דירות,https://nad-lan.co.il/sde-dov/,0,17,0,46.294117647058826
שדה דב דירות,https://nad-lan.co.il/sde-dov/merkaz/,0,1,0,31
שדה דב דירות,https://nad-lan.co.il/sde-dov/prices/,0,8,0,18.25
שדה דב דירות למכירה,https://nad-lan.co.il/sde-dov/prices/,0,1,0,23
שדה דב למכירה,https://nad-lan.co.il/,0,8,0,51.25
שדה דב למכירה,https://nad-lan.co.il/sde-dov/,0,29,0,38.827586206896555
שדה דב למכירה,https://nad-lan.co.il/sde-dov/prices/,0,14,0,18.285714285714285
שדה דב מפה,https://nad-lan.co.il/sde-dov/,0,10,0,9.6
שדה דב נדלן,https://nad-lan.co.il/sde-dov/,0,1,0,54
שדה דב נדלן,https://nad-lan.co.il/sde-dov/prices/,0,1,0,27
שדה דב פרויקט,https://nad-lan.co.il/sde-dov/,0,1,0,32
שדה דב פרויקטים,https://nad-lan.co.il/premium/,0,4,0,82
שדה דב פרויקטים,https://nad-lan.co.il/sde-dov-luxury-projects-2026/,0,10,0,85.4
שדה דב פרויקטים,https://nad-lan.co.il/sde-dov/,0,19,0,42
שדה דב פרויקטים,https://nad-lan.co.il/sde-dov/merkaz/,0,1,0,29
שדה דב פרויקטים,https://nad-lan.co.il/sde-dov/prices/,0,6,0,31.833333333333332
שדה דב תל אביב,https://nad-lan.co.il/sde-dov-luxury-projects-2026/,0,4,0,64.5
שדה דב תל אביב,https://nad-lan.co.il/sde-dov/,0,29,0,27.655172413793103
שדה דב תל אביב,https://nad-lan.co.il/sde-dov/merkaz/,0,1,0,31
שדה דוב,https://nad-lan.co.il/sde-dov/,0,11,0,19.727272727272727
שדה נדלן,https://nad-lan.co.il/,0,1,0,66
שדה קוזיה,https://nad-lan.co.il/,0,2,0,34.5
שדרות הצבי,https://nad-lan.co.il/projects/,0,1,0,38
שדרות השושנים,https://nad-lan.co.il/projects/,0,1,0,44
שווי,https://nad-lan.co.il/property-value-estimator/,0,1,0,4
שווי דירה,https://nad-lan.co.il/investment/,0,3,0,84.66666666666667
שווי דירה,https://nad-lan.co.il/property-value-estimator/,0,9,0,20.77777777777778
שווי דירה יד 2,https://nad-lan.co.il/property-value-estimator/,0,1,0,6
שווי דירה מדלן,https://nad-lan.co.il/property-value-estimator/,0,1,0,29
שווי דירה מחשבון,https://nad-lan.co.il/property-value-estimator/,0,1,0,20
שווי הדירה שלי,https://nad-lan.co.il/property-value-estimator/,0,1,0,25
שווי הנכס,https://nad-lan.co.il/investment/,0,1,0,78
שווי הנכס,https://nad-lan.co.il/property-value-estimator/,0,1,0,26
שווי ערך דירה,https://nad-lan.co.il/property-value-estimator/,0,1,0,19
שווי רכוש,https://nad-lan.co.il/property-value-estimator/,0,7,0,28.428571428571427
שווק נדלן,https://nad-lan.co.il/,0,9,0,75.44444444444444
שווק נדלן,https://nad-lan.co.il/investment/,0,4,0,68.5
שומה מכרעת,https://nad-lan.co.il/glossary/%D7%A9%D7%9E%D7%90%D7%99-%D7%9E%D7%9B%D7%A8%D7%99%D7%A2/,0,2,0,58
שוסטר רעננה,https://nad-lan.co.il/projects/,0,1,0,54
שוק הנדלן,https://nad-lan.co.il/investment/,0,1,0,29
שוק נדלן,https://nad-lan.co.il/investment/,0,1,0,30
שחר מאיר,https://nad-lan.co.il/professionals/%D7%A9%D7%97%D7%A8-%D7%9E%D7%90%D7%99%D7%A8/,0,1,0,24
שחר סלבין,https://nad-lan.co.il/professionals/%D7%A1%D7%9C%D7%91%D7%99%D7%9F-%D7%A9%D7%97%D7%A8/,0,5,0,6.8
שטריקר 13,https://nad-lan.co.il/projects/stricker-13-brandeis-14/,0,8,0,9.125
שי עגנון 1,https://nad-lan.co.il/projects/%D7%A9%D7%99-%D7%A2%D7%92%D7%A0%D7%95%D7%9F/,0,1,0,32
שיווין תמורות תמא 38,https://nad-lan.co.il/urban-renewal/,0,1,0,15
שיווק דירות,https://nad-lan.co.il/,0,9,0,87.11111111111111
שיווק דירות,https://nad-lan.co.il/site-map/,0,1,0,99
שיווק דירות נווה אביבים,https://nad-lan.co.il/,0,5,0,43
שיווק דירות רמת אביב,https://nad-lan.co.il/,0,9,0,47.44444444444444
שיווק דירות רמת אביב הירוקה,https://nad-lan.co.il/,0,2,0,45.5
שיווק מגורים,https://nad-lan.co.il/,0,6,0,85.66666666666667
שיווק נדל ן,https://nad-lan.co.il/,0,3,0,96.33333333333333
"שיווק נדל""ן",https://nad-lan.co.il/,0,3,0,96.33333333333333
שיווק נדל״ן,https://nad-lan.co.il/,0,5,0,94.8
שיווק פרויקטים בתל אביב,https://nad-lan.co.il/echo-city/,0,1,0,100
שיווק פרויקטים חדשים,https://nad-lan.co.il/projects/,0,1,0,87
שיווק קומות מסחריות,https://nad-lan.co.il/commercial-real-estate/ramat-gan-commercial-property-prices/,0,2,0,33
שיטת dcf,https://nad-lan.co.il/glossary/dcf/,0,5,0,36.4
שיטת בנטונייט,https://nad-lan.co.il/glossary/%D7%9B%D7%9C%D7%95%D7%A0%D7%A1%D7%90%D7%95%D7%AA-%D7%91%D7%A0%D7%98%D7%95%D7%A0%D7%99%D7%99%D7%98/,0,12,0,30
שיטת ברנוביץ,https://nad-lan.co.il/glossary/%D7%A9%D7%99%D7%98%D7%AA-%D7%91%D7%A8%D7%A0%D7%95%D7%91%D7%99%D7%A5/,0,1,0,27
שיטת ברנוביץ בידוד,https://nad-lan.co.il/glossary-category/construction-materials/,0,1,0,38
שיטת ברנוביץ בידוד,https://nad-lan.co.il/glossary/%D7%96%D7%9B%D7%95%D7%9B%D7%99%D7%AA-%D7%91%D7%99%D7%93%D7%95%D7%93%D7%99%D7%AA/,0,1,0,26
שיטת ברנוביץ בידוד,https://nad-lan.co.il/glossary/%D7%A6%D7%9E%D7%A8-%D7%A1%D7%9C%D7%A2%D7%99%D7%9D/,0,1,0,21
שיטת ברנוביץ בידוד,https://nad-lan.co.il/glossary/%D7%A9%D7%99%D7%98%D7%AA-%D7%91%D7%A8%D7%A0%D7%95%D7%91%D7%99%D7%A5/,0,12,0,16.833333333333336
שיכון ובינוי שדה דב,https://nad-lan.co.il/sde-dov/,0,1,0,31
שיכון ל,https://nad-lan.co.il/premium/,0,1,0,73
שילה 18 רמת גן,https://nad-lan.co.il/projects/,0,1,0,31
שימוש חורג במושבים,https://nad-lan.co.il/glossary/%D7%A9%D7%99%D7%9E%D7%95%D7%A9-%D7%97%D7%95%D7%A8%D7%92/,0,17,0,74.58823529411765
שיעור היוון,https://nad-lan.co.il/glossary/%D7%A0%D7%95%D7%A1%D7%97%D7%AA-%D7%A9%D7%95%D7%95%D7%99-%D7%9C%D7%A4%D7%99-%D7%94%D7%99%D7%95%D7%95%D7%9F-%D7%99%D7%A9%D7%99%D7%A8/,0,4,0,44.25
שיעור היוון,https://nad-lan.co.il/glossary/%D7%A0%D7%95%D7%A1%D7%97%D7%AA-%D7%A9%D7%99%D7%A2%D7%95%D7%A8-%D7%94%D7%99%D7%95%D7%95%D7%9F/,0,8,0,24
שיפור יציבה ברמת השרון,https://nad-lan.co.il/investment/ramat-hasharon-investment-apartment/,0,1,0,11
"שירותי חשבונאות נדל""ן",https://nad-lan.co.il/investment/,0,2,0,47
שירותי ייעוץ מלונאיים,http://nad-lan.co.il/sde-dov/hotels/,0,2,0,28.5
שיש לעיגון מכני,https://nad-lan.co.il/glossary/%D7%A2%D7%95%D7%92%D7%9F-%D7%9B%D7%99%D7%9E%D7%99/,0,3,0,57
שכונה חדשה,https://nad-lan.co.il/projects/,0,1,0,27
שכונה חדשה בראשון לציון,https://nad-lan.co.il/projects/,0,1,0,43
שכונה חדשה בתל אביב,https://nad-lan.co.il/projects/,0,11,0,28.818181818181817
שכונה חדשה בתל אביב,https://nad-lan.co.il/projects/einstein-tower/,0,1,0,30
שכונה ל תל אביב,https://nad-lan.co.il/tel-aviv-plans/public-buildings/,0,2,0,60
שכונות התחדשות עירונית פתח תקווה,https://nad-lan.co.il/urban-renewal/map/,0,6,0,48
שכונות חדשות בבת ים,https://nad-lan.co.il/bat-yam-apartment-prices/,0,8,0,12.5
שכונות חדשות בחולון,https://nad-lan.co.il/investment/holon-investment-apartment/,0,15,0,18.8
שכונות חדשות בתל אביב,https://nad-lan.co.il/projects/,0,24,0,27.666666666666668
שכונות מגורים ומרכזי מסחר,https://nad-lan.co.il/investment-apartment/tel-aviv-investment-neighborhoods/,0,9,0,17.88888888888889
שכונת ai,https://nad-lan.co.il/projects/,0,1,0,59
שכונת הגפן הרצליה,https://nad-lan.co.il/projects/,0,1,0,68
שכונת המשוררים לוד,https://nad-lan.co.il/site-map/,0,2,0,78
שכונת הרמה קצרין,https://nad-lan.co.il/projects/,0,1,0,62
שכונת כפיר,https://nad-lan.co.il/tel-aviv-plans/kfir-renewal/,0,1,0,26
שכונת כפיר תל אביב,https://nad-lan.co.il/tel-aviv-plans/kfir-renewal/,0,1,0,26
שכונת ל תל אביב,https://nad-lan.co.il/,0,1,0,70
שכונת ל תל אביב,https://nad-lan.co.il/premium/,0,1,0,83
שכונת ל תל אביב,https://nad-lan.co.il/tel-aviv-plans/public-buildings/,0,1,0,56
שכונת מחנה יהודה,https://nad-lan.co.il/petah-tikva-apartment-prices/,0,1,0,4
שכונת נווה חן,https://nad-lan.co.il/tel-aviv-plans/southeast-renewal/,0,1,0,27
שכונת ניר אביב,https://nad-lan.co.il/tel-aviv-plans/southeast-renewal/,0,1,0,25
שכונת קוקאקי,https://nad-lan.co.il/global/project/koukaki-athens-residence/,0,1,0,15
שכונת שדה דב,https://nad-lan.co.il/sde-dov/,0,2,0,20.5
שכונת שדות,https://nad-lan.co.il/,0,1,0,83
שכונת שדות,https://nad-lan.co.il/projects/,0,1,0,66
שכירות,https://nad-lan.co.il/bat-yam-apartment-prices/,0,1,0,4
שכירות,https://nad-lan.co.il/jerusalem-apartment-prices/,0,1,0,11
שכר טרחת מתווך דירות,https://nad-lan.co.il/commercial-real-estate/commercial-real-estate-brokerage-fee/,0,1,0,27
של איזו חברה,https://nad-lan.co.il/projects/rainbow-tel-aviv/,0,1,0,3
שלאב,https://nad-lan.co.il/professionals/%D7%99%D7%90%D7%99%D7%A8-%D7%A9%D7%9C%D7%90%D7%91/,0,18,0,6.277777777777778
שלבי פינוי בינוי,https://nad-lan.co.il/urban-renewal/pinui-binui/,0,8,0,73.5
שלבים בפינוי בינוי,https://nad-lan.co.il/urban-renewal/pinui-binui/,0,6,0,5.666666666666667
שלבים למכירת בית פרטי,https://nad-lan.co.il/selling-apartment/,0,1,0,21
שלם 12 רמת גן,https://nad-lan.co.il/projects/%D7%A9%D7%9C%D7%9D-%D7%91/,0,2,0,45.5
שמאות דירה,https://nad-lan.co.il/property-value-estimator/,0,2,0,20
שמאות לדירה יד שניה,https://nad-lan.co.il/property-value-estimator/,0,10,0,31.6
שמאות מוקדמת מחיר,https://nad-lan.co.il/property-value-estimator/,0,1,0,45
שמאי בעלי דירות,https://nad-lan.co.il/glossary/shamai-pinui-binui/,0,1,0,41
שמאי דיירים,https://nad-lan.co.il/glossary/shamai-pinui-binui/,0,12,0,46.416666666666664
שמאי דיירים פינוי בינוי,https://nad-lan.co.il/glossary/shamai-pinui-binui/,0,1,0,45
שמאי דירה מחיר,https://nad-lan.co.il/property-value-estimator/,0,1,0,29
שמאי דירות מחיר,https://nad-lan.co.il/property-value-estimator/,0,1,0,36
שמאי לדירה מחיר,https://nad-lan.co.il/property-value-estimator/,0,1,0,32
שמאי להערכת שווי דירה,https://nad-lan.co.il/property-value-estimator/,0,2,0,30.5
שמאי לפינוי בינוי,https://nad-lan.co.il/glossary/shamai-pinui-binui/,0,14,0,38.57142857142857
שמאי מכריע,https://nad-lan.co.il/glossary/%D7%A9%D7%9E%D7%90%D7%99-%D7%9E%D7%9B%D7%A8%D7%99%D7%A2/,0,31,0,58.483870967741936
שמאי פינוי בינוי,https://nad-lan.co.il/glossary/shamai-pinui-binui/,0,43,0,30.13953488372093
שמאי פינוי-בינוי,https://nad-lan.co.il/glossary/shamai-pinui-binui/,0,13,0,33
שמשיה לגינה מרכזית מול צדית מה עדיף ולמה?,https://nad-lan.co.il/sde-dov/parks/,0,1,0,6
שערי גלילה למחסן,https://nad-lan.co.il/commercial-real-estate/logistics-warehouse-for-rent-gush-dan/,0,2,0,27
שפרינצק 11,https://nad-lan.co.il/projects/,0,1,0,46
שצן,https://nad-lan.co.il/professionals/%D7%A9%D7%A6%D7%9F-%D7%A8%D7%95%D7%91%D7%A8%D7%98/,0,1,0,18
"ת""י 3",https://nad-lan.co.il/glossary/%D7%AA%D7%99-466/,0,1,0,58
"ת""י 466",https://nad-lan.co.il/glossary/%D7%AA%D7%99-118/,0,3,0,73
תאופיק דראושה,https://nad-lan.co.il/professionals/%D7%93%D7%A8%D7%90%D7%95%D7%A9%D7%94-%D7%9E%D7%A9%D7%94%D7%95%D7%A8/,0,1,0,28
תביעות קנייניות במקרקעין,https://nad-lan.co.il/glossary/statute-of-limitations-property/,0,2,0,18.5
תבניות ברנוביץ,https://nad-lan.co.il/glossary/%D7%A9%D7%99%D7%98%D7%AA-%D7%91%D7%A8%D7%A0%D7%95%D7%91%D7%99%D7%A5/,0,3,0,46.333333333333336
תדהר בין השדרות מדלן,https://nad-lan.co.il/premium/,0,1,0,40
תדהר בין השדרות מחיר,https://nad-lan.co.il/,0,1,0,56
תדהר בין השדרות מחיר,https://nad-lan.co.il/premium/,0,1,0,72
תדהר בין השדרות מחיר,https://nad-lan.co.il/projects/%D7%9E%D7%A2%D7%A8/,0,1,0,70
תדהר בין השדרות מחיר,https://nad-lan.co.il/sde-dov/prices/,0,2,0,20.5
תדהר הסוללים,https://nad-lan.co.il/,0,1,0,89
תדהר הסוללים,https://nad-lan.co.il/projects/,0,1,0,57
תדהר שדרות,https://nad-lan.co.il/projects/,0,1,0,54
תדהר שדרות,https://nad-lan.co.il/projects/%D7%94%D7%A1%D7%AA%D7%93%D7%A8%D7%95%D7%AA/,0,1,0,79
תהליך מכירת דירה,https://nad-lan.co.il/selling-apartment/,0,21,0,70.9047619047619
תהליך פינוי בינוי,https://nad-lan.co.il/urban-renewal/pinui-binui/,0,14,0,80.28571428571429
תוואי הקו הירוק,https://nad-lan.co.il/sde-dov/transport/,0,1,0,4
תוכנה דקל,https://nad-lan.co.il/glossary/%D7%93%D7%A7%D7%9C-%D7%AA%D7%95%D7%9B%D7%A0%D7%94/,0,5,0,9
תוכנה להכנת כתב כמויות,https://nad-lan.co.il/glossary/%D7%9B%D7%AA%D7%91-%D7%9B%D7%9E%D7%95%D7%99%D7%95%D7%AA/,0,9,0,12
תוכנה להשכרת שטחים מסחריים,https://nad-lan.co.il/commercial-real-estate/commercial-property-management-fees/,0,4,0,50.5
תוכנה לניהול חשבונות חלקיים,https://nad-lan.co.il/glossary-category/methods-software/,0,4,0,51.75
תוכנה לניהול חשבונות חלקיים,https://nad-lan.co.il/glossary/%D7%93%D7%A7%D7%9C-%D7%AA%D7%95%D7%9B%D7%A0%D7%94/,0,7,0,9.428571428571429
תוכנה לתכנון קונסטרוקציה,https://nad-lan.co.il/glossary/%D7%A4%D7%A8%D7%99%D7%9E%D7%91%D7%A8%D7%94-p6/,0,1,0,75
תוכניות פינוי בינוי,https://nad-lan.co.il/projects/,0,2,0,48.5
תוכנית גרמושקה,https://nad-lan.co.il/glossary/%D7%92%D7%A8%D7%9E%D7%95%D7%A9%D7%A7%D7%94/,0,1,0,52
תוכנית התחדשות עירונית,https://nad-lan.co.il/urban-renewal/map/,0,12,0,44.5
תוכנית ל,https://nad-lan.co.il/premium/,0,1,0,82
תוכנית ל,https://nad-lan.co.il/projects/%D7%94%D7%9C%D7%99%D7%9C%D7%9A-%D7%94%D7%A2%D7%A6%D7%9E%D7%90%D7%95%D7%AA/,0,1,0,56
תוכנית ל,https://nad-lan.co.il/projects/%D7%94%D7%9E%D7%A2%D7%A4%D7%99%D7%9C%D7%99%D7%9D/,0,1,0,27
תוכנית ל,https://nad-lan.co.il/projects/%D7%A9%D7%96%D7%A8/,0,1,0,62
תוכנית ל,https://nad-lan.co.il/tel-aviv-plans/how-planning-works/,0,1,0,66
תוכנית מפורטת,https://nad-lan.co.il/glossary/%D7%AA%D7%9B%D7%A0%D7%99%D7%AA-%D7%9E%D7%A4%D7%95%D7%A8%D7%98%D7%AA/,0,1,0,25
תוכנית פינוי בינוי,https://nad-lan.co.il/urban-renewal/map/,0,3,0,32.33333333333333
תוכנת דקל,https://nad-lan.co.il/glossary/%D7%93%D7%A7%D7%9C-%D7%AA%D7%95%D7%9B%D7%A0%D7%94/,0,1,0,7
תוכנת נדלן למכירת דירות,https://nad-lan.co.il/,0,12,0,49.25
תוספת שלישית לחוק התכנון והבניה,https://nad-lan.co.il/glossary/%D7%94%D7%AA%D7%95%D7%A1%D7%A4%D7%AA-%D7%94%D7%A9%D7%9C%D7%99%D7%A9%D7%99%D7%AA-%D7%9C%D7%97%D7%95%D7%A7-%D7%94%D7%AA%D7%9B%D7%A0%D7%95%D7%9F-%D7%95%D7%94%D7%91%D7%A0%D7%99%D7%99%D7%94/,0,1,0,10
תזרים מזומנים,https://nad-lan.co.il/investment-property-cashflow-calculator/,0,1,0,5
תחום הנדלן,https://nad-lan.co.il/investment/,0,2,0,38.5
תחשיב החזר משכנתא,https://nad-lan.co.il/mortgage-calculator/,0,9,0,48.44444444444444
תחשיב מס רכישה,https://nad-lan.co.il/purchase-tax-calculator/,0,1,0,56
"תיווך נדל""ן מסחרי",https://nad-lan.co.il/commercial-real-estate/commercial-real-estate-brokerage-fee/,0,1,0,1
תיווך נדלן,https://nad-lan.co.il/investment/,0,1,0,43
תיווך נדלן בדובאי,https://nad-lan.co.il/global/dubai/,0,2,0,27
תיק בניין הרצליה,https://nad-lan.co.il/herzliya-pituach-apartment-prices/,0,2,0,11
תכלת ישראל,https://nad-lan.co.il/projects/,0,1,0,34
תכנון בטון,https://nad-lan.co.il/construction-engineering-guide/,0,5,0,37.4
תכנון בעסקאות נדל ן,https://nad-lan.co.il/my-rentals/,0,1,0,88
תכנון בעסקאות נדל ן,https://nad-lan.co.il/site-map/,0,1,0,82
תכנון הוצאות ברכישת דירה,https://nad-lan.co.il/apartment-purchase-cost-calculator/,0,1,0,71
תכנון ובנייה,https://nad-lan.co.il/glossary/%D7%AA%D7%A7%D7%A0%D7%95%D7%AA-%D7%94%D7%AA%D7%9B%D7%A0%D7%95%D7%9F-%D7%95%D7%94%D7%91%D7%A0%D7%99%D7%99%D7%94-%D7%A8%D7%99%D7%A9%D7%95%D7%99-%D7%91%D7%A0%D7%99%D7%99%D7%94-%D7%AA%D7%A9%D7%A2/,0,1,0,10
תכנון יסודות,https://nad-lan.co.il/glossary/raft-foundation/,0,13,0,46.07692307692308
תכנון מבנים מתועשים,https://nad-lan.co.il/construction-engineering-guide/,0,4,0,39.25
תכנון מגדלי מגורים,https://nad-lan.co.il/projects/,0,10,0,32.2
תכנון מגדלי מגורים,https://nad-lan.co.il/site-map/,0,2,0,92
תכנון מפורט,https://nad-lan.co.il/glossary/%D7%AA%D7%9B%D7%A0%D7%99%D7%AA-%D7%9E%D7%A4%D7%95%D7%A8%D7%98%D7%AA/,0,37,0,24.2972972972973
תכנון משכנתא,https://nad-lan.co.il/mortgage-calculator/,0,10,0,70.6
תכניות מכירה,https://nad-lan.co.il/,0,1,0,65
תכנית דירה,https://nad-lan.co.il/projects/,0,2,0,29.5
תכנית דירה,https://nad-lan.co.il/projects/%D7%94%D7%9C%D7%99%D7%9C%D7%9A-%D7%94%D7%A2%D7%A6%D7%9E%D7%90%D7%95%D7%AA/,0,1,0,19
תכנית דירה,https://nad-lan.co.il/projects/%D7%94%D7%A2%D7%99%D7%A8-%D7%94%D7%A2%D7%AA%D7%99%D7%A7%D7%94-2/,0,1,0,12
תכנית מפורטת,https://nad-lan.co.il/glossary/%D7%AA%D7%9B%D7%A0%D7%99%D7%AA-%D7%9E%D7%A4%D7%95%D7%A8%D7%98%D7%AA/,0,16,0,23.875
תכנית מתאר,https://nad-lan.co.il/glossary/%D7%AA%D7%9B%D7%A0%D7%99%D7%AA-%D7%9E%D7%AA%D7%90%D7%A8-%D7%9E%D7%A7%D7%95%D7%9E%D7%99%D7%AA/,0,2,0,50
תכנית מתאר מקומית,https://nad-lan.co.il/glossary/%D7%AA%D7%9B%D7%A0%D7%99%D7%AA-%D7%9E%D7%AA%D7%90%D7%A8-%D7%9E%D7%A7%D7%95%D7%9E%D7%99%D7%AA/,0,12,0,34.083333333333336
תל אביב,https://nad-lan.co.il/urban-renewal/tama-38-tel-aviv/,0,1,0,7
תל אביב פרויקטים חדשים,https://nad-lan.co.il/projects/,0,1,0,54
תלתן נדל ן,https://nad-lan.co.il/,0,3,0,28
תמ א,https://nad-lan.co.il/glossary/tama-38-term/,0,2,0,72
תמ א 38 הסכמת דיירים,https://nad-lan.co.il/urban-renewal/tama-38-tel-aviv/,0,3,0,25.666666666666668
תמ א 38 תהליכי עבודה,https://nad-lan.co.il/urban-renewal/tama-38/,0,1,0,26
"תמ""א",https://nad-lan.co.il/glossary/tama-38-term/,0,1,0,17
"תמ""א 38",https://nad-lan.co.il/glossary/tama-38-term/,0,1,0,11
"תמ""א 38 הריסה ובנייה מחדש",https://nad-lan.co.il/urban-renewal/tama-38-tel-aviv/,0,3,0,23.333333333333332
"תמ""א 38 חיזוק מבנים",https://nad-lan.co.il/urban-renewal/tama-38/,0,1,0,26
תמא 38 התחדשות עירונית,https://nad-lan.co.il/urban-renewal/tama-38-tel-aviv/,0,11,0,34.72727272727273
תמא 38 מעלות,https://nad-lan.co.il/urban-renewal/tama-38/,0,1,0,92
תמא 38 רובע 3 תל אביב,https://nad-lan.co.il/urban-renewal/tama-38-tel-aviv/,0,18,0,32.16666666666667
תמא 38 תל אביב פרויקטים,https://nad-lan.co.il/urban-renewal/tama-38-tel-aviv/,0,15,0,41.4
תמא 38/2 זכויות קשישים,https://nad-lan.co.il/urban-renewal/tama-38-rights-obligations/,0,1,0,23
תמהיל מגורים,https://nad-lan.co.il/projects/,0,2,0,42.5
תמהיל מגורים,https://nad-lan.co.il/site-map/,0,2,0,86.5
תמונות לפרופיל בוואטסאפ,https://nad-lan.co.il/professionals/%D7%90%D7%91%D7%95-%D7%91%D7%9B%D7%A8-%D7%97%D7%90%D7%9C%D7%93/,0,1,0,41
תמיר נדלן,https://nad-lan.co.il/professionals/%D7%90%D7%99%D7%A0%D7%9C-%D7%A8%D7%95%D7%A2%D7%99-%D7%AA%D7%9E%D7%99%D7%A8/,0,1,0,12
תמיר נדלן,https://nad-lan.co.il/professionals/%D7%A4%D7%A0%D7%97%D7%A1-%D7%AA%D7%9E%D7%99%D7%A8/,0,1,0,17
תמל 3014,https://nad-lan.co.il/projects/,0,1,0,50
תמל 3015,https://nad-lan.co.il/premium/,0,1,0,72
תמל 3015,https://nad-lan.co.il/projects/,0,1,0,97
תנאים הלוואת גישור,https://nad-lan.co.il/mortgage-calculator/bridge-loan-apartment/,0,4,0,52.5
תנאים לפינוי בינוי,https://nad-lan.co.il/urban-renewal/pinui-binui/,0,2,0,82.5
תעודת אכלוס זמנית,https://nad-lan.co.il/glossary/tofes-4/,0,1,0,63
תקן 118,https://nad-lan.co.il/glossary/%D7%AA%D7%99-118/,0,11,0,8.818181818181818
תקן 2279,https://nad-lan.co.il/glossary/%D7%AA%D7%99-2279/,0,8,0,5.625
תקן 412,https://nad-lan.co.il/construction-engineering-guide/,0,1,0,43
תקן 466,https://nad-lan.co.il/glossary/%D7%AA%D7%99-466/,0,8,0,9.375
תקן 466 חלק 2,https://nad-lan.co.il/glossary/%D7%AA%D7%99-466/,0,17,0,20.705882352941178
תקן ישראלי 412,https://nad-lan.co.il/construction-engineering-guide/,0,9,0,55.44444444444444
תקן ישראלי 466,https://nad-lan.co.il/glossary/%D7%AA%D7%99-466/,0,17,0,11.588235294117647
תקנות בקשה להיתר,https://nad-lan.co.il/glossary/%D7%AA%D7%A7%D7%A0%D7%95%D7%AA-%D7%94%D7%AA%D7%9B%D7%A0%D7%95%D7%9F-%D7%95%D7%94%D7%91%D7%A0%D7%99%D7%99%D7%94-%D7%91%D7%A7%D7%A9%D7%94-%D7%9C%D7%94%D7%99%D7%AA%D7%A8-%D7%AA%D7%A0%D7%90%D7%99%D7%95/,0,2,0,31
תקנות המדידה 2016,https://nad-lan.co.il/glossary/%D7%AA%D7%A7%D7%A0%D7%95%D7%AA-%D7%94%D7%9E%D7%93%D7%99%D7%93%D7%95%D7%AA-%D7%9E%D7%93%D7%99%D7%93%D7%95%D7%AA-%D7%95%D7%9E%D7%99%D7%A4%D7%95%D7%99-%D7%AA%D7%A9%D7%A2%D7%95-2016/,0,4,0,5.75
תקנות המדידות,https://nad-lan.co.il/glossary/%D7%AA%D7%A7%D7%A0%D7%95%D7%AA-%D7%94%D7%9E%D7%93%D7%99%D7%93%D7%95%D7%AA-%D7%9E%D7%93%D7%99%D7%93%D7%95%D7%AA-%D7%95%D7%9E%D7%99%D7%A4%D7%95%D7%99-%D7%AA%D7%A9%D7%A2%D7%95-2016/,0,1,0,12
תקנות המודדים,https://nad-lan.co.il/glossary/%D7%AA%D7%A7%D7%A0%D7%95%D7%AA-%D7%94%D7%9E%D7%93%D7%99%D7%93%D7%95%D7%AA-%D7%9E%D7%93%D7%99%D7%93%D7%95%D7%AA-%D7%95%D7%9E%D7%99%D7%A4%D7%95%D7%99-%D7%AA%D7%A9%D7%A2%D7%95-2016/,0,4,0,10
תקנות התכנון והבניה,https://nad-lan.co.il/glossary/%D7%AA%D7%A7%D7%A0%D7%95%D7%AA-%D7%94%D7%AA%D7%9B%D7%A0%D7%95%D7%9F-%D7%95%D7%94%D7%91%D7%A0%D7%99%D7%99%D7%94-%D7%91%D7%A7%D7%A9%D7%94-%D7%9C%D7%94%D7%99%D7%AA%D7%A8-%D7%AA%D7%A0%D7%90%D7%99%D7%95/,0,2,0,43.5
תקנות התכנון והבניה 2016,https://nad-lan.co.il/glossary/%D7%AA%D7%A7%D7%A0%D7%95%D7%AA-%D7%94%D7%AA%D7%9B%D7%A0%D7%95%D7%9F-%D7%95%D7%94%D7%91%D7%A0%D7%99%D7%99%D7%94-%D7%A8%D7%99%D7%A9%D7%95%D7%99-%D7%91%D7%A0%D7%99%D7%99%D7%94-%D7%AA%D7%A9%D7%A2/,0,14,0,14
תקנות התכנון והבניה בקשה להיתר תנאיו ואגרות,https://nad-lan.co.il/glossary/%D7%AA%D7%A7%D7%A0%D7%95%D7%AA-%D7%94%D7%AA%D7%9B%D7%A0%D7%95%D7%9F-%D7%95%D7%94%D7%91%D7%A0%D7%99%D7%99%D7%94-%D7%91%D7%A7%D7%A9%D7%94-%D7%9C%D7%94%D7%99%D7%AA%D7%A8-%D7%AA%D7%A0%D7%90%D7%99%D7%95/,0,1,0,30
תקנות התכנון והבניה בקשה להיתר תנאיו ואגרות תש ל 1970,https://nad-lan.co.il/glossary/%D7%AA%D7%A7%D7%A0%D7%95%D7%AA-%D7%94%D7%AA%D7%9B%D7%A0%D7%95%D7%9F-%D7%95%D7%94%D7%91%D7%A0%D7%99%D7%99%D7%94-%D7%91%D7%A7%D7%A9%D7%94-%D7%9C%D7%94%D7%99%D7%AA%D7%A8-%D7%AA%D7%A0%D7%90%D7%99%D7%95/,0,2,0,14
תקנות התכנון והבניה בקשה להיתר תנאיו ואגרות​,https://nad-lan.co.il/glossary/%D7%AA%D7%A7%D7%A0%D7%95%D7%AA-%D7%94%D7%AA%D7%9B%D7%A0%D7%95%D7%9F-%D7%95%D7%94%D7%91%D7%A0%D7%99%D7%99%D7%94-%D7%91%D7%A7%D7%A9%D7%94-%D7%9C%D7%94%D7%99%D7%AA%D7%A8-%D7%AA%D7%A0%D7%90%D7%99%D7%95/,0,9,0,27.444444444444443
תקנות התכנון והבניה טופס 4 גישה לגג,https://nad-lan.co.il/real-estate-lawyer/form-4-occupancy-permit/,0,1,0,50
תקנות התכנון והבניה רישוי,https://nad-lan.co.il/glossary/%D7%AA%D7%A7%D7%A0%D7%95%D7%AA-%D7%94%D7%AA%D7%9B%D7%A0%D7%95%D7%9F-%D7%95%D7%94%D7%91%D7%A0%D7%99%D7%99%D7%94-%D7%A8%D7%99%D7%A9%D7%95%D7%99-%D7%91%D7%A0%D7%99%D7%99%D7%94-%D7%AA%D7%A9%D7%A2/,0,14,0,25.785714285714285
תקנות התכנון והבניה רישוי בניה,https://nad-lan.co.il/glossary/%D7%AA%D7%A7%D7%A0%D7%95%D7%AA-%D7%94%D7%AA%D7%9B%D7%A0%D7%95%D7%9F-%D7%95%D7%94%D7%91%D7%A0%D7%99%D7%99%D7%94-%D7%A8%D7%99%D7%A9%D7%95%D7%99-%D7%91%D7%A0%D7%99%D7%99%D7%94-%D7%AA%D7%A9%D7%A2/,0,12,0,27.833333333333332
תקנות התכנון והבניה רישוי בניה​,https://nad-lan.co.il/glossary/%D7%AA%D7%A7%D7%A0%D7%95%D7%AA-%D7%94%D7%AA%D7%9B%D7%A0%D7%95%D7%9F-%D7%95%D7%94%D7%91%D7%A0%D7%99%D7%99%D7%94-%D7%A8%D7%99%D7%A9%D7%95%D7%99-%D7%91%D7%A0%D7%99%D7%99%D7%94-%D7%AA%D7%A9%D7%A2/,0,10,0,26.9
תקנות התכנון והבנייה (רישוי בנייה),https://nad-lan.co.il/glossary/%D7%AA%D7%A7%D7%A0%D7%95%D7%AA-%D7%94%D7%AA%D7%9B%D7%A0%D7%95%D7%9F-%D7%95%D7%94%D7%91%D7%A0%D7%99%D7%99%D7%94-%D7%A8%D7%99%D7%A9%D7%95%D7%99-%D7%91%D7%A0%D7%99%D7%99%D7%94-%D7%AA%D7%A9%D7%A2/,0,11,0,22.181818181818183
תקנות התכנון והבנייה רישוי בנייה,https://nad-lan.co.il/glossary/%D7%AA%D7%A7%D7%A0%D7%95%D7%AA-%D7%94%D7%AA%D7%9B%D7%A0%D7%95%D7%9F-%D7%95%D7%94%D7%91%D7%A0%D7%99%D7%99%D7%94-%D7%A8%D7%99%D7%A9%D7%95%D7%99-%D7%91%D7%A0%D7%99%D7%99%D7%94-%D7%AA%D7%A9%D7%A2/,0,12,0,21.75
תקנות מכוני בקרה,https://nad-lan.co.il/glossary/%D7%9E%D7%9B%D7%95%D7%A0%D7%99-%D7%91%D7%A7%D7%A8%D7%94/,0,1,0,23
תקנות רישוי,https://nad-lan.co.il/glossary/%D7%AA%D7%A7%D7%A0%D7%95%D7%AA-%D7%94%D7%9E%D7%94%D7%A0%D7%93%D7%A1%D7%99%D7%9D-%D7%95%D7%94%D7%90%D7%93%D7%A8%D7%99%D7%9B%D7%9C%D7%99%D7%9D-%D7%A8%D7%99%D7%A9%D7%95%D7%99-%D7%95%D7%99%D7%99%D7%97/,0,1,0,45
תקנות רישוי,https://nad-lan.co.il/glossary/%D7%AA%D7%A7%D7%A0%D7%95%D7%AA-%D7%94%D7%AA%D7%9B%D7%A0%D7%95%D7%9F-%D7%95%D7%94%D7%91%D7%A0%D7%99%D7%99%D7%94-%D7%A8%D7%99%D7%A9%D7%95%D7%99-%D7%91%D7%A0%D7%99%D7%99%D7%94-%D7%AA%D7%A9%D7%A2/,0,1,0,25
תקנות רישוי בניה,https://nad-lan.co.il/glossary/%D7%AA%D7%A7%D7%A0%D7%95%D7%AA-%D7%94%D7%AA%D7%9B%D7%A0%D7%95%D7%9F-%D7%95%D7%94%D7%91%D7%A0%D7%99%D7%99%D7%94-%D7%A8%D7%99%D7%A9%D7%95%D7%99-%D7%91%D7%A0%D7%99%D7%99%D7%94-%D7%AA%D7%A9%D7%A2/,0,13,0,29.76923076923077
תקנות רישוי בנייה,https://nad-lan.co.il/glossary/%D7%AA%D7%A7%D7%A0%D7%95%D7%AA-%D7%94%D7%AA%D7%9B%D7%A0%D7%95%D7%9F-%D7%95%D7%94%D7%91%D7%A0%D7%99%D7%99%D7%94-%D7%A8%D7%99%D7%A9%D7%95%D7%99-%D7%91%D7%A0%D7%99%D7%99%D7%94-%D7%AA%D7%A9%D7%A2/,0,9,0,26.77777777777778
תשואה דירה להשקעה,https://nad-lan.co.il/investment/,0,1,0,64
תשואה מנדלן ביוון,https://nad-lan.co.il/global/greece/,0,1,0,61
תשואה על ההון,https://nad-lan.co.il/glossary/%D7%A0%D7%95%D7%A1%D7%97%D7%AA-%D7%AA%D7%A9%D7%95%D7%90%D7%94-%D7%A2%D7%9C-%D7%94%D7%94%D7%95%D7%9F/,0,3,0,41
תשואה על ההון,https://nad-lan.co.il/glossary/return-on-equity/,0,3,0,72.66666666666667
"תשואות נדל""ן באנגליה",https://nad-lan.co.il/global/london/,0,6,0,4
"תשואות נדל""ן בדובאי",https://nad-lan.co.il/global/dubai/,0,1,0,18
"תשואות נדל""ן בספרד",https://nad-lan.co.il/global/,0,6,0,57.5
"תשואות נדל""ן בקפריסין",https://nad-lan.co.il/global/cyprus/,0,2,0,77.5
תשלום משכנתא,https://nad-lan.co.il/mortgage-calculator/,0,3,0,57
عربية,https://nad-lan.co.il/professionals/%D7%91%D7%9F-%D7%A0%D7%AA%D7%9F-%D7%A2%D7%9E%D7%99%D7%AA/,0,1,0,1
معدات نقل تلقائية,https://nad-lan.co.il/ar/guides/new-apartment-balcony/,0,1,0,63
هو فلسطيني,https://nad-lan.co.il/professionals/%D7%9E%D7%97%D7%9E%D7%99%D7%93-%D7%90%D7%99%D7%90%D7%93/,0,1,0,3
