sitemap,url,lastmod
post-sitemap.xml,https://nad-lan.co.il/buying-real-estate-israel-foreign-investor/,2026-07-01T20:01:13+00:00
post-sitemap.xml,https://nad-lan.co.il/investing-israel-real-estate-vs-dubai-cyprus/,2026-07-01T20:01:16+00:00
post-sitemap.xml,https://nad-lan.co.il/israel-housing-market-buyers-2026/,2026-07-02T09:35:21+00:00
post-sitemap.xml,https://nad-lan.co.il/sde-dov-luxury-projects-2026/,2026-07-02T09:35:25+00:00
post-sitemap.xml,https://nad-lan.co.il/tama-38-expiry-may-2026-what-next/,2026-07-02T09:35:28+00:00
post-sitemap.xml,https://nad-lan.co.il/interior-design-trends-2026-israel/,2026-07-02T09:35:31+00:00
post-sitemap.xml,https://nad-lan.co.il/jerusalem-green-line-light-rail-property-2026/,2026-07-02T09:35:34+00:00
post-sitemap.xml,https://nad-lan.co.il/buying-new-apartment-developer-2026-negotiation/,2026-07-02T09:35:37+00:00
post-sitemap.xml,https://nad-lan.co.il/buy-property-israel-foreign-buyers/,2026-07-02T10:28:01+00:00
post-sitemap.xml,https://nad-lan.co.il/israel-mortgage-non-residents/,2026-07-02T10:28:04+00:00
post-sitemap.xml,https://nad-lan.co.il/israel-purchase-tax-foreign-residents/,2026-07-02T10:42:39+00:00
post-sitemap.xml,https://nad-lan.co.il/luxury-apartments-israel-guide/,2026-07-06T03:48:11+00:00
post-sitemap.xml,https://nad-lan.co.il/luxury-apartments-israel-guide-he/,2026-07-06T03:48:15+00:00
post-sitemap.xml,https://nad-lan.co.il/acheter-appartement-israel-2026/,2026-07-06T12:00:37+00:00
post-sitemap.xml,https://nad-lan.co.il/3-room-apartment-690k-israel-2026/,2026-07-06T20:46:16+00:00
post-sitemap.xml,https://nad-lan.co.il/affordable-apartments-israel-2026/,2026-07-06T20:46:20+00:00
post-sitemap.xml,https://nad-lan.co.il/price-list-dubai/,2026-09-15T15:05:32+00:00
page-sitemap.xml,https://nad-lan.co.il/,2026-08-30T12:02:48+00:00
page-sitemap.xml,https://nad-lan.co.il/investment-property-cashflow-calculator/,2026-05-28T19:33:02+00:00
page-sitemap.xml,https://nad-lan.co.il/construction-supervisor/,2026-05-28T19:33:10+00:00
page-sitemap.xml,https://nad-lan.co.il/tabu-extract-check/,2026-05-28T19:33:20+00:00
page-sitemap.xml,https://nad-lan.co.il/apartment-buying-checklist/,2026-05-28T19:33:26+00:00
page-sitemap.xml,https://nad-lan.co.il/catalog/,2026-05-29T06:43:24+00:00
page-sitemap.xml,https://nad-lan.co.il/%d7%aa%d7%a7%d7%a0%d7%95%d7%9f-%d7%95%d7%aa%d7%a0%d7%90%d7%99-%d7%a9%d7%99%d7%9e%d7%95%d7%a9/,2026-05-29T08:37:36+00:00
page-sitemap.xml,https://nad-lan.co.il/%d7%9e%d7%93%d7%99%d7%a0%d7%99%d7%95%d7%aa-%d7%91%d7%99%d7%98%d7%95%d7%9c%d7%99%d7%9d-%d7%95%d7%94%d7%97%d7%96%d7%a8%d7%99%d7%9d/,2026-05-29T08:37:56+00:00
page-sitemap.xml,https://nad-lan.co.il/investment-apartment/,2026-05-29T19:44:23+00:00
page-sitemap.xml,https://nad-lan.co.il/real-estate-lawyer/,2026-05-31T20:43:59+00:00
page-sitemap.xml,https://nad-lan.co.il/buy-vs-rent/,2026-05-31T20:44:31+00:00
page-sitemap.xml,https://nad-lan.co.il/shop/,2026-05-31T21:07:11+00:00
page-sitemap.xml,https://nad-lan.co.il/accessibility/,2026-05-31T21:17:27+00:00
page-sitemap.xml,https://nad-lan.co.il/home-inspection/,2026-06-02T20:26:53+00:00
page-sitemap.xml,https://nad-lan.co.il/real-estate-tax-advisor/,2026-06-03T04:28:49+00:00
page-sitemap.xml,https://nad-lan.co.il/short-term-rentals-abroad/,2026-06-03T05:28:30+00:00
page-sitemap.xml,https://nad-lan.co.il/real-estate-professionals-guide/,2026-06-03T05:58:30+00:00
page-sitemap.xml,https://nad-lan.co.il/real-estate-appraiser/,2026-06-03T06:17:30+00:00
page-sitemap.xml,https://nad-lan.co.il/real-estate-broker/,2026-06-03T06:31:04+00:00
page-sitemap.xml,https://nad-lan.co.il/real-estate-tax-advisor/gift-transfer-apartment/,2026-06-03T09:08:20+00:00
page-sitemap.xml,https://nad-lan.co.il/new-projects/construction-input-index/,2026-06-03T10:10:33+00:00
page-sitemap.xml,https://nad-lan.co.il/real-estate-lawyer/partition-real-estate/,2026-06-03T10:15:40+00:00
page-sitemap.xml,https://nad-lan.co.il/new-projects/contractor-delay-compensation/,2026-06-03T12:45:13+00:00
page-sitemap.xml,https://nad-lan.co.il/real-estate-lawyer/combination-deal/,2026-06-03T13:01:06+00:00
page-sitemap.xml,https://nad-lan.co.il/new-projects/purchasing-group/,2026-06-03T13:15:06+00:00
page-sitemap.xml,https://nad-lan.co.il/new-projects/presale-apartment/,2026-06-03T14:27:05+00:00
page-sitemap.xml,https://nad-lan.co.il/real-estate-lawyer/land-purchase-checklist/,2026-06-03T14:44:17+00:00
page-sitemap.xml,https://nad-lan.co.il/selling-apartment/real-estate-auction-sale/,2026-06-03T15:06:00+00:00
page-sitemap.xml,https://nad-lan.co.il/mortgage-calculator/bridge-loan-apartment/,2026-06-03T15:40:28+00:00
page-sitemap.xml,https://nad-lan.co.il/mortgage-calculator/mortgage-for-any-purpose/,2026-06-03T16:03:45+00:00
page-sitemap.xml,https://nad-lan.co.il/mortgage-calculator/mortgage-refusal/,2026-06-03T16:26:28+00:00
page-sitemap.xml,https://nad-lan.co.il/mortgage-calculator/mortgage-pre-approval/,2026-06-03T16:46:16+00:00
page-sitemap.xml,https://nad-lan.co.il/real-estate-lawyer/apartment-memorandum/,2026-06-03T21:27:01+00:00
page-sitemap.xml,https://nad-lan.co.il/real-estate-lawyer/breach-apartment-sale-contract/,2026-06-03T22:19:31+00:00
page-sitemap.xml,https://nad-lan.co.il/mortgage-calculator/mortgage-porting/,2026-06-03T22:24:13+00:00
page-sitemap.xml,https://nad-lan.co.il/urban-renewal/pinui-binui-tel-aviv/,2026-06-06T12:23:05+00:00
page-sitemap.xml,https://nad-lan.co.il/urban-renewal/tama-38-tel-aviv/,2026-06-06T12:47:49+00:00
page-sitemap.xml,https://nad-lan.co.il/commercial-real-estate/office-for-sale-tel-aviv/,2026-06-06T13:41:51+00:00
page-sitemap.xml,https://nad-lan.co.il/commercial-real-estate/shops-for-sale-tel-aviv/,2026-06-06T14:20:42+00:00
page-sitemap.xml,https://nad-lan.co.il/commercial-real-estate/commercial-property-for-sale-tel-aviv/,2026-06-06T14:44:05+00:00
page-sitemap.xml,https://nad-lan.co.il/commercial-real-estate/office-for-sale-ramat-gan/,2026-06-06T15:15:20+00:00
page-sitemap.xml,https://nad-lan.co.il/commercial-real-estate/office-for-sale-bnei-brak/,2026-06-06T15:41:34+00:00
page-sitemap.xml,https://nad-lan.co.il/commercial-real-estate/bnei-brak-office-prices/,2026-06-06T16:00:03+00:00
page-sitemap.xml,https://nad-lan.co.il/commercial-real-estate/office-for-sale-herzliya/,2026-06-06T16:20:34+00:00
page-sitemap.xml,https://nad-lan.co.il/commercial-real-estate/herzliya-office-prices/,2026-06-06T16:37:38+00:00
page-sitemap.xml,https://nad-lan.co.il/commercial-real-estate/ramat-gan-office-prices/,2026-06-06T16:54:35+00:00
page-sitemap.xml,https://nad-lan.co.il/commercial-real-estate/income-property-for-sale-bnei-brak/,2026-06-06T17:28:07+00:00
page-sitemap.xml,https://nad-lan.co.il/commercial-real-estate/income-property-for-sale-ramat-gan/,2026-06-06T17:50:23+00:00
page-sitemap.xml,https://nad-lan.co.il/commercial-real-estate/income-property-for-sale-tel-aviv/,2026-06-06T18:07:55+00:00
page-sitemap.xml,https://nad-lan.co.il/commercial-real-estate/commercial-property-for-sale-ramat-gan/,2026-06-06T18:23:59+00:00
page-sitemap.xml,https://nad-lan.co.il/commercial-real-estate/ramat-gan-commercial-property-prices/,2026-06-06T18:43:00+00:00
page-sitemap.xml,https://nad-lan.co.il/commercial-real-estate/commercial-property-prices-tel-aviv/,2026-06-06T19:02:34+00:00
page-sitemap.xml,https://nad-lan.co.il/commercial-real-estate/building-for-sale-tel-aviv/,2026-06-06T19:18:46+00:00
page-sitemap.xml,https://nad-lan.co.il/commercial-real-estate/parking-lot-for-sale-tel-aviv/,2026-06-06T19:43:47+00:00
page-sitemap.xml,https://nad-lan.co.il/commercial-real-estate/commercial-property-for-rent-tel-aviv/,2026-06-06T20:01:02+00:00
page-sitemap.xml,https://nad-lan.co.il/commercial-real-estate/hotel-property-for-sale-tel-aviv/,2026-06-06T20:24:28+00:00
page-sitemap.xml,https://nad-lan.co.il/commercial-real-estate/logistics-warehouse-for-rent-gush-dan/,2026-06-06T20:48:56+00:00
page-sitemap.xml,https://nad-lan.co.il/commercial-real-estate/office-for-rent-tel-aviv/,2026-06-06T21:14:44+00:00
page-sitemap.xml,https://nad-lan.co.il/commercial-real-estate/office-fit-out-cost-tel-aviv/,2026-06-06T21:32:10+00:00
page-sitemap.xml,https://nad-lan.co.il/commercial-real-estate/logistics-warehouse-for-rent-modiin-shoham/,2026-06-06T21:52:32+00:00
page-sitemap.xml,https://nad-lan.co.il/commercial-real-estate/logistics-warehouse-for-rent-airport-city/,2026-06-06T22:10:12+00:00
page-sitemap.xml,https://nad-lan.co.il/commercial-real-estate/commercial-lease-agreement/,2026-06-06T22:31:37+00:00
page-sitemap.xml,https://nad-lan.co.il/commercial-real-estate/industrial-property-for-rent-center/,2026-06-06T22:56:11+00:00
page-sitemap.xml,https://nad-lan.co.il/commercial-real-estate/commercial-real-estate-brokerage-fee/,2026-06-06T23:11:01+00:00
page-sitemap.xml,https://nad-lan.co.il/commercial-real-estate/commercial-property-management-fees/,2026-06-06T23:32:17+00:00
page-sitemap.xml,https://nad-lan.co.il/commercial-real-estate/rishon-lezion-office-prices/,2026-06-06T23:51:08+00:00
page-sitemap.xml,https://nad-lan.co.il/commercial-real-estate/warehouse-for-rent-rishon-lezion-holon/,2026-06-07T00:07:27+00:00
page-sitemap.xml,https://nad-lan.co.il/commercial-real-estate/commercial-property-insurance/,2026-06-07T00:25:38+00:00
page-sitemap.xml,https://nad-lan.co.il/commercial-real-estate/commercial-property-business-license/,2026-06-07T00:45:20+00:00
page-sitemap.xml,https://nad-lan.co.il/commercial-real-estate/industrial-electricity-commercial-property/,2026-06-07T01:07:38+00:00
page-sitemap.xml,https://nad-lan.co.il/commercial-real-estate/shop-for-rent-tel-aviv/,2026-06-07T01:36:16+00:00
page-sitemap.xml,https://nad-lan.co.il/commercial-real-estate/restaurant-property-for-rent-tel-aviv/,2026-06-07T02:02:29+00:00
page-sitemap.xml,https://nad-lan.co.il/commercial-real-estate/shop-prices-tel-aviv/,2026-06-07T02:23:22+00:00
page-sitemap.xml,https://nad-lan.co.il/commercial-real-estate/shop-prices-ramat-gan/,2026-06-07T02:38:33+00:00
page-sitemap.xml,https://nad-lan.co.il/commercial-real-estate/shop-prices-bnei-brak/,2026-06-07T03:15:35+00:00
page-sitemap.xml,https://nad-lan.co.il/commercial-real-estate/industrial-property-prices-holon-bat-yam/,2026-06-07T03:49:17+00:00
page-sitemap.xml,https://nad-lan.co.il/commercial-real-estate/office-prices-netanya/,2026-06-07T04:43:50+00:00
page-sitemap.xml,https://nad-lan.co.il/commercial-real-estate/office-prices-rehovot/,2026-06-07T05:01:09+00:00
page-sitemap.xml,https://nad-lan.co.il/commercial-real-estate/office-prices-raanana/,2026-06-07T05:14:01+00:00
page-sitemap.xml,https://nad-lan.co.il/commercial-real-estate/office-prices-kfar-saba/,2026-06-07T05:37:08+00:00
page-sitemap.xml,https://nad-lan.co.il/commercial-real-estate/office-prices-hod-hasharon/,2026-06-07T05:59:02+00:00
page-sitemap.xml,https://nad-lan.co.il/commercial-real-estate/commercial-property-prices-jerusalem/,2026-06-07T06:20:51+00:00
page-sitemap.xml,https://nad-lan.co.il/commercial-real-estate/commercial-property-prices-beer-sheva/,2026-06-07T13:40:00+00:00
page-sitemap.xml,https://nad-lan.co.il/commercial-real-estate/commercial-property-prices-ashdod/,2026-06-07T18:44:40+00:00
page-sitemap.xml,https://nad-lan.co.il/commercial-real-estate/warehouse-prices-ashdod-port/,2026-06-07T19:20:10+00:00
page-sitemap.xml,https://nad-lan.co.il/commercial-real-estate/office-prices-ashdod/,2026-06-07T19:42:50+00:00
page-sitemap.xml,https://nad-lan.co.il/commercial-real-estate/shop-prices-ashdod/,2026-06-07T21:28:04+00:00
page-sitemap.xml,https://nad-lan.co.il/commercial-real-estate/shop-prices-jerusalem/,2026-06-07T22:02:30+00:00
page-sitemap.xml,https://nad-lan.co.il/commercial-real-estate/shop-prices-haifa/,2026-06-07T22:27:53+00:00
page-sitemap.xml,https://nad-lan.co.il/commercial-real-estate/shop-prices-beer-sheva/,2026-06-07T22:42:58+00:00
page-sitemap.xml,https://nad-lan.co.il/commercial-real-estate/commercial-property-prices-petah-tikva/,2026-06-07T23:08:28+00:00
page-sitemap.xml,https://nad-lan.co.il/commercial-real-estate/shop-prices-petah-tikva/,2026-06-07T23:17:26+00:00
page-sitemap.xml,https://nad-lan.co.il/commercial-real-estate/commercial-property-prices-netanya/,2026-06-07T23:47:18+00:00
page-sitemap.xml,https://nad-lan.co.il/commercial-real-estate/shop-prices-netanya/,2026-06-08T00:16:50+00:00
page-sitemap.xml,https://nad-lan.co.il/commercial-real-estate/commercial-property-prices-herzliya/,2026-06-08T00:42:21+00:00
page-sitemap.xml,https://nad-lan.co.il/luxury-tel-aviv/,2026-06-15T15:02:28+00:00
page-sitemap.xml,https://nad-lan.co.il/ramat-aviv/einstein/,2026-06-15T15:02:37+00:00
page-sitemap.xml,https://nad-lan.co.il/ramat-aviv/,2026-06-15T15:02:41+00:00
page-sitemap.xml,https://nad-lan.co.il/sde-dov/employment/,2026-06-15T15:02:46+00:00
page-sitemap.xml,https://nad-lan.co.il/sde-dov/institutions/,2026-06-15T15:02:50+00:00
page-sitemap.xml,https://nad-lan.co.il/sde-dov/marina/,2026-06-15T15:02:54+00:00
page-sitemap.xml,https://nad-lan.co.il/sde-dov/transport/,2026-06-15T15:02:58+00:00
page-sitemap.xml,https://nad-lan.co.il/sde-dov/tzafon/,2026-06-15T15:03:10+00:00
page-sitemap.xml,https://nad-lan.co.il/sde-dov/hotels/,2026-06-15T15:03:18+00:00
page-sitemap.xml,https://nad-lan.co.il/sde-dov/eshkol/,2026-06-15T15:03:22+00:00
page-sitemap.xml,https://nad-lan.co.il/investment/modiin-investment-apartment/,2026-06-15T15:03:26+00:00
page-sitemap.xml,https://nad-lan.co.il/investment/hod-hasharon-investment-apartment/,2026-06-15T15:03:30+00:00
page-sitemap.xml,https://nad-lan.co.il/investment/kiryat-ono-investment-apartment/,2026-06-15T15:03:34+00:00
page-sitemap.xml,https://nad-lan.co.il/investment/rehovot-investment-apartment/,2026-06-15T15:03:42+00:00
page-sitemap.xml,https://nad-lan.co.il/investment/ashdod-investment-apartment/,2026-06-15T15:03:51+00:00
page-sitemap.xml,https://nad-lan.co.il/investment/jerusalem-investment-apartment/,2026-06-15T15:03:55+00:00
page-sitemap.xml,https://nad-lan.co.il/investment/residential-building-investment/,2026-06-15T15:03:59+00:00
page-sitemap.xml,https://nad-lan.co.il/investment/residential-land-investment/,2026-06-15T15:04:03+00:00
page-sitemap.xml,https://nad-lan.co.il/commercial-real-estate/office-building-investment/,2026-06-15T15:04:45+00:00
page-sitemap.xml,https://nad-lan.co.il/commercial-real-estate/industrial-land-investment/,2026-06-15T15:04:49+00:00
page-sitemap.xml,https://nad-lan.co.il/commercial-real-estate/industrial-building-investment/,2026-06-15T15:05:25+00:00
page-sitemap.xml,https://nad-lan.co.il/commercial-real-estate/logistics-industrial-property-investment/,2026-06-15T15:05:29+00:00
page-sitemap.xml,https://nad-lan.co.il/commercial-real-estate/retail-store-investment-property/,2026-06-15T15:05:38+00:00
page-sitemap.xml,https://nad-lan.co.il/commercial-real-estate/office-investment-property/,2026-06-15T15:05:44+00:00
page-sitemap.xml,https://nad-lan.co.il/investment/raanana-investment-apartment/,2026-06-15T15:05:48+00:00
page-sitemap.xml,https://nad-lan.co.il/investment/ramat-hasharon-investment-apartment/,2026-06-15T15:05:52+00:00
page-sitemap.xml,https://nad-lan.co.il/investment/herzliya-investment-apartment/,2026-06-15T15:05:57+00:00
page-sitemap.xml,https://nad-lan.co.il/investment/givatayim-investment-apartment/,2026-06-15T15:06:01+00:00
page-sitemap.xml,https://nad-lan.co.il/investment/ramat-gan-investment-apartment/,2026-06-15T15:06:05+00:00
page-sitemap.xml,https://nad-lan.co.il/investment/holon-investment-apartment/,2026-06-15T15:06:09+00:00
page-sitemap.xml,https://nad-lan.co.il/investment/petah-tikva-investment-apartment/,2026-06-15T15:06:13+00:00
page-sitemap.xml,https://nad-lan.co.il/investment/rishon-lezion-investment-apartment/,2026-06-15T15:07:20+00:00
page-sitemap.xml,https://nad-lan.co.il/investment/bat-yam-investment-apartment/,2026-06-15T15:07:24+00:00
page-sitemap.xml,https://nad-lan.co.il/investment/netanya-investment-apartment/,2026-06-15T15:07:28+00:00
page-sitemap.xml,https://nad-lan.co.il/investment/beer-sheva-investment-apartment/,2026-06-15T15:07:32+00:00
page-sitemap.xml,https://nad-lan.co.il/investment/haifa-investment-apartment/,2026-06-15T15:07:36+00:00
page-sitemap.xml,https://nad-lan.co.il/property-value/luxury-apartments-tel-aviv/,2026-06-15T15:07:48+00:00
page-sitemap.xml,https://nad-lan.co.il/property-value/building-rights-check/,2026-06-15T15:07:52+00:00
page-sitemap.xml,https://nad-lan.co.il/commercial-real-estate/commercial-real-estate-yield/,2026-06-15T15:08:00+00:00
page-sitemap.xml,https://nad-lan.co.il/commercial-real-estate/income-producing-properties/,2026-06-15T15:08:04+00:00
page-sitemap.xml,https://nad-lan.co.il/real-estate-tax-advisor/betterment-levy-appeal/,2026-06-15T15:08:08+00:00
page-sitemap.xml,https://nad-lan.co.il/real-estate-lawyer/construction-defects-lawsuit/,2026-06-15T15:08:12+00:00
page-sitemap.xml,https://nad-lan.co.il/commercial-real-estate/store-for-rent/,2026-06-15T15:08:42+00:00
page-sitemap.xml,https://nad-lan.co.il/commercial-real-estate/office-for-rent/,2026-06-15T15:08:47+00:00
page-sitemap.xml,https://nad-lan.co.il/buying-apartment/new-vs-second-hand/,2026-06-15T15:08:51+00:00
page-sitemap.xml,https://nad-lan.co.il/buying-apartment/buying-apartment-step-by-step/,2026-06-15T15:08:55+00:00
page-sitemap.xml,https://nad-lan.co.il/investment/airbnb-israel-regulation/,2026-06-15T15:09:00+00:00
page-sitemap.xml,https://nad-lan.co.il/investment/real-estate-leverage/,2026-06-15T15:09:04+00:00
page-sitemap.xml,https://nad-lan.co.il/investment/investment-via-company/,2026-06-15T15:09:33+00:00
page-sitemap.xml,https://nad-lan.co.il/selling-apartment/reduced-capital-gains-sale/,2026-06-15T15:09:39+00:00
page-sitemap.xml,https://nad-lan.co.il/selling-apartment/selling-without-broker/,2026-06-15T15:09:49+00:00
page-sitemap.xml,https://nad-lan.co.il/selling-apartment/who-pays-broker-fees/,2026-06-15T15:09:53+00:00
page-sitemap.xml,https://nad-lan.co.il/real-estate-lawyer/when-real-estate-lawyer-required/,2026-06-15T15:09:57+00:00
page-sitemap.xml,https://nad-lan.co.il/real-estate-lawyer/building-permit-citizen-guide/,2026-06-15T15:10:01+00:00
page-sitemap.xml,https://nad-lan.co.il/real-estate-lawyer/form-4-occupancy-permit/,2026-06-15T15:10:05+00:00
page-sitemap.xml,https://nad-lan.co.il/real-estate-lawyer/option-period-real-estate/,2026-06-15T15:10:09+00:00
page-sitemap.xml,https://nad-lan.co.il/real-estate-lawyer/sale-of-apartments-law/,2026-06-15T15:10:13+00:00
page-sitemap.xml,https://nad-lan.co.il/urban-renewal/choosing-urban-renewal-developer/,2026-06-15T15:10:43+00:00
page-sitemap.xml,https://nad-lan.co.il/urban-renewal/tama-38-contract-checklist/,2026-06-15T15:10:47+00:00
page-sitemap.xml,https://nad-lan.co.il/urban-renewal/pinui-binui-tenant-guide/,2026-06-15T15:10:51+00:00
page-sitemap.xml,https://nad-lan.co.il/urban-renewal/tama-38-rights-obligations/,2026-06-15T15:10:56+00:00
page-sitemap.xml,https://nad-lan.co.il/real-estate-tax-advisor/capital-gains-tax-guide/,2026-06-15T15:10:59+00:00
page-sitemap.xml,https://nad-lan.co.il/real-estate-tax-advisor/purchase-tax-investor/,2026-06-15T15:11:03+00:00
page-sitemap.xml,https://nad-lan.co.il/real-estate-tax-advisor/purchase-tax-first-home/,2026-06-15T15:11:08+00:00
page-sitemap.xml,https://nad-lan.co.il/mortgage-calculator/mortgage-repayment-capacity/,2026-06-15T15:11:12+00:00
page-sitemap.xml,https://nad-lan.co.il/mortgage-calculator/mortgage-interest-rates/,2026-06-15T15:11:16+00:00
page-sitemap.xml,https://nad-lan.co.il/mortgage-calculator/mortgage-ltv-ratio/,2026-06-15T15:11:20+00:00
page-sitemap.xml,https://nad-lan.co.il/real-estate-lawyer/residential-lease-agreement/,2026-06-15T15:11:58+00:00
page-sitemap.xml,https://nad-lan.co.il/real-estate-lawyer/power-of-attorney-real-estate/,2026-06-15T15:12:04+00:00
page-sitemap.xml,https://nad-lan.co.il/real-estate-lawyer/apartment-sale-contract/,2026-06-15T15:12:08+00:00
page-sitemap.xml,https://nad-lan.co.il/real-estate-tax-advisor/betterment-levy/,2026-06-15T15:12:13+00:00
page-sitemap.xml,https://nad-lan.co.il/real-estate-tax-advisor/capital-gains-tax-exemption/,2026-06-15T15:12:18+00:00
page-sitemap.xml,https://nad-lan.co.il/investment/apartments-for-investment/,2026-06-15T15:12:28+00:00
page-sitemap.xml,https://nad-lan.co.il/investment/bank-guarantee-purchase/,2026-06-15T15:12:32+00:00
page-sitemap.xml,https://nad-lan.co.il/investment/real-estate-yield/,2026-06-15T15:12:40+00:00
page-sitemap.xml,https://nad-lan.co.il/short-term-rentals-abroad/short-term-rentals-italy/,2026-06-15T15:13:10+00:00
page-sitemap.xml,https://nad-lan.co.il/short-term-rentals-abroad/short-term-rentals-spain/,2026-06-15T15:13:16+00:00
page-sitemap.xml,https://nad-lan.co.il/short-term-rentals-abroad/short-term-rentals-cyprus/,2026-06-15T15:13:20+00:00
page-sitemap.xml,https://nad-lan.co.il/short-term-rentals-abroad/short-term-rentals-dubai/,2026-06-15T15:13:26+00:00
page-sitemap.xml,https://nad-lan.co.il/short-term-rentals-abroad/short-term-rentals-thailand/,2026-06-15T15:13:31+00:00
page-sitemap.xml,https://nad-lan.co.il/short-term-rentals-abroad/short-term-rentals-portugal/,2026-06-15T15:13:34+00:00
page-sitemap.xml,https://nad-lan.co.il/short-term-rentals-abroad/short-term-rentals-greece/,2026-06-15T15:13:39+00:00
page-sitemap.xml,https://nad-lan.co.il/north-tel-aviv/,2026-06-15T15:18:29+00:00
page-sitemap.xml,https://nad-lan.co.il/ramat-aviv/neve-avivim/,2026-06-15T16:48:14+00:00
page-sitemap.xml,https://nad-lan.co.il/north-tel-aviv/shchunat-lamed/,2026-06-15T16:50:25+00:00
page-sitemap.xml,https://nad-lan.co.il/ramat-aviv/ramat-aviv-mall/,2026-06-15T16:50:29+00:00
page-sitemap.xml,https://nad-lan.co.il/north-tel-aviv/miriam-hahashmonait/,2026-06-15T18:13:54+00:00
page-sitemap.xml,https://nad-lan.co.il/north-tel-aviv/old-north/,2026-06-15T18:19:09+00:00
page-sitemap.xml,https://nad-lan.co.il/north-tel-aviv/bavli/,2026-06-15T19:20:14+00:00
page-sitemap.xml,https://nad-lan.co.il/bat-yam/,2026-06-16T10:36:10+00:00
page-sitemap.xml,https://nad-lan.co.il/herzliya-pituach-luxury/,2026-06-16T11:37:49+00:00
page-sitemap.xml,https://nad-lan.co.il/mortgage-advisor/,2026-06-17T17:38:31+00:00
page-sitemap.xml,https://nad-lan.co.il/property-value/,2026-06-17T17:38:52+00:00
page-sitemap.xml,https://nad-lan.co.il/commercial-real-estate/,2026-06-17T17:38:57+00:00
page-sitemap.xml,https://nad-lan.co.il/architect-building-permit/,2026-06-17T17:39:02+00:00
page-sitemap.xml,https://nad-lan.co.il/property-management/,2026-06-17T17:39:07+00:00
page-sitemap.xml,https://nad-lan.co.il/mortgage-home-insurance/,2026-06-17T17:39:12+00:00
page-sitemap.xml,https://nad-lan.co.il/renovation-contractor/,2026-06-17T17:39:17+00:00
page-sitemap.xml,https://nad-lan.co.il/mortgage-refinance/,2026-06-17T17:39:22+00:00
page-sitemap.xml,https://nad-lan.co.il/apartment-purchase-cost-calculator/,2026-06-17T17:39:30+00:00
page-sitemap.xml,https://nad-lan.co.il/commercial-real-estate/commercial-center-investment-property/,2026-06-17T17:39:58+00:00
page-sitemap.xml,https://nad-lan.co.il/commercial-real-estate/tel-aviv-office-prices/,2026-06-17T17:40:03+00:00
page-sitemap.xml,https://nad-lan.co.il/sde-dov/parks/,2026-06-17T17:40:11+00:00
page-sitemap.xml,https://nad-lan.co.il/advertise/,2026-07-02T14:23:34+00:00
page-sitemap.xml,https://nad-lan.co.il/ar/,2026-07-03T19:39:31+00:00
page-sitemap.xml,https://nad-lan.co.il/buy-or-rent/,2026-07-04T20:34:26+00:00
page-sitemap.xml,https://nad-lan.co.il/premium/,2026-07-04T20:51:55+00:00
page-sitemap.xml,https://nad-lan.co.il/glossary/,2026-07-06T18:02:33+00:00
page-sitemap.xml,https://nad-lan.co.il/accessibility-statement/,2026-07-06T19:40:23+00:00
page-sitemap.xml,https://nad-lan.co.il/join-pro/,2026-07-07T07:24:56+00:00
page-sitemap.xml,https://nad-lan.co.il/urban-renewal/pinui-binui/,2026-07-11T23:13:20+00:00
page-sitemap.xml,https://nad-lan.co.il/urban-renewal/tama-38/,2026-07-11T23:13:24+00:00
page-sitemap.xml,https://nad-lan.co.il/urban-renewal/check/,2026-07-11T23:26:12+00:00
page-sitemap.xml,https://nad-lan.co.il/urban-renewal/map/,2026-07-12T05:53:51+00:00
page-sitemap.xml,https://nad-lan.co.il/editorial-policy/,2026-07-12T06:50:15+00:00
page-sitemap.xml,https://nad-lan.co.il/urban-renewal/tama-38-alternatives/,2026-07-12T09:10:50+00:00
page-sitemap.xml,https://nad-lan.co.il/urban-renewal/english-guide/,2026-07-12T09:11:22+00:00
page-sitemap.xml,https://nad-lan.co.il/%d7%9e%d7%93%d7%99%d7%a0%d7%99%d7%95%d7%aa-%d7%a4%d7%a8%d7%98%d7%99%d7%95%d7%aa/,2026-07-30T11:06:26+00:00
page-sitemap.xml,https://nad-lan.co.il/developers/,2026-08-02T10:23:32+00:00
page-sitemap.xml,https://nad-lan.co.il/michraz-dirot/,2026-08-04T19:26:21+00:00
page-sitemap.xml,https://nad-lan.co.il/en/guides/,2026-08-08T09:29:16+00:00
page-sitemap.xml,https://nad-lan.co.il/fr/guides/,2026-08-08T09:29:18+00:00
page-sitemap.xml,https://nad-lan.co.il/guides/new-apartment-sale-specification/,2026-08-08T09:29:25+00:00
page-sitemap.xml,https://nad-lan.co.il/en/guides/new-apartment-sale-specification/,2026-08-08T09:29:26+00:00
page-sitemap.xml,https://nad-lan.co.il/fr/guides/new-apartment-sale-specification/,2026-08-08T09:29:28+00:00
page-sitemap.xml,https://nad-lan.co.il/ru/guides/new-apartment-sale-specification/,2026-08-08T09:29:29+00:00
page-sitemap.xml,https://nad-lan.co.il/ar/guides/new-apartment-sale-specification/,2026-08-08T09:29:30+00:00
page-sitemap.xml,https://nad-lan.co.il/en/new-projects/,2026-08-08T09:31:37+00:00
page-sitemap.xml,https://nad-lan.co.il/fr/new-projects/,2026-08-08T09:31:40+00:00
page-sitemap.xml,https://nad-lan.co.il/ru/new-projects/,2026-08-08T09:31:45+00:00
page-sitemap.xml,https://nad-lan.co.il/ar/new-projects/,2026-08-08T09:31:49+00:00
page-sitemap.xml,https://nad-lan.co.il/guides/new-project-management-fees/,2026-08-09T07:00:00+00:00
page-sitemap.xml,https://nad-lan.co.il/en/guides/new-project-management-fees/,2026-08-09T07:00:00+00:00
page-sitemap.xml,https://nad-lan.co.il/fr/guides/new-project-management-fees/,2026-08-09T07:00:00+00:00
page-sitemap.xml,https://nad-lan.co.il/ru/guides/new-project-management-fees/,2026-08-09T07:00:00+00:00
page-sitemap.xml,https://nad-lan.co.il/ar/guides/new-project-management-fees/,2026-08-09T07:00:00+00:00
page-sitemap.xml,https://nad-lan.co.il/guides/new-project-ev-charging/,2026-08-10T07:00:00+00:00
page-sitemap.xml,https://nad-lan.co.il/en/guides/new-project-ev-charging/,2026-08-10T07:00:00+00:00
page-sitemap.xml,https://nad-lan.co.il/fr/guides/new-project-ev-charging/,2026-08-10T07:00:00+00:00
page-sitemap.xml,https://nad-lan.co.il/ru/guides/new-project-ev-charging/,2026-08-10T07:00:00+00:00
page-sitemap.xml,https://nad-lan.co.il/guides/ultra-prime-construction/,2026-08-10T18:32:48+00:00
page-sitemap.xml,https://nad-lan.co.il/guides/groundwater-deep-basements/,2026-08-10T18:32:49+00:00
page-sitemap.xml,https://nad-lan.co.il/guides/residential-tower-envelope-glass/,2026-08-10T18:32:50+00:00
page-sitemap.xml,https://nad-lan.co.il/guides/luxury-residential-pool-spa/,2026-08-10T18:32:52+00:00
page-sitemap.xml,https://nad-lan.co.il/guides/residential-commissioning-year-15/,2026-08-10T18:32:53+00:00
page-sitemap.xml,https://nad-lan.co.il/guides/neighboring-development-check/,2026-08-11T07:00:00+00:00
page-sitemap.xml,https://nad-lan.co.il/en/guides/neighboring-development-check/,2026-08-11T07:00:00+00:00
page-sitemap.xml,https://nad-lan.co.il/fr/guides/neighboring-development-check/,2026-08-11T07:00:00+00:00
page-sitemap.xml,https://nad-lan.co.il/ru/guides/neighboring-development-check/,2026-08-11T07:00:00+00:00
page-sitemap.xml,https://nad-lan.co.il/ar/guides/neighboring-development-check/,2026-08-11T07:00:00+00:00
page-sitemap.xml,https://nad-lan.co.il/guides/new-apartment-acoustics/,2026-08-12T07:00:00+00:00
page-sitemap.xml,https://nad-lan.co.il/en/guides/new-apartment-acoustics/,2026-08-12T07:00:00+00:00
page-sitemap.xml,https://nad-lan.co.il/fr/guides/new-apartment-acoustics/,2026-08-12T07:00:00+00:00
page-sitemap.xml,https://nad-lan.co.il/ru/guides/new-apartment-acoustics/,2026-08-12T07:00:00+00:00
page-sitemap.xml,https://nad-lan.co.il/contact/,2026-08-12T07:53:42+00:00
page-sitemap.xml,https://nad-lan.co.il/new-projects/,2026-08-12T20:15:51+00:00
page-sitemap.xml,https://nad-lan.co.il/guides/residential-tower-elevators/,2026-08-13T07:00:00+00:00
page-sitemap.xml,https://nad-lan.co.il/en/guides/residential-tower-elevators/,2026-08-13T07:00:00+00:00
page-sitemap.xml,https://nad-lan.co.il/fr/guides/residential-tower-elevators/,2026-08-13T07:00:00+00:00
page-sitemap.xml,https://nad-lan.co.il/ru/guides/residential-tower-elevators/,2026-08-13T07:00:00+00:00
page-sitemap.xml,https://nad-lan.co.il/guides/common-property-handover/,2026-08-14T07:00:00+00:00
page-sitemap.xml,https://nad-lan.co.il/en/guides/common-property-handover/,2026-08-14T07:00:00+00:00
page-sitemap.xml,https://nad-lan.co.il/fr/guides/common-property-handover/,2026-08-14T07:00:00+00:00
page-sitemap.xml,https://nad-lan.co.il/ru/guides/common-property-handover/,2026-08-14T07:00:00+00:00
page-sitemap.xml,https://nad-lan.co.il/ar/guides/common-property-handover/,2026-08-14T07:00:00+00:00
page-sitemap.xml,https://nad-lan.co.il/guides/new-project-parking/,2026-08-15T07:00:00+00:00
page-sitemap.xml,https://nad-lan.co.il/en/guides/new-project-parking/,2026-08-15T07:00:00+00:00
page-sitemap.xml,https://nad-lan.co.il/fr/guides/new-project-parking/,2026-08-15T07:00:00+00:00
page-sitemap.xml,https://nad-lan.co.il/ru/guides/new-project-parking/,2026-08-15T07:00:00+00:00
page-sitemap.xml,https://nad-lan.co.il/guides/residential-project-pool/,2026-08-16T07:00:00+00:00
page-sitemap.xml,https://nad-lan.co.il/en/guides/residential-project-pool/,2026-08-16T07:00:00+00:00
page-sitemap.xml,https://nad-lan.co.il/fr/guides/residential-project-pool/,2026-08-16T07:00:00+00:00
page-sitemap.xml,https://nad-lan.co.il/ru/guides/residential-project-pool/,2026-08-16T07:00:00+00:00
page-sitemap.xml,https://nad-lan.co.il/guides/new-apartment-balcony/,2026-08-17T07:00:00+00:00
page-sitemap.xml,https://nad-lan.co.il/en/guides/new-apartment-balcony/,2026-08-17T07:00:00+00:00
page-sitemap.xml,https://nad-lan.co.il/fr/guides/new-apartment-balcony/,2026-08-17T07:00:00+00:00
page-sitemap.xml,https://nad-lan.co.il/ru/guides/new-apartment-balcony/,2026-08-17T07:00:00+00:00
page-sitemap.xml,https://nad-lan.co.il/ar/guides/new-apartment-balcony/,2026-08-17T07:00:00+00:00
page-sitemap.xml,https://nad-lan.co.il/guides/residential-project-wellness/,2026-08-18T07:00:00+00:00
page-sitemap.xml,https://nad-lan.co.il/en/guides/residential-project-wellness/,2026-08-18T07:00:00+00:00
page-sitemap.xml,https://nad-lan.co.il/fr/guides/residential-project-wellness/,2026-08-18T07:00:00+00:00
page-sitemap.xml,https://nad-lan.co.il/ru/guides/residential-project-wellness/,2026-08-18T07:00:00+00:00
page-sitemap.xml,https://nad-lan.co.il/sde-dov/prices/,2026-08-18T12:03:00+00:00
page-sitemap.xml,https://nad-lan.co.il/sde-dov/merkaz/,2026-08-18T12:03:03+00:00
page-sitemap.xml,https://nad-lan.co.il/herzliya-projects/,2026-08-18T12:03:24+00:00
page-sitemap.xml,https://nad-lan.co.il/new-projects/north-tel-aviv-new-projects/,2026-08-18T12:03:27+00:00
page-sitemap.xml,https://nad-lan.co.il/investment/,2026-08-18T12:03:50+00:00
page-sitemap.xml,https://nad-lan.co.il/ru/,2026-08-18T12:05:10+00:00
page-sitemap.xml,https://nad-lan.co.il/fr/,2026-08-18T12:05:11+00:00
page-sitemap.xml,https://nad-lan.co.il/en/,2026-08-18T12:05:12+00:00
page-sitemap.xml,https://nad-lan.co.il/mortgage-calculator/,2026-08-18T12:23:18+00:00
page-sitemap.xml,https://nad-lan.co.il/purchase-tax-calculator/,2026-08-18T12:23:23+00:00
page-sitemap.xml,https://nad-lan.co.il/investment-property-mortgage/,2026-08-18T12:23:29+00:00
page-sitemap.xml,https://nad-lan.co.il/mortgage-calculator/reverse-mortgage/,2026-08-18T13:12:01+00:00
page-sitemap.xml,https://nad-lan.co.il/ru/property-value-estimator/,2026-08-18T18:13:11+00:00
page-sitemap.xml,https://nad-lan.co.il/fr/property-value-estimator/,2026-08-18T18:13:18+00:00
page-sitemap.xml,https://nad-lan.co.il/selling-apartment/,2026-08-18T19:04:41+00:00
page-sitemap.xml,https://nad-lan.co.il/buying-apartment/,2026-08-18T19:04:44+00:00
page-sitemap.xml,https://nad-lan.co.il/tel-aviv-plans/kfir-renewal/,2026-08-18T21:19:47+00:00
page-sitemap.xml,https://nad-lan.co.il/tel-aviv-plans/hatikva-reparcelation/,2026-08-18T21:19:53+00:00
page-sitemap.xml,https://nad-lan.co.il/tel-aviv-plans/southeast-renewal/,2026-08-18T21:19:58+00:00
page-sitemap.xml,https://nad-lan.co.il/tel-aviv-plans/levana-renewal/,2026-08-18T21:20:02+00:00
page-sitemap.xml,https://nad-lan.co.il/tel-aviv-plans/ramat-hatayasim/,2026-08-18T21:20:06+00:00
page-sitemap.xml,https://nad-lan.co.il/tel-aviv-plans/florentin/,2026-08-18T21:20:10+00:00
page-sitemap.xml,https://nad-lan.co.il/tel-aviv-plans/neot-afeka-b/,2026-08-18T21:20:14+00:00
page-sitemap.xml,https://nad-lan.co.il/tel-aviv-plans/neve-avivim-plan/,2026-08-18T21:20:18+00:00
page-sitemap.xml,https://nad-lan.co.il/tel-aviv-plans/yad-eliyahu/,2026-08-18T21:20:22+00:00
page-sitemap.xml,https://nad-lan.co.il/tel-aviv-plans/carmel-market/,2026-08-18T21:20:26+00:00
page-sitemap.xml,https://nad-lan.co.il/tel-aviv-plans/central-station/,2026-08-18T21:20:30+00:00
page-sitemap.xml,https://nad-lan.co.il/tel-aviv-plans/how-planning-works/,2026-08-18T21:20:34+00:00
page-sitemap.xml,https://nad-lan.co.il/tel-aviv-plans/infrastructure-2026/,2026-08-18T21:20:38+00:00
page-sitemap.xml,https://nad-lan.co.il/tel-aviv-plans/public-buildings/,2026-08-18T21:20:43+00:00
page-sitemap.xml,https://nad-lan.co.il/property-value-estimator/,2026-08-18T21:33:24+00:00
page-sitemap.xml,https://nad-lan.co.il/ramat-hasharon-apartment-prices/,2026-08-18T21:34:23+00:00
page-sitemap.xml,https://nad-lan.co.il/savyon-house-prices/,2026-08-18T21:34:34+00:00
page-sitemap.xml,https://nad-lan.co.il/kiryat-ono-apartment-prices/,2026-08-18T21:35:04+00:00
page-sitemap.xml,https://nad-lan.co.il/ramat-gan-apartment-prices/,2026-08-18T21:35:12+00:00
page-sitemap.xml,https://nad-lan.co.il/netanya-apartment-prices/,2026-08-18T21:35:27+00:00
page-sitemap.xml,https://nad-lan.co.il/eilat-apartment-prices/,2026-08-18T21:36:06+00:00
page-sitemap.xml,https://nad-lan.co.il/tel-aviv-apartment-prices/,2026-08-18T21:38:37+00:00
page-sitemap.xml,https://nad-lan.co.il/neve-tzedek-apartment-prices/,2026-08-18T21:38:43+00:00
page-sitemap.xml,https://nad-lan.co.il/herzliya-pituach-apartment-prices/,2026-08-18T21:38:48+00:00
page-sitemap.xml,https://nad-lan.co.il/raanana-apartment-prices/,2026-08-18T21:38:53+00:00
page-sitemap.xml,https://nad-lan.co.il/kfar-shmaryahu-house-prices/,2026-08-18T21:38:58+00:00
page-sitemap.xml,https://nad-lan.co.il/rishpon-house-prices/,2026-08-18T21:39:03+00:00
page-sitemap.xml,https://nad-lan.co.il/arsuf-house-prices/,2026-08-18T21:39:08+00:00
page-sitemap.xml,https://nad-lan.co.il/tel-aviv-luxury-apartment-prices/,2026-08-18T21:39:12+00:00
page-sitemap.xml,https://nad-lan.co.il/tel-aviv-penthouse-prices/,2026-08-18T21:39:17+00:00
page-sitemap.xml,https://nad-lan.co.il/tel-aviv-seafront-apartment-prices/,2026-08-18T21:39:22+00:00
page-sitemap.xml,https://nad-lan.co.il/hod-hasharon-apartment-prices/,2026-08-18T21:39:41+00:00
page-sitemap.xml,https://nad-lan.co.il/givatayim-apartment-prices/,2026-08-18T21:39:51+00:00
page-sitemap.xml,https://nad-lan.co.il/petah-tikva-apartment-prices/,2026-08-18T21:39:56+00:00
page-sitemap.xml,https://nad-lan.co.il/haifa-apartment-prices/,2026-08-18T21:40:00+00:00
page-sitemap.xml,https://nad-lan.co.il/rishon-lezion-apartment-prices/,2026-08-18T21:40:05+00:00
page-sitemap.xml,https://nad-lan.co.il/bat-yam-apartment-prices/,2026-08-18T21:40:11+00:00
page-sitemap.xml,https://nad-lan.co.il/holon-apartment-prices/,2026-08-18T21:40:16+00:00
page-sitemap.xml,https://nad-lan.co.il/ashdod-apartment-prices/,2026-08-18T21:40:20+00:00
page-sitemap.xml,https://nad-lan.co.il/beer-sheva-apartment-prices/,2026-08-18T21:40:25+00:00
page-sitemap.xml,https://nad-lan.co.il/rehovot-apartment-prices/,2026-08-18T21:40:30+00:00
page-sitemap.xml,https://nad-lan.co.il/ashkelon-apartment-prices/,2026-08-18T21:40:35+00:00
page-sitemap.xml,https://nad-lan.co.il/bnei-brak-apartment-prices/,2026-08-18T21:40:39+00:00
page-sitemap.xml,https://nad-lan.co.il/apartment-prices/,2026-08-18T21:42:32+00:00
page-sitemap.xml,https://nad-lan.co.il/jerusalem-apartment-prices/,2026-08-18T21:46:08+00:00
page-sitemap.xml,https://nad-lan.co.il/fr/guides/tower-resilience-systems/,2026-08-19T07:00:00+00:00
page-sitemap.xml,https://nad-lan.co.il/ru/guides/tower-resilience-systems/,2026-08-19T07:00:00+00:00
page-sitemap.xml,https://nad-lan.co.il/ar/guides/tower-resilience-systems/,2026-08-19T07:00:00+00:00
page-sitemap.xml,https://nad-lan.co.il/guides/tower-resilience-systems/,2026-08-19T07:00:00+00:00
page-sitemap.xml,https://nad-lan.co.il/en/guides/tower-resilience-systems/,2026-08-19T07:00:00+00:00
page-sitemap.xml,https://nad-lan.co.il/guides/new-apartment-mamad/,2026-08-20T07:00:00+00:00
page-sitemap.xml,https://nad-lan.co.il/en/guides/new-apartment-mamad/,2026-08-20T07:00:00+00:00
page-sitemap.xml,https://nad-lan.co.il/fr/guides/new-apartment-mamad/,2026-08-20T07:00:00+00:00
page-sitemap.xml,https://nad-lan.co.il/ru/guides/new-apartment-mamad/,2026-08-20T07:00:00+00:00
page-sitemap.xml,https://nad-lan.co.il/ar/guides/new-apartment-mamad/,2026-08-20T07:00:00+00:00
page-sitemap.xml,https://nad-lan.co.il/tel-aviv-plans/ayalon-roof/,2026-08-20T10:23:19+00:00
page-sitemap.xml,https://nad-lan.co.il/tel-aviv-plans/northwest-3700/,2026-08-20T10:23:23+00:00
page-sitemap.xml,https://nad-lan.co.il/tel-aviv-plans/kikar-atarim/,2026-08-20T10:23:26+00:00
page-sitemap.xml,https://nad-lan.co.il/developer-deals/,2026-08-20T10:26:55+00:00
page-sitemap.xml,https://nad-lan.co.il/sde-dov/,2026-08-20T10:36:46+00:00
page-sitemap.xml,https://nad-lan.co.il/tel-aviv-plans/,2026-08-20T10:38:59+00:00
page-sitemap.xml,https://nad-lan.co.il/en/developer-deals/,2026-08-20T10:40:56+00:00
page-sitemap.xml,https://nad-lan.co.il/guides/mixed-use-residential-project/,2026-08-21T07:00:00+00:00
page-sitemap.xml,https://nad-lan.co.il/en/guides/mixed-use-residential-project/,2026-08-21T07:00:00+00:00
page-sitemap.xml,https://nad-lan.co.il/fr/guides/mixed-use-residential-project/,2026-08-21T07:00:00+00:00
page-sitemap.xml,https://nad-lan.co.il/ru/guides/mixed-use-residential-project/,2026-08-21T07:00:00+00:00
page-sitemap.xml,https://nad-lan.co.il/ar/guides/mixed-use-residential-project/,2026-08-21T07:00:00+00:00
page-sitemap.xml,https://nad-lan.co.il/guides/new-apartment-buyer-changes/,2026-08-22T07:00:00+00:00
page-sitemap.xml,https://nad-lan.co.il/en/guides/new-apartment-buyer-changes/,2026-08-22T07:00:00+00:00
page-sitemap.xml,https://nad-lan.co.il/fr/guides/new-apartment-buyer-changes/,2026-08-22T07:00:00+00:00
page-sitemap.xml,https://nad-lan.co.il/ru/guides/new-apartment-buyer-changes/,2026-08-22T07:00:00+00:00
page-sitemap.xml,https://nad-lan.co.il/ar/guides/new-apartment-buyer-changes/,2026-08-22T07:00:00+00:00
page-sitemap.xml,https://nad-lan.co.il/construction-engineering-guide/,2026-08-22T18:31:29+00:00
page-sitemap.xml,https://nad-lan.co.il/guides/remote-new-apartment-handover-israel/,2026-08-23T07:00:00+00:00
page-sitemap.xml,https://nad-lan.co.il/en/guides/remote-new-apartment-handover-israel/,2026-08-23T07:00:00+00:00
page-sitemap.xml,https://nad-lan.co.il/fr/guides/remote-new-apartment-handover-israel/,2026-08-23T07:00:00+00:00
page-sitemap.xml,https://nad-lan.co.il/ru/guides/remote-new-apartment-handover-israel/,2026-08-23T07:00:00+00:00
page-sitemap.xml,https://nad-lan.co.il/ar/guides/remote-new-apartment-handover-israel/,2026-08-23T07:00:00+00:00
page-sitemap.xml,https://nad-lan.co.il/guides/,2026-08-24T19:06:07+00:00
page-sitemap.xml,https://nad-lan.co.il/ru/guides/,2026-08-24T19:08:51+00:00
page-sitemap.xml,https://nad-lan.co.il/ar/guides/,2026-08-24T19:10:33+00:00
page-sitemap.xml,https://nad-lan.co.il/tours/,2026-08-31T12:09:29+00:00
page-sitemap.xml,https://nad-lan.co.il/post-listing/,2026-09-23T18:49:38+00:00
page-sitemap.xml,https://nad-lan.co.il/en/brokers/,2026-09-23T19:00:40+00:00
page-sitemap.xml,https://nad-lan.co.il/ru/brokers/,2026-09-23T19:00:43+00:00
page-sitemap.xml,https://nad-lan.co.il/fr/brokers/,2026-09-23T19:00:46+00:00
page-sitemap.xml,https://nad-lan.co.il/brokers/meital-katzir/,2026-09-23T19:03:11+00:00
page-sitemap.xml,https://nad-lan.co.il/en/brokers/meital-katzir/,2026-09-23T19:03:14+00:00
page-sitemap.xml,https://nad-lan.co.il/en/brokers/meital-katzir/herzliya-pituach-private-estate-for-sale/,2026-09-24T10:26:52+00:00
page-sitemap.xml,https://nad-lan.co.il/en/brokers/meital-katzir/kochav-hatzafon-new-mini-penthouse-for-sale/,2026-09-24T10:26:55+00:00
page-sitemap.xml,https://nad-lan.co.il/en/brokers/meital-katzir/migdalei-neeman-4-5-room-apartment-for-sale/,2026-09-24T10:26:58+00:00
page-sitemap.xml,https://nad-lan.co.il/en/brokers/meital-katzir/tzukei-aviv-furnished-3-5-rooms-tenanted-for-sale/,2026-09-24T10:27:01+00:00
page-sitemap.xml,https://nad-lan.co.il/en/brokers/meital-katzir/tzukei-aviv-3-room-apartment-for-sale/,2026-09-24T10:27:04+00:00
page-sitemap.xml,https://nad-lan.co.il/en/brokers/meital-katzir/tzukei-aviv-double-height-mini-penthouse-for-rent/,2026-09-24T10:27:07+00:00
page-sitemap.xml,https://nad-lan.co.il/en/brokers/meital-katzir/bsr-sarona-designer-4-5-room-apartment-for-rent/,2026-09-24T10:27:10+00:00
page-sitemap.xml,https://nad-lan.co.il/en/brokers/meital-katzir/bsr-sarona-5-room-sea-view-apartment-for-rent/,2026-09-24T10:27:13+00:00
page-sitemap.xml,https://nad-lan.co.il/en/brokers/meital-katzir/nofei-yam-5-room-mini-penthouse-for-rent/,2026-09-24T10:27:16+00:00
page-sitemap.xml,https://nad-lan.co.il/en/brokers/meital-katzir/nofei-yam-3-room-apartment-for-rent/,2026-09-24T10:27:19+00:00
page-sitemap.xml,https://nad-lan.co.il/en/brokers/meital-katzir/ramat-aviv-5-room-apartment-pool-complex-for-rent/,2026-09-24T10:27:22+00:00
page-sitemap.xml,https://nad-lan.co.il/herzliya-apartment-prices/,2026-09-24T12:03:50+00:00
page-sitemap.xml,https://nad-lan.co.il/selling-apartment/pricing-apartment-for-sale/,2026-09-24T12:03:51+00:00
page-sitemap.xml,https://nad-lan.co.il/new-projects/new-projects-tel-aviv/,2026-09-24T12:03:55+00:00
page-sitemap.xml,https://nad-lan.co.il/investment-apartment/tel-aviv-investment-neighborhoods/,2026-09-24T12:03:56+00:00
page-sitemap.xml,https://nad-lan.co.il/investment/where-to-buy-investment-apartment/,2026-09-24T12:03:57+00:00
page-sitemap.xml,https://nad-lan.co.il/investment/ashkelon-investment-apartment/,2026-09-24T12:03:59+00:00
page-sitemap.xml,https://nad-lan.co.il/investment/kfar-saba-investment-apartment/,2026-09-24T12:04:00+00:00
page-sitemap.xml,https://nad-lan.co.il/modiin-apartment-prices/,2026-09-24T12:04:01+00:00
page-sitemap.xml,https://nad-lan.co.il/kfar-saba-apartment-prices/,2026-09-24T12:04:02+00:00
page-sitemap.xml,https://nad-lan.co.il/commercial-real-estate/warehouse-prices-gush-dan/,2026-09-24T12:04:03+00:00
page-sitemap.xml,https://nad-lan.co.il/commercial-real-estate/office-prices-petah-tikva/,2026-09-24T12:04:04+00:00
page-sitemap.xml,https://nad-lan.co.il/commercial-real-estate/commercial-property-prices-haifa/,2026-09-24T12:04:06+00:00
page-sitemap.xml,https://nad-lan.co.il/about/,2026-09-24T12:19:41+00:00
page-sitemap.xml,https://nad-lan.co.il/apartment-deal-check/,2026-09-24T12:19:42+00:00
page-sitemap.xml,https://nad-lan.co.il/privacy/,2026-09-24T17:09:13+00:00
page-sitemap.xml,https://nad-lan.co.il/terms/,2026-09-24T17:09:14+00:00
page-sitemap.xml,https://nad-lan.co.il/firgun/,2026-09-24T19:17:52+00:00
page-sitemap.xml,https://nad-lan.co.il/brokers/,2026-09-28T15:13:21+00:00
page-sitemap.xml,https://nad-lan.co.il/urban-renewal/,2026-10-03T10:33:43+00:00
page-sitemap.xml,https://nad-lan.co.il/en/buy-property-in-israel/,2026-10-05T15:58:02+00:00
product-sitemap.xml,https://nad-lan.co.il/shop/,2026-07-07T06:52:15+00:00
product-sitemap.xml,https://nad-lan.co.il/product/%d7%a8%d7%99%d7%a9%d7%95%d7%9d-%d7%91%d7%a1%d7%99%d7%a1%d7%99-%d7%90%d7%a0%d7%a9%d7%99-%d7%9e%d7%a7%d7%a6%d7%95%d7%a2-%d7%a0%d7%93%d7%9c%d7%9f/,2026-05-30T09:10:06+00:00
product-sitemap.xml,https://nad-lan.co.il/product/premier-%d7%97%d7%a9%d7%99%d7%a4%d7%94-%d7%9e%d7%95%d7%92%d7%91%d7%a8%d7%aa-%d7%9c%d7%90%d7%a0%d7%a9%d7%99-%d7%9e%d7%a7%d7%a6%d7%95%d7%a2/,2026-05-30T09:10:08+00:00
product-sitemap.xml,https://nad-lan.co.il/product/%d7%a7%d7%9e%d7%a4%d7%99%d7%99%d7%9f-%d7%a4%d7%a8%d7%95%d7%99%d7%a7%d7%98-%d7%99%d7%96%d7%9e%d7%99%d7%9d-%d7%95%d7%a7%d7%91%d7%9c%d7%a0%d7%99%d7%9d/,2026-05-30T09:10:10+00:00
product-sitemap.xml,https://nad-lan.co.il/product/%d7%9e%d7%95%d7%93%d7%a2%d7%94-%d7%9e%d7%a7%d7%95%d7%93%d7%9e%d7%aa-%d7%9c%d7%a0%d7%9b%d7%a1-%d7%9e%d7%95%d7%9b%d7%a8-%d7%a7%d7%95%d7%a0%d7%94-%d7%a4%d7%a8%d7%98%d7%99/,2026-05-30T09:10:11+00:00
product-sitemap.xml,https://nad-lan.co.il/product/pro-%d7%90%d7%a0%d7%a9%d7%99-%d7%9e%d7%a7%d7%a6%d7%95%d7%a2-%d7%a0%d7%93%d7%9c%d7%9f-%d7%97%d7%95%d7%93%d7%a9-%d7%a8%d7%90%d7%a9%d7%95%d7%9f-%d7%97%d7%99%d7%a0%d7%9d/,2026-07-06T13:18:23+00:00
product-sitemap.xml,https://nad-lan.co.il/product/%d7%97%d7%a1%d7%95%d7%aa-%d7%aa%d7%97%d7%95%d7%9d-%d7%aa%d7%95%d7%9b%d7%9f-30-%d7%99%d7%95%d7%9d/,2026-07-07T06:52:15+00:00
nadlan_term-sitemap.xml,https://nad-lan.co.il/glossary/combination-deal/,2026-06-02T20:13:28+00:00
nadlan_term-sitemap.xml,https://nad-lan.co.il/glossary/statute-of-limitations-property/,2026-06-02T20:13:34+00:00
nadlan_term-sitemap.xml,https://nad-lan.co.il/glossary/escrow-account/,2026-06-02T20:13:39+00:00
nadlan_term-sitemap.xml,https://nad-lan.co.il/glossary/expropriation/,2026-06-02T20:13:45+00:00
nadlan_term-sitemap.xml,https://nad-lan.co.il/glossary/perpetual-lease/,2026-06-02T20:13:51+00:00
nadlan_term-sitemap.xml,https://nad-lan.co.il/glossary/right-of-first-refusal/,2026-06-02T20:13:57+00:00
nadlan_term-sitemap.xml,https://nad-lan.co.il/glossary/land-registry-extract/,2026-06-02T20:14:02+00:00
nadlan_term-sitemap.xml,https://nad-lan.co.il/glossary/return-on-equity/,2026-06-02T20:14:09+00:00
nadlan_term-sitemap.xml,https://nad-lan.co.il/glossary/net-operating-income/,2026-06-02T20:14:14+00:00
nadlan_term-sitemap.xml,https://nad-lan.co.il/glossary/cap-rate/,2026-06-02T20:14:19+00:00
nadlan_term-sitemap.xml,https://nad-lan.co.il/glossary/spitzer-vs-equal-principal/,2026-06-02T20:14:25+00:00
nadlan_term-sitemap.xml,https://nad-lan.co.il/glossary/equal-principal-loan/,2026-06-02T20:14:30+00:00
nadlan_term-sitemap.xml,https://nad-lan.co.il/glossary/mortgage-grace-period/,2026-06-02T20:14:36+00:00
nadlan_term-sitemap.xml,https://nad-lan.co.il/glossary/payment-to-income-ratio/,2026-06-02T20:14:41+00:00
nadlan_term-sitemap.xml,https://nad-lan.co.il/glossary/loan-to-value/,2026-06-02T20:14:46+00:00
nadlan_term-sitemap.xml,https://nad-lan.co.il/glossary/precast-element/,2026-06-02T20:14:51+00:00
nadlan_term-sitemap.xml,https://nad-lan.co.il/glossary/thermal-bridge/,2026-06-02T20:14:57+00:00
nadlan_term-sitemap.xml,https://nad-lan.co.il/glossary/thermal-block/,2026-06-02T20:15:02+00:00
nadlan_term-sitemap.xml,https://nad-lan.co.il/glossary/transfer-beam/,2026-06-02T20:15:07+00:00
nadlan_term-sitemap.xml,https://nad-lan.co.il/glossary/shoring-wall/,2026-06-02T20:15:13+00:00
nadlan_term-sitemap.xml,https://nad-lan.co.il/glossary/raft-foundation/,2026-06-02T20:15:18+00:00
nadlan_term-sitemap.xml,https://nad-lan.co.il/glossary/bored-pile/,2026-06-02T20:15:23+00:00
nadlan_term-sitemap.xml,https://nad-lan.co.il/glossary/kvutzat-rechisha/,2026-06-15T17:04:16+00:00
nadlan_term-sitemap.xml,https://nad-lan.co.il/glossary/pinui-binui/,2026-06-15T17:06:23+00:00
nadlan_term-sitemap.xml,https://nad-lan.co.il/glossary/penthouse/,2026-06-15T19:43:32+00:00
nadlan_term-sitemap.xml,https://nad-lan.co.il/glossary/kombinatzia/,2026-06-15T19:53:21+00:00
nadlan_term-sitemap.xml,https://nad-lan.co.il/glossary/tofes-4/,2026-06-16T11:44:19+00:00
nadlan_term-sitemap.xml,https://nad-lan.co.il/glossary/%d7%a2%d7%9c%d7%95%d7%aa-%d7%aa%d7%97%d7%9c%d7%95%d7%a4%d7%94/,2026-07-06T17:42:36+00:00
nadlan_term-sitemap.xml,https://nad-lan.co.il/glossary/%d7%99%d7%a8%d7%99%d7%a2%d7%94-%d7%91%d7%99%d7%98%d7%95%d7%9e%d7%a0%d7%99%d7%aa/,2026-07-06T18:32:36+00:00
nadlan_term-sitemap.xml,https://nad-lan.co.il/glossary/%d7%91%d7%95%d7%a8%d7%92-%d7%a2%d7%99%d7%92%d7%95%d7%9f-%d7%91%d7%98%d7%95%d7%9f/,2026-07-06T19:22:36+00:00
nadlan_term-sitemap.xml,https://nad-lan.co.il/glossary/%d7%a9%d7%99%d7%9e%d7%95%d7%a9-%d7%97%d7%95%d7%a8%d7%92/,2026-07-06T20:12:36+00:00
nadlan_term-sitemap.xml,https://nad-lan.co.il/glossary/%d7%91%d7%98%d7%95%d7%9f-%d7%91-40/,2026-07-06T21:02:36+00:00
nadlan_term-sitemap.xml,https://nad-lan.co.il/glossary/%d7%99%d7%95%d7%a2%d7%a5-%d7%97%d7%a9%d7%9e%d7%9c/,2026-07-06T21:52:36+00:00
nadlan_term-sitemap.xml,https://nad-lan.co.il/glossary/%d7%a9%d7%95%d7%95%d7%99-%d7%91%d7%9e%d7%a6%d7%91-%d7%97%d7%93%d7%a9/,2026-07-06T22:42:36+00:00
nadlan_term-sitemap.xml,https://nad-lan.co.il/glossary/%d7%90%d7%93%d7%a8%d7%99%d7%9b%d7%9c-%d7%a8%d7%a9%d7%95%d7%99/,2026-07-06T23:32:36+00:00
nadlan_term-sitemap.xml,https://nad-lan.co.il/glossary/%d7%aa%d7%a7%d7%a0%d7%95%d7%aa-%d7%94%d7%91%d7%98%d7%99%d7%97%d7%95%d7%aa-%d7%91%d7%a2%d7%91%d7%95%d7%93%d7%94-%d7%a2%d7%91%d7%95%d7%93%d7%95%d7%aa-%d7%91%d7%a0%d7%99%d7%99%d7%94/,2026-07-07T00:22:36+00:00
nadlan_term-sitemap.xml,https://nad-lan.co.il/glossary/%d7%91%d7%95%d7%a8%d7%92-%d7%a7%d7%95%d7%93%d7%97/,2026-07-07T01:12:36+00:00
nadlan_term-sitemap.xml,https://nad-lan.co.il/glossary/%d7%a7%d7%95%d7%a0%d7%a1%d7%98%d7%a8%d7%95%d7%a7%d7%98%d7%95%d7%a8/,2026-07-07T02:02:36+00:00
nadlan_term-sitemap.xml,https://nad-lan.co.il/glossary/%d7%9e%d7%97%d7%99%d7%a8%d7%95%d7%9f-%d7%93%d7%a7%d7%9c-%d7%9c%d7%91%d7%a0%d7%99%d7%99%d7%94-%d7%95%d7%aa%d7%a9%d7%aa%d7%99%d7%95%d7%aa/,2026-07-07T02:52:36+00:00
nadlan_term-sitemap.xml,https://nad-lan.co.il/glossary/%d7%aa%d7%9b%d7%a0%d7%99%d7%aa-%d7%9e%d7%aa%d7%90%d7%a8-%d7%9e%d7%a7%d7%95%d7%9e%d7%99%d7%aa/,2026-07-06T20:41:08+00:00
nadlan_term-sitemap.xml,https://nad-lan.co.il/glossary/%d7%9e%d7%94%d7%a0%d7%93%d7%a1-%d7%90%d7%96%d7%a8%d7%97%d7%99-%d7%a8%d7%a9%d7%95%d7%99/,2026-07-06T20:41:10+00:00
nadlan_term-sitemap.xml,https://nad-lan.co.il/glossary/%d7%90%d7%97%d7%95%d7%96%d7%99-%d7%91%d7%a0%d7%99%d7%99%d7%94/,2026-07-06T20:41:12+00:00
nadlan_term-sitemap.xml,https://nad-lan.co.il/glossary/%d7%94%d7%a7%d7%9c%d7%94-%d7%aa%d7%9b%d7%a0%d7%95%d7%a0%d7%99%d7%aa/,2026-07-07T03:42:36+00:00
nadlan_term-sitemap.xml,https://nad-lan.co.il/glossary/last-planner-system/,2026-07-07T04:32:36+00:00
nadlan_term-sitemap.xml,https://nad-lan.co.il/glossary/%d7%aa%d7%a7%d7%a0%d7%95%d7%aa-%d7%94%d7%94%d7%aa%d7%92%d7%95%d7%a0%d7%a0%d7%95%d7%aa-%d7%94%d7%90%d7%96%d7%a8%d7%97%d7%99%d7%aa-%d7%9e%d7%a4%d7%a8%d7%98%d7%99%d7%9d-%d7%9c%d7%91%d7%a0%d7%99%d7%99/,2026-07-07T05:22:36+00:00
nadlan_term-sitemap.xml,https://nad-lan.co.il/glossary/%d7%97%d7%a9%d7%91%d7%95%d7%9f-%d7%97%d7%9c%d7%a7%d7%99/,2026-07-07T06:12:36+00:00
nadlan_term-sitemap.xml,https://nad-lan.co.il/glossary/%d7%96%d7%9b%d7%95%d7%9b%d7%99%d7%aa-%d7%91%d7%99%d7%93%d7%95%d7%93%d7%99%d7%aa/,2026-07-07T07:02:36+00:00
nadlan_term-sitemap.xml,https://nad-lan.co.il/glossary/%d7%a1%d7%98%d7%99%d7%99%d7%94-%d7%a0%d7%99%d7%9b%d7%a8%d7%aa/,2026-07-07T08:42:36+00:00
nadlan_term-sitemap.xml,https://nad-lan.co.il/glossary/%d7%a4%d7%9c%d7%93%d7%aa-%d7%96%d7%99%d7%95%d7%9f-%d7%9e%d7%a6%d7%95%d7%9c%d7%a2%d7%aa/,2026-07-08T06:00:00+00:00
nadlan_term-sitemap.xml,https://nad-lan.co.il/glossary/%d7%95%d7%99%d7%91%d7%a8%d7%98%d7%95%d7%a8-%d7%91%d7%98%d7%95%d7%9f/,2026-07-08T06:50:00+00:00
nadlan_term-sitemap.xml,https://nad-lan.co.il/glossary/%d7%99%d7%aa%d7%a8%d7%aa-%d7%96%d7%9b%d7%95%d7%99%d7%95%d7%aa-%d7%91%d7%a0%d7%99%d7%99%d7%94/,2026-07-08T07:40:00+00:00
nadlan_term-sitemap.xml,https://nad-lan.co.il/glossary/%d7%a8%d7%99%d7%a6%d7%95%d7%a3-%d7%92%d7%a8%d7%a0%d7%99%d7%98-%d7%a4%d7%95%d7%a8%d7%a6%d7%9c%d7%9f/,2026-07-08T08:30:00+00:00
nadlan_term-sitemap.xml,https://nad-lan.co.il/glossary/%d7%9b%d7%9c%d7%95%d7%a0%d7%a1%d7%90%d7%95%d7%aa-%d7%91%d7%a0%d7%98%d7%95%d7%a0%d7%99%d7%99%d7%98/,2026-07-08T09:20:00+00:00
nadlan_term-sitemap.xml,https://nad-lan.co.il/glossary/%d7%99%d7%97%d7%a1-%d7%91%d7%a8%d7%95%d7%98%d7%95-%d7%a0%d7%98%d7%95/,2026-07-08T10:10:00+00:00
nadlan_term-sitemap.xml,https://nad-lan.co.il/glossary/%d7%a9%d7%99%d7%98%d7%aa-%d7%91%d7%a8%d7%a0%d7%95%d7%91%d7%99%d7%a5/,2026-07-08T11:00:00+00:00
nadlan_term-sitemap.xml,https://nad-lan.co.il/glossary/%d7%97%d7%95%d7%a7-%d7%94%d7%aa%d7%9b%d7%a0%d7%95%d7%9f-%d7%95%d7%94%d7%91%d7%a0%d7%99%d7%99%d7%94-%d7%aa%d7%a9%d7%9b%d7%94-1965/,2026-07-08T11:50:00+00:00
nadlan_term-sitemap.xml,https://nad-lan.co.il/glossary/%d7%aa%d7%9b%d7%a0%d7%99%d7%aa-%d7%9e%d7%a4%d7%95%d7%a8%d7%98%d7%aa/,2026-07-08T12:40:00+00:00
nadlan_term-sitemap.xml,https://nad-lan.co.il/glossary/%d7%9e%d7%a9%d7%95%d7%a8-%d7%93%d7%99%d7%a1%d7%a7/,2026-07-08T13:30:00+00:00
nadlan_term-sitemap.xml,https://nad-lan.co.il/glossary/%d7%91%d7%93%d7%99%d7%a7%d7%95%d7%aa-%d7%90%d7%9c-%d7%94%d7%a8%d7%a1/,2026-07-08T14:20:00+00:00
nadlan_term-sitemap.xml,https://nad-lan.co.il/glossary/%d7%92%d7%a8%d7%9e%d7%95%d7%a9%d7%a7%d7%94/,2026-07-08T15:10:00+00:00
nadlan_term-sitemap.xml,https://nad-lan.co.il/glossary/%d7%9c%d7%95%d7%97-%d7%92%d7%91%d7%a1-%d7%90%d7%93%d7%95%d7%9d/,2026-07-09T06:00:00+00:00
nadlan_term-sitemap.xml,https://nad-lan.co.il/glossary/%d7%a2%d7%95%d7%92%d7%9f-%d7%9b%d7%99%d7%9e%d7%99/,2026-07-09T06:50:00+00:00
nadlan_term-sitemap.xml,https://nad-lan.co.il/glossary/%d7%a4%d7%a7%d7%95%d7%93%d7%aa-%d7%a9%d7%99%d7%a0%d7%95%d7%99%d7%99%d7%9d/,2026-07-09T07:40:00+00:00
nadlan_term-sitemap.xml,https://nad-lan.co.il/glossary/%d7%a9%d7%a8%d7%a3-%d7%90%d7%a4%d7%95%d7%a7%d7%a1%d7%99-%d7%9c%d7%a2%d7%99%d7%92%d7%95%d7%9f-%d7%9b%d7%99%d7%9e%d7%99/,2026-07-09T08:30:00+00:00
nadlan_term-sitemap.xml,https://nad-lan.co.il/glossary/%d7%aa%d7%a7%d7%a0%d7%95%d7%aa-%d7%94%d7%9e%d7%93%d7%99%d7%93%d7%95%d7%aa-%d7%9e%d7%93%d7%99%d7%93%d7%95%d7%aa-%d7%95%d7%9e%d7%99%d7%a4%d7%95%d7%99-%d7%aa%d7%a9%d7%a2%d7%95-2016/,2026-07-09T09:20:00+00:00
nadlan_term-sitemap.xml,https://nad-lan.co.il/glossary/%d7%91%d7%98%d7%95%d7%9f-%d7%9e%d7%96%d7%95%d7%99%d7%9f/,2026-07-09T10:10:00+00:00
nadlan_term-sitemap.xml,https://nad-lan.co.il/glossary/%d7%9e%d7%9b%d7%95%d7%a0%d7%aa-%d7%97%d7%99%d7%aa%d7%95%d7%9a-%d7%91%d7%a8%d7%96%d7%9c/,2026-07-09T11:00:00+00:00
nadlan_term-sitemap.xml,https://nad-lan.co.il/glossary/%d7%aa%d7%99-118/,2026-07-09T11:50:00+00:00
nadlan_term-sitemap.xml,https://nad-lan.co.il/glossary/%d7%91%d7%98%d7%95%d7%9f-%d7%91-30/,2026-07-09T12:40:00+00:00
nadlan_term-sitemap.xml,https://nad-lan.co.il/glossary/%d7%9e%d7%9b%d7%95%d7%a0%d7%aa-%d7%9b%d7%99%d7%a4%d7%95%d7%a3-%d7%91%d7%a8%d7%96%d7%9c/,2026-07-09T13:30:00+00:00
nadlan_term-sitemap.xml,https://nad-lan.co.il/glossary/%d7%aa%d7%99-466/,2026-07-09T14:20:00+00:00
nadlan_term-sitemap.xml,https://nad-lan.co.il/glossary/%d7%9e%d7%a4%d7%aa-%d7%9e%d7%93%d7%99%d7%93%d7%94-%d7%9c%d7%94%d7%99%d7%aa%d7%a8/,2026-07-09T15:10:00+00:00
nadlan_term-sitemap.xml,https://nad-lan.co.il/glossary/%d7%93%d7%99%d7%a4%d7%95%d7%9f-%d7%91%d7%a8%d7%9c%d7%99%d7%a0%d7%90%d7%99/,2026-07-10T06:00:00+00:00
nadlan_term-sitemap.xml,https://nad-lan.co.il/glossary/%d7%aa%d7%a7%d7%a0%d7%95%d7%aa-%d7%94%d7%aa%d7%9b%d7%a0%d7%95%d7%9f-%d7%95%d7%94%d7%91%d7%a0%d7%99%d7%99%d7%94-%d7%a8%d7%99%d7%a9%d7%95%d7%99-%d7%91%d7%a0%d7%99%d7%99%d7%94-%d7%aa%d7%a9%d7%a2/,2026-07-10T06:50:00+00:00
nadlan_term-sitemap.xml,https://nad-lan.co.il/glossary/%d7%94%d7%aa%d7%95%d7%a1%d7%a4%d7%aa-%d7%94%d7%a9%d7%9c%d7%99%d7%a9%d7%99%d7%aa-%d7%9c%d7%97%d7%95%d7%a7-%d7%94%d7%aa%d7%9b%d7%a0%d7%95%d7%9f-%d7%95%d7%94%d7%91%d7%a0%d7%99%d7%99%d7%94/,2026-07-10T07:40:00+00:00
nadlan_term-sitemap.xml,https://nad-lan.co.il/glossary/%d7%93%d7%a7%d7%9c-%d7%aa%d7%95%d7%9b%d7%a0%d7%94/,2026-07-10T08:30:00+00:00
nadlan_term-sitemap.xml,https://nad-lan.co.il/glossary/%d7%a9%d7%95%d7%95%d7%99-%d7%a9%d7%95%d7%a7/,2026-07-10T09:20:00+00:00
nadlan_term-sitemap.xml,https://nad-lan.co.il/glossary/%d7%a8%d7%a9%d7%aa-%d7%9e%d7%a8%d7%95%d7%aa%d7%9b%d7%aa/,2026-07-10T10:10:00+00:00
nadlan_term-sitemap.xml,https://nad-lan.co.il/glossary/%d7%9e%d7%95%d7%93%d7%93-%d7%9e%d7%95%d7%a1%d7%9e%d7%9a/,2026-07-10T11:00:00+00:00
nadlan_term-sitemap.xml,https://nad-lan.co.il/glossary/%d7%a6%d7%9e%d7%a8-%d7%96%d7%9b%d7%95%d7%9b%d7%99%d7%aa/,2026-07-10T11:50:00+00:00
nadlan_term-sitemap.xml,https://nad-lan.co.il/glossary/%d7%9c%d7%95%d7%97-%d7%96%d7%9e%d7%a0%d7%99%d7%9d-%d7%97%d7%95%d7%96%d7%99/,2026-07-10T12:40:00+00:00
nadlan_term-sitemap.xml,https://nad-lan.co.il/glossary/%d7%9e%d7%a7%d7%93%d7%97-%d7%99%d7%94%d7%9c%d7%95%d7%9d/,2026-07-10T13:30:00+00:00
nadlan_term-sitemap.xml,https://nad-lan.co.il/glossary/%d7%9e%d7%a0%d7%94%d7%9c-%d7%a4%d7%a8%d7%95%d7%99%d7%a7%d7%98/,2026-07-10T14:20:00+00:00
nadlan_term-sitemap.xml,https://nad-lan.co.il/glossary/%d7%90%d7%91%d7%9f-%d7%93%d7%a8%d7%9a-%d7%aa%d7%a9%d7%9c%d7%95%d7%9d/,2026-07-10T15:10:00+00:00
nadlan_term-sitemap.xml,https://nad-lan.co.il/glossary/%d7%a9%d7%9e%d7%90%d7%99-%d7%9e%d7%9b%d7%a8%d7%99%d7%a2/,2026-07-11T06:00:00+00:00
nadlan_term-sitemap.xml,https://nad-lan.co.il/glossary/%d7%aa%d7%9b%d7%a1%d7%99%d7%aa/,2026-07-11T06:50:00+00:00
nadlan_term-sitemap.xml,https://nad-lan.co.il/glossary/%d7%9e%d7%93-%d7%9c%d7%99%d7%99%d7%96%d7%a8/,2026-07-11T07:40:00+00:00
nadlan_term-sitemap.xml,https://nad-lan.co.il/glossary/%d7%aa%d7%95%d7%9b%d7%a0%d7%99%d7%aa-%d7%91%d7%a7%d7%a8%d7%aa-%d7%90%d7%99%d7%9b%d7%95%d7%aa/,2026-07-11T08:30:00+00:00
nadlan_term-sitemap.xml,https://nad-lan.co.il/glossary/%d7%91%d7%9c%d7%95%d7%a7-%d7%90%d7%99%d7%98%d7%95%d7%a0%d7%92/,2026-07-11T09:20:00+00:00
nadlan_term-sitemap.xml,https://nad-lan.co.il/glossary/%d7%9e%d7%9b%d7%95%d7%a0%d7%99-%d7%91%d7%a7%d7%a8%d7%94/,2026-07-11T10:10:00+00:00
nadlan_term-sitemap.xml,https://nad-lan.co.il/glossary/%d7%9e%d7%a9%d7%90%d7%91%d7%aa-%d7%91%d7%98%d7%95%d7%9f/,2026-07-11T11:00:00+00:00
nadlan_term-sitemap.xml,https://nad-lan.co.il/glossary/%d7%9e%d7%a4%d7%a7%d7%97-%d7%91%d7%a0%d7%99%d7%99%d7%94/,2026-07-11T11:50:00+00:00
nadlan_term-sitemap.xml,https://nad-lan.co.il/glossary/%d7%93%d7%9e%d7%99-%d7%a9%d7%9b%d7%99%d7%a8%d7%95%d7%aa-%d7%a8%d7%90%d7%95%d7%99%d7%99%d7%9d/,2026-07-11T12:40:00+00:00
nadlan_term-sitemap.xml,https://nad-lan.co.il/glossary/%d7%a4%d7%9c%d7%a1-%d7%9c%d7%99%d7%99%d7%96%d7%a8/,2026-07-11T13:30:00+00:00
nadlan_term-sitemap.xml,https://nad-lan.co.il/glossary/%d7%a9%d7%99%d7%98%d7%aa-%d7%94%d7%a9%d7%99%d7%95%d7%a8-%d7%9c%d7%a7%d7%a8%d7%a7%d7%a2/,2026-07-11T14:20:00+00:00
nadlan_term-sitemap.xml,https://nad-lan.co.il/glossary/%d7%92%d7%99%d7%a9%d7%aa-%d7%94%d7%94%d7%a9%d7%95%d7%95%d7%90%d7%94/,2026-07-11T15:10:00+00:00
nadlan_term-sitemap.xml,https://nad-lan.co.il/glossary/%d7%aa%d7%99-1918/,2026-07-12T06:00:00+00:00
nadlan_term-sitemap.xml,https://nad-lan.co.il/glossary/%d7%98%d7%99%d7%97-%d7%92%d7%91%d7%a1/,2026-07-12T06:50:00+00:00
nadlan_term-sitemap.xml,https://nad-lan.co.il/glossary/%d7%99%d7%99%d7%a2%d7%95%d7%93-%d7%a7%d7%a8%d7%a7%d7%a2/,2026-07-12T07:40:00+00:00
nadlan_term-sitemap.xml,https://nad-lan.co.il/glossary/value-engineering/,2026-07-12T08:30:00+00:00
nadlan_term-sitemap.xml,https://nad-lan.co.il/glossary/%d7%a0%d7%95%d7%a1%d7%97%d7%aa-%d7%aa%d7%a9%d7%95%d7%90%d7%94-%d7%a2%d7%9c-%d7%94%d7%94%d7%95%d7%9f/,2026-07-12T09:20:00+00:00
nadlan_term-sitemap.xml,https://nad-lan.co.il/glossary/%d7%92%d7%99%d7%a9%d7%aa-%d7%94%d7%a2%d7%9c%d7%95%d7%aa/,2026-07-12T10:10:00+00:00
nadlan_term-sitemap.xml,https://nad-lan.co.il/glossary/%d7%a7%d7%99%d7%93%d7%95%d7%97-%d7%9b%d7%9c%d7%95%d7%a0%d7%a1%d7%90%d7%95%d7%aa-cfa/,2026-07-12T11:50:00+00:00
nadlan_term-sitemap.xml,https://nad-lan.co.il/glossary/%d7%9e%d7%a4%d7%a8%d7%98-%d7%98%d7%9b%d7%a0%d7%99-%d7%9e%d7%99%d7%95%d7%97%d7%93/,2026-07-12T12:40:00+00:00
nadlan_term-sitemap.xml,https://nad-lan.co.il/glossary/%d7%9e%d7%94%d7%93%d7%a7-%d7%a8%d7%98%d7%99%d7%98%d7%94/,2026-07-12T13:30:00+00:00
nadlan_term-sitemap.xml,https://nad-lan.co.il/glossary/%d7%aa%d7%a7%d7%a0%d7%95%d7%aa-%d7%94%d7%9e%d7%94%d7%a0%d7%93%d7%a1%d7%99%d7%9d-%d7%95%d7%94%d7%90%d7%93%d7%a8%d7%99%d7%9b%d7%9c%d7%99%d7%9d-%d7%a8%d7%99%d7%a9%d7%95%d7%99-%d7%95%d7%99%d7%99%d7%97/,2026-07-12T14:20:00+00:00
nadlan_term-sitemap.xml,https://nad-lan.co.il/glossary/%d7%99%d7%95%d7%a2%d7%a5-%d7%90%d7%99%d7%98%d7%95%d7%9d/,2026-07-12T15:10:00+00:00
nadlan_term-sitemap.xml,https://nad-lan.co.il/glossary/%d7%a0%d7%95%d7%a1%d7%97%d7%aa-dcf/,2026-07-13T06:00:00+00:00
nadlan_term-sitemap.xml,https://nad-lan.co.il/glossary/%d7%9e%d7%99%d7%93%d7%a2-%d7%9c%d7%94%d7%99%d7%aa%d7%a8/,2026-07-13T06:50:00+00:00
nadlan_term-sitemap.xml,https://nad-lan.co.il/glossary/%d7%90%d7%92%d7%a8%d7%92%d7%98-%d7%9e%d7%93%d7%95%d7%a8%d7%92/,2026-07-13T07:40:00+00:00
nadlan_term-sitemap.xml,https://nad-lan.co.il/glossary/%d7%a2%d7%95%d7%92%d7%a0%d7%99-%d7%a7%d7%a8%d7%a7%d7%a2/,2026-07-13T08:30:00+00:00
nadlan_term-sitemap.xml,https://nad-lan.co.il/glossary/%d7%aa%d7%99-414/,2026-07-13T09:20:00+00:00
nadlan_term-sitemap.xml,https://nad-lan.co.il/glossary/%d7%a0%d7%95%d7%a1%d7%97%d7%aa-%d7%a9%d7%99%d7%a2%d7%95%d7%a8-%d7%94%d7%99%d7%95%d7%95%d7%9f/,2026-07-13T10:10:00+00:00
nadlan_term-sitemap.xml,https://nad-lan.co.il/glossary/%d7%a4%d7%98%d7%99%d7%a9%d7%95%d7%9f-sds/,2026-07-13T11:00:00+00:00
nadlan_term-sitemap.xml,https://nad-lan.co.il/glossary/%d7%aa%d7%a7%d7%a0%d7%95%d7%aa-%d7%94%d7%aa%d7%9b%d7%a0%d7%95%d7%9f-%d7%95%d7%94%d7%91%d7%a0%d7%99%d7%99%d7%94-%d7%91%d7%a7%d7%a9%d7%94-%d7%9c%d7%94%d7%99%d7%aa%d7%a8-%d7%aa%d7%a0%d7%90%d7%99%d7%95/,2026-07-13T11:50:00+00:00
nadlan_term-sitemap.xml,https://nad-lan.co.il/glossary/%d7%a4%d7%a8%d7%95%d7%a4%d7%99%d7%9c-%d7%a4%d7%97-%d7%9e%d7%92%d7%95%d7%9c%d7%95%d7%95%d7%9f/,2026-07-13T12:40:00+00:00
nadlan_term-sitemap.xml,https://nad-lan.co.il/glossary/%d7%a4%d7%a8%d7%99%d7%9e%d7%91%d7%a8%d7%94-p6/,2026-07-13T13:30:00+00:00
nadlan_term-sitemap.xml,https://nad-lan.co.il/glossary/%d7%9b%d7%aa%d7%91-%d7%9b%d7%9e%d7%95%d7%99%d7%95%d7%aa/,2026-07-13T14:20:00+00:00
nadlan_term-sitemap.xml,https://nad-lan.co.il/glossary/%d7%a4%d7%99%d7%92%d7%95%d7%9d-%d7%96%d7%a7%d7%a4%d7%99%d7%9d/,2026-07-13T15:10:00+00:00
nadlan_term-sitemap.xml,https://nad-lan.co.il/glossary/%d7%a8%d7%99%d7%a9%d7%95%d7%99-%d7%96%d7%9e%d7%99%d7%9f/,2026-07-14T06:00:00+00:00
nadlan_term-sitemap.xml,https://nad-lan.co.il/glossary/%d7%a6%d7%9e%d7%a8-%d7%a1%d7%9c%d7%a2%d7%99%d7%9d/,2026-07-14T06:50:00+00:00
nadlan_term-sitemap.xml,https://nad-lan.co.il/glossary/pinui-binui-term/,2026-07-11T23:10:58+00:00
nadlan_term-sitemap.xml,https://nad-lan.co.il/glossary/tama-38-term/,2026-07-11T23:11:02+00:00
nadlan_term-sitemap.xml,https://nad-lan.co.il/glossary/dayar-sarvan/,2026-07-11T23:11:05+00:00
nadlan_term-sitemap.xml,https://nad-lan.co.il/glossary/iskat-combinatzia/,2026-07-11T23:11:11+00:00
nadlan_term-sitemap.xml,https://nad-lan.co.il/glossary/mitcham-muchraz/,2026-07-11T23:11:14+00:00
nadlan_term-sitemap.xml,https://nad-lan.co.il/glossary/netzigut-dayarim/,2026-07-11T23:11:17+00:00
nadlan_term-sitemap.xml,https://nad-lan.co.il/glossary/shamai-pinui-binui/,2026-07-11T23:11:21+00:00
nadlan_term-sitemap.xml,https://nad-lan.co.il/glossary/hetel-hashbacha-renewal/,2026-07-11T23:11:24+00:00
nadlan_term-sitemap.xml,https://nad-lan.co.il/glossary/mefakeach-dayarim/,2026-07-11T23:11:27+00:00
nadlan_term-sitemap.xml,https://nad-lan.co.il/glossary/rov-meyuchas/,2026-07-11T23:12:02+00:00
nadlan_term-sitemap.xml,https://nad-lan.co.il/glossary/dcf/,2026-07-14T07:40:00+00:00
nadlan_term-sitemap.xml,https://nad-lan.co.il/glossary/%d7%a0%d7%95%d7%a1%d7%97%d7%aa-%d7%a9%d7%95%d7%95%d7%99-%d7%9c%d7%a4%d7%99-%d7%94%d7%99%d7%95%d7%95%d7%9f-%d7%99%d7%a9%d7%99%d7%a8/,2026-07-14T08:30:00+00:00
nadlan_term-sitemap.xml,https://nad-lan.co.il/glossary/%d7%a7%d7%95-%d7%9b%d7%97%d7%95%d7%9c/,2026-07-14T09:20:00+00:00
nadlan_term-sitemap.xml,https://nad-lan.co.il/glossary/%d7%9c%d7%95%d7%97-%d7%92%d7%91%d7%a1-%d7%99%d7%a8%d7%95%d7%a7/,2026-07-14T10:10:00+00:00
nadlan_term-sitemap.xml,https://nad-lan.co.il/glossary/%d7%92%d7%99%d7%a9%d7%aa-%d7%94%d7%94%d7%9b%d7%a0%d7%a1%d7%95%d7%aa/,2026-07-14T11:00:00+00:00
nadlan_term-sitemap.xml,https://nad-lan.co.il/glossary/%d7%a0%d7%95%d7%a1%d7%97%d7%aa-%d7%99%d7%97%d7%a1-%d7%9b%d7%99%d7%a1%d7%95%d7%99-%d7%97%d7%95%d7%91/,2026-07-14T11:50:00+00:00
nadlan_term-sitemap.xml,https://nad-lan.co.il/glossary/%d7%9e%d7%a4%d7%94-%d7%9e%d7%a6%d7%91%d7%99%d7%aa/,2026-07-14T12:40:00+00:00
nadlan_term-sitemap.xml,https://nad-lan.co.il/glossary/%d7%aa%d7%9e%d7%90-38/,2026-07-14T13:30:00+00:00
nadlan_term-sitemap.xml,https://nad-lan.co.il/glossary/%d7%91%d7%98%d7%95%d7%9f-%d7%a8%d7%96%d7%94/,2026-07-14T14:20:00+00:00
nadlan_term-sitemap.xml,https://nad-lan.co.il/glossary/%d7%aa%d7%99-2279/,2026-07-17T05:28:36+00:00
nadlan_term-sitemap.xml,https://nad-lan.co.il/glossary/%d7%a9%d7%95%d7%95%d7%99-%d7%91%d7%9e%d7%a6%d7%91-%d7%a7%d7%95%d7%93%d7%9d/,2026-07-18T12:28:36+00:00
nadlan_term-sitemap.xml,https://nad-lan.co.il/glossary/%d7%98%d7%a4%d7%a1%d7%a0%d7%95%d7%aa-%d7%9e%d7%aa%d7%95%d7%a2%d7%a9%d7%aa/,2026-07-18T13:18:36+00:00
nadlan_term-sitemap.xml,https://nad-lan.co.il/glossary/%d7%91%d7%9c%d7%95%d7%a7-%d7%91%d7%98%d7%95%d7%9f/,2026-08-24T19:18:56+00:00
nadlan_intl-sitemap.xml,https://nad-lan.co.il/global/project/marina-west-tower-dubai/,2026-07-12T16:44:09+00:00
nadlan_intl-sitemap.xml,https://nad-lan.co.il/global/project/garden-residence-jvc-dubai/,2026-07-12T16:44:09+00:00
nadlan_intl-sitemap.xml,https://nad-lan.co.il/global/project/edgewater-bay-residences-miami/,2026-07-12T16:44:09+00:00
nadlan_intl-sitemap.xml,https://nad-lan.co.il/global/project/brickell-park-tower-miami/,2026-07-12T16:44:09+00:00
nadlan_intl-sitemap.xml,https://nad-lan.co.il/global/project/lic-skyline-condos-new-york/,2026-07-12T16:44:09+00:00
nadlan_intl-sitemap.xml,https://nad-lan.co.il/global/project/brooklyn-point-heights-new-york/,2026-07-12T16:44:10+00:00
nadlan_intl-sitemap.xml,https://nad-lan.co.il/global/project/canary-riverside-heights-london/,2026-07-12T17:17:28+00:00
nadlan_intl-sitemap.xml,https://nad-lan.co.il/global/project/stratford-park-gate-london/,2026-07-12T17:17:28+00:00
nadlan_intl-sitemap.xml,https://nad-lan.co.il/global/project/koukaki-athens-residence/,2026-07-12T17:17:28+00:00
nadlan_intl-sitemap.xml,https://nad-lan.co.il/global/project/glyfada-coast-suites-athens/,2026-07-12T17:17:28+00:00
nadlan_intl-sitemap.xml,https://nad-lan.co.il/global/project/sukhumvit-sky-residence-bangkok/,2026-07-12T17:17:28+00:00
nadlan_intl-sitemap.xml,https://nad-lan.co.il/global/project/bang-tao-garden-villas-phuket/,2026-07-12T17:17:28+00:00
nadlan_intl-sitemap.xml,https://nad-lan.co.il/global/project/nolo-district-residence-milan/,2026-07-12T17:17:28+00:00
nadlan_intl-sitemap.xml,https://nad-lan.co.il/global/project/porta-romana-garden-milan/,2026-07-12T17:17:28+00:00
nadlan_intl-sitemap.xml,https://nad-lan.co.il/global/project/lion-apartments-paphos/,2026-07-12T18:23:52+00:00
nadlan_intl-sitemap.xml,https://nad-lan.co.il/global/project/sky-gardens-jvc-dubai/,2026-07-12T18:40:38+00:00
nadlan_intl-sitemap.xml,https://nad-lan.co.il/global/project/damac-riverside-views-dubai/,2026-07-13T09:52:14+00:00
nadlan_property-sitemap.xml,https://nad-lan.co.il/properties/,2026-10-03T17:47:19+00:00
nadlan_property-sitemap.xml,https://nad-lan.co.il/properties/mazeh-tlv-3r-demo/,2026-07-02T21:50:57+00:00
nadlan_property-sitemap.xml,https://nad-lan.co.il/properties/baka-jlm-garden-4r-demo/,2026-07-29T19:06:44+00:00
nadlan_property-sitemap.xml,https://nad-lan.co.il/properties/ir-yamim-netanya-ph-demo/,2026-07-29T19:06:47+00:00
nadlan_property-sitemap.xml,https://nad-lan.co.il/properties/balfour-batyam-35r-demo/,2026-07-29T19:06:51+00:00
nadlan_property-sitemap.xml,https://nad-lan.co.il/properties/bialik-rg-4r-demo/,2026-07-29T19:06:53+00:00
nadlan_property-sitemap.xml,https://nad-lan.co.il/properties/carmel-haifa-4r-rent-demo/,2026-07-29T19:06:56+00:00
nadlan_property-sitemap.xml,https://nad-lan.co.il/properties/florentin-tlv-2r-rent-demo/,2026-07-29T19:06:58+00:00
nadlan_property-sitemap.xml,https://nad-lan.co.il/properties/%d7%9c%d7%9e%d7%9b%d7%99%d7%a8%d7%94-%d7%91%d7%90%d7%95%d7%a4%d7%a7%d7%99%d7%9d-%d7%a9%d7%9b%d7%95%d7%a0%d7%aa-%d7%a9%d7%a4%d7%99%d7%a8%d7%90-%d7%a7%d7%95%d7%98%d7%92-5-%d7%97%d7%93%d7%a8%d7%99%d7%9d/,2026-09-08T20:43:05+00:00
nadlan_property-sitemap.xml,https://nad-lan.co.il/properties/herzliya-pituach-private-estate-for-sale/,2026-09-24T10:26:20+00:00
nadlan_property-sitemap.xml,https://nad-lan.co.il/properties/kochav-hatzafon-new-mini-penthouse-for-sale/,2026-09-24T12:04:15+00:00
nadlan_property-sitemap.xml,https://nad-lan.co.il/properties/migdalei-neeman-4-5-rooms-for-sale/,2026-09-24T12:04:16+00:00
nadlan_property-sitemap.xml,https://nad-lan.co.il/properties/tzukei-aviv-3-5-rooms-furnished-tenanted-for-sale/,2026-09-24T12:04:17+00:00
nadlan_property-sitemap.xml,https://nad-lan.co.il/properties/tzukei-aviv-3-rooms-berlin-for-sale/,2026-09-24T12:04:19+00:00
nadlan_property-sitemap.xml,https://nad-lan.co.il/properties/tzukei-aviv-double-height-mini-penthouse-for-rent/,2026-09-24T12:04:20+00:00
nadlan_property-sitemap.xml,https://nad-lan.co.il/properties/bsr-sarona-designer-4-5-rooms-for-rent/,2026-09-24T12:04:21+00:00
nadlan_property-sitemap.xml,https://nad-lan.co.il/properties/bsr-sarona-5-rooms-sea-view-for-rent/,2026-09-24T12:04:22+00:00
nadlan_property-sitemap.xml,https://nad-lan.co.il/properties/nofei-yam-mini-penthouse-5-rooms-for-rent/,2026-09-24T12:04:23+00:00
nadlan_property-sitemap.xml,https://nad-lan.co.il/properties/nofei-yam-3-rooms-balcony-for-rent/,2026-09-24T12:04:24+00:00
nadlan_property-sitemap.xml,https://nad-lan.co.il/properties/ramat-aviv-5-rooms-pool-complex-for-rent/,2026-09-24T12:04:26+00:00
nadlan_property-sitemap.xml,https://nad-lan.co.il/properties/kiryat-ata-3-rooms-for-rent/,2026-10-03T17:47:19+00:00
nadlan_project-sitemap.xml,https://nad-lan.co.il/projects/,2026-10-02T22:25:52+00:00
nadlan_project-sitemap.xml,https://nad-lan.co.il/projects/%d7%93%d7%a0%d7%99%d7%94/,2026-06-01T18:52:30+00:00
nadlan_project-sitemap.xml,https://nad-lan.co.il/projects/%d7%95%d7%99%d7%a6%d7%9e%d7%9f-%d7%96-%d7%91%d7%95%d7%98%d7%99%d7%a0%d7%a1%d7%a7%d7%99/,2026-06-01T19:07:44+00:00
nadlan_project-sitemap.xml,https://nad-lan.co.il/projects/%d7%91%d7%a8-%d7%9b%d7%95%d7%9b%d7%91%d7%90-2/,2026-06-01T19:15:16+00:00
nadlan_project-sitemap.xml,https://nad-lan.co.il/projects/%d7%a9%d7%99-%d7%a2%d7%92%d7%a0%d7%95%d7%9f-%d7%94%d7%94%d7%a1%d7%aa%d7%93%d7%a8%d7%95%d7%aa/,2026-06-01T19:38:36+00:00
nadlan_project-sitemap.xml,https://nad-lan.co.il/projects/%d7%92%d7%a9%d7%9d-%d7%90%d7%9c%d7%99-%d7%9b%d7%94%d7%9f/,2026-06-01T19:41:52+00:00
nadlan_project-sitemap.xml,https://nad-lan.co.il/projects/%d7%a8%d7%91%d7%99-%d7%a2%d7%a7%d7%99%d7%91%d7%90-2/,2026-06-01T19:44:13+00:00
nadlan_project-sitemap.xml,https://nad-lan.co.il/projects/%d7%a9%d7%93%d7%a8%d7%95%d7%aa-%d7%94%d7%92%d7%a2%d7%aa%d7%95%d7%9f/,2026-06-01T19:44:14+00:00
nadlan_project-sitemap.xml,https://nad-lan.co.il/projects/%d7%90%d7%a0%d7%a6%d7%95-%d7%a1%d7%99%d7%a8%d7%a0%d7%99-38-42/,2026-06-01T19:44:17+00:00
nadlan_project-sitemap.xml,https://nad-lan.co.il/projects/akirov-towers/,2026-07-03T17:36:44+00:00
nadlan_project-sitemap.xml,https://nad-lan.co.il/projects/yoo-tel-aviv/,2026-07-03T17:37:04+00:00
nadlan_project-sitemap.xml,https://nad-lan.co.il/projects/meier-on-rothschild/,2026-07-03T17:37:13+00:00
nadlan_project-sitemap.xml,https://nad-lan.co.il/projects/marina-towers-herzliya/,2026-07-03T17:37:18+00:00
nadlan_project-sitemap.xml,https://nad-lan.co.il/projects/park-bavli/,2026-07-03T17:37:23+00:00
nadlan_project-sitemap.xml,https://nad-lan.co.il/projects/recanati-residence/,2026-07-03T17:37:27+00:00
nadlan_project-sitemap.xml,https://nad-lan.co.il/projects/migdalei-hayam-sde-dov/,2026-07-03T18:11:25+00:00
nadlan_project-sitemap.xml,https://nad-lan.co.il/projects/shikun-binui-sde-dov/,2026-07-03T18:19:59+00:00
nadlan_project-sitemap.xml,https://nad-lan.co.il/projects/aura-pivko-bat-yam/,2026-07-03T18:28:10+00:00
nadlan_project-sitemap.xml,https://nad-lan.co.il/projects/ashdar-einstein/,2026-07-05T07:46:37+00:00
nadlan_project-sitemap.xml,https://nad-lan.co.il/projects/einstein-19/,2026-07-05T07:52:42+00:00
nadlan_project-sitemap.xml,https://nad-lan.co.il/projects/zohi-sde-dov/,2026-07-06T14:47:35+00:00
nadlan_project-sitemap.xml,https://nad-lan.co.il/projects/rainbow-tel-aviv-en/,2026-07-09T22:49:57+00:00
nadlan_project-sitemap.xml,https://nad-lan.co.il/projects/%d7%a2%d7%a8%d7%91%d7%99-%d7%a0%d7%97%d7%9c/,2026-07-13T20:13:57+00:00
nadlan_project-sitemap.xml,https://nad-lan.co.il/projects/%d7%99%d7%a9%d7%a2%d7%99%d7%94%d7%95/,2026-07-13T20:13:58+00:00
nadlan_project-sitemap.xml,https://nad-lan.co.il/projects/%d7%a9%d7%90%d7%95%d7%9c-%d7%94%d7%9e%d7%9c%d7%9a/,2026-07-13T20:13:58+00:00
nadlan_project-sitemap.xml,https://nad-lan.co.il/projects/%d7%a8%d7%9e%d7%aa-%d7%90%d7%9c%d7%99%d7%94%d7%95-%d7%a4%d7%95%d7%96%d7%a0%d7%a0%d7%a1%d7%a7%d7%99/,2026-07-13T20:13:59+00:00
nadlan_project-sitemap.xml,https://nad-lan.co.il/projects/%d7%a1%d7%9c%d7%a2/,2026-07-13T20:14:00+00:00
nadlan_project-sitemap.xml,https://nad-lan.co.il/projects/%d7%91%d7%a8%d7%a0%d7%93%d7%99%d7%a1/,2026-07-13T20:14:01+00:00
nadlan_project-sitemap.xml,https://nad-lan.co.il/projects/%d7%a8%d7%a7%d7%90%d7%a0%d7%98%d7%99/,2026-07-13T20:14:02+00:00
nadlan_project-sitemap.xml,https://nad-lan.co.il/projects/%d7%98%d7%90%d7%92%d7%95%d7%a8/,2026-07-13T20:14:03+00:00
nadlan_project-sitemap.xml,https://nad-lan.co.il/projects/%d7%94%d7%93%d7%a8-%d7%99%d7%95%d7%a1%d7%a3-%d7%9c%d7%95%d7%93%d7%92/,2026-07-13T20:14:04+00:00
nadlan_project-sitemap.xml,https://nad-lan.co.il/projects/%d7%91%d7%9c%d7%95%d7%a7-101/,2026-07-13T20:14:04+00:00
nadlan_project-sitemap.xml,https://nad-lan.co.il/projects/%d7%a9%d7%98%d7%a8%d7%9f/,2026-07-13T20:14:05+00:00
nadlan_project-sitemap.xml,https://nad-lan.co.il/projects/%d7%95%d7%95%d7%9c%d7%a4%d7%a1%d7%95%d7%9f/,2026-07-13T20:14:06+00:00
nadlan_project-sitemap.xml,https://nad-lan.co.il/projects/%d7%9b%d7%a4%d7%a8-%d7%92%d7%91%d7%99%d7%a8%d7%95%d7%9c/,2026-07-13T20:14:07+00:00
nadlan_project-sitemap.xml,https://nad-lan.co.il/projects/%d7%a7%d7%a4%d7%9c%d7%9f/,2026-07-13T20:14:08+00:00
nadlan_project-sitemap.xml,https://nad-lan.co.il/projects/%d7%9e%d7%92%d7%93%d7%9c%d7%99-%d7%94%d7%92%d7%a4%d7%9f-2/,2026-07-13T20:14:09+00:00
nadlan_project-sitemap.xml,https://nad-lan.co.il/projects/%d7%94%d7%a8%d7%95%d7%9e%d7%a0%d7%99%d7%9d/,2026-07-13T20:14:10+00:00
nadlan_project-sitemap.xml,https://nad-lan.co.il/projects/%d7%a2%d7%9e%d7%a7-%d7%94%d7%97%d7%95%d7%9c%d7%94/,2026-07-13T20:14:11+00:00
nadlan_project-sitemap.xml,https://nad-lan.co.il/projects/%d7%a9%d7%95%d7%a7-%d7%90%d7%a9%d7%9b%d7%a0%d7%96%d7%99/,2026-07-13T20:14:11+00:00
nadlan_project-sitemap.xml,https://nad-lan.co.il/projects/%d7%91%d7%9c%d7%a4%d7%95%d7%a8/,2026-07-13T20:14:14+00:00
nadlan_project-sitemap.xml,https://nad-lan.co.il/projects/%d7%94%d7%93%d7%a7%d7%9c/,2026-07-13T20:14:15+00:00
nadlan_project-sitemap.xml,https://nad-lan.co.il/projects/%d7%94%d7%a8%d7%91-%d7%a9%d7%90%d7%95%d7%9c%d7%99/,2026-07-13T20:14:16+00:00
nadlan_project-sitemap.xml,https://nad-lan.co.il/projects/%d7%91%d7%a8-%d7%99%d7%94%d7%95%d7%93%d7%94/,2026-07-13T20:14:17+00:00
nadlan_project-sitemap.xml,https://nad-lan.co.il/projects/%d7%9c%d7%95%d7%99-%d7%90%d7%a9%d7%9b%d7%95%d7%9c-%d7%a6%d7%a4%d7%95%d7%9f/,2026-07-13T20:14:18+00:00
nadlan_project-sitemap.xml,https://nad-lan.co.il/projects/%d7%94%d7%a8%d7%95%d7%92%d7%99-%d7%9e%d7%9c%d7%9b%d7%95%d7%aa-%d7%91%d7%91%d7%9c-%d7%94%d7%9b%d7%9c%d7%a0%d7%99%d7%aa/,2026-07-13T20:14:18+00:00
nadlan_project-sitemap.xml,https://nad-lan.co.il/projects/%d7%94%d7%a8%d7%a6%d7%95%d7%92-%d7%9e%d7%a2%d7%a8%d7%91/,2026-07-13T20:14:20+00:00
nadlan_project-sitemap.xml,https://nad-lan.co.il/projects/%d7%99%d7%95%d7%a1%d7%a4%d7%98%d7%9c-%d7%9e%d7%96%d7%a8%d7%97/,2026-07-13T20:14:21+00:00
nadlan_project-sitemap.xml,https://nad-lan.co.il/projects/%d7%a0%d7%97%d7%9c%d7%aa-%d7%99%d7%94%d7%95%d7%93%d7%94-%d7%91/,2026-07-13T20:14:21+00:00
nadlan_project-sitemap.xml,https://nad-lan.co.il/projects/%d7%a2%d7%9c%d7%99%d7%aa-%d7%94%d7%9e%d7%aa%d7%9e%d7%99%d7%93-%d7%90%d7%a8%d7%9c%d7%95%d7%96%d7%95%d7%a8%d7%95%d7%91/,2026-07-13T20:14:22+00:00
nadlan_project-sitemap.xml,https://nad-lan.co.il/projects/%d7%94%d7%97%d7%9c%d7%95%d7%a5/,2026-07-13T20:14:23+00:00
nadlan_project-sitemap.xml,https://nad-lan.co.il/projects/%d7%91%d7%99%d7%90%d7%9c%d7%99%d7%a7-%d7%91%d7%a0%d7%99%d7%9e%d7%99%d7%9f/,2026-07-13T20:14:24+00:00
nadlan_project-sitemap.xml,https://nad-lan.co.il/projects/%d7%9c%d7%91%d7%99%d7%90/,2026-07-13T20:14:25+00:00
nadlan_project-sitemap.xml,https://nad-lan.co.il/projects/%d7%9b%d7%a0%d7%a8%d7%aa/,2026-07-13T20:14:26+00:00
nadlan_project-sitemap.xml,https://nad-lan.co.il/projects/%d7%9e%d7%aa%d7%97%d7%9d-%d7%90%d7%a8%d7%9c%d7%95%d7%96%d7%95%d7%a8%d7%95%d7%91-%d7%94%d7%9e%d7%aa%d7%9e%d7%99%d7%93/,2026-07-13T20:14:27+00:00
nadlan_project-sitemap.xml,https://nad-lan.co.il/projects/%d7%94%d7%96%d7%9e%d7%99%d7%a8/,2026-07-13T20:14:27+00:00
nadlan_project-sitemap.xml,https://nad-lan.co.il/projects/%d7%9e%d7%a0%d7%93%d7%9c%d7%91%d7%9c%d7%98/,2026-07-13T20:14:28+00:00
nadlan_project-sitemap.xml,https://nad-lan.co.il/projects/%d7%94%d7%a7%d7%a8%d7%9f/,2026-07-13T20:14:29+00:00
nadlan_project-sitemap.xml,https://nad-lan.co.il/projects/%d7%9b%d7%a6%d7%a0%d7%9c%d7%a1%d7%95%d7%9f/,2026-07-13T20:14:30+00:00
nadlan_project-sitemap.xml,https://nad-lan.co.il/projects/%d7%a0%d7%95%d7%95%d7%94-%d7%99%d7%94%d7%95%d7%a9%d7%a2-%d7%9e%d7%a8%d7%9b%d7%96/,2026-07-13T20:14:31+00:00
nadlan_project-sitemap.xml,https://nad-lan.co.il/projects/%d7%94%d7%9e%d7%a2%d7%a4%d7%99%d7%9c%d7%99%d7%9d/,2026-07-13T20:14:32+00:00
nadlan_project-sitemap.xml,https://nad-lan.co.il/projects/%d7%94%d7%a8%d7%a8%d7%99/,2026-07-13T20:14:33+00:00
nadlan_project-sitemap.xml,https://nad-lan.co.il/projects/%d7%a7%d7%94%d7%99%d7%9c%d7%aa-%d7%95%d7%a8%d7%a9%d7%94-2/,2026-07-13T20:14:33+00:00
nadlan_project-sitemap.xml,https://nad-lan.co.il/projects/%d7%a9%d7%a4%d7%99%d7%a8%d7%90-%d7%a4%d7%a2%d7%9e%d7%95%d7%a0%d7%99-%d7%94%d7%a2%d7%99%d7%a8/,2026-07-13T20:14:34+00:00
nadlan_project-sitemap.xml,https://nad-lan.co.il/projects/%d7%94%d7%a8%d7%91-%d7%9c%d7%95%d7%99-%d7%a0%d7%99%d7%a1%d7%a0%d7%91%d7%95%d7%99%d7%9d/,2026-07-13T20:14:35+00:00
nadlan_project-sitemap.xml,https://nad-lan.co.il/projects/%d7%94%d7%a0%d7%98%d7%a7%d7%94/,2026-07-13T20:14:36+00:00
nadlan_project-sitemap.xml,https://nad-lan.co.il/projects/%d7%94%d7%9e%d7%91%d7%93%d7%99%d7%9c/,2026-07-13T20:14:37+00:00
nadlan_project-sitemap.xml,https://nad-lan.co.il/projects/%d7%a8%d7%9e%d7%aa-%d7%94%d7%a9%d7%a7%d7%9e%d7%94-%d7%a9%d7%a7%d7%9e%d7%94-%d7%a2%d7%9c-%d7%94%d7%a4%d7%90%d7%a8%d7%a7/,2026-07-13T20:14:38+00:00
nadlan_project-sitemap.xml,https://nad-lan.co.il/projects/%d7%95%d7%99%d7%a6%d7%9e%d7%9f/,2026-07-13T20:14:39+00:00
nadlan_project-sitemap.xml,https://nad-lan.co.il/projects/%d7%a9%d7%96%d7%a8/,2026-07-13T20:14:40+00:00
nadlan_project-sitemap.xml,https://nad-lan.co.il/projects/%d7%a9%d7%91%d7%98-%d7%93%d7%9f/,2026-07-13T20:14:41+00:00
nadlan_project-sitemap.xml,https://nad-lan.co.il/projects/%d7%90%d7%a8%d7%91%d7%a2-%d7%90%d7%a8%d7%a6%d7%95%d7%aa/,2026-07-13T20:14:42+00:00
nadlan_project-sitemap.xml,https://nad-lan.co.il/projects/%d7%a2%d7%95%d7%96%d7%99%d7%90%d7%9c/,2026-07-13T20:14:43+00:00
nadlan_project-sitemap.xml,https://nad-lan.co.il/projects/%d7%9e%d7%aa%d7%97%d7%9d-%d7%a9%d7%9c%d7%9d/,2026-07-13T20:14:44+00:00
nadlan_project-sitemap.xml,https://nad-lan.co.il/projects/%d7%9e%d7%a9%d7%95%d7%9c%d7%a9-%d7%90%d7%9c%d7%97%d7%a0%d7%9f/,2026-07-13T20:14:45+00:00
nadlan_project-sitemap.xml,https://nad-lan.co.il/projects/%d7%94%d7%a0%d7%95%d7%a8%d7%99%d7%aa-%d7%a7%d7%95%d7%a1%d7%98%d7%94-%d7%a8%d7%99%d7%a7%d7%94/,2026-07-13T20:14:46+00:00
nadlan_project-sitemap.xml,https://nad-lan.co.il/projects/%d7%94%d7%a8%d7%a6%d7%9c-59-61/,2026-07-13T20:14:47+00:00
nadlan_project-sitemap.xml,https://nad-lan.co.il/projects/%d7%99%d7%a4%d7%aa%d7%97/,2026-07-13T20:14:48+00:00
nadlan_project-sitemap.xml,https://nad-lan.co.il/projects/%d7%93%d7%9c%d7%99%d7%94/,2026-07-13T20:14:49+00:00
nadlan_project-sitemap.xml,https://nad-lan.co.il/projects/%d7%94%d7%91%d7%99%d7%aa-%d7%94%d7%9c%d7%91%d7%9f/,2026-07-13T20:14:50+00:00
nadlan_project-sitemap.xml,https://nad-lan.co.il/projects/%d7%94%d7%a8%d7%91-%d7%a7%d7%95%d7%a7%d7%99%d7%a1/,2026-07-13T20:14:50+00:00
nadlan_project-sitemap.xml,https://nad-lan.co.il/projects/%d7%94%d7%a8%d7%9b%d7%a1%d7%99%d7%9d/,2026-07-13T20:14:51+00:00
nadlan_project-sitemap.xml,https://nad-lan.co.il/projects/%d7%94%d7%aa%d7%a0%d7%95%d7%a4%d7%94/,2026-07-13T20:14:53+00:00
nadlan_project-sitemap.xml,https://nad-lan.co.il/projects/%d7%90%d7%97%d7%99-%d7%93%d7%a7%d7%a8/,2026-07-13T20:14:54+00:00
nadlan_project-sitemap.xml,https://nad-lan.co.il/projects/%d7%94%d7%a8%d7%95%d7%90%d7%94-90-102/,2026-07-13T20:14:55+00:00
nadlan_project-sitemap.xml,https://nad-lan.co.il/projects/%d7%94%d7%aa%d7%9e%d7%a8%d7%99%d7%9d-%d7%9e%d7%92%d7%93%d7%99%d7%9d/,2026-07-13T20:14:56+00:00
nadlan_project-sitemap.xml,https://nad-lan.co.il/projects/%d7%90%d7%99%d7%9c%d7%aa/,2026-07-13T20:14:56+00:00
nadlan_project-sitemap.xml,https://nad-lan.co.il/projects/%d7%94%d7%97%d7%a8%d7%9e%d7%95%d7%9f/,2026-07-13T20:14:57+00:00
nadlan_project-sitemap.xml,https://nad-lan.co.il/projects/%d7%a7%d7%94%d7%99%d7%9c%d7%aa-%d7%a7%d7%a0%d7%93%d7%94/,2026-07-13T20:14:58+00:00
nadlan_project-sitemap.xml,https://nad-lan.co.il/projects/%d7%94%d7%99%d7%a1%d7%9e%d7%99%d7%9f/,2026-07-13T20:14:59+00:00
nadlan_project-sitemap.xml,https://nad-lan.co.il/projects/%d7%a8%d7%9e%d7%91%d7%9d/,2026-07-13T20:15:00+00:00
nadlan_project-sitemap.xml,https://nad-lan.co.il/projects/%d7%a1%d7%95%d7%a7%d7%95%d7%9c%d7%95%d7%91-%d7%99%d7%a8%d7%95%d7%a9%d7%9c%d7%99%d7%9d/,2026-07-13T20:15:01+00:00
nadlan_project-sitemap.xml,https://nad-lan.co.il/projects/%d7%97%d7%a0%d7%94-%d7%a1%d7%a0%d7%a9/,2026-07-13T20:15:02+00:00
nadlan_project-sitemap.xml,https://nad-lan.co.il/projects/%d7%a9%d7%93%d7%a8%d7%95%d7%aa-%d7%92%d7%aa/,2026-07-13T20:15:03+00:00
nadlan_project-sitemap.xml,https://nad-lan.co.il/projects/%d7%a9%d7%9b%d7%95%d7%a0%d7%94-%d7%92/,2026-07-13T20:15:04+00:00
nadlan_project-sitemap.xml,https://nad-lan.co.il/projects/%d7%91%d7%9f-%d7%92%d7%95%d7%a8%d7%99%d7%95%d7%9f/,2026-07-13T20:15:05+00:00
nadlan_project-sitemap.xml,https://nad-lan.co.il/projects/%d7%a9%d7%a2%d7%a8-%d7%94%d7%a2%d7%99%d7%a8-%d7%91%d7%9f-%d7%92%d7%95%d7%a8%d7%99%d7%95%d7%9f/,2026-07-13T20:15:06+00:00
nadlan_project-sitemap.xml,https://nad-lan.co.il/projects/%d7%94%d7%a9%d7%91%d7%98%d7%99%d7%9d/,2026-07-13T20:15:06+00:00
nadlan_project-sitemap.xml,https://nad-lan.co.il/projects/%d7%94%d7%a6%d7%a0%d7%97%d7%a0%d7%99%d7%9d/,2026-07-13T20:15:07+00:00
nadlan_project-sitemap.xml,https://nad-lan.co.il/projects/%d7%90%d7%99%d7%99%d7%9c%d7%95%d7%9f-%d7%99%d7%95%d7%a1%d7%a4%d7%98%d7%9c/,2026-07-13T20:15:08+00:00
nadlan_project-sitemap.xml,https://nad-lan.co.il/projects/%d7%9e%d7%a6%d7%93%d7%94/,2026-07-13T20:15:09+00:00
nadlan_project-sitemap.xml,https://nad-lan.co.il/projects/%d7%90%d7%a4%d7%a8%d7%a1%d7%9e%d7%95%d7%9f/,2026-07-13T20:15:10+00:00
nadlan_project-sitemap.xml,https://nad-lan.co.il/projects/%d7%90%d7%91%d7%9f-%d7%a2%d7%96%d7%a8%d7%90/,2026-07-13T20:15:11+00:00
nadlan_project-sitemap.xml,https://nad-lan.co.il/projects/%d7%a9%d7%99%d7%9b%d7%95%d7%9f-%d7%95%d7%99%d7%a6%d7%9e%d7%9f/,2026-07-13T20:15:12+00:00
nadlan_project-sitemap.xml,https://nad-lan.co.il/projects/%d7%a9%d7%99%d7%a0%d7%93%d7%9c%d7%a8/,2026-07-13T20:15:13+00:00
nadlan_project-sitemap.xml,https://nad-lan.co.il/projects/%d7%a9%d7%98%d7%a8%d7%9f-34-42/,2026-07-13T20:15:14+00:00
nadlan_project-sitemap.xml,https://nad-lan.co.il/projects/%d7%91%d7%a8%d7%90%d7%a9%d7%99%d7%aa-3-7/,2026-07-13T20:15:14+00:00
nadlan_project-sitemap.xml,https://nad-lan.co.il/projects/%d7%9c%d7%9e%d7%a8%d7%97%d7%91/,2026-07-13T20:15:15+00:00
nadlan_project-sitemap.xml,https://nad-lan.co.il/projects/%d7%94%d7%a2%d7%a6%d7%9e%d7%90%d7%95%d7%aa/,2026-07-13T20:15:16+00:00
nadlan_project-sitemap.xml,https://nad-lan.co.il/projects/%d7%90%d7%99%d7%9c%d7%aa-%d7%90%d7%9c%d7%99%d7%a4%d7%9c%d7%98/,2026-07-13T20:15:17+00:00
nadlan_project-sitemap.xml,https://nad-lan.co.il/projects/%d7%90%d7%99%d7%9c%d7%aa-2/,2026-07-13T20:15:18+00:00
nadlan_project-sitemap.xml,https://nad-lan.co.il/projects/%d7%a8%d7%9e%d7%aa-%d7%94%d7%a9%d7%a7%d7%9e%d7%94-%d7%a8%d7%97-%d7%a9%d7%9c%d7%9d/,2026-07-13T20:15:19+00:00
nadlan_project-sitemap.xml,https://nad-lan.co.il/projects/%d7%9b%d7%98-%d7%91%d7%a0%d7%95%d7%91%d7%9e%d7%91%d7%a8-%d7%9e%d7%90%d7%95%d7%97%d7%93/,2026-07-13T20:15:20+00:00
nadlan_project-sitemap.xml,https://nad-lan.co.il/projects/%d7%9e%d7%aa%d7%97%d7%9d-%d7%94%d7%a8%d7%95%d7%90%d7%94-757779/,2026-07-13T20:15:21+00:00
nadlan_project-sitemap.xml,https://nad-lan.co.il/projects/%d7%94%d7%a7%d7%a6%d7%99%d7%9f-%d7%a1%d7%99%d7%9c%d7%91%d7%a8/,2026-07-13T20:15:22+00:00
nadlan_project-sitemap.xml,https://nad-lan.co.il/projects/%d7%a9%d7%98%d7%a8%d7%9f-293133/,2026-07-13T20:15:23+00:00
nadlan_project-sitemap.xml,https://nad-lan.co.il/projects/%d7%94%d7%a8%d7%91-%d7%9e%d7%99%d7%9e%d7%95%d7%9f-%d7%90%d7%a0%d7%94-%d7%a4%d7%a8%d7%a0%d7%a7/,2026-07-13T20:15:24+00:00
nadlan_project-sitemap.xml,https://nad-lan.co.il/projects/%d7%94%d7%92%d7%93%d7%95%d7%93-%d7%94%d7%a2%d7%91%d7%a8%d7%99/,2026-07-13T20:15:24+00:00
nadlan_project-sitemap.xml,https://nad-lan.co.il/projects/%d7%94%d7%a8-%d7%9e%d7%99%d7%a8%d7%95%d7%9f-%d7%a0%d7%95%d7%95%d7%94-%d7%99%d7%a9%d7%a8%d7%90%d7%9c/,2026-07-13T20:15:25+00:00
nadlan_project-sitemap.xml,https://nad-lan.co.il/projects/%d7%99%d7%a6%d7%97%d7%a7-%d7%94%d7%a0%d7%a9%d7%99%d7%90/,2026-07-13T20:15:26+00:00
nadlan_project-sitemap.xml,https://nad-lan.co.il/projects/%d7%a4%d7%a8%d7%91%d7%a9%d7%98%d7%99%d7%99%d7%9f-%d7%97%d7%93%d7%a9/,2026-07-13T20:15:44+00:00
nadlan_project-sitemap.xml,https://nad-lan.co.il/projects/%d7%9e%d7%91%d7%a6%d7%a2-%d7%a1%d7%99%d7%a0%d7%99-25-27/,2026-07-13T20:15:45+00:00
nadlan_project-sitemap.xml,https://nad-lan.co.il/projects/%d7%91%d7%99%d7%9c%d7%95/,2026-07-13T20:15:46+00:00
nadlan_project-sitemap.xml,https://nad-lan.co.il/projects/%d7%91%d7%a8%d7%9c-%d7%9c%d7%95%d7%a7%d7%a8-13/,2026-07-13T20:15:47+00:00
nadlan_project-sitemap.xml,https://nad-lan.co.il/projects/%d7%a7%d7%9c%d7%a0%d7%a8/,2026-07-13T20:15:48+00:00
nadlan_project-sitemap.xml,https://nad-lan.co.il/projects/%d7%a2%d7%9e%d7%a7-%d7%94%d7%99%d7%95%d7%91%d7%9c/,2026-07-13T20:15:49+00:00
nadlan_project-sitemap.xml,https://nad-lan.co.il/projects/%d7%90%d7%95%d7%a8-%d7%92%d7%a0%d7%99%d7%9d/,2026-07-13T20:15:49+00:00
nadlan_project-sitemap.xml,https://nad-lan.co.il/projects/%d7%a9%d7%98%d7%a8%d7%9f-373941/,2026-07-13T20:15:50+00:00
nadlan_project-sitemap.xml,https://nad-lan.co.il/projects/%d7%99%d7%9c%d7%93%d7%99-%d7%98%d7%94%d7%a8%d7%9f/,2026-07-13T20:15:51+00:00
nadlan_project-sitemap.xml,https://nad-lan.co.il/projects/%d7%94%d7%9b%d7%a8%d7%9e%d7%9c/,2026-07-13T20:15:52+00:00
nadlan_project-sitemap.xml,https://nad-lan.co.il/projects/%d7%a9%d7%99%d7%9b%d7%95%d7%9f-%d7%93%d7%a8%d7%95%d7%9d/,2026-07-13T20:15:53+00:00
nadlan_project-sitemap.xml,https://nad-lan.co.il/projects/%d7%94%d7%a8%d7%9b%d7%91%d7%aa/,2026-07-13T20:15:54+00:00
nadlan_project-sitemap.xml,https://nad-lan.co.il/projects/%d7%93%d7%91-%d7%a7%d7%9e%d7%97%d7%99/,2026-07-13T20:15:55+00:00
nadlan_project-sitemap.xml,https://nad-lan.co.il/projects/%d7%94%d7%9e%d7%9c%d7%9a-%d7%a9%d7%9c%d7%9e%d7%94/,2026-07-13T20:15:56+00:00
nadlan_project-sitemap.xml,https://nad-lan.co.il/projects/%d7%97%d7%a9%d7%9e%d7%95%d7%a0%d7%90%d7%99%d7%9d-%d7%91%d7%a2%d7%96/,2026-07-13T20:15:57+00:00
nadlan_project-sitemap.xml,https://nad-lan.co.il/projects/%d7%a0%d7%95%d7%a8%d7%93%d7%90%d7%95/,2026-07-13T20:15:58+00:00
nadlan_project-sitemap.xml,https://nad-lan.co.il/projects/%d7%94%d7%98%d7%99%d7%99%d7%a1%d7%99%d7%9d-92/,2026-07-13T20:15:58+00:00
nadlan_project-sitemap.xml,https://nad-lan.co.il/projects/%d7%a1%d7%9c%d7%a2-%d7%91%d7%99%d7%aa%d7%a8/,2026-07-13T20:15:59+00:00
nadlan_project-sitemap.xml,https://nad-lan.co.il/projects/%d7%a8%d7%a1%d7%a7%d7%95/,2026-07-13T20:16:00+00:00
nadlan_project-sitemap.xml,https://nad-lan.co.il/projects/%d7%9b%d7%a4%d7%a8-%d7%a9%d7%9c%d7%9d/,2026-07-13T20:16:01+00:00
nadlan_project-sitemap.xml,https://nad-lan.co.il/projects/%d7%a9%d7%9e%d7%a9%d7%95%d7%9f-%d7%94%d7%9e%d7%a9%d7%97%d7%a8%d7%a8%d7%99%d7%9d/,2026-07-13T20:16:02+00:00
nadlan_project-sitemap.xml,https://nad-lan.co.il/projects/%d7%91%d7%9c%d7%a4%d7%95%d7%a8-81/,2026-07-13T20:16:03+00:00
nadlan_project-sitemap.xml,https://nad-lan.co.il/projects/%d7%92%d7%a8%d7%99%d7%a0%d7%91%d7%95%d7%99%d7%9d-%d7%94%d7%a6%d7%99%d7%95%d7%a0%d7%95%d7%aa/,2026-07-13T20:16:04+00:00
nadlan_project-sitemap.xml,https://nad-lan.co.il/projects/%d7%a0%d7%90%d7%95%d7%aa-%d7%a1%d7%a4%d7%99%d7%a8/,2026-07-13T20:16:05+00:00
nadlan_project-sitemap.xml,https://nad-lan.co.il/projects/%d7%a4%d7%95%d7%a8%d7%98%d7%94-%d7%93%d7%9c-%d7%a1%d7%95%d7%9c/,2026-07-13T20:16:06+00:00
nadlan_project-sitemap.xml,https://nad-lan.co.il/projects/%d7%90%d7%97%d7%90%d7%91/,2026-07-13T20:16:07+00:00
nadlan_project-sitemap.xml,https://nad-lan.co.il/projects/%d7%94%d7%a6%d7%91%d7%a8-%d7%a8%d7%a7%d7%a4%d7%aa/,2026-07-13T20:16:08+00:00
nadlan_project-sitemap.xml,https://nad-lan.co.il/projects/%d7%a1%d7%95%d7%a7%d7%95%d7%9c%d7%95%d7%91-46/,2026-07-13T20:16:09+00:00
nadlan_project-sitemap.xml,https://nad-lan.co.il/projects/%d7%94%d7%a1%d7%91%d7%99%d7%95%d7%9f/,2026-07-13T20:16:10+00:00
nadlan_project-sitemap.xml,https://nad-lan.co.il/projects/%d7%a8%d7%97%d7%91%d7%aa-%d7%94%d7%a9%d7%a7%d7%93/,2026-07-13T20:16:11+00:00
nadlan_project-sitemap.xml,https://nad-lan.co.il/projects/%d7%a1%d7%9f-%d7%9e%d7%a8%d7%98%d7%99%d7%9f-23-25/,2026-07-13T20:16:11+00:00
nadlan_project-sitemap.xml,https://nad-lan.co.il/projects/%d7%93%d7%95%d7%90%d7%a0%d7%99-%d7%94%d7%a2%d7%a6%d7%9e%d7%90%d7%95%d7%aa/,2026-07-13T20:16:12+00:00
nadlan_project-sitemap.xml,https://nad-lan.co.il/projects/%d7%94%d7%90%d7%a6%d7%98%d7%93%d7%99%d7%95%d7%9f/,2026-07-13T20:16:13+00:00
nadlan_project-sitemap.xml,https://nad-lan.co.il/projects/%d7%94%d7%98%d7%99%d7%99%d7%a1%d7%99%d7%9d-6810/,2026-07-13T20:16:14+00:00
nadlan_project-sitemap.xml,https://nad-lan.co.il/projects/%d7%a1%d7%99%d7%a0%d7%99-%d7%a7%d7%93%d7%a9/,2026-07-13T20:16:15+00:00
nadlan_project-sitemap.xml,https://nad-lan.co.il/projects/%d7%90%d7%a0%d7%98%d7%99%d7%92%d7%95%d7%a0%d7%95%d7%a1/,2026-07-13T20:16:16+00:00
nadlan_project-sitemap.xml,https://nad-lan.co.il/projects/%d7%96%d7%9c%d7%9e%d7%9f-%d7%a9%d7%a0%d7%99%d7%90%d7%95%d7%a8/,2026-07-13T20:16:17+00:00
nadlan_project-sitemap.xml,https://nad-lan.co.il/projects/%d7%a9%d7%a8%d7%aa-41-45/,2026-07-13T20:16:18+00:00
nadlan_project-sitemap.xml,https://nad-lan.co.il/projects/%d7%91%d7%95%d7%9c%d7%99%d7%91%d7%99%d7%94-14/,2026-07-13T20:16:19+00:00
nadlan_project-sitemap.xml,https://nad-lan.co.il/projects/%d7%91%d7%a8-%d7%99%d7%95%d7%97%d7%90%d7%99-5-15/,2026-07-13T20:16:20+00:00
nadlan_project-sitemap.xml,https://nad-lan.co.il/projects/%d7%90%d7%9c%d7%99-%d7%9b%d7%94%d7%9f/,2026-07-13T20:16:21+00:00
nadlan_project-sitemap.xml,https://nad-lan.co.il/projects/%d7%90%d7%97%d7%93-%d7%94%d7%a2%d7%9d/,2026-07-13T20:16:22+00:00
nadlan_project-sitemap.xml,https://nad-lan.co.il/projects/%d7%94%d7%9b%d7%9c%d7%a0%d7%99%d7%aa/,2026-07-13T20:16:23+00:00
nadlan_project-sitemap.xml,https://nad-lan.co.il/projects/%d7%94%d7%9b%d7%95%d7%96%d7%a8%d7%99/,2026-07-13T20:16:24+00:00
nadlan_project-sitemap.xml,https://nad-lan.co.il/projects/%d7%94%d7%a8%d7%a6%d7%9c/,2026-07-13T20:16:25+00:00
nadlan_project-sitemap.xml,https://nad-lan.co.il/projects/%d7%94%d7%94%d7%a1%d7%aa%d7%93%d7%a8%d7%95%d7%aa-%d7%93%d7%a8%d7%95%d7%9d/,2026-07-13T20:16:26+00:00
nadlan_project-sitemap.xml,https://nad-lan.co.il/projects/%d7%a9%d7%99-%d7%a2%d7%92%d7%a0%d7%95%d7%9f/,2026-07-13T20:16:27+00:00
nadlan_project-sitemap.xml,https://nad-lan.co.il/projects/%d7%94%d7%a0%d7%a9%d7%99%d7%90-%d7%a9%d7%a9%d7%aa-%d7%94%d7%99%d7%9e%d7%99%d7%9d/,2026-07-13T20:16:27+00:00
nadlan_project-sitemap.xml,https://nad-lan.co.il/projects/%d7%a7%d7%95%d7%9c%d7%95%d7%9e%d7%91%d7%99%d7%94-28-29/,2026-07-13T20:16:28+00:00
nadlan_project-sitemap.xml,https://nad-lan.co.il/projects/%d7%94%d7%a4%d7%95%d7%93%d7%99%d7%9d-30/,2026-07-13T20:16:29+00:00
nadlan_project-sitemap.xml,https://nad-lan.co.il/projects/%d7%a4%d7%99%d7%9b%d7%9e%d7%9f/,2026-07-13T20:16:30+00:00
nadlan_project-sitemap.xml,https://nad-lan.co.il/projects/%d7%9c%d7%95%d7%99-%d7%90%d7%a9%d7%9b%d7%95%d7%9c-125-127/,2026-07-13T20:16:31+00:00
nadlan_project-sitemap.xml,https://nad-lan.co.il/projects/%d7%94%d7%9e%d7%90%d7%91%d7%a7/,2026-07-13T20:16:32+00:00
nadlan_project-sitemap.xml,https://nad-lan.co.il/projects/%d7%94%d7%9e%d7%a8%d7%99-%d7%a0%d7%99%d7%a6%d7%a0%d7%94/,2026-07-13T20:16:33+00:00
nadlan_project-sitemap.xml,https://nad-lan.co.il/projects/%d7%a1%d7%9f-%d7%9e%d7%a8%d7%98%d7%99%d7%9f-3/,2026-07-13T20:16:34+00:00
nadlan_project-sitemap.xml,https://nad-lan.co.il/projects/%d7%a9%d7%9e%d7%a2%d7%95%d7%a0%d7%99-%d7%94%d7%aa%d7%a7%d7%95%d7%a4%d7%94/,2026-07-13T20:16:35+00:00
nadlan_project-sitemap.xml,https://nad-lan.co.il/projects/%d7%94%d7%93%d7%a7%d7%9c%d7%99%d7%9d-%d7%90%d7%91%d7%90-%d7%94%d7%9c%d7%9c/,2026-07-13T20:16:36+00:00
nadlan_project-sitemap.xml,https://nad-lan.co.il/projects/%d7%90%d7%a8%d7%99%d7%94-%d7%9c%d7%95%d7%99%d7%9f/,2026-07-13T20:16:37+00:00
nadlan_project-sitemap.xml,https://nad-lan.co.il/projects/%d7%9c%d7%94-%d7%92%d7%95%d7%90%d7%a8%d7%93%d7%99%d7%94-24-28/,2026-07-13T20:16:38+00:00
nadlan_project-sitemap.xml,https://nad-lan.co.il/projects/%d7%a0%d7%95%d7%a8%d7%95%d7%a7-%d7%98%d7%94%d7%95%d7%9f/,2026-07-13T20:16:39+00:00
nadlan_project-sitemap.xml,https://nad-lan.co.il/projects/%d7%94%d7%9e%d7%a7%d7%95%d7%a8/,2026-07-13T20:16:40+00:00
nadlan_project-sitemap.xml,https://nad-lan.co.il/projects/%d7%a8%d7%9e%d7%aa-%d7%9c%d7%97%d7%99/,2026-07-13T20:16:41+00:00
nadlan_project-sitemap.xml,https://nad-lan.co.il/projects/%d7%91%d7%a8%d7%a7%d7%90%d7%99/,2026-07-13T20:16:42+00:00
nadlan_project-sitemap.xml,https://nad-lan.co.il/projects/%d7%92%d7%91%d7%a2%d7%aa-%d7%90%d7%95%d7%9c%d7%92%d7%94-%d7%90%d7%96%d7%95%d7%a8%d7%99%d7%9d/,2026-07-13T20:16:43+00:00
nadlan_project-sitemap.xml,https://nad-lan.co.il/projects/%d7%91%d7%95%d7%a8%d7%95%d7%9b%d7%95%d7%91-2-4/,2026-07-13T20:16:43+00:00
nadlan_project-sitemap.xml,https://nad-lan.co.il/projects/%d7%9e%d7%a2%d7%92%d7%9c%d7%99-%d7%99%d7%91%d7%a0%d7%94/,2026-07-13T20:16:44+00:00
nadlan_project-sitemap.xml,https://nad-lan.co.il/projects/%d7%9c%d7%91%d7%a0%d7%94-%d7%9e%d7%a2%d7%a8%d7%91/,2026-07-13T20:16:45+00:00
nadlan_project-sitemap.xml,https://nad-lan.co.il/projects/%d7%a7%d7%94%d7%99%d7%9c%d7%aa-%d7%95%d7%a8%d7%a9%d7%94-737779/,2026-07-13T20:16:46+00:00
nadlan_project-sitemap.xml,https://nad-lan.co.il/projects/%d7%94%d7%a1%d7%91%d7%99%d7%95%d7%9f-2/,2026-07-13T20:16:47+00:00
nadlan_project-sitemap.xml,https://nad-lan.co.il/projects/%d7%96%d7%91%d7%95%d7%98%d7%99%d7%a0%d7%a1%d7%a7%d7%99-19/,2026-07-13T20:16:48+00:00
nadlan_project-sitemap.xml,https://nad-lan.co.il/projects/%d7%92%d7%95%d7%9c%d7%9f/,2026-07-13T20:16:49+00:00
nadlan_project-sitemap.xml,https://nad-lan.co.il/projects/%d7%a9%d7%91%d7%98%d7%99-%d7%99%d7%a9%d7%a8%d7%90%d7%9c/,2026-07-13T20:16:50+00:00
nadlan_project-sitemap.xml,https://nad-lan.co.il/projects/%d7%90%d7%91%d7%90-%d7%94%d7%9c%d7%9c-%d7%97%d7%a8%d7%95%d7%aa-%d7%9e%d7%aa%d7%97%d7%9d-5842/,2026-07-13T20:16:51+00:00
nadlan_project-sitemap.xml,https://nad-lan.co.il/projects/%d7%91%d7%a8-%d7%9b%d7%95%d7%9b%d7%91%d7%90/,2026-07-13T20:16:52+00:00
nadlan_project-sitemap.xml,https://nad-lan.co.il/projects/%d7%9e%d7%aa%d7%a0%d7%99%d7%94-11-20/,2026-07-13T20:16:53+00:00
nadlan_project-sitemap.xml,https://nad-lan.co.il/projects/%d7%a6%d7%91%d7%90-%d7%94%d7%a7%d7%91%d7%a2/,2026-07-13T20:16:54+00:00
nadlan_project-sitemap.xml,https://nad-lan.co.il/projects/%d7%9e%d7%aa%d7%a0%d7%99%d7%941-10/,2026-07-13T20:16:54+00:00
nadlan_project-sitemap.xml,https://nad-lan.co.il/projects/%d7%a9%d7%9c%d7%9d-16-18/,2026-07-13T20:16:55+00:00
nadlan_project-sitemap.xml,https://nad-lan.co.il/projects/%d7%9e%d7%9c%d7%9b%d7%99-%d7%a6%d7%93%d7%a7-5-7/,2026-07-13T20:16:56+00:00
nadlan_project-sitemap.xml,https://nad-lan.co.il/projects/%d7%90%d7%a0%d7%a1%d7%a7%d7%99/,2026-07-13T20:16:57+00:00
nadlan_project-sitemap.xml,https://nad-lan.co.il/projects/%d7%94%d7%a6%d7%a4%d7%99%d7%a8%d7%94/,2026-07-13T20:16:58+00:00
nadlan_project-sitemap.xml,https://nad-lan.co.il/projects/%d7%91%d7%95%d7%9c%d7%99%d7%91%d7%99%d7%94-1/,2026-07-13T20:16:59+00:00
nadlan_project-sitemap.xml,https://nad-lan.co.il/projects/%d7%a4%d7%a1%d7%97-%d7%97%d7%91%d7%a8%d7%95%d7%a0%d7%99-120/,2026-07-13T20:17:00+00:00
nadlan_project-sitemap.xml,https://nad-lan.co.il/projects/%d7%90%d7%a8%d7%a5-%d7%97%d7%a4%d7%a5/,2026-07-13T20:17:00+00:00
nadlan_project-sitemap.xml,https://nad-lan.co.il/projects/%d7%99%d7%a2%d7%a7%d7%91-%d7%90%d7%91%d7%99%d7%a0%d7%95-%d7%a8%d7%92%d7%a8/,2026-07-13T20:17:02+00:00
nadlan_project-sitemap.xml,https://nad-lan.co.il/projects/%d7%a4-%d7%a6-%d7%97%d7%99%d7%95%d7%aa-24/,2026-07-13T20:17:02+00:00
nadlan_project-sitemap.xml,https://nad-lan.co.il/projects/%d7%a7%d7%95%d7%a1%d7%98%d7%94-%d7%a8%d7%99%d7%a7%d7%94/,2026-07-13T20:17:03+00:00
nadlan_project-sitemap.xml,https://nad-lan.co.il/projects/%d7%9b%d7%a6%d7%a0%d7%9c%d7%a1%d7%95%d7%9f-61-57/,2026-07-13T20:17:04+00:00
nadlan_project-sitemap.xml,https://nad-lan.co.il/projects/%d7%94%d7%a4%d7%a8%d7%a1%d7%94/,2026-07-13T20:17:05+00:00
nadlan_project-sitemap.xml,https://nad-lan.co.il/projects/%d7%91%d7%a8%d7%95%d7%98-2-6/,2026-07-13T20:17:06+00:00
nadlan_project-sitemap.xml,https://nad-lan.co.il/projects/%d7%9c%d7%95%d7%99-%d7%90%d7%a9%d7%9b%d7%95%d7%9c-%d7%93%d7%a8%d7%95%d7%9d/,2026-07-13T20:17:07+00:00
nadlan_project-sitemap.xml,https://nad-lan.co.il/projects/%d7%92%d7%99%d7%95%d7%a8%d7%90-%d7%a7%d7%93%d7%95%d7%a9%d7%99-%d7%9e%d7%a6%d7%a8%d7%99%d7%9d-%d7%94%d7%a8%d7%a6%d7%9c-%d7%91%d7%99%d7%90%d7%a7%d7%95%d7%91%d7%a1%d7%a7%d7%99/,2026-07-13T20:17:08+00:00
nadlan_project-sitemap.xml,https://nad-lan.co.il/projects/%d7%97%d7%98%d7%99%d7%91%d7%aa-%d7%99%d7%a4%d7%aa%d7%97/,2026-07-13T20:17:08+00:00
nadlan_project-sitemap.xml,https://nad-lan.co.il/projects/%d7%9b%d7%a6%d7%a0%d7%9c%d7%a1%d7%95%d7%9f-2/,2026-07-13T20:17:09+00:00
nadlan_project-sitemap.xml,https://nad-lan.co.il/projects/%d7%9e%d7%a8%d7%9b%d7%96-%d7%9e%d7%a1%d7%97%d7%a8%d7%99-%d7%a8%d7%95%d7%91%d7%a2-%d7%90/,2026-07-13T20:17:10+00:00
nadlan_project-sitemap.xml,https://nad-lan.co.il/projects/%d7%90%d7%a8%d7%91%d7%a8/,2026-07-13T20:17:12+00:00
nadlan_project-sitemap.xml,https://nad-lan.co.il/projects/%d7%91%d7%99%d7%aa-%d7%94%d7%93%d7%95%d7%99%d7%93%d7%a7%d7%94/,2026-07-13T20:17:13+00:00
nadlan_project-sitemap.xml,https://nad-lan.co.il/projects/%d7%94%d7%a2%d7%a6%d7%9e%d7%90%d7%95%d7%aa-%d7%91%d7%9c%d7%a4%d7%95%d7%a8/,2026-07-13T20:17:14+00:00
nadlan_project-sitemap.xml,https://nad-lan.co.il/projects/%d7%a9%d7%9c%d7%9d-%d7%91/,2026-07-13T20:17:15+00:00
nadlan_project-sitemap.xml,https://nad-lan.co.il/projects/%d7%a0%d7%94%d7%95%d7%a8%d7%90%d7%99/,2026-07-13T20:17:18+00:00
nadlan_project-sitemap.xml,https://nad-lan.co.il/projects/%d7%9e%d7%a8%d7%9b%d7%96-%d7%a7%d7%9c%d7%99%d7%98%d7%94-%d7%92%d7%99%d7%9c%d7%94/,2026-07-13T20:17:19+00:00
nadlan_project-sitemap.xml,https://nad-lan.co.il/projects/%d7%90%d7%a9%d7%9b%d7%a0%d7%96%d7%99/,2026-07-13T20:17:20+00:00
nadlan_project-sitemap.xml,https://nad-lan.co.il/projects/%d7%92%d7%a0%d7%99%d7%a9/,2026-07-13T20:17:21+00:00
nadlan_project-sitemap.xml,https://nad-lan.co.il/projects/%d7%91%d7%9f-%d7%92%d7%95%d7%a8%d7%99%d7%95%d7%9f-2/,2026-07-13T20:17:21+00:00
nadlan_project-sitemap.xml,https://nad-lan.co.il/projects/%d7%9e%d7%91%d7%a6%d7%a2-%d7%99%d7%95%d7%a0%d7%aa%d7%9f/,2026-07-13T20:17:22+00:00
nadlan_project-sitemap.xml,https://nad-lan.co.il/projects/%d7%94%d7%92%d7%a4%d7%9f/,2026-07-13T20:17:23+00:00
nadlan_project-sitemap.xml,https://nad-lan.co.il/projects/%d7%a0%d7%95%d7%95%d7%94-%d7%99%d7%a2%d7%a7%d7%91-28-32/,2026-07-13T20:17:24+00:00
nadlan_project-sitemap.xml,https://nad-lan.co.il/projects/%d7%91%d7%a8%d7%96%d7%99%d7%9c-14/,2026-07-13T20:17:25+00:00
nadlan_project-sitemap.xml,https://nad-lan.co.il/projects/%d7%a9%d7%a4%d7%99%d7%a8%d7%90/,2026-07-13T20:17:26+00:00
nadlan_project-sitemap.xml,https://nad-lan.co.il/projects/%d7%a6%d7%95%d7%a3/,2026-07-13T20:17:27+00:00
nadlan_project-sitemap.xml,https://nad-lan.co.il/projects/%d7%a8%d7%95%d7%98%d7%a9%d7%99%d7%9c%d7%93-2/,2026-07-13T20:17:29+00:00
nadlan_project-sitemap.xml,https://nad-lan.co.il/projects/%d7%91%d7%99%d7%aa-%d7%97%d7%95%d7%a8%d7%95%d7%9f/,2026-07-13T20:17:29+00:00
nadlan_project-sitemap.xml,https://nad-lan.co.il/projects/%d7%a4%d7%a0%d7%99%d7%a0%d7%aa-%d7%91%d7%a0%d7%99%d7%9e%d7%99%d7%9f/,2026-07-13T20:17:30+00:00
nadlan_project-sitemap.xml,https://nad-lan.co.il/projects/%d7%99%d7%a6%d7%97%d7%a7-%d7%a9%d7%93%d7%94/,2026-07-13T20:17:31+00:00
nadlan_project-sitemap.xml,https://nad-lan.co.il/projects/%d7%a9%d7%9c%d7%95%d7%9d-%d7%99%d7%94%d7%95%d7%93%d7%94/,2026-07-13T20:17:32+00:00
nadlan_project-sitemap.xml,https://nad-lan.co.il/projects/%d7%a9%d7%9c%d7%95%d7%9d-%d7%99%d7%94%d7%95%d7%93%d7%94-26/,2026-07-13T20:17:33+00:00
nadlan_project-sitemap.xml,https://nad-lan.co.il/projects/%d7%90%d7%9c%d7%9b%d7%a1%d7%a0%d7%93%d7%a8%d7%99%d7%95%d7%9f/,2026-07-13T20:17:34+00:00
nadlan_project-sitemap.xml,https://nad-lan.co.il/projects/%d7%93%d7%a8%d7%9a-%d7%94%d7%a9%d7%9c%d7%95%d7%9d-%d7%91%d7%a8-%d7%9e%d7%95%d7%97%d7%90/,2026-07-13T20:17:35+00:00
nadlan_project-sitemap.xml,https://nad-lan.co.il/projects/%d7%94%d7%97%d7%a9%d7%9e%d7%95%d7%a0%d7%90%d7%99%d7%9d-%d7%99%d7%95%d7%a1%d7%a4%d7%98%d7%9c/,2026-07-13T20:17:35+00:00
nadlan_project-sitemap.xml,https://nad-lan.co.il/projects/%d7%99%d7%a2%d7%a7%d7%91-%d7%a7%d7%a8%d7%95%d7%9c/,2026-07-13T20:17:36+00:00
nadlan_project-sitemap.xml,https://nad-lan.co.il/projects/%d7%90%d7%a8%d7%92%d7%95%d7%91/,2026-07-13T20:17:37+00:00
nadlan_project-sitemap.xml,https://nad-lan.co.il/projects/%d7%94%d7%97%d7%95%d7%aa%d7%a8%d7%99%d7%9d/,2026-07-13T20:17:38+00:00
nadlan_project-sitemap.xml,https://nad-lan.co.il/projects/%d7%94%d7%a2%d7%a6%d7%9e%d7%90%d7%95%d7%aa-2/,2026-07-13T20:17:39+00:00
nadlan_project-sitemap.xml,https://nad-lan.co.il/projects/%d7%94%d7%98%d7%99%d7%99%d7%a1%d7%99%d7%9d/,2026-07-13T20:17:40+00:00
nadlan_project-sitemap.xml,https://nad-lan.co.il/projects/%d7%98%d7%94%d7%95%d7%9f-5/,2026-07-13T20:17:41+00:00
nadlan_project-sitemap.xml,https://nad-lan.co.il/projects/%d7%98%d7%94%d7%95%d7%9f-3/,2026-07-13T20:17:42+00:00
nadlan_project-sitemap.xml,https://nad-lan.co.il/projects/%d7%98%d7%94%d7%95%d7%9f-4/,2026-07-13T20:17:43+00:00
nadlan_project-sitemap.xml,https://nad-lan.co.il/projects/%d7%9e%d7%a2%d7%95%d7%96-%d7%90%d7%91%d7%99%d7%91-%d7%a6%d7%a4%d7%95%d7%9f-%d7%9e%d7%a8%d7%9b%d7%96/,2026-07-13T20:17:44+00:00
nadlan_project-sitemap.xml,https://nad-lan.co.il/projects/%d7%94%d7%91%d7%a8%d7%99%d7%92%d7%93%d7%94-%d7%94%d7%99%d7%94%d7%95%d7%93%d7%99%d7%aa/,2026-07-13T20:17:45+00:00
nadlan_project-sitemap.xml,https://nad-lan.co.il/projects/%d7%a4%d7%a0%d7%9e%d7%94-26/,2026-07-13T20:17:46+00:00
nadlan_project-sitemap.xml,https://nad-lan.co.il/projects/%d7%9e%d7%aa%d7%97%d7%9d-12-%d7%a7%d7%98%d7%9e%d7%95%d7%a0%d7%99%d7%9d/,2026-07-13T20:17:47+00:00
nadlan_project-sitemap.xml,https://nad-lan.co.il/projects/%d7%94%d7%9c%d7%9c-%d7%99%d7%a4%d7%94-%d7%92%d7%91%d7%95%d7%98%d7%99%d7%a0%d7%a1%d7%a7%d7%99/,2026-07-13T20:17:48+00:00
nadlan_project-sitemap.xml,https://nad-lan.co.il/projects/%d7%a4%d7%99%d7%99%d7%96%d7%a8/,2026-07-13T20:17:49+00:00
nadlan_project-sitemap.xml,https://nad-lan.co.il/projects/%d7%92%d7%90%d7%a4%d7%a0%d7%95%d7%91/,2026-07-13T20:17:49+00:00
nadlan_project-sitemap.xml,https://nad-lan.co.il/projects/%d7%91%d7%a8%d7%96%d7%99%d7%9c/,2026-07-13T20:17:50+00:00
nadlan_project-sitemap.xml,https://nad-lan.co.il/projects/%d7%93%d7%a8%d7%9a-%d7%94%d7%a9%d7%9c%d7%95%d7%9d-8789/,2026-07-13T20:17:51+00:00
nadlan_project-sitemap.xml,https://nad-lan.co.il/projects/%d7%a7%d7%94%d7%99%d7%9c%d7%aa-%d7%a7%d7%a0%d7%93%d7%94-%d7%a9%d7%93%d7%a8%d7%95%d7%aa-%d7%99%d7%a8%d7%95%d7%a9%d7%9c%d7%99%d7%9d/,2026-07-13T20:17:52+00:00
nadlan_project-sitemap.xml,https://nad-lan.co.il/projects/%d7%a1%d7%95%d7%a7%d7%95%d7%9c%d7%95%d7%91-1012/,2026-07-13T20:17:53+00:00
nadlan_project-sitemap.xml,https://nad-lan.co.il/projects/%d7%99%d7%95%d7%a1%d7%a4%d7%98%d7%9c/,2026-07-13T20:17:54+00:00
nadlan_project-sitemap.xml,https://nad-lan.co.il/projects/%d7%94%d7%90%d7%95%d7%a8%d7%9f/,2026-07-13T20:17:55+00:00
nadlan_project-sitemap.xml,https://nad-lan.co.il/projects/%d7%93%d7%94%d7%95%d7%9e%d7%99%d7%99-8/,2026-07-13T20:17:56+00:00
nadlan_project-sitemap.xml,https://nad-lan.co.il/projects/%d7%90%d7%92%d7%a8%d7%99%d7%a4%d7%a1-92/,2026-07-13T20:17:57+00:00
nadlan_project-sitemap.xml,https://nad-lan.co.il/projects/%d7%91%d7%a8%d7%96%d7%99%d7%9c-4-12/,2026-07-13T20:17:58+00:00
nadlan_project-sitemap.xml,https://nad-lan.co.il/projects/%d7%a9%d7%9c%d7%95/,2026-07-13T20:17:59+00:00
nadlan_project-sitemap.xml,https://nad-lan.co.il/projects/%d7%9b%d7%99%d7%9b%d7%a8-%d7%94%d7%aa%d7%a8%d7%91%d7%95%d7%aa/,2026-07-13T20:18:00+00:00
nadlan_project-sitemap.xml,https://nad-lan.co.il/projects/%d7%99%d7%93-%d7%9c%d7%91%d7%a0%d7%99%d7%9d/,2026-07-13T20:18:01+00:00
nadlan_project-sitemap.xml,https://nad-lan.co.il/projects/%d7%99%d7%a4%d7%aa/,2026-07-13T20:18:02+00:00
nadlan_project-sitemap.xml,https://nad-lan.co.il/projects/%d7%aa%d7%a7%d7%95%d7%a2/,2026-07-13T20:18:03+00:00
nadlan_project-sitemap.xml,https://nad-lan.co.il/projects/%d7%aa%d7%99%d7%a8%d7%95%d7%a9/,2026-07-13T20:18:04+00:00
nadlan_project-sitemap.xml,https://nad-lan.co.il/projects/%d7%99%d7%95%d7%a1%d7%a4%d7%91%d7%a8%d7%92/,2026-07-13T20:18:05+00:00
nadlan_project-sitemap.xml,https://nad-lan.co.il/projects/%d7%a7%d7%a8%d7%9f-%d7%94%d7%99%d7%a1%d7%95%d7%93-%d7%94%d7%a8%d7%a6%d7%9c/,2026-07-13T20:18:05+00:00
nadlan_project-sitemap.xml,https://nad-lan.co.il/projects/%d7%94%d7%94%d7%a1%d7%aa%d7%93%d7%a8%d7%95%d7%aa-80/,2026-07-13T20:18:06+00:00
nadlan_project-sitemap.xml,https://nad-lan.co.il/projects/%d7%99%d7%a4%d7%95/,2026-07-13T20:18:07+00:00
nadlan_project-sitemap.xml,https://nad-lan.co.il/projects/%d7%a7%d7%9c%d7%99%d7%99%d7%a0%d7%9e%d7%9f/,2026-07-13T20:18:08+00:00
nadlan_project-sitemap.xml,https://nad-lan.co.il/projects/%d7%94%d7%9e%d7%97%d7%aa%d7%a8%d7%95%d7%aa/,2026-07-13T20:18:09+00:00
nadlan_project-sitemap.xml,https://nad-lan.co.il/projects/%d7%a2%d7%99%d7%9f-%d7%a6%d7%95%d7%a8%d7%99%d7%9d/,2026-07-13T20:18:10+00:00
nadlan_project-sitemap.xml,https://nad-lan.co.il/projects/%d7%90%d7%92%d7%a8%d7%95%d7%9f/,2026-07-13T20:18:11+00:00
nadlan_project-sitemap.xml,https://nad-lan.co.il/projects/%d7%99%d7%a9%d7%a8%d7%90%d7%9c-%d7%a4%d7%a8%d7%a0%d7%a7%d7%9c/,2026-07-13T20:18:12+00:00
nadlan_project-sitemap.xml,https://nad-lan.co.il/projects/%d7%94%d7%aa%d7%90%d7%a0%d7%94/,2026-07-13T20:18:13+00:00
nadlan_project-sitemap.xml,https://nad-lan.co.il/projects/%d7%94%d7%a8%d7%99%d7%9e%d7%95%d7%9f/,2026-07-13T20:18:14+00:00
nadlan_project-sitemap.xml,https://nad-lan.co.il/projects/%d7%98%d7%a9%d7%a8%d7%a0%d7%99%d7%97%d7%95%d7%91%d7%a1%d7%a7%d7%99-51-53/,2026-07-13T20:18:14+00:00
nadlan_project-sitemap.xml,https://nad-lan.co.il/projects/%d7%a7%d7%98%d7%9e%d7%95%d7%a0%d7%99%d7%9d-06/,2026-07-13T20:18:15+00:00
nadlan_project-sitemap.xml,https://nad-lan.co.il/projects/%d7%94%d7%a2%d7%9e%d7%9c/,2026-07-13T20:18:17+00:00
nadlan_project-sitemap.xml,https://nad-lan.co.il/projects/%d7%90%d7%95%d7%a8%d7%9c%d7%95%d7%91/,2026-07-13T20:18:17+00:00
nadlan_project-sitemap.xml,https://nad-lan.co.il/projects/%d7%94%d7%a2%d7%a6%d7%9e%d7%90%d7%95%d7%aa-3/,2026-07-13T20:18:18+00:00
nadlan_project-sitemap.xml,https://nad-lan.co.il/projects/%d7%a8%d7%91%d7%a0%d7%95-%d7%92%d7%a8%d7%a9%d7%95%d7%9d/,2026-07-13T20:18:19+00:00
nadlan_project-sitemap.xml,https://nad-lan.co.il/projects/%d7%93%d7%a8%d7%9a-%d7%97%d7%91%d7%a8%d7%95%d7%9f-116/,2026-07-13T20:18:20+00:00
nadlan_project-sitemap.xml,https://nad-lan.co.il/projects/%d7%90%d7%a4%d7%a8%d7%a1%d7%9e%d7%95%d7%9f-%d7%93%d7%95%d7%93%d7%90%d7%99%d7%9d/,2026-07-13T20:18:21+00:00
nadlan_project-sitemap.xml,https://nad-lan.co.il/projects/%d7%a2%d7%9e%d7%99%d7%a0%d7%93%d7%91/,2026-07-13T20:18:22+00:00
nadlan_project-sitemap.xml,https://nad-lan.co.il/projects/%d7%94%d7%a8%d7%91-%d7%9e%d7%99%d7%9e%d7%95%d7%9f/,2026-07-13T20:18:23+00:00
nadlan_project-sitemap.xml,https://nad-lan.co.il/projects/%d7%94%d7%a0%d7%a8%d7%99%d7%99%d7%98%d7%94-%d7%a1%d7%90%d7%9c%d7%93/,2026-07-13T20:18:24+00:00
nadlan_project-sitemap.xml,https://nad-lan.co.il/projects/%d7%92%d7%95%d7%95%d7%90%d7%98%d7%9e%d7%9c%d7%94/,2026-07-13T20:18:25+00:00
nadlan_project-sitemap.xml,https://nad-lan.co.il/projects/%d7%92%d7%95%d7%a8%d7%93%d7%95%d7%9f-%d7%92%d7%99%d7%95%d7%a8%d7%90/,2026-07-13T20:18:26+00:00
nadlan_project-sitemap.xml,https://nad-lan.co.il/projects/%d7%a0%d7%aa%d7%99%d7%91-%d7%97%d7%9f/,2026-07-13T20:18:27+00:00
nadlan_project-sitemap.xml,https://nad-lan.co.il/projects/%d7%99%d7%95%d7%a1%d7%a4%d7%99/,2026-07-13T20:18:28+00:00
nadlan_project-sitemap.xml,https://nad-lan.co.il/projects/%d7%94%d7%9b%d7%99%d7%9b%d7%a8/,2026-07-13T20:18:29+00:00
nadlan_project-sitemap.xml,https://nad-lan.co.il/projects/%d7%99%d7%95%d7%a1%d7%a3-%d7%97%d7%99%d7%99%d7%9d-%d7%a9%d7%9c%d7%94%d7%91%d7%aa/,2026-07-13T20:18:30+00:00
nadlan_project-sitemap.xml,https://nad-lan.co.il/projects/%d7%a6%d7%99%d7%96%d7%9c%d7%99%d7%a0%d7%92-%d7%91%d7%a0%d7%99-%d7%91%d7%a8%d7%99%d7%aa/,2026-07-13T20:18:31+00:00
nadlan_project-sitemap.xml,https://nad-lan.co.il/projects/%d7%9e%d7%a7%d7%a1%d7%99%d7%a7%d7%95/,2026-07-13T20:18:32+00:00
nadlan_project-sitemap.xml,https://nad-lan.co.il/projects/%d7%a9%d7%93%d7%a8%d7%95%d7%aa-%d7%99%d7%a8%d7%95%d7%a9%d7%9c%d7%99%d7%9d/,2026-07-13T20:18:33+00:00
nadlan_project-sitemap.xml,https://nad-lan.co.il/projects/%d7%9e%d7%a2%d7%a4%d7%99%d7%9c%d7%99-%d7%90%d7%92%d7%95%d7%96/,2026-07-13T20:18:33+00:00
nadlan_project-sitemap.xml,https://nad-lan.co.il/projects/%d7%a9%d7%a0%d7%99%d7%90%d7%95%d7%a8-%d7%a9%d7%9c%d7%95%d7%a0%d7%a1%d7%a7%d7%99/,2026-07-13T20:18:34+00:00
nadlan_project-sitemap.xml,https://nad-lan.co.il/projects/%d7%91%d7%a8%d7%95%d7%93%d7%a6%d7%a7%d7%99-16-18/,2026-07-13T20:18:35+00:00
nadlan_project-sitemap.xml,https://nad-lan.co.il/projects/%d7%a7%d7%a4%d7%9c%d7%9f-%d7%96%d7%91%d7%95%d7%98%d7%99%d7%a0%d7%a1%d7%a7%d7%99/,2026-07-13T20:18:36+00:00
nadlan_project-sitemap.xml,https://nad-lan.co.il/projects/%d7%91%d7%9f-%d7%92%d7%95%d7%a8%d7%99%d7%95%d7%9f-10-16/,2026-07-13T20:18:37+00:00
nadlan_project-sitemap.xml,https://nad-lan.co.il/projects/%d7%91%d7%9f-%d7%92%d7%95%d7%a8%d7%99%d7%95%d7%9f-21-39/,2026-07-13T20:18:38+00:00
nadlan_project-sitemap.xml,https://nad-lan.co.il/projects/%d7%9e%d7%a8%d7%92%d7%95%d7%9c%d7%99%d7%9f/,2026-07-13T20:18:40+00:00
nadlan_project-sitemap.xml,https://nad-lan.co.il/projects/%d7%94%d7%a9%d7%97%d7%a3/,2026-07-13T20:18:40+00:00
nadlan_project-sitemap.xml,https://nad-lan.co.il/projects/%d7%94%d7%90%d7%97%d7%99%d7%9d-%d7%91%d7%9b%d7%a8/,2026-07-13T20:18:41+00:00
nadlan_project-sitemap.xml,https://nad-lan.co.il/projects/%d7%9e%d7%90%d7%99%d7%a8-%d7%90%d7%91%d7%a0%d7%a8/,2026-07-13T20:18:42+00:00
nadlan_project-sitemap.xml,https://nad-lan.co.il/projects/%d7%a9%d7%a0%d7%a7%d7%a8-55/,2026-07-13T20:18:43+00:00
nadlan_project-sitemap.xml,https://nad-lan.co.il/projects/%d7%a1%d7%9e%d7%98%d7%aa-%d7%99%d7%94%d7%95%d7%93%d7%99%d7%aa/,2026-07-13T20:18:44+00:00
nadlan_project-sitemap.xml,https://nad-lan.co.il/projects/%d7%94%d7%a6%d7%a0%d7%97%d7%a0%d7%99%d7%9d-2/,2026-07-13T20:18:45+00:00
nadlan_project-sitemap.xml,https://nad-lan.co.il/projects/%d7%90%d7%9e%d7%99%d7%9c-%d7%96%d7%95%d7%9c%d7%90/,2026-07-13T20:18:46+00:00
nadlan_project-sitemap.xml,https://nad-lan.co.il/projects/%d7%a4%d7%99%d7%a0%d7%a1%d7%a7%d7%a8/,2026-07-13T20:18:47+00:00
nadlan_project-sitemap.xml,https://nad-lan.co.il/projects/%d7%91%d7%99%d7%90%d7%9c%d7%99%d7%a7-%d7%94%d7%a8%d7%a6%d7%9c/,2026-07-13T20:18:48+00:00
nadlan_project-sitemap.xml,https://nad-lan.co.il/projects/%d7%a2%d7%9c%d7%99%d7%99%d7%94-%d7%93%d7%95%d7%93-%d7%a8%d7%9e%d7%96-%d7%93%d7%a8%d7%95%d7%9e%d7%99/,2026-07-13T20:18:48+00:00
nadlan_project-sitemap.xml,https://nad-lan.co.il/projects/%d7%a2%d7%9e%d7%99%d7%a9%d7%91-%d7%98%d7%91%d7%a8%d7%99%d7%94/,2026-07-13T20:18:49+00:00
nadlan_project-sitemap.xml,https://nad-lan.co.il/projects/%d7%a4%d7%95%d7%92%d7%9c-%d7%a4%d7%99%d7%a0%d7%a1%d7%a7%d7%a8/,2026-07-13T20:18:54+00:00
nadlan_project-sitemap.xml,https://nad-lan.co.il/projects/%d7%91%d7%91%d7%9c%d7%99/,2026-07-13T20:18:55+00:00
nadlan_project-sitemap.xml,https://nad-lan.co.il/projects/%d7%90%d7%9c%d7%9e%d7%92%d7%95%d7%a8-8-16/,2026-07-13T20:18:56+00:00
nadlan_project-sitemap.xml,https://nad-lan.co.il/projects/%d7%93%d7%95%d7%90%d7%a0%d7%99-%d7%93%d7%a8%d7%95%d7%9d/,2026-07-13T20:18:57+00:00
nadlan_project-sitemap.xml,https://nad-lan.co.il/projects/%d7%a1%d7%9f-%d7%9e%d7%a8%d7%98%d7%99%d7%9f-1/,2026-07-13T20:18:57+00:00
nadlan_project-sitemap.xml,https://nad-lan.co.il/projects/%d7%a7%d7%98%d7%9e%d7%95%d7%a0%d7%99%d7%9d-11/,2026-07-13T20:18:58+00:00
nadlan_project-sitemap.xml,https://nad-lan.co.il/projects/%d7%a7%d7%99%d7%91%d7%95%d7%a5-%d7%92%d7%9c%d7%95%d7%99%d7%95%d7%aa-87-93/,2026-07-13T20:18:59+00:00
nadlan_project-sitemap.xml,https://nad-lan.co.il/projects/%d7%90%d7%a8%d7%9c%d7%95%d7%96%d7%95%d7%a8%d7%95%d7%91-11-%d7%90/,2026-07-13T20:19:00+00:00
nadlan_project-sitemap.xml,https://nad-lan.co.il/projects/%d7%9e%d7%a2%d7%9c%d7%94-%d7%94%d7%a9%d7%95%d7%90%d7%91%d7%94/,2026-07-13T20:19:01+00:00
nadlan_project-sitemap.xml,https://nad-lan.co.il/projects/%d7%96%d7%90%d7%91-%d7%97%d7%a7%d7%9c%d7%90%d7%99/,2026-07-13T20:19:03+00:00
nadlan_project-sitemap.xml,https://nad-lan.co.il/projects/%d7%91%d7%95%d7%a8%d7%95%d7%9b%d7%95%d7%91/,2026-07-13T20:19:04+00:00
nadlan_project-sitemap.xml,https://nad-lan.co.il/projects/%d7%91%d7%95%d7%9c%d7%99%d7%91%d7%99%d7%94/,2026-07-13T20:19:05+00:00
nadlan_project-sitemap.xml,https://nad-lan.co.il/projects/%d7%94%d7%a2%d7%99%d7%a8%d7%99%d7%99%d7%94/,2026-07-13T20:19:06+00:00
nadlan_project-sitemap.xml,https://nad-lan.co.il/projects/%d7%94%d7%9e%d7%9c%d7%9a-%d7%90%d7%9e%d7%a6%d7%99%d7%94/,2026-07-13T20:19:06+00:00
nadlan_project-sitemap.xml,https://nad-lan.co.il/projects/%d7%99%d7%95%d7%a1%d7%a4%d7%98%d7%9c-2/,2026-07-13T20:19:07+00:00
nadlan_project-sitemap.xml,https://nad-lan.co.il/projects/%d7%94%d7%a2%d7%a6%d7%9e%d7%90%d7%95%d7%aa-4/,2026-07-13T20:19:09+00:00
nadlan_project-sitemap.xml,https://nad-lan.co.il/projects/%d7%a9%d7%9b%d7%95%d7%a0%d7%aa-%d7%a2%d7%a7%d7%99%d7%91%d7%90/,2026-07-13T20:19:10+00:00
nadlan_project-sitemap.xml,https://nad-lan.co.il/projects/%d7%97%d7%a1%d7%9f-%d7%a2%d7%a8%d7%90%d7%a4%d7%94/,2026-07-13T20:19:11+00:00
nadlan_project-sitemap.xml,https://nad-lan.co.il/projects/%d7%93%d7%92%d7%9c-%d7%a8%d7%90%d7%95%d7%91%d7%9f/,2026-07-13T20:19:12+00:00
nadlan_project-sitemap.xml,https://nad-lan.co.il/projects/%d7%a8%d7%9e%d7%aa-%d7%97%d7%9f/,2026-07-13T20:19:13+00:00
nadlan_project-sitemap.xml,https://nad-lan.co.il/projects/%d7%a9%d7%95%d7%a7-%d7%a4%d7%a8%d7%93%d7%a1-%d7%9b%d7%a5/,2026-07-13T20:19:14+00:00
nadlan_project-sitemap.xml,https://nad-lan.co.il/projects/%d7%9e%d7%91%d7%95%d7%90-%d7%97%d7%93%d7%a8%d7%94-%d7%9e%d7%96%d7%a8%d7%97/,2026-07-13T20:19:15+00:00
nadlan_project-sitemap.xml,https://nad-lan.co.il/projects/%d7%9e%d7%a8%d7%9b%d7%96-%d7%99%d7%94%d7%95%d7%93/,2026-07-13T20:19:16+00:00
nadlan_project-sitemap.xml,https://nad-lan.co.il/projects/%d7%94%d7%91%d7%a0%d7%99%d7%9d/,2026-07-13T20:19:17+00:00
nadlan_project-sitemap.xml,https://nad-lan.co.il/projects/%d7%94%d7%9c%d7%a4%d7%a8%d7%99%d7%9f/,2026-07-13T20:19:18+00:00
nadlan_project-sitemap.xml,https://nad-lan.co.il/projects/%d7%94%d7%a9%d7%95%d7%a7-%d7%94%d7%a2%d7%99%d7%a8%d7%95%d7%a0%d7%99/,2026-07-13T20:19:19+00:00
nadlan_project-sitemap.xml,https://nad-lan.co.il/projects/%d7%99%d7%93-%d7%90%d7%9c%d7%99%d7%a2%d7%96%d7%a8/,2026-07-13T20:19:19+00:00
nadlan_project-sitemap.xml,https://nad-lan.co.il/projects/%d7%95%d7%99%d7%a6%d7%9e%d7%9f-%d7%a1%d7%95%d7%a7%d7%95%d7%9c%d7%95%d7%91/,2026-07-13T20:19:20+00:00
nadlan_project-sitemap.xml,https://nad-lan.co.il/projects/%d7%95%d7%99%d7%a6%d7%9e%d7%9f-%d7%a6%d7%a4%d7%95%d7%9f-%d7%91%d7%90%d7%a8%d7%99/,2026-07-13T20:19:21+00:00
nadlan_project-sitemap.xml,https://nad-lan.co.il/projects/%d7%a9%d7%9c%d7%95%d7%9d-%d7%90%d7%a9-%d7%92%d7%9f-%d7%91%d7%95%d7%a2%d7%96/,2026-07-13T20:19:22+00:00
nadlan_project-sitemap.xml,https://nad-lan.co.il/projects/%d7%a9%d7%99%d7%91%d7%aa-%d7%a6%d7%99%d7%95%d7%9f/,2026-07-13T20:19:23+00:00
nadlan_project-sitemap.xml,https://nad-lan.co.il/projects/%d7%97%d7%91%d7%99%d7%91%d7%94-%d7%a8%d7%99%d7%99%d7%9a/,2026-07-13T20:19:24+00:00
nadlan_project-sitemap.xml,https://nad-lan.co.il/projects/%d7%a0%d7%95%d7%95%d7%94-%d7%a9%d7%a8%d7%aa-%d7%91%d7%99%d7%aa-%d7%90%d7%9c/,2026-07-13T20:19:25+00:00
nadlan_project-sitemap.xml,https://nad-lan.co.il/projects/%d7%a9%d7%9c%d7%9e%d7%94-%d7%94%d7%9e%d7%9c%d7%9a-%d7%a6%d7%a4%d7%95%d7%9f/,2026-07-13T20:19:26+00:00
nadlan_project-sitemap.xml,https://nad-lan.co.il/projects/%d7%94%d7%97%d7%a8%d7%a9-%d7%95%d7%94%d7%90%d7%95%d7%9e%d7%9f/,2026-07-13T20:19:27+00:00
nadlan_project-sitemap.xml,https://nad-lan.co.il/projects/%d7%a4%d7%99%d7%a0%d7%a1%d7%a7%d7%a8-2/,2026-07-13T20:19:28+00:00
nadlan_project-sitemap.xml,https://nad-lan.co.il/projects/%d7%91%d7%a0%d7%99%d7%9e%d7%99%d7%9f-%d7%99%d7%a2%d7%a7%d7%91/,2026-07-13T20:19:29+00:00
nadlan_project-sitemap.xml,https://nad-lan.co.il/projects/%d7%94%d7%a8%d7%91-%d7%a7%d7%95%d7%a7-2-%d7%94%d7%94%d7%a1%d7%aa%d7%93%d7%a8%d7%95%d7%aa/,2026-07-13T20:19:30+00:00
nadlan_project-sitemap.xml,https://nad-lan.co.il/projects/%d7%90%d7%99%d7%99%d7%96%d7%a0%d7%91%d7%a8%d7%92/,2026-07-13T20:19:31+00:00
nadlan_project-sitemap.xml,https://nad-lan.co.il/projects/%d7%90%d7%a0%d7%93%d7%a8%d7%99%d7%95%d7%a1/,2026-07-13T20:19:32+00:00
nadlan_project-sitemap.xml,https://nad-lan.co.il/projects/%d7%99%d7%95%d7%a1%d7%a4%d7%a1%d7%91%d7%a8%d7%92/,2026-07-13T20:19:33+00:00
nadlan_project-sitemap.xml,https://nad-lan.co.il/projects/%d7%9e%d7%97%d7%9c/,2026-07-13T20:19:34+00:00
nadlan_project-sitemap.xml,https://nad-lan.co.il/projects/%d7%94%d7%90%d7%9c%d7%95%d7%9f/,2026-07-13T20:19:35+00:00
nadlan_project-sitemap.xml,https://nad-lan.co.il/projects/%d7%94%d7%a4%d7%99%d7%a0%d7%94/,2026-07-13T20:19:35+00:00
nadlan_project-sitemap.xml,https://nad-lan.co.il/projects/%d7%93%d7%a8%d7%9a-%d7%97%d7%91%d7%a8%d7%95%d7%9f-%d7%93%d7%a8%d7%95%d7%9d/,2026-07-13T20:19:36+00:00
nadlan_project-sitemap.xml,https://nad-lan.co.il/projects/%d7%94%d7%9e%d7%9c%d7%9a-%d7%97%d7%96%d7%a7%d7%99%d7%94%d7%95/,2026-07-13T20:19:37+00:00
nadlan_project-sitemap.xml,https://nad-lan.co.il/projects/%d7%a9%d7%99%d7%9c%d7%a8-%d7%90%d7%95%d7%a8%d7%9c%d7%95%d7%91/,2026-07-13T20:19:38+00:00
nadlan_project-sitemap.xml,https://nad-lan.co.il/projects/%d7%99%d7%a9%d7%95%d7%a8%d7%95%d7%9f/,2026-07-13T20:19:39+00:00
nadlan_project-sitemap.xml,https://nad-lan.co.il/projects/%d7%a9%d7%a9%d7%aa-%d7%94%d7%99%d7%9e%d7%99%d7%9d/,2026-07-13T20:19:40+00:00
nadlan_project-sitemap.xml,https://nad-lan.co.il/projects/%d7%94%d7%9e%d7%a7%d7%a9%d7%a8/,2026-07-13T20:19:41+00:00
nadlan_project-sitemap.xml,https://nad-lan.co.il/projects/%d7%9e%d7%95%d7%a8%d7%93%d7%95%d7%aa-%d7%94%d7%9b%d7%a8%d7%9e%d7%9c-%d7%94%d7%a6%d7%a8%d7%a4%d7%aa%d7%99/,2026-07-13T20:19:41+00:00
nadlan_project-sitemap.xml,https://nad-lan.co.il/projects/%d7%99%d7%95%d7%a1%d7%a4%d7%98%d7%9c-3/,2026-07-13T20:19:42+00:00
nadlan_project-sitemap.xml,https://nad-lan.co.il/projects/%d7%94%d7%aa%d7%9e%d7%a8/,2026-07-13T20:19:43+00:00
nadlan_project-sitemap.xml,https://nad-lan.co.il/projects/%d7%9e%d7%a8%d7%91%d7%93-%d7%94%d7%a7%d7%a1%d7%9e%d7%99%d7%9d/,2026-07-13T20:19:44+00:00
nadlan_project-sitemap.xml,https://nad-lan.co.il/projects/%d7%91%d7%a8%d7%9c-%d7%9b%d7%a6%d7%a0%d7%9c%d7%a1%d7%95%d7%9f/,2026-07-13T20:19:45+00:00
nadlan_project-sitemap.xml,https://nad-lan.co.il/projects/%d7%99%d7%a6%d7%99%d7%90%d7%aa-%d7%90%d7%99%d7%a8%d7%95%d7%a4%d7%94/,2026-07-13T20:19:46+00:00
nadlan_project-sitemap.xml,https://nad-lan.co.il/projects/%d7%94%d7%a6%d7%a2%d7%99%d7%a8%d7%99%d7%9d/,2026-07-13T20:19:47+00:00
nadlan_project-sitemap.xml,https://nad-lan.co.il/projects/%d7%90%d7%9c%d7%a2%d7%96%d7%a8-%d7%91%d7%9f-%d7%99%d7%90%d7%99%d7%a8/,2026-07-13T20:19:48+00:00
nadlan_project-sitemap.xml,https://nad-lan.co.il/projects/%d7%93%d7%a4%d7%a0%d7%94/,2026-07-13T20:19:49+00:00
nadlan_project-sitemap.xml,https://nad-lan.co.il/projects/%d7%94%d7%90%d7%a6%d7%9c/,2026-07-13T20:19:49+00:00
nadlan_project-sitemap.xml,https://nad-lan.co.il/projects/%d7%99%d7%95%d7%a1%d7%a4%d7%98%d7%9c-%d7%9e%d7%96%d7%a8%d7%97-2/,2026-07-13T20:19:50+00:00
nadlan_project-sitemap.xml,https://nad-lan.co.il/projects/%d7%94%d7%a0%d7%91%d7%99%d7%90%d7%99%d7%9d/,2026-07-13T20:19:51+00:00
nadlan_project-sitemap.xml,https://nad-lan.co.il/projects/%d7%a9%d7%a2%d7%a8-%d7%a6%d7%a4%d7%95%d7%9f-%d7%94%d7%a2%d7%99%d7%a8/,2026-07-13T20:19:52+00:00
nadlan_project-sitemap.xml,https://nad-lan.co.il/projects/%d7%94%d7%92%d7%99%d7%91%d7%95%d7%a8%d7%99%d7%9d/,2026-07-13T20:19:53+00:00
nadlan_project-sitemap.xml,https://nad-lan.co.il/projects/%d7%90%d7%9c%d7%99-%d7%9b%d7%94%d7%9f-2/,2026-07-13T20:19:54+00:00
nadlan_project-sitemap.xml,https://nad-lan.co.il/projects/%d7%92%d7%90%d7%95%d7%9c%d7%99%d7%9d/,2026-07-13T20:19:55+00:00
nadlan_project-sitemap.xml,https://nad-lan.co.il/projects/%d7%a2%d7%9e%d7%a7-%d7%91%d7%a8%d7%9b%d7%94/,2026-07-13T20:19:55+00:00
nadlan_project-sitemap.xml,https://nad-lan.co.il/projects/%d7%91%d7%99%d7%9c%d7%95-2/,2026-07-13T20:19:56+00:00
nadlan_project-sitemap.xml,https://nad-lan.co.il/projects/%d7%95%d7%99%d7%a0%d7%92%d7%99%d7%99%d7%98-%d7%9c%d7%94-%d7%92%d7%95%d7%95%d7%90%d7%a8%d7%93%d7%99%d7%94/,2026-07-13T20:19:57+00:00
nadlan_project-sitemap.xml,https://nad-lan.co.il/projects/%d7%91%d7%99%d7%90%d7%9c%d7%99%d7%a7/,2026-07-13T20:19:58+00:00
nadlan_project-sitemap.xml,https://nad-lan.co.il/projects/%d7%9c%d7%94-%d7%92%d7%95%d7%95%d7%90%d7%a8%d7%93%d7%99%d7%94-%d7%9e%d7%96%d7%a8%d7%97/,2026-07-13T20:19:59+00:00
nadlan_project-sitemap.xml,https://nad-lan.co.il/projects/%d7%98%d7%94%d7%95%d7%9f-1-2/,2026-07-13T20:20:00+00:00
nadlan_project-sitemap.xml,https://nad-lan.co.il/projects/%d7%94%d7%90%d7%a8%d7%96%d7%99%d7%9d/,2026-07-13T20:20:01+00:00
nadlan_project-sitemap.xml,https://nad-lan.co.il/projects/%d7%94%d7%94%d7%a1%d7%aa%d7%93%d7%a8%d7%95%d7%aa-%d7%a6%d7%a4%d7%95%d7%9f/,2026-07-13T20:20:02+00:00
nadlan_project-sitemap.xml,https://nad-lan.co.il/projects/%d7%93%d7%95%d7%a8%d7%94-%d7%a8%d7%9e%d7%aa-%d7%99%d7%93%d7%99%d7%9f/,2026-07-13T20:20:03+00:00
nadlan_project-sitemap.xml,https://nad-lan.co.il/projects/%d7%9e%d7%a2%d7%95%d7%a0%d7%95%d7%aa-%d7%a9%d7%a8%d7%94/,2026-07-13T20:20:04+00:00
nadlan_project-sitemap.xml,https://nad-lan.co.il/projects/%d7%94%d7%a2%d7%9c%d7%99%d7%99%d7%94-%d7%94%d7%a9%d7%a0%d7%99%d7%99%d7%94/,2026-07-13T20:20:05+00:00
nadlan_project-sitemap.xml,https://nad-lan.co.il/projects/%d7%97%d7%99%d7%9c-%d7%94%d7%99%d7%9d/,2026-07-13T20:20:06+00:00
nadlan_project-sitemap.xml,https://nad-lan.co.il/projects/%d7%aa%d7%a7%d7%95%d7%9e%d7%94/,2026-07-13T20:20:07+00:00
nadlan_project-sitemap.xml,https://nad-lan.co.il/projects/%d7%90%d7%a9%d7%a7%d7%95%d7%91%d7%99%d7%95%d7%aa/,2026-07-13T20:20:07+00:00
nadlan_project-sitemap.xml,https://nad-lan.co.il/projects/%d7%92%d7%95%d7%9c%d7%95%d7%9e%d7%91-23/,2026-07-13T20:20:09+00:00
nadlan_project-sitemap.xml,https://nad-lan.co.il/projects/%d7%92%d7%95%d7%9c%d7%95%d7%9e%d7%91-%d7%9e%d7%a1%d7%9c%d7%a0%d7%98/,2026-07-13T20:20:10+00:00
nadlan_project-sitemap.xml,https://nad-lan.co.il/projects/%d7%a7%d7%a8%d7%99%d7%aa-%d7%9e%d7%a9%d7%94/,2026-07-13T20:20:10+00:00
nadlan_project-sitemap.xml,https://nad-lan.co.il/projects/%d7%9b%d7%93%d7%95%d7%a8%d7%99/,2026-07-13T20:20:11+00:00
nadlan_project-sitemap.xml,https://nad-lan.co.il/projects/%d7%a9%d7%a4%d7%a8%d7%91%d7%a8/,2026-07-13T20:20:12+00:00
nadlan_project-sitemap.xml,https://nad-lan.co.il/projects/%d7%94%d7%a2%d7%9c%d7%99%d7%99%d7%94-%d7%94%d7%a9%d7%a0%d7%99%d7%99%d7%94-2/,2026-07-13T20:20:13+00:00
nadlan_project-sitemap.xml,https://nad-lan.co.il/projects/%d7%a9%d7%a2%d7%a8%d7%99%d7%99%d7%9d/,2026-07-13T20:20:14+00:00
nadlan_project-sitemap.xml,https://nad-lan.co.il/projects/%d7%a9%d7%a2%d7%a8-%d7%99%d7%95%d7%a1%d7%a4%d7%98%d7%9c/,2026-07-13T20:20:15+00:00
nadlan_project-sitemap.xml,https://nad-lan.co.il/projects/%d7%90%d7%92%d7%a9-%d7%9b%d7%9c%d7%9c%d7%99/,2026-07-13T20:20:16+00:00
nadlan_project-sitemap.xml,https://nad-lan.co.il/projects/%d7%93%d7%a8%d7%9a-%d7%97%d7%91%d7%a8%d7%95%d7%9f-137-141/,2026-07-13T20:20:17+00:00
nadlan_project-sitemap.xml,https://nad-lan.co.il/projects/%d7%98%d7%a9%d7%a8%d7%a0%d7%99%d7%97%d7%95%d7%91%d7%a1%d7%a7%d7%99/,2026-07-13T20:20:19+00:00
nadlan_project-sitemap.xml,https://nad-lan.co.il/projects/%d7%95%d7%99%d7%a6%d7%9e%d7%9f-%d7%96%d7%91%d7%95%d7%98%d7%99%d7%a0%d7%a1%d7%a7%d7%99-%d7%a9%d7%99%d7%a0%d7%a7%d7%99%d7%9f/,2026-07-13T20:20:20+00:00
nadlan_project-sitemap.xml,https://nad-lan.co.il/projects/%d7%9c%d7%90%d7%94-%d7%92%d7%95%d7%9c%d7%93%d7%91%d7%a8%d7%92/,2026-07-13T20:20:21+00:00
nadlan_project-sitemap.xml,https://nad-lan.co.il/projects/%d7%91%d7%92%d7%99%d7%9f/,2026-07-13T20:20:23+00:00
nadlan_project-sitemap.xml,https://nad-lan.co.il/projects/%d7%9e%d7%95%d7%94%d7%9c%d7%99%d7%91%d7%a8/,2026-07-13T20:20:24+00:00
nadlan_project-sitemap.xml,https://nad-lan.co.il/projects/%d7%a9%d7%98%d7%a8%d7%9f-2/,2026-07-13T20:20:25+00:00
nadlan_project-sitemap.xml,https://nad-lan.co.il/projects/%d7%9b%d7%99%d7%9b%d7%a8-%d7%a7%d7%95%d7%9e%d7%a0%d7%93%d7%95/,2026-07-13T20:20:26+00:00
nadlan_project-sitemap.xml,https://nad-lan.co.il/projects/%d7%92%d7%99%d7%95%d7%a8%d7%90/,2026-07-13T20:20:27+00:00
nadlan_project-sitemap.xml,https://nad-lan.co.il/projects/%d7%a0%d7%97%d7%9e%d7%99%d7%94/,2026-07-13T20:20:33+00:00
nadlan_project-sitemap.xml,https://nad-lan.co.il/projects/%d7%94%d7%a0%d7%95%d7%a8%d7%99%d7%aa/,2026-07-13T20:20:35+00:00
nadlan_project-sitemap.xml,https://nad-lan.co.il/projects/%d7%94%d7%a2%d7%a6%d7%9e%d7%90%d7%95%d7%aa-5/,2026-07-13T20:20:36+00:00
nadlan_project-sitemap.xml,https://nad-lan.co.il/projects/%d7%99%d7%95%d7%a1%d7%a4%d7%98%d7%9c-4/,2026-07-13T20:20:37+00:00
nadlan_project-sitemap.xml,https://nad-lan.co.il/projects/%d7%9e%d7%91%d7%a6%d7%a2-%d7%a1%d7%99%d7%a0%d7%99/,2026-07-13T20:20:38+00:00
nadlan_project-sitemap.xml,https://nad-lan.co.il/projects/%d7%94%d7%97%d7%a6%d7%91/,2026-07-13T20:20:39+00:00
nadlan_project-sitemap.xml,https://nad-lan.co.il/projects/%d7%90%d7%95%d7%a8%d7%95%d7%aa/,2026-07-13T20:20:40+00:00
nadlan_project-sitemap.xml,https://nad-lan.co.il/projects/%d7%a6%d7%94%d7%9c/,2026-07-13T20:20:40+00:00
nadlan_project-sitemap.xml,https://nad-lan.co.il/projects/%d7%94%d7%9e%d7%9c%d7%91%d7%9f/,2026-07-13T20:20:41+00:00
nadlan_project-sitemap.xml,https://nad-lan.co.il/projects/%d7%91%d7%a0%d7%99%d7%9e%d7%99%d7%9f/,2026-07-13T20:20:42+00:00
nadlan_project-sitemap.xml,https://nad-lan.co.il/projects/%d7%90%d7%94%d7%95%d7%93-%d7%94%d7%aa%d7%97%d7%99%d7%94/,2026-07-13T20:20:43+00:00
nadlan_project-sitemap.xml,https://nad-lan.co.il/projects/%d7%a7%d7%95%d7%92%d7%9c/,2026-07-13T20:20:44+00:00
nadlan_project-sitemap.xml,https://nad-lan.co.il/projects/%d7%94%d7%a9%d7%95%d7%a7/,2026-07-13T20:20:45+00:00
nadlan_project-sitemap.xml,https://nad-lan.co.il/projects/%d7%94%d7%a4%d7%99%d7%90%d7%a6%d7%94/,2026-07-13T20:20:46+00:00
nadlan_project-sitemap.xml,https://nad-lan.co.il/projects/%d7%a9%d7%9c%d7%9e%d7%94-%d7%94%d7%9e%d7%9c%d7%9a/,2026-07-13T20:20:47+00:00
nadlan_project-sitemap.xml,https://nad-lan.co.il/projects/%d7%95%d7%99%d7%a0%d7%92%d7%99%d7%99%d7%98/,2026-07-13T20:20:48+00:00
nadlan_project-sitemap.xml,https://nad-lan.co.il/projects/%d7%90%d7%99%d7%9c%d7%aa-3/,2026-07-13T20:20:48+00:00
nadlan_project-sitemap.xml,https://nad-lan.co.il/projects/%d7%a8%d7%9e%d7%95%d7%aa-%d7%a4%d7%95%d7%9c%d7%99%d7%9f/,2026-07-13T20:20:49+00:00
nadlan_project-sitemap.xml,https://nad-lan.co.il/projects/%d7%91%d7%9f-%d7%97%d7%99%d7%99%d7%9d/,2026-07-13T20:20:50+00:00
nadlan_project-sitemap.xml,https://nad-lan.co.il/projects/%d7%a8%d7%99%d7%99%d7%a0%d7%a1/,2026-07-13T20:20:51+00:00
nadlan_project-sitemap.xml,https://nad-lan.co.il/projects/%d7%91%d7%a8%d7%90%d7%a9%d7%99%d7%aa/,2026-07-13T20:20:52+00:00
nadlan_project-sitemap.xml,https://nad-lan.co.il/projects/%d7%9c%d7%9b%d7%99%d7%a9-%d7%93%d7%a8%d7%95%d7%9d/,2026-07-13T20:20:53+00:00
nadlan_project-sitemap.xml,https://nad-lan.co.il/projects/%d7%94%d7%a8%d7%a6%d7%9c-2/,2026-07-13T20:20:54+00:00
nadlan_project-sitemap.xml,https://nad-lan.co.il/projects/%d7%99%d7%98-%d7%90%d7%a8%d7%9e%d7%95%d7%9f-%d7%94%d7%a0%d7%a6%d7%99%d7%91/,2026-07-13T20:20:55+00:00
nadlan_project-sitemap.xml,https://nad-lan.co.il/projects/%d7%a9%d7%93%d7%a8%d7%95%d7%aa-%d7%94%d7%aa%d7%9e%d7%a8%d7%99%d7%9d-%d7%a1%d7%99%d7%a0%d7%92-%d7%a1%d7%99%d7%a0%d7%92/,2026-07-13T20:20:55+00:00
nadlan_project-sitemap.xml,https://nad-lan.co.il/projects/%d7%a9%d7%91%d7%96%d7%99/,2026-07-13T20:20:56+00:00
nadlan_project-sitemap.xml,https://nad-lan.co.il/projects/%d7%a8%d7%9e%d7%aa-%d7%90%d7%9c%d7%99%d7%94%d7%95-%d7%a9%d7%99-%d7%a2%d7%92%d7%a0%d7%95%d7%9f/,2026-07-13T20:20:57+00:00
nadlan_project-sitemap.xml,https://nad-lan.co.il/projects/%d7%a9%d7%93%d7%a8%d7%95%d7%aa-%d7%90%d7%9c%d7%99%d7%94%d7%95-%d7%94%d7%a9%d7%99%d7%9b%d7%95%d7%a0%d7%99%d7%9d/,2026-07-13T20:20:58+00:00
nadlan_project-sitemap.xml,https://nad-lan.co.il/projects/%d7%99%d7%a1%d7%a7%d7%99-%d7%a7%d7%95%d7%9e%d7%9e%d7%99%d7%95%d7%aa/,2026-07-13T20:20:59+00:00
nadlan_project-sitemap.xml,https://nad-lan.co.il/projects/%d7%97%d7%99%d7%99%d7%9d-%d7%90%d7%a8%d7%99%d7%90%d7%91-25/,2026-07-13T20:21:00+00:00
nadlan_project-sitemap.xml,https://nad-lan.co.il/projects/%d7%91%d7%9f-%d7%a6%d7%91%d7%99/,2026-07-13T20:21:01+00:00
nadlan_project-sitemap.xml,https://nad-lan.co.il/projects/%d7%96%d7%95%d7%92%d7%95%d7%aa-%d7%a6%d7%a2%d7%99%d7%a8%d7%99%d7%9d/,2026-07-13T20:21:02+00:00
nadlan_project-sitemap.xml,https://nad-lan.co.il/projects/%d7%97%d7%a0%d7%94-%d7%a1%d7%a0%d7%a9-%d7%90%d7%a0%d7%99%d7%9c%d7%91%d7%99%d7%a5/,2026-07-13T20:21:03+00:00
nadlan_project-sitemap.xml,https://nad-lan.co.il/projects/%d7%9e%d7%a8%d7%9b%d7%96-%d7%94%d7%a2%d7%99%d7%a8/,2026-07-13T20:21:04+00:00
nadlan_project-sitemap.xml,https://nad-lan.co.il/projects/%d7%91%d7%99%d7%aa-%d7%94%d7%a7%d7%a9%d7%aa%d7%95%d7%aa/,2026-07-13T20:21:05+00:00
nadlan_project-sitemap.xml,https://nad-lan.co.il/projects/%d7%92%d7%95%d7%a8%d7%93%d7%95%d7%9f/,2026-07-13T20:21:05+00:00
nadlan_project-sitemap.xml,https://nad-lan.co.il/projects/%d7%92%d7%99%d7%95%d7%a8%d7%90-2/,2026-07-13T20:21:06+00:00
nadlan_project-sitemap.xml,https://nad-lan.co.il/projects/%d7%91%d7%a8%d7%a0%d7%93%d7%99%d7%99%d7%a1/,2026-07-13T20:21:07+00:00
nadlan_project-sitemap.xml,https://nad-lan.co.il/projects/%d7%94%d7%a8%d7%a6%d7%9c-%d7%95%d7%99%d7%a6%d7%9e%d7%9f/,2026-07-13T20:21:08+00:00
nadlan_project-sitemap.xml,https://nad-lan.co.il/projects/%d7%90%d7%95%d7%a8%d7%9f/,2026-07-13T20:21:09+00:00
nadlan_project-sitemap.xml,https://nad-lan.co.il/projects/%d7%94%d7%a2%d7%99%d7%a8-%d7%94%d7%a2%d7%aa%d7%99%d7%a7%d7%94-2/,2026-07-13T20:21:10+00:00
nadlan_project-sitemap.xml,https://nad-lan.co.il/projects/%d7%a1%d7%95%d7%a7%d7%95%d7%9c%d7%95%d7%91/,2026-07-13T20:21:11+00:00
nadlan_project-sitemap.xml,https://nad-lan.co.il/projects/%d7%90%d7%92%d7%a8%d7%95%d7%9f-%d7%94%d7%a4%d7%a8%d7%93%d7%a1/,2026-07-13T20:21:12+00:00
nadlan_project-sitemap.xml,https://nad-lan.co.il/projects/%d7%99%d7%a6%d7%97%d7%a7-%d7%a9%d7%93%d7%94-2/,2026-07-13T20:21:13+00:00
nadlan_project-sitemap.xml,https://nad-lan.co.il/projects/%d7%91%d7%9f-%d7%92%d7%95%d7%a8%d7%99%d7%95%d7%9f-3/,2026-07-13T20:21:14+00:00
nadlan_project-sitemap.xml,https://nad-lan.co.il/projects/%d7%a9%d7%a8%d7%aa/,2026-07-13T20:21:15+00:00
nadlan_project-sitemap.xml,https://nad-lan.co.il/projects/%d7%a1%d7%95%d7%9c%d7%93-%d7%a9%d7%9e%d7%97%d7%95%d7%a0%d7%99/,2026-07-13T20:21:16+00:00
nadlan_project-sitemap.xml,https://nad-lan.co.il/projects/%d7%a8%d7%9e%d7%aa-%d7%90%d7%9c%d7%99%d7%94%d7%95-%d7%9e%d7%aa%d7%97%d7%9e%d7%99%d7%9d-6-35-39%d7%9e%d7%aa%d7%97%d7%9e%d7%99-%d7%aa%d7%a9%d7%aa%d7%99%d7%95%d7%aa/,2026-07-13T20:21:17+00:00
nadlan_project-sitemap.xml,https://nad-lan.co.il/projects/%d7%9b%d7%99%d7%a1%d7%95%d7%a4%d7%99%d7%9d/,2026-07-13T20:21:18+00:00
nadlan_project-sitemap.xml,https://nad-lan.co.il/projects/%d7%94%d7%93%d7%a8%d7%95%d7%a8-%d7%93%d7%95%d7%90%d7%a0%d7%99/,2026-07-13T20:21:19+00:00
nadlan_project-sitemap.xml,https://nad-lan.co.il/projects/%d7%9e%d7%aa%d7%97%d7%9d-%d7%99%d7%95%d7%a1%d7%a4%d7%98%d7%9c/,2026-07-13T20:21:20+00:00
nadlan_project-sitemap.xml,https://nad-lan.co.il/projects/%d7%a9%d7%a0%d7%a7%d7%a8-10-14/,2026-07-13T20:21:21+00:00
nadlan_project-sitemap.xml,https://nad-lan.co.il/projects/%d7%94%d7%9c%d7%99%d7%9c%d7%9a-%d7%94%d7%a2%d7%a6%d7%9e%d7%90%d7%95%d7%aa/,2026-07-13T20:21:22+00:00
nadlan_project-sitemap.xml,https://nad-lan.co.il/projects/%d7%94%d7%92%d7%9c%d7%91%d7%95%d7%a2-%d7%94%d7%aa%d7%91%d7%95%d7%a8/,2026-07-13T20:21:23+00:00
nadlan_project-sitemap.xml,https://nad-lan.co.il/projects/%d7%a8%d7%90%d7%a9-%d7%a4%d7%99%d7%a0%d7%94/,2026-07-13T20:21:24+00:00
nadlan_project-sitemap.xml,https://nad-lan.co.il/projects/%d7%a9%d7%a4%d7%99%d7%a8%d7%90-2/,2026-07-13T20:21:24+00:00
nadlan_project-sitemap.xml,https://nad-lan.co.il/projects/%d7%a9%d7%a4%d7%99%d7%a0%d7%95%d7%96%d7%94/,2026-07-13T20:21:25+00:00
nadlan_project-sitemap.xml,https://nad-lan.co.il/projects/%d7%a9%d7%98%d7%a8%d7%9f-47/,2026-07-13T20:21:26+00:00
nadlan_project-sitemap.xml,https://nad-lan.co.il/projects/%d7%a9%d7%9e%d7%95%d7%90%d7%9c-%d7%94%d7%a0%d7%91%d7%99%d7%90-%d7%a2%d7%a5-%d7%94%d7%93%d7%a8/,2026-07-13T20:21:27+00:00
nadlan_project-sitemap.xml,https://nad-lan.co.il/projects/%d7%a9%d7%9c%d7%95%d7%9d-%d7%a6%d7%90%d7%9c%d7%97/,2026-07-13T20:21:28+00:00
nadlan_project-sitemap.xml,https://nad-lan.co.il/projects/%d7%98%d7%a9%d7%a8%d7%a0%d7%99%d7%97%d7%95%d7%91%d7%a1%d7%a7%d7%99-52-54-55/,2026-07-13T20:21:29+00:00
nadlan_project-sitemap.xml,https://nad-lan.co.il/projects/%d7%a1%d7%a8%d7%9c%d7%99%d7%9f/,2026-07-13T20:21:30+00:00
nadlan_project-sitemap.xml,https://nad-lan.co.il/projects/%d7%92%d7%9f-%d7%a0%d7%93%d7%99%d7%a8/,2026-07-13T20:21:31+00:00
nadlan_project-sitemap.xml,https://nad-lan.co.il/projects/%d7%99%d7%95%d7%90%d7%91/,2026-07-13T20:21:32+00:00
nadlan_project-sitemap.xml,https://nad-lan.co.il/projects/%d7%99%d7%a6%d7%97%d7%a7-%d7%a9%d7%93%d7%94-%d7%94%d7%a9%d7%95%d7%9e%d7%a8/,2026-07-13T20:21:33+00:00
nadlan_project-sitemap.xml,https://nad-lan.co.il/projects/%d7%94%d7%91%d7%99%d7%aa-%d7%91%d7%a9%d7%95%d7%9e%d7%a8/,2026-07-13T20:21:33+00:00
nadlan_project-sitemap.xml,https://nad-lan.co.il/projects/%d7%94%d7%aa%d7%97%d7%93%d7%a9%d7%95%d7%aa-%d7%a2%d7%99%d7%a8%d7%95%d7%a0%d7%99%d7%aa-%d7%91%d7%a8%d7%97%d7%95%d7%91-%d7%91%d7%9f-%d7%99%d7%95%d7%a1%d7%a3-22-48/,2026-07-13T20:21:34+00:00
nadlan_project-sitemap.xml,https://nad-lan.co.il/projects/%d7%90%d7%a9%d7%a8-2-6/,2026-07-13T20:21:35+00:00
nadlan_project-sitemap.xml,https://nad-lan.co.il/projects/%d7%a4%d7%99%d7%a0%d7%95%d7%99-%d7%91%d7%99%d7%a0%d7%95%d7%99-%d7%9e%d7%aa%d7%97%d7%9d-%d7%9e%d7%92%d7%93%d7%9c-%d7%a8%d7%a2-%d7%9e%d7%a7-859-%d7%90/,2026-07-13T20:21:36+00:00
nadlan_project-sitemap.xml,https://nad-lan.co.il/projects/%d7%90%d7%99%d7%a1%d7%9c%d7%a0%d7%93/,2026-07-13T20:21:37+00:00
nadlan_project-sitemap.xml,https://nad-lan.co.il/projects/%d7%a8%d7%91%d7%99-%d7%a2%d7%a7%d7%99%d7%91%d7%90/,2026-07-13T20:21:38+00:00
nadlan_project-sitemap.xml,https://nad-lan.co.il/projects/%d7%90%d7%93%d7%9e%d7%95%d7%a0%d7%93-%d7%a4%d7%9c%d7%92/,2026-07-13T20:21:39+00:00
nadlan_project-sitemap.xml,https://nad-lan.co.il/projects/%d7%a2%d7%95%d7%9c%d7%99-%d7%94%d7%92%d7%a8%d7%93%d7%95%d7%9d/,2026-07-13T20:21:40+00:00
nadlan_project-sitemap.xml,https://nad-lan.co.il/projects/%d7%90%d7%91%d7%a9%d7%9c%d7%95%d7%9d-%d7%97%d7%91%d7%99%d7%91-%d7%9e%d7%aa%d7%97%d7%9d-%d7%93/,2026-07-13T20:21:41+00:00
nadlan_project-sitemap.xml,https://nad-lan.co.il/projects/%d7%90%d7%99%d7%9c%d7%aa-72-74/,2026-07-13T20:21:42+00:00
nadlan_project-sitemap.xml,https://nad-lan.co.il/projects/%d7%94%d7%a8%d7%91-%d7%9e%d7%99%d7%9e%d7%95%d7%9f-2/,2026-07-13T20:21:43+00:00
nadlan_project-sitemap.xml,https://nad-lan.co.il/projects/%d7%94%d7%a8%d7%91-%d7%a9%d7%90%d7%95%d7%9c%d7%99-%d7%90%d7%91%d7%99%d7%a1%d7%a8%d7%95%d7%a8/,2026-07-13T20:21:44+00:00
nadlan_project-sitemap.xml,https://nad-lan.co.il/projects/%d7%97%d7%a0%d7%a7%d7%99%d7%9f-57-61/,2026-07-13T20:21:45+00:00
nadlan_project-sitemap.xml,https://nad-lan.co.il/projects/%d7%90%d7%99%d7%9c%d7%aa-38-46/,2026-07-13T20:21:45+00:00
nadlan_project-sitemap.xml,https://nad-lan.co.il/projects/%d7%90%d7%9c%d7%99-%d7%9b%d7%94%d7%9f-%d7%94%d7%a1%d7%a0%d7%94-%d7%94%d7%a7%d7%99%d7%a7%d7%99%d7%95%d7%9f/,2026-07-13T20:21:46+00:00
nadlan_project-sitemap.xml,https://nad-lan.co.il/projects/%d7%94%d7%9e%d7%90%d7%91%d7%a7-4-10/,2026-07-13T20:21:47+00:00
nadlan_project-sitemap.xml,https://nad-lan.co.il/projects/%d7%a8%d7%97%d7%95%d7%91-%d7%91%d7%95%d7%a8%d7%9e%d7%94-20-38/,2026-07-13T20:21:48+00:00
nadlan_project-sitemap.xml,https://nad-lan.co.il/projects/%d7%94%d7%a8%d7%a6%d7%9c-88-%d7%a8%d7%97%d7%9c-%d7%94%d7%9e%d7%a9%d7%95%d7%a8%d7%a8%d7%aa-20/,2026-07-13T20:21:49+00:00
nadlan_project-sitemap.xml,https://nad-lan.co.il/projects/%d7%99%d7%aa%d7%93-%d7%91%d7%91%d7%a8%d7%96%d7%99%d7%9c/,2026-07-13T20:21:50+00:00
nadlan_project-sitemap.xml,https://nad-lan.co.il/projects/%d7%92%d7%91-661-%d7%92%d7%95%d7%9c%d7%95%d7%9e%d7%91-2-28/,2026-07-13T20:21:51+00:00
nadlan_project-sitemap.xml,https://nad-lan.co.il/projects/%d7%92%d7%91-599-%d7%9e%d7%aa%d7%97%d7%9d-%d7%a6%d7%99%d7%a4%d7%95%d7%a8%d7%9f/,2026-07-13T20:21:51+00:00
nadlan_project-sitemap.xml,https://nad-lan.co.il/projects/%d7%92%d7%99%d7%95%d7%a8%d7%90-%d7%93%d7%a8%d7%95%d7%9d/,2026-07-13T20:21:52+00:00
nadlan_project-sitemap.xml,https://nad-lan.co.il/projects/%d7%93%d7%95%d7%93-%d7%94%d7%9e%d7%9c%d7%9a/,2026-07-13T20:21:53+00:00
nadlan_project-sitemap.xml,https://nad-lan.co.il/projects/%d7%91%d7%a8-%d7%99%d7%95%d7%97%d7%90%d7%99-1-3/,2026-07-13T20:21:54+00:00
nadlan_project-sitemap.xml,https://nad-lan.co.il/projects/%d7%99%d7%95%d7%a1%d7%a4%d7%98%d7%9c-5/,2026-07-13T20:21:55+00:00
nadlan_project-sitemap.xml,https://nad-lan.co.il/projects/%d7%96%d7%91%d7%95%d7%98%d7%99%d7%a0%d7%a1%d7%a7%d7%99-%d7%9b%d7%9c%d7%a0%d7%99%d7%95%d7%aa/,2026-07-13T20:21:56+00:00
nadlan_project-sitemap.xml,https://nad-lan.co.il/projects/%d7%aa%d7%95%d7%a8-%d7%94%d7%96%d7%94%d7%91-2-6/,2026-07-13T20:21:56+00:00
nadlan_project-sitemap.xml,https://nad-lan.co.il/projects/%d7%94%d7%a2%d7%9c%d7%99%d7%94-%d7%94%d7%a9%d7%a0%d7%99%d7%94-20/,2026-07-13T20:21:57+00:00
nadlan_project-sitemap.xml,https://nad-lan.co.il/projects/%d7%91%d7%a8%d7%92%d7%a8-%d7%a2%d7%9c-%d7%94%d7%a4%d7%90%d7%a8%d7%a7/,2026-07-13T20:21:58+00:00
nadlan_project-sitemap.xml,https://nad-lan.co.il/projects/%d7%94%d7%aa%d7%97%d7%93%d7%a9%d7%95%d7%aa-%d7%a2%d7%99%d7%9f-%d7%92%d7%91-4-10/,2026-07-13T20:21:59+00:00
nadlan_project-sitemap.xml,https://nad-lan.co.il/projects/%d7%94%d7%a0%d7%95%d7%a8%d7%99%d7%aa-8/,2026-07-13T20:22:00+00:00
nadlan_project-sitemap.xml,https://nad-lan.co.il/projects/%d7%9e%d7%99%d7%9c%d7%a6%d7%9f/,2026-07-13T20:22:01+00:00
nadlan_project-sitemap.xml,https://nad-lan.co.il/projects/%d7%a9%d7%93-%d7%91%d7%9f-%d7%a6%d7%91%d7%99-%d7%99%d7%97%d7%99%d7%a2%d7%9d-%d7%94%d7%aa%d7%97%d7%93%d7%a9%d7%95%d7%aa-%d7%a2%d7%99%d7%a8%d7%95%d7%a0%d7%99%d7%aa/,2026-07-13T20:22:02+00:00
nadlan_project-sitemap.xml,https://nad-lan.co.il/projects/%d7%99%d7%a2%d7%a7%d7%91-%d7%9e%d7%9c%d7%95%d7%9c-%d7%a7%d7%a8%d7%99%d7%aa-%d7%a9%d7%9e%d7%95%d7%a0%d7%94/,2026-07-13T20:22:06+00:00
nadlan_project-sitemap.xml,https://nad-lan.co.il/projects/%d7%91%d7%9f-%d7%92%d7%95%d7%a8%d7%99%d7%95%d7%9f-%d7%94%d7%94%d7%a1%d7%aa%d7%93%d7%a8%d7%95%d7%aa-%d7%96%d7%95%d7%9c%d7%95%d7%98%d7%95%d7%91/,2026-07-13T20:22:07+00:00
nadlan_project-sitemap.xml,https://nad-lan.co.il/projects/%d7%93%d7%a8%d7%9a-%d7%94%d7%a9%d7%9c%d7%95%d7%9d-71-75/,2026-07-13T20:22:08+00:00
nadlan_project-sitemap.xml,https://nad-lan.co.il/projects/%d7%97%d7%9c%d7%9e%d7%99%d7%aa/,2026-07-13T20:22:09+00:00
nadlan_project-sitemap.xml,https://nad-lan.co.il/projects/%d7%94%d7%93%d7%a8-6/,2026-07-13T20:22:10+00:00
nadlan_project-sitemap.xml,https://nad-lan.co.il/projects/%d7%9e%d7%a8%d7%97%d7%91-%d7%aa%d7%97%d7%a0%d7%aa-%d7%9e%d7%98%d7%a8%d7%95-%d7%91%d7%9f-%d7%92%d7%95%d7%a8%d7%99%d7%95%d7%9f/,2026-07-13T20:22:11+00:00
nadlan_project-sitemap.xml,https://nad-lan.co.il/projects/%d7%94%d7%93%d7%a8%d7%95%d7%a8/,2026-07-13T20:22:12+00:00
nadlan_project-sitemap.xml,https://nad-lan.co.il/projects/%d7%a8%d7%96%d7%99%d7%90%d7%9c/,2026-07-13T20:22:13+00:00
nadlan_project-sitemap.xml,https://nad-lan.co.il/projects/%d7%9c%d7%91-%d7%94%d7%9b%d7%a8%d7%9d/,2026-07-13T20:22:14+00:00
nadlan_project-sitemap.xml,https://nad-lan.co.il/projects/%d7%a7%d7%95%d7%a1%d7%98%d7%94-%d7%a8%d7%99%d7%a7%d7%94-56/,2026-07-13T20:22:15+00:00
nadlan_project-sitemap.xml,https://nad-lan.co.il/projects/%d7%95%d7%99%d7%a6%d7%9e%d7%9f-48-52/,2026-07-13T20:22:16+00:00
nadlan_project-sitemap.xml,https://nad-lan.co.il/projects/%d7%a7%d7%93%d7%95%d7%a9%d7%99-%d7%9e%d7%a6%d7%a8%d7%99%d7%9d-17-23/,2026-07-13T20:22:17+00:00
nadlan_project-sitemap.xml,https://nad-lan.co.il/projects/%d7%90%d7%91%d7%90-%d7%94%d7%9c%d7%9c/,2026-07-13T20:22:18+00:00
nadlan_project-sitemap.xml,https://nad-lan.co.il/projects/%d7%90%d7%99%d7%9c%d7%aa-22-28/,2026-07-13T20:22:19+00:00
nadlan_project-sitemap.xml,https://nad-lan.co.il/projects/%d7%93%d7%95%d7%90%d7%a0%d7%99-%d7%94%d7%93%d7%a7%d7%9c/,2026-07-13T20:22:20+00:00
nadlan_project-sitemap.xml,https://nad-lan.co.il/projects/%d7%93%d7%91-%d7%94%d7%95%d7%96/,2026-07-13T20:22:22+00:00
nadlan_project-sitemap.xml,https://nad-lan.co.il/projects/%d7%a1%d7%95%d7%a7%d7%95%d7%9c%d7%95%d7%91-91-95/,2026-07-13T20:22:23+00:00
nadlan_project-sitemap.xml,https://nad-lan.co.il/projects/%d7%93%d7%99%d7%96%d7%a0%d7%92%d7%95%d7%a3-%d7%94%d7%9e%d7%99%d7%99%d7%a1%d7%93%d7%99%d7%9d/,2026-07-13T20:22:24+00:00
nadlan_project-sitemap.xml,https://nad-lan.co.il/projects/%d7%a8%d7%97-%d7%94%d7%a9%d7%a8-%d7%9e%d7%a9%d7%94-58-60-62-%d7%95%d7%a8%d7%97-%d7%94%d7%a8%d7%90%d7%95%d7%91%d7%a0%d7%99-12-%d7%a8%d7%9e%d7%aa-%d7%92%d7%9f/,2026-07-13T20:22:25+00:00
nadlan_project-sitemap.xml,https://nad-lan.co.il/projects/%d7%96%d7%9c%d7%9e%d7%9f-%d7%a9%d7%a0%d7%99%d7%90%d7%95%d7%a8-7-13/,2026-07-13T20:22:26+00:00
nadlan_project-sitemap.xml,https://nad-lan.co.il/projects/%d7%92%d7%95%d7%a8%d7%93%d7%95%d7%9f-7-9-%d7%a0%d7%aa%d7%a0%d7%99%d7%94/,2026-07-13T20:22:27+00:00
nadlan_project-sitemap.xml,https://nad-lan.co.il/projects/%d7%92%d7%95%d7%90%d7%98%d7%9e%d7%9c%d7%94-252729/,2026-07-13T20:22:28+00:00
nadlan_project-sitemap.xml,https://nad-lan.co.il/projects/%d7%94%d7%a8%d7%a6%d7%9c-%d7%9e%d7%95%d7%a6%d7%a7%d7%99%d7%9f-%d7%91%d7%99%d7%90%d7%9c%d7%99%d7%a7/,2026-07-13T20:22:29+00:00
nadlan_project-sitemap.xml,https://nad-lan.co.il/projects/%d7%94%d7%aa%d7%95%d7%9e%d7%a8-8-10/,2026-07-13T20:22:30+00:00
nadlan_project-sitemap.xml,https://nad-lan.co.il/projects/%d7%91%d7%9f-%d7%92%d7%95%d7%a8%d7%99%d7%95%d7%9f-49-59/,2026-07-13T20:22:31+00:00
nadlan_project-sitemap.xml,https://nad-lan.co.il/projects/%d7%a7%d7%a6%d7%a0%d7%9c%d7%a1%d7%95%d7%9f/,2026-07-13T20:22:32+00:00
nadlan_project-sitemap.xml,https://nad-lan.co.il/projects/%d7%a7%d7%94%d7%99%d7%9c%d7%aa-%d7%a6%d7%99%d7%95%d7%9f-%d7%94%d7%a2%d7%a6%d7%9e%d7%90%d7%95%d7%aa/,2026-07-13T20:22:33+00:00
nadlan_project-sitemap.xml,https://nad-lan.co.il/projects/%d7%9e%d7%aa%d7%97%d7%9d-%d7%91%d7%9f-%d7%92%d7%95%d7%a8%d7%99%d7%95%d7%9f/,2026-07-13T20:22:34+00:00
nadlan_project-sitemap.xml,https://nad-lan.co.il/projects/%d7%94%d7%9e%d7%a2%d7%a4%d7%99%d7%9c%d7%99%d7%9d-2/,2026-07-13T20:22:36+00:00
nadlan_project-sitemap.xml,https://nad-lan.co.il/projects/%d7%91%d7%9f-%d7%a6%d7%91%d7%99-%d7%9b%d7%a6%d7%a0%d7%9c%d7%a1%d7%95%d7%9f/,2026-07-13T20:22:37+00:00
nadlan_project-sitemap.xml,https://nad-lan.co.il/projects/%d7%9e%d7%a9%d7%9e%d7%a8-%d7%94%d7%92%d7%91%d7%95%d7%9c/,2026-07-13T20:22:38+00:00
nadlan_project-sitemap.xml,https://nad-lan.co.il/projects/%d7%9e%d7%a1%d7%93%d7%94/,2026-07-13T20:22:39+00:00
nadlan_project-sitemap.xml,https://nad-lan.co.il/projects/%d7%94%d7%a8%d7%a6%d7%9c-3/,2026-07-13T20:22:40+00:00
nadlan_project-sitemap.xml,https://nad-lan.co.il/projects/%d7%92%d7%90%d7%95%d7%9c%d7%94/,2026-07-13T20:22:40+00:00
nadlan_project-sitemap.xml,https://nad-lan.co.il/projects/%d7%90%d7%a6%d7%9c/,2026-07-13T20:22:41+00:00
nadlan_project-sitemap.xml,https://nad-lan.co.il/projects/%d7%95%d7%99%d7%a6%d7%9e%d7%9f-%d7%91%d7%a8-%d7%90%d7%99%d7%9c%d7%9f/,2026-07-13T20:22:42+00:00
nadlan_project-sitemap.xml,https://nad-lan.co.il/projects/%d7%a0%d7%95%d7%95%d7%94-%d7%9e%d7%a8%d7%9e%d7%95%d7%a8%d7%a7/,2026-07-13T20:22:43+00:00
nadlan_project-sitemap.xml,https://nad-lan.co.il/projects/%d7%a8%d7%91%d7%99%d7%9f/,2026-07-13T20:22:44+00:00
nadlan_project-sitemap.xml,https://nad-lan.co.il/projects/%d7%92%d7%91%d7%a2%d7%aa%d7%99-%d7%91%d7%a8-%d7%9b%d7%95%d7%9b%d7%91%d7%90/,2026-07-13T20:22:45+00:00
nadlan_project-sitemap.xml,https://nad-lan.co.il/projects/%d7%93%d7%a0%d7%99%d7%94-2/,2026-07-13T20:22:46+00:00
nadlan_project-sitemap.xml,https://nad-lan.co.il/projects/%d7%a0%d7%95%d7%a3-%d7%9c%d7%9b%d7%a8%d7%9e%d7%9c/,2026-07-13T20:22:46+00:00
nadlan_project-sitemap.xml,https://nad-lan.co.il/projects/%d7%9e%d7%a8%d7%9b%d7%96-%d7%97%d7%9f/,2026-07-13T20:22:47+00:00
nadlan_project-sitemap.xml,https://nad-lan.co.il/projects/%d7%a9%d7%9c%d7%95%d7%9d-%d7%a2%d7%9c%d7%99%d7%9b%d7%9d/,2026-07-13T20:22:48+00:00
nadlan_project-sitemap.xml,https://nad-lan.co.il/projects/%d7%9e%d7%a8%d7%9b%d7%96-%d7%92%d7%99%d7%9c%d7%aa/,2026-07-13T20:22:49+00:00
nadlan_project-sitemap.xml,https://nad-lan.co.il/projects/%d7%9e%d7%aa%d7%97%d7%9d-37-%d7%90%d7%91%d7%90-%d7%94%d7%9c%d7%9c-%d7%a8%d7%95%d7%a7%d7%97-%d7%97%d7%99%d7%a8%d7%95%d7%aa-%d7%aa%d7%9b%d7%a0%d7%99%d7%aa-%d7%a8%d7%92-1767/,2026-07-13T20:22:50+00:00
nadlan_project-sitemap.xml,https://nad-lan.co.il/projects/%d7%a8%d7%92-1811-%d7%a7%d7%a8%d7%99%d7%a0%d7%99%d7%a6%d7%99-109-111/,2026-07-13T20:22:51+00:00
nadlan_project-sitemap.xml,https://nad-lan.co.il/projects/%d7%9e%d7%aa%d7%97%d7%9d-48-%d7%96%d7%91%d7%95%d7%98%d7%99%d7%a0%d7%a1%d7%a7%d7%99-89-99-%d7%9e%d7%95%d7%a8%d7%93%d7%99-%d7%94%d7%92%d7%98%d7%90%d7%95%d7%aa-11-13/,2026-07-13T20:22:52+00:00
nadlan_project-sitemap.xml,https://nad-lan.co.il/projects/%d7%98%d7%91%d7%a0%d7%a7%d7%99%d7%9f-7-13-%d7%94%d7%aa%d7%97%d7%93%d7%a9%d7%95%d7%aa-%d7%a2%d7%99%d7%a8%d7%95%d7%a0%d7%99%d7%aa/,2026-07-13T20:22:53+00:00
nadlan_project-sitemap.xml,https://nad-lan.co.il/projects/%d7%a8%d7%92-1849-%d7%94%d7%aa%d7%97%d7%93%d7%a9%d7%95%d7%aa-%d7%a2%d7%99%d7%a8%d7%95%d7%a0%d7%99%d7%aa-%d7%aa%d7%a8%d7%a6%d7%94-%d7%99%d7%a8%d7%95%d7%a9%d7%9c%d7%99%d7%9d/,2026-07-13T20:22:55+00:00
nadlan_project-sitemap.xml,https://nad-lan.co.il/projects/%d7%90%d7%91%d7%90-%d7%94%d7%9c%d7%9c-%d7%97%d7%a8%d7%95%d7%aa-%d7%94%d7%aa%d7%a7%d7%95%d7%95%d7%94-%d7%9e%d7%aa%d7%97%d7%9d-41/,2026-07-13T20:22:56+00:00
nadlan_project-sitemap.xml,https://nad-lan.co.il/projects/%d7%a8%d7%92-1850-%d7%90%d7%94%d7%a8%d7%95%d7%a0%d7%a1%d7%95%d7%9f-%d7%94%d7%99%d7%a8%d7%93%d7%9f-%d7%94%d7%aa%d7%97%d7%93%d7%a9%d7%95%d7%aa-%d7%a2%d7%99%d7%a8%d7%95%d7%a0%d7%99%d7%aa/,2026-07-13T20:22:57+00:00
nadlan_project-sitemap.xml,https://nad-lan.co.il/projects/%d7%a8%d7%92-1750-%d7%a8%d7%a9%d7%99-%d7%90%d7%91%d7%90-%d7%94%d7%9c%d7%9c-%d7%9e%d7%96%d7%a8%d7%97/,2026-07-13T20:22:58+00:00
nadlan_project-sitemap.xml,https://nad-lan.co.il/projects/%d7%91%d7%a8%d7%a0%d7%a8-2-18/,2026-07-13T20:22:59+00:00
nadlan_project-sitemap.xml,https://nad-lan.co.il/projects/%d7%92%d7%91%d7%a2%d7%aa-%d7%a7%d7%a0%d7%93%d7%99-%d7%95%d7%a2%d7%99%d7%9f-%d7%9b%d7%a8%d7%9e%d7%9c/,2026-07-13T20:23:01+00:00
nadlan_project-sitemap.xml,https://nad-lan.co.il/projects/%d7%9e%d7%aa%d7%97%d7%9d-%d7%91%d7%99%d7%90%d7%9c%d7%99%d7%a7-911/,2026-07-13T20:23:02+00:00
nadlan_project-sitemap.xml,https://nad-lan.co.il/projects/%d7%94%d7%92%d7%9c%d7%91%d7%95%d7%a2%d7%99%d7%9d-142627/,2026-07-13T20:23:03+00:00
nadlan_project-sitemap.xml,https://nad-lan.co.il/projects/%d7%91%d7%a8-%d7%9b%d7%95%d7%9b%d7%91%d7%90-%d7%a4%d7%99%d7%a0%d7%aa-%d7%a1%d7%a2%d7%93%d7%99%d7%94-%d7%92%d7%90%d7%95%d7%9f/,2026-07-13T20:23:03+00:00
nadlan_project-sitemap.xml,https://nad-lan.co.il/projects/%d7%aa%d7%90-%d7%9e%d7%a7-5069-%d7%93%d7%a8%d7%9a-%d7%94%d7%a9%d7%9c%d7%95%d7%9d-77-85/,2026-07-13T20:23:04+00:00
nadlan_project-sitemap.xml,https://nad-lan.co.il/projects/%d7%9e%d7%aa%d7%97%d7%9d-%d7%94%d7%a8%d7%a9%d7%95%d7%aa/,2026-07-13T20:23:05+00:00
nadlan_project-sitemap.xml,https://nad-lan.co.il/projects/%d7%9e%d7%95%d7%a6%d7%a7%d7%99%d7%9f-%d7%a8%d7%95%d7%a4%d7%99%d7%9f/,2026-07-13T20:23:06+00:00
nadlan_project-sitemap.xml,https://nad-lan.co.il/projects/%d7%90%d7%91%d7%90-%d7%94%d7%9c%d7%9c-%d7%a8%d7%9e%d7%aa-%d7%95%d7%a8%d7%91%d7%a8/,2026-07-13T20:23:07+00:00
nadlan_project-sitemap.xml,https://nad-lan.co.il/projects/%d7%a7%d7%95%d7%9c%d7%95%d7%9e%d7%91%d7%99%d7%94-6-10/,2026-07-13T20:23:08+00:00
nadlan_project-sitemap.xml,https://nad-lan.co.il/projects/%d7%a0%d7%95%d7%95%d7%94-%d7%90%d7%9c%d7%99%d7%a2%d7%96%d7%a8/,2026-07-13T20:23:09+00:00
nadlan_project-sitemap.xml,https://nad-lan.co.il/projects/%d7%99%d7%93%d7%a2-%d7%a2%d7%9d/,2026-07-13T20:23:10+00:00
nadlan_project-sitemap.xml,https://nad-lan.co.il/projects/%d7%a0%d7%92%d7%91-%d7%92%d7%9c%d7%99%d7%9c-%d7%99%d7%a8%d7%95%d7%a9%d7%9c%d7%99%d7%9d/,2026-07-13T20:23:11+00:00
nadlan_project-sitemap.xml,https://nad-lan.co.il/projects/%d7%a9%d7%93-%d7%91%d7%9f-%d7%a6%d7%91%d7%99/,2026-07-13T20:23:12+00:00
nadlan_project-sitemap.xml,https://nad-lan.co.il/projects/%d7%a6%d7%91%d7%99%d7%94-%d7%95%d7%99%d7%a6%d7%97%d7%a7/,2026-07-13T20:23:13+00:00
nadlan_project-sitemap.xml,https://nad-lan.co.il/projects/%d7%93%d7%92%d7%a0%d7%99%d7%94/,2026-07-13T20:23:14+00:00
nadlan_project-sitemap.xml,https://nad-lan.co.il/projects/%d7%a2%d7%9e%d7%a7-%d7%a8%d7%a4%d7%90%d7%99%d7%9d-59/,2026-07-13T20:23:15+00:00
nadlan_project-sitemap.xml,https://nad-lan.co.il/projects/%d7%9e%d7%a9%d7%95%d7%9c%d7%a9-%d7%a4%d7%aa/,2026-07-13T20:23:16+00:00
nadlan_project-sitemap.xml,https://nad-lan.co.il/projects/%d7%a9%d7%9e%d7%a2%d7%95%d7%a0%d7%99-30-32/,2026-07-13T20:23:17+00:00
nadlan_project-sitemap.xml,https://nad-lan.co.il/projects/%d7%94%d7%a8%d7%a6%d7%9c-54-58-%d7%a8%d7%91-%d7%a6%d7%a2%d7%99%d7%a8-3-5%d7%a3-%d7%94%d7%91%d7%a8%d7%95%d7%9f-%d7%94%d7%99%d7%a8%d7%a9-3/,2026-07-13T20:23:18+00:00
nadlan_project-sitemap.xml,https://nad-lan.co.il/projects/%d7%a1%d7%9f-%d7%9e%d7%a8%d7%98%d7%99%d7%9f-4-6/,2026-07-13T20:23:20+00:00
nadlan_project-sitemap.xml,https://nad-lan.co.il/projects/%d7%a7%d7%95%d7%a1%d7%98%d7%94-%d7%a8%d7%99%d7%a7%d7%94-22-24/,2026-07-13T20:23:21+00:00
nadlan_project-sitemap.xml,https://nad-lan.co.il/projects/%d7%a9%d7%93%d7%a8%d7%95%d7%aa-%d7%94%d7%a8%d7%a6%d7%9c-97/,2026-07-13T20:23:22+00:00
nadlan_project-sitemap.xml,https://nad-lan.co.il/projects/%d7%9e%d7%aa%d7%97%d7%9d-%d7%90%d7%9c%d7%a7%d7%9c%d7%a2%d7%99/,2026-07-13T20:23:22+00:00
nadlan_project-sitemap.xml,https://nad-lan.co.il/projects/%d7%9e%d7%aa%d7%97%d7%9d-%d7%a8%d7%97%d7%95%d7%91-%d7%99%d7%a8%d7%95%d7%a9%d7%9c%d7%99%d7%9d/,2026-07-13T20:23:23+00:00
nadlan_project-sitemap.xml,https://nad-lan.co.il/projects/%d7%94%d7%a8%d7%a6%d7%9c-%d7%a2%d7%99%d7%9f-%d7%94%d7%a7%d7%95%d7%a8%d7%90/,2026-07-13T20:23:24+00:00
nadlan_project-sitemap.xml,https://nad-lan.co.il/projects/%d7%9b%d7%a3-%d7%94%d7%97%d7%99%d7%99%d7%9d/,2026-07-13T20:23:25+00:00
nadlan_project-sitemap.xml,https://nad-lan.co.il/projects/%d7%93%d7%a8%d7%9a-%d7%97%d7%91%d7%a8%d7%95%d7%9f-%d7%94%d7%92%d7%93%d7%95%d7%9c/,2026-07-13T20:23:26+00:00
nadlan_project-sitemap.xml,https://nad-lan.co.il/projects/%d7%a8%d7%92-1865-%d7%92%d7%95%d7%a8%d7%99-%d7%99%d7%94%d7%95%d7%93%d7%94-2468/,2026-07-13T20:23:27+00:00
nadlan_project-sitemap.xml,https://nad-lan.co.il/projects/%d7%94%d7%aa%d7%95%d7%aa%d7%97%d7%a0%d7%99%d7%9d-9-17/,2026-07-13T20:23:28+00:00
nadlan_project-sitemap.xml,https://nad-lan.co.il/projects/%d7%a7%d7%a9%d7%aa-%d7%92%d7%99%d7%aa%d7%99%d7%aa-%d7%9e%d7%a9%d7%92%d7%91-%d7%a2%d7%9d/,2026-07-13T20:23:29+00:00
nadlan_project-sitemap.xml,https://nad-lan.co.il/projects/%d7%91%d7%a8-%d7%9b%d7%95%d7%9b%d7%91%d7%90-18-24/,2026-07-13T20:23:30+00:00
nadlan_project-sitemap.xml,https://nad-lan.co.il/projects/%d7%a9%d7%9c%d7%95%d7%9d-%d7%99%d7%94%d7%95%d7%93%d7%94-%d7%93%d7%a8%d7%9a-%d7%97%d7%91%d7%a8%d7%95%d7%9f/,2026-07-13T20:23:31+00:00
nadlan_project-sitemap.xml,https://nad-lan.co.il/projects/%d7%93%d7%a8%d7%9a-%d7%97%d7%91%d7%a8%d7%95%d7%9f-108-110/,2026-07-13T20:23:32+00:00
nadlan_project-sitemap.xml,https://nad-lan.co.il/projects/%d7%99%d7%97%d7%91%d7%95%d7%91-%d7%99%d7%a6%d7%97%d7%a7-%d7%a9%d7%93%d7%94-%d7%9e%d7%aa%d7%97%d7%9e%d7%99%d7%9d-910-%d7%a8%d7%9e%d7%aa-%d7%95%d7%a8%d7%91%d7%a8/,2026-07-13T20:23:33+00:00
nadlan_project-sitemap.xml,https://nad-lan.co.il/projects/%d7%94%d7%97%d7%99%d7%99%d7%9c-%d7%94%d7%90%d7%9c%d7%9e%d7%95%d7%a0%d7%99-%d7%96%d7%91%d7%95%d7%98%d7%99%d7%a0%d7%a1%d7%a7%d7%99-%d7%94%d7%a8%d7%a6%d7%9c/,2026-07-13T20:23:34+00:00
nadlan_project-sitemap.xml,https://nad-lan.co.il/projects/%d7%9e%d7%aa%d7%97%d7%9d-3-%d7%a8%d7%9e%d7%aa-%d7%95%d7%a8%d7%91%d7%a8/,2026-07-13T20:23:35+00:00
nadlan_project-sitemap.xml,https://nad-lan.co.il/projects/%d7%92%d7%95%d7%a9-%d7%a2%d7%a6%d7%99%d7%95%d7%9f/,2026-07-13T20:23:35+00:00
nadlan_project-sitemap.xml,https://nad-lan.co.il/projects/%d7%94%d7%aa%d7%a4%d7%95%d7%96/,2026-07-13T20:23:36+00:00
nadlan_project-sitemap.xml,https://nad-lan.co.il/projects/%d7%94%d7%aa%d7%95%d7%aa%d7%97%d7%a0%d7%99%d7%9d/,2026-07-13T20:23:37+00:00
nadlan_project-sitemap.xml,https://nad-lan.co.il/projects/%d7%97%d7%99%d7%99%d7%9d-%d7%97%d7%91%d7%99%d7%91-3/,2026-07-13T20:23:42+00:00
nadlan_project-sitemap.xml,https://nad-lan.co.il/projects/%d7%9e%d7%aa%d7%97%d7%9d-%d7%94%d7%92%d7%a4%d7%9f-1-4/,2026-07-13T20:23:42+00:00
nadlan_project-sitemap.xml,https://nad-lan.co.il/projects/%d7%90%d7%95%d7%a1%d7%99%d7%a9%d7%a7%d7%99%d7%9f-%d7%a8%d7%9e%d7%96/,2026-07-13T20:23:43+00:00
nadlan_project-sitemap.xml,https://nad-lan.co.il/projects/%d7%94%d7%a2%d7%9c%d7%99%d7%94/,2026-07-13T20:23:44+00:00
nadlan_project-sitemap.xml,https://nad-lan.co.il/projects/%d7%94%d7%a0%d7%95%d7%98%d7%a2/,2026-07-13T20:23:45+00:00
nadlan_project-sitemap.xml,https://nad-lan.co.il/projects/%d7%93%d7%a8-%d7%a1%d7%98%d7%95%d7%a4-24-%d7%a0%d7%aa%d7%a0%d7%99%d7%94/,2026-07-13T20:23:46+00:00
nadlan_project-sitemap.xml,https://nad-lan.co.il/projects/%d7%92%d7%9c%d7%99%d7%a7%d7%a1%d7%95%d7%9f/,2026-07-13T20:23:47+00:00
nadlan_project-sitemap.xml,https://nad-lan.co.il/projects/%d7%a9%d7%93-%d7%99%d7%a8%d7%95%d7%a9%d7%9c%d7%99%d7%9d-23-25-27/,2026-07-13T20:23:47+00:00
nadlan_project-sitemap.xml,https://nad-lan.co.il/projects/%d7%a1%d7%9e%d7%99%d7%9c%d7%a0%d7%a1%d7%a7%d7%99-29-31/,2026-07-13T20:23:48+00:00
nadlan_project-sitemap.xml,https://nad-lan.co.il/projects/%d7%a0%d7%97%d7%95%d7%9d/,2026-07-13T20:23:49+00:00
nadlan_project-sitemap.xml,https://nad-lan.co.il/projects/%d7%97%d7%a1%d7%93%d7%90-%d7%99%d7%94%d7%95%d7%a9%d7%a2-%d7%91%d7%9f-%d7%a0%d7%95%d7%9f/,2026-07-13T20:23:50+00:00
nadlan_project-sitemap.xml,https://nad-lan.co.il/projects/%d7%94%d7%a8%d7%a6%d7%9c-%d7%a9%d7%a2%d7%a8%d7%99-%d7%94%d7%a2%d7%99%d7%a8/,2026-07-13T20:23:51+00:00
nadlan_project-sitemap.xml,https://nad-lan.co.il/projects/%d7%91%d7%9f-%d7%92%d7%95%d7%a8%d7%99%d7%95%d7%9f-4/,2026-07-13T20:23:52+00:00
nadlan_project-sitemap.xml,https://nad-lan.co.il/projects/%d7%94%d7%a4%d7%9c%d7%9e%d7%97/,2026-07-13T20:23:53+00:00
nadlan_project-sitemap.xml,https://nad-lan.co.il/projects/%d7%94%d7%a8%d7%90%d7%a9%d7%95%d7%a0%d7%99%d7%9d-%d7%94%d7%a2%d7%a6%d7%9e%d7%90%d7%95%d7%aa-%d7%aa%d7%a9%d7%99%d7%92/,2026-07-13T20:23:53+00:00
nadlan_project-sitemap.xml,https://nad-lan.co.il/projects/%d7%94%d7%a9%d7%a7%d7%9e%d7%94/,2026-07-13T20:23:54+00:00
nadlan_project-sitemap.xml,https://nad-lan.co.il/projects/%d7%91%d7%a8%d7%95%d7%93%d7%a6%d7%a7%d7%99/,2026-07-13T20:23:55+00:00
nadlan_project-sitemap.xml,https://nad-lan.co.il/projects/%d7%90%d7%9e%d7%99%d7%9c-%d7%96%d7%95%d7%9c%d7%90-2/,2026-07-13T20:23:56+00:00
nadlan_project-sitemap.xml,https://nad-lan.co.il/projects/%d7%9e%d7%aa%d7%97%d7%9d-%d7%94%d7%94%d7%a1%d7%aa%d7%93%d7%a8%d7%95%d7%aa/,2026-07-13T20:23:57+00:00
nadlan_project-sitemap.xml,https://nad-lan.co.il/projects/%d7%a7%d7%a7%d7%9c/,2026-07-13T20:23:58+00:00
nadlan_project-sitemap.xml,https://nad-lan.co.il/projects/%d7%a9%d7%a4%d7%99%d7%a8%d7%90-3/,2026-07-13T20:23:59+00:00
nadlan_project-sitemap.xml,https://nad-lan.co.il/projects/%d7%94%d7%93%d7%95%d7%9b%d7%99%d7%a4%d7%aa/,2026-07-13T20:24:00+00:00
nadlan_project-sitemap.xml,https://nad-lan.co.il/projects/%d7%a8%d7%97%d7%9c-%d7%90%d7%9e%d7%a0%d7%95-46-48/,2026-07-13T20:24:02+00:00
nadlan_project-sitemap.xml,https://nad-lan.co.il/projects/%d7%a2%d7%9e%d7%a8%d7%9e%d7%99-%d7%a9%d7%a8%d7%aa-%d7%9b%d7%a4%d7%a8-%d7%a1%d7%91%d7%90/,2026-07-13T20:24:02+00:00
nadlan_project-sitemap.xml,https://nad-lan.co.il/projects/%d7%91%d7%a8-%d7%99%d7%95%d7%97%d7%90%d7%99-18/,2026-07-13T20:24:03+00:00
nadlan_project-sitemap.xml,https://nad-lan.co.il/projects/%d7%91%d7%95%d7%a8%d7%95%d7%9b%d7%95%d7%91-57-61/,2026-07-13T20:24:04+00:00
nadlan_project-sitemap.xml,https://nad-lan.co.il/projects/%d7%9e%d7%aa%d7%97%d7%9d-%d7%90%d7%a8%d7%9c%d7%95%d7%96%d7%95%d7%a8%d7%95%d7%91-%d7%a9%d7%9e%d7%97%d7%94-%d7%94%d7%9e%d7%aa%d7%9e%d7%99%d7%93/,2026-07-13T20:24:05+00:00
nadlan_project-sitemap.xml,https://nad-lan.co.il/projects/%d7%9e%d7%aa%d7%97%d7%9d-%d7%a8%d7%95%d7%91%d7%99%d7%9f-%d7%a1%d7%95%d7%a7%d7%95%d7%9c%d7%95%d7%91-%d7%94%d7%a8%d7%a6%d7%9c%d7%99%d7%94/,2026-07-13T20:24:06+00:00
nadlan_project-sitemap.xml,https://nad-lan.co.il/projects/%d7%a2%d7%9c%d7%99%d7%99%d7%aa-%d7%94%d7%a0%d7%95%d7%a2%d7%a8-%d7%94%d7%a4%d7%95%d7%a2%d7%9c-%d7%94%d7%a6%d7%a2%d7%99%d7%a8/,2026-07-13T20:24:07+00:00
nadlan_project-sitemap.xml,https://nad-lan.co.il/projects/%d7%91%d7%a8%d7%95%d7%a8%d7%99%d7%94-3/,2026-07-13T20:24:07+00:00
nadlan_project-sitemap.xml,https://nad-lan.co.il/projects/%d7%90%d7%a9%d7%9b%d7%95%d7%9c/,2026-07-13T20:24:10+00:00
nadlan_project-sitemap.xml,https://nad-lan.co.il/projects/%d7%a9%d7%91%d7%96%d7%99-%d7%95%d7%99%d7%9c%d7%a0%d7%94/,2026-07-13T20:24:10+00:00
nadlan_project-sitemap.xml,https://nad-lan.co.il/projects/%d7%94%d7%94%d7%a1%d7%aa%d7%93%d7%a8%d7%95%d7%aa-%d7%a9%d7%a0%d7%a7%d7%a8/,2026-07-13T20:24:11+00:00
nadlan_project-sitemap.xml,https://nad-lan.co.il/projects/%d7%9b%d7%a6%d7%a0%d7%9c%d7%a1%d7%95%d7%9f-40-42-44/,2026-07-13T20:24:12+00:00
nadlan_project-sitemap.xml,https://nad-lan.co.il/projects/%d7%97%d7%a1%d7%91%d7%95%d7%9f/,2026-07-13T20:24:13+00:00
nadlan_project-sitemap.xml,https://nad-lan.co.il/projects/%d7%95%d7%99%d7%99%d7%a6%d7%9e%d7%9f-%d7%a8%d7%9e%d7%96/,2026-07-13T20:24:15+00:00
nadlan_project-sitemap.xml,https://nad-lan.co.il/projects/%d7%a9%d7%95%d7%a7-%d7%99%d7%95%d7%9d-%d7%93/,2026-07-13T20:24:16+00:00
nadlan_project-sitemap.xml,https://nad-lan.co.il/projects/%d7%94%d7%a8%d7%9b%d7%91%d7%aa-2/,2026-07-13T20:24:18+00:00
nadlan_project-sitemap.xml,https://nad-lan.co.il/projects/%d7%9e%d7%a8%d7%9b%d7%96-%d7%94%d7%a2%d7%99%d7%a8-2/,2026-07-13T20:24:19+00:00
nadlan_project-sitemap.xml,https://nad-lan.co.il/projects/%d7%9e%d7%aa%d7%97%d7%9d-%d7%91%d7%a8-%d7%9c%d7%91/,2026-07-13T20:24:20+00:00
nadlan_project-sitemap.xml,https://nad-lan.co.il/projects/%d7%94%d7%94%d7%a8%d7%93%d7%95%d7%a3/,2026-07-13T20:24:21+00:00
nadlan_project-sitemap.xml,https://nad-lan.co.il/projects/%d7%9b%d7%a8%d7%9e%d7%95%d7%9f/,2026-07-13T20:24:22+00:00
nadlan_project-sitemap.xml,https://nad-lan.co.il/projects/%d7%90%d7%99%d7%99%d7%9c%d7%94/,2026-07-13T20:24:23+00:00
nadlan_project-sitemap.xml,https://nad-lan.co.il/projects/%d7%90%d7%91%d7%90-%d7%94%d7%9c%d7%9c-76-78-%d7%97%d7%99%d7%a8%d7%95%d7%aa-9-11/,2026-07-13T20:24:24+00:00
nadlan_project-sitemap.xml,https://nad-lan.co.il/projects/%d7%a9%d7%9e%d7%95%d7%90%d7%9c-%d7%94%d7%a0%d7%91%d7%99%d7%90-%d7%a4%d7%99%d7%aa%d7%95%d7%97%d7%99-%d7%97%d7%95%d7%aa%d7%9d/,2026-07-13T20:24:25+00:00
nadlan_project-sitemap.xml,https://nad-lan.co.il/projects/%d7%90%d7%95%d7%a4%d7%98%d7%95%d7%a9%d7%95-%d7%9c%d7%99%d7%95%d7%95%d7%99%d7%a7/,2026-07-13T20:24:25+00:00
nadlan_project-sitemap.xml,https://nad-lan.co.il/projects/%d7%a1%d7%98%d7%a8%d7%95%d7%9e%d7%94/,2026-07-13T20:24:26+00:00
nadlan_project-sitemap.xml,https://nad-lan.co.il/projects/%d7%92%d7%95%d7%a8%d7%93%d7%95%d7%9f-7-9/,2026-07-13T20:24:27+00:00
nadlan_project-sitemap.xml,https://nad-lan.co.il/projects/%d7%94%d7%91%d7%99%d7%9c%d7%95%d7%99%d7%99%d7%9d/,2026-07-13T20:24:28+00:00
nadlan_project-sitemap.xml,https://nad-lan.co.il/projects/%d7%92%d7%95%d7%9c%d7%a0%d7%99-%d7%a6%d7%a4%d7%95%d7%9f-%d7%94%d7%a9%d7%99%d7%98%d7%94/,2026-07-13T20:24:29+00:00
nadlan_project-sitemap.xml,https://nad-lan.co.il/projects/%d7%9c%d7%91-%d7%94%d7%99%d7%a9%d7%95%d7%91/,2026-07-13T20:24:30+00:00
nadlan_project-sitemap.xml,https://nad-lan.co.il/projects/%d7%9e%d7%95%d7%a8%d7%93%d7%95%d7%aa-%d7%a8%d7%9e%d7%99%d7%9d/,2026-07-13T20:24:31+00:00
nadlan_project-sitemap.xml,https://nad-lan.co.il/projects/%d7%94%d7%a8%d7%91-%d7%a7%d7%95%d7%a7-%d7%91%d7%95%d7%a8%d7%95%d7%9b%d7%95%d7%91/,2026-07-13T20:24:33+00:00
nadlan_project-sitemap.xml,https://nad-lan.co.il/projects/%d7%94%d7%a8%d7%a6%d7%95%d7%92/,2026-07-13T20:24:34+00:00
nadlan_project-sitemap.xml,https://nad-lan.co.il/projects/%d7%92%d7%9c%d7%91%d7%95%d7%a2/,2026-07-13T20:24:35+00:00
nadlan_project-sitemap.xml,https://nad-lan.co.il/projects/%d7%92%d7%9c%d7%91%d7%95%d7%a2-%d7%a6%d7%a4%d7%95%d7%9f/,2026-07-13T20:24:36+00:00
nadlan_project-sitemap.xml,https://nad-lan.co.il/projects/%d7%95%d7%99%d7%a6%d7%9e%d7%9f-%d7%96-%d7%91%d7%95%d7%98%d7%99%d7%a0%d7%a1%d7%a7%d7%99-2/,2026-07-13T20:24:36+00:00
nadlan_project-sitemap.xml,https://nad-lan.co.il/projects/%d7%93%d7%a8%d7%9a-%d7%a6%d7%a8%d7%a4%d7%aa-24-42/,2026-07-13T20:24:37+00:00
nadlan_project-sitemap.xml,https://nad-lan.co.il/projects/%d7%a9%d7%9e%d7%a2%d7%95%d7%a0%d7%99-29-27-%d7%aa%d7%9c-%d7%90%d7%91%d7%99%d7%91/,2026-07-13T20:24:38+00:00
nadlan_project-sitemap.xml,https://nad-lan.co.il/projects/%d7%94%d7%a8%d7%99%d7%9e%d7%95%d7%9f-%d7%a4%d7%a0%d7%99-%d7%94%d7%92%d7%91%d7%a2%d7%94/,2026-07-13T20:24:39+00:00
nadlan_project-sitemap.xml,https://nad-lan.co.il/projects/%d7%9e%d7%a8%d7%97%d7%91-%d7%aa%d7%97%d7%a0%d7%aa-%d7%94%d7%9e%d7%98%d7%a8%d7%95-%d7%a0%d7%92%d7%94-%d7%9b%d7%a6%d7%a0%d7%9c%d7%a1%d7%95%d7%9f/,2026-07-13T20:24:40+00:00
nadlan_project-sitemap.xml,https://nad-lan.co.il/projects/%d7%97%d7%a0%d7%99%d7%aa%d7%94-61-67-%d7%a9%d7%90%d7%95%d7%9c-24/,2026-07-13T20:24:41+00:00
nadlan_project-sitemap.xml,https://nad-lan.co.il/projects/%d7%94%d7%a8%d7%91-%d7%a4%d7%a8%d7%93%d7%a1/,2026-07-13T20:24:42+00:00
nadlan_project-sitemap.xml,https://nad-lan.co.il/projects/%d7%94%d7%a8%d7%95%d7%90%d7%94-%d7%a8%d7%9e%d7%aa-%d7%92%d7%9f/,2026-07-13T20:24:43+00:00
nadlan_project-sitemap.xml,https://nad-lan.co.il/projects/%d7%a7%d7%93%d7%95%d7%a9%d7%99-%d7%91%d7%91%d7%9c-10-14-%d7%a2%d7%95%d7%9c%d7%99-%d7%94%d7%92%d7%a8%d7%93%d7%95%d7%9d/,2026-07-13T20:24:44+00:00
nadlan_project-sitemap.xml,https://nad-lan.co.il/projects/%d7%9e%d7%92%d7%93%d7%9c/,2026-07-13T20:24:45+00:00
nadlan_project-sitemap.xml,https://nad-lan.co.il/projects/%d7%97%d7%a6%d7%a8-%d7%a9%d7%a4%d7%99%d7%a8%d7%90/,2026-07-13T20:24:45+00:00
nadlan_project-sitemap.xml,https://nad-lan.co.il/projects/%d7%91%d7%a8-%d7%9b%d7%95%d7%9b%d7%91%d7%90-%d7%94%d7%a4%d7%a8%d7%98%d7%99%d7%96%d7%a0%d7%99%d7%9d/,2026-07-13T20:24:46+00:00
nadlan_project-sitemap.xml,https://nad-lan.co.il/projects/%d7%94%d7%a8%d7%91-%d7%a7%d7%95%d7%a7-%d7%91%d7%a8-%d7%9b%d7%95%d7%9b%d7%91%d7%90/,2026-07-13T20:24:47+00:00
nadlan_project-sitemap.xml,https://nad-lan.co.il/projects/%d7%97%d7%a0%d7%94-%d7%95%d7%9e%d7%99%d7%9b%d7%90%d7%9c-%d7%9c%d7%95%d7%99%d7%9f/,2026-07-13T20:24:48+00:00
nadlan_project-sitemap.xml,https://nad-lan.co.il/projects/%d7%a2%d7%9c%d7%99%d7%99%d7%aa-%d7%94%d7%a0%d7%95%d7%a2%d7%a8-%d7%a6%d7%a4%d7%95%d7%9f/,2026-07-13T20:24:49+00:00
nadlan_project-sitemap.xml,https://nad-lan.co.il/projects/%d7%a0%d7%92%d7%91%d7%94-52-52%d7%90-56-56%d7%90/,2026-07-13T20:24:50+00:00
nadlan_project-sitemap.xml,https://nad-lan.co.il/projects/%d7%94%d7%a8%d7%a6%d7%9c-1214-%d7%a7%d7%a8%d7%99%d7%a0%d7%99%d7%a6%d7%99-37-%d7%94%d7%90%d7%a9%d7%9c-2628/,2026-07-13T20:24:51+00:00
nadlan_project-sitemap.xml,https://nad-lan.co.il/projects/%d7%99%d7%95%d7%a1%d7%a4%d7%98%d7%9c-6/,2026-07-13T20:24:51+00:00
nadlan_project-sitemap.xml,https://nad-lan.co.il/projects/%d7%94%d7%a8%d7%91-%d7%9e%d7%99%d7%9e%d7%95%d7%9f-3/,2026-07-13T20:24:52+00:00
nadlan_project-sitemap.xml,https://nad-lan.co.il/projects/%d7%9b%d7%9c%d7%a0%d7%99%d7%aa-%d7%94%d7%a9%d7%9c%d7%95%d7%9d/,2026-07-13T20:24:53+00:00
nadlan_project-sitemap.xml,https://nad-lan.co.il/projects/%d7%a9%d7%9c%d7%9d/,2026-07-13T20:24:54+00:00
nadlan_project-sitemap.xml,https://nad-lan.co.il/projects/%d7%95%d7%99%d7%a6%d7%9e%d7%9f-2/,2026-07-13T20:24:55+00:00
nadlan_project-sitemap.xml,https://nad-lan.co.il/projects/%d7%a8%d7%9e%d7%aa-%d7%90%d7%a9%d7%9b%d7%95%d7%9c-%d7%94%d7%9e%d7%aa%d7%97%d7%93%d7%a9%d7%aa/,2026-07-13T20:24:56+00:00
nadlan_project-sitemap.xml,https://nad-lan.co.il/projects/%d7%a2%d7%95%d7%96%d7%99%d7%90%d7%9c-%d7%95%d7%99%d7%a6%d7%9e%d7%9f/,2026-07-13T20:24:57+00:00
nadlan_project-sitemap.xml,https://nad-lan.co.il/projects/%d7%91%d7%a8-%d7%9b%d7%95%d7%9b%d7%91%d7%90-3/,2026-07-13T20:24:58+00:00
nadlan_project-sitemap.xml,https://nad-lan.co.il/projects/%d7%97%d7%98%d7%99%d7%91%d7%aa-%d7%92%d7%95%d7%9c%d7%a0%d7%99-%d7%93%d7%a8%d7%95%d7%9d-%d7%94%d7%97%d7%a8%d7%9e%d7%95%d7%9f/,2026-07-13T20:25:00+00:00
nadlan_project-sitemap.xml,https://nad-lan.co.il/projects/%d7%a4%d7%99%d7%a0%d7%95%d7%99-%d7%91%d7%99%d7%a0%d7%95%d7%99-%d7%91%d7%a8%d7%97%d7%95%d7%91-%d7%92%d7%95%d7%a8%d7%93%d7%95%d7%9f-%d7%93%d7%a8%d7%95%d7%9d-%d7%98%d7%99%d7%a8%d7%aa-%d7%94%d7%9b%d7%a8/,2026-07-13T20:25:02+00:00
nadlan_project-sitemap.xml,https://nad-lan.co.il/projects/%d7%a4%d7%99%d7%a0%d7%95%d7%99-%d7%91%d7%99%d7%a0%d7%95%d7%99-%d7%91%d7%a8%d7%97%d7%95%d7%91-%d7%92%d7%95%d7%a8%d7%93%d7%95%d7%9f-%d7%a6%d7%a4%d7%95%d7%9f-%d7%98%d7%99%d7%a8%d7%aa-%d7%94%d7%9b%d7%a8/,2026-07-13T20:25:03+00:00
nadlan_project-sitemap.xml,https://nad-lan.co.il/projects/%d7%99%d7%95%d7%a1%d7%a4%d7%98%d7%9c-7/,2026-07-13T20:25:04+00:00
nadlan_project-sitemap.xml,https://nad-lan.co.il/projects/%d7%94%d7%a2%d7%9c%d7%99%d7%94-2/,2026-07-13T20:25:05+00:00
nadlan_project-sitemap.xml,https://nad-lan.co.il/projects/%d7%9c%d7%91-%d7%94%d7%a2%d7%99%d7%a8/,2026-07-13T20:25:07+00:00
nadlan_project-sitemap.xml,https://nad-lan.co.il/projects/%d7%a6%d7%91%d7%a8-%d7%a9%d7%a7%d7%9e%d7%94-%d7%97%d7%a4-1086-%d7%99%d7%91/,2026-07-13T20:25:07+00:00
nadlan_project-sitemap.xml,https://nad-lan.co.il/projects/%d7%a1%d7%95%d7%a1%d7%a7%d7%99%d7%9f-%d7%99%d7%95%d7%a1%d7%a3-%d7%9c%d7%95%d7%99/,2026-07-13T20:25:09+00:00
nadlan_project-sitemap.xml,https://nad-lan.co.il/projects/%d7%a6%d7%94%d7%9c-63-69-%d7%9e%d7%aa%d7%97%d7%9d-16-%d7%a7%d7%a8%d7%99%d7%99%d7%aa-%d7%90%d7%9c%d7%99%d7%a2%d7%96%d7%a8/,2026-07-13T20:25:10+00:00
nadlan_project-sitemap.xml,https://nad-lan.co.il/projects/%d7%95%d7%99%d7%a6%d7%9e%d7%9f-%d7%94%d7%a8%d7%a6%d7%9c/,2026-07-13T20:25:10+00:00
nadlan_project-sitemap.xml,https://nad-lan.co.il/projects/%d7%95%d7%99%d7%a6%d7%9e%d7%9f-%d7%92%d7%90%d7%95%d7%9c%d7%94/,2026-07-13T20:25:11+00:00
nadlan_project-sitemap.xml,https://nad-lan.co.il/projects/%d7%94%d7%a8%d7%90%d7%94-103-105-107-%d7%99%d7%95%d7%a0%d7%94-2-4-6/,2026-07-13T20:25:53+00:00
nadlan_project-sitemap.xml,https://nad-lan.co.il/projects/%d7%94%d7%a8%d7%a6%d7%9c-43-47/,2026-07-13T20:25:54+00:00
nadlan_project-sitemap.xml,https://nad-lan.co.il/projects/%d7%a7%d7%a8%d7%99%d7%99%d7%aa-%d7%97%d7%a9%d7%9e%d7%9c-%d7%a7-%d7%97%d7%99%d7%99%d7%9d-%d7%9e%d7%96%d7%a8%d7%97%d7%99%d7%aa/,2026-07-13T20:25:55+00:00
nadlan_project-sitemap.xml,https://nad-lan.co.il/projects/%d7%94%d7%a0%d7%a8%d7%a7%d7%99%d7%a1/,2026-07-13T20:25:56+00:00
nadlan_project-sitemap.xml,https://nad-lan.co.il/projects/%d7%91%d7%99%d7%90%d7%9c%d7%99%d7%a7-24-34-%d7%91%d7%99%d7%90%d7%9c%d7%99%d7%a7-12-22/,2026-07-13T20:25:57+00:00
nadlan_project-sitemap.xml,https://nad-lan.co.il/projects/%d7%a8%d7%95%d7%a4%d7%99%d7%9f/,2026-07-13T20:25:58+00:00
nadlan_project-sitemap.xml,https://nad-lan.co.il/projects/%d7%99%d7%94%d7%95%d7%a9%d7%a4%d7%98-%d7%a0%d7%95%d7%95%d7%94-%d7%93%d7%95%d7%93/,2026-07-13T20:25:59+00:00
nadlan_project-sitemap.xml,https://nad-lan.co.il/projects/%d7%94%d7%aa%d7%97%d7%a0%d7%94-%d7%94%d7%9e%d7%a8%d7%9b%d7%96%d7%99%d7%aa/,2026-07-13T20:26:00+00:00
nadlan_project-sitemap.xml,https://nad-lan.co.il/projects/%d7%95%d7%99%d7%a6%d7%9e%d7%9f-6-12/,2026-07-13T20:26:01+00:00
nadlan_project-sitemap.xml,https://nad-lan.co.il/projects/%d7%a1%d7%95%d7%a7%d7%95%d7%9c%d7%95%d7%91-%d7%94%d7%a9%d7%a8%d7%95%d7%9f/,2026-07-13T20:26:02+00:00
nadlan_project-sitemap.xml,https://nad-lan.co.il/projects/%d7%a7%d7%a4%d7%9c%d7%9f-9-13/,2026-07-13T20:26:03+00:00
nadlan_project-sitemap.xml,https://nad-lan.co.il/projects/%d7%9e%d7%aa%d7%97%d7%9d-%d7%a6%d7%a2%d7%99%d7%a8%d7%99%d7%9d-%d7%92%d7%91%d7%a2%d7%aa-%d7%90%d7%95%d7%9c%d7%92%d7%94/,2026-07-13T20:26:04+00:00
nadlan_project-sitemap.xml,https://nad-lan.co.il/projects/%d7%90%d7%95%d7%a4%d7%a7-%d7%9c%d7%a2%d7%9e%d7%a7/,2026-07-13T20:26:05+00:00
nadlan_project-sitemap.xml,https://nad-lan.co.il/projects/%d7%9e%d7%a2%d7%9c%d7%94-%d7%94%d7%92%d7%99%d7%91%d7%95%d7%a8%d7%99%d7%9d/,2026-07-13T20:26:06+00:00
nadlan_project-sitemap.xml,https://nad-lan.co.il/projects/%d7%94%d7%94%d7%a1%d7%aa%d7%93%d7%a8%d7%95%d7%aa-143-145/,2026-07-13T20:26:07+00:00
nadlan_project-sitemap.xml,https://nad-lan.co.il/projects/%d7%93%d7%a8%d7%99%d7%99%d7%a4%d7%95%d7%a1-1-9-%d7%a7%d7%a8%d7%99%d7%99%d7%aa-%d7%a9%d7%a4%d7%a8%d7%99%d7%a0%d7%a6%d7%a7/,2026-07-13T20:26:09+00:00
nadlan_project-sitemap.xml,https://nad-lan.co.il/projects/%d7%97%d7%91%d7%99%d7%91%d7%94-%d7%a8%d7%99%d7%99%d7%9a-20-28/,2026-07-13T20:26:10+00:00
nadlan_project-sitemap.xml,https://nad-lan.co.il/projects/%d7%9e%d7%aa%d7%97%d7%9d-59-%d7%97%d7%a8%d7%95%d7%aa-37-39-43-45-47-%d7%90%d7%91%d7%90-%d7%94%d7%9c%d7%9c-104-106-108-110-112/,2026-07-13T20:26:11+00:00
nadlan_project-sitemap.xml,https://nad-lan.co.il/projects/%d7%aa%d7%9b%d7%a0%d7%95%d7%9f-%d7%91%d7%a7%d7%a8%d7%91%d7%aa-%d7%94%d7%9e%d7%98%d7%a8%d7%95/,2026-07-13T20:26:13+00:00
nadlan_project-sitemap.xml,https://nad-lan.co.il/projects/%d7%9e%d7%92%d7%93%d7%99%d7%90%d7%9c-55/,2026-07-13T20:26:14+00:00
nadlan_project-sitemap.xml,https://nad-lan.co.il/projects/%d7%9e%d7%aa%d7%97%d7%9d-%d7%a4%d7%96/,2026-07-13T20:26:16+00:00
nadlan_project-sitemap.xml,https://nad-lan.co.il/projects/%d7%9e%d7%aa%d7%97%d7%9d-%d7%94%d7%9e%d7%92%d7%93%d7%99%d7%9d/,2026-07-13T20:26:17+00:00
nadlan_project-sitemap.xml,https://nad-lan.co.il/projects/%d7%97%d7%a4%d7%a6%d7%99%d7%91%d7%94/,2026-07-13T20:26:18+00:00
nadlan_project-sitemap.xml,https://nad-lan.co.il/projects/%d7%a9%d7%9c%d7%9d-20-30/,2026-07-13T20:26:19+00:00
nadlan_project-sitemap.xml,https://nad-lan.co.il/projects/%d7%94%d7%a2%d7%92%d7%95%d7%a8-%d7%92%d7%96%d7%99%d7%aa/,2026-07-13T20:26:20+00:00
nadlan_project-sitemap.xml,https://nad-lan.co.il/projects/%d7%94%d7%90%d7%9c%d7%9b%d7%a1%d7%95%d7%9f/,2026-07-13T20:26:21+00:00
nadlan_project-sitemap.xml,https://nad-lan.co.il/projects/%d7%97%d7%91%d7%93/,2026-07-13T20:26:21+00:00
nadlan_project-sitemap.xml,https://nad-lan.co.il/projects/%d7%9e%d7%aa%d7%97%d7%9d-%d7%94%d7%a0%d7%a9%d7%99%d7%90-%d7%99%d7%93-%d7%94%d7%96%d7%94%d7%91/,2026-07-13T20:26:22+00:00
nadlan_project-sitemap.xml,https://nad-lan.co.il/projects/%d7%a8%d7%97%d7%95%d7%91%d7%95%d7%aa-%d7%9e%d7%a8%d7%9b%d7%96/,2026-07-13T20:26:23+00:00
nadlan_project-sitemap.xml,https://nad-lan.co.il/projects/%d7%9e%d7%aa%d7%97%d7%9d-%d7%96%d7%91%d7%95%d7%98%d7%99%d7%a0%d7%a1%d7%a7%d7%99-39-41-%d7%9e%d7%a7%d7%93%d7%95%d7%a0%d7%9c%d7%93/,2026-07-13T20:26:24+00:00
nadlan_project-sitemap.xml,https://nad-lan.co.il/projects/%d7%9e%d7%aa%d7%97%d7%9d-%d7%94%d7%a8%d7%a6%d7%9c-%d7%a9%d7%9b%d7%95%d7%a0%d7%aa-%d7%90%d7%95%d7%a9%d7%99%d7%95%d7%aa/,2026-07-13T20:26:25+00:00
nadlan_project-sitemap.xml,https://nad-lan.co.il/projects/%d7%9e%d7%98%d7%a8%d7%95-%d7%93%d7%a8%d7%95%d7%9d/,2026-07-13T20:26:26+00:00
nadlan_project-sitemap.xml,https://nad-lan.co.il/projects/%d7%9e%d7%aa%d7%97%d7%9d-%d7%94%d7%aa%d7%97%d7%99%d7%99%d7%94-%d7%a8%d7%94%d7%91/,2026-07-13T20:26:27+00:00
nadlan_project-sitemap.xml,https://nad-lan.co.il/projects/%d7%94%d7%a8%d7%91-%d7%9e%d7%99%d7%9e%d7%95%d7%9f-%d7%a0%d7%99%d7%a1%d7%a0%d7%91%d7%95%d7%99%d7%9d/,2026-07-13T20:26:28+00:00
nadlan_project-sitemap.xml,https://nad-lan.co.il/projects/%d7%96%d7%99%d7%9c%d7%a4%d7%94-%d7%92%d7%93%d7%a0%d7%a2-%d7%a7%d7%a8%d7%99%d7%99%d7%aa-%d7%90%d7%9c%d7%99%d7%a2%d7%96%d7%a8-%d7%9e%d7%aa%d7%97%d7%9d-12/,2026-07-13T20:26:31+00:00
nadlan_project-sitemap.xml,https://nad-lan.co.il/projects/%d7%9e%d7%a9%d7%94-%d7%a9%d7%a8%d7%aa/,2026-07-13T20:26:31+00:00
nadlan_project-sitemap.xml,https://nad-lan.co.il/projects/%d7%9e%d7%92%d7%93%d7%9c%d7%99%d7%9d-%d7%91%d7%a9%d7%93%d7%a8%d7%94/,2026-07-13T20:26:33+00:00
nadlan_project-sitemap.xml,https://nad-lan.co.il/projects/%d7%9e%d7%aa%d7%97%d7%9d-33-%d7%97%d7%99%d7%a8%d7%95%d7%aa-10-16-%d7%94%d7%92%d7%a4%d7%9f-13-15-%d7%95%d7%94%d7%a9%d7%a7%d7%93%d7%99%d7%94-3/,2026-07-13T20:26:34+00:00
nadlan_project-sitemap.xml,https://nad-lan.co.il/projects/%d7%94%d7%a9%d7%99%d7%98%d7%94/,2026-07-13T20:26:34+00:00
nadlan_project-sitemap.xml,https://nad-lan.co.il/projects/%d7%94%d7%90%d7%9c%d7%95%d7%a0%d7%99%d7%9d-%d7%a6%d7%90%d7%9c%d7%99%d7%9d/,2026-07-13T20:26:35+00:00
nadlan_project-sitemap.xml,https://nad-lan.co.il/projects/23-%d7%a1%d7%9e%d7%98%d7%aa-%d7%94%d7%9e%d7%a2%d7%a8%d7%95%d7%aa/,2026-07-13T20:26:37+00:00
nadlan_project-sitemap.xml,https://nad-lan.co.il/projects/6-%d7%91%d7%a8%d7%a0%d7%a2/,2026-07-13T20:26:37+00:00
nadlan_project-sitemap.xml,https://nad-lan.co.il/projects/12-%d7%a7%d7%93%d7%a9-%d7%99%d7%a8%d7%95%d7%a9%d7%9c%d7%99%d7%9d-%d7%94%d7%a9%d7%9c%d7%9e%d7%94/,2026-07-13T20:26:38+00:00
nadlan_project-sitemap.xml,https://nad-lan.co.il/projects/19-%d7%9c%d7%95%d7%a1-%d7%90%d7%a0%d7%92%d7%9c%d7%a1-%d7%90%d7%99%d7%9c%d7%95%d7%aa/,2026-07-13T20:26:39+00:00
nadlan_project-sitemap.xml,https://nad-lan.co.il/projects/22-%d7%a6%d7%99%d7%9f-%d7%a4%d7%90%d7%a8%d7%9f/,2026-07-13T20:26:40+00:00
nadlan_project-sitemap.xml,https://nad-lan.co.il/projects/%d7%93%d7%95%d7%93-%d7%a8%d7%9e%d7%96-%d7%9c%d7%95%d7%97%d7%9e%d7%99-%d7%94%d7%92%d7%98%d7%90%d7%95%d7%aa/,2026-07-13T20:26:41+00:00
nadlan_project-sitemap.xml,https://nad-lan.co.il/projects/%d7%96%d7%9c%d7%9e%d7%9f-%d7%a9%d7%96%d7%a8/,2026-07-13T20:26:41+00:00
nadlan_project-sitemap.xml,https://nad-lan.co.il/projects/%d7%90%d7%a6%d7%9c-2/,2026-07-13T20:26:42+00:00
nadlan_project-sitemap.xml,https://nad-lan.co.il/projects/%d7%99%d7%95%d7%a1%d7%a4%d7%98%d7%9c-8/,2026-07-13T20:26:43+00:00
nadlan_project-sitemap.xml,https://nad-lan.co.il/projects/%d7%94%d7%97%d7%a1%d7%99%d7%93%d7%94/,2026-07-13T20:26:44+00:00
nadlan_project-sitemap.xml,https://nad-lan.co.il/projects/%d7%94%d7%93%d7%95%d7%9c%d7%91/,2026-07-13T20:26:45+00:00
nadlan_project-sitemap.xml,https://nad-lan.co.il/projects/%d7%99%d7%a8%d7%95%d7%a9%d7%9c%d7%99%d7%9d-%d7%94%d7%91%d7%99%d7%a8%d7%94/,2026-07-13T20:26:46+00:00
nadlan_project-sitemap.xml,https://nad-lan.co.il/projects/%d7%93%d7%91%d7%95%d7%a8%d7%94-%d7%94%d7%a0%d7%91%d7%99%d7%90%d7%94/,2026-07-13T20:26:47+00:00
nadlan_project-sitemap.xml,https://nad-lan.co.il/projects/%d7%9e%d7%a0%d7%97%d7%9d-%d7%91%d7%92%d7%99%d7%9f/,2026-07-13T20:26:48+00:00
nadlan_project-sitemap.xml,https://nad-lan.co.il/projects/%d7%9e%d7%a2%d7%9c%d7%95%d7%aa-%d7%93%d7%a4%d7%a0%d7%94-125/,2026-07-13T20:26:49+00:00
nadlan_project-sitemap.xml,https://nad-lan.co.il/projects/%d7%9e%d7%aa%d7%97%d7%9d-%d7%94%d7%a6%d7%99%d7%95%d7%a0%d7%95%d7%aa-%d7%9e%d7%aa%d7%97%d7%9d-%d7%9e%d7%a2%d7%a8%d7%91%d7%99/,2026-07-13T20:26:50+00:00
nadlan_project-sitemap.xml,https://nad-lan.co.il/projects/%d7%92%d7%99%d7%95%d7%a8%d7%90-19-27/,2026-07-13T20:26:51+00:00
nadlan_project-sitemap.xml,https://nad-lan.co.il/projects/%d7%96%d7%91%d7%95%d7%98%d7%99%d7%a0%d7%a1%d7%a7%d7%99-%d7%94%d7%a8%d7%a6%d7%9c/,2026-07-13T20:26:52+00:00
nadlan_project-sitemap.xml,https://nad-lan.co.il/projects/%d7%9e%d7%95%d7%a0%d7%98%d7%99%d7%a4%d7%99%d7%95%d7%a8%d7%99-%d7%90%d7%95%d7%a1%d7%99%d7%a9%d7%a7%d7%99%d7%9f/,2026-07-13T20:26:53+00:00
nadlan_project-sitemap.xml,https://nad-lan.co.il/projects/%d7%a9%d7%93%d7%a8%d7%95%d7%aa-%d7%94%d7%a8%d7%a6%d7%9c-98-100/,2026-07-13T20:26:54+00:00
nadlan_project-sitemap.xml,https://nad-lan.co.il/projects/%d7%a1%d7%9f-%d7%9e%d7%a8%d7%98%d7%99%d7%9f-22-26-%d7%91%d7%a8-%d7%99%d7%95%d7%97%d7%90%d7%99-1214/,2026-07-13T20:26:55+00:00
nadlan_project-sitemap.xml,https://nad-lan.co.il/projects/%d7%9e%d7%aa%d7%97%d7%9d-%d7%91%d7%a8-%d7%90%d7%99%d7%9c%d7%9f-%d7%a9%d7%9e%d7%a2%d7%95%d7%9f-%d7%97%d7%9b%d7%9d/,2026-07-13T20:26:56+00:00
nadlan_project-sitemap.xml,https://nad-lan.co.il/projects/%d7%a9%d7%98%d7%a8%d7%9f-43/,2026-07-13T20:26:57+00:00
nadlan_project-sitemap.xml,https://nad-lan.co.il/projects/%d7%90%d7%a8%d7%9c%d7%95%d7%96%d7%95%d7%a8%d7%95%d7%91-33-41/,2026-07-13T20:26:58+00:00
nadlan_project-sitemap.xml,https://nad-lan.co.il/projects/%d7%94%d7%a4%d7%90%d7%a8%d7%a7-%d7%a9%d7%a4%d7%a8%d7%99%d7%a0%d7%a6%d7%a7/,2026-07-13T20:26:59+00:00
nadlan_project-sitemap.xml,https://nad-lan.co.il/projects/%d7%92%d7%a0%d7%a1%d7%99%d7%9f-%d7%95%d7%99%d7%a6%d7%9e%d7%9f-%d7%a8%d7%9e%d7%91%d7%9d/,2026-07-13T20:27:00+00:00
nadlan_project-sitemap.xml,https://nad-lan.co.il/projects/%d7%91%d7%a8%d7%9c-%d7%9c%d7%95%d7%a7%d7%a8-25-26/,2026-07-13T20:27:00+00:00
nadlan_project-sitemap.xml,https://nad-lan.co.il/projects/%d7%94%d7%a8%d7%90%d7%94-174-176-%d7%90%d7%94%d7%95%d7%93-4/,2026-07-13T20:27:01+00:00
nadlan_project-sitemap.xml,https://nad-lan.co.il/projects/%d7%94%d7%90%d7%97%d7%9c%d7%9e%d7%94-5/,2026-07-13T20:27:02+00:00
nadlan_project-sitemap.xml,https://nad-lan.co.il/projects/%d7%a8%d7%a1%d7%a7%d7%95-2/,2026-07-13T20:27:03+00:00
nadlan_project-sitemap.xml,https://nad-lan.co.il/projects/%d7%91%d7%a8-%d7%9b%d7%95%d7%9b%d7%91%d7%90-%d7%a1%d7%98%d7%a8%d7%95%d7%9e%d7%94-%d7%92%d7%95%d7%9c%d7%a0%d7%93%d7%94%d7%99%d7%a8%d7%a9/,2026-07-13T20:27:04+00:00
nadlan_project-sitemap.xml,https://nad-lan.co.il/projects/%d7%94%d7%90%d7%95%d7%a8%d7%9f-2/,2026-07-13T20:27:05+00:00
nadlan_project-sitemap.xml,https://nad-lan.co.il/projects/%d7%a4%d7%99%d7%a0%d7%95%d7%99-%d7%91%d7%99%d7%a0%d7%95%d7%99-%d7%9e%d7%aa%d7%97%d7%9d-%d7%98%d7%a8%d7%95%d7%9e%d7%9f-c-%d7%a7%d7%a8%d7%99%d7%99%d7%aa-%d7%97%d7%99%d7%99%d7%9d/,2026-07-13T20:27:05+00:00
nadlan_project-sitemap.xml,https://nad-lan.co.il/projects/%d7%a7%d7%95%d7%9c%d7%95%d7%9e%d7%91%d7%99%d7%94-7/,2026-07-13T20:27:06+00:00
nadlan_project-sitemap.xml,https://nad-lan.co.il/projects/%d7%94%d7%a8%d7%95%d7%90%d7%94-%d7%94%d7%92%d7%aa-%d7%a8%d7%9e%d7%aa-%d7%92%d7%9f/,2026-07-13T20:27:07+00:00
nadlan_project-sitemap.xml,https://nad-lan.co.il/projects/%d7%a8%d7%91%d7%99-%d7%a2%d7%a7%d7%99%d7%91%d7%90-3-15-%d7%91%d7%a8-%d7%9b%d7%95%d7%9b%d7%91%d7%90-3-5/,2026-07-13T20:27:08+00:00
nadlan_project-sitemap.xml,https://nad-lan.co.il/projects/%d7%9e%d7%aa%d7%97%d7%9d-3-%d7%94%d7%92%d7%99%d7%91%d7%95%d7%a8%d7%99%d7%9d/,2026-07-13T20:27:09+00:00
nadlan_project-sitemap.xml,https://nad-lan.co.il/projects/%d7%94%d7%94%d7%a1%d7%aa%d7%93%d7%a8%d7%95%d7%aa-197-207/,2026-07-13T20:27:10+00:00
nadlan_project-sitemap.xml,https://nad-lan.co.il/projects/%d7%97%d7%a0%d7%a7%d7%99%d7%9f-%d7%9e%d7%a8%d7%9b%d7%96/,2026-07-13T20:27:11+00:00
nadlan_project-sitemap.xml,https://nad-lan.co.il/projects/%d7%96%d7%90%d7%9f-%d7%96%d7%95%d7%a8%d7%a1-16-32/,2026-07-13T20:27:12+00:00
nadlan_project-sitemap.xml,https://nad-lan.co.il/projects/%d7%9e%d7%aa%d7%97%d7%9d-11-%d7%a7%d7%a8%d7%99%d7%99%d7%aa-%d7%90%d7%9c%d7%99%d7%a2%d7%96%d7%a8/,2026-07-13T20:27:13+00:00
nadlan_project-sitemap.xml,https://nad-lan.co.il/projects/%d7%a1%d7%9f-%d7%9e%d7%a8%d7%98%d7%99%d7%9f-21-19/,2026-07-13T20:27:13+00:00
nadlan_project-sitemap.xml,https://nad-lan.co.il/projects/%d7%9e%d7%95%d7%9c-%d7%94%d7%aa%d7%97%d7%a0%d7%94-%d7%94%d7%9e%d7%a8%d7%9b%d7%96%d7%99%d7%aa/,2026-07-13T20:27:14+00:00
nadlan_project-sitemap.xml,https://nad-lan.co.il/projects/%d7%a7%d7%95%d7%a7%d7%99%d7%a1/,2026-07-13T20:27:15+00:00
nadlan_project-sitemap.xml,https://nad-lan.co.il/projects/%d7%91%d7%95%d7%98%d7%95%d7%a7%d7%95%d7%91%d7%a1%d7%a7%d7%99-30-32/,2026-07-13T20:27:16+00:00
nadlan_project-sitemap.xml,https://nad-lan.co.il/projects/%d7%a7%d7%93%d7%99%d7%a9-%d7%9c%d7%95%d7%96-3-13-%d7%99%d7%a8%d7%95%d7%a9%d7%9c%d7%99%d7%9d/,2026-07-13T20:27:17+00:00
nadlan_project-sitemap.xml,https://nad-lan.co.il/projects/%d7%a4%d7%90%d7%a8%d7%9f-4/,2026-07-13T20:27:18+00:00
nadlan_project-sitemap.xml,https://nad-lan.co.il/projects/%d7%94%d7%a4%d7%95%d7%93%d7%99%d7%9d-%d7%9e%d7%aa%d7%97%d7%9d-104/,2026-07-13T20:27:19+00:00
nadlan_project-sitemap.xml,https://nad-lan.co.il/projects/%d7%9e%d7%98%d7%95%d7%9c%d7%94-%d7%a8%d7%90%d7%a9-%d7%a4%d7%99%d7%a0%d7%94-%d7%9e%d7%a9%d7%9e%d7%a8-%d7%94%d7%99%d7%a8%d7%93%d7%9f-6-8/,2026-07-13T20:27:20+00:00
nadlan_project-sitemap.xml,https://nad-lan.co.il/projects/%d7%a8%d7%92-1847-%d7%a2%d7%95%d7%96%d7%99%d7%90%d7%9c-23-31/,2026-07-13T20:27:21+00:00
nadlan_project-sitemap.xml,https://nad-lan.co.il/projects/%d7%91%d7%9f-%d7%a6%d7%91%d7%99-2/,2026-07-13T20:27:22+00:00
nadlan_project-sitemap.xml,https://nad-lan.co.il/projects/%d7%92%d7%9f-%d7%9e%d7%a8%d7%a1%d7%99%d7%99/,2026-07-13T20:27:23+00:00
nadlan_project-sitemap.xml,https://nad-lan.co.il/projects/%d7%94%d7%a0%d7%91%d7%99%d7%90%d7%99%d7%9d-%d7%9e%d7%aa%d7%97%d7%9d-1/,2026-07-13T20:27:26+00:00
nadlan_project-sitemap.xml,https://nad-lan.co.il/projects/%d7%94%d7%aa%d7%97%d7%93%d7%a9%d7%95%d7%aa-%d7%93%d7%a8%d7%9a-%d7%94%d7%a9%d7%9c%d7%95%d7%9d-117-105/,2026-07-13T20:27:27+00:00
nadlan_project-sitemap.xml,https://nad-lan.co.il/projects/%d7%90%d7%91%d7%90-%d7%94%d7%9c%d7%9c-6365/,2026-07-13T20:27:28+00:00
nadlan_project-sitemap.xml,https://nad-lan.co.il/projects/%d7%94%d7%aa%d7%97%d7%93%d7%a9%d7%95%d7%aa-%d7%9e%d7%aa%d7%97%d7%9d-%d7%9e%d7%9b%d7%91%d7%99/,2026-07-13T20:27:29+00:00
nadlan_project-sitemap.xml,https://nad-lan.co.il/projects/%d7%99%d7%90%d7%a0%d7%95%d7%a9-%d7%a7%d7%95%d7%a8%d7%a6%d7%a7/,2026-07-13T20:27:30+00:00
nadlan_project-sitemap.xml,https://nad-lan.co.il/projects/%d7%a8%d7%92-1926-%d7%90%d7%9e%d7%a0%d7%95%d7%9f-%d7%95%d7%aa%d7%9e%d7%a8-27-33-%d7%9e%d7%99%d7%9b%d7%90%d7%9c-14/,2026-07-13T20:27:31+00:00
nadlan_project-sitemap.xml,https://nad-lan.co.il/projects/%d7%a8%d7%92-1506-%d7%90-%d7%9e%d7%aa%d7%97%d7%9d-%d7%94%d7%a8%d7%90%d7%a9%d7%95%d7%a0%d7%99%d7%9d-%d7%94%d7%9e%d7%a2%d7%99%d7%9f-%d7%99%d7%94%d7%95%d7%93%d7%94/,2026-07-13T20:27:32+00:00
nadlan_project-sitemap.xml,https://nad-lan.co.il/projects/%d7%9e%d7%aa%d7%97%d7%9d-45-%d7%9e%d7%95%d7%a8%d7%93%d7%99-%d7%94%d7%92%d7%98%d7%90%d7%95%d7%aa-4-6-8-10-12-%d7%9e%d7%a2%d7%9c%d7%94-%d7%94%d7%a9%d7%95%d7%90%d7%91%d7%94-5-7/,2026-07-13T20:27:33+00:00
nadlan_project-sitemap.xml,https://nad-lan.co.il/projects/%d7%9e%d7%9c%d7%9b%d7%99-%d7%99%d7%a9%d7%a8%d7%90%d7%9c-5961-%d7%aa%d7%97%d7%9b%d7%9e%d7%95%d7%a0%d7%99-32/,2026-07-13T20:27:34+00:00
nadlan_project-sitemap.xml,https://nad-lan.co.il/projects/%d7%a4%d7%98%d7%a8%d7%99/,2026-07-13T20:27:35+00:00
nadlan_project-sitemap.xml,https://nad-lan.co.il/projects/%d7%9e%d7%a8%d7%92%d7%95%d7%9c%d7%99%d7%9f-1-%d7%94%d7%a9%d7%95%d7%9e%d7%a8-21/,2026-07-13T20:27:35+00:00
nadlan_project-sitemap.xml,https://nad-lan.co.il/projects/%d7%a7%d7%a6%d7%a0%d7%9c%d7%a1%d7%95%d7%9f-2-6/,2026-07-13T20:27:36+00:00
nadlan_project-sitemap.xml,https://nad-lan.co.il/projects/%d7%93%d7%91-%d7%92%d7%a8%d7%95%d7%a0%d7%a8-230-237/,2026-07-13T20:27:37+00:00
nadlan_project-sitemap.xml,https://nad-lan.co.il/projects/%d7%9b%d7%98-%d7%91%d7%a0%d7%95%d7%91%d7%9e%d7%91%d7%a8-28/,2026-07-13T20:27:38+00:00
nadlan_project-sitemap.xml,https://nad-lan.co.il/projects/%d7%90%d7%95%d7%93%d7%9d-18-28/,2026-07-13T20:27:39+00:00
nadlan_project-sitemap.xml,https://nad-lan.co.il/projects/%d7%a2%d7%95%d7%9c%d7%99-%d7%94%d7%92%d7%a8%d7%93%d7%95%d7%9d-%d7%a7%d7%93%d7%95%d7%a9%d7%99-%d7%91%d7%91%d7%9c-%d7%9e%d7%aa%d7%97%d7%9d-%d7%97/,2026-07-13T20:27:40+00:00
nadlan_project-sitemap.xml,https://nad-lan.co.il/projects/%d7%a4%d7%a8%d7%a0%d7%a7%d7%a4%d7%95%d7%a8%d7%98%d7%a8-2-4/,2026-07-13T20:27:41+00:00
nadlan_project-sitemap.xml,https://nad-lan.co.il/projects/%d7%90%d7%95%d7%9c%d7%a1%d7%95%d7%95%d7%a0%d7%92%d7%a8/,2026-07-13T20:27:42+00:00
nadlan_project-sitemap.xml,https://nad-lan.co.il/projects/%d7%97%d7%96%d7%95%d7%9f-%d7%a6%d7%99%d7%95%d7%9f-7-9/,2026-07-13T20:27:43+00:00
nadlan_project-sitemap.xml,https://nad-lan.co.il/projects/%d7%a7%d7%95%d7%a1%d7%98%d7%94-%d7%a8%d7%99%d7%a7%d7%94-113/,2026-07-13T20:27:43+00:00
nadlan_project-sitemap.xml,https://nad-lan.co.il/projects/%d7%96%d7%95%d7%9c%d7%95%d7%98%d7%95%d7%91/,2026-07-13T20:27:44+00:00
nadlan_project-sitemap.xml,https://nad-lan.co.il/projects/%d7%a9%d7%90-%d7%a0%d7%a1/,2026-07-13T20:27:45+00:00
nadlan_project-sitemap.xml,https://nad-lan.co.il/projects/%d7%9b%d7%a6%d7%a0%d7%9c%d7%a1%d7%95%d7%9f-%d7%9e%d7%a8%d7%9b%d7%96/,2026-07-13T20:27:46+00:00
nadlan_project-sitemap.xml,https://nad-lan.co.il/projects/%d7%94%d7%a8%d7%a6%d7%9c-4/,2026-07-13T20:27:47+00:00
nadlan_project-sitemap.xml,https://nad-lan.co.il/projects/%d7%94%d7%aa%d7%97%d7%93%d7%a9%d7%95%d7%aa-%d7%a6%d7%99%d7%a8-%d7%9e%d7%a0%d7%97%d7%9d-%d7%91%d7%92%d7%99%d7%9f/,2026-07-13T20:27:48+00:00
nadlan_project-sitemap.xml,https://nad-lan.co.il/projects/%d7%92%d7%95%d7%9c%d7%93%d7%94-%d7%94%d7%95%d7%a4%d7%99%d7%99%d7%9f-%d7%93%d7%99%d7%a8%d7%94-%d7%9c%d7%94%d7%a9%d7%9b%d7%99%d7%a8/,2026-07-13T20:27:49+00:00
nadlan_project-sitemap.xml,https://nad-lan.co.il/projects/%d7%94%d7%93%d7%a8-%d7%93%d7%99%d7%a8%d7%94-%d7%9c%d7%94%d7%a9%d7%9b%d7%99%d7%a8/,2026-07-13T20:27:50+00:00
nadlan_project-sitemap.xml,https://nad-lan.co.il/projects/%d7%a8%d7%91%d7%a7%d7%94-%d7%95%d7%a6%d7%99%d7%a4%d7%95%d7%a8%d7%94/,2026-07-13T20:27:52+00:00
nadlan_project-sitemap.xml,https://nad-lan.co.il/projects/%d7%94%d7%aa%d7%97%d7%93%d7%a9%d7%95%d7%aa-%d7%a2%d7%99%d7%a8%d7%95%d7%a0%d7%99%d7%aa-%d7%a0%d7%95%d7%94-%d7%a9%d7%90%d7%a0%d7%9f-20-%d7%91%d7%95%d7%a8%d7%9c%d7%90/,2026-07-13T20:27:53+00:00
nadlan_project-sitemap.xml,https://nad-lan.co.il/projects/%d7%9c%d7%91-%d7%90%d7%95%d7%a9%d7%99%d7%95%d7%aa/,2026-07-13T20:27:54+00:00
nadlan_project-sitemap.xml,https://nad-lan.co.il/projects/%d7%a0%d7%99%d7%a6%d7%9f/,2026-07-13T20:27:55+00:00
nadlan_project-sitemap.xml,https://nad-lan.co.il/projects/%d7%91%d7%9f-%d7%a0%d7%95%d7%9f/,2026-07-13T20:27:56+00:00
nadlan_project-sitemap.xml,https://nad-lan.co.il/projects/%d7%a1%d7%98%d7%a8%d7%95%d7%9e%d7%94-2/,2026-07-13T20:27:57+00:00
nadlan_project-sitemap.xml,https://nad-lan.co.il/projects/%d7%9e%d7%a0%d7%97%d7%9d-%d7%91%d7%92%d7%99%d7%9f-2/,2026-07-13T20:27:58+00:00
nadlan_project-sitemap.xml,https://nad-lan.co.il/projects/%d7%94%d7%a9%d7%99%d7%98%d7%94-2/,2026-07-13T20:27:59+00:00
nadlan_project-sitemap.xml,https://nad-lan.co.il/projects/%d7%aa%d7%a8%d7%a9%d7%99%d7%a9/,2026-07-13T20:28:00+00:00
nadlan_project-sitemap.xml,https://nad-lan.co.il/projects/%d7%a8%d7%9e%d7%aa-%d7%94%d7%a8%d7%a6%d7%9c/,2026-07-13T20:28:01+00:00
nadlan_project-sitemap.xml,https://nad-lan.co.il/projects/%d7%a9%d7%95%d7%a7-%d7%92%d7%95%d7%9c%d7%93%d7%9e%d7%9f/,2026-07-13T20:28:02+00:00
nadlan_project-sitemap.xml,https://nad-lan.co.il/projects/%d7%90%d7%a4%d7%a7/,2026-07-13T20:28:03+00:00
nadlan_project-sitemap.xml,https://nad-lan.co.il/projects/%d7%9e%d7%a8%d7%97%d7%91-%d7%a2%d7%a6%d7%99%d7%95%d7%9f/,2026-07-13T20:28:04+00:00
nadlan_project-sitemap.xml,https://nad-lan.co.il/projects/%d7%9e%d7%aa%d7%97%d7%9d-%d7%90%d7%a4%d7%a8%d7%99%d7%9d/,2026-07-13T20:28:05+00:00
nadlan_project-sitemap.xml,https://nad-lan.co.il/projects/%d7%9e%d7%98%d7%a8%d7%95-%d7%94%d7%a8%d7%90%d7%94/,2026-07-13T20:28:05+00:00
nadlan_project-sitemap.xml,https://nad-lan.co.il/projects/%d7%a0%d7%95%d7%95%d7%94-%d7%a2%d7%9e%d7%9c/,2026-07-13T20:28:06+00:00
nadlan_project-sitemap.xml,https://nad-lan.co.il/projects/%d7%90%d7%9c-%d7%a1%d7%95%d7%9c%d7%98%d7%90%d7%a0%d7%99/,2026-07-13T20:28:07+00:00
nadlan_project-sitemap.xml,https://nad-lan.co.il/projects/%d7%90%d7%9c-%d7%a8%d7%90%d7%9d/,2026-07-13T20:28:08+00:00
nadlan_project-sitemap.xml,https://nad-lan.co.il/projects/%d7%9b%d7%99%d7%9b%d7%a8-%d7%94%d7%a2%d7%99%d7%a8/,2026-07-13T20:28:09+00:00
nadlan_project-sitemap.xml,https://nad-lan.co.il/projects/%d7%a9%d7%93%d7%a8%d7%95%d7%aa-%d7%99%d7%a8%d7%95%d7%a9%d7%9c%d7%99%d7%9d-2/,2026-07-13T20:28:09+00:00
nadlan_project-sitemap.xml,https://nad-lan.co.il/projects/%d7%94%d7%a1/,2026-07-13T20:28:10+00:00
nadlan_project-sitemap.xml,https://nad-lan.co.il/projects/%d7%9e%d7%a9%d7%9e%d7%a8-%d7%94%d7%99%d7%a8%d7%93%d7%9f/,2026-07-13T20:28:11+00:00
nadlan_project-sitemap.xml,https://nad-lan.co.il/projects/%d7%94%d7%93%d7%95%d7%93%d7%90%d7%99%d7%9d/,2026-07-13T20:28:12+00:00
nadlan_project-sitemap.xml,https://nad-lan.co.il/projects/%d7%94%d7%90%d7%a4%d7%a8%d7%a1%d7%a7-%d7%9e%d7%a8%d7%9b%d7%95%d7%a1/,2026-07-13T20:28:13+00:00
nadlan_project-sitemap.xml,https://nad-lan.co.il/projects/%d7%aa%d7%9c-%d7%97%d7%99/,2026-07-13T20:28:14+00:00
nadlan_project-sitemap.xml,https://nad-lan.co.il/projects/%d7%94%d7%a8-%d7%94%d7%a6%d7%95%d7%a4%d7%99%d7%9d/,2026-07-13T20:28:15+00:00
nadlan_project-sitemap.xml,https://nad-lan.co.il/projects/%d7%94%d7%a8%d7%91-%d7%99%d7%95%d7%a1%d7%a3-%d7%9e%d7%a9%d7%90%d7%a9/,2026-07-13T20:28:16+00:00
nadlan_project-sitemap.xml,https://nad-lan.co.il/projects/%d7%94%d7%a0%d7%a8%d7%99%d7%99%d7%98%d7%94-%d7%a1%d7%90%d7%9c%d7%93-%d7%a4%d7%99%d7%a0%d7%aa-%d7%a2%d7%9c%d7%99%d7%99%d7%aa-%d7%94%d7%a0%d7%95%d7%a2%d7%a8/,2026-07-13T20:28:17+00:00
nadlan_project-sitemap.xml,https://nad-lan.co.il/projects/%d7%94%d7%a0%d7%a8%d7%99%d7%99%d7%98%d7%94-%d7%a1%d7%90%d7%9c%d7%93-%d7%a4%d7%99%d7%a0%d7%aa-%d7%94%d7%99%d7%a8%d7%93%d7%9f/,2026-07-13T20:28:18+00:00
nadlan_project-sitemap.xml,https://nad-lan.co.il/projects/%d7%91%d7%9f-%d7%99%d7%94%d7%95%d7%93%d7%94-%d7%94%d7%a9%d7%91%d7%a2%d7%94/,2026-07-13T20:28:19+00:00
nadlan_project-sitemap.xml,https://nad-lan.co.il/projects/%d7%94%d7%aa%d7%97%d7%93%d7%a9%d7%95%d7%aa-%d7%a2%d7%99%d7%a8%d7%95%d7%a0%d7%99%d7%aa-%d7%9e%d7%92%d7%93%d7%9c%d7%99-%d7%99%d7%a8%d7%95%d7%a9%d7%9c%d7%99%d7%9d-%d7%a0%d7%aa-%d7%9e%d7%a7-59-548/,2026-07-13T20:28:20+00:00
nadlan_project-sitemap.xml,https://nad-lan.co.il/projects/%d7%9e%d7%aa%d7%97%d7%9d-%d7%91%d7%92%d7%99%d7%9f/,2026-07-13T20:28:21+00:00
nadlan_project-sitemap.xml,https://nad-lan.co.il/projects/%d7%aa%d7%97%d7%a0%d7%94-%d7%9e%d7%a8%d7%9b%d7%96%d7%99%d7%aa/,2026-07-13T20:28:22+00:00
nadlan_project-sitemap.xml,https://nad-lan.co.il/projects/%d7%9e%d7%98%d7%a8%d7%95-%d7%9e%d7%96%d7%a8%d7%97/,2026-07-13T20:28:23+00:00
nadlan_project-sitemap.xml,https://nad-lan.co.il/projects/%d7%9c%d7%95%d7%99-%d7%90%d7%a9%d7%9b%d7%95%d7%9c/,2026-07-13T20:28:25+00:00
nadlan_project-sitemap.xml,https://nad-lan.co.il/projects/%d7%9e%d7%92%d7%99%d7%a0%d7%99%d7%9d/,2026-07-13T20:28:25+00:00
nadlan_project-sitemap.xml,https://nad-lan.co.il/projects/%d7%94%d7%9e%d7%a2%d7%a4%d7%99%d7%9c%d7%99%d7%9d-%d7%9e%d7%aa%d7%97%d7%9d-8/,2026-07-13T20:28:26+00:00
nadlan_project-sitemap.xml,https://nad-lan.co.il/projects/%d7%91%d7%a8%d7%a0%d7%a8-20-30/,2026-07-13T20:28:27+00:00
nadlan_project-sitemap.xml,https://nad-lan.co.il/projects/%d7%9e%d7%aa%d7%97%d7%9d-%d7%a8%d7%95%d7%98%d7%a9%d7%99%d7%9c%d7%93-8-14-%d7%9e%d7%aa%d7%97%d7%9d-28/,2026-07-13T20:28:28+00:00
nadlan_project-sitemap.xml,https://nad-lan.co.il/projects/%d7%90%d7%a4%d7%9c%d7%98%d7%95%d7%9f-%d7%90%d7%99%d7%99%d7%96%d7%99%d7%a7-%d7%97%d7%a8%d7%99%d7%a3/,2026-07-13T20:28:29+00:00
nadlan_project-sitemap.xml,https://nad-lan.co.il/projects/%d7%9e%d7%95%d7%a8%d7%93%d7%95%d7%aa-%d7%a2%d7%a6%d7%9e%d7%95%d7%9f/,2026-07-13T20:28:30+00:00
nadlan_project-sitemap.xml,https://nad-lan.co.il/projects/%d7%94%d7%93%d7%92%d7%a0%d7%99%d7%9d-11-15/,2026-07-13T20:28:31+00:00
nadlan_project-sitemap.xml,https://nad-lan.co.il/projects/%d7%a0%d7%95%d7%a8%d7%95%d7%a7-%d7%90%d7%a0%d7%99%d7%9c%d7%91%d7%99%d7%a5/,2026-07-13T20:28:32+00:00
nadlan_project-sitemap.xml,https://nad-lan.co.il/projects/%d7%9c%d7%91-%d7%94%d7%9e%d7%95%d7%a9%d7%91%d7%94/,2026-07-13T20:28:33+00:00
nadlan_project-sitemap.xml,https://nad-lan.co.il/projects/%d7%90%d7%a8%d7%a5-%d7%97%d7%a4%d7%a5-1-5-110/,2026-07-13T20:28:34+00:00
nadlan_project-sitemap.xml,https://nad-lan.co.il/projects/%d7%a9%d7%a9%d7%aa-%d7%94%d7%99%d7%9e%d7%99%d7%9d-2/,2026-07-13T20:28:35+00:00
nadlan_project-sitemap.xml,https://nad-lan.co.il/projects/%d7%a0%d7%99%d7%a7%d7%a8%d7%92%d7%95%d7%90%d7%94-135/,2026-07-13T20:28:36+00:00
nadlan_project-sitemap.xml,https://nad-lan.co.il/projects/%d7%a7%d7%a8%d7%99%d7%a0%d7%99%d7%a6%d7%99-%d7%a0%d7%97%d7%9c%d7%aa-%d7%99%d7%95%d7%a1%d7%a3/,2026-07-13T20:28:36+00:00
nadlan_project-sitemap.xml,https://nad-lan.co.il/projects/%d7%a6%d7%94%d7%9c-2/,2026-07-13T20:28:37+00:00
nadlan_project-sitemap.xml,https://nad-lan.co.il/projects/%d7%aa%d7%9c-%d7%97%d7%a0%d7%9f-%d7%9e%d7%a2%d7%a8/,2026-07-13T20:28:39+00:00
nadlan_project-sitemap.xml,https://nad-lan.co.il/projects/%d7%9e%d7%90%d7%99%d7%a8-%d7%a0%d7%a7%d7%a8-2-10/,2026-07-13T20:28:40+00:00
nadlan_project-sitemap.xml,https://nad-lan.co.il/projects/%d7%90%d7%95%d7%a8%d7%95%d7%92%d7%95%d7%90%d7%99-27-29/,2026-07-13T20:28:41+00:00
nadlan_project-sitemap.xml,https://nad-lan.co.il/projects/%d7%9e%d7%a2%d7%9c%d7%95%d7%aa-%d7%93%d7%a4%d7%a0%d7%94-123124/,2026-07-13T20:28:42+00:00
nadlan_project-sitemap.xml,https://nad-lan.co.il/projects/%d7%90%d7%a8%d7%96%d7%99%d7%9d-15-19/,2026-07-13T20:28:43+00:00
nadlan_project-sitemap.xml,https://nad-lan.co.il/projects/%d7%a9%d7%98%d7%a8%d7%9f-%d7%95%d7%91%d7%95%d7%9c%d7%99%d7%91%d7%99%d7%94/,2026-07-13T20:28:44+00:00
nadlan_project-sitemap.xml,https://nad-lan.co.il/projects/%d7%94%d7%a8%d7%a6%d7%9c-%d7%aa%d7%a8%d7%9e%d7%91-%d7%98%d7%a8%d7%95%d7%9e%d7%a4%d7%9c%d7%93%d7%95%d7%a8-%d7%94%d7%91%d7%a8%d7%95%d7%9f-%d7%94%d7%99%d7%a8%d7%a9/,2026-07-13T20:28:45+00:00
nadlan_project-sitemap.xml,https://nad-lan.co.il/projects/%d7%9e%d7%aa%d7%97%d7%9d-%d7%9b%d7%90-%d7%90%d7%a8%d7%9e%d7%95%d7%9f-%d7%94%d7%a0%d7%a6%d7%99%d7%91/,2026-07-13T20:28:46+00:00
nadlan_project-sitemap.xml,https://nad-lan.co.il/projects/%d7%97%d7%95%d7%a6%d7%95%d7%aa-%d7%94%d7%90%d7%9c%d7%a3/,2026-07-13T20:28:47+00:00
nadlan_project-sitemap.xml,https://nad-lan.co.il/projects/%d7%90%d7%91%d7%95%d7%a9%d7%93%d7%99%d7%93/,2026-07-13T20:28:48+00:00
nadlan_project-sitemap.xml,https://nad-lan.co.il/projects/%d7%91%d7%9f-%d7%a6%d7%91%d7%99-%d7%95%d7%94%d7%90%d7%a8%d7%99/,2026-07-13T20:28:49+00:00
nadlan_project-sitemap.xml,https://nad-lan.co.il/projects/%d7%90%d7%93%d7%9d-47-49-51/,2026-07-13T20:28:50+00:00
nadlan_project-sitemap.xml,https://nad-lan.co.il/projects/%d7%99%d7%a6%d7%97%d7%a7-%d7%a9%d7%93%d7%94-5-%d7%95-7/,2026-07-13T20:28:51+00:00
nadlan_project-sitemap.xml,https://nad-lan.co.il/projects/%d7%9b%d7%9b%d7%a8-%d7%94%d7%a9%d7%a7%d7%93/,2026-07-13T20:28:52+00:00
nadlan_project-sitemap.xml,https://nad-lan.co.il/projects/%d7%99%d7%a4%d7%aa-173-183/,2026-07-13T20:28:53+00:00
nadlan_project-sitemap.xml,https://nad-lan.co.il/projects/%d7%94%d7%a0%d7%95%d7%98%d7%a8%d7%99%d7%9d-20-22/,2026-07-13T20:28:54+00:00
nadlan_project-sitemap.xml,https://nad-lan.co.il/projects/%d7%94%d7%a8%d7%a6%d7%9c-123-%d7%94%d7%9e%d7%99%d7%99%d7%a1%d7%93%d7%99%d7%9d/,2026-07-13T20:28:56+00:00
nadlan_project-sitemap.xml,https://nad-lan.co.il/projects/%d7%91%d7%a8%d7%95%d7%a8%d7%99%d7%94-5-11/,2026-07-13T20:28:57+00:00
nadlan_project-sitemap.xml,https://nad-lan.co.il/projects/%d7%9e%d7%aa%d7%97%d7%9d-%d7%94%d7%97%d7%9c%d7%95%d7%a5-%d7%9e%d7%a9%d7%9b%d7%9f-%d7%a9%d7%99%d7%9c%d7%94/,2026-07-13T20:28:58+00:00
nadlan_project-sitemap.xml,https://nad-lan.co.il/projects/%d7%91%d7%9f-%d7%92%d7%9e%d7%9c%d7%90-6-10-%d7%99%d7%94%d7%95%d7%a9%d7%a2-%d7%91%d7%9f-%d7%a0%d7%95%d7%9f-38/,2026-07-13T20:29:01+00:00
nadlan_project-sitemap.xml,https://nad-lan.co.il/projects/%d7%94%d7%9e%d7%97%d7%aa%d7%a8%d7%95%d7%aa-13-21-%d7%a9%d7%9c%d7%9e%d7%94-%d7%91%d7%9f-%d7%99%d7%95%d7%a1%d7%a3-203-207-%d7%9e%d7%aa%d7%97%d7%9d-%d7%99%d7%96/,2026-07-13T20:29:02+00:00
nadlan_project-sitemap.xml,https://nad-lan.co.il/projects/%d7%94%d7%a2%d7%99%d7%9c%d7%95%d7%99-2-10-%d7%a7%d7%95%d7%a8%d7%95%d7%aa-%d7%94%d7%a2%d7%99%d7%aa%d7%99%d7%9d-5/,2026-07-13T20:29:03+00:00
nadlan_project-sitemap.xml,https://nad-lan.co.il/projects/%d7%91%d7%a2%d7%94%d7%9d/,2026-07-13T20:29:04+00:00
nadlan_project-sitemap.xml,https://nad-lan.co.il/projects/%d7%97%d7%99%d7%9c-%d7%94%d7%90%d7%95%d7%95%d7%99%d7%a8-%d7%a6%d7%a4%d7%95%d7%9f-%d7%a4%d7%a1%d7%92%d7%aa-%d7%96%d7%90%d7%91/,2026-07-13T20:29:05+00:00
nadlan_project-sitemap.xml,https://nad-lan.co.il/projects/%d7%a4%d7%99%d7%a0%d7%9c%d7%a1-246/,2026-07-13T20:29:06+00:00
nadlan_project-sitemap.xml,https://nad-lan.co.il/projects/%d7%a9%d7%98%d7%a8%d7%9f-18%d7%90-20-20%d7%90/,2026-07-13T20:29:07+00:00
nadlan_project-sitemap.xml,https://nad-lan.co.il/projects/%d7%a7%d7%a8%d7%9c-%d7%a0%d7%98%d7%a8/,2026-07-13T20:29:08+00:00
nadlan_project-sitemap.xml,https://nad-lan.co.il/projects/%d7%93%d7%a8%d7%9a-%d7%97%d7%91%d7%a8%d7%95%d7%9f-%d7%a2%d7%99%d7%9f-%d7%92%d7%93%d7%99-%d7%a9%d7%9c%d7%95%d7%9d-%d7%99%d7%94%d7%95%d7%93%d7%94/,2026-07-13T20:29:09+00:00
nadlan_project-sitemap.xml,https://nad-lan.co.il/projects/%d7%94%d7%97%d7%91%d7%a6%d7%9c%d7%aa-3-5/,2026-07-13T20:29:10+00:00
nadlan_project-sitemap.xml,https://nad-lan.co.il/projects/%d7%91%d7%a6%d7%9c%d7%90%d7%9c-26-28/,2026-07-13T20:29:11+00:00
nadlan_project-sitemap.xml,https://nad-lan.co.il/projects/%d7%94%d7%92%d7%a0%d7%a0%d7%aa-238/,2026-07-13T20:29:11+00:00
nadlan_project-sitemap.xml,https://nad-lan.co.il/projects/%d7%a7%d7%a9%d7%90%d7%a0%d7%99-19-25/,2026-07-13T20:29:12+00:00
nadlan_project-sitemap.xml,https://nad-lan.co.il/projects/%d7%93%d7%91-%d7%92%d7%a8%d7%95%d7%a0%d7%a8-4-10-%d7%9e%d7%aa%d7%97%d7%9d-%d7%99%d7%93/,2026-07-13T20:29:13+00:00
nadlan_project-sitemap.xml,https://nad-lan.co.il/projects/%d7%94%d7%91%d7%a8%d7%95%d7%9f-%d7%94%d7%99%d7%a8%d7%a9-6-%d7%a9%d7%93%d7%a8%d7%95%d7%aa-%d7%94%d7%a8%d7%a6%d7%9c-44-48-%d7%a9%d7%95%d7%a9%d7%a0%d7%94-57-59-%d7%a9%d7%a2%d7%a8-%d7%94%d7%a2%d7%99/,2026-07-13T20:29:14+00:00
nadlan_project-sitemap.xml,https://nad-lan.co.il/projects/%d7%93%d7%94%d7%95%d7%9e%d7%99%d7%99-4/,2026-07-13T20:29:15+00:00
nadlan_project-sitemap.xml,https://nad-lan.co.il/projects/%d7%93%d7%94%d7%95%d7%9e%d7%99%d7%99-6/,2026-07-13T20:29:15+00:00
nadlan_project-sitemap.xml,https://nad-lan.co.il/projects/%d7%94%d7%a4%d7%9c%d7%9e%d7%97-49-51-%d7%94%d7%a9%d7%99%d7%99%d7%a8%d7%95%d7%aa-2/,2026-07-13T20:29:16+00:00
nadlan_project-sitemap.xml,https://nad-lan.co.il/projects/%d7%9e%d7%aa%d7%97%d7%9d-%d7%93%d7%a8%d7%96%d7%a0%d7%a8-%d7%90%d7%9c%d7%a7%d7%97%d7%99/,2026-07-13T20:29:17+00:00
nadlan_project-sitemap.xml,https://nad-lan.co.il/projects/%d7%9e%d7%a7%d7%a1%d7%99%d7%a7%d7%95-8-14/,2026-07-13T20:29:18+00:00
nadlan_project-sitemap.xml,https://nad-lan.co.il/projects/%d7%91%d7%a0%d7%99-%d7%91%d7%aa%d7%99%d7%a8%d7%90-7-9/,2026-07-13T20:29:19+00:00
nadlan_project-sitemap.xml,https://nad-lan.co.il/projects/%d7%90%d7%99%d7%a1%d7%9c%d7%a0%d7%93-19-21-%d7%a7%d7%95%d7%9c%d7%95%d7%9e%d7%91%d7%99%d7%94-16/,2026-07-13T20:29:20+00:00
nadlan_project-sitemap.xml,https://nad-lan.co.il/projects/%d7%a4%d7%a0%d7%9e%d7%94-4/,2026-07-13T20:29:21+00:00
nadlan_project-sitemap.xml,https://nad-lan.co.il/projects/%d7%94%d7%a0%d7%98%d7%a7%d7%94-48-%d7%97%d7%99%d7%99%d7%9d-%d7%97%d7%91%d7%99%d7%91-6-7/,2026-07-13T20:29:22+00:00
nadlan_project-sitemap.xml,https://nad-lan.co.il/projects/%d7%90%d7%99%d7%a1%d7%9c%d7%a0%d7%93-16-22-%d7%9e%d7%a7%d7%a1%d7%99%d7%a7%d7%95-4/,2026-07-13T20:29:24+00:00
nadlan_project-sitemap.xml,https://nad-lan.co.il/projects/%d7%97%d7%96%d7%a7%d7%99%d7%94%d7%95-%d7%94%d7%9e%d7%9c%d7%9a-39-45/,2026-07-13T20:29:24+00:00
nadlan_project-sitemap.xml,https://nad-lan.co.il/projects/%d7%a7%d7%a8%d7%9f-%d7%94%d7%99%d7%a1%d7%95%d7%93/,2026-07-13T20:29:26+00:00
nadlan_project-sitemap.xml,https://nad-lan.co.il/projects/%d7%99%d7%95%d7%a1%d7%a4%d7%98%d7%9c-%d7%a6%d7%a4%d7%95%d7%9f/,2026-07-13T20:29:27+00:00
nadlan_project-sitemap.xml,https://nad-lan.co.il/projects/%d7%a9%d7%93%d7%a8%d7%95%d7%aa-%d7%99%d7%a8%d7%95%d7%a9%d7%9c%d7%99%d7%9d-3/,2026-07-13T20:29:28+00:00
nadlan_project-sitemap.xml,https://nad-lan.co.il/projects/%d7%a8%d7%96%d7%99%d7%90%d7%9c-2/,2026-07-13T20:29:29+00:00
nadlan_project-sitemap.xml,https://nad-lan.co.il/projects/utopia-sde-dov-en/,2026-07-30T16:48:31+00:00
nadlan_project-sitemap.xml,https://nad-lan.co.il/projects/utopia-sde-dov-fr/,2026-07-30T16:48:32+00:00
nadlan_project-sitemap.xml,https://nad-lan.co.il/projects/utopia-sde-dov-ru/,2026-07-30T16:48:33+00:00
nadlan_project-sitemap.xml,https://nad-lan.co.il/projects/utopia-sde-dov-ar/,2026-07-30T16:48:34+00:00
nadlan_project-sitemap.xml,https://nad-lan.co.il/projects/ashira-sde-dov-en/,2026-08-04T19:26:23+00:00
nadlan_project-sitemap.xml,https://nad-lan.co.il/projects/ashira-sde-dov-fr/,2026-08-04T19:26:24+00:00
nadlan_project-sitemap.xml,https://nad-lan.co.il/projects/ashira-sde-dov-ru/,2026-08-04T19:26:26+00:00
nadlan_project-sitemap.xml,https://nad-lan.co.il/projects/ashira-sde-dov-ar/,2026-08-04T19:26:27+00:00
nadlan_project-sitemap.xml,https://nad-lan.co.il/projects/gindi-vogue-sde-dov-en/,2026-08-05T11:13:00+00:00
nadlan_project-sitemap.xml,https://nad-lan.co.il/projects/gindi-vogue-sde-dov-fr/,2026-08-05T11:13:02+00:00
nadlan_project-sitemap.xml,https://nad-lan.co.il/projects/gindi-vogue-sde-dov-ru/,2026-08-05T11:13:03+00:00
nadlan_project-sitemap.xml,https://nad-lan.co.il/projects/gindi-vogue-sde-dov-ar/,2026-08-05T11:13:05+00:00
nadlan_project-sitemap.xml,https://nad-lan.co.il/projects/meier-on-rothschild-en/,2026-08-05T11:13:06+00:00
nadlan_project-sitemap.xml,https://nad-lan.co.il/projects/meier-on-rothschild-fr/,2026-08-05T11:13:07+00:00
nadlan_project-sitemap.xml,https://nad-lan.co.il/projects/meier-on-rothschild-ru/,2026-08-05T11:13:09+00:00
nadlan_project-sitemap.xml,https://nad-lan.co.il/projects/meier-on-rothschild-ar/,2026-08-05T11:13:10+00:00
nadlan_project-sitemap.xml,https://nad-lan.co.il/projects/park-bavli-en/,2026-08-05T11:13:11+00:00
nadlan_project-sitemap.xml,https://nad-lan.co.il/projects/park-bavli-fr/,2026-08-05T11:13:12+00:00
nadlan_project-sitemap.xml,https://nad-lan.co.il/projects/park-bavli-ru/,2026-08-05T11:13:14+00:00
nadlan_project-sitemap.xml,https://nad-lan.co.il/projects/park-bavli-ar/,2026-08-05T11:13:15+00:00
nadlan_project-sitemap.xml,https://nad-lan.co.il/projects/recanati-residence-en/,2026-08-05T11:13:16+00:00
nadlan_project-sitemap.xml,https://nad-lan.co.il/projects/recanati-residence-fr/,2026-08-05T11:13:18+00:00
nadlan_project-sitemap.xml,https://nad-lan.co.il/projects/recanati-residence-ru/,2026-08-05T11:13:19+00:00
nadlan_project-sitemap.xml,https://nad-lan.co.il/projects/recanati-residence-ar/,2026-08-05T11:13:20+00:00
nadlan_project-sitemap.xml,https://nad-lan.co.il/projects/shikun-binui-sde-dov-en/,2026-08-05T11:13:21+00:00
nadlan_project-sitemap.xml,https://nad-lan.co.il/projects/shikun-binui-sde-dov-fr/,2026-08-05T11:13:22+00:00
nadlan_project-sitemap.xml,https://nad-lan.co.il/projects/shikun-binui-sde-dov-ru/,2026-08-05T11:13:24+00:00
nadlan_project-sitemap.xml,https://nad-lan.co.il/projects/shikun-binui-sde-dov-ar/,2026-08-05T11:13:25+00:00
nadlan_project-sitemap.xml,https://nad-lan.co.il/projects/yoo-tel-aviv-en/,2026-08-05T11:13:26+00:00
nadlan_project-sitemap.xml,https://nad-lan.co.il/projects/yoo-tel-aviv-fr/,2026-08-05T11:13:28+00:00
nadlan_project-sitemap.xml,https://nad-lan.co.il/projects/yoo-tel-aviv-ru/,2026-08-05T11:13:29+00:00
nadlan_project-sitemap.xml,https://nad-lan.co.il/projects/yoo-tel-aviv-ar/,2026-08-05T11:13:30+00:00
nadlan_project-sitemap.xml,https://nad-lan.co.il/projects/zohi-sde-dov-en/,2026-08-05T11:13:31+00:00
nadlan_project-sitemap.xml,https://nad-lan.co.il/projects/zohi-sde-dov-fr/,2026-08-05T11:13:33+00:00
nadlan_project-sitemap.xml,https://nad-lan.co.il/projects/zohi-sde-dov-ru/,2026-08-05T11:13:34+00:00
nadlan_project-sitemap.xml,https://nad-lan.co.il/projects/zohi-sde-dov-ar/,2026-08-05T11:13:35+00:00
nadlan_project-sitemap.xml,https://nad-lan.co.il/projects/dimri-yama-sde-dov-en/,2026-08-06T07:36:38+00:00
nadlan_project-sitemap.xml,https://nad-lan.co.il/projects/dimri-yama-sde-dov-fr/,2026-08-06T07:36:40+00:00
nadlan_project-sitemap.xml,https://nad-lan.co.il/projects/dimri-yama-sde-dov-ru/,2026-08-06T07:36:41+00:00
nadlan_project-sitemap.xml,https://nad-lan.co.il/projects/dimri-yama-sde-dov-ar/,2026-08-06T07:36:42+00:00
nadlan_project-sitemap.xml,https://nad-lan.co.il/projects/the-park-bnei-brak-en/,2026-08-08T20:07:14+00:00
nadlan_project-sitemap.xml,https://nad-lan.co.il/projects/the-park-bnei-brak-fr/,2026-08-08T20:07:15+00:00
nadlan_project-sitemap.xml,https://nad-lan.co.il/projects/the-park-bnei-brak-ru/,2026-08-08T20:07:16+00:00
nadlan_project-sitemap.xml,https://nad-lan.co.il/projects/the-park-bnei-brak-ar/,2026-08-08T20:07:17+00:00
nadlan_project-sitemap.xml,https://nad-lan.co.il/projects/toha2-tel-aviv-en/,2026-08-08T20:07:18+00:00
nadlan_project-sitemap.xml,https://nad-lan.co.il/projects/toha2-tel-aviv-fr/,2026-08-08T20:07:20+00:00
nadlan_project-sitemap.xml,https://nad-lan.co.il/projects/toha2-tel-aviv-ru/,2026-08-08T20:07:21+00:00
nadlan_project-sitemap.xml,https://nad-lan.co.il/projects/toha2-tel-aviv-ar/,2026-08-08T20:07:22+00:00
nadlan_project-sitemap.xml,https://nad-lan.co.il/projects/first-sde-dov/,2026-08-18T12:04:02+00:00
nadlan_project-sitemap.xml,https://nad-lan.co.il/projects/gindi-vogue-sde-dov/,2026-08-18T12:04:05+00:00
nadlan_project-sitemap.xml,https://nad-lan.co.il/projects/ashira-sde-dov/,2026-08-18T12:08:49+00:00
nadlan_project-sitemap.xml,https://nad-lan.co.il/projects/einstein-tower/,2026-08-27T22:55:53+00:00
nadlan_project-sitemap.xml,https://nad-lan.co.il/projects/utopia-sde-dov/,2026-08-27T23:35:27+00:00
nadlan_project-sitemap.xml,https://nad-lan.co.il/projects/toha2-tel-aviv/,2026-08-28T10:06:44+00:00
nadlan_project-sitemap.xml,https://nad-lan.co.il/projects/the-park-bnei-brak/,2026-08-28T10:19:45+00:00
nadlan_project-sitemap.xml,https://nad-lan.co.il/projects/%d7%a9%d7%a2%d7%a8-%d7%a6%d7%a4%d7%95%d7%9f-%d7%9e%d7%a2%d7%a8-%d7%a8%d7%9e%d7%9c%d7%94/,2026-08-28T10:32:49+00:00
nadlan_project-sitemap.xml,https://nad-lan.co.il/projects/%d7%94%d7%92%d7%a4%d7%9f-8-10-%d7%a8%d7%92/,2026-08-28T10:38:03+00:00
nadlan_project-sitemap.xml,https://nad-lan.co.il/projects/%d7%94%d7%a0%d7%a8%d7%a7%d7%99%d7%a1-%d7%94%d7%a8%d7%a7%d7%a4%d7%aa/,2026-08-28T10:41:31+00:00
nadlan_project-sitemap.xml,https://nad-lan.co.il/projects/%d7%9e%d7%92%d7%93%d7%9c-%d7%94%d7%99%d7%9d-%d7%a8%d7%95%d7%98%d7%a9%d7%99%d7%9c%d7%93-2/,2026-08-28T10:44:50+00:00
nadlan_project-sitemap.xml,https://nad-lan.co.il/projects/%d7%a7%d7%93%d7%a9-%d7%94%d7%a8%d7%90%d7%a9%d7%95%d7%a0%d7%99%d7%9d/,2026-08-28T10:46:40+00:00
nadlan_project-sitemap.xml,https://nad-lan.co.il/projects/%d7%a8%d7%92-1851-%d7%a4%d7%a0%d7%97%d7%a1-%d7%a8%d7%95%d7%98%d7%a0%d7%91%d7%a8%d7%92-79-81-83-85-%d7%94%d7%aa%d7%97%d7%93%d7%a9%d7%95%d7%aa-%d7%a2%d7%99%d7%a8%d7%95%d7%a0%d7%99%d7%aa/,2026-08-28T10:48:16+00:00
nadlan_project-sitemap.xml,https://nad-lan.co.il/projects/%d7%94%d7%a8%d7%95%d7%aa%d7%9d-%d7%a4%d7%9c%d7%93%d7%95%d7%aa/,2026-08-28T10:51:42+00:00
nadlan_project-sitemap.xml,https://nad-lan.co.il/projects/%d7%94%d7%a6%d7%93%d7%99%d7%a7-%d7%9e%d7%99%d7%a8%d7%95%d7%a9%d7%9c%d7%99%d7%9d/,2026-08-28T10:54:35+00:00
nadlan_project-sitemap.xml,https://nad-lan.co.il/projects/%d7%a6%d7%95%d7%a0%d7%93%d7%a7-51133130/,2026-08-28T10:56:32+00:00
nadlan_project-sitemap.xml,https://nad-lan.co.il/projects/%d7%9e%d7%98%d7%a8%d7%95-%d7%94%d7%91%d7%a0%d7%99%d7%9d-%d7%95%d7%99%d7%99%d7%a6%d7%9e%d7%9f/,2026-08-28T10:58:40+00:00
nadlan_project-sitemap.xml,https://nad-lan.co.il/projects/%d7%9e%d7%aa%d7%97%d7%9d-%d7%a8%d7%91%d7%99%d7%9f/,2026-08-28T11:00:34+00:00
nadlan_project-sitemap.xml,https://nad-lan.co.il/projects/%d7%9c%d7%95%d7%97%d7%9e%d7%99-%d7%94%d7%92%d7%98%d7%90%d7%95%d7%aa/,2026-08-28T11:02:41+00:00
nadlan_project-sitemap.xml,https://nad-lan.co.il/projects/%d7%9e%d7%a2%d7%a8/,2026-08-28T11:04:37+00:00
nadlan_project-sitemap.xml,https://nad-lan.co.il/projects/%d7%94%d7%92%d7%a4%d7%9f-2/,2026-08-28T11:06:46+00:00
nadlan_project-sitemap.xml,https://nad-lan.co.il/projects/%d7%9e%d7%aa%d7%97%d7%9d-%d7%98%d7%95%d7%91%d7%99%d7%94%d7%95-%d7%94%d7%a6%d7%91%d7%99/,2026-08-28T11:09:16+00:00
nadlan_project-sitemap.xml,https://nad-lan.co.il/projects/%d7%91%d7%9f-%d7%92%d7%95%d7%a8%d7%99%d7%95%d7%9f-5/,2026-08-28T11:11:24+00:00
nadlan_project-sitemap.xml,https://nad-lan.co.il/projects/%d7%91%d7%9f-%d7%96%d7%9b%d7%90%d7%99-31/,2026-08-28T11:15:58+00:00
nadlan_project-sitemap.xml,https://nad-lan.co.il/projects/%d7%a8%d7%92-1854-%d7%9e%d7%aa%d7%97%d7%9d-%d7%94%d7%a4%d7%95%d7%93%d7%99%d7%9d-11-13-%d7%a8%d7%a9%d7%99-21-23/,2026-08-28T11:17:40+00:00
nadlan_project-sitemap.xml,https://nad-lan.co.il/projects/%d7%a6%d7%90%d7%9c%d7%99%d7%9d-%d7%94%d7%90%d7%99%d7%9c%d7%a0%d7%95%d7%aa/,2026-08-28T11:28:47+00:00
nadlan_project-sitemap.xml,https://nad-lan.co.il/projects/%d7%94%d7%a1%d7%aa%d7%93%d7%a8%d7%95%d7%aa/,2026-08-28T11:33:21+00:00
nadlan_project-sitemap.xml,https://nad-lan.co.il/projects/%d7%a0%d7%aa%d7%99%d7%91-%d7%97%d7%91%d7%a6%d7%9c%d7%aa/,2026-08-28T11:35:16+00:00
nadlan_project-sitemap.xml,https://nad-lan.co.il/projects/%d7%90%d7%97%d7%93-%d7%94%d7%a2%d7%9d-33-35/,2026-08-28T11:40:21+00:00
nadlan_project-sitemap.xml,https://nad-lan.co.il/projects/%d7%9e%d7%a2%d7%9c%d7%94-%d7%92%d7%a2%d7%aa%d7%95%d7%9f/,2026-08-28T11:43:09+00:00
nadlan_project-sitemap.xml,https://nad-lan.co.il/projects/%d7%91%d7%99%d7%90%d7%9c%d7%99%d7%a7-%d7%a9%d7%9e%d7%a2%d7%95%d7%a0%d7%99/,2026-08-28T11:49:17+00:00
nadlan_project-sitemap.xml,https://nad-lan.co.il/projects/%d7%91%d7%9f-%d7%a6%d7%91%d7%99-3/,2026-08-28T11:53:19+00:00
nadlan_project-sitemap.xml,https://nad-lan.co.il/projects/%d7%94%d7%a2%d7%a6%d7%9e%d7%90%d7%95%d7%aa-6/,2026-08-28T11:56:04+00:00
nadlan_project-sitemap.xml,https://nad-lan.co.il/projects/%d7%94%d7%92%d7%a0%d7%94-%d7%a1%d7%9c%d7%95%d7%95%d7%93%d7%95%d7%a8/,2026-08-28T12:00:41+00:00
nadlan_project-sitemap.xml,https://nad-lan.co.il/projects/%d7%9c%d7%91-%d7%94%d7%a2%d7%99%d7%a8-%d7%a1%d7%95%d7%a7%d7%95%d7%9c%d7%95%d7%91/,2026-08-28T13:33:17+00:00
nadlan_project-sitemap.xml,https://nad-lan.co.il/projects/%d7%94%d7%9e%d7%a8%d7%9b%d7%96-%d7%94%d7%95%d7%95%d7%aa%d7%99%d7%a7/,2026-08-28T13:48:07+00:00
nadlan_project-sitemap.xml,https://nad-lan.co.il/projects/%d7%94%d7%a9%d7%9b%d7%95%d7%a0%d7%95%d7%aa-%d7%94%d7%93%d7%a8%d7%95%d7%9e%d7%99%d7%95%d7%aa/,2026-08-28T13:51:49+00:00
nadlan_project-sitemap2.xml,https://nad-lan.co.il/projects/%d7%9c%d7%95%d7%93-%d7%93%d7%a8%d7%95%d7%9d/,2026-08-28T13:55:38+00:00
nadlan_project-sitemap2.xml,https://nad-lan.co.il/projects/%d7%9e%d7%a8%d7%9b%d7%96%d7%99-%d7%94%d7%a2%d7%99%d7%a8/,2026-08-28T13:58:46+00:00
nadlan_project-sitemap2.xml,https://nad-lan.co.il/projects/%d7%94%d7%9e%d7%91%d7%95%d7%90%d7%94-%d7%94%d7%a6%d7%a4%d7%95%d7%a0%d7%99%d7%aa/,2026-08-28T14:02:30+00:00
nadlan_project-sitemap2.xml,https://nad-lan.co.il/projects/%d7%94%d7%a2%d7%99%d7%a8-%d7%94%d7%a2%d7%aa%d7%99%d7%a7%d7%94/,2026-08-28T14:06:16+00:00
nadlan_project-sitemap2.xml,https://nad-lan.co.il/projects/%d7%94%d7%9e%d7%99%d7%99%d7%a1%d7%93%d7%99%d7%9d/,2026-08-28T14:13:27+00:00
nadlan_project-sitemap2.xml,https://nad-lan.co.il/projects/%d7%90%d7%a8%d7%9c%d7%95%d7%96%d7%95%d7%a8%d7%95%d7%91/,2026-08-28T14:14:04+00:00
nadlan_project-sitemap2.xml,https://nad-lan.co.il/projects/%d7%9e%d7%98%d7%a8%d7%95-%d7%94%d7%a2%d7%99%d7%a8%d7%99%d7%99%d7%94/,2026-08-28T14:18:02+00:00
nadlan_project-sitemap2.xml,https://nad-lan.co.il/projects/%d7%9e%d7%98%d7%a8%d7%95-%d7%90%d7%a8%d7%9c%d7%95%d7%96%d7%95%d7%a8%d7%95%d7%91/,2026-08-28T14:22:05+00:00
nadlan_project-sitemap2.xml,https://nad-lan.co.il/projects/%d7%94%d7%aa%d7%97%d7%a0%d7%94/,2026-08-28T14:26:00+00:00
nadlan_project-sitemap2.xml,https://nad-lan.co.il/projects/%d7%94%d7%93%d7%a8-%d7%99%d7%95%d7%a1%d7%a3/,2026-08-28T14:31:34+00:00
nadlan_project-sitemap2.xml,https://nad-lan.co.il/projects/%d7%a9%d7%91%d7%98%d7%99-%d7%99%d7%a9%d7%a8%d7%90%d7%9c-30-34/,2026-08-28T14:33:07+00:00
nadlan_project-sitemap2.xml,https://nad-lan.co.il/projects/%d7%99%d7%93-%d7%94%d7%aa%d7%a9%d7%a2%d7%94/,2026-08-28T14:33:24+00:00
nadlan_project-sitemap2.xml,https://nad-lan.co.il/projects/%d7%97%d7%99%d7%99%d7%9d-%d7%97%d7%91%d7%99%d7%91-1/,2026-08-28T14:34:01+00:00
nadlan_project-sitemap2.xml,https://nad-lan.co.il/projects/%d7%9e%d7%aa%d7%97%d7%9d-22-%d7%93%d7%a8%d7%95%d7%9d-%d7%a8%d7%95%d7%98%d7%a9%d7%99%d7%9c%d7%93-%d7%9c%d7%99%d7%9f-%d7%a9%d7%93-%d7%a8%d7%95%d7%98%d7%a9%d7%99%d7%9c%d7%93-21-33/,2026-08-28T14:37:08+00:00
nadlan_project-sitemap2.xml,https://nad-lan.co.il/projects/%d7%9e%d7%aa%d7%97%d7%9d-%d7%a8%d7%99%d7%99%d7%a0%d7%a1/,2026-08-28T14:38:31+00:00
nadlan_project-sitemap2.xml,https://nad-lan.co.il/projects/%d7%9e%d7%aa%d7%97%d7%9d-%d7%99%d7%a8%d7%95%d7%a9%d7%9c%d7%99%d7%9d/,2026-08-28T14:39:12+00:00
nadlan_project-sitemap2.xml,https://nad-lan.co.il/projects/%d7%a0%d7%97%d7%9c-%d7%94%d7%91%d7%a9%d7%95%d7%a8/,2026-08-28T14:39:51+00:00
nadlan_project-sitemap2.xml,https://nad-lan.co.il/projects/%d7%9e%d7%aa%d7%97%d7%9d-7-%d7%95%d7%a8%d7%91%d7%a8/,2026-08-28T14:40:40+00:00
nadlan_project-sitemap2.xml,https://nad-lan.co.il/projects/%d7%91%d7%99%d7%aa-%d7%94%d7%a2%d7%a8%d7%91%d7%94-22-24/,2026-08-28T14:41:18+00:00
nadlan_project-sitemap2.xml,https://nad-lan.co.il/projects/six-8-herbert-samuel-tel-aviv/,2026-08-31T12:37:44+00:00
nadlan_project-sitemap2.xml,https://nad-lan.co.il/projects/aurelia/,2026-09-02T22:21:10+00:00
nadlan_project-sitemap2.xml,https://nad-lan.co.il/projects/rainbow-tel-aviv-fr/,2026-09-24T12:04:09+00:00
nadlan_project-sitemap2.xml,https://nad-lan.co.il/projects/rainbow-tel-aviv-ru/,2026-09-24T12:04:10+00:00
nadlan_project-sitemap2.xml,https://nad-lan.co.il/projects/rainbow-tel-aviv-ar/,2026-09-24T12:04:11+00:00
nadlan_project-sitemap2.xml,https://nad-lan.co.il/projects/rainbow-tel-aviv/,2026-09-27T21:40:32+00:00
nadlan_project-sitemap2.xml,https://nad-lan.co.il/projects/h-infinity-somail-tel-aviv/,2026-09-28T07:34:51+00:00
nadlan_project-sitemap2.xml,https://nad-lan.co.il/projects/dimri-yama-sde-dov/,2026-09-28T09:54:46+00:00
nadlan_project-sitemap2.xml,https://nad-lan.co.il/projects/duo-tel-aviv/,2026-09-28T11:12:12+00:00
nadlan_project-sitemap2.xml,https://nad-lan.co.il/projects/duo-tel-aviv-en/,2026-09-28T11:14:45+00:00
nadlan_project-sitemap2.xml,https://nad-lan.co.il/projects/duo-tel-aviv-fr/,2026-09-28T11:14:49+00:00
nadlan_project-sitemap2.xml,https://nad-lan.co.il/projects/duo-tel-aviv-ru/,2026-09-28T11:14:52+00:00
nadlan_project-sitemap2.xml,https://nad-lan.co.il/projects/duo-tel-aviv-ar/,2026-09-28T11:14:56+00:00
nadlan_project-sitemap2.xml,https://nad-lan.co.il/projects/hamedina/,2026-10-02T22:25:45+00:00
nadlan_project-sitemap2.xml,https://nad-lan.co.il/projects/hamedina-en/,2026-10-02T22:25:47+00:00
nadlan_project-sitemap2.xml,https://nad-lan.co.il/projects/hamedina-fr/,2026-10-02T22:25:48+00:00
nadlan_project-sitemap2.xml,https://nad-lan.co.il/projects/hamedina-ru/,2026-10-02T22:25:50+00:00
nadlan_project-sitemap2.xml,https://nad-lan.co.il/projects/hamedina-ar/,2026-10-02T22:25:52+00:00
nadlan_professional-sitemap.xml,https://nad-lan.co.il/professionals/,2026-09-24T12:15:01+00:00
nadlan_professional-sitemap.xml,https://nad-lan.co.il/professionals/%d7%a0%d7%99%d7%a0%d7%94-%d7%9e%d7%a8%d7%92%d7%9c%d7%99%d7%aa/,2026-06-01T18:32:29+00:00
nadlan_professional-sitemap.xml,https://nad-lan.co.il/professionals/%d7%a8%d7%95%d7%91%d7%99%d7%9f-%d7%90%d7%91%d7%a8%d7%94%d7%9d/,2026-06-01T18:41:20+00:00
nadlan_professional-sitemap.xml,https://nad-lan.co.il/professionals/%d7%a9%d7%a8%d7%99%d7%9d-%d7%93%d7%95%d7%93/,2026-06-01T18:41:21+00:00
nadlan_professional-sitemap.xml,https://nad-lan.co.il/professionals/%d7%a7%d7%95%d7%98%d7%9c%d7%a8-%d7%a9%d7%9c%d7%9e%d7%94/,2026-06-01T18:41:22+00:00
nadlan_professional-sitemap.xml,https://nad-lan.co.il/professionals/%d7%90%d7%9c%d7%a7%d7%9c%d7%a2%d7%99-%d7%90%d7%94%d7%a8%d7%95%d7%9f/,2026-06-01T18:41:23+00:00
nadlan_professional-sitemap.xml,https://nad-lan.co.il/professionals/%d7%a7%d7%9c%d7%95%d7%92%d7%a8-%d7%9e%d7%a9%d7%94/,2026-06-01T18:41:24+00:00
nadlan_professional-sitemap.xml,https://nad-lan.co.il/professionals/%d7%a9%d7%97%d7%a8-%d7%9e%d7%90%d7%99%d7%a8/,2026-06-01T18:41:25+00:00
nadlan_professional-sitemap.xml,https://nad-lan.co.il/professionals/%d7%9c%d7%95%d7%99-%d7%90%d7%91%d7%a0%d7%a8/,2026-06-01T18:41:27+00:00
nadlan_professional-sitemap.xml,https://nad-lan.co.il/professionals/%d7%90%d7%99%d7%9c%d7%95%d7%9f-%d7%90%d7%91%d7%98%d7%9c%d7%99%d7%95%d7%9f/,2026-06-01T18:41:28+00:00
nadlan_professional-sitemap.xml,https://nad-lan.co.il/professionals/%d7%a0%d7%91%d7%95%d7%9f-%d7%a9%d7%9e%d7%a2%d7%95%d7%9f/,2026-06-01T18:41:29+00:00
nadlan_professional-sitemap.xml,https://nad-lan.co.il/professionals/%d7%9b%d7%a8%d7%9e%d7%9c-%d7%90%d7%94%d7%95%d7%93/,2026-06-01T18:41:30+00:00
nadlan_professional-sitemap.xml,https://nad-lan.co.il/professionals/%d7%98%d7%95%d7%91%d7%99-%d7%90%d7%91%d7%99%d7%94%d7%95/,2026-06-01T18:41:31+00:00
nadlan_professional-sitemap.xml,https://nad-lan.co.il/professionals/%d7%9e%d7%96%d7%a8%d7%97%d7%99-%d7%97%d7%99%d7%99%d7%9d/,2026-06-01T18:41:32+00:00
nadlan_professional-sitemap.xml,https://nad-lan.co.il/professionals/%d7%99%d7%a9%d7%a8%d7%90%d7%9c-%d7%99%d7%95%d7%90%d7%9c/,2026-06-01T18:41:34+00:00
nadlan_professional-sitemap.xml,https://nad-lan.co.il/professionals/%d7%9b%d7%94%d7%9f-%d7%9e%d7%a0%d7%a9%d7%94/,2026-06-01T18:41:35+00:00
nadlan_professional-sitemap.xml,https://nad-lan.co.il/professionals/%d7%9c%d7%99%d7%a4%d7%a9%d7%99%d7%a5-%d7%a0%d7%aa%d7%9f-%d7%a0%d7%98%d7%a2/,2026-06-01T18:41:36+00:00
nadlan_professional-sitemap.xml,https://nad-lan.co.il/professionals/%d7%9b%d7%94%d7%9f-%d7%99%d7%a9%d7%a2%d7%99%d7%94%d7%95/,2026-06-01T18:41:37+00:00
nadlan_professional-sitemap.xml,https://nad-lan.co.il/professionals/%d7%90%d7%91%d7%99%d7%a8%d7%9d-%d7%92%d7%91%d7%a8%d7%99%d7%90%d7%9c/,2026-06-01T18:41:38+00:00
nadlan_professional-sitemap.xml,https://nad-lan.co.il/professionals/%d7%93%d7%a8%d7%95%d7%a8%d7%99-%d7%a9%d7%9c%d7%95%d7%9d/,2026-06-01T18:41:39+00:00
nadlan_professional-sitemap.xml,https://nad-lan.co.il/professionals/%d7%a2%d7%96%d7%a8%d7%90-%d7%91%d7%a8%d7%95%d7%9a/,2026-06-01T18:41:40+00:00
nadlan_professional-sitemap.xml,https://nad-lan.co.il/professionals/%d7%a1%d7%92%d7%95%d7%9c%d7%99-%d7%90%d7%91%d7%a8%d7%94%d7%9d/,2026-06-01T18:41:41+00:00
nadlan_professional-sitemap.xml,https://nad-lan.co.il/professionals/%d7%91%d7%a8%d7%a7%d7%90%d7%99-%d7%a0%d7%99%d7%a1%d7%9f/,2026-06-01T18:41:42+00:00
nadlan_professional-sitemap.xml,https://nad-lan.co.il/professionals/%d7%a9%d7%a9%d7%99-%d7%a2%d7%9e%d7%95%d7%a1/,2026-06-01T18:41:44+00:00
nadlan_professional-sitemap.xml,https://nad-lan.co.il/professionals/%d7%a1%d7%9c%d7%a0%d7%a1%d7%a7%d7%99-%d7%a8%d7%9e%d7%99/,2026-06-01T18:41:45+00:00
nadlan_professional-sitemap.xml,https://nad-lan.co.il/professionals/%d7%a8%d7%96-%d7%a8%d7%9e%d7%99/,2026-06-01T18:41:46+00:00
nadlan_professional-sitemap.xml,https://nad-lan.co.il/professionals/%d7%a4%d7%a0%d7%97%d7%a1%d7%99-%d7%99%d7%94%d7%95%d7%93%d7%94/,2026-06-01T18:41:47+00:00
nadlan_professional-sitemap.xml,https://nad-lan.co.il/professionals/%d7%a7%d7%a9%d7%98%d7%9f-%d7%99%d7%94%d7%95%d7%93%d7%94/,2026-06-01T18:41:48+00:00
nadlan_professional-sitemap.xml,https://nad-lan.co.il/professionals/%d7%92%d7%a8%d7%95%d7%a1-%d7%99%d7%a6%d7%97%d7%a7/,2026-06-01T18:41:48+00:00
nadlan_professional-sitemap.xml,https://nad-lan.co.il/professionals/%d7%9b%d7%a5-%d7%90%d7%a8%d7%99%d7%94/,2026-06-01T18:41:49+00:00
nadlan_professional-sitemap.xml,https://nad-lan.co.il/professionals/%d7%90%d7%93%d7%99%d7%91-%d7%99%d7%a2%d7%a7%d7%91/,2026-06-01T18:41:50+00:00
nadlan_professional-sitemap.xml,https://nad-lan.co.il/professionals/%d7%94%d7%9c%d7%9e%d7%9f-%d7%99%d7%92%d7%90%d7%9c/,2026-06-01T18:41:50+00:00
nadlan_professional-sitemap.xml,https://nad-lan.co.il/professionals/%d7%a7%d7%9c%d7%99%d7%a8-%d7%92%d7%93/,2026-06-01T18:41:51+00:00
nadlan_professional-sitemap.xml,https://nad-lan.co.il/professionals/%d7%90%d7%95%d7%a4%d7%a7-%d7%a9%d7%9c%d7%9e%d7%94/,2026-06-01T18:41:52+00:00
nadlan_professional-sitemap.xml,https://nad-lan.co.il/professionals/%d7%96%d7%9c%d7%95%d7%98%d7%95%d7%9c%d7%95%d7%91-%d7%9e%d7%a9%d7%94/,2026-06-01T18:41:53+00:00
nadlan_professional-sitemap.xml,https://nad-lan.co.il/professionals/%d7%9e%d7%a0%d7%93%d7%9c%d7%91%d7%a8%d7%92-%d7%99%d7%95%d7%a1%d7%a3/,2026-06-01T18:41:53+00:00
nadlan_professional-sitemap.xml,https://nad-lan.co.il/professionals/%d7%93%d7%a8%d7%95%d7%a8-%d7%99%d7%a2%d7%a7%d7%91/,2026-06-01T18:41:54+00:00
nadlan_professional-sitemap.xml,https://nad-lan.co.il/professionals/%d7%9e%d7%9c%d7%a8-%d7%90%d7%a4%d7%a8%d7%99%d7%9d/,2026-06-01T18:41:55+00:00
nadlan_professional-sitemap.xml,https://nad-lan.co.il/professionals/%d7%90%d7%99%d7%96%d7%95-%d7%99%d7%a2%d7%a7%d7%91/,2026-06-01T18:41:56+00:00
nadlan_professional-sitemap.xml,https://nad-lan.co.il/professionals/%d7%92%d7%9c%d7%a2%d7%93-%d7%90%d7%91%d7%a0%d7%a8/,2026-06-01T18:41:57+00:00
nadlan_professional-sitemap.xml,https://nad-lan.co.il/professionals/%d7%93%d7%95%d7%a8%d7%a4%d7%91%d7%a8%d7%92%d7%a8-%d7%a9%d7%9c%d7%9e%d7%94/,2026-06-01T18:41:58+00:00
nadlan_professional-sitemap.xml,https://nad-lan.co.il/professionals/%d7%98%d7%95%d7%a8%d7%9d-%d7%90%d7%91%d7%a0%d7%a8/,2026-06-01T18:41:58+00:00
nadlan_professional-sitemap.xml,https://nad-lan.co.il/professionals/%d7%93%d7%93%d7%95%d7%a9-%d7%99%d7%a6%d7%97%d7%a7/,2026-06-01T18:41:59+00:00
nadlan_professional-sitemap.xml,https://nad-lan.co.il/professionals/%d7%90%d7%94%d7%a8%d7%95%d7%a0%d7%a1%d7%99-%d7%a9%d7%9c%d7%9e%d7%94/,2026-06-01T18:42:00+00:00
nadlan_professional-sitemap.xml,https://nad-lan.co.il/professionals/%d7%a8%d7%a7%d7%95%d7%91%d7%a1%d7%a7%d7%99-%d7%a0%d7%97%d7%95%d7%9d/,2026-06-01T18:42:02+00:00
nadlan_professional-sitemap.xml,https://nad-lan.co.il/professionals/%d7%90%d7%91%d7%a8%d7%9e%d7%95%d7%91%d7%99%d7%a5-%d7%9c%d7%95%d7%90%d7%99%d7%a1/,2026-06-01T18:42:03+00:00
nadlan_professional-sitemap.xml,https://nad-lan.co.il/professionals/%d7%a9%d7%9e%d7%99-%d7%97%d7%99%d7%99%d7%9d/,2026-06-01T18:42:04+00:00
nadlan_professional-sitemap.xml,https://nad-lan.co.il/professionals/%d7%a2%d7%93%d7%99%d7%a7%d7%90-%d7%99%d7%a6%d7%97%d7%a7/,2026-06-01T18:42:05+00:00
nadlan_professional-sitemap.xml,https://nad-lan.co.il/professionals/%d7%a4%d7%a8%d7%97-%d7%91%d7%9f-%d7%a6%d7%99%d7%95%d7%9f/,2026-06-01T18:42:06+00:00
nadlan_professional-sitemap.xml,https://nad-lan.co.il/professionals/%d7%92%d7%a4%d7%9f-%d7%99%d7%a2%d7%a7%d7%91/,2026-06-01T18:42:07+00:00
nadlan_professional-sitemap.xml,https://nad-lan.co.il/professionals/%d7%92%d7%a8%d7%99%d7%9f-%d7%90%d7%a9%d7%a8/,2026-06-01T18:42:08+00:00
nadlan_professional-sitemap.xml,https://nad-lan.co.il/professionals/%d7%9e%d7%90%d7%99%d7%a8-%d7%9e%d7%a0%d7%97%d7%9d/,2026-06-01T18:42:09+00:00
nadlan_professional-sitemap.xml,https://nad-lan.co.il/professionals/%d7%a8%d7%95%d7%96%d7%a0%d7%a8-%d7%99%d7%a6%d7%97%d7%a7/,2026-06-01T18:42:10+00:00
nadlan_professional-sitemap.xml,https://nad-lan.co.il/professionals/%d7%a9%d7%98%d7%a8%d7%9f-%d7%93%d7%91/,2026-06-01T18:42:11+00:00
nadlan_professional-sitemap.xml,https://nad-lan.co.il/professionals/%d7%90%d7%a9%d7%9c-%d7%9e%d7%a8%d7%93%d7%9b%d7%99/,2026-06-01T18:42:13+00:00
nadlan_professional-sitemap.xml,https://nad-lan.co.il/professionals/%d7%99%d7%a0%d7%90%d7%99-%d7%97%d7%a0%d7%9f/,2026-06-01T18:42:14+00:00
nadlan_professional-sitemap.xml,https://nad-lan.co.il/professionals/%d7%a0%d7%97%d7%95%d7%9d-%d7%93%d7%9f/,2026-06-01T18:42:15+00:00
nadlan_professional-sitemap.xml,https://nad-lan.co.il/professionals/%d7%97%d7%9c%d7%95%d7%94-%d7%90%d7%94%d7%a8%d7%95%d7%9f/,2026-06-01T18:42:16+00:00
nadlan_professional-sitemap.xml,https://nad-lan.co.il/professionals/%d7%a9%d7%95%d7%94%d7%9d-%d7%92%d7%91%d7%a8%d7%99%d7%90%d7%9c-%d7%a2%d7%96%d7%a8%d7%99%d7%90%d7%9c/,2026-06-01T18:42:17+00:00
nadlan_professional-sitemap.xml,https://nad-lan.co.il/professionals/%d7%a9%d7%9e%d7%a2%d7%95%d7%a0%d7%99-%d7%a0%d7%99%d7%a1%d7%99%d7%9d/,2026-06-01T18:42:18+00:00
nadlan_professional-sitemap.xml,https://nad-lan.co.il/professionals/%d7%a1%d7%91%d7%9f-%d7%a9%d7%9e%d7%a2%d7%95%d7%9f/,2026-06-01T18:42:19+00:00
nadlan_professional-sitemap.xml,https://nad-lan.co.il/professionals/%d7%90%d7%a4%d7%a8%d7%99%d7%95%d7%9f-%d7%99%d7%a2%d7%a7%d7%91/,2026-06-01T18:42:20+00:00
nadlan_professional-sitemap.xml,https://nad-lan.co.il/professionals/%d7%93%d7%94%d7%a8%d7%99-%d7%99%d7%a9%d7%a8%d7%90%d7%9c/,2026-06-01T18:42:21+00:00
nadlan_professional-sitemap.xml,https://nad-lan.co.il/professionals/%d7%96%d7%99%d7%95-%d7%90%d7%95%d7%9f-%d7%99%d7%94%d7%95%d7%93%d7%94/,2026-06-01T18:42:22+00:00
nadlan_professional-sitemap.xml,https://nad-lan.co.il/professionals/%d7%a9%d7%a8%d7%a2%d7%91%d7%99-%d7%9c%d7%91%d7%a0%d7%95%d7%9f/,2026-06-01T18:42:24+00:00
nadlan_professional-sitemap.xml,https://nad-lan.co.il/professionals/%d7%a9%d7%9e%d7%97%d7%99-%d7%90%d7%91%d7%99%d7%97%d7%99/,2026-06-01T18:42:25+00:00
nadlan_professional-sitemap.xml,https://nad-lan.co.il/professionals/%d7%90%d7%9c%d7%95%d7%9f-%d7%99%d7%92%d7%90%d7%9c/,2026-06-01T18:42:26+00:00
nadlan_professional-sitemap.xml,https://nad-lan.co.il/professionals/%d7%9e%d7%a0%d7%93%d7%9c%d7%91%d7%a8%d7%92-%d7%99%d7%a6%d7%97%d7%a7/,2026-06-01T18:42:27+00:00
nadlan_professional-sitemap.xml,https://nad-lan.co.il/professionals/%d7%90%d7%93%d7%a8-%d7%99%d7%a6%d7%97%d7%a7/,2026-06-01T18:42:28+00:00
nadlan_professional-sitemap.xml,https://nad-lan.co.il/professionals/%d7%94%d7%a8%d7%a8%d7%99-%d7%a0%d7%a2%d7%9d/,2026-06-01T18:42:29+00:00
nadlan_professional-sitemap.xml,https://nad-lan.co.il/professionals/%d7%a9%d7%a8%d7%a2%d7%91%d7%99-%d7%9e%d7%a0%d7%a9%d7%94/,2026-06-01T18:42:31+00:00
nadlan_professional-sitemap.xml,https://nad-lan.co.il/professionals/%d7%94%d7%93%d7%93%d7%99-%d7%93%d7%95%d7%93/,2026-06-01T18:42:32+00:00
nadlan_professional-sitemap.xml,https://nad-lan.co.il/professionals/%d7%97%d7%99%d7%99%d7%9e%d7%95%d7%91%d7%a1%d7%a7%d7%99-%d7%93%d7%91/,2026-06-01T18:42:33+00:00
nadlan_professional-sitemap.xml,https://nad-lan.co.il/professionals/%d7%92%d7%a8%d7%99%d7%a0%d7%a4%d7%9c%d7%93-%d7%99%d7%a9%d7%a8%d7%90%d7%9c/,2026-06-01T18:42:34+00:00
nadlan_professional-sitemap.xml,https://nad-lan.co.il/professionals/%d7%a0%d7%aa%d7%99%d7%91-%d7%90%d7%91%d7%a8%d7%94%d7%9d/,2026-06-01T18:42:35+00:00
nadlan_professional-sitemap.xml,https://nad-lan.co.il/professionals/%d7%9c%d7%95%d7%99%d7%a0%d7%a9%d7%98%d7%99%d7%99%d7%9f-%d7%a8%d7%95%d7%9f/,2026-06-01T18:42:36+00:00
nadlan_professional-sitemap.xml,https://nad-lan.co.il/professionals/%d7%91%d7%99%d7%a1%d7%98%d7%a8%d7%99-%d7%9e%d7%a9%d7%94/,2026-06-01T18:42:37+00:00
nadlan_professional-sitemap.xml,https://nad-lan.co.il/professionals/%d7%9e%d7%95%d7%a9%d7%a0%d7%95%d7%91-%d7%99%d7%a6%d7%97%d7%a7/,2026-06-01T18:42:38+00:00
nadlan_professional-sitemap.xml,https://nad-lan.co.il/professionals/%d7%91%d7%9f-%d7%a2%d7%96%d7%a8%d7%99-%d7%99%d7%95%d7%a1%d7%a3/,2026-06-01T18:42:40+00:00
nadlan_professional-sitemap.xml,https://nad-lan.co.il/professionals/%d7%9e%d7%95%d7%93%d7%99%d7%90%d7%a0%d7%95-%d7%99%d7%a6%d7%97%d7%a7/,2026-06-01T18:42:41+00:00
nadlan_professional-sitemap.xml,https://nad-lan.co.il/professionals/%d7%9b%d7%94%d7%9f-%d7%90%d7%a8%d7%99%d7%94-%d7%91%d7%a0%d7%99%d7%9e%d7%99%d7%9f/,2026-06-01T18:42:42+00:00
nadlan_professional-sitemap.xml,https://nad-lan.co.il/professionals/%d7%a2%d7%99%d7%a9%d7%94-%d7%99%d7%97%d7%96%d7%a7%d7%90%d7%9c/,2026-06-01T18:42:43+00:00
nadlan_professional-sitemap.xml,https://nad-lan.co.il/professionals/%d7%91%d7%a0%d7%99%d7%9e%d7%99%d7%a0%d7%99-%d7%a6%d7%91%d7%99/,2026-06-01T18:42:44+00:00
nadlan_professional-sitemap.xml,https://nad-lan.co.il/professionals/%d7%92%d7%a0%d7%99%d7%a0%d7%99-%d7%90%d7%9c%d7%99%d7%94%d7%95/,2026-06-01T18:42:44+00:00
nadlan_professional-sitemap.xml,https://nad-lan.co.il/professionals/%d7%90%d7%9c%d7%95%d7%9f-%d7%99%d7%95%d7%a1%d7%a3/,2026-06-01T18:42:45+00:00
nadlan_professional-sitemap.xml,https://nad-lan.co.il/professionals/%d7%a7%d7%99%d7%93%d7%a8-%d7%96%d7%90%d7%91/,2026-06-01T18:42:46+00:00
nadlan_professional-sitemap.xml,https://nad-lan.co.il/professionals/%d7%99%d7%a1%d7%a2%d7%95%d7%a8-%d7%92%d7%93%d7%99/,2026-06-01T18:42:47+00:00
nadlan_professional-sitemap.xml,https://nad-lan.co.il/professionals/%d7%91%d7%9f-%d7%a2%d7%96%d7%a8%d7%90-%d7%a2%d7%96%d7%a8%d7%90/,2026-06-01T18:42:48+00:00
nadlan_professional-sitemap.xml,https://nad-lan.co.il/professionals/%d7%91%d7%96%d7%a8%d7%a0%d7%95-%d7%a0%d7%99%d7%a1%d7%99%d7%9d/,2026-06-01T18:42:48+00:00
nadlan_professional-sitemap.xml,https://nad-lan.co.il/professionals/%d7%92%d7%93%d7%a1%d7%99-%d7%a2%d7%9e%d7%99%d7%90%d7%9c/,2026-06-01T18:42:49+00:00
nadlan_professional-sitemap.xml,https://nad-lan.co.il/professionals/%d7%9e%d7%a7%d7%99%d7%99%d7%98%d7%9f-%d7%a9%d7%9e%d7%a9%d7%95%d7%9f/,2026-06-01T18:42:50+00:00
nadlan_professional-sitemap.xml,https://nad-lan.co.il/professionals/%d7%9e%d7%a1%d7%95%d7%a8%d7%99-%d7%a9%d7%9e%d7%a9%d7%95%d7%9f/,2026-06-01T18:42:51+00:00
nadlan_professional-sitemap.xml,https://nad-lan.co.il/professionals/%d7%97%d7%9e%d7%9e%d7%99-%d7%a2%d7%96%d7%a8%d7%90/,2026-06-01T18:42:51+00:00
nadlan_professional-sitemap.xml,https://nad-lan.co.il/professionals/%d7%97%d7%9e%d7%9e%d7%99-%d7%a9%d7%9c%d7%9e%d7%94/,2026-06-01T18:42:52+00:00
nadlan_professional-sitemap.xml,https://nad-lan.co.il/professionals/%d7%9c%d7%90%d7%95%d7%a4%d7%a8-%d7%90%d7%91%d7%99/,2026-06-01T18:42:53+00:00
nadlan_professional-sitemap.xml,https://nad-lan.co.il/professionals/%d7%a6%d7%95%d7%9e%d7%9f-%d7%99%d7%93%d7%99%d7%93%d7%99%d7%94/,2026-06-01T18:42:54+00:00
nadlan_professional-sitemap.xml,https://nad-lan.co.il/professionals/%d7%92%d7%99%d7%a0%d7%93%d7%99-%d7%9e%d7%a9%d7%94/,2026-06-01T18:42:55+00:00
nadlan_professional-sitemap.xml,https://nad-lan.co.il/professionals/%d7%9b%d7%93%d7%a8-%d7%99%d7%95%d7%a8%d7%9d/,2026-06-01T18:42:56+00:00
nadlan_professional-sitemap.xml,https://nad-lan.co.il/professionals/%d7%9e%d7%95%d7%a1%d7%90%d7%9c-%d7%93%d7%95%d7%93/,2026-06-01T18:42:57+00:00
nadlan_professional-sitemap.xml,https://nad-lan.co.il/professionals/%d7%9e%d7%93%d7%9e%d7%95%d7%a0%d7%99-%d7%a9%d7%9c%d7%95%d7%9d/,2026-06-01T18:42:57+00:00
nadlan_professional-sitemap.xml,https://nad-lan.co.il/professionals/%d7%a0%d7%92%d7%a8-%d7%a6%d7%99%d7%95%d7%9f/,2026-06-01T18:43:00+00:00
nadlan_professional-sitemap.xml,https://nad-lan.co.il/professionals/%d7%a1%d7%99%d7%a0%d7%95%d7%90%d7%a0%d7%99-%d7%93%d7%a0%d7%99%d7%90%d7%9c/,2026-06-01T18:43:02+00:00
nadlan_professional-sitemap.xml,https://nad-lan.co.il/professionals/%d7%a4%d7%95%d7%9c%d7%a7-%d7%9e%d7%a9%d7%94/,2026-06-01T18:43:03+00:00
nadlan_professional-sitemap.xml,https://nad-lan.co.il/professionals/%d7%92%d7%95%d7%9c%d7%99%d7%91%d7%a8%d7%95%d7%93%d7%94-%d7%93%d7%95%d7%93/,2026-06-01T18:43:05+00:00
nadlan_professional-sitemap.xml,https://nad-lan.co.il/professionals/%d7%a0%d7%aa%d7%99%d7%91-%d7%90%d7%91%d7%a8%d7%94%d7%9d-2/,2026-06-01T18:43:06+00:00
nadlan_professional-sitemap.xml,https://nad-lan.co.il/professionals/%d7%a4%d7%a8%d7%a1%d7%99%d7%a7%d7%95-%d7%90%d7%94%d7%a8%d7%95%d7%9f/,2026-06-01T18:43:07+00:00
nadlan_professional-sitemap.xml,https://nad-lan.co.il/professionals/%d7%a8%d7%95%d7%96%d7%a0%d7%a8-%d7%93%d7%95%d7%93/,2026-06-01T18:43:08+00:00
nadlan_professional-sitemap.xml,https://nad-lan.co.il/professionals/%d7%90%d7%a8%d7%91%d7%9c-%d7%99%d7%a2%d7%a7%d7%91/,2026-06-01T18:43:09+00:00
nadlan_professional-sitemap.xml,https://nad-lan.co.il/professionals/%d7%a9%d7%95%d7%a8%d7%a5-%d7%a1%d7%a8%d7%92%d7%99/,2026-06-01T18:43:10+00:00
nadlan_professional-sitemap.xml,https://nad-lan.co.il/professionals/%d7%96%d7%90%d7%91%d7%99-%d7%90%d7%9e%d7%a0%d7%95%d7%9f/,2026-06-01T18:43:11+00:00
nadlan_professional-sitemap.xml,https://nad-lan.co.il/professionals/%d7%a9%d7%a8%d7%95%d7%9f-%d7%9e%d7%90%d7%99%d7%a8/,2026-06-01T18:43:12+00:00
nadlan_professional-sitemap.xml,https://nad-lan.co.il/professionals/%d7%a1%d7%99%d7%90%d7%a0%d7%99-%d7%99%d7%90%d7%99%d7%a8/,2026-06-01T18:43:14+00:00
nadlan_professional-sitemap.xml,https://nad-lan.co.il/professionals/%d7%9b%d7%94%d7%9f-%d7%a0%d7%99%d7%a1%d7%99%d7%9d/,2026-06-01T18:43:15+00:00
nadlan_professional-sitemap.xml,https://nad-lan.co.il/professionals/%d7%92%d7%93%d7%9c%d7%99%d7%94%d7%95-%d7%90%d7%9c%d7%99%d7%94%d7%95/,2026-06-01T18:43:16+00:00
nadlan_professional-sitemap.xml,https://nad-lan.co.il/professionals/%d7%9e%d7%9b%d7%9c%d7%95%d7%a3-%d7%a4%d7%a0%d7%97%d7%a1/,2026-06-01T18:43:17+00:00
nadlan_professional-sitemap.xml,https://nad-lan.co.il/professionals/%d7%92%d7%95%d7%9c%d7%a0%d7%99-%d7%97%d7%99%d7%99%d7%9d/,2026-06-01T18:43:18+00:00
nadlan_professional-sitemap.xml,https://nad-lan.co.il/professionals/%d7%93%d7%9f-%d7%a9%d7%9e%d7%95%d7%90%d7%9c/,2026-06-01T18:43:19+00:00
nadlan_professional-sitemap.xml,https://nad-lan.co.il/professionals/%d7%97%d7%9f-%d7%99%d7%a6%d7%97%d7%a7/,2026-06-01T18:43:20+00:00
nadlan_professional-sitemap.xml,https://nad-lan.co.il/professionals/%d7%97%d7%91%d7%99%d7%91-%d7%a9%d7%9c%d7%9e%d7%94/,2026-06-01T18:43:21+00:00
nadlan_professional-sitemap.xml,https://nad-lan.co.il/professionals/%d7%9c%d7%99%d7%90%d7%a0%d7%99-%d7%9e%d7%90%d7%99%d7%a8/,2026-06-01T18:43:23+00:00
nadlan_professional-sitemap.xml,https://nad-lan.co.il/professionals/%d7%97%d7%99%d7%99%d7%98-%d7%a9%d7%9c%d7%9e%d7%94/,2026-06-01T18:43:24+00:00
nadlan_professional-sitemap.xml,https://nad-lan.co.il/professionals/%d7%98%d7%a8%d7%91%d7%9c%d7%a1%d7%99-%d7%a0%d7%99%d7%a1%d7%99%d7%9d/,2026-06-01T18:43:25+00:00
nadlan_professional-sitemap.xml,https://nad-lan.co.il/professionals/%d7%91%d7%95%d7%a7%d7%a8%d7%90-%d7%91%d7%a0%d7%99%d7%9e%d7%99%d7%9f/,2026-06-01T18:43:26+00:00
nadlan_professional-sitemap.xml,https://nad-lan.co.il/professionals/%d7%9e%d7%a8%d7%9b%d7%a1-%d7%92%d7%91%d7%a8%d7%99%d7%90%d7%9c/,2026-06-01T18:43:28+00:00
nadlan_professional-sitemap.xml,https://nad-lan.co.il/professionals/%d7%90%d7%94%d7%a8%d7%95%d7%9f-%d7%a9%d7%9e%d7%95%d7%90%d7%9c/,2026-06-01T18:43:29+00:00
nadlan_professional-sitemap.xml,https://nad-lan.co.il/professionals/%d7%a8%d7%96-%d7%99%d7%95%d7%a8%d7%9d/,2026-06-01T18:43:30+00:00
nadlan_professional-sitemap.xml,https://nad-lan.co.il/professionals/%d7%a4%d7%a8%d7%99%d7%96-%d7%a6%d7%95%d7%a8%d7%99/,2026-06-01T18:43:31+00:00
nadlan_professional-sitemap.xml,https://nad-lan.co.il/professionals/%d7%a4%d7%a8%d7%92-%d7%90%d7%91%d7%a8%d7%94%d7%9d/,2026-06-01T18:43:32+00:00
nadlan_professional-sitemap.xml,https://nad-lan.co.il/professionals/%d7%9c%d7%95%d7%99-%d7%a4%d7%a0%d7%99-%d7%95%d7%90%d7%91%d7%99/,2026-06-01T18:43:34+00:00
nadlan_professional-sitemap.xml,https://nad-lan.co.il/professionals/%d7%a7%d7%95%d7%9c%d7%9e%d7%9f-%d7%a2%d7%9e%d7%95%d7%a1/,2026-06-01T18:43:35+00:00
nadlan_professional-sitemap.xml,https://nad-lan.co.il/professionals/%d7%90%d7%95%d7%a4%d7%99%d7%a8-%d7%a9%d7%9e%d7%a2%d7%95%d7%9f/,2026-06-01T18:43:36+00:00
nadlan_professional-sitemap.xml,https://nad-lan.co.il/professionals/%d7%96%d7%99%d7%9c%d7%91%d7%a8%d7%9e%d7%9f-%d7%99%d7%a6%d7%97%d7%a7/,2026-06-01T18:43:37+00:00
nadlan_professional-sitemap.xml,https://nad-lan.co.il/professionals/%d7%91%d7%95%d7%a8%d7%a9%d7%98%d7%99%d7%9f-%d7%99%d7%a2%d7%a7%d7%91/,2026-06-01T18:43:38+00:00
nadlan_professional-sitemap.xml,https://nad-lan.co.il/professionals/%d7%92%d7%99%d7%9c-%d7%91%d7%a8-%d7%a2%d7%9c%d7%99/,2026-06-01T18:43:39+00:00
nadlan_professional-sitemap.xml,https://nad-lan.co.il/professionals/%d7%a1%d7%98%d7%95%d7%9c%d7%a8-%d7%9e%d7%a9%d7%94/,2026-06-01T18:43:40+00:00
nadlan_professional-sitemap.xml,https://nad-lan.co.il/professionals/%d7%a6%d7%a8%d7%a4%d7%aa%d7%99-%d7%95%d7%99%d7%a7%d7%98%d7%95%d7%a8/,2026-06-01T18:43:41+00:00
nadlan_professional-sitemap.xml,https://nad-lan.co.il/professionals/%d7%95%d7%a8%d7%93-%d7%9e%d7%a8%d7%93%d7%9b%d7%99/,2026-06-01T18:43:42+00:00
nadlan_professional-sitemap.xml,https://nad-lan.co.il/professionals/%d7%91%d7%9f-%d7%91%d7%a1%d7%98-%d7%a9%d7%91%d7%aa%d7%90%d7%99/,2026-06-01T18:43:43+00:00
nadlan_professional-sitemap.xml,https://nad-lan.co.il/professionals/%d7%9e%d7%a8%d7%92%d7%9c%d7%99%d7%aa-%d7%90%d7%a4%d7%a8%d7%99%d7%9d/,2026-06-01T18:43:43+00:00
nadlan_professional-sitemap.xml,https://nad-lan.co.il/professionals/%d7%96%d7%95%d7%96%d7%95%d7%91%d7%a1%d7%a7%d7%99-%d7%9e%d7%a8%d7%93%d7%9b%d7%99/,2026-06-01T18:43:44+00:00
nadlan_professional-sitemap.xml,https://nad-lan.co.il/professionals/%d7%a9%d7%99-%d7%a9%d7%a8%d7%92%d7%90/,2026-06-01T18:43:45+00:00
nadlan_professional-sitemap.xml,https://nad-lan.co.il/professionals/%d7%92%d7%a8%d7%99%d7%99%d7%93%d7%99-%d7%9e%d7%99%d7%9b%d7%90%d7%9c/,2026-06-01T18:43:46+00:00
nadlan_professional-sitemap.xml,https://nad-lan.co.il/professionals/%d7%a9%d7%95%d7%a8%d7%a5-%d7%93%d7%91/,2026-06-01T18:43:47+00:00
nadlan_professional-sitemap.xml,https://nad-lan.co.il/professionals/%d7%97%d7%a6%d7%95%d7%a8-%d7%90%d7%91%d7%a0%d7%a8/,2026-06-01T18:43:48+00:00
nadlan_professional-sitemap.xml,https://nad-lan.co.il/professionals/%d7%a8%d7%95%d7%a8%d7%91%d7%a8%d7%92-%d7%99%d7%a9%d7%a8%d7%90%d7%9c/,2026-06-01T18:43:49+00:00
nadlan_professional-sitemap.xml,https://nad-lan.co.il/professionals/%d7%95%d7%99%d7%99%d7%a0%d7%a8-%d7%91%d7%a0%d7%99/,2026-06-01T18:43:49+00:00
nadlan_professional-sitemap.xml,https://nad-lan.co.il/professionals/%d7%a9%d7%98%d7%a8%d7%99%d7%99%d7%a4%d7%9c%d7%a8-%d7%97%d7%99%d7%99%d7%9d/,2026-06-01T18:43:50+00:00
nadlan_professional-sitemap.xml,https://nad-lan.co.il/professionals/%d7%95%d7%99%d7%a0%d7%91%d7%a8%d7%92-%d7%a2%d7%9e%d7%99%d7%a7%d7%9d/,2026-06-01T18:43:51+00:00
nadlan_professional-sitemap.xml,https://nad-lan.co.il/professionals/%d7%9e%d7%99%d7%9c%d7%a9%d7%98%d7%99%d7%99%d7%9f-%d7%99%d7%a6%d7%97%d7%a7/,2026-06-01T18:43:52+00:00
nadlan_professional-sitemap.xml,https://nad-lan.co.il/professionals/%d7%99%d7%a9%d7%99%d7%a0%d7%95%d7%91%d7%a1%d7%a7%d7%99-%d7%91%d7%a6%d7%9c%d7%90%d7%9c/,2026-06-01T18:43:53+00:00
nadlan_professional-sitemap.xml,https://nad-lan.co.il/professionals/%d7%a7%d7%9c%d7%99%d7%99%d7%9e%d7%9f-%d7%a8%d7%95%d7%9f/,2026-06-01T18:43:54+00:00
nadlan_professional-sitemap.xml,https://nad-lan.co.il/professionals/%d7%99%d7%a2%d7%a7%d7%95%d7%91%d7%95%d7%91%d7%99%d7%a5-%d7%99%d7%95%d7%a8%d7%9d/,2026-06-01T18:43:54+00:00
nadlan_professional-sitemap.xml,https://nad-lan.co.il/professionals/%d7%a0%d7%99%d7%a0%d7%94-%d7%9e%d7%a8%d7%92%d7%9c%d7%99%d7%aa-2/,2026-06-01T18:43:55+00:00
nadlan_professional-sitemap.xml,https://nad-lan.co.il/professionals/%d7%9e%d7%a0%d7%93%d7%9c%d7%91%d7%95%d7%99%d7%9d-%d7%99%d7%a6%d7%97%d7%a7/,2026-06-01T18:43:56+00:00
nadlan_professional-sitemap.xml,https://nad-lan.co.il/professionals/%d7%90%d7%9c%d7%97%d7%a1%d7%99%d7%93-%d7%a8%d7%9f/,2026-06-01T18:43:57+00:00
nadlan_professional-sitemap.xml,https://nad-lan.co.il/professionals/%d7%9e%d7%a0%d7%97%d7%9e%d7%99-%d7%99%d7%92%d7%90%d7%9c/,2026-06-01T18:43:58+00:00
nadlan_professional-sitemap.xml,https://nad-lan.co.il/professionals/%d7%a7%d7%95%d7%a0%d7%a4%d7%99%d7%a0%d7%95-%d7%99%d7%a6%d7%97%d7%a7/,2026-06-01T18:43:59+00:00
nadlan_professional-sitemap.xml,https://nad-lan.co.il/professionals/%d7%90%d7%9c%d7%a7%d7%95%d7%9f-%d7%9e%d7%99%d7%9c%d7%99%d7%a7%d7%95%d7%91%d7%a1%d7%a7%d7%99-%d7%90%d7%a1%d7%aa%d7%a8/,2026-06-01T18:43:59+00:00
nadlan_professional-sitemap.xml,https://nad-lan.co.il/professionals/%d7%93%d7%92%d7%9f-%d7%98%d7%95%d7%91%d7%99%d7%94/,2026-06-01T18:44:01+00:00
nadlan_professional-sitemap.xml,https://nad-lan.co.il/professionals/%d7%9c%d7%95%d7%99-%d7%9e%d7%a9%d7%94/,2026-06-01T18:44:02+00:00
nadlan_professional-sitemap.xml,https://nad-lan.co.il/professionals/%d7%93%d7%95%d7%99%d7%93%d7%95%d7%a3-%d7%93%d7%95%d7%93/,2026-06-01T18:44:03+00:00
nadlan_professional-sitemap.xml,https://nad-lan.co.il/professionals/%d7%a4%d7%90%d7%a8-%d7%9e%d7%99%d7%9b%d7%90%d7%9c/,2026-06-01T18:44:04+00:00
nadlan_professional-sitemap.xml,https://nad-lan.co.il/professionals/%d7%a9%d7%98%d7%95%d7%a8%d7%9a-%d7%99%d7%94%d7%95%d7%a9%d7%a2/,2026-06-01T18:44:05+00:00
nadlan_professional-sitemap.xml,https://nad-lan.co.il/professionals/%d7%90%d7%9e%d7%99%d7%aa%d7%99-%d7%90%d7%91%d7%a8%d7%94%d7%9d/,2026-06-01T18:44:06+00:00
nadlan_professional-sitemap.xml,https://nad-lan.co.il/professionals/%d7%99%d7%a8%d7%95%d7%9f-%d7%99%d7%a9%d7%a2%d7%99%d7%94%d7%95/,2026-06-01T18:44:07+00:00
nadlan_professional-sitemap.xml,https://nad-lan.co.il/professionals/%d7%9b%d7%a1%d7%a4%d7%99-%d7%a9%d7%9c%d7%9e%d7%94/,2026-06-01T18:44:09+00:00
nadlan_professional-sitemap.xml,https://nad-lan.co.il/professionals/%d7%9e%d7%a8%d7%95%d7%9f-%d7%99%d7%94%d7%95%d7%93%d7%94/,2026-06-01T18:44:10+00:00
nadlan_professional-sitemap.xml,https://nad-lan.co.il/professionals/%d7%9b%d7%94%d7%9f-%d7%99%d7%a6%d7%97%d7%a7/,2026-06-01T18:44:11+00:00
nadlan_professional-sitemap.xml,https://nad-lan.co.il/professionals/%d7%90%d7%a8%d7%96%d7%99-%d7%a2%d7%9e%d7%99/,2026-06-01T18:44:12+00:00
nadlan_professional-sitemap.xml,https://nad-lan.co.il/professionals/%d7%9e%d7%a0%d7%95%d7%a8-%d7%99%d7%a8%d7%97%d7%9e%d7%99%d7%90%d7%9c/,2026-06-01T18:44:13+00:00
nadlan_professional-sitemap.xml,https://nad-lan.co.il/professionals/%d7%97%d7%92%d7%91%d7%99-%d7%a2%d7%96%d7%a8%d7%90/,2026-06-01T18:44:14+00:00
nadlan_professional-sitemap.xml,https://nad-lan.co.il/professionals/%d7%99%d7%a2%d7%99%d7%a9-%d7%9e%d7%a9%d7%94/,2026-06-01T18:44:15+00:00
nadlan_professional-sitemap.xml,https://nad-lan.co.il/professionals/%d7%a8%d7%95%d7%96%d7%a0%d7%91%d7%9c%d7%98-%d7%9e%d7%a0%d7%97%d7%9d/,2026-06-01T18:44:16+00:00
nadlan_professional-sitemap.xml,https://nad-lan.co.il/professionals/%d7%a8%d7%97%d7%9e%d7%99%d7%9d-%d7%9e%d7%a0%d7%a9%d7%94/,2026-06-01T18:44:18+00:00
nadlan_professional-sitemap.xml,https://nad-lan.co.il/professionals/%d7%a8%d7%97%d7%9e%d7%99%d7%9d-%d7%99%d7%94%d7%95%d7%93%d7%94/,2026-06-01T18:44:19+00:00
nadlan_professional-sitemap.xml,https://nad-lan.co.il/professionals/%d7%91%d7%a8%d7%95%d7%9a-%d7%99%d7%a9%d7%a8%d7%90%d7%9c/,2026-06-01T18:44:20+00:00
nadlan_professional-sitemap.xml,https://nad-lan.co.il/professionals/%d7%97%d7%a4%d7%a5-%d7%99%d7%95%d7%a1%d7%a3/,2026-06-01T18:44:21+00:00
nadlan_professional-sitemap.xml,https://nad-lan.co.il/professionals/%d7%9e%d7%96%d7%a8%d7%97%d7%99-%d7%90%d7%a4%d7%a8%d7%99%d7%9d/,2026-06-01T18:44:22+00:00
nadlan_professional-sitemap.xml,https://nad-lan.co.il/professionals/%d7%95%d7%99%d7%a0%d7%98%d7%a8%d7%90%d7%95%d7%91-%d7%99%d7%a9%d7%a8%d7%90%d7%9c/,2026-06-01T18:44:23+00:00
nadlan_professional-sitemap.xml,https://nad-lan.co.il/professionals/%d7%91%d7%95%d7%a1%d7%99%d7%93%d7%9f-%d7%90%d7%a8%d7%99%d7%94/,2026-06-01T18:44:24+00:00
nadlan_professional-sitemap.xml,https://nad-lan.co.il/professionals/%d7%a1%d7%9c%d7%a2-%d7%99%d7%a6%d7%97%d7%a7/,2026-06-01T18:44:25+00:00
nadlan_professional-sitemap.xml,https://nad-lan.co.il/professionals/%d7%a9%d7%90%d7%95%d7%9c-%d7%99%d7%a9%d7%a8%d7%90%d7%9c/,2026-06-01T18:44:26+00:00
nadlan_professional-sitemap.xml,https://nad-lan.co.il/professionals/%d7%a8%d7%99%d7%99%d7%97%d7%91%d7%9a-%d7%99%d7%95%d7%a1%d7%a3/,2026-06-01T18:44:27+00:00
nadlan_professional-sitemap.xml,https://nad-lan.co.il/professionals/%d7%9e%d7%95%d7%a1%d7%a6%d7%95-%d7%99%d7%95%d7%a1%d7%a3/,2026-06-01T18:44:28+00:00
nadlan_professional-sitemap.xml,https://nad-lan.co.il/professionals/%d7%a9%d7%95%d7%a1%d7%98%d7%a8-%d7%97%d7%a0%d7%9f/,2026-06-01T18:44:30+00:00
nadlan_professional-sitemap.xml,https://nad-lan.co.il/professionals/%d7%a9%d7%a4%d7%a2-%d7%99%d7%a2%d7%a7%d7%91/,2026-06-01T18:44:31+00:00
nadlan_professional-sitemap.xml,https://nad-lan.co.il/professionals/%d7%a7%d7%a8%d7%95%d7%95%d7%a6%d7%a0%d7%a7%d7%95-%d7%99%d7%95%d7%a1%d7%a3-%d7%90%d7%99%d7%92%d7%a8/,2026-06-01T18:44:32+00:00
nadlan_professional-sitemap.xml,https://nad-lan.co.il/professionals/%d7%90%d7%93%d7%9c%d7%a8-%d7%95%d7%99%d7%a7%d7%98%d7%95%d7%a8/,2026-06-01T18:44:33+00:00
nadlan_professional-sitemap.xml,https://nad-lan.co.il/professionals/%d7%a1%d7%99%d7%95%d7%9f-%d7%93%d7%95%d7%93/,2026-06-01T18:44:34+00:00
nadlan_professional-sitemap.xml,https://nad-lan.co.il/professionals/%d7%a8%d7%99%d7%99%d7%a2%d7%a8-%d7%9c%d7%99%d7%95%d7%91-%d7%90%d7%a8%d7%99%d7%94/,2026-06-01T18:44:35+00:00
nadlan_professional-sitemap.xml,https://nad-lan.co.il/professionals/%d7%90%d7%95%d7%a9%d7%a7%d7%99-%d7%9c%d7%90%d7%95%d7%9f/,2026-06-01T18:44:36+00:00
nadlan_professional-sitemap.xml,https://nad-lan.co.il/professionals/%d7%a1%d7%90%d7%99%d7%99%d7%92-%d7%a9%d7%a8%d7%95%d7%9f/,2026-06-01T18:44:36+00:00
nadlan_professional-sitemap.xml,https://nad-lan.co.il/professionals/%d7%a6%d7%93%d7%99%d7%a7%d7%99-%d7%90%d7%99%d7%a8%d7%96/,2026-06-01T18:44:37+00:00
nadlan_professional-sitemap.xml,https://nad-lan.co.il/professionals/%d7%99%d7%a2%d7%a7%d7%95%d7%91%d7%95%d7%91-%d7%9e%d7%99%d7%9b%d7%90%d7%9c/,2026-06-01T18:44:38+00:00
nadlan_professional-sitemap.xml,https://nad-lan.co.il/professionals/%d7%99%d7%a6%d7%97%d7%a7%d7%95%d7%91-%d7%99%d7%95%d7%a1%d7%99/,2026-06-01T18:44:39+00:00
nadlan_professional-sitemap.xml,https://nad-lan.co.il/professionals/%d7%a0%d7%99%d7%a1%d7%a0%d7%95%d7%91-%d7%93%d7%95%d7%93/,2026-06-01T18:44:39+00:00
nadlan_professional-sitemap.xml,https://nad-lan.co.il/professionals/%d7%91%d7%a0%d7%99%d7%9e%d7%99%d7%9f-%d7%95%d7%99%d7%98%d7%9c/,2026-06-01T18:44:40+00:00
nadlan_professional-sitemap.xml,https://nad-lan.co.il/professionals/%d7%90%d7%99%d7%9c%d7%95-%d7%9c%d7%95%d7%99-%d7%99%d7%94%d7%95%d7%93%d7%94/,2026-06-01T18:44:41+00:00
nadlan_professional-sitemap.xml,https://nad-lan.co.il/professionals/%d7%97%d7%9b%d7%9e%d7%92%d7%a0%d7%99-%d7%a8%d7%9e%d7%99/,2026-06-01T18:44:42+00:00
nadlan_professional-sitemap.xml,https://nad-lan.co.il/professionals/%d7%97%d7%99%d7%99%d7%9d-%d7%9e%d7%90%d7%99%d7%a8/,2026-06-01T18:44:43+00:00
nadlan_professional-sitemap.xml,https://nad-lan.co.il/professionals/%d7%97%d7%a0%d7%90%d7%a0%d7%90%d7%99%d7%99%d7%91-%d7%99%d7%a9%d7%a8%d7%90%d7%9c/,2026-06-01T18:44:43+00:00
nadlan_professional-sitemap.xml,https://nad-lan.co.il/professionals/%d7%a1%d7%a0%d7%95%d7%a4-%d7%9e%d7%a8%d7%a7/,2026-06-01T18:44:44+00:00
nadlan_professional-sitemap.xml,https://nad-lan.co.il/professionals/%d7%93%d7%95%d7%a7-%d7%a9%d7%99-%d7%a9%d7%90%d7%94%d7%99%d7%9f/,2026-06-01T18:44:45+00:00
nadlan_professional-sitemap.xml,https://nad-lan.co.il/professionals/%d7%a1%d7%99%d7%9e%d7%95%d7%9f-%d7%a4%d7%99%d7%9c%d7%99%d7%a4/,2026-06-01T18:44:46+00:00
nadlan_professional-sitemap.xml,https://nad-lan.co.il/professionals/%d7%9e%d7%99%d7%9e%d7%95%d7%9f-%d7%90%d7%a8%d7%99%d7%94/,2026-06-01T18:44:47+00:00
nadlan_professional-sitemap.xml,https://nad-lan.co.il/professionals/%d7%90%d7%9c%d7%98%d7%a9%d7%95%d7%9c%d7%a8-%d7%90%d7%91%d7%a8%d7%94%d7%9d/,2026-06-01T18:44:48+00:00
nadlan_professional-sitemap.xml,https://nad-lan.co.il/professionals/%d7%a4%d7%99%d7%9b%d7%9e%d7%9f-%d7%97%d7%a0%d7%95%d7%9a/,2026-06-01T18:44:48+00:00
nadlan_professional-sitemap.xml,https://nad-lan.co.il/professionals/%d7%9e%d7%9e%d7%9f-%d7%a8%d7%90%d7%95%d7%91%d7%9f/,2026-06-01T18:44:49+00:00
nadlan_professional-sitemap.xml,https://nad-lan.co.il/professionals/%d7%a8%d7%95%d7%92%d7%9c-%d7%9e%d7%95%d7%a8%d7%99%d7%a1/,2026-06-01T18:44:50+00:00
nadlan_professional-sitemap.xml,https://nad-lan.co.il/professionals/%d7%92%d7%98%d7%94-%d7%90%d7%99%d7%99%d7%a0%d7%95%d7%95/,2026-06-01T18:44:51+00:00
nadlan_professional-sitemap.xml,https://nad-lan.co.il/professionals/%d7%a9%d7%99%d7%99%d7%a0%d7%a7%d7%9e%d7%9f-%d7%95%d7%95%d7%9c%d7%98%d7%a8/,2026-06-01T18:44:52+00:00
nadlan_professional-sitemap.xml,https://nad-lan.co.il/professionals/%d7%96%d7%99%d7%95-%d7%90%d7%9c%d7%91%d7%a8%d7%98/,2026-06-01T18:44:53+00:00
nadlan_professional-sitemap.xml,https://nad-lan.co.il/professionals/%d7%91%d7%9f-%d7%90%d7%91%d7%95-%d7%9e%d7%95%d7%a8%d7%99%d7%a1/,2026-06-01T18:44:54+00:00
nadlan_professional-sitemap.xml,https://nad-lan.co.il/professionals/%d7%a4%d7%a8%d7%99%d7%93%d7%9e%d7%9f-%d7%90%d7%91%d7%99/,2026-06-01T18:44:54+00:00
nadlan_professional-sitemap.xml,https://nad-lan.co.il/professionals/%d7%a4%d7%a8%d7%99%d7%93%d7%9e%d7%9f-%d7%95%d7%9c%d7%93%d7%99%d7%9e%d7%99%d7%a8-%d7%93%d7%a0%d7%99/,2026-06-01T18:44:55+00:00
nadlan_professional-sitemap.xml,https://nad-lan.co.il/professionals/%d7%92%d7%a8%d7%95%d7%a1-%d7%a2%d7%9e%d7%a0%d7%95%d7%90%d7%9c/,2026-06-01T18:44:56+00:00
nadlan_professional-sitemap.xml,https://nad-lan.co.il/professionals/%d7%91%d7%a8%d7%93%d7%95%d7%92%d7%95-%d7%90%d7%91%d7%a8%d7%94%d7%9d/,2026-06-01T18:44:57+00:00
nadlan_professional-sitemap.xml,https://nad-lan.co.il/professionals/%d7%99%d7%a2%d7%a7%d7%91%d7%99-%d7%90%d7%9c%d7%99%d7%a9%d7%a2/,2026-06-01T18:44:58+00:00
nadlan_professional-sitemap.xml,https://nad-lan.co.il/professionals/%d7%96%d7%95%d7%a0%d7%a0%d7%a9%d7%99%d7%99%d7%9f-%d7%92%d7%a8%d7%9e%d7%99/,2026-06-01T18:44:59+00:00
nadlan_professional-sitemap.xml,https://nad-lan.co.il/professionals/%d7%9c%d7%95%d7%99-%d7%92%d7%91%d7%a8%d7%99%d7%90%d7%9c/,2026-06-01T18:45:00+00:00
nadlan_professional-sitemap.xml,https://nad-lan.co.il/professionals/%d7%9c%d7%95%d7%99-%d7%93%d7%93%d7%94/,2026-06-01T18:45:01+00:00
nadlan_professional-sitemap.xml,https://nad-lan.co.il/professionals/%d7%99%d7%95%d7%97%d7%a0%d7%9f-%d7%90%d7%9c%d7%99%d7%90%d7%a1-%d7%90%d7%9c%d7%99/,2026-06-01T18:45:02+00:00
nadlan_professional-sitemap.xml,https://nad-lan.co.il/professionals/%d7%a4%d7%9c%d7%a7%d7%95%d7%91%d7%a1%d7%a7%d7%99-%d7%a8%d7%90%d7%95%d7%91%d7%9f/,2026-06-01T18:45:03+00:00
nadlan_professional-sitemap.xml,https://nad-lan.co.il/professionals/%d7%91%d7%9b%d7%a8-%d7%a0%d7%99%d7%a1%d7%99%d7%9d/,2026-06-01T18:45:04+00:00
nadlan_professional-sitemap.xml,https://nad-lan.co.il/professionals/%d7%a2%d7%9e%d7%a8%d7%a0%d7%99-%d7%a8%d7%9e%d7%99/,2026-06-01T18:45:06+00:00
nadlan_professional-sitemap.xml,https://nad-lan.co.il/professionals/%d7%98%d7%95%d7%a8%d7%98%d7%9f-%d7%98%d7%9c/,2026-06-01T18:45:07+00:00
nadlan_professional-sitemap.xml,https://nad-lan.co.il/professionals/%d7%95%d7%90%d7%a7%d7%a0%d7%99%d7%9f-%d7%90%d7%9c%d7%99/,2026-06-01T18:45:08+00:00
nadlan_professional-sitemap.xml,https://nad-lan.co.il/professionals/%d7%a1%d7%98%d7%9e%d7%a7%d7%90%d7%a8-%d7%a8%d7%97%d7%9e%d7%99%d7%9d/,2026-06-01T18:45:09+00:00
nadlan_professional-sitemap.xml,https://nad-lan.co.il/professionals/%d7%90%d7%95%d7%a8%d7%99%d7%9d-%d7%a0%d7%95%d7%a2%d7%9d/,2026-06-01T18:45:10+00:00
nadlan_professional-sitemap.xml,https://nad-lan.co.il/professionals/%d7%90%d7%98%d7%99%d7%99%d7%94-%d7%a8%d7%a4%d7%90%d7%9c/,2026-06-01T18:45:11+00:00
nadlan_professional-sitemap.xml,https://nad-lan.co.il/professionals/%d7%9e%d7%a8%d7%a7%d7%95-%d7%a0%d7%a8%d7%a7%d7%99%d7%a1/,2026-06-01T18:45:12+00:00
nadlan_professional-sitemap.xml,https://nad-lan.co.il/professionals/%d7%92%d7%95%d7%9c%d7%93%d7%9e%d7%9f-%d7%a9%d7%9e%d7%95%d7%90%d7%9c/,2026-06-01T18:45:13+00:00
nadlan_professional-sitemap.xml,https://nad-lan.co.il/professionals/%d7%99%d7%a2%d7%a7%d7%91%d7%a1%d7%95%d7%9f-%d7%a0%d7%a2%d7%9d/,2026-06-01T18:45:14+00:00
nadlan_professional-sitemap.xml,https://nad-lan.co.il/professionals/%d7%90%d7%92%d7%a8-%d7%90%d7%9c%d7%99-%d7%90%d7%9c%d7%9b%d7%a1/,2026-06-01T18:45:16+00:00
nadlan_professional-sitemap.xml,https://nad-lan.co.il/professionals/%d7%9e%d7%a8%d7%a7%d7%a1-%d7%a8%d7%99%d7%a6%d7%a8%d7%93/,2026-06-01T18:45:17+00:00
nadlan_professional-sitemap.xml,https://nad-lan.co.il/professionals/%d7%a1%d7%95%d7%a0%d7%99%d7%a1-%d7%92%d7%99%d7%9c/,2026-06-01T18:45:18+00:00
nadlan_professional-sitemap.xml,https://nad-lan.co.il/professionals/%d7%93%d7%95%d7%90%d7%a0%d7%99-%d7%91%d7%a0%d7%93%d7%98%d7%95/,2026-06-01T18:45:19+00:00
nadlan_professional-sitemap.xml,https://nad-lan.co.il/professionals/%d7%90%d7%99%d7%96%d7%95%d7%93%d7%95%d7%a8-%d7%90%d7%9c%d7%a7%d7%95%d7%9f/,2026-06-01T18:45:20+00:00
nadlan_professional-sitemap.xml,https://nad-lan.co.il/professionals/%d7%9b%d7%a6%d7%a0%d7%9c%d7%a1%d7%95%d7%9f-%d7%90%d7%95%d7%a1%d7%a7%d7%a8/,2026-06-01T18:45:21+00:00
nadlan_professional-sitemap.xml,https://nad-lan.co.il/professionals/%d7%93%d7%a8%d7%9c%d7%91%d7%99%d7%a5-%d7%92%d7%99%d7%9c/,2026-06-01T18:45:22+00:00
nadlan_professional-sitemap.xml,https://nad-lan.co.il/professionals/%d7%a4%d7%a8%d7%95%d7%99%d7%9e%d7%95%d7%91%d7%99%d7%a5-%d7%99%d7%a6%d7%97%d7%a7/,2026-06-01T18:45:23+00:00
nadlan_professional-sitemap.xml,https://nad-lan.co.il/professionals/%d7%99%d7%a2%d7%a7%d7%91%d7%99-%d7%93%d7%95%d7%93/,2026-06-01T18:45:25+00:00
nadlan_professional-sitemap.xml,https://nad-lan.co.il/professionals/%d7%9b%d7%94%d7%9f-%d7%90%d7%9c%d7%99%d7%94%d7%95/,2026-06-01T18:45:26+00:00
nadlan_professional-sitemap.xml,https://nad-lan.co.il/professionals/%d7%a9%d7%a6%d7%9f-%d7%a8%d7%95%d7%91%d7%a8%d7%98/,2026-06-01T18:45:27+00:00
nadlan_professional-sitemap.xml,https://nad-lan.co.il/professionals/%d7%96%d7%a2%d7%a4%d7%a8%d7%a0%d7%99-%d7%93%d7%95%d7%93/,2026-06-01T18:45:28+00:00
nadlan_professional-sitemap.xml,https://nad-lan.co.il/professionals/%d7%90%d7%99%d7%a0%d7%93%d7%95%d7%a8%d7%a1%d7%a7%d7%99-%d7%90%d7%a8%d7%99%d7%94/,2026-06-01T18:45:29+00:00
nadlan_professional-sitemap.xml,https://nad-lan.co.il/professionals/%d7%a7%d7%95%d7%9c%d7%91%d7%a7-%d7%99%d7%a6%d7%97%d7%a7/,2026-06-01T18:45:30+00:00
nadlan_professional-sitemap.xml,https://nad-lan.co.il/professionals/%d7%9e%d7%99%d7%9b%d7%90%d7%9c%d7%99-%d7%9e%d7%99%d7%9b%d7%90%d7%9c/,2026-06-01T18:45:32+00:00
nadlan_professional-sitemap.xml,https://nad-lan.co.il/professionals/%d7%a7%d7%9c%d7%a4%d7%a8-%d7%90%d7%a8%d7%99%d7%a7/,2026-06-01T18:45:32+00:00
nadlan_professional-sitemap.xml,https://nad-lan.co.il/professionals/%d7%96%d7%99%d7%95-%d7%93%d7%95%d7%93/,2026-06-01T18:45:34+00:00
nadlan_professional-sitemap.xml,https://nad-lan.co.il/professionals/%d7%92%d7%95%d7%9c%d7%95%d7%93-%d7%90%d7%a8%d7%99%d7%94/,2026-06-01T18:45:34+00:00
nadlan_professional-sitemap.xml,https://nad-lan.co.il/professionals/%d7%a6%d7%99%d7%a7-%d7%99%d7%a6%d7%97%d7%a7/,2026-06-01T18:45:35+00:00
nadlan_professional-sitemap.xml,https://nad-lan.co.il/professionals/%d7%a7%d7%95%d7%a8%d7%a1-%d7%99%d7%a2%d7%a7%d7%91/,2026-06-01T18:45:36+00:00
nadlan_professional-sitemap.xml,https://nad-lan.co.il/professionals/%d7%96%d7%91%d7%92%d7%95%d7%a8%d7%a1%d7%a7%d7%99-%d7%90%d7%9c%d7%9b%d7%a1%d7%a0%d7%93%d7%a8/,2026-06-01T18:45:37+00:00
nadlan_professional-sitemap.xml,https://nad-lan.co.il/professionals/%d7%90%d7%91%d7%95-%d7%96%d7%a7%d7%99%d7%a7%d7%94-%d7%a2%d7%99%d7%93/,2026-06-01T18:45:37+00:00
nadlan_professional-sitemap.xml,https://nad-lan.co.il/professionals/%d7%a9%d7%99-%d7%a8%d7%9e%d7%99/,2026-06-01T18:45:38+00:00
nadlan_professional-sitemap.xml,https://nad-lan.co.il/professionals/%d7%91%d7%99%d7%a0%d7%99%d7%9e%d7%99%d7%a0%d7%99-%d7%96%d7%9b%d7%a8%d7%99%d7%94/,2026-06-01T18:45:39+00:00
nadlan_professional-sitemap.xml,https://nad-lan.co.il/professionals/%d7%9e%d7%9c%d7%a7%d7%95%d7%91-%d7%93%d7%95%d7%93/,2026-06-01T18:45:40+00:00
nadlan_professional-sitemap.xml,https://nad-lan.co.il/professionals/%d7%91%d7%a8%d7%95%d7%a0%d7%a9%d7%98%d7%99%d7%99%d7%9f-%d7%a1%d7%99%d7%9e%d7%95%d7%9f/,2026-06-01T18:45:43+00:00
nadlan_professional-sitemap.xml,https://nad-lan.co.il/professionals/%d7%a4%d7%99%d7%a8%d7%a8-%d7%92%d7%a4%d7%a8%d7%99/,2026-06-01T18:45:43+00:00
nadlan_professional-sitemap.xml,https://nad-lan.co.il/professionals/%d7%9c%d7%a0%d7%99%d7%90%d7%93%d7%95-%d7%99%d7%a2%d7%a7%d7%91/,2026-06-01T18:45:44+00:00
nadlan_professional-sitemap.xml,https://nad-lan.co.il/professionals/%d7%96%d7%a8%d7%a7%d7%94-%d7%91%d7%a0%d7%99%d7%9e%d7%99%d7%9f/,2026-06-01T18:45:45+00:00
nadlan_professional-sitemap.xml,https://nad-lan.co.il/professionals/%d7%91%d7%a8%d7%91%d7%99-%d7%a9%d7%9e%d7%95%d7%90%d7%9c/,2026-06-01T18:45:46+00:00
nadlan_professional-sitemap.xml,https://nad-lan.co.il/professionals/%d7%a9%d7%a4%d7%a8-%d7%a1%d7%95%d7%a8%d7%99%d7%9f/,2026-06-01T18:45:47+00:00
nadlan_professional-sitemap.xml,https://nad-lan.co.il/professionals/%d7%a1%d7%98%d7%a8%d7%95%d7%9c%d7%95%d7%95%d7%99%d7%a5-%d7%a1%d7%99%d7%93%d7%a0%d7%99/,2026-06-01T18:45:48+00:00
nadlan_professional-sitemap.xml,https://nad-lan.co.il/professionals/%d7%91%d7%9f-%d7%a2%d7%9e%d7%90%d7%a8%d7%94-%d7%99%d7%94%d7%95%d7%a0%d7%aa%d7%9f/,2026-06-01T18:45:48+00:00
nadlan_professional-sitemap.xml,https://nad-lan.co.il/professionals/%d7%9c%d7%99%d7%91%d7%94%d7%a3-%d7%92%d7%a4%d7%a8%d7%99-%d7%9e%d7%a8%d7%a7/,2026-06-01T18:45:49+00:00
nadlan_professional-sitemap.xml,https://nad-lan.co.il/professionals/%d7%a8%d7%95%d7%96%d7%9f-%d7%90%d7%a8%d7%99%d7%94/,2026-06-01T18:45:50+00:00
nadlan_professional-sitemap.xml,https://nad-lan.co.il/professionals/%d7%a4%d7%90%d7%91%d7%99-%d7%90%d7%a4%d7%a8%d7%99%d7%9d/,2026-06-01T18:45:51+00:00
nadlan_professional-sitemap.xml,https://nad-lan.co.il/professionals/%d7%93%d7%99%d7%99%d7%9f-%d7%9e%d7%99%d7%a9%d7%9c/,2026-06-01T18:45:52+00:00
nadlan_professional-sitemap.xml,https://nad-lan.co.il/professionals/%d7%93%d7%a8%d7%a2%d7%99-%d7%99%d7%a6%d7%97%d7%a7/,2026-06-01T18:45:53+00:00
nadlan_professional-sitemap.xml,https://nad-lan.co.il/professionals/%d7%97%d7%99%d7%99%d7%9e%d7%95%d7%91%d7%99%d7%a5-%d7%90%d7%91%d7%a8%d7%94%d7%9d/,2026-06-01T18:45:53+00:00
nadlan_professional-sitemap.xml,https://nad-lan.co.il/professionals/%d7%90%d7%95%d7%95%d7%a0%d7%a9%d7%98%d7%a8%d7%9f-%d7%a8%d7%95%d7%9f/,2026-06-01T18:45:54+00:00
nadlan_professional-sitemap.xml,https://nad-lan.co.il/professionals/%d7%a1%d7%9e%d7%95%d7%90%d7%9c-%d7%a8%d7%9e%d7%99/,2026-06-01T18:45:55+00:00
nadlan_professional-sitemap.xml,https://nad-lan.co.il/professionals/%d7%a8%d7%93%d7%94-%d7%90%d7%91%d7%a0%d7%a8/,2026-06-01T18:45:56+00:00
nadlan_professional-sitemap.xml,https://nad-lan.co.il/professionals/%d7%94%d7%a8%d7%99%d7%a1-%d7%a6%d7%91%d7%99/,2026-06-01T18:45:57+00:00
nadlan_professional-sitemap.xml,https://nad-lan.co.il/professionals/%d7%a2%d7%96%d7%a8%d7%99%d7%94-%d7%9e%d7%a8%d7%93%d7%9b%d7%99/,2026-06-01T18:45:58+00:00
nadlan_professional-sitemap.xml,https://nad-lan.co.il/professionals/%d7%91%d7%a8%d7%99%d7%a7-%d7%90%d7%9c%d7%9b%d7%a1/,2026-06-01T18:45:59+00:00
nadlan_professional-sitemap.xml,https://nad-lan.co.il/professionals/%d7%90%d7%9c%d7%99%d7%90%d7%91-%d7%99%d7%a4%d7%aa%d7%97/,2026-06-01T18:46:00+00:00
nadlan_professional-sitemap.xml,https://nad-lan.co.il/professionals/%d7%a0%d7%99%d7%a1%d7%a0%d7%95%d7%91-%d7%92%d7%91%d7%a8%d7%99%d7%90%d7%9c/,2026-06-01T18:46:01+00:00
nadlan_professional-sitemap.xml,https://nad-lan.co.il/professionals/%d7%a9%d7%99%d7%9c%d7%99%d7%90%d7%9f-%d7%93%d7%95%d7%93/,2026-06-01T18:46:02+00:00
nadlan_professional-sitemap.xml,https://nad-lan.co.il/professionals/%d7%9e%d7%92%d7%99%d7%93-%d7%9e%d7%a7%d7%a1/,2026-06-01T18:46:04+00:00
nadlan_professional-sitemap.xml,https://nad-lan.co.il/professionals/%d7%9c%d7%97%d7%9e%d7%a0%d7%99-%d7%90%d7%9c%d7%91%d7%a8%d7%98/,2026-06-01T18:46:05+00:00
nadlan_professional-sitemap.xml,https://nad-lan.co.il/professionals/%d7%98%d7%9c-%d7%a6%d7%91%d7%99-%d7%99%d7%95%d7%a1%d7%a3-%d7%90%d7%a9%d7%a8/,2026-06-01T18:46:06+00:00
nadlan_professional-sitemap.xml,https://nad-lan.co.il/professionals/%d7%a9%d7%95%d7%a8%d7%a5-%d7%99%d7%a4%d7%99%d7%9d/,2026-06-01T18:46:07+00:00
nadlan_professional-sitemap.xml,https://nad-lan.co.il/professionals/%d7%9e%d7%95%d7%a8-%d7%a7%d7%95%d7%91%d7%99/,2026-06-01T18:46:08+00:00
nadlan_professional-sitemap.xml,https://nad-lan.co.il/professionals/%d7%91%d7%a8-%d7%a0%d7%99%d7%a8/,2026-06-01T18:46:09+00:00
nadlan_professional-sitemap.xml,https://nad-lan.co.il/professionals/%d7%93%d7%95%d7%99%d7%93%d7%95%d7%91-%d7%a8%d7%90%d7%95%d7%91%d7%9f/,2026-06-01T18:46:11+00:00
nadlan_professional-sitemap.xml,https://nad-lan.co.il/professionals/%d7%99%d7%95%d7%a1%d7%95%d7%91%d7%99%d7%a5-%d7%90%d7%9c%d7%99%d7%a7/,2026-06-01T18:46:12+00:00
nadlan_professional-sitemap.xml,https://nad-lan.co.il/professionals/%d7%a9%d7%9c%d7%9e%d7%95%d7%91-%d7%90%d7%99%d7%a1%d7%a7/,2026-06-01T18:46:13+00:00
nadlan_professional-sitemap.xml,https://nad-lan.co.il/professionals/%d7%90%d7%91%d7%a8%d7%9e%d7%95%d7%91%d7%99%d7%a5-%d7%90%d7%99%d7%9c%d7%99%d7%94/,2026-06-01T18:46:14+00:00
nadlan_professional-sitemap.xml,https://nad-lan.co.il/professionals/%d7%a4%d7%98%d7%99%d7%92%d7%a8%d7%95-%d7%90%d7%99%d7%9c%d7%9f/,2026-06-01T18:46:16+00:00
nadlan_professional-sitemap.xml,https://nad-lan.co.il/professionals/%d7%a9%d7%9d-%d7%98%d7%95%d7%91-%d7%99%d7%a9%d7%a8%d7%90%d7%9c-%d7%9e%d7%a0%d7%99/,2026-06-01T18:46:17+00:00
nadlan_professional-sitemap.xml,https://nad-lan.co.il/professionals/%d7%a4%d7%99%d7%a0%d7%97%d7%a1-%d7%a8%d7%90%d7%95%d7%91%d7%9f/,2026-06-01T18:46:18+00:00
nadlan_professional-sitemap.xml,https://nad-lan.co.il/professionals/%d7%9e%d7%92%d7%99%d7%93-%d7%99%d7%a4%d7%99%d7%9d/,2026-06-01T18:46:19+00:00
nadlan_professional-sitemap.xml,https://nad-lan.co.il/professionals/%d7%96%d7%91%d7%a8%d7%a7-%d7%90%d7%9c%d7%9b%d7%a1/,2026-06-01T18:46:20+00:00
nadlan_professional-sitemap.xml,https://nad-lan.co.il/professionals/%d7%a0%d7%97%d7%95%d7%9d-%d7%93%d7%a0%d7%99%d7%90%d7%9c/,2026-06-01T18:46:22+00:00
nadlan_professional-sitemap.xml,https://nad-lan.co.il/professionals/%d7%93%d7%a0%d7%99%d7%90%d7%9c%d7%95%d7%91-%d7%a8%d7%9e%d7%99/,2026-06-01T18:46:23+00:00
nadlan_professional-sitemap.xml,https://nad-lan.co.il/professionals/%d7%90%d7%a8%d7%a0%d7%91%d7%99%d7%99%d7%91-%d7%91%d7%9b%d7%95%d7%a8/,2026-06-01T18:46:24+00:00
nadlan_professional-sitemap.xml,https://nad-lan.co.il/professionals/%d7%a4%d7%a6%d7%94-%d7%a8%d7%95%d7%a0%d7%99/,2026-06-01T18:46:25+00:00
nadlan_professional-sitemap.xml,https://nad-lan.co.il/professionals/%d7%a4%d7%99%d7%a9%d7%a8-%d7%99%d7%95%d7%90%d7%91/,2026-06-01T18:46:26+00:00
nadlan_professional-sitemap.xml,https://nad-lan.co.il/professionals/%d7%a1%d7%95%d7%9c%d7%99%d7%9e%d7%a0%d7%99-%d7%94%d7%a8%d7%a6%d7%9c/,2026-06-01T18:46:27+00:00
nadlan_professional-sitemap.xml,https://nad-lan.co.il/professionals/%d7%9c%d7%99%d7%a1-%d7%92%d7%9c/,2026-06-01T18:46:28+00:00
nadlan_professional-sitemap.xml,https://nad-lan.co.il/professionals/%d7%a9%d7%98%d7%99%d7%99%d7%a0%d7%91%d7%95%d7%9a-%d7%a6%d7%91%d7%99/,2026-06-01T18:46:29+00:00
nadlan_professional-sitemap.xml,https://nad-lan.co.il/professionals/%d7%96%d7%90%d7%95%d7%a8%d7%95%d7%91-%d7%90%d7%91%d7%a8%d7%a9/,2026-06-01T18:46:30+00:00
nadlan_professional-sitemap.xml,https://nad-lan.co.il/professionals/%d7%9e%d7%9e%d7%99%d7%a1%d7%98%d7%91%d7%9c%d7%95%d7%91-%d7%93%d7%95%d7%93/,2026-06-01T18:46:31+00:00
nadlan_professional-sitemap.xml,https://nad-lan.co.il/professionals/%d7%a4%d7%a0%d7%a7%d7%99%d7%a0%d7%a1%d7%a7%d7%99-%d7%90%d7%91%d7%a8%d7%94%d7%9d/,2026-06-01T18:46:31+00:00
nadlan_professional-sitemap.xml,https://nad-lan.co.il/professionals/%d7%a9%d7%a1%d7%98%d7%a8-%d7%90%d7%91%d7%a8%d7%94%d7%9d/,2026-06-01T18:46:32+00:00
nadlan_professional-sitemap.xml,https://nad-lan.co.il/professionals/%d7%9e%d7%99%d7%a9%d7%92%d7%91%d7%99-%d7%90%d7%a4%d7%a8%d7%99%d7%99%d7%9d/,2026-06-01T18:46:33+00:00
nadlan_professional-sitemap.xml,https://nad-lan.co.il/professionals/%d7%97%d7%90%d7%a7%d7%a9%d7%95%d7%a8-%d7%9e%d7%a8%d7%93%d7%9b%d7%99/,2026-06-01T18:46:34+00:00
nadlan_professional-sitemap.xml,https://nad-lan.co.il/professionals/%d7%a9%d7%98%d7%99%d7%99%d7%a0%d7%91%d7%a8%d7%92-%d7%a8%d7%90%d7%95%d7%91%d7%9f-%d7%a6%d7%91%d7%99/,2026-06-01T18:46:34+00:00
nadlan_professional-sitemap.xml,https://nad-lan.co.il/professionals/%d7%9c%d7%95%d7%99-%d7%93%d7%a0%d7%99%d7%90%d7%9c/,2026-06-01T18:46:35+00:00
nadlan_professional-sitemap.xml,https://nad-lan.co.il/professionals/%d7%92%d7%99%d7%a6%d7%99%d7%a1-%d7%93%d7%95%d7%93/,2026-06-01T18:46:36+00:00
nadlan_professional-sitemap.xml,https://nad-lan.co.il/professionals/%d7%91%d7%95%d7%a0%d7%95%d7%91%d7%99%d7%99%d7%91-%d7%a0%d7%99%d7%a7%d7%a1%d7%95%d7%9f/,2026-06-01T18:46:37+00:00
nadlan_professional-sitemap.xml,https://nad-lan.co.il/professionals/%d7%95%d7%99%d7%a0%d7%91%d7%a8%d7%92-%d7%9e%d7%99%d7%9b%d7%90%d7%9c/,2026-06-01T18:46:38+00:00
nadlan_professional-sitemap.xml,https://nad-lan.co.il/professionals/%d7%90%d7%92%d7%a8%d7%95%d7%a0%d7%95%d7%91-%d7%90%d7%9c%d7%99/,2026-06-01T18:46:39+00:00
nadlan_professional-sitemap.xml,https://nad-lan.co.il/professionals/%d7%9c%d7%a0%d7%93%d7%9e%d7%9f-%d7%99%d7%92%d7%90%d7%9c/,2026-06-01T18:46:39+00:00
nadlan_professional-sitemap.xml,https://nad-lan.co.il/professionals/%d7%a2%d7%9e%d7%a8%d7%9d-%d7%a9%d7%9c%d7%9e%d7%94/,2026-06-01T18:46:40+00:00
nadlan_professional-sitemap.xml,https://nad-lan.co.il/professionals/%d7%91%d7%91%d7%9c%d7%a4%d7%95%d7%a8-%d7%93%d7%9f/,2026-06-01T18:46:41+00:00
nadlan_professional-sitemap.xml,https://nad-lan.co.il/professionals/%d7%93%d7%94%d7%90%d7%9f-%d7%90%d7%9c%d7%95%d7%9f-%d7%90%d7%93%d7%9e%d7%95%d7%a0%d7%93/,2026-06-01T18:46:42+00:00
nadlan_professional-sitemap.xml,https://nad-lan.co.il/professionals/%d7%99%d7%a9%d7%a8%d7%90%d7%9c%d7%99-%d7%91%d7%a8%d7%95%d7%9a/,2026-06-01T18:46:43+00:00
nadlan_professional-sitemap.xml,https://nad-lan.co.il/professionals/%d7%90%d7%a8%d7%99%d7%a7%d7%a1%d7%95%d7%9f-%d7%90%d7%94%d7%a8%d7%95%d7%9f/,2026-06-01T18:46:44+00:00
nadlan_professional-sitemap.xml,https://nad-lan.co.il/professionals/%d7%9b%d7%94%d7%9f-%d7%90%d7%9e%d7%91%d7%9c%d7%95-%d7%a8%d7%95%d7%91%d7%a8%d7%98/,2026-06-01T18:46:45+00:00
nadlan_professional-sitemap.xml,https://nad-lan.co.il/professionals/%d7%a1%d7%a0%d7%a2%d7%90%d7%9c%d7%9c%d7%94-%d7%9e%d7%97%d7%9e%d7%95%d7%93/,2026-06-01T18:46:46+00:00
nadlan_professional-sitemap.xml,https://nad-lan.co.il/professionals/%d7%97%d7%a1%d7%90%d7%9f-%d7%a1%d7%90%d7%9c%d7%97/,2026-06-01T18:46:46+00:00
nadlan_professional-sitemap.xml,https://nad-lan.co.il/professionals/%d7%97%d7%92%d7%90%d7%96%d7%99-%d7%9e%d7%97%d7%9e%d7%93/,2026-06-01T18:46:47+00:00
nadlan_professional-sitemap.xml,https://nad-lan.co.il/professionals/%d7%a2%d7%95%d7%93%d7%94-%d7%91%d7%93%d7%99%d7%a2/,2026-06-01T18:46:48+00:00
nadlan_professional-sitemap.xml,https://nad-lan.co.il/professionals/%d7%97%d7%95%d7%a8%d7%99-%d7%97%d7%a0%d7%90/,2026-06-01T18:46:49+00:00
nadlan_professional-sitemap.xml,https://nad-lan.co.il/professionals/%d7%90%d7%97%d7%99%d7%9d-%d7%97%d7%92%d7%90%d7%a8/,2026-06-01T18:46:50+00:00
nadlan_professional-sitemap.xml,https://nad-lan.co.il/professionals/%d7%92%d7%a8%d7%90%d7%99%d7%a1%d7%99-%d7%92%d7%95%d7%a8%d7%92/,2026-06-01T18:46:51+00:00
nadlan_professional-sitemap.xml,https://nad-lan.co.il/professionals/%d7%a2%d7%9c%d7%99%d7%99%d7%9e%d7%99-%d7%9e%d7%95%d7%a0%d7%99%d7%a8/,2026-06-01T18:46:52+00:00
nadlan_professional-sitemap.xml,https://nad-lan.co.il/professionals/%d7%97%d7%a1%d7%9f-%d7%9e%d7%97%d7%9e%d7%95%d7%93/,2026-06-01T18:46:53+00:00
nadlan_professional-sitemap.xml,https://nad-lan.co.il/professionals/%d7%96%d7%95%d7%a2%d7%91%d7%99-%d7%9e%d7%97%d7%9e%d7%95%d7%93-%d7%a4%d7%90%d7%99%d7%96/,2026-06-01T18:46:53+00:00
nadlan_professional-sitemap.xml,https://nad-lan.co.il/professionals/%d7%97%d7%9c%d7%99%d7%9c%d7%99%d7%94-%d7%90%d7%97%d7%9e%d7%93-%d7%a9%d7%a8%d7%99%d7%a3/,2026-06-01T18:46:54+00:00
nadlan_professional-sitemap.xml,https://nad-lan.co.il/professionals/%d7%90%d7%91%d7%95-%d7%97%d7%98%d7%95%d7%9d-%d7%92%d7%99%d7%94%d7%90%d7%93/,2026-06-01T18:46:55+00:00
nadlan_professional-sitemap.xml,https://nad-lan.co.il/professionals/%d7%a2%d7%95%d7%93%d7%94-%d7%a2%d7%90%d7%93%d7%9c/,2026-06-01T18:46:56+00:00
nadlan_professional-sitemap.xml,https://nad-lan.co.il/professionals/%d7%a8%d7%99%d7%a9%d7%94-%d7%90%d7%9c%d7%99%d7%90%d7%a1/,2026-06-01T18:46:57+00:00
nadlan_professional-sitemap.xml,https://nad-lan.co.il/professionals/%d7%90%d7%91%d7%95-%d7%97%d7%93%d7%a8%d7%90-%d7%a2%d7%93%d7%a0%d7%90%d7%9f/,2026-06-01T18:46:58+00:00
nadlan_professional-sitemap.xml,https://nad-lan.co.il/professionals/%d7%99%d7%a2%d7%a7%d7%91-%d7%99%d7%95%d7%a1%d7%a3/,2026-06-01T18:46:59+00:00
nadlan_professional-sitemap.xml,https://nad-lan.co.il/professionals/%d7%90%d7%98%d7%a8%d7%a9-%d7%90%d7%99%d7%91%d7%a8%d7%94%d7%99%d7%9d/,2026-06-01T18:46:59+00:00
nadlan_professional-sitemap.xml,https://nad-lan.co.il/professionals/%d7%9b%d7%a0%d7%a2%d7%90%d7%9f-%d7%a1%d7%95%d7%9c%d7%99%d7%9e%d7%90%d7%9f/,2026-06-01T18:47:01+00:00
nadlan_professional-sitemap.xml,https://nad-lan.co.il/professionals/%d7%99%d7%97%d7%99%d7%90-%d7%97%d7%90%d7%9c%d7%93/,2026-06-01T18:47:02+00:00
nadlan_professional-sitemap.xml,https://nad-lan.co.il/professionals/%d7%a1%d7%95%d7%9c%d7%99%d7%9e%d7%a0%d7%99-%d7%92%d7%9e%d7%90%d7%9c/,2026-06-01T18:47:03+00:00
nadlan_professional-sitemap.xml,https://nad-lan.co.il/professionals/%d7%a1%d7%9c%d7%98%d7%99-%d7%9e%d7%95%d7%97%d7%9e%d7%93/,2026-06-01T18:47:04+00:00
nadlan_professional-sitemap.xml,https://nad-lan.co.il/professionals/%d7%a1%d7%a2%d7%93-%d7%a2%d7%9c%d7%99/,2026-06-01T18:47:05+00:00
nadlan_professional-sitemap.xml,https://nad-lan.co.il/professionals/%d7%a0%d7%a2%d7%90%d7%9e%d7%a0%d7%94-%d7%a4%d7%90%d7%95%d7%96%d7%99/,2026-06-01T18:47:06+00:00
nadlan_professional-sitemap.xml,https://nad-lan.co.il/professionals/%d7%93%d7%92%d7%a9-%d7%9e%d7%95%d7%97%d7%9e%d7%93-%d7%a0%d7%99%d7%9e%d7%a8/,2026-06-01T18:47:08+00:00
nadlan_professional-sitemap.xml,https://nad-lan.co.il/professionals/%d7%a9%d7%95%d7%a8%d7%a9-%d7%92%d7%95%d7%96%d7%a3/,2026-06-01T18:47:09+00:00
nadlan_professional-sitemap.xml,https://nad-lan.co.il/professionals/%d7%97%d7%92%d7%95-%d7%a0%d7%90%d7%99%d7%a3/,2026-06-01T18:47:10+00:00
nadlan_professional-sitemap.xml,https://nad-lan.co.il/professionals/%d7%9e%d7%97%d7%92%d7%a0%d7%94-%d7%9e%d7%99%d7%a1%d7%a8%d7%94-%d7%a4%d7%95%d7%95%d7%90%d7%96/,2026-06-01T18:47:11+00:00
nadlan_professional-sitemap.xml,https://nad-lan.co.il/professionals/%d7%9e%d7%97%d7%9e%d7%99%d7%93-%d7%aa%d7%95%d7%a4%d7%99%d7%a7/,2026-06-01T18:47:12+00:00
nadlan_professional-sitemap.xml,https://nad-lan.co.il/professionals/%d7%9e%d7%97%d7%90%d7%9e%d7%99%d7%93-%d7%9e%d7%97%d7%9e%d7%95%d7%93-%d7%a7%d7%90%d7%a1%d7%9d/,2026-06-01T18:47:14+00:00
nadlan_professional-sitemap.xml,https://nad-lan.co.il/professionals/%d7%90%d7%92%d7%91%d7%a8%d7%99%d7%99%d7%94-%d7%90%d7%97%d7%9e%d7%93/,2026-06-01T18:47:15+00:00
nadlan_professional-sitemap.xml,https://nad-lan.co.il/professionals/%d7%92%d7%91%d7%a8%d7%99%d7%9f-%d7%97%d7%a4%d7%93%d7%99/,2026-06-01T18:47:16+00:00
nadlan_professional-sitemap.xml,https://nad-lan.co.il/professionals/%d7%a1%d7%a8%d7%90%d7%97%d7%a0%d7%94-%d7%a2%d7%98%d7%90/,2026-06-01T18:47:17+00:00
nadlan_professional-sitemap.xml,https://nad-lan.co.il/professionals/%d7%97%d7%95%d7%a8%d7%99-%d7%a8%d7%90%d7%9e%d7%99/,2026-06-01T18:47:18+00:00
nadlan_professional-sitemap.xml,https://nad-lan.co.il/professionals/%d7%a2%d7%91%d7%93-%d7%a4%d7%95%d7%90%d7%93/,2026-06-01T18:47:19+00:00
nadlan_professional-sitemap.xml,https://nad-lan.co.il/professionals/%d7%90%d7%9c%d7%95%d7%9f-%d7%a9%d7%97%d7%a8/,2026-06-01T18:47:20+00:00
nadlan_professional-sitemap.xml,https://nad-lan.co.il/professionals/%d7%a1%d7%a8%d7%92%d7%95%d7%a1%d7%98%d7%99-%d7%a9%d7%9c%d7%9e%d7%94/,2026-06-01T18:47:21+00:00
nadlan_professional-sitemap.xml,https://nad-lan.co.il/professionals/%d7%9e%d7%96%d7%a8%d7%97%d7%99-%d7%a2%d7%95%d7%96/,2026-06-01T18:47:22+00:00
nadlan_professional-sitemap.xml,https://nad-lan.co.il/professionals/%d7%90%d7%a0%d7%a7%d7%90%d7%95%d7%95%d7%94-%d7%99%d7%a6%d7%97%d7%a7/,2026-06-01T18:47:23+00:00
nadlan_professional-sitemap.xml,https://nad-lan.co.il/professionals/%d7%93%d7%95%d7%90%d7%91-%d7%9c%d7%99%d7%a8%d7%95%d7%9f/,2026-06-01T18:47:24+00:00
nadlan_professional-sitemap.xml,https://nad-lan.co.il/professionals/%d7%9e%d7%a1%d7%a8%d7%99-%d7%9e%d7%97%d7%9e%d7%93/,2026-06-01T18:48:49+00:00
nadlan_professional-sitemap.xml,https://nad-lan.co.il/professionals/%d7%9b%d7%94%d7%9f-%d7%a8%d7%9f/,2026-06-01T18:48:50+00:00
nadlan_professional-sitemap.xml,https://nad-lan.co.il/professionals/%d7%90%d7%91%d7%99%d7%98%d7%9c-%d7%90%d7%9c%d7%99/,2026-06-01T18:48:50+00:00
nadlan_professional-sitemap.xml,https://nad-lan.co.il/professionals/%d7%90%d7%9c%d7%a7%d7%a8%d7%99%d7%a0%d7%90%d7%95%d7%99-%d7%a2%d7%95%d7%90%d7%9e%d7%a8/,2026-06-01T18:48:51+00:00
nadlan_professional-sitemap.xml,https://nad-lan.co.il/professionals/%d7%91%d7%a8%d7%92%d7%a8-%d7%93%d7%95%d7%a8-%d7%96%d7%90%d7%91/,2026-06-01T18:48:52+00:00
nadlan_professional-sitemap.xml,https://nad-lan.co.il/professionals/%d7%90%d7%91%d7%95-%d7%a1%d7%a2%d7%93-%d7%99%d7%97%d7%99%d7%90/,2026-06-01T18:48:53+00:00
nadlan_professional-sitemap.xml,https://nad-lan.co.il/professionals/%d7%90%d7%9c%d7%a7%d7%a8%d7%99%d7%a0%d7%90%d7%95%d7%99-%d7%a2%d7%a8%d7%90%d7%93/,2026-06-01T18:48:53+00:00
nadlan_professional-sitemap.xml,https://nad-lan.co.il/professionals/%d7%a7%d7%9c%d7%99%d7%9e%d7%99-%d7%a8%d7%95%d7%a2%d7%99/,2026-06-01T18:48:54+00:00
nadlan_professional-sitemap.xml,https://nad-lan.co.il/professionals/%d7%a7%d7%a8%d7%9e%d7%a8-%d7%90%d7%91%d7%99%d7%91/,2026-06-01T18:48:55+00:00
nadlan_professional-sitemap.xml,https://nad-lan.co.il/professionals/%d7%90%d7%9c%d7%9e%d7%a7%d7%99%d7%90%d7%a1-%d7%90%d7%95%d7%a8%d7%90%d7%9c/,2026-06-01T18:48:56+00:00
nadlan_professional-sitemap.xml,https://nad-lan.co.il/professionals/%d7%a9%d7%9e%d7%97%d7%95%d7%9f-%d7%97%d7%a0%d7%a0%d7%90%d7%9c/,2026-06-01T18:48:57+00:00
nadlan_professional-sitemap.xml,https://nad-lan.co.il/professionals/%d7%90%d7%91%d7%95-%d7%a1%d7%9c%d7%90%d7%97-%d7%a2%d7%9c%d7%99/,2026-06-01T18:48:58+00:00
nadlan_professional-sitemap.xml,https://nad-lan.co.il/professionals/%d7%a7%d7%a8%d7%a0%d7%99-%d7%90%d7%99%d7%aa%d7%9e%d7%a8/,2026-06-01T18:48:59+00:00
nadlan_professional-sitemap.xml,https://nad-lan.co.il/professionals/%d7%a9%d7%93%d7%94-%d7%a2%d7%9e%d7%99%d7%a8/,2026-06-01T18:49:00+00:00
nadlan_professional-sitemap.xml,https://nad-lan.co.il/professionals/%d7%a4%d7%95%d7%9c%d7%a7-%d7%a2%d7%95%d7%9e%d7%a8%d7%99/,2026-06-01T18:49:01+00:00
nadlan_professional-sitemap.xml,https://nad-lan.co.il/professionals/%d7%a8%d7%95%d7%96%d7%9f-%d7%99%d7%95%d7%a1%d7%99/,2026-06-01T18:49:02+00:00
nadlan_professional-sitemap.xml,https://nad-lan.co.il/professionals/%d7%a1%d7%a7%d7%99%d7%90%d7%9f-%d7%90%d7%91%d7%99%d7%90%d7%9c/,2026-06-01T18:49:03+00:00
nadlan_professional-sitemap.xml,https://nad-lan.co.il/professionals/%d7%93%d7%a2%d7%99%d7%99%d7%a3-%d7%a2%d7%95%d7%91%d7%99%d7%93%d7%94/,2026-06-01T18:49:04+00:00
nadlan_professional-sitemap.xml,https://nad-lan.co.il/professionals/%d7%99%d7%a9%d7%97-%d7%99%d7%95%d7%90%d7%91/,2026-06-01T18:49:06+00:00
nadlan_professional-sitemap.xml,https://nad-lan.co.il/professionals/%d7%a4%d7%a8%d7%a5-%d7%a2%d7%99%d7%93%d7%95/,2026-06-01T18:49:07+00:00
nadlan_professional-sitemap.xml,https://nad-lan.co.il/professionals/%d7%9b%d7%97%d7%9c%d7%95%d7%9f-%d7%90%d7%a8%d7%96/,2026-06-01T18:49:08+00:00
nadlan_professional-sitemap.xml,https://nad-lan.co.il/professionals/%d7%a8%d7%99%d7%99%d7%9e%d7%95%d7%a0%d7%93-%d7%99%d7%94%d7%95%d7%a0%d7%aa%d7%9f/,2026-06-01T18:49:09+00:00
nadlan_professional-sitemap.xml,https://nad-lan.co.il/professionals/%d7%9b%d7%94%d7%9f-%d7%93%d7%95%d7%93/,2026-06-01T18:49:10+00:00
nadlan_professional-sitemap.xml,https://nad-lan.co.il/professionals/%d7%9b%d7%94%d7%9f-%d7%99%d7%a4%d7%aa%d7%97/,2026-06-01T18:49:11+00:00
nadlan_professional-sitemap.xml,https://nad-lan.co.il/professionals/%d7%a1%d7%91%d7%97-%d7%9c%d7%95%d7%99-%d7%a9%d7%97%d7%a8/,2026-06-01T18:49:12+00:00
nadlan_professional-sitemap.xml,https://nad-lan.co.il/professionals/%d7%9e%d7%95%d7%a9%d7%a7%d7%95%d7%91%d7%99%d7%a5-%d7%99%d7%a2%d7%a7%d7%91/,2026-06-01T18:49:14+00:00
nadlan_professional-sitemap.xml,https://nad-lan.co.il/professionals/%d7%93%d7%95%d7%93-%d7%99%d7%95%d7%a0%d7%aa%d7%9f/,2026-06-01T18:49:15+00:00
nadlan_professional-sitemap.xml,https://nad-lan.co.il/professionals/%d7%a1%d7%98%d7%a8%d7%95%d7%9c%d7%95%d7%95%d7%99%d7%a5-%d7%97%d7%a0%d7%9f-%d7%99%d7%95%d7%a1%d7%a3/,2026-06-01T18:49:16+00:00
nadlan_professional-sitemap.xml,https://nad-lan.co.il/professionals/%d7%a1%d7%95%d7%9c%d7%98%d7%90%d7%9f-%d7%a9%d7%a8%d7%99%d7%a3/,2026-06-01T18:49:17+00:00
nadlan_professional-sitemap.xml,https://nad-lan.co.il/professionals/%d7%97%d7%93%d7%99%d7%92%d7%94-%d7%a2%d7%9e%d7%90%d7%a8/,2026-06-01T18:49:18+00:00
nadlan_professional-sitemap.xml,https://nad-lan.co.il/professionals/%d7%97%d7%90%d7%92-%d7%99%d7%97%d7%99%d7%90-%d7%9e%d7%97%d7%9e%d7%95%d7%93/,2026-06-01T18:49:19+00:00
nadlan_professional-sitemap.xml,https://nad-lan.co.il/professionals/%d7%95%d7%a8%d7%95%d7%9f-%d7%a2%d7%99%d7%93%d7%9f/,2026-06-01T18:49:20+00:00
nadlan_professional-sitemap.xml,https://nad-lan.co.il/professionals/%d7%99%d7%a4%d7%aa-%d7%90%d7%9c%d7%9e%d7%95%d7%92/,2026-06-01T18:49:21+00:00
nadlan_professional-sitemap.xml,https://nad-lan.co.il/professionals/%d7%91%d7%9f-%d7%a9%d7%95%d7%a9%d7%9f-%d7%99%d7%a9%d7%99/,2026-06-01T18:49:22+00:00
nadlan_professional-sitemap.xml,https://nad-lan.co.il/professionals/%d7%a1%d7%9e%d7%95-%d7%99%d7%95%d7%a1%d7%a3/,2026-06-01T18:49:23+00:00
nadlan_professional-sitemap.xml,https://nad-lan.co.il/professionals/%d7%9e%d7%a0%d7%a1%d7%95%d7%a8-%d7%a0%d7%a9%d7%90%d7%aa/,2026-06-01T18:49:24+00:00
nadlan_professional-sitemap.xml,https://nad-lan.co.il/professionals/%d7%a9%d7%9c%d7%95-%d7%92%d7%9c/,2026-06-01T18:49:24+00:00
nadlan_professional-sitemap.xml,https://nad-lan.co.il/professionals/%d7%a2%d7%98%d7%95%d7%9f-%d7%9e%d7%90%d7%94%d7%a8/,2026-06-01T18:49:25+00:00
nadlan_professional-sitemap.xml,https://nad-lan.co.il/professionals/%d7%95%d7%99%d7%a7%d7%a1%d7%9c%d7%91%d7%95%d7%99%d7%9d-%d7%99%d7%94%d7%95%d7%a0%d7%aa%d7%9f/,2026-06-01T18:49:26+00:00
nadlan_professional-sitemap.xml,https://nad-lan.co.il/professionals/%d7%a1%d7%92%d7%9f-%d7%90%d7%95%d7%a8%d7%9f/,2026-06-01T18:49:27+00:00
nadlan_professional-sitemap.xml,https://nad-lan.co.il/professionals/%d7%90%d7%9c%d7%9e%d7%a7%d7%99%d7%99%d7%a1-%d7%93%d7%95%d7%93/,2026-06-01T18:49:28+00:00
nadlan_professional-sitemap.xml,https://nad-lan.co.il/professionals/%d7%a0%d7%97%d7%95%d7%9d-%d7%99%d7%a9%d7%a8%d7%90%d7%9c/,2026-06-01T18:49:28+00:00
nadlan_professional-sitemap.xml,https://nad-lan.co.il/professionals/%d7%a7%d7%95%d7%9c%d7%a0%d7%99-%d7%a2%d7%93%d7%99/,2026-06-01T18:49:29+00:00
nadlan_professional-sitemap.xml,https://nad-lan.co.il/professionals/%d7%a2%d7%91%d7%99%d7%93%d7%90%d7%aa-%d7%a2%d7%90%d7%9e%d7%a8/,2026-06-01T18:49:30+00:00
nadlan_professional-sitemap.xml,https://nad-lan.co.il/professionals/%d7%91%d7%9c%d7%95%d7%99-%d7%a9%d7%9e%d7%a9%d7%95%d7%9f/,2026-06-01T18:49:31+00:00
nadlan_professional-sitemap.xml,https://nad-lan.co.il/professionals/%d7%90%d7%91%d7%90%d7%93%d7%99-%d7%90%d7%9c%d7%99/,2026-06-01T18:49:32+00:00
nadlan_professional-sitemap.xml,https://nad-lan.co.il/professionals/%d7%a6%d7%91%d7%99-%d7%a9%d7%99/,2026-06-01T18:49:33+00:00
nadlan_professional-sitemap.xml,https://nad-lan.co.il/professionals/%d7%99%d7%a9%d7%a8%d7%90%d7%9c%d7%99-%d7%99%d7%95%d7%91%d7%9c/,2026-06-01T18:49:33+00:00
nadlan_professional-sitemap.xml,https://nad-lan.co.il/professionals/%d7%99%d7%95%d7%a1%d7%a3-%d7%a8%d7%95%d7%a2%d7%99/,2026-06-01T18:49:34+00:00
nadlan_professional-sitemap.xml,https://nad-lan.co.il/professionals/%d7%9e%d7%90%d7%a8%d7%95%d7%a7%d7%95-%d7%a9%d7%9c%d7%9e%d7%94/,2026-06-01T18:49:35+00:00
nadlan_professional-sitemap.xml,https://nad-lan.co.il/professionals/%d7%a8%d7%95%d7%91%d7%99%d7%9f-%d7%90%d7%99%d7%99%d7%9c/,2026-06-01T18:49:36+00:00
nadlan_professional-sitemap.xml,https://nad-lan.co.il/professionals/%d7%96%d7%94%d7%a8-%d7%a0%d7%99%d7%a8/,2026-06-01T18:49:37+00:00
nadlan_professional-sitemap.xml,https://nad-lan.co.il/professionals/%d7%9e%d7%96%d7%a8%d7%97%d7%99-%d7%a7%d7%95%d7%91%d7%99/,2026-06-01T18:49:38+00:00
nadlan_professional-sitemap.xml,https://nad-lan.co.il/professionals/%d7%9e%d7%95%d7%98%d7%90%d7%93%d7%94-%d7%97%d7%99%d7%99%d7%9d/,2026-06-01T18:49:38+00:00
nadlan_professional-sitemap.xml,https://nad-lan.co.il/professionals/%d7%97%d7%9e%d7%90%d7%99%d7%a1%d7%99-%d7%94%d7%99%d7%a9%d7%90%d7%9d/,2026-06-01T18:49:39+00:00
nadlan_professional-sitemap.xml,https://nad-lan.co.il/professionals/%d7%90%d7%91%d7%95-%d7%a8%d7%90%d7%a1-%d7%9e%d7%95%d7%a1%d7%90/,2026-06-01T18:49:40+00:00
nadlan_professional-sitemap.xml,https://nad-lan.co.il/professionals/%d7%a2%d7%93%d7%95%d7%99-%d7%a2%d7%91%d7%93-%d7%90%d7%9c-%d7%a1%d7%9c%d7%90%d7%9d/,2026-06-01T18:49:41+00:00
nadlan_professional-sitemap.xml,https://nad-lan.co.il/professionals/%d7%9e%d7%95%d7%96%d7%9c%d7%91%d7%98-%d7%a1%d7%97%d7%90/,2026-06-01T18:49:42+00:00
nadlan_professional-sitemap.xml,https://nad-lan.co.il/professionals/%d7%90%d7%91%d7%95-%d7%97%d7%99%d7%99%d7%98-%d7%97%d7%a1%d7%9f/,2026-06-01T18:49:43+00:00
nadlan_professional-sitemap.xml,https://nad-lan.co.il/professionals/%d7%a7%d7%96%d7%9e%d7%95%d7%96-%d7%90%d7%a0%d7%98%d7%95%d7%9f/,2026-06-01T18:49:44+00:00
nadlan_professional-sitemap.xml,https://nad-lan.co.il/professionals/%d7%a0%d7%a2%d7%90%d7%9e%d7%a0%d7%94-%d7%a8%d7%91%d7%99%d7%a2/,2026-06-01T18:49:44+00:00
nadlan_professional-sitemap.xml,https://nad-lan.co.il/professionals/%d7%a2%d7%95%d7%9e%d7%a8-%d7%94%d7%99%d7%99%d7%aa%d7%9d/,2026-06-01T18:49:45+00:00
nadlan_professional-sitemap.xml,https://nad-lan.co.il/professionals/%d7%9e%d7%97%d7%90%d7%92%d7%a0%d7%94-%d7%95%d7%a1%d7%90%d7%9d/,2026-06-01T18:49:46+00:00
nadlan_professional-sitemap.xml,https://nad-lan.co.il/professionals/%d7%97%d7%90%d7%92-%d7%99%d7%97%d7%99%d7%90-%d7%a8%d7%90%d7%99%d7%93/,2026-06-01T18:49:47+00:00
nadlan_professional-sitemap.xml,https://nad-lan.co.il/professionals/%d7%a1%d7%95%d7%99%d7%93-%d7%a8%d7%91%d7%99%d7%a2/,2026-06-01T18:49:48+00:00
nadlan_professional-sitemap.xml,https://nad-lan.co.il/professionals/%d7%a0%d7%99%d7%92%d7%99%d7%9d-%d7%95%d7%90%d7%99%d7%9c/,2026-06-01T18:49:49+00:00
nadlan_professional-sitemap.xml,https://nad-lan.co.il/professionals/%d7%9e%d7%97%d7%90%d7%9e%d7%99%d7%93-%d7%a2%d7%91%d7%93-%d7%90%d7%9c%d7%a4%d7%aa%d7%90%d7%97/,2026-06-01T18:49:50+00:00
nadlan_professional-sitemap.xml,https://nad-lan.co.il/professionals/%d7%90%d7%9e%d7%90%d7%a8%d7%94-%d7%94%d7%99%d7%a9%d7%90%d7%9d/,2026-06-01T18:49:51+00:00
nadlan_professional-sitemap.xml,https://nad-lan.co.il/professionals/%d7%a2%d7%9e%d7%99%d7%a8%d7%94-%d7%9e%d7%95%d7%97%d7%9e%d7%93/,2026-06-01T18:49:51+00:00
nadlan_professional-sitemap.xml,https://nad-lan.co.il/professionals/%d7%a2%d7%9e%d7%a8%d7%95-%d7%a8%d7%90%d7%99%d7%a3/,2026-06-01T18:49:52+00:00
nadlan_professional-sitemap.xml,https://nad-lan.co.il/professionals/%d7%a2%d7%9e%d7%90%d7%a8-%d7%a2%d7%9e%d7%90%d7%a8/,2026-06-01T18:49:53+00:00
nadlan_professional-sitemap.xml,https://nad-lan.co.il/professionals/%d7%9e%d7%92%d7%99%d7%93%d7%99-%d7%90%d7%a1%d7%aa%d7%99%d7%aa%d7%99%d7%94/,2026-06-01T18:49:54+00:00
nadlan_professional-sitemap.xml,https://nad-lan.co.il/professionals/%d7%90%d7%91%d7%95-%d7%a1%d7%94%d7%99%d7%91%d7%90%d7%9f-%d7%a6%d7%9c%d7%97/,2026-06-01T18:49:55+00:00
nadlan_professional-sitemap.xml,https://nad-lan.co.il/professionals/%d7%97%d7%95%d7%a1%d7%99%d7%9f-%d7%94%d7%99%d7%aa%d7%9d/,2026-06-01T18:49:56+00:00
nadlan_professional-sitemap.xml,https://nad-lan.co.il/professionals/%d7%90%d7%91%d7%99%d7%98%d7%9c-%d7%a0%d7%aa%d7%a0%d7%90%d7%9c/,2026-06-01T18:49:57+00:00
nadlan_professional-sitemap.xml,https://nad-lan.co.il/professionals/%d7%a7%d7%93%d7%95%d7%a9-%d7%a2%d7%9e%d7%a8%d7%99/,2026-06-01T18:49:57+00:00
nadlan_professional-sitemap.xml,https://nad-lan.co.il/professionals/%d7%9e%d7%95%d7%a1%d7%90-%d7%9c%d7%95%d7%98%d7%a4%d7%99/,2026-06-01T18:49:58+00:00
nadlan_professional-sitemap.xml,https://nad-lan.co.il/professionals/%d7%a0%d7%97%d7%9e%d7%a0%d7%99-%d7%a0%d7%aa%d7%a0%d7%90%d7%9c/,2026-06-01T18:49:59+00:00
nadlan_professional-sitemap.xml,https://nad-lan.co.il/professionals/%d7%99%d7%a2%d7%a7%d7%91-%d7%a4%d7%9c%d7%92/,2026-06-01T18:50:00+00:00
nadlan_professional-sitemap.xml,https://nad-lan.co.il/professionals/%d7%a9%d7%99%d7%9e%d7%95%d7%9f-%d7%90%d7%91%d7%a8%d7%94%d7%9d/,2026-06-01T18:50:01+00:00
nadlan_professional-sitemap.xml,https://nad-lan.co.il/professionals/%d7%a2%d7%95%d7%95%d7%93-%d7%90%d7%9c%d7%9c%d7%94-%d7%a8%d7%a9%d7%90%d7%93/,2026-06-01T18:50:03+00:00
nadlan_professional-sitemap.xml,https://nad-lan.co.il/professionals/%d7%90%d7%91%d7%99%d7%90%d7%9c-%d7%90%d7%95%d7%a8%d7%9f/,2026-06-01T18:50:03+00:00
nadlan_professional-sitemap.xml,https://nad-lan.co.il/professionals/%d7%92%d7%a8%d7%95%d7%91%d7%a8-%d7%9e%d7%a0%d7%97%d7%9d/,2026-06-01T18:50:05+00:00
nadlan_professional-sitemap.xml,https://nad-lan.co.il/professionals/%d7%a9%d7%a2%d7%a8-%d7%90%d7%9c%d7%95%d7%9f/,2026-06-01T18:50:06+00:00
nadlan_professional-sitemap.xml,https://nad-lan.co.il/professionals/%d7%92%d7%90%d7%91%d7%a8-%d7%a1%d7%9e%d7%99%d7%a8/,2026-06-01T18:50:07+00:00
nadlan_professional-sitemap.xml,https://nad-lan.co.il/professionals/%d7%9e%d7%9c%d7%95%d7%9c-%d7%99%d7%95%d7%a1%d7%a3/,2026-06-01T18:50:08+00:00
nadlan_professional-sitemap.xml,https://nad-lan.co.il/professionals/%d7%92%d7%91%d7%a1%d7%95-%d7%a0%d7%99%d7%a1%d7%99%d7%9d/,2026-06-01T18:50:09+00:00
nadlan_professional-sitemap.xml,https://nad-lan.co.il/professionals/%d7%95%d7%a0%d7%98%d7%95%d7%a8%d7%94-%d7%90%d7%a9%d7%a8/,2026-06-01T18:50:10+00:00
nadlan_professional-sitemap.xml,https://nad-lan.co.il/professionals/%d7%91%d7%9b%d7%a8-%d7%99%d7%95%d7%a1%d7%99/,2026-06-01T18:50:11+00:00
nadlan_professional-sitemap.xml,https://nad-lan.co.il/professionals/%d7%a9%d7%9c%d7%95%d7%9d-%d7%99%d7%95%d7%a1%d7%a3-%d7%97%d7%99/,2026-06-01T18:50:12+00:00
nadlan_professional-sitemap.xml,https://nad-lan.co.il/professionals/%d7%91%d7%a8-%d7%90%d7%9c-%d7%a6%d7%95%d7%a8%d7%99%d7%90%d7%9c/,2026-06-01T18:50:13+00:00
nadlan_professional-sitemap.xml,https://nad-lan.co.il/professionals/%d7%a9%d7%97%d7%9d-%d7%99%d7%a6%d7%97%d7%a7/,2026-06-01T18:50:15+00:00
nadlan_professional-sitemap.xml,https://nad-lan.co.il/professionals/%d7%9e%d7%95%d7%a8-%d7%97%d7%99%d7%99%d7%9d-%d7%a9%d7%9e%d7%95%d7%90%d7%9c/,2026-06-01T18:50:16+00:00
nadlan_professional-sitemap.xml,https://nad-lan.co.il/professionals/%d7%90%d7%91%d7%a8%d7%94%d7%9d-%d7%9e%d7%99%d7%9b%d7%90%d7%9c/,2026-06-01T18:50:17+00:00
nadlan_professional-sitemap.xml,https://nad-lan.co.il/professionals/%d7%a1%d7%95%d7%9c%d7%98%d7%9f-%d7%a0%d7%99%d7%a1%d7%99%d7%9d/,2026-06-01T18:50:18+00:00
nadlan_professional-sitemap.xml,https://nad-lan.co.il/professionals/%d7%98%d7%95%d7%91%d7%99%d7%9d-%d7%a9%d7%9c%d7%95%d7%9e%d7%99/,2026-06-01T18:50:19+00:00
nadlan_professional-sitemap.xml,https://nad-lan.co.il/professionals/%d7%92%d7%91%d7%99%d7%96%d7%95%d7%9f-%d7%90%d7%9c%d7%99/,2026-06-01T18:50:20+00:00
nadlan_professional-sitemap.xml,https://nad-lan.co.il/professionals/%d7%90%d7%99%d7%a0%d7%9c-%d7%a8%d7%95%d7%a2%d7%99-%d7%aa%d7%9e%d7%99%d7%a8/,2026-06-01T18:50:21+00:00
nadlan_professional-sitemap.xml,https://nad-lan.co.il/professionals/%d7%90%d7%95%d7%96%d7%9f-%d7%9e%d7%90%d7%99%d7%a8/,2026-06-01T18:50:22+00:00
nadlan_professional-sitemap.xml,https://nad-lan.co.il/professionals/%d7%94%d7%99%d7%a0%d7%93%d7%99-%d7%99%d7%a4%d7%a8%d7%97-%d7%90%d7%a8%d7%99%d7%90%d7%9c/,2026-06-01T18:50:23+00:00
nadlan_professional-sitemap.xml,https://nad-lan.co.il/professionals/%d7%97%d7%96%d7%95%d7%9f-%d7%a8%d7%a4%d7%90%d7%9c/,2026-06-01T18:50:24+00:00
nadlan_professional-sitemap.xml,https://nad-lan.co.il/professionals/%d7%93%d7%a7%d7%9c-%d7%a0%d7%95%d7%a2%d7%9d/,2026-06-01T18:50:24+00:00
nadlan_professional-sitemap.xml,https://nad-lan.co.il/professionals/%d7%a8%d7%95%d7%9f-%d7%90%d7%a8%d7%96/,2026-06-01T18:50:25+00:00
nadlan_professional-sitemap.xml,https://nad-lan.co.il/professionals/%d7%a1%d7%99%d7%92%d7%90%d7%95%d7%99-%d7%a8%d7%95%d7%a0%d7%9f/,2026-06-01T18:50:26+00:00
nadlan_professional-sitemap.xml,https://nad-lan.co.il/professionals/%d7%a2%d7%a8%d7%9e%d7%99-%d7%90%d7%95%d7%a4%d7%99%d7%a8/,2026-06-01T18:50:27+00:00
nadlan_professional-sitemap.xml,https://nad-lan.co.il/professionals/%d7%9e%d7%a0%d7%a6%d7%a8-%d7%a2%d7%96%d7%a8/,2026-06-01T18:50:28+00:00
nadlan_professional-sitemap.xml,https://nad-lan.co.il/professionals/%d7%93%d7%93%d7%a9-%d7%99%d7%a6%d7%97%d7%a7-%d7%a2%d7%95%d7%a4%d7%a8/,2026-06-01T18:50:29+00:00
nadlan_professional-sitemap.xml,https://nad-lan.co.il/professionals/%d7%96%d7%a7%d7%9f-%d7%90%d7%9e%d7%99%d7%a8/,2026-06-01T18:50:30+00:00
nadlan_professional-sitemap.xml,https://nad-lan.co.il/professionals/%d7%a8%d7%95%d7%9e%d7%9f-%d7%90%d7%a8%d7%96/,2026-06-01T18:50:30+00:00
nadlan_professional-sitemap.xml,https://nad-lan.co.il/professionals/%d7%90%d7%96%d7%95%d7%9c%d7%90%d7%99-%d7%90%d7%a9%d7%a8/,2026-06-01T18:50:31+00:00
nadlan_professional-sitemap.xml,https://nad-lan.co.il/professionals/%d7%91%d7%95%d7%a1%d7%a7%d7%99%d7%9c%d7%94-%d7%93%d7%95%d7%93/,2026-06-01T18:50:32+00:00
nadlan_professional-sitemap.xml,https://nad-lan.co.il/professionals/%d7%93%d7%9e%d7%90%d7%a8%d7%99-%d7%90%d7%a8%d7%96/,2026-06-01T18:50:33+00:00
nadlan_professional-sitemap.xml,https://nad-lan.co.il/professionals/%d7%99%d7%95%d7%a1%d7%a3-%d7%90%d7%99%d7%9c%d7%9f/,2026-06-01T18:50:33+00:00
nadlan_professional-sitemap.xml,https://nad-lan.co.il/professionals/%d7%92%d7%95%d7%99%d7%98%d7%94-%d7%a8%d7%90%d7%95%d7%91%d7%9f/,2026-06-01T18:50:34+00:00
nadlan_professional-sitemap.xml,https://nad-lan.co.il/professionals/%d7%93%d7%95%d7%99%d7%93%d7%99-%d7%90%d7%99%d7%9c%d7%9f/,2026-06-01T18:50:35+00:00
nadlan_professional-sitemap.xml,https://nad-lan.co.il/professionals/%d7%93%d7%94%d7%9f-%d7%93%d7%a0%d7%99%d7%90%d7%9c/,2026-06-01T18:50:36+00:00
nadlan_professional-sitemap.xml,https://nad-lan.co.il/professionals/%d7%92%d7%96-%d7%a9%d7%9c%d7%95%d7%9d-%d7%a2%d7%9e%d7%99%d7%a8/,2026-06-01T18:50:37+00:00
nadlan_professional-sitemap.xml,https://nad-lan.co.il/professionals/%d7%90%d7%96%d7%95%d7%9c%d7%90%d7%99-%d7%90%d7%99%d7%aa%d7%9f/,2026-06-01T18:50:38+00:00
nadlan_professional-sitemap.xml,https://nad-lan.co.il/professionals/%d7%97%d7%96%d7%9f-%d7%99%d7%95%d7%90%d7%91/,2026-06-01T18:50:39+00:00
nadlan_professional-sitemap.xml,https://nad-lan.co.il/professionals/%d7%a8%d7%95%d7%9c%d7%a0%d7%99%d7%a7-%d7%92%d7%93%d7%99/,2026-06-01T18:50:40+00:00
nadlan_professional-sitemap.xml,https://nad-lan.co.il/professionals/%d7%aa%d7%9e%d7%a8%d7%99-%d7%92%d7%99%d7%90/,2026-06-01T18:50:41+00:00
nadlan_professional-sitemap.xml,https://nad-lan.co.il/professionals/%d7%90%d7%96%d7%90%d7%a6%d7%99-%d7%a8%d7%90%d7%95%d7%91%d7%9f/,2026-06-01T18:50:42+00:00
nadlan_professional-sitemap.xml,https://nad-lan.co.il/professionals/%d7%9c%d7%95%d7%99-%d7%a0%d7%99%d7%91/,2026-06-01T18:50:43+00:00
nadlan_professional-sitemap.xml,https://nad-lan.co.il/professionals/%d7%a9%d7%9e%d7%a2%d7%95%d7%a0%d7%99-%d7%aa%d7%9e%d7%99%d7%a8/,2026-06-01T18:50:43+00:00
nadlan_professional-sitemap.xml,https://nad-lan.co.il/professionals/%d7%97%d7%a1%d7%a0%d7%95-%d7%a9%d7%9e%d7%95%d7%90%d7%9c/,2026-06-01T18:50:44+00:00
nadlan_professional-sitemap.xml,https://nad-lan.co.il/professionals/%d7%a9%d7%aa%d7%99%d7%99%d7%95%d7%99-%d7%97%d7%99%d7%99%d7%9d/,2026-06-01T18:50:45+00:00
nadlan_professional-sitemap.xml,https://nad-lan.co.il/professionals/%d7%9b%d7%94%d7%9f-%d7%9e%d7%a9%d7%94/,2026-06-01T18:50:45+00:00
nadlan_professional-sitemap.xml,https://nad-lan.co.il/professionals/%d7%90%d7%97%d7%a0%d7%99%d7%9f-%d7%a9%d7%9e%d7%95%d7%90%d7%9c/,2026-06-01T18:50:46+00:00
nadlan_professional-sitemap.xml,https://nad-lan.co.il/professionals/%d7%97%d7%93%d7%93-%d7%90%d7%91%d7%a0%d7%a8/,2026-06-01T18:50:46+00:00
nadlan_professional-sitemap.xml,https://nad-lan.co.il/professionals/%d7%a1%d7%9c%d7%9e%d7%9f-%d7%90%d7%99%d7%aa%d7%9f/,2026-06-01T18:50:46+00:00
nadlan_professional-sitemap.xml,https://nad-lan.co.il/professionals/%d7%96%d7%94%d7%a8-%d7%90%d7%a8%d7%96/,2026-06-01T18:50:47+00:00
nadlan_professional-sitemap.xml,https://nad-lan.co.il/professionals/%d7%93%d7%95%d7%93-%d7%97%d7%99-%d7%a0%d7%99%d7%a1%d7%99%d7%9d/,2026-06-01T18:50:47+00:00
nadlan_professional-sitemap.xml,https://nad-lan.co.il/professionals/%d7%9c%d7%95%d7%99-%d7%99%d7%90%d7%99%d7%a8/,2026-06-01T18:50:48+00:00
nadlan_professional-sitemap.xml,https://nad-lan.co.il/professionals/%d7%91%d7%9f-%d7%97%d7%9e%d7%95-%d7%99%d7%95%d7%a1%d7%a3/,2026-06-01T18:50:48+00:00
nadlan_professional-sitemap.xml,https://nad-lan.co.il/professionals/%d7%90%d7%99%d7%a0%d7%a6%d7%9c%d7%99%d7%a0%d7%99-%d7%9e%d7%a8%d7%a6%d7%9c%d7%95/,2026-06-01T18:50:49+00:00
nadlan_professional-sitemap.xml,https://nad-lan.co.il/professionals/%d7%9b%d7%94%d7%9f-%d7%a9%d7%9c%d7%95%d7%9d/,2026-06-01T18:50:49+00:00
nadlan_professional-sitemap.xml,https://nad-lan.co.il/professionals/%d7%90%d7%99%d7%aa%d7%9f-%d7%90%d7%91%d7%a0%d7%a8/,2026-06-01T18:50:50+00:00
nadlan_professional-sitemap.xml,https://nad-lan.co.il/professionals/%d7%a9%d7%a2%d7%99%d7%94-%d7%93%d7%a8%d7%95%d7%a8/,2026-06-01T18:50:50+00:00
nadlan_professional-sitemap.xml,https://nad-lan.co.il/professionals/%d7%91%d7%a8%d7%96%d7%99%d7%9c%d7%90%d7%99-%d7%a9%d7%9e%d7%a2%d7%95%d7%9f/,2026-06-01T18:50:50+00:00
nadlan_professional-sitemap.xml,https://nad-lan.co.il/professionals/%d7%91%d7%9f-%d7%97%d7%9e%d7%95-%d7%a9%d7%9e%d7%a2%d7%95%d7%9f/,2026-06-01T18:50:51+00:00
nadlan_professional-sitemap.xml,https://nad-lan.co.il/professionals/%d7%9e%d7%95%d7%a8%d7%93%d7%99-%d7%93%d7%95%d7%a8%d7%95%d7%9f/,2026-06-01T18:50:51+00:00
nadlan_professional-sitemap.xml,https://nad-lan.co.il/professionals/%d7%a2%d7%96%d7%90%d7%a0%d7%99-%d7%91%d7%95%d7%a2%d7%96-%d7%98%d7%9c/,2026-06-01T18:50:51+00:00
nadlan_professional-sitemap.xml,https://nad-lan.co.il/professionals/%d7%93%d7%99%d7%99%d7%9f-%d7%99%d7%94%d7%95%d7%93%d7%94-%d7%90%d7%95%d7%93%d7%99/,2026-06-01T18:50:52+00:00
nadlan_professional-sitemap.xml,https://nad-lan.co.il/professionals/%d7%93%d7%95%d7%9b%d7%90%d7%9f-%d7%99%d7%a6%d7%97%d7%a7/,2026-06-01T18:50:52+00:00
nadlan_professional-sitemap.xml,https://nad-lan.co.il/professionals/%d7%91%d7%99%d7%98%d7%95%d7%9f-%d7%9e%d7%90%d7%99%d7%a8/,2026-06-01T18:50:53+00:00
nadlan_professional-sitemap.xml,https://nad-lan.co.il/professionals/%d7%97%d7%a1%d7%9f-%d7%a8%d7%a4%d7%90%d7%9c/,2026-06-01T18:50:53+00:00
nadlan_professional-sitemap.xml,https://nad-lan.co.il/professionals/%d7%95%d7%a7%d7%a1%d7%9c%d7%a8-%d7%99%d7%a6%d7%97%d7%a7-%d7%a8%d7%9d/,2026-06-01T18:50:54+00:00
nadlan_professional-sitemap.xml,https://nad-lan.co.il/professionals/%d7%a4%d7%9c%d7%97-%d7%9e%d7%a9%d7%94/,2026-06-01T18:50:54+00:00
nadlan_professional-sitemap.xml,https://nad-lan.co.il/professionals/%d7%90%d7%95%d7%97%d7%99%d7%95%d7%9f-%d7%90%d7%99%d7%9c%d7%9f/,2026-06-01T18:50:55+00:00
nadlan_professional-sitemap.xml,https://nad-lan.co.il/professionals/%d7%91%d7%9f-%d7%99%d7%94%d7%95%d7%93%d7%94-%d7%90%d7%91%d7%a8%d7%94%d7%9d/,2026-06-01T18:50:55+00:00
nadlan_professional-sitemap.xml,https://nad-lan.co.il/professionals/%d7%90%d7%91%d7%99%d7%98%d7%9f-%d7%99%d7%92%d7%90%d7%9c/,2026-06-01T18:50:56+00:00
nadlan_professional-sitemap.xml,https://nad-lan.co.il/professionals/%d7%91%d7%9f-%d7%99%d7%94%d7%95%d7%93%d7%94-%d7%90%d7%94%d7%a8%d7%95%d7%9f/,2026-06-01T18:50:56+00:00
nadlan_professional-sitemap.xml,https://nad-lan.co.il/professionals/%d7%97%d7%92%d7%90%d7%92%d7%99-%d7%99%d7%a2%d7%a7%d7%91/,2026-06-01T18:50:57+00:00
nadlan_professional-sitemap.xml,https://nad-lan.co.il/professionals/%d7%aa%d7%95%d7%a8%d7%92%d7%9e%d7%9f-%d7%93%d7%95%d7%93/,2026-06-01T18:50:57+00:00
nadlan_professional-sitemap.xml,https://nad-lan.co.il/professionals/%d7%92%d7%95%d7%90%d7%98%d7%94-%d7%90%d7%91%d7%a0%d7%a8/,2026-06-01T18:50:57+00:00
nadlan_professional-sitemap.xml,https://nad-lan.co.il/professionals/%d7%90%d7%91%d7%95-%d7%97%d7%a6%d7%99%d7%a8%d7%90-%d7%90%d7%91%d7%a8%d7%94%d7%9d/,2026-06-01T18:50:58+00:00
nadlan_professional-sitemap.xml,https://nad-lan.co.il/professionals/%d7%91%d7%99%d7%98%d7%95%d7%9f-%d7%90%d7%9c%d7%99%d7%a2%d7%96%d7%a8/,2026-06-01T18:50:58+00:00
nadlan_professional-sitemap.xml,https://nad-lan.co.il/professionals/%d7%9c%d7%95%d7%99-%d7%a8%d7%95%d7%a0%d7%9f/,2026-06-01T18:50:59+00:00
nadlan_professional-sitemap.xml,https://nad-lan.co.il/professionals/%d7%a2%d7%a9%d7%95%d7%a8-%d7%99%d7%95%d7%91%d7%9c/,2026-06-01T18:50:59+00:00
nadlan_professional-sitemap.xml,https://nad-lan.co.il/professionals/%d7%a8%d7%97%d7%95%d7%9d-%d7%a2%d7%95%d7%91%d7%93/,2026-06-01T18:51:00+00:00
nadlan_professional-sitemap.xml,https://nad-lan.co.il/professionals/%d7%93%d7%93%d7%95%d7%9f-%d7%9e%d7%90%d7%99%d7%a8-%d7%9e%d7%a8%d7%93%d7%9b%d7%99/,2026-06-01T18:51:00+00:00
nadlan_professional-sitemap.xml,https://nad-lan.co.il/professionals/%d7%90%d7%9e%d7%a1%d7%9c%d7%9d-%d7%a6%d7%99%d7%95%d7%9f/,2026-06-01T18:51:00+00:00
nadlan_professional-sitemap.xml,https://nad-lan.co.il/professionals/%d7%91%d7%a8%d7%a1%d7%9c%d7%91-%d7%a2%d7%a6%d7%99%d7%95%d7%9f/,2026-06-01T18:51:01+00:00
nadlan_professional-sitemap.xml,https://nad-lan.co.il/professionals/%d7%90%d7%99%d7%98%d7%97-%d7%90%d7%a9%d7%a8/,2026-06-01T18:51:01+00:00
nadlan_professional-sitemap.xml,https://nad-lan.co.il/professionals/%d7%a9%d7%93%d7%94-%d7%a2%d7%a9%d7%94%d7%90%d7%9c-%d7%90%d7%91%d7%99-%d7%a0%d7%a2%d7%9d/,2026-06-01T18:51:01+00:00
nadlan_professional-sitemap.xml,https://nad-lan.co.il/professionals/%d7%97%d7%96%d7%99%d7%96%d7%94-%d7%99%d7%a6%d7%97%d7%a7-%d7%9e%d7%90%d7%99%d7%a8/,2026-06-01T18:51:02+00:00
nadlan_professional-sitemap.xml,https://nad-lan.co.il/professionals/%d7%92%d7%a0%d7%93%d7%9c%d7%9e%d7%9f-%d7%99%d7%a8%d7%95%d7%9f/,2026-06-01T18:51:02+00:00
nadlan_professional-sitemap.xml,https://nad-lan.co.il/professionals/%d7%a4%d7%99%d7%a0%d7%a1-%d7%90%d7%9c%d7%99/,2026-06-01T18:51:02+00:00
nadlan_professional-sitemap.xml,https://nad-lan.co.il/professionals/%d7%9c%d7%95%d7%99-%d7%99%d7%a2%d7%a7%d7%91/,2026-06-01T18:51:03+00:00
nadlan_professional-sitemap.xml,https://nad-lan.co.il/professionals/%d7%9c%d7%a8%d7%9e%d7%9f-%d7%a9%d7%9e%d7%95%d7%90%d7%9c/,2026-06-01T18:51:03+00:00
nadlan_professional-sitemap.xml,https://nad-lan.co.il/professionals/%d7%93%d7%91%d7%99%d7%a8-%d7%aa%d7%95%d7%9e%d7%a8/,2026-06-01T18:51:04+00:00
nadlan_professional-sitemap.xml,https://nad-lan.co.il/professionals/%d7%90%d7%9c%d7%95%d7%a9-%d7%99%d7%95%d7%90%d7%91/,2026-06-01T18:51:04+00:00
nadlan_professional-sitemap.xml,https://nad-lan.co.il/professionals/%d7%a2%d7%9e%d7%a8%d7%9d-%d7%97%d7%99%d7%99%d7%9d/,2026-06-01T18:51:04+00:00
nadlan_professional-sitemap.xml,https://nad-lan.co.il/professionals/%d7%99%d7%95%d7%a1%d7%a3-%d7%a8%d7%95%d7%9f/,2026-06-01T18:51:05+00:00
nadlan_professional-sitemap.xml,https://nad-lan.co.il/professionals/%d7%a4%d7%a8%d7%99%d7%96%d7%98-%d7%93%d7%95%d7%93/,2026-06-01T18:51:05+00:00
nadlan_professional-sitemap.xml,https://nad-lan.co.il/professionals/%d7%99%d7%90%d7%9e%d7%99%d7%9f-%d7%97%d7%a0%d7%95%d7%9a/,2026-06-01T18:51:05+00:00
nadlan_professional-sitemap.xml,https://nad-lan.co.il/professionals/%d7%a8%d7%93%d7%a2%d7%99-%d7%a8%d7%95%d7%a0%d7%99/,2026-06-01T18:51:06+00:00
nadlan_professional-sitemap.xml,https://nad-lan.co.il/professionals/%d7%96%d7%99%d7%9c%d7%91%d7%a8%d7%a1%d7%95%d7%9f-%d7%a8%d7%9f-%d7%a2%d7%96%d7%a8%d7%90/,2026-06-01T18:51:07+00:00
nadlan_professional-sitemap.xml,https://nad-lan.co.il/professionals/%d7%9c%d7%99%d7%93%d7%90%d7%a0%d7%99-%d7%91%d7%a0%d7%99-%d7%a4%d7%a0%d7%97%d7%a1/,2026-06-01T18:51:07+00:00
nadlan_professional-sitemap.xml,https://nad-lan.co.il/professionals/%d7%94%d7%a8%d7%95%d7%a9-%d7%9e%d7%a0%d7%97%d7%9d/,2026-06-01T18:51:07+00:00
nadlan_professional-sitemap.xml,https://nad-lan.co.il/professionals/%d7%a7%d7%a6%d7%91-%d7%a9%d7%90%d7%95%d7%9c/,2026-06-01T18:51:08+00:00
nadlan_professional-sitemap.xml,https://nad-lan.co.il/professionals/%d7%9e%d7%99%d7%9e%d7%95%d7%a0%d7%99-%d7%a9%d7%9c%d7%95%d7%9d/,2026-06-01T18:51:08+00:00
nadlan_professional-sitemap.xml,https://nad-lan.co.il/professionals/%d7%a1%d7%95%d7%a4%d7%a8-%d7%90%d7%99%d7%aa%d7%9f/,2026-06-01T18:51:08+00:00
nadlan_professional-sitemap.xml,https://nad-lan.co.il/professionals/%d7%97%d7%93%d7%93-%d7%9e%d7%a9%d7%94-%d7%90%d7%9c%d7%99/,2026-06-01T18:51:09+00:00
nadlan_professional-sitemap.xml,https://nad-lan.co.il/professionals/%d7%a6%d7%a4%d7%95%d7%a0%d7%99-%d7%99%d7%92%d7%90%d7%9c/,2026-06-01T18:51:09+00:00
nadlan_professional-sitemap.xml,https://nad-lan.co.il/professionals/%d7%a1%d7%9e%d7%95%d7%9b%d7%99%d7%90%d7%9f-%d7%a9%d7%99/,2026-06-01T18:51:09+00:00
nadlan_professional-sitemap.xml,https://nad-lan.co.il/professionals/%d7%a1%d7%95%d7%a4%d7%99%d7%a8-%d7%a8%d7%a4%d7%99/,2026-06-01T18:51:10+00:00
nadlan_professional-sitemap.xml,https://nad-lan.co.il/professionals/%d7%98%d7%9e%d7%a9%d7%95%d7%98-%d7%99%d7%95%d7%a8%d7%9d/,2026-06-01T18:51:10+00:00
nadlan_professional-sitemap.xml,https://nad-lan.co.il/professionals/%d7%93%d7%95%d7%99%d7%93%d7%99-%d7%99%d7%a9%d7%a8%d7%90%d7%9c/,2026-06-01T18:51:10+00:00
nadlan_professional-sitemap.xml,https://nad-lan.co.il/professionals/%d7%a9%d7%a9%d7%95%d7%9f-%d7%99%d7%95%d7%a8%d7%9d/,2026-06-01T18:51:11+00:00
nadlan_professional-sitemap.xml,https://nad-lan.co.il/professionals/%d7%9c%d7%a0%d7%a7%d7%a8%d7%99-%d7%a8%d7%a4%d7%99/,2026-06-01T18:51:11+00:00
nadlan_professional-sitemap.xml,https://nad-lan.co.il/professionals/%d7%97%d7%95%d7%91%d7%91-%d7%a0%d7%99%d7%a1%d7%99%d7%9d/,2026-06-01T18:51:11+00:00
nadlan_professional-sitemap.xml,https://nad-lan.co.il/professionals/%d7%a9%d7%99%d7%9c%d7%94-%d7%a2%d7%9e%d7%a0%d7%95%d7%90%d7%9c/,2026-06-01T18:51:12+00:00
nadlan_professional-sitemap.xml,https://nad-lan.co.il/professionals/%d7%90%d7%98%d7%99%d7%90%d7%a1-%d7%90%d7%91%d7%a8%d7%94%d7%9d/,2026-06-01T18:51:12+00:00
nadlan_professional-sitemap.xml,https://nad-lan.co.il/professionals/%d7%96%d7%90%d7%a0%d7%98%d7%a7%d7%a8%d7%9f-%d7%a9%d7%9e%d7%95%d7%90%d7%9c/,2026-06-01T18:51:12+00:00
nadlan_professional-sitemap.xml,https://nad-lan.co.il/professionals/%d7%90%d7%9c%d7%99%d7%94-%d7%91%d7%9f-%d7%a6%d7%99%d7%95%d7%9f/,2026-06-01T18:51:13+00:00
nadlan_professional-sitemap.xml,https://nad-lan.co.il/professionals/%d7%94%d7%93%d7%a8-%d7%97%d7%92%d7%99/,2026-06-01T18:51:13+00:00
nadlan_professional-sitemap.xml,https://nad-lan.co.il/professionals/%d7%93%d7%a8%d7%95%d7%a8%d7%99-%d7%90%d7%9c%d7%99/,2026-06-01T18:51:14+00:00
nadlan_professional-sitemap.xml,https://nad-lan.co.il/professionals/%d7%92%d7%93%d7%9c%d7%99%d7%94%d7%95-%d7%9e%d7%a9%d7%94/,2026-06-01T18:51:14+00:00
nadlan_professional-sitemap.xml,https://nad-lan.co.il/professionals/%d7%9e%d7%a1%d7%90%d7%9c%d7%97%d7%94-%d7%a2%d7%9c%d7%99/,2026-06-01T18:51:15+00:00
nadlan_professional-sitemap.xml,https://nad-lan.co.il/professionals/%d7%99%d7%94%d7%95%d7%93%d7%94-%d7%9e%d7%90%d7%99%d7%a8/,2026-06-01T18:51:15+00:00
nadlan_professional-sitemap.xml,https://nad-lan.co.il/professionals/%d7%96%d7%a8%d7%99%d7%a7-%d7%9b%d7%a8%d7%99%d7%9d/,2026-06-01T18:51:16+00:00
nadlan_professional-sitemap.xml,https://nad-lan.co.il/professionals/%d7%a0%d7%96%d7%a8%d7%99-%d7%90%d7%9c%d7%99/,2026-06-01T18:51:16+00:00
nadlan_professional-sitemap.xml,https://nad-lan.co.il/professionals/%d7%a9%d7%9e%d7%a2%d7%95%d7%a0%d7%99-%d7%99%d7%92%d7%90%d7%9c/,2026-06-01T18:51:16+00:00
nadlan_professional-sitemap.xml,https://nad-lan.co.il/professionals/%d7%99%d7%a9%d7%a8%d7%90%d7%9c-%d7%9e%d7%a9%d7%94/,2026-06-01T18:51:17+00:00
nadlan_professional-sitemap.xml,https://nad-lan.co.il/professionals/%d7%99%d7%97%d7%99%d7%90%d7%9c-%d7%90%d7%9c%d7%99%d7%94%d7%95/,2026-06-01T18:51:17+00:00
nadlan_professional-sitemap.xml,https://nad-lan.co.il/professionals/%d7%a1%d7%9c%d7%90%d7%9e%d7%94-%d7%a1%d7%9e%d7%99%d7%a8/,2026-06-01T18:51:18+00:00
nadlan_professional-sitemap.xml,https://nad-lan.co.il/professionals/%d7%99%d7%90%d7%a1%d7%99%d7%9f-%d7%a1%d7%90%d7%9e%d7%99/,2026-06-01T18:51:18+00:00
nadlan_professional-sitemap.xml,https://nad-lan.co.il/professionals/%d7%90%d7%95%d7%97%d7%a0%d7%94-%d7%99%d7%95%d7%a8%d7%9d/,2026-06-01T18:51:18+00:00
nadlan_professional-sitemap.xml,https://nad-lan.co.il/professionals/%d7%9b%d7%94%d7%9f-%d7%a4%d7%a0%d7%97%d7%a1/,2026-06-01T18:51:19+00:00
nadlan_professional-sitemap.xml,https://nad-lan.co.il/professionals/%d7%90%d7%91%d7%95-%d7%96%d7%9e%d7%99%d7%a8%d7%95-%d7%90%d7%95%d7%a1%d7%90%d7%9e%d7%94/,2026-06-01T18:51:20+00:00
nadlan_professional-sitemap.xml,https://nad-lan.co.il/professionals/%d7%a8%d7%90%d7%95%d7%91%d7%a4%d7%95%d7%92%d7%9c-%d7%90%d7%95%d7%a8%d7%99/,2026-06-01T18:51:20+00:00
nadlan_professional-sitemap.xml,https://nad-lan.co.il/professionals/%d7%a0%d7%97%d7%9e%d7%93%d7%99-%d7%99%d7%95%d7%90%d7%91/,2026-06-01T18:51:20+00:00
nadlan_professional-sitemap.xml,https://nad-lan.co.il/professionals/%d7%a2%d7%aa%d7%99%d7%9c%d7%99-%d7%a4%d7%95%d7%90%d7%96/,2026-06-01T18:51:21+00:00
nadlan_professional-sitemap.xml,https://nad-lan.co.il/professionals/%d7%a9%d7%9e%d7%9e%d7%94-%d7%93%d7%95%d7%93/,2026-06-01T18:51:21+00:00
nadlan_professional-sitemap.xml,https://nad-lan.co.il/professionals/%d7%91%d7%a8-%d7%90%d7%9c%d7%95%d7%9f/,2026-06-01T18:51:21+00:00
nadlan_professional-sitemap.xml,https://nad-lan.co.il/professionals/%d7%a7%d7%a2%d7%93%d7%90%d7%9f-%d7%a2%d7%95%d7%9e%d7%a8/,2026-06-01T18:51:22+00:00
nadlan_professional-sitemap.xml,https://nad-lan.co.il/professionals/%d7%96%d7%91%d7%95%d7%9c%d7%95%d7%9f-%d7%92%d7%91%d7%a8%d7%99%d7%90%d7%9c/,2026-06-01T18:51:22+00:00
nadlan_professional-sitemap.xml,https://nad-lan.co.il/professionals/%d7%96%d7%99%d7%95-%d7%9e%d7%99%d7%9b%d7%94/,2026-06-01T18:51:22+00:00
nadlan_professional-sitemap.xml,https://nad-lan.co.il/professionals/%d7%90%d7%99%d7%99%d7%9e%d7%9f-%d7%90%d7%91%d7%95-%d7%90%d7%97%d7%9e%d7%93/,2026-06-01T18:51:23+00:00
nadlan_professional-sitemap.xml,https://nad-lan.co.il/professionals/%d7%a9%d7%95%d7%95%d7%a8%d7%a5-%d7%9c%d7%95%d7%99-%d7%a9%d7%9e%d7%95%d7%90%d7%9c/,2026-06-01T18:51:23+00:00
nadlan_professional-sitemap.xml,https://nad-lan.co.il/professionals/%d7%9e%d7%9e%d7%9f-%d7%93%d7%95%d7%93/,2026-06-01T18:51:23+00:00
nadlan_professional-sitemap.xml,https://nad-lan.co.il/professionals/%d7%92%d7%91%d7%90%d7%a8%d7%99%d7%9f-%d7%a0%d7%91%d7%99%d7%9c/,2026-06-01T18:51:24+00:00
nadlan_professional-sitemap.xml,https://nad-lan.co.il/professionals/%d7%90%d7%95%d7%97%d7%a0%d7%94-%d7%a9%d7%99-%d7%99%d7%94%d7%95%d7%a9%d7%a2/,2026-06-01T18:51:24+00:00
nadlan_professional-sitemap.xml,https://nad-lan.co.il/professionals/%d7%a6%d7%99%d7%9e%d7%a8%d7%9e%d7%9f-%d7%92%d7%9c%d7%a2%d7%93/,2026-06-01T18:51:24+00:00
nadlan_professional-sitemap.xml,https://nad-lan.co.il/professionals/%d7%92%d7%a8%d7%99%d7%99%d7%91-%d7%a4%d7%95%d7%90%d7%93/,2026-06-01T18:51:25+00:00
nadlan_professional-sitemap.xml,https://nad-lan.co.il/professionals/%d7%a8%d7%95%d7%a8%d7%9e%d7%9f-%d7%90%d7%97%d7%99/,2026-06-01T18:51:25+00:00
nadlan_professional-sitemap.xml,https://nad-lan.co.il/professionals/%d7%90%d7%95%d7%96%d7%a0%d7%94-%d7%9e%d7%90%d7%99%d7%a8/,2026-06-01T18:51:25+00:00
nadlan_professional-sitemap.xml,https://nad-lan.co.il/professionals/%d7%a2%d7%99%d7%a1%d7%90-%d7%a0%d7%95%d7%94%d7%90%d7%93/,2026-06-01T18:51:26+00:00
nadlan_professional-sitemap.xml,https://nad-lan.co.il/professionals/%d7%95%d7%a7%d7%a0%d7%99%d7%9f-%d7%9e%d7%a9%d7%94/,2026-06-01T18:51:26+00:00
nadlan_professional-sitemap.xml,https://nad-lan.co.il/professionals/%d7%93%d7%99%d7%99%d7%9f-%d7%93%d7%95%d7%93/,2026-06-01T18:51:26+00:00
nadlan_professional-sitemap.xml,https://nad-lan.co.il/professionals/%d7%93%d7%a2%d7%91%d7%95%d7%9c-%d7%a9%d7%9c%d7%9e%d7%94/,2026-06-01T18:51:26+00:00
nadlan_professional-sitemap.xml,https://nad-lan.co.il/professionals/%d7%97%d7%90%d7%92-%d7%9e%d7%95%d7%97%d7%9e%d7%93-%d7%a0%d7%93%d7%90%d7%9c/,2026-06-01T18:51:27+00:00
nadlan_professional-sitemap.xml,https://nad-lan.co.il/professionals/%d7%90%d7%91%d7%95-%d7%90%d7%9c-%d7%a2%d7%95%d7%9c%d7%90-%d7%96%d7%99%d7%90%d7%93/,2026-06-01T18:51:27+00:00
nadlan_professional-sitemap.xml,https://nad-lan.co.il/professionals/%d7%97%d7%95%d7%93%d7%a8%d7%94-%d7%90%d7%91%d7%a8%d7%94%d7%9d/,2026-06-01T18:51:27+00:00
nadlan_professional-sitemap.xml,https://nad-lan.co.il/professionals/%d7%9b%d7%94%d7%9f-%d7%90%d7%91%d7%a8%d7%94%d7%9d/,2026-06-01T18:51:27+00:00
nadlan_professional-sitemap.xml,https://nad-lan.co.il/professionals/%d7%a9%d7%99%d7%a0%d7%91%d7%9a-%d7%99%d7%a6%d7%97%d7%a7/,2026-06-01T18:51:27+00:00
nadlan_professional-sitemap.xml,https://nad-lan.co.il/professionals/%d7%a2%d7%9e%d7%90%d7%93-%d7%99%d7%95%d7%a1%d7%a3/,2026-06-01T18:51:28+00:00
nadlan_professional-sitemap.xml,https://nad-lan.co.il/professionals/%d7%90%d7%a9%d7%9b%d7%a0%d7%96%d7%99-%d7%a0%d7%99%d7%a1%d7%99%d7%9d/,2026-06-01T18:51:28+00:00
nadlan_professional-sitemap.xml,https://nad-lan.co.il/professionals/%d7%92%d7%9c%d7%91-%d7%a8%d7%9e%d7%99/,2026-06-01T18:51:28+00:00
nadlan_professional-sitemap.xml,https://nad-lan.co.il/professionals/%d7%9e%d7%97%d7%90%d7%9e%d7%99%d7%93-%d7%91%d7%90%d7%a1%d7%9d/,2026-06-01T18:51:29+00:00
nadlan_professional-sitemap.xml,https://nad-lan.co.il/professionals/%d7%91%d7%9f-%d7%a9%d7%95%d7%a9%d7%9f-%d7%90%d7%95%d7%a8%d7%99/,2026-06-01T18:51:29+00:00
nadlan_professional-sitemap.xml,https://nad-lan.co.il/professionals/%d7%91%d7%95%d7%a7%d7%a8%d7%94-%d7%90%d7%a8%d7%96/,2026-06-01T18:51:29+00:00
nadlan_professional-sitemap.xml,https://nad-lan.co.il/professionals/%d7%97%d7%9e%d7%95%d7%93-%d7%90%d7%91%d7%a8%d7%90%d7%94%d7%99%d7%9d/,2026-06-01T18:51:30+00:00
nadlan_professional-sitemap.xml,https://nad-lan.co.il/professionals/%d7%96%d7%99%d7%95-%d7%99%d7%a2%d7%a7%d7%91/,2026-06-01T18:51:30+00:00
nadlan_professional-sitemap.xml,https://nad-lan.co.il/professionals/%d7%98%d7%99%d7%90%d7%a8-%d7%91%d7%a8%d7%95%d7%9a/,2026-06-01T18:51:30+00:00
nadlan_professional-sitemap.xml,https://nad-lan.co.il/professionals/%d7%97%d7%90%d7%a1%d7%99-%d7%97%d7%9c%d7%99%d7%9c/,2026-06-01T18:51:31+00:00
nadlan_professional-sitemap.xml,https://nad-lan.co.il/professionals/%d7%a4%d7%a8%d7%a5-%d7%9e%d7%90%d7%99%d7%a8/,2026-06-01T18:51:31+00:00
nadlan_professional-sitemap.xml,https://nad-lan.co.il/professionals/%d7%a6%d7%93%d7%a7%d7%a0%d7%99-%d7%99%d7%a8%d7%95%d7%9f/,2026-06-01T18:51:31+00:00
nadlan_professional-sitemap.xml,https://nad-lan.co.il/professionals/%d7%90%d7%a1%d7%9e%d7%a2%d7%99%d7%9c-%d7%99%d7%97%d7%99%d7%90/,2026-06-01T18:51:32+00:00
nadlan_professional-sitemap.xml,https://nad-lan.co.il/professionals/%d7%9e%d7%95%d7%99%d7%90%d7%9c-%d7%97%d7%99%d7%99%d7%9d/,2026-06-01T18:51:32+00:00
nadlan_professional-sitemap.xml,https://nad-lan.co.il/professionals/%d7%97%d7%a1%d7%95%d7%9f-%d7%a8%d7%9e%d7%99/,2026-06-01T18:51:32+00:00
nadlan_professional-sitemap.xml,https://nad-lan.co.il/professionals/%d7%a1%d7%a8%d7%97%d7%90%d7%9f-%d7%90%d7%97%d7%9e%d7%93/,2026-06-01T18:51:33+00:00
nadlan_professional-sitemap.xml,https://nad-lan.co.il/professionals/%d7%a8%d7%93%d7%9c%d7%99%d7%9a-%d7%93%d7%95%d7%93/,2026-06-01T18:51:33+00:00
nadlan_professional-sitemap.xml,https://nad-lan.co.il/professionals/%d7%a4%d7%9c%d7%97-%d7%a8%d7%90%d7%95%d7%91%d7%9f/,2026-06-01T18:51:33+00:00
nadlan_professional-sitemap.xml,https://nad-lan.co.il/professionals/%d7%9b%d7%94%d7%9f-%d7%99%d7%92%d7%90%d7%9c/,2026-06-01T18:51:33+00:00
nadlan_professional-sitemap.xml,https://nad-lan.co.il/professionals/%d7%a1%d7%99%d7%9e%d7%9f-%d7%98%d7%95%d7%91-%d7%a9%d7%9c%d7%9e%d7%94/,2026-06-01T18:51:33+00:00
nadlan_professional-sitemap.xml,https://nad-lan.co.il/professionals/%d7%9b%d7%a2%d7%91%d7%99%d7%94-%d7%a2%d7%90%d7%93%d7%9c/,2026-06-01T18:51:34+00:00
nadlan_professional-sitemap.xml,https://nad-lan.co.il/professionals/%d7%96%d7%95%d7%a2%d7%91%d7%99-%d7%a0%d7%a1%d7%a8%d7%99/,2026-06-01T18:51:34+00:00
nadlan_professional-sitemap.xml,https://nad-lan.co.il/professionals/%d7%93%d7%94%d7%9f-%d7%99%d7%a2%d7%a7%d7%91/,2026-06-01T18:51:34+00:00
nadlan_professional-sitemap.xml,https://nad-lan.co.il/professionals/%d7%9c%d7%99%d7%91%d7%a0%d7%94-%d7%99%d7%95%d7%91%d7%9c/,2026-06-01T18:51:34+00:00
nadlan_professional-sitemap.xml,https://nad-lan.co.il/professionals/%d7%92%d7%91%d7%90%d7%a8%d7%99%d7%9f-%d7%a2%d7%95%d7%9e%d7%a8/,2026-06-01T18:51:35+00:00
nadlan_professional-sitemap.xml,https://nad-lan.co.il/professionals/%d7%92%d7%a8%d7%95%d7%a1-%d7%a8%d7%9d/,2026-06-01T18:51:35+00:00
nadlan_professional-sitemap.xml,https://nad-lan.co.il/professionals/%d7%91%d7%a1-%d7%a6%d7%95%d7%a4%d7%99-%d7%a6%d7%95%d7%a3/,2026-06-01T18:51:35+00:00
nadlan_professional-sitemap.xml,https://nad-lan.co.il/professionals/%d7%90%d7%91%d7%95-%d7%92%d7%90%d7%a0%d7%9d-%d7%90%d7%99%d7%90%d7%93/,2026-06-01T18:51:36+00:00
nadlan_professional-sitemap.xml,https://nad-lan.co.il/professionals/%d7%91%d7%9f-%d7%a6%d7%95%d7%a8-%d7%93%d7%92%d7%9f/,2026-06-01T18:51:36+00:00
nadlan_professional-sitemap.xml,https://nad-lan.co.il/professionals/%d7%90%d7%99%d7%93%d7%9c-%d7%93%d7%95%d7%a8%d7%95%d7%9f/,2026-06-01T18:51:36+00:00
nadlan_professional-sitemap.xml,https://nad-lan.co.il/professionals/%d7%93%d7%95%d7%97%d7%99-%d7%92%d7%93%d7%a2%d7%95%d7%9f/,2026-06-01T18:51:37+00:00
nadlan_professional-sitemap.xml,https://nad-lan.co.il/professionals/%d7%91%d7%95%d7%97%d7%a0%d7%99%d7%a7-%d7%90%d7%91%d7%99/,2026-06-01T18:51:37+00:00
nadlan_professional-sitemap.xml,https://nad-lan.co.il/professionals/%d7%a9%d7%9e%d7%95%d7%90%d7%9c-%d7%9e%d7%a8%d7%93%d7%9b%d7%99/,2026-06-01T18:51:37+00:00
nadlan_professional-sitemap.xml,https://nad-lan.co.il/professionals/%d7%9c%d7%95%d7%99-%d7%97%d7%99%d7%99%d7%9d/,2026-06-01T18:51:37+00:00
nadlan_professional-sitemap.xml,https://nad-lan.co.il/professionals/%d7%90%d7%91%d7%95-%d7%9e%d7%a2%d7%9e%d7%a8-%d7%a1%d7%a2%d7%95%d7%93/,2026-06-01T18:51:38+00:00
nadlan_professional-sitemap.xml,https://nad-lan.co.il/professionals/%d7%a9%d7%90%d7%a7%d7%99%d7%a8-%d7%a8%d7%a4%d7%90%d7%9c/,2026-06-01T18:51:38+00:00
nadlan_professional-sitemap.xml,https://nad-lan.co.il/professionals/%d7%97%d7%95%d7%a8%d7%99-%d7%90%d7%91%d7%99%d7%94%d7%95-%d7%97%d7%99%d7%99%d7%9d/,2026-06-01T18:51:38+00:00
nadlan_professional-sitemap.xml,https://nad-lan.co.il/professionals/%d7%a2%d7%96%d7%90%d7%99%d7%96%d7%94-%d7%a2%d7%96%d7%99%d7%96/,2026-06-01T18:51:39+00:00
nadlan_professional-sitemap.xml,https://nad-lan.co.il/professionals/%d7%9b%d7%94%d7%9f-%d7%9e%d7%90%d7%99%d7%a8/,2026-06-01T18:51:39+00:00
nadlan_professional-sitemap.xml,https://nad-lan.co.il/professionals/%d7%a8%d7%95%d7%9e%d7%99-%d7%99%d7%a6%d7%97%d7%a7/,2026-06-01T18:51:39+00:00
nadlan_professional-sitemap.xml,https://nad-lan.co.il/professionals/%d7%9e%d7%a2%d7%95%d7%95%d7%93-%d7%a4%d7%a8%d7%a0%d7%a1%d7%99%d7%a1/,2026-06-01T18:51:40+00:00
nadlan_professional-sitemap.xml,https://nad-lan.co.il/professionals/%d7%a4%d7%a8%d7%a5-%d7%a9%d7%9e%d7%a2%d7%95%d7%9f/,2026-06-01T18:51:40+00:00
nadlan_professional-sitemap.xml,https://nad-lan.co.il/professionals/%d7%a0%d7%94%d7%99%d7%9e%d7%99-%d7%91%d7%9f-%d7%a6%d7%99%d7%95%d7%9f/,2026-06-01T18:51:40+00:00
nadlan_professional-sitemap.xml,https://nad-lan.co.il/professionals/%d7%93%d7%a0%d7%99%d7%90%d7%9c-%d7%90%d7%9c%d7%99%d7%94%d7%95/,2026-06-01T18:51:40+00:00
nadlan_professional-sitemap.xml,https://nad-lan.co.il/professionals/%d7%96%d7%95%d7%a2%d7%91%d7%99-%d7%a8%d7%90%d7%99%d7%a3/,2026-06-01T18:51:41+00:00
nadlan_professional-sitemap.xml,https://nad-lan.co.il/professionals/%d7%99%d7%a6%d7%97%d7%a7-%d7%a4%d7%99%d7%a8%d7%9e%d7%94/,2026-06-01T18:51:41+00:00
nadlan_professional-sitemap.xml,https://nad-lan.co.il/professionals/%d7%90%d7%91%d7%95%d7%a7%d7%a8%d7%98-%d7%90%d7%9c%d7%99%d7%94%d7%95/,2026-06-01T18:51:41+00:00
nadlan_professional-sitemap.xml,https://nad-lan.co.il/professionals/%d7%9b%d7%91%d7%94%d7%90-%d7%90%d7%97%d7%9e%d7%93/,2026-06-01T18:51:42+00:00
nadlan_professional-sitemap.xml,https://nad-lan.co.il/professionals/%d7%90%d7%9c%d7%92%d7%91%d7%a1%d7%99-%d7%a8%d7%97%d7%9e%d7%99%d7%9d/,2026-06-01T18:51:42+00:00
nadlan_professional-sitemap.xml,https://nad-lan.co.il/professionals/%d7%90%d7%98%d7%99%d7%90%d7%a1-%d7%a8%d7%9e%d7%99/,2026-06-01T18:51:42+00:00
nadlan_professional-sitemap.xml,https://nad-lan.co.il/professionals/%d7%90%d7%91%d7%95-%d7%a8%d7%95%d7%9e%d7%99-%d7%a8%d7%97%d7%99%d7%91/,2026-06-01T18:51:43+00:00
nadlan_professional-sitemap.xml,https://nad-lan.co.il/professionals/%d7%93%d7%94%d7%9f-%d7%a9%d7%9e%d7%a2%d7%95%d7%9f/,2026-06-01T18:51:43+00:00
nadlan_professional-sitemap.xml,https://nad-lan.co.il/professionals/%d7%91%d7%9f-%d7%92%d7%99%d7%a8%d7%94-%d7%93%d7%95%d7%93/,2026-06-01T18:51:43+00:00
nadlan_professional-sitemap.xml,https://nad-lan.co.il/professionals/%d7%99%d7%97%d7%96%d7%a7%d7%90%d7%9c-%d7%99%d7%a2%d7%a7%d7%91/,2026-06-01T18:51:43+00:00
nadlan_professional-sitemap.xml,https://nad-lan.co.il/professionals/%d7%a1%d7%90%d7%9c%d7%97-%d7%a2%d7%90%d7%95%d7%a0%d7%99/,2026-06-01T18:51:44+00:00
nadlan_professional-sitemap.xml,https://nad-lan.co.il/professionals/%d7%9e%d7%95%d7%a8%d7%a9%d7%93-%d7%92%d7%9e%d7%90%d7%9c/,2026-06-01T18:51:44+00:00
nadlan_professional-sitemap.xml,https://nad-lan.co.il/professionals/%d7%a0%d7%91%d7%a2%d7%94-%d7%90%d7%91%d7%a8%d7%94%d7%9d/,2026-06-01T18:51:44+00:00
nadlan_professional-sitemap.xml,https://nad-lan.co.il/professionals/%d7%9b%d7%94%d7%9f-%d7%a0%d7%99%d7%a1%d7%99%d7%9d-2/,2026-06-01T18:51:44+00:00
nadlan_professional-sitemap.xml,https://nad-lan.co.il/professionals/%d7%97%d7%9c%d7%a3-%d7%96%d7%99%d7%90%d7%93/,2026-06-01T18:51:45+00:00
nadlan_professional-sitemap.xml,https://nad-lan.co.il/professionals/%d7%92%d7%a8%d7%a4%d7%99-%d7%a2%d7%95%d7%a4%d7%a8/,2026-06-01T18:51:45+00:00
nadlan_professional-sitemap.xml,https://nad-lan.co.il/professionals/%d7%a9%d7%90%d7%94%d7%99%d7%9f-%d7%95%d7%97%d7%99%d7%93/,2026-06-01T18:51:46+00:00
nadlan_professional-sitemap.xml,https://nad-lan.co.il/professionals/%d7%92%d7%a8%d7%99%d7%a0%d7%94%d7%90%d7%95%d7%96-%d7%92%d7%99%d7%90/,2026-06-01T18:51:46+00:00
nadlan_professional-sitemap.xml,https://nad-lan.co.il/professionals/%d7%98%d7%a8%d7%91%d7%99%d7%94-%d7%9e%d7%a8%d7%a2%d7%99/,2026-06-01T18:51:47+00:00
nadlan_professional-sitemap.xml,https://nad-lan.co.il/professionals/%d7%90%d7%93%d7%a8%d7%99-%d7%a1%d7%a0%d7%a4%d7%99%d7%a8/,2026-06-01T18:51:47+00:00
nadlan_professional-sitemap.xml,https://nad-lan.co.il/professionals/%d7%9c%d7%90%d7%95%d7%a3-%d7%a8%d7%9f-%d7%9e%d7%a9%d7%94/,2026-06-01T18:51:47+00:00
nadlan_professional-sitemap.xml,https://nad-lan.co.il/professionals/%d7%9c%d7%97%d7%a8-%d7%93%d7%a8%d7%95%d7%a8/,2026-06-01T18:51:47+00:00
nadlan_professional-sitemap.xml,https://nad-lan.co.il/professionals/%d7%a9%d7%a8%d7%a2%d7%91%d7%99-%d7%a2%d7%95%d7%a4%d7%a8/,2026-06-01T18:51:48+00:00
nadlan_professional-sitemap.xml,https://nad-lan.co.il/professionals/%d7%91%d7%9c%d7%9e%d7%a1-%d7%92%d7%91%d7%a8%d7%99%d7%90%d7%9c/,2026-06-01T18:51:48+00:00
nadlan_professional-sitemap.xml,https://nad-lan.co.il/professionals/%d7%9e%d7%a6%d7%9c%d7%99%d7%97-%d7%a7%d7%95%d7%91%d7%99/,2026-06-01T18:51:49+00:00
nadlan_professional-sitemap.xml,https://nad-lan.co.il/professionals/%d7%97%d7%a4%d7%a5-%d7%99%d7%90%d7%99%d7%a8/,2026-06-01T18:51:49+00:00
nadlan_professional-sitemap.xml,https://nad-lan.co.il/professionals/%d7%99%d7%94%d7%95%d7%93%d7%94-%d7%a2%d7%96%d7%a8%d7%90/,2026-06-01T18:51:50+00:00
nadlan_professional-sitemap.xml,https://nad-lan.co.il/professionals/%d7%98%d7%a0%d7%90-%d7%90%d7%9c%d7%95%d7%9f/,2026-06-01T18:51:50+00:00
nadlan_professional-sitemap.xml,https://nad-lan.co.il/professionals/%d7%a0%d7%97-%d7%a0%d7%97/,2026-06-01T18:51:51+00:00
nadlan_professional-sitemap.xml,https://nad-lan.co.il/professionals/%d7%a4%d7%96-%d7%92%d7%99%d7%9c/,2026-06-01T18:51:51+00:00
nadlan_professional-sitemap.xml,https://nad-lan.co.il/professionals/%d7%9c%d7%95%d7%99-%d7%a9%d7%9c%d7%95%d7%9e%d7%99/,2026-06-01T18:51:52+00:00
nadlan_professional-sitemap.xml,https://nad-lan.co.il/professionals/%d7%9e%d7%95%d7%a2%d7%9c%d7%9d-%d7%a8%d7%95%d7%a0%d7%9f/,2026-06-01T18:51:52+00:00
nadlan_professional-sitemap.xml,https://nad-lan.co.il/professionals/%d7%92%d7%95%d7%91%d7%99-%d7%92%d7%93%d7%a2%d7%95%d7%9f/,2026-06-01T18:51:53+00:00
nadlan_professional-sitemap.xml,https://nad-lan.co.il/professionals/%d7%a4%d7%a8%d7%a5-%d7%90%d7%9c%d7%99/,2026-06-01T18:51:53+00:00
nadlan_professional-sitemap.xml,https://nad-lan.co.il/professionals/%d7%96%d7%a7-%d7%a2%d7%a8%d7%9f/,2026-06-01T18:51:53+00:00
nadlan_professional-sitemap.xml,https://nad-lan.co.il/professionals/%d7%97%d7%9e%d7%9e%d7%99-%d7%90%d7%91%d7%a8%d7%94%d7%9d/,2026-06-01T18:51:54+00:00
nadlan_professional-sitemap.xml,https://nad-lan.co.il/professionals/%d7%93%d7%a9%d7%98-%d7%90%d7%9c%d7%99%d7%94%d7%95/,2026-06-01T18:51:54+00:00
nadlan_professional-sitemap.xml,https://nad-lan.co.il/professionals/%d7%a4%d7%9c%d7%97-%d7%a8%d7%90%d7%95%d7%91%d7%9f-2/,2026-06-01T18:51:54+00:00
nadlan_professional-sitemap.xml,https://nad-lan.co.il/professionals/%d7%90%d7%91%d7%95%d7%98%d7%91%d7%95%d7%9c-%d7%90%d7%91%d7%99%d7%97%d7%99/,2026-06-01T18:51:55+00:00
nadlan_professional-sitemap.xml,https://nad-lan.co.il/professionals/%d7%a7%d7%a9%d7%a8%d7%99-%d7%99%d7%94%d7%95%d7%a9%d7%a2-%d7%99%d7%a2%d7%a7%d7%91/,2026-06-01T18:51:55+00:00
nadlan_professional-sitemap.xml,https://nad-lan.co.il/professionals/%d7%95%d7%a1%d7%99%d7%9c%d7%99%d7%91%d7%a8-%d7%a8%d7%9f/,2026-06-01T18:51:56+00:00
nadlan_professional-sitemap.xml,https://nad-lan.co.il/professionals/%d7%98%d7%95%d7%91%d7%95%d7%9c-%d7%90%d7%91%d7%a8%d7%94%d7%9d/,2026-06-01T18:51:56+00:00
nadlan_professional-sitemap.xml,https://nad-lan.co.il/professionals/%d7%97%d7%9e%d7%9e%d7%99-%d7%9e%d7%a9%d7%94/,2026-06-01T18:51:57+00:00
nadlan_professional-sitemap.xml,https://nad-lan.co.il/professionals/%d7%97%d7%9e%d7%9e%d7%99-%d7%a8%d7%95%d7%a0%d7%99/,2026-06-01T18:51:57+00:00
nadlan_professional-sitemap.xml,https://nad-lan.co.il/professionals/%d7%91%d7%9c%d7%a1-%d7%90%d7%9e%d7%a0%d7%95%d7%9f/,2026-06-01T18:51:57+00:00
nadlan_professional-sitemap.xml,https://nad-lan.co.il/professionals/%d7%a9%d7%a8%d7%95%d7%9f-%d7%99%d7%a2%d7%a7%d7%91/,2026-06-01T18:51:57+00:00
nadlan_professional-sitemap.xml,https://nad-lan.co.il/professionals/%d7%90%d7%91%d7%99%d7%93%d7%a8-%d7%90%d7%99%d7%99%d7%9c/,2026-06-01T18:51:58+00:00
nadlan_professional-sitemap.xml,https://nad-lan.co.il/professionals/%d7%90%d7%a4%d7%a0%d7%92%d7%a8-%d7%9e%d7%99%d7%9b%d7%90%d7%9c-%d7%99%d7%94%d7%95%d7%93%d7%94/,2026-06-01T18:51:58+00:00
nadlan_professional-sitemap.xml,https://nad-lan.co.il/professionals/%d7%93%d7%a0%d7%99%d7%90%d7%9c-%d7%90%d7%95%d7%a8%d7%99/,2026-06-01T18:51:59+00:00
nadlan_professional-sitemap.xml,https://nad-lan.co.il/professionals/%d7%97%d7%a0%d7%a7%d7%a1-%d7%92%d7%99%d7%9c/,2026-06-01T18:51:59+00:00
nadlan_professional-sitemap.xml,https://nad-lan.co.il/professionals/%d7%90%d7%99%d7%99%d7%9c%d7%95%d7%9f-%d7%98%d7%9c/,2026-06-01T18:52:00+00:00
nadlan_professional-sitemap.xml,https://nad-lan.co.il/professionals/%d7%91%d7%a8%d7%95%d7%a9-%d7%a0%d7%99%d7%a8/,2026-06-01T18:52:01+00:00
nadlan_professional-sitemap.xml,https://nad-lan.co.il/professionals/%d7%9e%d7%93%d7%99%d7%a0%d7%94-%d7%90%d7%a8%d7%96/,2026-06-01T18:52:01+00:00
nadlan_professional-sitemap.xml,https://nad-lan.co.il/professionals/%d7%95%d7%99%d7%99%d7%a0%d7%91%d7%a8%d7%92-%d7%90%d7%9e%d7%99%d7%a8/,2026-06-01T18:52:02+00:00
nadlan_professional-sitemap.xml,https://nad-lan.co.il/professionals/%d7%9c%d7%95%d7%99-%d7%a1%d7%99%d7%9c%d7%a7%d7%95-%d7%90%d7%9c%d7%99%d7%94%d7%95/,2026-06-01T18:52:02+00:00
nadlan_professional-sitemap.xml,https://nad-lan.co.il/professionals/%d7%a0%d7%a9%d7%99%d7%90-%d7%a9%d7%99-%d7%a9%d7%9c%d7%95%d7%9d/,2026-06-01T18:52:03+00:00
nadlan_professional-sitemap.xml,https://nad-lan.co.il/professionals/%d7%90%d7%94%d7%a8%d7%95%d7%a0%d7%99-%d7%9e%d7%a9%d7%94/,2026-06-01T18:52:03+00:00
nadlan_professional-sitemap.xml,https://nad-lan.co.il/professionals/%d7%98%d7%99%d7%a8%d7%95%d7%9c%d7%a8-%d7%97%d7%9f/,2026-06-01T18:52:04+00:00
nadlan_professional-sitemap.xml,https://nad-lan.co.il/professionals/%d7%93%d7%94%d7%9f-%d7%9e%d7%a9%d7%94/,2026-06-01T18:52:04+00:00
nadlan_professional-sitemap.xml,https://nad-lan.co.il/professionals/%d7%a9%d7%95%d7%95%d7%a8%d7%a6%d7%91%d7%a8%d7%92-%d7%97%d7%99%d7%99%d7%9d/,2026-06-01T18:52:05+00:00
nadlan_professional-sitemap.xml,https://nad-lan.co.il/professionals/%d7%98%d7%99%d7%99%d7%a8-%d7%92%d7%93%d7%99-%d7%92%d7%93%d7%a2%d7%95%d7%9f/,2026-06-01T18:52:05+00:00
nadlan_professional-sitemap.xml,https://nad-lan.co.il/professionals/%d7%a0%d7%99%d7%93%d7%9d-%d7%a9%d7%9e%d7%a2%d7%95%d7%9f/,2026-06-01T18:52:06+00:00
nadlan_professional-sitemap.xml,https://nad-lan.co.il/professionals/%d7%90%d7%9c%d7%a7%d7%a0%d7%a8-%d7%99%d7%a2%d7%a7%d7%91/,2026-06-01T18:52:07+00:00
nadlan_professional-sitemap.xml,https://nad-lan.co.il/professionals/%d7%91%d7%a1%d7%94-%d7%a2%d7%95%d7%a4%d7%a8/,2026-06-01T18:52:08+00:00
nadlan_professional-sitemap.xml,https://nad-lan.co.il/professionals/%d7%90%d7%98%d7%99%d7%90%d7%a1-%d7%99%d7%94%d7%95%d7%93%d7%94/,2026-06-01T18:52:08+00:00
nadlan_professional-sitemap.xml,https://nad-lan.co.il/professionals/%d7%a1%d7%a8%d7%95%d7%92%d7%95-%d7%99%d7%95%d7%90%d7%91/,2026-06-01T18:52:09+00:00
nadlan_professional-sitemap.xml,https://nad-lan.co.il/professionals/%d7%90%d7%91%d7%a8%d7%9e%d7%95%d7%91-%d7%a8%d7%a4%d7%90%d7%9c/,2026-06-01T18:52:09+00:00
nadlan_professional-sitemap.xml,https://nad-lan.co.il/professionals/%d7%91%d7%a8%d7%92%d7%9e%d7%9f-%d7%a6%d7%91%d7%99/,2026-06-01T18:52:10+00:00
nadlan_professional-sitemap.xml,https://nad-lan.co.il/professionals/%d7%91%d7%99%d7%a8%d7%96%d7%95%d7%9f-%d7%90%d7%a8%d7%99%d7%94/,2026-06-01T18:52:10+00:00
nadlan_professional-sitemap.xml,https://nad-lan.co.il/professionals/%d7%a2%d7%a8%d7%91%d7%94-%d7%a9%d7%9c%d7%9e%d7%94/,2026-06-01T18:52:11+00:00
nadlan_professional-sitemap.xml,https://nad-lan.co.il/professionals/%d7%9e%d7%a0%d7%97%d7%9d-%d7%a2%d7%95%d7%a4%d7%a8/,2026-06-01T18:52:11+00:00
nadlan_professional-sitemap.xml,https://nad-lan.co.il/professionals/%d7%a1%d7%99%d7%91%d7%95%d7%a0%d7%99-%d7%99%d7%95%d7%a1%d7%99/,2026-06-01T18:52:12+00:00
nadlan_professional-sitemap.xml,https://nad-lan.co.il/professionals/%d7%9e%d7%96%d7%95%d7%96-%d7%a2%d7%9e%d7%95%d7%a1/,2026-06-01T18:52:13+00:00
nadlan_professional-sitemap.xml,https://nad-lan.co.il/professionals/%d7%a4%d7%9c%d7%97-%d7%9e%d7%a9%d7%94-2/,2026-06-01T18:52:13+00:00
nadlan_professional-sitemap.xml,https://nad-lan.co.il/professionals/%d7%9e%d7%9c%d7%9e%d7%93-%d7%99%d7%95%d7%9c%d7%99/,2026-06-01T18:52:14+00:00
nadlan_professional-sitemap.xml,https://nad-lan.co.il/professionals/%d7%a1%d7%9c%d7%9e%d7%9f-%d7%a0%d7%95%d7%97/,2026-06-01T18:52:14+00:00
nadlan_professional-sitemap.xml,https://nad-lan.co.il/professionals/%d7%90%d7%9c%d7%a7%d7%a8%d7%99%d7%a3-%d7%a1%d7%99%d7%9e%d7%95%d7%9f/,2026-06-01T18:52:15+00:00
nadlan_professional-sitemap.xml,https://nad-lan.co.il/professionals/%d7%94%d7%a7%d7%95%d7%9f-%d7%99%d7%a2%d7%a7%d7%91/,2026-06-01T18:52:15+00:00
nadlan_professional-sitemap.xml,https://nad-lan.co.il/professionals/%d7%a1%d7%a0%d7%a6%d7%99%d7%a7-%d7%99%d7%a6%d7%97%d7%a7/,2026-06-01T18:52:16+00:00
nadlan_professional-sitemap.xml,https://nad-lan.co.il/professionals/%d7%93%d7%94%d7%9f-%d7%a9%d7%9e%d7%a2%d7%95%d7%9f-2/,2026-06-01T18:52:16+00:00
nadlan_professional-sitemap.xml,https://nad-lan.co.il/professionals/%d7%9e%d7%99%d7%9e%d7%95%d7%9f-%d7%9c%d7%99%d7%90%d7%95%d7%a8/,2026-06-01T18:52:17+00:00
nadlan_professional-sitemap.xml,https://nad-lan.co.il/professionals/%d7%9e%d7%a8%d7%92%d7%9c%d7%99%d7%aa-%d7%a8%d7%9f/,2026-06-01T18:52:18+00:00
nadlan_professional-sitemap.xml,https://nad-lan.co.il/professionals/%d7%97%d7%99%d7%99%d7%9d-%d7%90%d7%91%d7%a8%d7%94%d7%9d/,2026-06-01T18:52:18+00:00
nadlan_professional-sitemap.xml,https://nad-lan.co.il/professionals/%d7%a9%d7%95%d7%a1%d7%a3-%d7%9e%d7%99%d7%93%d7%93-%d7%97%d7%99/,2026-06-01T18:52:19+00:00
nadlan_professional-sitemap.xml,https://nad-lan.co.il/professionals/%d7%9c%d7%90%d7%95%d7%a8-%d7%90%d7%9c%d7%95%d7%9f/,2026-06-01T18:52:19+00:00
nadlan_professional-sitemap.xml,https://nad-lan.co.il/professionals/%d7%90%d7%91%d7%95%d7%a7%d7%a8%d7%98-%d7%99%d7%a6%d7%97%d7%a7/,2026-06-01T18:52:20+00:00
nadlan_professional-sitemap.xml,https://nad-lan.co.il/professionals/%d7%a2%d7%a0%d7%aa%d7%91%d7%99-%d7%93%d7%95%d7%a8%d7%95%d7%9f/,2026-06-01T18:52:20+00:00
nadlan_professional-sitemap.xml,https://nad-lan.co.il/professionals/%d7%a8%d7%95%d7%a7%d7%97-%d7%9e%d7%95%d7%96%d7%a1/,2026-06-01T18:52:21+00:00
nadlan_professional-sitemap.xml,https://nad-lan.co.il/professionals/%d7%9b%d7%93%d7%95%d7%a8%d7%99-%d7%a2%d7%95%d7%91%d7%93/,2026-06-01T18:52:21+00:00
nadlan_professional-sitemap.xml,https://nad-lan.co.il/professionals/%d7%a2%d7%9e%d7%a8-%d7%91%d7%a0%d7%99%d7%9e%d7%99%d7%9f/,2026-06-01T18:52:22+00:00
nadlan_professional-sitemap.xml,https://nad-lan.co.il/professionals/%d7%90%d7%a9%d7%a8-%d7%90%d7%99%d7%a6%d7%99%d7%a7/,2026-06-01T18:52:22+00:00
nadlan_professional-sitemap.xml,https://nad-lan.co.il/professionals/%d7%a7%d7%a4%d7%95%d7%a9-%d7%a8%d7%95%d7%a0%d7%99/,2026-06-01T18:52:23+00:00
nadlan_professional-sitemap.xml,https://nad-lan.co.il/professionals/%d7%a6%d7%99%d7%95%d7%a0%d7%99-%d7%92%d7%99%d7%90/,2026-06-01T18:52:23+00:00
nadlan_professional-sitemap.xml,https://nad-lan.co.il/professionals/%d7%a6%d7%99%d7%95%d7%9f-%d7%90%d7%95%d7%a8%d7%9f/,2026-06-01T18:52:24+00:00
nadlan_professional-sitemap.xml,https://nad-lan.co.il/professionals/%d7%9e%d7%92%d7%99%d7%93%d7%a1-%d7%99%d7%a2%d7%a7%d7%91/,2026-06-01T18:52:25+00:00
nadlan_professional-sitemap.xml,https://nad-lan.co.il/professionals/%d7%a8%d7%95%d7%96%d7%94-%d7%a8%d7%95%d7%a0%d7%99/,2026-06-01T18:52:25+00:00
nadlan_professional-sitemap.xml,https://nad-lan.co.il/professionals/%d7%9b%d7%94%d7%9f-%d7%90%d7%91%d7%99/,2026-06-01T18:52:26+00:00
nadlan_professional-sitemap.xml,https://nad-lan.co.il/professionals/%d7%93%d7%91%d7%99-%d7%93%d7%a8%d7%95%d7%a8-%d7%92%d7%95%d7%9c%d7%9f/,2026-06-01T18:52:26+00:00
nadlan_professional-sitemap.xml,https://nad-lan.co.il/professionals/%d7%97%d7%99%d7%99%d7%9d-%d7%99%d7%a6%d7%97%d7%a7/,2026-06-01T18:52:26+00:00
nadlan_professional-sitemap.xml,https://nad-lan.co.il/professionals/%d7%a7%d7%a8%d7%a5-%d7%90%d7%9c%d7%99/,2026-06-01T18:52:27+00:00
nadlan_professional-sitemap.xml,https://nad-lan.co.il/professionals/%d7%9c%d7%95%d7%99-%d7%93%d7%95%d7%a8%d7%95%d7%9f/,2026-06-01T18:52:27+00:00
nadlan_professional-sitemap.xml,https://nad-lan.co.il/professionals/%d7%a9%d7%a8%d7%a2%d7%91%d7%99-%d7%99%d7%94%d7%95%d7%93%d7%94/,2026-06-01T18:52:28+00:00
nadlan_professional-sitemap.xml,https://nad-lan.co.il/professionals/%d7%93%d7%91%d7%a9-%d7%a2%d7%9e%d7%95%d7%a1/,2026-06-01T18:52:28+00:00
nadlan_professional-sitemap.xml,https://nad-lan.co.il/professionals/%d7%94%d7%93%d7%a8-%d7%90%d7%9c%d7%95%d7%9f/,2026-06-01T18:52:29+00:00
nadlan_professional-sitemap.xml,https://nad-lan.co.il/professionals/%d7%a9%d7%99%d7%a0%d7%93%d7%9c%d7%a8-%d7%99%d7%95%d7%a1%d7%a3-%d7%97%d7%99%d7%99%d7%9d/,2026-06-01T18:52:29+00:00
nadlan_professional-sitemap.xml,https://nad-lan.co.il/professionals/%d7%91%d7%99%d7%98%d7%95%d7%9f-%d7%a9%d7%9c%d7%9e%d7%94/,2026-06-01T18:52:30+00:00
nadlan_professional-sitemap.xml,https://nad-lan.co.il/professionals/%d7%a1%d7%99%d7%a0%d7%99-%d7%92%d7%a8%d7%a9%d7%95%d7%9f/,2026-06-01T18:52:30+00:00
nadlan_professional-sitemap.xml,https://nad-lan.co.il/professionals/%d7%a2%d7%9c%d7%99-%d7%90%d7%9c%d7%97%d7%9c%d7%95%d7%94-%d7%90%d7%99%d7%99%d7%9e%d7%9f/,2026-06-01T18:57:31+00:00
nadlan_professional-sitemap.xml,https://nad-lan.co.il/professionals/%d7%94%d7%9e%d7%90%d7%9d-%d7%90%d7%97%d7%9e%d7%93/,2026-06-01T19:04:31+00:00
nadlan_professional-sitemap.xml,https://nad-lan.co.il/professionals/%d7%9e%d7%a0%d7%90%d7%a2-%d7%a2%d7%96%d7%99%d7%96/,2026-06-01T19:04:33+00:00
nadlan_professional-sitemap.xml,https://nad-lan.co.il/professionals/%d7%97%d7%9c%d7%99%d7%9c-%d7%a2%d7%91%d7%93-%d7%90%d7%9c-%d7%a1%d7%9c%d7%90%d7%9d/,2026-06-01T19:04:34+00:00
nadlan_professional-sitemap.xml,https://nad-lan.co.il/professionals/%d7%94%d7%9e%d7%90%d7%9d-%d7%a8%d7%90%d7%99%d7%a3/,2026-06-01T19:04:35+00:00
nadlan_professional-sitemap.xml,https://nad-lan.co.il/professionals/%d7%98%d7%90%d7%94%d7%90-%d7%90%d7%9e%d7%99%d7%9f/,2026-06-01T19:04:36+00:00
nadlan_professional-sitemap.xml,https://nad-lan.co.il/professionals/%d7%92%d7%91%d7%90%d7%a8%d7%99%d7%9f-%d7%a4%d7%90%d7%99%d7%96/,2026-06-01T19:04:36+00:00
nadlan_professional-sitemap.xml,https://nad-lan.co.il/professionals/%d7%90%d7%91%d7%95-%d7%9e%d7%98%d7%99%d7%a8-%d7%90%d7%9e%d7%99%d7%9f/,2026-06-01T19:04:37+00:00
nadlan_professional-sitemap.xml,https://nad-lan.co.il/professionals/%d7%a2%d7%99%d7%a1%d7%90-%d7%9e%d7%97%d7%9e%d7%95%d7%93/,2026-06-01T19:04:38+00:00
nadlan_professional-sitemap.xml,https://nad-lan.co.il/professionals/%d7%99%d7%90%d7%a1%d7%99%d7%9f-%d7%90%d7%97%d7%9e%d7%93/,2026-06-01T19:04:39+00:00
nadlan_professional-sitemap.xml,https://nad-lan.co.il/professionals/%d7%a1%d7%95%d7%90%d7%a2%d7%93-%d7%a9%d7%a8%d7%99%d7%a3/,2026-06-01T19:04:40+00:00
nadlan_professional-sitemap.xml,https://nad-lan.co.il/professionals/%d7%9e%d7%a1%d7%90%d7%95%d7%a8%d7%94-%d7%a1%d7%95%d7%94%d7%99%d7%9c/,2026-06-01T19:04:40+00:00
nadlan_professional-sitemap.xml,https://nad-lan.co.il/professionals/%d7%97%d7%95%d7%a8%d7%99-%d7%95%d7%90%d7%99%d7%9c/,2026-06-01T19:04:41+00:00
nadlan_professional-sitemap.xml,https://nad-lan.co.il/professionals/%d7%90%d7%91%d7%95-%d7%96%d7%94%d7%99%d7%90-%d7%a0%d7%96%d7%99%d7%94/,2026-06-01T19:04:42+00:00
nadlan_professional-sitemap.xml,https://nad-lan.co.il/professionals/%d7%90%d7%91%d7%95-%d7%a1%d7%9c%d7%90%d7%97-%d7%97%d7%95%d7%a1%d7%90%d7%9d/,2026-06-01T19:04:43+00:00
nadlan_professional-sitemap.xml,https://nad-lan.co.il/professionals/%d7%90%d7%a9%d7%95%d7%90%d7%a7-%d7%a2%d7%9c%d7%99/,2026-06-01T19:04:44+00:00
nadlan_professional-sitemap.xml,https://nad-lan.co.il/professionals/%d7%90%d7%a2%d7%a8%d7%99%d7%93%d7%99-%d7%9e%d7%95%d7%97%d7%9e%d7%93/,2026-06-01T19:04:45+00:00
nadlan_professional-sitemap.xml,https://nad-lan.co.il/professionals/%d7%90%d7%91%d7%95%d7%9c%d7%99%d7%9c-%d7%92%d7%90%d7%95%d7%93%d7%aa/,2026-06-01T19:04:45+00:00
nadlan_professional-sitemap.xml,https://nad-lan.co.il/professionals/%d7%90%d7%92%d7%91%d7%90%d7%a8%d7%99%d7%94-%d7%9b%d7%9e%d7%90%d7%9c/,2026-06-01T19:04:46+00:00
nadlan_professional-sitemap.xml,https://nad-lan.co.il/professionals/%d7%96%d7%95%d7%a2%d7%91%d7%99-%d7%94%d7%90%d7%a0%d7%99/,2026-06-01T19:04:47+00:00
nadlan_professional-sitemap.xml,https://nad-lan.co.il/professionals/%d7%a1%d7%9c%d7%99%d7%9d-%d7%a7%d7%99%d7%99%d7%a1/,2026-06-01T19:04:48+00:00
nadlan_professional-sitemap.xml,https://nad-lan.co.il/professionals/%d7%97%d7%95%d7%92%d7%99%d7%a8%d7%90%d7%aa-%d7%a2%d7%9c%d7%99/,2026-06-01T19:04:48+00:00
nadlan_professional-sitemap.xml,https://nad-lan.co.il/professionals/%d7%93%d7%a8%d7%95%d7%99%d7%a9-%d7%90%d7%97%d7%9e%d7%93/,2026-06-01T19:04:49+00:00
nadlan_professional-sitemap.xml,https://nad-lan.co.il/professionals/%d7%97%d7%98%d7%99%d7%91-%d7%a0%d7%95%d7%a8-%d7%90%d7%9c%d7%93%d7%99%d7%9f/,2026-06-01T19:04:50+00:00
nadlan_professional-sitemap.xml,https://nad-lan.co.il/professionals/%d7%92%d7%95%d7%9e%d7%a2%d7%94-%d7%99%d7%95%d7%a1%d7%a3/,2026-06-01T19:04:51+00:00
nadlan_professional-sitemap.xml,https://nad-lan.co.il/professionals/%d7%a2%d7%91%d7%93%d7%90%d7%9c%d7%a7%d7%90%d7%93%d7%a8-%d7%a8%d7%a4%d7%a2%d7%aa/,2026-06-01T19:04:52+00:00
nadlan_professional-sitemap.xml,https://nad-lan.co.il/professionals/%d7%97%d7%90%d7%92-%d7%99%d7%97%d7%99%d7%90-%d7%a2%d7%9e%d7%90%d7%93-%d7%a1%d7%90%d7%9e%d7%99/,2026-06-01T19:04:53+00:00
nadlan_professional-sitemap.xml,https://nad-lan.co.il/professionals/%d7%93%d7%a1%d7%95%d7%a7%d7%94-%d7%97%d7%90%d7%9c%d7%93/,2026-06-01T19:04:54+00:00
nadlan_professional-sitemap.xml,https://nad-lan.co.il/professionals/%d7%91%d7%99%d7%90%d7%93%d7%a1%d7%94-%d7%95%d7%9c%d7%99%d7%93/,2026-06-01T19:04:55+00:00
nadlan_professional-sitemap.xml,https://nad-lan.co.il/professionals/%d7%93%d7%9b%d7%a0%d7%90%d7%a1-%d7%a2%d7%91%d7%93/,2026-06-01T19:04:56+00:00
nadlan_professional-sitemap.xml,https://nad-lan.co.il/professionals/%d7%a2%d7%99%d7%a1%d7%90-%d7%9e%d7%97%d7%9e%d7%95%d7%93-2/,2026-06-01T19:04:57+00:00
nadlan_professional-sitemap.xml,https://nad-lan.co.il/professionals/%d7%97%d7%90%d7%9b%d7%95-%d7%9e%d7%95%d7%a1%d7%90/,2026-06-01T19:04:58+00:00
nadlan_professional-sitemap.xml,https://nad-lan.co.il/professionals/%d7%a0%d7%90%d7%a6%d7%a8-%d7%a7%d7%95%d7%a6%d7%99%d7%99/,2026-06-01T19:04:58+00:00
nadlan_professional-sitemap.xml,https://nad-lan.co.il/professionals/%d7%a1%d7%a2%d7%93-%d7%a4%d7%a8%d7%a0%d7%a1%d7%99%d7%a1/,2026-06-01T19:04:59+00:00
nadlan_professional-sitemap.xml,https://nad-lan.co.il/professionals/%d7%a2%d7%95%d7%93%d7%94-%d7%92%d7%a1%d7%90%d7%9f/,2026-06-01T19:05:00+00:00
nadlan_professional-sitemap.xml,https://nad-lan.co.il/professionals/%d7%a1%d7%9e%d7%a8%d7%99-%d7%a1%d7%a2%d7%99%d7%93/,2026-06-01T19:05:02+00:00
nadlan_professional-sitemap.xml,https://nad-lan.co.il/professionals/%d7%90%d7%91%d7%95-%d7%92%d7%96%d7%90%d7%9c%d7%94-%d7%97%d7%93%d7%a8/,2026-06-01T19:05:03+00:00
nadlan_professional-sitemap.xml,https://nad-lan.co.il/professionals/%d7%a1%d7%91%d7%90%d7%97-%d7%90%d7%99%d7%99%d7%9e%d7%9f/,2026-06-01T19:05:04+00:00
nadlan_professional-sitemap.xml,https://nad-lan.co.il/professionals/%d7%a1%d7%99%d7%99%d7%90%d7%93-%d7%97%d7%90%d7%9c%d7%93/,2026-06-01T19:05:05+00:00
nadlan_professional-sitemap.xml,https://nad-lan.co.il/professionals/%d7%98%d7%a0%d7%95%d7%a1-%d7%9e%d7%a2%d7%9c%d7%95%d7%a3-%d7%95%d7%90%d7%99%d7%9c/,2026-06-01T19:05:06+00:00
nadlan_professional-sitemap.xml,https://nad-lan.co.il/professionals/%d7%9e%d7%95%d7%a2%d7%93-%d7%a9%d7%99%d7%91%d7%9c%d7%99/,2026-06-01T19:05:07+00:00
nadlan_professional-sitemap.xml,https://nad-lan.co.il/professionals/%d7%90%d7%91%d7%95-%d7%90%d7%97%d7%9e%d7%93-%d7%a0%d7%99%d7%94%d7%90%d7%93/,2026-06-01T19:05:09+00:00
nadlan_professional-sitemap.xml,https://nad-lan.co.il/professionals/%d7%91%d7%a9%d7%90%d7%a8%d7%90%d7%aa-%d7%9e%d7%a8%d7%95%d7%90%d7%9f/,2026-06-01T19:05:10+00:00
nadlan_professional-sitemap.xml,https://nad-lan.co.il/professionals/%d7%92%d7%91%d7%90%d7%a8%d7%99%d7%9f-%d7%90%d7%91%d7%a8%d7%90%d7%94%d7%99%d7%9d/,2026-06-01T19:05:11+00:00
nadlan_professional-sitemap.xml,https://nad-lan.co.il/professionals/%d7%a2%d7%a4%d7%99%d7%a3-%d7%a9%d7%9c%d7%91%d7%99/,2026-06-01T19:05:12+00:00
nadlan_professional-sitemap.xml,https://nad-lan.co.il/professionals/%d7%a9%d7%95%d7%90%d7%94%d7%a0%d7%94-%d7%a1%d7%90%d7%9c%d7%97/,2026-06-01T19:05:13+00:00
nadlan_professional-sitemap.xml,https://nad-lan.co.il/professionals/%d7%97%d7%9e%d7%90%d7%93%d7%94-%d7%a2%d7%9e%d7%90%d7%93/,2026-06-01T19:05:14+00:00
nadlan_professional-sitemap.xml,https://nad-lan.co.il/professionals/%d7%92%d7%91%d7%95%d7%a8-%d7%9e%d7%a8%d7%95%d7%90%d7%9f/,2026-06-01T19:05:15+00:00
nadlan_professional-sitemap.xml,https://nad-lan.co.il/professionals/%d7%90%d7%91%d7%95-%d7%92%d7%91%d7%9c-%d7%a2%d7%9c%d7%99/,2026-06-01T19:05:16+00:00
nadlan_professional-sitemap.xml,https://nad-lan.co.il/professionals/%d7%90%d7%91%d7%95-%d7%a1%d7%a2%d7%99%d7%93-%d7%9e%d7%95%d7%97%d7%9e%d7%93/,2026-06-01T19:05:17+00:00
nadlan_professional-sitemap.xml,https://nad-lan.co.il/professionals/%d7%97%d7%9c%d7%99%d7%97%d7%9c-%d7%9e%d7%95%d7%97%d7%9e%d7%93/,2026-06-01T19:05:18+00:00
nadlan_professional-sitemap.xml,https://nad-lan.co.il/professionals/%d7%a2%d7%a8%d7%90%d7%91%d7%99-%d7%90%d7%99%d7%90%d7%93/,2026-06-01T19:05:20+00:00
nadlan_professional-sitemap.xml,https://nad-lan.co.il/professionals/%d7%9e%d7%97%d7%90%d7%9e%d7%99%d7%93-%d7%97%d7%95%d7%a1%d7%99%d7%9f/,2026-06-01T19:05:21+00:00
nadlan_professional-sitemap.xml,https://nad-lan.co.il/professionals/%d7%9b%d7%90%d7%9e%d7%9c-%d7%a0%d7%a2%d7%99%d7%99%d7%9d/,2026-06-01T19:05:22+00:00
nadlan_professional-sitemap.xml,https://nad-lan.co.il/professionals/%d7%a9%d7%97%d7%90%d7%93%d7%94-%d7%a2%d7%a1%d7%90%d7%9d/,2026-06-01T19:05:23+00:00
nadlan_professional-sitemap.xml,https://nad-lan.co.il/professionals/%d7%90%d7%a1%d7%93%d7%99-%d7%90%d7%99%d7%90%d7%aa/,2026-06-01T19:05:24+00:00
nadlan_professional-sitemap.xml,https://nad-lan.co.il/professionals/%d7%9e%d7%95%d7%91%d7%93%d7%90-%d7%99%d7%95%d7%a1%d7%a3-%d7%98%d7%90%d7%a8%d7%93/,2026-06-01T19:05:25+00:00
nadlan_professional-sitemap.xml,https://nad-lan.co.il/professionals/%d7%a1%d7%9b%d7%a1-%d7%90%d7%99%d7%90%d7%93/,2026-06-01T19:05:26+00:00
nadlan_professional-sitemap.xml,https://nad-lan.co.il/professionals/%d7%98%d7%91%d7%a8%d7%99-%d7%9e%d7%95%d7%a1%d7%90/,2026-06-01T19:05:27+00:00
nadlan_professional-sitemap.xml,https://nad-lan.co.il/professionals/%d7%90%d7%91%d7%95-%d7%a2%d7%a1%d7%9c-%d7%99%d7%95%d7%a1%d7%a3/,2026-06-01T19:05:28+00:00
nadlan_professional-sitemap.xml,https://nad-lan.co.il/professionals/%d7%90%d7%a1%d7%aa%d7%99%d7%aa%d7%94-%d7%aa%d7%90%d7%95%d7%a4%d7%99%d7%a7/,2026-06-01T19:05:29+00:00
nadlan_professional-sitemap.xml,https://nad-lan.co.il/professionals/%d7%9b%d7%a8%d7%99%d7%99%d7%9d-%d7%a8%d7%90%d7%99%d7%93/,2026-06-01T19:05:29+00:00
nadlan_professional-sitemap.xml,https://nad-lan.co.il/professionals/%d7%93%d7%a8%d7%90%d7%95%d7%a9%d7%94-%d7%98%d7%90%d7%a8%d7%a7/,2026-06-01T19:05:30+00:00
nadlan_professional-sitemap.xml,https://nad-lan.co.il/professionals/%d7%9e%d7%97%d7%90%d7%9e%d7%99%d7%93-%d7%9e%d7%95%d7%97%d7%9e%d7%93/,2026-06-01T19:05:31+00:00
nadlan_professional-sitemap.xml,https://nad-lan.co.il/professionals/%d7%91%d7%9b%d7%a8%d7%99%d7%94-%d7%90%d7%95%d7%a1%d7%90%d7%9e%d7%94/,2026-06-01T19:05:32+00:00
nadlan_professional-sitemap.xml,https://nad-lan.co.il/professionals/%d7%92%d7%91%d7%90%d7%a8%d7%99%d7%9f-%d7%90%d7%97%d7%9e%d7%93/,2026-06-01T19:05:32+00:00
nadlan_professional-sitemap.xml,https://nad-lan.co.il/professionals/%d7%9e%d7%a9%d7%99%d7%a2%d7%9c-%d7%95%d7%9c%d7%99%d7%93/,2026-06-01T19:05:33+00:00
nadlan_professional-sitemap.xml,https://nad-lan.co.il/professionals/%d7%93%d7%a8%d7%90%d7%95%d7%a9%d7%94-%d7%a1%d7%90%d7%9c%d7%97/,2026-06-01T19:05:34+00:00
nadlan_professional-sitemap.xml,https://nad-lan.co.il/professionals/%d7%90%d7%92%d7%91%d7%90%d7%a8%d7%99%d7%94-%d7%a0%d7%a2%d7%9e%d7%90%d7%9f/,2026-06-01T19:05:35+00:00
nadlan_professional-sitemap.xml,https://nad-lan.co.il/professionals/%d7%90%d7%9c-%d7%91%d7%99%d7%90%d7%93%d7%a1%d7%94-%d7%9e%d7%90%d7%92%d7%93/,2026-06-01T19:05:36+00:00
nadlan_professional-sitemap.xml,https://nad-lan.co.il/professionals/%d7%91%d7%99%d7%90%d7%93%d7%a1%d7%94-%d7%9e%d7%95%d7%a4%d7%99%d7%93/,2026-06-01T19:05:37+00:00
nadlan_professional-sitemap.xml,https://nad-lan.co.il/professionals/%d7%9e%d7%a7%d7%90%d7%9c%d7%93%d7%94-%d7%96%d7%95%d7%94%d7%99%d7%a8/,2026-06-01T19:05:38+00:00
nadlan_professional-sitemap.xml,https://nad-lan.co.il/professionals/%d7%9e%d7%a1%d7%90%d7%a8%d7%95%d7%95%d7%94-%d7%9e%d7%90%d7%9e%d7%95%d7%9f/,2026-06-01T19:05:39+00:00
nadlan_professional-sitemap.xml,https://nad-lan.co.il/professionals/%d7%98%d7%90%d7%94%d7%90-%d7%99%d7%95%d7%a1%d7%a3/,2026-06-01T19:05:39+00:00
nadlan_professional-sitemap.xml,https://nad-lan.co.il/professionals/%d7%a9%d7%9c%d7%91%d7%99-%d7%90%d7%93%d7%94%d7%9d/,2026-06-01T19:05:40+00:00
nadlan_professional-sitemap.xml,https://nad-lan.co.il/professionals/%d7%9b%d7%99%d7%90%d7%9c-%d7%a2%d7%91%d7%93-%d7%90%d7%9c-%d7%9b%d7%a8%d7%99%d7%9d/,2026-06-01T19:05:43+00:00
nadlan_professional-sitemap.xml,https://nad-lan.co.il/professionals/%d7%a2%d7%9c%d7%99-%d7%90%d7%9c%d7%97%d7%9c%d7%95%d7%94-%d7%90%d7%99%d7%99%d7%9e%d7%9f-2/,2026-06-01T19:05:44+00:00
nadlan_professional-sitemap.xml,https://nad-lan.co.il/professionals/%d7%a1%d7%a4%d7%99%d7%a8-%d7%a9%d7%92%d7%99%d7%90/,2026-06-01T19:05:45+00:00
nadlan_professional-sitemap.xml,https://nad-lan.co.il/professionals/%d7%97%d7%95%d7%a8%d7%99-%d7%a2%d7%9e%d7%90%d7%93/,2026-06-01T19:05:46+00:00
nadlan_professional-sitemap.xml,https://nad-lan.co.il/professionals/%d7%93%d7%a7%d7%a1%d7%94-%d7%a1%d7%9e%d7%99%d7%97/,2026-06-01T19:05:46+00:00
nadlan_professional-sitemap.xml,https://nad-lan.co.il/professionals/%d7%90%d7%9e%d7%90%d7%a8%d7%94-%d7%a8%d7%90%d7%99%d7%93/,2026-06-01T19:05:47+00:00
nadlan_professional-sitemap.xml,https://nad-lan.co.il/professionals/%d7%a2%d7%9c%d7%99-%d7%a0%d7%91%d7%99%d7%9c/,2026-06-01T19:05:48+00:00
nadlan_professional-sitemap.xml,https://nad-lan.co.il/professionals/%d7%90%d7%92%d7%91%d7%a8%d7%99%d7%94-%d7%9e%d7%95%d7%97%d7%9e%d7%93/,2026-06-01T19:05:49+00:00
nadlan_professional-sitemap.xml,https://nad-lan.co.il/professionals/%d7%93%d7%a8%d7%90%d7%95%d7%a9%d7%94-%d7%9e%d7%a9%d7%94%d7%95%d7%a8/,2026-06-01T19:05:50+00:00
nadlan_professional-sitemap.xml,https://nad-lan.co.il/professionals/%d7%97%d7%9e%d7%93%d7%90%d7%9f-%d7%98%d7%90%d7%a8%d7%a7/,2026-06-01T19:05:51+00:00
nadlan_professional-sitemap.xml,https://nad-lan.co.il/professionals/%d7%92%d7%a8%d7%95%d7%a9-%d7%a0%d7%a2%d7%99%d7%9d/,2026-06-01T19:05:52+00:00
nadlan_professional-sitemap.xml,https://nad-lan.co.il/professionals/%d7%9e%d7%95%d7%a8%d7%90%d7%93-%d7%9e%d7%95%d7%97%d7%9e%d7%93/,2026-06-01T19:05:53+00:00
nadlan_professional-sitemap.xml,https://nad-lan.co.il/professionals/%d7%9e%d7%95%d7%9c%d7%90-%d7%9e%d7%92%d7%93/,2026-06-01T19:05:53+00:00
nadlan_professional-sitemap.xml,https://nad-lan.co.il/professionals/%d7%97%d7%a1%d7%9f-%d7%97%d7%90%d7%9c%d7%93/,2026-06-01T19:05:54+00:00
nadlan_professional-sitemap.xml,https://nad-lan.co.il/professionals/%d7%90%d7%91%d7%95-%d7%a1%d7%90%d7%9c%d7%97-%d7%9e%d7%95%d7%9b%d7%9c%d7%a1/,2026-06-01T19:05:55+00:00
nadlan_professional-sitemap.xml,https://nad-lan.co.il/professionals/%d7%a1%d7%91%d7%90%d7%92-%d7%a0%d7%a2%d7%9e%d7%90%d7%9f/,2026-06-01T19:05:56+00:00
nadlan_professional-sitemap.xml,https://nad-lan.co.il/professionals/%d7%92%d7%91%d7%90%d7%a8%d7%99%d7%9f-%d7%97%d7%a1%d7%9f/,2026-06-01T19:05:57+00:00
nadlan_professional-sitemap.xml,https://nad-lan.co.il/professionals/%d7%97%d7%9c%d7%99%d7%9c-%d7%9e%d7%97%d7%9e%d7%95%d7%93/,2026-06-01T19:05:58+00:00
nadlan_professional-sitemap.xml,https://nad-lan.co.il/professionals/%d7%a2%d7%9b%d7%90%d7%95%d7%99-%d7%9e%d7%a8%d7%95%d7%90%d7%9f/,2026-06-01T19:05:59+00:00
nadlan_professional-sitemap.xml,https://nad-lan.co.il/professionals/%d7%a4%d7%a8%d7%99%d7%93-%d7%a8%d7%90%d7%aa%d7%91/,2026-06-01T19:06:00+00:00
nadlan_professional-sitemap.xml,https://nad-lan.co.il/professionals/%d7%97%d7%a1%d7%90%d7%9f-%d7%96%d7%95%d7%94%d7%99%d7%a8/,2026-06-01T19:06:01+00:00
nadlan_professional-sitemap.xml,https://nad-lan.co.il/professionals/%d7%99%d7%9e%d7%99%d7%a0%d7%99-%d7%a6%d7%97%d7%99/,2026-06-01T19:06:01+00:00
nadlan_professional-sitemap.xml,https://nad-lan.co.il/professionals/%d7%97%d7%98%d7%99%d7%91-%d7%9e%d7%95%d7%a0%d7%99%d7%91/,2026-06-01T19:06:02+00:00
nadlan_professional-sitemap.xml,https://nad-lan.co.il/professionals/%d7%9b%d7%94%d7%9f-%d7%97%d7%99%d7%99%d7%9d-2/,2026-06-01T19:06:02+00:00
nadlan_professional-sitemap.xml,https://nad-lan.co.il/professionals/%d7%90%d7%a8%d7%96%d7%95%d7%a0%d7%99-%d7%a8%d7%95%d7%a0%d7%9f-%d7%90%d7%9c%d7%99/,2026-06-01T19:06:03+00:00
nadlan_professional-sitemap.xml,https://nad-lan.co.il/professionals/%d7%90%d7%92%d7%91%d7%a8%d7%99%d7%94-%d7%a8%d7%99%d7%90%d7%93/,2026-06-01T19:06:04+00:00
nadlan_professional-sitemap.xml,https://nad-lan.co.il/professionals/%d7%a2%d7%95%d7%91%d7%93%d7%99%d7%94-%d7%a8%d7%95%d7%a0%d7%9f/,2026-06-01T19:06:04+00:00
nadlan_professional-sitemap.xml,https://nad-lan.co.il/professionals/%d7%90%d7%91%d7%95%d7%97%d7%a6%d7%99%d7%a8%d7%94-%d7%a8%d7%9e%d7%99/,2026-06-01T19:06:05+00:00
nadlan_professional-sitemap.xml,https://nad-lan.co.il/professionals/%d7%91%d7%95%d7%90%d7%a8%d7%95%d7%9f-%d7%a9%d7%9c%d7%9e%d7%94/,2026-06-01T19:06:05+00:00
nadlan_professional-sitemap.xml,https://nad-lan.co.il/professionals/%d7%a4%d7%a8%d7%92%d7%95%d7%9f-%d7%99%d7%95%d7%91%d7%9c/,2026-06-01T19:06:06+00:00
nadlan_professional-sitemap.xml,https://nad-lan.co.il/professionals/%d7%a2%d7%95%d7%a7%d7%91%d7%99-%d7%90%d7%9c%d7%95%d7%9f/,2026-06-01T19:06:06+00:00
nadlan_professional-sitemap.xml,https://nad-lan.co.il/professionals/%d7%91%d7%95%d7%a8%d7%a9%d7%98%d7%99%d7%99%d7%9f-%d7%a9%d7%90%d7%95%d7%9c/,2026-06-01T19:06:08+00:00
nadlan_professional-sitemap.xml,https://nad-lan.co.il/professionals/%d7%91%d7%a8%d7%96%d7%90%d7%a0%d7%99-%d7%90%d7%a8%d7%99%d7%90%d7%9c/,2026-06-01T19:06:08+00:00
nadlan_professional-sitemap.xml,https://nad-lan.co.il/professionals/%d7%98%d7%99%d7%91%d7%99-%d7%9c%d7%99%d7%90%d7%95%d7%a8-%d7%a0%d7%aa%d7%9f/,2026-06-01T19:06:08+00:00
nadlan_professional-sitemap.xml,https://nad-lan.co.il/professionals/%d7%90%d7%a8%d7%99%d7%94-%d7%9c%d7%99%d7%90%d7%95%d7%a8/,2026-06-01T19:06:09+00:00
nadlan_professional-sitemap.xml,https://nad-lan.co.il/professionals/%d7%92%d7%95%d7%99%d7%9c%d7%99-%d7%a8%d7%90%d7%95%d7%91%d7%9f/,2026-06-01T19:06:10+00:00
nadlan_professional-sitemap.xml,https://nad-lan.co.il/professionals/%d7%a8%d7%90%d7%95%d7%91%d7%9f-%d7%99%d7%a6%d7%97%d7%a7/,2026-06-01T19:06:10+00:00
nadlan_professional-sitemap.xml,https://nad-lan.co.il/professionals/%d7%a6%d7%90%d7%99%d7%92-%d7%a0%d7%97-%d7%a9%d7%95%d7%a9%d7%a0%d7%94/,2026-06-01T19:06:11+00:00
nadlan_professional-sitemap.xml,https://nad-lan.co.il/professionals/%d7%9e%d7%9b%d7%9c%d7%95%d7%a3-%d7%97%d7%99%d7%99%d7%9d/,2026-06-01T19:06:11+00:00
nadlan_professional-sitemap.xml,https://nad-lan.co.il/professionals/%d7%91%d7%9f-%d7%a9%d7%95%d7%a9%d7%9f-%d7%a9%d7%9e%d7%a2%d7%95%d7%9f/,2026-06-01T19:06:12+00:00
nadlan_professional-sitemap.xml,https://nad-lan.co.il/professionals/%d7%a9%d7%91%d7%99%d7%98-%d7%90%d7%99%d7%9c%d7%9f/,2026-06-01T19:06:12+00:00
nadlan_professional-sitemap.xml,https://nad-lan.co.il/professionals/%d7%91%d7%99%d7%98%d7%95%d7%9f-%d7%a9%d7%9c%d7%9e%d7%94-2/,2026-06-01T19:06:13+00:00
nadlan_professional-sitemap.xml,https://nad-lan.co.il/professionals/%d7%a1%d7%99%d7%93%d7%a8%d7%a0%d7%a1%d7%a7%d7%99-%d7%a9%d7%9e%d7%95%d7%90%d7%9c/,2026-06-01T19:06:14+00:00
nadlan_professional-sitemap.xml,https://nad-lan.co.il/professionals/%d7%98%d7%94%d7%91%d7%a9-%d7%a2%d7%95%d7%a4%d7%a8/,2026-06-01T19:06:14+00:00
nadlan_professional-sitemap.xml,https://nad-lan.co.il/professionals/%d7%9b%d7%94%d7%9f-%d7%90%d7%94%d7%a8%d7%95%d7%9f-%d7%a8%d7%95%d7%a0%d7%99/,2026-06-01T19:06:15+00:00
nadlan_professional-sitemap.xml,https://nad-lan.co.il/professionals/%d7%90%d7%a1%d7%a8%d7%a3-%d7%a8%d7%95%d7%a0%d7%9f/,2026-06-01T19:06:15+00:00
nadlan_professional-sitemap.xml,https://nad-lan.co.il/professionals/%d7%90%d7%9c%d7%91%d7%9c%d7%99%d7%94-%d7%97%d7%a0%d7%9f/,2026-06-01T19:06:16+00:00
nadlan_professional-sitemap.xml,https://nad-lan.co.il/professionals/%d7%a9%d7%96%d7%99%d7%a8%d7%99-%d7%a2%d7%95%d7%a4%d7%a8/,2026-06-01T19:06:16+00:00
nadlan_professional-sitemap.xml,https://nad-lan.co.il/professionals/%d7%a4%d7%a4%d7%95-%d7%90%d7%94%d7%95%d7%93/,2026-06-01T19:06:17+00:00
nadlan_professional-sitemap.xml,https://nad-lan.co.il/professionals/%d7%90%d7%95%d7%96%d7%9f-%d7%92%d7%91%d7%a8%d7%99%d7%90%d7%9c/,2026-06-01T19:06:17+00:00
nadlan_professional-sitemap.xml,https://nad-lan.co.il/professionals/%d7%a0%d7%99%d7%a1%d7%99%d7%9d-%d7%90%d7%91%d7%99-%d7%a2%d7%95%d7%91%d7%93%d7%99%d7%94/,2026-06-01T19:06:18+00:00
nadlan_professional-sitemap.xml,https://nad-lan.co.il/professionals/%d7%90%d7%96%d7%95%d7%95%d7%9c%d7%95%d7%a1-%d7%a4%d7%a0%d7%97%d7%a1/,2026-06-01T19:06:19+00:00
nadlan_professional-sitemap.xml,https://nad-lan.co.il/professionals/%d7%99%d7%a9%d7%a8%d7%90%d7%9c-%d7%99%d7%95%d7%a1%d7%a3-%d7%99%d7%a2%d7%a7%d7%91-%d7%90%d7%91%d7%99/,2026-06-01T19:06:20+00:00
nadlan_professional-sitemap.xml,https://nad-lan.co.il/professionals/%d7%a4%d7%a9%d7%97%d7%95%d7%a8-%d7%92%d7%99%d7%9c/,2026-06-01T19:06:20+00:00
nadlan_professional-sitemap.xml,https://nad-lan.co.il/professionals/%d7%a4%d7%9c%d7%99%d7%a7-%d7%90%d7%9c%d7%95%d7%9f/,2026-06-01T19:06:21+00:00
nadlan_professional-sitemap.xml,https://nad-lan.co.il/professionals/%d7%9e%d7%9c%d7%9b%d7%94-%d7%90%d7%91%d7%a8%d7%94%d7%9d/,2026-06-01T19:06:21+00:00
nadlan_professional-sitemap.xml,https://nad-lan.co.il/professionals/%d7%a1%d7%99%d7%a0%d7%99-%d7%92%d7%99%d7%90/,2026-06-01T19:06:22+00:00
nadlan_professional-sitemap.xml,https://nad-lan.co.il/professionals/%d7%92%d7%95%d7%a8%d7%99-%d7%90%d7%a8%d7%96/,2026-06-01T19:06:22+00:00
nadlan_professional-sitemap.xml,https://nad-lan.co.il/professionals/%d7%97%d7%a1%d7%99%d7%93-%d7%a9%d7%a8%d7%95%d7%9f/,2026-06-01T19:06:22+00:00
nadlan_professional-sitemap.xml,https://nad-lan.co.il/professionals/%d7%9e%d7%96%d7%a8%d7%97%d7%99-%d7%90%d7%9c%d7%95%d7%9f/,2026-06-01T19:06:23+00:00
nadlan_professional-sitemap.xml,https://nad-lan.co.il/professionals/%d7%a0%d7%aa%d7%99%d7%91-%d7%9e%d7%a9%d7%94/,2026-06-01T19:06:23+00:00
nadlan_professional-sitemap.xml,https://nad-lan.co.il/professionals/%d7%a7%d7%9c%d7%99%d7%99%d7%a0%d7%9e%d7%9f-%d7%a8%d7%a2%d7%99/,2026-06-01T19:06:23+00:00
nadlan_professional-sitemap.xml,https://nad-lan.co.il/professionals/%d7%90%d7%a1%d7%a8%d7%a3-%d7%9e%d7%99%d7%9b%d7%90%d7%9c/,2026-06-01T19:06:24+00:00
nadlan_professional-sitemap.xml,https://nad-lan.co.il/professionals/%d7%a7%d7%93%d7%95%d7%a9-%d7%99%d7%95%d7%91%d7%9c/,2026-06-01T19:06:24+00:00
nadlan_professional-sitemap.xml,https://nad-lan.co.il/professionals/%d7%9c%d7%95%d7%99-%d7%a9%d7%9e%d7%a2%d7%95%d7%9f/,2026-06-01T19:06:25+00:00
nadlan_professional-sitemap.xml,https://nad-lan.co.il/professionals/%d7%90%d7%94%d7%a8%d7%95%d7%9f-%d7%90%d7%91%d7%a8%d7%94%d7%9d/,2026-06-01T19:06:25+00:00
nadlan_professional-sitemap.xml,https://nad-lan.co.il/professionals/%d7%a2%d7%a6%d7%99%d7%95%d7%a0%d7%99-%d7%a0%d7%97%d7%95%d7%9d/,2026-06-01T19:06:25+00:00
nadlan_professional-sitemap.xml,https://nad-lan.co.il/professionals/%d7%96%d7%95%d7%a0%d7%93%d7%a8-%d7%a8%d7%9f/,2026-06-01T19:06:25+00:00
nadlan_professional-sitemap.xml,https://nad-lan.co.il/professionals/%d7%92%d7%9c%d7%a0%d7%98%d7%99-%d7%90%d7%91%d7%a8%d7%94%d7%9d/,2026-06-01T19:06:26+00:00
nadlan_professional-sitemap.xml,https://nad-lan.co.il/professionals/%d7%92%d7%95%d7%99%d7%98%d7%94-%d7%99%d7%a6%d7%97%d7%a7/,2026-06-01T19:06:26+00:00
nadlan_professional-sitemap.xml,https://nad-lan.co.il/professionals/%d7%90%d7%9c%d7%99%d7%94%d7%95-%d7%93%d7%a7%d7%a8/,2026-06-01T19:06:26+00:00
nadlan_professional-sitemap.xml,https://nad-lan.co.il/professionals/%d7%95%d7%92%d7%9f-%d7%90%d7%91%d7%99/,2026-06-01T19:06:26+00:00
nadlan_professional-sitemap.xml,https://nad-lan.co.il/professionals/%d7%9e%d7%96%d7%a8%d7%97%d7%99-%d7%90%d7%99%d7%9c%d7%9f/,2026-06-01T19:06:27+00:00
nadlan_professional-sitemap.xml,https://nad-lan.co.il/professionals/%d7%a0%d7%97%d7%9e%d7%94-%d7%90%d7%9c%d7%99%d7%a2%d7%96%d7%a8/,2026-06-01T19:06:27+00:00
nadlan_professional-sitemap.xml,https://nad-lan.co.il/professionals/%d7%91%d7%95%d7%90%d7%a8%d7%95%d7%9f-%d7%a9%d7%97%d7%a8/,2026-06-01T19:06:27+00:00
nadlan_professional-sitemap.xml,https://nad-lan.co.il/professionals/%d7%90%d7%a8%d7%99%d7%94-%d7%99%d7%a8%d7%95%d7%9f/,2026-06-01T19:06:27+00:00
nadlan_professional-sitemap.xml,https://nad-lan.co.il/professionals/%d7%90%d7%95%d7%91%d7%96%d7%99%d7%9c%d7%a8-%d7%98%d7%95%d7%91%d7%99%d7%94/,2026-06-01T19:06:28+00:00
nadlan_professional-sitemap.xml,https://nad-lan.co.il/professionals/%d7%9b%d7%97%d7%9c%d7%a0%d7%99-%d7%90%d7%99%d7%9c/,2026-06-01T19:06:28+00:00
nadlan_professional-sitemap.xml,https://nad-lan.co.il/professionals/%d7%91%d7%a9%d7%99-%d7%90%d7%95%d7%a8%d7%99/,2026-06-01T19:06:28+00:00
nadlan_professional-sitemap.xml,https://nad-lan.co.il/professionals/%d7%9c%d7%95%d7%96%d7%95%d7%9f-%d7%a8%d7%9e%d7%99/,2026-06-01T19:06:28+00:00
nadlan_professional-sitemap.xml,https://nad-lan.co.il/professionals/%d7%9c%d7%95%d7%99-%d7%90%d7%91%d7%a8%d7%94%d7%9d-%d7%a7%d7%a8%d7%9f/,2026-06-01T19:06:29+00:00
nadlan_professional-sitemap.xml,https://nad-lan.co.il/professionals/%d7%a9%d7%91%d7%99%d7%a8%d7%95-%d7%a8%d7%9e%d7%99/,2026-06-01T19:06:29+00:00
nadlan_professional-sitemap.xml,https://nad-lan.co.il/professionals/%d7%a9%d7%95%d7%a8%d7%a5-%d7%92%d7%99%d7%90/,2026-06-01T19:06:29+00:00
nadlan_professional-sitemap.xml,https://nad-lan.co.il/professionals/%d7%98%d7%95%d7%9c%d7%93%d7%95-%d7%a9%d7%9c%d7%95%d7%9e%d7%99/,2026-06-01T19:06:29+00:00
nadlan_professional-sitemap.xml,https://nad-lan.co.il/professionals/%d7%a9%d7%92%d7%99%d7%91-%d7%90%d7%99%d7%9c%d7%9f-%d7%90%d7%9c%d7%99%d7%94%d7%95/,2026-06-01T19:06:30+00:00
nadlan_professional-sitemap.xml,https://nad-lan.co.il/professionals/%d7%96%d7%94%d7%91%d7%99-%d7%9e%d7%90%d7%99%d7%a8/,2026-06-01T19:06:30+00:00
nadlan_professional-sitemap.xml,https://nad-lan.co.il/professionals/%d7%91%d7%99%d7%98%d7%95%d7%9f-%d7%99%d7%95%d7%a1%d7%99/,2026-06-01T19:06:30+00:00
nadlan_professional-sitemap.xml,https://nad-lan.co.il/professionals/%d7%a4%d7%a8%d7%a0%d7%a6%d7%95%d7%96%d7%95-%d7%93%d7%95%d7%93/,2026-06-01T19:06:31+00:00
nadlan_professional-sitemap.xml,https://nad-lan.co.il/professionals/%d7%a9%d7%99%d7%98%d7%a8%d7%99%d7%aa-%d7%9e%d7%99%d7%9b%d7%90%d7%9c/,2026-06-01T19:06:31+00:00
nadlan_professional-sitemap.xml,https://nad-lan.co.il/professionals/%d7%9e%d7%a8%d7%a7-%d7%97%d7%99%d7%99%d7%9d/,2026-06-01T19:06:31+00:00
nadlan_professional-sitemap.xml,https://nad-lan.co.il/professionals/%d7%90%d7%91%d7%a8%d7%94%d7%9e%d7%99-%d7%90%d7%95%d7%a8%d7%9f/,2026-06-01T19:06:31+00:00
nadlan_professional-sitemap.xml,https://nad-lan.co.il/professionals/%d7%99%d7%94%d7%95%d7%93%d7%94-%d7%9c%d7%99%d7%90%d7%95%d7%a8/,2026-06-01T19:06:32+00:00
nadlan_professional-sitemap.xml,https://nad-lan.co.il/professionals/%d7%99%d7%a0%d7%99%d7%91-%d7%92%d7%9c/,2026-06-01T19:06:32+00:00
nadlan_professional-sitemap.xml,https://nad-lan.co.il/professionals/%d7%90%d7%98%d7%99%d7%90%d7%94-%d7%91%d7%a0%d7%99/,2026-06-01T19:06:32+00:00
nadlan_professional-sitemap.xml,https://nad-lan.co.il/professionals/%d7%91%d7%a0%d7%95%d7%9f-%d7%a4%d7%a8%d7%a5-%d7%a1%d7%99%d7%9e%d7%95%d7%9f/,2026-06-01T19:06:33+00:00
nadlan_professional-sitemap.xml,https://nad-lan.co.il/professionals/%d7%99%d7%95%d7%a0%d7%90%d7%99-%d7%99%d7%a2%d7%a7%d7%91/,2026-06-01T19:06:33+00:00
nadlan_professional-sitemap.xml,https://nad-lan.co.il/professionals/%d7%9e%d7%99%d7%9b%d7%90%d7%9c%d7%99-%d7%90%d7%9e%d7%99%d7%a8/,2026-06-01T19:06:34+00:00
nadlan_professional-sitemap.xml,https://nad-lan.co.il/professionals/%d7%97%d7%a0%d7%99%d7%9f-%d7%a9%d7%9c%d7%9e%d7%94/,2026-06-01T19:06:34+00:00
nadlan_professional-sitemap.xml,https://nad-lan.co.il/professionals/%d7%9e%d7%95%d7%a8-%d7%90%d7%9e%d7%a0%d7%95%d7%9f/,2026-06-01T19:06:34+00:00
nadlan_professional-sitemap.xml,https://nad-lan.co.il/professionals/%d7%a1%d7%90%d7%9c%d7%9d-%d7%99%d7%a9%d7%a8%d7%90%d7%9c/,2026-06-01T19:06:35+00:00
nadlan_professional-sitemap.xml,https://nad-lan.co.il/professionals/%d7%91%d7%9f-%d7%9e%d7%a0%d7%a9%d7%94-%d7%99%d7%90%d7%99%d7%a8/,2026-06-01T19:06:35+00:00
nadlan_professional-sitemap.xml,https://nad-lan.co.il/professionals/%d7%93%d7%99%d7%99%d7%9f-%d7%90%d7%a8%d7%96/,2026-06-01T19:06:35+00:00
nadlan_professional-sitemap.xml,https://nad-lan.co.il/professionals/%d7%a4%d7%95%d7%a7%d7%a1-%d7%91%d7%a8%d7%a7/,2026-06-01T19:06:35+00:00
nadlan_professional-sitemap.xml,https://nad-lan.co.il/professionals/%d7%90%d7%91%d7%99%d7%a1%d7%93%d7%a8%d7%99%d7%a1-%d7%90%d7%91%d7%99/,2026-06-01T19:06:35+00:00
nadlan_professional-sitemap.xml,https://nad-lan.co.il/professionals/%d7%a0%d7%9e%d7%a0%d7%99-%d7%a2%d7%9e%d7%95%d7%a1/,2026-06-01T19:06:36+00:00
nadlan_professional-sitemap.xml,https://nad-lan.co.il/professionals/%d7%a2%d7%95%d7%aa%d7%9e%d7%99-%d7%9e%d7%a9%d7%94/,2026-06-01T19:06:36+00:00
nadlan_professional-sitemap.xml,https://nad-lan.co.il/professionals/%d7%9e%d7%95%d7%99%d7%90%d7%9c-%d7%9e%d7%a9%d7%94/,2026-06-01T19:06:36+00:00
nadlan_professional-sitemap.xml,https://nad-lan.co.il/professionals/%d7%94%d7%93%d7%a8%d7%99%d7%94-%d7%a2%d7%9e%d7%a8%d7%9d-%d7%90%d7%95%d7%a8%d7%99%d7%90%d7%9c/,2026-06-01T19:06:37+00:00
nadlan_professional-sitemap.xml,https://nad-lan.co.il/professionals/%d7%a6%d7%95%d7%a8-%d7%90%d7%91%d7%99%d7%a0%d7%93%d7%91/,2026-06-01T19:06:37+00:00
nadlan_professional-sitemap.xml,https://nad-lan.co.il/professionals/%d7%90%d7%91%d7%95%d7%97%d7%a6%d7%99%d7%a8%d7%94-%d7%99%d7%a8%d7%95%d7%9f/,2026-06-01T19:06:37+00:00
nadlan_professional-sitemap.xml,https://nad-lan.co.il/professionals/%d7%a9%d7%95%d7%99%d7%99%d7%a6%d7%a8-%d7%90%d7%91%d7%99/,2026-06-01T19:06:38+00:00
nadlan_professional-sitemap.xml,https://nad-lan.co.il/professionals/%d7%91%d7%a0%d7%91%d7%a0%d7%a9%d7%aa%d7%99-%d7%90%d7%91%d7%99/,2026-06-01T19:06:38+00:00
nadlan_professional-sitemap.xml,https://nad-lan.co.il/professionals/%d7%a7%d7%a0%d7%95%d7%a4%d7%9c%d7%a8-%d7%a8%d7%95%d7%a0%d7%99/,2026-06-01T19:06:38+00:00
nadlan_professional-sitemap.xml,https://nad-lan.co.il/professionals/%d7%a9%d7%a4%d7%99%d7%a8%d7%90-%d7%a8%d7%95%d7%a0%d7%9f/,2026-06-01T19:06:39+00:00
nadlan_professional-sitemap.xml,https://nad-lan.co.il/professionals/%d7%a2%d7%9e%d7%95%d7%a1%d7%99-%d7%90%d7%a8%d7%99%d7%90%d7%9c/,2026-06-01T19:06:39+00:00
nadlan_professional-sitemap.xml,https://nad-lan.co.il/professionals/%d7%91%d7%a7%d7%a8%d7%9e%d7%9f-%d7%a8%d7%9f/,2026-06-01T19:06:39+00:00
nadlan_professional-sitemap.xml,https://nad-lan.co.il/professionals/%d7%9e%d7%99%d7%90%d7%a8%d7%94-%d7%92%d7%99%d7%9c/,2026-06-01T19:06:40+00:00
nadlan_professional-sitemap.xml,https://nad-lan.co.il/professionals/%d7%a9%d7%9c%d7%99-%d7%98%d7%9c/,2026-06-01T19:06:40+00:00
nadlan_professional-sitemap.xml,https://nad-lan.co.il/professionals/%d7%92%d7%95%d7%99%d7%9c%d7%99-%d7%90%d7%91%d7%99/,2026-06-01T19:06:40+00:00
nadlan_professional-sitemap.xml,https://nad-lan.co.il/professionals/%d7%91%d7%9f-%d7%97%d7%99%d7%99%d7%9d-%d7%90%d7%91%d7%a8%d7%94%d7%9d/,2026-06-01T19:06:40+00:00
nadlan_professional-sitemap.xml,https://nad-lan.co.il/professionals/%d7%a9%d7%91%d7%aa-%d7%9e%d7%a8%d7%93%d7%9b%d7%99/,2026-06-01T19:06:41+00:00
nadlan_professional-sitemap.xml,https://nad-lan.co.il/professionals/%d7%a8%d7%95%d7%96%d7%99%d7%95-%d7%99%d7%95%d7%91%d7%9c/,2026-06-01T19:06:41+00:00
nadlan_professional-sitemap.xml,https://nad-lan.co.il/professionals/%d7%90%d7%95%d7%a9%d7%a8%d7%99-%d7%99%d7%95%d7%a1%d7%a3/,2026-06-01T19:06:41+00:00
nadlan_professional-sitemap.xml,https://nad-lan.co.il/professionals/%d7%a9%d7%93%d7%94-%d7%a0%d7%99%d7%91/,2026-06-01T19:06:41+00:00
nadlan_professional-sitemap.xml,https://nad-lan.co.il/professionals/%d7%90%d7%9c%d7%97%d7%a8%d7%99%d7%96%d7%99-%d7%90%d7%95%d7%a8%d7%9f/,2026-06-01T19:06:42+00:00
nadlan_professional-sitemap.xml,https://nad-lan.co.il/professionals/%d7%a4%d7%95%d7%a8%d7%aa-%d7%90%d7%9c%d7%95%d7%9f/,2026-06-01T19:06:42+00:00
nadlan_professional-sitemap.xml,https://nad-lan.co.il/professionals/%d7%92%d7%95%d7%95%d7%99%d7%9c%d7%99-%d7%99%d7%a6%d7%97%d7%a7/,2026-06-01T19:06:42+00:00
nadlan_professional-sitemap.xml,https://nad-lan.co.il/professionals/%d7%9b%d7%94%d7%9f-%d7%91%d7%95%d7%a2%d7%96/,2026-06-01T19:06:43+00:00
nadlan_professional-sitemap.xml,https://nad-lan.co.il/professionals/%d7%a1%d7%91%d7%9f-%d7%99%d7%95%d7%a8%d7%9d/,2026-06-01T19:06:43+00:00
nadlan_professional-sitemap.xml,https://nad-lan.co.il/professionals/%d7%99%d7%a2%d7%99%d7%9c-%d7%a2%d7%a4%d7%a8/,2026-06-01T19:06:43+00:00
nadlan_professional-sitemap.xml,https://nad-lan.co.il/professionals/%d7%9c%d7%99%d7%90%d7%95%d7%a8-%d7%9e%d7%aa%d7%a0%d7%99%d7%94-%d7%9e%d7%a9%d7%94/,2026-06-01T19:06:43+00:00
nadlan_professional-sitemap.xml,https://nad-lan.co.il/professionals/%d7%92%d7%90%d7%95%d7%9f-%d7%a2%d7%9e%d7%99/,2026-06-01T19:06:44+00:00
nadlan_professional-sitemap.xml,https://nad-lan.co.il/professionals/%d7%9e%d7%9c%d7%9b%d7%94-%d7%99%d7%a9%d7%99/,2026-06-01T19:06:44+00:00
nadlan_professional-sitemap.xml,https://nad-lan.co.il/professionals/%d7%92%d7%95%d7%96%d7%9c%d7%9f-%d7%9e%d7%90%d7%99%d7%a8/,2026-06-01T19:06:44+00:00
nadlan_professional-sitemap.xml,https://nad-lan.co.il/professionals/%d7%91%d7%95%d7%a7%d7%90%d7%99-%d7%a2%d7%95%d7%96%d7%99/,2026-06-01T19:06:44+00:00
nadlan_professional-sitemap.xml,https://nad-lan.co.il/professionals/%d7%93%d7%91%d7%a9-%d7%9c%d7%99%d7%90%d7%95%d7%a8/,2026-06-01T19:06:45+00:00
nadlan_professional-sitemap.xml,https://nad-lan.co.il/professionals/%d7%9e%d7%99%d7%9e%d7%95%d7%9f-%d7%a1%d7%9e%d7%99/,2026-06-01T19:06:45+00:00
nadlan_professional-sitemap.xml,https://nad-lan.co.il/professionals/%d7%a7%d7%a8%d7%a0%d7%93%d7%9c-%d7%a8%d7%95%d7%a0%d7%9f/,2026-06-01T19:06:45+00:00
nadlan_professional-sitemap.xml,https://nad-lan.co.il/professionals/%d7%9c%d7%95%d7%99-%d7%a0%d7%99%d7%a8/,2026-06-01T19:06:46+00:00
nadlan_professional-sitemap.xml,https://nad-lan.co.il/professionals/%d7%9c%d7%95%d7%92%d7%a1%d7%99-%d7%a8%d7%90%d7%95%d7%91%d7%9f/,2026-06-01T19:06:46+00:00
nadlan_professional-sitemap.xml,https://nad-lan.co.il/professionals/%d7%92%d7%9c%d7%90%d7%9d-%d7%99%d7%97%d7%96%d7%a7%d7%90%d7%9c-%d7%97%d7%92%d7%99/,2026-06-01T19:06:46+00:00
nadlan_professional-sitemap.xml,https://nad-lan.co.il/professionals/%d7%95%d7%a8%d7%93%d7%99-%d7%90%d7%95%d7%a8%d7%9f/,2026-06-01T19:06:47+00:00
nadlan_professional-sitemap.xml,https://nad-lan.co.il/professionals/%d7%99%d7%a6%d7%97%d7%a7-%d7%97%d7%9f/,2026-06-01T19:06:47+00:00
nadlan_professional-sitemap.xml,https://nad-lan.co.il/professionals/%d7%92%d7%a8%d7%95%d7%a1%d7%9e%d7%9f-%d7%90%d7%9c%d7%95%d7%9f/,2026-06-01T19:06:47+00:00
nadlan_professional-sitemap.xml,https://nad-lan.co.il/professionals/%d7%a2%d7%9e%d7%99%d7%a8%d7%9d-%d7%a2%d7%99%d7%9e%d7%a0%d7%95%d7%90%d7%9c/,2026-06-01T19:06:47+00:00
nadlan_professional-sitemap.xml,https://nad-lan.co.il/professionals/%d7%90%d7%a0%d7%a7%d7%95%d7%95%d7%94-%d7%90%d7%9c%d7%99%d7%94%d7%95/,2026-06-01T19:06:48+00:00
nadlan_professional-sitemap.xml,https://nad-lan.co.il/professionals/%d7%98%d7%95%d7%91%d7%99-%d7%99%d7%a7%d7%95%d7%aa%d7%99%d7%90%d7%9c/,2026-06-01T19:06:48+00:00
nadlan_professional-sitemap.xml,https://nad-lan.co.il/professionals/%d7%a4%d7%a8%d7%a5-%d7%a9%d7%9e%d7%a2%d7%95%d7%9f-2/,2026-06-01T19:06:48+00:00
nadlan_professional-sitemap.xml,https://nad-lan.co.il/professionals/%d7%9b%d7%94%d7%9f-%d7%93%d7%a7%d7%a8/,2026-06-01T19:06:48+00:00
nadlan_professional-sitemap.xml,https://nad-lan.co.il/professionals/%d7%9b%d7%a5-%d7%90%d7%95%d7%a8%d7%99/,2026-06-01T19:06:48+00:00
nadlan_professional-sitemap.xml,https://nad-lan.co.il/professionals/%d7%93%d7%9e%d7%90%d7%a8%d7%99-%d7%a0%d7%99%d7%a8/,2026-06-01T19:06:49+00:00
nadlan_professional-sitemap.xml,https://nad-lan.co.il/professionals/%d7%9e%d7%99%d7%9e%d7%95%d7%9f-%d7%a9%d7%9c%d7%9e%d7%94/,2026-06-01T19:06:49+00:00
nadlan_professional-sitemap.xml,https://nad-lan.co.il/professionals/%d7%91%d7%a8%d7%98%d7%99-%d7%99%d7%95%d7%90%d7%91/,2026-06-01T19:06:49+00:00
nadlan_professional-sitemap.xml,https://nad-lan.co.il/professionals/%d7%9c%d7%95%d7%99-%d7%a8%d7%95%d7%9f/,2026-06-01T19:06:50+00:00
nadlan_professional-sitemap.xml,https://nad-lan.co.il/professionals/%d7%a7%d7%96%d7%95-%d7%9b%d7%94%d7%9f-%d7%a2%d7%95%d7%a4%d7%a8/,2026-06-01T19:06:50+00:00
nadlan_professional-sitemap.xml,https://nad-lan.co.il/professionals/%d7%9c%d7%96%d7%a8%d7%95%d7%a1-%d7%90%d7%9c%d7%99%d7%a2%d7%96%d7%a8/,2026-06-01T19:06:50+00:00
nadlan_professional-sitemap.xml,https://nad-lan.co.il/professionals/%d7%a2%d7%98%d7%99%d7%94-%d7%90%d7%91%d7%a8%d7%94%d7%9d/,2026-06-01T19:06:51+00:00
nadlan_professional-sitemap.xml,https://nad-lan.co.il/professionals/%d7%a0%d7%a9%d7%99%d7%90-%d7%a0%d7%99%d7%a1%d7%99%d7%9d/,2026-06-01T19:06:51+00:00
nadlan_professional-sitemap.xml,https://nad-lan.co.il/professionals/%d7%90%d7%91%d7%99%d7%98%d7%9c-%d7%90%d7%91%d7%99/,2026-06-01T19:06:51+00:00
nadlan_professional-sitemap.xml,https://nad-lan.co.il/professionals/%d7%95%d7%90%d7%98%d7%95%d7%a8%d7%99-%d7%a0%d7%99%d7%a1%d7%99%d7%9d/,2026-06-01T19:06:52+00:00
nadlan_professional-sitemap.xml,https://nad-lan.co.il/professionals/%d7%97%d7%9b%d7%99%d7%9d-%d7%a8%d7%a0%d7%99-%d7%90%d7%9c%d7%93%d7%a8/,2026-06-01T19:06:52+00:00
nadlan_professional-sitemap.xml,https://nad-lan.co.il/professionals/%d7%90%d7%9c%d7%9e%d7%9c%d7%99%d7%97-%d7%99%d7%92%d7%90%d7%9c/,2026-06-01T19:06:52+00:00
nadlan_professional-sitemap.xml,https://nad-lan.co.il/professionals/%d7%a1%d7%92%d7%9c-%d7%92%d7%99%d7%9c/,2026-06-01T19:06:53+00:00
nadlan_professional-sitemap.xml,https://nad-lan.co.il/professionals/%d7%97%d7%9c%d7%90%d7%99%d7%9c%d7%94-%d7%97%d7%90%d7%aa%d7%9d/,2026-06-01T19:06:53+00:00
nadlan_professional-sitemap.xml,https://nad-lan.co.il/professionals/%d7%a7%d7%96%d7%95-%d7%9b%d7%94%d7%9f-%d7%99%d7%a2%d7%a7%d7%91/,2026-06-01T19:06:53+00:00
nadlan_professional-sitemap.xml,https://nad-lan.co.il/professionals/%d7%a2%d7%a1%d7%99%d7%a1-%d7%a2%d7%9e%d7%95%d7%a1/,2026-06-01T19:06:53+00:00
nadlan_professional-sitemap.xml,https://nad-lan.co.il/professionals/%d7%96%d7%9b%d7%90%d7%99-%d7%92%d7%95%d7%9c%d7%9f/,2026-06-01T19:06:54+00:00
nadlan_professional-sitemap.xml,https://nad-lan.co.il/professionals/%d7%91%d7%a9%d7%90%d7%a8%d7%94-%d7%9b%d7%90%d7%9e%d7%9c/,2026-06-01T19:06:54+00:00
nadlan_professional-sitemap.xml,https://nad-lan.co.il/professionals/%d7%a4%d7%a8%d7%a5-%d7%90%d7%a9%d7%a8/,2026-06-01T19:06:54+00:00
nadlan_professional-sitemap.xml,https://nad-lan.co.il/professionals/%d7%91%d7%a8%d7%90%d7%9c-%d7%99%d7%a8%d7%99%d7%91/,2026-06-01T19:06:54+00:00
nadlan_professional-sitemap.xml,https://nad-lan.co.il/professionals/%d7%a6%d7%99%d7%95%d7%a0%d7%99-%d7%a9%d7%a8%d7%95%d7%9f/,2026-06-01T19:06:54+00:00
nadlan_professional-sitemap.xml,https://nad-lan.co.il/professionals/%d7%92%d7%95%d7%9c%d7%93%d7%a9%d7%98%d7%99%d7%99%d7%9f-%d7%96%d7%90%d7%91/,2026-06-01T19:06:54+00:00
nadlan_professional-sitemap.xml,https://nad-lan.co.il/professionals/%d7%92%d7%95%d7%a8%d7%92%d7%99-%d7%9e%d7%90%d7%99%d7%a8/,2026-06-01T19:06:55+00:00
nadlan_professional-sitemap.xml,https://nad-lan.co.il/professionals/%d7%90%d7%93%d7%9c%d7%9e%d7%9f-%d7%92%d7%9c/,2026-06-01T19:06:55+00:00
nadlan_professional-sitemap.xml,https://nad-lan.co.il/professionals/%d7%97%d7%90%d7%98%d7%a8-%d7%90%d7%9c%d7%99%d7%90%d7%a1/,2026-06-01T19:06:55+00:00
nadlan_professional-sitemap.xml,https://nad-lan.co.il/professionals/%d7%a8%d7%91%d7%99%d7%93-%d7%90%d7%9c%d7%99%d7%94%d7%95/,2026-06-01T19:06:55+00:00
nadlan_professional-sitemap2.xml,https://nad-lan.co.il/professionals/%d7%92%d7%90%d7%a0%d7%95-%d7%9e%d7%a8%d7%93%d7%9b%d7%99/,2026-06-01T19:06:55+00:00
nadlan_professional-sitemap2.xml,https://nad-lan.co.il/professionals/%d7%a7%d7%9c%d7%99%d7%99%d7%a0%d7%a8-%d7%a9%d7%9e%d7%95%d7%90%d7%9c/,2026-06-01T19:06:56+00:00
nadlan_professional-sitemap2.xml,https://nad-lan.co.il/professionals/%d7%9e%d7%a6%d7%9c%d7%99%d7%97-%d7%90%d7%9c%d7%99/,2026-06-01T19:06:56+00:00
nadlan_professional-sitemap2.xml,https://nad-lan.co.il/professionals/%d7%a7%d7%a0%d7%99%d7%90%d7%a1-%d7%99%d7%a6%d7%97%d7%a7/,2026-06-01T19:06:56+00:00
nadlan_professional-sitemap2.xml,https://nad-lan.co.il/professionals/%d7%90%d7%99%d7%9c%d7%aa-%d7%92%d7%9c%d7%a2%d7%93-%d7%90%d7%9c%d7%9b%d7%a1%d7%a0%d7%93%d7%a8/,2026-06-01T19:06:57+00:00
nadlan_professional-sitemap2.xml,https://nad-lan.co.il/professionals/%d7%99%d7%a2%d7%a7%d7%91-%d7%a6%d7%99%d7%95%d7%9f/,2026-06-01T19:06:57+00:00
nadlan_professional-sitemap2.xml,https://nad-lan.co.il/professionals/%d7%a1%d7%91%d7%92-%d7%a8%d7%95%d7%a0%d7%9f/,2026-06-01T19:06:57+00:00
nadlan_professional-sitemap2.xml,https://nad-lan.co.il/professionals/%d7%9b%d7%94%d7%9f-%d7%99%d7%92%d7%90%d7%9c-2/,2026-06-01T19:06:58+00:00
nadlan_professional-sitemap2.xml,https://nad-lan.co.il/professionals/%d7%97%d7%98%d7%99%d7%91-%d7%9e%d7%95%d7%a8%d7%a1%d7%99/,2026-06-01T19:06:58+00:00
nadlan_professional-sitemap2.xml,https://nad-lan.co.il/professionals/%d7%9e%d7%a6%d7%a8%d7%a4%d7%99-%d7%90%d7%a8%d7%96/,2026-06-01T19:06:58+00:00
nadlan_professional-sitemap2.xml,https://nad-lan.co.il/professionals/%d7%96%d7%99%d7%9c%d7%91%d7%a8%d7%91%d7%a8%d7%92-%d7%90%d7%91%d7%a8%d7%94%d7%9d/,2026-06-01T19:06:58+00:00
nadlan_professional-sitemap2.xml,https://nad-lan.co.il/professionals/%d7%90%d7%a9%d7%98%d7%95%d7%9f-%d7%a8%d7%99%d7%9e%d7%9f/,2026-06-01T19:06:59+00:00
nadlan_professional-sitemap2.xml,https://nad-lan.co.il/professionals/%d7%97%d7%90%d7%92-%d7%99%d7%97%d7%99%d7%90-%d7%95%d7%9c%d7%99%d7%93/,2026-06-01T19:06:59+00:00
nadlan_professional-sitemap2.xml,https://nad-lan.co.il/professionals/%d7%a9%d7%a2%d7%a9%d7%95%d7%a2-%d7%a9%d7%95%d7%a7%d7%99/,2026-06-01T19:06:59+00:00
nadlan_professional-sitemap2.xml,https://nad-lan.co.il/professionals/%d7%a7%d7%9e%d7%a4%d7%99%d7%a0%d7%a1%d7%a7%d7%99-%d7%92%d7%99%d7%90/,2026-06-01T19:06:59+00:00
nadlan_professional-sitemap2.xml,https://nad-lan.co.il/professionals/%d7%92%d7%9c-%d7%92%d7%95%d7%9c%d7%9f/,2026-06-01T19:06:59+00:00
nadlan_professional-sitemap2.xml,https://nad-lan.co.il/professionals/%d7%9b%d7%94%d7%9f-%d7%a8%d7%95%d7%a0%d7%9f/,2026-06-01T19:07:00+00:00
nadlan_professional-sitemap2.xml,https://nad-lan.co.il/professionals/%d7%a2%d7%91%d7%93-%d7%90%d7%9c-%d7%a8%d7%90%d7%96%d7%a7-%d7%a2%d7%91%d7%93-%d7%90%d7%9c-%d7%95%d7%94%d7%90%d7%91/,2026-06-01T19:07:00+00:00
nadlan_professional-sitemap2.xml,https://nad-lan.co.il/professionals/%d7%a0%d7%a2%d7%9e%d7%9f-%d7%99%d7%95%d7%91%d7%9c/,2026-06-01T19:07:00+00:00
nadlan_professional-sitemap2.xml,https://nad-lan.co.il/professionals/%d7%9c%d7%95%d7%99-%d7%a9%d7%9c%d7%9e%d7%94/,2026-06-01T19:07:01+00:00
nadlan_professional-sitemap2.xml,https://nad-lan.co.il/professionals/%d7%a2%d7%99%d7%a1%d7%90-%d7%a1%d7%90%d7%9e%d7%99/,2026-06-01T19:07:01+00:00
nadlan_professional-sitemap2.xml,https://nad-lan.co.il/professionals/%d7%92%d7%90%d7%9c%d7%99-%d7%a0%d7%97%d7%9e%d7%99%d7%94/,2026-06-01T19:07:01+00:00
nadlan_professional-sitemap2.xml,https://nad-lan.co.il/professionals/%d7%a0%d7%97%d7%95%d7%9d-%d7%a0%d7%99%d7%a1%d7%99%d7%9d/,2026-06-01T19:07:01+00:00
nadlan_professional-sitemap2.xml,https://nad-lan.co.il/professionals/%d7%9c%d7%95%d7%99-%d7%99%d7%94%d7%95%d7%a9%d7%95%d7%a2/,2026-06-01T19:07:02+00:00
nadlan_professional-sitemap2.xml,https://nad-lan.co.il/professionals/%d7%90%d7%91%d7%95-%d7%a1%d7%a2%d7%93%d7%94-%d7%9e%d7%94%d7%a0%d7%90/,2026-06-01T19:07:02+00:00
nadlan_professional-sitemap2.xml,https://nad-lan.co.il/professionals/%d7%9e%d7%99%d7%9e%d7%95%d7%9f-%d7%90%d7%9e%d7%99%d7%a8/,2026-06-01T19:07:02+00:00
nadlan_professional-sitemap2.xml,https://nad-lan.co.il/professionals/%d7%a4%d7%99%d7%a8%d7%a1%d7%98-%d7%99%d7%a6%d7%97%d7%a7/,2026-06-01T19:07:02+00:00
nadlan_professional-sitemap2.xml,https://nad-lan.co.il/professionals/%d7%97%d7%98%d7%99%d7%91-%d7%a8%d7%90%d7%99%d7%93/,2026-06-01T19:07:03+00:00
nadlan_professional-sitemap2.xml,https://nad-lan.co.il/professionals/%d7%a1%d7%95%d7%9e%d7%9a-%d7%9e%d7%a0%d7%97%d7%9d/,2026-06-01T19:07:03+00:00
nadlan_professional-sitemap2.xml,https://nad-lan.co.il/professionals/%d7%92%d7%95%d7%9c-%d7%90%d7%9c%d7%99%d7%94%d7%95/,2026-06-01T19:07:03+00:00
nadlan_professional-sitemap2.xml,https://nad-lan.co.il/professionals/%d7%9e%d7%a0%d7%a6%d7%95%d7%a8-%d7%99%d7%95%d7%91%d7%9c/,2026-06-01T19:07:04+00:00
nadlan_professional-sitemap2.xml,https://nad-lan.co.il/professionals/%d7%95%d7%a8%d7%93-%d7%a9%d7%99/,2026-06-01T19:07:04+00:00
nadlan_professional-sitemap2.xml,https://nad-lan.co.il/professionals/%d7%a2%d7%95%d7%96-%d7%aa%d7%9e%d7%99%d7%a8/,2026-06-01T19:07:04+00:00
nadlan_professional-sitemap2.xml,https://nad-lan.co.il/professionals/%d7%a9%d7%95%d7%9c%d7%9e%d7%9f-%d7%a0%d7%99%d7%91/,2026-06-01T19:07:05+00:00
nadlan_professional-sitemap2.xml,https://nad-lan.co.il/professionals/%d7%a4%d7%a8%d7%99%d7%92%d7%aa-%d7%92%d7%99%d7%90/,2026-06-01T19:07:05+00:00
nadlan_professional-sitemap2.xml,https://nad-lan.co.il/professionals/%d7%9e%d7%96%d7%a2%d7%a7%d7%99-%d7%92%d7%99%d7%9c/,2026-06-01T19:07:06+00:00
nadlan_professional-sitemap2.xml,https://nad-lan.co.il/professionals/%d7%90%d7%a9%d7%9b%d7%a0%d7%96%d7%99-%d7%90%d7%95%d7%a8%d7%9f/,2026-06-01T19:07:06+00:00
nadlan_professional-sitemap2.xml,https://nad-lan.co.il/professionals/%d7%a4%d7%93%d7%99%d7%93%d7%94-%d7%99%d7%95%d7%a0%d7%aa%d7%9f/,2026-06-01T19:07:06+00:00
nadlan_professional-sitemap2.xml,https://nad-lan.co.il/professionals/%d7%91%d7%99%d7%98%d7%95%d7%9f-%d7%93%d7%95%d7%93/,2026-06-01T19:07:07+00:00
nadlan_professional-sitemap2.xml,https://nad-lan.co.il/professionals/%d7%97%d7%a1%d7%95%d7%9f-%d7%9e%d7%a9%d7%94/,2026-06-01T19:07:07+00:00
nadlan_professional-sitemap2.xml,https://nad-lan.co.il/professionals/%d7%97%d7%9c%d7%99%d7%9e%d7%99-%d7%90%d7%91%d7%a0%d7%a8/,2026-06-01T19:07:07+00:00
nadlan_professional-sitemap2.xml,https://nad-lan.co.il/professionals/%d7%92%d7%95%d7%98%d7%9e%d7%9f-%d7%90%d7%91%d7%a8%d7%94%d7%9d-%d7%a0%d7%97/,2026-06-01T19:07:08+00:00
nadlan_professional-sitemap2.xml,https://nad-lan.co.il/professionals/%d7%9e%d7%95%d7%99%d7%90%d7%9c-%d7%a9%d7%99/,2026-06-01T19:07:08+00:00
nadlan_professional-sitemap2.xml,https://nad-lan.co.il/professionals/%d7%92%d7%a8%d7%95%d7%9e%d7%98-%d7%90%d7%91%d7%a8%d7%94%d7%9d/,2026-06-01T19:07:09+00:00
nadlan_professional-sitemap2.xml,https://nad-lan.co.il/professionals/%d7%92%d7%95%d7%9c%d7%93%d7%95%d7%95%d7%92-%d7%90%d7%99%d7%aa%d7%9f/,2026-06-01T19:07:09+00:00
nadlan_professional-sitemap2.xml,https://nad-lan.co.il/professionals/%d7%90%d7%96%d7%a8%d7%93-%d7%9e%d7%99%d7%9b%d7%94/,2026-06-01T19:07:09+00:00
nadlan_professional-sitemap2.xml,https://nad-lan.co.il/professionals/%d7%a1%d7%a8%d7%95%d7%a8-%d7%91%d7%a8%d7%95%d7%9a/,2026-06-01T19:07:10+00:00
nadlan_professional-sitemap2.xml,https://nad-lan.co.il/professionals/%d7%a1%d7%99%d7%98%d7%91%d7%95%d7%9f-%d7%a9%d7%9e%d7%a2%d7%95%d7%9f/,2026-06-01T19:07:10+00:00
nadlan_professional-sitemap2.xml,https://nad-lan.co.il/professionals/%d7%90%d7%93%d7%9c%d7%a8-%d7%a8%d7%9f/,2026-06-01T19:07:11+00:00
nadlan_professional-sitemap2.xml,https://nad-lan.co.il/professionals/%d7%98%d7%95%d7%91%d7%9c-%d7%92%d7%99%d7%9c/,2026-06-01T19:07:11+00:00
nadlan_professional-sitemap2.xml,https://nad-lan.co.il/professionals/%d7%9c%d7%95%d7%99-%d7%97%d7%99%d7%99%d7%9d-2/,2026-06-01T19:07:11+00:00
nadlan_professional-sitemap2.xml,https://nad-lan.co.il/professionals/%d7%92%d7%95%d7%9c%d7%9f-%d7%91%d7%a8%d7%95%d7%9a/,2026-06-01T19:07:12+00:00
nadlan_professional-sitemap2.xml,https://nad-lan.co.il/professionals/%d7%a8%d7%91%d7%99-%d7%a8%d7%95%d7%a0%d7%9f/,2026-06-01T19:07:12+00:00
nadlan_professional-sitemap2.xml,https://nad-lan.co.il/professionals/%d7%91%d7%9f-%d7%93%d7%95%d7%93-%d7%90%d7%99%d7%aa%d7%9f/,2026-06-01T19:07:12+00:00
nadlan_professional-sitemap2.xml,https://nad-lan.co.il/professionals/%d7%a8%d7%95%d7%91%d7%99%d7%9f-%d7%90%d7%99%d7%aa%d7%9f/,2026-06-01T19:07:13+00:00
nadlan_professional-sitemap2.xml,https://nad-lan.co.il/professionals/%d7%94%d7%a8%d7%95%d7%a9-%d7%90%d7%99%d7%9c%d7%9f/,2026-06-01T19:07:13+00:00
nadlan_professional-sitemap2.xml,https://nad-lan.co.il/professionals/%d7%9e%d7%a0%d7%a9%d7%91%d7%99%d7%a5-%d7%99%d7%95%d7%90%d7%91/,2026-06-01T19:07:14+00:00
nadlan_professional-sitemap2.xml,https://nad-lan.co.il/professionals/%d7%a1%d7%95%d7%9c%d7%99%d7%9e%d7%9f-%d7%90%d7%9c%d7%95%d7%9f/,2026-06-01T19:07:14+00:00
nadlan_professional-sitemap2.xml,https://nad-lan.co.il/professionals/%d7%a6%d7%95%d7%a7%d7%a8%d7%9e%d7%9f-%d7%99%d7%a0%d7%99%d7%91/,2026-06-01T19:07:14+00:00
nadlan_professional-sitemap2.xml,https://nad-lan.co.il/professionals/%d7%95%d7%9c%d7%93%d7%9e%d7%9f-%d7%90%d7%91%d7%a8%d7%94%d7%9d/,2026-06-01T19:07:15+00:00
nadlan_professional-sitemap2.xml,https://nad-lan.co.il/professionals/%d7%91%d7%95%d7%a0%d7%99%d7%a7-%d7%a9%d7%9e%d7%a2%d7%95%d7%9f-%d7%a8%d7%95%d7%a0%d7%9f/,2026-06-01T19:07:15+00:00
nadlan_professional-sitemap2.xml,https://nad-lan.co.il/professionals/%d7%a7%d7%95%d7%a4%d7%9c-%d7%a9%d7%92%d7%99%d7%90/,2026-06-01T19:07:16+00:00
nadlan_professional-sitemap2.xml,https://nad-lan.co.il/professionals/%d7%a2%d7%9e%d7%a8-%d7%90%d7%99%d7%9c%d7%9f/,2026-06-01T19:07:16+00:00
nadlan_professional-sitemap2.xml,https://nad-lan.co.il/professionals/%d7%91%d7%95%d7%a8%d7%99%d7%94-%d7%a9%d7%97%d7%a8/,2026-06-01T19:07:16+00:00
nadlan_professional-sitemap2.xml,https://nad-lan.co.il/professionals/%d7%a8%d7%95%d7%91%d7%99%d7%9f-%d7%a9%d7%9c%d7%95%d7%9d/,2026-06-01T19:07:17+00:00
nadlan_professional-sitemap2.xml,https://nad-lan.co.il/professionals/%d7%96%d7%9e%d7%9c-%d7%90%d7%91%d7%99%d7%a9%d7%99/,2026-06-01T19:07:17+00:00
nadlan_professional-sitemap2.xml,https://nad-lan.co.il/professionals/%d7%92%d7%95%d7%9c%d7%93%d7%9e%d7%9f-%d7%a4%d7%a0%d7%97%d7%a1/,2026-06-01T19:07:18+00:00
nadlan_professional-sitemap2.xml,https://nad-lan.co.il/professionals/%d7%a9%d7%97%d7%a8-%d7%99%d7%a8%d7%95%d7%9f/,2026-06-01T19:07:18+00:00
nadlan_professional-sitemap2.xml,https://nad-lan.co.il/professionals/%d7%90%d7%92%d7%95%d7%96-%d7%90%d7%a1%d7%99/,2026-06-01T19:07:18+00:00
nadlan_professional-sitemap2.xml,https://nad-lan.co.il/professionals/%d7%a9%d7%98%d7%a8%d7%9f-%d7%a0%d7%aa%d7%a0%d7%90%d7%9c/,2026-06-01T19:07:19+00:00
nadlan_professional-sitemap2.xml,https://nad-lan.co.il/professionals/%d7%9e%d7%a0%d7%a6%d7%95%d7%a8%d7%94-%d7%97%d7%99%d7%99%d7%9d/,2026-06-01T19:07:19+00:00
nadlan_professional-sitemap2.xml,https://nad-lan.co.il/professionals/%d7%a9%d7%90%d7%95%d7%9c-%d7%a0%d7%95%d7%a2%d7%9d/,2026-06-01T19:07:19+00:00
nadlan_professional-sitemap2.xml,https://nad-lan.co.il/professionals/%d7%9e%d7%9c%d7%9b%d7%94-%d7%9e%d7%90%d7%99%d7%a8/,2026-06-01T19:07:20+00:00
nadlan_professional-sitemap2.xml,https://nad-lan.co.il/professionals/%d7%a4%d7%a8%d7%a5-%d7%98%d7%99%d7%a8%d7%90%d7%9f/,2026-06-01T19:07:20+00:00
nadlan_professional-sitemap2.xml,https://nad-lan.co.il/professionals/%d7%91%d7%96%d7%99%d7%96%d7%94-%d7%90%d7%91%d7%a8%d7%94%d7%9d/,2026-06-01T19:07:21+00:00
nadlan_professional-sitemap2.xml,https://nad-lan.co.il/professionals/%d7%9c%d7%95%d7%99-%d7%99%d7%95%d7%a1%d7%a3/,2026-06-01T19:07:21+00:00
nadlan_professional-sitemap2.xml,https://nad-lan.co.il/professionals/%d7%95%d7%96-%d7%93%d7%99%d7%90%d7%96-%d7%99%d7%a8%d7%95%d7%9f/,2026-06-01T19:07:21+00:00
nadlan_professional-sitemap2.xml,https://nad-lan.co.il/professionals/%d7%a4%d7%9c%d7%a7-%d7%a9%d7%a8%d7%95%d7%9f/,2026-06-01T19:07:22+00:00
nadlan_professional-sitemap2.xml,https://nad-lan.co.il/professionals/%d7%a9%d7%91%d7%aa%d7%90%d7%99-%d7%a2%d7%95%d7%91%d7%93/,2026-06-01T19:07:22+00:00
nadlan_professional-sitemap2.xml,https://nad-lan.co.il/professionals/%d7%97%d7%91%d7%a8%d7%95%d7%9f-%d7%90%d7%95%d7%a8%d7%9f/,2026-06-01T19:07:22+00:00
nadlan_professional-sitemap2.xml,https://nad-lan.co.il/professionals/%d7%90%d7%91%d7%a8%d7%9e%d7%95%d7%91%d7%99%d7%a5-%d7%92%d7%99%d7%90/,2026-06-01T19:07:23+00:00
nadlan_professional-sitemap2.xml,https://nad-lan.co.il/professionals/%d7%91%d7%9f-%d7%9c%d7%95%d7%9c%d7%95-%d7%90%d7%91%d7%a8%d7%94%d7%9d/,2026-06-01T19:07:23+00:00
nadlan_professional-sitemap2.xml,https://nad-lan.co.il/professionals/%d7%92%d7%a8%d7%99%d7%a0%d7%95%d7%95%d7%9c%d7%93-%d7%99%d7%95%d7%91%d7%9c/,2026-06-01T19:07:23+00:00
nadlan_professional-sitemap2.xml,https://nad-lan.co.il/professionals/%d7%9e%d7%a9%d7%9c%d7%99-%d7%92%d7%99%d7%9c-%d7%a9%d7%9c%d7%9e%d7%94/,2026-06-01T19:07:24+00:00
nadlan_professional-sitemap2.xml,https://nad-lan.co.il/professionals/%d7%93%d7%95%d7%92%d7%94-%d7%9e%d7%90%d7%99%d7%a8/,2026-06-01T19:07:24+00:00
nadlan_professional-sitemap2.xml,https://nad-lan.co.il/professionals/%d7%90%d7%a8%d7%96%d7%99-%d7%90%d7%99%d7%aa%d7%99/,2026-06-01T19:07:25+00:00
nadlan_professional-sitemap2.xml,https://nad-lan.co.il/professionals/%d7%9b%d7%94%d7%9f-%d7%99%d7%95%d7%a8%d7%9d/,2026-06-01T19:07:25+00:00
nadlan_professional-sitemap2.xml,https://nad-lan.co.il/professionals/%d7%99%d7%a6%d7%97%d7%a7%d7%99-%d7%90%d7%95%d7%a8%d7%9f/,2026-06-01T19:07:25+00:00
nadlan_professional-sitemap2.xml,https://nad-lan.co.il/professionals/%d7%a9%d7%9c%d7%99%d7%95-%d7%a2%d7%95%d7%a4%d7%a8/,2026-06-01T19:07:25+00:00
nadlan_professional-sitemap2.xml,https://nad-lan.co.il/professionals/%d7%9e%d7%a8%d7%95%d7%9d-%d7%90%d7%99%d7%aa%d7%9f/,2026-06-01T19:07:26+00:00
nadlan_professional-sitemap2.xml,https://nad-lan.co.il/professionals/%d7%90%d7%9c%d7%95%d7%9f-%d7%90%d7%99%d7%a1%d7%99/,2026-06-01T19:07:26+00:00
nadlan_professional-sitemap2.xml,https://nad-lan.co.il/professionals/%d7%9b%d7%97%d7%99%d7%9c%d7%94-%d7%a6%d7%97%d7%99/,2026-06-01T19:07:26+00:00
nadlan_professional-sitemap2.xml,https://nad-lan.co.il/professionals/%d7%92%d7%a8%d7%a0%d7%95%d7%aa-%d7%a8%d7%95%d7%a0%d7%9f/,2026-06-01T19:07:26+00:00
nadlan_professional-sitemap2.xml,https://nad-lan.co.il/professionals/%d7%90%d7%94%d7%a8%d7%a4%d7%99-%d7%a8%d7%95%d7%a0%d7%9f/,2026-06-01T19:07:27+00:00
nadlan_professional-sitemap2.xml,https://nad-lan.co.il/professionals/%d7%99%d7%a9%d7%a8%d7%90%d7%9c%d7%99-%d7%92%d7%99%d7%9c%d7%99/,2026-06-01T19:07:27+00:00
nadlan_professional-sitemap2.xml,https://nad-lan.co.il/professionals/%d7%a0%d7%93%d7%91-%d7%99%d7%95%d7%a1%d7%a3-%d7%99%d7%a0%d7%95%d7%9f/,2026-06-01T19:07:27+00:00
nadlan_professional-sitemap2.xml,https://nad-lan.co.il/professionals/%d7%9e%d7%96%d7%a8%d7%97%d7%99-%d7%90%d7%99%d7%aa%d7%9f/,2026-06-01T19:07:27+00:00
nadlan_professional-sitemap2.xml,https://nad-lan.co.il/professionals/%d7%99%d7%94%d7%95%d7%93%d7%94-%d7%a2%d7%9e%d7%99%d7%90%d7%9c/,2026-06-01T19:07:28+00:00
nadlan_professional-sitemap2.xml,https://nad-lan.co.il/professionals/%d7%9b%d7%94%d7%9f-%d7%97%d7%99%d7%99%d7%9d/,2026-06-01T19:07:28+00:00
nadlan_professional-sitemap2.xml,https://nad-lan.co.il/professionals/%d7%a9%d7%95%d7%99%d7%a7%d7%99-%d7%94%d7%93%d7%a8/,2026-06-01T19:07:28+00:00
nadlan_professional-sitemap2.xml,https://nad-lan.co.il/professionals/%d7%90%d7%96%d7%95%d7%9c%d7%90%d7%99-%d7%9e%d7%99%d7%a8%d7%91/,2026-06-01T19:07:28+00:00
nadlan_professional-sitemap2.xml,https://nad-lan.co.il/professionals/%d7%98%d7%91%d7%95%d7%9c-%d7%a9%d7%9e%d7%a2%d7%95%d7%9f/,2026-06-01T19:07:29+00:00
nadlan_professional-sitemap2.xml,https://nad-lan.co.il/professionals/%d7%9e%d7%95%d7%a8%d7%93%d7%9b%d7%95%d7%91%d7%99%d7%a5-%d7%a8%d7%a4%d7%99/,2026-06-01T19:07:29+00:00
nadlan_professional-sitemap2.xml,https://nad-lan.co.il/professionals/%d7%a8%d7%96-%d7%90%d7%94%d7%95%d7%93/,2026-06-01T19:07:29+00:00
nadlan_professional-sitemap2.xml,https://nad-lan.co.il/professionals/%d7%95%d7%a8%d7%91%d7%99%d7%9f-%d7%92%d7%95%d7%a8/,2026-06-01T19:07:29+00:00
nadlan_professional-sitemap2.xml,https://nad-lan.co.il/professionals/%d7%98%d7%a7%d7%a1%d7%9c-%d7%90%d7%a8%d7%99%d7%90%d7%9c/,2026-06-01T19:07:30+00:00
nadlan_professional-sitemap2.xml,https://nad-lan.co.il/professionals/%d7%91%d7%95%d7%a0%d7%a7-%d7%90%d7%a1%d7%a3/,2026-06-01T19:07:30+00:00
nadlan_professional-sitemap2.xml,https://nad-lan.co.il/professionals/%d7%a7%d7%a8%d7%a7%d7%95%d7%a7%d7%9c%d7%99-%d7%90%d7%9c%d7%99/,2026-06-01T19:07:30+00:00
nadlan_professional-sitemap2.xml,https://nad-lan.co.il/professionals/%d7%90%d7%91%d7%a8%d7%94%d7%9d-%d7%a8%d7%95%d7%a0%d7%99/,2026-06-01T19:07:31+00:00
nadlan_professional-sitemap2.xml,https://nad-lan.co.il/professionals/%d7%a4%d7%a8%d7%a5-%d7%99%d7%95%d7%a8%d7%9d/,2026-06-01T19:07:31+00:00
nadlan_professional-sitemap2.xml,https://nad-lan.co.il/professionals/%d7%90%d7%9c%d7%99%d7%a1%d7%96%d7%93%d7%94-%d7%9e%d7%90%d7%99%d7%a8/,2026-06-01T19:07:31+00:00
nadlan_professional-sitemap2.xml,https://nad-lan.co.il/professionals/%d7%90%d7%93%d7%98%d7%95-%d7%a0%d7%a1%d7%99%d7%9d/,2026-06-01T19:07:32+00:00
nadlan_professional-sitemap2.xml,https://nad-lan.co.il/professionals/%d7%92%d7%99%d7%9c-%d7%90%d7%94%d7%a8%d7%95%d7%9f/,2026-06-01T19:07:32+00:00
nadlan_professional-sitemap2.xml,https://nad-lan.co.il/professionals/%d7%96%d7%99%d7%9c%d7%91%d7%a8%d7%9e%d7%9f-%d7%93%d7%9f/,2026-06-01T19:07:33+00:00
nadlan_professional-sitemap2.xml,https://nad-lan.co.il/professionals/%d7%99%d7%95%d7%92%d7%91-%d7%a6%d7%91%d7%99/,2026-06-01T19:07:33+00:00
nadlan_professional-sitemap2.xml,https://nad-lan.co.il/professionals/%d7%9e%d7%92%d7%9f-%d7%9e%d7%a9%d7%94/,2026-06-01T19:07:33+00:00
nadlan_professional-sitemap2.xml,https://nad-lan.co.il/professionals/%d7%9e%d7%9c%d7%98%d7%99%d7%a0%d7%a1%d7%a7%d7%99-%d7%93%d7%95%d7%a8%d7%95%d7%9f/,2026-06-01T19:07:33+00:00
nadlan_professional-sitemap2.xml,https://nad-lan.co.il/professionals/%d7%99%d7%94%d7%91-%d7%a0%d7%aa%d7%a0%d7%90%d7%9c/,2026-06-01T19:07:33+00:00
nadlan_professional-sitemap2.xml,https://nad-lan.co.il/professionals/%d7%9b%d7%94%d7%9f-%d7%90%d7%91%d7%a8%d7%94%d7%9d-2/,2026-06-01T19:07:34+00:00
nadlan_professional-sitemap2.xml,https://nad-lan.co.il/professionals/%d7%93%d7%94%d7%9f-%d7%90%d7%91%d7%a0%d7%a8/,2026-06-01T19:07:34+00:00
nadlan_professional-sitemap2.xml,https://nad-lan.co.il/professionals/%d7%91%d7%9f-%d7%a2%d7%9e%d7%99-%d7%a9%d7%99/,2026-06-01T19:07:34+00:00
nadlan_professional-sitemap2.xml,https://nad-lan.co.il/professionals/%d7%a6%d7%93%d7%95%d7%a7-%d7%a9%d7%9e%d7%a2%d7%95%d7%9f/,2026-06-01T19:07:35+00:00
nadlan_professional-sitemap2.xml,https://nad-lan.co.il/professionals/%d7%99%d7%a9%d7%99-%d7%96%d7%99%d7%95/,2026-06-01T19:07:35+00:00
nadlan_professional-sitemap2.xml,https://nad-lan.co.il/professionals/%d7%98%d7%95%d7%99%d7%98%d7%95-%d7%a6%d7%99%d7%95%d7%9f/,2026-06-01T19:07:35+00:00
nadlan_professional-sitemap2.xml,https://nad-lan.co.il/professionals/%d7%a7%d7%a8%d7%99%d7%98%d7%99-%d7%92%d7%99%d7%9c/,2026-06-01T19:07:35+00:00
nadlan_professional-sitemap2.xml,https://nad-lan.co.il/professionals/%d7%a7%d7%93%d7%95%d7%a8-%d7%91%d7%a8%d7%9b%d7%90%d7%aa/,2026-06-01T19:07:36+00:00
nadlan_professional-sitemap2.xml,https://nad-lan.co.il/professionals/%d7%a4%d7%99%d7%98%d7%95%d7%a1%d7%99-%d7%a8%d7%a4%d7%90%d7%9c-%d7%97%d7%99%d7%99%d7%9d/,2026-06-01T19:07:36+00:00
nadlan_professional-sitemap2.xml,https://nad-lan.co.il/professionals/%d7%a9%d7%97%d7%a8-%d7%99%d7%a2%d7%a7%d7%91/,2026-06-01T19:07:36+00:00
nadlan_professional-sitemap2.xml,https://nad-lan.co.il/professionals/%d7%92%d7%9c%d7%99-%d7%93%d7%a0%d7%99%d7%90%d7%9c/,2026-06-01T19:07:36+00:00
nadlan_professional-sitemap2.xml,https://nad-lan.co.il/professionals/%d7%a1%d7%9b%d7%a8%d7%90%d7%9f-%d7%a0%d7%90%d7%99%d7%a3/,2026-06-01T19:07:37+00:00
nadlan_professional-sitemap2.xml,https://nad-lan.co.il/professionals/%d7%97%d7%9f-%d7%92%d7%9c/,2026-06-01T19:07:37+00:00
nadlan_professional-sitemap2.xml,https://nad-lan.co.il/professionals/%d7%95%d7%99%d7%a6%d7%9e%d7%9f-%d7%99%d7%95%d7%a8%d7%9d/,2026-06-01T19:07:37+00:00
nadlan_professional-sitemap2.xml,https://nad-lan.co.il/professionals/%d7%a1%d7%a1%d7%a4%d7%95%d7%a8%d7%98%d7%a1-%d7%a8%d7%90%d7%95%d7%91%d7%9f/,2026-06-01T19:07:37+00:00
nadlan_professional-sitemap2.xml,https://nad-lan.co.il/professionals/%d7%96%d7%a8%d7%99%d7%99%d7%a7%d7%99-%d7%92%d7%95%d7%90%d7%93/,2026-06-01T19:07:38+00:00
nadlan_professional-sitemap2.xml,https://nad-lan.co.il/professionals/%d7%91%d7%a8-%d7%90%d7%99%d7%9c%d7%9f-%d7%a9%d7%9e%d7%a2%d7%95%d7%9f/,2026-06-01T19:07:38+00:00
nadlan_professional-sitemap2.xml,https://nad-lan.co.il/professionals/%d7%90%d7%91%d7%95-%d7%99%d7%90%d7%99%d7%a8/,2026-06-01T19:07:38+00:00
nadlan_professional-sitemap2.xml,https://nad-lan.co.il/professionals/%d7%a1%d7%90%d7%91%d7%90-%d7%a1%d7%9c%d7%99%d7%9d/,2026-06-01T19:07:39+00:00
nadlan_professional-sitemap2.xml,https://nad-lan.co.il/professionals/%d7%a0%d7%a1%d7%90%d7%a8-%d7%a1%d7%90%d7%9e%d7%a8/,2026-06-01T19:07:39+00:00
nadlan_professional-sitemap2.xml,https://nad-lan.co.il/professionals/%d7%99%d7%a7%d7%95%d7%98%d7%99-%d7%92%d7%93/,2026-06-01T19:07:39+00:00
nadlan_professional-sitemap2.xml,https://nad-lan.co.il/professionals/%d7%96%d7%a8%d7%91%d7%99%d7%91-%d7%90%d7%99%d7%9c%d7%9f/,2026-06-01T19:07:39+00:00
nadlan_professional-sitemap2.xml,https://nad-lan.co.il/professionals/%d7%a0%d7%a2%d7%90%d7%9e%d7%a0%d7%94-%d7%a1%d7%90%d7%9e%d7%a8/,2026-06-01T19:07:40+00:00
nadlan_professional-sitemap2.xml,https://nad-lan.co.il/professionals/%d7%91%d7%a8-%d7%96%d7%95%d7%94%d7%a8-%d7%a9%d7%92%d7%99%d7%90/,2026-06-01T19:07:40+00:00
nadlan_professional-sitemap2.xml,https://nad-lan.co.il/professionals/%d7%92%d7%a8%d7%95%d7%a1-%d7%99%d7%95%d7%a8%d7%9d/,2026-06-01T19:07:40+00:00
nadlan_professional-sitemap2.xml,https://nad-lan.co.il/professionals/%d7%a7%d7%93%d7%9e%d7%99-%d7%a9%d7%9c%d7%9e%d7%94/,2026-06-01T19:07:40+00:00
nadlan_professional-sitemap2.xml,https://nad-lan.co.il/professionals/%d7%9e%d7%97%d7%90%d7%9e%d7%99%d7%93-%d7%97%d7%95%d7%a1%d7%99%d7%9f-2/,2026-06-01T19:07:41+00:00
nadlan_professional-sitemap2.xml,https://nad-lan.co.il/professionals/%d7%91%d7%9f-%d7%aa%d7%95%d7%a8%d7%94-%d7%90%d7%99%d7%99%d7%9c/,2026-06-01T19:07:41+00:00
nadlan_professional-sitemap2.xml,https://nad-lan.co.il/professionals/%d7%90%d7%a8%d7%92%d7%99%d7%9c-%d7%a9%d7%a8%d7%95%d7%9f/,2026-06-01T19:07:41+00:00
nadlan_professional-sitemap2.xml,https://nad-lan.co.il/professionals/%d7%98%d7%91%d7%97-%d7%90%d7%91%d7%a8%d7%94%d7%9d/,2026-06-01T19:07:41+00:00
nadlan_professional-sitemap2.xml,https://nad-lan.co.il/professionals/%d7%90%d7%91%d7%95-%d7%a1%d7%a2%d7%93%d7%94-%d7%99%d7%95%d7%a1%d7%a3/,2026-06-01T19:07:42+00:00
nadlan_professional-sitemap2.xml,https://nad-lan.co.il/professionals/%d7%93%d7%91%d7%90%d7%97-%d7%90%d7%97%d7%9e%d7%93/,2026-06-01T19:07:42+00:00
nadlan_professional-sitemap2.xml,https://nad-lan.co.il/professionals/%d7%a4%d7%a8%d7%a0%d7%a7%d7%a0%d7%a9%d7%98%d7%99%d7%99%d7%9f-%d7%92%d7%99%d7%9c/,2026-06-01T19:07:42+00:00
nadlan_professional-sitemap2.xml,https://nad-lan.co.il/professionals/%d7%a7%d7%93%d7%9d-%d7%92%d7%9c%d7%a2%d7%93/,2026-06-01T19:07:42+00:00
nadlan_professional-sitemap2.xml,https://nad-lan.co.il/professionals/%d7%90%d7%9c%d7%9b%d7%aa%d7%a0%d7%90%d7%a0%d7%99-%d7%9e%d7%97%d7%9e%d7%93/,2026-06-01T19:07:43+00:00
nadlan_professional-sitemap2.xml,https://nad-lan.co.il/professionals/%d7%90%d7%a4%d7%a0%d7%92%d7%a8-%d7%a9%d7%9e%d7%a2%d7%95%d7%9f/,2026-06-01T19:07:43+00:00
nadlan_professional-sitemap2.xml,https://nad-lan.co.il/professionals/%d7%92%d7%9e%d7%96%d7%95-%d7%90%d7%9c%d7%99/,2026-06-01T19:07:43+00:00
nadlan_professional-sitemap2.xml,https://nad-lan.co.il/professionals/%d7%97%d7%a8%d7%99%d7%96%d7%99-%d7%92%d7%95%d7%9e%d7%a2%d7%94/,2026-06-01T19:07:44+00:00
nadlan_professional-sitemap2.xml,https://nad-lan.co.il/professionals/%d7%91%d7%a7%d7%a8-%d7%90%d7%99%d7%9c%d7%9f/,2026-06-01T19:07:44+00:00
nadlan_professional-sitemap2.xml,https://nad-lan.co.il/professionals/%d7%a0%d7%99%d7%a8-%d7%90%d7%95%d7%a8%d7%99/,2026-06-01T19:07:44+00:00
nadlan_professional-sitemap2.xml,https://nad-lan.co.il/professionals/%d7%9e%d7%96%d7%a8%d7%97%d7%99-%d7%a9%d7%9e%d7%95%d7%90%d7%9c/,2026-06-01T19:07:44+00:00
nadlan_professional-sitemap2.xml,https://nad-lan.co.il/professionals/%d7%92%d7%95%d7%98%d7%a8%d7%9e%d7%9f-%d7%99%d7%95%d7%a1%d7%a3-%d7%99%d7%a9%d7%9b%d7%a8/,2026-06-01T19:07:45+00:00
nadlan_professional-sitemap2.xml,https://nad-lan.co.il/professionals/%d7%a9%d7%90%d7%9e%d7%99-%d7%9e%d7%95%d7%a2%d7%99%d7%9f/,2026-06-01T19:11:12+00:00
nadlan_professional-sitemap2.xml,https://nad-lan.co.il/professionals/%d7%92%d7%91%d7%90%d7%a8%d7%99%d7%9f-%d7%a1%d7%90%d7%9c%d7%97/,2026-06-01T19:11:13+00:00
nadlan_professional-sitemap2.xml,https://nad-lan.co.il/professionals/%d7%a1%d7%90%d7%9c%d7%97-%d7%97%d7%95%d7%a1%d7%90%d7%9d/,2026-06-01T19:11:14+00:00
nadlan_professional-sitemap2.xml,https://nad-lan.co.il/professionals/%d7%9c%d7%99%d7%95%d7%a1-%d7%a8%d7%9e%d7%96%d7%99/,2026-06-01T19:11:15+00:00
nadlan_professional-sitemap2.xml,https://nad-lan.co.il/professionals/%d7%90%d7%9e%d7%a1%d7%9c%d7%9d-%d7%a9%d7%9c%d7%9e%d7%94/,2026-06-01T19:11:16+00:00
nadlan_professional-sitemap2.xml,https://nad-lan.co.il/professionals/%d7%96%d7%9b%d7%a8%d7%99%d7%94-%d7%90%d7%9e%d7%a0%d7%95%d7%9f/,2026-06-01T19:11:17+00:00
nadlan_professional-sitemap2.xml,https://nad-lan.co.il/professionals/%d7%a6%d7%97-%d7%97%d7%96%d7%99/,2026-06-01T19:11:19+00:00
nadlan_professional-sitemap2.xml,https://nad-lan.co.il/professionals/%d7%90%d7%9c%d7%a4%d7%a1%d7%99-%d7%92%d7%9c%d7%a2%d7%93/,2026-06-01T19:11:20+00:00
nadlan_professional-sitemap2.xml,https://nad-lan.co.il/professionals/%d7%92%d7%91%d7%a2-%d7%92%d7%99%d7%9c/,2026-06-01T19:11:21+00:00
nadlan_professional-sitemap2.xml,https://nad-lan.co.il/professionals/%d7%9b%d7%97%d7%9c%d7%95%d7%9f-%d7%a2%d7%9e%d7%99/,2026-06-01T19:11:22+00:00
nadlan_professional-sitemap2.xml,https://nad-lan.co.il/professionals/%d7%99%d7%a6%d7%97%d7%a7-%d7%99%d7%a0%d7%99%d7%91/,2026-06-01T19:11:24+00:00
nadlan_professional-sitemap2.xml,https://nad-lan.co.il/professionals/%d7%96%d7%a8-%d7%a2%d7%9e%d7%99%d7%aa/,2026-06-01T19:11:25+00:00
nadlan_professional-sitemap2.xml,https://nad-lan.co.il/professionals/%d7%a8%d7%95%d7%91%d7%99%d7%9f-%d7%a8%d7%a4%d7%90%d7%9c/,2026-06-01T19:11:26+00:00
nadlan_professional-sitemap2.xml,https://nad-lan.co.il/professionals/%d7%97%d7%9f-%d7%99%d7%94%d7%95%d7%93%d7%94/,2026-06-01T19:11:27+00:00
nadlan_professional-sitemap2.xml,https://nad-lan.co.il/professionals/%d7%a1%d7%99%d7%9e%d7%95%d7%a0%d7%99-%d7%9e%d7%90%d7%99%d7%a8/,2026-06-01T19:11:28+00:00
nadlan_professional-sitemap2.xml,https://nad-lan.co.il/professionals/%d7%a8%d7%95%d7%98%d7%a9%d7%99%d7%9c%d7%93-%d7%90%d7%9e%d7%99%d7%a8/,2026-06-01T19:11:29+00:00
nadlan_professional-sitemap2.xml,https://nad-lan.co.il/professionals/%d7%93%d7%93%d7%95%d7%9f-%d7%93%d7%a0%d7%99%d7%90%d7%9c/,2026-06-01T19:11:30+00:00
nadlan_professional-sitemap2.xml,https://nad-lan.co.il/professionals/%d7%a9%d7%a8%d7%90%d7%9a-%d7%a9%d7%9c%d7%95%d7%9d/,2026-06-01T19:11:31+00:00
nadlan_professional-sitemap2.xml,https://nad-lan.co.il/professionals/%d7%aa%d7%9e%d7%a8%d7%99-%d7%91%d7%a8%d7%a7/,2026-06-01T19:11:32+00:00
nadlan_professional-sitemap2.xml,https://nad-lan.co.il/professionals/%d7%a9%d7%a8%d7%a3-%d7%9e%d7%90%d7%99%d7%a8/,2026-06-01T19:11:33+00:00
nadlan_professional-sitemap2.xml,https://nad-lan.co.il/professionals/%d7%93%d7%9c%d7%9c-%d7%a2%d7%9e%d7%95%d7%a1/,2026-06-01T19:11:34+00:00
nadlan_professional-sitemap2.xml,https://nad-lan.co.il/professionals/%d7%a9%d7%98%d7%a8%d7%99%d7%aa-%d7%93%d7%95%d7%93/,2026-06-01T19:11:36+00:00
nadlan_professional-sitemap2.xml,https://nad-lan.co.il/professionals/%d7%92%d7%91%d7%a1%d7%95-%d7%97%d7%99%d7%99%d7%9d/,2026-06-01T19:11:37+00:00
nadlan_professional-sitemap2.xml,https://nad-lan.co.il/professionals/%d7%a0%d7%a8%d7%93%d7%99%d7%94-%d7%9e%d7%a8%d7%93%d7%9b%d7%99/,2026-06-01T19:11:38+00:00
nadlan_professional-sitemap2.xml,https://nad-lan.co.il/professionals/%d7%a6%d7%99%d7%93%d7%95%d7%9f-%d7%90%d7%95%d7%a8%d7%91/,2026-06-01T19:11:39+00:00
nadlan_professional-sitemap2.xml,https://nad-lan.co.il/professionals/%d7%90%d7%94%d7%a8%d7%95%d7%9f-%d7%90%d7%9e%d7%a0%d7%95%d7%9f/,2026-06-01T19:11:40+00:00
nadlan_professional-sitemap2.xml,https://nad-lan.co.il/professionals/%d7%92%d7%95%d7%9c%d7%9f-%d7%90%d7%95%d7%a4%d7%99%d7%a8/,2026-06-01T19:11:40+00:00
nadlan_professional-sitemap2.xml,https://nad-lan.co.il/professionals/%d7%99%d7%a9%d7%a8-%d7%a8%d7%9f-%d7%9e%d7%90%d7%99%d7%a8/,2026-06-01T19:11:41+00:00
nadlan_professional-sitemap2.xml,https://nad-lan.co.il/professionals/%d7%91%d7%94%d7%95%d7%9e%d7%99-%d7%99%d7%a8%d7%95%d7%9f/,2026-06-01T19:11:42+00:00
nadlan_professional-sitemap2.xml,https://nad-lan.co.il/professionals/%d7%a9%d7%9e%d7%a2%d7%99%d7%94-%d7%a8%d7%90%d7%95%d7%91%d7%9f/,2026-06-01T19:11:43+00:00
nadlan_professional-sitemap2.xml,https://nad-lan.co.il/professionals/%d7%a2%d7%96%d7%a8-%d7%90%d7%94%d7%a8%d7%95%d7%9f-%d7%a8%d7%95%d7%9f/,2026-06-01T19:11:43+00:00
nadlan_professional-sitemap2.xml,https://nad-lan.co.il/professionals/%d7%a4%d7%9c%d7%93-%d7%9c%d7%99%d7%90%d7%95%d7%a8/,2026-06-01T19:11:44+00:00
nadlan_professional-sitemap2.xml,https://nad-lan.co.il/professionals/%d7%92%d7%95%d7%9c%d7%9f-%d7%93%d7%a0%d7%99%d7%90%d7%9c/,2026-06-01T19:11:45+00:00
nadlan_professional-sitemap2.xml,https://nad-lan.co.il/professionals/%d7%93%d7%a8%d7%95%d7%99%d7%a9-%d7%a9%d7%a9%d7%95%d7%9f/,2026-06-01T19:11:45+00:00
nadlan_professional-sitemap2.xml,https://nad-lan.co.il/professionals/%d7%90%d7%a9%d7%95%d7%a8-%d7%a6%d7%97/,2026-06-01T19:11:46+00:00
nadlan_professional-sitemap2.xml,https://nad-lan.co.il/professionals/%d7%90%d7%96%d7%99%d7%9b%d7%a8%d7%99-%d7%92%d7%9c%d7%a2%d7%93/,2026-06-01T19:11:47+00:00
nadlan_professional-sitemap2.xml,https://nad-lan.co.il/professionals/%d7%a2%d7%99%d7%a0%d7%99-%d7%93%d7%a8%d7%95%d7%a8/,2026-06-01T19:11:48+00:00
nadlan_professional-sitemap2.xml,https://nad-lan.co.il/professionals/%d7%a2%d7%9e%d7%a8-%d7%99%d7%95%d7%91%d7%9c/,2026-06-01T19:11:49+00:00
nadlan_professional-sitemap2.xml,https://nad-lan.co.il/professionals/%d7%a1%d7%9e%d7%93%d7%a8-%d7%99%d7%a0%d7%99%d7%91/,2026-06-01T19:11:50+00:00
nadlan_professional-sitemap2.xml,https://nad-lan.co.il/professionals/%d7%99%d7%a2%d7%a7%d7%91%d7%99-%d7%99%d7%a0%d7%99%d7%91-%d7%a2%d7%96%d7%a8%d7%90/,2026-06-01T19:11:50+00:00
nadlan_professional-sitemap2.xml,https://nad-lan.co.il/professionals/%d7%91%d7%9c%d7%95%d7%9c%d7%95-%d7%a8%d7%95%d7%a0%d7%9f-%d7%95%d7%99%d7%a7%d7%98%d7%95%d7%a8/,2026-06-01T19:11:51+00:00
nadlan_professional-sitemap2.xml,https://nad-lan.co.il/professionals/%d7%97%d7%99%d7%95-%d7%a2%d7%96%d7%a8%d7%90/,2026-06-01T19:11:52+00:00
nadlan_professional-sitemap2.xml,https://nad-lan.co.il/professionals/%d7%90%d7%95%d7%a8%d7%92%d7%99%d7%9c-%d7%90%d7%99%d7%9c%d7%9f-%d7%99%d7%95%d7%a1%d7%a3/,2026-06-01T19:11:53+00:00
nadlan_professional-sitemap2.xml,https://nad-lan.co.il/professionals/%d7%90%d7%93%d7%9c%d7%a8-%d7%99%d7%a8%d7%99%d7%91/,2026-06-01T19:11:54+00:00
nadlan_professional-sitemap2.xml,https://nad-lan.co.il/professionals/%d7%98%d7%a0%d7%a0%d7%91%d7%90%d7%95%d7%9d-%d7%90%d7%93%d7%9d/,2026-06-01T19:11:55+00:00
nadlan_professional-sitemap2.xml,https://nad-lan.co.il/professionals/%d7%90%d7%9e%d7%a1%d7%9c%d7%9d-%d7%98%d7%95%d7%91%d7%99%d7%94/,2026-06-01T19:11:56+00:00
nadlan_professional-sitemap2.xml,https://nad-lan.co.il/professionals/%d7%90%d7%95%d7%97%d7%a0%d7%94-%d7%a0%d7%99%d7%a1%d7%99%d7%9d/,2026-06-01T19:11:57+00:00
nadlan_professional-sitemap2.xml,https://nad-lan.co.il/professionals/%d7%a9%d7%a0%d7%99%d7%99%d7%93%d7%a8-%d7%a0%d7%97%d7%9e%d7%99%d7%94/,2026-06-01T19:11:58+00:00
nadlan_professional-sitemap2.xml,https://nad-lan.co.il/professionals/%d7%a9%d7%9e%d7%a2%d7%95%d7%a0%d7%99-%d7%99%d7%95%d7%a1%d7%a3/,2026-06-01T19:11:58+00:00
nadlan_professional-sitemap2.xml,https://nad-lan.co.il/professionals/%d7%90%d7%96%d7%95%d7%9c%d7%90%d7%99-%d7%92%d7%93/,2026-06-01T19:11:59+00:00
nadlan_professional-sitemap2.xml,https://nad-lan.co.il/professionals/%d7%90%d7%9c%d7%99%d7%9e%d7%9c%d7%9a-%d7%a9%d7%99/,2026-06-01T19:12:01+00:00
nadlan_professional-sitemap2.xml,https://nad-lan.co.il/professionals/%d7%a2%d7%9e%d7%95%d7%a1-%d7%a9%d7%99/,2026-06-01T19:12:02+00:00
nadlan_professional-sitemap2.xml,https://nad-lan.co.il/professionals/%d7%a8%d7%91%d7%99%d7%91-%d7%a8%d7%95%d7%a0%d7%9f-%d7%90%d7%91%d7%a8%d7%94%d7%9d/,2026-06-01T19:12:03+00:00
nadlan_professional-sitemap2.xml,https://nad-lan.co.il/professionals/%d7%a9%d7%9c%d7%95%d7%9d-%d7%a9%d7%9c%d7%95%d7%9e%d7%99/,2026-06-01T19:12:04+00:00
nadlan_professional-sitemap2.xml,https://nad-lan.co.il/professionals/%d7%a1%d7%99%d7%a0%d7%99-%d7%98%d7%9c/,2026-06-01T19:12:05+00:00
nadlan_professional-sitemap2.xml,https://nad-lan.co.il/professionals/%d7%9e%d7%a9%d7%94-%d7%aa%d7%9e%d7%99%d7%a8/,2026-06-01T19:12:06+00:00
nadlan_professional-sitemap2.xml,https://nad-lan.co.il/professionals/%d7%97%d7%99%d7%95%d7%9f-%d7%93%d7%95%d7%93/,2026-06-01T19:12:07+00:00
nadlan_professional-sitemap2.xml,https://nad-lan.co.il/professionals/%d7%90%d7%91%d7%95%d7%9c%d7%a9-%d7%a1%d7%90%d7%a0%d7%99/,2026-06-01T19:12:09+00:00
nadlan_professional-sitemap2.xml,https://nad-lan.co.il/professionals/%d7%a0%d7%94%d7%95%d7%9f-%d7%99%d7%95%d7%a1%d7%99/,2026-06-01T19:12:10+00:00
nadlan_professional-sitemap2.xml,https://nad-lan.co.il/professionals/%d7%99%d7%a6%d7%97%d7%a7-%d7%9e%d7%90%d7%95%d7%a8/,2026-06-01T19:12:11+00:00
nadlan_professional-sitemap2.xml,https://nad-lan.co.il/professionals/%d7%92%d7%9c-%d7%a9%d7%97%d7%a8/,2026-06-01T19:12:12+00:00
nadlan_professional-sitemap2.xml,https://nad-lan.co.il/professionals/%d7%a8%d7%90%d7%95%d7%91%d7%a0%d7%99-%d7%90%d7%a8%d7%96/,2026-06-01T19:12:13+00:00
nadlan_professional-sitemap2.xml,https://nad-lan.co.il/professionals/%d7%9e%d7%a9%d7%94-%d7%a8%d7%97%d7%9e%d7%99%d7%9d/,2026-06-01T19:12:14+00:00
nadlan_professional-sitemap2.xml,https://nad-lan.co.il/professionals/%d7%99%d7%90%d7%99%d7%a8-%d7%a9%d7%9c%d7%90%d7%91/,2026-06-01T19:12:15+00:00
nadlan_professional-sitemap2.xml,https://nad-lan.co.il/professionals/%d7%91%d7%99%d7%98%d7%95%d7%9f-%d7%90%d7%91%d7%99/,2026-06-01T19:12:16+00:00
nadlan_professional-sitemap2.xml,https://nad-lan.co.il/professionals/%d7%9e%d7%9b%d7%9c%d7%95%d7%a3-%d7%a6%d7%a4%d7%a8%d7%99%d7%a8-%d7%92%d7%93/,2026-06-01T19:12:17+00:00
nadlan_professional-sitemap2.xml,https://nad-lan.co.il/professionals/%d7%97%d7%93%d7%93-%d7%a2%d7%9e%d7%a0%d7%95%d7%90%d7%9c/,2026-06-01T19:12:18+00:00
nadlan_professional-sitemap2.xml,https://nad-lan.co.il/professionals/%d7%98%d7%95%d7%91%d7%95%d7%9c-%d7%90%d7%91%d7%99/,2026-06-01T19:12:19+00:00
nadlan_professional-sitemap2.xml,https://nad-lan.co.il/professionals/%d7%93%d7%91%d7%95%d7%a9-%d7%9e%d7%a9%d7%94/,2026-06-01T19:12:20+00:00
nadlan_professional-sitemap2.xml,https://nad-lan.co.il/professionals/%d7%9e%d7%a8%d7%a7%d7%95%d7%91%d7%99%d7%a5-%d7%9e%d7%95%d7%98%d7%a7%d7%94/,2026-06-01T19:12:22+00:00
nadlan_professional-sitemap2.xml,https://nad-lan.co.il/professionals/%d7%9c%d7%95%d7%99-%d7%a9%d7%99/,2026-06-01T19:12:23+00:00
nadlan_professional-sitemap2.xml,https://nad-lan.co.il/professionals/%d7%9e%d7%96%d7%a8%d7%97%d7%99-%d7%9e%d7%90%d7%99%d7%a8/,2026-06-01T19:12:24+00:00
nadlan_professional-sitemap2.xml,https://nad-lan.co.il/professionals/%d7%9c%d7%95%d7%99-%d7%99%d7%a8%d7%95%d7%9f/,2026-06-01T19:12:26+00:00
nadlan_professional-sitemap2.xml,https://nad-lan.co.il/professionals/%d7%a6%d7%a4%d7%95%d7%a8%d7%99-%d7%a0%d7%99%d7%91/,2026-06-01T19:12:27+00:00
nadlan_professional-sitemap2.xml,https://nad-lan.co.il/professionals/%d7%9b%d7%94%d7%9f-%d7%90%d7%9e%d7%99%d7%a8/,2026-06-01T19:12:28+00:00
nadlan_professional-sitemap2.xml,https://nad-lan.co.il/professionals/%d7%90%d7%99%d7%a6%d7%99%d7%a7-%d7%99%d7%a8%d7%95%d7%9f/,2026-06-01T19:12:29+00:00
nadlan_professional-sitemap2.xml,https://nad-lan.co.il/professionals/%d7%9e%d7%95%d7%a8-%d7%90%d7%a4%d7%a8%d7%99%d7%9d/,2026-06-01T19:12:30+00:00
nadlan_professional-sitemap2.xml,https://nad-lan.co.il/professionals/%d7%92%d7%95%d7%9c%d7%9f-%d7%90%d7%99%d7%9c%d7%9f/,2026-06-01T19:12:31+00:00
nadlan_professional-sitemap2.xml,https://nad-lan.co.il/professionals/%d7%a9%d7%98%d7%95%d7%a7%d7%94%d7%99%d7%99%d7%9d-%d7%90%d7%9e%d7%a0%d7%95%d7%9f/,2026-06-01T19:12:33+00:00
nadlan_professional-sitemap2.xml,https://nad-lan.co.il/professionals/%d7%97%d7%9f-%d7%96%d7%99%d7%95/,2026-06-01T19:12:34+00:00
nadlan_professional-sitemap2.xml,https://nad-lan.co.il/professionals/%d7%99%d7%95%d7%a1%d7%99%d7%a4%d7%95%d7%9f-%d7%a2%d7%96%d7%a8%d7%90/,2026-06-01T19:12:35+00:00
nadlan_professional-sitemap2.xml,https://nad-lan.co.il/professionals/%d7%a9%d7%91%d7%aa%d7%90%d7%99-%d7%99%d7%95%d7%92%d7%91/,2026-06-01T19:12:35+00:00
nadlan_professional-sitemap2.xml,https://nad-lan.co.il/professionals/%d7%94%d7%a1-%d7%99%d7%a2%d7%a7%d7%91/,2026-06-01T19:12:36+00:00
nadlan_professional-sitemap2.xml,https://nad-lan.co.il/professionals/%d7%9e%d7%96%d7%a8%d7%97%d7%99-%d7%93%d7%95%d7%93/,2026-06-01T19:12:37+00:00
nadlan_professional-sitemap2.xml,https://nad-lan.co.il/professionals/%d7%a1%d7%a7%d7%99-%d7%96%d7%93%d7%94-%d7%a2%d7%95%d7%93%d7%93/,2026-06-01T19:12:38+00:00
nadlan_professional-sitemap2.xml,https://nad-lan.co.il/professionals/%d7%a2%d7%a6%d7%99%d7%a5-%d7%9e%d7%a8%d7%93%d7%9b%d7%99/,2026-06-01T19:12:39+00:00
nadlan_professional-sitemap2.xml,https://nad-lan.co.il/professionals/%d7%a0%d7%97%d7%9e%d7%a0%d7%99-%d7%90%d7%95%d7%a8%d7%99%d7%90%d7%9c/,2026-06-01T19:12:40+00:00
nadlan_professional-sitemap2.xml,https://nad-lan.co.il/professionals/%d7%a4%d7%a7-%d7%90%d7%99%d7%99%d7%9c-%d7%9e%d7%a9%d7%94/,2026-06-01T19:12:41+00:00
nadlan_professional-sitemap2.xml,https://nad-lan.co.il/professionals/%d7%9e%d7%a8%d7%a7%d7%95%d7%91%d7%99%d7%a5-%d7%a0%d7%aa%d7%9f/,2026-06-01T19:12:41+00:00
nadlan_professional-sitemap2.xml,https://nad-lan.co.il/professionals/%d7%96%d7%91%d7%95%d7%9c%d7%95%d7%a0%d7%99-%d7%90%d7%9c%d7%99%d7%94%d7%95/,2026-06-01T19:12:42+00:00
nadlan_professional-sitemap2.xml,https://nad-lan.co.il/professionals/%d7%92%d7%9e%d7%9c%d7%99%d7%90%d7%9c-%d7%92%d7%99%d7%90/,2026-06-01T19:12:43+00:00
nadlan_professional-sitemap2.xml,https://nad-lan.co.il/professionals/%d7%92%d7%95%d7%a8%d7%9f-%d7%90%d7%93%d7%a8/,2026-06-01T19:12:44+00:00
nadlan_professional-sitemap2.xml,https://nad-lan.co.il/professionals/%d7%a8%d7%95%d7%90%d7%99%d7%9e%d7%99-%d7%90%d7%99%d7%aa%d7%9e%d7%a8/,2026-06-01T19:12:45+00:00
nadlan_professional-sitemap2.xml,https://nad-lan.co.il/professionals/%d7%a2%d7%a7%d7%99%d7%91%d7%90-%d7%9e%d7%99%d7%9e%d7%95%d7%9f/,2026-06-01T19:12:45+00:00
nadlan_professional-sitemap2.xml,https://nad-lan.co.il/professionals/%d7%92%d7%95%d7%9c%d7%93%d7%a9%d7%98%d7%99%d7%99%d7%9f-%d7%90%d7%95%d7%a8%d7%9f/,2026-06-01T19:12:46+00:00
nadlan_professional-sitemap2.xml,https://nad-lan.co.il/professionals/%d7%90%d7%91%d7%99%d7%93%d7%9f-%d7%92%d7%90%d7%9c%d7%99/,2026-06-01T19:12:47+00:00
nadlan_professional-sitemap2.xml,https://nad-lan.co.il/professionals/%d7%97%d7%9e%d7%95-%d7%99%d7%a2%d7%a7%d7%91-%d7%a9%d7%99/,2026-06-01T19:12:48+00:00
nadlan_professional-sitemap2.xml,https://nad-lan.co.il/professionals/%d7%9e%d7%99%d7%9e%d7%95%d7%9f-%d7%90%d7%9e%d7%a0%d7%95%d7%9f/,2026-06-01T19:12:49+00:00
nadlan_professional-sitemap2.xml,https://nad-lan.co.il/professionals/%d7%98%d7%95%d7%a8%d7%92%d7%9e%d7%9f-%d7%90%d7%a8%d7%96/,2026-06-01T19:12:49+00:00
nadlan_professional-sitemap2.xml,https://nad-lan.co.il/professionals/%d7%93%d7%92%d7%9f-%d7%a6%d7%91%d7%99/,2026-06-01T19:12:50+00:00
nadlan_professional-sitemap2.xml,https://nad-lan.co.il/professionals/%d7%9c%d7%91-%d7%90%d7%91%d7%99/,2026-06-01T19:12:51+00:00
nadlan_professional-sitemap2.xml,https://nad-lan.co.il/professionals/%d7%aa%d7%a8%d7%9d-%d7%92%d7%95%d7%9c%d7%9f/,2026-06-01T19:12:52+00:00
nadlan_professional-sitemap2.xml,https://nad-lan.co.il/professionals/%d7%a4%d7%9c%d7%97-%d7%a9%d7%9c%d7%95%d7%9e%d7%99/,2026-06-01T19:12:53+00:00
nadlan_professional-sitemap2.xml,https://nad-lan.co.il/professionals/%d7%91%d7%9f-%d7%93%d7%95%d7%93-%d7%95%d7%99%d7%a7%d7%98%d7%95%d7%a8/,2026-06-01T19:12:54+00:00
nadlan_professional-sitemap2.xml,https://nad-lan.co.il/professionals/%d7%a4%d7%90%d7%a8-%d7%90%d7%a8%d7%99/,2026-06-01T19:12:54+00:00
nadlan_professional-sitemap2.xml,https://nad-lan.co.il/professionals/%d7%90%d7%a1%d7%95%d7%9c%d7%99%d7%9f-%d7%92%d7%99%d7%90-%d7%90%d7%91%d7%99%d7%91/,2026-06-01T19:12:55+00:00
nadlan_professional-sitemap2.xml,https://nad-lan.co.il/professionals/%d7%93%d7%94%d7%9f-%d7%99%d7%a8%d7%95%d7%9f/,2026-06-01T19:12:56+00:00
nadlan_professional-sitemap2.xml,https://nad-lan.co.il/professionals/%d7%99%d7%a4%d7%a8%d7%97-%d7%a9%d7%a8%d7%95%d7%9f/,2026-06-01T19:12:57+00:00
nadlan_professional-sitemap2.xml,https://nad-lan.co.il/professionals/%d7%90%d7%96%d7%95%d7%9c%d7%90%d7%99-%d7%90%d7%99%d7%a6%d7%99%d7%a7/,2026-06-01T19:12:58+00:00
nadlan_professional-sitemap2.xml,https://nad-lan.co.il/professionals/%d7%9e%d7%a9%d7%99%d7%9c%d7%a7%d7%a8-%d7%a8%d7%95%d7%a0%d7%9f/,2026-06-01T19:12:59+00:00
nadlan_professional-sitemap2.xml,https://nad-lan.co.il/professionals/%d7%91%d7%a0%d7%99%d7%a1%d7%98%d7%99-%d7%a8%d7%95%d7%a0%d7%99/,2026-06-01T19:13:00+00:00
nadlan_professional-sitemap2.xml,https://nad-lan.co.il/professionals/%d7%91%d7%9f-%d7%97%d7%9e%d7%95-%d7%9e%d7%a9%d7%94/,2026-06-01T19:13:01+00:00
nadlan_professional-sitemap2.xml,https://nad-lan.co.il/professionals/%d7%9b%d7%94%d7%9f-%d7%99%d7%a6%d7%97%d7%a7-2/,2026-06-01T19:13:02+00:00
nadlan_professional-sitemap2.xml,https://nad-lan.co.il/professionals/%d7%93%d7%91%d7%99-%d7%90%d7%9c%d7%99%d7%94%d7%95-%d7%a0%d7%99%d7%a8/,2026-06-01T19:13:03+00:00
nadlan_professional-sitemap2.xml,https://nad-lan.co.il/professionals/%d7%93%d7%94%d7%9f-%d7%9e%d7%a8%d7%93%d7%9b%d7%99/,2026-06-01T19:13:04+00:00
nadlan_professional-sitemap2.xml,https://nad-lan.co.il/professionals/%d7%9b%d7%94%d7%9f-%d7%90%d7%95%d7%a8%d7%9f/,2026-06-01T19:13:06+00:00
nadlan_professional-sitemap2.xml,https://nad-lan.co.il/professionals/%d7%a2%d7%9e%d7%a8-%d7%90%d7%9c%d7%95%d7%9f/,2026-06-01T19:13:07+00:00
nadlan_professional-sitemap2.xml,https://nad-lan.co.il/professionals/%d7%97%d7%92%d7%91%d7%99-%d7%92%d7%99%d7%90/,2026-06-01T19:13:08+00:00
nadlan_professional-sitemap2.xml,https://nad-lan.co.il/professionals/%d7%90%d7%a8%d7%95%d7%99%d7%9f-%d7%90%d7%a1%d7%99/,2026-06-01T19:13:09+00:00
nadlan_professional-sitemap2.xml,https://nad-lan.co.il/professionals/%d7%93%d7%95%d7%a8%d7%a0%d7%99-%d7%a0%d7%99%d7%a8/,2026-06-01T19:13:11+00:00
nadlan_professional-sitemap2.xml,https://nad-lan.co.il/professionals/%d7%a8%d7%92%d7%91-%d7%90%d7%9c%d7%9e%d7%95%d7%92/,2026-06-01T19:13:12+00:00
nadlan_professional-sitemap2.xml,https://nad-lan.co.il/professionals/%d7%90%d7%96%d7%95%d7%9c%d7%90%d7%99-%d7%90%d7%95%d7%94%d7%93/,2026-06-01T19:13:13+00:00
nadlan_professional-sitemap2.xml,https://nad-lan.co.il/professionals/%d7%a9%d7%98%d7%a8%d7%99%d7%aa-%d7%9c%d7%99%d7%90%d7%95%d7%a8/,2026-06-01T19:13:14+00:00
nadlan_professional-sitemap2.xml,https://nad-lan.co.il/professionals/%d7%a4%d7%a8%d7%96-%d7%a9%d7%a8%d7%95%d7%9f/,2026-06-01T19:13:15+00:00
nadlan_professional-sitemap2.xml,https://nad-lan.co.il/professionals/%d7%99%d7%a6%d7%97%d7%a7%d7%99%d7%90%d7%9f-%d7%90%d7%95%d7%a8%d7%9f/,2026-06-01T19:13:17+00:00
nadlan_professional-sitemap2.xml,https://nad-lan.co.il/professionals/%d7%a8%d7%a6%d7%90%d7%91%d7%99-%d7%90%d7%94%d7%a8%d7%95%d7%a0%d7%99/,2026-06-01T19:13:18+00:00
nadlan_professional-sitemap2.xml,https://nad-lan.co.il/professionals/%d7%90%d7%9c%d7%99%d7%94-%d7%91%d7%a8%d7%95%d7%9a/,2026-06-01T19:13:19+00:00
nadlan_professional-sitemap2.xml,https://nad-lan.co.il/professionals/%d7%90%d7%a9%d7%a8-%d7%a0%d7%99%d7%a8/,2026-06-01T19:13:20+00:00
nadlan_professional-sitemap2.xml,https://nad-lan.co.il/professionals/%d7%a0%d7%90%d7%91%d7%99-%d7%97%d7%99%d7%99%d7%9d/,2026-06-01T19:13:21+00:00
nadlan_professional-sitemap2.xml,https://nad-lan.co.il/professionals/%d7%a2%d7%aa%d7%90%d7%99-%d7%99%d7%a0%d7%99%d7%91/,2026-06-01T19:13:22+00:00
nadlan_professional-sitemap2.xml,https://nad-lan.co.il/professionals/%d7%a7%d7%95%d7%9e%d7%90-%d7%93%d7%95%d7%aa%d7%9f/,2026-06-01T19:13:23+00:00
nadlan_professional-sitemap2.xml,https://nad-lan.co.il/professionals/%d7%a9%d7%95%d7%a8-%d7%91%d7%a8%d7%a7/,2026-06-01T19:13:24+00:00
nadlan_professional-sitemap2.xml,https://nad-lan.co.il/professionals/%d7%93%d7%a8%d7%91-%d7%99%d7%a8%d7%95%d7%9f/,2026-06-01T19:13:26+00:00
nadlan_professional-sitemap2.xml,https://nad-lan.co.il/professionals/%d7%a4%d7%a0%d7%97%d7%a1-%d7%aa%d7%9e%d7%99%d7%a8/,2026-06-01T19:13:27+00:00
nadlan_professional-sitemap2.xml,https://nad-lan.co.il/professionals/%d7%a2%d7%a0%d7%98%d7%91%d7%99-%d7%a6%d7%99%d7%95%d7%9f/,2026-06-01T19:13:28+00:00
nadlan_professional-sitemap2.xml,https://nad-lan.co.il/professionals/%d7%93%d7%a8%d7%94%d7%99-%d7%a2%d7%9e%d7%99%d7%aa/,2026-06-01T19:13:29+00:00
nadlan_professional-sitemap2.xml,https://nad-lan.co.il/professionals/%d7%a0%d7%a4%d7%a9%d7%99-%d7%9c%d7%99%d7%91%d7%aa/,2026-06-01T19:13:30+00:00
nadlan_professional-sitemap2.xml,https://nad-lan.co.il/professionals/%d7%9b%d7%94%d7%9f-%d7%a9%d7%95%d7%a8-%d7%90%d7%99%d7%99%d7%9c/,2026-06-01T19:13:31+00:00
nadlan_professional-sitemap2.xml,https://nad-lan.co.il/professionals/%d7%99%d7%a2%d7%a7%d7%91-%d7%93%d7%a8%d7%95%d7%a8/,2026-06-01T19:13:32+00:00
nadlan_professional-sitemap2.xml,https://nad-lan.co.il/professionals/%d7%99%d7%a7%d7%99-%d7%90%d7%a8%d7%96%d7%99/,2026-06-01T19:13:32+00:00
nadlan_professional-sitemap2.xml,https://nad-lan.co.il/professionals/%d7%97%d7%a1%d7%99%d7%93%d7%99-%d7%90%d7%95%d7%a8%d7%9f/,2026-06-01T19:13:33+00:00
nadlan_professional-sitemap2.xml,https://nad-lan.co.il/professionals/%d7%9c%d7%95%d7%99-%d7%99%d7%95%d7%a1%d7%a3-2/,2026-06-01T19:13:34+00:00
nadlan_professional-sitemap2.xml,https://nad-lan.co.il/professionals/%d7%a9%d7%9c%d7%9d-%d7%a9%d7%97%d7%a8/,2026-06-01T19:13:35+00:00
nadlan_professional-sitemap2.xml,https://nad-lan.co.il/professionals/%d7%a4%d7%a8%d7%a5-%d7%9e%d7%90%d7%99%d7%a8-2/,2026-06-01T19:13:36+00:00
nadlan_professional-sitemap2.xml,https://nad-lan.co.il/professionals/%d7%97%d7%9c%d7%a4%d7%95%d7%9f-%d7%90%d7%99%d7%aa%d7%9f/,2026-06-01T19:13:37+00:00
nadlan_professional-sitemap2.xml,https://nad-lan.co.il/professionals/%d7%9c%d7%99%d7%a9%d7%a2-%d7%a9%d7%a8%d7%95%d7%9f/,2026-06-01T19:13:38+00:00
nadlan_professional-sitemap2.xml,https://nad-lan.co.il/professionals/%d7%a1%d7%a2%d7%93%d7%95%d7%9f-%d7%99%d7%a8%d7%95%d7%9f/,2026-06-01T19:13:39+00:00
nadlan_professional-sitemap2.xml,https://nad-lan.co.il/professionals/%d7%90%d7%9c%d7%98%d7%99%d7%a0%d7%99-%d7%99%d7%90%d7%99%d7%a8/,2026-06-01T19:13:39+00:00
nadlan_professional-sitemap2.xml,https://nad-lan.co.il/professionals/%d7%9e%d7%95%d7%a8-%d7%99%d7%95%d7%a1%d7%a3-%d7%91%d7%a8%d7%95%d7%9a/,2026-06-01T19:13:40+00:00
nadlan_professional-sitemap2.xml,https://nad-lan.co.il/professionals/%d7%a8%d7%95%d7%98%d7%a0%d7%91%d7%a8%d7%92-%d7%98%d7%95%d7%91%d7%99%d7%94/,2026-06-01T19:13:41+00:00
nadlan_professional-sitemap2.xml,https://nad-lan.co.il/professionals/%d7%92%d7%a8%d7%95%d7%9b%d7%95%d7%91%d7%a1%d7%a7%d7%99-%d7%92%d7%99%d7%90/,2026-06-01T19:13:42+00:00
nadlan_professional-sitemap2.xml,https://nad-lan.co.il/professionals/%d7%91%d7%a1%d7%98%d7%a7%d7%a8-%d7%a9%d7%a8%d7%95%d7%9f/,2026-06-01T19:13:43+00:00
nadlan_professional-sitemap2.xml,https://nad-lan.co.il/professionals/%d7%92%d7%93%d7%90%d7%99%d7%99%d7%91-%d7%a8%d7%a4%d7%90%d7%9c/,2026-06-01T19:13:44+00:00
nadlan_professional-sitemap2.xml,https://nad-lan.co.il/professionals/%d7%a4%d7%a8%d7%a0%d7%92%d7%99-%d7%a8%d7%95%d7%a0%d7%9f/,2026-06-01T19:13:44+00:00
nadlan_professional-sitemap2.xml,https://nad-lan.co.il/professionals/%d7%a4%d7%a1%d7%a8-%d7%a8%d7%9e%d7%99/,2026-06-01T19:13:45+00:00
nadlan_professional-sitemap2.xml,https://nad-lan.co.il/professionals/%d7%a9%d7%95%d7%91%d7%9c-%d7%a9%d7%99/,2026-06-01T19:13:46+00:00
nadlan_professional-sitemap2.xml,https://nad-lan.co.il/professionals/%d7%9e%d7%a2%d7%91%d7%a8%d7%99-%d7%90%d7%99%d7%99%d7%9c/,2026-06-01T19:13:47+00:00
nadlan_professional-sitemap2.xml,https://nad-lan.co.il/professionals/%d7%a9%d7%91%d7%aa-%d7%90%d7%99%d7%99%d7%9c/,2026-06-01T19:13:48+00:00
nadlan_professional-sitemap2.xml,https://nad-lan.co.il/professionals/%d7%92%d7%99-%d7%a8%d7%90%d7%93-%d7%a9%d7%9c%d7%95%d7%9e%d7%99/,2026-06-01T19:13:49+00:00
nadlan_professional-sitemap2.xml,https://nad-lan.co.il/professionals/%d7%a1%d7%a2%d7%93%d7%99%d7%94-%d7%a2%d7%9e%d7%99/,2026-06-01T19:13:50+00:00
nadlan_professional-sitemap2.xml,https://nad-lan.co.il/professionals/%d7%a0%d7%97%d7%9e%d7%99%d7%90%d7%a1-%d7%99%d7%95%d7%a1%d7%a3-%d7%99%d7%95%d7%a1%d7%99/,2026-06-01T19:13:50+00:00
nadlan_professional-sitemap2.xml,https://nad-lan.co.il/professionals/%d7%a1%d7%92%d7%9c-%d7%a2%d7%95%d7%a4%d7%a8%d7%99/,2026-06-01T19:13:51+00:00
nadlan_professional-sitemap2.xml,https://nad-lan.co.il/professionals/%d7%92%d7%95%d7%a4%d7%a8-%d7%92%d7%99%d7%9c/,2026-06-01T19:13:52+00:00
nadlan_professional-sitemap2.xml,https://nad-lan.co.il/professionals/%d7%91%d7%a8%d7%96%d7%99%d7%9c%d7%99-%d7%92%d7%95%d7%9c%d7%9f/,2026-06-01T19:13:53+00:00
nadlan_professional-sitemap2.xml,https://nad-lan.co.il/professionals/%d7%99%d7%a8%d7%a1%d7%a7%d7%99-%d7%92%d7%99%d7%90/,2026-06-01T19:13:54+00:00
nadlan_professional-sitemap2.xml,https://nad-lan.co.il/professionals/%d7%a7%d7%95%d7%a8%d7%9f-%d7%92%d7%91%d7%a8%d7%99%d7%90%d7%9c/,2026-06-01T19:13:54+00:00
nadlan_professional-sitemap2.xml,https://nad-lan.co.il/professionals/%d7%a8%d7%96-%d7%90%d7%95%d7%a8%d7%9f/,2026-06-01T19:13:55+00:00
nadlan_professional-sitemap2.xml,https://nad-lan.co.il/professionals/%d7%93%d7%95%d7%92%d7%94-%d7%92%d7%9c%d7%a2%d7%93/,2026-06-01T19:13:56+00:00
nadlan_professional-sitemap2.xml,https://nad-lan.co.il/professionals/%d7%a0%d7%aa%d7%9f-%d7%99%d7%95%d7%a1%d7%a3/,2026-06-01T19:13:57+00:00
nadlan_professional-sitemap2.xml,https://nad-lan.co.il/professionals/%d7%91%d7%a8-%d7%97%d7%9f-%d7%92%d7%99%d7%9c/,2026-06-01T19:13:58+00:00
nadlan_professional-sitemap2.xml,https://nad-lan.co.il/professionals/%d7%a4%d7%a8%d7%a5-%d7%92%d7%95%d7%9c%d7%9f/,2026-06-01T19:13:59+00:00
nadlan_professional-sitemap2.xml,https://nad-lan.co.il/professionals/%d7%90%d7%99%d7%91%d7%92%d7%99-%d7%90%d7%a9%d7%a8/,2026-06-01T19:14:00+00:00
nadlan_professional-sitemap2.xml,https://nad-lan.co.il/professionals/%d7%a2%d7%a0%d7%91%d7%a8-%d7%a8%d7%9d/,2026-06-01T19:14:01+00:00
nadlan_professional-sitemap2.xml,https://nad-lan.co.il/professionals/%d7%90%d7%98%d7%93%d7%92%d7%99-%d7%a2%d7%a8%d7%9f-%d7%9e%d7%99%d7%9b%d7%90%d7%9c/,2026-06-01T19:14:02+00:00
nadlan_professional-sitemap2.xml,https://nad-lan.co.il/professionals/%d7%91%d7%a8%d7%93%d7%94-%d7%90%d7%a8%d7%96/,2026-06-01T19:14:03+00:00
nadlan_professional-sitemap2.xml,https://nad-lan.co.il/professionals/%d7%92%d7%91%d7%90%d7%99-%d7%99%d7%a0%d7%99%d7%91/,2026-06-01T19:14:04+00:00
nadlan_professional-sitemap2.xml,https://nad-lan.co.il/professionals/%d7%90%d7%99%d7%9c%d7%95%d7%96-%d7%a9%d7%99/,2026-06-01T19:14:06+00:00
nadlan_professional-sitemap2.xml,https://nad-lan.co.il/professionals/%d7%93%d7%9e%d7%90%d7%99%d7%95-%d7%90%d7%9c%d7%a2%d7%93/,2026-06-01T19:14:07+00:00
nadlan_professional-sitemap2.xml,https://nad-lan.co.il/professionals/%d7%91%d7%9f-%d7%a0%d7%aa%d7%9f-%d7%a2%d7%9e%d7%99%d7%aa/,2026-06-01T19:14:08+00:00
nadlan_professional-sitemap2.xml,https://nad-lan.co.il/professionals/%d7%a9%d7%9e%d7%95%d7%90%d7%9c-%d7%a8%d7%9e%d7%99/,2026-06-01T19:14:09+00:00
nadlan_professional-sitemap2.xml,https://nad-lan.co.il/professionals/%d7%90%d7%99%d7%99%d7%9c-%d7%a9%d7%a8%d7%95%d7%9f/,2026-06-01T19:14:10+00:00
nadlan_professional-sitemap2.xml,https://nad-lan.co.il/professionals/%d7%9c%d7%95%d7%a4%d7%95-%d7%90%d7%a1%d7%99/,2026-06-01T19:14:10+00:00
nadlan_professional-sitemap2.xml,https://nad-lan.co.il/professionals/%d7%90%d7%91%d7%a8%d7%94%d7%9d-%d7%a8%d7%95%d7%a0%d7%9f/,2026-06-01T19:14:11+00:00
nadlan_professional-sitemap2.xml,https://nad-lan.co.il/professionals/%d7%a2%d7%96%d7%90%d7%99%d7%96%d7%94-%d7%90%d7%99%d7%9e%d7%9f/,2026-06-01T19:14:12+00:00
nadlan_professional-sitemap2.xml,https://nad-lan.co.il/professionals/%d7%97%d7%9c%d7%99%d7%9c-%d7%a4%d7%90%d7%a8%d7%a1/,2026-06-01T19:14:13+00:00
nadlan_professional-sitemap2.xml,https://nad-lan.co.il/professionals/%d7%90%d7%99%d7%95%d7%91-%d7%a1%d7%90%d7%94%d7%a8/,2026-06-01T19:14:14+00:00
nadlan_professional-sitemap2.xml,https://nad-lan.co.il/professionals/%d7%97%d7%93%d7%93-%d7%a2%d7%99%d7%93%d7%9f/,2026-06-01T19:14:14+00:00
nadlan_professional-sitemap2.xml,https://nad-lan.co.il/professionals/%d7%a9%d7%95%d7%90%d7%97-%d7%9e%d7%95%d7%a0%d7%99%d7%a8/,2026-06-01T19:14:15+00:00
nadlan_professional-sitemap2.xml,https://nad-lan.co.il/professionals/%d7%90%d7%a0%d7%a7%d7%90%d7%95%d7%94-%d7%99%d7%a6%d7%97%d7%a7/,2026-06-01T19:14:15+00:00
nadlan_professional-sitemap2.xml,https://nad-lan.co.il/professionals/%d7%a8%d7%99%d7%90%d7%9f-%d7%90%d7%99%d7%90%d7%93/,2026-06-01T19:14:16+00:00
nadlan_professional-sitemap2.xml,https://nad-lan.co.il/professionals/%d7%a4%d7%99%d7%98%d7%95%d7%a1%d7%99-%d7%90%d7%99%d7%aa%d7%9f/,2026-06-01T19:14:16+00:00
nadlan_professional-sitemap2.xml,https://nad-lan.co.il/professionals/%d7%93%d7%95%d7%90%d7%94%d7%93%d7%94-%d7%9e%d7%95%d7%97%d7%9e%d7%93/,2026-06-01T19:14:17+00:00
nadlan_professional-sitemap2.xml,https://nad-lan.co.il/professionals/%d7%91%d7%99%d7%98%d7%95%d7%9f-%d7%9e%d7%a9%d7%94/,2026-06-01T19:14:17+00:00
nadlan_professional-sitemap2.xml,https://nad-lan.co.il/professionals/%d7%90%d7%91%d7%95-%d7%a9%d7%a8%d7%a7%d7%99-%d7%a8%d7%90%d7%a0%d7%99/,2026-06-01T19:14:18+00:00
nadlan_professional-sitemap2.xml,https://nad-lan.co.il/professionals/%d7%a9%d7%a9%d7%95%d7%9f-%d7%a9%d7%99/,2026-06-01T19:14:18+00:00
nadlan_professional-sitemap2.xml,https://nad-lan.co.il/professionals/%d7%a1%d7%a2%d7%93%d7%94-%d7%90%d7%9e%d7%99%d7%a8/,2026-06-01T19:14:18+00:00
nadlan_professional-sitemap2.xml,https://nad-lan.co.il/professionals/%d7%a4%d7%9c%d7%90%d7%97-%d7%90%d7%a9%d7%a8%d7%a3/,2026-06-01T19:14:18+00:00
nadlan_professional-sitemap2.xml,https://nad-lan.co.il/professionals/%d7%90%d7%91%d7%95-%d7%a8%d7%99%d7%90-%d7%a1%d7%90%d7%9e%d7%a8/,2026-06-01T19:14:19+00:00
nadlan_professional-sitemap2.xml,https://nad-lan.co.il/professionals/%d7%a2%d7%95%d7%90%d7%95%d7%93%d7%94-%d7%9e%d7%95%d7%97%d7%9e%d7%93/,2026-06-01T19:14:19+00:00
nadlan_professional-sitemap2.xml,https://nad-lan.co.il/professionals/%d7%a9%d7%95%d7%a8%d7%a6%d7%91%d7%9c%d7%98-%d7%90%d7%95%d7%94%d7%93/,2026-06-01T19:14:19+00:00
nadlan_professional-sitemap2.xml,https://nad-lan.co.il/professionals/%d7%90%d7%a9%d7%a7%d7%a8-%d7%a0%d7%a1%d7%99%d7%9d/,2026-06-01T19:14:19+00:00
nadlan_professional-sitemap2.xml,https://nad-lan.co.il/professionals/%d7%a2%d7%aa%d7%90%d7%9e%d7%9c%d7%94-%d7%92%d7%9e%d7%90%d7%9c/,2026-06-01T19:14:20+00:00
nadlan_professional-sitemap2.xml,https://nad-lan.co.il/professionals/%d7%90%d7%a1%d7%a8%d7%a3-%d7%a9%d7%a8%d7%95%d7%9f/,2026-06-01T19:14:20+00:00
nadlan_professional-sitemap2.xml,https://nad-lan.co.il/professionals/%d7%92%d7%91%d7%90%d7%a8%d7%99%d7%9f-%d7%9e%d7%90%d7%92%d7%93/,2026-06-01T19:14:20+00:00
nadlan_professional-sitemap2.xml,https://nad-lan.co.il/professionals/%d7%9e%d7%97%d7%90%d7%9e%d7%99%d7%93-%d7%90%d7%97%d7%9e%d7%93/,2026-06-01T19:14:21+00:00
nadlan_professional-sitemap2.xml,https://nad-lan.co.il/professionals/%d7%a4%d7%a8%d7%96-%d7%99%d7%95%d7%a1%d7%99/,2026-06-01T19:14:21+00:00
nadlan_professional-sitemap2.xml,https://nad-lan.co.il/professionals/%d7%9e%d7%97%d7%90%d7%9e%d7%99%d7%93-%d7%90%d7%99%d7%9e%d7%9f/,2026-06-01T19:14:21+00:00
nadlan_professional-sitemap2.xml,https://nad-lan.co.il/professionals/%d7%9e%d7%92%d7%90%d7%a8%d7%91%d7%94-%d7%90%d7%9e%d7%92%d7%93/,2026-06-01T19:14:21+00:00
nadlan_professional-sitemap2.xml,https://nad-lan.co.il/professionals/%d7%a7%d7%91%d7%9c%d7%90%d7%9f-%d7%95%d7%99%d7%a1%d7%90%d7%9d/,2026-06-01T19:14:22+00:00
nadlan_professional-sitemap2.xml,https://nad-lan.co.il/professionals/%d7%99%d7%97%d7%96%d7%a7%d7%90%d7%9c-%d7%97%d7%99%d7%99%d7%9d/,2026-06-01T19:14:22+00:00
nadlan_professional-sitemap2.xml,https://nad-lan.co.il/professionals/%d7%90%d7%9c%d7%a4%d7%a8%d7%95%d7%91%d7%99%d7%a5-%d7%90%d7%a1%d7%a3/,2026-06-01T19:14:22+00:00
nadlan_professional-sitemap2.xml,https://nad-lan.co.il/professionals/%d7%93%d7%90%d7%95%d7%93-%d7%a0%d7%99%d7%93%d7%90%d7%9c/,2026-06-01T19:14:23+00:00
nadlan_professional-sitemap2.xml,https://nad-lan.co.il/professionals/%d7%9b%d7%94%d7%9f-%d7%90%d7%9e%d7%99%d7%a8-2/,2026-06-01T19:14:23+00:00
nadlan_professional-sitemap2.xml,https://nad-lan.co.il/professionals/%d7%9e%d7%97%d7%90%d7%92%d7%a0%d7%94-%d7%a0%d7%92%d7%90%d7%a8/,2026-06-01T19:14:23+00:00
nadlan_professional-sitemap2.xml,https://nad-lan.co.il/professionals/%d7%92%d7%93%d7%99%d7%90%d7%9f-%d7%99%d7%a2%d7%a7%d7%91/,2026-06-01T19:14:24+00:00
nadlan_professional-sitemap2.xml,https://nad-lan.co.il/professionals/%d7%a6%d7%93%d7%a7%d7%94-%d7%a6%d7%97%d7%99/,2026-06-01T19:14:24+00:00
nadlan_professional-sitemap2.xml,https://nad-lan.co.il/professionals/%d7%93%d7%a8%d7%90%d7%95%d7%a9%d7%94-%d7%9e%d7%95%d7%97%d7%9e%d7%93/,2026-06-01T19:14:24+00:00
nadlan_professional-sitemap2.xml,https://nad-lan.co.il/professionals/%d7%91%d7%9c%d7%95%d7%a7-%d7%a8%d7%99%d7%9e%d7%95%d7%a0%d7%93/,2026-06-01T19:14:25+00:00
nadlan_professional-sitemap2.xml,https://nad-lan.co.il/professionals/%d7%94%d7%95%d7%9b%d7%94%d7%95%d7%96%d7%a8-%d7%a8%d7%95%d7%a0%d7%9f/,2026-06-01T19:14:25+00:00
nadlan_professional-sitemap2.xml,https://nad-lan.co.il/professionals/%d7%99%d7%90%d7%a1%d7%99%d7%9f-%d7%90%d7%99%d7%90%d7%93/,2026-06-01T19:14:25+00:00
nadlan_professional-sitemap2.xml,https://nad-lan.co.il/professionals/%d7%a9%d7%9c%d7%a3-%d7%a2%d7%95%d7%93%d7%93/,2026-06-01T19:14:26+00:00
nadlan_professional-sitemap2.xml,https://nad-lan.co.il/professionals/%d7%92%d7%95%d7%9c%d7%9f-%d7%90%d7%a4%d7%a8%d7%99%d7%9d/,2026-06-01T19:14:26+00:00
nadlan_professional-sitemap2.xml,https://nad-lan.co.il/professionals/%d7%90%d7%91%d7%95-%d7%90%d7%9c-%d7%94%d7%99%d7%92%d7%90-%d7%a8%d7%90%d7%99%d7%93/,2026-06-01T19:14:26+00:00
nadlan_professional-sitemap2.xml,https://nad-lan.co.il/professionals/%d7%a9%d7%99%d7%9e%d7%97%d7%95%d7%9f-%d7%97%d7%99%d7%99%d7%9d/,2026-06-01T19:14:27+00:00
nadlan_professional-sitemap2.xml,https://nad-lan.co.il/professionals/%d7%91%d7%a1%d7%9c%d7%a8-%d7%91%d7%a0%d7%99/,2026-06-01T19:14:27+00:00
nadlan_professional-sitemap2.xml,https://nad-lan.co.il/professionals/%d7%a7%d7%a7%d7%95%d7%9f-%d7%97%d7%92%d7%99/,2026-06-01T19:14:27+00:00
nadlan_professional-sitemap2.xml,https://nad-lan.co.il/professionals/%d7%92%d7%a0%d7%90%d7%99%d7%99%d7%9d-%d7%9e%d7%a8%d7%95%d7%90%d7%9f/,2026-06-01T19:14:27+00:00
nadlan_professional-sitemap2.xml,https://nad-lan.co.il/professionals/%d7%90%d7%91%d7%95-%d7%a1%d7%95%d7%99%d7%9c%d7%9d-%d7%a1%d7%9e%d7%99%d7%a8/,2026-06-01T19:14:28+00:00
nadlan_professional-sitemap2.xml,https://nad-lan.co.il/professionals/%d7%93%d7%93%d7%95%d7%9f-%d7%91%d7%a0%d7%99/,2026-06-01T19:14:28+00:00
nadlan_professional-sitemap2.xml,https://nad-lan.co.il/professionals/%d7%a8%d7%92%d7%95%d7%90%d7%9f-%d7%90%d7%99%d7%99%d7%9c/,2026-06-01T19:14:28+00:00
nadlan_professional-sitemap2.xml,https://nad-lan.co.il/professionals/%d7%a0%d7%a2%d7%90%d7%9e%d7%a0%d7%94-%d7%a8%d7%91%d7%99%d7%a2-2/,2026-06-01T19:14:28+00:00
nadlan_professional-sitemap2.xml,https://nad-lan.co.il/professionals/%d7%90%d7%91%d7%95-%d7%a1%d7%95%d7%99%d7%a1-%d7%92%d7%9e%d7%99%d7%9c/,2026-06-01T19:14:29+00:00
nadlan_professional-sitemap2.xml,https://nad-lan.co.il/professionals/%d7%a8%d7%99%d7%96%d7%a7%d7%90%d7%9f-%d7%99%d7%a0%d7%99%d7%91/,2026-06-01T19:14:29+00:00
nadlan_professional-sitemap2.xml,https://nad-lan.co.il/professionals/%d7%a2%d7%99%d7%a1%d7%90-%d7%90%d7%a9%d7%a8%d7%a3/,2026-06-01T19:14:29+00:00
nadlan_professional-sitemap2.xml,https://nad-lan.co.il/professionals/%d7%a8%d7%97%d7%99%d7%9e%d7%99-%d7%99%d7%90%d7%99%d7%a8/,2026-06-01T19:14:30+00:00
nadlan_professional-sitemap2.xml,https://nad-lan.co.il/professionals/%d7%a7%d7%93%d7%97-%d7%97%d7%95%d7%a1%d7%90%d7%9d/,2026-06-01T19:14:30+00:00
nadlan_professional-sitemap2.xml,https://nad-lan.co.il/professionals/%d7%9e%d7%95%d7%a1%d7%90-%d7%9e%d7%90%d7%9e%d7%95%d7%9f/,2026-06-01T19:14:30+00:00
nadlan_professional-sitemap2.xml,https://nad-lan.co.il/professionals/%d7%92%d7%95%d7%a8-%d7%a2%d7%95%d7%9e%d7%a8%d7%99/,2026-06-01T19:14:31+00:00
nadlan_professional-sitemap2.xml,https://nad-lan.co.il/professionals/%d7%90%d7%a9%d7%a8%d7%a3-%d7%92%d7%91%d7%90%d7%a8%d7%99%d7%9f/,2026-06-01T19:14:31+00:00
nadlan_professional-sitemap2.xml,https://nad-lan.co.il/professionals/%d7%a1%d7%a7%d7%99%d7%a7-%d7%a2%d7%90%d7%9e%d7%a8/,2026-06-01T19:14:32+00:00
nadlan_professional-sitemap2.xml,https://nad-lan.co.il/professionals/%d7%96%d7%99%d7%9c%d7%91%d7%a8%d7%91%d7%a8%d7%92-%d7%92%d7%99%d7%9c/,2026-06-01T19:14:32+00:00
nadlan_professional-sitemap2.xml,https://nad-lan.co.il/professionals/%d7%9e%d7%97%d7%90%d7%9e%d7%99%d7%93-%d7%a2%d7%9e%d7%90%d7%93/,2026-06-01T19:14:32+00:00
nadlan_professional-sitemap2.xml,https://nad-lan.co.il/professionals/%d7%a0%d7%92%d7%9d-%d7%97%d7%90%d7%9c%d7%93/,2026-06-01T19:14:33+00:00
nadlan_professional-sitemap2.xml,https://nad-lan.co.il/professionals/%d7%a4%d7%90%d7%95%d7%95%d7%a7%d7%94-%d7%90%d7%95%d7%a1%d7%90%d7%9e%d7%94/,2026-06-01T19:14:33+00:00
nadlan_professional-sitemap2.xml,https://nad-lan.co.il/professionals/%d7%a9%d7%99-%d7%99%d7%a0%d7%99%d7%91/,2026-06-01T19:14:33+00:00
nadlan_professional-sitemap2.xml,https://nad-lan.co.il/professionals/%d7%98%d7%91%d7%90%d7%a9-%d7%a8%d7%99%d7%90%d7%93/,2026-06-01T19:14:33+00:00
nadlan_professional-sitemap2.xml,https://nad-lan.co.il/professionals/%d7%97%d7%92%d7%90%d7%92%d7%99-%d7%a1%d7%90%d7%93%d7%a7/,2026-06-01T19:14:34+00:00
nadlan_professional-sitemap2.xml,https://nad-lan.co.il/professionals/%d7%9b%d7%94%d7%9f-%d7%93%d7%a8%d7%95%d7%a8/,2026-06-01T19:14:34+00:00
nadlan_professional-sitemap2.xml,https://nad-lan.co.il/professionals/%d7%9b%d7%94%d7%9f-%d7%90%d7%99%d7%99%d7%9c/,2026-06-01T19:14:34+00:00
nadlan_professional-sitemap2.xml,https://nad-lan.co.il/professionals/%d7%90%d7%92%d7%91%d7%90%d7%a8%d7%99%d7%94-%d7%9e%d7%95%d7%97%d7%9e%d7%93-3/,2026-06-01T19:14:34+00:00
nadlan_professional-sitemap2.xml,https://nad-lan.co.il/professionals/%d7%91%d7%a1%d7%99%d7%a1-%d7%90%d7%99%d7%9e%d7%9f/,2026-06-01T19:14:35+00:00
nadlan_professional-sitemap2.xml,https://nad-lan.co.il/professionals/%d7%90%d7%9c%d7%99%d7%90%d7%a1%d7%99%d7%90%d7%9f-%d7%90%d7%99%d7%9c%d7%9f/,2026-06-01T19:14:35+00:00
nadlan_professional-sitemap2.xml,https://nad-lan.co.il/professionals/%d7%9e%d7%97%d7%90%d7%9e%d7%99%d7%93-%d7%9e%d7%95%d7%97%d7%9e%d7%93-2/,2026-06-01T19:14:35+00:00
nadlan_professional-sitemap2.xml,https://nad-lan.co.il/professionals/%d7%97%d7%90%d7%92-%d7%9e%d7%95%d7%97%d7%9e%d7%93/,2026-06-01T19:14:36+00:00
nadlan_professional-sitemap2.xml,https://nad-lan.co.il/professionals/%d7%91%d7%9f-%d7%a2%d7%9e%d7%99-%d7%a9%d7%92%d7%99%d7%91/,2026-06-01T19:14:36+00:00
nadlan_professional-sitemap2.xml,https://nad-lan.co.il/professionals/%d7%90%d7%9c%d7%97%d7%95%d7%aa-%d7%a8%d7%90%d7%a9%d7%93/,2026-06-01T19:14:36+00:00
nadlan_professional-sitemap2.xml,https://nad-lan.co.il/professionals/%d7%92%d7%a0%d7%90%d7%99%d7%9d-%d7%a8%d7%90%d7%9e%d7%99/,2026-06-01T19:14:37+00:00
nadlan_professional-sitemap2.xml,https://nad-lan.co.il/professionals/%d7%a1%d7%9c%d7%99%d7%9e%d7%90%d7%9f-%d7%a2%d7%9e%d7%90%d7%93/,2026-06-01T19:14:37+00:00
nadlan_professional-sitemap2.xml,https://nad-lan.co.il/professionals/%d7%90%d7%9e%d7%90%d7%a8%d7%94-%d7%90%d7%99%d7%9e%d7%9f/,2026-06-01T19:14:37+00:00
nadlan_professional-sitemap2.xml,https://nad-lan.co.il/professionals/%d7%9e%d7%a8%d7%95%d7%9f-%d7%a1%d7%9c%d7%99%d7%9e%d7%90%d7%9f/,2026-06-01T19:14:38+00:00
nadlan_professional-sitemap2.xml,https://nad-lan.co.il/professionals/%d7%a1%d7%9e%d7%90%d7%a8%d7%94-%d7%92%d7%95%d7%91%d7%a8%d7%90%d7%99%d7%9c/,2026-06-01T19:14:38+00:00
nadlan_professional-sitemap2.xml,https://nad-lan.co.il/professionals/%d7%a9%d7%92%d7%a8%d7%90%d7%95%d7%99-%d7%92%d7%99%d7%a8%d7%99%d7%a1/,2026-06-01T19:14:39+00:00
nadlan_professional-sitemap2.xml,https://nad-lan.co.il/professionals/%d7%91%d7%90%d7%91%d7%93-%d7%a9%d7%99-%d7%99%d7%94%d7%95%d7%a9%d7%a2-%d7%a9%d7%91%d7%aa%d7%90%d7%99/,2026-06-01T19:14:39+00:00
nadlan_professional-sitemap2.xml,https://nad-lan.co.il/professionals/%d7%97%d7%95%d7%90%d7%99%d7%98%d7%94-%d7%92%d7%90%d7%96%d7%99/,2026-06-01T19:14:39+00:00
nadlan_professional-sitemap2.xml,https://nad-lan.co.il/professionals/%d7%97%d7%92%d7%90%d7%96%d7%99-%d7%a2%d7%95%d7%9e%d7%a8/,2026-06-01T19:14:40+00:00
nadlan_professional-sitemap2.xml,https://nad-lan.co.il/professionals/%d7%97%d7%95%d7%a8%d7%99-%d7%a2%d7%9e%d7%90%d7%a8/,2026-06-01T19:14:40+00:00
nadlan_professional-sitemap2.xml,https://nad-lan.co.il/professionals/%d7%99%d7%95%d7%a0%d7%94-%d7%90%d7%99%d7%9c%d7%9f/,2026-06-01T19:14:40+00:00
nadlan_professional-sitemap2.xml,https://nad-lan.co.il/professionals/%d7%99%d7%90%d7%99%d7%a8-%d7%93%d7%9f-%d7%90%d7%9c%d7%99%d7%94%d7%95/,2026-06-01T19:14:40+00:00
nadlan_professional-sitemap2.xml,https://nad-lan.co.il/professionals/%d7%97%d7%a1%d7%9f-%d7%97%d7%90%d7%92%d7%99-%d7%a0%d7%99%d7%96%d7%90%d7%a8/,2026-06-01T19:14:40+00:00
nadlan_professional-sitemap2.xml,https://nad-lan.co.il/professionals/%d7%9e%d7%a1%d7%90%d7%9c%d7%97%d7%94-%d7%90%d7%9e%d7%92%d7%93/,2026-06-01T19:14:40+00:00
nadlan_professional-sitemap2.xml,https://nad-lan.co.il/professionals/%d7%9b%d7%a0%d7%a2%d7%9f-%d7%a4%d7%90%d7%93%d7%99/,2026-06-01T19:14:41+00:00
nadlan_professional-sitemap2.xml,https://nad-lan.co.il/professionals/%d7%a7%d7%9c%d7%99%d7%99%d7%9f-%d7%a0%d7%99%d7%a8/,2026-06-01T19:14:41+00:00
nadlan_professional-sitemap2.xml,https://nad-lan.co.il/professionals/%d7%90%d7%92%d7%91%d7%90%d7%a8%d7%99%d7%94-%d7%9b%d7%9e%d7%90%d7%9c-2/,2026-06-01T19:14:41+00:00
nadlan_professional-sitemap2.xml,https://nad-lan.co.il/professionals/%d7%97%d7%95%d7%92%d7%99%d7%a8%d7%90%d7%aa-%d7%93%d7%90%d7%95%d7%a3/,2026-06-01T19:14:42+00:00
nadlan_professional-sitemap2.xml,https://nad-lan.co.il/professionals/%d7%a7%d7%90%d7%a9%d7%99-%d7%93%d7%95%d7%93/,2026-06-01T19:14:42+00:00
nadlan_professional-sitemap2.xml,https://nad-lan.co.il/professionals/%d7%90%d7%a9%d7%a7%d7%a8-%d7%a2%d7%91%d7%90%d7%a1/,2026-06-01T19:14:42+00:00
nadlan_professional-sitemap2.xml,https://nad-lan.co.il/professionals/%d7%a2%d7%99%d7%90%d7%a9%d7%94-%d7%a2%d7%91%d7%93%d7%90%d7%9c%d7%9c%d7%94/,2026-06-01T19:14:43+00:00
nadlan_professional-sitemap2.xml,https://nad-lan.co.il/professionals/%d7%a8%d7%99%d7%a2%d7%a0%d7%99-%d7%94%d7%9c%d7%95%d7%99-%d7%aa%d7%9e%d7%99%d7%a8/,2026-06-01T19:14:43+00:00
nadlan_professional-sitemap2.xml,https://nad-lan.co.il/professionals/%d7%93%d7%a8%d7%90%d7%95%d7%a9%d7%94-%d7%a0%d7%96%d7%99%d7%94/,2026-06-01T19:14:43+00:00
nadlan_professional-sitemap2.xml,https://nad-lan.co.il/professionals/%d7%97%d7%98%d7%99%d7%91-%d7%a0%d7%a2%d7%99%d7%9d/,2026-06-01T19:14:44+00:00
nadlan_professional-sitemap2.xml,https://nad-lan.co.il/professionals/%d7%92%d7%91%d7%90%d7%99-%d7%90%d7%a8%d7%96/,2026-06-01T19:14:44+00:00
nadlan_professional-sitemap2.xml,https://nad-lan.co.il/professionals/%d7%9e%d7%97%d7%90%d7%9e%d7%99%d7%93-%d7%90%d7%99%d7%9e%d7%9f-2/,2026-06-01T19:14:44+00:00
nadlan_professional-sitemap2.xml,https://nad-lan.co.il/professionals/%d7%a4%d7%90%d7%a8%d7%a1-%d7%a2%d7%9e%d7%90%d7%93/,2026-06-01T19:14:45+00:00
nadlan_professional-sitemap2.xml,https://nad-lan.co.il/professionals/%d7%a2%d7%aa%d7%90%d7%9e%d7%a0%d7%94-%d7%95%d7%a1%d7%90%d7%9d/,2026-06-01T19:14:45+00:00
nadlan_professional-sitemap2.xml,https://nad-lan.co.il/professionals/%d7%97%d7%95%d7%a8%d7%a9-%d7%92%d7%99%d7%90/,2026-06-01T19:14:45+00:00
nadlan_professional-sitemap2.xml,https://nad-lan.co.il/professionals/%d7%90%d7%9c%d7%92%d7%95%d7%99-%d7%a6%d7%95%d7%a8/,2026-06-01T19:14:45+00:00
nadlan_professional-sitemap2.xml,https://nad-lan.co.il/professionals/%d7%a2%d7%95%d7%96%d7%99%d7%99%d7%a8%d7%99-%d7%90%d7%a9%d7%a8%d7%a3/,2026-06-01T19:14:45+00:00
nadlan_professional-sitemap2.xml,https://nad-lan.co.il/professionals/%d7%96%d7%95%d7%a2%d7%91%d7%99-%d7%a8%d7%99%d7%a4%d7%a2%d7%aa/,2026-06-01T19:14:45+00:00
nadlan_professional-sitemap2.xml,https://nad-lan.co.il/professionals/%d7%9b%d7%91%d7%94%d7%94-%d7%90%d7%91%d7%a8%d7%90%d7%94%d7%99%d7%9d/,2026-06-01T19:14:46+00:00
nadlan_professional-sitemap2.xml,https://nad-lan.co.il/professionals/%d7%a9%d7%90%d7%95%d7%9c-%d7%90%d7%a4%d7%a8%d7%99%d7%9d/,2026-06-01T19:14:46+00:00
nadlan_professional-sitemap2.xml,https://nad-lan.co.il/professionals/%d7%98%d7%90%d7%94%d7%90-%d7%a2%d7%9e%d7%90%d7%93/,2026-06-01T19:14:46+00:00
nadlan_professional-sitemap2.xml,https://nad-lan.co.il/professionals/%d7%90%d7%91%d7%95-%d7%a2%d7%9e%d7%90%d7%a8-%d7%95%d7%a1%d7%90%d7%9d/,2026-06-01T19:14:47+00:00
nadlan_professional-sitemap2.xml,https://nad-lan.co.il/professionals/%d7%9c%d7%a0%d7%92%d7%91%d7%99%d7%a5-%d7%a9%d7%97%d7%a8/,2026-06-01T19:14:47+00:00
nadlan_professional-sitemap2.xml,https://nad-lan.co.il/professionals/%d7%90%d7%9c%d7%9e%d7%9f-%d7%a8%d7%99%d7%93%d7%90%d7%9f/,2026-06-01T19:14:47+00:00
nadlan_professional-sitemap2.xml,https://nad-lan.co.il/professionals/%d7%99%d7%95%d7%a0%d7%a1-%d7%a2%d7%9e%d7%90%d7%93/,2026-06-01T19:14:48+00:00
nadlan_professional-sitemap2.xml,https://nad-lan.co.il/professionals/%d7%a0%d7%95%d7%a2%d7%9d-%d7%9e%d7%a9%d7%94/,2026-06-01T19:14:48+00:00
nadlan_professional-sitemap2.xml,https://nad-lan.co.il/professionals/%d7%97%d7%91%d7%99%d7%91-%d7%9b%d7%9e%d7%99%d7%9c/,2026-06-01T19:14:48+00:00
nadlan_professional-sitemap2.xml,https://nad-lan.co.il/professionals/%d7%a2%d7%95%d7%95%d7%93-%d7%92%d7%a2%d7%a4%d7%a8/,2026-06-01T19:14:49+00:00
nadlan_professional-sitemap2.xml,https://nad-lan.co.il/professionals/%d7%a9%d7%a8%d7%99%d7%9d-%d7%a2%d7%9e%d7%90%d7%93/,2026-06-01T19:14:49+00:00
nadlan_professional-sitemap2.xml,https://nad-lan.co.il/professionals/%d7%a2%d7%91%d7%93-%d7%90%d7%9c-%d7%a7%d7%90%d7%93%d7%a8-%d7%9e%d7%95%d7%a2%d7%aa%d7%a6%d7%9d/,2026-06-01T19:14:50+00:00
nadlan_professional-sitemap2.xml,https://nad-lan.co.il/professionals/%d7%a9%d7%99%d7%9a-%d7%a2%d7%91%d7%93-%d7%97%d7%93%d7%a8/,2026-06-01T19:14:51+00:00
nadlan_professional-sitemap2.xml,https://nad-lan.co.il/professionals/%d7%91%d7%99%d7%98%d7%95%d7%9f-%d7%9e%d7%a9%d7%94-2/,2026-06-01T19:14:51+00:00
nadlan_professional-sitemap2.xml,https://nad-lan.co.il/professionals/%d7%a8%d7%90%d7%91%d7%99-%d7%95%d7%99%d7%a1%d7%90%d7%9d/,2026-06-01T19:14:51+00:00
nadlan_professional-sitemap2.xml,https://nad-lan.co.il/professionals/%d7%99%d7%95%d7%a0%d7%a1-%d7%9e%d7%95%d7%97%d7%9e%d7%93/,2026-06-01T19:14:52+00:00
nadlan_professional-sitemap2.xml,https://nad-lan.co.il/professionals/%d7%97%d7%95%d7%a1%d7%99%d7%99%d7%9f-%d7%a1%d7%90%d7%94%d7%a8/,2026-06-01T19:14:52+00:00
nadlan_professional-sitemap2.xml,https://nad-lan.co.il/professionals/%d7%9e%d7%a6%d7%a8%d7%95%d7%95%d7%94-%d7%90%d7%a9%d7%a8%d7%a3/,2026-06-01T19:14:53+00:00
nadlan_professional-sitemap2.xml,https://nad-lan.co.il/professionals/%d7%a0%d7%a2%d7%90%d7%9e%d7%a0%d7%94-%d7%a0%d7%90%d7%a1%d7%a8/,2026-06-01T19:14:53+00:00
nadlan_professional-sitemap2.xml,https://nad-lan.co.il/professionals/%d7%92%d7%a0%d7%90%d7%99%d7%99%d7%9d-%d7%97%d7%90%d7%9c%d7%93/,2026-06-01T19:14:54+00:00
nadlan_professional-sitemap2.xml,https://nad-lan.co.il/professionals/%d7%90%d7%91%d7%95-%d7%91%d7%9b%d7%a8-%d7%97%d7%90%d7%9c%d7%93/,2026-06-01T19:14:54+00:00
nadlan_professional-sitemap2.xml,https://nad-lan.co.il/professionals/%d7%9c%d7%95%d7%9c%d7%95-%d7%a0%d7%99%d7%96%d7%90%d7%a8/,2026-06-01T19:14:54+00:00
nadlan_professional-sitemap2.xml,https://nad-lan.co.il/professionals/%d7%9e%d7%97%d7%90%d7%9e%d7%99%d7%93-%d7%99%d7%90%d7%a1%d7%a8/,2026-06-01T19:14:54+00:00
nadlan_professional-sitemap2.xml,https://nad-lan.co.il/professionals/%d7%90%d7%92%d7%91%d7%90%d7%a8%d7%99%d7%94-%d7%90%d7%a1%d7%9e%d7%90%d7%a2%d7%99%d7%9c/,2026-06-01T19:14:55+00:00
nadlan_professional-sitemap2.xml,https://nad-lan.co.il/professionals/%d7%97%d7%99%d7%a0%d7%90%d7%95%d7%99-%d7%94%d7%99%d7%9c%d7%90%d7%9c/,2026-06-01T19:14:55+00:00
nadlan_professional-sitemap2.xml,https://nad-lan.co.il/professionals/%d7%9e%d7%a1%d7%90%d7%a8%d7%95%d7%95%d7%94-%d7%a1%d7%9e%d7%99%d7%a8/,2026-06-01T19:14:55+00:00
nadlan_professional-sitemap2.xml,https://nad-lan.co.il/professionals/%d7%91%d7%95%d7%a7%d7%90%d7%a2%d7%99-%d7%a2%d7%9c%d7%99/,2026-06-01T19:14:56+00:00
nadlan_professional-sitemap2.xml,https://nad-lan.co.il/professionals/%d7%97%d7%95%d7%a1%d7%99%d7%99%d7%9f-%d7%94%d7%99%d7%aa%d7%9d/,2026-06-01T19:14:56+00:00
nadlan_professional-sitemap2.xml,https://nad-lan.co.il/professionals/%d7%a4%d7%a8%d7%97%d7%90%d7%aa-%d7%a2%d7%93%d7%a0%d7%90%d7%9f/,2026-06-01T19:14:56+00:00
nadlan_professional-sitemap2.xml,https://nad-lan.co.il/professionals/%d7%a2%d7%a1%d7%90%d7%a3-%d7%91%d7%90%d7%a1%d7%9d/,2026-06-01T19:14:57+00:00
nadlan_professional-sitemap2.xml,https://nad-lan.co.il/professionals/%d7%90%d7%92%d7%91%d7%90%d7%a8%d7%99%d7%94-%d7%9e%d7%95%d7%97%d7%9e%d7%93/,2026-06-01T19:14:57+00:00
nadlan_professional-sitemap2.xml,https://nad-lan.co.il/professionals/%d7%a2%d7%91%d7%93-%d7%90%d7%9c%d7%94%d7%90%d7%93%d7%99-%d7%9e%d7%95%d7%97%d7%9e%d7%93/,2026-06-01T19:14:57+00:00
nadlan_professional-sitemap2.xml,https://nad-lan.co.il/professionals/%d7%a4%d7%a8%d7%97%d7%90%d7%aa-%d7%97%d7%9e%d7%96%d7%94/,2026-06-01T19:14:57+00:00
nadlan_professional-sitemap2.xml,https://nad-lan.co.il/professionals/%d7%90%d7%91%d7%a8%d7%90%d7%94%d7%99%d7%9d-%d7%92%d7%99%d7%94%d7%90%d7%93/,2026-06-01T19:14:57+00:00
nadlan_professional-sitemap2.xml,https://nad-lan.co.il/professionals/%d7%a1%d7%95%d7%90%d7%a2%d7%93-%d7%9e%d7%97%d7%9e%d7%95%d7%93/,2026-06-01T19:14:58+00:00
nadlan_professional-sitemap2.xml,https://nad-lan.co.il/professionals/%d7%a9%d7%90%d7%a2%d7%a8-%d7%9e%d7%92%d7%93%d7%99/,2026-06-01T19:14:58+00:00
nadlan_professional-sitemap2.xml,https://nad-lan.co.il/professionals/%d7%a6%d7%91%d7%99%d7%97%d7%90%d7%aa-%d7%99%d7%95%d7%a1%d7%a3/,2026-06-01T19:14:58+00:00
nadlan_professional-sitemap2.xml,https://nad-lan.co.il/professionals/%d7%90%d7%95%d7%a8%d7%a4%d7%9c%d7%99-%d7%92%d7%91%d7%99/,2026-06-01T19:14:58+00:00
nadlan_professional-sitemap2.xml,https://nad-lan.co.il/professionals/%d7%98%d7%a8%d7%91%d7%99%d7%94-%d7%99%d7%95%d7%a1%d7%a3/,2026-06-01T19:14:59+00:00
nadlan_professional-sitemap2.xml,https://nad-lan.co.il/professionals/%d7%92%d7%91%d7%90%d7%a8%d7%99%d7%9f-%d7%a0%d7%99%d7%96%d7%90%d7%a8/,2026-06-01T19:14:59+00:00
nadlan_professional-sitemap2.xml,https://nad-lan.co.il/professionals/%d7%90%d7%91%d7%a8%d7%90%d7%94%d7%99%d7%9d-%d7%9e%d7%95%d7%a0%d7%93%d7%a8/,2026-06-01T19:14:59+00:00
nadlan_professional-sitemap2.xml,https://nad-lan.co.il/professionals/%d7%96%d7%95%d7%a2%d7%91%d7%99-%d7%9e%d7%a8%d7%95%d7%90%d7%9f/,2026-06-01T19:15:00+00:00
nadlan_professional-sitemap2.xml,https://nad-lan.co.il/professionals/%d7%9e%d7%a0%d7%a1%d7%95%d7%a8-%d7%9e%d7%97%d7%9e%d7%95%d7%93/,2026-06-01T19:15:00+00:00
nadlan_professional-sitemap2.xml,https://nad-lan.co.il/professionals/%d7%90%d7%91%d7%95-%d7%a1%d7%a2%d7%93%d7%94-%d7%97%d7%a1%d7%9f/,2026-06-01T19:15:00+00:00
nadlan_professional-sitemap2.xml,https://nad-lan.co.il/professionals/%d7%90%d7%91%d7%95-%d7%a0%d7%90%d7%92%d7%99-%d7%90%d7%95%d7%a1%d7%90%d7%9e%d7%94/,2026-06-01T19:15:01+00:00
nadlan_professional-sitemap2.xml,https://nad-lan.co.il/professionals/%d7%a1%d7%a8%d7%97%d7%90%d7%9f-%d7%a9%d7%95%d7%9b%d7%a8%d7%99/,2026-06-01T19:15:01+00:00
nadlan_professional-sitemap2.xml,https://nad-lan.co.il/professionals/%d7%a4%d7%97%d7%a8-%d7%90%d7%9c%d7%93%d7%99%d7%9f-%d7%90%d7%97%d7%a1%d7%90%d7%9f/,2026-06-01T19:15:01+00:00
nadlan_professional-sitemap2.xml,https://nad-lan.co.il/professionals/%d7%a0%d7%a1%d7%90%d7%a1%d7%a8%d7%94-%d7%90%d7%97%d7%9e%d7%93/,2026-06-01T19:15:01+00:00
nadlan_professional-sitemap2.xml,https://nad-lan.co.il/professionals/%d7%9e%d7%97%d7%90%d7%9e%d7%99%d7%93-%d7%a2%d7%91%d7%93/,2026-06-01T19:15:02+00:00
nadlan_professional-sitemap2.xml,https://nad-lan.co.il/professionals/%d7%a4%d7%9c%d7%90%d7%97-%d7%a8%d7%90%d7%99%d7%93/,2026-06-01T19:15:02+00:00
nadlan_professional-sitemap2.xml,https://nad-lan.co.il/professionals/%d7%91%d7%93%d7%a8-%d7%a9%d7%90%d7%93%d7%99/,2026-06-01T19:15:02+00:00
nadlan_professional-sitemap2.xml,https://nad-lan.co.il/professionals/%d7%97%d7%99%d7%a8%d7%90%d7%9c%d7%9c%d7%94-%d7%90%d7%a1%d7%93/,2026-06-01T19:15:03+00:00
nadlan_professional-sitemap2.xml,https://nad-lan.co.il/professionals/%d7%a7%d7%90%d7%a1%d7%9d-%d7%93%d7%99%d7%90/,2026-06-01T19:15:03+00:00
nadlan_professional-sitemap2.xml,https://nad-lan.co.il/professionals/%d7%92%d7%90%d7%95%d7%95%d7%99-%d7%92%d7%95%d7%9e%d7%a2%d7%94/,2026-06-01T19:15:03+00:00
nadlan_professional-sitemap2.xml,https://nad-lan.co.il/professionals/%d7%90%d7%91%d7%95-%d7%92%d7%95%d7%a9-%d7%a2%d7%91%d7%93-%d7%90%d7%9c-%d7%9b%d7%a8%d7%99%d7%9d/,2026-06-01T19:15:04+00:00
nadlan_professional-sitemap2.xml,https://nad-lan.co.il/professionals/%d7%a2%d7%95%d7%a1%d7%9e%d7%90%d7%9f-%d7%90%d7%97%d7%9e%d7%93/,2026-06-01T19:15:05+00:00
nadlan_professional-sitemap2.xml,https://nad-lan.co.il/professionals/%d7%90%d7%91%d7%95-%d7%a2%d7%a8%d7%a7%d7%95%d7%91-%d7%97%d7%9e%d7%93/,2026-06-01T19:15:05+00:00
nadlan_professional-sitemap2.xml,https://nad-lan.co.il/professionals/%d7%97%d7%9e%d7%95%d7%93-%d7%99%d7%90%d7%a1%d7%a8/,2026-06-01T19:15:06+00:00
nadlan_professional-sitemap2.xml,https://nad-lan.co.il/professionals/%d7%9e%d7%9c%d7%97%d7%9d-%d7%a1%d7%90%d7%94%d7%a8/,2026-06-01T19:15:06+00:00
nadlan_professional-sitemap2.xml,https://nad-lan.co.il/professionals/%d7%9b%d7%99%d7%95%d7%90%d7%9f-%d7%a1%d7%90%d7%9c%d7%97/,2026-06-01T19:15:06+00:00
nadlan_professional-sitemap2.xml,https://nad-lan.co.il/professionals/%d7%a1%d7%90%d7%9c%d7%97-%d7%9e%d7%95%d7%97%d7%9e%d7%93/,2026-06-01T19:15:06+00:00
nadlan_professional-sitemap2.xml,https://nad-lan.co.il/professionals/%d7%a1%d7%90%d7%a8%d7%92%d7%99-%d7%a8%d7%90%d7%9e%d7%96/,2026-06-01T19:15:07+00:00
nadlan_professional-sitemap2.xml,https://nad-lan.co.il/professionals/%d7%90%d7%91%d7%95-%d7%a1%d7%a2%d7%99%d7%93-%d7%a2%d7%90%d7%95%d7%a0%d7%99/,2026-06-01T19:15:07+00:00
nadlan_professional-sitemap2.xml,https://nad-lan.co.il/professionals/%d7%93%d7%94%d7%90%d7%9e%d7%a9%d7%94-%d7%9e%d7%95%d7%97%d7%9e%d7%93/,2026-06-01T19:15:08+00:00
nadlan_professional-sitemap2.xml,https://nad-lan.co.il/professionals/%d7%a1%d7%9c%d7%90%d7%9e%d7%94-%d7%92%d7%9e%d7%90%d7%9c/,2026-06-01T19:15:08+00:00
nadlan_professional-sitemap2.xml,https://nad-lan.co.il/professionals/%d7%a2%d7%96%d7%99%d7%96%d7%94-%d7%a9%d7%a4%d7%99%d7%a7/,2026-06-01T19:15:09+00:00
nadlan_professional-sitemap2.xml,https://nad-lan.co.il/professionals/%d7%93%d7%a8%d7%91%d7%90%d7%a9%d7%99-%d7%9e%d7%95%d7%a1%d7%98%d7%a4%d7%90/,2026-06-01T19:15:09+00:00
nadlan_professional-sitemap2.xml,https://nad-lan.co.il/professionals/%d7%a1%d7%9c%d7%98%d7%99-%d7%a0%d7%90%d7%a1%d7%a8/,2026-06-01T19:15:10+00:00
nadlan_professional-sitemap2.xml,https://nad-lan.co.il/professionals/%d7%90%d7%9c-%d7%a9%d7%9e%d7%90%d7%9c%d7%99-%d7%a1%d7%9e%d7%99%d7%97/,2026-06-01T19:15:10+00:00
nadlan_professional-sitemap2.xml,https://nad-lan.co.il/professionals/%d7%9e%d7%a8%d7%95%d7%90%d7%aa-%d7%9e%d7%95%d7%97%d7%9e%d7%93/,2026-06-01T19:15:11+00:00
nadlan_professional-sitemap2.xml,https://nad-lan.co.il/professionals/%d7%92%d7%91%d7%90%d7%a8%d7%99%d7%9f-%d7%94%d7%9e%d7%90%d7%9d/,2026-06-01T19:15:12+00:00
nadlan_professional-sitemap2.xml,https://nad-lan.co.il/professionals/%d7%90%d7%92%d7%91%d7%90%d7%a8%d7%99%d7%94-%d7%a2%d7%90%d7%95%d7%a0%d7%99/,2026-06-01T19:15:13+00:00
nadlan_professional-sitemap2.xml,https://nad-lan.co.il/professionals/%d7%a9%d7%9e%d7%a8%d7%95%d7%9a-%d7%a1%d7%90%d7%9c%d7%97/,2026-06-01T19:15:13+00:00
nadlan_professional-sitemap2.xml,https://nad-lan.co.il/professionals/%d7%9e%d7%97%d7%90%d7%92%d7%a0%d7%94-%d7%a4%d7%90%d7%a8%d7%a1/,2026-06-01T19:15:14+00:00
nadlan_professional-sitemap2.xml,https://nad-lan.co.il/professionals/%d7%a9%d7%97%d7%90%d7%93%d7%94-%d7%a4%d7%90%d7%95%d7%96%d7%99/,2026-06-01T19:15:14+00:00
nadlan_professional-sitemap2.xml,https://nad-lan.co.il/professionals/%d7%a2%d7%91%d7%93-%d7%90%d7%9c%d7%94%d7%90%d7%93%d7%99/,2026-06-01T19:15:15+00:00
nadlan_professional-sitemap2.xml,https://nad-lan.co.il/professionals/%d7%a0%d7%92%d7%90%d7%a8%d7%94-%d7%9e%d7%95%d7%90%d7%99%d7%93/,2026-06-01T19:15:15+00:00
nadlan_professional-sitemap2.xml,https://nad-lan.co.il/professionals/%d7%90%d7%91%d7%95-%d7%90%d7%9c-%d7%97%d7%95%d7%a3-%d7%a2%d7%9c%d7%90/,2026-06-01T19:15:16+00:00
nadlan_professional-sitemap2.xml,https://nad-lan.co.il/professionals/%d7%9e%d7%97%d7%90%d7%9e%d7%99%d7%93-%d7%a1%d7%9e%d7%99%d7%a8-%d7%90%d7%97%d7%9e%d7%93/,2026-06-01T19:15:16+00:00
nadlan_professional-sitemap2.xml,https://nad-lan.co.il/professionals/%d7%9c%d7%95%d7%a4%d7%95-%d7%90%d7%a1%d7%a3-%d7%99%d7%95%d7%a1%d7%a3/,2026-06-01T19:15:17+00:00
nadlan_professional-sitemap2.xml,https://nad-lan.co.il/professionals/%d7%90%d7%92%d7%91%d7%90%d7%a8%d7%99%d7%94-%d7%a1%d7%90%d7%99%d7%93-%d7%90%d7%a9%d7%a8%d7%a3/,2026-06-01T19:15:17+00:00
nadlan_professional-sitemap2.xml,https://nad-lan.co.il/professionals/%d7%91%d7%93%d7%90%d7%a8%d7%a0%d7%94-%d7%a2%d7%91%d7%93-%d7%90%d7%9c-%d7%a8%d7%90%d7%95%d7%a3/,2026-06-01T19:15:17+00:00
nadlan_professional-sitemap2.xml,https://nad-lan.co.il/professionals/%d7%a9%d7%99%d7%91%d7%9c%d7%99-%d7%91%d7%a9%d7%99%d7%a8/,2026-06-01T19:23:35+00:00
nadlan_professional-sitemap2.xml,https://nad-lan.co.il/professionals/%d7%96%d7%95%d7%a2%d7%91%d7%99-%d7%90%d7%97%d7%9e%d7%93/,2026-06-01T19:23:36+00:00
nadlan_professional-sitemap2.xml,https://nad-lan.co.il/professionals/%d7%98%d7%90%d7%94%d7%90-%d7%90%d7%9e%d7%99%d7%9f-2/,2026-06-01T19:23:37+00:00
nadlan_professional-sitemap2.xml,https://nad-lan.co.il/professionals/%d7%93%d7%97%d7%9c%d7%94-%d7%94%d7%99%d7%aa%d7%9d/,2026-06-01T19:23:38+00:00
nadlan_professional-sitemap2.xml,https://nad-lan.co.il/professionals/%d7%97%d7%95%d7%a1%d7%99%d7%99%d7%9f-%d7%a0%d7%a1%d7%a8%d7%99/,2026-06-01T19:23:39+00:00
nadlan_professional-sitemap2.xml,https://nad-lan.co.il/professionals/%d7%a1%d7%9b%d7%a8%d7%90%d7%9f-%d7%90%d7%99%d7%94%d7%90%d7%91/,2026-06-01T19:23:40+00:00
nadlan_professional-sitemap2.xml,https://nad-lan.co.il/professionals/%d7%92%d7%a8%d7%90%d7%93%d7%90%d7%aa-%d7%a2%d7%99%d7%a1%d7%90%d7%9d/,2026-06-01T19:23:41+00:00
nadlan_professional-sitemap2.xml,https://nad-lan.co.il/professionals/%d7%97%d7%95%d7%90%d7%99%d7%98%d7%94-%d7%a2%d7%90%d7%9e%d7%a8/,2026-06-01T19:23:42+00:00
nadlan_professional-sitemap2.xml,https://nad-lan.co.il/professionals/%d7%90%d7%9e%d7%90%d7%a8%d7%94-%d7%92%d7%9e%d7%90%d7%9c/,2026-06-01T19:23:43+00:00
nadlan_professional-sitemap2.xml,https://nad-lan.co.il/professionals/%d7%a2%d7%95%d7%90%d7%95%d7%93%d7%94-%d7%a2%d7%9e%d7%90%d7%a8/,2026-06-01T19:23:44+00:00
nadlan_professional-sitemap2.xml,https://nad-lan.co.il/professionals/%d7%93%d7%a8%d7%90%d7%95%d7%a9%d7%94-%d7%9e%d7%95%d7%97%d7%9e%d7%93-2/,2026-06-01T19:23:45+00:00
nadlan_professional-sitemap2.xml,https://nad-lan.co.il/professionals/%d7%9e%d7%92%d7%90%d7%a8%d7%91%d7%94-%d7%9e%d7%90%d7%92%d7%99%d7%93/,2026-06-01T19:23:46+00:00
nadlan_professional-sitemap2.xml,https://nad-lan.co.il/professionals/%d7%9e%d7%95%d7%a7%d7%98%d7%a8%d7%9f-%d7%91%d7%94%d7%90/,2026-06-01T19:23:46+00:00
nadlan_professional-sitemap2.xml,https://nad-lan.co.il/professionals/%d7%97%d7%99%d7%9c%d7%a3-%d7%a0%d7%90%d7%92%d7%99/,2026-06-01T19:23:47+00:00
nadlan_professional-sitemap2.xml,https://nad-lan.co.il/professionals/%d7%a2%d7%99%d7%93-%d7%a1%d7%95%d7%a0%d7%90%d7%99/,2026-06-01T19:23:48+00:00
nadlan_professional-sitemap2.xml,https://nad-lan.co.il/professionals/%d7%a2%d7%90%d7%9c%d7%9d-%d7%a4%d7%93%d7%9c/,2026-06-01T19:23:49+00:00
nadlan_professional-sitemap2.xml,https://nad-lan.co.il/professionals/%d7%9e%d7%a1%d7%a8%d7%99-%d7%9e%d7%97%d7%9e%d7%95%d7%93/,2026-06-01T19:23:50+00:00
nadlan_professional-sitemap2.xml,https://nad-lan.co.il/professionals/%d7%a7%d7%91%d7%94%d7%90-%d7%a2%d7%9c%d7%99/,2026-06-01T19:23:51+00:00
nadlan_professional-sitemap2.xml,https://nad-lan.co.il/professionals/%d7%90%d7%91%d7%95%d7%90%d7%a8%d7%a7%d7%99%d7%94-%d7%90%d7%99%d7%99%d7%9e%d7%9f/,2026-06-01T19:23:52+00:00
nadlan_professional-sitemap2.xml,https://nad-lan.co.il/professionals/%d7%90%d7%a8%d7%a7%d7%99%d7%99%d7%94-%d7%a7%d7%99%d7%a1%d7%a8/,2026-06-01T19:23:53+00:00
nadlan_professional-sitemap2.xml,https://nad-lan.co.il/professionals/%d7%9c%d7%93%d7%90%d7%95%d7%99-%d7%9e%d7%95%d7%97%d7%9e%d7%93/,2026-06-01T19:23:54+00:00
nadlan_professional-sitemap2.xml,https://nad-lan.co.il/professionals/%d7%9e%d7%97%d7%90%d7%9e%d7%99%d7%93-%d7%92%d7%a2%d7%a4%d7%a8/,2026-06-01T19:23:54+00:00
nadlan_professional-sitemap2.xml,https://nad-lan.co.il/professionals/%d7%97%d7%9c%d7%99%d7%9c-%d7%96%d7%9b%d7%a8%d7%99%d7%90/,2026-06-01T19:23:55+00:00
nadlan_professional-sitemap2.xml,https://nad-lan.co.il/professionals/%d7%90%d7%91%d7%95-%d7%92%d7%96%d7%90%d7%9c%d7%94-%d7%a4%d7%a7%d7%99%d7%94/,2026-06-01T19:23:56+00:00
nadlan_professional-sitemap2.xml,https://nad-lan.co.il/professionals/%d7%90%d7%91%d7%95-%d7%9b%d7%a3-%d7%97%d7%90%d7%9c%d7%93/,2026-06-01T19:23:57+00:00
nadlan_professional-sitemap2.xml,https://nad-lan.co.il/professionals/%d7%97%d7%90%d7%92-%d7%99%d7%97%d7%99%d7%90-%d7%9e%d7%95%d7%a8%d7%90%d7%93/,2026-06-01T19:23:58+00:00
nadlan_professional-sitemap2.xml,https://nad-lan.co.il/professionals/%d7%a8%d7%90%d7%91%d7%95%d7%a1-%d7%a2%d7%91%d7%93-%d7%90%d7%9c-%d7%a8%d7%97%d7%9e%d7%90%d7%9f/,2026-06-01T19:23:59+00:00
nadlan_professional-sitemap2.xml,https://nad-lan.co.il/professionals/%d7%a7%d7%90%d7%a1%d7%9d-%d7%a2%d7%91%d7%93/,2026-06-01T19:23:59+00:00
nadlan_professional-sitemap2.xml,https://nad-lan.co.il/professionals/%d7%99%d7%95%d7%a1%d7%a3-%d7%a1%d7%90%d7%94%d7%a8/,2026-06-01T19:24:00+00:00
nadlan_professional-sitemap2.xml,https://nad-lan.co.il/professionals/%d7%9e%d7%97%d7%90%d7%9e%d7%99%d7%93-%d7%a1%d7%9c%d7%90%d7%9d/,2026-06-01T19:24:01+00:00
nadlan_professional-sitemap2.xml,https://nad-lan.co.il/professionals/%d7%90%d7%92%d7%91%d7%90%d7%a8%d7%99%d7%94-%d7%9e%d7%95%d7%97%d7%9e%d7%93-4/,2026-06-01T19:24:02+00:00
nadlan_professional-sitemap2.xml,https://nad-lan.co.il/professionals/%d7%9e%d7%97%d7%90%d7%9e%d7%99%d7%93-%d7%a2%d7%99%d7%a1%d7%90/,2026-06-01T19:24:03+00:00
nadlan_professional-sitemap2.xml,https://nad-lan.co.il/professionals/%d7%99%d7%90%d7%a1%d7%99%d7%9f-%d7%92%d7%9e%d7%90%d7%9c/,2026-06-01T19:24:04+00:00
nadlan_professional-sitemap2.xml,https://nad-lan.co.il/professionals/%d7%90%d7%91%d7%95-%d7%a8%d7%a2%d7%93-%d7%9e%d7%97%d7%90%d7%92%d7%99%d7%a0%d7%94-%d7%a0%d7%90%d7%93%d7%a8/,2026-06-01T19:24:05+00:00
nadlan_professional-sitemap2.xml,https://nad-lan.co.il/professionals/%d7%96%d7%95%d7%a2%d7%91%d7%99-%d7%a8%d7%90%d7%99%d7%a3-2/,2026-06-01T19:24:06+00:00
nadlan_professional-sitemap2.xml,https://nad-lan.co.il/professionals/%d7%93%d7%94%d7%90%d7%9e%d7%a9%d7%94-%d7%90%d7%99%d7%94%d7%90%d7%91/,2026-06-01T19:24:07+00:00
nadlan_professional-sitemap2.xml,https://nad-lan.co.il/professionals/%d7%90%d7%91%d7%95-%d7%a0%d7%90%d7%92%d7%99-%d7%a1%d7%90%d7%9e%d7%a8/,2026-06-01T19:24:08+00:00
nadlan_professional-sitemap2.xml,https://nad-lan.co.il/professionals/%d7%97%d7%93%d7%90%d7%93-%d7%a1%d7%9e%d7%99%d7%a8/,2026-06-01T19:24:09+00:00
nadlan_professional-sitemap2.xml,https://nad-lan.co.il/professionals/%d7%90%d7%92%d7%91%d7%90%d7%a8%d7%99%d7%94-%d7%a2%d7%93%d7%a0%d7%90%d7%9f/,2026-06-01T19:24:10+00:00
nadlan_professional-sitemap2.xml,https://nad-lan.co.il/professionals/%d7%a4%d7%95%d7%93%d7%99-%d7%94%d7%99%d7%9c%d7%90%d7%9c/,2026-06-01T19:24:10+00:00
nadlan_professional-sitemap2.xml,https://nad-lan.co.il/professionals/%d7%97%d7%95%d7%a1%d7%99%d7%9f-%d7%97%d7%90%d7%9c%d7%93/,2026-06-01T19:24:11+00:00
nadlan_professional-sitemap2.xml,https://nad-lan.co.il/professionals/%d7%a7%d7%96%d7%9e%d7%90%d7%a8-%d7%9c%d7%95%d7%90%d7%99/,2026-06-01T19:24:12+00:00
nadlan_professional-sitemap2.xml,https://nad-lan.co.il/professionals/%d7%92%d7%95%d7%93%d7%99-%d7%9e%d7%92%d7%93%d7%99/,2026-06-01T19:24:13+00:00
nadlan_professional-sitemap2.xml,https://nad-lan.co.il/professionals/%d7%91%d7%93%d7%99%d7%a8-%d7%90%d7%97%d7%a1%d7%90%d7%9f/,2026-06-01T19:24:14+00:00
nadlan_professional-sitemap2.xml,https://nad-lan.co.il/professionals/%d7%98%d7%95%d7%99%d7%9c-%d7%a0%d7%91%d7%94%d7%90%d7%9f/,2026-06-01T19:24:15+00:00
nadlan_professional-sitemap2.xml,https://nad-lan.co.il/professionals/%d7%aa%d7%9b%d7%a8%d7%95%d7%a8%d7%99-%d7%99%d7%95%d7%a0%d7%a1/,2026-06-01T19:24:16+00:00
nadlan_professional-sitemap2.xml,https://nad-lan.co.il/professionals/%d7%a1%d7%95%d7%9c%d7%98%d7%90%d7%9f-%d7%97%d7%90%d7%9c%d7%93/,2026-06-01T19:24:17+00:00
nadlan_professional-sitemap2.xml,https://nad-lan.co.il/professionals/%d7%93%d7%a2%d7%90%d7%a1-%d7%90%d7%97%d7%9e%d7%93/,2026-06-01T19:24:18+00:00
nadlan_professional-sitemap2.xml,https://nad-lan.co.il/professionals/%d7%9e%d7%a6%d7%90%d7%a8%d7%95%d7%95%d7%94-%d7%a8%d7%95%d7%a0%d7%99/,2026-06-01T19:24:19+00:00
nadlan_professional-sitemap2.xml,https://nad-lan.co.il/professionals/%d7%90%d7%a1%d7%93%d7%99-%d7%99%d7%95%d7%a1%d7%a3/,2026-06-01T19:24:20+00:00
nadlan_professional-sitemap2.xml,https://nad-lan.co.il/professionals/%d7%90%d7%91%d7%95-%d7%a2%d7%9e%d7%90%d7%a8-%d7%a4%d7%95%d7%90%d7%93/,2026-06-01T19:24:21+00:00
nadlan_professional-sitemap2.xml,https://nad-lan.co.il/professionals/%d7%91%d7%93%d7%a8%d7%90%d7%a0%d7%94-%d7%92%d7%9e%d7%90%d7%9c/,2026-06-01T19:24:22+00:00
nadlan_professional-sitemap2.xml,https://nad-lan.co.il/professionals/%d7%9e%d7%94%d7%a0%d7%90-%d7%a1%d7%9e%d7%99%d7%a8/,2026-06-01T19:24:23+00:00
nadlan_professional-sitemap2.xml,https://nad-lan.co.il/professionals/%d7%a2%d7%9b%d7%a8%d7%99%d7%99%d7%94-%d7%a9%d7%a8%d7%99%d7%a3/,2026-06-01T19:24:24+00:00
nadlan_professional-sitemap2.xml,https://nad-lan.co.il/professionals/%d7%a2%d7%a8%d7%9e%d7%95%d7%a9-%d7%98%d7%90%d7%a8%d7%a7/,2026-06-01T19:24:24+00:00
nadlan_professional-sitemap2.xml,https://nad-lan.co.il/professionals/%d7%a0%d7%a1%d7%a8%d7%90%d7%9c%d7%93%d7%99%d7%9f-%d7%9e%d7%95%d7%a0%d7%99%d7%a8/,2026-06-01T19:24:25+00:00
nadlan_professional-sitemap2.xml,https://nad-lan.co.il/professionals/%d7%97%d7%9e%d7%95%d7%93-%d7%90%d7%9e%d7%99%d7%9f/,2026-06-01T19:24:26+00:00
nadlan_professional-sitemap2.xml,https://nad-lan.co.il/professionals/%d7%97%d7%90%d7%92-%d7%99%d7%97%d7%99%d7%90-%d7%92%d7%95%d7%90%d7%93/,2026-06-01T19:24:27+00:00
nadlan_professional-sitemap2.xml,https://nad-lan.co.il/professionals/%d7%92%d7%91%d7%90%d7%a8%d7%94-%d7%9e%d7%a8%d7%95%d7%90%d7%9f/,2026-06-01T19:24:28+00:00
nadlan_professional-sitemap2.xml,https://nad-lan.co.il/professionals/%d7%a2%d7%a8%d7%90%d7%a8-%d7%95%d7%94%d7%90%d7%91%d7%99/,2026-06-01T19:24:29+00:00
nadlan_professional-sitemap2.xml,https://nad-lan.co.il/professionals/%d7%a2%d7%99%d7%a8%d7%90%d7%a7%d7%99-%d7%90%d7%97%d7%9e%d7%93/,2026-06-01T19:24:30+00:00
nadlan_professional-sitemap2.xml,https://nad-lan.co.il/professionals/%d7%97%d7%92-%d7%99%d7%97%d7%99%d7%90-%d7%a2-%d7%90%d7%9c%d7%a7%d7%90%d7%93%d7%a8/,2026-06-01T19:24:31+00:00
nadlan_professional-sitemap2.xml,https://nad-lan.co.il/professionals/%d7%a2%d7%a8%d7%90%d7%a7%d7%99-%d7%a1%d7%90%d7%9e%d7%a8/,2026-06-01T19:24:32+00:00
nadlan_professional-sitemap2.xml,https://nad-lan.co.il/professionals/%d7%a2%d7%91%d7%93-%d7%90%d7%9c-%d7%a7%d7%90%d7%93%d7%a8-%d7%91%d7%95%d7%a8%d7%94%d7%90%d7%9f/,2026-06-01T19:24:33+00:00
nadlan_professional-sitemap2.xml,https://nad-lan.co.il/professionals/%d7%91%d7%a9%d7%99%d7%a8-%d7%94%d7%a9%d7%90%d7%9d/,2026-06-01T19:24:34+00:00
nadlan_professional-sitemap2.xml,https://nad-lan.co.il/professionals/%d7%a0%d7%90%d7%a1%d7%a8-%d7%9e%d7%a8%d7%95%d7%90%d7%9f/,2026-06-01T19:24:35+00:00
nadlan_professional-sitemap2.xml,https://nad-lan.co.il/professionals/%d7%a7%d7%99%d7%a1-%d7%a9%d7%90%d7%93%d7%99/,2026-06-01T19:24:36+00:00
nadlan_professional-sitemap2.xml,https://nad-lan.co.il/professionals/%d7%a1%d7%92%d7%99%d7%99%d7%a8-%d7%99%d7%95%d7%a1%d7%a3/,2026-06-01T19:24:36+00:00
nadlan_professional-sitemap2.xml,https://nad-lan.co.il/professionals/%d7%90%d7%a1%d7%93%d7%99-%d7%a0%d7%90%d7%a1%d7%a8/,2026-06-01T19:24:37+00:00
nadlan_professional-sitemap2.xml,https://nad-lan.co.il/professionals/%d7%9e%d7%97%d7%90%d7%9e%d7%99%d7%93-%d7%a8%d7%99%d7%90%d7%93/,2026-06-01T19:24:38+00:00
nadlan_professional-sitemap2.xml,https://nad-lan.co.il/professionals/%d7%96%d7%a8%d7%99%d7%a7%d7%90%d7%aa-%d7%a0%d7%99%d7%96%d7%90%d7%a8/,2026-06-01T19:24:39+00:00
nadlan_professional-sitemap2.xml,https://nad-lan.co.il/professionals/%d7%90%d7%91%d7%95-%d7%a0%d7%90%d7%92%d7%99-%d7%a1%d7%9c%d7%99%d7%9e%d7%90%d7%9f/,2026-06-01T19:24:40+00:00
nadlan_professional-sitemap2.xml,https://nad-lan.co.il/professionals/%d7%a2%d7%95%d7%99%d7%99%d7%93-%d7%a0%d7%99%d7%9e%d7%a8/,2026-06-01T19:24:41+00:00
nadlan_professional-sitemap2.xml,https://nad-lan.co.il/professionals/%d7%a2%d7%91%d7%95%d7%93-%d7%90%d7%99%d7%90%d7%93/,2026-06-01T19:24:42+00:00
nadlan_professional-sitemap2.xml,https://nad-lan.co.il/professionals/%d7%9e%d7%a1%d7%99%d7%a1-%d7%a2%d7%96%d7%9e%d7%99/,2026-06-01T19:24:42+00:00
nadlan_professional-sitemap2.xml,https://nad-lan.co.il/professionals/%d7%9b%d7%99%d7%9c%d7%90%d7%a0%d7%99-%d7%9e%d7%97%d7%9e%d7%95%d7%93/,2026-06-01T19:24:44+00:00
nadlan_professional-sitemap2.xml,https://nad-lan.co.il/professionals/%d7%99%d7%90%d7%a1%d7%99%d7%9f-%d7%90%d7%99%d7%9e%d7%9f/,2026-06-01T19:24:45+00:00
nadlan_professional-sitemap2.xml,https://nad-lan.co.il/professionals/%d7%90%d7%91%d7%95-%d7%9c%d7%99%d7%9c-%d7%9e%d7%97%d7%9e%d7%95%d7%93/,2026-06-01T19:24:45+00:00
nadlan_professional-sitemap2.xml,https://nad-lan.co.il/professionals/%d7%a9%d7%95%d7%9e%d7%a8-%d7%90%d7%a0%d7%94%d7%9c/,2026-06-01T19:24:46+00:00
nadlan_professional-sitemap2.xml,https://nad-lan.co.il/professionals/%d7%a9%d7%99%d7%91%d7%9c%d7%99-%d7%a4%d7%90%d7%aa%d7%a7/,2026-06-01T19:24:47+00:00
nadlan_professional-sitemap2.xml,https://nad-lan.co.il/professionals/%d7%90%d7%91%d7%95-%d7%a8%d7%90%d7%a1-%d7%aa%d7%90%d7%95%d7%a4%d7%99%d7%a7/,2026-06-01T19:24:48+00:00
nadlan_professional-sitemap2.xml,https://nad-lan.co.il/professionals/%d7%a2%d7%98%d7%99%d7%99%d7%94-%d7%90%d7%91%d7%a8%d7%90%d7%94%d7%99%d7%9d/,2026-06-01T19:24:49+00:00
nadlan_professional-sitemap2.xml,https://nad-lan.co.il/professionals/%d7%97%d7%9c%d7%91%d7%99-%d7%91%d7%90%d7%a1%d7%9d/,2026-06-01T19:24:50+00:00
nadlan_professional-sitemap2.xml,https://nad-lan.co.il/professionals/%d7%a7%d7%93%d7%95%d7%a8%d7%94-%d7%99%d7%90%d7%a1%d7%a8/,2026-06-01T19:24:50+00:00
nadlan_professional-sitemap2.xml,https://nad-lan.co.il/professionals/%d7%a2%d7%91%d7%93-%d7%90%d7%9c-%d7%a4%d7%aa%d7%90%d7%97-%d7%99%d7%96%d7%99%d7%93/,2026-06-01T19:24:51+00:00
nadlan_professional-sitemap2.xml,https://nad-lan.co.il/professionals/%d7%90%d7%91%d7%95-%d7%92%d7%a8%d7%a8%d7%94-%d7%99%d7%95%d7%a0%d7%a1/,2026-06-01T19:24:52+00:00
nadlan_professional-sitemap2.xml,https://nad-lan.co.il/professionals/%d7%90%d7%91%d7%95-%d7%a1%d7%95%d7%99%d7%a1-%d7%a2%d7%98%d7%95%d7%95%d7%94/,2026-06-01T19:24:53+00:00
nadlan_professional-sitemap2.xml,https://nad-lan.co.il/professionals/%d7%92%d7%a0%d7%90%d7%99%d7%9d-%d7%a9%d7%a8%d7%90%d7%a2/,2026-06-01T19:24:54+00:00
nadlan_professional-sitemap2.xml,https://nad-lan.co.il/professionals/%d7%90%d7%9c%d7%96%d7%99%d7%a8-%d7%a2%d7%91%d7%93%d7%90%d7%9c%d7%9c%d7%94/,2026-06-01T19:24:55+00:00
nadlan_professional-sitemap2.xml,https://nad-lan.co.il/professionals/%d7%97%d7%95%d7%a1%d7%99%d7%9f-%d7%a0%d7%93%d7%90%d7%9c/,2026-06-01T19:24:56+00:00
nadlan_professional-sitemap2.xml,https://nad-lan.co.il/professionals/%d7%97%d7%95%d7%a1%d7%99%d7%9f-%d7%90%d7%99%d7%90%d7%93/,2026-06-01T19:24:57+00:00
nadlan_professional-sitemap2.xml,https://nad-lan.co.il/professionals/%d7%9b%d7%91%d7%94%d7%90-%d7%9e%d7%95%d7%a0%d7%92%d7%93/,2026-06-01T19:24:58+00:00
nadlan_professional-sitemap2.xml,https://nad-lan.co.il/professionals/%d7%9e%d7%95%d7%90%d7%a1%d7%99-%d7%9e%d7%a8%d7%95%d7%90%d7%9f/,2026-06-01T19:24:58+00:00
nadlan_professional-sitemap2.xml,https://nad-lan.co.il/professionals/%d7%91%d7%99%d7%90%d7%93%d7%a1%d7%94-%d7%a0%d7%90%d7%a1%d7%a8/,2026-06-01T19:24:59+00:00
nadlan_professional-sitemap2.xml,https://nad-lan.co.il/professionals/%d7%90%d7%91%d7%95-%d7%90%d7%a8%d7%a7%d7%99%d7%94-%d7%9e%d7%95%d7%97%d7%9e%d7%93/,2026-06-01T19:25:00+00:00
nadlan_professional-sitemap2.xml,https://nad-lan.co.il/professionals/%d7%a2%d7%a7%d7%9c-%d7%96%d7%99%d7%90%d7%93/,2026-06-01T19:25:01+00:00
nadlan_professional-sitemap2.xml,https://nad-lan.co.il/professionals/%d7%90%d7%91%d7%95-%d7%a2%d7%98%d7%90-%d7%97%d7%91%d7%99%d7%91/,2026-06-01T19:25:02+00:00
nadlan_professional-sitemap2.xml,https://nad-lan.co.il/professionals/%d7%a2%d7%91%d7%95%d7%93-%d7%92%d7%95%d7%9f/,2026-06-01T19:25:03+00:00
nadlan_professional-sitemap2.xml,https://nad-lan.co.il/professionals/%d7%93%d7%99%d7%90%d7%91-%d7%99%d7%95%d7%a1%d7%a3/,2026-06-01T19:25:04+00:00
nadlan_professional-sitemap2.xml,https://nad-lan.co.il/professionals/%d7%9e%d7%97%d7%90%d7%9e%d7%99%d7%93-%d7%a2%d7%91%d7%93-%d7%90%d7%9c%d7%9e%d7%95%d7%a0%d7%a2%d7%9d/,2026-06-01T19:25:05+00:00
nadlan_professional-sitemap2.xml,https://nad-lan.co.il/professionals/%d7%92%d7%91%d7%90%d7%a8%d7%99%d7%9f-%d7%a4%d7%99%d7%a0%d7%90%d7%9f/,2026-06-01T19:25:06+00:00
nadlan_professional-sitemap2.xml,https://nad-lan.co.il/professionals/%d7%9e%d7%97%d7%90%d7%9e%d7%99%d7%93-%d7%a4%d7%99%d7%90%d7%93/,2026-06-01T19:25:06+00:00
nadlan_professional-sitemap2.xml,https://nad-lan.co.il/professionals/%d7%9c%d7%97%d7%90%d7%9d-%d7%a8%d7%90%d7%9e%d7%99/,2026-06-01T19:25:09+00:00
nadlan_professional-sitemap2.xml,https://nad-lan.co.il/professionals/%d7%a1%d7%9c%d7%99%d7%9e%d7%90%d7%9f-%d7%9e%d7%97%d7%9e%d7%95%d7%93/,2026-06-01T19:25:10+00:00
nadlan_professional-sitemap2.xml,https://nad-lan.co.il/professionals/%d7%a9%d7%9c%d7%90%d7%91%d7%a0%d7%94-%d7%a0%d7%9e%d7%a8%d7%95%d7%93/,2026-06-01T19:25:11+00:00
nadlan_professional-sitemap2.xml,https://nad-lan.co.il/professionals/%d7%a9%d7%9c%d7%91%d7%99-%d7%90%d7%95%d7%a1%d7%90%d7%9e%d7%94/,2026-06-01T19:25:12+00:00
nadlan_professional-sitemap2.xml,https://nad-lan.co.il/professionals/%d7%a4%d7%97%d7%a8%d7%90%d7%9c%d7%93%d7%99%d7%9f-%d7%a1%d7%9e%d7%99%d7%97/,2026-06-01T19:25:13+00:00
nadlan_professional-sitemap2.xml,https://nad-lan.co.il/professionals/%d7%a0%d7%90%d7%a1%d7%a8-%d7%90%d7%9c%d7%93%d7%99%d7%9f-%d7%9b%d7%a8%d7%9e%d7%99/,2026-06-01T19:25:14+00:00
nadlan_professional-sitemap2.xml,https://nad-lan.co.il/professionals/%d7%92%d7%95%d7%96%d7%9c%d7%9f-%d7%90%d7%91%d7%99%d7%97%d7%99/,2026-06-01T19:25:15+00:00
nadlan_professional-sitemap2.xml,https://nad-lan.co.il/professionals/%d7%a7%d7%a8%d7%99%d7%a0%d7%90%d7%95%d7%99-%d7%9e%d7%9e%d7%93%d7%95%d7%97/,2026-06-01T19:25:16+00:00
nadlan_professional-sitemap2.xml,https://nad-lan.co.il/professionals/%d7%90%d7%91%d7%95-%d7%a1%d7%9e%d7%97%d7%90%d7%9f-%d7%a9%d7%a8%d7%99%d7%a3/,2026-06-01T19:25:17+00:00
nadlan_professional-sitemap2.xml,https://nad-lan.co.il/professionals/%d7%a9%d7%95%d7%a9%d7%a0%d7%94-%d7%90%d7%91%d7%a8%d7%94%d7%9d/,2026-06-01T19:25:18+00:00
nadlan_professional-sitemap2.xml,https://nad-lan.co.il/professionals/%d7%9b%d7%94%d7%9f-%d7%90%d7%99%d7%9c/,2026-06-01T19:25:19+00:00
nadlan_professional-sitemap2.xml,https://nad-lan.co.il/professionals/%d7%91%d7%9f-%d7%a9%d7%91%d7%aa-%d7%98%d7%9c/,2026-06-01T19:25:20+00:00
nadlan_professional-sitemap2.xml,https://nad-lan.co.il/professionals/%d7%a6%d7%93%d7%95%d7%a7-%d7%9c%d7%99%d7%90%d7%95%d7%a8/,2026-06-01T19:25:21+00:00
nadlan_professional-sitemap2.xml,https://nad-lan.co.il/professionals/%d7%a4%d7%aa%d7%99%d7%97%d7%94-%d7%a0%d7%aa%d7%9f/,2026-06-01T19:25:22+00:00
nadlan_professional-sitemap2.xml,https://nad-lan.co.il/professionals/%d7%93%d7%a8%d7%95%d7%99%d7%a9-%d7%9e%d7%95%d7%97%d7%9e%d7%93/,2026-06-01T19:25:24+00:00
nadlan_professional-sitemap2.xml,https://nad-lan.co.il/professionals/%d7%9e%d7%92%d7%93%d7%95%d7%91-%d7%97%d7%a1%d7%9f/,2026-06-01T19:25:24+00:00
nadlan_professional-sitemap2.xml,https://nad-lan.co.il/professionals/%d7%90%d7%95%d7%97%d7%99%d7%95%d7%9f-%d7%99%d7%95%d7%a1%d7%99/,2026-06-01T19:25:25+00:00
nadlan_professional-sitemap2.xml,https://nad-lan.co.il/professionals/%d7%a9%d7%98%d7%99%d7%99%d7%9e%d7%9f-%d7%90%d7%91%d7%99%d7%97%d7%99/,2026-06-01T19:25:26+00:00
nadlan_professional-sitemap2.xml,https://nad-lan.co.il/professionals/%d7%a4%d7%a8%d7%a5-%d7%a1%d7%93%d7%99/,2026-06-01T19:25:27+00:00
nadlan_professional-sitemap2.xml,https://nad-lan.co.il/professionals/%d7%98%d7%a0%d7%92%d7%99-%d7%9e%d7%90%d7%99%d7%a8-%d7%99%d7%a2%d7%a7%d7%91/,2026-06-01T19:25:28+00:00
nadlan_professional-sitemap2.xml,https://nad-lan.co.il/professionals/%d7%9e%d7%95%d7%a8%d7%90%d7%93-%d7%9e%d7%97%d7%9e%d7%93/,2026-06-01T19:25:29+00:00
nadlan_professional-sitemap2.xml,https://nad-lan.co.il/professionals/%d7%97%d7%9e%d7%99%d7%93-%d7%9e%d7%95%d7%97%d7%9e%d7%93/,2026-06-01T19:25:30+00:00
nadlan_professional-sitemap2.xml,https://nad-lan.co.il/professionals/%d7%a9%d7%97%d7%90%d7%93%d7%94-%d7%97%d7%a1%d7%9f/,2026-06-01T19:25:31+00:00
nadlan_professional-sitemap2.xml,https://nad-lan.co.il/professionals/%d7%92%d7%91%d7%90%d7%a8%d7%99%d7%9f-%d7%91%d7%94%d7%90/,2026-06-01T19:25:32+00:00
nadlan_professional-sitemap2.xml,https://nad-lan.co.il/professionals/%d7%9e%d7%95%d7%a8%d7%94-%d7%90%d7%9e%d7%99%d7%a8/,2026-06-01T19:25:32+00:00
nadlan_professional-sitemap2.xml,https://nad-lan.co.il/professionals/%d7%90%d7%91%d7%95-%d7%a2%d7%98%d7%90-%d7%90%d7%91%d7%a8%d7%94%d7%99%d7%9d/,2026-06-01T19:25:33+00:00
nadlan_professional-sitemap2.xml,https://nad-lan.co.il/professionals/%d7%a9%d7%aa%d7%99%d7%99%d7%95%d7%99-%d7%90%d7%a0%d7%95%d7%95%d7%a8/,2026-06-01T19:25:34+00:00
nadlan_professional-sitemap2.xml,https://nad-lan.co.il/professionals/%d7%90%d7%91%d7%95-%d7%a2%d7%99%d7%90%d7%a9-%d7%9e%d7%95%d7%97%d7%9e%d7%93/,2026-06-01T19:25:35+00:00
nadlan_professional-sitemap2.xml,https://nad-lan.co.il/professionals/%d7%94%d7%99%d7%91%d7%99-%d7%97%d7%9e%d7%96%d7%94/,2026-06-01T19:25:36+00:00
nadlan_professional-sitemap2.xml,https://nad-lan.co.il/professionals/%d7%91%d7%a6%d7%9c%d7%90%d7%9c-%d7%90%d7%99%d7%aa%d7%99/,2026-06-01T19:25:37+00:00
nadlan_professional-sitemap2.xml,https://nad-lan.co.il/professionals/%d7%a1%d7%a8%d7%a1%d7%95%d7%a8-%d7%a2%d7%91%d7%93%d7%90%d7%9c%d7%9c%d7%94/,2026-06-01T19:25:38+00:00
nadlan_professional-sitemap2.xml,https://nad-lan.co.il/professionals/%d7%9e%d7%95%d7%a7%d7%98%d7%a8%d7%9f-%d7%90%d7%97%d7%9e%d7%93/,2026-06-01T19:25:39+00:00
nadlan_professional-sitemap2.xml,https://nad-lan.co.il/professionals/%d7%93%d7%95%d7%93-%d7%99%d7%95%d7%a1%d7%a3/,2026-06-01T19:25:40+00:00
nadlan_professional-sitemap2.xml,https://nad-lan.co.il/professionals/%d7%92%d7%91%d7%90%d7%a8%d7%99%d7%9f-%d7%90%d7%97%d7%9e%d7%93-2/,2026-06-01T19:25:40+00:00
nadlan_professional-sitemap2.xml,https://nad-lan.co.il/professionals/%d7%97%d7%99%d7%99%d7%9e%d7%95%d7%91-%d7%93%d7%95%d7%93/,2026-06-01T19:25:41+00:00
nadlan_professional-sitemap2.xml,https://nad-lan.co.il/professionals/%d7%a0%d7%97-%d7%97%d7%a0%d7%95%d7%9a/,2026-06-01T19:25:42+00:00
nadlan_professional-sitemap2.xml,https://nad-lan.co.il/professionals/%d7%91%d7%a0%d7%a2%d7%99%d7%95%d7%9f-%d7%99%d7%a2%d7%a7%d7%91/,2026-06-01T19:25:43+00:00
nadlan_professional-sitemap2.xml,https://nad-lan.co.il/professionals/%d7%91%d7%99%d7%98%d7%95%d7%9f-%d7%a6%d7%99%d7%95%d7%9f/,2026-06-01T19:25:44+00:00
nadlan_professional-sitemap2.xml,https://nad-lan.co.il/professionals/%d7%a9%d7%98%d7%99%d7%99%d7%a0%d7%91%d7%a8%d7%92-%d7%95%d7%99%d7%a7%d7%98%d7%95%d7%a8/,2026-06-01T19:25:45+00:00
nadlan_professional-sitemap2.xml,https://nad-lan.co.il/professionals/%d7%9c%d7%95%d7%99-%d7%93%d7%95%d7%93/,2026-06-01T19:25:46+00:00
nadlan_professional-sitemap2.xml,https://nad-lan.co.il/professionals/%d7%a7%d7%93%d7%95%d7%a9-%d7%a9%d7%9e%d7%a2%d7%95%d7%9f/,2026-06-01T19:25:47+00:00
nadlan_professional-sitemap2.xml,https://nad-lan.co.il/professionals/%d7%92%d7%9c%d7%a2%d7%93-%d7%93%d7%91/,2026-06-01T19:25:48+00:00
nadlan_professional-sitemap2.xml,https://nad-lan.co.il/professionals/%d7%90%d7%9e%d7%a1%d7%99%d7%9c%d7%99-%d7%99%d7%95%d7%a1%d7%a3/,2026-06-01T19:25:49+00:00
nadlan_professional-sitemap2.xml,https://nad-lan.co.il/professionals/%d7%97%d7%96%d7%9f-%d7%94%d7%a8%d7%a6%d7%9c/,2026-06-01T19:25:50+00:00
nadlan_professional-sitemap2.xml,https://nad-lan.co.il/professionals/%d7%9c%d7%95%d7%99-%d7%93%d7%a0%d7%99%d7%90%d7%9c-2/,2026-06-01T19:25:51+00:00
nadlan_professional-sitemap2.xml,https://nad-lan.co.il/professionals/%d7%90%d7%93%d7%a8%d7%99-%d7%a2%d7%9e%d7%a8%d7%9d/,2026-06-01T19:25:51+00:00
nadlan_professional-sitemap2.xml,https://nad-lan.co.il/professionals/%d7%9b%d7%94%d7%9f-%d7%9e%d7%a8%d7%93%d7%9b%d7%99/,2026-06-01T19:25:52+00:00
nadlan_professional-sitemap2.xml,https://nad-lan.co.il/professionals/%d7%9c%d7%95%d7%92%d7%a1%d7%99-%d7%9e%d7%a7%d7%a1%d7%99%d7%9d/,2026-06-01T19:25:53+00:00
nadlan_professional-sitemap2.xml,https://nad-lan.co.il/professionals/%d7%93%d7%a8%d7%99%d7%a7%d7%a1-%d7%95%d7%99%d7%98%d7%95%d7%a8%d7%99%d7%95/,2026-06-01T19:25:54+00:00
nadlan_professional-sitemap2.xml,https://nad-lan.co.il/professionals/%d7%97%d7%96%d7%9f-%d7%99%d7%95%d7%a1%d7%99/,2026-06-01T19:25:55+00:00
nadlan_professional-sitemap2.xml,https://nad-lan.co.il/professionals/%d7%97%d7%96%d7%9f-%d7%a8%d7%a4%d7%90%d7%9c/,2026-06-01T19:25:56+00:00
nadlan_professional-sitemap2.xml,https://nad-lan.co.il/professionals/%d7%91%d7%9f-%d7%97%d7%9e%d7%95-%d7%a9%d7%9e%d7%95%d7%90%d7%9c/,2026-06-01T19:25:57+00:00
nadlan_professional-sitemap2.xml,https://nad-lan.co.il/professionals/%d7%9b%d7%95%d7%9b%d7%91%d7%90-%d7%90%d7%9e%d7%99%d7%a8/,2026-06-01T19:25:58+00:00
nadlan_professional-sitemap2.xml,https://nad-lan.co.il/professionals/%d7%94%d7%9c%d7%9e%d7%9f-%d7%90%d7%99%d7%aa%d7%9f/,2026-06-01T19:25:59+00:00
nadlan_professional-sitemap2.xml,https://nad-lan.co.il/professionals/%d7%a2%d7%9e%d7%99%d7%a8-%d7%90%d7%99%d7%99%d7%9c/,2026-06-01T19:25:59+00:00
nadlan_professional-sitemap2.xml,https://nad-lan.co.il/professionals/%d7%a9%d7%a0%d7%99%d7%a8-%d7%a9%d7%99/,2026-06-01T19:26:00+00:00
nadlan_professional-sitemap2.xml,https://nad-lan.co.il/professionals/%d7%92%d7%a8%d7%99%d7%a0%d7%91%d7%a8%d7%92-%d7%a9%d7%a0%d7%99%d7%90%d7%95%d7%a8-%d7%96%d7%9c%d7%9e%d7%9f/,2026-06-01T19:26:01+00:00
nadlan_professional-sitemap2.xml,https://nad-lan.co.il/professionals/%d7%9c%d7%95%d7%99-%d7%9e%d7%a9%d7%94-2/,2026-06-01T19:26:02+00:00
nadlan_professional-sitemap2.xml,https://nad-lan.co.il/professionals/%d7%93%d7%95%d7%90%d7%a0%d7%99-%d7%93%d7%95%d7%93/,2026-06-01T19:26:03+00:00
nadlan_professional-sitemap2.xml,https://nad-lan.co.il/professionals/%d7%91%d7%a8%d7%96%d7%a1%d7%a7%d7%99-%d7%92%d7%9c-%d7%9e%d7%a8%d7%93%d7%9b%d7%99/,2026-06-01T19:26:04+00:00
nadlan_professional-sitemap2.xml,https://nad-lan.co.il/professionals/%d7%91%d7%9f-%d7%a9%d7%91%d7%aa-%d7%92%d7%a7%d7%99-%d7%99%d7%a6%d7%97%d7%a7/,2026-06-01T19:26:05+00:00
nadlan_professional-sitemap2.xml,https://nad-lan.co.il/professionals/%d7%9e%d7%96%d7%95%d7%96-%d7%90%d7%9c%d7%99/,2026-06-01T19:26:06+00:00
nadlan_professional-sitemap2.xml,https://nad-lan.co.il/professionals/%d7%96%d7%a8%d7%99%d7%94%d7%9d-%d7%9e%d7%90%d7%99%d7%a8/,2026-06-01T19:26:07+00:00
nadlan_professional-sitemap2.xml,https://nad-lan.co.il/professionals/%d7%9c%d7%95%d7%a4%d7%95-%d7%90%d7%a1%d7%a3-%d7%99%d7%95%d7%a1%d7%a3-2/,2026-06-01T19:26:08+00:00
nadlan_professional-sitemap2.xml,https://nad-lan.co.il/professionals/%d7%9c%d7%96%d7%a8%d7%99%d7%90%d7%9f-%d7%99%d7%90%d7%99%d7%a8/,2026-06-01T19:26:09+00:00
nadlan_professional-sitemap2.xml,https://nad-lan.co.il/professionals/%d7%97%d7%93%d7%93-%d7%90%d7%9c%d7%a7%d7%a0%d7%94/,2026-06-01T19:26:10+00:00
nadlan_professional-sitemap2.xml,https://nad-lan.co.il/professionals/%d7%92%d7%9e%d7%a8%d7%a1%d7%a0%d7%99-%d7%90%d7%91%d7%99-%d7%90%d7%9c%d7%91%d7%a8%d7%98/,2026-06-01T19:26:11+00:00
nadlan_professional-sitemap2.xml,https://nad-lan.co.il/professionals/%d7%a7%d7%9e%d7%97%d7%99-%d7%99%d7%95%d7%a1%d7%a3/,2026-06-01T19:26:14+00:00
nadlan_professional-sitemap2.xml,https://nad-lan.co.il/professionals/%d7%a8%d7%93%d7%a2%d7%99-%d7%90%d7%91%d7%a8%d7%94%d7%9d-%d7%a9%d7%97%d7%a8/,2026-06-01T19:26:15+00:00
nadlan_professional-sitemap2.xml,https://nad-lan.co.il/professionals/%d7%a9%d7%a2%d7%a8-%d7%90%d7%a8%d7%99%d7%90%d7%9c/,2026-06-01T19:26:16+00:00
nadlan_professional-sitemap2.xml,https://nad-lan.co.il/professionals/%d7%97%d7%96%d7%9f-%d7%90%d7%91%d7%99/,2026-06-01T19:26:17+00:00
nadlan_professional-sitemap2.xml,https://nad-lan.co.il/professionals/%d7%a9%d7%98%d7%a8%d7%99%d7%aa-%d7%a9%d7%9c%d7%9e%d7%94/,2026-06-01T19:26:18+00:00
nadlan_professional-sitemap2.xml,https://nad-lan.co.il/professionals/%d7%98%d7%91%d7%a0%d7%a7%d7%99%d7%9f-%d7%90%d7%95%d7%a8%d7%9f/,2026-06-01T19:26:19+00:00
nadlan_professional-sitemap2.xml,https://nad-lan.co.il/professionals/%d7%92%d7%90%d7%a9%d7%99-%d7%90%d7%99%d7%aa%d7%9f/,2026-06-01T19:26:19+00:00
nadlan_professional-sitemap2.xml,https://nad-lan.co.il/professionals/%d7%a2%d7%98%d7%a8-%d7%90%d7%95%d7%a8%d7%99/,2026-06-01T19:26:20+00:00
nadlan_professional-sitemap2.xml,https://nad-lan.co.il/professionals/%d7%91%d7%99%d7%a8%d7%a0%d7%91%d7%90%d7%95%d7%9d-%d7%93%d7%a8%d7%95%d7%a8/,2026-06-01T19:26:21+00:00
nadlan_professional-sitemap2.xml,https://nad-lan.co.il/professionals/%d7%a8%d7%96-%d7%90%d7%95%d7%a8%d7%9f-2/,2026-06-01T19:26:22+00:00
nadlan_professional-sitemap2.xml,https://nad-lan.co.il/professionals/%d7%94%d7%95%d7%a9%d7%99%d7%90%d7%a8-%d7%90%d7%91%d7%99/,2026-06-01T19:26:23+00:00
nadlan_professional-sitemap2.xml,https://nad-lan.co.il/professionals/%d7%a0%d7%97-%d7%a2%d7%96%d7%a8%d7%90/,2026-06-01T19:26:24+00:00
nadlan_professional-sitemap2.xml,https://nad-lan.co.il/professionals/%d7%a8%d7%a7%d7%97-%d7%a6%d7%95%d7%a8%d7%99%d7%90%d7%9c-%d7%91%d7%a0%d7%99%d7%9e%d7%99%d7%9f/,2026-06-01T19:26:25+00:00
nadlan_professional-sitemap2.xml,https://nad-lan.co.il/professionals/%d7%a9%d7%95%d7%91%d7%9c-%d7%92%d7%99%d7%9c/,2026-06-01T19:26:26+00:00
nadlan_professional-sitemap2.xml,https://nad-lan.co.il/professionals/%d7%9b%d7%94%d7%9f-%d7%97%d7%92%d7%99/,2026-06-01T19:26:27+00:00
nadlan_professional-sitemap2.xml,https://nad-lan.co.il/professionals/%d7%a8%d7%95%d7%96%d7%a0%d7%a7%d7%a8-%d7%a2%d7%a8%d7%9f/,2026-06-01T19:26:28+00:00
nadlan_professional-sitemap2.xml,https://nad-lan.co.il/professionals/%d7%94%d7%a8%d7%a4%d7%96-%d7%93%d7%a8%d7%95%d7%a8/,2026-06-01T19:26:29+00:00
nadlan_professional-sitemap2.xml,https://nad-lan.co.il/professionals/%d7%a7%d7%95%d7%98%d7%a8-%d7%92%d7%9c%d7%a2%d7%93/,2026-06-01T19:26:30+00:00
nadlan_professional-sitemap2.xml,https://nad-lan.co.il/professionals/%d7%91%d7%95%d7%91%d7%9c%d7%99%d7%9c-%d7%93%d7%95%d7%93/,2026-06-01T19:26:31+00:00
nadlan_professional-sitemap2.xml,https://nad-lan.co.il/professionals/%d7%91%d7%9f-%d7%98%d7%95%d7%91%d7%99%d7%9d-%d7%a9%d7%9e%d7%95%d7%90%d7%9c-%d7%a9%d7%99/,2026-06-01T19:26:32+00:00
nadlan_professional-sitemap2.xml,https://nad-lan.co.il/professionals/%d7%92%d7%a8%d7%a1%d7%98%d7%a0%d7%a8-%d7%a9%d7%9c%d7%9e%d7%94/,2026-06-01T19:26:33+00:00
nadlan_professional-sitemap2.xml,https://nad-lan.co.il/professionals/%d7%9e%d7%99%d7%9b%d7%90%d7%9c-%d7%90%d7%a1%d7%99/,2026-06-01T19:26:34+00:00
nadlan_professional-sitemap2.xml,https://nad-lan.co.il/professionals/%d7%9c%d7%91%d7%99%d7%90-%d7%93%d7%a8%d7%95%d7%a8/,2026-06-01T19:26:34+00:00
nadlan_professional-sitemap2.xml,https://nad-lan.co.il/professionals/%d7%a1%d7%a7%d7%95%d7%a8%d7%99-%d7%99%d7%95%d7%a1%d7%a3/,2026-06-01T19:26:37+00:00
nadlan_professional-sitemap2.xml,https://nad-lan.co.il/professionals/%d7%90%d7%93%d7%a8%d7%a2%d7%99-%d7%9e%d7%99%d7%9b%d7%90%d7%9c-%d7%9c%d7%95%d7%99/,2026-06-01T19:26:38+00:00
nadlan_professional-sitemap2.xml,https://nad-lan.co.il/professionals/%d7%9e%d7%99%d7%92%d7%a8%d7%a1-%d7%99%d7%94%d7%95%d7%93%d7%94/,2026-06-01T19:26:39+00:00
nadlan_professional-sitemap2.xml,https://nad-lan.co.il/professionals/%d7%90%d7%a8%d7%99%d7%94-%d7%99%d7%95%d7%97%d7%90%d7%99/,2026-06-01T19:26:40+00:00
nadlan_professional-sitemap2.xml,https://nad-lan.co.il/professionals/%d7%a4%d7%a8%d7%98%d7%95%d7%a9-%d7%93%d7%95%d7%a8%d7%95%d7%9f/,2026-06-01T19:26:41+00:00
nadlan_professional-sitemap2.xml,https://nad-lan.co.il/professionals/%d7%91%d7%a8%d7%90%d7%a0%d7%a5-%d7%90%d7%91%d7%99/,2026-06-01T19:26:41+00:00
nadlan_professional-sitemap2.xml,https://nad-lan.co.il/professionals/%d7%90%d7%91%d7%a8%d7%94%d7%9e%d7%99-%d7%92%d7%9c%d7%a2%d7%93/,2026-06-01T19:26:42+00:00
nadlan_professional-sitemap2.xml,https://nad-lan.co.il/professionals/%d7%99%d7%a4%d7%a8%d7%97-%d7%99%d7%90%d7%99%d7%a8/,2026-06-01T19:26:43+00:00
nadlan_professional-sitemap2.xml,https://nad-lan.co.il/professionals/%d7%9e%d7%9e%d7%95%d7%9f-%d7%99%d7%a8%d7%95%d7%9f-%d7%9e%d7%90%d7%99%d7%a8/,2026-06-01T19:26:44+00:00
nadlan_professional-sitemap2.xml,https://nad-lan.co.il/professionals/%d7%92%d7%95%d7%a8%d7%a4%d7%99%d7%a0%d7%a7%d7%9c-%d7%a9%d7%9e%d7%99%d7%a8/,2026-06-01T19:26:45+00:00
nadlan_professional-sitemap2.xml,https://nad-lan.co.il/professionals/%d7%a4%d7%95%d7%96%d7%99%d7%99%d7%9c%d7%95%d7%91-%d7%90%d7%94%d7%a8%d7%95%d7%9f/,2026-06-01T19:26:48+00:00
nadlan_professional-sitemap2.xml,https://nad-lan.co.il/professionals/%d7%93%d7%94%d7%9f-%d7%a9%d7%9c%d7%9e%d7%94/,2026-06-01T19:26:49+00:00
nadlan_professional-sitemap2.xml,https://nad-lan.co.il/professionals/%d7%99%d7%a8%d7%99%d7%97%d7%95%d7%91%d7%a8-%d7%a6%d7%91%d7%99%d7%a7%d7%94/,2026-06-01T19:26:50+00:00
nadlan_professional-sitemap2.xml,https://nad-lan.co.il/professionals/%d7%9e%d7%a0%d7%93%d7%9c%d7%95%d7%91%d7%99%d7%a5-%d7%90%d7%99%d7%99%d7%9c/,2026-06-01T19:26:50+00:00
nadlan_professional-sitemap2.xml,https://nad-lan.co.il/professionals/%d7%a9%d7%95%d7%a1%d7%a3-%d7%90%d7%91%d7%99-%d7%97%d7%99/,2026-06-01T19:26:51+00:00
nadlan_professional-sitemap2.xml,https://nad-lan.co.il/professionals/%d7%90%d7%95%d7%97%d7%a0%d7%94-%d7%a0%d7%93%d7%91/,2026-06-01T19:26:52+00:00
nadlan_professional-sitemap2.xml,https://nad-lan.co.il/professionals/%d7%90%d7%96%d7%95%d7%9c%d7%90%d7%99-%d7%93%d7%95%d7%a8%d7%95%d7%9f/,2026-06-01T19:26:53+00:00
nadlan_professional-sitemap2.xml,https://nad-lan.co.il/professionals/%d7%9b%d7%94%d7%9f-%d7%90%d7%9c%d7%99%d7%a2%d7%96%d7%a8/,2026-06-01T19:26:54+00:00
nadlan_professional-sitemap2.xml,https://nad-lan.co.il/professionals/%d7%99%d7%a8%d7%a7%d7%95%d7%a0%d7%99-%d7%90%d7%95%d7%a4%d7%99%d7%a8/,2026-06-01T19:26:55+00:00
nadlan_professional-sitemap2.xml,https://nad-lan.co.il/professionals/%d7%94%d7%95%d7%99%d7%96%d7%9e%d7%9f-%d7%93%d7%a8%d7%95%d7%a8/,2026-06-01T19:26:56+00:00
nadlan_professional-sitemap2.xml,https://nad-lan.co.il/professionals/%d7%90%d7%94%d7%a8%d7%95%d7%a0%d7%99%d7%95%d7%9f-%d7%a9%d7%99/,2026-06-01T19:26:56+00:00
nadlan_professional-sitemap2.xml,https://nad-lan.co.il/professionals/%d7%98%d7%90%d7%95%d7%91%d7%a8-%d7%a8%d7%95%d7%aa%d7%9d/,2026-06-01T19:26:57+00:00
nadlan_professional-sitemap2.xml,https://nad-lan.co.il/professionals/%d7%a8%d7%95%d7%96%d7%a0%d7%91%d7%9c%d7%95%d7%9d-%d7%a9%d7%99-%d7%99%d7%a9%d7%a2%d7%99%d7%94%d7%95/,2026-06-01T19:26:58+00:00
nadlan_professional-sitemap2.xml,https://nad-lan.co.il/professionals/%d7%90%d7%91%d7%a8%d7%9e%d7%95%d7%91%d7%99%d7%a5-%d7%91%d7%a0%d7%99%d7%9e%d7%99%d7%9f/,2026-06-01T19:26:59+00:00
nadlan_professional-sitemap2.xml,https://nad-lan.co.il/professionals/%d7%a8%d7%96-%d7%a1%d7%a2%d7%a8/,2026-06-01T19:27:00+00:00
nadlan_professional-sitemap2.xml,https://nad-lan.co.il/professionals/%d7%a1%d7%9c%d7%a7%d7%98%d7%a8-%d7%93%d7%a7%d7%9c/,2026-06-01T19:27:01+00:00
nadlan_professional-sitemap2.xml,https://nad-lan.co.il/professionals/%d7%98%d7%95%d7%98%d7%99%d7%90%d7%9f-%d7%a8%d7%9e%d7%99/,2026-06-01T19:27:02+00:00
nadlan_professional-sitemap2.xml,https://nad-lan.co.il/professionals/%d7%a9%d7%91%d7%97-%d7%9e%d7%a9%d7%94/,2026-06-01T19:27:03+00:00
nadlan_professional-sitemap2.xml,https://nad-lan.co.il/professionals/%d7%91%d7%9f-%d7%99%d7%95%d7%a1%d7%a3-%d7%90%d7%a8%d7%99%d7%a7/,2026-06-01T19:27:04+00:00
nadlan_professional-sitemap2.xml,https://nad-lan.co.il/professionals/%d7%a9%d7%9c%d7%9e%d7%94-%d7%90%d7%9c%d7%97%d7%a0%d7%9f/,2026-06-01T19:27:04+00:00
nadlan_professional-sitemap2.xml,https://nad-lan.co.il/professionals/%d7%97%d7%9c%d7%91%d7%99-%d7%90%d7%99%d7%99%d7%9e%d7%9f/,2026-06-01T19:27:05+00:00
nadlan_professional-sitemap2.xml,https://nad-lan.co.il/professionals/%d7%91%d7%99%d7%9d-%d7%90%d7%99%d7%91%d7%a8%d7%94%d7%99%d7%9d/,2026-06-01T19:27:06+00:00
nadlan_professional-sitemap2.xml,https://nad-lan.co.il/professionals/%d7%92%d7%a0%d7%90%d7%99%d7%9d-%d7%97%d7%95%d7%a1%d7%99%d7%99%d7%9f/,2026-06-01T19:27:07+00:00
nadlan_professional-sitemap2.xml,https://nad-lan.co.il/professionals/%d7%93%d7%99%d7%90%d7%91-%d7%a2%d7%90%d7%93%d7%9c/,2026-06-01T19:27:08+00:00
nadlan_professional-sitemap2.xml,https://nad-lan.co.il/professionals/%d7%9e%d7%95%d7%a8%d7%a9%d7%93-%d7%a2%d7%95%d7%9e%d7%a8/,2026-06-01T19:27:09+00:00
nadlan_professional-sitemap2.xml,https://nad-lan.co.il/professionals/%d7%91%d7%98%d7%9c-%d7%a2%d7%95%d7%95%d7%93/,2026-06-01T19:27:10+00:00
nadlan_professional-sitemap2.xml,https://nad-lan.co.il/professionals/%d7%a9%d7%9c%d7%94-%d7%90%d7%a2%d7%93%d7%9c/,2026-06-01T19:27:11+00:00
nadlan_professional-sitemap2.xml,https://nad-lan.co.il/professionals/%d7%a9%d7%a8%d7%95%d7%a3-%d7%a1%d7%a7%d7%a8/,2026-06-01T19:27:12+00:00
nadlan_professional-sitemap2.xml,https://nad-lan.co.il/professionals/%d7%a9%d7%95%d7%90%d7%94%d7%a0%d7%94-%d7%a1%d7%90%d7%9c%d7%97-2/,2026-06-01T19:27:13+00:00
nadlan_professional-sitemap2.xml,https://nad-lan.co.il/professionals/%d7%97%d7%95%d7%92%d7%99%d7%a8%d7%90%d7%aa-%d7%97%d7%90%d7%9c%d7%93/,2026-06-01T19:27:14+00:00
nadlan_professional-sitemap2.xml,https://nad-lan.co.il/professionals/%d7%a4%d7%90%d7%99%d7%96-%d7%a1%d7%a2%d7%93%d7%99/,2026-06-01T19:27:15+00:00
nadlan_professional-sitemap2.xml,https://nad-lan.co.il/professionals/%d7%a1%d7%9c%d7%90%d7%9e%d7%94-%d7%90%d7%9e%d7%99%d7%9c/,2026-06-01T19:27:18+00:00
nadlan_professional-sitemap2.xml,https://nad-lan.co.il/professionals/%d7%92%d7%91%d7%90%d7%a8%d7%99%d7%9f-%d7%9e%d7%95%d7%94%d7%a0%d7%93/,2026-06-01T19:27:19+00:00
nadlan_professional-sitemap2.xml,https://nad-lan.co.il/professionals/%d7%a9%d7%97%d7%90%d7%93%d7%94-%d7%99%d7%90%d7%a1%d7%99%d7%9f-%d7%a2%d7%95%d7%a8%d7%a1%d7%90%d7%9f/,2026-06-01T19:27:20+00:00
nadlan_professional-sitemap2.xml,https://nad-lan.co.il/professionals/%d7%a1%d7%a4%d7%95%d7%a8%d7%99-%d7%91%d7%a1%d7%90%d7%9d/,2026-06-01T19:27:21+00:00
nadlan_professional-sitemap2.xml,https://nad-lan.co.il/professionals/%d7%a4%d7%95%d7%93%d7%94-%d7%a8%d7%99%d7%90%d7%93/,2026-06-01T19:27:22+00:00
nadlan_professional-sitemap2.xml,https://nad-lan.co.il/professionals/%d7%96%d7%95%d7%a2%d7%91%d7%99-%d7%97%d7%a1%d7%9f/,2026-06-01T19:27:23+00:00
nadlan_professional-sitemap2.xml,https://nad-lan.co.il/professionals/%d7%9e%d7%a1%d7%90%d7%a8%d7%95%d7%95%d7%94-%d7%9e%d7%97%d7%9e%d7%95%d7%93/,2026-06-01T19:27:24+00:00
nadlan_professional-sitemap2.xml,https://nad-lan.co.il/professionals/%d7%a9%d7%9c%d7%91%d7%90%d7%94-%d7%a0%d7%a9%d7%90%d7%aa/,2026-06-01T19:27:25+00:00
nadlan_professional-sitemap2.xml,https://nad-lan.co.il/professionals/%d7%a2%d7%99%d7%a1%d7%90-%d7%96%d7%90%d7%94%d7%a8/,2026-06-01T19:27:26+00:00
nadlan_professional-sitemap2.xml,https://nad-lan.co.il/professionals/%d7%a8%d7%99%d7%90%d7%9f-%d7%a2%d7%a1%d7%90%d7%a3/,2026-06-01T19:27:27+00:00
nadlan_professional-sitemap2.xml,https://nad-lan.co.il/professionals/%d7%97%d7%99%d7%a8-%d7%90%d7%9c%d7%93%d7%99%d7%9f-%d7%9b%d7%90%d7%9e%d7%9c/,2026-06-01T19:27:28+00:00
nadlan_professional-sitemap2.xml,https://nad-lan.co.il/professionals/%d7%a1%d7%a4%d7%90-%d7%a8%d7%95%d7%a0%d7%99/,2026-06-01T19:27:29+00:00
nadlan_professional-sitemap2.xml,https://nad-lan.co.il/professionals/%d7%a9%d7%9e%d7%90%d7%94-%d7%91%d7%93%d7%99%d7%a2/,2026-06-01T19:27:30+00:00
nadlan_professional-sitemap2.xml,https://nad-lan.co.il/professionals/%d7%90%d7%a1%d7%93%d7%99-%d7%90%d7%97%d7%9e%d7%93/,2026-06-01T19:27:30+00:00
nadlan_professional-sitemap2.xml,https://nad-lan.co.il/professionals/%d7%a1%d7%a8%d7%a1%d7%95%d7%a8-%d7%a8%d7%99%d7%90%d7%93/,2026-06-01T19:27:31+00:00
nadlan_professional-sitemap2.xml,https://nad-lan.co.il/professionals/%d7%92%d7%95%d7%93%d7%99-%d7%a0%d7%90%d7%99%d7%9c/,2026-06-01T19:27:32+00:00
nadlan_professional-sitemap2.xml,https://nad-lan.co.il/professionals/%d7%a8%d7%95%d7%98%d7%a9%d7%99%d7%9c%d7%93-%d7%9e%d7%95%d7%a8-%d7%90%d7%91%d7%a8%d7%94%d7%9d/,2026-06-01T19:27:33+00:00
nadlan_professional-sitemap2.xml,https://nad-lan.co.il/professionals/%d7%a2%d7%90%d7%96%d7%9d-%d7%a1%d7%a2%d7%99%d7%93/,2026-06-01T19:27:34+00:00
nadlan_professional-sitemap2.xml,https://nad-lan.co.il/professionals/%d7%93%d7%a2%d7%90%d7%a1-%d7%a1%d7%90%d7%9e%d7%a8/,2026-06-01T19:27:35+00:00
nadlan_professional-sitemap2.xml,https://nad-lan.co.il/professionals/%d7%90%d7%a9%d7%a7%d7%a8-%d7%9e%d7%95%d7%97%d7%9e%d7%93/,2026-06-01T19:27:36+00:00
nadlan_professional-sitemap2.xml,https://nad-lan.co.il/professionals/%d7%9e%d7%a8%d7%a2%d7%91-%d7%a7%d7%90%d7%a1%d7%9d/,2026-06-01T19:27:36+00:00
nadlan_professional-sitemap2.xml,https://nad-lan.co.il/professionals/%d7%96%d7%a7%d7%92%d7%98%d7%99-%d7%a1%d7%a2%d7%90%d7%93%d7%94/,2026-06-01T19:27:37+00:00
nadlan_professional-sitemap2.xml,https://nad-lan.co.il/professionals/%d7%92%d7%91%d7%90%d7%a8%d7%94-%d7%93%d7%9e%d7%99%d7%90%d7%aa/,2026-06-01T19:27:38+00:00
nadlan_professional-sitemap2.xml,https://nad-lan.co.il/professionals/%d7%a2%d7%93%d7%a1-%d7%a0%d7%91%d7%99%d7%9c/,2026-06-01T19:27:39+00:00
nadlan_professional-sitemap2.xml,https://nad-lan.co.il/professionals/%d7%a8%d7%99%d7%90%d7%9f-%d7%a8%d7%9e%d7%96%d7%99/,2026-06-01T19:27:40+00:00
nadlan_professional-sitemap2.xml,https://nad-lan.co.il/professionals/%d7%97%d7%90%d7%92-%d7%99%d7%97%d7%99%d7%90-%d7%a2%d7%91%d7%93-%d7%90%d7%9c%d7%a8%d7%97%d7%99%d7%9d/,2026-06-01T19:27:40+00:00
nadlan_professional-sitemap2.xml,https://nad-lan.co.il/professionals/%d7%a7%d7%90%d7%a1%d7%9d-%d7%92%d7%a1%d7%90%d7%9f/,2026-06-01T19:27:41+00:00
nadlan_professional-sitemap2.xml,https://nad-lan.co.il/professionals/%d7%91%d7%93%d7%90%d7%a8%d7%a0%d7%94-%d7%a1%d7%9e%d7%a8%d7%99%d7%9f/,2026-06-01T19:27:42+00:00
nadlan_professional-sitemap2.xml,https://nad-lan.co.il/professionals/%d7%a1%d7%a2%d7%93-%d7%9e%d7%90%d7%94%d7%a8/,2026-06-01T19:27:43+00:00
nadlan_professional-sitemap2.xml,https://nad-lan.co.il/professionals/%d7%a1%d7%a2%d7%93%d7%99-%d7%90%d7%97%d7%9e%d7%93/,2026-06-01T19:27:44+00:00
nadlan_professional-sitemap2.xml,https://nad-lan.co.il/professionals/%d7%93%d7%90%d7%95%d7%93-%d7%97%d7%95%d7%a1%d7%99%d7%99%d7%9f/,2026-06-01T19:27:45+00:00
nadlan_professional-sitemap2.xml,https://nad-lan.co.il/professionals/%d7%99%d7%90%d7%a1%d7%99%d7%9f-%d7%a0%d7%90%d7%96%d7%9d/,2026-06-01T19:27:46+00:00
nadlan_professional-sitemap2.xml,https://nad-lan.co.il/professionals/%d7%90%d7%92%d7%91%d7%a8%d7%99%d7%94-%d7%a0%d7%91%d7%99%d7%9c/,2026-06-01T19:27:47+00:00
nadlan_professional-sitemap2.xml,https://nad-lan.co.il/professionals/%d7%9e%d7%a1%d7%90%d7%a8%d7%95%d7%94-%d7%a8%d7%9e%d7%99/,2026-06-01T19:27:47+00:00
nadlan_professional-sitemap2.xml,https://nad-lan.co.il/professionals/%d7%98%d7%94%d7%94-%d7%95%d7%94%d7%91%d7%99/,2026-06-01T19:27:48+00:00
nadlan_professional-sitemap2.xml,https://nad-lan.co.il/professionals/%d7%90%d7%a1%d7%a2%d7%93-%d7%91%d7%95%d7%a7%d7%90%d7%a2%d7%99-%d7%a2%d7%91%d7%93%d7%90%d7%9c%d7%9c%d7%94/,2026-06-01T19:27:49+00:00
nadlan_professional-sitemap2.xml,https://nad-lan.co.il/professionals/%d7%a9%d7%97%d7%90%d7%93%d7%94-%d7%a2%d7%9e%d7%90%d7%a8/,2026-06-01T19:27:50+00:00
nadlan_professional-sitemap2.xml,https://nad-lan.co.il/professionals/%d7%92%d7%93%d7%91%d7%90%d7%9f-%d7%97%d7%90%d7%9c%d7%93/,2026-06-01T19:27:51+00:00
nadlan_professional-sitemap2.xml,https://nad-lan.co.il/professionals/%d7%95%d7%aa%d7%93-%d7%a8%d7%99%d7%90%d7%93/,2026-06-01T19:27:52+00:00
nadlan_professional-sitemap2.xml,https://nad-lan.co.il/professionals/%d7%9e%d7%a0%d7%90%d7%a1%d7%a8%d7%94-%d7%a2%d7%91%d7%93%d7%90%d7%9c%d7%9c%d7%94/,2026-06-01T19:27:53+00:00
nadlan_professional-sitemap2.xml,https://nad-lan.co.il/professionals/%d7%a8%d7%99%d7%90%d7%97%d7%99%d7%9f-%d7%91%d7%90%d7%a1%d7%9d/,2026-06-01T19:27:53+00:00
nadlan_professional-sitemap2.xml,https://nad-lan.co.il/professionals/%d7%92%d7%9e%d7%90%d7%9c-%d7%9e%d7%a8%d7%95%d7%90%d7%9f/,2026-06-01T19:27:54+00:00
nadlan_professional-sitemap2.xml,https://nad-lan.co.il/professionals/%d7%97%d7%95%d7%92%d7%99%d7%a8%d7%90%d7%aa-%d7%90%d7%98%d7%94%d7%a8/,2026-06-01T19:27:55+00:00
nadlan_professional-sitemap2.xml,https://nad-lan.co.il/professionals/%d7%9e%d7%97%d7%90%d7%92%d7%a0%d7%94-%d7%9e%d7%97%d7%9e%d7%95%d7%93/,2026-06-01T19:27:56+00:00
nadlan_professional-sitemap2.xml,https://nad-lan.co.il/professionals/%d7%92%d7%93%d7%99%d7%a8-%d7%97%d7%a1%d7%9f/,2026-06-01T19:27:57+00:00
nadlan_professional-sitemap2.xml,https://nad-lan.co.il/professionals/%d7%a2%d7%9e%d7%a8-%d7%90%d7%9c%d7%99%d7%90%d7%9f/,2026-06-01T19:27:58+00:00
nadlan_professional-sitemap2.xml,https://nad-lan.co.il/professionals/%d7%90%d7%99%d7%91%d7%a8%d7%90%d7%94%d7%99%d7%9d-%d7%9e%d7%95%d7%97%d7%9e%d7%93/,2026-06-01T19:27:59+00:00
nadlan_professional-sitemap2.xml,https://nad-lan.co.il/professionals/%d7%a2%d7%95%d7%95%d7%93%d7%90%d7%9c%d7%9c%d7%94-%d7%9e%d7%95%d7%97%d7%9e%d7%93/,2026-06-01T19:28:00+00:00
nadlan_professional-sitemap2.xml,https://nad-lan.co.il/professionals/%d7%92%d7%91%d7%a8-%d7%9e%d7%95%d7%97%d7%9e%d7%93/,2026-06-01T19:28:00+00:00
nadlan_professional-sitemap2.xml,https://nad-lan.co.il/professionals/%d7%a2%d7%9c%d7%99%d7%90%d7%9f-%d7%a2%d7%9e%d7%90%d7%93/,2026-06-01T19:28:02+00:00
nadlan_professional-sitemap2.xml,https://nad-lan.co.il/professionals/%d7%a2%d7%91%d7%93%d7%90%d7%9c-%d7%a8%d7%97%d7%9e%d7%90%d7%9f-%d7%a8%d7%92%d7%90/,2026-06-01T19:28:03+00:00
nadlan_professional-sitemap2.xml,https://nad-lan.co.il/professionals/%d7%97%d7%92%d7%99-%d7%a2%d7%aa%d7%9e%d7%9f-%d7%a2%d7%a0%d7%9f/,2026-06-01T19:28:03+00:00
nadlan_professional-sitemap2.xml,https://nad-lan.co.il/professionals/%d7%a1%d7%9c%d7%9e%d7%94-%d7%a9%d7%90%d7%93%d7%99/,2026-06-01T19:28:04+00:00
nadlan_professional-sitemap2.xml,https://nad-lan.co.il/professionals/%d7%a2%d7%a9%d7%99%d7%91%d7%94-%d7%95%d7%90%d7%a2%d7%9c/,2026-06-01T19:28:05+00:00
nadlan_professional-sitemap2.xml,https://nad-lan.co.il/professionals/%d7%a9%d7%9c%d7%90%d7%a2%d7%98%d7%94-%d7%a4%d7%90%d7%9c%d7%97/,2026-06-01T19:28:06+00:00
nadlan_professional-sitemap2.xml,https://nad-lan.co.il/professionals/%d7%a9%d7%99%d7%91%d7%9c%d7%99-%d7%93%d7%90%d7%95%d7%93/,2026-06-01T19:28:07+00:00
nadlan_professional-sitemap2.xml,https://nad-lan.co.il/professionals/%d7%90%d7%a1%d7%9e%d7%90%d7%a2%d7%99%d7%9c-%d7%9e%d7%97%d7%9e%d7%95%d7%93/,2026-06-01T19:28:08+00:00
nadlan_professional-sitemap2.xml,https://nad-lan.co.il/professionals/%d7%a1%d7%a2%d7%93-%d7%a8%d7%90%d7%90%d7%93/,2026-06-01T19:28:09+00:00
nadlan_professional-sitemap2.xml,https://nad-lan.co.il/professionals/%d7%99%d7%90%d7%a1%d7%99%d7%9f-%d7%97%d7%9c%d7%99%d7%9c/,2026-06-01T19:28:11+00:00
nadlan_professional-sitemap2.xml,https://nad-lan.co.il/professionals/%d7%90%d7%91%d7%95-%d7%a2%d7%9e%d7%90%d7%a8-%d7%97%d7%95%d7%a1%d7%90%d7%9d/,2026-06-01T19:28:12+00:00
nadlan_professional-sitemap2.xml,https://nad-lan.co.il/professionals/%d7%95%d7%aa%d7%93-%d7%a0%d7%a9%d7%90%d7%aa/,2026-06-01T19:28:13+00:00
nadlan_professional-sitemap2.xml,https://nad-lan.co.il/professionals/%d7%91%d7%99%d7%90%d7%93%d7%a1%d7%99-%d7%9e%d7%95%d7%97%d7%9e%d7%93/,2026-06-01T19:28:14+00:00
nadlan_professional-sitemap2.xml,https://nad-lan.co.il/professionals/%d7%90%d7%91%d7%95-%d7%95%d7%90%d7%a1%d7%9c-%d7%a8%d7%a4%d7%99%d7%a7/,2026-06-01T19:28:15+00:00
nadlan_professional-sitemap2.xml,https://nad-lan.co.il/professionals/%d7%99%d7%95%d7%a0%d7%99%d7%a1-%d7%9e%d7%95%d7%97%d7%9e%d7%93/,2026-06-01T19:28:16+00:00
nadlan_professional-sitemap2.xml,https://nad-lan.co.il/professionals/%d7%9e%d7%97%d7%90%d7%9e%d7%99%d7%93-%d7%a2%d7%9c%d7%99/,2026-06-01T19:28:17+00:00
nadlan_professional-sitemap2.xml,https://nad-lan.co.il/professionals/%d7%a2%d7%95%d7%95%d7%93-%d7%91%d7%a1%d7%90%d7%9d/,2026-06-01T19:28:17+00:00
nadlan_professional-sitemap2.xml,https://nad-lan.co.il/professionals/%d7%a1%d7%99%d7%99%d7%93-%d7%90%d7%97%d7%9e%d7%93-%d7%9e%d7%97%d7%a8%d7%95%d7%a1/,2026-06-01T19:28:19+00:00
nadlan_professional-sitemap2.xml,https://nad-lan.co.il/professionals/%d7%9e%d7%97%d7%90%d7%9e%d7%99%d7%93-%d7%9e%d7%95%d7%a1%d7%98%d7%a4%d7%90/,2026-06-01T19:28:19+00:00
nadlan_professional-sitemap2.xml,https://nad-lan.co.il/professionals/%d7%97%d7%95%d7%a8%d7%99-%d7%92%d7%95%d7%a8%d7%92/,2026-06-01T19:28:20+00:00
nadlan_professional-sitemap2.xml,https://nad-lan.co.il/professionals/%d7%97%d7%9e%d7%90%d7%aa%d7%99-%d7%90%d7%a0%d7%98%d7%95%d7%9f/,2026-06-01T19:28:21+00:00
nadlan_professional-sitemap2.xml,https://nad-lan.co.il/professionals/%d7%90%d7%a9%d7%a7%d7%a8-%d7%90%d7%99%d7%90%d7%93/,2026-06-01T19:28:22+00:00
nadlan_professional-sitemap2.xml,https://nad-lan.co.il/professionals/%d7%92%d7%91%d7%a8-%d7%a4%d7%99%d7%a8%d7%90%d7%a1/,2026-06-01T19:28:23+00:00
nadlan_professional-sitemap2.xml,https://nad-lan.co.il/professionals/%d7%96%d7%92%d7%99%d7%99%d7%a8-%d7%a1%d7%90%d7%9e%d7%a8/,2026-06-01T19:28:24+00:00
nadlan_professional-sitemap2.xml,https://nad-lan.co.il/professionals/%d7%93%d7%a8%d7%90%d7%95%d7%a9%d7%94-%d7%94%d7%a9%d7%90%d7%9d/,2026-06-01T19:28:25+00:00
nadlan_professional-sitemap2.xml,https://nad-lan.co.il/professionals/%d7%a0%d7%a2%d7%a8%d7%90%d7%9f-%d7%97%d7%90%d7%9c%d7%93/,2026-06-01T19:28:26+00:00
nadlan_professional-sitemap2.xml,https://nad-lan.co.il/professionals/%d7%92%d7%91%d7%90%d7%a8%d7%99%d7%9f-%d7%90%d7%97%d7%9e%d7%93-3/,2026-06-01T19:28:27+00:00
nadlan_professional-sitemap2.xml,https://nad-lan.co.il/professionals/%d7%92%d7%9c%d7%9e%d7%99%d7%93%d7%99-%d7%99%d7%a6%d7%97%d7%a7/,2026-06-01T19:28:28+00:00
nadlan_professional-sitemap2.xml,https://nad-lan.co.il/professionals/%d7%90%d7%a9%d7%9c-%d7%99%d7%a2%d7%a7%d7%91/,2026-06-01T19:28:29+00:00
nadlan_professional-sitemap2.xml,https://nad-lan.co.il/professionals/%d7%a1%d7%90%d7%a1%d7%99-%d7%99%d7%a8%d7%95%d7%9f/,2026-06-01T19:28:30+00:00
nadlan_professional-sitemap2.xml,https://nad-lan.co.il/professionals/%d7%9e%d7%96%d7%a8-%d7%99%d7%a0%d7%99%d7%91/,2026-06-01T19:28:30+00:00
nadlan_professional-sitemap2.xml,https://nad-lan.co.il/professionals/%d7%a9%d7%95%d7%a1%d7%91%d7%a8%d7%92%d7%a8-%d7%a2%d7%a8%d7%9f/,2026-06-01T19:28:31+00:00
nadlan_professional-sitemap2.xml,https://nad-lan.co.il/professionals/%d7%92%d7%a8%d7%99%d7%a0%d7%a9%d7%98%d7%99%d7%99%d7%9f-%d7%a0%d7%99%d7%a8/,2026-06-01T19:28:32+00:00
nadlan_professional-sitemap2.xml,https://nad-lan.co.il/professionals/%d7%9b%d7%94%d7%9f-%d7%aa%d7%95%d7%9e%d7%a8/,2026-06-01T19:28:34+00:00
nadlan_professional-sitemap2.xml,https://nad-lan.co.il/professionals/%d7%a4%d7%9c%d7%93-%d7%a9%d7%97%d7%a8/,2026-06-01T19:28:34+00:00
nadlan_professional-sitemap2.xml,https://nad-lan.co.il/professionals/%d7%91%d7%a8-%d7%a9%d7%9c%d7%95%d7%9d/,2026-06-01T19:28:35+00:00
nadlan_professional-sitemap2.xml,https://nad-lan.co.il/professionals/%d7%91%d7%9f-%d7%9e%d7%a9%d7%94-%d7%a2%d7%95%d7%a4%d7%a8/,2026-06-01T19:28:38+00:00
nadlan_professional-sitemap2.xml,https://nad-lan.co.il/professionals/%d7%aa%d7%95%d7%a8%d7%92%d7%9e%d7%9f-%d7%99%d7%95%d7%a1%d7%a3/,2026-06-01T19:28:39+00:00
nadlan_professional-sitemap2.xml,https://nad-lan.co.il/professionals/%d7%91%d7%a8-%d7%90%d7%95%d7%a8-%d7%99%d7%95%d7%a1%d7%99/,2026-06-01T19:28:40+00:00
nadlan_professional-sitemap2.xml,https://nad-lan.co.il/professionals/%d7%97%d7%93%d7%93-%d7%99%d7%92%d7%90%d7%9c/,2026-06-01T19:28:41+00:00
nadlan_professional-sitemap2.xml,https://nad-lan.co.il/professionals/%d7%96%d7%a8%d7%91%d7%9c-%d7%a2%d7%99%d7%a8%d7%9f/,2026-06-01T19:28:42+00:00
nadlan_professional-sitemap2.xml,https://nad-lan.co.il/professionals/%d7%9e%d7%96%d7%a8%d7%97%d7%99-%d7%90%d7%99%d7%9c%d7%9f-2/,2026-06-01T19:28:43+00:00
nadlan_professional-sitemap2.xml,https://nad-lan.co.il/professionals/%d7%9b%d7%94%d7%9f-%d7%91%d7%a0%d7%99/,2026-06-01T19:28:44+00:00
nadlan_professional-sitemap2.xml,https://nad-lan.co.il/professionals/%d7%98%d7%9c-%d7%96%d7%95%d7%a0%d7%93%d7%94%d7%99%d7%99%d7%9e%d7%a8-%d7%a0%d7%95%d7%a2%d7%9d-%d7%90%d7%9c%d7%91%d7%a8%d7%98/,2026-06-01T19:28:45+00:00
nadlan_professional-sitemap2.xml,https://nad-lan.co.il/professionals/%d7%9e%d7%99%d7%9c%d7%95%d7%90-%d7%a9%d7%97%d7%a8/,2026-06-01T19:28:46+00:00
nadlan_professional-sitemap2.xml,https://nad-lan.co.il/professionals/%d7%97%d7%99%d7%99%d7%9d-%d7%90%d7%a8%d7%96/,2026-06-01T19:28:46+00:00
nadlan_professional-sitemap2.xml,https://nad-lan.co.il/professionals/%d7%9c%d7%95%d7%99-%d7%90%d7%99%d7%99%d7%9c/,2026-06-01T19:28:47+00:00
nadlan_professional-sitemap2.xml,https://nad-lan.co.il/professionals/%d7%90%d7%91%d7%a8%d7%95%d7%a0%d7%9c-%d7%9e%d7%a9%d7%94/,2026-06-01T19:28:48+00:00
nadlan_professional-sitemap2.xml,https://nad-lan.co.il/professionals/%d7%9e%d7%9c%d7%90%d7%9b%d7%99-%d7%99%d7%95%d7%a1%d7%a3/,2026-06-01T19:28:49+00:00
nadlan_professional-sitemap2.xml,https://nad-lan.co.il/professionals/%d7%a0%d7%97%d7%95%d7%9d-%d7%a2%d7%95%d7%93%d7%93/,2026-06-01T19:28:50+00:00
nadlan_professional-sitemap2.xml,https://nad-lan.co.il/professionals/%d7%90%d7%9c%d7%a7%d7%9c%d7%a2%d7%99-%d7%a2%d7%96%d7%a8%d7%90/,2026-06-01T19:28:51+00:00
nadlan_professional-sitemap2.xml,https://nad-lan.co.il/professionals/%d7%a9%d7%9e%d7%a9-%d7%90%d7%95%d7%a8%d7%99/,2026-06-01T19:28:52+00:00
nadlan_professional-sitemap2.xml,https://nad-lan.co.il/professionals/%d7%99%d7%94%d7%95%d7%a9%d7%a2-%d7%a9%d7%a8%d7%95%d7%9f/,2026-06-01T19:28:53+00:00
nadlan_professional-sitemap2.xml,https://nad-lan.co.il/professionals/%d7%99%d7%a2%d7%99%d7%a9-%d7%a2%d7%96%d7%a8%d7%99/,2026-06-01T19:28:54+00:00
nadlan_professional-sitemap2.xml,https://nad-lan.co.il/professionals/%d7%a4%d7%95%d7%a8%d7%aa%d7%99-%d7%a9%d7%9c%d7%9e%d7%94/,2026-06-01T19:28:55+00:00
nadlan_professional-sitemap2.xml,https://nad-lan.co.il/professionals/%d7%91%d7%9f-%d7%99%d7%a2%d7%a7%d7%91-%d7%90%d7%91%d7%a9%d7%9c%d7%95%d7%9d/,2026-06-01T19:28:56+00:00
nadlan_professional-sitemap2.xml,https://nad-lan.co.il/professionals/%d7%93%d7%90%d7%91%d7%95%d7%a9-%d7%a0%d7%aa%d7%9f/,2026-06-01T19:28:57+00:00
nadlan_professional-sitemap2.xml,https://nad-lan.co.il/professionals/%d7%9b%d7%a4%d7%99%d7%a3-%d7%aa%d7%95%d7%9e%d7%a8/,2026-06-01T19:28:57+00:00
nadlan_professional-sitemap2.xml,https://nad-lan.co.il/professionals/%d7%a8%d7%96-%d7%90%d7%a8%d7%96/,2026-06-01T19:28:58+00:00
nadlan_professional-sitemap2.xml,https://nad-lan.co.il/professionals/%d7%94%d7%95%d7%a4%d7%9e%d7%9f-%d7%90%d7%95%d7%a8%d7%9f/,2026-06-01T19:28:59+00:00
nadlan_professional-sitemap2.xml,https://nad-lan.co.il/professionals/%d7%92%d7%91%d7%90%d7%99-%d7%9e%d7%99%d7%9b%d7%90%d7%9c/,2026-06-01T19:29:00+00:00
nadlan_professional-sitemap2.xml,https://nad-lan.co.il/professionals/%d7%a6%d7%95%d7%a4%d7%99-%d7%a2%d7%95%d7%a4%d7%a8/,2026-06-01T19:29:01+00:00
nadlan_professional-sitemap2.xml,https://nad-lan.co.il/professionals/%d7%90%d7%a1%d7%95%d7%a8-%d7%a2%d7%9e%d7%99/,2026-06-01T19:29:02+00:00
nadlan_professional-sitemap2.xml,https://nad-lan.co.il/professionals/%d7%93%d7%a8%d7%9e%d7%a8-%d7%90%d7%9c%d7%9b%d7%a1%d7%a0%d7%93%d7%a8/,2026-06-01T19:29:03+00:00
nadlan_professional-sitemap2.xml,https://nad-lan.co.il/professionals/%d7%a8%d7%95%d7%96%d7%a0%d7%a8-%d7%90%d7%94%d7%95%d7%93/,2026-06-01T19:29:04+00:00
nadlan_professional-sitemap2.xml,https://nad-lan.co.il/professionals/%d7%90%d7%91%d7%99%d7%a7%d7%96%d7%a8-%d7%93%d7%95%d7%93/,2026-06-01T19:29:05+00:00
nadlan_professional-sitemap2.xml,https://nad-lan.co.il/professionals/%d7%93%d7%90%d7%95%d7%9d-%d7%92%d7%9c%d7%a2%d7%93/,2026-06-01T19:29:06+00:00
nadlan_professional-sitemap2.xml,https://nad-lan.co.il/professionals/%d7%90%d7%99%d7%a4%d7%a8%d7%92%d7%9f-%d7%a8%d7%95%d7%a0%d7%9f/,2026-06-01T19:29:07+00:00
nadlan_professional-sitemap2.xml,https://nad-lan.co.il/professionals/%d7%9c%d7%91-%d7%90%d7%a8%d7%99-%d7%99%d7%a8%d7%95%d7%9f/,2026-06-01T19:29:08+00:00
nadlan_professional-sitemap2.xml,https://nad-lan.co.il/professionals/%d7%a0%d7%97%d7%95%d7%9d-%d7%93%d7%95%d7%a8%d7%95%d7%9f/,2026-06-01T19:29:09+00:00
nadlan_professional-sitemap2.xml,https://nad-lan.co.il/professionals/%d7%a6%d7%95%d7%91%d7%a8%d7%99-%d7%90%d7%91%d7%a8%d7%94%d7%9d/,2026-06-01T19:29:10+00:00
nadlan_professional-sitemap2.xml,https://nad-lan.co.il/professionals/%d7%97%d7%92%d7%92-%d7%a9%d7%99/,2026-06-01T19:29:10+00:00
nadlan_professional-sitemap2.xml,https://nad-lan.co.il/professionals/%d7%96%d7%94%d7%a8-%d7%99%d7%95%d7%90%d7%91/,2026-06-01T19:29:11+00:00
nadlan_professional-sitemap2.xml,https://nad-lan.co.il/professionals/%d7%90%d7%a8%d7%99%d7%90%d7%9c-%d7%a0%d7%99%d7%a8/,2026-06-01T19:29:14+00:00
nadlan_professional-sitemap2.xml,https://nad-lan.co.il/professionals/%d7%9b%d7%a1%d7%99%d7%a3-%d7%a8%d7%95%d7%a0%d7%9f/,2026-06-01T19:29:15+00:00
nadlan_professional-sitemap2.xml,https://nad-lan.co.il/professionals/%d7%a4%d7%96-%d7%92%d7%99%d7%90/,2026-06-01T19:29:16+00:00
nadlan_professional-sitemap2.xml,https://nad-lan.co.il/professionals/%d7%90%d7%91%d7%a8%d7%94%d7%9e%d7%99-%d7%90%d7%9c%d7%99%d7%94%d7%95/,2026-06-01T19:29:17+00:00
nadlan_professional-sitemap2.xml,https://nad-lan.co.il/professionals/%d7%90%d7%a4%d7%a8%d7%99%d7%95%d7%9f-%d7%a0%d7%99%d7%a8/,2026-06-01T19:29:18+00:00
nadlan_professional-sitemap2.xml,https://nad-lan.co.il/professionals/%d7%94%d7%a8-%d7%98%d7%95%d7%91-%d7%99%d7%94%d7%95%d7%a0%d7%aa%d7%9f/,2026-06-01T19:29:19+00:00
nadlan_professional-sitemap2.xml,https://nad-lan.co.il/professionals/%d7%9c%d7%95%d7%99-%d7%99%d7%97%d7%96%d7%a7%d7%90%d7%9c/,2026-06-01T19:29:20+00:00
nadlan_professional-sitemap2.xml,https://nad-lan.co.il/professionals/%d7%93%d7%92%d7%94-%d7%a2%d7%95%d7%91%d7%93%d7%99%d7%94/,2026-06-01T19:29:21+00:00
nadlan_professional-sitemap2.xml,https://nad-lan.co.il/professionals/%d7%94%d7%90%d7%95%d7%a1%d7%a4%d7%98%d7%a8-%d7%aa%d7%9e%d7%99%d7%a8/,2026-06-01T19:29:21+00:00
nadlan_professional-sitemap2.xml,https://nad-lan.co.il/professionals/%d7%92%d7%99%d7%91%d7%9c%d7%99-%d7%90%d7%91%d7%99%d7%97%d7%99/,2026-06-01T19:29:22+00:00
nadlan_professional-sitemap2.xml,https://nad-lan.co.il/professionals/%d7%91%d7%9f-%d7%99%d7%a6%d7%97%d7%a7-%d7%90%d7%99%d7%9c%d7%9f/,2026-06-01T19:29:23+00:00
nadlan_professional-sitemap2.xml,https://nad-lan.co.il/professionals/%d7%95%d7%99%d7%93%d7%a0%d7%94-%d7%a8%d7%95%d7%9f/,2026-06-01T19:29:24+00:00
nadlan_professional-sitemap2.xml,https://nad-lan.co.il/professionals/%d7%90%d7%9c%d7%99%d7%95%d7%a3-%d7%a9%d7%9e%d7%97%d7%94/,2026-06-01T19:29:25+00:00
nadlan_professional-sitemap2.xml,https://nad-lan.co.il/professionals/%d7%97%d7%91%d7%99%d7%91-%d7%90%d7%9c%d7%99%d7%94%d7%95/,2026-06-01T19:29:26+00:00
nadlan_professional-sitemap2.xml,https://nad-lan.co.il/professionals/%d7%9c%d7%95%d7%99-%d7%a2%d7%a8%d7%9f/,2026-06-01T19:29:27+00:00
nadlan_professional-sitemap2.xml,https://nad-lan.co.il/professionals/%d7%9e%d7%99%d7%9e%d7%95%d7%9f-%d7%a2%d7%9e%d7%99/,2026-06-01T19:29:28+00:00
nadlan_professional-sitemap2.xml,https://nad-lan.co.il/professionals/%d7%a9%d7%a8%d7%95%d7%9f-%d7%a9%d7%9e%d7%a2%d7%95%d7%9f/,2026-06-01T19:29:28+00:00
nadlan_professional-sitemap2.xml,https://nad-lan.co.il/professionals/%d7%a9%d7%9e%d7%90%d7%99-%d7%90%d7%91%d7%99/,2026-06-01T19:29:29+00:00
nadlan_professional-sitemap2.xml,https://nad-lan.co.il/professionals/%d7%9c%d7%95%d7%99-%d7%90%d7%91%d7%99%d7%90%d7%9c/,2026-06-01T19:29:30+00:00
nadlan_professional-sitemap2.xml,https://nad-lan.co.il/professionals/%d7%96%d7%95%d7%a8%d7%a1%d7%a7%d7%99-%d7%aa%d7%9e%d7%99%d7%a8/,2026-06-01T19:29:31+00:00
nadlan_professional-sitemap2.xml,https://nad-lan.co.il/professionals/%d7%aa%d7%90%d7%a1%d7%99%d7%a8%d7%99-%d7%90%d7%99%d7%aa%d7%9f/,2026-06-01T19:29:32+00:00
nadlan_professional-sitemap2.xml,https://nad-lan.co.il/professionals/%d7%91%d7%99%d7%93%d7%95%d7%a1%d7%94-%d7%90%d7%95%d7%a8%d7%9f-%d7%90%d7%94%d7%a8%d7%95%d7%9f/,2026-06-01T19:29:33+00:00
nadlan_professional-sitemap2.xml,https://nad-lan.co.il/professionals/%d7%a9%d7%9e%d7%95%d7%90%d7%9c%d7%99-%d7%90%d7%9c%d7%95%d7%9f/,2026-06-01T19:29:33+00:00
nadlan_professional-sitemap2.xml,https://nad-lan.co.il/professionals/%d7%a9%d7%95%d7%a9%d7%9f-%d7%90%d7%91%d7%99%d7%91/,2026-06-01T19:29:34+00:00
nadlan_professional-sitemap2.xml,https://nad-lan.co.il/professionals/%d7%a9%d7%a0%d7%99-%d7%99%d7%95%d7%a1%d7%a3/,2026-06-01T19:29:35+00:00
nadlan_professional-sitemap2.xml,https://nad-lan.co.il/professionals/%d7%a0%d7%a7%d7%a8-%d7%a6%d7%91%d7%99/,2026-06-01T19:29:36+00:00
nadlan_professional-sitemap2.xml,https://nad-lan.co.il/professionals/%d7%a9%d7%a8%d7%9f-%d7%a9%d7%9c%d7%9e%d7%94/,2026-06-01T19:30:42+00:00
nadlan_professional-sitemap2.xml,https://nad-lan.co.il/professionals/%d7%a7%d7%a8%d7%99%d7%90%d7%a3-%d7%9e%d7%90%d7%99%d7%a8/,2026-06-01T19:30:45+00:00
nadlan_professional-sitemap2.xml,https://nad-lan.co.il/professionals/%d7%97%d7%99%d7%99%d7%9d-%d7%90%d7%9c%d7%99/,2026-06-01T19:30:46+00:00
nadlan_professional-sitemap2.xml,https://nad-lan.co.il/professionals/%d7%91%d7%95%d7%97%d7%a0%d7%99%d7%a7-%d7%99%d7%a6%d7%97%d7%a7/,2026-06-01T19:30:47+00:00
nadlan_professional-sitemap2.xml,https://nad-lan.co.il/professionals/%d7%90%d7%9c%d7%a7%d7%99%d7%99%d7%9d-%d7%a2%d7%9e%d7%99/,2026-06-01T19:30:48+00:00
nadlan_professional-sitemap2.xml,https://nad-lan.co.il/professionals/%d7%9e%d7%a2%d7%95%d7%93%d7%99-%d7%aa%d7%9e%d7%99%d7%a8/,2026-06-01T19:30:49+00:00
nadlan_professional-sitemap2.xml,https://nad-lan.co.il/professionals/%d7%a9%d7%90%d7%92%d7%9f-%d7%99%d7%90%d7%99%d7%a8/,2026-06-01T19:30:50+00:00
nadlan_professional-sitemap2.xml,https://nad-lan.co.il/professionals/%d7%a4%d7%93%d7%99%d7%93%d7%94-%d7%92%d7%91%d7%a8%d7%99%d7%90%d7%9c-%d7%93%d7%95%d7%93/,2026-06-01T19:30:51+00:00
nadlan_professional-sitemap2.xml,https://nad-lan.co.il/professionals/%d7%a1%d7%9c%d7%91%d7%99%d7%9f-%d7%a9%d7%97%d7%a8/,2026-06-01T19:30:52+00:00
nadlan_professional-sitemap2.xml,https://nad-lan.co.il/professionals/%d7%92%d7%95%d7%9c%d7%99%d7%91%d7%a8%d7%95%d7%93%d7%94-%d7%90%d7%9c%d7%95%d7%9f/,2026-06-01T19:30:53+00:00
nadlan_professional-sitemap2.xml,https://nad-lan.co.il/professionals/%d7%98%d7%91%d7%99%d7%91-%d7%90%d7%94%d7%95%d7%93/,2026-06-01T19:30:53+00:00
nadlan_professional-sitemap2.xml,https://nad-lan.co.il/professionals/%d7%97%d7%92%d7%99%d7%91%d7%99-%d7%92%d7%93%d7%a2%d7%95%d7%9f/,2026-06-01T19:30:54+00:00
nadlan_professional-sitemap2.xml,https://nad-lan.co.il/professionals/%d7%aa%d7%95%d7%a8%d7%92%d7%9e%d7%9f-%d7%9e%d7%a8%d7%93%d7%9b%d7%99/,2026-06-01T19:30:55+00:00
nadlan_professional-sitemap2.xml,https://nad-lan.co.il/professionals/%d7%9b%d7%94%d7%9f-%d7%90%d7%99%d7%aa%d7%9f/,2026-06-01T19:30:56+00:00
nadlan_professional-sitemap2.xml,https://nad-lan.co.il/professionals/%d7%94%d7%95%d7%93%d7%a1%d7%9e%d7%9f-%d7%90%d7%95%d7%a8%d7%99/,2026-06-01T19:30:57+00:00
nadlan_professional-sitemap2.xml,https://nad-lan.co.il/professionals/%d7%91%d7%99%d7%98%d7%95%d7%9f-%d7%93%d7%95%d7%93-2/,2026-06-01T19:30:58+00:00
nadlan_professional-sitemap2.xml,https://nad-lan.co.il/professionals/%d7%a9%d7%97%d7%a8-%d7%9c%d7%99%d7%90%d7%95%d7%a8/,2026-06-01T19:31:01+00:00
nadlan_professional-sitemap2.xml,https://nad-lan.co.il/professionals/%d7%92%d7%a8%d7%9e%d7%99-%d7%a0%d7%93%d7%91/,2026-06-01T19:31:02+00:00
nadlan_professional-sitemap2.xml,https://nad-lan.co.il/professionals/%d7%90%d7%95%d7%a8-%d7%90%d7%99%d7%99%d7%9c/,2026-06-01T19:31:03+00:00
nadlan_professional-sitemap2.xml,https://nad-lan.co.il/professionals/%d7%9c%d7%a7%d7%97%d7%9e%d7%9f-%d7%a8%d7%95%d7%a0%d7%9f/,2026-06-01T19:31:03+00:00
nadlan_professional-sitemap2.xml,https://nad-lan.co.il/professionals/%d7%9b%d7%a9%d7%9b%d7%a9-%d7%a9%d7%9e%d7%95%d7%90%d7%9c/,2026-06-01T19:31:04+00:00
nadlan_professional-sitemap2.xml,https://nad-lan.co.il/professionals/%d7%a8%d7%99%d7%a2%d7%a0%d7%99-%d7%90%d7%a1%d7%a3/,2026-06-01T19:31:05+00:00
nadlan_professional-sitemap2.xml,https://nad-lan.co.il/professionals/%d7%a4%d7%a8%d7%99%d7%9e%d7%95-%d7%90%d7%95%d7%a4%d7%99%d7%a8/,2026-06-01T19:31:06+00:00
nadlan_professional-sitemap2.xml,https://nad-lan.co.il/professionals/%d7%90%d7%a9%d7%a8-%d7%99%d7%a2%d7%a7%d7%91/,2026-06-01T19:31:07+00:00
nadlan_professional-sitemap2.xml,https://nad-lan.co.il/professionals/%d7%a9%d7%a8%d7%99%d7%a7%d7%99-%d7%90%d7%9c%d7%99%d7%94%d7%95-%d7%9e%d7%a8%d7%93%d7%9b%d7%99/,2026-06-01T19:31:08+00:00
nadlan_professional-sitemap2.xml,https://nad-lan.co.il/professionals/%d7%a7%d7%95%d7%9c-%d7%90%d7%a8%d7%96/,2026-06-01T19:31:09+00:00
nadlan_professional-sitemap2.xml,https://nad-lan.co.il/professionals/%d7%90%d7%9c%d7%9e%d7%99-%d7%90%d7%a8%d7%99%d7%90%d7%9c/,2026-06-01T19:31:10+00:00
nadlan_professional-sitemap2.xml,https://nad-lan.co.il/professionals/%d7%93%d7%99%d7%95%d7%9c%d7%93-%d7%92%d7%99%d7%9c/,2026-06-01T19:31:10+00:00
nadlan_professional-sitemap2.xml,https://nad-lan.co.il/professionals/%d7%97%d7%a1%d7%99%d7%93-%d7%9c%d7%99%d7%90%d7%95%d7%a8/,2026-06-01T19:31:12+00:00
nadlan_professional-sitemap2.xml,https://nad-lan.co.il/professionals/%d7%9b%d7%94%d7%9f-%d7%99%d7%a2%d7%a7%d7%91/,2026-06-01T19:31:12+00:00
nadlan_professional-sitemap2.xml,https://nad-lan.co.il/professionals/%d7%9c%d7%99%d7%90%d7%95%d7%9f-%d7%a9%d7%90%d7%95%d7%9c/,2026-06-01T19:31:13+00:00
nadlan_professional-sitemap2.xml,https://nad-lan.co.il/professionals/%d7%99%d7%95%d7%a1%d7%a3-%d7%9e%d7%a9%d7%94/,2026-06-01T19:31:14+00:00
nadlan_professional-sitemap2.xml,https://nad-lan.co.il/professionals/%d7%a0%d7%97%d7%95%d7%9d-%d7%90%d7%99%d7%9c%d7%95%d7%9f/,2026-06-01T19:31:15+00:00
nadlan_professional-sitemap2.xml,https://nad-lan.co.il/professionals/%d7%9e%d7%92%d7%a0%d7%90%d7%96%d7%99-%d7%a8%d7%a4%d7%99/,2026-06-01T19:31:16+00:00
nadlan_professional-sitemap2.xml,https://nad-lan.co.il/professionals/%d7%a0%d7%94%d7%a8%d7%99-%d7%90%d7%99%d7%aa%d7%9f/,2026-06-01T19:31:17+00:00
nadlan_professional-sitemap2.xml,https://nad-lan.co.il/professionals/%d7%9e%d7%a1%d7%99%d7%9c%d7%aa%d7%99-%d7%a0%d7%a6%d7%97/,2026-06-01T19:31:18+00:00
nadlan_professional-sitemap2.xml,https://nad-lan.co.il/professionals/%d7%92%d7%9c-%d7%90%d7%95%d7%9f-%d7%a8%d7%95%d7%9f-%d7%a9%d7%9c%d7%9e%d7%94/,2026-06-01T19:31:19+00:00
nadlan_professional-sitemap2.xml,https://nad-lan.co.il/professionals/%d7%a9%d7%a8%d7%99%d7%a7%d7%99-%d7%a0%d7%a1%d7%99%d7%9d/,2026-06-01T19:31:20+00:00
nadlan_professional-sitemap2.xml,https://nad-lan.co.il/professionals/%d7%9e%d7%a8%d7%92%d7%99%d7%94-%d7%a8%d7%9e%d7%99/,2026-06-01T19:31:21+00:00
nadlan_professional-sitemap2.xml,https://nad-lan.co.il/professionals/%d7%90%d7%91%d7%99%d7%a0%d7%95%d7%a2%d7%9d-%d7%99%d7%a2%d7%a7%d7%91/,2026-06-01T19:31:22+00:00
nadlan_professional-sitemap2.xml,https://nad-lan.co.il/professionals/%d7%9b%d7%94%d7%9f-%d7%a8%d7%9e%d7%99-%d7%a8%d7%97%d7%9e%d7%99%d7%9d/,2026-06-01T19:31:23+00:00
nadlan_professional-sitemap2.xml,https://nad-lan.co.il/professionals/%d7%9b%d7%97%d7%9c%d7%95%d7%9f-%d7%99%d7%a2%d7%a7%d7%91/,2026-06-01T19:31:24+00:00
nadlan_professional-sitemap2.xml,https://nad-lan.co.il/professionals/%d7%aa%d7%95%d7%a8%d7%92%d7%9e%d7%9f-%d7%90%d7%9e%d7%99%d7%a8/,2026-06-01T19:31:24+00:00
nadlan_professional-sitemap2.xml,https://nad-lan.co.il/professionals/%d7%9b%d7%99%d7%95%d7%a3-%d7%9b%d7%a8%d7%90%d7%9e%d7%94/,2026-06-01T19:31:25+00:00
nadlan_professional-sitemap2.xml,https://nad-lan.co.il/professionals/%d7%93%d7%90%d7%94%d7%a8-%d7%a8%d7%95%d7%92%d7%94/,2026-06-01T19:31:26+00:00
nadlan_professional-sitemap2.xml,https://nad-lan.co.il/professionals/%d7%96%d7%99%d7%93%d7%90%d7%9f-%d7%98%d7%90%d7%a8%d7%a7/,2026-06-01T19:31:27+00:00
nadlan_professional-sitemap2.xml,https://nad-lan.co.il/professionals/%d7%a1%d7%99%d7%a8%d7%97%d7%90%d7%9f-%d7%90%d7%9e%d7%99%d7%9f/,2026-06-01T19:31:28+00:00
nadlan_professional-sitemap2.xml,https://nad-lan.co.il/professionals/%d7%a0%d7%99%d7%9e%d7%a8-%d7%a1%d7%90%d7%9e%d7%a8/,2026-06-01T19:31:31+00:00
nadlan_professional-sitemap2.xml,https://nad-lan.co.il/professionals/%d7%90%d7%92%d7%91%d7%a8%d7%99%d7%94-%d7%a2%d7%9c%d7%90%d7%90%d7%9c%d7%93%d7%99%d7%9f/,2026-06-01T19:31:31+00:00
nadlan_professional-sitemap2.xml,https://nad-lan.co.il/professionals/%d7%a0%d7%a2%d7%90%d7%9e%d7%a0%d7%94-%d7%9e%d7%95%d7%a4%d7%93%d7%99/,2026-06-01T19:31:32+00:00
nadlan_professional-sitemap2.xml,https://nad-lan.co.il/professionals/%d7%9e%d7%91%d7%92%d7%99%d7%a9-%d7%a1%d7%90%d7%9e%d7%a8/,2026-06-01T19:31:33+00:00
nadlan_professional-sitemap2.xml,https://nad-lan.co.il/professionals/%d7%90%d7%98%d7%a8%d7%a9-%d7%90%d7%99%d7%90%d7%93/,2026-06-01T19:31:34+00:00
nadlan_professional-sitemap2.xml,https://nad-lan.co.il/professionals/%d7%97%d7%95%d7%a8%d7%99-%d7%92%d7%90%d7%95%d7%93%d7%90%d7%aa/,2026-06-01T19:31:35+00:00
nadlan_professional-sitemap2.xml,https://nad-lan.co.il/professionals/%d7%93%d7%94%d7%90%d7%9e%d7%a9%d7%94-%d7%a0%d7%a1%d7%99%d7%9d/,2026-06-01T19:31:36+00:00
nadlan_professional-sitemap2.xml,https://nad-lan.co.il/professionals/%d7%a0%d7%95%d7%92%d7%99%d7%93%d7%90%d7%aa-%d7%a8%d7%90%d7%aa%d7%91/,2026-06-01T19:31:37+00:00
nadlan_professional-sitemap2.xml,https://nad-lan.co.il/professionals/%d7%9e%d7%a8%d7%92%d7%99%d7%94-%d7%95%d7%a1%d7%99%d7%9d/,2026-06-01T19:31:38+00:00
nadlan_professional-sitemap2.xml,https://nad-lan.co.il/professionals/%d7%90%d7%9c-%d7%a1%d7%99%d7%99%d7%93-%d7%99%d7%95%d7%a1%d7%a3/,2026-06-01T19:31:38+00:00
nadlan_professional-sitemap2.xml,https://nad-lan.co.il/professionals/%d7%90%d7%9c%d7%98%d7%a7%d7%90%d7%aa-%d7%97%d7%90%d7%9c%d7%93/,2026-06-01T19:31:39+00:00
nadlan_professional-sitemap2.xml,https://nad-lan.co.il/professionals/%d7%a2%d7%95%d7%93%d7%aa%d7%90%d7%9c%d7%9c%d7%94-%d7%a2%d7%93%d7%9c%d7%99/,2026-06-01T19:31:40+00:00
nadlan_professional-sitemap2.xml,https://nad-lan.co.il/professionals/%d7%a9%d7%95%d7%95%d7%99%d7%a7%d7%99-%d7%90%d7%91%d7%a8%d7%94%d7%99%d7%9d/,2026-06-01T19:31:41+00:00
nadlan_professional-sitemap2.xml,https://nad-lan.co.il/professionals/%d7%92%d7%95%d7%94%d7%a8%d7%99-%d7%a2%d7%9e%d7%90%d7%93/,2026-06-01T19:31:42+00:00
nadlan_professional-sitemap2.xml,https://nad-lan.co.il/professionals/%d7%90%d7%91%d7%95-%d7%92%d7%91%d7%9c-%d7%96%d7%99%d7%93/,2026-06-01T19:31:43+00:00
nadlan_professional-sitemap2.xml,https://nad-lan.co.il/professionals/%d7%90%d7%91%d7%95-%d7%a1%d7%90%d7%9c%d7%97-%d7%96%d7%99%d7%99%d7%93/,2026-06-01T19:31:44+00:00
nadlan_professional-sitemap2.xml,https://nad-lan.co.il/professionals/%d7%a8%d7%93%d7%90-%d7%a2%d7%9e%d7%90%d7%93/,2026-06-01T19:31:45+00:00
nadlan_professional-sitemap2.xml,https://nad-lan.co.il/professionals/%d7%90%d7%91%d7%a8%d7%90%d7%94%d7%99%d7%9d-%d7%9b%d7%9c%d7%99%d7%9d/,2026-06-01T19:31:46+00:00
nadlan_professional-sitemap2.xml,https://nad-lan.co.il/professionals/%d7%91%d7%98%d7%97%d7%99%d7%a9-%d7%a2%d7%9e%d7%90%d7%93/,2026-06-01T19:31:46+00:00
nadlan_professional-sitemap2.xml,https://nad-lan.co.il/professionals/%d7%a9%d7%a2%d7%90%d7%a8-%d7%9e%d7%a2%d7%93%d7%90%d7%93/,2026-06-01T19:31:47+00:00
nadlan_professional-sitemap2.xml,https://nad-lan.co.il/professionals/%d7%91%d7%98%d7%97%d7%99%d7%a9-%d7%90%d7%9e%d7%92%d7%93/,2026-06-01T19:31:50+00:00
nadlan_professional-sitemap2.xml,https://nad-lan.co.il/professionals/%d7%a2%d7%91%d7%93-%d7%90%d7%9c-%d7%95%d7%9c%d7%99-%d7%a1%d7%9e%d7%99%d7%97/,2026-06-01T19:31:51+00:00
nadlan_professional-sitemap2.xml,https://nad-lan.co.il/professionals/%d7%a1%d7%99%d7%99%d7%93-%d7%90%d7%97%d7%9e%d7%93-%d7%9e%d7%95%d7%a2%d7%93%d7%90%d7%93/,2026-06-01T19:31:52+00:00
nadlan_professional-sitemap2.xml,https://nad-lan.co.il/professionals/%d7%a0%d7%90%d7%a1%d7%a8-%d7%97%d7%91%d7%99%d7%91/,2026-06-01T19:31:53+00:00
nadlan_professional-sitemap2.xml,https://nad-lan.co.il/professionals/%d7%a9%d7%97%d7%90%d7%93%d7%94-%d7%a1%d7%9c%d7%99%d7%9e%d7%90%d7%9f/,2026-06-01T19:31:54+00:00
nadlan_professional-sitemap2.xml,https://nad-lan.co.il/professionals/%d7%90%d7%92%d7%91%d7%a8%d7%99%d7%94-%d7%a2%d7%90%d7%a8%d7%a3/,2026-06-01T19:31:54+00:00
nadlan_professional-sitemap2.xml,https://nad-lan.co.il/professionals/%d7%90%d7%91%d7%95-%d7%90%d7%a1%d7%9e%d7%90%d7%a2%d7%99%d7%9c-%d7%a4%d7%99%d7%a1%d7%9c/,2026-06-01T19:31:55+00:00
nadlan_professional-sitemap2.xml,https://nad-lan.co.il/professionals/%d7%90%d7%92%d7%91%d7%90%d7%a8%d7%99%d7%94-%d7%a2%d7%99%d7%9e%d7%90%d7%93/,2026-06-01T19:31:56+00:00
nadlan_professional-sitemap2.xml,https://nad-lan.co.il/professionals/%d7%a1%d7%a4%d7%95%d7%a8%d7%99-%d7%90%d7%91%d7%a8%d7%90%d7%94%d7%99%d7%9d/,2026-06-01T19:31:57+00:00
nadlan_professional-sitemap2.xml,https://nad-lan.co.il/professionals/%d7%92%d7%91%d7%90%d7%a8%d7%99%d7%9f-%d7%9e%d7%95%d7%97%d7%9e%d7%93/,2026-06-01T19:31:58+00:00
nadlan_professional-sitemap2.xml,https://nad-lan.co.il/professionals/%d7%9e%d7%97%d7%90%d7%9e%d7%99%d7%93-%d7%90%d7%91%d7%a8%d7%94%d7%99%d7%9d/,2026-06-01T19:31:59+00:00
nadlan_professional-sitemap2.xml,https://nad-lan.co.il/professionals/%d7%90%d7%92%d7%91%d7%90%d7%a8%d7%99%d7%94-%d7%9e%d7%90%d7%94%d7%a8/,2026-06-01T19:32:00+00:00
nadlan_professional-sitemap2.xml,https://nad-lan.co.il/professionals/%d7%9e%d7%a1%d7%90%d7%9c%d7%97%d7%94-%d7%90%d7%99%d7%94%d7%90%d7%91/,2026-06-01T19:32:01+00:00
nadlan_professional-sitemap2.xml,https://nad-lan.co.il/professionals/%d7%97%d7%95%d7%a1%d7%99%d7%99%d7%9f-%d7%a0%d7%99%d7%96%d7%90%d7%a8/,2026-06-01T19:32:02+00:00
nadlan_professional-sitemap2.xml,https://nad-lan.co.il/professionals/%d7%a0%d7%a1%d7%99%d7%99%d7%a8-%d7%97%d7%95%d7%a1%d7%90%d7%9d/,2026-06-01T19:32:05+00:00
nadlan_professional-sitemap2.xml,https://nad-lan.co.il/professionals/%d7%9e%d7%97%d7%90%d7%9e%d7%99%d7%93-%d7%90%d7%91%d7%a8%d7%90%d7%94%d7%99%d7%9d/,2026-06-01T19:32:06+00:00
nadlan_professional-sitemap2.xml,https://nad-lan.co.il/professionals/%d7%97%d7%95%d7%90-%d7%a2%d7%9c%d7%90/,2026-06-01T19:32:06+00:00
nadlan_professional-sitemap2.xml,https://nad-lan.co.il/professionals/%d7%93%d7%a0%d7%99%d7%9f-%d7%a8%d7%95%d7%a0%d7%9f/,2026-06-01T19:32:07+00:00
nadlan_professional-sitemap2.xml,https://nad-lan.co.il/professionals/%d7%97%d7%95%d7%92%d7%a8%d7%90%d7%aa-%d7%9e%d7%95%d7%97%d7%9e%d7%93/,2026-06-01T19:32:08+00:00
nadlan_professional-sitemap2.xml,https://nad-lan.co.il/professionals/%d7%91%d7%9c%d7%90%d7%9f-%d7%96%d7%90%d7%94%d7%a8/,2026-06-01T19:32:09+00:00
nadlan_professional-sitemap2.xml,https://nad-lan.co.il/professionals/%d7%90%d7%a2%d7%9e%d7%a8-%d7%98%d7%90%d7%a8%d7%a7/,2026-06-01T19:32:10+00:00
nadlan_professional-sitemap2.xml,https://nad-lan.co.il/professionals/%d7%9c%d7%a0%d7%92%d7%94%d7%9d-%d7%a0%d7%a2%d7%9d/,2026-06-01T19:32:10+00:00
nadlan_professional-sitemap3.xml,https://nad-lan.co.il/professionals/%d7%a2%d7%99%d7%a1%d7%9e%d7%99-%d7%a2%d7%96%d7%9e%d7%99/,2026-06-01T19:32:11+00:00
nadlan_professional-sitemap3.xml,https://nad-lan.co.il/professionals/%d7%9e%d7%9b%d7%90%d7%9c%d7%99-%d7%90%d7%9c%d7%99/,2026-06-01T19:32:11+00:00
nadlan_professional-sitemap3.xml,https://nad-lan.co.il/professionals/%d7%97%d7%95%d7%a8%d7%99-%d7%97%d7%9c%d7%99%d7%9c/,2026-06-01T19:32:12+00:00
nadlan_professional-sitemap3.xml,https://nad-lan.co.il/professionals/%d7%90%d7%9c%d7%99%d7%a9%d7%a2-%d7%99%d7%94%d7%95%d7%a9%d7%95%d7%a2/,2026-06-01T19:32:12+00:00
nadlan_professional-sitemap3.xml,https://nad-lan.co.il/professionals/%d7%9e%d7%99%d7%a2%d7%90%d7%a8%d7%99-%d7%a0%d7%96%d7%99%d7%94/,2026-06-01T19:32:13+00:00
nadlan_professional-sitemap3.xml,https://nad-lan.co.il/professionals/%d7%90%d7%a8%d7%99%d7%a1-%d7%90%d7%91%d7%a8%d7%94%d7%9d/,2026-06-01T19:32:13+00:00
nadlan_professional-sitemap3.xml,https://nad-lan.co.il/professionals/%d7%90%d7%9c%d7%99%d7%94-%d7%97%d7%a0%d7%9f/,2026-06-01T19:32:14+00:00
nadlan_professional-sitemap3.xml,https://nad-lan.co.il/professionals/%d7%90%d7%9c%d7%91%d7%a1-%d7%9c%d7%99%d7%93%d7%9f/,2026-06-01T19:32:14+00:00
nadlan_professional-sitemap3.xml,https://nad-lan.co.il/professionals/%d7%92%d7%a8%d7%9e%d7%94-%d7%93%d7%a7%d7%9c/,2026-06-01T19:32:15+00:00
nadlan_professional-sitemap3.xml,https://nad-lan.co.il/professionals/%d7%a4%d7%97%d7%9e%d7%90%d7%95%d7%99-%d7%90%d7%95%d7%a1%d7%90%d7%9e%d7%90/,2026-06-01T19:32:16+00:00
nadlan_professional-sitemap3.xml,https://nad-lan.co.il/professionals/%d7%a0%d7%90%d7%9e%d7%9f-%d7%a2%d7%95%d7%a4%d7%a8/,2026-06-01T19:32:16+00:00
nadlan_professional-sitemap3.xml,https://nad-lan.co.il/professionals/%d7%a2%d7%9b%d7%a8%d7%99%d7%94-%d7%a0%d7%96%d7%99%d7%94/,2026-06-01T19:32:17+00:00
nadlan_professional-sitemap3.xml,https://nad-lan.co.il/professionals/%d7%9e%d7%9c%d7%9b%d7%94-%d7%99%d7%a6%d7%97%d7%a7/,2026-06-01T19:32:17+00:00
nadlan_professional-sitemap3.xml,https://nad-lan.co.il/professionals/%d7%a2%d7%a4%d7%90%d7%a8%d7%94-%d7%a8%d7%99%d7%90%d7%93/,2026-06-01T19:32:18+00:00
nadlan_professional-sitemap3.xml,https://nad-lan.co.il/professionals/%d7%90%d7%98%d7%99%d7%a0%d7%92%d7%a8-%d7%92%d7%9c%d7%a2%d7%93/,2026-06-01T19:32:18+00:00
nadlan_professional-sitemap3.xml,https://nad-lan.co.il/professionals/%d7%92%d7%a0%d7%90%d7%99%d7%9e%d7%94-%d7%a2%d7%91%d7%93-%d7%90%d7%9c-%d7%9e%d7%95%d7%a0%d7%a2%d7%9d/,2026-06-01T19:32:19+00:00
nadlan_professional-sitemap3.xml,https://nad-lan.co.il/professionals/%d7%a8%d7%91%d7%99-%d7%a6%d7%97%d7%99/,2026-06-01T19:32:19+00:00
nadlan_professional-sitemap3.xml,https://nad-lan.co.il/professionals/%d7%9e%d7%97%d7%90%d7%9e%d7%99%d7%93-%d7%9e%d7%95%d7%97%d7%9e%d7%93-3/,2026-06-01T19:32:20+00:00
nadlan_professional-sitemap3.xml,https://nad-lan.co.il/professionals/%d7%9e%d7%93%d7%95%d7%99%d7%9c-%d7%9e%d7%90%d7%99%d7%a8/,2026-06-01T19:32:20+00:00
nadlan_professional-sitemap3.xml,https://nad-lan.co.il/professionals/%d7%a2%d7%91%d7%90%d7%a1-%d7%9e%d7%95%d7%97%d7%9e%d7%93/,2026-06-01T19:32:21+00:00
nadlan_professional-sitemap3.xml,https://nad-lan.co.il/professionals/%d7%98%d7%90%d7%94%d7%90-%d7%9e%d7%90%d7%94%d7%9c/,2026-06-01T19:32:21+00:00
nadlan_professional-sitemap3.xml,https://nad-lan.co.il/professionals/%d7%99%d7%94%d7%95%d7%93-%d7%98%d7%9c/,2026-06-01T19:32:21+00:00
nadlan_professional-sitemap3.xml,https://nad-lan.co.il/professionals/%d7%97%d7%a1%d7%90%d7%a8%d7%9e%d7%94-%d7%a2%d7%a1%d7%95%d7%91/,2026-06-01T19:32:22+00:00
nadlan_professional-sitemap3.xml,https://nad-lan.co.il/professionals/%d7%90%d7%91%d7%a8%d7%94%d7%9d-%d7%a9%d7%9c%d7%9e%d7%94/,2026-06-01T19:32:22+00:00
nadlan_professional-sitemap3.xml,https://nad-lan.co.il/professionals/%d7%97%d7%90%d7%92%d7%99-%d7%a0%d7%92%d7%99%d7%91/,2026-06-01T19:32:23+00:00
nadlan_professional-sitemap3.xml,https://nad-lan.co.il/professionals/%d7%99%d7%a4%d7%94-%d7%91%d7%95%d7%a2%d7%96-%d7%99%d7%94%d7%95%d7%93%d7%94/,2026-06-01T19:32:23+00:00
nadlan_professional-sitemap3.xml,https://nad-lan.co.il/professionals/%d7%90%d7%91%d7%95-%d7%97%d7%a1%d7%9f-%d7%a1%d7%9c%d7%99%d7%9e%d7%90%d7%9f/,2026-06-01T19:32:24+00:00
nadlan_professional-sitemap3.xml,https://nad-lan.co.il/professionals/%d7%91%d7%a0%d7%90%d7%91%d7%95-%d7%9e%d7%a9%d7%94/,2026-06-01T19:32:24+00:00
nadlan_professional-sitemap3.xml,https://nad-lan.co.il/professionals/%d7%a8%d7%91%d7%99-%d7%92%d7%99%d7%9c/,2026-06-01T19:32:25+00:00
nadlan_professional-sitemap3.xml,https://nad-lan.co.il/professionals/%d7%92%d7%91%d7%90%d7%99-%d7%99%d7%a6%d7%97%d7%a7/,2026-06-01T19:32:25+00:00
nadlan_professional-sitemap3.xml,https://nad-lan.co.il/professionals/%d7%9e%d7%a8%d7%9c%d7%99-%d7%90%d7%95%d7%a4%d7%99%d7%a8/,2026-06-01T19:32:26+00:00
nadlan_professional-sitemap3.xml,https://nad-lan.co.il/professionals/%d7%a0%d7%99%d7%92%d7%9d-%d7%92%d7%99%d7%9c%d7%91%d7%a8/,2026-06-01T19:32:27+00:00
nadlan_professional-sitemap3.xml,https://nad-lan.co.il/professionals/%d7%a8%d7%a7%d7%95%d7%91%d7%a1%d7%a7%d7%99-%d7%99%d7%a6%d7%97%d7%a7/,2026-06-01T19:32:27+00:00
nadlan_professional-sitemap3.xml,https://nad-lan.co.il/professionals/%d7%96%d7%94%d7%a8-%d7%a1%d7%9e%d7%99%d7%a8/,2026-06-01T19:32:28+00:00
nadlan_professional-sitemap3.xml,https://nad-lan.co.il/professionals/%d7%a9%d7%95%d7%a9%d7%9f-%d7%99%d7%95%d7%90%d7%9c/,2026-06-01T19:32:28+00:00
nadlan_professional-sitemap3.xml,https://nad-lan.co.il/professionals/%d7%97%d7%99%d7%93%d7%a8%d7%99-%d7%9e%d7%95%d7%97%d7%9e%d7%93/,2026-06-01T19:32:29+00:00
nadlan_professional-sitemap3.xml,https://nad-lan.co.il/professionals/%d7%97%d7%9c%d7%90%d7%99%d7%9c%d7%94-%d7%91%d7%90%d7%93%d7%99/,2026-06-01T19:32:29+00:00
nadlan_professional-sitemap3.xml,https://nad-lan.co.il/professionals/%d7%9e%d7%96%d7%95%d7%a8-%d7%a8%d7%a4%d7%99/,2026-06-01T19:32:29+00:00
nadlan_professional-sitemap3.xml,https://nad-lan.co.il/professionals/%d7%90%d7%95%d7%a1%d7%9e%d7%90%d7%94-%d7%9b%d7%99%d7%95%d7%a3/,2026-06-01T19:32:30+00:00
nadlan_professional-sitemap3.xml,https://nad-lan.co.il/professionals/%d7%9e%d7%a0%d7%a9%d7%94%d7%a4%d7%95%d7%a8-%d7%90%d7%a8%d7%99%d7%a7/,2026-06-01T19:32:30+00:00
nadlan_professional-sitemap3.xml,https://nad-lan.co.il/professionals/%d7%92%d7%99%d7%90%d7%a8-%d7%97%d7%90%d7%aa%d7%9d/,2026-06-01T19:32:31+00:00
nadlan_professional-sitemap3.xml,https://nad-lan.co.il/professionals/%d7%91%d7%9c%d7%99%d7%a9%d7%94-%d7%99%d7%95%d7%a1%d7%99/,2026-06-01T19:32:31+00:00
nadlan_professional-sitemap3.xml,https://nad-lan.co.il/professionals/%d7%91%d7%9f-%d7%93%d7%95%d7%93-%d7%99%d7%92%d7%90%d7%9c/,2026-06-01T19:32:31+00:00
nadlan_professional-sitemap3.xml,https://nad-lan.co.il/professionals/%d7%9e%d7%97%d7%9e%d7%95%d7%93-%d7%91%d7%94%d7%90-%d7%90%d7%9c%d7%93%d7%99%d7%9f/,2026-06-01T19:32:32+00:00
nadlan_professional-sitemap3.xml,https://nad-lan.co.il/professionals/%d7%a9%d7%90%d7%a7%d7%99%d7%a8-%d7%90%d7%99%d7%aa%d7%9f/,2026-06-01T19:32:32+00:00
nadlan_professional-sitemap3.xml,https://nad-lan.co.il/professionals/%d7%97%d7%98%d7%99%d7%91-%d7%97%d7%90%d7%9c%d7%93/,2026-06-01T19:32:33+00:00
nadlan_professional-sitemap3.xml,https://nad-lan.co.il/professionals/%d7%9b%d7%94%d7%9f-%d7%99%d7%94%d7%95%d7%93%d7%94-%d7%94%d7%93%d7%99/,2026-06-01T19:32:33+00:00
nadlan_professional-sitemap3.xml,https://nad-lan.co.il/professionals/%d7%97%d7%98%d7%99%d7%91-%d7%97%d7%90%d7%9c%d7%93-2/,2026-06-01T19:32:34+00:00
nadlan_professional-sitemap3.xml,https://nad-lan.co.il/professionals/%d7%90%d7%9c%d7%a4%d7%a1%d7%99-%d7%99%d7%95%d7%a1%d7%99/,2026-06-01T19:32:34+00:00
nadlan_professional-sitemap3.xml,https://nad-lan.co.il/professionals/%d7%97%d7%a1%d7%9f-%d7%a2%d7%95%d7%9e%d7%a8/,2026-06-01T19:32:35+00:00
nadlan_professional-sitemap3.xml,https://nad-lan.co.il/professionals/%d7%90%d7%91%d7%a0%d7%99-%d7%90%d7%91%d7%99%d7%97%d7%99/,2026-06-01T19:32:35+00:00
nadlan_professional-sitemap3.xml,https://nad-lan.co.il/professionals/%d7%a2%d7%91%d7%93%d7%90%d7%9c%d7%9c%d7%94-%d7%91%d7%9c%d7%90%d7%9c/,2026-06-01T19:32:36+00:00
nadlan_professional-sitemap3.xml,https://nad-lan.co.il/professionals/%d7%a9%d7%95%d7%a8%d7%95%d7%a9-%d7%a1%d7%90%d7%94%d7%a8/,2026-06-01T19:32:37+00:00
nadlan_professional-sitemap3.xml,https://nad-lan.co.il/professionals/%d7%9e%d7%95%d7%95%d7%90%d7%a1%d7%99-%d7%97%d7%95%d7%a1%d7%90%d7%9d/,2026-06-01T19:32:38+00:00
nadlan_professional-sitemap3.xml,https://nad-lan.co.il/professionals/%d7%9e%d7%a0%d7%99-%d7%93%d7%a7%d7%9c/,2026-06-01T19:32:38+00:00
nadlan_professional-sitemap3.xml,https://nad-lan.co.il/professionals/%d7%94%d7%a8%d7%a8%d7%99-%d7%a0%d7%99%d7%a1%d7%99%d7%9d/,2026-06-01T19:32:39+00:00
nadlan_professional-sitemap3.xml,https://nad-lan.co.il/professionals/%d7%95%d7%aa%d7%93-%d7%9e%d7%95%d7%97%d7%9e%d7%93/,2026-06-01T19:32:40+00:00
nadlan_professional-sitemap3.xml,https://nad-lan.co.il/professionals/%d7%9e%d7%96%d7%a8%d7%97%d7%99-%d7%93%d7%a8%d7%95%d7%a8/,2026-06-01T19:32:40+00:00
nadlan_professional-sitemap3.xml,https://nad-lan.co.il/professionals/%d7%a2%d7%96%d7%90%d7%99%d7%96%d7%94-%d7%96%d7%9b%d7%a8%d7%99%d7%94/,2026-06-01T19:32:41+00:00
nadlan_professional-sitemap3.xml,https://nad-lan.co.il/professionals/%d7%a8%d7%95%d7%96-%d7%93%d7%95%d7%a8%d7%95%d7%9f/,2026-06-01T19:32:41+00:00
nadlan_professional-sitemap3.xml,https://nad-lan.co.il/professionals/%d7%a8%d7%90%d7%91%d7%95%d7%a1-%d7%92%d7%9e%d7%90%d7%9c/,2026-06-01T19:32:42+00:00
nadlan_professional-sitemap3.xml,https://nad-lan.co.il/professionals/%d7%a8%d7%95%d7%91%d7%a1-%d7%a8%d7%95%d7%91%d7%99/,2026-06-01T19:32:42+00:00
nadlan_professional-sitemap3.xml,https://nad-lan.co.il/professionals/%d7%a8%d7%99%d7%99%d7%a3-%d7%a7%d7%95%d7%91%d7%99/,2026-06-01T19:32:42+00:00
nadlan_professional-sitemap3.xml,https://nad-lan.co.il/professionals/%d7%90%d7%a9%d7%a7%d7%a8-%d7%a1%d7%9c%d7%99%d7%9e%d7%90%d7%9f/,2026-06-01T19:32:43+00:00
nadlan_professional-sitemap3.xml,https://nad-lan.co.il/professionals/%d7%96%d7%99%d7%a8%d7%93-%d7%90%d7%9e%d7%99%d7%a8/,2026-06-01T19:32:43+00:00
nadlan_professional-sitemap3.xml,https://nad-lan.co.il/professionals/%d7%97%d7%95%d7%a8%d7%99-%d7%a8%d7%90%d7%99%d7%93/,2026-06-01T19:32:44+00:00
nadlan_professional-sitemap3.xml,https://nad-lan.co.il/professionals/%d7%9c%d7%92%d7%96%d7%99%d7%90%d7%9c-%d7%a9%d7%9e%d7%95%d7%90%d7%9c/,2026-06-01T19:32:44+00:00
nadlan_professional-sitemap3.xml,https://nad-lan.co.il/professionals/%d7%a9%d7%95%d7%a4%d7%90%d7%a0%d7%99-%d7%90%d7%9e%d7%9c/,2026-06-01T19:32:45+00:00
nadlan_professional-sitemap3.xml,https://nad-lan.co.il/professionals/%d7%9b%d7%94%d7%9f-%d7%90%d7%a8%d7%96/,2026-06-01T19:32:45+00:00
nadlan_professional-sitemap3.xml,https://nad-lan.co.il/professionals/%d7%91%d7%a1%d7%9c-%d7%95%d7%95%d7%a1%d7%99%d7%9d/,2026-06-01T19:32:46+00:00
nadlan_professional-sitemap3.xml,https://nad-lan.co.il/professionals/%d7%91%d7%a8-%d7%a2%d7%95%d7%96-%d7%90%d7%a1%d7%a3/,2026-06-01T19:32:46+00:00
nadlan_professional-sitemap3.xml,https://nad-lan.co.il/professionals/%d7%a2%d7%91%d7%93%d7%90%d7%9c-%d7%9b%d7%a8%d7%99%d7%9d-%d7%a9%d7%a0%d7%90%d7%aa%d7%99/,2026-06-01T19:32:47+00:00
nadlan_professional-sitemap3.xml,https://nad-lan.co.il/professionals/%d7%97%d7%99%d7%a8%d7%91%d7%90%d7%95%d7%99-%d7%90%d7%9e%d7%99%d7%a8/,2026-06-01T19:32:47+00:00
nadlan_professional-sitemap3.xml,https://nad-lan.co.il/professionals/%d7%a1%d7%99%d7%95%d7%9f-%d7%a0%d7%99%d7%91/,2026-06-01T19:32:47+00:00
nadlan_professional-sitemap3.xml,https://nad-lan.co.il/professionals/%d7%90%d7%91%d7%95-%d7%a2%d7%9c%d7%99%d7%95%d7%9f-%d7%a1%d7%90%d7%9c%d7%99%d7%9d/,2026-06-01T19:32:48+00:00
nadlan_professional-sitemap3.xml,https://nad-lan.co.il/professionals/%d7%90%d7%92%d7%90-%d7%90%d7%9c%d7%99/,2026-06-01T19:32:48+00:00
nadlan_professional-sitemap3.xml,https://nad-lan.co.il/professionals/%d7%92%d7%95%d7%98%d7%9e%d7%9f-%d7%98%d7%9c/,2026-06-01T19:32:48+00:00
nadlan_professional-sitemap3.xml,https://nad-lan.co.il/professionals/%d7%a1%d7%9c%d7%99%d7%9e%d7%90%d7%9f-%d7%a4%d7%90%d7%95%d7%96%d7%99/,2026-06-01T19:32:49+00:00
nadlan_professional-sitemap3.xml,https://nad-lan.co.il/professionals/%d7%9e%d7%90%d7%99%d7%94-%d7%99%d7%95%d7%91%d7%9c/,2026-06-01T19:32:49+00:00
nadlan_professional-sitemap3.xml,https://nad-lan.co.il/professionals/%d7%a7%d7%99%d7%a1%d7%a8-%d7%a4%d7%95%d7%90%d7%93/,2026-06-01T19:32:50+00:00
nadlan_professional-sitemap3.xml,https://nad-lan.co.il/professionals/%d7%a9%d7%95%d7%94%d7%9d-%d7%a9%d7%92%d7%99%d7%91/,2026-06-01T19:32:50+00:00
nadlan_professional-sitemap3.xml,https://nad-lan.co.il/professionals/%d7%90%d7%9c-%d7%9e%d7%95%d7%97%d7%9e%d7%93-%d7%a0%d7%90%d7%99%d7%9c/,2026-06-01T19:32:51+00:00
nadlan_professional-sitemap3.xml,https://nad-lan.co.il/professionals/%d7%a1%d7%95%d7%a4%d7%a8-%d7%a9%d7%97%d7%a8/,2026-06-01T19:32:51+00:00
nadlan_professional-sitemap3.xml,https://nad-lan.co.il/professionals/%d7%a9%d7%9c%d7%a9-%d7%9e%d7%95%d7%97%d7%9e%d7%93/,2026-06-01T19:32:52+00:00
nadlan_professional-sitemap3.xml,https://nad-lan.co.il/professionals/%d7%90%d7%9c%d7%99%d7%90%d7%a1%d7%99-%d7%90%d7%95%d7%a8%d7%9f/,2026-06-01T19:32:52+00:00
nadlan_professional-sitemap3.xml,https://nad-lan.co.il/professionals/%d7%9e%d7%a8%d7%a2%d7%99-%d7%a2%d7%95%d7%9e%d7%a8/,2026-06-01T19:32:53+00:00
nadlan_professional-sitemap3.xml,https://nad-lan.co.il/professionals/%d7%90%d7%9c%d7%99%d7%90%d7%a1-%d7%93%d7%a0%d7%99%d7%90%d7%9c/,2026-06-01T19:32:53+00:00
nadlan_professional-sitemap3.xml,https://nad-lan.co.il/professionals/%d7%a2%d7%a4%d7%90%d7%a8%d7%94-%d7%a4%d7%94%d7%93/,2026-06-01T19:32:54+00:00
nadlan_professional-sitemap3.xml,https://nad-lan.co.il/professionals/%d7%a1%d7%95%d7%99%d7%a1%d7%94-%d7%90%d7%a9%d7%a8/,2026-06-01T19:32:54+00:00
nadlan_professional-sitemap3.xml,https://nad-lan.co.il/professionals/%d7%91%d7%9f-%d7%96%d7%90%d7%91-%d7%a8%d7%a4%d7%99-%d7%90%d7%91%d7%99/,2026-06-01T19:32:54+00:00
nadlan_professional-sitemap3.xml,https://nad-lan.co.il/professionals/%d7%a8%d7%99%d7%90%d7%9f-%d7%a2%d7%9e%d7%90%d7%a8/,2026-06-01T19:32:55+00:00
nadlan_professional-sitemap3.xml,https://nad-lan.co.il/professionals/%d7%97%d7%9c%d7%91%d7%99-%d7%99%d7%95%d7%a1%d7%a3/,2026-06-01T19:32:55+00:00
nadlan_professional-sitemap3.xml,https://nad-lan.co.il/professionals/%d7%93%d7%94%d7%9f-%d7%99%d7%a6%d7%97%d7%a7-%d7%a9%d7%90%d7%95%d7%9c/,2026-06-01T19:32:55+00:00
nadlan_professional-sitemap3.xml,https://nad-lan.co.il/professionals/%d7%90%d7%91%d7%95-%d7%92%d7%91%d7%9c-%d7%a4%d7%90%d7%a8%d7%a1/,2026-06-01T19:32:56+00:00
nadlan_professional-sitemap3.xml,https://nad-lan.co.il/professionals/%d7%94%d7%99%d7%99%d7%91-%d7%a2%d7%95%d7%9e%d7%a8/,2026-06-01T19:32:57+00:00
nadlan_professional-sitemap3.xml,https://nad-lan.co.il/professionals/%d7%93%d7%a7%d7%9c-%d7%aa%d7%95%d7%9e%d7%a8/,2026-06-01T19:32:57+00:00
nadlan_professional-sitemap3.xml,https://nad-lan.co.il/professionals/%d7%a9%d7%a4%d7%99%d7%a0%d7%a8-%d7%a9%d7%97%d7%a8/,2026-06-01T19:32:57+00:00
nadlan_professional-sitemap3.xml,https://nad-lan.co.il/professionals/%d7%9e%d7%95%d7%92%d7%a8%d7%91%d7%99-%d7%a9%d7%90%d7%93%d7%99/,2026-06-01T19:32:58+00:00
nadlan_professional-sitemap3.xml,https://nad-lan.co.il/professionals/%d7%95%d7%95%d7%a7%d7%a0%d7%99%d7%9f-%d7%90%d7%a8%d7%96/,2026-06-01T19:32:58+00:00
nadlan_professional-sitemap3.xml,https://nad-lan.co.il/professionals/%d7%90%d7%91%d7%95-%d7%96%d7%99%d7%93-%d7%96%d7%99%d7%93/,2026-06-01T19:32:59+00:00
nadlan_professional-sitemap3.xml,https://nad-lan.co.il/professionals/%d7%99%d7%97%d7%96%d7%a7%d7%90%d7%9c-%d7%99%d7%94%d7%95%d7%a9%d7%95%d7%a2/,2026-06-01T19:32:59+00:00
nadlan_professional-sitemap3.xml,https://nad-lan.co.il/professionals/%d7%97%d7%95%d7%a1%d7%99%d7%99%d7%9f-%d7%97%d7%95%d7%a1%d7%99%d7%99%d7%9f/,2026-06-01T19:33:00+00:00
nadlan_professional-sitemap3.xml,https://nad-lan.co.il/professionals/%d7%90%d7%9e%d7%a8%d7%9f-%d7%99%d7%a2%d7%a7%d7%91/,2026-06-01T19:33:00+00:00
nadlan_professional-sitemap3.xml,https://nad-lan.co.il/professionals/%d7%a2%d7%98%d7%99%d7%9c%d7%94-%d7%94%d7%99%d7%a1%d7%9d/,2026-06-01T19:33:01+00:00
nadlan_professional-sitemap3.xml,https://nad-lan.co.il/professionals/%d7%a6%d7%99%d7%a4%d7%95%d7%a8%d7%99-%d7%92%d7%99%d7%9c/,2026-06-01T19:33:01+00:00
nadlan_professional-sitemap3.xml,https://nad-lan.co.il/professionals/%d7%a0%d7%a2%d7%a8%d7%90%d7%9f-%d7%a0%d7%90%d7%99%d7%a3/,2026-06-01T19:33:02+00:00
nadlan_professional-sitemap3.xml,https://nad-lan.co.il/professionals/%d7%a9%d7%9c%d7%95%d7%a9-%d7%aa%d7%9e%d7%99%d7%a8/,2026-06-01T19:33:02+00:00
nadlan_professional-sitemap3.xml,https://nad-lan.co.il/professionals/%d7%90%d7%98%d7%a8%d7%a9-%d7%a1%d7%a2%d7%99%d7%93/,2026-06-01T19:33:03+00:00
nadlan_professional-sitemap3.xml,https://nad-lan.co.il/professionals/%d7%a2%d7%95%d7%99%d7%99%d7%93-%d7%93%d7%90%d7%95%d7%93/,2026-06-01T19:33:03+00:00
nadlan_professional-sitemap3.xml,https://nad-lan.co.il/professionals/%d7%92%d7%90%d7%9c%d7%99-%d7%a8%d7%a4%d7%90%d7%9c/,2026-06-01T19:33:03+00:00
nadlan_professional-sitemap3.xml,https://nad-lan.co.il/professionals/%d7%93%d7%a7%d7%9c-%d7%92%d7%99%d7%90/,2026-06-01T19:33:04+00:00
nadlan_professional-sitemap3.xml,https://nad-lan.co.il/professionals/%d7%90%d7%91%d7%95-%d7%a8%d7%90%d7%a1-%d7%a9%d7%90%d7%a4%d7%a2/,2026-06-01T19:33:05+00:00
nadlan_professional-sitemap3.xml,https://nad-lan.co.il/professionals/%d7%90%d7%93%d7%a8%d7%a2%d7%99-%d7%99%d7%a6%d7%97%d7%a7/,2026-06-01T19:33:05+00:00
nadlan_professional-sitemap3.xml,https://nad-lan.co.il/professionals/%d7%90%d7%91%d7%95-%d7%a2%d7%99%d7%90%d7%a9-%d7%94%d7%90%d7%a0%d7%99/,2026-06-01T19:33:06+00:00
nadlan_professional-sitemap3.xml,https://nad-lan.co.il/professionals/%d7%9b%d7%94%d7%9f-%d7%94%d7%99%d7%99%d7%a0%d7%95%d7%9f/,2026-06-01T19:33:06+00:00
nadlan_professional-sitemap3.xml,https://nad-lan.co.il/professionals/%d7%90%d7%92%d7%90%d7%91%d7%a8%d7%99%d7%94-%d7%97%d7%95%d7%a1%d7%90%d7%9d/,2026-06-01T19:33:07+00:00
nadlan_professional-sitemap3.xml,https://nad-lan.co.il/professionals/%d7%96%d7%95%d7%a2%d7%91%d7%99-%d7%90%d7%97%d7%9e%d7%93-2/,2026-06-01T19:33:07+00:00
nadlan_professional-sitemap3.xml,https://nad-lan.co.il/professionals/%d7%9b%d7%94%d7%9f-%d7%99%d7%a6%d7%97%d7%a7-3/,2026-06-01T19:33:07+00:00
nadlan_professional-sitemap3.xml,https://nad-lan.co.il/professionals/%d7%99%d7%95%d7%a0%d7%a1-%d7%97%d7%98%d7%90%d7%91/,2026-06-01T19:33:08+00:00
nadlan_professional-sitemap3.xml,https://nad-lan.co.il/professionals/%d7%9c%d7%95%d7%96%d7%95%d7%9f-%d7%9e%d7%90%d7%99%d7%a8/,2026-06-01T19:33:08+00:00
nadlan_professional-sitemap3.xml,https://nad-lan.co.il/professionals/%d7%99%d7%95%d7%a0%d7%a1-%d7%93%d7%a8%d7%90%d7%a8/,2026-06-01T19:33:09+00:00
nadlan_professional-sitemap3.xml,https://nad-lan.co.il/professionals/%d7%9b%d7%94%d7%9f-%d7%99%d7%95%d7%a1%d7%a3-2/,2026-06-01T19:33:09+00:00
nadlan_professional-sitemap3.xml,https://nad-lan.co.il/professionals/%d7%90%d7%9c%d7%99%d7%94%d7%95-%d7%96%d7%9e%d7%99%d7%a8/,2026-06-01T19:33:09+00:00
nadlan_professional-sitemap3.xml,https://nad-lan.co.il/professionals/%d7%a7%d7%93%d7%a8-%d7%92%d7%93%d7%a2%d7%95%d7%9f/,2026-06-01T19:33:10+00:00
nadlan_professional-sitemap3.xml,https://nad-lan.co.il/professionals/%d7%90%d7%9c%d7%a2%d7%90%d7%91%d7%93-%d7%90%d7%9b%d7%a8%d7%9d/,2026-06-01T19:33:11+00:00
nadlan_professional-sitemap3.xml,https://nad-lan.co.il/professionals/%d7%9e%d7%95%d7%a8%d7%9c%d7%99-%d7%90%d7%a9%d7%a8-%d7%92%d7%91%d7%a8%d7%99%d7%90%d7%9c/,2026-06-01T19:33:11+00:00
nadlan_professional-sitemap3.xml,https://nad-lan.co.il/professionals/%d7%a6%d7%90%d7%9c%d7%97-%d7%a0%d7%91%d7%99%d7%9c/,2026-06-01T19:33:12+00:00
nadlan_professional-sitemap3.xml,https://nad-lan.co.il/professionals/%d7%90%d7%a8%d7%91%d7%9c-%d7%9e%d7%a9%d7%94/,2026-06-01T19:33:12+00:00
nadlan_professional-sitemap3.xml,https://nad-lan.co.il/professionals/%d7%a8%d7%99%d7%90%d7%9f-%d7%92%d7%99%d7%94%d7%90%d7%93/,2026-06-01T19:33:13+00:00
nadlan_professional-sitemap3.xml,https://nad-lan.co.il/professionals/%d7%9c%d7%99%d7%a9%d7%90%d7%95%d7%a8-%d7%92%d7%99%d7%9c/,2026-06-01T19:33:13+00:00
nadlan_professional-sitemap3.xml,https://nad-lan.co.il/professionals/%d7%a1%d7%a8%d7%a1%d7%95%d7%a8-%d7%96%d7%95%d7%94%d7%a8%d7%99/,2026-06-01T19:33:14+00:00
nadlan_professional-sitemap3.xml,https://nad-lan.co.il/professionals/%d7%92%d7%96%d7%99%d7%90%d7%9c-%d7%a2%d7%95%d7%a4%d7%a8/,2026-06-01T19:33:14+00:00
nadlan_professional-sitemap3.xml,https://nad-lan.co.il/professionals/%d7%a2%d7%95%d7%93%d7%94-%d7%90%d7%99%d7%9e%d7%9f/,2026-06-01T19:33:15+00:00
nadlan_professional-sitemap3.xml,https://nad-lan.co.il/professionals/%d7%9c%d7%95%d7%92%d7%a1%d7%99-%d7%a8%d7%9e%d7%99/,2026-06-01T19:33:15+00:00
nadlan_professional-sitemap3.xml,https://nad-lan.co.il/professionals/%d7%99%d7%90%d7%a1%d7%99%d7%9f-%d7%a2%d7%90%d7%a8%d7%a3/,2026-06-01T19:33:16+00:00
nadlan_professional-sitemap3.xml,https://nad-lan.co.il/professionals/%d7%a8%d7%99%d7%99%d7%92%d7%9f-%d7%a8%d7%95%d7%a0%d7%99/,2026-06-01T19:33:16+00:00
nadlan_professional-sitemap3.xml,https://nad-lan.co.il/professionals/%d7%90%d7%9c%d7%99%d7%90%d7%a1-%d7%90%d7%99%d7%94%d7%90%d7%91/,2026-06-01T19:33:17+00:00
nadlan_professional-sitemap3.xml,https://nad-lan.co.il/professionals/%d7%90%d7%9c%d7%99%d7%90%d7%a1-%d7%a0%d7%aa%d7%9f/,2026-06-01T19:33:17+00:00
nadlan_professional-sitemap3.xml,https://nad-lan.co.il/professionals/%d7%9e%d7%a1%d7%90%d7%a8%d7%95%d7%94-%d7%9e%d7%95%d7%94%d7%a0%d7%93/,2026-06-01T19:33:18+00:00
nadlan_professional-sitemap3.xml,https://nad-lan.co.il/professionals/%d7%92%d7%a0%d7%97-%d7%a8%d7%a4%d7%99/,2026-06-01T19:33:18+00:00
nadlan_professional-sitemap3.xml,https://nad-lan.co.il/professionals/%d7%90%d7%91%d7%95-%d7%98%d7%99%d7%a8-%d7%9e%d7%97%d7%9e%d7%95%d7%93/,2026-06-01T19:33:19+00:00
nadlan_professional-sitemap3.xml,https://nad-lan.co.il/professionals/%d7%96%d7%97%d7%90%d7%99%d7%a7%d7%94-%d7%99%d7%95%d7%a0%d7%a1/,2026-06-01T19:33:19+00:00
nadlan_professional-sitemap3.xml,https://nad-lan.co.il/professionals/%d7%a1%d7%a0%d7%a6%d7%99%d7%a7-%d7%90%d7%95%d7%a8%d7%9f/,2026-06-01T19:33:19+00:00
nadlan_professional-sitemap3.xml,https://nad-lan.co.il/professionals/%d7%96%d7%99%d7%99%d7%9f-%d7%95%d7%95%d7%90%d7%99%d7%9c/,2026-06-01T19:33:20+00:00
nadlan_professional-sitemap3.xml,https://nad-lan.co.il/professionals/%d7%a0%d7%98%d7%a3-%d7%a0%d7%99%d7%a8/,2026-06-01T19:33:20+00:00
nadlan_professional-sitemap3.xml,https://nad-lan.co.il/professionals/%d7%a0%d7%aa%d7%a9%d7%94-%d7%a2%d7%91%d7%93-%d7%90%d7%9c%d7%92%d7%95%d7%95%d7%90%d7%93/,2026-06-01T19:33:21+00:00
nadlan_professional-sitemap3.xml,https://nad-lan.co.il/professionals/%d7%9c%d7%95%d7%9c%d7%91%d7%99-%d7%99%d7%a0%d7%99%d7%91/,2026-06-01T19:33:21+00:00
nadlan_professional-sitemap3.xml,https://nad-lan.co.il/professionals/%d7%97%d7%9f-%d7%90%d7%9e%d7%a0%d7%95%d7%9f/,2026-06-01T19:33:22+00:00
nadlan_professional-sitemap3.xml,https://nad-lan.co.il/professionals/%d7%97%d7%96%d7%9f-%d7%a1%d7%99%d7%92%d7%9c/,2026-06-01T19:33:22+00:00
nadlan_professional-sitemap3.xml,https://nad-lan.co.il/professionals/%d7%a1%d7%a8%d7%94%d7%a0%d7%92%d7%99-%d7%90%d7%99%d7%99%d7%9c/,2026-06-01T19:33:24+00:00
nadlan_professional-sitemap3.xml,https://nad-lan.co.il/professionals/%d7%a0%d7%97%d7%9e%d7%9f-%d7%99%d7%a8%d7%95%d7%9f/,2026-06-01T19:33:25+00:00
nadlan_professional-sitemap3.xml,https://nad-lan.co.il/professionals/%d7%91%d7%9f-%d7%a1%d7%99%d7%9e%d7%95%d7%9f-%d7%99%d7%a9%d7%a8%d7%90%d7%9c/,2026-06-01T19:33:25+00:00
nadlan_professional-sitemap3.xml,https://nad-lan.co.il/professionals/%d7%91%d7%95%d7%a1%d7%a7%d7%99%d7%9c%d7%94-%d7%90%d7%99%d7%aa%d7%9f/,2026-06-01T19:33:26+00:00
nadlan_professional-sitemap3.xml,https://nad-lan.co.il/professionals/%d7%90%d7%93%d7%a8%d7%99-%d7%a9%d7%9e%d7%a2%d7%95%d7%9f/,2026-06-01T19:33:26+00:00
nadlan_professional-sitemap3.xml,https://nad-lan.co.il/professionals/%d7%92%d7%95%d7%96%d7%9c%d7%9f-%d7%90%d7%91%d7%99/,2026-06-01T19:33:27+00:00
nadlan_professional-sitemap3.xml,https://nad-lan.co.il/professionals/%d7%90%d7%91%d7%99%d7%96%d7%93%d7%94-%d7%9e%d7%a9%d7%99%d7%97/,2026-06-01T19:33:27+00:00
nadlan_professional-sitemap3.xml,https://nad-lan.co.il/professionals/%d7%97%d7%92%d7%90%d7%92-%d7%99%d7%a8%d7%99%d7%91/,2026-06-01T19:33:27+00:00
nadlan_professional-sitemap3.xml,https://nad-lan.co.il/professionals/%d7%9b%d7%94%d7%9f-%d7%90%d7%99%d7%99%d7%9c-2/,2026-06-01T19:33:28+00:00
nadlan_professional-sitemap3.xml,https://nad-lan.co.il/professionals/%d7%90%d7%93%d7%a8%d7%99-%d7%91%d7%95%d7%a2%d7%96/,2026-06-01T19:33:28+00:00
nadlan_professional-sitemap3.xml,https://nad-lan.co.il/professionals/%d7%9e%d7%aa%d7%aa%d7%99%d7%94%d7%95-%d7%93%d7%95%d7%a8%d7%95%d7%9f/,2026-06-01T19:33:29+00:00
nadlan_professional-sitemap3.xml,https://nad-lan.co.il/professionals/%d7%91%d7%a8-%d7%99%d7%95%d7%a1%d7%a3-%d7%92%d7%99%d7%90/,2026-06-01T19:33:29+00:00
nadlan_professional-sitemap3.xml,https://nad-lan.co.il/professionals/%d7%91%d7%a8%d7%9b%d7%94-%d7%a2%d7%95%d7%a4%d7%a8/,2026-06-01T19:33:29+00:00
nadlan_professional-sitemap3.xml,https://nad-lan.co.il/professionals/%d7%91%d7%a8-%d7%90%d7%95%d7%9f-%d7%9e%d7%a9%d7%94/,2026-06-01T19:33:30+00:00
nadlan_professional-sitemap3.xml,https://nad-lan.co.il/professionals/%d7%a8%d7%91%d7%99-%d7%90%d7%91%d7%99/,2026-06-01T19:33:30+00:00
nadlan_professional-sitemap3.xml,https://nad-lan.co.il/professionals/%d7%92%d7%a8%d7%91%d7%99-%d7%a8%d7%95%d7%91%d7%99-%d7%90%d7%9c%d7%99%d7%94/,2026-06-01T19:33:31+00:00
nadlan_professional-sitemap3.xml,https://nad-lan.co.il/professionals/%d7%99%d7%a0%d7%a7%d7%95-%d7%90%d7%a9%d7%a8/,2026-06-01T19:33:31+00:00
nadlan_professional-sitemap3.xml,https://nad-lan.co.il/professionals/%d7%90%d7%95%d7%a1%d7%93%d7%99%d7%98%d7%a9%d7%a8-%d7%9e%d7%a9%d7%94-%d7%99%d7%a6%d7%97%d7%a7/,2026-06-01T19:33:32+00:00
nadlan_professional-sitemap3.xml,https://nad-lan.co.il/professionals/%d7%96%d7%99%d7%93%d7%a0%d7%a9%d7%98%d7%99%d7%99%d7%9f-%d7%90%d7%99%d7%aa%d7%99/,2026-06-01T19:33:32+00:00
nadlan_professional-sitemap3.xml,https://nad-lan.co.il/professionals/%d7%90%d7%91%d7%99%d7%91-%d7%93%d7%a0%d7%99%d7%90%d7%9c/,2026-06-01T19:33:33+00:00
nadlan_professional-sitemap3.xml,https://nad-lan.co.il/professionals/%d7%a4%d7%a8%d7%a5-%d7%90%d7%a9%d7%a8-2/,2026-06-01T19:33:33+00:00
nadlan_professional-sitemap3.xml,https://nad-lan.co.il/professionals/%d7%91%d7%a8%d7%96%d7%99%d7%93%d7%94-%d7%a4%d7%a8%d7%93%d7%99/,2026-06-01T19:33:33+00:00
nadlan_professional-sitemap3.xml,https://nad-lan.co.il/professionals/%d7%97%d7%93%d7%90%d7%93-%d7%a2%d7%95%d7%a4%d7%a8/,2026-06-01T19:33:34+00:00
nadlan_professional-sitemap3.xml,https://nad-lan.co.il/professionals/%d7%93%d7%99%d7%93%d7%99-%d7%a8%d7%95%d7%a0%d7%9f/,2026-06-01T19:33:34+00:00
nadlan_professional-sitemap3.xml,https://nad-lan.co.il/professionals/%d7%91%d7%9f-%d7%9e%d7%95%d7%97%d7%94-%d7%90%d7%9c%d7%99%d7%94%d7%95/,2026-06-01T19:33:35+00:00
nadlan_professional-sitemap3.xml,https://nad-lan.co.il/professionals/%d7%a4%d7%99%d7%a0%d7%98%d7%95-%d7%99%d7%a0%d7%99%d7%91/,2026-06-01T19:33:35+00:00
nadlan_professional-sitemap3.xml,https://nad-lan.co.il/professionals/%d7%92%d7%9c-%d7%a0%d7%a2%d7%9d/,2026-06-01T19:33:36+00:00
nadlan_professional-sitemap3.xml,https://nad-lan.co.il/professionals/%d7%a2%d7%98%d7%99%d7%94-%d7%99%d7%92%d7%90%d7%9c/,2026-06-01T19:33:36+00:00
nadlan_professional-sitemap3.xml,https://nad-lan.co.il/professionals/%d7%a4%d7%95%d7%a8%d7%a8-%d7%a9%d7%99/,2026-06-01T19:33:37+00:00
nadlan_professional-sitemap3.xml,https://nad-lan.co.il/professionals/%d7%a9%d7%9e%d7%95%d7%90%d7%9c%d7%95%d7%91-%d7%92%d7%99%d7%9c/,2026-06-01T19:33:38+00:00
nadlan_professional-sitemap3.xml,https://nad-lan.co.il/professionals/%d7%90%d7%9c%d7%97%d7%93%d7%93-%d7%91%d7%a0%d7%99%d7%9e%d7%99%d7%9f/,2026-06-01T19:33:38+00:00
nadlan_professional-sitemap3.xml,https://nad-lan.co.il/professionals/%d7%a1%d7%9c%d7%94%d7%95%d7%91-%d7%a8%d7%a4%d7%90%d7%9c/,2026-06-01T19:33:39+00:00
nadlan_professional-sitemap3.xml,https://nad-lan.co.il/professionals/%d7%9c%d7%95%d7%99-%d7%99%d7%95%d7%a1%d7%a3-%d7%9c%d7%99%d7%90%d7%95%d7%a8/,2026-06-01T19:33:39+00:00
nadlan_professional-sitemap3.xml,https://nad-lan.co.il/professionals/%d7%a2%d7%9e%d7%99-%d7%97%d7%96%d7%99/,2026-06-01T19:33:40+00:00
nadlan_professional-sitemap3.xml,https://nad-lan.co.il/professionals/%d7%92%d7%9c-%d7%a2%d7%9e%d7%99%d7%a8/,2026-06-01T19:33:40+00:00
nadlan_professional-sitemap3.xml,https://nad-lan.co.il/professionals/%d7%92%d7%9c%d7%95%d7%9c%d7%94-%d7%90%d7%91%d7%a8%d7%94%d7%9d-%d7%90%d7%91%d7%99%d7%a8%d7%9d/,2026-06-01T19:33:41+00:00
nadlan_professional-sitemap3.xml,https://nad-lan.co.il/professionals/%d7%aa%d7%a4%d7%99%d7%a8%d7%95-%d7%a9%d7%90%d7%95%d7%9c/,2026-06-01T19:33:41+00:00
nadlan_professional-sitemap3.xml,https://nad-lan.co.il/professionals/%d7%91%d7%95%d7%a8%d7%a8-%d7%a2%d7%a4%d7%a8/,2026-06-01T19:33:42+00:00
nadlan_professional-sitemap3.xml,https://nad-lan.co.il/professionals/%d7%92%d7%95%d7%90%d7%98%d7%94-%d7%99%d7%95%d7%a1%d7%a3-%d7%a9%d7%91%d7%aa%d7%90%d7%99/,2026-06-01T19:33:42+00:00
nadlan_professional-sitemap3.xml,https://nad-lan.co.il/professionals/%d7%93%d7%94%d7%90%d7%9f-%d7%a8%d7%95%d7%a0%d7%99/,2026-06-01T19:33:43+00:00
nadlan_professional-sitemap3.xml,https://nad-lan.co.il/professionals/%d7%a7%d7%90%d7%a8%d7%94-%d7%a2%d7%a8%d7%9f/,2026-06-01T19:33:43+00:00
nadlan_professional-sitemap3.xml,https://nad-lan.co.il/professionals/%d7%98%d7%9c-%d7%93%d7%a0%d7%99%d7%90%d7%9c/,2026-06-01T19:33:43+00:00
nadlan_professional-sitemap3.xml,https://nad-lan.co.il/professionals/%d7%a7%d7%90%d7%a8%d7%94-%d7%90%d7%a1%d7%a3/,2026-06-01T19:33:44+00:00
nadlan_professional-sitemap3.xml,https://nad-lan.co.il/professionals/%d7%97%d7%96%d7%9f-%d7%90%d7%9c%d7%99/,2026-06-01T19:33:44+00:00
nadlan_professional-sitemap3.xml,https://nad-lan.co.il/professionals/%d7%9e%d7%95%d7%9c%d7%9b%d7%95-%d7%99%d7%a6%d7%97%d7%a7/,2026-06-01T19:33:45+00:00
nadlan_professional-sitemap3.xml,https://nad-lan.co.il/professionals/%d7%90%d7%91%d7%99%d7%a9%d7%95%d7%a8-%d7%9e%d7%a0%d7%97%d7%9d/,2026-06-01T19:33:45+00:00
nadlan_professional-sitemap3.xml,https://nad-lan.co.il/professionals/%d7%9e%d7%a1%d7%99%d7%a7%d7%94-%d7%a8%d7%9f/,2026-06-01T19:33:46+00:00
nadlan_professional-sitemap3.xml,https://nad-lan.co.il/professionals/%d7%90%d7%95%d7%a8%d7%92%d7%99%d7%9c-%d7%99%d7%90%d7%99%d7%a8/,2026-06-01T19:33:46+00:00
nadlan_professional-sitemap3.xml,https://nad-lan.co.il/professionals/%d7%93%d7%93%d7%95%d7%9f-%d7%99%d7%94%d7%95%d7%93%d7%94/,2026-06-01T19:33:47+00:00
nadlan_professional-sitemap3.xml,https://nad-lan.co.il/professionals/%d7%92%d7%95%d7%9c%d7%9f-%d7%a9%d7%97%d7%a8/,2026-06-01T19:33:47+00:00
nadlan_professional-sitemap3.xml,https://nad-lan.co.il/professionals/%d7%9c%d7%95%d7%99-%d7%a0%d7%99%d7%a1%d7%99%d7%9d/,2026-06-01T19:33:47+00:00
nadlan_professional-sitemap3.xml,https://nad-lan.co.il/professionals/%d7%93%d7%95%d7%93-%d7%90%d7%91%d7%a8%d7%94%d7%9d/,2026-06-01T19:33:48+00:00
nadlan_professional-sitemap3.xml,https://nad-lan.co.il/professionals/%d7%90%d7%a9%d7%9b%d7%a0%d7%96%d7%99-%d7%9e%d7%a8%d7%93%d7%9b%d7%99/,2026-06-01T19:33:48+00:00
nadlan_professional-sitemap3.xml,https://nad-lan.co.il/professionals/%d7%91%d7%a8-%d7%9b%d7%95%d7%9b%d7%91%d7%90-%d7%a0%d7%aa%d7%9f/,2026-06-01T19:33:49+00:00
nadlan_professional-sitemap3.xml,https://nad-lan.co.il/professionals/%d7%95%d7%95%d7%90%d7%99%d7%94-%d7%90%d7%95%d7%a8%d7%9f/,2026-06-01T19:33:49+00:00
nadlan_professional-sitemap3.xml,https://nad-lan.co.il/professionals/%d7%90%d7%94%d7%a8%d7%9f-%d7%90%d7%95%d7%a4%d7%99%d7%a8/,2026-06-01T19:33:50+00:00
nadlan_professional-sitemap3.xml,https://nad-lan.co.il/professionals/%d7%91%d7%99%d7%93%d7%90%d7%a0%d7%99-%d7%90%d7%a1%d7%a3/,2026-06-01T19:33:50+00:00
nadlan_professional-sitemap3.xml,https://nad-lan.co.il/professionals/%d7%aa%d7%92%d7%a8-%d7%a9%d7%a8%d7%95%d7%9f/,2026-06-01T19:33:50+00:00
nadlan_professional-sitemap3.xml,https://nad-lan.co.il/professionals/%d7%a1%d7%95%d7%93%d7%90%d7%99-%d7%99%d7%95%d7%a1%d7%a3/,2026-06-01T19:33:51+00:00
nadlan_professional-sitemap3.xml,https://nad-lan.co.il/professionals/%d7%97%d7%99-%d7%99%d7%95%d7%a1%d7%99/,2026-06-01T19:33:51+00:00
nadlan_professional-sitemap3.xml,https://nad-lan.co.il/professionals/%d7%a9%d7%9e%d7%99-%d7%9c%d7%99%d7%90%d7%95%d7%a8/,2026-06-01T19:33:51+00:00
nadlan_professional-sitemap3.xml,https://nad-lan.co.il/professionals/%d7%97%d7%9b%d7%9d-%d7%99%d7%a2%d7%a7%d7%91/,2026-06-01T19:33:52+00:00
nadlan_professional-sitemap3.xml,https://nad-lan.co.il/professionals/%d7%a7%d7%90%d7%a8%d7%99%d7%9f-%d7%90%d7%91%d7%99/,2026-06-01T19:33:52+00:00
nadlan_professional-sitemap3.xml,https://nad-lan.co.il/professionals/%d7%9e%d7%9e%d7%95-%d7%9e%d7%a8%d7%93%d7%9b%d7%99/,2026-06-01T19:33:53+00:00
nadlan_professional-sitemap3.xml,https://nad-lan.co.il/professionals/%d7%97%d7%96%d7%9f-%d7%92%d7%99%d7%90/,2026-06-01T19:33:53+00:00
nadlan_professional-sitemap3.xml,https://nad-lan.co.il/professionals/%d7%a8%d7%95%d7%96%d7%9f-%d7%90%d7%95%d7%a8%d7%9f/,2026-06-01T19:33:54+00:00
nadlan_professional-sitemap3.xml,https://nad-lan.co.il/professionals/%d7%99%d7%a2%d7%a7%d7%95%d7%91%d7%99-%d7%90%d7%9c%d7%99-%d7%90%d7%9c%d7%a2%d7%96%d7%a8/,2026-06-01T19:33:54+00:00
nadlan_professional-sitemap3.xml,https://nad-lan.co.il/professionals/%d7%a8%d7%95%d7%91%d7%99%d7%9f-%d7%90%d7%a8%d7%96/,2026-06-01T19:33:55+00:00
nadlan_professional-sitemap3.xml,https://nad-lan.co.il/professionals/%d7%a4%d7%95%d7%a0%d7%98%d7%94-%d7%9e%d7%a9%d7%94/,2026-06-01T19:33:55+00:00
nadlan_professional-sitemap3.xml,https://nad-lan.co.il/professionals/%d7%91%d7%9f-%d7%99%d7%97%d7%96%d7%a7%d7%90%d7%9c-%d7%90%d7%9c%d7%9e%d7%95%d7%92/,2026-06-01T19:33:56+00:00
nadlan_professional-sitemap3.xml,https://nad-lan.co.il/professionals/%d7%9c%d7%95%d7%99-%d7%9e%d7%a9%d7%94-3/,2026-06-01T19:33:56+00:00
nadlan_professional-sitemap3.xml,https://nad-lan.co.il/professionals/%d7%90%d7%94%d7%a8%d7%95%d7%a0%d7%95%d7%91-%d7%a9%d7%a8%d7%95%d7%9f/,2026-06-01T19:33:57+00:00
nadlan_professional-sitemap3.xml,https://nad-lan.co.il/professionals/%d7%91%d7%9f-%d7%93%d7%95%d7%93-%d7%97%d7%99%d7%99%d7%9d/,2026-06-01T19:33:57+00:00
nadlan_professional-sitemap3.xml,https://nad-lan.co.il/professionals/%d7%9e%d7%90%d7%99%d7%a8-%d7%90%d7%99%d7%99%d7%9c/,2026-06-01T19:33:58+00:00
nadlan_professional-sitemap3.xml,https://nad-lan.co.il/professionals/%d7%90%d7%96%d7%95%d7%9c%d7%90%d7%99-%d7%90%d7%99%d7%a6%d7%99%d7%a7-2/,2026-06-01T19:33:58+00:00
nadlan_professional-sitemap3.xml,https://nad-lan.co.il/professionals/%d7%9c%d7%99%d7%a1-%d7%a9%d7%a8%d7%95%d7%9c%d7%99%d7%a7/,2026-06-01T19:33:59+00:00
nadlan_professional-sitemap3.xml,https://nad-lan.co.il/professionals/%d7%91%d7%9f-%d7%9e%d7%a9%d7%94-%d7%9e%d7%a9%d7%94/,2026-06-01T19:33:59+00:00
nadlan_professional-sitemap3.xml,https://nad-lan.co.il/professionals/%d7%92%d7%95%d7%98%d7%a4%d7%9c%d7%93-%d7%a2%d7%9e%d7%a8%d7%99/,2026-06-01T19:33:59+00:00
nadlan_professional-sitemap3.xml,https://nad-lan.co.il/professionals/%d7%92%d7%90%d7%a0%d7%97-%d7%90%d7%a1%d7%a3/,2026-06-01T19:34:00+00:00
nadlan_professional-sitemap3.xml,https://nad-lan.co.il/professionals/%d7%92%d7%95%d7%9c%d7%93%d7%99%d7%9f-%d7%a6%d7%97%d7%99-%d7%92%d7%a7/,2026-06-01T19:34:00+00:00
nadlan_professional-sitemap3.xml,https://nad-lan.co.il/professionals/%d7%90%d7%a1%d7%95%d7%9c%d7%99%d7%9f-%d7%9e%d7%99%d7%a9%d7%9c/,2026-06-01T19:34:01+00:00
nadlan_professional-sitemap3.xml,https://nad-lan.co.il/professionals/%d7%97%d7%9f-%d7%90%d7%9c%d7%95%d7%9f/,2026-06-01T19:34:01+00:00
nadlan_professional-sitemap3.xml,https://nad-lan.co.il/professionals/%d7%99%d7%90%d7%99%d7%a8-%d7%9c%d7%99%d7%90%d7%95%d7%a8/,2026-06-01T19:34:02+00:00
nadlan_professional-sitemap3.xml,https://nad-lan.co.il/professionals/%d7%a8%d7%95%d7%95%d7%97-%d7%99%d7%92%d7%90%d7%9c/,2026-06-01T19:34:02+00:00
nadlan_professional-sitemap3.xml,https://nad-lan.co.il/professionals/%d7%a7%d7%a8%d7%a7%d7%95-%d7%9c%d7%99%d7%90%d7%95%d7%a8/,2026-06-01T19:34:02+00:00
nadlan_professional-sitemap3.xml,https://nad-lan.co.il/professionals/%d7%91%d7%9f-%d7%94%d7%a8%d7%95%d7%a9-%d7%99%d7%94%d7%95%d7%93%d7%94/,2026-06-01T19:34:03+00:00
nadlan_professional-sitemap3.xml,https://nad-lan.co.il/professionals/%d7%90%d7%a0%d7%93%d7%a8%d7%a1%d7%95%d7%9f-%d7%90%d7%99%d7%99%d7%9c/,2026-06-01T19:34:03+00:00
nadlan_professional-sitemap3.xml,https://nad-lan.co.il/professionals/%d7%91%d7%a8-%d7%90%d7%95%d7%a8-%d7%99%d7%95%d7%91%d7%9c/,2026-06-01T19:34:04+00:00
nadlan_professional-sitemap3.xml,https://nad-lan.co.il/professionals/%d7%9e%d7%95%d7%a8%d7%93%d7%95-%d7%9e%d7%a9%d7%94/,2026-06-01T19:34:04+00:00
nadlan_professional-sitemap3.xml,https://nad-lan.co.il/professionals/%d7%9e%d7%a0%d7%93%d7%9c%d7%95%d7%91%d7%99%d7%a5-%d7%a2%d7%9e%d7%99%d7%aa/,2026-06-01T19:34:05+00:00
nadlan_professional-sitemap3.xml,https://nad-lan.co.il/professionals/%d7%9c%d7%95%d7%99-%d7%a0%d7%99%d7%a8-2/,2026-06-01T19:34:05+00:00
nadlan_professional-sitemap3.xml,https://nad-lan.co.il/professionals/%d7%97%d7%9f-%d7%a9%d7%9e%d7%95%d7%90%d7%9c/,2026-06-01T19:34:06+00:00
nadlan_professional-sitemap3.xml,https://nad-lan.co.il/professionals/%d7%99%d7%a0%d7%94-%d7%99%d7%95%d7%90%d7%9c/,2026-06-01T19:34:06+00:00
nadlan_professional-sitemap3.xml,https://nad-lan.co.il/professionals/%d7%93%d7%a8%d7%a2%d7%99-%d7%99%d7%95%d7%a8%d7%9d/,2026-06-01T19:34:07+00:00
nadlan_professional-sitemap3.xml,https://nad-lan.co.il/professionals/%d7%91%d7%95%d7%a1%d7%a7%d7%99%d7%9c%d7%94-%d7%99%d7%95%d7%91%d7%9c/,2026-06-01T19:34:07+00:00
nadlan_professional-sitemap3.xml,https://nad-lan.co.il/professionals/%d7%9e%d7%a1%d7%99%d7%a7%d7%94-%d7%90%d7%99%d7%99%d7%9c/,2026-06-01T19:34:08+00:00
nadlan_professional-sitemap3.xml,https://nad-lan.co.il/professionals/%d7%93%d7%94%d7%9f-%d7%a0%d7%9e%d7%a8%d7%95%d7%93/,2026-06-01T19:34:08+00:00
nadlan_professional-sitemap3.xml,https://nad-lan.co.il/professionals/%d7%90%d7%a8%d7%96-%d7%91%d7%95%d7%a2%d7%96/,2026-06-01T19:34:09+00:00
nadlan_professional-sitemap3.xml,https://nad-lan.co.il/professionals/%d7%9e%d7%a9%d7%94-%d7%93%d7%a0%d7%99/,2026-06-01T19:34:09+00:00
nadlan_professional-sitemap3.xml,https://nad-lan.co.il/professionals/%d7%91%d7%a8%d7%96%d7%99%d7%9c%d7%99-%d7%90%d7%9e%d7%99%d7%a8/,2026-06-01T19:34:10+00:00
nadlan_professional-sitemap3.xml,https://nad-lan.co.il/professionals/%d7%92%d7%91%d7%90%d7%99-%d7%93%d7%95%d7%93/,2026-06-01T19:34:10+00:00
nadlan_professional-sitemap3.xml,https://nad-lan.co.il/professionals/%d7%a8%d7%92%d7%91-%d7%a0%d7%99%d7%a8/,2026-06-01T19:34:11+00:00
nadlan_professional-sitemap3.xml,https://nad-lan.co.il/professionals/%d7%90%d7%9c%d7%91%d7%a8%d7%98-%d7%97%d7%9f/,2026-06-01T19:34:11+00:00
nadlan_professional-sitemap3.xml,https://nad-lan.co.il/professionals/%d7%90%d7%91%d7%a8%d7%94%d7%9d-%d7%93%d7%95%d7%93/,2026-06-01T19:34:11+00:00
nadlan_professional-sitemap3.xml,https://nad-lan.co.il/professionals/%d7%96%d7%9e%d7%99%d7%a8-%d7%92%d7%93-%d7%90%d7%94%d7%a8%d7%95%d7%9f/,2026-06-01T19:34:12+00:00
nadlan_professional-sitemap3.xml,https://nad-lan.co.il/professionals/%d7%94%d7%9b%d7%a8%d7%99-%d7%97%d7%a0%d7%9f/,2026-06-01T19:34:13+00:00
nadlan_professional-sitemap3.xml,https://nad-lan.co.il/professionals/%d7%a1%d7%92%d7%9c-%d7%93%d7%91/,2026-06-01T19:34:14+00:00
nadlan_professional-sitemap3.xml,https://nad-lan.co.il/professionals/%d7%92%d7%95%d7%90%d7%98%d7%94-%d7%a9%d7%9e%d7%a2%d7%95%d7%9f/,2026-06-01T19:34:14+00:00
nadlan_professional-sitemap3.xml,https://nad-lan.co.il/professionals/%d7%97%d7%95%d7%a8%d7%99-%d7%99%d7%a2%d7%a7%d7%91/,2026-06-01T19:34:15+00:00
nadlan_professional-sitemap3.xml,https://nad-lan.co.il/professionals/%d7%a7%d7%a8%d7%99%d7%a1%d7%98%d7%9c-%d7%a0%d7%99%d7%a6%d7%9f/,2026-06-01T19:34:15+00:00
nadlan_professional-sitemap3.xml,https://nad-lan.co.il/professionals/%d7%a4%d7%99%d7%a0%d7%a7%d7%9c%d7%a9%d7%98%d7%99%d7%99%d7%9f-%d7%90%d7%99%d7%99%d7%9c/,2026-06-01T19:34:16+00:00
nadlan_professional-sitemap3.xml,https://nad-lan.co.il/professionals/%d7%a2%d7%98%d7%95%d7%9f-%d7%a9%d7%9c%d7%95%d7%9d/,2026-06-01T19:34:16+00:00
nadlan_professional-sitemap3.xml,https://nad-lan.co.il/professionals/%d7%91%d7%a8%d7%95%d7%9a-%d7%a0%d7%97%d7%95%d7%9d/,2026-06-01T19:34:17+00:00
nadlan_professional-sitemap3.xml,https://nad-lan.co.il/professionals/%d7%a9%d7%99%d7%97-%d7%9e%d7%97%d7%9e%d7%93-%d7%90%d7%99%d7%90%d7%93/,2026-06-01T19:34:17+00:00
nadlan_professional-sitemap3.xml,https://nad-lan.co.il/professionals/%d7%97%d7%95%d7%a8%d7%a9-%d7%a9%d7%99/,2026-06-01T19:34:18+00:00
nadlan_professional-sitemap3.xml,https://nad-lan.co.il/professionals/%d7%a8%d7%91%d7%90%d7%97-%d7%9e%d7%97%d7%9e%d7%95%d7%93/,2026-06-01T19:34:18+00:00
nadlan_professional-sitemap3.xml,https://nad-lan.co.il/professionals/%d7%a9%d7%a7%d7%95%d7%a8%d7%99-%d7%97%d7%92%d7%99/,2026-06-01T19:34:19+00:00
nadlan_professional-sitemap3.xml,https://nad-lan.co.il/professionals/%d7%99%d7%90%d7%a1%d7%99%d7%9f-%d7%9e%d7%95%d7%a1%d7%98%d7%a4%d7%90/,2026-06-01T19:34:19+00:00
nadlan_professional-sitemap3.xml,https://nad-lan.co.il/professionals/%d7%90%d7%a4%d7%a9%d7%98%d7%99%d7%99%d7%9f-%d7%a2%d7%9e%d7%99%d7%aa%d7%99/,2026-06-01T19:34:20+00:00
nadlan_professional-sitemap3.xml,https://nad-lan.co.il/professionals/%d7%90%d7%99%d7%94%d7%90%d7%91-%d7%90%d7%92%d7%91%d7%90%d7%a8%d7%99%d7%94/,2026-06-01T19:34:20+00:00
nadlan_professional-sitemap3.xml,https://nad-lan.co.il/professionals/%d7%91%d7%a8%d7%99%d7%9c%d7%99%d7%a0%d7%92-%d7%a2%d7%9e%d7%99/,2026-06-01T19:34:21+00:00
nadlan_professional-sitemap3.xml,https://nad-lan.co.il/professionals/%d7%9e%d7%98%d7%a8-%d7%90%d7%9e%d7%99%d7%9f/,2026-06-01T19:34:21+00:00
nadlan_professional-sitemap3.xml,https://nad-lan.co.il/professionals/%d7%91%d7%99%d7%90%d7%93%d7%a1%d7%94-%d7%a8%d7%a9%d7%99%d7%93/,2026-06-01T19:34:21+00:00
nadlan_professional-sitemap3.xml,https://nad-lan.co.il/professionals/%d7%9e%d7%aa%d7%a0%d7%94-%d7%90%d7%99%d7%9c%d7%9f/,2026-06-01T19:34:22+00:00
nadlan_professional-sitemap3.xml,https://nad-lan.co.il/professionals/%d7%91%d7%95%d7%90%d7%a8%d7%95%d7%9f-%d7%90%d7%9c%d7%99/,2026-06-01T19:34:22+00:00
nadlan_professional-sitemap3.xml,https://nad-lan.co.il/professionals/%d7%91%d7%98%d7%98-%d7%a9%d7%a9%d7%95%d7%9f/,2026-06-01T19:34:23+00:00
nadlan_professional-sitemap3.xml,https://nad-lan.co.il/professionals/%d7%9e%d7%a1%d7%90%d7%a8%d7%95%d7%94-%d7%94%d7%a9%d7%90%d7%9d/,2026-06-01T19:34:23+00:00
nadlan_professional-sitemap3.xml,https://nad-lan.co.il/professionals/%d7%a2%d7%a0%d7%91%d7%99-%d7%a0%d7%aa%d7%9f/,2026-06-01T19:34:24+00:00
nadlan_professional-sitemap3.xml,https://nad-lan.co.il/professionals/%d7%a2%d7%9e%d7%90%d7%a8%d7%a0%d7%94-%d7%a4%d7%99%d7%a8%d7%90%d7%a1/,2026-06-01T19:34:24+00:00
nadlan_professional-sitemap3.xml,https://nad-lan.co.il/professionals/%d7%a0%d7%99%d7%92%d7%9d-%d7%91%d7%9b%d7%a8/,2026-06-01T19:34:24+00:00
nadlan_professional-sitemap3.xml,https://nad-lan.co.il/professionals/%d7%9e%d7%97%d7%a4%d7%95%d7%93-%d7%90%d7%99%d7%aa%d7%9f/,2026-06-01T19:34:25+00:00
nadlan_professional-sitemap3.xml,https://nad-lan.co.il/professionals/%d7%90%d7%91%d7%95-%d7%a9%d7%97%d7%90%d7%93%d7%94-%d7%9e%d7%95%d7%97%d7%9e%d7%93/,2026-06-01T19:34:25+00:00
nadlan_professional-sitemap3.xml,https://nad-lan.co.il/professionals/%d7%90%d7%9c%d7%99%d7%94%d7%95-%d7%90%d7%99%d7%99%d7%9c/,2026-06-01T19:34:26+00:00
nadlan_professional-sitemap3.xml,https://nad-lan.co.il/professionals/%d7%90%d7%99%d7%95%d7%91-%d7%90%d7%93%d7%95%d7%90%d7%a8%d7%93/,2026-06-01T19:34:26+00:00
nadlan_professional-sitemap3.xml,https://nad-lan.co.il/professionals/%d7%9c%d7%95%d7%99-%d7%96%d7%95%d7%94%d7%a8/,2026-06-01T19:34:27+00:00
nadlan_professional-sitemap3.xml,https://nad-lan.co.il/professionals/%d7%94%d7%a9%d7%90%d7%9d-%d7%98%d7%a8%d7%91%d7%99%d7%94/,2026-06-01T19:34:27+00:00
nadlan_professional-sitemap3.xml,https://nad-lan.co.il/professionals/%d7%a0%d7%90%d7%a7%d7%90%d7%a9-%d7%a8%d7%95%d7%a0%d7%9f/,2026-06-01T19:34:28+00:00
nadlan_professional-sitemap3.xml,https://nad-lan.co.il/professionals/%d7%9b%d7%94%d7%9f-%d7%99%d7%95%d7%a1%d7%a3/,2026-06-01T19:34:28+00:00
nadlan_professional-sitemap3.xml,https://nad-lan.co.il/professionals/%d7%90%d7%92%d7%91%d7%90%d7%a8%d7%99%d7%94-%d7%a1%d7%90%d7%94%d7%a8/,2026-06-01T19:34:28+00:00
nadlan_professional-sitemap3.xml,https://nad-lan.co.il/professionals/%d7%97%d7%9f-%d7%93%d7%a0%d7%99%d7%90%d7%9c/,2026-06-01T19:34:29+00:00
nadlan_professional-sitemap3.xml,https://nad-lan.co.il/professionals/%d7%a2%d7%95%d7%aa%d7%9e%d7%90%d7%9f-%d7%99%d7%95%d7%a1%d7%a3/,2026-06-01T19:34:29+00:00
nadlan_professional-sitemap3.xml,https://nad-lan.co.il/professionals/%d7%9b%d7%94%d7%9f-%d7%90%d7%91%d7%a8%d7%94%d7%9d-3/,2026-06-01T19:34:30+00:00
nadlan_professional-sitemap3.xml,https://nad-lan.co.il/professionals/%d7%97%d7%95%d7%a8%d7%99-%d7%90%d7%9c%d7%99%d7%90%d7%a1/,2026-06-01T19:34:30+00:00
nadlan_professional-sitemap3.xml,https://nad-lan.co.il/professionals/%d7%90%d7%92%d7%91%d7%90%d7%a8%d7%99%d7%94-%d7%a2%d7%91%d7%99%d7%93%d7%94/,2026-06-01T19:34:30+00:00
nadlan_professional-sitemap3.xml,https://nad-lan.co.il/professionals/%d7%a0%d7%99%d7%a1%d7%99%d7%9d-%d7%9e%d7%a9%d7%94/,2026-06-01T19:34:31+00:00
nadlan_professional-sitemap3.xml,https://nad-lan.co.il/professionals/%d7%97%d7%95%d7%a1%d7%99%d7%99%d7%9f-%d7%a2%d7%91%d7%93-%d7%90%d7%9c-%d7%a8%d7%97%d7%99%d7%9d/,2026-06-01T19:34:31+00:00
nadlan_professional-sitemap3.xml,https://nad-lan.co.il/professionals/%d7%92%d7%95%d7%90%d7%98%d7%94-%d7%92%d7%99%d7%90/,2026-06-01T19:34:32+00:00
nadlan_professional-sitemap3.xml,https://nad-lan.co.il/professionals/%d7%9c%d7%91%d7%99%d7%90-%d7%a6%d7%99%d7%95%d7%9f/,2026-06-01T19:34:33+00:00
nadlan_professional-sitemap3.xml,https://nad-lan.co.il/professionals/%d7%a6%d7%95%d7%a4%d7%a0%d7%99-%d7%a2%d7%95%d7%a4%d7%a8/,2026-06-01T19:34:34+00:00
nadlan_professional-sitemap3.xml,https://nad-lan.co.il/professionals/%d7%9e%d7%95%d7%98%d7%9c%d7%a7-%d7%97%d7%95%d7%a1%d7%99%d7%99%d7%9f/,2026-06-01T19:34:34+00:00
nadlan_professional-sitemap3.xml,https://nad-lan.co.il/professionals/%d7%97%d7%93%d7%93-%d7%a2%d7%95%d7%93%d7%93/,2026-06-01T19:34:35+00:00
nadlan_professional-sitemap3.xml,https://nad-lan.co.il/professionals/%d7%96%d7%94%d7%91%d7%99-%d7%a0%d7%95%d7%a2%d7%9d/,2026-06-01T19:34:35+00:00
nadlan_professional-sitemap3.xml,https://nad-lan.co.il/professionals/%d7%9b%d7%99%d7%95%d7%90%d7%9f-%d7%9e%d7%92%d7%99%d7%93/,2026-06-01T19:34:35+00:00
nadlan_professional-sitemap3.xml,https://nad-lan.co.il/professionals/%d7%98%d7%a8%d7%96%d7%99-%d7%97%d7%a0%d7%90/,2026-06-01T19:34:36+00:00
nadlan_professional-sitemap3.xml,https://nad-lan.co.il/professionals/%d7%91%d7%9f-%d7%a1%d7%9c%d7%9e%d7%95%d7%9f-%d7%a9%d7%9c%d7%9e%d7%94/,2026-06-01T19:34:36+00:00
nadlan_professional-sitemap3.xml,https://nad-lan.co.il/professionals/%d7%90%d7%91%d7%95-%d7%a6%d7%99%d7%90%d7%9d-%d7%90%d7%a9%d7%a8%d7%a3/,2026-06-01T19:34:37+00:00
nadlan_professional-sitemap3.xml,https://nad-lan.co.il/professionals/%d7%91%d7%a8%d7%99%d7%92%d7%94-%d7%99%d7%95%d7%a1%d7%a3/,2026-06-01T19:34:37+00:00
nadlan_professional-sitemap3.xml,https://nad-lan.co.il/professionals/%d7%90%d7%91%d7%95-%d7%a4%d7%a0%d7%94-%d7%a1%d7%9e%d7%99/,2026-06-01T19:34:38+00:00
nadlan_professional-sitemap3.xml,https://nad-lan.co.il/professionals/%d7%90%d7%92%d7%91%d7%90%d7%a8%d7%99%d7%94-%d7%a2%d7%a1%d7%90%d7%9d/,2026-06-01T19:34:38+00:00
nadlan_professional-sitemap3.xml,https://nad-lan.co.il/professionals/%d7%97%d7%9c%d7%91%d7%99-%d7%90%d7%99%d7%9c%d7%95%d7%9f/,2026-06-01T19:34:38+00:00
nadlan_professional-sitemap3.xml,https://nad-lan.co.il/professionals/%d7%9e%d7%96%d7%a8%d7%97%d7%99-%d7%93%d7%95%d7%93-2/,2026-06-01T19:34:39+00:00
nadlan_professional-sitemap3.xml,https://nad-lan.co.il/professionals/%d7%90%d7%93%d7%a8%d7%99-%d7%9e%d7%a9%d7%94/,2026-06-01T19:34:40+00:00
nadlan_professional-sitemap3.xml,https://nad-lan.co.il/professionals/%d7%91%d7%99%d7%93%d7%a1%d7%99-%d7%9e%d7%97%d7%9e%d7%93/,2026-06-01T19:34:41+00:00
nadlan_professional-sitemap3.xml,https://nad-lan.co.il/professionals/%d7%93%d7%94-%d7%a7%d7%95%d7%a1%d7%98%d7%94-%d7%90%d7%a8%d7%96/,2026-06-01T19:34:41+00:00
nadlan_professional-sitemap3.xml,https://nad-lan.co.il/professionals/%d7%a4%d7%a0%d7%90%d7%93%d7%a7%d7%94-%d7%a7%d7%90%d7%99%d7%99%d7%a1/,2026-06-01T19:34:42+00:00
nadlan_professional-sitemap3.xml,https://nad-lan.co.il/professionals/%d7%9e%d7%9c%d7%9b%d7%94-%d7%90%d7%9c%d7%99%d7%94%d7%95/,2026-06-01T19:34:42+00:00
nadlan_professional-sitemap3.xml,https://nad-lan.co.il/professionals/%d7%a2%d7%91%d7%93%d7%90%d7%9c%d7%91%d7%a7%d7%99-%d7%a2%d7%9e%d7%90%d7%a8/,2026-06-01T19:34:43+00:00
nadlan_professional-sitemap3.xml,https://nad-lan.co.il/professionals/%d7%9e%d7%95%d7%99%d7%90%d7%9c-%d7%99%d7%95%d7%a0%d7%aa%d7%9f/,2026-06-01T19:34:43+00:00
nadlan_professional-sitemap3.xml,https://nad-lan.co.il/professionals/%d7%97%d7%9c%d7%99%d7%a4%d7%94-%d7%9e%d7%90%d7%94%d7%a8/,2026-06-01T19:34:44+00:00
nadlan_professional-sitemap3.xml,https://nad-lan.co.il/professionals/%d7%90%d7%9c%d7%a4%d7%a1%d7%99-%d7%99%d7%97%d7%99%d7%90%d7%9c/,2026-06-01T19:34:44+00:00
nadlan_professional-sitemap3.xml,https://nad-lan.co.il/professionals/%d7%a2%d7%91%d7%93%d7%99-%d7%9e%d7%90%d7%99%d7%a8/,2026-06-01T19:34:44+00:00
nadlan_professional-sitemap3.xml,https://nad-lan.co.il/professionals/%d7%9e%d7%97%d7%90%d7%9e%d7%99%d7%93-%d7%a1%d7%90%d7%9c%d7%97/,2026-06-01T19:34:45+00:00
nadlan_professional-sitemap3.xml,https://nad-lan.co.il/professionals/%d7%90%d7%91%d7%a8%d7%92%d7%99%d7%9c-%d7%90%d7%9e%d7%99%d7%a8/,2026-06-01T19:34:45+00:00
nadlan_professional-sitemap3.xml,https://nad-lan.co.il/professionals/%d7%a2%d7%95%d7%aa%d7%9e%d7%90%d7%9f-%d7%90%d7%a9%d7%a8%d7%a3/,2026-06-01T19:34:46+00:00
nadlan_professional-sitemap3.xml,https://nad-lan.co.il/professionals/%d7%9e%d7%9c%d7%9b%d7%94-%d7%9e%d7%90%d7%99%d7%a8-2/,2026-06-01T19:34:46+00:00
nadlan_professional-sitemap3.xml,https://nad-lan.co.il/professionals/%d7%9b%d7%91%d7%94%d7%90-%d7%a0%d7%90%d7%a1%d7%a8/,2026-06-01T19:34:47+00:00
nadlan_professional-sitemap3.xml,https://nad-lan.co.il/professionals/%d7%91%d7%95%d7%96%d7%92%d7%9c%d7%95-%d7%93%d7%95%d7%a8%d7%95%d7%9f/,2026-06-01T19:34:47+00:00
nadlan_professional-sitemap3.xml,https://nad-lan.co.il/professionals/%d7%92%d7%94%d7%92%d7%90%d7%94-%d7%90%d7%99%d7%94%d7%91/,2026-06-01T19:34:48+00:00
nadlan_professional-sitemap3.xml,https://nad-lan.co.il/professionals/%d7%91%d7%9b%d7%a8%d7%99-%d7%95%d7%a1%d7%90%d7%9d/,2026-06-01T19:34:48+00:00
nadlan_professional-sitemap3.xml,https://nad-lan.co.il/professionals/%d7%91%d7%99%d7%98%d7%90%d7%9f-%d7%a6%d7%97%d7%99/,2026-06-01T19:34:48+00:00
nadlan_professional-sitemap3.xml,https://nad-lan.co.il/professionals/%d7%a2%d7%91%d7%93-%d7%90%d7%9c-%d7%a7%d7%90%d7%93%d7%a8-%d7%91%d7%a1%d7%90%d7%9d/,2026-06-01T19:34:49+00:00
nadlan_professional-sitemap3.xml,https://nad-lan.co.il/professionals/%d7%94%d7%91%d7%94%d7%99%d7%9c-%d7%a9%d7%9c%d7%9e%d7%94/,2026-06-01T19:34:49+00:00
nadlan_professional-sitemap3.xml,https://nad-lan.co.il/professionals/%d7%9e%d7%a6%d7%90%d7%a8%d7%95%d7%94-%d7%a0%d7%91%d7%99%d7%9c/,2026-06-01T19:34:50+00:00
nadlan_professional-sitemap3.xml,https://nad-lan.co.il/professionals/%d7%97%d7%96%d7%9f-%d7%90%d7%99%d7%9c-%d7%99%d7%a2%d7%99%d7%a9/,2026-06-01T19:34:50+00:00
nadlan_professional-sitemap3.xml,https://nad-lan.co.il/professionals/%d7%9e%d7%a2%d7%99%d7%93%d7%99-%d7%9e%d7%95%d7%90%d7%91/,2026-06-01T19:34:51+00:00
nadlan_professional-sitemap3.xml,https://nad-lan.co.il/professionals/%d7%91%d7%9c%d7%99%d7%98%d7%99-%d7%92%d7%95%d7%9c%d7%9f/,2026-06-01T19:34:51+00:00
nadlan_professional-sitemap3.xml,https://nad-lan.co.il/professionals/%d7%9e%d7%9b%d7%90%d7%a8-%d7%a1%d7%90%d7%9b%d7%a8/,2026-06-01T19:34:52+00:00
nadlan_professional-sitemap3.xml,https://nad-lan.co.il/professionals/%d7%92%d7%95%d7%99%d7%9c%d7%99%d7%95-%d7%93%d7%95%d7%aa%d7%9f-%d7%97%d7%99%d7%99%d7%9d/,2026-06-01T19:34:52+00:00
nadlan_professional-sitemap3.xml,https://nad-lan.co.il/professionals/%d7%a2%d7%a8%d7%90%d7%a7%d7%99-%d7%a2%d7%91%d7%93-%d7%90%d7%9c-%d7%a4%d7%aa%d7%90%d7%97/,2026-06-01T19:34:53+00:00
nadlan_professional-sitemap3.xml,https://nad-lan.co.il/professionals/%d7%92%d7%91%d7%a8%d7%94-%d7%a9%d7%99/,2026-06-01T19:34:53+00:00
nadlan_professional-sitemap3.xml,https://nad-lan.co.il/professionals/%d7%92%d7%91%d7%90%d7%9c-%d7%90%d7%91%d7%a8%d7%94%d7%99%d7%9d-%d7%90%d7%97%d7%9e%d7%93/,2026-06-01T19:34:54+00:00
nadlan_professional-sitemap3.xml,https://nad-lan.co.il/professionals/%d7%90%d7%9c%d7%a7%d7%a1%d7%9c%d7%a1%d7%99-%d7%92%d7%a7%d7%99/,2026-06-01T19:34:54+00:00
nadlan_professional-sitemap3.xml,https://nad-lan.co.il/professionals/%d7%a2%d7%99%d7%a1%d7%90-%d7%a9%d7%90%d7%93%d7%99/,2026-06-01T19:34:55+00:00
nadlan_professional-sitemap3.xml,https://nad-lan.co.il/professionals/%d7%96%d7%a8%d7%91%d7%99%d7%91-%d7%99%d7%a2%d7%a7%d7%91/,2026-06-01T19:34:55+00:00
nadlan_professional-sitemap3.xml,https://nad-lan.co.il/professionals/%d7%a9%d7%9c%d7%91%d7%90%d7%99%d7%94-%d7%a2%d7%90%d7%9e%d7%a8/,2026-06-01T19:34:56+00:00
nadlan_professional-sitemap3.xml,https://nad-lan.co.il/professionals/%d7%a0%d7%97%d7%9e%d7%a0%d7%99-%d7%a9%d7%9c%d7%9e%d7%94/,2026-06-01T19:34:56+00:00
nadlan_professional-sitemap3.xml,https://nad-lan.co.il/professionals/%d7%93%d7%95%d7%93-%d7%90%d7%9c%d7%93%d7%93/,2026-06-01T19:34:56+00:00
nadlan_professional-sitemap3.xml,https://nad-lan.co.il/professionals/%d7%91%d7%a9%d7%90%d7%a8%d7%94-%d7%a1%d7%90%d7%9e%d7%a8/,2026-06-01T19:34:57+00:00
nadlan_professional-sitemap3.xml,https://nad-lan.co.il/professionals/%d7%98%d7%95%d7%a8%d7%a7%d7%90%d7%9f-%d7%9c%d7%90%d7%95%d7%9f/,2026-06-01T19:34:57+00:00
nadlan_professional-sitemap3.xml,https://nad-lan.co.il/professionals/%d7%92%d7%91%d7%90%d7%9c%d7%99-%d7%97%d7%95%d7%a1%d7%90%d7%9d/,2026-06-01T19:34:58+00:00
nadlan_professional-sitemap3.xml,https://nad-lan.co.il/professionals/%d7%90%d7%91%d7%95-%d7%a2%d7%a7%d7%9c-%d7%a0%d7%96%d7%90%d7%a8/,2026-06-01T19:34:58+00:00
nadlan_professional-sitemap3.xml,https://nad-lan.co.il/professionals/%d7%a9%d7%93%d7%95%d7%aa-%d7%90%d7%95%d7%a8%d7%9f/,2026-06-01T19:34:58+00:00
nadlan_professional-sitemap3.xml,https://nad-lan.co.il/professionals/%d7%97%d7%a1%d7%93%d7%99%d7%94-%d7%9e%d7%95%d7%97%d7%9e%d7%93/,2026-06-01T19:34:59+00:00
nadlan_professional-sitemap3.xml,https://nad-lan.co.il/professionals/%d7%91%d7%99%d7%a1%d7%98%d7%a8%d7%99-%d7%9e%d7%95%d7%98%d7%99/,2026-06-01T19:34:59+00:00
nadlan_professional-sitemap3.xml,https://nad-lan.co.il/professionals/%d7%90%d7%91%d7%95-%d7%94%d7%9c%d7%90%d7%9c-%d7%a1%d7%90%d7%9e%d7%99/,2026-06-01T19:35:00+00:00
nadlan_professional-sitemap3.xml,https://nad-lan.co.il/professionals/%d7%93%d7%9c%d7%9c-%d7%97%d7%9f-%d7%97%d7%91%d7%99%d7%91/,2026-06-01T19:35:00+00:00
nadlan_professional-sitemap3.xml,https://nad-lan.co.il/professionals/%d7%99%d7%95%d7%a0%d7%a1-%d7%90%d7%9e%d7%99%d7%a8/,2026-06-01T19:35:01+00:00
nadlan_professional-sitemap3.xml,https://nad-lan.co.il/professionals/%d7%9e%d7%96%d7%a8%d7%97%d7%99-%d7%a2%d7%95%d7%a4%d7%a8/,2026-06-01T19:35:01+00:00
nadlan_professional-sitemap3.xml,https://nad-lan.co.il/professionals/%d7%a7%d7%a2%d7%93%d7%90%d7%9f-%d7%a1%d7%90%d7%9e%d7%99/,2026-06-01T19:35:02+00:00
nadlan_professional-sitemap3.xml,https://nad-lan.co.il/professionals/%d7%96%d7%90%d7%9f-%d7%99%d7%95%d7%a1%d7%a3/,2026-06-01T19:35:02+00:00
nadlan_professional-sitemap3.xml,https://nad-lan.co.il/professionals/%d7%99%d7%97%d7%99%d7%90-%d7%aa%d7%9e%d7%99%d7%9d/,2026-06-01T19:35:03+00:00
nadlan_professional-sitemap3.xml,https://nad-lan.co.il/professionals/%d7%9e%d7%a9%d7%94-%d7%90%d7%99%d7%99%d7%9c/,2026-06-01T19:35:03+00:00
nadlan_professional-sitemap3.xml,https://nad-lan.co.il/professionals/%d7%a2%d7%95%d7%9e%d7%a8-%d7%96%d7%90%d7%94%d7%a8/,2026-06-01T19:35:04+00:00
nadlan_professional-sitemap3.xml,https://nad-lan.co.il/professionals/%d7%97%d7%a1%d7%9f-%d7%90%d7%9c%d7%99/,2026-06-01T19:35:04+00:00
nadlan_professional-sitemap3.xml,https://nad-lan.co.il/professionals/%d7%9e%d7%a0%d7%90%d7%a1%d7%a8%d7%94-%d7%99%d7%95%d7%a1%d7%a3/,2026-06-01T19:35:05+00:00
nadlan_professional-sitemap3.xml,https://nad-lan.co.il/professionals/%d7%91%d7%a8%d7%96%d7%99%d7%93%d7%94-%d7%99%d7%a6%d7%97%d7%a7/,2026-06-01T19:35:05+00:00
nadlan_professional-sitemap3.xml,https://nad-lan.co.il/professionals/%d7%90%d7%92%d7%91%d7%90%d7%a8%d7%99%d7%94-%d7%a2%d7%99%d7%9e%d7%90%d7%93-2/,2026-06-01T19:35:06+00:00
nadlan_professional-sitemap3.xml,https://nad-lan.co.il/professionals/%d7%a9%d7%91%d7%aa%d7%90%d7%99-%d7%a2%d7%9e%d7%99%d7%a8/,2026-06-01T19:35:06+00:00
nadlan_professional-sitemap3.xml,https://nad-lan.co.il/professionals/%d7%a9%d7%a8%d7%90%d7%a8%d7%99-%d7%90%d7%91%d7%a8%d7%90%d7%94%d7%99%d7%9d/,2026-06-01T19:35:07+00:00
nadlan_professional-sitemap3.xml,https://nad-lan.co.il/professionals/%d7%90%d7%96%d7%95%d7%9c%d7%90%d7%99-%d7%90%d7%9c%d7%99/,2026-06-01T19:35:07+00:00
nadlan_professional-sitemap3.xml,https://nad-lan.co.il/professionals/%d7%9e%d7%97%d7%90%d7%9e%d7%99%d7%93-%d7%9c%d7%95%d7%90%d7%99/,2026-06-01T19:35:08+00:00
nadlan_professional-sitemap3.xml,https://nad-lan.co.il/professionals/%d7%92%d7%9c%d7%99%d7%9c%d7%99-%d7%93%d7%95%d7%93%d7%95/,2026-06-01T19:35:08+00:00
nadlan_professional-sitemap3.xml,https://nad-lan.co.il/professionals/%d7%a2%d7%95%d7%90%d7%93-%d7%a2%d7%9c%d7%90/,2026-06-01T19:35:09+00:00
nadlan_professional-sitemap3.xml,https://nad-lan.co.il/professionals/%d7%91%d7%9f-%d7%93%d7%95%d7%93-%d7%99%d7%a6%d7%97%d7%a7/,2026-06-01T19:35:09+00:00
nadlan_professional-sitemap3.xml,https://nad-lan.co.il/professionals/%d7%9e%d7%a0%d7%90%d7%a1%d7%a8%d7%94-%d7%96%d7%99%d7%90%d7%93/,2026-06-01T19:35:10+00:00
nadlan_professional-sitemap3.xml,https://nad-lan.co.il/professionals/%d7%a9%d7%a8%d7%99%d7%a7%d7%99-%d7%99%d7%a2%d7%a7%d7%91/,2026-06-01T19:35:10+00:00
nadlan_professional-sitemap3.xml,https://nad-lan.co.il/professionals/%d7%a9%d7%98%d7%99%d7%99%d7%a0%d7%91%d7%95%d7%99%d7%9d-%d7%90%d7%99%d7%99%d7%9c-%d7%9e%d7%99%d7%9b%d7%90%d7%9c/,2026-06-01T19:35:10+00:00
nadlan_professional-sitemap3.xml,https://nad-lan.co.il/professionals/%d7%97%d7%95%d7%98%d7%91%d7%90-%d7%a1%d7%a2%d7%99%d7%93/,2026-06-01T19:35:11+00:00
nadlan_professional-sitemap3.xml,https://nad-lan.co.il/professionals/%d7%91%d7%a0%d7%93%d7%95-%d7%a9%d7%9c%d7%95%d7%9e%d7%99/,2026-06-01T19:35:11+00:00
nadlan_professional-sitemap3.xml,https://nad-lan.co.il/professionals/%d7%96%d7%99%d7%93%d7%90%d7%9f-%d7%9e%d7%95%d7%97%d7%9e%d7%93/,2026-06-01T19:35:12+00:00
nadlan_professional-sitemap3.xml,https://nad-lan.co.il/professionals/%d7%a7%d7%a8%d7%a1%d7%a0%d7%98%d7%99-%d7%93%d7%9f-%d7%a8%d7%a4%d7%90%d7%9c/,2026-06-01T19:35:12+00:00
nadlan_professional-sitemap3.xml,https://nad-lan.co.il/professionals/%d7%9e%d7%97%d7%90%d7%9e%d7%99%d7%93-%d7%9e%d7%95%d7%97%d7%9e%d7%93-4/,2026-06-01T19:35:13+00:00
nadlan_professional-sitemap3.xml,https://nad-lan.co.il/professionals/%d7%a7%d7%95%d7%a0%d7%a4%d7%99%d7%a0%d7%95-%d7%a9%d7%a8%d7%95%d7%9f/,2026-06-01T19:35:13+00:00
nadlan_professional-sitemap3.xml,https://nad-lan.co.il/professionals/%d7%90%d7%9e%d7%90%d7%a8%d7%94-%d7%90%d7%a0%d7%95%d7%a8/,2026-06-01T19:35:14+00:00
nadlan_professional-sitemap3.xml,https://nad-lan.co.il/professionals/%d7%a2%d7%92%d7%99%d7%91-%d7%99%d7%95%d7%a1%d7%a3/,2026-06-01T19:35:14+00:00
nadlan_professional-sitemap3.xml,https://nad-lan.co.il/professionals/%d7%90%d7%97%d7%9e%d7%93-%d7%a2%d7%9c%d7%99/,2026-06-01T19:35:15+00:00
nadlan_professional-sitemap3.xml,https://nad-lan.co.il/professionals/%d7%9b%d7%94%d7%9f-%d7%a8%d7%95%d7%a0%d7%9f-2/,2026-06-01T19:35:15+00:00
nadlan_professional-sitemap3.xml,https://nad-lan.co.il/professionals/%d7%92%d7%95%d7%96%d7%9c%d7%99-%d7%90%d7%a1%d7%a3/,2026-06-01T19:35:16+00:00
nadlan_professional-sitemap3.xml,https://nad-lan.co.il/professionals/%d7%90%d7%92%d7%91%d7%90%d7%a8%d7%99%d7%94-%d7%90%d7%99%d7%9e%d7%9f/,2026-06-01T19:35:16+00:00
nadlan_professional-sitemap3.xml,https://nad-lan.co.il/professionals/%d7%94%d7%9e%d7%90%d7%99%d7%a8%d7%99-%d7%9c%d7%99%d7%90%d7%95%d7%a8/,2026-06-01T19:35:17+00:00
nadlan_professional-sitemap3.xml,https://nad-lan.co.il/professionals/%d7%a0%d7%94%d7%99%d7%94-%d7%9e%d7%97%d7%9e%d7%95%d7%93/,2026-06-01T19:35:17+00:00
nadlan_professional-sitemap3.xml,https://nad-lan.co.il/professionals/%d7%a2%d7%93%d7%99%d7%a7%d7%94-%d7%99%d7%95%d7%91%d7%91/,2026-06-01T19:35:18+00:00
nadlan_professional-sitemap3.xml,https://nad-lan.co.il/professionals/%d7%98%d7%90%d7%98%d7%95%d7%a8-%d7%a2%d7%9c%d7%90-%d7%90%d7%9c-%d7%93%d7%99%d7%9f/,2026-06-01T19:35:18+00:00
nadlan_professional-sitemap3.xml,https://nad-lan.co.il/professionals/%d7%90%d7%91%d7%95%d7%a7%d7%a8%d7%98-%d7%90%d7%95%d7%a4%d7%99%d7%a8/,2026-06-01T19:35:19+00:00
nadlan_professional-sitemap3.xml,https://nad-lan.co.il/professionals/%d7%a2%d7%92%d7%9c%d7%95%d7%a0%d7%99-%d7%9e%d7%95%d7%97%d7%9e%d7%93/,2026-06-01T19:35:19+00:00
nadlan_professional-sitemap3.xml,https://nad-lan.co.il/professionals/%d7%90%d7%9e%d7%a1%d7%90%d7%9c%d7%9d-%d7%99%d7%a2%d7%a7%d7%91/,2026-06-01T19:35:20+00:00
nadlan_professional-sitemap3.xml,https://nad-lan.co.il/professionals/%d7%90%d7%9c%d7%a0%d7%91%d7%90%d7%a8%d7%99-%d7%9e%d7%97%d7%9e%d7%93/,2026-06-01T19:35:20+00:00
nadlan_professional-sitemap3.xml,https://nad-lan.co.il/professionals/%d7%90%d7%9c%d7%90%d7%a2%d7%a1%d7%9d-%d7%a1%d7%90%d7%9e%d7%99/,2026-06-01T19:35:20+00:00
nadlan_professional-sitemap3.xml,https://nad-lan.co.il/professionals/%d7%92%d7%a8%d7%99%d7%9f-%d7%92%d7%99%d7%90/,2026-06-01T19:35:21+00:00
nadlan_professional-sitemap3.xml,https://nad-lan.co.il/professionals/%d7%92%d7%91%d7%a8%d7%99%d7%9f-%d7%9e%d7%95%d7%a1%d7%98%d7%a4%d7%94/,2026-06-01T19:35:21+00:00
nadlan_professional-sitemap3.xml,https://nad-lan.co.il/professionals/%d7%91%d7%a8%d7%a7%d7%aa-%d7%9e%d7%95%d7%9c%d7%99/,2026-06-01T19:35:22+00:00
nadlan_professional-sitemap3.xml,https://nad-lan.co.il/professionals/%d7%a9%d7%aa%d7%95%d7%99-%d7%9e%d7%95%d7%a2%d7%90%d7%91/,2026-06-01T19:35:22+00:00
nadlan_professional-sitemap3.xml,https://nad-lan.co.il/professionals/%d7%90%d7%96%d7%95%d7%9c%d7%90%d7%99-%d7%92%d7%9c%d7%a2%d7%93/,2026-06-01T19:35:23+00:00
nadlan_professional-sitemap3.xml,https://nad-lan.co.il/professionals/%d7%9e%d7%97%d7%90%d7%9e%d7%99%d7%93-%d7%a1%d7%9e%d7%99%d7%a8/,2026-06-01T19:35:23+00:00
nadlan_professional-sitemap3.xml,https://nad-lan.co.il/professionals/%d7%9e%d7%93%d7%a8-%d7%90%d7%a8%d7%a0%d7%95%d7%9f/,2026-06-01T19:35:24+00:00
nadlan_professional-sitemap3.xml,https://nad-lan.co.il/professionals/%d7%9b%d7%94%d7%9f-%d7%90%d7%93%d7%9e%d7%95%d7%a0%d7%93/,2026-06-01T19:35:24+00:00
nadlan_professional-sitemap3.xml,https://nad-lan.co.il/professionals/%d7%9e%d7%97%d7%90%d7%9e%d7%99%d7%93-%d7%a2%d7%91%d7%93-%d7%90%d7%9c%d7%91%d7%90%d7%a1%d7%98/,2026-06-01T19:35:24+00:00
nadlan_professional-sitemap3.xml,https://nad-lan.co.il/professionals/%d7%9e%d7%a9%d7%94-%d7%97%d7%99%d7%99%d7%9d/,2026-06-01T19:35:25+00:00
nadlan_professional-sitemap3.xml,https://nad-lan.co.il/professionals/%d7%a0%d7%a4%d7%90%d7%a4%d7%a2%d7%94-%d7%9e%d7%95%d7%a4%d7%a7/,2026-06-01T19:35:25+00:00
nadlan_professional-sitemap3.xml,https://nad-lan.co.il/professionals/%d7%94%d7%a8%d7%90%d7%9c-%d7%98%d7%9c/,2026-06-01T19:35:26+00:00
nadlan_professional-sitemap3.xml,https://nad-lan.co.il/professionals/%d7%9e%d7%97%d7%90%d7%9e%d7%99%d7%93-%d7%a2%d7%90%d7%99%d7%93/,2026-06-01T19:35:26+00:00
nadlan_professional-sitemap3.xml,https://nad-lan.co.il/professionals/%d7%a1%d7%99%d7%98%d7%a8%d7%95%d7%a7-%d7%99%d7%a6%d7%97%d7%a7/,2026-06-01T19:35:27+00:00
nadlan_professional-sitemap3.xml,https://nad-lan.co.il/professionals/%d7%a4%d7%90%d7%97%d7%95%d7%a8%d7%99-%d7%a1%d7%9c%d7%99%d7%9d/,2026-06-01T19:35:27+00:00
nadlan_professional-sitemap3.xml,https://nad-lan.co.il/professionals/%d7%90%d7%91%d7%95-%d7%9c%d7%99%d7%9c-%d7%90%d7%97%d7%9e%d7%93/,2026-06-01T19:35:27+00:00
nadlan_professional-sitemap3.xml,https://nad-lan.co.il/professionals/%d7%91%d7%96%d7%99%d7%99%d7%92-%d7%95%d7%9c%d7%99%d7%93/,2026-06-01T19:35:28+00:00
nadlan_professional-sitemap3.xml,https://nad-lan.co.il/professionals/%d7%93%d7%a8%d7%90%d7%95%d7%a9%d7%94-%d7%98%d7%95%d7%a2%d7%9e%d7%94/,2026-06-01T19:35:29+00:00
nadlan_professional-sitemap3.xml,https://nad-lan.co.il/professionals/%d7%a0%d7%96%d7%a8%d7%99-%d7%97%d7%a0%d7%9f/,2026-06-01T19:35:30+00:00
nadlan_professional-sitemap3.xml,https://nad-lan.co.il/professionals/%d7%9e%d7%97%d7%90%d7%9e%d7%99%d7%93-%d7%a0%d7%90%d7%99%d7%9c/,2026-06-01T19:35:30+00:00
nadlan_professional-sitemap3.xml,https://nad-lan.co.il/professionals/%d7%91%d7%a8-%d7%a0%d7%a1-%d7%a0%d7%90%d7%95%d7%a8/,2026-06-01T19:35:31+00:00
nadlan_professional-sitemap3.xml,https://nad-lan.co.il/professionals/%d7%91%d7%a0%d7%99%d7%9e%d7%99%d7%9f-%d7%a9%d7%90%d7%95%d7%9c/,2026-06-01T19:35:31+00:00
nadlan_professional-sitemap3.xml,https://nad-lan.co.il/professionals/%d7%a0%d7%a1%d7%90%d7%a8-%d7%91%d7%93%d7%a8/,2026-06-01T19:35:31+00:00
nadlan_professional-sitemap3.xml,https://nad-lan.co.il/professionals/%d7%93%d7%95%d7%a8%d7%a4%d7%91%d7%a8%d7%92%d7%a8-%d7%a9%d7%a8%d7%95%d7%9f/,2026-06-01T19:35:32+00:00
nadlan_professional-sitemap3.xml,https://nad-lan.co.il/professionals/%d7%9e%d7%93%d7%90%d7%92%d7%99-%d7%a2%d7%90%d7%95%d7%a0%d7%99/,2026-06-01T19:35:32+00:00
nadlan_professional-sitemap3.xml,https://nad-lan.co.il/professionals/%d7%90%d7%9e%d7%90%d7%a8%d7%94-%d7%a2%d7%9c%d7%90/,2026-06-01T19:35:33+00:00
nadlan_professional-sitemap3.xml,https://nad-lan.co.il/professionals/%d7%a1%d7%95%d7%a8%d7%95%d7%92%d7%95%d7%9f-%d7%90%d7%94%d7%95%d7%93/,2026-06-01T19:35:34+00:00
nadlan_professional-sitemap3.xml,https://nad-lan.co.il/professionals/%d7%91%d7%93%d7%90%d7%a8%d7%a0%d7%94-%d7%9e%d7%95%d7%97%d7%9e%d7%93/,2026-06-01T19:35:34+00:00
nadlan_professional-sitemap3.xml,https://nad-lan.co.il/professionals/%d7%92%d7%91%d7%90%d7%a8%d7%99%d7%9f-%d7%90%d7%a1%d7%a2%d7%93/,2026-06-01T19:35:34+00:00
nadlan_professional-sitemap3.xml,https://nad-lan.co.il/professionals/%d7%97%d7%93%d7%90%d7%93-%d7%99%d7%95%d7%a1%d7%a3/,2026-06-01T19:35:35+00:00
nadlan_professional-sitemap3.xml,https://nad-lan.co.il/professionals/%d7%90%d7%91%d7%95-%d7%92%d7%90%d7%a0%d7%9d-%d7%92%d7%90%d7%a0%d7%9d/,2026-06-01T19:35:35+00:00
nadlan_professional-sitemap3.xml,https://nad-lan.co.il/professionals/%d7%a9%d7%a8%d7%99%d7%a3-%d7%a9%d7%90%d7%93%d7%99/,2026-06-01T19:35:35+00:00
nadlan_professional-sitemap3.xml,https://nad-lan.co.il/professionals/%d7%a4%d7%90%d7%a8%d7%a1-%d7%96%d7%95%d7%94%d7%a8/,2026-06-01T19:35:36+00:00
nadlan_professional-sitemap3.xml,https://nad-lan.co.il/professionals/%d7%93%d7%a8%d7%95%d7%90%d7%a9%d7%94-%d7%90%d7%99%d7%91%d7%a8%d7%94%d7%99%d7%9d/,2026-06-01T19:35:36+00:00
nadlan_professional-sitemap3.xml,https://nad-lan.co.il/professionals/%d7%a1%d7%95%d7%99%d7%93-%d7%90%d7%9e%d7%99%d7%9f/,2026-06-01T19:35:37+00:00
nadlan_professional-sitemap3.xml,https://nad-lan.co.il/professionals/%d7%a9%d7%9c%d7%91%d7%99-%d7%91%d7%90%d7%a1%d7%9d/,2026-06-01T19:35:37+00:00
nadlan_professional-sitemap3.xml,https://nad-lan.co.il/professionals/%d7%a9%d7%9c%d7%90%d7%a2%d7%98%d7%94-%d7%9e%d7%95%d7%97%d7%9e%d7%93/,2026-06-01T19:35:38+00:00
nadlan_professional-sitemap3.xml,https://nad-lan.co.il/professionals/%d7%90%d7%9c-%d7%98%d7%95%d7%a8%d7%99-%d7%a4%d7%99%d7%99%d7%a1%d7%9c/,2026-06-01T19:35:38+00:00
nadlan_professional-sitemap3.xml,https://nad-lan.co.il/professionals/%d7%a2%d7%91%d7%93-%d7%90%d7%9c%d7%a7%d7%90%d7%93%d7%a8-%d7%97%d7%95%d7%a1%d7%90%d7%9d/,2026-06-01T19:35:39+00:00
nadlan_professional-sitemap3.xml,https://nad-lan.co.il/professionals/%d7%90%d7%9c%d7%a2%d7%95%d7%a7%d7%94-%d7%90%d7%91%d7%a8%d7%94%d7%99%d7%9d/,2026-06-01T19:35:39+00:00
nadlan_professional-sitemap3.xml,https://nad-lan.co.il/professionals/%d7%a2%d7%99%d7%a1%d7%90-%d7%92%d7%9c%d7%92%d7%9c/,2026-06-01T19:35:40+00:00
nadlan_professional-sitemap3.xml,https://nad-lan.co.il/professionals/%d7%94%d7%a0%d7%91%d7%95%d7%96%d7%99-%d7%90%d7%93%d7%94%d7%9d/,2026-06-01T19:35:40+00:00
nadlan_professional-sitemap3.xml,https://nad-lan.co.il/professionals/%d7%91%d7%a1%d7%95%d7%9c-%d7%9e%d7%95%d7%97%d7%9e%d7%93/,2026-06-01T19:35:41+00:00
nadlan_professional-sitemap3.xml,https://nad-lan.co.il/professionals/%d7%a7%d7%90%d7%a1%d7%9d-%d7%a1%d7%9c%d7%90%d7%97/,2026-06-01T19:35:41+00:00
nadlan_professional-sitemap3.xml,https://nad-lan.co.il/professionals/%d7%93%d7%99%d7%90%d7%91-%d7%a2%d7%90%d7%93%d7%9c-2/,2026-06-01T19:35:42+00:00
nadlan_professional-sitemap3.xml,https://nad-lan.co.il/professionals/%d7%9e%d7%97%d7%9e%d7%95%d7%93-%d7%a2%d7%9c%d7%99-%d7%97%d7%9e%d7%90%d7%93/,2026-06-01T19:35:42+00:00
nadlan_professional-sitemap3.xml,https://nad-lan.co.il/professionals/%d7%90%d7%91%d7%a8%d7%99%d7%a7-%d7%a0%d7%92%d7%99/,2026-06-01T19:35:42+00:00
nadlan_professional-sitemap3.xml,https://nad-lan.co.il/professionals/%d7%9e%d7%97%d7%90%d7%9e%d7%99%d7%93-%d7%95%d7%90%d7%99%d7%9c/,2026-06-01T19:35:43+00:00
nadlan_professional-sitemap3.xml,https://nad-lan.co.il/professionals/%d7%92%d7%91%d7%90%d7%a8%d7%99%d7%9f-%d7%9e%d7%95%d7%94%d7%a0%d7%93-2/,2026-06-01T19:35:43+00:00
nadlan_professional-sitemap3.xml,https://nad-lan.co.il/professionals/%d7%a2%d7%95%d7%9e%d7%a8%d7%99-%d7%9e%d7%95%d7%94%d7%a0%d7%93/,2026-06-01T19:35:43+00:00
nadlan_professional-sitemap3.xml,https://nad-lan.co.il/professionals/%d7%97%d7%90%d7%9e%d7%93-%d7%9e%d7%90%d7%94%d7%a8/,2026-06-01T19:35:44+00:00
nadlan_professional-sitemap3.xml,https://nad-lan.co.il/professionals/%d7%a2%d7%95%d7%91%d7%99%d7%93-%d7%a2%d7%91%d7%93%d7%90%d7%9c%d7%9c%d7%94/,2026-06-01T19:35:44+00:00
nadlan_professional-sitemap3.xml,https://nad-lan.co.il/professionals/%d7%90%d7%91%d7%95-%d7%a1%d7%90%d7%9c%d7%97-%d7%91%d7%a9%d7%90%d7%a8/,2026-06-01T19:35:45+00:00
nadlan_professional-sitemap3.xml,https://nad-lan.co.il/professionals/%d7%a2%d7%98%d7%99%d7%94-%d7%a8%d7%90%d7%aa%d7%91/,2026-06-01T19:35:45+00:00
nadlan_professional-sitemap3.xml,https://nad-lan.co.il/professionals/%d7%9b%d7%97%d7%9c%d7%95%d7%a0%d7%99-%d7%a9%d7%90%d7%95%d7%a7%d7%99/,2026-06-01T19:35:46+00:00
nadlan_professional-sitemap3.xml,https://nad-lan.co.il/professionals/%d7%9e%d7%97%d7%9e%d7%99%d7%93-%d7%90%d7%99%d7%90%d7%93/,2026-06-01T19:35:46+00:00
nadlan_professional-sitemap3.xml,https://nad-lan.co.il/professionals/%d7%97%d7%91%d7%99%d7%91-%d7%90%d7%9c%d7%9c%d7%94-%d7%a8%d7%90%d7%99%d7%93/,2026-06-01T19:35:47+00:00
nadlan_professional-sitemap3.xml,https://nad-lan.co.il/professionals/%d7%96%d7%99%d7%93%d7%90%d7%9f-%d7%a2%d7%91%d7%93-%d7%90%d7%9c%d7%a2%d7%96%d7%99%d7%96/,2026-06-01T19:35:47+00:00
nadlan_professional-sitemap3.xml,https://nad-lan.co.il/professionals/%d7%a1%d7%9c%d7%90%d7%9e%d7%94-%d7%a1%d7%90%d7%9c%d7%9d/,2026-06-01T19:35:47+00:00
nadlan_professional-sitemap3.xml,https://nad-lan.co.il/professionals/%d7%9e%d7%96%d7%a8%d7%95%d7%a7-%d7%a0%d7%99%d7%a1%d7%99%d7%9d/,2026-06-01T19:35:48+00:00
nadlan_professional-sitemap3.xml,https://nad-lan.co.il/professionals/%d7%90%d7%92%d7%91%d7%90%d7%a8%d7%99%d7%94-%d7%a2%d7%99%d7%9e%d7%90%d7%93-3/,2026-06-01T19:35:48+00:00
nadlan_professional-sitemap3.xml,https://nad-lan.co.il/professionals/%d7%90%d7%91%d7%95-%d7%9e%d7%95%d7%9a-%d7%a2%d7%91%d7%93-%d7%90%d7%9c%d7%94%d7%90%d7%93%d7%99/,2026-06-01T19:35:49+00:00
nadlan_professional-sitemap3.xml,https://nad-lan.co.il/professionals/%d7%97%d7%9c%d7%99%d7%9c%d7%99%d7%94-%d7%a1%d7%90%d7%94%d7%a8/,2026-06-01T19:35:49+00:00
nadlan_professional-sitemap3.xml,https://nad-lan.co.il/professionals/%d7%9e%d7%97%d7%90%d7%92%d7%a0%d7%94-%d7%90%d7%97%d7%9e%d7%93/,2026-06-01T19:35:49+00:00
nadlan_professional-sitemap3.xml,https://nad-lan.co.il/professionals/%d7%90%d7%91%d7%95-%d7%a9%d7%a8%d7%a7%d7%99%d7%94-%d7%90%d7%97%d7%9e%d7%93/,2026-06-01T19:35:50+00:00
nadlan_professional-sitemap3.xml,https://nad-lan.co.il/professionals/%d7%9c%d7%95%d7%90%d7%91%d7%a0%d7%94-%d7%92%d7%9e%d7%90%d7%9c/,2026-06-01T19:35:50+00:00
nadlan_professional-sitemap3.xml,https://nad-lan.co.il/professionals/%d7%9e%d7%95%d7%97%d7%a1%d7%9f-%d7%a4%d7%95%d7%90%d7%93/,2026-06-01T19:35:51+00:00
nadlan_professional-sitemap3.xml,https://nad-lan.co.il/professionals/%d7%a9%d7%90%d7%9e%d7%90-%d7%a4%d7%90%d7%93%d7%99/,2026-06-01T19:35:51+00:00
nadlan_professional-sitemap3.xml,https://nad-lan.co.il/professionals/%d7%a8%d7%90%d7%99%d7%93-%d7%92%d7%91%d7%90%d7%a8%d7%99%d7%9f/,2026-06-01T19:35:52+00:00
nadlan_professional-sitemap3.xml,https://nad-lan.co.il/professionals/%d7%97%d7%99%d7%9c%d7%99%d7%99%d7%a3-%d7%a8%d7%99%d7%90%d7%93/,2026-06-01T19:35:52+00:00
nadlan_professional-sitemap3.xml,https://nad-lan.co.il/professionals/%d7%92%d7%91%d7%90%d7%a8%d7%99%d7%9f-%d7%91%d7%94%d7%90-2/,2026-06-01T19:35:53+00:00
nadlan_professional-sitemap3.xml,https://nad-lan.co.il/professionals/%d7%a1%d7%95%d7%90%d7%a2%d7%93-%d7%a2%d7%90%d7%95%d7%a0%d7%99/,2026-06-01T19:35:53+00:00
nadlan_professional-sitemap3.xml,https://nad-lan.co.il/professionals/%d7%90%d7%92%d7%91%d7%a8%d7%99%d7%99%d7%94-%d7%99%d7%95%d7%a1%d7%a3/,2026-06-01T19:35:54+00:00
nadlan_professional-sitemap3.xml,https://nad-lan.co.il/professionals/%d7%a1%d7%9c%d7%99%d7%9e%d7%90%d7%a0%d7%99-%d7%90%d7%97%d7%9e%d7%93/,2026-06-01T19:35:54+00:00
nadlan_professional-sitemap3.xml,https://nad-lan.co.il/professionals/%d7%96%d7%95%d7%a2%d7%91%d7%99-%d7%a1%d7%90%d7%9e%d7%a8/,2026-06-01T19:35:55+00:00
nadlan_professional-sitemap3.xml,https://nad-lan.co.il/professionals/%d7%9e%d7%a8%d7%a2%d7%99-%d7%90%d7%97%d7%9e%d7%93/,2026-06-01T19:35:55+00:00
nadlan_professional-sitemap3.xml,https://nad-lan.co.il/professionals/%d7%9e%d7%97%d7%90%d7%9e%d7%99%d7%93-%d7%90%d7%a9%d7%98%d7%a8/,2026-06-01T19:35:55+00:00
nadlan_professional-sitemap3.xml,https://nad-lan.co.il/professionals/%d7%92%d7%91%d7%90%d7%a8%d7%99%d7%9f-%d7%a1%d7%9e%d7%99%d7%a8/,2026-06-01T19:35:56+00:00
nadlan_professional-sitemap3.xml,https://nad-lan.co.il/professionals/%d7%90%d7%91%d7%95-%d7%92%d7%90%d7%91%d7%a8-%d7%93%d7%99%d7%90%d7%91/,2026-06-01T19:35:56+00:00
nadlan_professional-sitemap3.xml,https://nad-lan.co.il/professionals/%d7%a7%d7%95%d7%91%d7%98%d7%99-%d7%90%d7%99%d7%94%d7%90%d7%91/,2026-06-01T19:35:57+00:00
nadlan_professional-sitemap3.xml,https://nad-lan.co.il/professionals/%d7%a2%d7%95%d7%95%d7%99%d7%93%d7%90%d7%aa-%d7%91%d7%a8%d7%94%d7%90%d7%9f/,2026-06-01T19:35:57+00:00
nadlan_professional-sitemap3.xml,https://nad-lan.co.il/professionals/%d7%92%d7%91%d7%90%d7%a8%d7%99%d7%9f-%d7%90%d7%99%d7%90%d7%93-%d7%97%d7%a1%d7%9f/,2026-06-01T19:35:58+00:00
nadlan_professional-sitemap3.xml,https://nad-lan.co.il/professionals/%d7%9e%d7%97%d7%9e%d7%95%d7%93-%d7%9e%d7%95%d7%a0%d7%92%d7%93/,2026-06-01T19:35:58+00:00
nadlan_professional-sitemap3.xml,https://nad-lan.co.il/professionals/%d7%97%d7%9c%d7%99%d7%9c%d7%99%d7%94-%d7%a2%d7%90%d7%9e%d7%a8/,2026-06-01T19:35:59+00:00
nadlan_professional-sitemap3.xml,https://nad-lan.co.il/professionals/%d7%97%d7%90%d7%92-%d7%99%d7%97%d7%99%d7%90-%d7%94%d7%90%d7%a0%d7%99/,2026-06-01T19:35:59+00:00
nadlan_professional-sitemap3.xml,https://nad-lan.co.il/professionals/%d7%9e%d7%97%d7%90%d7%9e%d7%99%d7%93-%d7%97%d7%90%d7%9c%d7%93/,2026-06-01T19:36:00+00:00
nadlan_professional-sitemap3.xml,https://nad-lan.co.il/professionals/%d7%90%d7%91%d7%95-%d7%a8%d7%90%d7%a1-%d7%91%d7%a9%d7%99%d7%a8/,2026-06-01T19:36:00+00:00
nadlan_professional-sitemap3.xml,https://nad-lan.co.il/professionals/%d7%90%d7%9c%d7%92%d7%a8%d7%95%d7%a9%d7%99-%d7%a2%d7%a6%d7%90%d7%9d/,2026-06-01T19:36:01+00:00
nadlan_professional-sitemap3.xml,https://nad-lan.co.il/professionals/%d7%a9%d7%94%d7%95%d7%95%d7%90%d7%a0%d7%99-%d7%a4%d7%a8%d7%90%d7%a1/,2026-06-01T19:36:01+00:00
nadlan_professional-sitemap3.xml,https://nad-lan.co.il/professionals/%d7%93%d7%99%d7%a1%d7%95%d7%a7%d7%99-%d7%a7%d7%90%d7%99%d7%a1/,2026-06-01T19:36:01+00:00
nadlan_professional-sitemap3.xml,https://nad-lan.co.il/professionals/%d7%90%d7%91%d7%95-%d7%a2%d7%a9%d7%99%d7%91%d7%94-%d7%a2%d7%91%d7%93/,2026-06-01T19:36:02+00:00
nadlan_professional-sitemap3.xml,https://nad-lan.co.il/professionals/%d7%a2%d7%99%d7%a8%d7%90%d7%a7%d7%99-%d7%90%d7%99%d7%99%d7%9e%d7%9f/,2026-06-01T19:36:02+00:00
nadlan_professional-sitemap3.xml,https://nad-lan.co.il/professionals/%d7%90%d7%91%d7%95-%d7%a1%d7%90%d7%9c%d7%97-%d7%a1%d7%a2%d7%99%d7%93/,2026-06-01T19:36:03+00:00
nadlan_professional-sitemap3.xml,https://nad-lan.co.il/professionals/%d7%9e%d7%a6%d7%90%d7%a8%d7%95%d7%94-%d7%a8%d7%99%d7%90%d7%91%d7%90%d7%9c/,2026-06-01T19:36:03+00:00
nadlan_professional-sitemap3.xml,https://nad-lan.co.il/professionals/%d7%9e%d7%95%d7%a1%d7%90-%d7%9e%d7%a0%d7%a1%d7%95%d7%a8/,2026-06-01T19:36:04+00:00
nadlan_professional-sitemap3.xml,https://nad-lan.co.il/professionals/%d7%a8%d7%90%d7%91%d7%95%d7%a1-%d7%9c%d7%95%d7%90%d7%99/,2026-06-01T19:36:04+00:00
nadlan_professional-sitemap3.xml,https://nad-lan.co.il/professionals/%d7%90%d7%91%d7%95-%d7%a1%d7%90%d7%9c%d7%97-%d7%a1%d7%90%d7%9c%d7%97/,2026-06-01T19:36:05+00:00
nadlan_professional-sitemap3.xml,https://nad-lan.co.il/professionals/%d7%97%d7%90%d7%92%d7%99-%d7%99%d7%97%d7%99%d7%90/,2026-06-01T19:36:05+00:00
nadlan_professional-sitemap3.xml,https://nad-lan.co.il/professionals/%d7%98%d7%a8%d7%99%d7%a3-%d7%97%d7%a1%d7%90%d7%9f/,2026-06-01T19:36:06+00:00
nadlan_professional-sitemap3.xml,https://nad-lan.co.il/professionals/%d7%a1%d7%95%d7%9c%d7%98%d7%90%d7%a0%d7%99-%d7%9e%d7%a8%d7%95%d7%90%d7%9f/,2026-06-01T19:36:06+00:00
nadlan_professional-sitemap3.xml,https://nad-lan.co.il/professionals/%d7%90%d7%91%d7%95-%d7%a2%d7%95%d7%90%d7%93-%d7%a8%d7%99%d7%90%d7%93/,2026-06-01T19:36:07+00:00
nadlan_professional-sitemap3.xml,https://nad-lan.co.il/professionals/%d7%a1%d7%a4%d7%93%d7%99-%d7%97%d7%90%d7%aa%d7%9d/,2026-06-01T19:36:07+00:00
nadlan_professional-sitemap3.xml,https://nad-lan.co.il/professionals/%d7%a2%d7%90%d7%96%d7%9d-%d7%9e%d7%95%d7%a8%d7%a1%d7%99/,2026-06-01T19:36:07+00:00
nadlan_professional-sitemap3.xml,https://nad-lan.co.il/professionals/%d7%96%d7%94%d7%95%d7%94-%d7%90%d7%99%d7%90%d7%93/,2026-06-01T19:36:08+00:00
nadlan_professional-sitemap3.xml,https://nad-lan.co.il/professionals/%d7%94%d7%95%d7%96%d7%99%d7%99%d7%9c-%d7%9e%d7%95%d7%a4%d7%99%d7%93/,2026-06-01T19:36:08+00:00
nadlan_professional-sitemap3.xml,https://nad-lan.co.il/professionals/%d7%9e%d7%93%d7%90%d7%97-%d7%95%d7%93%d7%99%d7%a2/,2026-06-01T19:36:09+00:00
nadlan_professional-sitemap3.xml,https://nad-lan.co.il/professionals/%d7%92%d7%95%d7%90%d7%91%d7%a8%d7%94-%d7%94%d7%90%d7%a0%d7%99/,2026-06-01T19:36:09+00:00
nadlan_professional-sitemap3.xml,https://nad-lan.co.il/professionals/%d7%96%d7%94%d7%95%d7%94-%d7%a1%d7%9e%d7%99%d7%97/,2026-06-01T19:36:10+00:00
nadlan_professional-sitemap3.xml,https://nad-lan.co.il/professionals/%d7%a2%d7%95%d7%90%d7%95%d7%93%d7%94-%d7%92%d7%9c%d7%90%d7%9c/,2026-06-01T19:36:10+00:00
nadlan_professional-sitemap3.xml,https://nad-lan.co.il/professionals/%d7%90%d7%9c%d7%a7%d7%99%d7%a9-%d7%a1%d7%90%d7%9e%d7%a8/,2026-06-01T19:36:11+00:00
nadlan_professional-sitemap3.xml,https://nad-lan.co.il/professionals/%d7%90%d7%92%d7%91%d7%90%d7%a8%d7%99%d7%94-%d7%a2%d7%91%d7%93-%d7%90%d7%9c%d7%a8%d7%90%d7%96%d7%a7/,2026-06-01T19:36:11+00:00
nadlan_professional-sitemap3.xml,https://nad-lan.co.il/professionals/%d7%a7%d7%90%d7%93%d7%a8%d7%99-%d7%95%d7%95%d7%a1%d7%99%d7%9d/,2026-06-01T19:36:12+00:00
nadlan_professional-sitemap3.xml,https://nad-lan.co.il/professionals/%d7%90%d7%91%d7%95-%d7%a1%d7%a2%d7%93%d7%94-%d7%9e%d7%95%d7%a2%d7%93%d7%90%d7%93/,2026-06-01T19:36:13+00:00
nadlan_professional-sitemap3.xml,https://nad-lan.co.il/professionals/%d7%90%d7%9c-%d7%95%d7%9c%d7%99-%d7%a2%d7%a1%d7%90%d7%9d/,2026-06-01T19:36:13+00:00
nadlan_professional-sitemap3.xml,https://nad-lan.co.il/professionals/%d7%a9%d7%95%d7%95%d7%90%d7%97-%d7%90%d7%a0%d7%95%d7%95%d7%90%d7%a8/,2026-06-01T19:36:13+00:00
nadlan_professional-sitemap3.xml,https://nad-lan.co.il/professionals/%d7%91%d7%98%d7%97%d7%99%d7%a9-%d7%97%d7%a1%d7%9f/,2026-06-01T19:36:14+00:00
nadlan_professional-sitemap3.xml,https://nad-lan.co.il/professionals/%d7%97%d7%9c%d7%91%d7%99-%d7%a1%d7%9c%d7%99%d7%9e%d7%90%d7%9f/,2026-06-01T19:36:15+00:00
nadlan_professional-sitemap3.xml,https://nad-lan.co.il/professionals/%d7%9e%d7%a1%d7%a2%d7%95%d7%93-%d7%a2%d7%99%d7%a1%d7%90%d7%9d/,2026-06-01T19:36:16+00:00
nadlan_professional-sitemap3.xml,https://nad-lan.co.il/professionals/%d7%92%d7%a0%d7%90%d7%99%d7%9d-%d7%a0%d7%91%d7%99%d7%9c/,2026-06-01T19:36:16+00:00
nadlan_professional-sitemap3.xml,https://nad-lan.co.il/professionals/%d7%a1%d7%a2%d7%91-%d7%91%d7%90%d7%93%d7%99/,2026-06-01T19:36:17+00:00
nadlan_professional-sitemap3.xml,https://nad-lan.co.il/professionals/%d7%90%d7%92%d7%91%d7%90%d7%a8%d7%99%d7%94-%d7%97%d7%91%d7%99%d7%91/,2026-06-01T19:36:17+00:00
nadlan_professional-sitemap3.xml,https://nad-lan.co.il/professionals/%d7%9e%d7%a1%d7%a2%d7%95%d7%93-%d7%a1%d7%90%d7%9e%d7%a8/,2026-06-01T19:36:18+00:00
nadlan_professional-sitemap3.xml,https://nad-lan.co.il/professionals/%d7%90%d7%96%d7%95%d7%9c%d7%90%d7%99-%d7%90%d7%93%d7%9d/,2026-06-01T19:36:18+00:00
nadlan_professional-sitemap3.xml,https://nad-lan.co.il/professionals/%d7%a7%d7%95%d7%90%d7%9e%d7%9c%d7%94-%d7%9e%d7%95%d7%97%d7%9e%d7%93/,2026-06-01T19:36:19+00:00
nadlan_professional-sitemap3.xml,https://nad-lan.co.il/professionals/%d7%a4%d7%a8%d7%92-%d7%9e%d7%97%d7%90%d7%9e%d7%99%d7%93/,2026-06-01T19:36:19+00:00
nadlan_professional-sitemap3.xml,https://nad-lan.co.il/professionals/%d7%a1%d7%9c%d7%97%d7%95%d7%aa-%d7%9e%d7%95%d7%a1%d7%90/,2026-06-01T19:36:20+00:00
nadlan_professional-sitemap3.xml,https://nad-lan.co.il/professionals/%d7%98%d7%99%d7%90%d7%a8-%d7%90%d7%99%d7%aa%d7%99/,2026-06-01T19:36:20+00:00
nadlan_professional-sitemap3.xml,https://nad-lan.co.il/professionals/%d7%90%d7%91%d7%95-%d7%98%d7%99%d7%a8-%d7%9e%d7%95%d7%a4%d7%99%d7%93/,2026-06-01T19:36:21+00:00
nadlan_professional-sitemap3.xml,https://nad-lan.co.il/professionals/%d7%91%d7%a8%d7%96%d7%99%d7%9c%d7%99-%d7%91%d7%95%d7%a2%d7%96/,2026-06-01T19:36:21+00:00
nadlan_professional-sitemap3.xml,https://nad-lan.co.il/professionals/%d7%a7%d7%a1%d7%99%d7%a1-%d7%aa%d7%90%d7%95%d7%a4%d7%99%d7%a7/,2026-06-01T19:36:22+00:00
nadlan_professional-sitemap3.xml,https://nad-lan.co.il/professionals/%d7%91%d7%a8%d7%96%d7%99%d7%9c%d7%99-%d7%a9%d7%9c%d7%9e%d7%94/,2026-06-01T19:36:22+00:00
nadlan_professional-sitemap3.xml,https://nad-lan.co.il/professionals/%d7%90%d7%91%d7%a8%d7%99%d7%a7-%d7%9e%d7%95%d7%a1%d7%90/,2026-06-01T19:36:23+00:00
nadlan_professional-sitemap3.xml,https://nad-lan.co.il/professionals/%d7%a2%d7%99%d7%93%d7%9f-%d7%a4%d7%a8%d7%a5-%d7%a0%d7%99%d7%a1%d7%99%d7%9d/,2026-06-01T19:36:23+00:00
nadlan_professional-sitemap3.xml,https://nad-lan.co.il/professionals/%d7%97%d7%93%d7%93-%d7%93%d7%91/,2026-06-01T19:36:23+00:00
nadlan_professional-sitemap3.xml,https://nad-lan.co.il/professionals/%d7%99%d7%96%d7%90%d7%91%d7%9b%d7%99-%d7%96%d7%99%d7%90%d7%93/,2026-06-01T19:36:24+00:00
nadlan_professional-sitemap3.xml,https://nad-lan.co.il/professionals/%d7%90%d7%9c%d7%99%d7%9e%d7%9c%d7%9a-%d7%90%d7%a9%d7%a8/,2026-06-01T19:36:24+00:00
nadlan_professional-sitemap3.xml,https://nad-lan.co.il/professionals/%d7%a9%d7%97%d7%90%d7%93%d7%94-%d7%a1%d7%95%d7%94%d7%99%d7%9c/,2026-06-01T19:36:25+00:00
nadlan_professional-sitemap3.xml,https://nad-lan.co.il/professionals/%d7%93%d7%a0%d7%95%d7%9f-%d7%a9%d7%9c%d7%9e%d7%94/,2026-06-01T19:36:25+00:00
nadlan_professional-sitemap3.xml,https://nad-lan.co.il/professionals/%d7%a2%d7%90%d7%a1%d7%99-%d7%98%d7%9c%d7%99%d7%a2/,2026-06-01T19:36:26+00:00
nadlan_professional-sitemap3.xml,https://nad-lan.co.il/professionals/%d7%a1%d7%95%d7%99%d7%93%d7%90%d7%9f-%d7%99%d7%90%d7%a1%d7%a8/,2026-06-01T19:36:26+00:00
nadlan_professional-sitemap3.xml,https://nad-lan.co.il/professionals/%d7%97%d7%9f-%d7%90%d7%91%d7%99%d7%91%d7%94/,2026-06-01T19:36:26+00:00
nadlan_professional-sitemap3.xml,https://nad-lan.co.il/professionals/%d7%a9%d7%99%d7%9a-%d7%96%d7%99%d7%99%d7%93-%d7%a2%d7%9c%d7%90-%d7%90%d7%9c%d7%93%d7%99%d7%9f/,2026-06-01T19:36:27+00:00
nadlan_professional-sitemap3.xml,https://nad-lan.co.il/professionals/%d7%9e%d7%95%d7%a8-%d7%9e%d7%90%d7%99%d7%a8/,2026-06-01T19:36:27+00:00
nadlan_professional-sitemap3.xml,https://nad-lan.co.il/professionals/%d7%97%d7%98%d7%99%d7%91-%d7%9e%d7%95%d7%a1%d7%98%d7%a4%d7%90/,2026-06-01T19:36:28+00:00
nadlan_professional-sitemap3.xml,https://nad-lan.co.il/professionals/%d7%92%d7%95%d7%9c%d7%9f-%d7%90%d7%99%d7%aa%d7%9f/,2026-06-01T19:36:28+00:00
nadlan_professional-sitemap3.xml,https://nad-lan.co.il/professionals/%d7%99%d7%97%d7%99%d7%90-%d7%a2%d7%90%d7%9e%d7%a8/,2026-06-01T19:36:29+00:00
nadlan_professional-sitemap3.xml,https://nad-lan.co.il/professionals/%d7%91%d7%a8%d7%98-%d7%99%d7%95%d7%a1%d7%a3/,2026-06-01T19:36:29+00:00
nadlan_professional-sitemap3.xml,https://nad-lan.co.il/professionals/%d7%9b%d7%a8%d7%9e%d7%90%d7%95%d7%99-%d7%a4%d7%aa%d7%97%d7%99/,2026-06-01T19:36:30+00:00
nadlan_professional-sitemap3.xml,https://nad-lan.co.il/professionals/%d7%9c%d7%95%d7%99%d7%9f-%d7%a9%d7%9e%d7%95%d7%90%d7%9c/,2026-06-01T19:36:30+00:00
nadlan_professional-sitemap3.xml,https://nad-lan.co.il/professionals/%d7%a2%d7%91%d7%93-%d7%90%d7%9c%d7%97%d7%9c%d7%99%d7%9d-%d7%a7%d7%95%d7%a1%d7%99%d7%99/,2026-06-01T19:36:31+00:00
nadlan_professional-sitemap3.xml,https://nad-lan.co.il/professionals/%d7%a7%d7%9e%d7%a8-%d7%90%d7%91%d7%a8%d7%94%d7%9d/,2026-06-01T19:36:31+00:00
nadlan_professional-sitemap3.xml,https://nad-lan.co.il/professionals/%d7%a1%d7%9c%d7%99%d7%9e%d7%90%d7%9f-%d7%94%d7%90%d7%a9%d7%9d/,2026-06-01T19:36:32+00:00
nadlan_professional-sitemap3.xml,https://nad-lan.co.il/professionals/%d7%93%d7%a0%d7%95%d7%9f-%d7%97%d7%99%d7%99%d7%9d/,2026-06-01T19:36:32+00:00
nadlan_professional-sitemap3.xml,https://nad-lan.co.il/professionals/%d7%97%d7%95%d7%a8%d7%99-%d7%9e%d7%95%d7%a1%d7%90/,2026-06-01T19:36:33+00:00
nadlan_professional-sitemap3.xml,https://nad-lan.co.il/professionals/%d7%91%d7%9f-%d7%a2%d7%96%d7%a8%d7%90-%d7%99%d7%a9%d7%a8%d7%90%d7%9c/,2026-06-01T19:36:33+00:00
nadlan_professional-sitemap3.xml,https://nad-lan.co.il/professionals/%d7%90%d7%92%d7%91%d7%90%d7%a8%d7%99%d7%94-%d7%9e%d7%95%d7%97%d7%9e%d7%93-%d7%a0%d7%a1%d7%a8/,2026-06-01T19:36:34+00:00
nadlan_professional-sitemap3.xml,https://nad-lan.co.il/professionals/%d7%93%d7%95%d7%a8%d7%95%d7%9f-%d7%a9%d7%9e%d7%a2%d7%95%d7%9f/,2026-06-01T19:36:34+00:00
nadlan_professional-sitemap3.xml,https://nad-lan.co.il/professionals/%d7%a2%d7%91%d7%95%d7%93-%d7%9e%d7%90%d7%94%d7%9c/,2026-06-01T19:36:35+00:00
nadlan_professional-sitemap3.xml,https://nad-lan.co.il/professionals/%d7%a7%d7%91%d7%9c%d7%90%d7%9f-%d7%a1%d7%9c%d7%9e%d7%90%d7%9f/,2026-06-01T19:36:35+00:00
nadlan_professional-sitemap3.xml,https://nad-lan.co.il/professionals/%d7%9e%d7%96%d7%a8%d7%97%d7%99-%d7%99%d7%95%d7%a1%d7%a3/,2026-06-01T19:36:35+00:00
nadlan_professional-sitemap3.xml,https://nad-lan.co.il/professionals/%d7%90%d7%a1%d7%98%d7%94-%d7%90%d7%91%d7%99%d7%a0%d7%95%d7%a2%d7%9d/,2026-06-01T19:36:35+00:00
nadlan_professional-sitemap3.xml,https://nad-lan.co.il/professionals/%d7%97%d7%a1%d7%9f-%d7%a1%d7%9c%d7%99%d7%9e%d7%90%d7%9f/,2026-06-01T19:36:36+00:00
nadlan_professional-sitemap3.xml,https://nad-lan.co.il/professionals/%d7%97%d7%a1%d7%9f-%d7%9e%d7%a9%d7%94/,2026-06-01T19:36:36+00:00
nadlan_professional-sitemap3.xml,https://nad-lan.co.il/professionals/%d7%93%d7%95%d7%97%d7%99-%d7%a8%d7%90%d7%99%d7%93/,2026-06-01T19:36:37+00:00
nadlan_professional-sitemap3.xml,https://nad-lan.co.il/professionals/%d7%9b%d7%94%d7%9f-%d7%90%d7%9c%d7%99%d7%a2%d7%96%d7%a8-2/,2026-06-01T19:36:37+00:00
nadlan_professional-sitemap3.xml,https://nad-lan.co.il/professionals/%d7%93%d7%90%d7%95%d7%95%d7%93-%d7%9e%d7%95%d7%97%d7%9e%d7%93/,2026-06-01T19:36:38+00:00
nadlan_professional-sitemap3.xml,https://nad-lan.co.il/professionals/%d7%a7%d7%a8%d7%99%d7%90%d7%9c-%d7%a9%d7%9c%d7%9e%d7%94/,2026-06-01T19:36:38+00:00
nadlan_professional-sitemap3.xml,https://nad-lan.co.il/professionals/%d7%90%d7%91%d7%95-%d7%a1%d7%90%d7%9c%d7%97-%d7%99%d7%95%d7%a1%d7%a3/,2026-06-01T19:36:39+00:00
nadlan_professional-sitemap3.xml,https://nad-lan.co.il/professionals/%d7%93%d7%94%d7%a8%d7%99-%d7%a0%d7%97%d7%95%d7%9d/,2026-06-01T19:36:39+00:00
nadlan_professional-sitemap3.xml,https://nad-lan.co.il/professionals/%d7%9e%d7%a1%d7%90%d7%9c%d7%97%d7%94-%d7%90%d7%97%d7%9e%d7%93/,2026-06-01T19:36:40+00:00
nadlan_professional-sitemap3.xml,https://nad-lan.co.il/professionals/%d7%9e%d7%90%d7%99%d7%a8-%d7%91%d7%95%d7%92%d7%95%d7%90%d7%9c%d7%99/,2026-06-01T19:36:40+00:00
nadlan_professional-sitemap3.xml,https://nad-lan.co.il/professionals/%d7%94%d7%90%d7%93%d7%99%d7%94-%d7%a2%d7%9c%d7%99/,2026-06-01T19:36:41+00:00
nadlan_professional-sitemap3.xml,https://nad-lan.co.il/professionals/%d7%93%d7%91-%d7%a0%d7%99%d7%a1%d7%99%d7%9d/,2026-06-01T19:36:41+00:00
nadlan_professional-sitemap3.xml,https://nad-lan.co.il/professionals/%d7%94%d7%91%d7%a8%d7%90%d7%aa-%d7%99%d7%95%d7%a1%d7%a3/,2026-06-01T19:36:42+00:00
nadlan_professional-sitemap3.xml,https://nad-lan.co.il/professionals/%d7%9e%d7%97%d7%90%d7%9e%d7%99%d7%93-%d7%a0%d7%91%d7%99%d7%9c/,2026-06-01T19:36:42+00:00
nadlan_professional-sitemap3.xml,https://nad-lan.co.il/professionals/%d7%93%d7%93%d7%95%d7%a9-%d7%90%d7%91%d7%a8%d7%94%d7%9d/,2026-06-01T19:36:42+00:00
nadlan_professional-sitemap3.xml,https://nad-lan.co.il/professionals/%d7%92%d7%95%d7%99%d7%9c%d7%99-%d7%99%d7%94%d7%95%d7%93%d7%94/,2026-06-01T19:36:42+00:00
nadlan_professional-sitemap3.xml,https://nad-lan.co.il/professionals/%d7%a2%d7%a8%d7%90%d7%91%d7%99-%d7%90%d7%91%d7%a8%d7%90%d7%94%d7%99%d7%9d/,2026-06-01T19:36:43+00:00
nadlan_professional-sitemap3.xml,https://nad-lan.co.il/professionals/%d7%97%d7%aa%d7%95%d7%a7%d7%90%d7%99-%d7%91%d7%99%d7%91%d7%a8%d7%a1/,2026-06-01T19:36:43+00:00
nadlan_professional-sitemap3.xml,https://nad-lan.co.il/professionals/%d7%99%d7%90%d7%a1%d7%99%d7%9f-%d7%a8%d7%90%d7%a4%d7%aa/,2026-06-01T19:36:44+00:00
nadlan_professional-sitemap3.xml,https://nad-lan.co.il/professionals/%d7%97%d7%a1%d7%99%d7%9f-%d7%93%d7%95%d7%93/,2026-06-01T19:36:44+00:00
nadlan_professional-sitemap3.xml,https://nad-lan.co.il/professionals/%d7%9e%d7%95%d7%92%d7%a8%d7%91%d7%99-%d7%a1%d7%9e%d7%90%d7%a8/,2026-06-01T19:36:45+00:00
nadlan_professional-sitemap3.xml,https://nad-lan.co.il/professionals/%d7%92%d7%91%d7%90%d7%99-%d7%a9%d7%9c%d7%95%d7%9e%d7%99/,2026-06-01T19:36:45+00:00
nadlan_professional-sitemap3.xml,https://nad-lan.co.il/professionals/%d7%97%d7%9c%d7%99%d7%97%d7%9c-%d7%92%d7%90%d7%a0%d7%9d/,2026-06-01T19:36:46+00:00
nadlan_professional-sitemap3.xml,https://nad-lan.co.il/professionals/%d7%99%d7%90%d7%a1%d7%99%d7%9f-%d7%91%d7%94%d7%90%d7%9c%d7%93%d7%99%d7%9f/,2026-06-01T19:36:46+00:00
nadlan_professional-sitemap3.xml,https://nad-lan.co.il/professionals/%d7%9e%d7%95%d7%a1%d7%98%d7%a4%d7%90-%d7%a1%d7%90%d7%9c%d7%97/,2026-06-01T19:36:47+00:00
nadlan_professional-sitemap3.xml,https://nad-lan.co.il/professionals/%d7%92%d7%93%d7%91%d7%90%d7%9f-%d7%90%d7%9e%d7%99%d7%9f/,2026-06-01T19:36:47+00:00
nadlan_professional-sitemap3.xml,https://nad-lan.co.il/professionals/%d7%a1%d7%a8%d7%97%d7%90%d7%9f-%d7%90%d7%99%d7%91%d7%a8%d7%94%d7%99%d7%9d/,2026-06-01T19:36:48+00:00
nadlan_professional-sitemap3.xml,https://nad-lan.co.il/professionals/%d7%92%d7%a8%d7%99%d7%a1%d7%9e%d7%9f-%d7%90%d7%95%d7%a9%d7%a8%d7%99/,2026-06-01T19:36:48+00:00
nadlan_professional-sitemap3.xml,https://nad-lan.co.il/professionals/%d7%90%d7%91%d7%95-%d7%a9%d7%99%d7%a0%d7%93%d7%99-%d7%90%d7%97%d7%9e%d7%93/,2026-06-01T19:36:49+00:00
nadlan_professional-sitemap3.xml,https://nad-lan.co.il/professionals/%d7%96%d7%99%d7%93%d7%90%d7%9f-%d7%90%d7%91%d7%a8%d7%94%d7%9d/,2026-06-01T19:36:49+00:00
nadlan_professional-sitemap3.xml,https://nad-lan.co.il/professionals/%d7%97%d7%a7%d7%a7-%d7%99%d7%95%d7%90%d7%91/,2026-06-01T19:36:49+00:00
nadlan_professional-sitemap3.xml,https://nad-lan.co.il/professionals/%d7%a1%d7%98%d7%a4%d7%90%d7%9f-%d7%95%d7%90%d7%99%d7%9c/,2026-06-01T19:36:50+00:00
nadlan_professional-sitemap3.xml,https://nad-lan.co.il/professionals/%d7%97%d7%9f-%d7%90%d7%95%d7%a8%d7%9f/,2026-06-01T19:36:50+00:00
nadlan_professional-sitemap3.xml,https://nad-lan.co.il/professionals/%d7%a8%d7%95%d7%91%d7%99%d7%a0%d7%95%d7%91-%d7%99%d7%a9%d7%a8%d7%90%d7%9c/,2026-06-01T19:36:51+00:00
nadlan_professional-sitemap3.xml,https://nad-lan.co.il/professionals/%d7%a9%d7%9e%d7%90%d7%99-%d7%a0%d7%aa%d7%a0%d7%90%d7%9c/,2026-06-01T19:36:52+00:00
nadlan_professional-sitemap3.xml,https://nad-lan.co.il/professionals/%d7%91%d7%a8-%d7%90%d7%9c-%d7%91%d7%a8%d7%93%d7%94/,2026-06-01T19:36:53+00:00
nadlan_professional-sitemap3.xml,https://nad-lan.co.il/professionals/%d7%91%d7%99%d7%98%d7%95%d7%9f-%d7%9e%d7%99%d7%9b%d7%90%d7%9c/,2026-06-01T19:36:54+00:00
nadlan_professional-sitemap3.xml,https://nad-lan.co.il/professionals/%d7%96%d7%9c%d7%99%d7%93%d7%a8%d7%9e%d7%9f-%d7%90%d7%a8%d7%99%d7%a7/,2026-06-01T19:36:54+00:00
nadlan_professional-sitemap3.xml,https://nad-lan.co.il/professionals/%d7%a0%d7%96%d7%a8%d7%99-%d7%90%d7%95%d7%a4%d7%99%d7%a8/,2026-06-01T19:36:55+00:00
nadlan_professional-sitemap3.xml,https://nad-lan.co.il/professionals/%d7%a7%d7%a8%d7%98%d7%a1-%d7%90%d7%95%d7%a8%d7%99/,2026-06-01T19:36:56+00:00
nadlan_professional-sitemap3.xml,https://nad-lan.co.il/professionals/%d7%a0%d7%a1%d7%90%d7%a1%d7%a8%d7%94-%d7%91%d7%90%d7%92%d7%a1/,2026-06-01T19:36:57+00:00
nadlan_professional-sitemap3.xml,https://nad-lan.co.il/professionals/%d7%a6%d7%a4%d7%93%d7%99%d7%94-%d7%92%d7%99%d7%90/,2026-06-01T19:36:58+00:00
nadlan_professional-sitemap3.xml,https://nad-lan.co.il/professionals/%d7%a1%d7%a0%d7%93%d7%a8%d7%a1-%d7%90%d7%a9%d7%a8/,2026-06-01T19:36:59+00:00
nadlan_professional-sitemap3.xml,https://nad-lan.co.il/professionals/%d7%90%d7%91%d7%99%d7%93%d7%95%d7%a8-%d7%99%d7%a6%d7%97%d7%a7/,2026-06-01T19:37:00+00:00
nadlan_professional-sitemap3.xml,https://nad-lan.co.il/professionals/%d7%9e%d7%95%d7%96%d7%9c%d7%91%d7%98-%d7%a8%d7%91%d7%99%d7%a2/,2026-06-01T19:37:01+00:00
nadlan_professional-sitemap3.xml,https://nad-lan.co.il/professionals/%d7%92%d7%95%d7%90%d7%98%d7%94-%d7%a9%d7%9c%d7%9e%d7%94-%d7%a9%d7%97%d7%a8/,2026-06-01T19:37:04+00:00
nadlan_professional-sitemap3.xml,https://nad-lan.co.il/professionals/%d7%a7%d7%a8%d7%93%d7%97%d7%92%d7%99-%d7%a4%d7%90%d7%93%d7%99/,2026-06-01T19:37:05+00:00
nadlan_professional-sitemap3.xml,https://nad-lan.co.il/professionals/%d7%a1%d7%90%d7%a0%d7%a2-%d7%96%d7%a7%d7%99/,2026-06-01T19:37:06+00:00
nadlan_professional-sitemap3.xml,https://nad-lan.co.il/professionals/%d7%a2%d7%a7%d7%9c-%d7%92%d7%90%d7%9c%d7%91/,2026-06-01T19:37:07+00:00
nadlan_professional-sitemap3.xml,https://nad-lan.co.il/professionals/%d7%97%d7%92%d7%90%d7%92-%d7%99%d7%a6%d7%97%d7%a7/,2026-06-01T19:37:08+00:00
nadlan_professional-sitemap3.xml,https://nad-lan.co.il/professionals/%d7%9e%d7%95%d7%99%d7%90%d7%9c-%d7%99%d7%a0%d7%99%d7%91/,2026-06-01T19:37:09+00:00
nadlan_professional-sitemap3.xml,https://nad-lan.co.il/professionals/%d7%97%d7%9c%d7%99%d7%97%d7%9c-%d7%90%d7%97%d7%9e%d7%93/,2026-06-01T19:37:10+00:00
nadlan_professional-sitemap3.xml,https://nad-lan.co.il/professionals/%d7%91%d7%99%d7%a0%d7%99%d7%9e%d7%99%d7%9f-%d7%a9%d7%9c%d7%95%d7%9d/,2026-06-01T19:37:11+00:00
nadlan_professional-sitemap3.xml,https://nad-lan.co.il/professionals/%d7%9e%d7%93%d7%a8-%d7%a9%d7%a8%d7%95%d7%9f/,2026-06-01T19:37:12+00:00
nadlan_professional-sitemap3.xml,https://nad-lan.co.il/professionals/%d7%9c%d7%95%d7%9e%d7%94%d7%95%d7%9c%d7%98-%d7%9c%d7%95%d7%99-%d7%a2%d7%99%d7%93%d7%95/,2026-06-01T19:37:13+00:00
nadlan_professional-sitemap3.xml,https://nad-lan.co.il/professionals/%d7%91%d7%95%d7%9b%d7%a8%d7%99%d7%a1-%d7%90%d7%9e%d7%99%d7%aa%d7%99/,2026-06-01T19:37:14+00:00
nadlan_professional-sitemap3.xml,https://nad-lan.co.il/professionals/%d7%99%d7%a4%d7%a8%d7%97-%d7%97%d7%99%d7%99%d7%9d/,2026-06-01T19:37:14+00:00
nadlan_professional-sitemap3.xml,https://nad-lan.co.il/professionals/%d7%90%d7%9c%d7%a7%d7%a8%d7%99%d7%a0%d7%90%d7%95%d7%99-%d7%90%d7%9e%d7%99%d7%a8/,2026-06-01T19:37:15+00:00
nadlan_professional-sitemap3.xml,https://nad-lan.co.il/professionals/%d7%a7%d7%9c%d7%a4%d7%95%d7%90%d7%95%d7%9a-%d7%99%d7%95%d7%a0%d7%aa%d7%9f/,2026-06-01T19:37:16+00:00
nadlan_professional-sitemap3.xml,https://nad-lan.co.il/professionals/%d7%96%d7%95%d7%94%d7%a8-%d7%99%d7%a2%d7%a7%d7%91/,2026-06-01T19:37:17+00:00
nadlan_professional-sitemap3.xml,https://nad-lan.co.il/professionals/%d7%90%d7%91%d7%95-%d7%a1%d7%95%d7%99%d7%a1-%d7%a1%d7%95%d7%9c%d7%99%d7%9e%d7%90%d7%9f/,2026-06-01T19:37:18+00:00
nadlan_professional-sitemap3.xml,https://nad-lan.co.il/professionals/%d7%90%d7%9c%d7%a1%d7%99%d7%99%d7%93-%d7%a2%d7%9e%d7%90%d7%a8/,2026-06-01T19:37:19+00:00
nadlan_professional-sitemap3.xml,https://nad-lan.co.il/professionals/%d7%90%d7%a8%d7%91%d7%99%d7%91-%d7%90%d7%95%d7%a4%d7%99%d7%a8/,2026-06-01T19:37:20+00:00
nadlan_professional-sitemap3.xml,https://nad-lan.co.il/professionals/%d7%a7%d7%90%d7%a1%d7%9d-%d7%9e%d7%95%d7%90%d7%99%d7%99%d7%93/,2026-06-01T19:37:21+00:00
nadlan_professional-sitemap3.xml,https://nad-lan.co.il/professionals/%d7%a8%d7%95%d7%aa%d7%9d-%d7%90%d7%91%d7%99-%d7%90%d7%91%d7%a8%d7%94%d7%9d/,2026-06-01T19:37:22+00:00
nadlan_professional-sitemap3.xml,https://nad-lan.co.il/professionals/%d7%a2%d7%95%d7%93%d7%99%d7%99%d7%94-%d7%a7%d7%93%d7%95%d7%a8%d7%94-%d7%9e%d7%90%d7%94%d7%a8/,2026-06-01T19:37:23+00:00
nadlan_professional-sitemap3.xml,https://nad-lan.co.il/professionals/%d7%91%d7%9f-%d7%9e%d7%a0%d7%97%d7%9d-%d7%9e%d7%a0%d7%97%d7%9d/,2026-06-01T19:37:24+00:00
nadlan_professional-sitemap3.xml,https://nad-lan.co.il/professionals/%d7%9b%d7%a5-%d7%90%d7%95%d7%a4%d7%99%d7%a8/,2026-06-01T19:37:25+00:00
nadlan_professional-sitemap3.xml,https://nad-lan.co.il/professionals/%d7%a4%d7%9c%d7%97-%d7%a2%d7%9e%d7%95%d7%a1/,2026-06-01T19:37:26+00:00
nadlan_professional-sitemap3.xml,https://nad-lan.co.il/professionals/%d7%99%d7%95%d7%a0%d7%a1-%d7%9e%d7%97%d7%9e%d7%95%d7%93/,2026-06-01T19:37:27+00:00
nadlan_professional-sitemap3.xml,https://nad-lan.co.il/professionals/%d7%90%d7%9c%d7%a4%d7%a1%d7%99-%d7%9e%d7%90%d7%99%d7%a8/,2026-06-01T19:37:28+00:00
nadlan_professional-sitemap3.xml,https://nad-lan.co.il/professionals/%d7%a9%d7%9e%d7%95%d7%90%d7%9c%d7%99-%d7%99%d7%a6%d7%97%d7%a7-%d7%a6%d7%97%d7%99/,2026-06-01T19:37:28+00:00
nadlan_professional-sitemap3.xml,https://nad-lan.co.il/professionals/%d7%a2%d7%9e%d7%99%d7%a7%d7%9d-%d7%a2%d7%95%d7%9e%d7%a8/,2026-06-01T19:37:29+00:00
nadlan_professional-sitemap3.xml,https://nad-lan.co.il/professionals/%d7%97%d7%a8%d7%a9-%d7%a2%d7%96%d7%90%d7%aa/,2026-06-01T19:37:30+00:00
nadlan_professional-sitemap3.xml,https://nad-lan.co.il/professionals/%d7%90%d7%95%d7%a8%d7%9f-%d7%90%d7%a1%d7%aa%d7%a8/,2026-06-01T19:37:31+00:00
nadlan_professional-sitemap3.xml,https://nad-lan.co.il/professionals/%d7%9e%d7%a9%d7%95%d7%9c%d7%9d-%d7%98%d7%95%d7%9e%d7%99/,2026-06-01T19:37:32+00:00
nadlan_professional-sitemap3.xml,https://nad-lan.co.il/professionals/%d7%90%d7%91%d7%a8%d7%9e%d7%95%d7%91-%d7%a8%d7%95%d7%a0%d7%9f/,2026-06-01T19:37:33+00:00
nadlan_professional-sitemap3.xml,https://nad-lan.co.il/professionals/%d7%92%d7%95%d7%91%d7%90%d7%a1-%d7%9e%d7%97%d7%9e%d7%95%d7%93/,2026-06-01T19:37:34+00:00
nadlan_professional-sitemap3.xml,https://nad-lan.co.il/professionals/%d7%92%d7%95%d7%93%d7%95%d7%91-%d7%99%d7%a6%d7%97%d7%a7/,2026-06-01T19:37:35+00:00
nadlan_professional-sitemap3.xml,https://nad-lan.co.il/professionals/%d7%9e%d7%97%d7%90%d7%9e%d7%99%d7%93-%d7%9e%d7%95%d7%90%d7%99%d7%93/,2026-06-01T19:37:35+00:00
nadlan_professional-sitemap3.xml,https://nad-lan.co.il/professionals/%d7%a0%d7%90%d7%98%d7%95%d7%a8-%d7%a7%d7%90%d7%9e%d7%9c/,2026-06-01T19:37:36+00:00
nadlan_professional-sitemap3.xml,https://nad-lan.co.il/professionals/%d7%90%d7%a1%d7%a3-%d7%99%d7%94%d7%95%d7%93%d7%94/,2026-06-01T19:37:37+00:00
nadlan_professional-sitemap3.xml,https://nad-lan.co.il/professionals/%d7%94%d7%90%d7%95%d7%96%d7%a8-%d7%91%d7%99%d7%a0%d7%99%d7%9e%d7%99%d7%9f/,2026-06-01T19:37:38+00:00
nadlan_professional-sitemap3.xml,https://nad-lan.co.il/professionals/%d7%a9%d7%95%d7%a7%d7%a8%d7%95%d7%9f-%d7%90%d7%95%d7%a4%d7%99%d7%a8/,2026-06-01T19:37:39+00:00
nadlan_professional-sitemap3.xml,https://nad-lan.co.il/professionals/%d7%90%d7%92%d7%91%d7%a8%d7%99%d7%94-%d7%90%d7%99%d7%9e%d7%9f/,2026-06-01T19:37:40+00:00
nadlan_professional-sitemap3.xml,https://nad-lan.co.il/professionals/%d7%99%d7%95%d7%a0%d7%94-%d7%99%d7%95%d7%a1%d7%a3/,2026-06-01T19:37:41+00:00
nadlan_professional-sitemap3.xml,https://nad-lan.co.il/professionals/%d7%a4%d7%a8%d7%a5-%d7%a0%d7%99%d7%a8/,2026-06-01T19:37:42+00:00
nadlan_professional-sitemap3.xml,https://nad-lan.co.il/professionals/%d7%a0%d7%99%d7%90%d7%96%d7%95%d7%a3-%d7%99%d7%94%d7%95%d7%93%d7%94/,2026-06-01T19:37:43+00:00
nadlan_professional-sitemap3.xml,https://nad-lan.co.il/professionals/%d7%9c%d7%95%d7%99-%d7%a2%d7%a8%d7%9f-2/,2026-06-01T19:37:44+00:00
nadlan_professional-sitemap3.xml,https://nad-lan.co.il/professionals/%d7%92%d7%a8%d7%99%d7%a0%d7%94%d7%95%d7%99%d7%96-%d7%92%d7%99%d7%90/,2026-06-01T19:37:45+00:00
nadlan_professional-sitemap3.xml,https://nad-lan.co.il/professionals/%d7%93%d7%92%d7%9f-%d7%a2%d7%a8%d7%9f/,2026-06-01T19:37:46+00:00
nadlan_professional-sitemap3.xml,https://nad-lan.co.il/professionals/%d7%92%d7%93%d7%90%d7%a2-%d7%90%d7%a8%d7%99%d7%90%d7%9c/,2026-06-01T19:37:47+00:00
nadlan_professional-sitemap3.xml,https://nad-lan.co.il/professionals/%d7%99%d7%95%d7%a1%d7%a3-%d7%99%d7%a2%d7%a7%d7%91/,2026-06-01T19:37:48+00:00
nadlan_professional-sitemap3.xml,https://nad-lan.co.il/professionals/%d7%a6%d7%a8%d7%a4%d7%aa%d7%99-%d7%90%d7%95%d7%a8%d7%9f/,2026-06-01T19:37:49+00:00
nadlan_professional-sitemap3.xml,https://nad-lan.co.il/professionals/%d7%98%d7%95%d7%91%d7%99%d7%9d-%d7%90%d7%9c%d7%95%d7%9f/,2026-06-01T19:37:50+00:00
nadlan_professional-sitemap3.xml,https://nad-lan.co.il/professionals/%d7%a7%d7%94%d7%9c%d7%a0%d7%99-%d7%a0%d7%99%d7%a8/,2026-06-01T19:37:51+00:00
nadlan_professional-sitemap3.xml,https://nad-lan.co.il/professionals/%d7%a4%d7%a0%d7%97%d7%a1-%d7%a8%d7%95%d7%a0%d7%99/,2026-06-01T19:37:52+00:00
nadlan_professional-sitemap3.xml,https://nad-lan.co.il/professionals/%d7%9e%d7%9c%d7%99%d7%97%d7%99-%d7%92%d7%93-%d7%a0%d7%aa%d7%a0%d7%90%d7%9c/,2026-06-01T19:37:52+00:00
nadlan_professional-sitemap3.xml,https://nad-lan.co.il/professionals/%d7%a9%d7%a8%d7%92%d7%90-%d7%90%d7%91%d7%99/,2026-06-01T19:37:53+00:00
nadlan_professional-sitemap3.xml,https://nad-lan.co.il/professionals/%d7%90%d7%a8%d7%96-%d7%9e%d7%99%d7%9b%d7%90%d7%9c/,2026-06-01T19:37:54+00:00
nadlan_professional-sitemap3.xml,https://nad-lan.co.il/professionals/%d7%93%d7%95%d7%aa%d7%9f-%d7%aa%d7%95%d7%9e%d7%a8/,2026-06-01T19:37:55+00:00
nadlan_professional-sitemap3.xml,https://nad-lan.co.il/professionals/%d7%a7%d7%93%d7%99%d7%9d-%d7%a9%d7%99/,2026-06-01T19:37:56+00:00
nadlan_professional-sitemap3.xml,https://nad-lan.co.il/professionals/%d7%9e%d7%95%d7%99%d7%90%d7%9c-%d7%90%d7%9c%d7%95%d7%a0%d7%99/,2026-06-01T19:37:57+00:00
nadlan_professional-sitemap3.xml,https://nad-lan.co.il/professionals/%d7%92%d7%9c-%d7%96%d7%9c%d7%a6%d7%91%d7%a8%d7%92-%d7%99%d7%97%d7%99%d7%90%d7%9c%d7%99/,2026-06-01T19:37:58+00:00
nadlan_professional-sitemap3.xml,https://nad-lan.co.il/professionals/%d7%a8%d7%a4%d7%90%d7%9c-%d7%90%d7%a1%d7%a3/,2026-06-01T19:37:59+00:00
nadlan_professional-sitemap3.xml,https://nad-lan.co.il/professionals/%d7%90%d7%91%d7%a8%d7%94%d7%9e%d7%99-%d7%96%d7%95%d7%94%d7%a8/,2026-06-01T19:38:00+00:00
nadlan_professional-sitemap3.xml,https://nad-lan.co.il/professionals/%d7%91%d7%9b%d7%a8-%d7%a9%d7%9c%d7%9e%d7%94-%d7%9c%d7%99%d7%a8%d7%95%d7%9f/,2026-06-01T19:38:00+00:00
nadlan_professional-sitemap3.xml,https://nad-lan.co.il/professionals/%d7%9b%d7%94%d7%9f-%d7%96%d7%93%d7%94-%d7%90%d7%91%d7%99/,2026-06-01T19:38:01+00:00
nadlan_professional-sitemap3.xml,https://nad-lan.co.il/professionals/%d7%91%d7%9f-%d7%93%d7%95%d7%93-%d7%a2%d7%a8%d7%9f/,2026-06-01T19:38:02+00:00
nadlan_professional-sitemap3.xml,https://nad-lan.co.il/professionals/%d7%96%d7%a0%d7%94-%d7%9c%d7%99%d7%90%d7%95%d7%a8-%d7%99%d7%95%d7%a0%d7%94/,2026-06-01T19:38:03+00:00
nadlan_professional-sitemap3.xml,https://nad-lan.co.il/professionals/%d7%99%d7%a4%d7%a8%d7%97-%d7%9e%d7%a8%d7%93%d7%9b%d7%99-%d7%90%d7%95%d7%a8%d7%99/,2026-06-01T19:38:04+00:00
nadlan_professional-sitemap3.xml,https://nad-lan.co.il/professionals/%d7%a0%d7%96%d7%a8%d7%99%d7%90%d7%9f-%d7%a2%d7%a8%d7%9f/,2026-06-01T19:38:05+00:00
nadlan_professional-sitemap3.xml,https://nad-lan.co.il/professionals/%d7%91%d7%a9%d7%90%d7%a8%d7%99-%d7%90%d7%9e%d7%99%d7%a8/,2026-06-01T19:38:06+00:00
nadlan_professional-sitemap3.xml,https://nad-lan.co.il/professionals/%d7%a9%d7%a8%d7%a2%d7%91%d7%99-%d7%99%d7%a9%d7%99%d7%91/,2026-06-01T19:38:07+00:00
nadlan_professional-sitemap3.xml,https://nad-lan.co.il/professionals/%d7%a2%d7%95%d7%96%d7%a8%d7%99-%d7%a0%d7%99%d7%a8-%d7%a0%d7%aa%d7%9f/,2026-06-01T19:38:08+00:00
nadlan_professional-sitemap3.xml,https://nad-lan.co.il/professionals/%d7%90%d7%99%d7%9c%d7%95%d7%96-%d7%a2%d7%95%d7%96%d7%99/,2026-06-01T19:38:09+00:00
nadlan_professional-sitemap3.xml,https://nad-lan.co.il/professionals/%d7%99%d7%a9%d7%a9%d7%9b%d7%a8-%d7%99%d7%94%d7%95%d7%a9%d7%a2/,2026-06-01T19:38:10+00:00
nadlan_professional-sitemap3.xml,https://nad-lan.co.il/professionals/%d7%90%d7%91%d7%95%d7%98%d7%91%d7%95%d7%9c-%d7%90%d7%99%d7%9c%d7%9f/,2026-06-01T19:38:11+00:00
nadlan_professional-sitemap3.xml,https://nad-lan.co.il/professionals/%d7%9b%d7%94%d7%9f-%d7%93%d7%a8%d7%95%d7%a8-2/,2026-06-01T19:38:12+00:00
nadlan_professional-sitemap3.xml,https://nad-lan.co.il/professionals/%d7%97%d7%93%d7%93-%d7%90%d7%9c%d7%95%d7%9f/,2026-06-01T19:38:13+00:00
nadlan_professional-sitemap3.xml,https://nad-lan.co.il/professionals/%d7%a1%d7%a8%d7%a4%d7%98%d7%99-%d7%a8%d7%95%d7%a0%d7%99-%d7%9e%d7%9b%d7%9c%d7%95%d7%a3/,2026-06-01T19:38:14+00:00
nadlan_professional-sitemap3.xml,https://nad-lan.co.il/professionals/%d7%9c%d7%99%d7%91%d7%95%d7%91%d7%99%d7%a5-%d7%92%d7%99%d7%90/,2026-06-01T19:38:15+00:00
nadlan_professional-sitemap3.xml,https://nad-lan.co.il/professionals/%d7%95%d7%9c%d7%93%d7%99%d7%a1%d7%9c%d7%91%d7%a1%d7%a7%d7%99-%d7%90%d7%9c%d7%a2%d7%93/,2026-06-01T19:38:16+00:00
nadlan_professional-sitemap3.xml,https://nad-lan.co.il/professionals/%d7%96%d7%a7%d7%a1-%d7%90%d7%99%d7%9c%d7%9f/,2026-06-01T19:38:17+00:00
nadlan_professional-sitemap3.xml,https://nad-lan.co.il/professionals/%d7%a2%d7%98%d7%99%d7%94-%d7%a9%d7%9e%d7%95%d7%90%d7%9c/,2026-06-01T19:38:18+00:00
nadlan_professional-sitemap3.xml,https://nad-lan.co.il/professionals/%d7%a8%d7%95%d7%91%d7%99%d7%a0%d7%95%d7%91-%d7%9e%d7%90%d7%99%d7%a8/,2026-06-01T19:38:19+00:00
nadlan_professional-sitemap3.xml,https://nad-lan.co.il/professionals/%d7%95%d7%98%d7%95%d7%a8%d7%99-%d7%90%d7%9c%d7%95%d7%9f/,2026-06-01T19:38:20+00:00
nadlan_professional-sitemap3.xml,https://nad-lan.co.il/professionals/%d7%9b%d7%94%d7%9f-%d7%99%d7%a8%d7%99%d7%91/,2026-06-01T19:38:21+00:00
nadlan_professional-sitemap3.xml,https://nad-lan.co.il/professionals/%d7%a9%d7%9c%d7%95%d7%9d-%d7%a6%d7%a4%d7%a8%d7%99%d7%a8/,2026-06-01T19:38:22+00:00
nadlan_professional-sitemap3.xml,https://nad-lan.co.il/professionals/%d7%97%d7%9f-%d7%aa%d7%9e%d7%99%d7%a8/,2026-06-01T19:38:23+00:00
nadlan_professional-sitemap3.xml,https://nad-lan.co.il/professionals/%d7%93%d7%a7%d7%9c-%d7%90%d7%9e%d7%99%d7%a8/,2026-06-01T19:38:24+00:00
nadlan_professional-sitemap3.xml,https://nad-lan.co.il/professionals/%d7%97%d7%99%d7%95%d7%9f-%d7%a8%d7%90%d7%95%d7%91%d7%9f-%d7%a2%d7%a8%d7%9f/,2026-06-01T19:38:25+00:00
nadlan_professional-sitemap3.xml,https://nad-lan.co.il/professionals/%d7%a4%d7%95%d7%a1%d7%98%d7%9c-%d7%99%d7%95%d7%91%d7%9c/,2026-06-01T19:38:26+00:00
nadlan_professional-sitemap3.xml,https://nad-lan.co.il/professionals/%d7%a4%d7%93%d7%9c%d7%95%d7%9f-%d7%95%d7%99%d7%a7%d7%98%d7%95%d7%a8/,2026-06-01T19:38:27+00:00
nadlan_professional-sitemap3.xml,https://nad-lan.co.il/professionals/%d7%98%d7%9c-%d7%a4%d7%a8%d7%99%d7%93/,2026-06-01T19:38:27+00:00
nadlan_professional-sitemap3.xml,https://nad-lan.co.il/professionals/%d7%90%d7%9c%d7%a4%d7%a8%d7%98-%d7%aa%d7%9e%d7%99%d7%a8/,2026-06-01T19:38:29+00:00
nadlan_professional-sitemap3.xml,https://nad-lan.co.il/professionals/%d7%a8%d7%90%d7%95%d7%9a-%d7%a0%d7%99%d7%a8/,2026-06-01T19:38:29+00:00
nadlan_professional-sitemap3.xml,https://nad-lan.co.il/professionals/%d7%a9%d7%9c%d7%95%d7%9d-%d7%a2%d7%a8%d7%9f/,2026-06-01T19:38:30+00:00
nadlan_professional-sitemap3.xml,https://nad-lan.co.il/professionals/%d7%93%d7%95%d7%90%d7%93%d7%99-%d7%9c%d7%99%d7%90%d7%95%d7%a8/,2026-06-01T19:38:31+00:00
nadlan_professional-sitemap3.xml,https://nad-lan.co.il/professionals/%d7%9c%d7%91%d7%99%d7%90-%d7%aa%d7%93%d7%94%d7%a8/,2026-06-01T19:38:32+00:00
nadlan_professional-sitemap3.xml,https://nad-lan.co.il/professionals/%d7%9b%d7%a8%d7%9e%d7%9c-%d7%90%d7%9c%d7%99/,2026-06-01T19:38:33+00:00
nadlan_professional-sitemap3.xml,https://nad-lan.co.il/professionals/%d7%92%d7%91%d7%90%d7%99-%d7%a2%d7%9e%d7%a8%d7%9d/,2026-06-01T19:38:34+00:00
nadlan_professional-sitemap3.xml,https://nad-lan.co.il/professionals/%d7%92%d7%91%d7%90%d7%99-%d7%9e%d7%99%d7%9b%d7%90%d7%9c-2/,2026-06-01T19:38:35+00:00
nadlan_professional-sitemap3.xml,https://nad-lan.co.il/professionals/hagag-group/,2026-06-15T16:19:39+00:00
nadlan_professional-sitemap3.xml,https://nad-lan.co.il/professionals/azorim/,2026-06-15T16:45:56+00:00
nadlan_professional-sitemap3.xml,https://nad-lan.co.il/professionals/ashdar/,2026-06-15T16:46:00+00:00
nadlan_professional-sitemap3.xml,https://nad-lan.co.il/professionals/tshuva-group/,2026-06-15T18:11:12+00:00
nadlan_professional-sitemap3.xml,https://nad-lan.co.il/professionals/alrov/,2026-06-15T18:13:48+00:00
nadlan_professional-sitemap3.xml,https://nad-lan.co.il/professionals/aura-israel/,2026-06-16T11:07:01+00:00
nadlan_professional-sitemap3.xml,https://nad-lan.co.il/professionals/habas-group/,2026-06-16T11:20:04+00:00
nadlan_professional-sitemap3.xml,https://nad-lan.co.il/professionals/africa-israel-residential/,2026-06-16T11:34:38+00:00
nadlan_professional-sitemap3.xml,https://nad-lan.co.il/professionals/danya-cebus/,2026-06-16T11:43:24+00:00
nadlan_professional-sitemap3.xml,https://nad-lan.co.il/professionals/demo-harel-construction/,2026-07-04T16:16:09+00:00
nadlan_professional-sitemap3.xml,https://nad-lan.co.il/professionals/demo-maya-edri-agent/,2026-07-04T16:16:11+00:00
nadlan_professional-sitemap3.xml,https://nad-lan.co.il/professionals/demo-uri-nahum-inspection/,2026-07-04T16:16:14+00:00
nadlan_professional-sitemap3.xml,https://nad-lan.co.il/professionals/demo-shira-golan-mortgage/,2026-07-04T16:16:17+00:00
nadlan_professional-sitemap3.xml,https://nad-lan.co.il/professionals/demo-david-peretz-appraiser/,2026-07-04T16:16:20+00:00
nadlan_professional-sitemap3.xml,https://nad-lan.co.il/professionals/demo-ronit-almog-lawyer/,2026-07-04T16:16:23+00:00
nadlan_professional-sitemap3.xml,https://nad-lan.co.il/professionals/demo-amit-ron-planner/,2026-07-04T16:16:26+00:00
nadlan_professional-sitemap3.xml,https://nad-lan.co.il/professionals/demo-noa-segev-property-mgmt/,2026-07-04T16:16:29+00:00
nadlan_professional-sitemap3.xml,https://nad-lan.co.il/professionals/demo-yossi-mizrahi-surveyor/,2026-07-04T16:16:31+00:00
nadlan_professional-sitemap3.xml,https://nad-lan.co.il/professionals/demo-michal-levy-tax/,2026-07-04T16:16:34+00:00
nadlan_professional-sitemap3.xml,https://nad-lan.co.il/professionals/demo-avi-cohen-engineer/,2026-07-04T16:16:37+00:00
nadlan_professional-sitemap3.xml,https://nad-lan.co.il/professionals/demo-dana-barak-design/,2026-07-04T16:16:40+00:00
nadlan_professional-sitemap3.xml,https://nad-lan.co.il/professionals/demo-avnei-madad-shamai/,2026-07-12T06:54:24+00:00
nadlan_professional-sitemap3.xml,https://nad-lan.co.il/professionals/demo-kav-yashar-pikuach/,2026-07-12T06:54:27+00:00
nadlan_professional-sitemap3.xml,https://nad-lan.co.il/professionals/demo-minhelet-habinyan/,2026-07-12T06:54:30+00:00
nadlan_professional-sitemap3.xml,https://nad-lan.co.il/professionals/meital-katzir/,2026-09-23T18:18:17+00:00
nadlan_professional-sitemap3.xml,https://nad-lan.co.il/professionals/%d7%9e%d7%a8%d7%a6%d7%99%d7%90%d7%a0%d7%95-%d7%90%d7%a1%d7%aa%d7%a8/,2026-09-24T12:14:56+00:00
nadlan_professional-sitemap3.xml,https://nad-lan.co.il/professionals/%d7%a2%d7%9e%d7%a8-%d7%95%d7%a0%d7%a1%d7%94-%d7%a7%d7%90%d7%9e%d7%99-%d7%a8%d7%95%d7%aa/,2026-09-24T12:14:56+00:00
nadlan_professional-sitemap3.xml,https://nad-lan.co.il/professionals/%d7%90%d7%91%d7%a7%d7%a1%d7%99%d7%a1-%d7%90%d7%91%d7%99%d7%a8%d7%9f/,2026-09-24T12:14:56+00:00
nadlan_professional-sitemap3.xml,https://nad-lan.co.il/professionals/%d7%90%d7%99%d7%99%d7%96%d7%a0%d7%91%d7%a8%d7%92-%d7%90%d7%a8%d7%99%d7%94/,2026-09-24T12:14:56+00:00
nadlan_professional-sitemap3.xml,https://nad-lan.co.il/professionals/%d7%91%d7%a8%d7%95%d7%9a-%d7%99%d7%a2%d7%a7%d7%91/,2026-09-24T12:14:56+00:00
nadlan_professional-sitemap3.xml,https://nad-lan.co.il/professionals/%d7%90%d7%91%d7%99%d7%99%d7%91-%d7%97%d7%a0%d7%a0%d7%99%d7%94/,2026-09-24T12:14:56+00:00
nadlan_professional-sitemap3.xml,https://nad-lan.co.il/professionals/%d7%9b%d7%9c%d7%91%d7%95%d7%a0%d7%99-%d7%9b%d7%a8%d7%99%d7%9d/,2026-09-24T12:14:57+00:00
nadlan_professional-sitemap3.xml,https://nad-lan.co.il/professionals/%d7%91%d7%a8-%d7%9c%d7%99%d7%90%d7%95%d7%a8/,2026-09-24T12:14:57+00:00
nadlan_professional-sitemap3.xml,https://nad-lan.co.il/professionals/%d7%98%d7%95%d7%9c%d7%93%d7%a0%d7%95-%d7%93%d7%95%d7%93/,2026-09-24T12:14:57+00:00
nadlan_professional-sitemap3.xml,https://nad-lan.co.il/professionals/%d7%9e%d7%96%d7%a8%d7%97%d7%99-%d7%a2%d7%93%d7%99%d7%aa/,2026-09-24T12:14:57+00:00
nadlan_professional-sitemap3.xml,https://nad-lan.co.il/professionals/%d7%91%d7%98%d7%a9-%d7%90%d7%93%d7%92%d7%a8%d7%93%d7%95/,2026-09-24T12:14:57+00:00
nadlan_professional-sitemap3.xml,https://nad-lan.co.il/professionals/%d7%9c%d7%a4%d7%99%d7%93%d7%95%d7%aa-%d7%9e%d7%99%d7%a7%d7%99%d7%99-%d7%9e%d7%99%d7%9b%d7%9c-%d7%90%d7%93%d7%95%d7%94/,2026-09-24T12:14:57+00:00
nadlan_professional-sitemap3.xml,https://nad-lan.co.il/professionals/%d7%92%d7%9c%d7%95%d7%92%d7%90%d7%95-%d7%92%d7%99%d7%90/,2026-09-24T12:14:57+00:00
nadlan_professional-sitemap3.xml,https://nad-lan.co.il/professionals/%d7%90%d7%98%d7%99%d7%90%d7%a1-%d7%a2%d7%99%d7%a0%d7%91/,2026-09-24T12:14:57+00:00
nadlan_professional-sitemap3.xml,https://nad-lan.co.il/professionals/%d7%91%d7%9b%d7%95%d7%a8-%d7%a9%d7%9c%d7%99/,2026-09-24T12:14:57+00:00
nadlan_professional-sitemap3.xml,https://nad-lan.co.il/professionals/%d7%a9%d7%a9%d7%95%d7%9f-%d7%a0%d7%a2%d7%9d/,2026-09-24T12:14:57+00:00
nadlan_professional-sitemap3.xml,https://nad-lan.co.il/professionals/%d7%a8%d7%95%d7%9f-%d7%97%d7%9e%d7%95%d7%98%d7%9c/,2026-09-24T12:14:57+00:00
nadlan_professional-sitemap3.xml,https://nad-lan.co.il/professionals/%d7%9e%d7%a9%d7%94%d7%a8%d7%90%d7%95%d7%99-%d7%96%d7%95%d7%94%d7%a8/,2026-09-24T12:14:57+00:00
nadlan_professional-sitemap3.xml,https://nad-lan.co.il/professionals/%d7%97%d7%96%d7%a8%d7%99-%d7%99%d7%a6%d7%97%d7%a7/,2026-09-24T12:14:57+00:00
nadlan_professional-sitemap3.xml,https://nad-lan.co.il/professionals/%d7%96%d7%a0%d7%a7%d7%95-%d7%98%d7%9c%d7%99/,2026-09-24T12:14:57+00:00
nadlan_professional-sitemap3.xml,https://nad-lan.co.il/professionals/%d7%91%d7%9f-%d7%a2%d7%9e%d7%99-%d7%90%d7%99%d7%99%d7%9c-%d7%9e%d7%95%d7%a8%d7%99%d7%a1/,2026-09-24T12:14:57+00:00
nadlan_professional-sitemap3.xml,https://nad-lan.co.il/professionals/%d7%99%d7%a9%d7%a8-%d7%99%d7%a0%d7%99%d7%91/,2026-09-24T12:14:57+00:00
nadlan_professional-sitemap3.xml,https://nad-lan.co.il/professionals/%d7%a2%d7%96%d7%a8%d7%99%d7%94-%d7%a4%d7%a0%d7%97%d7%a1/,2026-09-24T12:14:57+00:00
nadlan_professional-sitemap3.xml,https://nad-lan.co.il/professionals/%d7%9e%d7%95%d7%98%d7%95%d7%9c%d7%94-%d7%91%d7%95%d7%97%d7%a0%d7%99%d7%a7-%d7%9e%d7%95%d7%a8/,2026-09-24T12:14:57+00:00
nadlan_professional-sitemap3.xml,https://nad-lan.co.il/professionals/%d7%98%d7%9c-%d7%a8%d7%95%d7%9f/,2026-09-24T12:14:57+00:00
nadlan_professional-sitemap3.xml,https://nad-lan.co.il/professionals/%d7%90%d7%a4%d7%9c%d7%91%d7%90%d7%95%d7%9d-%d7%99%d7%95%d7%a0%d7%aa%d7%9f/,2026-09-24T12:14:57+00:00
nadlan_professional-sitemap3.xml,https://nad-lan.co.il/professionals/%d7%9c%d7%95%d7%99-%d7%9c%d7%99%d7%90%d7%9c/,2026-09-24T12:14:57+00:00
nadlan_professional-sitemap3.xml,https://nad-lan.co.il/professionals/%d7%a9%d7%9c%d7%95%d7%9d-%d7%a1%d7%94%d7%a8-%d7%a0%d7%95%d7%a2%d7%94/,2026-09-24T12:14:57+00:00
nadlan_professional-sitemap3.xml,https://nad-lan.co.il/professionals/%d7%a2%d7%95%d7%91%d7%93%d7%99%d7%94-%d7%a8%d7%95%d7%a2%d7%99/,2026-09-24T12:14:57+00:00
nadlan_professional-sitemap3.xml,https://nad-lan.co.il/professionals/%d7%a9%d7%98%d7%a8%d7%99%d7%aa-%d7%99%d7%90%d7%99%d7%a8-%d7%99%d7%95%d7%97%d7%99/,2026-09-24T12:14:57+00:00
nadlan_professional-sitemap3.xml,https://nad-lan.co.il/professionals/%d7%a7%d7%95%d7%a0%d7%a1%d7%98%d7%a0%d7%98%d7%99%d7%a0%d7%99-%d7%a9%d7%9e%d7%95%d7%90%d7%9c-%d7%90%d7%95%d7%9c%d7%99/,2026-09-24T12:14:57+00:00
nadlan_professional-sitemap3.xml,https://nad-lan.co.il/professionals/%d7%96%d7%a0%d7%95-%d7%9c%d7%99%d7%a0%d7%93%d7%94/,2026-09-24T12:14:57+00:00
nadlan_professional-sitemap3.xml,https://nad-lan.co.il/professionals/%d7%90%d7%a7%d7%a1%d7%9c-%d7%a9%d7%99%d7%a7%d7%94-%d7%99%d7%a9%d7%a2%d7%99%d7%94%d7%95/,2026-09-24T12:14:57+00:00
nadlan_professional-sitemap3.xml,https://nad-lan.co.il/professionals/%d7%9e%d7%a0%d7%a7%d7%95%d7%91%d7%99%d7%a5-%d7%90%d7%a8%d7%98%d7%95%d7%a8/,2026-09-24T12:14:57+00:00
nadlan_professional-sitemap3.xml,https://nad-lan.co.il/professionals/%d7%92%d7%9e%d7%99%d7%a0%d7%a8-%d7%9e%d7%99%d7%9b%d7%90%d7%9c/,2026-09-24T12:14:57+00:00
nadlan_professional-sitemap3.xml,https://nad-lan.co.il/professionals/%d7%a9%d7%9c%d7%95%d7%9d-%d7%a9%d7%99/,2026-09-24T12:14:57+00:00
nadlan_professional-sitemap3.xml,https://nad-lan.co.il/professionals/%d7%92%d7%91%d7%a1%d7%95-%d7%a8%d7%95%d7%a2%d7%99/,2026-09-24T12:14:57+00:00
nadlan_professional-sitemap3.xml,https://nad-lan.co.il/professionals/%d7%9c%d7%90%d7%9c%d7%95-%d7%a8%d7%9d/,2026-09-24T12:14:57+00:00
nadlan_professional-sitemap3.xml,https://nad-lan.co.il/professionals/%d7%91%d7%a9%d7%99%d7%a8%d7%99-%d7%a8%d7%95%d7%a0%d7%99-%d7%91%d7%a6%d7%9c%d7%90%d7%9c/,2026-09-24T12:14:57+00:00
nadlan_professional-sitemap3.xml,https://nad-lan.co.il/professionals/%d7%9b%d7%91%d7%95%d7%91-%d7%a4%d7%90%d7%93%d7%99/,2026-09-24T12:14:58+00:00
nadlan_professional-sitemap3.xml,https://nad-lan.co.il/professionals/%d7%91%d7%95%d7%a6%d7%a6%d7%95-%d7%a8%d7%99%d7%99-%d7%92%d7%91%d7%a8%d7%99%d7%90%d7%9c/,2026-09-24T12:14:58+00:00
nadlan_professional-sitemap3.xml,https://nad-lan.co.il/professionals/%d7%9b%d7%94%d7%a0%d7%95%d7%a3-%d7%a8%d7%9f/,2026-09-24T12:14:58+00:00
nadlan_professional-sitemap3.xml,https://nad-lan.co.il/professionals/%d7%90%d7%91%d7%95-%d7%93%d7%94%d7%90%d7%95%d7%93-%d7%9b%d7%9e%d7%90%d7%9c/,2026-09-24T12:14:58+00:00
nadlan_professional-sitemap3.xml,https://nad-lan.co.il/professionals/%d7%a8%d7%90%d7%95%d7%91%d7%9f-%d7%a6%d7%a4%d7%95%d7%a8%d7%94/,2026-09-24T12:14:58+00:00
nadlan_professional-sitemap3.xml,https://nad-lan.co.il/professionals/%d7%90%d7%a7%d7%95%d7%a7%d7%94-%d7%90%d7%9c%d7%99%d7%94%d7%95-%d7%a0%d7%a1%d7%99%d7%9d/,2026-09-24T12:14:58+00:00
nadlan_professional-sitemap3.xml,https://nad-lan.co.il/professionals/%d7%90%d7%91%d7%a8%d7%91%d7%a0%d7%90%d7%9c-%d7%a0%d7%99%d7%9c/,2026-09-24T12:14:58+00:00
nadlan_professional-sitemap3.xml,https://nad-lan.co.il/professionals/%d7%94%d7%95%d7%a8%d7%91%d7%99%d7%a5-%d7%90%d7%94%d7%95%d7%93/,2026-09-24T12:14:58+00:00
nadlan_professional-sitemap3.xml,https://nad-lan.co.il/professionals/%d7%9c%d7%95%d7%99-%d7%a2%d7%95%d7%9e%d7%a8%d7%99/,2026-09-24T12:14:58+00:00
nadlan_professional-sitemap3.xml,https://nad-lan.co.il/professionals/%d7%aa%d7%99%d7%99%d7%a8-%d7%93%d7%9f-%d7%90%d7%9c%d7%99/,2026-09-24T12:14:58+00:00
nadlan_professional-sitemap3.xml,https://nad-lan.co.il/professionals/%d7%a2%d7%95%d7%91%d7%93%d7%99%d7%94-%d7%90%d7%9c%d7%a2%d7%93-%d7%a9%d7%97%d7%a8/,2026-09-24T12:14:58+00:00
nadlan_professional-sitemap3.xml,https://nad-lan.co.il/professionals/%d7%a8%d7%97%d7%9e%d7%99%d7%9d-%d7%a1%d7%94%d7%a8/,2026-09-24T12:14:58+00:00
nadlan_professional-sitemap3.xml,https://nad-lan.co.il/professionals/%d7%9e%d7%9c%d7%90%d7%a2%d7%91%d7%99-%d7%aa%d7%90%d7%99%d7%a8/,2026-09-24T12:14:58+00:00
nadlan_professional-sitemap3.xml,https://nad-lan.co.il/professionals/%d7%a7%d7%a0%d7%99%d7%92-%d7%9e%d7%a9%d7%94-%d7%99%d7%a6%d7%97%d7%a7/,2026-09-24T12:14:58+00:00
nadlan_professional-sitemap3.xml,https://nad-lan.co.il/professionals/%d7%9c%d7%90%d7%99%d7%99%d7%a0%d7%99-%d7%9e%d7%a8%d7%99%d7%9d/,2026-09-24T12:14:58+00:00
nadlan_professional-sitemap3.xml,https://nad-lan.co.il/professionals/%d7%94%d7%a8%d7%a9%d7%a7%d7%95%d7%91%d7%99%d7%a5-%d7%99%d7%a8%d7%97%d7%9e%d7%99%d7%90%d7%9c-%d7%99%d7%94%d7%95%d7%93%d7%90-%d7%9e%d7%90%d7%99%d7%a8/,2026-09-24T12:14:59+00:00
nadlan_professional-sitemap3.xml,https://nad-lan.co.il/professionals/%d7%91%d7%a7%d7%9c-%d7%90%d7%95%d7%a4%d7%99%d7%a8/,2026-09-24T12:14:59+00:00
nadlan_professional-sitemap3.xml,https://nad-lan.co.il/professionals/%d7%93%d7%99%d7%a0%d7%a4%d7%95%d7%9c%d7%99-%d7%99%d7%95%d7%90%d7%9f/,2026-09-24T12:14:59+00:00
nadlan_professional-sitemap3.xml,https://nad-lan.co.il/professionals/%d7%97%d7%9c%d7%99%d7%95%d7%94-%d7%99%d7%94%d7%95%d7%93%d7%94/,2026-09-24T12:14:59+00:00
nadlan_professional-sitemap3.xml,https://nad-lan.co.il/professionals/%d7%97%d7%9e%d7%93-%d7%9e%d7%a9%d7%94/,2026-09-24T12:14:59+00:00
nadlan_professional-sitemap3.xml,https://nad-lan.co.il/professionals/%d7%90%d7%91%d7%9f-%d7%a6%d7%95%d7%a8-%d7%90%d7%91%d7%a8%d7%94%d7%9d/,2026-09-24T12:14:59+00:00
nadlan_professional-sitemap3.xml,https://nad-lan.co.il/professionals/%d7%a9%d7%98%d7%a8%d7%99%d7%aa-%d7%90%d7%99%d7%9c%d7%9f-%d7%99%d7%95%d7%a1%d7%a3/,2026-09-24T12:14:59+00:00
nadlan_professional-sitemap3.xml,https://nad-lan.co.il/professionals/%d7%91%d7%9b%d7%95%d7%a8%d7%99-%d7%99%d7%a6%d7%97%d7%a7/,2026-09-24T12:14:59+00:00
nadlan_professional-sitemap3.xml,https://nad-lan.co.il/professionals/%d7%9c%d7%93%d7%a8%d7%9e%d7%9f-%d7%a9%d7%a8%d7%92%d7%90/,2026-09-24T12:14:59+00:00
nadlan_professional-sitemap3.xml,https://nad-lan.co.il/professionals/%d7%a7%d7%a8%d7%a0%d7%a5-%d7%90%d7%9c%d7%99%d7%a9%d7%91%d7%a2/,2026-09-24T12:14:59+00:00
nadlan_professional-sitemap3.xml,https://nad-lan.co.il/professionals/%d7%a9%d7%a4%d7%99%d7%a8-%d7%90%d7%a8%d7%99%d7%a7/,2026-09-24T12:14:59+00:00
nadlan_professional-sitemap3.xml,https://nad-lan.co.il/professionals/%d7%a9%d7%98%d7%9c%d7%91%d7%a8%d7%92-%d7%99%d7%a9%d7%a8%d7%90%d7%9c/,2026-09-24T12:14:59+00:00
nadlan_professional-sitemap3.xml,https://nad-lan.co.il/professionals/%d7%91%d7%9f-%d7%99%d7%a6%d7%97%d7%a7-%d7%a2%d7%93%d7%99/,2026-09-24T12:14:59+00:00
nadlan_professional-sitemap3.xml,https://nad-lan.co.il/professionals/%d7%a1%d7%99%d7%9e%d7%a0%d7%99-%d7%90%d7%99%d7%99%d7%9c/,2026-09-24T12:14:59+00:00
nadlan_professional-sitemap3.xml,https://nad-lan.co.il/professionals/%d7%95%d7%99%d7%a0%d7%a9%d7%98%d7%95%d7%a7-%d7%99%d7%a2%d7%a7%d7%91/,2026-09-24T12:14:59+00:00
nadlan_professional-sitemap3.xml,https://nad-lan.co.il/professionals/%d7%98%d7%95%d7%99%d7%98%d7%95-%d7%a2%d7%9e%d7%a0%d7%95%d7%90%d7%9c/,2026-09-24T12:14:59+00:00
nadlan_professional-sitemap3.xml,https://nad-lan.co.il/professionals/%d7%9c%d7%a8%d7%96%d7%94-%d7%99%d7%94%d7%95%d7%a0%d7%aa%d7%9f-%d7%a9%d7%99/,2026-09-24T12:14:59+00:00
nadlan_professional-sitemap3.xml,https://nad-lan.co.il/professionals/%d7%a2%d7%95%d7%96%d7%a8%d7%99-%d7%92%d7%99%d7%9c/,2026-09-24T12:14:59+00:00
nadlan_professional-sitemap3.xml,https://nad-lan.co.il/professionals/%d7%9c%d7%95%d7%99-%d7%90%d7%9c%d7%99%d7%a9%d7%91%d7%a2/,2026-09-24T12:14:59+00:00
nadlan_professional-sitemap3.xml,https://nad-lan.co.il/professionals/%d7%a9%d7%a8%d7%99%d7%a7%d7%99-%d7%a0%d7%95%d7%a2%d7%9d/,2026-09-24T12:14:59+00:00
nadlan_professional-sitemap3.xml,https://nad-lan.co.il/professionals/%d7%92%d7%a0%d7%99%d7%a9-%d7%99%d7%95%d7%a1%d7%a3-%d7%97%d7%99%d7%99%d7%9d-%d7%99%d7%a6%d7%97%d7%a7/,2026-09-24T12:14:59+00:00
nadlan_professional-sitemap3.xml,https://nad-lan.co.il/professionals/%d7%95%d7%95%d7%99%d7%a0%d7%98-%d7%90%d7%a8%d7%99%d7%90%d7%9c-%d7%92%d7%99%d7%a6%d7%97%d7%a7/,2026-09-24T12:14:59+00:00
nadlan_professional-sitemap3.xml,https://nad-lan.co.il/professionals/%d7%90%d7%a0%d7%92%d7%9c-%d7%9e%d7%aa%d7%aa%d7%99%d7%94%d7%95/,2026-09-24T12:14:59+00:00
nadlan_professional-sitemap3.xml,https://nad-lan.co.il/professionals/%d7%9c%d7%95%d7%99-%d7%91%d7%a2%d7%96/,2026-09-24T12:14:59+00:00
nadlan_professional-sitemap3.xml,https://nad-lan.co.il/professionals/%d7%91%d7%a0%d7%99%d7%9e%d7%99%d7%a0%d7%99-%d7%96%d7%99%d7%95%d7%94/,2026-09-24T12:14:59+00:00
nadlan_professional-sitemap3.xml,https://nad-lan.co.il/professionals/%d7%9e%d7%a8%d7%92%d7%99-%d7%97%d7%99%d7%99%d7%9d/,2026-09-24T12:14:59+00:00
nadlan_professional-sitemap3.xml,https://nad-lan.co.il/professionals/%d7%a7%d7%a8%d7%95%d7%99%d7%96%d7%a8-%d7%92%d7%a4%d7%9f/,2026-09-24T12:15:00+00:00
nadlan_professional-sitemap3.xml,https://nad-lan.co.il/professionals/%d7%a0%d7%99%d7%96%d7%90%d7%a8-%d7%92%d7%a1%d7%99%d7%a7%d7%94-%d7%9e%d7%a8%d7%99%d7%9d/,2026-09-24T12:15:00+00:00
nadlan_professional-sitemap3.xml,https://nad-lan.co.il/professionals/%d7%a8%d7%95%d7%91%d7%99%d7%9f-%d7%99%d7%a8%d7%97%d7%9e%d7%99%d7%90%d7%9c/,2026-09-24T12:15:00+00:00
nadlan_professional-sitemap3.xml,https://nad-lan.co.il/professionals/%d7%91%d7%9f-%d7%97%d7%9e%d7%95-%d7%90%d7%99%d7%9c%d7%aa/,2026-09-24T12:15:00+00:00
nadlan_professional-sitemap3.xml,https://nad-lan.co.il/professionals/%d7%96%d7%92%d7%95%d7%a8%d7%99-%d7%a8%d7%91%d7%a7%d7%94/,2026-09-24T12:15:00+00:00
nadlan_professional-sitemap3.xml,https://nad-lan.co.il/professionals/%d7%a0%d7%a2%d7%9e%d7%aa-%d7%aa%d7%95%d7%9e%d7%a8/,2026-09-24T12:15:00+00:00
nadlan_professional-sitemap3.xml,https://nad-lan.co.il/professionals/%d7%a7%d7%95%d7%a8%d7%9f-%d7%90%d7%9e%d7%a1%d7%9c%d7%9d-%d7%9e%d7%a8%d7%93%d7%9b%d7%99/,2026-09-24T12:15:00+00:00
nadlan_professional-sitemap3.xml,https://nad-lan.co.il/professionals/%d7%9c%d7%98%d7%99-%d7%a0%d7%93%d7%99%d7%9f/,2026-09-24T12:15:00+00:00
nadlan_professional-sitemap3.xml,https://nad-lan.co.il/professionals/%d7%9c%d7%99%d7%91%d7%a0%d7%94-%d7%9e%d7%a8%d7%93%d7%9b%d7%99-%d7%9e%d7%95%d7%98%d7%99/,2026-09-24T12:15:00+00:00
nadlan_professional-sitemap3.xml,https://nad-lan.co.il/professionals/%d7%95%d7%99%d7%a1%d7%95%d7%a1%d7%a8-%d7%92%d7%99%d7%90-%d7%a4%d7%a1%d7%97/,2026-09-24T12:15:00+00:00
nadlan_professional-sitemap3.xml,https://nad-lan.co.il/professionals/%d7%90%d7%a8%d7%9c%d7%99%d7%9a-%d7%99%d7%a9%d7%a2%d7%99%d7%94-%d7%9e%d7%99%d7%a8%d7%91/,2026-09-24T12:15:00+00:00
nadlan_professional-sitemap3.xml,https://nad-lan.co.il/professionals/%d7%97%d7%99-%d7%a9%d7%9c%d7%95%d7%9e%d7%99/,2026-09-24T12:15:00+00:00
nadlan_professional-sitemap3.xml,https://nad-lan.co.il/professionals/%d7%91%d7%a8-%d7%90%d7%99%d7%9c%d7%9f-%d7%a0%d7%97%d7%95%d7%9d-%d7%9e%d7%a8%d7%93%d7%9b%d7%99/,2026-09-24T12:15:00+00:00
nadlan_professional-sitemap3.xml,https://nad-lan.co.il/professionals/%d7%91%d7%a0%d7%92%d7%99%d7%95-%d7%99%d7%a2%d7%9c/,2026-09-24T12:15:00+00:00
nadlan_professional-sitemap3.xml,https://nad-lan.co.il/professionals/%d7%90%d7%95%d7%a4%d7%a7-%d7%9e%d7%a8%d7%93%d7%9b%d7%99-%d7%97%d7%99/,2026-09-24T12:15:00+00:00
nadlan_professional-sitemap3.xml,https://nad-lan.co.il/professionals/%d7%92%d7%95%d7%9c%d7%9f-%d7%92%d7%95%d7%9c%d7%93%d7%91%d7%a8%d7%92-%d7%93%d7%95%d7%a8%d7%99%d7%aa/,2026-09-24T12:15:00+00:00
nadlan_professional-sitemap3.xml,https://nad-lan.co.il/professionals/%d7%95%d7%a7%d7%a0%d7%99%d7%9f-%d7%93%d7%95%d7%93/,2026-09-24T12:15:00+00:00
nadlan_professional-sitemap3.xml,https://nad-lan.co.il/professionals/%d7%98%d7%95%d7%a8%d7%93%d7%90%d7%99-%d7%90%d7%a8%d7%96/,2026-09-24T12:15:00+00:00
nadlan_professional-sitemap3.xml,https://nad-lan.co.il/professionals/%d7%93%d7%a0%d7%99%d7%9c%d7%91%d7%99%d7%a5-%d7%90%d7%9c%d7%9b%d7%a1%d7%99%d7%99/,2026-09-24T12:15:00+00:00
nadlan_professional-sitemap3.xml,https://nad-lan.co.il/professionals/%d7%95%d7%a7%d7%a0%d7%99%d7%9f-%d7%93%d7%95%d7%93-2/,2026-09-24T12:15:00+00:00
nadlan_professional-sitemap3.xml,https://nad-lan.co.il/professionals/%d7%93%d7%a2%d7%99-%d7%90%d7%a9%d7%a8-%d7%9c%d7%99%d7%90%d7%aa/,2026-09-24T12:15:00+00:00
nadlan_professional-sitemap3.xml,https://nad-lan.co.il/professionals/%d7%90%d7%91%d7%99%d7%98%d7%91%d7%95%d7%9c-%d7%93%d7%a0%d7%99%d7%90%d7%9c/,2026-09-24T12:15:01+00:00
nadlan_professional-sitemap3.xml,https://nad-lan.co.il/professionals/%d7%90%d7%98%d7%99%d7%90%d7%a1-%d7%a1%d7%aa%d7%99%d7%95/,2026-09-24T12:15:01+00:00
nadlan_professional-sitemap3.xml,https://nad-lan.co.il/professionals/%d7%a8%d7%a9%d7%98%d7%9f-%d7%9e%d7%a7%d7%a1%d7%99%d7%9d/,2026-09-24T12:15:01+00:00
nadlan_professional-sitemap3.xml,https://nad-lan.co.il/professionals/%d7%a1%d7%a0%d7%98%d7%a0%d7%94-%d7%a1%d7%99%d7%90%d7%9c%d7%94-%d7%a8%d7%95%d7%aa/,2026-09-24T12:15:01+00:00
nadlan_professional-sitemap3.xml,https://nad-lan.co.il/professionals/%d7%9e%d7%99%d7%a0%d7%a5-%d7%a9%d7%99%d7%a8%d7%94/,2026-09-24T12:15:01+00:00
nadlan_professional-sitemap3.xml,https://nad-lan.co.il/professionals/%d7%91%d7%a0%d7%a0%d7%a1%d7%95%d7%9f-%d7%9e%d7%95%d7%a8/,2026-09-24T12:15:01+00:00
nadlan_professional-sitemap3.xml,https://nad-lan.co.il/professionals/%d7%a7%d7%95%d7%a0%d7%a6%d7%99%d7%a6%d7%a7%d7%99-%d7%a9%d7%a8%d7%94/,2026-09-24T12:15:01+00:00
nadlan_professional-sitemap3.xml,https://nad-lan.co.il/professionals/%d7%9e%d7%95%d7%a8%d7%9f-%d7%93%d7%95%d7%93/,2026-09-24T12:15:01+00:00
nadlan_professional-sitemap3.xml,https://nad-lan.co.il/professionals/%d7%9e%d7%99%d7%a0%d7%a5-%d7%aa%d7%9e%d7%99%d7%a8/,2026-09-24T12:15:01+00:00
nadlan_professional-sitemap3.xml,https://nad-lan.co.il/professionals/%d7%94%d7%99%d7%99%d7%9e%d7%9f-%d7%99%d7%94%d7%95%d7%93%d7%94/,2026-09-24T12:15:01+00:00
nadlan_professional-sitemap3.xml,https://nad-lan.co.il/professionals/%d7%a6%d7%91%d7%99%d7%9c%d7%99%d7%a0%d7%92%d7%a8-%d7%a1%d7%99%d7%a0%d7%92%d7%a8-%d7%93%d7%a0%d7%94/,2026-09-24T12:15:01+00:00
nadlan_professional-sitemap3.xml,https://nad-lan.co.il/professionals/%d7%90%d7%9c%d7%91%d7%96-%d7%9e%d7%9b%d7%90%d7%9c%d7%94/,2026-09-24T12:15:01+00:00
nadlan_professional-sitemap3.xml,https://nad-lan.co.il/professionals/%d7%a2%d7%a7%d7%91%d7%99%d7%90%d7%9f-%d7%a0%d7%95%d7%a8%d7%99%d7%aa/,2026-09-24T12:15:01+00:00
nadlan_professional-sitemap3.xml,https://nad-lan.co.il/professionals/%d7%a1%d7%95%d7%9c%d7%95%d7%9e%d7%95%d7%9f-%d7%99%d7%a2%d7%a7%d7%91/,2026-09-24T12:15:01+00:00
nadlan_professional-sitemap3.xml,https://nad-lan.co.il/professionals/%d7%90%d7%9e%d7%95%d7%99%d7%90%d7%9c-%d7%9e%d7%92%d7%99/,2026-09-24T12:15:01+00:00
nadlan_professional-sitemap3.xml,https://nad-lan.co.il/professionals/%d7%9e%d7%a0%d7%a9%d7%a8-%d7%90%d7%95%d7%a8%d7%9c%d7%99/,2026-09-24T12:15:01+00:00
nadlan_professional-sitemap3.xml,https://nad-lan.co.il/professionals/%d7%a1%d7%95%d7%a4%d7%99%d7%a8-%d7%a8%d7%95%d7%a7%d7%a1%d7%9f-%d7%97%d7%95%d7%94/,2026-09-24T12:15:01+00:00
nadlan_professional-sitemap3.xml,https://nad-lan.co.il/professionals/%d7%a8%d7%95%d7%a0%d7%9f-%d7%99%d7%a8%d7%95%d7%9f-%d7%a0%d7%a1%d7%99%d7%9d/,2026-09-24T12:15:01+00:00
nadlan_professional-sitemap3.xml,https://nad-lan.co.il/professionals/%d7%a4%d7%96-%d7%9e%d7%99%d7%9b%d7%9c/,2026-09-24T12:15:01+00:00
category-sitemap.xml,https://nad-lan.co.il/category/english/,2026-07-06T20:46:20+00:00
category-sitemap.xml,https://nad-lan.co.il/category/uncategorized/,2026-07-01T20:01:16+00:00
category-sitemap.xml,https://nad-lan.co.il/category/nadlan-news/,2026-07-06T20:46:16+00:00
category-sitemap.xml,https://nad-lan.co.il/category/guides/,2026-09-15T15:05:32+00:00
product_cat-sitemap.xml,https://nad-lan.co.il/product-category/%d7%9b%d7%9c%d7%9c%d7%99/,2026-07-07T06:52:15+00:00
nadlan_term_cat-sitemap.xml,https://nad-lan.co.il/glossary-category/appraisal-investment/,2026-07-18T11:28:36+00:00
nadlan_term_cat-sitemap.xml,https://nad-lan.co.il/glossary-category/architecture/,2026-07-07T22:28:44+00:00
nadlan_term_cat-sitemap.xml,https://nad-lan.co.il/glossary-category/construction-materials/,2026-08-24T19:18:56+00:00
nadlan_term_cat-sitemap.xml,https://nad-lan.co.il/glossary-category/interior-design/,2026-07-12T00:28:55+00:00
nadlan_term_cat-sitemap.xml,https://nad-lan.co.il/glossary-category/legal-technical/,2026-07-11T22:28:32+00:00
nadlan_term_cat-sitemap.xml,https://nad-lan.co.il/glossary-category/methods-software/,2026-07-18T11:30:14+00:00
nadlan_term_cat-sitemap.xml,https://nad-lan.co.il/glossary-category/planning-zoning/,2026-07-12T01:31:01+00:00
nadlan_term_cat-sitemap.xml,https://nad-lan.co.il/glossary-category/standards-regulation/,2026-07-17T04:28:36+00:00
nadlan_term_cat-sitemap.xml,https://nad-lan.co.il/glossary-category/structural-engineering/,2026-07-11T00:29:04+00:00
nadlan_term_cat-sitemap.xml,https://nad-lan.co.il/glossary-category/tools-hardware/,2026-07-11T22:27:51+00:00
nadlan_term_cat-sitemap.xml,https://nad-lan.co.il/glossary-category/trades-roles/,2026-07-10T23:28:05+00:00
nadlan_term_cat-sitemap.xml,https://nad-lan.co.il/glossary-category/construction/,2026-06-02T20:15:23+00:00
nadlan_term_cat-sitemap.xml,https://nad-lan.co.il/glossary-category/finance-mortgage/,2026-06-02T20:14:46+00:00
nadlan_term_cat-sitemap.xml,https://nad-lan.co.il/glossary-category/%d7%9e%d7%a9%d7%a4%d7%98-%d7%9e%d7%a7%d7%a8%d7%a7%d7%a2%d7%99%d7%9f/,2026-06-02T20:14:02+00:00
nadlan_term_cat-sitemap.xml,https://nad-lan.co.il/glossary-category/%d7%9e%d7%a9%d7%a7%d7%99%d7%a2/,2026-06-02T20:14:09+00:00
nadlan_term_cat-sitemap.xml,https://nad-lan.co.il/glossary-category/%d7%a9%d7%9e%d7%90%d7%95%d7%aa-%d7%95%d7%94%d7%a2%d7%a8%d7%9b%d7%94/,2026-06-02T20:14:19+00:00
nadlan_compound-sitemap.xml,https://nad-lan.co.il/compound/%d7%a0%d7%95%d7%95%d7%94-%d7%90%d7%91%d7%99%d7%91%d7%99%d7%9d/,2026-08-27T22:55:53+00:00
nadlan_compound-sitemap.xml,https://nad-lan.co.il/compound/sde-dov/,2026-09-27T21:40:32+00:00
nadlan_profession-sitemap.xml,https://nad-lan.co.il/profession/%d7%99%d7%96%d7%9d/,2026-06-16T11:34:38+00:00
nadlan_profession-sitemap.xml,https://nad-lan.co.il/profession/%d7%a7%d7%91%d7%9c%d7%9f/,2026-06-16T11:43:24+00:00
author-sitemap.xml,https://nad-lan.co.il/author/ben-betesh/,2026-06-28T23:58:36+00:00
