slug,lat,lng,source,confidence,note
aura-pivko-bat-yam,32.022400,34.745798,https://aurapivko.co.il/,גבוהה,"תוקן placeholder: הצמד המקורי זהה אצל 38 פרויקטים; הוזז 892 מ׳ למקור המפורט. אומת: העצמאות 28, בת ים; גוש 7136 חלקה 215. הנקודה היא מרכז החלקה לפי GovMap; אתר היזם מאשר את הכתובת."
duo-tel-aviv,32.085775,34.782221,https://www.tel-aviv.gov.il/Transparency/DocLib3/%D7%A4%D7%A8%D7%95%D7%98%D7%95%D7%A7%D7%95%D7%9C%20%D7%94%D7%97%D7%9C%D7%98%D7%95%D7%AA%20%D7%A8%D7%A9%D7%95%D7%AA%20%D7%A8%D7%99%D7%A9%D7%95%D7%99%201-25-0007.pdf,גבוהה,"תוקן מול מקור; הוזז 211 מ׳. אומת: ארלוזורוב 85/87 ואבן גבירול 112א/118, תל אביב; גוש 6213 חלקה 1468. הנקודה היא מרכז החלקה הנוכחית לפי GovMap; מסמך הרישוי העירוני מאשר כתובות וחלקה."
yoo-tel-aviv,32.090497,34.796300,https://www.globes.co.il/news/article.aspx?did=1001448036,גבוהה,"תוקן placeholder: הצמד המקורי זהה אצל 57 פרויקטים; הוזז 1.5 ק״מ למקור המפורט. אומת: ניסים אלוני 19 ו-21, תל אביב; גוש 6108 חלקות 717 ו-718. הנקודה היא אמצע בין מרכזי שתי חלקות המגדלים לפי GovMap, ולא מרכז חלקה יחידה."
meier-on-rothschild,32.063153,34.773626,https://www.tel-aviv.gov.il/Transparency/DocLib3/%D7%A4%D7%A8%D7%95%D7%98%D7%95%D7%A7%D7%95%D7%9C%20%D7%A8%D7%A9%D7%95%D7%AA%20%D7%A8%D7%99%D7%A9%D7%95%D7%99%20%D7%9E%D7%A1%D7%A4%D7%A8%201-18-0214.pdf,גבוהה,"תוקן מנקודת שכונה כללית; הוזז 3.0 ק״מ. אומת: רוטשילד 36 / אלנבי 109, תל אביב; גוש 6937 חלקה 67. הנקודה היא מרכז החלקה לפי GovMap; מסמך הרישוי העירוני גובר על אזכור שגוי של אלנבי 111 במקור משני."
marina-towers-herzliya,32.164203,34.795938,https://www.gov.il/BlobFolder/dynamiccollectorresultitem/51382/he/committee_51382.pdf,בינונית,"תוקן placeholder: הצמד המקורי זהה אצל 25 פרויקטים; הוזז 4.8 ק״מ למקור המפורט. אומת ברמת המתחם: הצדף 3, הרצליה; גוש 6516 חלקה 57. החלקה גדולה ומשותפת גם לארנה ולריץ-קרלטון, לכן נבחרה נקודת הכתובת המדויקת של GovMap בתוך מתחם המגדלים הצפוני ולא מרכז החלקה."
akirov-towers,32.090711,34.793055,https://www.globes.co.il/news/article.aspx?did=1001213159,גבוהה,"תוקן placeholder: הצמד המקורי זהה אצל 57 פרויקטים; הוזז 1.2 ק״מ למקור המפורט. אומת: פנקס 62/64/66, תל אביב; שלושת המגדלים בגוש 7250 חלקה 2. הנקודה היא מרכז החלקה לפי GovMap."
park-bavli,32.092292,34.798255,https://www.tel-aviv.gov.il/Transparency/DocLib3/%D7%A4%D7%A8%D7%95%D7%98%D7%95%D7%A7%D7%95%D7%9C%20%D7%A8%D7%A9%D7%95%D7%AA%20%D7%A8%D7%99%D7%A9%D7%95%D7%99%20%D7%9E%D7%A1%D7%A4%D7%A8%201-19-0142.pdf,גבוהה,"תוקן מנקודת שכונה כללית; הוזז 318 מ׳. אומת: הרב ניסים 7–9, תל אביב; גוש 6107 חלקה 42. הנקודה היא מרכז החלקה לפי GovMap; תיק הרישוי העירוני כולל את שני מגדלי פארק בבלי."
recanati-residence,32.123573,34.802268,https://building.ashtromconstruction.co.il/projects/recanati-construction,גבוהה,"תוקן מנקודת שכונה כללית; הוזז 741 מ׳. אומת: רקנאטי 7, תל אביב; גוש 6628 חלקה נוכחית 864. הנקודה היא מרכז החלקה לפי GovMap; חלקה 815 המופיעה בחומר ישן הוחלפה במסגרת פרצלציה."
ashdar-einstein,32.113450,34.798809,https://www.tel-aviv.gov.il/Transparency/DocLib3/%D7%A4%D7%A8%D7%95%D7%98%D7%95%D7%A7%D7%95%D7%9C%20%D7%A8%D7%A9%D7%95%D7%AA%20%D7%A8%D7%99%D7%A9%D7%95%D7%99%20%201-24-0002.pdf,גבוהה,"תוקן placeholder: הצמד המקורי זהה אצל 3 פרויקטים; הוזז 619 מ׳ למקור המפורט. אומת: איינשטיין 63/65/67 ואהרון בארט 1, תל אביב; גוש 6649 חלקה 236. הנקודה היא מרכז החלקה לפי GovMap; מסמך הרישוי מציין גם את אשדר כבעלת הפרויקט."
einstein-19,32.113300,34.793685,https://www.tel-aviv.gov.il/Transparency/DocLib3/%D7%A4%D7%A8%D7%95%D7%98%D7%95%D7%A7%D7%95%D7%9C%20%D7%93%D7%99%D7%95%D7%9F%20%D7%9E%D7%90%D7%95%D7%A9%D7%A8%20%D7%95%D7%A2%D7%93%D7%AA%20%D7%9E%D7%A9%D7%A0%D7%94%20%D7%9C%D7%AA%D7%9B%D7%A0%D7%95%D7%9F%20%D7%95%D7%91%D7%A0%D7%99%D7%94%202-24-0019.pdf,גבוהה,"תוקן placeholder: הצמד המקורי זהה אצל 3 פרויקטים; הוזז 511 מ׳ למקור המפורט. אומת: איינשטיין 19 / ברגסון 15, תל אביב; גוש 6649 חלקה עיקרית 323 וחלקת עזר זעירה 568. הנקודה היא מרכז חלקה 323, שבה מצויים המבנים, ולא ממוצע עם חלקת העזר."
einstein-tower,32.111748,34.788456,https://www.hagag-group.co.il/projects/ResidentProjects/einstein_tower,גבוהה,"תוקן placeholder: הצמד המקורי זהה אצל 3 פרויקטים; הוזז 703 מ׳ למקור המפורט. אומת: איינשטיין 14 בפינת לוי אשכול, תל אביב; גוש 6885 חלקה 32 בלבד. הנקודה היא מרכז החלקה לפי GovMap. אין לצרף את חלקה 33: היא פרויקט ותיק ונפרד באיינשטיין 10–12; גם התיאור איינשטיין–אבן גבירול בעמוד Nadlan שגוי."
migdalei-hayam-sde-dov,32.123298,34.786813,https://gisn.tel-aviv.gov.il/arcgis/rest/services/IView2/MapServer/837/query?f=json&where=st_mispar_migrash_betaba%3D%27150%27+AND+st_taba+LIKE+%27%254444%25%27&outFields=oid_migrash%2Cms_gush%2Cms_migrash%2Cst_mispar_migrash_betaba%2Cst_taba%2Ct_yeud_karka%2Cms_shetach%2CShape_Area&returnGeometry=true&outSR=4326,גבוהה,"תוקן placeholder: הצמד המקורי זהה אצל 5 פרויקטים; הוזז 1.2 ק״מ למקור המפורט. אומת ברמת מגרש: מגרש 150 בתא/2/4444, ייעוד דיור מיוחד. דיווח היזם מתאר 300 יחידות דיור מוגן על 4,663 מ״ר; שטח שתי ישויות ה-GIS העירוניות המאוחדות הוא 4,663.072 מ״ר. שטח GIS מאוחד 4,663.072 מ״ר; הנקודה הקיימת באתר רחוקה 1,192.4 מ׳."
shikun-binui-sde-dov,32.103371,34.785624,https://gisn.tel-aviv.gov.il/arcgis/rest/services/IView2/MapServer/837/query?f=pjson&where=st_mispar_migrash_betaba%3D%27109%27%20AND%20st_taba%20LIKE%20%27%253001%25%27&outFields=oid_migrash%2Cms_gush%2Cms_migrash%2Cst_mispar_migrash_betaba%2Cst_taba%2Cms_shetach%2CShape_Area&returnGeometry=true&outSR=2039,גבוהה,"תוקן placeholder: הצמד המקורי זהה אצל 5 פרויקטים; הוזז 1.2 ק״מ למקור המפורט. מגרש 109 בתמל/3001. הנקודה הקיימת היא placeholder שכונתי ורחוקה כ-1,181.6 מטר מה-centroid של המגרש."
utopia-sde-dov,32.106063,34.784732,https://gisn.tel-aviv.gov.il/arcgis/rest/services/IView2/MapServer/837/query?f=pjson&where=st_mispar_migrash_betaba%3D%27103%27%20AND%20st_taba%20LIKE%20%27%253001%25%27&outFields=oid_migrash%2Cms_gush%2Cms_migrash%2Cst_mispar_migrash_betaba%2Cst_taba%2Cms_shetach%2CShape_Area&returnGeometry=true&outSR=2039,גבוהה,"אומת: הנקודה המקורית בתוך 22 מ׳ מהמקור. מגרש 103 בתמל/3001. centroid של איחוד שתי ישויות GIS עירוניות השייכות לאותו מגרש; השטח המאוחד 5,212.915 מטר רבוע. הנקודה הקיימת באתר רחוקה כ-21.8 מטר."
gindi-vogue-sde-dov,32.110644,34.783587,https://gisn.tel-aviv.gov.il/arcgis/rest/services/IView2/MapServer/837/query?f=json&where=st_mispar_migrash_betaba%3D%272206%27+AND+st_taba+LIKE+%27%254444%25%27&outFields=oid_migrash%2Cms_gush%2Cms_migrash%2Cst_mispar_migrash_betaba%2Cst_taba%2Ct_yeud_karka%2Cms_shetach%2CShape_Area&returnGeometry=true&outSR=4326,גבוהה,"תוקן placeholder: הצמד המקורי זהה אצל 5 פרויקטים; הוזז 360 מ׳ למקור המפורט. אומת ברמת מגרש: תכנית העיצוב העירונית מזהה את גינדי ישראל 2010 כיזם מגרש 2206 בתא/1/4444. ה-centroid חושב מאיחוד שתי ישויות GIS של אותו מגרש. העמוד באתר מציג 708 יח״ד, נתון שנראה כמתייחס למיזם VOGUE הרחב גם במגרש 2255; הנקודה בשורה זו היא למגרש 2206 הנטען בשדה הכתובת, ולא centroid של שני המגרשים. שטח GIS מאוחד 8,502.140 מ״ר; הנקודה הקיימת באתר רחוקה 359.7 מ׳."
zohi-sde-dov,32.102851,34.785483,https://gisn.tel-aviv.gov.il/arcgis/rest/services/IView2/MapServer/837/query?f=json&where=st_mispar_migrash_betaba%3D%27110%27+AND+st_taba+LIKE+%27%253001%25%27&outFields=oid_migrash%2Cms_gush%2Cms_migrash%2Cst_mispar_migrash_betaba%2Cst_taba%2Ct_yeud_karka%2Cms_shetach%2CShape_Area&returnGeometry=true&outSR=4326,גבוהה,"תוקן placeholder: הצמד המקורי זהה אצל 5 פרויקטים; הוזז 1.2 ק״מ למקור המפורט. אומת ברמת מגרש: תכנית העיצוב העירונית מזהה את לוינשטין, מבנה ואלייד כבעלי/יזמי מגרש 110 בתמ״ל/3001, עם 230 יח״ד. ה-centroid חושב מאיחוד שתי ישויות GIS של אותו מגרש. שטח GIS מאוחד 4,659.065 מ״ר; הנקודה הקיימת באתר רחוקה 1,232.8 מ׳."
dimri-yama-sde-dov,32.104441,34.784472,https://gisn.tel-aviv.gov.il/arcgis/rest/services/IView2/MapServer/837/query?f=json&where=st_mispar_migrash_betaba%3D%27107%27+AND+st_taba+LIKE+%27%253001%25%27&outFields=oid_migrash%2Cms_gush%2Cms_migrash%2Cst_mispar_migrash_betaba%2Cst_taba%2Ct_yeud_karka%2Cms_shetach%2CShape_Area&returnGeometry=true&outSR=4326,גבוהה,"תוקן מול מקור; הוזז 333 מ׳. אומת ברמת מגרש: הדוח התקופתי הרשמי של י.ח. דמרי מזהה את הפרויקט בשדה דב כמגרש 107; תכנית העיצוב העירונית ו-GIS תל אביב מזהים את מגרש 107 בתמ״ל/3001. שטח GIS מאוחד 7,589.114 מ״ר; הנקודה הקיימת באתר רחוקה 332.6 מ׳."
ashira-sde-dov,32.105643,34.787673,https://gisn.tel-aviv.gov.il/arcgis/rest/services/IView2/MapServer/837/query?f=pjson&where=st_mispar_migrash_betaba%3D%27101%27%20AND%20st_taba%20LIKE%20%27%253001%25%27&outFields=oid_migrash%2Cms_gush%2Cms_migrash%2Cst_mispar_migrash_betaba%2Cst_taba%2Cms_shetach%2CShape_Area&returnGeometry=true&outSR=2039,גבוהה,אומת: הנקודה המקורית בתוך 11 מ׳ מהמקור. מגרש 101 בתמל/3001. centroid מפוליגון המגרש העירוני; הנקודה הקיימת באתר רחוקה כ-10.6 מטר.
first-sde-dov,32.114141,34.784411,https://gisn.tel-aviv.gov.il/arcgis/rest/services/IView2/MapServer/837/query?f=json&where=st_mispar_migrash_betaba%3D%272270%27+AND+st_taba+LIKE+%27%254444%25%27&outFields=oid_migrash%2Cms_gush%2Cms_migrash%2Cst_mispar_migrash_betaba%2Cst_taba%2Ct_yeud_karka%2Cms_shetach%2CShape_Area&returnGeometry=true&outSR=4326,גבוהה,"תוקן placeholder: הצמד המקורי זהה אצל 5 פרויקטים; הוזז 263 מ׳ למקור המפורט. אומת ברמת מגרש: פרוטוקול ועדת המשנה העירונית מזהה את קבוצת חג׳ג׳ כיזם תכנית העיצוב למגרש 2270 בתא/1/4444. ה-centroid חושב מאיחוד שתי ישויות GIS. שטח GIS מאוחד 4,926.244 מ״ר; הנקודה הקיימת באתר רחוקה 262.5 מ׳."
rainbow-tel-aviv,32.103168,34.784441,https://gisn.tel-aviv.gov.il/arcgis/rest/services/IView2/MapServer/837/query?f=pjson&where=st_mispar_migrash_betaba%3D%27111%27%20AND%20st_taba%20LIKE%20%27%253001%25%27&outFields=oid_migrash%2Cms_gush%2Cms_migrash%2Cst_mispar_migrash_betaba%2Cst_taba%2Cms_shetach%2CShape_Area&returnGeometry=true&outSR=2039,גבוהה,אומת: הנקודה המקורית בתוך 2 מ׳ מהמקור. אומת ברמת מגרש: מגרש 111 בתמל/3001. הנקודה הקיימת באתר רחוקה רק כ-1.8 מטר מה-centroid הרשמי; עדכון קל בלבד.
%d7%9c%d7%91-%d7%94%d7%a2%d7%99%d7%a8-%d7%a1%d7%95%d7%a7%d7%95%d7%9c%d7%95%d7%91,32.146695,34.838376,https://ags.iplan.gov.il/arcgisiplan/rest/services/PlanningPublic/Xplan/MapServer/4/query?where=mp_id%3D5005064348+AND+%28mavat_name+LIKE+%27%25%D7%9E%D7%92%D7%95%D7%A8%D7%99%D7%9D%25%27+OR+mavat_name+LIKE+%27%25%D7%93%D7%99%D7%95%D7%A8%25%27%29&outFields=mp_id%2Cpl_id%2Cpl_number%2Cpl_name%2Cnum%2Cmavat_code%2Cmavat_name%2Clegal_area%2Cshape_area%2Cshape_length%2Cstation_desc%2Clast_update_date&returnGeometry=true&outSR=4326&f=geojson,בינונית,"תוקן placeholder: הצמד המקורי זהה אצל 8 פרויקטים; הוזז 398 מ׳ למקור המפורט. בדיקה אנושית למגרש יחיד: תכנית 553-0849612 כוללת 6 תאי מגורים (101B;102C;102D;103A;104A;105A); הנקודה נמצאת בתוך איחוד תאי המגורים הרשמיים, אך אין בעמוד הוכחה איזה תא הוא הפרויקט."
%d7%90%d7%a8%d7%9c%d7%95%d7%96%d7%95%d7%a8%d7%95%d7%91,32.084522,34.783965,https://ags.iplan.gov.il/arcgisiplan/rest/services/PlanningPublic/Xplan/MapServer/4/query?where=mp_id%3D5000933183+AND+%28mavat_name+LIKE+%27%25%D7%9E%D7%92%D7%95%D7%A8%D7%99%D7%9D%25%27+OR+mavat_name+LIKE+%27%25%D7%93%D7%99%D7%95%D7%A8%25%27%29&outFields=mp_id%2Cpl_id%2Cpl_number%2Cpl_name%2Cnum%2Cmavat_code%2Cmavat_name%2Clegal_area%2Cshape_area%2Cshape_length%2Cstation_desc%2Clast_update_date&returnGeometry=true&outSR=4326&f=geojson,בינונית,"תוקן placeholder: הצמד המקורי זהה אצל 57 פרויקטים; הוזז 221 מ׳ למקור המפורט. בדיקה אנושית למגרש יחיד: תכנית 507-0634923 כוללת 157 תאי מגורים (101;102;103;104;105;106;107;108;109;110;111;112;113;114;115;117;118;119;120;121;122;123;124;125;126;127;128;129;132;134;135;136;137;138;139;140;141;142;143;144;145;146;147;148;1…); הנקודה נמצאת בתוך איחוד תאי המגורים הרשמיים, אך אין בעמוד הוכחה איזה תא הוא הפרויקט."
%d7%94%d7%93%d7%a8-%d7%99%d7%95%d7%a1%d7%a3,32.108608,34.821196,https://mavat.iplan.gov.il/SV4/1/5051121/310,נמוכה,"תוקן placeholder: הצמד המקורי זהה אצל 57 פרויקטים; הוזז 4.5 ק״מ למקור המפורט. בדיקה אנושית: אותר קו כחול רשמי ב-GovMap לתכנית תא/ מק/ 2204/ א; לא אותרה חלקה/תא מגורים יחיד, ולכן הנקודה בתוך גבול התכנית ואינה הוכחה למגרש מסוים."
%d7%a9%d7%91%d7%98%d7%99-%d7%99%d7%a9%d7%a8%d7%90%d7%9c-30-34,32.818346,35.077567,https://ags.iplan.gov.il/arcgisiplan/rest/services/PlanningPublic/Xplan/MapServer/4/query?where=mp_id%3D3005454526+AND+%28mavat_name+LIKE+%27%25%D7%9E%D7%92%D7%95%D7%A8%D7%99%D7%9D%25%27+OR+mavat_name+LIKE+%27%25%D7%93%D7%99%D7%95%D7%A8%25%27%29&outFields=mp_id%2Cpl_id%2Cpl_number%2Cpl_name%2Cnum%2Cmavat_code%2Cmavat_name%2Clegal_area%2Cshape_area%2Cshape_length%2Cstation_desc%2Clast_update_date&returnGeometry=true&outSR=4326&f=geojson,גבוהה,תוקן placeholder: הצמד המקורי זהה אצל 43 פרויקטים; הוזז 7.4 ק״מ למקור המפורט. אומת מול תא מגורים רשמי יחיד 1 בתכנית 304-1455583; הנקודה בתוך התא הרשמי.
%d7%9e%d7%aa%d7%97%d7%9d-22-%d7%93%d7%a8%d7%95%d7%9d-%d7%a8%d7%95%d7%98%d7%a9%d7%99%d7%9c%d7%93-%d7%9c%d7%99%d7%9f-%d7%a9%d7%93-%d7%a8%d7%95%d7%98%d7%a9%d7%99%d7%9c%d7%93-21-33,32.825628,34.984222,https://ags.iplan.gov.il/arcgisiplan/rest/services/PlanningPublic/Xplan/MapServer/4/query?where=mp_id%3D3005426364+AND+%28mavat_name+LIKE+%27%25%D7%9E%D7%92%D7%95%D7%A8%D7%99%D7%9D%25%27+OR+mavat_name+LIKE+%27%25%D7%93%D7%99%D7%95%D7%A8%25%27%29&outFields=mp_id%2Cpl_id%2Cpl_number%2Cpl_name%2Cnum%2Cmavat_code%2Cmavat_name%2Clegal_area%2Cshape_area%2Cshape_length%2Cstation_desc%2Clast_update_date&returnGeometry=true&outSR=4326&f=geojson,בינונית,"תוקן placeholder: הצמד המקורי זהה אצל 43 פרויקטים; הוזז 1.5 ק״מ למקור המפורט. בדיקה אנושית למגרש יחיד: תכנית 304-1409309 כוללת 2 תאי מגורים (1;2); הנקודה נמצאת בתוך איחוד תאי המגורים הרשמיים, אך אין בעמוד הוכחה איזה תא הוא הפרויקט."
%d7%97%d7%99%d7%99%d7%9d-%d7%97%d7%91%d7%99%d7%91-1,31.766695,35.173677,https://ags.iplan.gov.il/arcgisiplan/rest/services/PlanningPublic/Xplan/MapServer/4/query?where=mp_id%3D1005380296+AND+%28mavat_name+LIKE+%27%25%D7%9E%D7%92%D7%95%D7%A8%D7%99%D7%9D%25%27+OR+mavat_name+LIKE+%27%25%D7%93%D7%99%D7%95%D7%A8%25%27%29&outFields=mp_id%2Cpl_id%2Cpl_number%2Cpl_name%2Cnum%2Cmavat_code%2Cmavat_name%2Clegal_area%2Cshape_area%2Cshape_length%2Cstation_desc%2Clast_update_date&returnGeometry=true&outSR=4326&f=geojson,גבוהה,תוקן placeholder: הצמד המקורי זהה אצל 197 פרויקטים; הוזז 5.1 ק״מ למקור המפורט. אומת מול תא מגורים רשמי יחיד 1 בתכנית 101-1334671; הנקודה בתוך התא הרשמי.
%d7%9e%d7%aa%d7%97%d7%9d-%d7%a8%d7%99%d7%99%d7%a0%d7%a1,31.789920,35.196528,https://ags.iplan.gov.il/arcgisiplan/rest/services/PlanningPublic/Xplan/MapServer/4/query?where=mp_id%3D1005437766+AND+%28mavat_name+LIKE+%27%25%D7%9E%D7%92%D7%95%D7%A8%D7%99%D7%9D%25%27+OR+mavat_name+LIKE+%27%25%D7%93%D7%99%D7%95%D7%A8%25%27%29&outFields=mp_id%2Cpl_id%2Cpl_number%2Cpl_name%2Cnum%2Cmavat_code%2Cmavat_name%2Clegal_area%2Cshape_area%2Cshape_length%2Cstation_desc%2Clast_update_date&returnGeometry=true&outSR=4326&f=geojson,בינונית,"תוקן placeholder: הצמד המקורי זהה אצל 197 פרויקטים; הוזז 3.0 ק״מ למקור המפורט. בדיקה אנושית למגרש יחיד: תכנית 101-1429083 כוללת 2 תאי מגורים (1;2); הנקודה נמצאת בתוך איחוד תאי המגורים הרשמיים, אך אין בעמוד הוכחה איזה תא הוא הפרויקט."
%d7%9e%d7%aa%d7%97%d7%9d-%d7%99%d7%a8%d7%95%d7%a9%d7%9c%d7%99%d7%9d,31.936705,34.809112,https://ags.iplan.gov.il/arcgisiplan/rest/services/PlanningPublic/Xplan/MapServer/4/query?where=mp_id%3D4005267422+AND+%28mavat_name+LIKE+%27%25%D7%9E%D7%92%D7%95%D7%A8%D7%99%D7%9D%25%27+OR+mavat_name+LIKE+%27%25%D7%93%D7%99%D7%95%D7%A8%25%27%29&outFields=mp_id%2Cpl_id%2Cpl_number%2Cpl_name%2Cnum%2Cmavat_code%2Cmavat_name%2Clegal_area%2Cshape_area%2Cshape_length%2Cstation_desc%2Clast_update_date&returnGeometry=true&outSR=4326&f=geojson,בינונית,"תוקן placeholder: הצמד המקורי זהה אצל 9 פרויקטים; הוזז 1.2 ק״מ למקור המפורט. בדיקה אנושית למגרש יחיד: תכנית 407-1157635 כוללת 4 תאי מגורים (140;141;142;143); הנקודה נמצאת בתוך איחוד תאי המגורים הרשמיים, אך אין בעמוד הוכחה איזה תא הוא הפרויקט."
%d7%a0%d7%97%d7%9c-%d7%94%d7%91%d7%a9%d7%95%d7%a8,32.038561,34.757527,https://ags.iplan.gov.il/arcgisiplan/rest/services/PlanningPublic/Xplan/MapServer/4/query?where=mp_id%3D5005189616+AND+%28mavat_name+LIKE+%27%25%D7%9E%D7%92%D7%95%D7%A8%D7%99%D7%9D%25%27+OR+mavat_name+LIKE+%27%25%D7%93%D7%99%D7%95%D7%A8%25%27%29&outFields=mp_id%2Cpl_id%2Cpl_number%2Cpl_name%2Cnum%2Cmavat_code%2Cmavat_name%2Clegal_area%2Cshape_area%2Cshape_length%2Cstation_desc%2Clast_update_date&returnGeometry=true&outSR=4326&f=geojson,בינונית,"תוקן placeholder: הצמד המקורי זהה אצל 57 פרויקטים; הוזז 5.7 ק״מ למקור המפורט. בדיקה אנושית למגרש יחיד: תכנית 507-1030410 כוללת 2 תאי מגורים (1;2); הנקודה נמצאת בתוך איחוד תאי המגורים הרשמיים, אך אין בעמוד הוכחה איזה תא הוא הפרויקט."
%d7%9e%d7%aa%d7%97%d7%9d-7-%d7%95%d7%a8%d7%91%d7%a8,32.089885,34.876685,https://ags.iplan.gov.il/arcgisiplan/rest/services/PlanningPublic/Xplan/MapServer/4/query?where=mp_id%3D4005069570+AND+%28mavat_name+LIKE+%27%25%D7%9E%D7%92%D7%95%D7%A8%D7%99%D7%9D%25%27+OR+mavat_name+LIKE+%27%25%D7%93%D7%99%D7%95%D7%A8%25%27%29&outFields=mp_id%2Cpl_id%2Cpl_number%2Cpl_name%2Cnum%2Cmavat_code%2Cmavat_name%2Clegal_area%2Cshape_area%2Cshape_length%2Cstation_desc%2Clast_update_date&returnGeometry=true&outSR=4326&f=geojson,בינונית,"תוקן placeholder: הצמד המקורי זהה אצל 37 פרויקטים; הוזז 908 מ׳ למקור המפורט. בדיקה אנושית למגרש יחיד: תכנית 410-0860411 כוללת 4 תאי מגורים (101;102;103;104); הנקודה נמצאת בתוך איחוד תאי המגורים הרשמיים, אך אין בעמוד הוכחה איזה תא הוא הפרויקט."
%d7%a8%d7%96%d7%99%d7%90%d7%9c-2,33.216165,35.569888,https://ags.iplan.gov.il/arcgisiplan/rest/services/PlanningPublic/XplanNoKanam/MapServer/1/query?where=mp_id%3D2005440860&outFields=mp_id%2Cpl_id%2Cpl_number%2Cpl_name%2Cnum%2Cmavat_code%2Cmavat_name%2Clegal_area%2Cshape_area%2Cshape_length%2Cstation_desc%2Clast_update_date%2Cobjectid&returnGeometry=true&outSR=4326&f=geojson,נמוכה,"תוקן placeholder: הצמד המקורי זהה אצל 7 פרויקטים; הוזז 970 מ׳ למקור המפורט. בדיקה אנושית: אותר גבול רשמי של תכנית 217-1433705, אך לא אותר תא מגורים/מגרש יחיד. הנקודה בתוך גבול התכנית בלבד."
%d7%a9%d7%93%d7%a8%d7%95%d7%aa-%d7%99%d7%a8%d7%95%d7%a9%d7%9c%d7%99%d7%9d-3,,,,נמוכה,"בדיקה אנושית: לא נמצא מקור שמאפשר למסור נקודה ברמת מגרש בביטחון; lat/lng הושארו ריקים. בדיקה אנושית: נמצאו מועמדי XPLAN חלקיים או מרובים, אך אין התאמת שם+עיר חד-משמעית. מועמדים: 352-1408285 — התחדשות עירונית שדרות ירושלים - קריית ים; 352-1340769 — מרכז אזרחי שדרות ירושלים קריית ים; 352-0561753 — קרית ים - מתחם תעסוקה ומסחר בשד' ירושלים"
%d7%99%d7%95%d7%a1%d7%a4%d7%98%d7%9c-%d7%a6%d7%a4%d7%95%d7%9f,,,,נמוכה,"בדיקה אנושית: לא נמצא מקור שמאפשר למסור נקודה ברמת מגרש בביטחון; lat/lng הושארו ריקים. בדיקה אנושית: נמצאו מועמדי XPLAN חלקיים או מרובים, אך אין התאמת שם+עיר חד-משמעית. מועמדים: תמל/ 2039 — התחדשות עירונית - מתחם יוספטל - קריית ים; 352-1422013 — תכנון מתחם מגורים ברח' יוספטל, קרית ים"
%d7%a7%d7%a8%d7%9f-%d7%94%d7%99%d7%a1%d7%95%d7%93,,,,נמוכה,בדיקה אנושית: לא נמצא מקור שמאפשר למסור נקודה ברמת מגרש בביטחון; lat/lng הושארו ריקים. בדיקה אנושית: לא נמצאה ב-XPLAN תכנית בעיר ששמה תואם באופן מספק לשם הפרויקט.
%d7%91%d7%99%d7%aa-%d7%94%d7%a2%d7%a8%d7%91%d7%94-22-24,31.749169,35.220472,https://ags.iplan.gov.il/arcgisiplan/rest/services/PlanningPublic/Xplan/MapServer/4/query?where=mp_id%3D2005151900+AND+%28mavat_name+LIKE+%27%25%D7%9E%D7%92%D7%95%D7%A8%D7%99%D7%9D%25%27+OR+mavat_name+LIKE+%27%25%D7%93%D7%99%D7%95%D7%A8%25%27%29&outFields=mp_id%2Cpl_id%2Cpl_number%2Cpl_name%2Cnum%2Cmavat_code%2Cmavat_name%2Clegal_area%2Cshape_area%2Cshape_length%2Cstation_desc%2Clast_update_date&returnGeometry=true&outSR=4326&f=geojson,גבוהה,תוקן placeholder: הצמד המקורי זהה אצל 197 פרויקטים; הוזז 3.3 ק״מ למקור המפורט. אומת מול תא מגורים רשמי יחיד 5 בתכנית 101-0995829; הנקודה בתוך התא הרשמי.
%d7%97%d7%96%d7%a7%d7%99%d7%94%d7%95-%d7%94%d7%9e%d7%9c%d7%9a-39-45,31.761132,35.208545,https://ags.iplan.gov.il/arcgisiplan/rest/services/PlanningPublic/Xplan/MapServer/4/query?where=mp_id%3D1005284398+AND+%28mavat_name+LIKE+%27%25%D7%9E%D7%92%D7%95%D7%A8%D7%99%D7%9D%25%27+OR+mavat_name+LIKE+%27%25%D7%93%D7%99%D7%95%D7%A8%25%27%29&outFields=mp_id%2Cpl_id%2Cpl_number%2Cpl_name%2Cnum%2Cmavat_code%2Cmavat_name%2Clegal_area%2Cshape_area%2Cshape_length%2Cstation_desc%2Clast_update_date&returnGeometry=true&outSR=4326&f=geojson,בינונית,"תוקן placeholder: הצמד המקורי זהה אצל 197 פרויקטים; הוזז 2.6 ק״מ למקור המפורט. בדיקה אנושית למגרש יחיד: תכנית 101-1185578 כוללת 2 תאי מגורים (1;2); הנקודה נמצאת בתוך איחוד תאי המגורים הרשמיים, אך אין בעמוד הוכחה איזה תא הוא הפרויקט."
%d7%90%d7%99%d7%a1%d7%9c%d7%a0%d7%93-16-22-%d7%9e%d7%a7%d7%a1%d7%99%d7%a7%d7%95-4,31.759273,35.167646,https://ags.iplan.gov.il/arcgisiplan/rest/services/PlanningPublic/Xplan/MapServer/4/query?where=mp_id%3D1005342332+AND+%28mavat_name+LIKE+%27%25%D7%9E%D7%92%D7%95%D7%A8%D7%99%D7%9D%25%27+OR+mavat_name+LIKE+%27%25%D7%93%D7%99%D7%95%D7%A8%25%27%29&outFields=mp_id%2Cpl_id%2Cpl_number%2Cpl_name%2Cnum%2Cmavat_code%2Cmavat_name%2Clegal_area%2Cshape_area%2Cshape_length%2Cstation_desc%2Clast_update_date&returnGeometry=true&outSR=4326&f=geojson,בינונית,"תוקן placeholder: הצמד המקורי זהה אצל 197 פרויקטים; הוזז 5.9 ק״מ למקור המפורט. בדיקה אנושית למגרש יחיד: תכנית 101-1276328 כוללת 3 תאי מגורים (141;142;143); הנקודה נמצאת בתוך איחוד תאי המגורים הרשמיים, אך אין בעמוד הוכחה איזה תא הוא הפרויקט."
%d7%94%d7%a0%d7%98%d7%a7%d7%94-48-%d7%97%d7%99%d7%99%d7%9d-%d7%97%d7%91%d7%99%d7%91-6-7,31.767686,35.173881,https://ags.iplan.gov.il/arcgisiplan/rest/services/PlanningPublic/Xplan/MapServer/4/query?where=mp_id%3D1005344338+AND+%28mavat_name+LIKE+%27%25%D7%9E%D7%92%D7%95%D7%A8%D7%99%D7%9D%25%27+OR+mavat_name+LIKE+%27%25%D7%93%D7%99%D7%95%D7%A8%25%27%29&outFields=mp_id%2Cpl_id%2Cpl_number%2Cpl_name%2Cnum%2Cmavat_code%2Cmavat_name%2Clegal_area%2Cshape_area%2Cshape_length%2Cstation_desc%2Clast_update_date&returnGeometry=true&outSR=4326&f=geojson,גבוהה,תוקן placeholder: הצמד המקורי זהה אצל 197 פרויקטים; הוזז 5.1 ק״מ למקור המפורט. אומת מול תא מגורים רשמי יחיד 1 בתכנית 101-1279256; הנקודה בתוך התא הרשמי.
%d7%a4%d7%a0%d7%9e%d7%94-4,31.757108,35.161975,https://ags.iplan.gov.il/arcgisiplan/rest/services/PlanningPublic/Xplan/MapServer/4/query?where=mp_id%3D1005321388+AND+%28mavat_name+LIKE+%27%25%D7%9E%D7%92%D7%95%D7%A8%D7%99%D7%9D%25%27+OR+mavat_name+LIKE+%27%25%D7%93%D7%99%D7%95%D7%A8%25%27%29&outFields=mp_id%2Cpl_id%2Cpl_number%2Cpl_name%2Cnum%2Cmavat_code%2Cmavat_name%2Clegal_area%2Cshape_area%2Cshape_length%2Cstation_desc%2Clast_update_date&returnGeometry=true&outSR=4326&f=geojson,גבוהה,תוקן placeholder: הצמד המקורי זהה אצל 197 פרויקטים; הוזז 6.5 ק״מ למקור המפורט. אומת מול תא מגורים רשמי יחיד 1 בתכנית 101-1241744; הנקודה בתוך התא הרשמי.
%d7%90%d7%99%d7%a1%d7%9c%d7%a0%d7%93-19-21-%d7%a7%d7%95%d7%9c%d7%95%d7%9e%d7%91%d7%99%d7%94-16,31.759104,35.164868,https://ags.iplan.gov.il/arcgisiplan/rest/services/PlanningPublic/Xplan/MapServer/4/query?where=mp_id%3D1005347588+AND+%28mavat_name+LIKE+%27%25%D7%9E%D7%92%D7%95%D7%A8%D7%99%D7%9D%25%27+OR+mavat_name+LIKE+%27%25%D7%93%D7%99%D7%95%D7%A8%25%27%29&outFields=mp_id%2Cpl_id%2Cpl_number%2Cpl_name%2Cnum%2Cmavat_code%2Cmavat_name%2Clegal_area%2Cshape_area%2Cshape_length%2Cstation_desc%2Clast_update_date&returnGeometry=true&outSR=4326&f=geojson,בינונית,"תוקן placeholder: הצמד המקורי זהה אצל 197 פרויקטים; הוזז 6.2 ק״מ למקור המפורט. בדיקה אנושית למגרש יחיד: תכנית 101-1284074 כוללת 2 תאי מגורים (1;2); הנקודה נמצאת בתוך איחוד תאי המגורים הרשמיים, אך אין בעמוד הוכחה איזה תא הוא הפרויקט."
%d7%91%d7%a0%d7%99-%d7%91%d7%aa%d7%99%d7%a8%d7%90-7-9,31.757480,35.203826,https://ags.iplan.gov.il/arcgisiplan/rest/services/PlanningPublic/Xplan/MapServer/4/query?where=mp_id%3D1005304728+AND+%28mavat_name+LIKE+%27%25%D7%9E%D7%92%D7%95%D7%A8%D7%99%D7%9D%25%27+OR+mavat_name+LIKE+%27%25%D7%93%D7%99%D7%95%D7%A8%25%27%29&outFields=mp_id%2Cpl_id%2Cpl_number%2Cpl_name%2Cnum%2Cmavat_code%2Cmavat_name%2Clegal_area%2Cshape_area%2Cshape_length%2Cstation_desc%2Clast_update_date&returnGeometry=true&outSR=4326&f=geojson,גבוהה,תוקן placeholder: הצמד המקורי זהה אצל 197 פרויקטים; הוזז 3.2 ק״מ למקור המפורט. אומת מול תא מגורים רשמי יחיד 1 בתכנית 101-1215656; הנקודה בתוך התא הרשמי.
%d7%9e%d7%a7%d7%a1%d7%99%d7%a7%d7%95-8-14,31.756858,35.168704,https://ags.iplan.gov.il/arcgisiplan/rest/services/PlanningPublic/Xplan/MapServer/4/query?where=mp_id%3D1005358836+AND+%28mavat_name+LIKE+%27%25%D7%9E%D7%92%D7%95%D7%A8%D7%99%D7%9D%25%27+OR+mavat_name+LIKE+%27%25%D7%93%D7%99%D7%95%D7%A8%25%27%29&outFields=mp_id%2Cpl_id%2Cpl_number%2Cpl_name%2Cnum%2Cmavat_code%2Cmavat_name%2Clegal_area%2Cshape_area%2Cshape_length%2Cstation_desc%2Clast_update_date&returnGeometry=true&outSR=4326&f=geojson,בינונית,"תוקן placeholder: הצמד המקורי זהה אצל 197 פרויקטים; הוזז 5.9 ק״מ למקור המפורט. בדיקה אנושית למגרש יחיד: תכנית 101-1300805 כוללת 2 תאי מגורים (141;142); הנקודה נמצאת בתוך איחוד תאי המגורים הרשמיים, אך אין בעמוד הוכחה איזה תא הוא הפרויקט."
%d7%9e%d7%aa%d7%97%d7%9d-%d7%93%d7%a8%d7%96%d7%a0%d7%a8-%d7%90%d7%9c%d7%a7%d7%97%d7%99,31.748627,35.232503,https://ags.iplan.gov.il/arcgisiplan/rest/services/PlanningPublic/Xplan/MapServer/4/query?where=mp_id%3D1005150996+AND+%28mavat_name+LIKE+%27%25%D7%9E%D7%92%D7%95%D7%A8%D7%99%D7%9D%25%27+OR+mavat_name+LIKE+%27%25%D7%93%D7%99%D7%95%D7%A8%25%27%29&outFields=mp_id%2Cpl_id%2Cpl_number%2Cpl_name%2Cnum%2Cmavat_code%2Cmavat_name%2Clegal_area%2Cshape_area%2Cshape_length%2Cstation_desc%2Clast_update_date&returnGeometry=true&outSR=4326&f=geojson,בינונית,"תוקן placeholder: הצמד המקורי זהה אצל 197 פרויקטים; הוזז 3.4 ק״מ למקור המפורט. בדיקה אנושית למגרש יחיד: תכנית 101-0993907 כוללת 6 תאי מגורים (1;2;3;4;5;6); הנקודה נמצאת בתוך איחוד תאי המגורים הרשמיים, אך אין בעמוד הוכחה איזה תא הוא הפרויקט."
%d7%94%d7%a4%d7%9c%d7%9e%d7%97-49-51-%d7%94%d7%a9%d7%99%d7%99%d7%a8%d7%95%d7%aa-2,31.764817,35.208506,https://ags.iplan.gov.il/arcgisiplan/rest/services/PlanningPublic/Xplan/MapServer/4/query?where=mp_id%3D1005407450+AND+%28mavat_name+LIKE+%27%25%D7%9E%D7%92%D7%95%D7%A8%D7%99%D7%9D%25%27+OR+mavat_name+LIKE+%27%25%D7%93%D7%99%D7%95%D7%A8%25%27%29&outFields=mp_id%2Cpl_id%2Cpl_number%2Cpl_name%2Cnum%2Cmavat_code%2Cmavat_name%2Clegal_area%2Cshape_area%2Cshape_length%2Cstation_desc%2Clast_update_date&returnGeometry=true&outSR=4326&f=geojson,בינונית,"תוקן placeholder: הצמד המקורי זהה אצל 197 פרויקטים; הוזז 2.3 ק״מ למקור המפורט. בדיקה אנושית למגרש יחיד: תכנית 101-1377753 כוללת 2 תאי מגורים (31;32); הנקודה נמצאת בתוך איחוד תאי המגורים הרשמיים, אך אין בעמוד הוכחה איזה תא הוא הפרויקט."
%d7%93%d7%94%d7%95%d7%9e%d7%99%d7%99-6,31.756631,35.165954,https://ags.iplan.gov.il/arcgisiplan/rest/services/PlanningPublic/Xplan/MapServer/4/query?where=mp_id%3D1005302908+AND+%28mavat_name+LIKE+%27%25%D7%9E%D7%92%D7%95%D7%A8%D7%99%D7%9D%25%27+OR+mavat_name+LIKE+%27%25%D7%93%D7%99%D7%95%D7%A8%25%27%29&outFields=mp_id%2Cpl_id%2Cpl_number%2Cpl_name%2Cnum%2Cmavat_code%2Cmavat_name%2Clegal_area%2Cshape_area%2Cshape_length%2Cstation_desc%2Clast_update_date&returnGeometry=true&outSR=4326&f=geojson,גבוהה,תוקן placeholder: הצמד המקורי זהה אצל 197 פרויקטים; הוזז 6.2 ק״מ למקור המפורט. אומת מול תא מגורים רשמי יחיד 1 בתכנית 101-1213339; הנקודה בתוך התא הרשמי.
%d7%93%d7%94%d7%95%d7%9e%d7%99%d7%99-4,31.757148,35.166523,https://ags.iplan.gov.il/arcgisiplan/rest/services/PlanningPublic/Xplan/MapServer/1/query?where=mp_id%3D1005420360&outFields=mp_id%2Cpl_id%2Cpl_number%2Cpl_name%2Cpl_url%2Cstation_desc%2Clast_update_date%2Cpl_area_dunam%2Cshape_area%2Cshape_length&returnGeometry=true&outSR=4326&f=geojson,נמוכה,"תוקן placeholder: הצמד המקורי זהה אצל 197 פרויקטים; הוזז 6.1 ק״מ למקור המפורט. בדיקה אנושית: אותר גבול רשמי של תכנית 101-1399658, אך לא אותר תא מגורים/מגרש יחיד. הנקודה בתוך גבול התכנית בלבד."
%d7%94%d7%91%d7%a8%d7%95%d7%9f-%d7%94%d7%99%d7%a8%d7%a9-6-%d7%a9%d7%93%d7%a8%d7%95%d7%aa-%d7%94%d7%a8%d7%a6%d7%9c-44-48-%d7%a9%d7%95%d7%a9%d7%a0%d7%94-57-59-%d7%a9%d7%a2%d7%a8-%d7%94%d7%a2%d7%99,31.783792,35.195021,https://ags.iplan.gov.il/arcgisiplan/rest/services/PlanningPublic/Xplan/MapServer/4/query?where=mp_id%3D1005367352+AND+%28mavat_name+LIKE+%27%25%D7%9E%D7%92%D7%95%D7%A8%D7%99%D7%9D%25%27+OR+mavat_name+LIKE+%27%25%D7%93%D7%99%D7%95%D7%A8%25%27%29&outFields=mp_id%2Cpl_id%2Cpl_number%2Cpl_name%2Cnum%2Cmavat_code%2Cmavat_name%2Clegal_area%2Cshape_area%2Cshape_length%2Cstation_desc%2Clast_update_date&returnGeometry=true&outSR=4326&f=geojson,גבוהה,תוקן placeholder: הצמד המקורי זהה אצל 197 פרויקטים; הוזז 3.0 ק״מ למקור המפורט. אומת מול תא מגורים רשמי יחיד 1 בתכנית 101-1313915; הנקודה בתוך התא הרשמי.
%d7%93%d7%91-%d7%92%d7%a8%d7%95%d7%a0%d7%a8-4-10-%d7%9e%d7%aa%d7%97%d7%9d-%d7%99%d7%93,31.748759,35.236820,https://ags.iplan.gov.il/arcgisiplan/rest/services/PlanningPublic/Xplan/MapServer/4/query?where=mp_id%3D1005273292+AND+%28mavat_name+LIKE+%27%25%D7%9E%D7%92%D7%95%D7%A8%D7%99%D7%9D%25%27+OR+mavat_name+LIKE+%27%25%D7%93%D7%99%D7%95%D7%A8%25%27%29&outFields=mp_id%2Cpl_id%2Cpl_number%2Cpl_name%2Cnum%2Cmavat_code%2Cmavat_name%2Clegal_area%2Cshape_area%2Cshape_length%2Cstation_desc%2Clast_update_date&returnGeometry=true&outSR=4326&f=geojson,גבוהה,תוקן placeholder: הצמד המקורי זהה אצל 197 פרויקטים; הוזז 3.5 ק״מ למקור המפורט. אומת מול תא מגורים רשמי יחיד 101 בתכנית 101-1167469; הנקודה בתוך התא הרשמי.
%d7%a7%d7%a9%d7%90%d7%a0%d7%99-19-25,31.746190,35.234472,https://ags.iplan.gov.il/arcgisiplan/rest/services/PlanningPublic/Xplan/MapServer/4/query?where=mp_id%3D1005388818+AND+%28mavat_name+LIKE+%27%25%D7%9E%D7%92%D7%95%D7%A8%D7%99%D7%9D%25%27+OR+mavat_name+LIKE+%27%25%D7%93%D7%99%D7%95%D7%A8%25%27%29&outFields=mp_id%2Cpl_id%2Cpl_number%2Cpl_name%2Cnum%2Cmavat_code%2Cmavat_name%2Clegal_area%2Cshape_area%2Cshape_length%2Cstation_desc%2Clast_update_date&returnGeometry=true&outSR=4326&f=geojson,בינונית,"תוקן placeholder: הצמד המקורי זהה אצל 197 פרויקטים; הוזז 3.7 ק״מ למקור המפורט. בדיקה אנושית למגרש יחיד: תכנית 101-1349034 כוללת 2 תאי מגורים (1;2); הנקודה נמצאת בתוך איחוד תאי המגורים הרשמיים, אך אין בעמוד הוכחה איזה תא הוא הפרויקט."
%d7%94%d7%92%d7%a0%d7%a0%d7%aa-238,31.730427,35.193035,https://ags.iplan.gov.il/arcgisiplan/rest/services/PlanningPublic/Xplan/MapServer/4/query?where=mp_id%3D1005327098+AND+%28mavat_name+LIKE+%27%25%D7%9E%D7%92%D7%95%D7%A8%D7%99%D7%9D%25%27+OR+mavat_name+LIKE+%27%25%D7%93%D7%99%D7%95%D7%A8%25%27%29&outFields=mp_id%2Cpl_id%2Cpl_number%2Cpl_name%2Cnum%2Cmavat_code%2Cmavat_name%2Clegal_area%2Cshape_area%2Cshape_length%2Cstation_desc%2Clast_update_date&returnGeometry=true&outSR=4326&f=geojson,גבוהה,תוקן placeholder: הצמד המקורי זהה אצל 197 פרויקטים; הוזז 6.2 ק״מ למקור המפורט. אומת מול תא מגורים רשמי יחיד 1 בתכנית 101-1251222; הנקודה בתוך התא הרשמי.
%d7%94%d7%97%d7%91%d7%a6%d7%9c%d7%aa-3-5,31.782405,35.220291,https://ags.iplan.gov.il/arcgisiplan/rest/services/PlanningPublic/Xplan/MapServer/4/query?where=mp_id%3D1005331336+AND+%28mavat_name+LIKE+%27%25%D7%9E%D7%92%D7%95%D7%A8%D7%99%D7%9D%25%27+OR+mavat_name+LIKE+%27%25%D7%93%D7%99%D7%95%D7%A8%25%27%29&outFields=mp_id%2Cpl_id%2Cpl_number%2Cpl_name%2Cnum%2Cmavat_code%2Cmavat_name%2Clegal_area%2Cshape_area%2Cshape_length%2Cstation_desc%2Clast_update_date&returnGeometry=true&outSR=4326&f=geojson,גבוהה,תוקן placeholder: הצמד המקורי זהה אצל 197 פרויקטים; הוזז 653 מ׳ למקור המפורט. אומת מול תא מגורים רשמי יחיד 1 בתכנית 101-1257922; הנקודה בתוך התא הרשמי.
%d7%91%d7%a6%d7%9c%d7%90%d7%9c-26-28,31.781686,35.212479,https://ags.iplan.gov.il/arcgisiplan/rest/services/PlanningPublic/Xplan/MapServer/4/query?where=mp_id%3D1005323688+AND+%28mavat_name+LIKE+%27%25%D7%9E%D7%92%D7%95%D7%A8%D7%99%D7%9D%25%27+OR+mavat_name+LIKE+%27%25%D7%93%D7%99%D7%95%D7%A8%25%27%29&outFields=mp_id%2Cpl_id%2Cpl_number%2Cpl_name%2Cnum%2Cmavat_code%2Cmavat_name%2Clegal_area%2Cshape_area%2Cshape_length%2Cstation_desc%2Clast_update_date&returnGeometry=true&outSR=4326&f=geojson,גבוהה,תוקן placeholder: הצמד המקורי זהה אצל 197 פרויקטים; הוזז 1.3 ק״מ למקור המפורט. אומת מול תא מגורים רשמי יחיד 101 בתכנית 101-1245547; הנקודה בתוך התא הרשמי.
%d7%93%d7%a8%d7%9a-%d7%97%d7%91%d7%a8%d7%95%d7%9f-%d7%a2%d7%99%d7%9f-%d7%92%d7%93%d7%99-%d7%a9%d7%9c%d7%95%d7%9d-%d7%99%d7%94%d7%95%d7%93%d7%94,31.752604,35.220347,https://ags.iplan.gov.il/arcgisiplan/rest/services/PlanningPublic/Xplan/MapServer/4/query?where=mp_id%3D1005352382+AND+%28mavat_name+LIKE+%27%25%D7%9E%D7%92%D7%95%D7%A8%D7%99%D7%9D%25%27+OR+mavat_name+LIKE+%27%25%D7%93%D7%99%D7%95%D7%A8%25%27%29&outFields=mp_id%2Cpl_id%2Cpl_number%2Cpl_name%2Cnum%2Cmavat_code%2Cmavat_name%2Clegal_area%2Cshape_area%2Cshape_length%2Cstation_desc%2Clast_update_date&returnGeometry=true&outSR=4326&f=geojson,בינונית,"תוקן placeholder: הצמד המקורי זהה אצל 197 פרויקטים; הוזז 3.0 ק״מ למקור המפורט. בדיקה אנושית למגרש יחיד: תכנית 101-1291525 כוללת 5 תאי מגורים (1;2;4;6;7); הנקודה נמצאת בתוך איחוד תאי המגורים הרשמיים, אך אין בעמוד הוכחה איזה תא הוא הפרויקט."
%d7%a7%d7%a8%d7%9c-%d7%a0%d7%98%d7%a8,31.795494,35.225923,https://ags.iplan.gov.il/arcgisiplan/rest/services/PlanningPublic/Xplan/MapServer/4/query?where=mp_id%3D1005313314+AND+%28mavat_name+LIKE+%27%25%D7%9E%D7%92%D7%95%D7%A8%D7%99%D7%9D%25%27+OR+mavat_name+LIKE+%27%25%D7%93%D7%99%D7%95%D7%A8%25%27%29&outFields=mp_id%2Cpl_id%2Cpl_number%2Cpl_name%2Cnum%2Cmavat_code%2Cmavat_name%2Clegal_area%2Cshape_area%2Cshape_length%2Cstation_desc%2Clast_update_date&returnGeometry=true&outSR=4326&f=geojson,גבוהה,תוקן placeholder: הצמד המקורי זהה אצל 197 פרויקטים; הוזז 1.9 ק״מ למקור המפורט. אומת מול תא מגורים רשמי יחיד 100 בתכנית 101-1229111; הנקודה בתוך התא הרשמי.
%d7%a9%d7%98%d7%a8%d7%9f-18%d7%90-20-20%d7%90,31.754561,35.179204,https://ags.iplan.gov.il/arcgisiplan/rest/services/PlanningPublic/Xplan/MapServer/4/query?where=mp_id%3D1005448532+AND+%28mavat_name+LIKE+%27%25%D7%9E%D7%92%D7%95%D7%A8%D7%99%D7%9D%25%27+OR+mavat_name+LIKE+%27%25%D7%93%D7%99%D7%95%D7%A8%25%27%29&outFields=mp_id%2Cpl_id%2Cpl_number%2Cpl_name%2Cnum%2Cmavat_code%2Cmavat_name%2Clegal_area%2Cshape_area%2Cshape_length%2Cstation_desc%2Clast_update_date&returnGeometry=true&outSR=4326&f=geojson,גבוהה,תוקן placeholder: הצמד המקורי זהה אצל 197 פרויקטים; הוזז 5.2 ק״מ למקור המפורט. אומת מול תא מגורים רשמי יחיד 1 בתכנית 101-1445980; הנקודה בתוך התא הרשמי.
%d7%a4%d7%99%d7%a0%d7%9c%d7%a1-246,31.750289,35.202743,https://ags.iplan.gov.il/arcgisiplan/rest/services/PlanningPublic/Xplan/MapServer/4/query?where=mp_id%3D1005368254+AND+%28mavat_name+LIKE+%27%25%D7%9E%D7%92%D7%95%D7%A8%D7%99%D7%9D%25%27+OR+mavat_name+LIKE+%27%25%D7%93%D7%99%D7%95%D7%A8%25%27%29&outFields=mp_id%2Cpl_id%2Cpl_number%2Cpl_name%2Cnum%2Cmavat_code%2Cmavat_name%2Clegal_area%2Cshape_area%2Cshape_length%2Cstation_desc%2Clast_update_date&returnGeometry=true&outSR=4326&f=geojson,גבוהה,תוקן placeholder: הצמד המקורי זהה אצל 197 פרויקטים; הוזז 3.9 ק״מ למקור המפורט. אומת מול תא מגורים רשמי יחיד 1 בתכנית 101-1315431; הנקודה בתוך התא הרשמי.
%d7%97%d7%99%d7%9c-%d7%94%d7%90%d7%95%d7%95%d7%99%d7%a8-%d7%a6%d7%a4%d7%95%d7%9f-%d7%a4%d7%a1%d7%92%d7%aa-%d7%96%d7%90%d7%91,31.832779,35.243229,https://ags.iplan.gov.il/arcgisiplan/rest/services/PlanningPublic/Xplan/MapServer/4/query?where=mp_id%3D1005424692+AND+%28mavat_name+LIKE+%27%25%D7%9E%D7%92%D7%95%D7%A8%D7%99%D7%9D%25%27+OR+mavat_name+LIKE+%27%25%D7%93%D7%99%D7%95%D7%A8%25%27%29&outFields=mp_id%2Cpl_id%2Cpl_number%2Cpl_name%2Cnum%2Cmavat_code%2Cmavat_name%2Clegal_area%2Cshape_area%2Cshape_length%2Cstation_desc%2Clast_update_date&returnGeometry=true&outSR=4326&f=geojson,בינונית,"תוקן placeholder: הצמד המקורי זהה אצל 197 פרויקטים; הוזז 6.2 ק״מ למקור המפורט. בדיקה אנושית למגרש יחיד: תכנית 101-1406552 כוללת 4 תאי מגורים (1;4;7;8); הנקודה נמצאת בתוך איחוד תאי המגורים הרשמיים, אך אין בעמוד הוכחה איזה תא הוא הפרויקט."
%d7%91%d7%a2%d7%94%d7%9d,31.751841,35.199271,https://ags.iplan.gov.il/arcgisiplan/rest/services/PlanningPublic/Xplan/MapServer/4/query?where=mp_id%3D1005393918+AND+%28mavat_name+LIKE+%27%25%D7%9E%D7%92%D7%95%D7%A8%D7%99%D7%9D%25%27+OR+mavat_name+LIKE+%27%25%D7%93%D7%99%D7%95%D7%A8%25%27%29&outFields=mp_id%2Cpl_id%2Cpl_number%2Cpl_name%2Cnum%2Cmavat_code%2Cmavat_name%2Clegal_area%2Cshape_area%2Cshape_length%2Cstation_desc%2Clast_update_date&returnGeometry=true&outSR=4326&f=geojson,בינונית,"תוקן placeholder: הצמד המקורי זהה אצל 197 פרויקטים; הוזז 3.9 ק״מ למקור המפורט. בדיקה אנושית למגרש יחיד: תכנית 101-1356575 כוללת 2 תאי מגורים (1;2); הנקודה נמצאת בתוך איחוד תאי המגורים הרשמיים, אך אין בעמוד הוכחה איזה תא הוא הפרויקט."
%d7%94%d7%a2%d7%99%d7%9c%d7%95%d7%99-2-10-%d7%a7%d7%95%d7%a8%d7%95%d7%aa-%d7%94%d7%a2%d7%99%d7%aa%d7%99%d7%9d-5,31.788179,35.195559,https://ags.iplan.gov.il/arcgisiplan/rest/services/PlanningPublic/Xplan/MapServer/4/query?where=mp_id%3D1005362622+AND+%28mavat_name+LIKE+%27%25%D7%9E%D7%92%D7%95%D7%A8%D7%99%D7%9D%25%27+OR+mavat_name+LIKE+%27%25%D7%93%D7%99%D7%95%D7%A8%25%27%29&outFields=mp_id%2Cpl_id%2Cpl_number%2Cpl_name%2Cnum%2Cmavat_code%2Cmavat_name%2Clegal_area%2Cshape_area%2Cshape_length%2Cstation_desc%2Clast_update_date&returnGeometry=true&outSR=4326&f=geojson,גבוהה,תוקן placeholder: הצמד המקורי זהה אצל 197 פרויקטים; הוזז 3.0 ק״מ למקור המפורט. אומת מול תא מגורים רשמי יחיד 1 בתכנית 101-1307032; הנקודה בתוך התא הרשמי.
%d7%94%d7%9e%d7%97%d7%aa%d7%a8%d7%95%d7%aa-13-21-%d7%a9%d7%9c%d7%9e%d7%94-%d7%91%d7%9f-%d7%99%d7%95%d7%a1%d7%a3-203-207-%d7%9e%d7%aa%d7%97%d7%9d-%d7%99%d7%96,31.746438,35.237258,https://ags.iplan.gov.il/arcgisiplan/rest/services/PlanningPublic/Xplan/MapServer/4/query?where=mp_id%3D1005399772+AND+%28mavat_name+LIKE+%27%25%D7%9E%D7%92%D7%95%D7%A8%D7%99%D7%9D%25%27+OR+mavat_name+LIKE+%27%25%D7%93%D7%99%D7%95%D7%A8%25%27%29&outFields=mp_id%2Cpl_id%2Cpl_number%2Cpl_name%2Cnum%2Cmavat_code%2Cmavat_name%2Clegal_area%2Cshape_area%2Cshape_length%2Cstation_desc%2Clast_update_date&returnGeometry=true&outSR=4326&f=geojson,בינונית,"תוקן placeholder: הצמד המקורי זהה אצל 197 פרויקטים; הוזז 3.8 ק״מ למקור המפורט. בדיקה אנושית למגרש יחיד: תכנית 101-1365931 כוללת 3 תאי מגורים (1;2;5); הנקודה נמצאת בתוך איחוד תאי המגורים הרשמיים, אך אין בעמוד הוכחה איזה תא הוא הפרויקט."
%d7%91%d7%9f-%d7%92%d7%9e%d7%9c%d7%90-6-10-%d7%99%d7%94%d7%95%d7%a9%d7%a2-%d7%91%d7%9f-%d7%a0%d7%95%d7%9f-38,31.760239,35.212633,https://ags.iplan.gov.il/arcgisiplan/rest/services/PlanningPublic/Xplan/MapServer/4/query?where=mp_id%3D1005443306+AND+%28mavat_name+LIKE+%27%25%D7%9E%D7%92%D7%95%D7%A8%D7%99%D7%9D%25%27+OR+mavat_name+LIKE+%27%25%D7%93%D7%99%D7%95%D7%A8%25%27%29&outFields=mp_id%2Cpl_id%2Cpl_number%2Cpl_name%2Cnum%2Cmavat_code%2Cmavat_name%2Clegal_area%2Cshape_area%2Cshape_length%2Cstation_desc%2Clast_update_date&returnGeometry=true&outSR=4326&f=geojson,גבוהה,תוקן placeholder: הצמד המקורי זהה אצל 197 פרויקטים; הוזז 2.4 ק״מ למקור המפורט. אומת מול תא מגורים רשמי יחיד 1 בתכנית 101-1437755; הנקודה בתוך התא הרשמי.
%d7%9e%d7%aa%d7%97%d7%9d-%d7%94%d7%97%d7%9c%d7%95%d7%a5-%d7%9e%d7%a9%d7%9b%d7%9f-%d7%a9%d7%99%d7%9c%d7%94,31.773614,35.190707,https://ags.iplan.gov.il/arcgisiplan/rest/services/PlanningPublic/Xplan/MapServer/4/query?where=mp_id%3D1005258444+AND+%28mavat_name+LIKE+%27%25%D7%9E%D7%92%D7%95%D7%A8%D7%99%D7%9D%25%27+OR+mavat_name+LIKE+%27%25%D7%93%D7%99%D7%95%D7%A8%25%27%29&outFields=mp_id%2Cpl_id%2Cpl_number%2Cpl_name%2Cnum%2Cmavat_code%2Cmavat_name%2Clegal_area%2Cshape_area%2Cshape_length%2Cstation_desc%2Clast_update_date&returnGeometry=true&outSR=4326&f=geojson,בינונית,"תוקן placeholder: הצמד המקורי זהה אצל 197 פרויקטים; הוזז 3.4 ק״מ למקור המפורט. בדיקה אנושית למגרש יחיד: תכנית 101-1142264 כוללת 3 תאי מגורים (1;2;3); הנקודה נמצאת בתוך איחוד תאי המגורים הרשמיים, אך אין בעמוד הוכחה איזה תא הוא הפרויקט."
%d7%91%d7%a8%d7%95%d7%a8%d7%99%d7%94-5-11,31.760652,35.211155,https://ags.iplan.gov.il/arcgisiplan/rest/services/PlanningPublic/Xplan/MapServer/4/query?where=mp_id%3D1005381110+AND+%28mavat_name+LIKE+%27%25%D7%9E%D7%92%D7%95%D7%A8%D7%99%D7%9D%25%27+OR+mavat_name+LIKE+%27%25%D7%93%D7%99%D7%95%D7%A8%25%27%29&outFields=mp_id%2Cpl_id%2Cpl_number%2Cpl_name%2Cnum%2Cmavat_code%2Cmavat_name%2Clegal_area%2Cshape_area%2Cshape_length%2Cstation_desc%2Clast_update_date&returnGeometry=true&outSR=4326&f=geojson,גבוהה,תוקן placeholder: הצמד המקורי זהה אצל 197 פרויקטים; הוזז 2.5 ק״מ למקור המפורט. אומת מול תא מגורים רשמי יחיד 1 בתכנית 101-1336049; הנקודה בתוך התא הרשמי.
%d7%94%d7%a8%d7%a6%d7%9c-123-%d7%94%d7%9e%d7%99%d7%99%d7%a1%d7%93%d7%99%d7%9d,31.778559,35.187188,https://ags.iplan.gov.il/arcgisiplan/rest/services/PlanningPublic/Xplan/MapServer/4/query?where=mp_id%3D1005427874+AND+%28mavat_name+LIKE+%27%25%D7%9E%D7%92%D7%95%D7%A8%D7%99%D7%9D%25%27+OR+mavat_name+LIKE+%27%25%D7%93%D7%99%D7%95%D7%A8%25%27%29&outFields=mp_id%2Cpl_id%2Cpl_number%2Cpl_name%2Cnum%2Cmavat_code%2Cmavat_name%2Clegal_area%2Cshape_area%2Cshape_length%2Cstation_desc%2Clast_update_date&returnGeometry=true&outSR=4326&f=geojson,גבוהה,תוקן placeholder: הצמד המקורי זהה אצל 197 פרויקטים; הוזז 3.6 ק״מ למקור המפורט. אומת מול תא מגורים רשמי יחיד 1 בתכנית 101-1411826; הנקודה בתוך התא הרשמי.
%d7%a6%d7%95%d7%a0%d7%93%d7%a7-51133130,31.810242,35.199358,https://ags.iplan.gov.il/arcgisiplan/rest/services/PlanningPublic/Xplan/MapServer/4/query?where=mp_id%3D1005277376+AND+%28mavat_name+LIKE+%27%25%D7%9E%D7%92%D7%95%D7%A8%D7%99%D7%9D%25%27+OR+mavat_name+LIKE+%27%25%D7%93%D7%99%D7%95%D7%A8%25%27%29&outFields=mp_id%2Cpl_id%2Cpl_number%2Cpl_name%2Cnum%2Cmavat_code%2Cmavat_name%2Clegal_area%2Cshape_area%2Cshape_length%2Cstation_desc%2Clast_update_date&returnGeometry=true&outSR=4326&f=geojson,גבוהה,תוקן placeholder: הצמד המקורי זהה אצל 197 פרויקטים; הוזז 4.3 ק״מ למקור המפורט. אומת מול תא מגורים רשמי יחיד 1 בתכנית 101-1174614; הנקודה בתוך התא הרשמי.
%d7%94%d7%a0%d7%95%d7%98%d7%a8%d7%99%d7%9d-20-22,31.755663,35.194831,https://ags.iplan.gov.il/arcgisiplan/rest/services/PlanningPublic/Xplan/MapServer/4/query?where=mp_id%3D1005321438+AND+%28mavat_name+LIKE+%27%25%D7%9E%D7%92%D7%95%D7%A8%D7%99%D7%9D%25%27+OR+mavat_name+LIKE+%27%25%D7%93%D7%99%D7%95%D7%A8%25%27%29&outFields=mp_id%2Cpl_id%2Cpl_number%2Cpl_name%2Cnum%2Cmavat_code%2Cmavat_name%2Clegal_area%2Cshape_area%2Cshape_length%2Cstation_desc%2Clast_update_date&returnGeometry=true&outSR=4326&f=geojson,בינונית,"תוקן placeholder: הצמד המקורי זהה אצל 197 פרויקטים; הוזז 3.9 ק״מ למקור המפורט. בדיקה אנושית למגרש יחיד: תכנית 101-1241785 כוללת 2 תאי מגורים (1;2); הנקודה נמצאת בתוך איחוד תאי המגורים הרשמיים, אך אין בעמוד הוכחה איזה תא הוא הפרויקט."
%d7%99%d7%a4%d7%aa-173-183,32.035621,34.748760,https://mavat.iplan.gov.il/SV4/1/5005293168/310,גבוהה,תוקן placeholder: הצמד המקורי זהה אצל 57 פרויקטים; הוזז 6.3 ק״מ למקור המפורט. כתובת יפת 173-183 זהה; 272 יחידות בפרויקט = 97 מאושרות + 175 תוספת ב-XPLAN. הנקודה חושבה מתוך גבול התכנית הרשמי ונבדקה כנמצאת בתוכו.
%d7%9b%d7%9b%d7%a8-%d7%94%d7%a9%d7%a7%d7%93,32.039930,34.764795,https://mavat.iplan.gov.il/SV4/1/5005190426/310,גבוהה,תוקן placeholder: הצמד המקורי זהה אצל 57 פרויקטים; הוזז 5.3 ק״מ למקור המפורט. שם ככר השקד זהה וייחודי בעיר; 240 יחידות = 80 מאושרות + 160 תוספת. הנקודה חושבה מתוך גבול התכנית הרשמי ונבדקה כנמצאת בתוכו.
%d7%99%d7%a6%d7%97%d7%a7-%d7%a9%d7%93%d7%94-5-%d7%95-7,31.753822,35.197056,https://ags.iplan.gov.il/arcgisiplan/rest/services/PlanningPublic/Xplan/MapServer/4/query?where=mp_id%3D1005263740+AND+%28mavat_name+LIKE+%27%25%D7%9E%D7%92%D7%95%D7%A8%D7%99%D7%9D%25%27+OR+mavat_name+LIKE+%27%25%D7%93%D7%99%D7%95%D7%A8%25%27%29&outFields=mp_id%2Cpl_id%2Cpl_number%2Cpl_name%2Cnum%2Cmavat_code%2Cmavat_name%2Clegal_area%2Cshape_area%2Cshape_length%2Cstation_desc%2Clast_update_date&returnGeometry=true&outSR=4326&f=geojson,גבוהה,תוקן placeholder: הצמד המקורי זהה אצל 197 פרויקטים; הוזז 3.9 ק״מ למקור המפורט. אומת מול תא מגורים רשמי יחיד 1 בתכנית 101-1151901; הנקודה בתוך התא הרשמי.
%d7%90%d7%93%d7%9d-47-49-51,31.749909,35.228489,https://ags.iplan.gov.il/arcgisiplan/rest/services/PlanningPublic/Xplan/MapServer/4/query?where=mp_id%3D1005243396+AND+%28mavat_name+LIKE+%27%25%D7%9E%D7%92%D7%95%D7%A8%D7%99%D7%9D%25%27+OR+mavat_name+LIKE+%27%25%D7%93%D7%99%D7%95%D7%A8%25%27%29&outFields=mp_id%2Cpl_id%2Cpl_number%2Cpl_name%2Cnum%2Cmavat_code%2Cmavat_name%2Clegal_area%2Cshape_area%2Cshape_length%2Cstation_desc%2Clast_update_date&returnGeometry=true&outSR=4326&f=geojson,גבוהה,תוקן placeholder: הצמד המקורי זהה אצל 197 פרויקטים; הוזז 3.2 ק״מ למקור המפורט. אומת מול תא מגורים רשמי יחיד 101 בתכנית 101-1119254; הנקודה בתוך התא הרשמי.
%d7%91%d7%9f-%d7%a6%d7%91%d7%99-%d7%95%d7%94%d7%90%d7%a8%d7%99,32.312014,34.855958,https://ags.iplan.gov.il/arcgisiplan/rest/services/PlanningPublic/Xplan/MapServer/4/query?where=mp_id%3D4005438958+AND+%28mavat_name+LIKE+%27%25%D7%9E%D7%92%D7%95%D7%A8%D7%99%D7%9D%25%27+OR+mavat_name+LIKE+%27%25%D7%93%D7%99%D7%95%D7%A8%25%27%29&outFields=mp_id%2Cpl_id%2Cpl_number%2Cpl_name%2Cnum%2Cmavat_code%2Cmavat_name%2Clegal_area%2Cshape_area%2Cshape_length%2Cstation_desc%2Clast_update_date&returnGeometry=true&outSR=4326&f=geojson,בינונית,"תוקן placeholder: הצמד המקורי זהה אצל 40 פרויקטים; הוזז 1.8 ק״מ למקור המפורט. בדיקה אנושית למגרש יחיד: תכנית 408-1430867 כוללת 2 תאי מגורים (1;2); הנקודה נמצאת בתוך איחוד תאי המגורים הרשמיים, אך אין בעמוד הוכחה איזה תא הוא הפרויקט."
%d7%90%d7%91%d7%95%d7%a9%d7%93%d7%99%d7%93,32.319707,34.852773,https://ags.iplan.gov.il/arcgisiplan/rest/services/PlanningPublic/Xplan/MapServer/4/query?where=mp_id%3D4005235088+AND+%28mavat_name+LIKE+%27%25%D7%9E%D7%92%D7%95%D7%A8%D7%99%D7%9D%25%27+OR+mavat_name+LIKE+%27%25%D7%93%D7%99%D7%95%D7%A8%25%27%29&outFields=mp_id%2Cpl_id%2Cpl_number%2Cpl_name%2Cnum%2Cmavat_code%2Cmavat_name%2Clegal_area%2Cshape_area%2Cshape_length%2Cstation_desc%2Clast_update_date&returnGeometry=true&outSR=4326&f=geojson,גבוהה,תוקן placeholder: הצמד המקורי זהה אצל 40 פרויקטים; הוזז 1.1 ק״מ למקור המפורט. אומת מול תא מגורים רשמי יחיד 1 בתכנית 408-1105246; הנקודה בתוך התא הרשמי.
%d7%97%d7%95%d7%a6%d7%95%d7%aa-%d7%94%d7%90%d7%9c%d7%a3,31.794668,35.223094,https://ags.iplan.gov.il/arcgisiplan/rest/services/PlanningPublic/Xplan/MapServer/4/query?where=mp_id%3D1005220492+AND+%28mavat_name+LIKE+%27%25%D7%9E%D7%92%D7%95%D7%A8%D7%99%D7%9D%25%27+OR+mavat_name+LIKE+%27%25%D7%93%D7%99%D7%95%D7%A8%25%27%29&outFields=mp_id%2Cpl_id%2Cpl_number%2Cpl_name%2Cnum%2Cmavat_code%2Cmavat_name%2Clegal_area%2Cshape_area%2Cshape_length%2Cstation_desc%2Clast_update_date&returnGeometry=true&outSR=4326&f=geojson,בינונית,"תוקן placeholder: הצמד המקורי זהה אצל 197 פרויקטים; הוזז 1.8 ק״מ למקור המפורט. בדיקה אנושית למגרש יחיד: תכנית 101-1081652 כוללת 3 תאי מגורים (1;2;3); הנקודה נמצאת בתוך איחוד תאי המגורים הרשמיים, אך אין בעמוד הוכחה איזה תא הוא הפרויקט."
%d7%9e%d7%aa%d7%97%d7%9d-%d7%9b%d7%90-%d7%90%d7%a8%d7%9e%d7%95%d7%9f-%d7%94%d7%a0%d7%a6%d7%99%d7%91,31.747444,35.233365,https://ags.iplan.gov.il/arcgisiplan/rest/services/PlanningPublic/Xplan/MapServer/4/query?where=mp_id%3D1005393890+AND+%28mavat_name+LIKE+%27%25%D7%9E%D7%92%D7%95%D7%A8%D7%99%D7%9D%25%27+OR+mavat_name+LIKE+%27%25%D7%93%D7%99%D7%95%D7%A8%25%27%29&outFields=mp_id%2Cpl_id%2Cpl_number%2Cpl_name%2Cnum%2Cmavat_code%2Cmavat_name%2Clegal_area%2Cshape_area%2Cshape_length%2Cstation_desc%2Clast_update_date&returnGeometry=true&outSR=4326&f=geojson,בינונית,"תוקן placeholder: הצמד המקורי זהה אצל 197 פרויקטים; הוזז 3.6 ק״מ למקור המפורט. בדיקה אנושית למגרש יחיד: תכנית 101-1356526 כוללת 4 תאי מגורים (101;102;103;104); הנקודה נמצאת בתוך איחוד תאי המגורים הרשמיים, אך אין בעמוד הוכחה איזה תא הוא הפרויקט."
%d7%94%d7%a8%d7%a6%d7%9c-%d7%aa%d7%a8%d7%9e%d7%91-%d7%98%d7%a8%d7%95%d7%9e%d7%a4%d7%9c%d7%93%d7%95%d7%a8-%d7%94%d7%91%d7%a8%d7%95%d7%9f-%d7%94%d7%99%d7%a8%d7%a9,,,,נמוכה,"בדיקה אנושית: לא נמצא מקור שמאפשר למסור נקודה ברמת מגרש בביטחון; lat/lng הושארו ריקים. בדיקה אנושית: נמצאו מועמדי XPLAN חלקיים או מרובים, אך אין התאמת שם+עיר חד-משמעית. מועמדים: 413-0958603 — מתחם הרצל, גרינבוים, רוטנברג, מוצקין; 413-0941534 — 77-78 הרצל-רוטשילד-ביאליק ""מצאנו מים""; 413-1055565 — מתחם הרצל - מניה שוחט, ראשון לציון"
%d7%a9%d7%98%d7%a8%d7%9f-%d7%95%d7%91%d7%95%d7%9c%d7%99%d7%91%d7%99%d7%94,31.753717,35.178822,https://ags.iplan.gov.il/arcgisiplan/rest/services/PlanningPublic/Xplan/MapServer/4/query?where=mp_id%3D1005407164+AND+%28mavat_name+LIKE+%27%25%D7%9E%D7%92%D7%95%D7%A8%D7%99%D7%9D%25%27+OR+mavat_name+LIKE+%27%25%D7%93%D7%99%D7%95%D7%A8%25%27%29&outFields=mp_id%2Cpl_id%2Cpl_number%2Cpl_name%2Cnum%2Cmavat_code%2Cmavat_name%2Clegal_area%2Cshape_area%2Cshape_length%2Cstation_desc%2Clast_update_date&returnGeometry=true&outSR=4326&f=geojson,בינונית,"תוקן placeholder: הצמד המקורי זהה אצל 197 פרויקטים; הוזז 5.2 ק״מ למקור המפורט. בדיקה אנושית למגרש יחיד: תכנית 101-1377407 כוללת 4 תאי מגורים (1;2;3;7); הנקודה נמצאת בתוך איחוד תאי המגורים הרשמיים, אך אין בעמוד הוכחה איזה תא הוא הפרויקט."
%d7%90%d7%a8%d7%96%d7%99%d7%9d-15-19,31.779186,35.185182,https://ags.iplan.gov.il/arcgisiplan/rest/services/PlanningPublic/Xplan/MapServer/4/query?where=mp_id%3D1005330010+AND+%28mavat_name+LIKE+%27%25%D7%9E%D7%92%D7%95%D7%A8%D7%99%D7%9D%25%27+OR+mavat_name+LIKE+%27%25%D7%93%D7%99%D7%95%D7%A8%25%27%29&outFields=mp_id%2Cpl_id%2Cpl_number%2Cpl_name%2Cnum%2Cmavat_code%2Cmavat_name%2Clegal_area%2Cshape_area%2Cshape_length%2Cstation_desc%2Clast_update_date&returnGeometry=true&outSR=4326&f=geojson,בינונית,"תוקן placeholder: הצמד המקורי זהה אצל 197 פרויקטים; הוזז 3.8 ק״מ למקור המפורט. בדיקה אנושית למגרש יחיד: תכנית 101-1255785 כוללת 2 תאי מגורים (1;2); הנקודה נמצאת בתוך איחוד תאי המגורים הרשמיים, אך אין בעמוד הוכחה איזה תא הוא הפרויקט."
%d7%9e%d7%a2%d7%9c%d7%95%d7%aa-%d7%93%d7%a4%d7%a0%d7%94-123124,31.798255,35.224452,https://ags.iplan.gov.il/arcgisiplan/rest/services/PlanningPublic/Xplan/MapServer/4/query?where=mp_id%3D1005308852+AND+%28mavat_name+LIKE+%27%25%D7%9E%D7%92%D7%95%D7%A8%D7%99%D7%9D%25%27+OR+mavat_name+LIKE+%27%25%D7%93%D7%99%D7%95%D7%A8%25%27%29&outFields=mp_id%2Cpl_id%2Cpl_number%2Cpl_name%2Cnum%2Cmavat_code%2Cmavat_name%2Clegal_area%2Cshape_area%2Cshape_length%2Cstation_desc%2Clast_update_date&returnGeometry=true&outSR=4326&f=geojson,בינונית,"תוקן placeholder: הצמד המקורי זהה אצל 197 פרויקטים; הוזז 2.2 ק״מ למקור המפורט. בדיקה אנושית למגרש יחיד: תכנית 101-1222272 כוללת 2 תאי מגורים (1;2); הנקודה נמצאת בתוך איחוד תאי המגורים הרשמיים, אך אין בעמוד הוכחה איזה תא הוא הפרויקט."
%d7%90%d7%95%d7%a8%d7%95%d7%92%d7%95%d7%90%d7%99-27-29,31.755991,35.177545,https://ags.iplan.gov.il/arcgisiplan/rest/services/PlanningPublic/Xplan/MapServer/4/query?where=mp_id%3D1005448766+AND+%28mavat_name+LIKE+%27%25%D7%9E%D7%92%D7%95%D7%A8%D7%99%D7%9D%25%27+OR+mavat_name+LIKE+%27%25%D7%93%D7%99%D7%95%D7%A8%25%27%29&outFields=mp_id%2Cpl_id%2Cpl_number%2Cpl_name%2Cnum%2Cmavat_code%2Cmavat_name%2Clegal_area%2Cshape_area%2Cshape_length%2Cstation_desc%2Clast_update_date&returnGeometry=true&outSR=4326&f=geojson,בינונית,"תוקן placeholder: הצמד המקורי זהה אצל 197 פרויקטים; הוזז 5.2 ק״מ למקור המפורט. בדיקה אנושית למגרש יחיד: תכנית 101-1446293 כוללת 2 תאי מגורים (1;2); הנקודה נמצאת בתוך איחוד תאי המגורים הרשמיים, אך אין בעמוד הוכחה איזה תא הוא הפרויקט."
%d7%9e%d7%90%d7%99%d7%a8-%d7%a0%d7%a7%d7%a8-2-10,31.751296,35.240479,https://ags.iplan.gov.il/arcgisiplan/rest/services/PlanningPublic/Xplan/MapServer/4/query?where=mp_id%3D1005429418+AND+%28mavat_name+LIKE+%27%25%D7%9E%D7%92%D7%95%D7%A8%D7%99%D7%9D%25%27+OR+mavat_name+LIKE+%27%25%D7%93%D7%99%D7%95%D7%A8%25%27%29&outFields=mp_id%2Cpl_id%2Cpl_number%2Cpl_name%2Cnum%2Cmavat_code%2Cmavat_name%2Clegal_area%2Cshape_area%2Cshape_length%2Cstation_desc%2Clast_update_date&returnGeometry=true&outSR=4326&f=geojson,גבוהה,תוקן placeholder: הצמד המקורי זהה אצל 197 פרויקטים; הוזז 3.4 ק״מ למקור המפורט. אומת מול תא מגורים רשמי יחיד 1 בתכנית 101-1414226; הנקודה בתוך התא הרשמי.
%d7%aa%d7%9c-%d7%97%d7%a0%d7%9f-%d7%9e%d7%a2%d7%a8,32.768773,35.046986,https://ags.iplan.gov.il/arcgisiplan/rest/services/PlanningPublic/XplanNoKanam/MapServer/1/query?where=mp_id%3D3005492290&outFields=mp_id%2Cpl_id%2Cpl_number%2Cpl_name%2Cnum%2Cmavat_code%2Cmavat_name%2Clegal_area%2Cshape_area%2Cshape_length%2Cstation_desc%2Clast_update_date%2Cobjectid&returnGeometry=true&outSR=4326&f=geojson,נמוכה,"תוקן placeholder: הצמד המקורי זהה אצל 4 פרויקטים; הוזז 861 מ׳ למקור המפורט. בדיקה אנושית: אותר גבול רשמי של תכנית 355-1517416, אך לא אותר תא מגורים/מגרש יחיד. הנקודה בתוך גבול התכנית בלבד."
%d7%91%d7%9f-%d7%92%d7%95%d7%a8%d7%99%d7%95%d7%9f-5,,,,נמוכה,"בדיקה אנושית: לא נמצא מקור שמאפשר למסור נקודה ברמת מגרש בביטחון; lat/lng הושארו ריקים. בדיקה אנושית: נמצאו מועמדי XPLAN חלקיים או מרובים, אך אין התאמת שם+עיר חד-משמעית. מועמדים: 504-1224732 — מתחם רובין: בן גוריון - סוקולוב; 504-0395012 — הר/ 2364 - צומת בן גוריון הבנים; 504-0691352 — הר/2063-מתחם בן גוריון פינת בר כוכבא"
%d7%a6%d7%94%d7%9c-2,32.051996,34.859873,https://ags.iplan.gov.il/arcgisiplan/rest/services/PlanningPublic/Xplan/MapServer/4/query?where=mp_id%3D5005323650+AND+%28mavat_name+LIKE+%27%25%D7%9E%D7%92%D7%95%D7%A8%D7%99%D7%9D%25%27+OR+mavat_name+LIKE+%27%25%D7%93%D7%99%D7%95%D7%A8%25%27%29&outFields=mp_id%2Cpl_id%2Cpl_number%2Cpl_name%2Cnum%2Cmavat_code%2Cmavat_name%2Clegal_area%2Cshape_area%2Cshape_length%2Cstation_desc%2Clast_update_date&returnGeometry=true&outSR=4326&f=geojson,בינונית,"תוקן placeholder: הצמד המקורי זהה אצל 17 פרויקטים; הוזז 700 מ׳ למקור המפורט. בדיקה אנושית למגרש יחיד: תכנית 508-1245505 כוללת 2 תאי מגורים (198;231); הנקודה נמצאת בתוך איחוד תאי המגורים הרשמיים, אך אין בעמוד הוכחה איזה תא הוא הפרויקט."
%d7%a7%d7%a8%d7%99%d7%a0%d7%99%d7%a6%d7%99-%d7%a0%d7%97%d7%9c%d7%aa-%d7%99%d7%95%d7%a1%d7%a3,32.080379,34.817160,https://ags.iplan.gov.il/arcgisiplan/rest/services/PlanningPublic/Xplan/MapServer/4/query?where=mp_id%3D5005190698+AND+%28mavat_name+LIKE+%27%25%D7%9E%D7%92%D7%95%D7%A8%D7%99%D7%9D%25%27+OR+mavat_name+LIKE+%27%25%D7%93%D7%99%D7%95%D7%A8%25%27%29&outFields=mp_id%2Cpl_id%2Cpl_number%2Cpl_name%2Cnum%2Cmavat_code%2Cmavat_name%2Clegal_area%2Cshape_area%2Cshape_length%2Cstation_desc%2Clast_update_date&returnGeometry=true&outSR=4326&f=geojson,גבוהה,תוקן placeholder: הצמד המקורי זהה אצל 76 פרויקטים; הוזז 1.5 ק״מ למקור המפורט. אומת מול תא מגורים רשמי יחיד 1 בתכנית 506-1032010; הנקודה בתוך התא הרשמי.
%d7%a0%d7%99%d7%a7%d7%a8%d7%92%d7%95%d7%90%d7%94-135,31.758567,35.163255,https://ags.iplan.gov.il/arcgisiplan/rest/services/PlanningPublic/Xplan/MapServer/4/query?where=mp_id%3D1005391984+AND+%28mavat_name+LIKE+%27%25%D7%9E%D7%92%D7%95%D7%A8%D7%99%D7%9D%25%27+OR+mavat_name+LIKE+%27%25%D7%93%D7%99%D7%95%D7%A8%25%27%29&outFields=mp_id%2Cpl_id%2Cpl_number%2Cpl_name%2Cnum%2Cmavat_code%2Cmavat_name%2Clegal_area%2Cshape_area%2Cshape_length%2Cstation_desc%2Clast_update_date&returnGeometry=true&outSR=4326&f=geojson,גבוהה,תוקן placeholder: הצמד המקורי זהה אצל 197 פרויקטים; הוזז 6.3 ק״מ למקור המפורט. אומת מול תא מגורים רשמי יחיד 1 בתכנית 101-1353655; הנקודה בתוך התא הרשמי.
%d7%a9%d7%a9%d7%aa-%d7%94%d7%99%d7%9e%d7%99%d7%9d-2,31.800735,35.230896,https://ags.iplan.gov.il/arcgisiplan/rest/services/PlanningPublic/Xplan/MapServer/4/query?where=mp_id%3D1005316156+AND+%28mavat_name+LIKE+%27%25%D7%9E%D7%92%D7%95%D7%A8%D7%99%D7%9D%25%27+OR+mavat_name+LIKE+%27%25%D7%93%D7%99%D7%95%D7%A8%25%27%29&outFields=mp_id%2Cpl_id%2Cpl_number%2Cpl_name%2Cnum%2Cmavat_code%2Cmavat_name%2Clegal_area%2Cshape_area%2Cshape_length%2Cstation_desc%2Clast_update_date&returnGeometry=true&outSR=4326&f=geojson,גבוהה,תוקן placeholder: הצמד המקורי זהה אצל 197 פרויקטים; הוזז 2.5 ק״מ למקור המפורט. אומת מול תא מגורים רשמי יחיד 1 בתכנית 101-1233790; הנקודה בתוך התא הרשמי.
%d7%90%d7%a8%d7%a5-%d7%97%d7%a4%d7%a5-1-5-110,31.797419,35.222951,https://ags.iplan.gov.il/arcgisiplan/rest/services/PlanningPublic/Xplan/MapServer/4/query?where=mp_id%3D1005332150+AND+%28mavat_name+LIKE+%27%25%D7%9E%D7%92%D7%95%D7%A8%D7%99%D7%9D%25%27+OR+mavat_name+LIKE+%27%25%D7%93%D7%99%D7%95%D7%A8%25%27%29&outFields=mp_id%2Cpl_id%2Cpl_number%2Cpl_name%2Cnum%2Cmavat_code%2Cmavat_name%2Clegal_area%2Cshape_area%2Cshape_length%2Cstation_desc%2Clast_update_date&returnGeometry=true&outSR=4326&f=geojson,גבוהה,תוקן placeholder: הצמד המקורי זהה אצל 197 פרויקטים; הוזז 2.1 ק״מ למקור המפורט. אומת מול תא מגורים רשמי יחיד 1 בתכנית 101-1259324; הנקודה בתוך התא הרשמי.
%d7%9c%d7%91-%d7%94%d7%9e%d7%95%d7%a9%d7%91%d7%94,,,,נמוכה,בדיקה אנושית: לא נמצא מקור שמאפשר למסור נקודה ברמת מגרש בביטחון; lat/lng הושארו ריקים. בדיקה אנושית: לא נמצאה ב-XPLAN תכנית בעיר ששמה תואם באופן מספק לשם הפרויקט.
%d7%a0%d7%95%d7%a8%d7%95%d7%a7-%d7%90%d7%a0%d7%99%d7%9c%d7%91%d7%99%d7%a5,31.983908,34.791973,https://ags.iplan.gov.il/arcgisiplan/rest/services/PlanningPublic/Xplan/MapServer/4/query?where=mp_id%3D4005202630+AND+%28mavat_name+LIKE+%27%25%D7%9E%D7%92%D7%95%D7%A8%D7%99%D7%9D%25%27+OR+mavat_name+LIKE+%27%25%D7%93%D7%99%D7%95%D7%A8%25%27%29&outFields=mp_id%2Cpl_id%2Cpl_number%2Cpl_name%2Cnum%2Cmavat_code%2Cmavat_name%2Clegal_area%2Cshape_area%2Cshape_length%2Cstation_desc%2Clast_update_date&returnGeometry=true&outSR=4326&f=geojson,בינונית,"תוקן placeholder: הצמד המקורי זהה אצל 19 פרויקטים; הוזז 2.8 ק״מ למקור המפורט. בדיקה אנושית למגרש יחיד: תכנית 413-1052133 כוללת 4 תאי מגורים (20;21;22;23); הנקודה נמצאת בתוך איחוד תאי המגורים הרשמיים, אך אין בעמוד הוכחה איזה תא הוא הפרויקט."
%d7%94%d7%93%d7%92%d7%a0%d7%99%d7%9d-11-15,32.067870,34.807053,https://ags.iplan.gov.il/arcgisiplan/rest/services/PlanningPublic/Xplan/MapServer/4/query?where=mp_id%3D5005436908+AND+%28mavat_name+LIKE+%27%25%D7%9E%D7%92%D7%95%D7%A8%D7%99%D7%9D%25%27+OR+mavat_name+LIKE+%27%25%D7%93%D7%99%D7%95%D7%A8%25%27%29&outFields=mp_id%2Cpl_id%2Cpl_number%2Cpl_name%2Cnum%2Cmavat_code%2Cmavat_name%2Clegal_area%2Cshape_area%2Cshape_length%2Cstation_desc%2Clast_update_date&returnGeometry=true&outSR=4326&f=geojson,בינונית,"תוקן placeholder: הצמד המקורי זהה אצל 24 פרויקטים; הוזז 695 מ׳ למקור המפורט. בדיקה אנושית למגרש יחיד: תכנית 503-1427533 כוללת 2 תאי מגורים (100;101); הנקודה נמצאת בתוך איחוד תאי המגורים הרשמיים, אך אין בעמוד הוכחה איזה תא הוא הפרויקט."
%d7%9e%d7%95%d7%a8%d7%93%d7%95%d7%aa-%d7%a2%d7%a6%d7%9e%d7%95%d7%9f,32.708549,35.322909,https://ags.iplan.gov.il/arcgisiplan/rest/services/PlanningPublic/Xplan/MapServer/4/query?where=mp_id%3D2005283558+AND+%28mavat_name+LIKE+%27%25%D7%9E%D7%92%D7%95%D7%A8%D7%99%D7%9D%25%27+OR+mavat_name+LIKE+%27%25%D7%93%D7%99%D7%95%D7%A8%25%27%29&outFields=mp_id%2Cpl_id%2Cpl_number%2Cpl_name%2Cnum%2Cmavat_code%2Cmavat_name%2Clegal_area%2Cshape_area%2Cshape_length%2Cstation_desc%2Clast_update_date&returnGeometry=true&outSR=4326&f=geojson,בינונית,"תוקן placeholder: הצמד המקורי זהה אצל 2 פרויקטים; הוזז 816 מ׳ למקור המפורט. בדיקה אנושית למגרש יחיד: תכנית 212-1184068 כוללת 14 תאי מגורים (103;104;105;101A;101B;101C;101D;101E;101F;102A;102B;102C;106A;106B); הנקודה נמצאת בתוך איחוד תאי המגורים הרשמיים, אך אין בעמוד הוכחה איזה תא הוא הפרויקט."
%d7%90%d7%a4%d7%9c%d7%98%d7%95%d7%9f-%d7%90%d7%99%d7%99%d7%96%d7%99%d7%a7-%d7%97%d7%a8%d7%99%d7%a3,32.033547,34.747596,https://mavat.iplan.gov.il/SV4/1/5005257250/310,גבוהה,תוקן placeholder: הצמד המקורי זהה אצל 57 פרויקטים; הוזז 6.6 ק״מ למקור המפורט. הציר אפלטון-אייזיק חריף זהה במדויק בשם התכנית ובעיר. הנקודה חושבה מתוך גבול התכנית הרשמי ונבדקה כנמצאת בתוכו.
%d7%9e%d7%aa%d7%97%d7%9d-%d7%a8%d7%95%d7%98%d7%a9%d7%99%d7%9c%d7%93-8-14-%d7%9e%d7%aa%d7%97%d7%9d-28,32.826905,34.983030,https://ags.iplan.gov.il/arcgisiplan/rest/services/PlanningPublic/Xplan/MapServer/1/query?where=mp_id%3D3005305884&outFields=mp_id%2Cpl_id%2Cpl_number%2Cpl_name%2Cpl_url%2Cstation_desc%2Clast_update_date%2Cpl_area_dunam%2Cshape_area%2Cshape_length&returnGeometry=true&outSR=4326&f=geojson,נמוכה,"תוקן placeholder: הצמד המקורי זהה אצל 43 פרויקטים; הוזז 1.7 ק״מ למקור המפורט. בדיקה אנושית: אותר גבול רשמי של תכנית 304-1217348, אך לא אותר תא מגורים/מגרש יחיד. הנקודה בתוך גבול התכנית בלבד."
%d7%91%d7%a8%d7%a0%d7%a8-20-30,32.778861,35.006478,https://ags.iplan.gov.il/arcgisiplan/rest/services/PlanningPublic/Xplan/MapServer/4/query?where=mp_id%3D3005344326+AND+%28mavat_name+LIKE+%27%25%D7%9E%D7%92%D7%95%D7%A8%D7%99%D7%9D%25%27+OR+mavat_name+LIKE+%27%25%D7%93%D7%99%D7%95%D7%A8%25%27%29&outFields=mp_id%2Cpl_id%2Cpl_number%2Cpl_name%2Cnum%2Cmavat_code%2Cmavat_name%2Clegal_area%2Cshape_area%2Cshape_length%2Cstation_desc%2Clast_update_date&returnGeometry=true&outSR=4326&f=geojson,גבוהה,תוקן placeholder: הצמד המקורי זהה אצל 43 פרויקטים; הוזז 4.5 ק״מ למקור המפורט. אומת מול תא מגורים רשמי יחיד 1 בתכנית 304-1279249; הנקודה בתוך התא הרשמי.
%d7%94%d7%9e%d7%a2%d7%a4%d7%99%d7%9c%d7%99%d7%9d-%d7%9e%d7%aa%d7%97%d7%9d-8,32.822529,34.983156,https://ags.iplan.gov.il/arcgisiplan/rest/services/PlanningPublic/Xplan/MapServer/4/query?where=mp_id%3D3005269568+AND+%28mavat_name+LIKE+%27%25%D7%9E%D7%92%D7%95%D7%A8%D7%99%D7%9D%25%27+OR+mavat_name+LIKE+%27%25%D7%93%D7%99%D7%95%D7%A8%25%27%29&outFields=mp_id%2Cpl_id%2Cpl_number%2Cpl_name%2Cnum%2Cmavat_code%2Cmavat_name%2Clegal_area%2Cshape_area%2Cshape_length%2Cstation_desc%2Clast_update_date&returnGeometry=true&outSR=4326&f=geojson,בינונית,"תוקן placeholder: הצמד המקורי זהה אצל 43 פרויקטים; הוזז 1.5 ק״מ למקור המפורט. בדיקה אנושית למגרש יחיד: תכנית 304-1161520 כוללת 2 תאי מגורים (201;202); הנקודה נמצאת בתוך איחוד תאי המגורים הרשמיים, אך אין בעמוד הוכחה איזה תא הוא הפרויקט."
%d7%90%d7%a0%d7%a6%d7%95-%d7%a1%d7%99%d7%a8%d7%a0%d7%99-38-42,32.069963,34.806414,https://ags.iplan.gov.il/arcgisiplan/rest/services/PlanningPublic/Xplan/MapServer/4/query?where=mp_id%3D5005435426+AND+%28mavat_name+LIKE+%27%25%D7%9E%D7%92%D7%95%D7%A8%D7%99%D7%9D%25%27+OR+mavat_name+LIKE+%27%25%D7%93%D7%99%D7%95%D7%A8%25%27%29&outFields=mp_id%2Cpl_id%2Cpl_number%2Cpl_name%2Cnum%2Cmavat_code%2Cmavat_name%2Clegal_area%2Cshape_area%2Cshape_length%2Cstation_desc%2Clast_update_date&returnGeometry=true&outSR=4326&f=geojson,גבוהה,תוקן placeholder: הצמד המקורי זהה אצל 24 פרויקטים; הוזז 571 מ׳ למקור המפורט. אומת מול תא מגורים רשמי יחיד 1 בתכנית 503-1424761; הנקודה בתוך התא הרשמי.
%d7%9e%d7%92%d7%99%d7%a0%d7%99%d7%9d,32.792790,35.537975,https://ags.iplan.gov.il/arcgisiplan/rest/services/PlanningPublic/XplanNoKanam/MapServer/1/query?where=mp_id%3D2005355422+AND+%28mavat_name+LIKE+%27%25%D7%9E%D7%92%D7%95%D7%A8%D7%99%D7%9D%25%27+OR+mavat_name+LIKE+%27%25%D7%93%D7%99%D7%95%D7%A8%25%27%29&outFields=mp_id%2Cpl_id%2Cpl_number%2Cpl_name%2Cnum%2Cmavat_code%2Cmavat_name%2Clegal_area%2Cshape_area%2Cshape_length%2Cstation_desc%2Clast_update_date%2Cobjectid&returnGeometry=true&outSR=4326&f=geojson,בינונית,"תוקן placeholder: הצמד המקורי זהה אצל 4 פרויקטים; הוזז 493 מ׳ למקור המפורט. בדיקה אנושית למגרש יחיד: תכנית תמל/ 2069 כוללת 22 תאי מגורים (101;102;103;104;105;106;107;108;109;110;111;112;113;121;122;123;124;125;126;127;128;129); הנקודה נמצאת בתוך איחוד תאי המגורים הרשמיים, אך אין בעמוד הוכחה איזה תא הוא הפרויקט."
%d7%9c%d7%95%d7%99-%d7%90%d7%a9%d7%9b%d7%95%d7%9c,33.005345,35.105944,https://ags.iplan.gov.il/arcgisiplan/rest/services/PlanningPublic/Xplan/MapServer/4/query?where=mp_id%3D2005271588+AND+%28mavat_name+LIKE+%27%25%D7%9E%D7%92%D7%95%D7%A8%D7%99%D7%9D%25%27+OR+mavat_name+LIKE+%27%25%D7%93%D7%99%D7%95%D7%A8%25%27%29&outFields=mp_id%2Cpl_id%2Cpl_number%2Cpl_name%2Cnum%2Cmavat_code%2Cmavat_name%2Clegal_area%2Cshape_area%2Cshape_length%2Cstation_desc%2Clast_update_date&returnGeometry=true&outSR=4326&f=geojson,גבוהה,תוקן placeholder: הצמד המקורי זהה אצל 13 פרויקטים; הוזז 1.1 ק״מ למקור המפורט. אומת מול תא מגורים רשמי יחיד 100 בתכנית 210-1164821; הנקודה בתוך התא הרשמי.
%d7%a9%d7%93%d7%a8%d7%95%d7%aa-%d7%94%d7%92%d7%a2%d7%aa%d7%95%d7%9f,,,,נמוכה,בדיקה אנושית: לא נמצא מקור שמאפשר למסור נקודה ברמת מגרש בביטחון; lat/lng הושארו ריקים. בדיקה אנושית: לא נמצאה ב-XPLAN תכנית בעיר ששמה תואם באופן מספק לשם הפרויקט.
%d7%a8%d7%91%d7%99-%d7%a2%d7%a7%d7%99%d7%91%d7%90-2,,,,נמוכה,בדיקה אנושית: לא נמצא מקור שמאפשר למסור נקודה ברמת מגרש בביטחון; lat/lng הושארו ריקים. בדיקה אנושית: לא נמצאה ב-XPLAN תכנית בעיר ששמה תואם באופן מספק לשם הפרויקט.
%d7%9e%d7%98%d7%a8%d7%95-%d7%9e%d7%96%d7%a8%d7%97,32.083079,34.900891,https://ags.iplan.gov.il/arcgisiplan/rest/services/PlanningPublic/Xplan/MapServer/4/query?where=mp_id%3D4005220192+AND+%28mavat_name+LIKE+%27%25%D7%9E%D7%92%D7%95%D7%A8%D7%99%D7%9D%25%27+OR+mavat_name+LIKE+%27%25%D7%93%D7%99%D7%95%D7%A8%25%27%29&outFields=mp_id%2Cpl_id%2Cpl_number%2Cpl_name%2Cnum%2Cmavat_code%2Cmavat_name%2Clegal_area%2Cshape_area%2Cshape_length%2Cstation_desc%2Clast_update_date&returnGeometry=true&outSR=4326&f=geojson,בינונית,"תוקן placeholder: הצמד המקורי זהה אצל 37 פרויקטים; הוזז 1.5 ק״מ למקור המפורט. בדיקה אנושית למגרש יחיד: תכנית תמל/ 2051 כוללת 18 תאי מגורים (21;22;23;24;25;26;27;28;29;30;31;102;103;104;105;106;107;108); הנקודה נמצאת בתוך איחוד תאי המגורים הרשמיים, אך אין בעמוד הוכחה איזה תא הוא הפרויקט."
%d7%aa%d7%97%d7%a0%d7%94-%d7%9e%d7%a8%d7%9b%d7%96%d7%99%d7%aa,32.327206,34.858825,https://ags.iplan.gov.il/arcgisiplan/rest/services/PlanningPublic/XplanNoKanam/MapServer/1/query?where=mp_id%3D4005284620&outFields=mp_id%2Cpl_id%2Cpl_number%2Cpl_name%2Cnum%2Cmavat_code%2Cmavat_name%2Clegal_area%2Cshape_area%2Cshape_length%2Cstation_desc%2Clast_update_date%2Cobjectid&returnGeometry=true&outSR=4326&f=geojson,נמוכה,"תוקן placeholder: הצמד המקורי זהה אצל 40 פרויקטים; הוזז 260 מ׳ למקור המפורט. בדיקה אנושית: אותר גבול רשמי של תכנית 408-1186139, אך לא אותר תא מגורים/מגרש יחיד. הנקודה בתוך גבול התכנית בלבד."
%d7%9e%d7%aa%d7%97%d7%9d-%d7%91%d7%92%d7%99%d7%9f,32.002377,34.827608,https://ags.iplan.gov.il/arcgisiplan/rest/services/PlanningPublic/Xplan/MapServer/4/query?where=mp_id%3D4005094738+AND+%28mavat_name+LIKE+%27%25%D7%9E%D7%92%D7%95%D7%A8%D7%99%D7%9D%25%27+OR+mavat_name+LIKE+%27%25%D7%93%D7%99%D7%95%D7%A8%25%27%29&outFields=mp_id%2Cpl_id%2Cpl_number%2Cpl_name%2Cnum%2Cmavat_code%2Cmavat_name%2Clegal_area%2Cshape_area%2Cshape_length%2Cstation_desc%2Clast_update_date&returnGeometry=true&outSR=4326&f=geojson,גבוהה,תוקן מנקודת עיר כללית; הוזז 246 מ׳. אומת מול תא מגורים רשמי יחיד 10 בתכנית 455-0900795; הנקודה בתוך התא הרשמי.
%d7%94%d7%aa%d7%97%d7%93%d7%a9%d7%95%d7%aa-%d7%a2%d7%99%d7%a8%d7%95%d7%a0%d7%99%d7%aa-%d7%9e%d7%92%d7%93%d7%9c%d7%99-%d7%99%d7%a8%d7%95%d7%a9%d7%9c%d7%99%d7%9d-%d7%a0%d7%aa-%d7%9e%d7%a7-59-548,32.324645,34.853934,https://ags.iplan.gov.il/arcgisiplan/rest/services/PlanningPublic/Xplan/MapServer/4/query?where=mp_id%3D4005137618+AND+%28mavat_name+LIKE+%27%25%D7%9E%D7%92%D7%95%D7%A8%D7%99%D7%9D%25%27+OR+mavat_name+LIKE+%27%25%D7%93%D7%99%D7%95%D7%A8%25%27%29&outFields=mp_id%2Cpl_id%2Cpl_number%2Cpl_name%2Cnum%2Cmavat_code%2Cmavat_name%2Clegal_area%2Cshape_area%2Cshape_length%2Cstation_desc%2Clast_update_date&returnGeometry=true&outSR=4326&f=geojson,גבוהה,תוקן placeholder: הצמד המקורי זהה אצל 40 פרויקטים; הוזז 509 מ׳ למקור המפורט. אומת מול תא מגורים רשמי יחיד 1 בתכנית 408-0972851; הנקודה בתוך התא הרשמי.
%d7%91%d7%9f-%d7%99%d7%94%d7%95%d7%93%d7%94-%d7%94%d7%a9%d7%91%d7%a2%d7%94,32.323334,34.851767,https://ags.iplan.gov.il/arcgisiplan/rest/services/PlanningPublic/Xplan/MapServer/4/query?where=mp_id%3D4005373184+AND+%28mavat_name+LIKE+%27%25%D7%9E%D7%92%D7%95%D7%A8%D7%99%D7%9D%25%27+OR+mavat_name+LIKE+%27%25%D7%93%D7%99%D7%95%D7%A8%25%27%29&outFields=mp_id%2Cpl_id%2Cpl_number%2Cpl_name%2Cnum%2Cmavat_code%2Cmavat_name%2Clegal_area%2Cshape_area%2Cshape_length%2Cstation_desc%2Clast_update_date&returnGeometry=true&outSR=4326&f=geojson,גבוהה,תוקן placeholder: הצמד המקורי זהה אצל 40 פרויקטים; הוזז 744 מ׳ למקור המפורט. אומת מול תא מגורים רשמי יחיד 1 בתכנית 408-1322692; הנקודה בתוך התא הרשמי.
%d7%94%d7%a0%d7%a8%d7%99%d7%99%d7%98%d7%94-%d7%a1%d7%90%d7%9c%d7%93-%d7%a4%d7%99%d7%a0%d7%aa-%d7%94%d7%99%d7%a8%d7%93%d7%9f,33.201529,35.575541,https://ags.iplan.gov.il/arcgisiplan/rest/services/PlanningPublic/XplanNoKanam/MapServer/1/query?where=mp_id%3D2005378174+AND+%28mavat_name+LIKE+%27%25%D7%9E%D7%92%D7%95%D7%A8%D7%99%D7%9D%25%27+OR+mavat_name+LIKE+%27%25%D7%93%D7%99%D7%95%D7%A8%25%27%29&outFields=mp_id%2Cpl_id%2Cpl_number%2Cpl_name%2Cnum%2Cmavat_code%2Cmavat_name%2Clegal_area%2Cshape_area%2Cshape_length%2Cstation_desc%2Clast_update_date%2Cobjectid&returnGeometry=true&outSR=4326&f=geojson,גבוהה,תוקן placeholder: הצמד המקורי זהה אצל 7 פרויקטים; הוזז 795 מ׳ למקור המפורט. אומת מול תא מגורים רשמי יחיד 1 בתכנית 217-1330810; הנקודה בתוך התא הרשמי.
%d7%94%d7%a0%d7%a8%d7%99%d7%99%d7%98%d7%94-%d7%a1%d7%90%d7%9c%d7%93-%d7%a4%d7%99%d7%a0%d7%aa-%d7%a2%d7%9c%d7%99%d7%99%d7%aa-%d7%94%d7%a0%d7%95%d7%a2%d7%a8,33.201155,35.572286,https://ags.iplan.gov.il/arcgisiplan/rest/services/PlanningPublic/Xplan/MapServer/4/query?where=mp_id%3D99005402444+AND+%28mavat_name+LIKE+%27%25%D7%9E%D7%92%D7%95%D7%A8%D7%99%D7%9D%25%27+OR+mavat_name+LIKE+%27%25%D7%93%D7%99%D7%95%D7%A8%25%27%29&outFields=mp_id%2Cpl_id%2Cpl_number%2Cpl_name%2Cnum%2Cmavat_code%2Cmavat_name%2Clegal_area%2Cshape_area%2Cshape_length%2Cstation_desc%2Clast_update_date&returnGeometry=true&outSR=4326&f=geojson,בינונית,"תוקן placeholder: הצמד המקורי זהה אצל 7 פרויקטים; הוזז 716 מ׳ למקור המפורט. בדיקה אנושית למגרש יחיד: תכנית תמל/ 2070 כוללת 5 תאי מגורים (102;103;104;105;106); הנקודה נמצאת בתוך איחוד תאי המגורים הרשמיים, אך אין בעמוד הוכחה איזה תא הוא הפרויקט."
%d7%94%d7%a8%d7%91-%d7%99%d7%95%d7%a1%d7%a3-%d7%9e%d7%a9%d7%90%d7%a9,33.206887,35.571950,https://ags.iplan.gov.il/arcgisiplan/rest/services/PlanningPublic/XplanNoKanam/MapServer/1/query?where=mp_id%3D2005353864+AND+%28mavat_name+LIKE+%27%25%D7%9E%D7%92%D7%95%D7%A8%D7%99%D7%9D%25%27+OR+mavat_name+LIKE+%27%25%D7%93%D7%99%D7%95%D7%A8%25%27%29&outFields=mp_id%2Cpl_id%2Cpl_number%2Cpl_name%2Cnum%2Cmavat_code%2Cmavat_name%2Clegal_area%2Cshape_area%2Cshape_length%2Cstation_desc%2Clast_update_date%2Cobjectid&returnGeometry=true&outSR=4326&f=geojson,בינונית,"תוקן placeholder: הצמד המקורי זהה אצל 7 פרויקטים; הוזז 127 מ׳ למקור המפורט. בדיקה אנושית למגרש יחיד: תכנית 217-1293745 כוללת 5 תאי מגורים (1;2;3;4;5); הנקודה נמצאת בתוך איחוד תאי המגורים הרשמיים, אך אין בעמוד הוכחה איזה תא הוא הפרויקט."
%d7%94%d7%a8-%d7%94%d7%a6%d7%95%d7%a4%d7%99%d7%9d,33.221757,35.568895,https://ags.iplan.gov.il/arcgisiplan/rest/services/PlanningPublic/XplanNoKanam/MapServer/1/query?where=mp_id%3D2005352744+AND+%28mavat_name+LIKE+%27%25%D7%9E%D7%92%D7%95%D7%A8%D7%99%D7%9D%25%27+OR+mavat_name+LIKE+%27%25%D7%93%D7%99%D7%95%D7%A8%25%27%29&outFields=mp_id%2Cpl_id%2Cpl_number%2Cpl_name%2Cnum%2Cmavat_code%2Cmavat_name%2Clegal_area%2Cshape_area%2Cshape_length%2Cstation_desc%2Clast_update_date%2Cobjectid&returnGeometry=true&outSR=4326&f=geojson,בינונית,"תוקן placeholder: הצמד המקורי זהה אצל 7 פרויקטים; הוזז 1.6 ק״מ למקור המפורט. בדיקה אנושית למגרש יחיד: תכנית 217-1292101 כוללת 10 תאי מגורים (101;102;103;104;105;106;107;108;109;110); הנקודה נמצאת בתוך איחוד תאי המגורים הרשמיים, אך אין בעמוד הוכחה איזה תא הוא הפרויקט."
%d7%aa%d7%9c-%d7%97%d7%99,33.211593,35.569828,https://ags.iplan.gov.il/arcgisiplan/rest/services/PlanningPublic/XplanNoKanam/MapServer/1/query?where=mp_id%3D2005352742+AND+%28mavat_name+LIKE+%27%25%D7%9E%D7%92%D7%95%D7%A8%D7%99%D7%9D%25%27+OR+mavat_name+LIKE+%27%25%D7%93%D7%99%D7%95%D7%A8%25%27%29&outFields=mp_id%2Cpl_id%2Cpl_number%2Cpl_name%2Cnum%2Cmavat_code%2Cmavat_name%2Clegal_area%2Cshape_area%2Cshape_length%2Cstation_desc%2Clast_update_date%2Cobjectid&returnGeometry=true&outSR=4326&f=geojson,גבוהה,תוקן placeholder: הצמד המקורי זהה אצל 7 פרויקטים; הוזז 467 מ׳ למקור המפורט. אומת מול תא מגורים רשמי יחיד 101 בתכנית 217-1292093; הנקודה בתוך התא הרשמי.
%d7%94%d7%90%d7%a4%d7%a8%d7%a1%d7%a7-%d7%9e%d7%a8%d7%9b%d7%95%d7%a1,32.035394,34.889026,https://ags.iplan.gov.il/arcgisiplan/rest/services/PlanningPublic/XplanNoKanam/MapServer/1/query?where=mp_id%3D4005492712+AND+%28mavat_name+LIKE+%27%25%D7%9E%D7%92%D7%95%D7%A8%D7%99%D7%9D%25%27+OR+mavat_name+LIKE+%27%25%D7%93%D7%99%D7%95%D7%A8%25%27%29&outFields=mp_id%2Cpl_id%2Cpl_number%2Cpl_name%2Cnum%2Cmavat_code%2Cmavat_name%2Clegal_area%2Cshape_area%2Cshape_length%2Cstation_desc%2Clast_update_date%2Cobjectid&returnGeometry=true&outSR=4326&f=geojson,גבוהה,תוקן placeholder: הצמד המקורי זהה אצל 11 פרויקטים; הוזז 284 מ׳ למקור המפורט. אומת מול תא מגורים רשמי יחיד 1 בתכנית 411-1517945; הנקודה בתוך התא הרשמי.
%d7%94%d7%93%d7%95%d7%93%d7%90%d7%99%d7%9d,31.955981,34.818844,https://ags.iplan.gov.il/arcgisiplan/rest/services/PlanningPublic/XplanNoKanam/MapServer/1/query?where=mp_id%3D4005490400+AND+%28mavat_name+LIKE+%27%25%D7%9E%D7%92%D7%95%D7%A8%D7%99%D7%9D%25%27+OR+mavat_name+LIKE+%27%25%D7%93%D7%99%D7%95%D7%A8%25%27%29&outFields=mp_id%2Cpl_id%2Cpl_number%2Cpl_name%2Cnum%2Cmavat_code%2Cmavat_name%2Clegal_area%2Cshape_area%2Cshape_length%2Cstation_desc%2Clast_update_date%2Cobjectid&returnGeometry=true&outSR=4326&f=geojson,בינונית,"תוקן placeholder: הצמד המקורי זהה אצל 19 פרויקטים; הוזז 1.2 ק״מ למקור המפורט. בדיקה אנושית למגרש יחיד: תכנית 413-1514165 כוללת 2 תאי מגורים (101;102); הנקודה נמצאת בתוך איחוד תאי המגורים הרשמיים, אך אין בעמוד הוכחה איזה תא הוא הפרויקט."
%d7%9e%d7%a9%d7%9e%d7%a8-%d7%94%d7%99%d7%a8%d7%93%d7%9f,32.065161,34.828918,https://ags.iplan.gov.il/arcgisiplan/rest/services/PlanningPublic/Xplan/MapServer/4/query?where=mp_id%3D5005270048+AND+%28mavat_name+LIKE+%27%25%D7%9E%D7%92%D7%95%D7%A8%D7%99%D7%9D%25%27+OR+mavat_name+LIKE+%27%25%D7%93%D7%99%D7%95%D7%A8%25%27%29&outFields=mp_id%2Cpl_id%2Cpl_number%2Cpl_name%2Cnum%2Cmavat_code%2Cmavat_name%2Clegal_area%2Cshape_area%2Cshape_length%2Cstation_desc%2Clast_update_date&returnGeometry=true&outSR=4326&f=geojson,בינונית,"תוקן placeholder: הצמד המקורי זהה אצל 76 פרויקטים; הוזז 560 מ׳ למקור המפורט. בדיקה אנושית למגרש יחיד: תכנית 506-1162346 כוללת 2 תאי מגורים (1;2); הנקודה נמצאת בתוך איחוד תאי המגורים הרשמיים, אך אין בעמוד הוכחה איזה תא הוא הפרויקט."
%d7%94%d7%a1,31.952495,34.890779,https://ags.iplan.gov.il/arcgisiplan/rest/services/PlanningPublic/Xplan/MapServer/4/query?where=mp_id%3D99005050572+AND+%28mavat_name+LIKE+%27%25%D7%9E%D7%92%D7%95%D7%A8%D7%99%D7%9D%25%27+OR+mavat_name+LIKE+%27%25%D7%93%D7%99%D7%95%D7%A8%25%27%29&outFields=mp_id%2Cpl_id%2Cpl_number%2Cpl_name%2Cnum%2Cmavat_code%2Cmavat_name%2Clegal_area%2Cshape_area%2Cshape_length%2Cstation_desc%2Clast_update_date&returnGeometry=true&outSR=4326&f=geojson,בינונית,"תוקן placeholder: הצמד המקורי זהה אצל 13 פרויקטים; הוזז 454 מ׳ למקור המפורט. בדיקה אנושית למגרש יחיד: תכנית תמל/ 2002/ ב כוללת 9 תאי מגורים (107;109;110;111;112;113;114;115;116); הנקודה נמצאת בתוך איחוד תאי המגורים הרשמיים, אך אין בעמוד הוכחה איזה תא הוא הפרויקט."
%d7%a9%d7%93%d7%a8%d7%95%d7%aa-%d7%99%d7%a8%d7%95%d7%a9%d7%9c%d7%99%d7%9d-2,32.822637,35.080147,https://ags.iplan.gov.il/arcgisiplan/rest/services/PlanningPublic/XplanNoKanam/MapServer/1/query?where=mp_id%3D3005284550+AND+%28mavat_name+LIKE+%27%25%D7%9E%D7%92%D7%95%D7%A8%D7%99%D7%9D%25%27+OR+mavat_name+LIKE+%27%25%D7%93%D7%99%D7%95%D7%A8%25%27%29&outFields=mp_id%2Cpl_id%2Cpl_number%2Cpl_name%2Cnum%2Cmavat_code%2Cmavat_name%2Clegal_area%2Cshape_area%2Cshape_length%2Cstation_desc%2Clast_update_date%2Cobjectid&returnGeometry=true&outSR=4326&f=geojson,בינונית,"תוקן placeholder: הצמד המקורי זהה אצל 4 פרויקטים; הוזז 776 מ׳ למקור המפורט. בדיקה אנושית למגרש יחיד: תכנית 352-1186055 כוללת 5 תאי מגורים (1;2;3;4;5); הנקודה נמצאת בתוך איחוד תאי המגורים הרשמיים, אך אין בעמוד הוכחה איזה תא הוא הפרויקט."
%d7%9b%d7%99%d7%9b%d7%a8-%d7%94%d7%a2%d7%99%d7%a8,,,,נמוכה,"בדיקה אנושית: לא נמצא מקור שמאפשר למסור נקודה ברמת מגרש בביטחון; lat/lng הושארו ריקים. בדיקה אנושית: XPLAN לא החזיר תכניות המשויכות לעיר בשם הנתון, ולא נמצאה התאמת שם רשמית ייחודית."
%d7%90%d7%9c-%d7%a8%d7%90%d7%9d,32.694674,35.285257,https://ags.iplan.gov.il/arcgisiplan/rest/services/PlanningPublic/XplanNoKanam/MapServer/1/query?where=mp_id%3D2005285446+AND+%28mavat_name+LIKE+%27%25%D7%9E%D7%92%D7%95%D7%A8%D7%99%D7%9D%25%27+OR+mavat_name+LIKE+%27%25%D7%93%D7%99%D7%95%D7%A8%25%27%29&outFields=mp_id%2Cpl_id%2Cpl_number%2Cpl_name%2Cnum%2Cmavat_code%2Cmavat_name%2Clegal_area%2Cshape_area%2Cshape_length%2Cstation_desc%2Clast_update_date%2Cobjectid&returnGeometry=true&outSR=4326&f=geojson,בינונית,"תוקן מנקודת עיר כללית; הוזז 2.3 ק״מ. בדיקה אנושית למגרש יחיד: תכנית 212-1187442 כוללת 12 תאי מגורים (20;50;100;101;102;103;104;105;106;107;200;201); הנקודה נמצאת בתוך איחוד תאי המגורים הרשמיים, אך אין בעמוד הוכחה איזה תא הוא הפרויקט."
%d7%90%d7%9c-%d7%a1%d7%95%d7%9c%d7%98%d7%90%d7%a0%d7%99,32.118212,34.982823,https://ags.iplan.gov.il/arcgisiplan/rest/services/PlanningPublic/XplanNoKanam/MapServer/1/query?where=mp_id%3D4005285452+AND+%28mavat_name+LIKE+%27%25%D7%9E%D7%92%D7%95%D7%A8%D7%99%D7%9D%25%27+OR+mavat_name+LIKE+%27%25%D7%93%D7%99%D7%95%D7%A8%25%27%29&outFields=mp_id%2Cpl_id%2Cpl_number%2Cpl_name%2Cnum%2Cmavat_code%2Cmavat_name%2Clegal_area%2Cshape_area%2Cshape_length%2Cstation_desc%2Clast_update_date%2Cobjectid&returnGeometry=true&outSR=4326&f=geojson,גבוהה,תוקן מנקודת עיר כללית; הוזז 787 מ׳. אומת מול תא מגורים רשמי יחיד 1 בתכנית 451-1187467; הנקודה בתוך התא הרשמי.
%d7%a0%d7%95%d7%95%d7%94-%d7%a2%d7%9e%d7%9c,32.234961,34.954366,https://ags.iplan.gov.il/arcgisiplan/rest/services/PlanningPublic/XplanNoKanam/MapServer/1/query?where=mp_id%3D4005284362+AND+%28mavat_name+LIKE+%27%25%D7%9E%D7%92%D7%95%D7%A8%D7%99%D7%9D%25%27+OR+mavat_name+LIKE+%27%25%D7%93%D7%99%D7%95%D7%A8%25%27%29&outFields=mp_id%2Cpl_id%2Cpl_number%2Cpl_name%2Cnum%2Cmavat_code%2Cmavat_name%2Clegal_area%2Cshape_area%2Cshape_length%2Cstation_desc%2Clast_update_date%2Cobjectid&returnGeometry=true&outSR=4326&f=geojson,בינונית,"תוקן מנקודת עיר כללית; הוזז 32 מ׳. בדיקה אנושית למגרש יחיד: תכנית תמל/ 1134 כוללת 13 תאי מגורים (1;2;3;4;5;6;7;8;9;10;11;12;13); הנקודה נמצאת בתוך איחוד תאי המגורים הרשמיים, אך אין בעמוד הוכחה איזה תא הוא הפרויקט."
%d7%9e%d7%98%d7%a8%d7%95-%d7%94%d7%a8%d7%90%d7%94,32.074598,34.825648,https://ags.iplan.gov.il/arcgisiplan/rest/services/PlanningPublic/XplanNoKanam/MapServer/1/query?where=mp_id%3D5005283106&outFields=mp_id%2Cpl_id%2Cpl_number%2Cpl_name%2Cnum%2Cmavat_code%2Cmavat_name%2Clegal_area%2Cshape_area%2Cshape_length%2Cstation_desc%2Clast_update_date%2Cobjectid&returnGeometry=true&outSR=4326&f=geojson,נמוכה,"תוקן placeholder: הצמד המקורי זהה אצל 76 פרויקטים; הוזז 664 מ׳ למקור המפורט. בדיקה אנושית: אותר גבול רשמי של תכנית 506-1183441, אך לא אותר תא מגורים/מגרש יחיד. הנקודה בתוך גבול התכנית בלבד."
%d7%9e%d7%aa%d7%97%d7%9d-%d7%90%d7%a4%d7%a8%d7%99%d7%9d,32.828998,35.080896,https://ags.iplan.gov.il/arcgisiplan/rest/services/PlanningPublic/XplanNoKanam/MapServer/1/query?where=mp_id%3D3005282832+AND+%28mavat_name+LIKE+%27%25%D7%9E%D7%92%D7%95%D7%A8%D7%99%D7%9D%25%27+OR+mavat_name+LIKE+%27%25%D7%93%D7%99%D7%95%D7%A8%25%27%29&outFields=mp_id%2Cpl_id%2Cpl_number%2Cpl_name%2Cnum%2Cmavat_code%2Cmavat_name%2Clegal_area%2Cshape_area%2Cshape_length%2Cstation_desc%2Clast_update_date%2Cobjectid&returnGeometry=true&outSR=4326&f=geojson,בינונית,"תוקן placeholder: הצמד המקורי זהה אצל 4 פרויקטים; הוזז 339 מ׳ למקור המפורט. בדיקה אנושית למגרש יחיד: תכנית 352-1182815 כוללת 2 תאי מגורים (1;2); הנקודה נמצאת בתוך איחוד תאי המגורים הרשמיים, אך אין בעמוד הוכחה איזה תא הוא הפרויקט."
%d7%9e%d7%a8%d7%97%d7%91-%d7%a2%d7%a6%d7%99%d7%95%d7%9f,32.469166,34.962309,https://ags.iplan.gov.il/arcgisiplan/rest/services/PlanningPublic/XplanNoKanam/MapServer/1/query?where=mp_id%3D3005280770+AND+%28mavat_name+LIKE+%27%25%D7%9E%D7%92%D7%95%D7%A8%D7%99%D7%9D%25%27+OR+mavat_name+LIKE+%27%25%D7%93%D7%99%D7%95%D7%A8%25%27%29&outFields=mp_id%2Cpl_id%2Cpl_number%2Cpl_name%2Cnum%2Cmavat_code%2Cmavat_name%2Clegal_area%2Cshape_area%2Cshape_length%2Cstation_desc%2Clast_update_date%2Cobjectid&returnGeometry=true&outSR=4326&f=geojson,גבוהה,תוקן placeholder: הצמד המקורי זהה אצל 3 פרויקטים; הוזז 1.4 ק״מ למקור המפורט. אומת מול תא מגורים רשמי יחיד 1 בתכנית 308-1179779; הנקודה בתוך התא הרשמי.
%d7%90%d7%a4%d7%a7,32.847324,35.093951,https://ags.iplan.gov.il/arcgisiplan/rest/services/PlanningPublic/Xplan/MapServer/4/query?where=mp_id%3D99005338040+AND+%28mavat_name+LIKE+%27%25%D7%9E%D7%92%D7%95%D7%A8%D7%99%D7%9D%25%27+OR+mavat_name+LIKE+%27%25%D7%93%D7%99%D7%95%D7%A8%25%27%29&outFields=mp_id%2Cpl_id%2Cpl_number%2Cpl_name%2Cnum%2Cmavat_code%2Cmavat_name%2Clegal_area%2Cshape_area%2Cshape_length%2Cstation_desc%2Clast_update_date&returnGeometry=true&outSR=4326&f=geojson,בינונית,"תוקן placeholder: הצמד המקורי זהה אצל 4 פרויקטים; הוזז 2.3 ק״מ למקור המפורט. בדיקה אנושית למגרש יחיד: תכנית תמל/ 2059 כוללת 11 תאי מגורים (101;102;103;105;106;107;108;109;110;111;113); הנקודה נמצאת בתוך איחוד תאי המגורים הרשמיים, אך אין בעמוד הוכחה איזה תא הוא הפרויקט."
%d7%a9%d7%95%d7%a7-%d7%92%d7%95%d7%9c%d7%93%d7%9e%d7%9f,32.025892,34.867402,https://mavat.iplan.gov.il/SV4/1/5000270965/310,גבוהה,תוקן placeholder: הצמד המקורי זהה אצל 9 פרויקטים; הוזז 434 מ׳ למקור המפורט. שוק גולדמן מופיע בשם התכנית באור יהודה; תוספת 440 יחידות זהה לנתון הפרויקט. הנקודה חושבה מתוך גבול התכנית הרשמי ונבדקה כנמצאת בתוכו.
%d7%a8%d7%9e%d7%aa-%d7%94%d7%a8%d7%a6%d7%9c,32.341013,34.870054,https://ags.iplan.gov.il/arcgisiplan/rest/services/PlanningPublic/Xplan/MapServer/4/query?where=mp_id%3D4005439932+AND+%28mavat_name+LIKE+%27%25%D7%9E%D7%92%D7%95%D7%A8%D7%99%D7%9D%25%27+OR+mavat_name+LIKE+%27%25%D7%93%D7%99%D7%95%D7%A8%25%27%29&outFields=mp_id%2Cpl_id%2Cpl_number%2Cpl_name%2Cnum%2Cmavat_code%2Cmavat_name%2Clegal_area%2Cshape_area%2Cshape_length%2Cstation_desc%2Clast_update_date&returnGeometry=true&outSR=4326&f=geojson,בינונית,"תוקן placeholder: הצמד המקורי זהה אצל 40 פרויקטים; הוזז 1.9 ק״מ למקור המפורט. בדיקה אנושית למגרש יחיד: תכנית 408-1432350 כוללת 4 תאי מגורים (100;101;102;103); הנקודה נמצאת בתוך איחוד תאי המגורים הרשמיים, אך אין בעמוד הוכחה איזה תא הוא הפרויקט."
%d7%aa%d7%a8%d7%a9%d7%99%d7%a9,31.732377,35.183810,https://ags.iplan.gov.il/arcgisiplan/rest/services/PlanningPublic/Xplan/MapServer/4/query?where=mp_id%3D1005215618+AND+%28mavat_name+LIKE+%27%25%D7%9E%D7%92%D7%95%D7%A8%D7%99%D7%9D%25%27+OR+mavat_name+LIKE+%27%25%D7%93%D7%99%D7%95%D7%A8%25%27%29&outFields=mp_id%2Cpl_id%2Cpl_number%2Cpl_name%2Cnum%2Cmavat_code%2Cmavat_name%2Clegal_area%2Cshape_area%2Cshape_length%2Cstation_desc%2Clast_update_date&returnGeometry=true&outSR=4326&f=geojson,גבוהה,תוקן placeholder: הצמד המקורי זהה אצל 197 פרויקטים; הוזז 6.5 ק״מ למקור המפורט. אומת מול תא מגורים רשמי יחיד 1 בתכנית 101-1073816; הנקודה בתוך התא הרשמי.
%d7%94%d7%a9%d7%99%d7%98%d7%94-2,31.522066,34.597081,https://ags.iplan.gov.il/arcgisiplan/rest/services/PlanningPublic/XplanNoKanam/MapServer/1/query?where=mp_id%3D6005448086&outFields=mp_id%2Cpl_id%2Cpl_number%2Cpl_name%2Cnum%2Cmavat_code%2Cmavat_name%2Clegal_area%2Cshape_area%2Cshape_length%2Cstation_desc%2Clast_update_date%2Cobjectid&returnGeometry=true&outSR=4326&f=geojson,נמוכה,"תוקן placeholder: הצמד המקורי זהה אצל 5 פרויקטים; הוזז 490 מ׳ למקור המפורט. בדיקה אנושית: אותר גבול רשמי של תכנית 611-1445238, אך לא אותר תא מגורים/מגרש יחיד. הנקודה בתוך גבול התכנית בלבד."
%d7%9e%d7%a0%d7%97%d7%9d-%d7%91%d7%92%d7%99%d7%9f-2,31.524663,34.598155,https://ags.iplan.gov.il/arcgisiplan/rest/services/PlanningPublic/XplanNoKanam/MapServer/1/query?where=mp_id%3D6005445126&outFields=mp_id%2Cpl_id%2Cpl_number%2Cpl_name%2Cnum%2Cmavat_code%2Cmavat_name%2Clegal_area%2Cshape_area%2Cshape_length%2Cstation_desc%2Clast_update_date%2Cobjectid&returnGeometry=true&outSR=4326&f=geojson,נמוכה,"תוקן placeholder: הצמד המקורי זהה אצל 5 פרויקטים; הוזז 231 מ׳ למקור המפורט. בדיקה אנושית: אותר גבול רשמי של תכנית 611-1440544, אך לא אותר תא מגורים/מגרש יחיד. הנקודה בתוך גבול התכנית בלבד."
%d7%a1%d7%98%d7%a8%d7%95%d7%9e%d7%94-2,,,,נמוכה,בדיקה אנושית: לא נמצא מקור שמאפשר למסור נקודה ברמת מגרש בביטחון; lat/lng הושארו ריקים. בדיקה אנושית: לא נמצאה ב-XPLAN תכנית בעיר ששמה תואם באופן מספק לשם הפרויקט.
%d7%91%d7%9f-%d7%a0%d7%95%d7%9f,31.521803,34.591204,https://ags.iplan.gov.il/arcgisiplan/rest/services/PlanningPublic/XplanNoKanam/MapServer/1/query?where=mp_id%3D6005434976+AND+%28mavat_name+LIKE+%27%25%D7%9E%D7%92%D7%95%D7%A8%D7%99%D7%9D%25%27+OR+mavat_name+LIKE+%27%25%D7%93%D7%99%D7%95%D7%A8%25%27%29&outFields=mp_id%2Cpl_id%2Cpl_number%2Cpl_name%2Cnum%2Cmavat_code%2Cmavat_name%2Clegal_area%2Cshape_area%2Cshape_length%2Cstation_desc%2Clast_update_date%2Cobjectid&returnGeometry=true&outSR=4326&f=geojson,גבוהה,תוקן placeholder: הצמד המקורי זהה אצל 5 פרויקטים; הוזז 754 מ׳ למקור המפורט. אומת מול תא מגורים רשמי יחיד 1 בתכנית 611-1423805; הנקודה בתוך התא הרשמי.
%d7%a0%d7%99%d7%a6%d7%9f,31.523275,34.589969,https://ags.iplan.gov.il/arcgisiplan/rest/services/PlanningPublic/XplanNoKanam/MapServer/1/query?where=mp_id%3D6005435042+AND+%28mavat_name+LIKE+%27%25%D7%9E%D7%92%D7%95%D7%A8%D7%99%D7%9D%25%27+OR+mavat_name+LIKE+%27%25%D7%93%D7%99%D7%95%D7%A8%25%27%29&outFields=mp_id%2Cpl_id%2Cpl_number%2Cpl_name%2Cnum%2Cmavat_code%2Cmavat_name%2Clegal_area%2Cshape_area%2Cshape_length%2Cstation_desc%2Clast_update_date%2Cobjectid&returnGeometry=true&outSR=4326&f=geojson,גבוהה,תוקן placeholder: הצמד המקורי זהה אצל 5 פרויקטים; הוזז 753 מ׳ למקור המפורט. אומת מול תא מגורים רשמי יחיד 1 בתכנית 611-1423987; הנקודה בתוך התא הרשמי.
%d7%9c%d7%91-%d7%90%d7%95%d7%a9%d7%99%d7%95%d7%aa,31.883560,34.821707,https://ags.iplan.gov.il/arcgisiplan/rest/services/PlanningPublic/Xplan/MapServer/4/query?where=mp_id%3D4005124604+AND+%28mavat_name+LIKE+%27%25%D7%9E%D7%92%D7%95%D7%A8%D7%99%D7%9D%25%27+OR+mavat_name+LIKE+%27%25%D7%93%D7%99%D7%95%D7%A8%25%27%29&outFields=mp_id%2Cpl_id%2Cpl_number%2Cpl_name%2Cnum%2Cmavat_code%2Cmavat_name%2Clegal_area%2Cshape_area%2Cshape_length%2Cstation_desc%2Clast_update_date&returnGeometry=true&outSR=4326&f=geojson,בינונית,"תוקן placeholder: הצמד המקורי זהה אצל 14 פרויקטים; הוזז 1.7 ק״מ למקור המפורט. בדיקה אנושית למגרש יחיד: תכנית 414-0950188 כוללת 27 תאי מגורים (553;554;555;556;600;601;602;603;604;605;606;607;608;609;610;611;612;613;614;615;616;617;618;620;621;622;903); הנקודה נמצאת בתוך איחוד תאי המגורים הרשמיים, אך אין בעמוד הוכחה איזה תא הוא הפרויקט."
%d7%9e%d7%98%d7%a8%d7%95-%d7%94%d7%a2%d7%99%d7%a8%d7%99%d7%99%d7%94,32.086725,34.888080,https://ags.iplan.gov.il/arcgisiplan/rest/services/PlanningPublic/XplanNoKanam/MapServer/1/query?where=mp_id%3D99005328858+AND+%28mavat_name+LIKE+%27%25%D7%9E%D7%92%D7%95%D7%A8%D7%99%D7%9D%25%27+OR+mavat_name+LIKE+%27%25%D7%93%D7%99%D7%95%D7%A8%25%27%29&outFields=mp_id%2Cpl_id%2Cpl_number%2Cpl_name%2Cnum%2Cmavat_code%2Cmavat_name%2Clegal_area%2Cshape_area%2Cshape_length%2Cstation_desc%2Clast_update_date%2Cobjectid&returnGeometry=true&outSR=4326&f=geojson,בינונית,"תוקן placeholder: הצמד המקורי זהה אצל 37 פרויקטים; הוזז 228 מ׳ למקור המפורט. בדיקה אנושית למגרש יחיד: תכנית תמל/ 2058 כוללת 31 תאי מגורים (101;102;103;104;105;107;108;109;110;111;112;113;114;115;116;117;118;119;120;121;122;123;201;202;203;204;205;206;207;208;250); הנקודה נמצאת בתוך איחוד תאי המגורים הרשמיים, אך אין בעמוד הוכחה איזה תא הוא הפרויקט."
%d7%94%d7%aa%d7%97%d7%93%d7%a9%d7%95%d7%aa-%d7%a2%d7%99%d7%a8%d7%95%d7%a0%d7%99%d7%aa-%d7%a0%d7%95%d7%94-%d7%a9%d7%90%d7%a0%d7%9f-20-%d7%91%d7%95%d7%a8%d7%9c%d7%90,31.769641,35.201044,https://ags.iplan.gov.il/arcgisiplan/rest/services/PlanningPublic/Xplan/MapServer/4/query?where=mp_id%3D1005362746+AND+%28mavat_name+LIKE+%27%25%D7%9E%D7%92%D7%95%D7%A8%D7%99%D7%9D%25%27+OR+mavat_name+LIKE+%27%25%D7%93%D7%99%D7%95%D7%A8%25%27%29&outFields=mp_id%2Cpl_id%2Cpl_number%2Cpl_name%2Cnum%2Cmavat_code%2Cmavat_name%2Clegal_area%2Cshape_area%2Cshape_length%2Cstation_desc%2Clast_update_date&returnGeometry=true&outSR=4326&f=geojson,גבוהה,תוקן placeholder: הצמד המקורי זהה אצל 197 פרויקטים; הוזז 2.6 ק״מ למקור המפורט. אומת מול תא מגורים רשמי יחיד 1 בתכנית 101-1307255; הנקודה בתוך התא הרשמי.
%d7%a8%d7%91%d7%a7%d7%94-%d7%95%d7%a6%d7%99%d7%a4%d7%95%d7%a8%d7%94,31.754976,35.218373,https://ags.iplan.gov.il/arcgisiplan/rest/services/PlanningPublic/Xplan/MapServer/4/query?where=mp_id%3D1005369364+AND+%28mavat_name+LIKE+%27%25%D7%9E%D7%92%D7%95%D7%A8%D7%99%D7%9D%25%27+OR+mavat_name+LIKE+%27%25%D7%93%D7%99%D7%95%D7%A8%25%27%29&outFields=mp_id%2Cpl_id%2Cpl_number%2Cpl_name%2Cnum%2Cmavat_code%2Cmavat_name%2Clegal_area%2Cshape_area%2Cshape_length%2Cstation_desc%2Clast_update_date&returnGeometry=true&outSR=4326&f=geojson,גבוהה,תוקן placeholder: הצמד המקורי זהה אצל 197 פרויקטים; הוזז 2.7 ק״מ למקור המפורט. אומת מול תא מגורים רשמי יחיד 101 בתכנית 101-1316918; הנקודה בתוך התא הרשמי.
%d7%9e%d7%a2%d7%a8,31.729657,34.745986,https://ags.iplan.gov.il/arcgisiplan/rest/services/PlanningPublic/XplanNoKanam/MapServer/1/query?where=mp_id%3D6005263386+AND+%28mavat_name+LIKE+%27%25%D7%9E%D7%92%D7%95%D7%A8%D7%99%D7%9D%25%27+OR+mavat_name+LIKE+%27%25%D7%93%D7%99%D7%95%D7%A8%25%27%29&outFields=mp_id%2Cpl_id%2Cpl_number%2Cpl_name%2Cnum%2Cmavat_code%2Cmavat_name%2Clegal_area%2Cshape_area%2Cshape_length%2Cstation_desc%2Clast_update_date%2Cobjectid&returnGeometry=true&outSR=4326&f=geojson,בינונית,"תוקן placeholder: הצמד המקורי זהה אצל 4 פרויקטים; הוזז 252 מ׳ למקור המפורט. בדיקה אנושית למגרש יחיד: תכנית 617-1151372 כוללת 26 תאי מגורים (201;202;203;204;205;206;207;208;210;211;212;213;214;215;216;220;221;222;223;224;225;226;227;230;231;232); הנקודה נמצאת בתוך איחוד תאי המגורים הרשמיים, אך אין בעמוד הוכחה איזה תא הוא הפרויקט."
%d7%94%d7%93%d7%a8-%d7%93%d7%99%d7%a8%d7%94-%d7%9c%d7%94%d7%a9%d7%9b%d7%99%d7%a8,,,,נמוכה,"בדיקה אנושית: לא נמצא מקור שמאפשר למסור נקודה ברמת מגרש בביטחון; lat/lng הושארו ריקים. בדיקה אנושית: נמצאו מועמדי XPLAN חלקיים או מרובים, אך אין התאמת שם+עיר חד-משמעית. מועמדים: 505-1228477 — מטרו הדר תל גיבורים חולון 77-78"
%d7%92%d7%95%d7%9c%d7%93%d7%94-%d7%94%d7%95%d7%a4%d7%99%d7%99%d7%9f-%d7%93%d7%99%d7%a8%d7%94-%d7%9c%d7%94%d7%a9%d7%9b%d7%99%d7%a8,,,,נמוכה,"בדיקה אנושית: לא נמצא מקור שמאפשר למסור נקודה ברמת מגרש בביטחון; lat/lng הושארו ריקים. בדיקה אנושית: נמצאו מועמדי XPLAN חלקיים או מרובים, אך אין התאמת שם+עיר חד-משמעית. מועמדים: 505-1506260 — מתחם גולדה מערב; 505-1241256 — מתחם הופיין חולון; 505-1244524 — ח/מק/240 - מתחם ויצמן הופיין - חולון"
%d7%94%d7%aa%d7%97%d7%93%d7%a9%d7%95%d7%aa-%d7%a6%d7%99%d7%a8-%d7%9e%d7%a0%d7%97%d7%9d-%d7%91%d7%92%d7%99%d7%9f,,,,נמוכה,"בדיקה אנושית: לא נמצא מקור שמאפשר למסור נקודה ברמת מגרש בביטחון; lat/lng הושארו ריקים. בדיקה אנושית: נמצאו מועמדי XPLAN חלקיים או מרובים, אך אין התאמת שם+עיר חד-משמעית. מועמדים: 603-0730101 — מתחם למסחר ותעסוקה ותחנת תדלוק בדרך מנחם בגין; 603-1501261 — התחשדות עירונית בשדרות מנחם בגין וצפון רובע י'- לפי סעיף 77-78; 603-0921155 — שינוי קווי בניין ,רחוב עליזה בגין 32, רובע ט""ו, אשדוד"
%d7%94%d7%a8%d7%a6%d7%9c-4,31.733317,34.737878,https://ags.iplan.gov.il/arcgisiplan/rest/services/PlanningPublic/Xplan/MapServer/4/query?where=mp_id%3D6005227308+AND+%28mavat_name+LIKE+%27%25%D7%9E%D7%92%D7%95%D7%A8%D7%99%D7%9D%25%27+OR+mavat_name+LIKE+%27%25%D7%93%D7%99%D7%95%D7%A8%25%27%29&outFields=mp_id%2Cpl_id%2Cpl_number%2Cpl_name%2Cnum%2Cmavat_code%2Cmavat_name%2Clegal_area%2Cshape_area%2Cshape_length%2Cstation_desc%2Clast_update_date&returnGeometry=true&outSR=4326&f=geojson,בינונית,"תוקן placeholder: הצמד המקורי זהה אצל 4 פרויקטים; הוזז 665 מ׳ למקור המפורט. בדיקה אנושית למגרש יחיד: תכנית 617-1093558 כוללת 77 תאי מגורים (10;11;12;13;14;15;16;17;18;19;20;21;22;23;24;25;26;27;28;29;30;31;32;33;34;35;36;37;38;39;121;122;123;124;126;128;129;131;132;133;134;135;136;137;138;139;140;149;155;156;157;158…); הנקודה נמצאת בתוך איחוד תאי המגורים הרשמיים, אך אין בעמוד הוכחה איזה תא הוא הפרויקט."
%d7%9b%d7%a6%d7%a0%d7%9c%d7%a1%d7%95%d7%9f-%d7%9e%d7%a8%d7%9b%d7%96,,,,נמוכה,"בדיקה אנושית: לא נמצא מקור שמאפשר למסור נקודה ברמת מגרש בביטחון; lat/lng הושארו ריקים. בדיקה אנושית: נמצאו מועמדי XPLAN חלקיים או מרובים, אך אין התאמת שם+עיר חד-משמעית. מועמדים: 503-1438902 — מתחם כצנלסון 77-78; 503-0247668 — כצנלסון - סירקין, גדה דרומית; 503-0252858 — פינוי בינוי רחוב כצנלסון-בן גוריון גבעתיים"
%d7%a9%d7%90-%d7%a0%d7%a1,31.938020,34.835300,https://ags.iplan.gov.il/arcgisiplan/rest/services/PlanningPublic/Xplan/MapServer/4/query?where=mp_id%3D4005318206+AND+%28mavat_name+LIKE+%27%25%D7%9E%D7%92%D7%95%D7%A8%D7%99%D7%9D%25%27+OR+mavat_name+LIKE+%27%25%D7%93%D7%99%D7%95%D7%A8%25%27%29&outFields=mp_id%2Cpl_id%2Cpl_number%2Cpl_name%2Cnum%2Cmavat_code%2Cmavat_name%2Clegal_area%2Cshape_area%2Cshape_length%2Cstation_desc%2Clast_update_date&returnGeometry=true&outSR=4326&f=geojson,גבוהה,תוקן placeholder: הצמד המקורי זהה אצל 3 פרויקטים; הוזז 825 מ׳ למקור המפורט. אומת מול תא מגורים רשמי יחיד 101 בתכנית 455-1236975; הנקודה בתוך התא הרשמי.
%d7%96%d7%95%d7%9c%d7%95%d7%98%d7%95%d7%91,31.749101,34.984690,https://ags.iplan.gov.il/arcgisiplan/rest/services/PlanningPublic/Xplan/MapServer/4/query?where=mp_id%3D1005138688+AND+%28mavat_name+LIKE+%27%25%D7%9E%D7%92%D7%95%D7%A8%D7%99%D7%9D%25%27+OR+mavat_name+LIKE+%27%25%D7%93%D7%99%D7%95%D7%A8%25%27%29&outFields=mp_id%2Cpl_id%2Cpl_number%2Cpl_name%2Cnum%2Cmavat_code%2Cmavat_name%2Clegal_area%2Cshape_area%2Cshape_length%2Cstation_desc%2Clast_update_date&returnGeometry=true&outSR=4326&f=geojson,בינונית,"תוקן placeholder: הצמד המקורי זהה אצל 7 פרויקטים; הוזז 496 מ׳ למקור המפורט. בדיקה אנושית למגרש יחיד: תכנית 102-0974725 כוללת 2 תאי מגורים (1;2); הנקודה נמצאת בתוך איחוד תאי המגורים הרשמיים, אך אין בעמוד הוכחה איזה תא הוא הפרויקט."
%d7%a7%d7%95%d7%a1%d7%98%d7%94-%d7%a8%d7%99%d7%a7%d7%94-113,31.753947,35.171882,https://ags.iplan.gov.il/arcgisiplan/rest/services/PlanningPublic/Xplan/MapServer/4/query?where=mp_id%3D1005146174+AND+%28mavat_name+LIKE+%27%25%D7%9E%D7%92%D7%95%D7%A8%D7%99%D7%9D%25%27+OR+mavat_name+LIKE+%27%25%D7%93%D7%99%D7%95%D7%A8%25%27%29&outFields=mp_id%2Cpl_id%2Cpl_number%2Cpl_name%2Cnum%2Cmavat_code%2Cmavat_name%2Clegal_area%2Cshape_area%2Cshape_length%2Cstation_desc%2Clast_update_date&returnGeometry=true&outSR=4326&f=geojson,גבוהה,תוקן placeholder: הצמד המקורי זהה אצל 197 פרויקטים; הוזז 5.8 ק״מ למקור המפורט. אומת מול תא מגורים רשמי יחיד 1 בתכנית 101-0986067; הנקודה בתוך התא הרשמי.
%d7%97%d7%96%d7%95%d7%9f-%d7%a6%d7%99%d7%95%d7%9f-7-9,31.782302,35.194977,https://ags.iplan.gov.il/arcgisiplan/rest/services/PlanningPublic/Xplan/MapServer/4/query?where=mp_id%3D1005230198+AND+%28mavat_name+LIKE+%27%25%D7%9E%D7%92%D7%95%D7%A8%D7%99%D7%9D%25%27+OR+mavat_name+LIKE+%27%25%D7%93%D7%99%D7%95%D7%A8%25%27%29&outFields=mp_id%2Cpl_id%2Cpl_number%2Cpl_name%2Cnum%2Cmavat_code%2Cmavat_name%2Clegal_area%2Cshape_area%2Cshape_length%2Cstation_desc%2Clast_update_date&returnGeometry=true&outSR=4326&f=geojson,גבוהה,תוקן placeholder: הצמד המקורי זהה אצל 197 פרויקטים; הוזז 2.9 ק״מ למקור המפורט. אומת מול תא מגורים רשמי יחיד 146 בתכנית 101-1097559; הנקודה בתוך התא הרשמי.
%d7%90%d7%95%d7%9c%d7%a1%d7%95%d7%95%d7%a0%d7%92%d7%a8,31.767396,35.170432,https://ags.iplan.gov.il/arcgisiplan/rest/services/PlanningPublic/Xplan/MapServer/4/query?where=mp_id%3D1005052272+AND+%28mavat_name+LIKE+%27%25%D7%9E%D7%92%D7%95%D7%A8%D7%99%D7%9D%25%27+OR+mavat_name+LIKE+%27%25%D7%93%D7%99%D7%95%D7%A8%25%27%29&outFields=mp_id%2Cpl_id%2Cpl_number%2Cpl_name%2Cnum%2Cmavat_code%2Cmavat_name%2Clegal_area%2Cshape_area%2Cshape_length%2Cstation_desc%2Clast_update_date&returnGeometry=true&outSR=4326&f=geojson,בינונית,"תוקן placeholder: הצמד המקורי זהה אצל 197 פרויקטים; הוזז 5.4 ק״מ למקור המפורט. בדיקה אנושית למגרש יחיד: תכנית 101-0829440 כוללת 9 תאי מגורים (100;101;102;103;104;105;106;107;110); הנקודה נמצאת בתוך איחוד תאי המגורים הרשמיים, אך אין בעמוד הוכחה איזה תא הוא הפרויקט."
%d7%a4%d7%a8%d7%a0%d7%a7%d7%a4%d7%95%d7%a8%d7%98%d7%a8-2-4,31.814314,35.205761,https://ags.iplan.gov.il/arcgisiplan/rest/services/PlanningPublic/Xplan/MapServer/4/query?where=mp_id%3D1005363528+AND+%28mavat_name+LIKE+%27%25%D7%9E%D7%92%D7%95%D7%A8%D7%99%D7%9D%25%27+OR+mavat_name+LIKE+%27%25%D7%93%D7%99%D7%95%D7%A8%25%27%29&outFields=mp_id%2Cpl_id%2Cpl_number%2Cpl_name%2Cnum%2Cmavat_code%2Cmavat_name%2Clegal_area%2Cshape_area%2Cshape_length%2Cstation_desc%2Clast_update_date&returnGeometry=true&outSR=4326&f=geojson,גבוהה,תוקן placeholder: הצמד המקורי זהה אצל 197 פרויקטים; הוזז 4.4 ק״מ למקור המפורט. אומת מול תא מגורים רשמי יחיד 1 בתכנית 101-1308501; הנקודה בתוך התא הרשמי.
%d7%a2%d7%95%d7%9c%d7%99-%d7%94%d7%92%d7%a8%d7%93%d7%95%d7%9d-%d7%a7%d7%93%d7%95%d7%a9%d7%99-%d7%91%d7%91%d7%9c-%d7%9e%d7%aa%d7%97%d7%9d-%d7%97,31.750313,35.237523,https://ags.iplan.gov.il/arcgisiplan/rest/services/PlanningPublic/Xplan/MapServer/4/query?where=mp_id%3D1005347908+AND+%28mavat_name+LIKE+%27%25%D7%9E%D7%92%D7%95%D7%A8%D7%99%D7%9D%25%27+OR+mavat_name+LIKE+%27%25%D7%93%D7%99%D7%95%D7%A8%25%27%29&outFields=mp_id%2Cpl_id%2Cpl_number%2Cpl_name%2Cnum%2Cmavat_code%2Cmavat_name%2Clegal_area%2Cshape_area%2Cshape_length%2Cstation_desc%2Clast_update_date&returnGeometry=true&outSR=4326&f=geojson,בינונית,"תוקן placeholder: הצמד המקורי זהה אצל 197 פרויקטים; הוזז 3.4 ק״מ למקור המפורט. בדיקה אנושית למגרש יחיד: תכנית 101-1284660 כוללת 2 תאי מגורים (101;102); הנקודה נמצאת בתוך איחוד תאי המגורים הרשמיים, אך אין בעמוד הוכחה איזה תא הוא הפרויקט."
%d7%90%d7%95%d7%93%d7%9d-18-28,31.736723,35.181068,https://ags.iplan.gov.il/arcgisiplan/rest/services/PlanningPublic/Xplan/MapServer/4/query?where=mp_id%3D1005210654+AND+%28mavat_name+LIKE+%27%25%D7%9E%D7%92%D7%95%D7%A8%D7%99%D7%9D%25%27+OR+mavat_name+LIKE+%27%25%D7%93%D7%99%D7%95%D7%A8%25%27%29&outFields=mp_id%2Cpl_id%2Cpl_number%2Cpl_name%2Cnum%2Cmavat_code%2Cmavat_name%2Clegal_area%2Cshape_area%2Cshape_length%2Cstation_desc%2Clast_update_date&returnGeometry=true&outSR=4326&f=geojson,בינונית,"תוקן placeholder: הצמד המקורי זהה אצל 197 פרויקטים; הוזז 6.3 ק״מ למקור המפורט. בדיקה אנושית למגרש יחיד: תכנית 101-1065879 כוללת 2 תאי מגורים (1;2); הנקודה נמצאת בתוך איחוד תאי המגורים הרשמיים, אך אין בעמוד הוכחה איזה תא הוא הפרויקט."
%d7%9b%d7%98-%d7%91%d7%a0%d7%95%d7%91%d7%9e%d7%91%d7%a8-28,31.765871,35.212148,https://ags.iplan.gov.il/arcgisiplan/rest/services/PlanningPublic/Xplan/MapServer/4/query?where=mp_id%3D1005364000+AND+%28mavat_name+LIKE+%27%25%D7%9E%D7%92%D7%95%D7%A8%D7%99%D7%9D%25%27+OR+mavat_name+LIKE+%27%25%D7%93%D7%99%D7%95%D7%A8%25%27%29&outFields=mp_id%2Cpl_id%2Cpl_number%2Cpl_name%2Cnum%2Cmavat_code%2Cmavat_name%2Clegal_area%2Cshape_area%2Cshape_length%2Cstation_desc%2Clast_update_date&returnGeometry=true&outSR=4326&f=geojson,גבוהה,תוקן placeholder: הצמד המקורי זהה אצל 197 פרויקטים; הוזז 1.9 ק״מ למקור המפורט. אומת מול תא מגורים רשמי יחיד 1 בתכנית 101-1309061; הנקודה בתוך התא הרשמי.
%d7%93%d7%91-%d7%92%d7%a8%d7%95%d7%a0%d7%a8-230-237,31.750202,35.235882,https://ags.iplan.gov.il/arcgisiplan/rest/services/PlanningPublic/Xplan/MapServer/4/query?where=mp_id%3D1005305734+AND+%28mavat_name+LIKE+%27%25%D7%9E%D7%92%D7%95%D7%A8%D7%99%D7%9D%25%27+OR+mavat_name+LIKE+%27%25%D7%93%D7%99%D7%95%D7%A8%25%27%29&outFields=mp_id%2Cpl_id%2Cpl_number%2Cpl_name%2Cnum%2Cmavat_code%2Cmavat_name%2Clegal_area%2Cshape_area%2Cshape_length%2Cstation_desc%2Clast_update_date&returnGeometry=true&outSR=4326&f=geojson,בינונית,"תוקן placeholder: הצמד המקורי זהה אצל 197 פרויקטים; הוזז 3.3 ק״מ למקור המפורט. בדיקה אנושית למגרש יחיד: תכנית 101-1217165 כוללת 3 תאי מגורים (1;2;3); הנקודה נמצאת בתוך איחוד תאי המגורים הרשמיים, אך אין בעמוד הוכחה איזה תא הוא הפרויקט."
%d7%a7%d7%a6%d7%a0%d7%9c%d7%a1%d7%95%d7%9f-2-6,31.762491,35.202027,https://ags.iplan.gov.il/arcgisiplan/rest/services/PlanningPublic/Xplan/MapServer/4/query?where=mp_id%3D1005259580+AND+%28mavat_name+LIKE+%27%25%D7%9E%D7%92%D7%95%D7%A8%D7%99%D7%9D%25%27+OR+mavat_name+LIKE+%27%25%D7%93%D7%99%D7%95%D7%A8%25%27%29&outFields=mp_id%2Cpl_id%2Cpl_number%2Cpl_name%2Cnum%2Cmavat_code%2Cmavat_name%2Clegal_area%2Cshape_area%2Cshape_length%2Cstation_desc%2Clast_update_date&returnGeometry=true&outSR=4326&f=geojson,גבוהה,תוקן placeholder: הצמד המקורי זהה אצל 197 פרויקטים; הוזז 2.9 ק״מ למקור המפורט. אומת מול תא מגורים רשמי יחיד 1 בתכנית 101-1144179; הנקודה בתוך התא הרשמי.
%d7%9e%d7%a8%d7%92%d7%95%d7%9c%d7%99%d7%9f-1-%d7%94%d7%a9%d7%95%d7%9e%d7%a8-21,31.754114,35.195208,https://mavat.iplan.gov.il/SV4/1/1005321982/310,גבוהה,"תוקן placeholder: הצמד המקורי זהה אצל 197 פרויקטים; הוזז 4.0 ק״מ למקור המפורט. שתי הכתובות, השומר 21 ומרגולין 1, זהות במדויק בשם התכנית בירושלים. הנקודה חושבה מתוך גבול התכנית הרשמי ונבדקה כנמצאת בתוכו."
%d7%a4%d7%98%d7%a8%d7%99,31.839471,35.240845,https://ags.iplan.gov.il/arcgisiplan/rest/services/PlanningPublic/Xplan/MapServer/4/query?where=mp_id%3D1005257938+AND+%28mavat_name+LIKE+%27%25%D7%9E%D7%92%D7%95%D7%A8%D7%99%D7%9D%25%27+OR+mavat_name+LIKE+%27%25%D7%93%D7%99%D7%95%D7%A8%25%27%29&outFields=mp_id%2Cpl_id%2Cpl_number%2Cpl_name%2Cnum%2Cmavat_code%2Cmavat_name%2Clegal_area%2Cshape_area%2Cshape_length%2Cstation_desc%2Clast_update_date&returnGeometry=true&outSR=4326&f=geojson,בינונית,"תוקן placeholder: הצמד המקורי זהה אצל 197 פרויקטים; הוזז 6.9 ק״מ למקור המפורט. בדיקה אנושית למגרש יחיד: תכנית 101-1141290 כוללת 6 תאי מגורים (1;2;3;4;5;20); הנקודה נמצאת בתוך איחוד תאי המגורים הרשמיים, אך אין בעמוד הוכחה איזה תא הוא הפרויקט."
%d7%9e%d7%9c%d7%9b%d7%99-%d7%99%d7%a9%d7%a8%d7%90%d7%9c-5961-%d7%aa%d7%97%d7%9b%d7%9e%d7%95%d7%a0%d7%99-32,31.789993,35.212538,https://ags.iplan.gov.il/arcgisiplan/rest/services/PlanningPublic/Xplan/MapServer/4/query?where=mp_id%3D1005281558+AND+%28mavat_name+LIKE+%27%25%D7%9E%D7%92%D7%95%D7%A8%D7%99%D7%9D%25%27+OR+mavat_name+LIKE+%27%25%D7%93%D7%99%D7%95%D7%A8%25%27%29&outFields=mp_id%2Cpl_id%2Cpl_number%2Cpl_name%2Cnum%2Cmavat_code%2Cmavat_name%2Clegal_area%2Cshape_area%2Cshape_length%2Cstation_desc%2Clast_update_date&returnGeometry=true&outSR=4326&f=geojson,בינונית,"תוקן placeholder: הצמד המקורי זהה אצל 197 פרויקטים; הוזז 1.8 ק״מ למקור המפורט. בדיקה אנושית למגרש יחיד: תכנית 101-1181007 כוללת 2 תאי מגורים (1;2); הנקודה נמצאת בתוך איחוד תאי המגורים הרשמיים, אך אין בעמוד הוכחה איזה תא הוא הפרויקט."
%d7%9e%d7%aa%d7%97%d7%9d-45-%d7%9e%d7%95%d7%a8%d7%93%d7%99-%d7%94%d7%92%d7%98%d7%90%d7%95%d7%aa-4-6-8-10-12-%d7%9e%d7%a2%d7%9c%d7%94-%d7%94%d7%a9%d7%95%d7%90%d7%91%d7%94-5-7,32.089985,34.814179,https://ags.iplan.gov.il/arcgisiplan/rest/services/PlanningPublic/Xplan/MapServer/4/query?where=mp_id%3D5005278236+AND+%28mavat_name+LIKE+%27%25%D7%9E%D7%92%D7%95%D7%A8%D7%99%D7%9D%25%27+OR+mavat_name+LIKE+%27%25%D7%93%D7%99%D7%95%D7%A8%25%27%29&outFields=mp_id%2Cpl_id%2Cpl_number%2Cpl_name%2Cnum%2Cmavat_code%2Cmavat_name%2Clegal_area%2Cshape_area%2Cshape_length%2Cstation_desc%2Clast_update_date&returnGeometry=true&outSR=4326&f=geojson,בינונית,"תוקן placeholder: הצמד המקורי זהה אצל 76 פרויקטים; הוזז 2.6 ק״מ למקור המפורט. בדיקה אנושית למגרש יחיד: תכנית 506-1175876 כוללת 2 תאי מגורים (100;200); הנקודה נמצאת בתוך איחוד תאי המגורים הרשמיים, אך אין בעמוד הוכחה איזה תא הוא הפרויקט."
%d7%a8%d7%92-1506-%d7%90-%d7%9e%d7%aa%d7%97%d7%9d-%d7%94%d7%a8%d7%90%d7%a9%d7%95%d7%a0%d7%99%d7%9d-%d7%94%d7%9e%d7%a2%d7%99%d7%9f-%d7%99%d7%94%d7%95%d7%93%d7%94,32.081971,34.803335,https://ags.iplan.gov.il/arcgisiplan/rest/services/PlanningPublic/Xplan/MapServer/4/query?where=mp_id%3D5001001487+AND+%28mavat_name+LIKE+%27%25%D7%9E%D7%92%D7%95%D7%A8%D7%99%D7%9D%25%27+OR+mavat_name+LIKE+%27%25%D7%93%D7%99%D7%95%D7%A8%25%27%29&outFields=mp_id%2Cpl_id%2Cpl_number%2Cpl_name%2Cnum%2Cmavat_code%2Cmavat_name%2Clegal_area%2Cshape_area%2Cshape_length%2Cstation_desc%2Clast_update_date&returnGeometry=true&outSR=4326&f=geojson,גבוהה,תוקן placeholder: הצמד המקורי זהה אצל 76 פרויקטים; הוזז 2.5 ק״מ למקור המפורט. אומת מול תא מגורים רשמי יחיד 400 בתכנית 506-0746305; הנקודה בתוך התא הרשמי.
%d7%a8%d7%92-1926-%d7%90%d7%9e%d7%a0%d7%95%d7%9f-%d7%95%d7%aa%d7%9e%d7%a8-27-33-%d7%9e%d7%99%d7%9b%d7%90%d7%9c-14,32.071114,34.827144,https://ags.iplan.gov.il/arcgisiplan/rest/services/PlanningPublic/Xplan/MapServer/4/query?where=mp_id%3D5005375098+AND+%28mavat_name+LIKE+%27%25%D7%9E%D7%92%D7%95%D7%A8%D7%99%D7%9D%25%27+OR+mavat_name+LIKE+%27%25%D7%93%D7%99%D7%95%D7%A8%25%27%29&outFields=mp_id%2Cpl_id%2Cpl_number%2Cpl_name%2Cnum%2Cmavat_code%2Cmavat_name%2Clegal_area%2Cshape_area%2Cshape_length%2Cstation_desc%2Clast_update_date&returnGeometry=true&outSR=4326&f=geojson,גבוהה,תוקן placeholder: הצמד המקורי זהה אצל 76 פרויקטים; הוזז 356 מ׳ למקור המפורט. אומת מול תא מגורים רשמי יחיד 101 בתכנית 506-1325760; הנקודה בתוך התא הרשמי.
%d7%99%d7%90%d7%a0%d7%95%d7%a9-%d7%a7%d7%95%d7%a8%d7%a6%d7%a7,32.279404,34.850843,https://ags.iplan.gov.il/arcgisiplan/rest/services/PlanningPublic/Xplan/MapServer/4/query?where=mp_id%3D4005324388+AND+%28mavat_name+LIKE+%27%25%D7%9E%D7%92%D7%95%D7%A8%D7%99%D7%9D%25%27+OR+mavat_name+LIKE+%27%25%D7%93%D7%99%D7%95%D7%A8%25%27%29&outFields=mp_id%2Cpl_id%2Cpl_number%2Cpl_name%2Cnum%2Cmavat_code%2Cmavat_name%2Clegal_area%2Cshape_area%2Cshape_length%2Cstation_desc%2Clast_update_date&returnGeometry=true&outSR=4326&f=geojson,בינונית,"תוקן placeholder: הצמד המקורי זהה אצל 40 פרויקטים; הוזז 5.5 ק״מ למקור המפורט. בדיקה אנושית למגרש יחיד: תכנית 408-1246792 כוללת 3 תאי מגורים (101;102;401); הנקודה נמצאת בתוך איחוד תאי המגורים הרשמיים, אך אין בעמוד הוכחה איזה תא הוא הפרויקט."
%d7%94%d7%aa%d7%97%d7%93%d7%a9%d7%95%d7%aa-%d7%9e%d7%aa%d7%97%d7%9d-%d7%9e%d7%9b%d7%91%d7%99,32.274444,34.893487,https://ags.iplan.gov.il/arcgisiplan/rest/services/PlanningPublic/Xplan/MapServer/4/query?where=mp_id%3D4005270244+AND+%28mavat_name+LIKE+%27%25%D7%9E%D7%92%D7%95%D7%A8%D7%99%D7%9D%25%27+OR+mavat_name+LIKE+%27%25%D7%93%D7%99%D7%95%D7%A8%25%27%29&outFields=mp_id%2Cpl_id%2Cpl_number%2Cpl_name%2Cnum%2Cmavat_code%2Cmavat_name%2Clegal_area%2Cshape_area%2Cshape_length%2Cstation_desc%2Clast_update_date&returnGeometry=true&outSR=4326&f=geojson,בינונית,"תוקן placeholder: הצמד המקורי זהה אצל 2 פרויקטים; הוזז 62.8 ק״מ למקור המפורט. בדיקה אנושית למגרש יחיד: תכנית 457-1162601 כוללת 4 תאי מגורים (101;102;103;104); הנקודה נמצאת בתוך איחוד תאי המגורים הרשמיים, אך אין בעמוד הוכחה איזה תא הוא הפרויקט."
%d7%90%d7%91%d7%90-%d7%94%d7%9c%d7%9c-6365,32.089614,34.809075,https://ags.iplan.gov.il/arcgisiplan/rest/services/PlanningPublic/Xplan/MapServer/4/query?where=mp_id%3D5005149796+AND+%28mavat_name+LIKE+%27%25%D7%9E%D7%92%D7%95%D7%A8%D7%99%D7%9D%25%27+OR+mavat_name+LIKE+%27%25%D7%93%D7%99%D7%95%D7%A8%25%27%29&outFields=mp_id%2Cpl_id%2Cpl_number%2Cpl_name%2Cnum%2Cmavat_code%2Cmavat_name%2Clegal_area%2Cshape_area%2Cshape_length%2Cstation_desc%2Clast_update_date&returnGeometry=true&outSR=4326&f=geojson,גבוהה,תוקן placeholder: הצמד המקורי זהה אצל 76 פרויקטים; הוזז 2.8 ק״מ למקור המפורט. אומת מול תא מגורים רשמי יחיד 101 בתכנית 506-0991810; הנקודה בתוך התא הרשמי.
%d7%94%d7%aa%d7%97%d7%93%d7%a9%d7%95%d7%aa-%d7%93%d7%a8%d7%9a-%d7%94%d7%a9%d7%9c%d7%95%d7%9d-117-105,32.060602,34.806883,https://ags.iplan.gov.il/arcgisiplan/rest/services/PlanningPublic/Xplan/MapServer/4/query?where=mp_id%3D5005188716+AND+%28mavat_name+LIKE+%27%25%D7%9E%D7%92%D7%95%D7%A8%D7%99%D7%9D%25%27+OR+mavat_name+LIKE+%27%25%D7%93%D7%99%D7%95%D7%A8%25%27%29&outFields=mp_id%2Cpl_id%2Cpl_number%2Cpl_name%2Cnum%2Cmavat_code%2Cmavat_name%2Clegal_area%2Cshape_area%2Cshape_length%2Cstation_desc%2Clast_update_date&returnGeometry=true&outSR=4326&f=geojson,בינונית,"תוקן placeholder: הצמד המקורי זהה אצל 57 פרויקטים; הוזז 3.6 ק״מ למקור המפורט. בדיקה אנושית למגרש יחיד: תכנית 507-1028927 כוללת 2 תאי מגורים (100;101); הנקודה נמצאת בתוך איחוד תאי המגורים הרשמיים, אך אין בעמוד הוכחה איזה תא הוא הפרויקט."
%d7%94%d7%a0%d7%91%d7%99%d7%90%d7%99%d7%9d-%d7%9e%d7%aa%d7%97%d7%9d-1,31.610439,34.764493,https://ags.iplan.gov.il/arcgisiplan/rest/services/PlanningPublic/XplanNoKanam/MapServer/1/query?where=mp_id%3D6005427050&outFields=mp_id%2Cpl_id%2Cpl_number%2Cpl_name%2Cnum%2Cmavat_code%2Cmavat_name%2Clegal_area%2Cshape_area%2Cshape_length%2Cstation_desc%2Clast_update_date%2Cobjectid&returnGeometry=true&outSR=4326&f=geojson,נמוכה,"תוקן placeholder: הצמד המקורי זהה אצל 8 פרויקטים; הוזז 645 מ׳ למקור המפורט. בדיקה אנושית: אותר גבול רשמי של תכנית 606-1410539, אך לא אותר תא מגורים/מגרש יחיד. הנקודה בתוך גבול התכנית בלבד."
%d7%92%d7%9f-%d7%9e%d7%a8%d7%a1%d7%99%d7%99,,,,נמוכה,"בדיקה אנושית: לא נמצא מקור שמאפשר למסור נקודה ברמת מגרש בביטחון; lat/lng הושארו ריקים. בדיקה אנושית: נמצאו מועמדי XPLAN חלקיים או מרובים, אך אין התאמת שם+עיר חד-משמעית. מועמדים: 399-0757427 — גן לאומי ים קיסריה; 304-0144063 — חפ/1880א - גן הילד - בית בחורש; 304-0743799 — חפ/מק/1602/ח - פינת גן 2, רציף מרגולין 51, בת גלים, חיפה."
%d7%91%d7%9f-%d7%a6%d7%91%d7%99-2,32.777543,35.512467,https://ags.iplan.gov.il/arcgisiplan/rest/services/PlanningPublic/Xplan/MapServer/4/query?where=mp_id%3D2005356912+AND+%28mavat_name+LIKE+%27%25%D7%9E%D7%92%D7%95%D7%A8%D7%99%D7%9D%25%27+OR+mavat_name+LIKE+%27%25%D7%93%D7%99%D7%95%D7%A8%25%27%29&outFields=mp_id%2Cpl_id%2Cpl_number%2Cpl_name%2Cnum%2Cmavat_code%2Cmavat_name%2Clegal_area%2Cshape_area%2Cshape_length%2Cstation_desc%2Clast_update_date&returnGeometry=true&outSR=4326&f=geojson,בינונית,"תוקן placeholder: הצמד המקורי זהה אצל 4 פרויקטים; הוזז 2.6 ק״מ למקור המפורט. בדיקה אנושית למגרש יחיד: תכנית 207-1297878 כוללת 17 תאי מגורים (100;101;102;103;104;105;106;107;108;109;110;111;112;113;114;115;116); הנקודה נמצאת בתוך איחוד תאי המגורים הרשמיים, אך אין בעמוד הוכחה איזה תא הוא הפרויקט."
%d7%a8%d7%92-1847-%d7%a2%d7%95%d7%96%d7%99%d7%90%d7%9c-23-31,32.076336,34.823457,https://ags.iplan.gov.il/arcgisiplan/rest/services/PlanningPublic/Xplan/MapServer/4/query?where=mp_id%3D5000882125+AND+%28mavat_name+LIKE+%27%25%D7%9E%D7%92%D7%95%D7%A8%D7%99%D7%9D%25%27+OR+mavat_name+LIKE+%27%25%D7%93%D7%99%D7%95%D7%A8%25%27%29&outFields=mp_id%2Cpl_id%2Cpl_number%2Cpl_name%2Cnum%2Cmavat_code%2Cmavat_name%2Clegal_area%2Cshape_area%2Cshape_length%2Cstation_desc%2Clast_update_date&returnGeometry=true&outSR=4326&f=geojson,גבוהה,תוקן placeholder: הצמד המקורי זהה אצל 76 פרויקטים; הוזז 858 מ׳ למקור המפורט. אומת מול תא מגורים רשמי יחיד 1 בתכנית 506-0539528; הנקודה בתוך התא הרשמי.
%d7%9e%d7%98%d7%95%d7%9c%d7%94-%d7%a8%d7%90%d7%a9-%d7%a4%d7%99%d7%a0%d7%94-%d7%9e%d7%a9%d7%9e%d7%a8-%d7%94%d7%99%d7%a8%d7%93%d7%9f-6-8,32.064620,34.829509,https://ags.iplan.gov.il/arcgisiplan/rest/services/PlanningPublic/Xplan/MapServer/4/query?where=mp_id%3D5005340042+AND+%28mavat_name+LIKE+%27%25%D7%9E%D7%92%D7%95%D7%A8%D7%99%D7%9D%25%27+OR+mavat_name+LIKE+%27%25%D7%93%D7%99%D7%95%D7%A8%25%27%29&outFields=mp_id%2Cpl_id%2Cpl_number%2Cpl_name%2Cnum%2Cmavat_code%2Cmavat_name%2Clegal_area%2Cshape_area%2Cshape_length%2Cstation_desc%2Clast_update_date&returnGeometry=true&outSR=4326&f=geojson,גבוהה,תוקן placeholder: הצמד המקורי זהה אצל 76 פרויקטים; הוזז 641 מ׳ למקור המפורט. אומת מול תא מגורים רשמי יחיד 100 בתכנית 506-1272988; הנקודה בתוך התא הרשמי.
%d7%94%d7%a4%d7%95%d7%93%d7%99%d7%9d-%d7%9e%d7%aa%d7%97%d7%9d-104,32.092746,34.821016,https://ags.iplan.gov.il/arcgisiplan/rest/services/PlanningPublic/Xplan/MapServer/4/query?where=mp_id%3D5005097962+AND+%28mavat_name+LIKE+%27%25%D7%9E%D7%92%D7%95%D7%A8%D7%99%D7%9D%25%27+OR+mavat_name+LIKE+%27%25%D7%93%D7%99%D7%95%D7%A8%25%27%29&outFields=mp_id%2Cpl_id%2Cpl_number%2Cpl_name%2Cnum%2Cmavat_code%2Cmavat_name%2Clegal_area%2Cshape_area%2Cshape_length%2Cstation_desc%2Clast_update_date&returnGeometry=true&outSR=4326&f=geojson,גבוהה,תוקן placeholder: הצמד המקורי זהה אצל 76 פרויקטים; הוזז 2.7 ק״מ למקור המפורט. אומת מול תא מגורים רשמי יחיד 10 בתכנית 506-0905919; הנקודה בתוך התא הרשמי.
%d7%a4%d7%90%d7%a8%d7%9f-4,31.801641,35.228808,https://ags.iplan.gov.il/arcgisiplan/rest/services/PlanningPublic/Xplan/MapServer/4/query?where=mp_id%3D1005311084+AND+%28mavat_name+LIKE+%27%25%D7%9E%D7%92%D7%95%D7%A8%D7%99%D7%9D%25%27+OR+mavat_name+LIKE+%27%25%D7%93%D7%99%D7%95%D7%A8%25%27%29&outFields=mp_id%2Cpl_id%2Cpl_number%2Cpl_name%2Cnum%2Cmavat_code%2Cmavat_name%2Clegal_area%2Cshape_area%2Cshape_length%2Cstation_desc%2Clast_update_date&returnGeometry=true&outSR=4326&f=geojson,גבוהה,תוקן placeholder: הצמד המקורי זהה אצל 197 פרויקטים; הוזז 2.6 ק״מ למקור המפורט. אומת מול תא מגורים רשמי יחיד 1 בתכנית 101-1225895; הנקודה בתוך התא הרשמי.
%d7%a7%d7%93%d7%99%d7%a9-%d7%9c%d7%95%d7%96-3-13-%d7%99%d7%a8%d7%95%d7%a9%d7%9c%d7%99%d7%9d,31.758722,35.183102,https://ags.iplan.gov.il/arcgisiplan/rest/services/PlanningPublic/Xplan/MapServer/4/query?where=mp_id%3D1005314956+AND+%28mavat_name+LIKE+%27%25%D7%9E%D7%92%D7%95%D7%A8%D7%99%D7%9D%25%27+OR+mavat_name+LIKE+%27%25%D7%93%D7%99%D7%95%D7%A8%25%27%29&outFields=mp_id%2Cpl_id%2Cpl_number%2Cpl_name%2Cnum%2Cmavat_code%2Cmavat_name%2Clegal_area%2Cshape_area%2Cshape_length%2Cstation_desc%2Clast_update_date&returnGeometry=true&outSR=4326&f=geojson,בינונית,"תוקן placeholder: הצמד המקורי זהה אצל 197 פרויקטים; הוזז 4.6 ק״מ למקור המפורט. בדיקה אנושית למגרש יחיד: תכנית 101-1231729 כוללת 2 תאי מגורים (101;102); הנקודה נמצאת בתוך איחוד תאי המגורים הרשמיים, אך אין בעמוד הוכחה איזה תא הוא הפרויקט."
%d7%91%d7%95%d7%98%d7%95%d7%a7%d7%95%d7%91%d7%a1%d7%a7%d7%99-30-32,32.431672,34.918938,https://ags.iplan.gov.il/arcgisiplan/rest/services/PlanningPublic/Xplan/MapServer/4/query?where=mp_id%3D3005375308+AND+%28mavat_name+LIKE+%27%25%D7%9E%D7%92%D7%95%D7%A8%D7%99%D7%9D%25%27+OR+mavat_name+LIKE+%27%25%D7%93%D7%99%D7%95%D7%A8%25%27%29&outFields=mp_id%2Cpl_id%2Cpl_number%2Cpl_name%2Cnum%2Cmavat_code%2Cmavat_name%2Clegal_area%2Cshape_area%2Cshape_length%2Cstation_desc%2Clast_update_date&returnGeometry=true&outSR=4326&f=geojson,גבוהה,תוקן placeholder: הצמד המקורי זהה אצל 21 פרויקטים; הוזז 2.2 ק״מ למקור המפורט. אומת מול תא מגורים רשמי יחיד 100 בתכנית 302-1326263; הנקודה בתוך התא הרשמי.
%d7%a7%d7%95%d7%a7%d7%99%d7%a1,32.019333,34.742522,https://ags.iplan.gov.il/arcgisiplan/rest/services/PlanningPublic/Xplan/MapServer/4/query?where=mp_id%3D5005395090+AND+%28mavat_name+LIKE+%27%25%D7%9E%D7%92%D7%95%D7%A8%D7%99%D7%9D%25%27+OR+mavat_name+LIKE+%27%25%D7%93%D7%99%D7%95%D7%A8%25%27%29&outFields=mp_id%2Cpl_id%2Cpl_number%2Cpl_name%2Cnum%2Cmavat_code%2Cmavat_name%2Clegal_area%2Cshape_area%2Cshape_length%2Cstation_desc%2Clast_update_date&returnGeometry=true&outSR=4326&f=geojson,גבוהה,תוקן placeholder: הצמד המקורי זהה אצל 38 פרויקטים; הוזז 869 מ׳ למקור המפורט. אומת מול תא מגורים רשמי יחיד 3 בתכנית 502-1358357; הנקודה בתוך התא הרשמי.
%d7%9e%d7%95%d7%9c-%d7%94%d7%aa%d7%97%d7%a0%d7%94-%d7%94%d7%9e%d7%a8%d7%9b%d7%96%d7%99%d7%aa,,,,נמוכה,בדיקה אנושית: לא נמצא מקור שמאפשר למסור נקודה ברמת מגרש בביטחון; lat/lng הושארו ריקים. בדיקה אנושית: לא נמצאה ב-XPLAN תכנית בעיר ששמה תואם באופן מספק לשם הפרויקט.
%d7%a1%d7%9f-%d7%9e%d7%a8%d7%98%d7%99%d7%9f-21-19,31.753609,35.193913,https://ags.iplan.gov.il/arcgisiplan/rest/services/PlanningPublic/Xplan/MapServer/4/query?where=mp_id%3D1005183160+AND+%28mavat_name+LIKE+%27%25%D7%9E%D7%92%D7%95%D7%A8%D7%99%D7%9D%25%27+OR+mavat_name+LIKE+%27%25%D7%93%D7%99%D7%95%D7%A8%25%27%29&outFields=mp_id%2Cpl_id%2Cpl_number%2Cpl_name%2Cnum%2Cmavat_code%2Cmavat_name%2Clegal_area%2Cshape_area%2Cshape_length%2Cstation_desc%2Clast_update_date&returnGeometry=true&outSR=4326&f=geojson,גבוהה,תוקן placeholder: הצמד המקורי זהה אצל 197 פרויקטים; הוזז 4.1 ק״מ למקור המפורט. אומת מול תא מגורים רשמי יחיד 1 בתכנית 101-1019157; הנקודה בתוך התא הרשמי.
%d7%9e%d7%aa%d7%97%d7%9d-11-%d7%a7%d7%a8%d7%99%d7%99%d7%aa-%d7%90%d7%9c%d7%99%d7%a2%d7%96%d7%a8,32.823668,34.980228,https://ags.iplan.gov.il/arcgisiplan/rest/services/PlanningPublic/Xplan/MapServer/4/query?where=mp_id%3D3005459948+AND+%28mavat_name+LIKE+%27%25%D7%9E%D7%92%D7%95%D7%A8%D7%99%D7%9D%25%27+OR+mavat_name+LIKE+%27%25%D7%93%D7%99%D7%95%D7%A8%25%27%29&outFields=mp_id%2Cpl_id%2Cpl_number%2Cpl_name%2Cnum%2Cmavat_code%2Cmavat_name%2Clegal_area%2Cshape_area%2Cshape_length%2Cstation_desc%2Clast_update_date&returnGeometry=true&outSR=4326&f=geojson,בינונית,"תוקן placeholder: הצמד המקורי זהה אצל 43 פרויקטים; הוזז 1.8 ק״מ למקור המפורט. בדיקה אנושית למגרש יחיד: תכנית 304-1464700 כוללת 3 תאי מגורים (201;202;203); הנקודה נמצאת בתוך איחוד תאי המגורים הרשמיים, אך אין בעמוד הוכחה איזה תא הוא הפרויקט."
%d7%96%d7%90%d7%9f-%d7%96%d7%95%d7%a8%d7%a1-16-32,32.824075,34.962241,https://ags.iplan.gov.il/arcgisiplan/rest/services/PlanningPublic/Xplan/MapServer/4/query?where=mp_id%3D3005403250+AND+%28mavat_name+LIKE+%27%25%D7%9E%D7%92%D7%95%D7%A8%D7%99%D7%9D%25%27+OR+mavat_name+LIKE+%27%25%D7%93%D7%99%D7%95%D7%A8%25%27%29&outFields=mp_id%2Cpl_id%2Cpl_number%2Cpl_name%2Cnum%2Cmavat_code%2Cmavat_name%2Clegal_area%2Cshape_area%2Cshape_length%2Cstation_desc%2Clast_update_date&returnGeometry=true&outSR=4326&f=geojson,גבוהה,תוקן placeholder: הצמד המקורי זהה אצל 43 פרויקטים; הוזז 3.4 ק״מ למקור המפורט. אומת מול תא מגורים רשמי יחיד 101 בתכנית 304-1371210; הנקודה בתוך התא הרשמי.
%d7%97%d7%a0%d7%a7%d7%99%d7%9f-%d7%9e%d7%a8%d7%9b%d7%96,32.015682,34.778487,https://ags.iplan.gov.il/arcgisiplan/rest/services/PlanningPublic/XplanNoKanam/MapServer/1/query?where=mp_id%3D5005414054&outFields=mp_id%2Cpl_id%2Cpl_number%2Cpl_name%2Cnum%2Cmavat_code%2Cmavat_name%2Clegal_area%2Cshape_area%2Cshape_length%2Cstation_desc%2Clast_update_date%2Cobjectid&returnGeometry=true&outSR=4326&f=geojson,נמוכה,"תוקן placeholder: הצמד המקורי זהה אצל 25 פרויקטים; הוזז 442 מ׳ למקור המפורט. בדיקה אנושית: אותר גבול רשמי של תכנית 505-1389337, אך לא אותר תא מגורים/מגרש יחיד. הנקודה בתוך גבול התכנית בלבד."
%d7%94%d7%94%d7%a1%d7%aa%d7%93%d7%a8%d7%95%d7%aa-197-207,,,,נמוכה,"בדיקה אנושית: לא נמצא מקור שמאפשר למסור נקודה ברמת מגרש בביטחון; lat/lng הושארו ריקים. בדיקה אנושית: נמצאו מועמדי XPLAN חלקיים או מרובים, אך אין התאמת שם+עיר חד-משמעית. מועמדים: 505-1535202 — מתחם ההסתדרות 197-209 - חולון- הודעה לפי סעיף 77-78; 505-0988105 — ח/מק/219 ההסתדרות 143-145; 505-0668343 — ח/מק/239 - רח' ההסתדרות 69-77 - התחדשות עירונית"
%d7%9e%d7%aa%d7%97%d7%9d-3-%d7%94%d7%92%d7%99%d7%91%d7%95%d7%a8%d7%99%d7%9d,32.656691,35.106851,https://ags.iplan.gov.il/arcgisiplan/rest/services/PlanningPublic/XplanNoKanam/MapServer/1/query?where=mp_id%3D2005421138+AND+%28mavat_name+LIKE+%27%25%D7%9E%D7%92%D7%95%D7%A8%D7%99%D7%9D%25%27+OR+mavat_name+LIKE+%27%25%D7%93%D7%99%D7%95%D7%A8%25%27%29&outFields=mp_id%2Cpl_id%2Cpl_number%2Cpl_name%2Cnum%2Cmavat_code%2Cmavat_name%2Clegal_area%2Cshape_area%2Cshape_length%2Cstation_desc%2Clast_update_date%2Cobjectid&returnGeometry=true&outSR=4326&f=geojson,בינונית,"תוקן placeholder: הצמד המקורי זהה אצל 4 פרויקטים; הוזז 1.5 ק״מ למקור המפורט. בדיקה אנושית למגרש יחיד: תכנית 222-1400969 כוללת 9 תאי מגורים (1;2;3;4;5;6;7;8;9); הנקודה נמצאת בתוך איחוד תאי המגורים הרשמיים, אך אין בעמוד הוכחה איזה תא הוא הפרויקט."
%d7%a8%d7%91%d7%99-%d7%a2%d7%a7%d7%99%d7%91%d7%90-3-15-%d7%91%d7%a8-%d7%9b%d7%95%d7%9b%d7%91%d7%90-3-5,32.014300,34.788750,https://ags.iplan.gov.il/arcgisiplan/rest/services/PlanningPublic/Xplan/MapServer/4/query?where=mp_id%3D5005407062+AND+%28mavat_name+LIKE+%27%25%D7%9E%D7%92%D7%95%D7%A8%D7%99%D7%9D%25%27+OR+mavat_name+LIKE+%27%25%D7%93%D7%99%D7%95%D7%A8%25%27%29&outFields=mp_id%2Cpl_id%2Cpl_number%2Cpl_name%2Cnum%2Cmavat_code%2Cmavat_name%2Clegal_area%2Cshape_area%2Cshape_length%2Cstation_desc%2Clast_update_date&returnGeometry=true&outSR=4326&f=geojson,בינונית,"תוקן placeholder: הצמד המקורי זהה אצל 25 פרויקטים; הוזז 964 מ׳ למקור המפורט. בדיקה אנושית למגרש יחיד: תכנית 505-1377266 כוללת 3 תאי מגורים (201;202;203); הנקודה נמצאת בתוך איחוד תאי המגורים הרשמיים, אך אין בעמוד הוכחה איזה תא הוא הפרויקט."
%d7%94%d7%a8%d7%95%d7%90%d7%94-%d7%94%d7%92%d7%aa-%d7%a8%d7%9e%d7%aa-%d7%92%d7%9f,32.084273,34.821323,https://ags.iplan.gov.il/arcgisiplan/rest/services/PlanningPublic/Xplan/MapServer/4/query?where=mp_id%3D5005327390+AND+%28mavat_name+LIKE+%27%25%D7%9E%D7%92%D7%95%D7%A8%D7%99%D7%9D%25%27+OR+mavat_name+LIKE+%27%25%D7%93%D7%99%D7%95%D7%A8%25%27%29&outFields=mp_id%2Cpl_id%2Cpl_number%2Cpl_name%2Cnum%2Cmavat_code%2Cmavat_name%2Clegal_area%2Cshape_area%2Cshape_length%2Cstation_desc%2Clast_update_date&returnGeometry=true&outSR=4326&f=geojson,גבוהה,תוקן placeholder: הצמד המקורי זהה אצל 76 פרויקטים; הוזז 1.8 ק״מ למקור המפורט. אומת מול תא מגורים רשמי יחיד 100 בתכנית 506-1251669; הנקודה בתוך התא הרשמי.
%d7%a7%d7%95%d7%9c%d7%95%d7%9e%d7%91%d7%99%d7%94-7,31.758536,35.165254,https://ags.iplan.gov.il/arcgisiplan/rest/services/PlanningPublic/Xplan/MapServer/4/query?where=mp_id%3D1005326778+AND+%28mavat_name+LIKE+%27%25%D7%9E%D7%92%D7%95%D7%A8%D7%99%D7%9D%25%27+OR+mavat_name+LIKE+%27%25%D7%93%D7%99%D7%95%D7%A8%25%27%29&outFields=mp_id%2Cpl_id%2Cpl_number%2Cpl_name%2Cnum%2Cmavat_code%2Cmavat_name%2Clegal_area%2Cshape_area%2Cshape_length%2Cstation_desc%2Clast_update_date&returnGeometry=true&outSR=4326&f=geojson,גבוהה,תוקן placeholder: הצמד המקורי זהה אצל 197 פרויקטים; הוזז 6.2 ק״מ למקור המפורט. אומת מול תא מגורים רשמי יחיד 1 בתכנית 101-1250570; הנקודה בתוך התא הרשמי.
%d7%a4%d7%99%d7%a0%d7%95%d7%99-%d7%91%d7%99%d7%a0%d7%95%d7%99-%d7%9e%d7%aa%d7%97%d7%9d-%d7%98%d7%a8%d7%95%d7%9e%d7%9f-c-%d7%a7%d7%a8%d7%99%d7%99%d7%aa-%d7%97%d7%99%d7%99%d7%9d,32.836579,35.056079,https://ags.iplan.gov.il/arcgisiplan/rest/services/PlanningPublic/Xplan/MapServer/4/query?where=mp_id%3D3005405420+AND+%28mavat_name+LIKE+%27%25%D7%9E%D7%92%D7%95%D7%A8%D7%99%D7%9D%25%27+OR+mavat_name+LIKE+%27%25%D7%93%D7%99%D7%95%D7%A8%25%27%29&outFields=mp_id%2Cpl_id%2Cpl_number%2Cpl_name%2Cnum%2Cmavat_code%2Cmavat_name%2Clegal_area%2Cshape_area%2Cshape_length%2Cstation_desc%2Clast_update_date&returnGeometry=true&outSR=4326&f=geojson,גבוהה,תוקן placeholder: הצמד המקורי זהה אצל 43 פרויקטים; הוזז 5.7 ק״מ למקור המפורט. אומת מול תא מגורים רשמי יחיד 101 בתכנית 304-1374586; הנקודה בתוך התא הרשמי.
%d7%94%d7%90%d7%95%d7%a8%d7%9f-2,31.801039,35.156794,https://ags.iplan.gov.il/arcgisiplan/rest/services/PlanningPublic/XplanNoKanam/MapServer/1/query?where=mp_id%3D1005418444&outFields=mp_id%2Cpl_id%2Cpl_number%2Cpl_name%2Cnum%2Cmavat_code%2Cmavat_name%2Clegal_area%2Cshape_area%2Cshape_length%2Cstation_desc%2Clast_update_date%2Cobjectid&returnGeometry=true&outSR=4326&f=geojson,נמוכה,"תוקן placeholder: הצמד המקורי זהה אצל 2 פרויקטים; הוזז 647 מ׳ למקור המפורט. בדיקה אנושית: אותר גבול רשמי של תכנית 101-1396720, אך לא אותר תא מגורים/מגרש יחיד. הנקודה בתוך גבול התכנית בלבד."
%d7%91%d7%a8-%d7%9b%d7%95%d7%9b%d7%91%d7%90-%d7%a1%d7%98%d7%a8%d7%95%d7%9e%d7%94-%d7%92%d7%95%d7%9c%d7%a0%d7%93%d7%94%d7%99%d7%a8%d7%a9,,,,נמוכה,"בדיקה אנושית: לא נמצא מקור שמאפשר למסור נקודה ברמת מגרש בביטחון; lat/lng הושארו ריקים. בדיקה אנושית: נמצאו מועמדי XPLAN חלקיים או מרובים, אך אין התאמת שם+עיר חד-משמעית. מועמדים: 410-1489608 — מרכז פתח תקווה בר כוכבא 3-9; 410-0424440 — פת/מק/73/1205 - רח' בר-כוכבא 19,21 פ""ת; 410-0413815 — בניין למגורים מעל קומת מסחר ברח' בר כוכבא 17 פ""ת"
%d7%a8%d7%a1%d7%a7%d7%95-2,32.039236,34.768846,https://ags.iplan.gov.il/arcgisiplan/rest/services/PlanningPublic/Xplan/MapServer/4/query?where=mp_id%3D5000908791+AND+%28mavat_name+LIKE+%27%25%D7%9E%D7%92%D7%95%D7%A8%D7%99%D7%9D%25%27+OR+mavat_name+LIKE+%27%25%D7%93%D7%99%D7%95%D7%A8%25%27%29&outFields=mp_id%2Cpl_id%2Cpl_number%2Cpl_name%2Cnum%2Cmavat_code%2Cmavat_name%2Clegal_area%2Cshape_area%2Cshape_length%2Cstation_desc%2Clast_update_date&returnGeometry=true&outSR=4326&f=geojson,בינונית,"תוקן placeholder: הצמד המקורי זהה אצל 57 פרויקטים; הוזז 5.3 ק״מ למקור המפורט. בדיקה אנושית למגרש יחיד: תכנית 507-0590687 כוללת 4 תאי מגורים (1001;1002;1003;1040); הנקודה נמצאת בתוך איחוד תאי המגורים הרשמיים, אך אין בעמוד הוכחה איזה תא הוא הפרויקט."
%d7%94%d7%90%d7%97%d7%9c%d7%9e%d7%94-5,31.727310,35.189079,https://ags.iplan.gov.il/arcgisiplan/rest/services/PlanningPublic/Xplan/MapServer/4/query?where=mp_id%3D1005291050+AND+%28mavat_name+LIKE+%27%25%D7%9E%D7%92%D7%95%D7%A8%D7%99%D7%9D%25%27+OR+mavat_name+LIKE+%27%25%D7%93%D7%99%D7%95%D7%A8%25%27%29&outFields=mp_id%2Cpl_id%2Cpl_number%2Cpl_name%2Cnum%2Cmavat_code%2Cmavat_name%2Clegal_area%2Cshape_area%2Cshape_length%2Cstation_desc%2Clast_update_date&returnGeometry=true&outSR=4326&f=geojson,גבוהה,תוקן placeholder: הצמד המקורי זהה אצל 197 פרויקטים; הוזז 6.7 ק״מ למקור המפורט. אומת מול תא מגורים רשמי יחיד 1 בתכנית 101-1197102; הנקודה בתוך התא הרשמי.
%d7%94%d7%a8%d7%90%d7%94-174-176-%d7%90%d7%94%d7%95%d7%93-4,32.071822,34.824669,https://ags.iplan.gov.il/arcgisiplan/rest/services/PlanningPublic/Xplan/MapServer/4/query?where=mp_id%3D5005099732+AND+%28mavat_name+LIKE+%27%25%D7%9E%D7%92%D7%95%D7%A8%D7%99%D7%9D%25%27+OR+mavat_name+LIKE+%27%25%D7%93%D7%99%D7%95%D7%A8%25%27%29&outFields=mp_id%2Cpl_id%2Cpl_number%2Cpl_name%2Cnum%2Cmavat_code%2Cmavat_name%2Clegal_area%2Cshape_area%2Cshape_length%2Cstation_desc%2Clast_update_date&returnGeometry=true&outSR=4326&f=geojson,גבוהה,תוקן placeholder: הצמד המקורי זהה אצל 76 פרויקטים; הוזז 349 מ׳ למקור המפורט. אומת מול תא מגורים רשמי יחיד 1 בתכנית 506-0909762; הנקודה בתוך התא הרשמי.
%d7%91%d7%a8%d7%9c-%d7%9c%d7%95%d7%a7%d7%a8-25-26,31.749144,35.202483,https://ags.iplan.gov.il/arcgisiplan/rest/services/PlanningPublic/Xplan/MapServer/4/query?where=mp_id%3D1005358292+AND+%28mavat_name+LIKE+%27%25%D7%9E%D7%92%D7%95%D7%A8%D7%99%D7%9D%25%27+OR+mavat_name+LIKE+%27%25%D7%93%D7%99%D7%95%D7%A8%25%27%29&outFields=mp_id%2Cpl_id%2Cpl_number%2Cpl_name%2Cnum%2Cmavat_code%2Cmavat_name%2Clegal_area%2Cshape_area%2Cshape_length%2Cstation_desc%2Clast_update_date&returnGeometry=true&outSR=4326&f=geojson,גבוהה,תוקן placeholder: הצמד המקורי זהה אצל 197 פרויקטים; הוזז 4.0 ק״מ למקור המפורט. אומת מול תא מגורים רשמי יחיד 1 בתכנית 101-1300003; הנקודה בתוך התא הרשמי.
%d7%92%d7%a0%d7%a1%d7%99%d7%9f-%d7%95%d7%99%d7%a6%d7%9e%d7%9f-%d7%a8%d7%9e%d7%91%d7%9d,32.070885,34.808171,https://ags.iplan.gov.il/arcgisiplan/rest/services/PlanningPublic/Xplan/MapServer/4/query?where=mp_id%3D5005365608+AND+%28mavat_name+LIKE+%27%25%D7%9E%D7%92%D7%95%D7%A8%D7%99%D7%9D%25%27+OR+mavat_name+LIKE+%27%25%D7%93%D7%99%D7%95%D7%A8%25%27%29&outFields=mp_id%2Cpl_id%2Cpl_number%2Cpl_name%2Cnum%2Cmavat_code%2Cmavat_name%2Clegal_area%2Cshape_area%2Cshape_length%2Cstation_desc%2Clast_update_date&returnGeometry=true&outSR=4326&f=geojson,גבוהה,תוקן placeholder: הצמד המקורי זהה אצל 24 פרויקטים; הוזז 377 מ׳ למקור המפורט. אומת מול תא מגורים רשמי יחיד 100 בתכנית 503-1311307; הנקודה בתוך התא הרשמי.
%d7%94%d7%a4%d7%90%d7%a8%d7%a7-%d7%a9%d7%a4%d7%a8%d7%99%d7%a0%d7%a6%d7%a7,32.820585,34.962475,https://ags.iplan.gov.il/arcgisiplan/rest/services/PlanningPublic/Xplan/MapServer/4/query?where=mp_id%3D3005271510+AND+%28mavat_name+LIKE+%27%25%D7%9E%D7%92%D7%95%D7%A8%D7%99%D7%9D%25%27+OR+mavat_name+LIKE+%27%25%D7%93%D7%99%D7%95%D7%A8%25%27%29&outFields=mp_id%2Cpl_id%2Cpl_number%2Cpl_name%2Cnum%2Cmavat_code%2Cmavat_name%2Clegal_area%2Cshape_area%2Cshape_length%2Cstation_desc%2Clast_update_date&returnGeometry=true&outSR=4326&f=geojson,גבוהה,תוקן placeholder: הצמד המקורי זהה אצל 43 פרויקטים; הוזז 3.4 ק״מ למקור המפורט. אומת מול תא מגורים רשמי יחיד 1 בתכנית 304-1164656; הנקודה בתוך התא הרשמי.
%d7%90%d7%a8%d7%9c%d7%95%d7%96%d7%95%d7%a8%d7%95%d7%91-33-41,32.080773,34.810504,https://ags.iplan.gov.il/arcgisiplan/rest/services/PlanningPublic/Xplan/MapServer/4/query?where=mp_id%3D5001003265+AND+%28mavat_name+LIKE+%27%25%D7%9E%D7%92%D7%95%D7%A8%D7%99%D7%9D%25%27+OR+mavat_name+LIKE+%27%25%D7%93%D7%99%D7%95%D7%A8%25%27%29&outFields=mp_id%2Cpl_id%2Cpl_number%2Cpl_name%2Cnum%2Cmavat_code%2Cmavat_name%2Clegal_area%2Cshape_area%2Cshape_length%2Cstation_desc%2Clast_update_date&returnGeometry=true&outSR=4326&f=geojson,גבוהה,תוקן placeholder: הצמד המקורי זהה אצל 76 פרויקטים; הוזז 1.9 ק״מ למקור המפורט. אומת מול תא מגורים רשמי יחיד 1 בתכנית 506-0749317; הנקודה בתוך התא הרשמי.
%d7%a9%d7%98%d7%a8%d7%9f-43,31.752577,35.176824,https://ags.iplan.gov.il/arcgisiplan/rest/services/PlanningPublic/Xplan/MapServer/4/query?where=mp_id%3D1005324262+AND+%28mavat_name+LIKE+%27%25%D7%9E%D7%92%D7%95%D7%A8%D7%99%D7%9D%25%27+OR+mavat_name+LIKE+%27%25%D7%93%D7%99%D7%95%D7%A8%25%27%29&outFields=mp_id%2Cpl_id%2Cpl_number%2Cpl_name%2Cnum%2Cmavat_code%2Cmavat_name%2Clegal_area%2Cshape_area%2Cshape_length%2Cstation_desc%2Clast_update_date&returnGeometry=true&outSR=4326&f=geojson,גבוהה,תוקן placeholder: הצמד המקורי זהה אצל 197 פרויקטים; הוזז 5.5 ק״מ למקור המפורט. אומת מול תא מגורים רשמי יחיד 1 בתכנית 101-1246578; הנקודה בתוך התא הרשמי.
%d7%9e%d7%aa%d7%97%d7%9d-%d7%91%d7%a8-%d7%90%d7%99%d7%9c%d7%9f-%d7%a9%d7%9e%d7%a2%d7%95%d7%9f-%d7%97%d7%9b%d7%9d,31.795433,35.218698,https://ags.iplan.gov.il/arcgisiplan/rest/services/PlanningPublic/Xplan/MapServer/4/query?where=mp_id%3D1005252978+AND+%28mavat_name+LIKE+%27%25%D7%9E%D7%92%D7%95%D7%A8%D7%99%D7%9D%25%27+OR+mavat_name+LIKE+%27%25%D7%93%D7%99%D7%95%D7%A8%25%27%29&outFields=mp_id%2Cpl_id%2Cpl_number%2Cpl_name%2Cnum%2Cmavat_code%2Cmavat_name%2Clegal_area%2Cshape_area%2Cshape_length%2Cstation_desc%2Clast_update_date&returnGeometry=true&outSR=4326&f=geojson,בינונית,"תוקן placeholder: הצמד המקורי זהה אצל 197 פרויקטים; הוזז 2.0 ק״מ למקור המפורט. בדיקה אנושית למגרש יחיד: תכנית 101-1133792 כוללת 2 תאי מגורים (1;5); הנקודה נמצאת בתוך איחוד תאי המגורים הרשמיים, אך אין בעמוד הוכחה איזה תא הוא הפרויקט."
%d7%a1%d7%9f-%d7%9e%d7%a8%d7%98%d7%99%d7%9f-22-26-%d7%91%d7%a8-%d7%99%d7%95%d7%97%d7%90%d7%99-1214,31.753086,35.195230,https://ags.iplan.gov.il/arcgisiplan/rest/services/PlanningPublic/Xplan/MapServer/4/query?where=mp_id%3D1005209594+AND+%28mavat_name+LIKE+%27%25%D7%9E%D7%92%D7%95%D7%A8%D7%99%D7%9D%25%27+OR+mavat_name+LIKE+%27%25%D7%93%D7%99%D7%95%D7%A8%25%27%29&outFields=mp_id%2Cpl_id%2Cpl_number%2Cpl_name%2Cnum%2Cmavat_code%2Cmavat_name%2Clegal_area%2Cshape_area%2Cshape_length%2Cstation_desc%2Clast_update_date&returnGeometry=true&outSR=4326&f=geojson,בינונית,"תוקן placeholder: הצמד המקורי זהה אצל 197 פרויקטים; הוזז 4.1 ק״מ למקור המפורט. בדיקה אנושית למגרש יחיד: תכנית 101-1063957 כוללת 2 תאי מגורים (1;7); הנקודה נמצאת בתוך איחוד תאי המגורים הרשמיים, אך אין בעמוד הוכחה איזה תא הוא הפרויקט."
%d7%a9%d7%93%d7%a8%d7%95%d7%aa-%d7%94%d7%a8%d7%a6%d7%9c-98-100,31.780646,35.187911,https://ags.iplan.gov.il/arcgisiplan/rest/services/PlanningPublic/Xplan/MapServer/4/query?where=mp_id%3D1005324004+AND+%28mavat_name+LIKE+%27%25%D7%9E%D7%92%D7%95%D7%A8%D7%99%D7%9D%25%27+OR+mavat_name+LIKE+%27%25%D7%93%D7%99%D7%95%D7%A8%25%27%29&outFields=mp_id%2Cpl_id%2Cpl_number%2Cpl_name%2Cnum%2Cmavat_code%2Cmavat_name%2Clegal_area%2Cshape_area%2Cshape_length%2Cstation_desc%2Clast_update_date&returnGeometry=true&outSR=4326&f=geojson,גבוהה,תוקן placeholder: הצמד המקורי זהה אצל 197 פרויקטים; הוזז 3.6 ק״מ למקור המפורט. אומת מול תא מגורים רשמי יחיד 140 בתכנית 101-1246248; הנקודה בתוך התא הרשמי.
%d7%9e%d7%95%d7%a0%d7%98%d7%99%d7%a4%d7%99%d7%95%d7%a8%d7%99-%d7%90%d7%95%d7%a1%d7%99%d7%a9%d7%a7%d7%99%d7%9f,31.969259,34.803159,https://ags.iplan.gov.il/arcgisiplan/rest/services/PlanningPublic/Xplan/MapServer/4/query?where=mp_id%3D4005104730+AND+%28mavat_name+LIKE+%27%25%D7%9E%D7%92%D7%95%D7%A8%D7%99%D7%9D%25%27+OR+mavat_name+LIKE+%27%25%D7%93%D7%99%D7%95%D7%A8%25%27%29&outFields=mp_id%2Cpl_id%2Cpl_number%2Cpl_name%2Cnum%2Cmavat_code%2Cmavat_name%2Clegal_area%2Cshape_area%2Cshape_length%2Cstation_desc%2Clast_update_date&returnGeometry=true&outSR=4326&f=geojson,בינונית,"תוקן placeholder: הצמד המקורי זהה אצל 19 פרויקטים; הוזז 911 מ׳ למקור המפורט. בדיקה אנושית למגרש יחיד: תכנית 413-0917237 כוללת 2 תאי מגורים (100;400); הנקודה נמצאת בתוך איחוד תאי המגורים הרשמיים, אך אין בעמוד הוכחה איזה תא הוא הפרויקט."
%d7%96%d7%91%d7%95%d7%98%d7%99%d7%a0%d7%a1%d7%a7%d7%99-%d7%94%d7%a8%d7%a6%d7%9c,32.839335,35.065423,https://ags.iplan.gov.il/arcgisiplan/rest/services/PlanningPublic/Xplan/MapServer/4/query?where=mp_id%3D3005374242+AND+%28mavat_name+LIKE+%27%25%D7%9E%D7%92%D7%95%D7%A8%D7%99%D7%9D%25%27+OR+mavat_name+LIKE+%27%25%D7%93%D7%99%D7%95%D7%A8%25%27%29&outFields=mp_id%2Cpl_id%2Cpl_number%2Cpl_name%2Cnum%2Cmavat_code%2Cmavat_name%2Clegal_area%2Cshape_area%2Cshape_length%2Cstation_desc%2Clast_update_date&returnGeometry=true&outSR=4326&f=geojson,בינונית,"תוקן placeholder: הצמד המקורי זהה אצל 11 פרויקטים; הוזז 1.3 ק״מ למקור המפורט. בדיקה אנושית למגרש יחיד: תכנית 352-1324409 כוללת 2 תאי מגורים (1;4); הנקודה נמצאת בתוך איחוד תאי המגורים הרשמיים, אך אין בעמוד הוכחה איזה תא הוא הפרויקט."
%d7%94%d7%9e%d7%99%d7%99%d7%a1%d7%93%d7%99%d7%9d,32.917229,35.304940,https://ags.iplan.gov.il/arcgisiplan/rest/services/PlanningPublic/Xplan/MapServer/4/query?where=mp_id%3D2005284594+AND+%28mavat_name+LIKE+%27%25%D7%9E%D7%92%D7%95%D7%A8%D7%99%D7%9D%25%27+OR+mavat_name+LIKE+%27%25%D7%93%D7%99%D7%95%D7%A8%25%27%29&outFields=mp_id%2Cpl_id%2Cpl_number%2Cpl_name%2Cnum%2Cmavat_code%2Cmavat_name%2Clegal_area%2Cshape_area%2Cshape_length%2Cstation_desc%2Clast_update_date&returnGeometry=true&outSR=4326&f=geojson,בינונית,"תוקן placeholder: הצמד המקורי זהה אצל 2 פרויקטים; הוזז 1.1 ק״מ למקור המפורט. בדיקה אנושית למגרש יחיד: תכנית 208-1186121 כוללת 50 תאי מגורים (1;2;3;4;5;6;7;8;9;10;11;12;13;14;15;16;17;18;19;20;21;22;23;24;25;26;27;28;50;51;52;54;56;57;58;59;60;61;62;63;65;66;67;100;101;102;103;104;130;131); הנקודה נמצאת בתוך איחוד תאי המגורים הרשמיים, אך אין בעמוד הוכחה איזה תא הוא הפרויקט."
%d7%92%d7%99%d7%95%d7%a8%d7%90-19-27,32.755133,34.969981,https://ags.iplan.gov.il/arcgisiplan/rest/services/PlanningPublic/Xplan/MapServer/4/query?where=mp_id%3D3005093478+AND+%28mavat_name+LIKE+%27%25%D7%9E%D7%92%D7%95%D7%A8%D7%99%D7%9D%25%27+OR+mavat_name+LIKE+%27%25%D7%93%D7%99%D7%95%D7%A8%25%27%29&outFields=mp_id%2Cpl_id%2Cpl_number%2Cpl_name%2Cnum%2Cmavat_code%2Cmavat_name%2Clegal_area%2Cshape_area%2Cshape_length%2Cstation_desc%2Clast_update_date&returnGeometry=true&outSR=4326&f=geojson,גבוהה,תוקן placeholder: הצמד המקורי זהה אצל 14 פרויקטים; הוזז 710 מ׳ למקור המפורט. אומת מול תא מגורים רשמי יחיד 760 בתכנית 355-0898726; הנקודה בתוך התא הרשמי.
%d7%9e%d7%aa%d7%97%d7%9d-%d7%94%d7%a6%d7%99%d7%95%d7%a0%d7%95%d7%aa-%d7%9e%d7%aa%d7%97%d7%9d-%d7%9e%d7%a2%d7%a8%d7%91%d7%99,31.752936,35.177470,https://ags.iplan.gov.il/arcgisiplan/rest/services/PlanningPublic/Xplan/MapServer/4/query?where=mp_id%3D1005055746+AND+%28mavat_name+LIKE+%27%25%D7%9E%D7%92%D7%95%D7%A8%D7%99%D7%9D%25%27+OR+mavat_name+LIKE+%27%25%D7%93%D7%99%D7%95%D7%A8%25%27%29&outFields=mp_id%2Cpl_id%2Cpl_number%2Cpl_name%2Cnum%2Cmavat_code%2Cmavat_name%2Clegal_area%2Cshape_area%2Cshape_length%2Cstation_desc%2Clast_update_date&returnGeometry=true&outSR=4326&f=geojson,בינונית,"תוקן placeholder: הצמד המקורי זהה אצל 197 פרויקטים; הוזז 5.4 ק״מ למקור המפורט. בדיקה אנושית למגרש יחיד: תכנית 101-0835371 כוללת 5 תאי מגורים (1;2;3;4;5); הנקודה נמצאת בתוך איחוד תאי המגורים הרשמיים, אך אין בעמוד הוכחה איזה תא הוא הפרויקט."
%d7%9e%d7%a2%d7%9c%d7%95%d7%aa-%d7%93%d7%a4%d7%a0%d7%94-125,31.798477,35.224944,https://ags.iplan.gov.il/arcgisiplan/rest/services/PlanningPublic/Xplan/MapServer/4/query?where=mp_id%3D1005183158+AND+%28mavat_name+LIKE+%27%25%D7%9E%D7%92%D7%95%D7%A8%D7%99%D7%9D%25%27+OR+mavat_name+LIKE+%27%25%D7%93%D7%99%D7%95%D7%A8%25%27%29&outFields=mp_id%2Cpl_id%2Cpl_number%2Cpl_name%2Cnum%2Cmavat_code%2Cmavat_name%2Clegal_area%2Cshape_area%2Cshape_length%2Cstation_desc%2Clast_update_date&returnGeometry=true&outSR=4326&f=geojson,גבוהה,תוקן placeholder: הצמד המקורי זהה אצל 197 פרויקטים; הוזז 2.2 ק״מ למקור המפורט. אומת מול תא מגורים רשמי יחיד 1 בתכנית 101-1019140; הנקודה בתוך התא הרשמי.
%d7%9e%d7%a0%d7%97%d7%9d-%d7%91%d7%92%d7%99%d7%9f,32.489966,35.501466,https://ags.iplan.gov.il/arcgisiplan/rest/services/PlanningPublic/Xplan/MapServer/4/query?where=mp_id%3D2005360670+AND+%28mavat_name+LIKE+%27%25%D7%9E%D7%92%D7%95%D7%A8%D7%99%D7%9D%25%27+OR+mavat_name+LIKE+%27%25%D7%93%D7%99%D7%95%D7%A8%25%27%29&outFields=mp_id%2Cpl_id%2Cpl_number%2Cpl_name%2Cnum%2Cmavat_code%2Cmavat_name%2Clegal_area%2Cshape_area%2Cshape_length%2Cstation_desc%2Clast_update_date&returnGeometry=true&outSR=4326&f=geojson,בינונית,"תוקן placeholder: הצמד המקורי זהה אצל 3 פרויקטים; הוזז 850 מ׳ למקור המפורט. בדיקה אנושית למגרש יחיד: תכנית 203-1303767 כוללת 7 תאי מגורים (101;102;103;104;105;106;107); הנקודה נמצאת בתוך איחוד תאי המגורים הרשמיים, אך אין בעמוד הוכחה איזה תא הוא הפרויקט."
%d7%93%d7%91%d7%95%d7%a8%d7%94-%d7%94%d7%a0%d7%91%d7%99%d7%90%d7%94,32.504784,35.491922,https://ags.iplan.gov.il/arcgisiplan/rest/services/PlanningPublic/XplanNoKanam/MapServer/1/query?where=mp_id%3D2005360668+AND+%28mavat_name+LIKE+%27%25%D7%9E%D7%92%D7%95%D7%A8%D7%99%D7%9D%25%27+OR+mavat_name+LIKE+%27%25%D7%93%D7%99%D7%95%D7%A8%25%27%29&outFields=mp_id%2Cpl_id%2Cpl_number%2Cpl_name%2Cnum%2Cmavat_code%2Cmavat_name%2Clegal_area%2Cshape_area%2Cshape_length%2Cstation_desc%2Clast_update_date%2Cobjectid&returnGeometry=true&outSR=4326&f=geojson,בינונית,"תוקן placeholder: הצמד המקורי זהה אצל 3 פרויקטים; הוזז 1.0 ק״מ למקור המפורט. בדיקה אנושית למגרש יחיד: תכנית 203-1303759 כוללת 5 תאי מגורים (101;102;103;104;105); הנקודה נמצאת בתוך איחוד תאי המגורים הרשמיים, אך אין בעמוד הוכחה איזה תא הוא הפרויקט."
%d7%99%d7%a8%d7%95%d7%a9%d7%9c%d7%99%d7%9d-%d7%94%d7%91%d7%99%d7%a8%d7%94,32.497886,35.496954,https://ags.iplan.gov.il/arcgisiplan/rest/services/PlanningPublic/Xplan/MapServer/4/query?where=mp_id%3D2005207330+AND+%28mavat_name+LIKE+%27%25%D7%9E%D7%92%D7%95%D7%A8%D7%99%D7%9D%25%27+OR+mavat_name+LIKE+%27%25%D7%93%D7%99%D7%95%D7%A8%25%27%29&outFields=mp_id%2Cpl_id%2Cpl_number%2Cpl_name%2Cnum%2Cmavat_code%2Cmavat_name%2Clegal_area%2Cshape_area%2Cshape_length%2Cstation_desc%2Clast_update_date&returnGeometry=true&outSR=4326&f=geojson,בינונית,"תוקן placeholder: הצמד המקורי זהה אצל 3 פרויקטים; הוזז 130 מ׳ למקור המפורט. בדיקה אנושית למגרש יחיד: תכנית 203-1060045 כוללת 5 תאי מגורים (101;102;103;901;902); הנקודה נמצאת בתוך איחוד תאי המגורים הרשמיים, אך אין בעמוד הוכחה איזה תא הוא הפרויקט."
%d7%94%d7%93%d7%95%d7%9c%d7%91,32.983641,35.545005,https://ags.iplan.gov.il/arcgisiplan/rest/services/PlanningPublic/Xplan/MapServer/4/query?where=mp_id%3D2005363452+AND+%28mavat_name+LIKE+%27%25%D7%9E%D7%92%D7%95%D7%A8%D7%99%D7%9D%25%27+OR+mavat_name+LIKE+%27%25%D7%93%D7%99%D7%95%D7%A8%25%27%29&outFields=mp_id%2Cpl_id%2Cpl_number%2Cpl_name%2Cnum%2Cmavat_code%2Cmavat_name%2Clegal_area%2Cshape_area%2Cshape_length%2Cstation_desc%2Clast_update_date&returnGeometry=true&outSR=4326&f=geojson,בינונית,"תוקן placeholder: הצמד המקורי זהה אצל 3 פרויקטים; הוזז 521 מ׳ למקור המפורט. בדיקה אנושית למגרש יחיד: תכנית 259-1308386 כוללת 3 תאי מגורים (100;101;102); הנקודה נמצאת בתוך איחוד תאי המגורים הרשמיים, אך אין בעמוד הוכחה איזה תא הוא הפרויקט."
%d7%94%d7%97%d7%a1%d7%99%d7%93%d7%94,32.980118,35.546436,https://ags.iplan.gov.il/arcgisiplan/rest/services/PlanningPublic/Xplan/MapServer/4/query?where=mp_id%3D2005362204+AND+%28mavat_name+LIKE+%27%25%D7%9E%D7%92%D7%95%D7%A8%D7%99%D7%9D%25%27+OR+mavat_name+LIKE+%27%25%D7%93%D7%99%D7%95%D7%A8%25%27%29&outFields=mp_id%2Cpl_id%2Cpl_number%2Cpl_name%2Cnum%2Cmavat_code%2Cmavat_name%2Clegal_area%2Cshape_area%2Cshape_length%2Cstation_desc%2Clast_update_date&returnGeometry=true&outSR=4326&f=geojson,בינונית,"תוקן placeholder: הצמד המקורי זהה אצל 3 פרויקטים; הוזז 309 מ׳ למקור המפורט. בדיקה אנושית למגרש יחיד: תכנית 259-1306414 כוללת 10 תאי מגורים (101;102;103;104;105;106;107;108;109;110); הנקודה נמצאת בתוך איחוד תאי המגורים הרשמיים, אך אין בעמוד הוכחה איזה תא הוא הפרויקט."
%d7%9c%d7%95%d7%97%d7%9e%d7%99-%d7%94%d7%92%d7%98%d7%90%d7%95%d7%aa,32.956350,35.500210,https://ags.iplan.gov.il/arcgisiplan/rest/services/PlanningPublic/XplanNoKanam/MapServer/1/query?where=mp_id%3D2005371854&outFields=mp_id%2Cpl_id%2Cpl_number%2Cpl_name%2Cnum%2Cmavat_code%2Cmavat_name%2Clegal_area%2Cshape_area%2Cshape_length%2Cstation_desc%2Clast_update_date%2Cobjectid&returnGeometry=true&outSR=4326&f=geojson,נמוכה,"תוקן placeholder: הצמד המקורי זהה אצל 5 פרויקטים; הוזז 944 מ׳ למקור המפורט. בדיקה אנושית: אותר גבול רשמי של תכנית 216-1320449, אך לא אותר תא מגורים/מגרש יחיד. הנקודה בתוך גבול התכנית בלבד."
%d7%99%d7%95%d7%a1%d7%a4%d7%98%d7%9c-8,32.969467,35.504582,https://ags.iplan.gov.il/arcgisiplan/rest/services/PlanningPublic/XplanNoKanam/MapServer/1/query?where=mp_id%3D2005359848+AND+%28mavat_name+LIKE+%27%25%D7%9E%D7%92%D7%95%D7%A8%D7%99%D7%9D%25%27+OR+mavat_name+LIKE+%27%25%D7%93%D7%99%D7%95%D7%A8%25%27%29&outFields=mp_id%2Cpl_id%2Cpl_number%2Cpl_name%2Cnum%2Cmavat_code%2Cmavat_name%2Clegal_area%2Cshape_area%2Cshape_length%2Cstation_desc%2Clast_update_date%2Cobjectid&returnGeometry=true&outSR=4326&f=geojson,בינונית,"תוקן placeholder: הצמד המקורי זהה אצל 5 פרויקטים; הוזז 573 מ׳ למקור המפורט. בדיקה אנושית למגרש יחיד: תכנית 216-1302488 כוללת 32 תאי מגורים (101;102;103;104;105;106;107;108;109;110;111;112;113;114;115;116;117;118;119;120;121;122;123;124;125;126;127;128;129;130;131;132); הנקודה נמצאת בתוך איחוד תאי המגורים הרשמיים, אך אין בעמוד הוכחה איזה תא הוא הפרויקט."
%d7%90%d7%a6%d7%9c-2,32.958394,35.492003,https://ags.iplan.gov.il/arcgisiplan/rest/services/PlanningPublic/XplanNoKanam/MapServer/1/query?where=mp_id%3D2005353866+AND+%28mavat_name+LIKE+%27%25%D7%9E%D7%92%D7%95%D7%A8%D7%99%D7%9D%25%27+OR+mavat_name+LIKE+%27%25%D7%93%D7%99%D7%95%D7%A8%25%27%29&outFields=mp_id%2Cpl_id%2Cpl_number%2Cpl_name%2Cnum%2Cmavat_code%2Cmavat_name%2Clegal_area%2Cshape_area%2Cshape_length%2Cstation_desc%2Clast_update_date%2Cobjectid&returnGeometry=true&outSR=4326&f=geojson,גבוהה,תוקן placeholder: הצמד המקורי זהה אצל 5 פרויקטים; הוזז 1.2 ק״מ למקור המפורט. אומת מול תא מגורים רשמי יחיד 1 בתכנית 216-1293752; הנקודה בתוך התא הרשמי.
%d7%96%d7%9c%d7%9e%d7%9f-%d7%a9%d7%96%d7%a8,32.965108,35.505833,https://ags.iplan.gov.il/arcgisiplan/rest/services/PlanningPublic/Xplan/MapServer/4/query?where=mp_id%3D2005371880+AND+%28mavat_name+LIKE+%27%25%D7%9E%D7%92%D7%95%D7%A8%D7%99%D7%9D%25%27+OR+mavat_name+LIKE+%27%25%D7%93%D7%99%D7%95%D7%A8%25%27%29&outFields=mp_id%2Cpl_id%2Cpl_number%2Cpl_name%2Cnum%2Cmavat_code%2Cmavat_name%2Clegal_area%2Cshape_area%2Cshape_length%2Cstation_desc%2Clast_update_date&returnGeometry=true&outSR=4326&f=geojson,בינונית,"תוקן placeholder: הצמד המקורי זהה אצל 5 פרויקטים; הוזז 320 מ׳ למקור המפורט. בדיקה אנושית למגרש יחיד: תכנית 216-1320472 כוללת 2 תאי מגורים (1A;1B); הנקודה נמצאת בתוך איחוד תאי המגורים הרשמיים, אך אין בעמוד הוכחה איזה תא הוא הפרויקט."
%d7%93%d7%95%d7%93-%d7%a8%d7%9e%d7%96-%d7%9c%d7%95%d7%97%d7%9e%d7%99-%d7%94%d7%92%d7%98%d7%90%d7%95%d7%aa,32.955755,35.496868,https://ags.iplan.gov.il/arcgisiplan/rest/services/PlanningPublic/XplanNoKanam/MapServer/1/query?where=mp_id%3D2005369180+AND+%28mavat_name+LIKE+%27%25%D7%9E%D7%92%D7%95%D7%A8%D7%99%D7%9D%25%27+OR+mavat_name+LIKE+%27%25%D7%93%D7%99%D7%95%D7%A8%25%27%29&outFields=mp_id%2Cpl_id%2Cpl_number%2Cpl_name%2Cnum%2Cmavat_code%2Cmavat_name%2Clegal_area%2Cshape_area%2Cshape_length%2Cstation_desc%2Clast_update_date%2Cobjectid&returnGeometry=true&outSR=4326&f=geojson,גבוהה,תוקן placeholder: הצמד המקורי זהה אצל 5 פרויקטים; הוזז 1.1 ק״מ למקור המפורט. אומת מול תא מגורים רשמי יחיד 1 בתכנית 216-1316637; הנקודה בתוך התא הרשמי.
22-%d7%a6%d7%99%d7%9f-%d7%a4%d7%90%d7%a8%d7%9f,29.560459,34.946504,https://ags.iplan.gov.il/arcgisiplan/rest/services/PlanningPublic/Xplan/MapServer/4/query?where=mp_id%3D6005361756+AND+%28mavat_name+LIKE+%27%25%D7%9E%D7%92%D7%95%D7%A8%D7%99%D7%9D%25%27+OR+mavat_name+LIKE+%27%25%D7%93%D7%99%D7%95%D7%A8%25%27%29&outFields=mp_id%2Cpl_id%2Cpl_number%2Cpl_name%2Cnum%2Cmavat_code%2Cmavat_name%2Clegal_area%2Cshape_area%2Cshape_length%2Cstation_desc%2Clast_update_date&returnGeometry=true&outSR=4326&f=geojson,בינונית,"תוקן placeholder: הצמד המקורי זהה אצל 6 פרויקטים; הוזז 505 מ׳ למקור המפורט. בדיקה אנושית למגרש יחיד: תכנית 602-1305689 כוללת 3 תאי מגורים (300;400;401); הנקודה נמצאת בתוך איחוד תאי המגורים הרשמיים, אך אין בעמוד הוכחה איזה תא הוא הפרויקט."
19-%d7%9c%d7%95%d7%a1-%d7%90%d7%a0%d7%92%d7%9c%d7%a1-%d7%90%d7%99%d7%9c%d7%95%d7%aa,29.558384,34.946119,https://ags.iplan.gov.il/arcgisiplan/rest/services/PlanningPublic/XplanNoKanam/MapServer/1/query?where=mp_id%3D6005361738+AND+%28mavat_name+LIKE+%27%25%D7%9E%D7%92%D7%95%D7%A8%D7%99%D7%9D%25%27+OR+mavat_name+LIKE+%27%25%D7%93%D7%99%D7%95%D7%A8%25%27%29&outFields=mp_id%2Cpl_id%2Cpl_number%2Cpl_name%2Cnum%2Cmavat_code%2Cmavat_name%2Clegal_area%2Cshape_area%2Cshape_length%2Cstation_desc%2Clast_update_date%2Cobjectid&returnGeometry=true&outSR=4326&f=geojson,בינונית,"תוקן placeholder: הצמד המקורי זהה אצל 6 פרויקטים; הוזז 390 מ׳ למקור המפורט. בדיקה אנושית למגרש יחיד: תכנית 602-1305663 כוללת 3 תאי מגורים (300;301;400); הנקודה נמצאת בתוך איחוד תאי המגורים הרשמיים, אך אין בעמוד הוכחה איזה תא הוא הפרויקט."
12-%d7%a7%d7%93%d7%a9-%d7%99%d7%a8%d7%95%d7%a9%d7%9c%d7%99%d7%9d-%d7%94%d7%a9%d7%9c%d7%9e%d7%94,29.562267,34.945167,https://ags.iplan.gov.il/arcgisiplan/rest/services/PlanningPublic/Xplan/MapServer/4/query?where=mp_id%3D6005361786+AND+%28mavat_name+LIKE+%27%25%D7%9E%D7%92%D7%95%D7%A8%D7%99%D7%9D%25%27+OR+mavat_name+LIKE+%27%25%D7%93%D7%99%D7%95%D7%A8%25%27%29&outFields=mp_id%2Cpl_id%2Cpl_number%2Cpl_name%2Cnum%2Cmavat_code%2Cmavat_name%2Clegal_area%2Cshape_area%2Cshape_length%2Cstation_desc%2Clast_update_date&returnGeometry=true&outSR=4326&f=geojson,בינונית,"תוקן placeholder: הצמד המקורי זהה אצל 6 פרויקטים; הוזז 743 מ׳ למקור המפורט. בדיקה אנושית למגרש יחיד: תכנית 602-1305747 כוללת 4 תאי מגורים (300;400;401;500); הנקודה נמצאת בתוך איחוד תאי המגורים הרשמיים, אך אין בעמוד הוכחה איזה תא הוא הפרויקט."
6-%d7%91%d7%a8%d7%a0%d7%a2,29.563342,34.946292,https://ags.iplan.gov.il/arcgisiplan/rest/services/PlanningPublic/Xplan/MapServer/4/query?where=mp_id%3D6005361954+AND+%28mavat_name+LIKE+%27%25%D7%9E%D7%92%D7%95%D7%A8%D7%99%D7%9D%25%27+OR+mavat_name+LIKE+%27%25%D7%93%D7%99%D7%95%D7%A8%25%27%29&outFields=mp_id%2Cpl_id%2Cpl_number%2Cpl_name%2Cnum%2Cmavat_code%2Cmavat_name%2Clegal_area%2Cshape_area%2Cshape_length%2Cstation_desc%2Clast_update_date&returnGeometry=true&outSR=4326&f=geojson,בינונית,"תוקן placeholder: הצמד המקורי זהה אצל 6 פרויקטים; הוזז 789 מ׳ למקור המפורט. בדיקה אנושית למגרש יחיד: תכנית 602-1306059 כוללת 3 תאי מגורים (9;10;11); הנקודה נמצאת בתוך איחוד תאי המגורים הרשמיים, אך אין בעמוד הוכחה איזה תא הוא הפרויקט."
23-%d7%a1%d7%9e%d7%98%d7%aa-%d7%94%d7%9e%d7%a2%d7%a8%d7%95%d7%aa,29.561709,34.952109,https://ags.iplan.gov.il/arcgisiplan/rest/services/PlanningPublic/Xplan/MapServer/4/query?where=mp_id%3D6005361960+AND+%28mavat_name+LIKE+%27%25%D7%9E%D7%92%D7%95%D7%A8%D7%99%D7%9D%25%27+OR+mavat_name+LIKE+%27%25%D7%93%D7%99%D7%95%D7%A8%25%27%29&outFields=mp_id%2Cpl_id%2Cpl_number%2Cpl_name%2Cnum%2Cmavat_code%2Cmavat_name%2Clegal_area%2Cshape_area%2Cshape_length%2Cstation_desc%2Clast_update_date&returnGeometry=true&outSR=4326&f=geojson,בינונית,"תוקן placeholder: הצמד המקורי זהה אצל 6 פרויקטים; הוזז 576 מ׳ למקור המפורט. בדיקה אנושית למגרש יחיד: תכנית 602-1306075 כוללת 2 תאי מגורים (2;6); הנקודה נמצאת בתוך איחוד תאי המגורים הרשמיים, אך אין בעמוד הוכחה איזה תא הוא הפרויקט."
%d7%94%d7%90%d7%9c%d7%95%d7%a0%d7%99%d7%9d-%d7%a6%d7%90%d7%9c%d7%99%d7%9d,,,,נמוכה,"בדיקה אנושית: לא נמצא מקור שמאפשר למסור נקודה ברמת מגרש בביטחון; lat/lng הושארו ריקים. בדיקה אנושית: נמצאו מועמדי XPLAN חלקיים או מרובים, אך אין התאמת שם+עיר חד-משמעית. מועמדים: 222-1557693 — יקנעם עילית - האלונים 77-78"
%d7%94%d7%a9%d7%99%d7%98%d7%94,32.654385,35.106324,https://mavat.iplan.gov.il/SV4/1/2005520666/310,גבוהה,תוקן placeholder: הצמד המקורי זהה אצל 4 פרויקטים; הוזז 1.3 ק״מ למקור המפורט. תכנית 77-78 להתחדשות בשם השיטה ביקנעם עילית; התאמה ייחודית לסוג הפרויקט ולעיר. הנקודה חושבה מתוך גבול התכנית הרשמי ונבדקה כנמצאת בתוכו.
%d7%9e%d7%aa%d7%97%d7%9d-33-%d7%97%d7%99%d7%a8%d7%95%d7%aa-10-16-%d7%94%d7%92%d7%a4%d7%9f-13-15-%d7%95%d7%94%d7%a9%d7%a7%d7%93%d7%99%d7%94-3,32.089514,34.811436,https://ags.iplan.gov.il/arcgisiplan/rest/services/PlanningPublic/Xplan/MapServer/4/query?where=mp_id%3D5005134728+AND+%28mavat_name+LIKE+%27%25%D7%9E%D7%92%D7%95%D7%A8%D7%99%D7%9D%25%27+OR+mavat_name+LIKE+%27%25%D7%93%D7%99%D7%95%D7%A8%25%27%29&outFields=mp_id%2Cpl_id%2Cpl_number%2Cpl_name%2Cnum%2Cmavat_code%2Cmavat_name%2Clegal_area%2Cshape_area%2Cshape_length%2Cstation_desc%2Clast_update_date&returnGeometry=true&outSR=4326&f=geojson,גבוהה,תוקן placeholder: הצמד המקורי זהה אצל 76 פרויקטים; הוזז 2.6 ק״מ למקור המפורט. אומת מול תא מגורים רשמי יחיד 10 בתכנית 506-0968107; הנקודה בתוך התא הרשמי.
%d7%9e%d7%92%d7%93%d7%9c%d7%99%d7%9d-%d7%91%d7%a9%d7%93%d7%a8%d7%94,32.848626,35.074483,https://ags.iplan.gov.il/arcgisiplan/rest/services/PlanningPublic/Xplan/MapServer/4/query?where=mp_id%3D3005425838+AND+%28mavat_name+LIKE+%27%25%D7%9E%D7%92%D7%95%D7%A8%D7%99%D7%9D%25%27+OR+mavat_name+LIKE+%27%25%D7%93%D7%99%D7%95%D7%A8%25%27%29&outFields=mp_id%2Cpl_id%2Cpl_number%2Cpl_name%2Cnum%2Cmavat_code%2Cmavat_name%2Clegal_area%2Cshape_area%2Cshape_length%2Cstation_desc%2Clast_update_date&returnGeometry=true&outSR=4326&f=geojson,בינונית,"תוקן placeholder: הצמד המקורי זהה אצל 11 פרויקטים; הוזז 427 מ׳ למקור המפורט. בדיקה אנושית למגרש יחיד: תכנית 352-1408285 כוללת 6 תאי מגורים (101;102;103;201;202;203); הנקודה נמצאת בתוך איחוד תאי המגורים הרשמיים, אך אין בעמוד הוכחה איזה תא הוא הפרויקט."
%d7%9e%d7%a9%d7%94-%d7%a9%d7%a8%d7%aa,32.843955,35.064072,https://ags.iplan.gov.il/arcgisiplan/rest/services/PlanningPublic/Xplan/MapServer/4/query?where=mp_id%3D3005384930+AND+%28mavat_name+LIKE+%27%25%D7%9E%D7%92%D7%95%D7%A8%D7%99%D7%9D%25%27+OR+mavat_name+LIKE+%27%25%D7%93%D7%99%D7%95%D7%A8%25%27%29&outFields=mp_id%2Cpl_id%2Cpl_number%2Cpl_name%2Cnum%2Cmavat_code%2Cmavat_name%2Clegal_area%2Cshape_area%2Cshape_length%2Cstation_desc%2Clast_update_date&returnGeometry=true&outSR=4326&f=geojson,בינונית,"תוקן placeholder: הצמד המקורי זהה אצל 11 פרויקטים; הוזז 909 מ׳ למקור המפורט. בדיקה אנושית למגרש יחיד: תכנית 352-1342344 כוללת 5 תאי מגורים (100;101;102;103;104); הנקודה נמצאת בתוך איחוד תאי המגורים הרשמיים, אך אין בעמוד הוכחה איזה תא הוא הפרויקט."
%d7%96%d7%99%d7%9c%d7%a4%d7%94-%d7%92%d7%93%d7%a0%d7%a2-%d7%a7%d7%a8%d7%99%d7%99%d7%aa-%d7%90%d7%9c%d7%99%d7%a2%d7%96%d7%a8-%d7%9e%d7%aa%d7%97%d7%9d-12,32.825112,34.979793,https://ags.iplan.gov.il/arcgisiplan/rest/services/PlanningPublic/Xplan/MapServer/4/query?where=mp_id%3D3005380642+AND+%28mavat_name+LIKE+%27%25%D7%9E%D7%92%D7%95%D7%A8%D7%99%D7%9D%25%27+OR+mavat_name+LIKE+%27%25%D7%93%D7%99%D7%95%D7%A8%25%27%29&outFields=mp_id%2Cpl_id%2Cpl_number%2Cpl_name%2Cnum%2Cmavat_code%2Cmavat_name%2Clegal_area%2Cshape_area%2Cshape_length%2Cstation_desc%2Clast_update_date&returnGeometry=true&outSR=4326&f=geojson,בינונית,"תוקן placeholder: הצמד המקורי זהה אצל 43 פרויקטים; הוזז 1.9 ק״מ למקור המפורט. בדיקה אנושית למגרש יחיד: תכנית 304-1335231 כוללת 3 תאי מגורים (101;102;103); הנקודה נמצאת בתוך איחוד תאי המגורים הרשמיים, אך אין בעמוד הוכחה איזה תא הוא הפרויקט."
%d7%9e%d7%98%d7%a8%d7%95-%d7%94%d7%91%d7%a0%d7%99%d7%9d-%d7%95%d7%99%d7%99%d7%a6%d7%9e%d7%9f,31.929846,34.798419,https://ags.iplan.gov.il/arcgisiplan/rest/services/PlanningPublic/Xplan/MapServer/4/query?where=mp_id%3D4005285178+AND+%28mavat_name+LIKE+%27%25%D7%9E%D7%92%D7%95%D7%A8%D7%99%D7%9D%25%27+OR+mavat_name+LIKE+%27%25%D7%93%D7%99%D7%95%D7%A8%25%27%29&outFields=mp_id%2Cpl_id%2Cpl_number%2Cpl_name%2Cnum%2Cmavat_code%2Cmavat_name%2Clegal_area%2Cshape_area%2Cshape_length%2Cstation_desc%2Clast_update_date&returnGeometry=true&outSR=4326&f=geojson,בינונית,"תוקן placeholder: הצמד המקורי זהה אצל 9 פרויקטים; הוזז 69 מ׳ למקור המפורט. בדיקה אנושית למגרש יחיד: תכנית 407-1186956 כוללת 11 תאי מגורים (100;101;102;103;104;105;200;201;202;300;400); הנקודה נמצאת בתוך איחוד תאי המגורים הרשמיים, אך אין בעמוד הוכחה איזה תא הוא הפרויקט."
%d7%94%d7%9e%d7%91%d7%95%d7%90%d7%94-%d7%94%d7%a6%d7%a4%d7%95%d7%a0%d7%99%d7%aa,32.026581,34.747368,https://ags.iplan.gov.il/arcgisiplan/rest/services/PlanningPublic/XplanNoKanam/MapServer/1/query?where=mp_id%3D99005397466+AND+%28mavat_name+LIKE+%27%25%D7%9E%D7%92%D7%95%D7%A8%D7%99%D7%9D%25%27+OR+mavat_name+LIKE+%27%25%D7%93%D7%99%D7%95%D7%A8%25%27%29&outFields=mp_id%2Cpl_id%2Cpl_number%2Cpl_name%2Cnum%2Cmavat_code%2Cmavat_name%2Clegal_area%2Cshape_area%2Cshape_length%2Cstation_desc%2Clast_update_date%2Cobjectid&returnGeometry=true&outSR=4326&f=geojson,בינונית,"תוקן placeholder: הצמד המקורי זהה אצל 38 פרויקטים; הוזז 1.3 ק״מ למקור המפורט. בדיקה אנושית למגרש יחיד: תכנית תמל/ 2066 כוללת 13 תאי מגורים (140;141;142;143;144;1050;1051;1053;1054;1055;1056;1057;1058); הנקודה נמצאת בתוך איחוד תאי המגורים הרשמיים, אך אין בעמוד הוכחה איזה תא הוא הפרויקט."
%d7%94%d7%a8%d7%91-%d7%9e%d7%99%d7%9e%d7%95%d7%9f-%d7%a0%d7%99%d7%a1%d7%a0%d7%91%d7%95%d7%99%d7%9d,32.008183,34.752045,https://ags.iplan.gov.il/arcgisiplan/rest/services/PlanningPublic/Xplan/MapServer/4/query?where=mp_id%3D5000988941+AND+%28mavat_name+LIKE+%27%25%D7%9E%D7%92%D7%95%D7%A8%D7%99%D7%9D%25%27+OR+mavat_name+LIKE+%27%25%D7%93%D7%99%D7%95%D7%A8%25%27%29&outFields=mp_id%2Cpl_id%2Cpl_number%2Cpl_name%2Cnum%2Cmavat_code%2Cmavat_name%2Clegal_area%2Cshape_area%2Cshape_length%2Cstation_desc%2Clast_update_date&returnGeometry=true&outSR=4326&f=geojson,בינונית,"תוקן placeholder: הצמד המקורי זהה אצל 38 פרויקטים; הוזז 821 מ׳ למקור המפורט. בדיקה אנושית למגרש יחיד: תכנית 502-0725861 כוללת 2 תאי מגורים (101;102); הנקודה נמצאת בתוך איחוד תאי המגורים הרשמיים, אך אין בעמוד הוכחה איזה תא הוא הפרויקט."
%d7%9e%d7%aa%d7%97%d7%9d-%d7%94%d7%aa%d7%97%d7%99%d7%99%d7%94-%d7%a8%d7%94%d7%91,32.022334,34.757779,https://ags.iplan.gov.il/arcgisiplan/rest/services/PlanningPublic/Xplan/MapServer/4/query?where=mp_id%3D5000989895+AND+%28mavat_name+LIKE+%27%25%D7%9E%D7%92%D7%95%D7%A8%D7%99%D7%9D%25%27+OR+mavat_name+LIKE+%27%25%D7%93%D7%99%D7%95%D7%A8%25%27%29&outFields=mp_id%2Cpl_id%2Cpl_number%2Cpl_name%2Cnum%2Cmavat_code%2Cmavat_name%2Clegal_area%2Cshape_area%2Cshape_length%2Cstation_desc%2Clast_update_date&returnGeometry=true&outSR=4326&f=geojson,בינונית,"תוקן placeholder: הצמד המקורי זהה אצל 38 פרויקטים; הוזז 1.0 ק״מ למקור המפורט. בדיקה אנושית למגרש יחיד: תכנית 502-0727248 כוללת 3 תאי מגורים (1;2;3); הנקודה נמצאת בתוך איחוד תאי המגורים הרשמיים, אך אין בעמוד הוכחה איזה תא הוא הפרויקט."
%d7%9e%d7%98%d7%a8%d7%95-%d7%93%d7%a8%d7%95%d7%9d,32.006934,34.743483,https://ags.iplan.gov.il/arcgisiplan/rest/services/PlanningPublic/Xplan/MapServer/4/query?where=mp_id%3D5005207778+AND+%28mavat_name+LIKE+%27%25%D7%9E%D7%92%D7%95%D7%A8%D7%99%D7%9D%25%27+OR+mavat_name+LIKE+%27%25%D7%93%D7%99%D7%95%D7%A8%25%27%29&outFields=mp_id%2Cpl_id%2Cpl_number%2Cpl_name%2Cnum%2Cmavat_code%2Cmavat_name%2Clegal_area%2Cshape_area%2Cshape_length%2Cstation_desc%2Clast_update_date&returnGeometry=true&outSR=4326&f=geojson,בינונית,"תוקן placeholder: הצמד המקורי זהה אצל 38 פרויקטים; הוזז 1.2 ק״מ למקור המפורט. בדיקה אנושית למגרש יחיד: תכנית 502-1060862 כוללת 11 תאי מגורים (1050;1051;1052;1053;1054;1055;1056;1057;1058;1059;1060); הנקודה נמצאת בתוך איחוד תאי המגורים הרשמיים, אך אין בעמוד הוכחה איזה תא הוא הפרויקט."
%d7%9e%d7%aa%d7%97%d7%9d-%d7%94%d7%a8%d7%a6%d7%9c-%d7%a9%d7%9b%d7%95%d7%a0%d7%aa-%d7%90%d7%95%d7%a9%d7%99%d7%95%d7%aa,31.881703,34.818006,https://ags.iplan.gov.il/arcgisiplan/rest/services/PlanningPublic/Xplan/MapServer/4/query?where=mp_id%3D4005284424+AND+%28mavat_name+LIKE+%27%25%D7%9E%D7%92%D7%95%D7%A8%D7%99%D7%9D%25%27+OR+mavat_name+LIKE+%27%25%D7%93%D7%99%D7%95%D7%A8%25%27%29&outFields=mp_id%2Cpl_id%2Cpl_number%2Cpl_name%2Cnum%2Cmavat_code%2Cmavat_name%2Clegal_area%2Cshape_area%2Cshape_length%2Cstation_desc%2Clast_update_date&returnGeometry=true&outSR=4326&f=geojson,בינונית,"תוקן placeholder: הצמד המקורי זהה אצל 14 פרויקטים; הוזז 1.7 ק״מ למקור המפורט. בדיקה אנושית למגרש יחיד: תכנית 414-1185628 כוללת 10 תאי מגורים (1050;1051;1052;1053;1054;1055;1056;1057;1058;1059); הנקודה נמצאת בתוך איחוד תאי המגורים הרשמיים, אך אין בעמוד הוכחה איזה תא הוא הפרויקט."
%d7%9e%d7%aa%d7%97%d7%9d-%d7%96%d7%91%d7%95%d7%98%d7%99%d7%a0%d7%a1%d7%a7%d7%99-39-41-%d7%9e%d7%a7%d7%93%d7%95%d7%a0%d7%9c%d7%93,32.084281,34.807888,https://ags.iplan.gov.il/arcgisiplan/rest/services/PlanningPublic/Xplan/MapServer/4/query?where=mp_id%3D5005143940+AND+%28mavat_name+LIKE+%27%25%D7%9E%D7%92%D7%95%D7%A8%D7%99%D7%9D%25%27+OR+mavat_name+LIKE+%27%25%D7%93%D7%99%D7%95%D7%A8%25%27%29&outFields=mp_id%2Cpl_id%2Cpl_number%2Cpl_name%2Cnum%2Cmavat_code%2Cmavat_name%2Clegal_area%2Cshape_area%2Cshape_length%2Cstation_desc%2Clast_update_date&returnGeometry=true&outSR=4326&f=geojson,גבוהה,תוקן placeholder: הצמד המקורי זהה אצל 76 פרויקטים; הוזז 2.3 ק״מ למקור המפורט. אומת מול תא מגורים רשמי יחיד 1 בתכנית 506-0982819; הנקודה בתוך התא הרשמי.
%d7%a8%d7%97%d7%95%d7%91%d7%95%d7%aa-%d7%9e%d7%a8%d7%9b%d7%96,31.897457,34.809796,https://ags.iplan.gov.il/arcgisiplan/rest/services/PlanningPublic/XplanNoKanam/MapServer/1/query?where=mp_id%3D99005270056+AND+%28mavat_name+LIKE+%27%25%D7%9E%D7%92%D7%95%D7%A8%D7%99%D7%9D%25%27+OR+mavat_name+LIKE+%27%25%D7%93%D7%99%D7%95%D7%A8%25%27%29&outFields=mp_id%2Cpl_id%2Cpl_number%2Cpl_name%2Cnum%2Cmavat_code%2Cmavat_name%2Clegal_area%2Cshape_area%2Cshape_length%2Cstation_desc%2Clast_update_date%2Cobjectid&returnGeometry=true&outSR=4326&f=geojson,בינונית,"תוקן placeholder: הצמד המקורי זהה אצל 14 פרויקטים; הוזז 256 מ׳ למקור המפורט. בדיקה אנושית למגרש יחיד: תכנית תמל/ 2048/ ב כוללת 19 תאי מגורים (140;141;142;143;144;145;240;241;1000;1001;1002;1050;1051;1052;1053;1055;1250;1251;1410); הנקודה נמצאת בתוך איחוד תאי המגורים הרשמיים, אך אין בעמוד הוכחה איזה תא הוא הפרויקט."
%d7%9e%d7%aa%d7%97%d7%9d-%d7%94%d7%a0%d7%a9%d7%99%d7%90-%d7%99%d7%93-%d7%94%d7%96%d7%94%d7%91,32.438700,34.922798,https://ags.iplan.gov.il/arcgisiplan/rest/services/PlanningPublic/Xplan/MapServer/4/query?where=mp_id%3D3005283752+AND+%28mavat_name+LIKE+%27%25%D7%9E%D7%92%D7%95%D7%A8%D7%99%D7%9D%25%27+OR+mavat_name+LIKE+%27%25%D7%93%D7%99%D7%95%D7%A8%25%27%29&outFields=mp_id%2Cpl_id%2Cpl_number%2Cpl_name%2Cnum%2Cmavat_code%2Cmavat_name%2Clegal_area%2Cshape_area%2Cshape_length%2Cstation_desc%2Clast_update_date&returnGeometry=true&outSR=4326&f=geojson,גבוהה,תוקן placeholder: הצמד המקורי זהה אצל 21 פרויקטים; הוזז 1.6 ק״מ למקור המפורט. אומת מול תא מגורים רשמי יחיד 100 בתכנית 302-1184316; הנקודה בתוך התא הרשמי.
%d7%97%d7%91%d7%93,31.730053,34.736751,https://ags.iplan.gov.il/arcgisiplan/rest/services/PlanningPublic/Xplan/MapServer/4/query?where=mp_id%3D6005120908+AND+%28mavat_name+LIKE+%27%25%D7%9E%D7%92%D7%95%D7%A8%D7%99%D7%9D%25%27+OR+mavat_name+LIKE+%27%25%D7%93%D7%99%D7%95%D7%A8%25%27%29&outFields=mp_id%2Cpl_id%2Cpl_number%2Cpl_name%2Cnum%2Cmavat_code%2Cmavat_name%2Clegal_area%2Cshape_area%2Cshape_length%2Cstation_desc%2Clast_update_date&returnGeometry=true&outSR=4326&f=geojson,בינונית,"תוקן placeholder: הצמד המקורי זהה אצל 4 פרויקטים; הוזז 763 מ׳ למקור המפורט. בדיקה אנושית למגרש יחיד: תכנית 617-0943985 כוללת 13 תאי מגורים (1;2;3;4;5;6;7;8;9;10;11;12;13); הנקודה נמצאת בתוך איחוד תאי המגורים הרשמיים, אך אין בעמוד הוכחה איזה תא הוא הפרויקט."
%d7%94%d7%90%d7%9c%d7%9b%d7%a1%d7%95%d7%9f,32.436002,34.917847,https://ags.iplan.gov.il/arcgisiplan/rest/services/PlanningPublic/XplanNoKanam/MapServer/1/query?where=mp_id%3D3005284342&outFields=mp_id%2Cpl_id%2Cpl_number%2Cpl_name%2Cnum%2Cmavat_code%2Cmavat_name%2Clegal_area%2Cshape_area%2Cshape_length%2Cstation_desc%2Clast_update_date%2Cobjectid&returnGeometry=true&outSR=4326&f=geojson,נמוכה,"תוקן placeholder: הצמד המקורי זהה אצל 21 פרויקטים; הוזז 2.2 ק״מ למקור המפורט. בדיקה אנושית: אותר גבול רשמי של תכנית 302-1185412, אך לא אותר תא מגורים/מגרש יחיד. הנקודה בתוך גבול התכנית בלבד."
%d7%94%d7%a2%d7%92%d7%95%d7%a8-%d7%92%d7%96%d7%99%d7%aa,32.439212,34.905724,https://ags.iplan.gov.il/arcgisiplan/rest/services/PlanningPublic/Xplan/MapServer/4/query?where=mp_id%3D3005390962+AND+%28mavat_name+LIKE+%27%25%D7%9E%D7%92%D7%95%D7%A8%D7%99%D7%9D%25%27+OR+mavat_name+LIKE+%27%25%D7%93%D7%99%D7%95%D7%A8%25%27%29&outFields=mp_id%2Cpl_id%2Cpl_number%2Cpl_name%2Cnum%2Cmavat_code%2Cmavat_name%2Clegal_area%2Cshape_area%2Cshape_length%2Cstation_desc%2Clast_update_date&returnGeometry=true&outSR=4326&f=geojson,גבוהה,תוקן placeholder: הצמד המקורי זהה אצל 21 פרויקטים; הוזז 3.2 ק״מ למקור המפורט. אומת מול תא מגורים רשמי יחיד 1 בתכנית 302-1352137; הנקודה בתוך התא הרשמי.
%d7%a9%d7%9c%d7%9d-20-30,32.048882,34.814521,https://ags.iplan.gov.il/arcgisiplan/rest/services/PlanningPublic/Xplan/MapServer/4/query?where=mp_id%3D5005272350+AND+%28mavat_name+LIKE+%27%25%D7%9E%D7%92%D7%95%D7%A8%D7%99%D7%9D%25%27+OR+mavat_name+LIKE+%27%25%D7%93%D7%99%D7%95%D7%A8%25%27%29&outFields=mp_id%2Cpl_id%2Cpl_number%2Cpl_name%2Cnum%2Cmavat_code%2Cmavat_name%2Clegal_area%2Cshape_area%2Cshape_length%2Cstation_desc%2Clast_update_date&returnGeometry=true&outSR=4326&f=geojson,גבוהה,תוקן placeholder: הצמד המקורי זהה אצל 76 פרויקטים; הוזז 2.4 ק״מ למקור המפורט. אומת מול תא מגורים רשמי יחיד 100 בתכנית 506-1166065; הנקודה בתוך התא הרשמי.
%d7%97%d7%a4%d7%a6%d7%99%d7%91%d7%94,,,,נמוכה,בדיקה אנושית: לא נמצא מקור שמאפשר למסור נקודה ברמת מגרש בביטחון; lat/lng הושארו ריקים. בדיקה אנושית: לא נמצאה ב-XPLAN תכנית בעיר ששמה תואם באופן מספק לשם הפרויקט.
%d7%9e%d7%aa%d7%97%d7%9d-%d7%94%d7%9e%d7%92%d7%93%d7%99%d7%9d,,,,נמוכה,בדיקה אנושית: לא נמצא מקור שמאפשר למסור נקודה ברמת מגרש בביטחון; lat/lng הושארו ריקים. בדיקה אנושית: לא נמצאה ב-XPLAN תכנית בעיר ששמה תואם באופן מספק לשם הפרויקט.
%d7%9e%d7%aa%d7%97%d7%9d-%d7%a4%d7%96,31.609000,34.770271,https://ags.iplan.gov.il/arcgisiplan/rest/services/PlanningPublic/Xplan/MapServer/4/query?where=mp_id%3D6000420173+AND+%28mavat_name+LIKE+%27%25%D7%9E%D7%92%D7%95%D7%A8%D7%99%D7%9D%25%27+OR+mavat_name+LIKE+%27%25%D7%93%D7%99%D7%95%D7%A8%25%27%29&outFields=mp_id%2Cpl_id%2Cpl_number%2Cpl_name%2Cnum%2Cmavat_code%2Cmavat_name%2Clegal_area%2Cshape_area%2Cshape_length%2Cstation_desc%2Clast_update_date&returnGeometry=true&outSR=4326&f=geojson,בינונית,"תוקן placeholder: הצמד המקורי זהה אצל 8 פרויקטים; הוזז 98 מ׳ למקור המפורט. בדיקה אנושית למגרש יחיד: תכנית 606-0438796 כוללת 12 תאי מגורים (390;391;392;393;394;395;396;400;401;402;404;408); הנקודה נמצאת בתוך איחוד תאי המגורים הרשמיים, אך אין בעמוד הוכחה איזה תא הוא הפרויקט."
%d7%9e%d7%92%d7%93%d7%99%d7%90%d7%9c-55,32.159409,34.900935,https://ags.iplan.gov.il/arcgisiplan/rest/services/PlanningPublic/Xplan/MapServer/4/query?where=mp_id%3D4005067780+AND+%28mavat_name+LIKE+%27%25%D7%9E%D7%92%D7%95%D7%A8%D7%99%D7%9D%25%27+OR+mavat_name+LIKE+%27%25%D7%93%D7%99%D7%95%D7%A8%25%27%29&outFields=mp_id%2Cpl_id%2Cpl_number%2Cpl_name%2Cnum%2Cmavat_code%2Cmavat_name%2Clegal_area%2Cshape_area%2Cshape_length%2Cstation_desc%2Clast_update_date&returnGeometry=true&outSR=4326&f=geojson,גבוהה,תוקן placeholder: הצמד המקורי זהה אצל 6 פרויקטים; הוזז 825 מ׳ למקור המפורט. אומת מול תא מגורים רשמי יחיד 1 בתכנית 423-0855858; הנקודה בתוך התא הרשמי.
%d7%aa%d7%9b%d7%a0%d7%95%d7%9f-%d7%91%d7%a7%d7%a8%d7%91%d7%aa-%d7%94%d7%9e%d7%98%d7%a8%d7%95,,,,נמוכה,בדיקה אנושית: לא נמצא מקור שמאפשר למסור נקודה ברמת מגרש בביטחון; lat/lng הושארו ריקים. בדיקה אנושית: לא נמצאה ב-XPLAN תכנית בעיר ששמה תואם באופן מספק לשם הפרויקט.
%d7%9e%d7%aa%d7%97%d7%9d-59-%d7%97%d7%a8%d7%95%d7%aa-37-39-43-45-47-%d7%90%d7%91%d7%90-%d7%94%d7%9c%d7%9c-104-106-108-110-112,32.091349,34.814618,https://ags.iplan.gov.il/arcgisiplan/rest/services/PlanningPublic/Xplan/MapServer/4/query?where=mp_id%3D5005099750+AND+%28mavat_name+LIKE+%27%25%D7%9E%D7%92%D7%95%D7%A8%D7%99%D7%9D%25%27+OR+mavat_name+LIKE+%27%25%D7%93%D7%99%D7%95%D7%A8%25%27%29&outFields=mp_id%2Cpl_id%2Cpl_number%2Cpl_name%2Cnum%2Cmavat_code%2Cmavat_name%2Clegal_area%2Cshape_area%2Cshape_length%2Cstation_desc%2Clast_update_date&returnGeometry=true&outSR=4326&f=geojson,גבוהה,תוקן placeholder: הצמד המקורי זהה אצל 76 פרויקטים; הוזז 2.7 ק״מ למקור המפורט. אומת מול תא מגורים רשמי יחיד 101 בתכנית 506-0909788; הנקודה בתוך התא הרשמי.
%d7%97%d7%91%d7%99%d7%91%d7%94-%d7%a8%d7%99%d7%99%d7%9a-20-28,32.779791,35.007420,https://ags.iplan.gov.il/arcgisiplan/rest/services/PlanningPublic/Xplan/MapServer/4/query?where=mp_id%3D3005435900+AND+%28mavat_name+LIKE+%27%25%D7%9E%D7%92%D7%95%D7%A8%D7%99%D7%9D%25%27+OR+mavat_name+LIKE+%27%25%D7%93%D7%99%D7%95%D7%A8%25%27%29&outFields=mp_id%2Cpl_id%2Cpl_number%2Cpl_name%2Cnum%2Cmavat_code%2Cmavat_name%2Clegal_area%2Cshape_area%2Cshape_length%2Cstation_desc%2Clast_update_date&returnGeometry=true&outSR=4326&f=geojson,גבוהה,תוקן placeholder: הצמד המקורי זהה אצל 43 פרויקטים; הוזז 4.5 ק״מ למקור המפורט. אומת מול תא מגורים רשמי יחיד 201 בתכנית 304-1425933; הנקודה בתוך התא הרשמי.
%d7%93%d7%a8%d7%99%d7%99%d7%a4%d7%95%d7%a1-1-9-%d7%a7%d7%a8%d7%99%d7%99%d7%aa-%d7%a9%d7%a4%d7%a8%d7%99%d7%a0%d7%a6%d7%a7,32.821473,34.964891,https://ags.iplan.gov.il/arcgisiplan/rest/services/PlanningPublic/Xplan/MapServer/4/query?where=mp_id%3D3005365332+AND+%28mavat_name+LIKE+%27%25%D7%9E%D7%92%D7%95%D7%A8%D7%99%D7%9D%25%27+OR+mavat_name+LIKE+%27%25%D7%93%D7%99%D7%95%D7%A8%25%27%29&outFields=mp_id%2Cpl_id%2Cpl_number%2Cpl_name%2Cnum%2Cmavat_code%2Cmavat_name%2Clegal_area%2Cshape_area%2Cshape_length%2Cstation_desc%2Clast_update_date&returnGeometry=true&outSR=4326&f=geojson,בינונית,"תוקן placeholder: הצמד המקורי זהה אצל 43 פרויקטים; הוזז 3.1 ק״מ למקור המפורט. בדיקה אנושית למגרש יחיד: תכנית 304-1310895 כוללת 2 תאי מגורים (1;2); הנקודה נמצאת בתוך איחוד תאי המגורים הרשמיים, אך אין בעמוד הוכחה איזה תא הוא הפרויקט."
%d7%94%d7%94%d7%a1%d7%aa%d7%93%d7%a8%d7%95%d7%aa-143-145,32.015583,34.784692,https://ags.iplan.gov.il/arcgisiplan/rest/services/PlanningPublic/Xplan/MapServer/4/query?where=mp_id%3D5005147490+AND+%28mavat_name+LIKE+%27%25%D7%9E%D7%92%D7%95%D7%A8%D7%99%D7%9D%25%27+OR+mavat_name+LIKE+%27%25%D7%93%D7%99%D7%95%D7%A8%25%27%29&outFields=mp_id%2Cpl_id%2Cpl_number%2Cpl_name%2Cnum%2Cmavat_code%2Cmavat_name%2Clegal_area%2Cshape_area%2Cshape_length%2Cstation_desc%2Clast_update_date&returnGeometry=true&outSR=4326&f=geojson,גבוהה,תוקן placeholder: הצמד המקורי זהה אצל 25 פרויקטים; הוזז 579 מ׳ למקור המפורט. אומת מול תא מגורים רשמי יחיד 201 בתכנית 505-0988105; הנקודה בתוך התא הרשמי.
%d7%9e%d7%a2%d7%9c%d7%94-%d7%94%d7%92%d7%99%d7%91%d7%95%d7%a8%d7%99%d7%9d,32.777132,35.035020,https://ags.iplan.gov.il/arcgisiplan/rest/services/PlanningPublic/Xplan/MapServer/4/query?where=mp_id%3D3005209862+AND+%28mavat_name+LIKE+%27%25%D7%9E%D7%92%D7%95%D7%A8%D7%99%D7%9D%25%27+OR+mavat_name+LIKE+%27%25%D7%93%D7%99%D7%95%D7%A8%25%27%29&outFields=mp_id%2Cpl_id%2Cpl_number%2Cpl_name%2Cnum%2Cmavat_code%2Cmavat_name%2Clegal_area%2Cshape_area%2Cshape_length%2Cstation_desc%2Clast_update_date&returnGeometry=true&outSR=4326&f=geojson,בינונית,"תוקן placeholder: הצמד המקורי זהה אצל 4 פרויקטים; הוזז 753 מ׳ למקור המפורט. בדיקה אנושית למגרש יחיד: תכנית 355-1064344 כוללת 6 תאי מגורים (101;104;107;201;202;901); הנקודה נמצאת בתוך איחוד תאי המגורים הרשמיים, אך אין בעמוד הוכחה איזה תא הוא הפרויקט."
%d7%90%d7%95%d7%a4%d7%a7-%d7%9c%d7%a2%d7%9e%d7%a7,32.774222,35.033901,https://mavat.iplan.gov.il/SV4/1/3005346476/310,גבוהה,תוקן placeholder: הצמד המקורי זהה אצל 4 פרויקטים; הוזז 542 מ׳ למקור המפורט. השם הייחודי אופק לעמק והעיר נשר מופיעים בתכנית; 216 יחידות = 36 מאושרות + 180 תוספת. הנקודה חושבה מתוך גבול התכנית הרשמי ונבדקה כנמצאת בתוכו.
%d7%92%d7%a9%d7%9d-%d7%90%d7%9c%d7%99-%d7%9b%d7%94%d7%9f,33.016562,35.096814,https://ags.iplan.gov.il/arcgisiplan/rest/services/PlanningPublic/Xplan/MapServer/4/query?where=mp_id%3D2005392840+AND+%28mavat_name+LIKE+%27%25%D7%9E%D7%92%D7%95%D7%A8%D7%99%D7%9D%25%27+OR+mavat_name+LIKE+%27%25%D7%93%D7%99%D7%95%D7%A8%25%27%29&outFields=mp_id%2Cpl_id%2Cpl_number%2Cpl_name%2Cnum%2Cmavat_code%2Cmavat_name%2Clegal_area%2Cshape_area%2Cshape_length%2Cstation_desc%2Clast_update_date&returnGeometry=true&outSR=4326&f=geojson,גבוהה,תוקן placeholder: הצמד המקורי זהה אצל 13 פרויקטים; הוזז 1.2 ק״מ למקור המפורט. אומת מול תא מגורים רשמי יחיד 100 בתכנית 210-1355049; הנקודה בתוך התא הרשמי.
%d7%9e%d7%aa%d7%97%d7%9d-%d7%a6%d7%a2%d7%99%d7%a8%d7%99%d7%9d-%d7%92%d7%91%d7%a2%d7%aa-%d7%90%d7%95%d7%9c%d7%92%d7%94,32.436171,34.888097,https://ags.iplan.gov.il/arcgisiplan/rest/services/PlanningPublic/Xplan/MapServer/4/query?where=mp_id%3D3005254644+AND+%28mavat_name+LIKE+%27%25%D7%9E%D7%92%D7%95%D7%A8%D7%99%D7%9D%25%27+OR+mavat_name+LIKE+%27%25%D7%93%D7%99%D7%95%D7%A8%25%27%29&outFields=mp_id%2Cpl_id%2Cpl_number%2Cpl_name%2Cnum%2Cmavat_code%2Cmavat_name%2Clegal_area%2Cshape_area%2Cshape_length%2Cstation_desc%2Clast_update_date&returnGeometry=true&outSR=4326&f=geojson,בינונית,"תוקן placeholder: הצמד המקורי זהה אצל 21 פרויקטים; הוזז 4.9 ק״מ למקור המפורט. בדיקה אנושית למגרש יחיד: תכנית 302-1136548 כוללת 5 תאי מגורים (101;102;103;104;105); הנקודה נמצאת בתוך איחוד תאי המגורים הרשמיים, אך אין בעמוד הוכחה איזה תא הוא הפרויקט."
%d7%a7%d7%a4%d7%9c%d7%9f-9-13,32.020882,34.810616,https://ags.iplan.gov.il/arcgisiplan/rest/services/PlanningPublic/Xplan/MapServer/4/query?where=mp_id%3D5005267980+AND+%28mavat_name+LIKE+%27%25%D7%9E%D7%92%D7%95%D7%A8%D7%99%D7%9D%25%27+OR+mavat_name+LIKE+%27%25%D7%93%D7%99%D7%95%D7%A8%25%27%29&outFields=mp_id%2Cpl_id%2Cpl_number%2Cpl_name%2Cnum%2Cmavat_code%2Cmavat_name%2Clegal_area%2Cshape_area%2Cshape_length%2Cstation_desc%2Clast_update_date&returnGeometry=true&outSR=4326&f=geojson,גבוהה,תוקן placeholder: הצמד המקורי זהה אצל 5 פרויקטים; הוזז 1.1 ק״מ למקור המפורט. אומת מול תא מגורים רשמי יחיד 1 בתכנית 554-1158708; הנקודה בתוך התא הרשמי.
%d7%a1%d7%95%d7%a7%d7%95%d7%9c%d7%95%d7%91-%d7%94%d7%a9%d7%a8%d7%95%d7%9f,32.166149,34.839066,https://ags.iplan.gov.il/arcgisiplan/rest/services/PlanningPublic/Xplan/MapServer/4/query?where=mp_id%3D5005375812+AND+%28mavat_name+LIKE+%27%25%D7%9E%D7%92%D7%95%D7%A8%D7%99%D7%9D%25%27+OR+mavat_name+LIKE+%27%25%D7%93%D7%99%D7%95%D7%A8%25%27%29&outFields=mp_id%2Cpl_id%2Cpl_number%2Cpl_name%2Cnum%2Cmavat_code%2Cmavat_name%2Clegal_area%2Cshape_area%2Cshape_length%2Cstation_desc%2Clast_update_date&returnGeometry=true&outSR=4326&f=geojson,גבוהה,תוקן placeholder: הצמד המקורי זהה אצל 25 פרויקטים; הוזז 740 מ׳ למקור המפורט. אומת מול תא מגורים רשמי יחיד 1 בתכנית 504-1327162; הנקודה בתוך התא הרשמי.
%d7%99%d7%93-%d7%94%d7%aa%d7%a9%d7%a2%d7%94,32.177563,34.855439,https://ags.iplan.gov.il/arcgisiplan/rest/services/PlanningPublic/Xplan/MapServer/4/query?where=mp_id%3D5005284880+AND+%28mavat_name+LIKE+%27%25%D7%9E%D7%92%D7%95%D7%A8%D7%99%D7%9D%25%27+OR+mavat_name+LIKE+%27%25%D7%93%D7%99%D7%95%D7%A8%25%27%29&outFields=mp_id%2Cpl_id%2Cpl_number%2Cpl_name%2Cnum%2Cmavat_code%2Cmavat_name%2Clegal_area%2Cshape_area%2Cshape_length%2Cstation_desc%2Clast_update_date&returnGeometry=true&outSR=4326&f=geojson,בינונית,"תוקן placeholder: הצמד המקורי זהה אצל 25 פרויקטים; הוזז 1.6 ק״מ למקור המפורט. בדיקה אנושית למגרש יחיד: תכנית 504-1186360 כוללת 25 תאי מגורים (101;102;103;104;105;106;107;108;109;110;111;112;113;114;115;116;118;119;120;121;122;123;201;202;203); הנקודה נמצאת בתוך איחוד תאי המגורים הרשמיים, אך אין בעמוד הוכחה איזה תא הוא הפרויקט."
%d7%95%d7%99%d7%a6%d7%9e%d7%9f-6-12,32.163337,34.835188,https://ags.iplan.gov.il/arcgisiplan/rest/services/PlanningPublic/Xplan/MapServer/4/query?where=mp_id%3D5005420878+AND+%28mavat_name+LIKE+%27%25%D7%9E%D7%92%D7%95%D7%A8%D7%99%D7%9D%25%27+OR+mavat_name+LIKE+%27%25%D7%93%D7%99%D7%95%D7%A8%25%27%29&outFields=mp_id%2Cpl_id%2Cpl_number%2Cpl_name%2Cnum%2Cmavat_code%2Cmavat_name%2Clegal_area%2Cshape_area%2Cshape_length%2Cstation_desc%2Clast_update_date&returnGeometry=true&outSR=4326&f=geojson,בינונית,"תוקן placeholder: הצמד המקורי זהה אצל 25 פרויקטים; הוזז 1.1 ק״מ למקור המפורט. בדיקה אנושית למגרש יחיד: תכנית 504-1400381 כוללת 2 תאי מגורים (1;2); הנקודה נמצאת בתוך איחוד תאי המגורים הרשמיים, אך אין בעמוד הוכחה איזה תא הוא הפרויקט."
%d7%94%d7%aa%d7%97%d7%a0%d7%94-%d7%94%d7%9e%d7%a8%d7%9b%d7%96%d7%99%d7%aa,33.004372,35.097350,https://ags.iplan.gov.il/arcgisiplan/rest/services/PlanningPublic/XplanNoKanam/MapServer/1/query?where=mp_id%3D99005403868&outFields=mp_id%2Cpl_id%2Cpl_number%2Cpl_name%2Cnum%2Cmavat_code%2Cmavat_name%2Clegal_area%2Cshape_area%2Cshape_length%2Cstation_desc%2Clast_update_date%2Cobjectid&returnGeometry=true&outSR=4326&f=geojson,נמוכה,"תוקן placeholder: הצמד המקורי זהה אצל 13 פרויקטים; הוזז 338 מ׳ למקור המפורט. בדיקה אנושית: אותר גבול רשמי של תכנית תמל/ 2071, אך לא אותר תא מגורים/מגרש יחיד. הנקודה בתוך גבול התכנית בלבד."
%d7%99%d7%94%d7%95%d7%a9%d7%a4%d7%98-%d7%a0%d7%95%d7%95%d7%94-%d7%93%d7%95%d7%93,32.808321,34.961608,https://ags.iplan.gov.il/arcgisiplan/rest/services/PlanningPublic/Xplan/MapServer/4/query?where=mp_id%3D3005337250+AND+%28mavat_name+LIKE+%27%25%D7%9E%D7%92%D7%95%D7%A8%D7%99%D7%9D%25%27+OR+mavat_name+LIKE+%27%25%D7%93%D7%99%D7%95%D7%A8%25%27%29&outFields=mp_id%2Cpl_id%2Cpl_number%2Cpl_name%2Cnum%2Cmavat_code%2Cmavat_name%2Clegal_area%2Cshape_area%2Cshape_length%2Cstation_desc%2Clast_update_date&returnGeometry=true&outSR=4326&f=geojson,גבוהה,תוקן placeholder: הצמד המקורי זהה אצל 43 פרויקטים; הוזז 3.6 ק״מ למקור המפורט. אומת מול תא מגורים רשמי יחיד 20 בתכנית 304-1267301; הנקודה בתוך התא הרשמי.
%d7%a8%d7%95%d7%a4%d7%99%d7%9f,32.090693,34.878819,https://ags.iplan.gov.il/arcgisiplan/rest/services/PlanningPublic/Xplan/MapServer/4/query?where=mp_id%3D4005221560+AND+%28mavat_name+LIKE+%27%25%D7%9E%D7%92%D7%95%D7%A8%D7%99%D7%9D%25%27+OR+mavat_name+LIKE+%27%25%D7%93%D7%99%D7%95%D7%A8%25%27%29&outFields=mp_id%2Cpl_id%2Cpl_number%2Cpl_name%2Cnum%2Cmavat_code%2Cmavat_name%2Clegal_area%2Cshape_area%2Cshape_length%2Cstation_desc%2Clast_update_date&returnGeometry=true&outSR=4326&f=geojson,גבוהה,תוקן placeholder: הצמד המקורי זהה אצל 37 פרויקטים; הוזז 751 מ׳ למקור המפורט. אומת מול תא מגורים רשמי יחיד 101A בתכנית 410-1083526; הנקודה בתוך התא הרשמי.
%d7%91%d7%99%d7%90%d7%9c%d7%99%d7%a7-24-34-%d7%91%d7%99%d7%90%d7%9c%d7%99%d7%a7-12-22,32.767005,34.971928,https://ags.iplan.gov.il/arcgisiplan/rest/services/PlanningPublic/Xplan/MapServer/4/query?where=mp_id%3D3005421420+AND+%28mavat_name+LIKE+%27%25%D7%9E%D7%92%D7%95%D7%A8%D7%99%D7%9D%25%27+OR+mavat_name+LIKE+%27%25%D7%93%D7%99%D7%95%D7%A8%25%27%29&outFields=mp_id%2Cpl_id%2Cpl_number%2Cpl_name%2Cnum%2Cmavat_code%2Cmavat_name%2Clegal_area%2Cshape_area%2Cshape_length%2Cstation_desc%2Clast_update_date&returnGeometry=true&outSR=4326&f=geojson,בינונית,"תוקן placeholder: הצמד המקורי זהה אצל 14 פרויקטים; הוזז 626 מ׳ למקור המפורט. בדיקה אנושית למגרש יחיד: תכנית 355-1401439 כוללת 2 תאי מגורים (98;99); הנקודה נמצאת בתוך איחוד תאי המגורים הרשמיים, אך אין בעמוד הוכחה איזה תא הוא הפרויקט."
%d7%94%d7%a0%d7%a8%d7%a7%d7%99%d7%a1,31.737097,34.979184,https://ags.iplan.gov.il/arcgisiplan/rest/services/PlanningPublic/Xplan/MapServer/4/query?where=mp_id%3D1005403914+AND+%28mavat_name+LIKE+%27%25%D7%9E%D7%92%D7%95%D7%A8%D7%99%D7%9D%25%27+OR+mavat_name+LIKE+%27%25%D7%93%D7%99%D7%95%D7%A8%25%27%29&outFields=mp_id%2Cpl_id%2Cpl_number%2Cpl_name%2Cnum%2Cmavat_code%2Cmavat_name%2Clegal_area%2Cshape_area%2Cshape_length%2Cstation_desc%2Clast_update_date&returnGeometry=true&outSR=4326&f=geojson,בינונית,"תוקן placeholder: הצמד המקורי זהה אצל 7 פרויקטים; הוזז 1.4 ק״מ למקור המפורט. בדיקה אנושית למגרש יחיד: תכנית 102-1372283 כוללת 20 תאי מגורים (101;102;103;104;105;106;108;109;110;111;112;113;114;115;701;702;703;704;107A;107B); הנקודה נמצאת בתוך איחוד תאי המגורים הרשמיים, אך אין בעמוד הוכחה איזה תא הוא הפרויקט."
%d7%a7%d7%a8%d7%99%d7%99%d7%aa-%d7%97%d7%a9%d7%9e%d7%9c-%d7%a7-%d7%97%d7%99%d7%99%d7%9d-%d7%9e%d7%96%d7%a8%d7%97%d7%99%d7%aa,32.816516,35.075539,https://ags.iplan.gov.il/arcgisiplan/rest/services/PlanningPublic/Xplan/MapServer/4/query?where=mp_id%3D3005243512+AND+%28mavat_name+LIKE+%27%25%D7%9E%D7%92%D7%95%D7%A8%D7%99%D7%9D%25%27+OR+mavat_name+LIKE+%27%25%D7%93%D7%99%D7%95%D7%A8%25%27%29&outFields=mp_id%2Cpl_id%2Cpl_number%2Cpl_name%2Cnum%2Cmavat_code%2Cmavat_name%2Clegal_area%2Cshape_area%2Cshape_length%2Cstation_desc%2Clast_update_date&returnGeometry=true&outSR=4326&f=geojson,בינונית,"תוקן placeholder: הצמד המקורי זהה אצל 43 פרויקטים; הוזז 7.2 ק״מ למקור המפורט. בדיקה אנושית למגרש יחיד: תכנית 304-1119387 כוללת 3 תאי מגורים (201;202;203); הנקודה נמצאת בתוך איחוד תאי המגורים הרשמיים, אך אין בעמוד הוכחה איזה תא הוא הפרויקט."
%d7%94%d7%a8%d7%a6%d7%9c-43-47,32.765337,34.970193,https://ags.iplan.gov.il/arcgisiplan/rest/services/PlanningPublic/Xplan/MapServer/4/query?where=mp_id%3D3005342518+AND+%28mavat_name+LIKE+%27%25%D7%9E%D7%92%D7%95%D7%A8%D7%99%D7%9D%25%27+OR+mavat_name+LIKE+%27%25%D7%93%D7%99%D7%95%D7%A8%25%27%29&outFields=mp_id%2Cpl_id%2Cpl_number%2Cpl_name%2Cnum%2Cmavat_code%2Cmavat_name%2Clegal_area%2Cshape_area%2Cshape_length%2Cstation_desc%2Clast_update_date&returnGeometry=true&outSR=4326&f=geojson,גבוהה,תוקן placeholder: הצמד המקורי זהה אצל 14 פרויקטים; הוזז 458 מ׳ למקור המפורט. אומת מול תא מגורים רשמי יחיד 201 בתכנית 355-1276682; הנקודה בתוך התא הרשמי.
%d7%94%d7%a8%d7%90%d7%94-103-105-107-%d7%99%d7%95%d7%a0%d7%94-2-4-6,32.080630,34.825823,https://ags.iplan.gov.il/arcgisiplan/rest/services/PlanningPublic/Xplan/MapServer/4/query?where=mp_id%3D5005202490+AND+%28mavat_name+LIKE+%27%25%D7%9E%D7%92%D7%95%D7%A8%D7%99%D7%9D%25%27+OR+mavat_name+LIKE+%27%25%D7%93%D7%99%D7%95%D7%A8%25%27%29&outFields=mp_id%2Cpl_id%2Cpl_number%2Cpl_name%2Cnum%2Cmavat_code%2Cmavat_name%2Clegal_area%2Cshape_area%2Cshape_length%2Cstation_desc%2Clast_update_date&returnGeometry=true&outSR=4326&f=geojson,גבוהה,תוקן placeholder: הצמד המקורי זהה אצל 76 פרויקטים; הוזז 1.3 ק״מ למקור המפורט. אומת מול תא מגורים רשמי יחיד 1 בתכנית 506-1051846; הנקודה בתוך התא הרשמי.
%d7%95%d7%99%d7%a6%d7%9e%d7%9f-%d7%92%d7%90%d7%95%d7%9c%d7%94,32.176760,34.900645,https://ags.iplan.gov.il/arcgisiplan/rest/services/PlanningPublic/Xplan/MapServer/4/query?where=mp_id%3D4005282842+AND+%28mavat_name+LIKE+%27%25%D7%9E%D7%92%D7%95%D7%A8%D7%99%D7%9D%25%27+OR+mavat_name+LIKE+%27%25%D7%93%D7%99%D7%95%D7%A8%25%27%29&outFields=mp_id%2Cpl_id%2Cpl_number%2Cpl_name%2Cnum%2Cmavat_code%2Cmavat_name%2Clegal_area%2Cshape_area%2Cshape_length%2Cstation_desc%2Clast_update_date&returnGeometry=true&outSR=4326&f=geojson,בינונית,"תוקן placeholder: הצמד המקורי זהה אצל 12 פרויקטים; הוזז 645 מ׳ למקור המפורט. בדיקה אנושית למגרש יחיד: תכנית 405-1182823 כוללת 16 תאי מגורים (101;203;204;201A;202A;202B;202C;205A;205B;205C;205D;206A;206B;206C;206D;206E); הנקודה נמצאת בתוך איחוד תאי המגורים הרשמיים, אך אין בעמוד הוכחה איזה תא הוא הפרויקט."
%d7%95%d7%99%d7%a6%d7%9e%d7%9f-%d7%94%d7%a8%d7%a6%d7%9c,32.173890,34.913401,https://ags.iplan.gov.il/arcgisiplan/rest/services/PlanningPublic/Xplan/MapServer/4/query?where=mp_id%3D4005282864+AND+%28mavat_name+LIKE+%27%25%D7%9E%D7%92%D7%95%D7%A8%D7%99%D7%9D%25%27+OR+mavat_name+LIKE+%27%25%D7%93%D7%99%D7%95%D7%A8%25%27%29&outFields=mp_id%2Cpl_id%2Cpl_number%2Cpl_name%2Cnum%2Cmavat_code%2Cmavat_name%2Clegal_area%2Cshape_area%2Cshape_length%2Cstation_desc%2Clast_update_date&returnGeometry=true&outSR=4326&f=geojson,בינונית,"תוקן placeholder: הצמד המקורי זהה אצל 12 פרויקטים; הוזז 679 מ׳ למקור המפורט. בדיקה אנושית למגרש יחיד: תכנית 405-1182856 כוללת 17 תאי מגורים (200;201;202;203;204;205;504;505;506;507;508;509;501A;501B;502A;502B;502C); הנקודה נמצאת בתוך איחוד תאי המגורים הרשמיים, אך אין בעמוד הוכחה איזה תא הוא הפרויקט."
%d7%a6%d7%94%d7%9c-63-69-%d7%9e%d7%aa%d7%97%d7%9d-16-%d7%a7%d7%a8%d7%99%d7%99%d7%aa-%d7%90%d7%9c%d7%99%d7%a2%d7%96%d7%a8,32.828115,34.974308,https://ags.iplan.gov.il/arcgisiplan/rest/services/PlanningPublic/Xplan/MapServer/4/query?where=mp_id%3D3005292520+AND+%28mavat_name+LIKE+%27%25%D7%9E%D7%92%D7%95%D7%A8%D7%99%D7%9D%25%27+OR+mavat_name+LIKE+%27%25%D7%93%D7%99%D7%95%D7%A8%25%27%29&outFields=mp_id%2Cpl_id%2Cpl_number%2Cpl_name%2Cnum%2Cmavat_code%2Cmavat_name%2Clegal_area%2Cshape_area%2Cshape_length%2Cstation_desc%2Clast_update_date&returnGeometry=true&outSR=4326&f=geojson,גבוהה,תוקן placeholder: הצמד המקורי זהה אצל 43 פרויקטים; הוזז 2.5 ק״מ למקור המפורט. אומת מול תא מגורים רשמי יחיד 201 בתכנית 304-1199405; הנקודה בתוך התא הרשמי.
%d7%a1%d7%95%d7%a1%d7%a7%d7%99%d7%9f-%d7%99%d7%95%d7%a1%d7%a3-%d7%9c%d7%95%d7%99,,,,נמוכה,"בדיקה אנושית: לא נמצא מקור שמאפשר למסור נקודה ברמת מגרש בביטחון; lat/lng הושארו ריקים. בדיקה אנושית: נמצאו מועמדי XPLAN חלקיים או מרובים, אך אין התאמת שם+עיר חד-משמעית. מועמדים: 210-1212463 — ג/28790 - המייסדים פינת יוסף לוי נהריה; 210-0808006 — שינוי קווי בניין והוספת שימושים למבנים ומוסדות ציבור- לוי יוסף 2 נהריה; 210-1164821 — נהריה - התחדשות עירונית לוי אשכול"
%d7%a6%d7%91%d7%a8-%d7%a9%d7%a7%d7%9e%d7%94-%d7%97%d7%a4-1086-%d7%99%d7%91,32.787117,34.992509,https://ags.iplan.gov.il/arcgisiplan/rest/services/PlanningPublic/Xplan/MapServer/4/query?where=mp_id%3D3005337666+AND+%28mavat_name+LIKE+%27%25%D7%9E%D7%92%D7%95%D7%A8%D7%99%D7%9D%25%27+OR+mavat_name+LIKE+%27%25%D7%93%D7%99%D7%95%D7%A8%25%27%29&outFields=mp_id%2Cpl_id%2Cpl_number%2Cpl_name%2Cnum%2Cmavat_code%2Cmavat_name%2Clegal_area%2Cshape_area%2Cshape_length%2Cstation_desc%2Clast_update_date&returnGeometry=true&outSR=4326&f=geojson,בינונית,"תוקן placeholder: הצמד המקורי זהה אצל 43 פרויקטים; הוזז 3.6 ק״מ למקור המפורט. בדיקה אנושית למגרש יחיד: תכנית 304-1268291 כוללת 2 תאי מגורים (1;2); הנקודה נמצאת בתוך איחוד תאי המגורים הרשמיים, אך אין בעמוד הוכחה איזה תא הוא הפרויקט."
%d7%9c%d7%91-%d7%94%d7%a2%d7%99%d7%a8,33.007869,35.097134,https://ags.iplan.gov.il/arcgisiplan/rest/services/PlanningPublic/Xplan/MapServer/4/query?where=mp_id%3D2005160188+AND+%28mavat_name+LIKE+%27%25%D7%9E%D7%92%D7%95%D7%A8%D7%99%D7%9D%25%27+OR+mavat_name+LIKE+%27%25%D7%93%D7%99%D7%95%D7%A8%25%27%29&outFields=mp_id%2Cpl_id%2Cpl_number%2Cpl_name%2Cnum%2Cmavat_code%2Cmavat_name%2Clegal_area%2Cshape_area%2Cshape_length%2Cstation_desc%2Clast_update_date&returnGeometry=true&outSR=4326&f=geojson,בינונית,"תוקן placeholder: הצמד המקורי זהה אצל 13 פרויקטים; הוזז 296 מ׳ למקור המפורט. בדיקה אנושית למגרש יחיד: תכנית 210-1008820 כוללת 10 תאי מגורים (4;10;11;12;13;14;15;16;41;42); הנקודה נמצאת בתוך איחוד תאי המגורים הרשמיים, אך אין בעמוד הוכחה איזה תא הוא הפרויקט."
%d7%a7%d7%93%d7%a9-%d7%94%d7%a8%d7%90%d7%a9%d7%95%d7%a0%d7%99%d7%9d,32.682604,35.233067,https://ags.iplan.gov.il/arcgisiplan/rest/services/PlanningPublic/Xplan/MapServer/4/query?where=mp_id%3D2005359504+AND+%28mavat_name+LIKE+%27%25%D7%9E%D7%92%D7%95%D7%A8%D7%99%D7%9D%25%27+OR+mavat_name+LIKE+%27%25%D7%93%D7%99%D7%95%D7%A8%25%27%29&outFields=mp_id%2Cpl_id%2Cpl_number%2Cpl_name%2Cnum%2Cmavat_code%2Cmavat_name%2Clegal_area%2Cshape_area%2Cshape_length%2Cstation_desc%2Clast_update_date&returnGeometry=true&outSR=4326&f=geojson,בינונית,"תוקן placeholder: הצמד המקורי זהה אצל 6 פרויקטים; הוזז 1.0 ק״מ למקור המפורט. בדיקה אנושית למגרש יחיד: תכנית 221-1301811 כוללת 4 תאי מגורים (1;2;3;4); הנקודה נמצאת בתוך איחוד תאי המגורים הרשמיים, אך אין בעמוד הוכחה איזה תא הוא הפרויקט."
%d7%94%d7%a2%d7%9c%d7%99%d7%94-2,32.685157,35.232200,https://ags.iplan.gov.il/arcgisiplan/rest/services/PlanningPublic/XplanNoKanam/MapServer/1/query?where=mp_id%3D2005358838+AND+%28mavat_name+LIKE+%27%25%D7%9E%D7%92%D7%95%D7%A8%D7%99%D7%9D%25%27+OR+mavat_name+LIKE+%27%25%D7%93%D7%99%D7%95%D7%A8%25%27%29&outFields=mp_id%2Cpl_id%2Cpl_number%2Cpl_name%2Cnum%2Cmavat_code%2Cmavat_name%2Clegal_area%2Cshape_area%2Cshape_length%2Cstation_desc%2Clast_update_date%2Cobjectid&returnGeometry=true&outSR=4326&f=geojson,גבוהה,תוקן placeholder: הצמד המקורי זהה אצל 6 פרויקטים; הוזז 1.3 ק״מ למקור המפורט. אומת מול תא מגורים רשמי יחיד 16 בתכנית 221-1300813; הנקודה בתוך התא הרשמי.
%d7%99%d7%95%d7%a1%d7%a4%d7%98%d7%9c-7,32.182316,34.941887,https://ags.iplan.gov.il/arcgisiplan/rest/services/PlanningPublic/XplanNoKanam/MapServer/1/query?where=mp_id%3D99005213246+AND+%28mavat_name+LIKE+%27%25%D7%9E%D7%92%D7%95%D7%A8%D7%99%D7%9D%25%27+OR+mavat_name+LIKE+%27%25%D7%93%D7%99%D7%95%D7%A8%25%27%29&outFields=mp_id%2Cpl_id%2Cpl_number%2Cpl_name%2Cnum%2Cmavat_code%2Cmavat_name%2Clegal_area%2Cshape_area%2Cshape_length%2Cstation_desc%2Clast_update_date%2Cobjectid&returnGeometry=true&outSR=4326&f=geojson,בינונית,"תוקן placeholder: הצמד המקורי זהה אצל 12 פרויקטים; הוזז 3.3 ק״מ למקור המפורט. בדיקה אנושית למגרש יחיד: תכנית תמל/ 2040 כוללת 51 תאי מגורים (200;201;202;203;204;205;300;301;302;303;304;305;306;307;308;309;311;312;313;314;316;317;318;319;320;321;322;323;400;401;402;403;404;405;406;407;410;411;412;413;416;417;600;601;6…); הנקודה נמצאת בתוך איחוד תאי המגורים הרשמיים, אך אין בעמוד הוכחה איזה תא הוא הפרויקט."
%d7%a4%d7%99%d7%a0%d7%95%d7%99-%d7%91%d7%99%d7%a0%d7%95%d7%99-%d7%91%d7%a8%d7%97%d7%95%d7%91-%d7%92%d7%95%d7%a8%d7%93%d7%95%d7%9f-%d7%a6%d7%a4%d7%95%d7%9f-%d7%98%d7%99%d7%a8%d7%aa-%d7%94%d7%9b%d7%a8,32.753281,34.970373,https://ags.iplan.gov.il/arcgisiplan/rest/services/PlanningPublic/Xplan/MapServer/4/query?where=mp_id%3D3005332602+AND+%28mavat_name+LIKE+%27%25%D7%9E%D7%92%D7%95%D7%A8%D7%99%D7%9D%25%27+OR+mavat_name+LIKE+%27%25%D7%93%D7%99%D7%95%D7%A8%25%27%29&outFields=mp_id%2Cpl_id%2Cpl_number%2Cpl_name%2Cnum%2Cmavat_code%2Cmavat_name%2Clegal_area%2Cshape_area%2Cshape_length%2Cstation_desc%2Clast_update_date&returnGeometry=true&outSR=4326&f=geojson,גבוהה,תוקן placeholder: הצמד המקורי זהה אצל 14 פרויקטים; הוזז 908 מ׳ למקור המפורט. אומת מול תא מגורים רשמי יחיד 100 בתכנית 355-1260058; הנקודה בתוך התא הרשמי.
%d7%a4%d7%99%d7%a0%d7%95%d7%99-%d7%91%d7%99%d7%a0%d7%95%d7%99-%d7%91%d7%a8%d7%97%d7%95%d7%91-%d7%92%d7%95%d7%a8%d7%93%d7%95%d7%9f-%d7%93%d7%a8%d7%95%d7%9d-%d7%98%d7%99%d7%a8%d7%aa-%d7%94%d7%9b%d7%a8,32.752759,34.970505,https://ags.iplan.gov.il/arcgisiplan/rest/services/PlanningPublic/Xplan/MapServer/4/query?where=mp_id%3D3005332604+AND+%28mavat_name+LIKE+%27%25%D7%9E%D7%92%D7%95%D7%A8%D7%99%D7%9D%25%27+OR+mavat_name+LIKE+%27%25%D7%93%D7%99%D7%95%D7%A8%25%27%29&outFields=mp_id%2Cpl_id%2Cpl_number%2Cpl_name%2Cnum%2Cmavat_code%2Cmavat_name%2Clegal_area%2Cshape_area%2Cshape_length%2Cstation_desc%2Clast_update_date&returnGeometry=true&outSR=4326&f=geojson,בינונית,"תוקן placeholder: הצמד המקורי זהה אצל 14 פרויקטים; הוזז 964 מ׳ למקור המפורט. בדיקה אנושית למגרש יחיד: תכנית 355-1260066 כוללת 2 תאי מגורים (100;101); הנקודה נמצאת בתוך איחוד תאי המגורים הרשמיים, אך אין בעמוד הוכחה איזה תא הוא הפרויקט."
%d7%94%d7%aa%d7%97%d7%a0%d7%94,32.928886,35.080427,https://ags.iplan.gov.il/arcgisiplan/rest/services/PlanningPublic/XplanNoKanam/MapServer/1/query?where=mp_id%3D2005284376+AND+%28mavat_name+LIKE+%27%25%D7%9E%D7%92%D7%95%D7%A8%D7%99%D7%9D%25%27+OR+mavat_name+LIKE+%27%25%D7%93%D7%99%D7%95%D7%A8%25%27%29&outFields=mp_id%2Cpl_id%2Cpl_number%2Cpl_name%2Cnum%2Cmavat_code%2Cmavat_name%2Clegal_area%2Cshape_area%2Cshape_length%2Cstation_desc%2Clast_update_date%2Cobjectid&returnGeometry=true&outSR=4326&f=geojson,בינונית,"תוקן placeholder: הצמד המקורי זהה אצל 3 פרויקטים; הוזז 454 מ׳ למקור המפורט. בדיקה אנושית למגרש יחיד: תכנית 213-1185503 כוללת 50 תאי מגורים (10;99;100;101;102;103;104;105;106;107;108;109;110;111;112;113;114;115;116;117;118;119;120;121;122;123;124;125;126;127;128;129;130;131;132;133;134;135;136;137;138;139;140;141;142…); הנקודה נמצאת בתוך איחוד תאי המגורים הרשמיים, אך אין בעמוד הוכחה איזה תא הוא הפרויקט."
%d7%97%d7%98%d7%99%d7%91%d7%aa-%d7%92%d7%95%d7%9c%d7%a0%d7%99-%d7%93%d7%a8%d7%95%d7%9d-%d7%94%d7%97%d7%a8%d7%9e%d7%95%d7%9f,32.934939,35.075167,https://ags.iplan.gov.il/arcgisiplan/rest/services/PlanningPublic/XplanNoKanam/MapServer/1/query?where=mp_id%3D2005280772+AND+%28mavat_name+LIKE+%27%25%D7%9E%D7%92%D7%95%D7%A8%D7%99%D7%9D%25%27+OR+mavat_name+LIKE+%27%25%D7%93%D7%99%D7%95%D7%A8%25%27%29&outFields=mp_id%2Cpl_id%2Cpl_number%2Cpl_name%2Cnum%2Cmavat_code%2Cmavat_name%2Clegal_area%2Cshape_area%2Cshape_length%2Cstation_desc%2Clast_update_date%2Cobjectid&returnGeometry=true&outSR=4326&f=geojson,בינונית,"תוקן placeholder: הצמד המקורי זהה אצל 3 פרויקטים; הוזז 754 מ׳ למקור המפורט. בדיקה אנושית למגרש יחיד: תכנית 213-1179787 כוללת 4 תאי מגורים (101;102;103;104); הנקודה נמצאת בתוך איחוד תאי המגורים הרשמיים, אך אין בעמוד הוכחה איזה תא הוא הפרויקט."
%d7%91%d7%a8-%d7%9b%d7%95%d7%9b%d7%91%d7%90-3,32.796433,35.519489,https://ags.iplan.gov.il/arcgisiplan/rest/services/PlanningPublic/Xplan/MapServer/4/query?where=mp_id%3D2005429544+AND+%28mavat_name+LIKE+%27%25%D7%9E%D7%92%D7%95%D7%A8%D7%99%D7%9D%25%27+OR+mavat_name+LIKE+%27%25%D7%93%D7%99%D7%95%D7%A8%25%27%29&outFields=mp_id%2Cpl_id%2Cpl_number%2Cpl_name%2Cnum%2Cmavat_code%2Cmavat_name%2Clegal_area%2Cshape_area%2Cshape_length%2Cstation_desc%2Clast_update_date&returnGeometry=true&outSR=4326&f=geojson,בינונית,"תוקן placeholder: הצמד המקורי זהה אצל 4 פרויקטים; הוזז 1.3 ק״מ למקור המפורט. בדיקה אנושית למגרש יחיד: תכנית 207-1414788 כוללת 2 תאי מגורים (100;101); הנקודה נמצאת בתוך איחוד תאי המגורים הרשמיים, אך אין בעמוד הוכחה איזה תא הוא הפרויקט."
%d7%a2%d7%95%d7%96%d7%99%d7%90%d7%9c-%d7%95%d7%99%d7%a6%d7%9e%d7%9f,,,,נמוכה,"בדיקה אנושית: לא נמצא מקור שמאפשר למסור נקודה ברמת מגרש בביטחון; lat/lng הושארו ריקים. בדיקה אנושית: נמצאו מועמדי XPLAN חלקיים או מרובים, אך אין התאמת שם+עיר חד-משמעית. מועמדים: 207-0486928 — הרב עוזיאל 94 - שינוי הוראות בניה; 207-0805390 — ג/27106 מסחר ותעסוקה רח' הנשיא ויצמן, טבריה."
%d7%a8%d7%9e%d7%aa-%d7%90%d7%a9%d7%9b%d7%95%d7%9c-%d7%94%d7%9e%d7%aa%d7%97%d7%93%d7%a9%d7%aa,31.667527,34.593109,https://ags.iplan.gov.il/arcgisiplan/rest/services/PlanningPublic/XplanNoKanam/MapServer/1/query?where=mp_id%3D99005345510+AND+%28mavat_name+LIKE+%27%25%D7%9E%D7%92%D7%95%D7%A8%D7%99%D7%9D%25%27+OR+mavat_name+LIKE+%27%25%D7%93%D7%99%D7%95%D7%A8%25%27%29&outFields=mp_id%2Cpl_id%2Cpl_number%2Cpl_name%2Cnum%2Cmavat_code%2Cmavat_name%2Clegal_area%2Cshape_area%2Cshape_length%2Cstation_desc%2Clast_update_date%2Cobjectid&returnGeometry=true&outSR=4326&f=geojson,בינונית,"תוקן placeholder: הצמד המקורי זהה אצל 10 פרויקטים; הוזז 2.7 ק״מ למקור המפורט. בדיקה אנושית למגרש יחיד: תכנית תמל/ 2057 כוללת 5 תאי מגורים (103;104;105;106;109); הנקודה נמצאת בתוך איחוד תאי המגורים הרשמיים, אך אין בעמוד הוכחה איזה תא הוא הפרויקט."
%d7%95%d7%99%d7%a6%d7%9e%d7%9f-2,31.817116,34.782640,https://ags.iplan.gov.il/arcgisiplan/rest/services/PlanningPublic/Xplan/MapServer/4/query?where=mp_id%3D4005125282+AND+%28mavat_name+LIKE+%27%25%D7%9E%D7%92%D7%95%D7%A8%D7%99%D7%9D%25%27+OR+mavat_name+LIKE+%27%25%D7%93%D7%99%D7%95%D7%A8%25%27%29&outFields=mp_id%2Cpl_id%2Cpl_number%2Cpl_name%2Cnum%2Cmavat_code%2Cmavat_name%2Clegal_area%2Cshape_area%2Cshape_length%2Cstation_desc%2Clast_update_date&returnGeometry=true&outSR=4326&f=geojson,בינונית,"תוקן placeholder: הצמד המקורי זהה אצל 3 פרויקטים; הוזז 631 מ׳ למקור המפורט. בדיקה אנושית למגרש יחיד: תכנית 460-0951426 כוללת 6 תאי מגורים (1;2;3;4;5;6); הנקודה נמצאת בתוך איחוד תאי המגורים הרשמיים, אך אין בעמוד הוכחה איזה תא הוא הפרויקט."
%d7%a9%d7%9c%d7%9d,32.051974,34.813908,https://ags.iplan.gov.il/arcgisiplan/rest/services/PlanningPublic/Xplan/MapServer/4/query?where=mp_id%3D5000997611+AND+%28mavat_name+LIKE+%27%25%D7%9E%D7%92%D7%95%D7%A8%D7%99%D7%9D%25%27+OR+mavat_name+LIKE+%27%25%D7%93%D7%99%D7%95%D7%A8%25%27%29&outFields=mp_id%2Cpl_id%2Cpl_number%2Cpl_name%2Cnum%2Cmavat_code%2Cmavat_name%2Clegal_area%2Cshape_area%2Cshape_length%2Cstation_desc%2Clast_update_date&returnGeometry=true&outSR=4326&f=geojson,בינונית,"תוקן placeholder: הצמד המקורי זהה אצל 76 פרויקטים; הוזז 2.1 ק״מ למקור המפורט. בדיקה אנושית למגרש יחיד: תכנית 506-0740126 כוללת 2 תאי מגורים (1;2); הנקודה נמצאת בתוך איחוד תאי המגורים הרשמיים, אך אין בעמוד הוכחה איזה תא הוא הפרויקט."
%d7%9b%d7%9c%d7%a0%d7%99%d7%aa-%d7%94%d7%a9%d7%9c%d7%95%d7%9d,31.803841,35.156713,https://ags.iplan.gov.il/arcgisiplan/rest/services/PlanningPublic/XplanNoKanam/MapServer/1/query?where=mp_id%3D1005514206+AND+%28mavat_name+LIKE+%27%25%D7%9E%D7%92%D7%95%D7%A8%D7%99%D7%9D%25%27+OR+mavat_name+LIKE+%27%25%D7%93%D7%99%D7%95%D7%A8%25%27%29&outFields=mp_id%2Cpl_id%2Cpl_number%2Cpl_name%2Cnum%2Cmavat_code%2Cmavat_name%2Clegal_area%2Cshape_area%2Cshape_length%2Cstation_desc%2Clast_update_date%2Cobjectid&returnGeometry=true&outSR=4326&f=geojson,גבוהה,תוקן placeholder: הצמד המקורי זהה אצל 2 פרויקטים; הוזז 430 מ׳ למקור המפורט. אומת מול תא מגורים רשמי יחיד 2 בתכנית 152-1552686; הנקודה בתוך התא הרשמי.
%d7%94%d7%a8%d7%91-%d7%9e%d7%99%d7%9e%d7%95%d7%9f-3,32.007496,34.750915,https://ags.iplan.gov.il/arcgisiplan/rest/services/PlanningPublic/Xplan/MapServer/4/query?where=mp_id%3D5005213670+AND+%28mavat_name+LIKE+%27%25%D7%9E%D7%92%D7%95%D7%A8%D7%99%D7%9D%25%27+OR+mavat_name+LIKE+%27%25%D7%93%D7%99%D7%95%D7%A8%25%27%29&outFields=mp_id%2Cpl_id%2Cpl_number%2Cpl_name%2Cnum%2Cmavat_code%2Cmavat_name%2Clegal_area%2Cshape_area%2Cshape_length%2Cstation_desc%2Clast_update_date&returnGeometry=true&outSR=4326&f=geojson,בינונית,"תוקן placeholder: הצמד המקורי זהה אצל 38 פרויקטים; הוזז 886 מ׳ למקור המפורט. בדיקה אנושית למגרש יחיד: תכנית 502-1070549 כוללת 2 תאי מגורים (101;102); הנקודה נמצאת בתוך איחוד תאי המגורים הרשמיים, אך אין בעמוד הוכחה איזה תא הוא הפרויקט."
%d7%99%d7%95%d7%a1%d7%a4%d7%98%d7%9c-6,,,,נמוכה,בדיקה אנושית: לא נמצא מקור שמאפשר למסור נקודה ברמת מגרש בביטחון; lat/lng הושארו ריקים. בדיקה אנושית: לא נמצאה ב-XPLAN תכנית בעיר ששמה תואם באופן מספק לשם הפרויקט.
%d7%94%d7%a8%d7%a6%d7%9c-1214-%d7%a7%d7%a8%d7%99%d7%a0%d7%99%d7%a6%d7%99-37-%d7%94%d7%90%d7%a9%d7%9c-2628,32.081585,34.818595,https://ags.iplan.gov.il/arcgisiplan/rest/services/PlanningPublic/Xplan/MapServer/4/query?where=mp_id%3D5001031245+AND+%28mavat_name+LIKE+%27%25%D7%9E%D7%92%D7%95%D7%A8%D7%99%D7%9D%25%27+OR+mavat_name+LIKE+%27%25%D7%93%D7%99%D7%95%D7%A8%25%27%29&outFields=mp_id%2Cpl_id%2Cpl_number%2Cpl_name%2Cnum%2Cmavat_code%2Cmavat_name%2Clegal_area%2Cshape_area%2Cshape_length%2Cstation_desc%2Clast_update_date&returnGeometry=true&outSR=4326&f=geojson,גבוהה,תוקן placeholder: הצמד המקורי זהה אצל 76 פרויקטים; הוזז 1.5 ק״מ למקור המפורט. אומת מול תא מגורים רשמי יחיד 100 בתכנית 506-0792945; הנקודה בתוך התא הרשמי.
%d7%a0%d7%92%d7%91%d7%94-52-52%d7%90-56-56%d7%90,32.069733,34.830149,https://ags.iplan.gov.il/arcgisiplan/rest/services/PlanningPublic/Xplan/MapServer/4/query?where=mp_id%3D5005196506+AND+%28mavat_name+LIKE+%27%25%D7%9E%D7%92%D7%95%D7%A8%D7%99%D7%9D%25%27+OR+mavat_name+LIKE+%27%25%D7%93%D7%99%D7%95%D7%A8%25%27%29&outFields=mp_id%2Cpl_id%2Cpl_number%2Cpl_name%2Cnum%2Cmavat_code%2Cmavat_name%2Clegal_area%2Cshape_area%2Cshape_length%2Cstation_desc%2Clast_update_date&returnGeometry=true&outSR=4326&f=geojson,בינונית,"תוקן placeholder: הצמד המקורי זהה אצל 76 פרויקטים; הוזז 528 מ׳ למקור המפורט. בדיקה אנושית למגרש יחיד: תכנית 506-1041003 כוללת 2 תאי מגורים (101;102); הנקודה נמצאת בתוך איחוד תאי המגורים הרשמיים, אך אין בעמוד הוכחה איזה תא הוא הפרויקט."
%d7%a2%d7%9c%d7%99%d7%99%d7%aa-%d7%94%d7%a0%d7%95%d7%a2%d7%a8-%d7%a6%d7%a4%d7%95%d7%9f,32.077849,34.802716,https://ags.iplan.gov.il/arcgisiplan/rest/services/PlanningPublic/XplanNoKanam/MapServer/1/query?where=mp_id%3D5005284778+AND+%28mavat_name+LIKE+%27%25%D7%9E%D7%92%D7%95%D7%A8%D7%99%D7%9D%25%27+OR+mavat_name+LIKE+%27%25%D7%93%D7%99%D7%95%D7%A8%25%27%29&outFields=mp_id%2Cpl_id%2Cpl_number%2Cpl_name%2Cnum%2Cmavat_code%2Cmavat_name%2Clegal_area%2Cshape_area%2Cshape_length%2Cstation_desc%2Clast_update_date%2Cobjectid&returnGeometry=true&outSR=4326&f=geojson,גבוהה,תוקן placeholder: הצמד המקורי זהה אצל 24 פרויקטים; הוזז 977 מ׳ למקור המפורט. אומת מול תא מגורים רשמי יחיד 1 בתכנית 503-1186246; הנקודה בתוך התא הרשמי.
%d7%97%d7%a0%d7%94-%d7%95%d7%9e%d7%99%d7%9b%d7%90%d7%9c-%d7%9c%d7%95%d7%99%d7%9f,31.966257,34.824333,https://ags.iplan.gov.il/arcgisiplan/rest/services/PlanningPublic/Xplan/MapServer/4/query?where=mp_id%3D4005301522+AND+%28mavat_name+LIKE+%27%25%D7%9E%D7%92%D7%95%D7%A8%D7%99%D7%9D%25%27+OR+mavat_name+LIKE+%27%25%D7%93%D7%99%D7%95%D7%A8%25%27%29&outFields=mp_id%2Cpl_id%2Cpl_number%2Cpl_name%2Cnum%2Cmavat_code%2Cmavat_name%2Clegal_area%2Cshape_area%2Cshape_length%2Cstation_desc%2Clast_update_date&returnGeometry=true&outSR=4326&f=geojson,גבוהה,תוקן placeholder: הצמד המקורי זהה אצל 19 פרויקטים; הוזז 1.4 ק״מ למקור המפורט. אומת מול תא מגורים רשמי יחיד 1 בתכנית 413-1210228; הנקודה בתוך התא הרשמי.
%d7%94%d7%a8%d7%91-%d7%a7%d7%95%d7%a7-%d7%91%d7%a8-%d7%9b%d7%95%d7%9b%d7%91%d7%90,32.161452,34.837735,https://ags.iplan.gov.il/arcgisiplan/rest/services/PlanningPublic/Xplan/MapServer/4/query?where=mp_id%3D5005346956+AND+%28mavat_name+LIKE+%27%25%D7%9E%D7%92%D7%95%D7%A8%D7%99%D7%9D%25%27+OR+mavat_name+LIKE+%27%25%D7%93%D7%99%D7%95%D7%A8%25%27%29&outFields=mp_id%2Cpl_id%2Cpl_number%2Cpl_name%2Cnum%2Cmavat_code%2Cmavat_name%2Clegal_area%2Cshape_area%2Cshape_length%2Cstation_desc%2Clast_update_date&returnGeometry=true&outSR=4326&f=geojson,בינונית,"תוקן placeholder: הצמד המקורי זהה אצל 25 פרויקטים; הוזז 980 מ׳ למקור המפורט. בדיקה אנושית למגרש יחיד: תכנית 504-1283357 כוללת 2 תאי מגורים (1;2); הנקודה נמצאת בתוך איחוד תאי המגורים הרשמיים, אך אין בעמוד הוכחה איזה תא הוא הפרויקט."
%d7%91%d7%a8-%d7%9b%d7%95%d7%9b%d7%91%d7%90-%d7%94%d7%a4%d7%a8%d7%98%d7%99%d7%96%d7%a0%d7%99%d7%9d,31.805858,35.236671,https://ags.iplan.gov.il/arcgisiplan/rest/services/PlanningPublic/Xplan/MapServer/4/query?where=mp_id%3D1005156512+AND+%28mavat_name+LIKE+%27%25%D7%9E%D7%92%D7%95%D7%A8%D7%99%D7%9D%25%27+OR+mavat_name+LIKE+%27%25%D7%93%D7%99%D7%95%D7%A8%25%27%29&outFields=mp_id%2Cpl_id%2Cpl_number%2Cpl_name%2Cnum%2Cmavat_code%2Cmavat_name%2Clegal_area%2Cshape_area%2Cshape_length%2Cstation_desc%2Clast_update_date&returnGeometry=true&outSR=4326&f=geojson,בינונית,"תוקן placeholder: הצמד המקורי זהה אצל 197 פרויקטים; הוזז 3.2 ק״מ למקור המפורט. בדיקה אנושית למגרש יחיד: תכנית 101-1002757 כוללת 2 תאי מגורים (10;11); הנקודה נמצאת בתוך איחוד תאי המגורים הרשמיים, אך אין בעמוד הוכחה איזה תא הוא הפרויקט."
%d7%97%d7%a6%d7%a8-%d7%a9%d7%a4%d7%99%d7%a8%d7%90,32.090405,34.884911,https://ags.iplan.gov.il/arcgisiplan/rest/services/PlanningPublic/Xplan/MapServer/4/query?where=mp_id%3D4001011115+AND+%28mavat_name+LIKE+%27%25%D7%9E%D7%92%D7%95%D7%A8%D7%99%D7%9D%25%27+OR+mavat_name+LIKE+%27%25%D7%93%D7%99%D7%95%D7%A8%25%27%29&outFields=mp_id%2Cpl_id%2Cpl_number%2Cpl_name%2Cnum%2Cmavat_code%2Cmavat_name%2Clegal_area%2Cshape_area%2Cshape_length%2Cstation_desc%2Clast_update_date&returnGeometry=true&outSR=4326&f=geojson,גבוהה,תוקן placeholder: הצמד המקורי זהה אצל 37 פרויקטים; הוזז 311 מ׳ למקור המפורט. אומת מול תא מגורים רשמי יחיד 1 בתכנית 410-0762427; הנקודה בתוך התא הרשמי.
%d7%9e%d7%92%d7%93%d7%9c,,,,נמוכה,"בדיקה אנושית: לא נמצא מקור שמאפשר למסור נקודה ברמת מגרש בביטחון; lat/lng הושארו ריקים. בדיקה אנושית: נמצאו מועמדי XPLAN חלקיים או מרובים, אך אין התאמת שם+עיר חד-משמעית. מועמדים: 416-0895730 — מגדל 8 רעננה; 416-0904987 — רע/מק/ 890 - מגדל 6; 416-1105410 — רע/מק/893א-מגדל 8"
%d7%a7%d7%93%d7%95%d7%a9%d7%99-%d7%91%d7%91%d7%9c-10-14-%d7%a2%d7%95%d7%9c%d7%99-%d7%94%d7%92%d7%a8%d7%93%d7%95%d7%9d,31.749563,35.237544,https://ags.iplan.gov.il/arcgisiplan/rest/services/PlanningPublic/Xplan/MapServer/4/query?where=mp_id%3D1005134070+AND+%28mavat_name+LIKE+%27%25%D7%9E%D7%92%D7%95%D7%A8%D7%99%D7%9D%25%27+OR+mavat_name+LIKE+%27%25%D7%93%D7%99%D7%95%D7%A8%25%27%29&outFields=mp_id%2Cpl_id%2Cpl_number%2Cpl_name%2Cnum%2Cmavat_code%2Cmavat_name%2Clegal_area%2Cshape_area%2Cshape_length%2Cstation_desc%2Clast_update_date&returnGeometry=true&outSR=4326&f=geojson,בינונית,"תוקן placeholder: הצמד המקורי זהה אצל 197 פרויקטים; הוזז 3.4 ק״מ למקור המפורט. בדיקה אנושית למגרש יחיד: תכנית 101-0967174 כוללת 2 תאי מגורים (1;2); הנקודה נמצאת בתוך איחוד תאי המגורים הרשמיים, אך אין בעמוד הוכחה איזה תא הוא הפרויקט."
%d7%94%d7%a8%d7%95%d7%90%d7%94-%d7%a8%d7%9e%d7%aa-%d7%92%d7%9f,32.082976,34.824498,https://ags.iplan.gov.il/arcgisiplan/rest/services/PlanningPublic/Xplan/MapServer/4/query?where=mp_id%3D5005265880+AND+%28mavat_name+LIKE+%27%25%D7%9E%D7%92%D7%95%D7%A8%D7%99%D7%9D%25%27+OR+mavat_name+LIKE+%27%25%D7%93%D7%99%D7%95%D7%A8%25%27%29&outFields=mp_id%2Cpl_id%2Cpl_number%2Cpl_name%2Cnum%2Cmavat_code%2Cmavat_name%2Clegal_area%2Cshape_area%2Cshape_length%2Cstation_desc%2Clast_update_date&returnGeometry=true&outSR=4326&f=geojson,גבוהה,תוקן placeholder: הצמד המקורי זהה אצל 76 פרויקטים; הוזז 1.6 ק״מ למקור המפורט. אומת מול תא מגורים רשמי יחיד 2 בתכנית 506-1155308; הנקודה בתוך התא הרשמי.
%d7%94%d7%a8%d7%91-%d7%a4%d7%a8%d7%93%d7%a1,32.049274,34.815300,https://ags.iplan.gov.il/arcgisiplan/rest/services/PlanningPublic/Xplan/MapServer/4/query?where=mp_id%3D5005157616+AND+%28mavat_name+LIKE+%27%25%D7%9E%D7%92%D7%95%D7%A8%D7%99%D7%9D%25%27+OR+mavat_name+LIKE+%27%25%D7%93%D7%99%D7%95%D7%A8%25%27%29&outFields=mp_id%2Cpl_id%2Cpl_number%2Cpl_name%2Cnum%2Cmavat_code%2Cmavat_name%2Clegal_area%2Cshape_area%2Cshape_length%2Cstation_desc%2Clast_update_date&returnGeometry=true&outSR=4326&f=geojson,גבוהה,תוקן placeholder: הצמד המקורי זהה אצל 76 פרויקטים; הוזז 2.3 ק״מ למקור המפורט. אומת מול תא מגורים רשמי יחיד 101 בתכנית 506-1004522; הנקודה בתוך התא הרשמי.
%d7%97%d7%a0%d7%99%d7%aa%d7%94-61-67-%d7%a9%d7%90%d7%95%d7%9c-24,32.787973,35.016526,https://ags.iplan.gov.il/arcgisiplan/rest/services/PlanningPublic/Xplan/MapServer/4/query?where=mp_id%3D3005467644+AND+%28mavat_name+LIKE+%27%25%D7%9E%D7%92%D7%95%D7%A8%D7%99%D7%9D%25%27+OR+mavat_name+LIKE+%27%25%D7%93%D7%99%D7%95%D7%A8%25%27%29&outFields=mp_id%2Cpl_id%2Cpl_number%2Cpl_name%2Cnum%2Cmavat_code%2Cmavat_name%2Clegal_area%2Cshape_area%2Cshape_length%2Cstation_desc%2Clast_update_date&returnGeometry=true&outSR=4326&f=geojson,גבוהה,תוקן placeholder: הצמד המקורי זהה אצל 43 פרויקטים; הוזז 3.9 ק״מ למקור המפורט. אומת מול תא מגורים רשמי יחיד 1 בתכנית 304-1477942; הנקודה בתוך התא הרשמי.
%d7%9e%d7%a8%d7%97%d7%91-%d7%aa%d7%97%d7%a0%d7%aa-%d7%94%d7%9e%d7%98%d7%a8%d7%95-%d7%a0%d7%92%d7%94-%d7%9b%d7%a6%d7%a0%d7%9c%d7%a1%d7%95%d7%9f,32.074879,34.811278,https://ags.iplan.gov.il/arcgisiplan/rest/services/PlanningPublic/Xplan/MapServer/4/query?where=mp_id%3D5005373838+AND+%28mavat_name+LIKE+%27%25%D7%9E%D7%92%D7%95%D7%A8%D7%99%D7%9D%25%27+OR+mavat_name+LIKE+%27%25%D7%93%D7%99%D7%95%D7%A8%25%27%29&outFields=mp_id%2Cpl_id%2Cpl_number%2Cpl_name%2Cnum%2Cmavat_code%2Cmavat_name%2Clegal_area%2Cshape_area%2Cshape_length%2Cstation_desc%2Clast_update_date&returnGeometry=true&outSR=4326&f=geojson,בינונית,"תוקן placeholder: הצמד המקורי זהה אצל 24 פרויקטים; הוזז 213 מ׳ למקור המפורט. בדיקה אנושית למגרש יחיד: תכנית 503-1323856 כוללת 16 תאי מגורים (101;102;103;104;105;107;108;109;110;111;112;114;115;116;117;201); הנקודה נמצאת בתוך איחוד תאי המגורים הרשמיים, אך אין בעמוד הוכחה איזה תא הוא הפרויקט."
%d7%94%d7%a8%d7%99%d7%9e%d7%95%d7%9f-%d7%a4%d7%a0%d7%99-%d7%94%d7%92%d7%91%d7%a2%d7%94,32.088086,34.809702,https://ags.iplan.gov.il/arcgisiplan/rest/services/PlanningPublic/Xplan/MapServer/4/query?where=mp_id%3D5005407904+AND+%28mavat_name+LIKE+%27%25%D7%9E%D7%92%D7%95%D7%A8%D7%99%D7%9D%25%27+OR+mavat_name+LIKE+%27%25%D7%93%D7%99%D7%95%D7%A8%25%27%29&outFields=mp_id%2Cpl_id%2Cpl_number%2Cpl_name%2Cnum%2Cmavat_code%2Cmavat_name%2Clegal_area%2Cshape_area%2Cshape_length%2Cstation_desc%2Clast_update_date&returnGeometry=true&outSR=4326&f=geojson,גבוהה,תוקן placeholder: הצמד המקורי זהה אצל 76 פרויקטים; הוזז 2.6 ק״מ למקור המפורט. אומת מול תא מגורים רשמי יחיד 10 בתכנית 506-1378512; הנקודה בתוך התא הרשמי.
%d7%a9%d7%9e%d7%a2%d7%95%d7%a0%d7%99-29-27-%d7%aa%d7%9c-%d7%90%d7%91%d7%99%d7%91,32.108204,34.792742,https://ags.iplan.gov.il/arcgisiplan/rest/services/PlanningPublic/Xplan/MapServer/4/query?where=mp_id%3D5005086360+AND+%28mavat_name+LIKE+%27%25%D7%9E%D7%92%D7%95%D7%A8%D7%99%D7%9D%25%27+OR+mavat_name+LIKE+%27%25%D7%93%D7%99%D7%95%D7%A8%25%27%29&outFields=mp_id%2Cpl_id%2Cpl_number%2Cpl_name%2Cnum%2Cmavat_code%2Cmavat_name%2Clegal_area%2Cshape_area%2Cshape_length%2Cstation_desc%2Clast_update_date&returnGeometry=true&outSR=4326&f=geojson,גבוהה,תוקן placeholder: הצמד המקורי זהה אצל 57 פרויקטים; הוזז 2.7 ק״מ למקור המפורט. אומת מול תא מגורים רשמי יחיד 100 בתכנית 507-0888040; הנקודה בתוך התא הרשמי.
%d7%93%d7%a8%d7%9a-%d7%a6%d7%a8%d7%a4%d7%aa-24-42,32.819804,34.959761,https://ags.iplan.gov.il/arcgisiplan/rest/services/PlanningPublic/Xplan/MapServer/4/query?where=mp_id%3D3005208160+AND+%28mavat_name+LIKE+%27%25%D7%9E%D7%92%D7%95%D7%A8%D7%99%D7%9D%25%27+OR+mavat_name+LIKE+%27%25%D7%93%D7%99%D7%95%D7%A8%25%27%29&outFields=mp_id%2Cpl_id%2Cpl_number%2Cpl_name%2Cnum%2Cmavat_code%2Cmavat_name%2Clegal_area%2Cshape_area%2Cshape_length%2Cstation_desc%2Clast_update_date&returnGeometry=true&outSR=4326&f=geojson,גבוהה,תוקן placeholder: הצמד המקורי זהה אצל 43 פרויקטים; הוזז 3.6 ק״מ למקור המפורט. אומת מול תא מגורים רשמי יחיד 201 בתכנית 304-1061506; הנקודה בתוך התא הרשמי.
%d7%95%d7%99%d7%a6%d7%9e%d7%9f-%d7%96-%d7%91%d7%95%d7%98%d7%99%d7%a0%d7%a1%d7%a7%d7%99-2,32.758960,34.968335,https://ags.iplan.gov.il/arcgisiplan/rest/services/PlanningPublic/Xplan/MapServer/4/query?where=mp_id%3D3005275564+AND+%28mavat_name+LIKE+%27%25%D7%9E%D7%92%D7%95%D7%A8%D7%99%D7%9D%25%27+OR+mavat_name+LIKE+%27%25%D7%93%D7%99%D7%95%D7%A8%25%27%29&outFields=mp_id%2Cpl_id%2Cpl_number%2Cpl_name%2Cnum%2Cmavat_code%2Cmavat_name%2Clegal_area%2Cshape_area%2Cshape_length%2Cstation_desc%2Clast_update_date&returnGeometry=true&outSR=4326&f=geojson,בינונית,"תוקן placeholder: הצמד המקורי זהה אצל 14 פרויקטים; הוזז 404 מ׳ למקור המפורט. בדיקה אנושית למגרש יחיד: תכנית 355-1171222 כוללת 7 תאי מגורים (1;2;3;4;5;6;7); הנקודה נמצאת בתוך איחוד תאי המגורים הרשמיים, אך אין בעמוד הוכחה איזה תא הוא הפרויקט."
%d7%92%d7%9c%d7%91%d7%95%d7%a2-%d7%a6%d7%a4%d7%95%d7%9f,32.073603,34.818011,https://ags.iplan.gov.il/arcgisiplan/rest/services/PlanningPublic/XplanNoKanam/MapServer/1/query?where=mp_id%3D5005285002+AND+%28mavat_name+LIKE+%27%25%D7%9E%D7%92%D7%95%D7%A8%D7%99%D7%9D%25%27+OR+mavat_name+LIKE+%27%25%D7%93%D7%99%D7%95%D7%A8%25%27%29&outFields=mp_id%2Cpl_id%2Cpl_number%2Cpl_name%2Cnum%2Cmavat_code%2Cmavat_name%2Clegal_area%2Cshape_area%2Cshape_length%2Cstation_desc%2Clast_update_date%2Cobjectid&returnGeometry=true&outSR=4326&f=geojson,בינונית,"תוקן placeholder: הצמד המקורי זהה אצל 24 פרויקטים; הוזז 634 מ׳ למקור המפורט. בדיקה אנושית למגרש יחיד: תכנית 503-1186618 כוללת 3 תאי מגורים (440;441;4050); הנקודה נמצאת בתוך איחוד תאי המגורים הרשמיים, אך אין בעמוד הוכחה איזה תא הוא הפרויקט."
%d7%92%d7%9c%d7%91%d7%95%d7%a2,32.072680,34.817967,https://ags.iplan.gov.il/arcgisiplan/rest/services/PlanningPublic/XplanNoKanam/MapServer/1/query?where=mp_id%3D5005285004+AND+%28mavat_name+LIKE+%27%25%D7%9E%D7%92%D7%95%D7%A8%D7%99%D7%9D%25%27+OR+mavat_name+LIKE+%27%25%D7%93%D7%99%D7%95%D7%A8%25%27%29&outFields=mp_id%2Cpl_id%2Cpl_number%2Cpl_name%2Cnum%2Cmavat_code%2Cmavat_name%2Clegal_area%2Cshape_area%2Cshape_length%2Cstation_desc%2Clast_update_date%2Cobjectid&returnGeometry=true&outSR=4326&f=geojson,בינונית,"תוקן placeholder: הצמד המקורי זהה אצל 24 פרויקטים; הוזז 626 מ׳ למקור המפורט. בדיקה אנושית למגרש יחיד: תכנית 503-1186626 כוללת 4 תאי מגורים (300;304;341;3050); הנקודה נמצאת בתוך איחוד תאי המגורים הרשמיים, אך אין בעמוד הוכחה איזה תא הוא הפרויקט."
%d7%94%d7%a8%d7%a6%d7%95%d7%92,32.062526,34.816349,https://mavat.iplan.gov.il/SV4/1/5005284344/310,גבוהה,תוקן placeholder: הצמד המקורי זהה אצל 24 פרויקטים; הוזז 1.3 ק״מ למקור המפורט. תכנית התחדשות מתחם הרצוג בגבעתיים היא התאמת שם+עיר ייחודית. הנקודה חושבה מתוך גבול התכנית הרשמי ונבדקה כנמצאת בתוכו.
%d7%94%d7%a8%d7%91-%d7%a7%d7%95%d7%a7-%d7%91%d7%95%d7%a8%d7%95%d7%9b%d7%95%d7%91,32.337648,34.855272,https://mavat.iplan.gov.il/SV4/1/4005305902/310,גבוהה,תוקן placeholder: הצמד המקורי זהה אצל 40 פרויקטים; הוזז 1.0 ק״מ למקור המפורט. מתחם בורוכוב-הרב קוק מופיע במדויק בשם תכנית ההתחדשות בנתניה. הנקודה חושבה מתוך גבול התכנית הרשמי ונבדקה כנמצאת בתוכו.
%d7%9e%d7%98%d7%a8%d7%95-%d7%90%d7%a8%d7%9c%d7%95%d7%96%d7%95%d7%a8%d7%95%d7%91,32.084812,34.877574,https://ags.iplan.gov.il/arcgisiplan/rest/services/PlanningPublic/Xplan/MapServer/4/query?where=mp_id%3D4005219780+AND+%28mavat_name+LIKE+%27%25%D7%9E%D7%92%D7%95%D7%A8%D7%99%D7%9D%25%27+OR+mavat_name+LIKE+%27%25%D7%93%D7%99%D7%95%D7%A8%25%27%29&outFields=mp_id%2Cpl_id%2Cpl_number%2Cpl_name%2Cnum%2Cmavat_code%2Cmavat_name%2Clegal_area%2Cshape_area%2Cshape_length%2Cstation_desc%2Clast_update_date&returnGeometry=true&outSR=4326&f=geojson,בינונית,"תוקן placeholder: הצמד המקורי זהה אצל 37 פרויקטים; הוזז 859 מ׳ למקור המפורט. בדיקה אנושית למגרש יחיד: תכנית 410-1080464 כוללת 26 תאי מגורים (140;141;143;144;145;146;147;148;149;150;151;152;153;154;155;156;157;158;159;160;162;163;164;165;166;167); הנקודה נמצאת בתוך איחוד תאי המגורים הרשמיים, אך אין בעמוד הוכחה איזה תא הוא הפרויקט."
%d7%9e%d7%95%d7%a8%d7%93%d7%95%d7%aa-%d7%a8%d7%9e%d7%99%d7%9d,,,,נמוכה,בדיקה אנושית: לא נמצא מקור שמאפשר למסור נקודה ברמת מגרש בביטחון; lat/lng הושארו ריקים. בדיקה אנושית: לא נמצאה ב-XPLAN תכנית בעיר ששמה תואם באופן מספק לשם הפרויקט.
%d7%9c%d7%91-%d7%94%d7%99%d7%a9%d7%95%d7%91,32.980985,35.547345,https://ags.iplan.gov.il/arcgisiplan/rest/services/PlanningPublic/Xplan/MapServer/4/query?where=mp_id%3D2005104106+AND+%28mavat_name+LIKE+%27%25%D7%9E%D7%92%D7%95%D7%A8%D7%99%D7%9D%25%27+OR+mavat_name+LIKE+%27%25%D7%93%D7%99%D7%95%D7%A8%25%27%29&outFields=mp_id%2Cpl_id%2Cpl_number%2Cpl_name%2Cnum%2Cmavat_code%2Cmavat_name%2Clegal_area%2Cshape_area%2Cshape_length%2Cstation_desc%2Clast_update_date&returnGeometry=true&outSR=4326&f=geojson,בינונית,"תוקן placeholder: הצמד המקורי זהה אצל 3 פרויקטים; הוזז 426 מ׳ למקור המפורט. בדיקה אנושית למגרש יחיד: תכנית 259-0916346 כוללת 2 תאי מגורים (101;102); הנקודה נמצאת בתוך איחוד תאי המגורים הרשמיים, אך אין בעמוד הוכחה איזה תא הוא הפרויקט."
%d7%92%d7%95%d7%9c%d7%a0%d7%99-%d7%a6%d7%a4%d7%95%d7%9f-%d7%94%d7%a9%d7%99%d7%98%d7%94,32.935456,35.075672,https://ags.iplan.gov.il/arcgisiplan/rest/services/PlanningPublic/XplanNoKanam/MapServer/1/query?where=mp_id%3D2005280774+AND+%28mavat_name+LIKE+%27%25%D7%9E%D7%92%D7%95%D7%A8%D7%99%D7%9D%25%27+OR+mavat_name+LIKE+%27%25%D7%93%D7%99%D7%95%D7%A8%25%27%29&outFields=mp_id%2Cpl_id%2Cpl_number%2Cpl_name%2Cnum%2Cmavat_code%2Cmavat_name%2Clegal_area%2Cshape_area%2Cshape_length%2Cstation_desc%2Clast_update_date%2Cobjectid&returnGeometry=true&outSR=4326&f=geojson,בינונית,"תוקן placeholder: הצמד המקורי זהה אצל 3 פרויקטים; הוזז 810 מ׳ למקור המפורט. בדיקה אנושית למגרש יחיד: תכנית 213-1179795 כוללת 2 תאי מגורים (1;2); הנקודה נמצאת בתוך איחוד תאי המגורים הרשמיים, אך אין בעמוד הוכחה איזה תא הוא הפרויקט."
%d7%94%d7%91%d7%99%d7%9c%d7%95%d7%99%d7%99%d7%9d,32.059753,34.826443,https://ags.iplan.gov.il/arcgisiplan/rest/services/PlanningPublic/Xplan/MapServer/4/query?where=mp_id%3D5000943063+AND+%28mavat_name+LIKE+%27%25%D7%9E%D7%92%D7%95%D7%A8%D7%99%D7%9D%25%27+OR+mavat_name+LIKE+%27%25%D7%93%D7%99%D7%95%D7%A8%25%27%29&outFields=mp_id%2Cpl_id%2Cpl_number%2Cpl_name%2Cnum%2Cmavat_code%2Cmavat_name%2Clegal_area%2Cshape_area%2Cshape_length%2Cstation_desc%2Clast_update_date&returnGeometry=true&outSR=4326&f=geojson,גבוהה,תוקן placeholder: הצמד המקורי זהה אצל 76 פרויקטים; הוזז 1.0 ק״מ למקור המפורט. אומת מול תא מגורים רשמי יחיד 2 בתכנית 506-0651539; הנקודה בתוך התא הרשמי.
%d7%92%d7%95%d7%a8%d7%93%d7%95%d7%9f-7-9,31.766641,35.177811,https://ags.iplan.gov.il/arcgisiplan/rest/services/PlanningPublic/Xplan/MapServer/4/query?where=mp_id%3D1005282402+AND+%28mavat_name+LIKE+%27%25%D7%9E%D7%92%D7%95%D7%A8%D7%99%D7%9D%25%27+OR+mavat_name+LIKE+%27%25%D7%93%D7%99%D7%95%D7%A8%25%27%29&outFields=mp_id%2Cpl_id%2Cpl_number%2Cpl_name%2Cnum%2Cmavat_code%2Cmavat_name%2Clegal_area%2Cshape_area%2Cshape_length%2Cstation_desc%2Clast_update_date&returnGeometry=true&outSR=4326&f=geojson,בינונית,"תוקן placeholder: הצמד המקורי זהה אצל 197 פרויקטים; הוזז 4.7 ק״מ למקור המפורט. בדיקה אנושית למגרש יחיד: תכנית 101-1182138 כוללת 2 תאי מגורים (1;2); הנקודה נמצאת בתוך איחוד תאי המגורים הרשמיים, אך אין בעמוד הוכחה איזה תא הוא הפרויקט."
%d7%a1%d7%98%d7%a8%d7%95%d7%9e%d7%94,32.823080,34.960339,https://ags.iplan.gov.il/arcgisiplan/rest/services/PlanningPublic/Xplan/MapServer/4/query?where=mp_id%3D3005192416+AND+%28mavat_name+LIKE+%27%25%D7%9E%D7%92%D7%95%D7%A8%D7%99%D7%9D%25%27+OR+mavat_name+LIKE+%27%25%D7%93%D7%99%D7%95%D7%A8%25%27%29&outFields=mp_id%2Cpl_id%2Cpl_number%2Cpl_name%2Cnum%2Cmavat_code%2Cmavat_name%2Clegal_area%2Cshape_area%2Cshape_length%2Cstation_desc%2Clast_update_date&returnGeometry=true&outSR=4326&f=geojson,בינונית,"תוקן placeholder: הצמד המקורי זהה אצל 43 פרויקטים; הוזז 3.6 ק״מ למקור המפורט. בדיקה אנושית למגרש יחיד: תכנית 304-1034636 כוללת 4 תאי מגורים (101;102;103;104); הנקודה נמצאת בתוך איחוד תאי המגורים הרשמיים, אך אין בעמוד הוכחה איזה תא הוא הפרויקט."
%d7%90%d7%95%d7%a4%d7%98%d7%95%d7%a9%d7%95-%d7%9c%d7%99%d7%95%d7%95%d7%99%d7%a7,32.047015,34.780047,https://ags.iplan.gov.il/arcgisiplan/rest/services/PlanningPublic/Xplan/MapServer/4/query?where=mp_id%3D5000926489+AND+%28mavat_name+LIKE+%27%25%D7%9E%D7%92%D7%95%D7%A8%D7%99%D7%9D%25%27+OR+mavat_name+LIKE+%27%25%D7%93%D7%99%D7%95%D7%A8%25%27%29&outFields=mp_id%2Cpl_id%2Cpl_number%2Cpl_name%2Cnum%2Cmavat_code%2Cmavat_name%2Clegal_area%2Cshape_area%2Cshape_length%2Cstation_desc%2Clast_update_date&returnGeometry=true&outSR=4326&f=geojson,גבוהה,תוקן placeholder: הצמד המקורי זהה אצל 57 פרויקטים; הוזז 4.3 ק״מ למקור המפורט. אומת מול תא מגורים רשמי יחיד 101 בתכנית 507-0623314; הנקודה בתוך התא הרשמי.
%d7%a9%d7%9e%d7%95%d7%90%d7%9c-%d7%94%d7%a0%d7%91%d7%99%d7%90-%d7%a4%d7%99%d7%aa%d7%95%d7%97%d7%99-%d7%97%d7%95%d7%aa%d7%9d,31.795023,35.221743,https://ags.iplan.gov.il/arcgisiplan/rest/services/PlanningPublic/Xplan/MapServer/4/query?where=mp_id%3D1005150714+AND+%28mavat_name+LIKE+%27%25%D7%9E%D7%92%D7%95%D7%A8%D7%99%D7%9D%25%27+OR+mavat_name+LIKE+%27%25%D7%93%D7%99%D7%95%D7%A8%25%27%29&outFields=mp_id%2Cpl_id%2Cpl_number%2Cpl_name%2Cnum%2Cmavat_code%2Cmavat_name%2Clegal_area%2Cshape_area%2Cshape_length%2Cstation_desc%2Clast_update_date&returnGeometry=true&outSR=4326&f=geojson,בינונית,"תוקן placeholder: הצמד המקורי זהה אצל 197 פרויקטים; הוזז 1.8 ק״מ למקור המפורט. בדיקה אנושית למגרש יחיד: תכנית 101-0993345 כוללת 6 תאי מגורים (2;3;4;5;6;7); הנקודה נמצאת בתוך איחוד תאי המגורים הרשמיים, אך אין בעמוד הוכחה איזה תא הוא הפרויקט."
%d7%90%d7%91%d7%90-%d7%94%d7%9c%d7%9c-76-78-%d7%97%d7%99%d7%a8%d7%95%d7%aa-9-11,32.090369,34.811699,https://ags.iplan.gov.il/arcgisiplan/rest/services/PlanningPublic/Xplan/MapServer/4/query?where=mp_id%3D5005257354+AND+%28mavat_name+LIKE+%27%25%D7%9E%D7%92%D7%95%D7%A8%D7%99%D7%9D%25%27+OR+mavat_name+LIKE+%27%25%D7%93%D7%99%D7%95%D7%A8%25%27%29&outFields=mp_id%2Cpl_id%2Cpl_number%2Cpl_name%2Cnum%2Cmavat_code%2Cmavat_name%2Clegal_area%2Cshape_area%2Cshape_length%2Cstation_desc%2Clast_update_date&returnGeometry=true&outSR=4326&f=geojson,גבוהה,תוקן placeholder: הצמד המקורי זהה אצל 76 פרויקטים; הוזז 2.7 ק״מ למקור המפורט. אומת מול תא מגורים רשמי יחיד 101 בתכנית 506-1140383; הנקודה בתוך התא הרשמי.
%d7%90%d7%99%d7%99%d7%9c%d7%94,31.729766,35.187454,https://ags.iplan.gov.il/arcgisiplan/rest/services/PlanningPublic/Xplan/MapServer/4/query?where=mp_id%3D1005220858+AND+%28mavat_name+LIKE+%27%25%D7%9E%D7%92%D7%95%D7%A8%D7%99%D7%9D%25%27+OR+mavat_name+LIKE+%27%25%D7%93%D7%99%D7%95%D7%A8%25%27%29&outFields=mp_id%2Cpl_id%2Cpl_number%2Cpl_name%2Cnum%2Cmavat_code%2Cmavat_name%2Clegal_area%2Cshape_area%2Cshape_length%2Cstation_desc%2Clast_update_date&returnGeometry=true&outSR=4326&f=geojson,בינונית,"תוקן placeholder: הצמד המקורי זהה אצל 197 פרויקטים; הוזז 6.6 ק״מ למקור המפורט. בדיקה אנושית למגרש יחיד: תכנית 101-1082387 כוללת 3 תאי מגורים (1;2;3); הנקודה נמצאת בתוך איחוד תאי המגורים הרשמיים, אך אין בעמוד הוכחה איזה תא הוא הפרויקט."
%d7%9b%d7%a8%d7%9e%d7%95%d7%9f,31.781144,35.194456,https://ags.iplan.gov.il/arcgisiplan/rest/services/PlanningPublic/Xplan/MapServer/4/query?where=mp_id%3D1005224192+AND+%28mavat_name+LIKE+%27%25%D7%9E%D7%92%D7%95%D7%A8%D7%99%D7%9D%25%27+OR+mavat_name+LIKE+%27%25%D7%93%D7%99%D7%95%D7%A8%25%27%29&outFields=mp_id%2Cpl_id%2Cpl_number%2Cpl_name%2Cnum%2Cmavat_code%2Cmavat_name%2Clegal_area%2Cshape_area%2Cshape_length%2Cstation_desc%2Clast_update_date&returnGeometry=true&outSR=4326&f=geojson,בינונית,"תוקן placeholder: הצמד המקורי זהה אצל 197 פרויקטים; הוזז 3.0 ק״מ למקור המפורט. בדיקה אנושית למגרש יחיד: תכנית 101-1087741 כוללת 2 תאי מגורים (1;4); הנקודה נמצאת בתוך איחוד תאי המגורים הרשמיים, אך אין בעמוד הוכחה איזה תא הוא הפרויקט."
%d7%94%d7%94%d7%a8%d7%93%d7%95%d7%a3,31.738687,35.180736,https://ags.iplan.gov.il/arcgisiplan/rest/services/PlanningPublic/Xplan/MapServer/4/query?where=mp_id%3D1005123446+AND+%28mavat_name+LIKE+%27%25%D7%9E%D7%92%D7%95%D7%A8%D7%99%D7%9D%25%27+OR+mavat_name+LIKE+%27%25%D7%93%D7%99%D7%95%D7%A8%25%27%29&outFields=mp_id%2Cpl_id%2Cpl_number%2Cpl_name%2Cnum%2Cmavat_code%2Cmavat_name%2Clegal_area%2Cshape_area%2Cshape_length%2Cstation_desc%2Clast_update_date&returnGeometry=true&outSR=4326&f=geojson,בינונית,"תוקן placeholder: הצמד המקורי זהה אצל 197 פרויקטים; הוזז 6.2 ק״מ למקור המפורט. בדיקה אנושית למגרש יחיד: תכנית 101-0948356 כוללת 2 תאי מגורים (12;13); הנקודה נמצאת בתוך איחוד תאי המגורים הרשמיים, אך אין בעמוד הוכחה איזה תא הוא הפרויקט."
%d7%9e%d7%aa%d7%97%d7%9d-%d7%91%d7%a8-%d7%9c%d7%91,32.046299,34.800444,https://mavat.iplan.gov.il/SV4/1/5001022331/310,גבוהה,תוקן placeholder: הצמד המקורי זהה אצל 57 פרויקטים; הוזז 4.7 ק״מ למקור המפורט. תכנית התחדשות בר לב 104-106 בתל אביב; 103 יחידות = 32 מאושרות + 71 תוספת. הנקודה חושבה מתוך גבול התכנית הרשמי ונבדקה כנמצאת בתוכו.
%d7%94%d7%9e%d7%a8%d7%9b%d7%96-%d7%94%d7%95%d7%95%d7%aa%d7%99%d7%a7,31.943286,34.838443,https://ags.iplan.gov.il/arcgisiplan/rest/services/PlanningPublic/XplanNoKanam/MapServer/1/query?where=mp_id%3D99005266418+AND+%28mavat_name+LIKE+%27%25%D7%9E%D7%92%D7%95%D7%A8%D7%99%D7%9D%25%27+OR+mavat_name+LIKE+%27%25%D7%93%D7%99%D7%95%D7%A8%25%27%29&outFields=mp_id%2Cpl_id%2Cpl_number%2Cpl_name%2Cnum%2Cmavat_code%2Cmavat_name%2Clegal_area%2Cshape_area%2Cshape_length%2Cstation_desc%2Clast_update_date%2Cobjectid&returnGeometry=true&outSR=4326&f=geojson,בינונית,"תוקן placeholder: הצמד המקורי זהה אצל 3 פרויקטים; הוזז 179 מ׳ למקור המפורט. בדיקה אנושית למגרש יחיד: תכנית תמל/ 2054 כוללת 135 תאי מגורים (200;201;202;203;204;205;206;207;208;209;210;211;212;213;214;215;216;217;218;219;220;221;222;223;224;225;226;227;273;274;275;276;278;279;280;281;282;283;293;294;310;311;312;313;3…); הנקודה נמצאת בתוך איחוד תאי המגורים הרשמיים, אך אין בעמוד הוכחה איזה תא הוא הפרויקט."
%d7%9e%d7%a8%d7%9b%d7%96-%d7%94%d7%a2%d7%99%d7%a8-2,32.675796,35.240224,https://ags.iplan.gov.il/arcgisiplan/rest/services/PlanningPublic/Xplan/MapServer/4/query?where=mp_id%3D2005136100+AND+%28mavat_name+LIKE+%27%25%D7%9E%D7%92%D7%95%D7%A8%D7%99%D7%9D%25%27+OR+mavat_name+LIKE+%27%25%D7%93%D7%99%D7%95%D7%A8%25%27%29&outFields=mp_id%2Cpl_id%2Cpl_number%2Cpl_name%2Cnum%2Cmavat_code%2Cmavat_name%2Clegal_area%2Cshape_area%2Cshape_length%2Cstation_desc%2Clast_update_date&returnGeometry=true&outSR=4326&f=geojson,בינונית,"תוקן placeholder: הצמד המקורי זהה אצל 6 פרויקטים; הוזז 134 מ׳ למקור המפורט. בדיקה אנושית למגרש יחיד: תכנית 221-0970350 כוללת 43 תאי מגורים (31;32;131;132;133;134;135;136;141;142;143;201;211;212;221;223;231;232;233;241;242;243;251;252;253;261;262;263;271;273;281;282;283;284;311;312;313;314;315;431;604;613;616); הנקודה נמצאת בתוך איחוד תאי המגורים הרשמיים, אך אין בעמוד הוכחה איזה תא הוא הפרויקט."
%d7%94%d7%a8%d7%9b%d7%91%d7%aa-2,,,,נמוכה,"בדיקה אנושית: לא נמצא מקור שמאפשר למסור נקודה ברמת מגרש בביטחון; lat/lng הושארו ריקים. בדיקה אנושית: נמצאו מועמדי XPLAN חלקיים או מרובים, אך אין התאמת שם+עיר חד-משמעית. מועמדים: תמל/ 2055/ א — תמל/2055/א - מתחם הרכבת"
%d7%a9%d7%95%d7%a7-%d7%99%d7%95%d7%9d-%d7%93,,,,נמוכה,בדיקה אנושית: לא נמצא מקור שמאפשר למסור נקודה ברמת מגרש בביטחון; lat/lng הושארו ריקים. בדיקה אנושית: לא נמצאה ב-XPLAN תכנית בעיר ששמה תואם באופן מספק לשם הפרויקט.
%d7%95%d7%99%d7%99%d7%a6%d7%9e%d7%9f-%d7%a8%d7%9e%d7%96,,,,נמוכה,בדיקה אנושית: לא נמצא מקור שמאפשר למסור נקודה ברמת מגרש בביטחון; lat/lng הושארו ריקים. בדיקה אנושית: לא נמצאה ב-XPLAN תכנית בעיר ששמה תואם באופן מספק לשם הפרויקט.
%d7%9e%d7%aa%d7%97%d7%9d-%d7%a8%d7%91%d7%99%d7%9f,32.066804,34.807222,https://ags.iplan.gov.il/arcgisiplan/rest/services/PlanningPublic/XplanNoKanam/MapServer/1/query?where=mp_id%3D5005284394+AND+%28mavat_name+LIKE+%27%25%D7%9E%D7%92%D7%95%D7%A8%D7%99%D7%9D%25%27+OR+mavat_name+LIKE+%27%25%D7%93%D7%99%D7%95%D7%A8%25%27%29&outFields=mp_id%2Cpl_id%2Cpl_number%2Cpl_name%2Cnum%2Cmavat_code%2Cmavat_name%2Clegal_area%2Cshape_area%2Cshape_length%2Cstation_desc%2Clast_update_date%2Cobjectid&returnGeometry=true&outSR=4326&f=geojson,גבוהה,תוקן placeholder: הצמד המקורי זהה אצל 24 פרויקטים; הוזז 786 מ׳ למקור המפורט. אומת מול תא מגורים רשמי יחיד 1 בתכנית 503-1185560; הנקודה בתוך התא הרשמי.
%d7%97%d7%a1%d7%91%d7%95%d7%9f,31.778999,35.216532,https://ags.iplan.gov.il/arcgisiplan/rest/services/PlanningPublic/Xplan/MapServer/1/query?where=mp_id%3D1005213798&outFields=mp_id%2Cpl_id%2Cpl_number%2Cpl_name%2Cpl_url%2Cstation_desc%2Clast_update_date%2Cpl_area_dunam%2Cshape_area%2Cshape_length&returnGeometry=true&outSR=4326&f=geojson,נמוכה,"תוקן placeholder: הצמד המקורי זהה אצל 197 פרויקטים; הוזז 875 מ׳ למקור המפורט. בדיקה אנושית: אותר גבול רשמי של תכנית 101-1070911, אך לא אותר תא מגורים/מגרש יחיד. הנקודה בתוך גבול התכנית בלבד."
%d7%9b%d7%a6%d7%a0%d7%9c%d7%a1%d7%95%d7%9f-40-42-44,32.086375,34.874709,https://ags.iplan.gov.il/arcgisiplan/rest/services/PlanningPublic/Xplan/MapServer/4/query?where=mp_id%3D4005083212+AND+%28mavat_name+LIKE+%27%25%D7%9E%D7%92%D7%95%D7%A8%D7%99%D7%9D%25%27+OR+mavat_name+LIKE+%27%25%D7%93%D7%99%D7%95%D7%A8%25%27%29&outFields=mp_id%2Cpl_id%2Cpl_number%2Cpl_name%2Cnum%2Cmavat_code%2Cmavat_name%2Clegal_area%2Cshape_area%2Cshape_length%2Cstation_desc%2Clast_update_date&returnGeometry=true&outSR=4326&f=geojson,גבוהה,תוקן placeholder: הצמד המקורי זהה אצל 37 פרויקטים; הוזז 1.1 ק״מ למקור המפורט. אומת מול תא מגורים רשמי יחיד 14 בתכנית 410-0882514; הנקודה בתוך התא הרשמי.
%d7%94%d7%94%d7%a1%d7%aa%d7%93%d7%a8%d7%95%d7%aa-%d7%a9%d7%a0%d7%a7%d7%a8,,,,נמוכה,"בדיקה אנושית: לא נמצא מקור שמאפשר למסור נקודה ברמת מגרש בביטחון; lat/lng הושארו ריקים. בדיקה אנושית: נמצאו מועמדי XPLAN חלקיים או מרובים, אך אין התאמת שם+עיר חד-משמעית. מועמדים: 505-0988105 — ח/מק/219 ההסתדרות 143-145; 505-0668343 — ח/מק/239 - רח' ההסתדרות 69-77 - התחדשות עירונית; 505-1436906 — ח/מק/250 - שנקר 3-7, חולון"
%d7%a9%d7%91%d7%96%d7%99-%d7%95%d7%99%d7%9c%d7%a0%d7%94,,,,נמוכה,בדיקה אנושית: לא נמצא מקור שמאפשר למסור נקודה ברמת מגרש בביטחון; lat/lng הושארו ריקים. בדיקה אנושית: לא נמצאה ב-XPLAN תכנית בעיר ששמה תואם באופן מספק לשם הפרויקט.
%d7%90%d7%a9%d7%9b%d7%95%d7%9c,31.931774,34.857944,https://ags.iplan.gov.il/arcgisiplan/rest/services/PlanningPublic/Xplan/MapServer/4/query?where=mp_id%3D4005284646+AND+%28mavat_name+LIKE+%27%25%D7%9E%D7%92%D7%95%D7%A8%D7%99%D7%9D%25%27+OR+mavat_name+LIKE+%27%25%D7%93%D7%99%D7%95%D7%A8%25%27%29&outFields=mp_id%2Cpl_id%2Cpl_number%2Cpl_name%2Cnum%2Cmavat_code%2Cmavat_name%2Clegal_area%2Cshape_area%2Cshape_length%2Cstation_desc%2Clast_update_date&returnGeometry=true&outSR=4326&f=geojson,בינונית,"תוקן placeholder: הצמד המקורי זהה אצל 15 פרויקטים; הוזז 591 מ׳ למקור המפורט. בדיקה אנושית למגרש יחיד: תכנית 415-1186154 כוללת 17 תאי מגורים (1;2;3;4;5;6;7;8;9;10;11;12;13;14;15;16;17); הנקודה נמצאת בתוך איחוד תאי המגורים הרשמיים, אך אין בעמוד הוכחה איזה תא הוא הפרויקט."
%d7%91%d7%a8%d7%95%d7%a8%d7%99%d7%94-3,31.761124,35.212094,https://ags.iplan.gov.il/arcgisiplan/rest/services/PlanningPublic/Xplan/MapServer/4/query?where=mp_id%3D1005060166+AND+%28mavat_name+LIKE+%27%25%D7%9E%D7%92%D7%95%D7%A8%D7%99%D7%9D%25%27+OR+mavat_name+LIKE+%27%25%D7%93%D7%99%D7%95%D7%A8%25%27%29&outFields=mp_id%2Cpl_id%2Cpl_number%2Cpl_name%2Cnum%2Cmavat_code%2Cmavat_name%2Clegal_area%2Cshape_area%2Cshape_length%2Cstation_desc%2Clast_update_date&returnGeometry=true&outSR=4326&f=geojson,גבוהה,תוקן placeholder: הצמד המקורי זהה אצל 197 פרויקטים; הוזז 2.4 ק״מ למקור המפורט. אומת מול תא מגורים רשמי יחיד 1 בתכנית 101-0842617; הנקודה בתוך התא הרשמי.
%d7%a2%d7%9c%d7%99%d7%99%d7%aa-%d7%94%d7%a0%d7%95%d7%a2%d7%a8-%d7%94%d7%a4%d7%95%d7%a2%d7%9c-%d7%94%d7%a6%d7%a2%d7%99%d7%a8,32.076354,34.802957,https://ags.iplan.gov.il/arcgisiplan/rest/services/PlanningPublic/XplanNoKanam/MapServer/1/query?where=mp_id%3D5005284774+AND+%28mavat_name+LIKE+%27%25%D7%9E%D7%92%D7%95%D7%A8%D7%99%D7%9D%25%27+OR+mavat_name+LIKE+%27%25%D7%93%D7%99%D7%95%D7%A8%25%27%29&outFields=mp_id%2Cpl_id%2Cpl_number%2Cpl_name%2Cnum%2Cmavat_code%2Cmavat_name%2Clegal_area%2Cshape_area%2Cshape_length%2Cstation_desc%2Clast_update_date%2Cobjectid&returnGeometry=true&outSR=4326&f=geojson,גבוהה,תוקן placeholder: הצמד המקורי זהה אצל 24 פרויקטים; הוזז 874 מ׳ למקור המפורט. אומת מול תא מגורים רשמי יחיד 1 בתכנית 503-1186220; הנקודה בתוך התא הרשמי.
%d7%9e%d7%aa%d7%97%d7%9d-%d7%a8%d7%95%d7%91%d7%99%d7%9f-%d7%a1%d7%95%d7%a7%d7%95%d7%9c%d7%95%d7%91-%d7%94%d7%a8%d7%a6%d7%9c%d7%99%d7%94,32.166778,34.843693,https://ags.iplan.gov.il/arcgisiplan/rest/services/PlanningPublic/Xplan/MapServer/4/query?where=mp_id%3D5005310532+AND+%28mavat_name+LIKE+%27%25%D7%9E%D7%92%D7%95%D7%A8%D7%99%D7%9D%25%27+OR+mavat_name+LIKE+%27%25%D7%93%D7%99%D7%95%D7%A8%25%27%29&outFields=mp_id%2Cpl_id%2Cpl_number%2Cpl_name%2Cnum%2Cmavat_code%2Cmavat_name%2Clegal_area%2Cshape_area%2Cshape_length%2Cstation_desc%2Clast_update_date&returnGeometry=true&outSR=4326&f=geojson,גבוהה,תוקן placeholder: הצמד המקורי זהה אצל 25 פרויקטים; הוזז 328 מ׳ למקור המפורט. אומת מול תא מגורים רשמי יחיד 1 בתכנית 504-1224732; הנקודה בתוך התא הרשמי.
%d7%9e%d7%aa%d7%97%d7%9d-%d7%90%d7%a8%d7%9c%d7%95%d7%96%d7%95%d7%a8%d7%95%d7%91-%d7%a9%d7%9e%d7%97%d7%94-%d7%94%d7%9e%d7%aa%d7%9e%d7%99%d7%93,32.080905,34.805754,https://ags.iplan.gov.il/arcgisiplan/rest/services/PlanningPublic/Xplan/MapServer/4/query?where=mp_id%3D5005118404+AND+%28mavat_name+LIKE+%27%25%D7%9E%D7%92%D7%95%D7%A8%D7%99%D7%9D%25%27+OR+mavat_name+LIKE+%27%25%D7%93%D7%99%D7%95%D7%A8%25%27%29&outFields=mp_id%2Cpl_id%2Cpl_number%2Cpl_name%2Cnum%2Cmavat_code%2Cmavat_name%2Clegal_area%2Cshape_area%2Cshape_length%2Cstation_desc%2Clast_update_date&returnGeometry=true&outSR=4326&f=geojson,בינונית,"תוקן placeholder: הצמד המקורי זהה אצל 76 פרויקטים; הוזז 2.2 ק״מ למקור המפורט. בדיקה אנושית למגרש יחיד: תכנית 506-0939314 כוללת 3 תאי מגורים (202;203;204); הנקודה נמצאת בתוך איחוד תאי המגורים הרשמיים, אך אין בעמוד הוכחה איזה תא הוא הפרויקט."
%d7%91%d7%95%d7%a8%d7%95%d7%9b%d7%95%d7%91-57-61,31.762308,35.173834,https://ags.iplan.gov.il/arcgisiplan/rest/services/PlanningPublic/Xplan/MapServer/4/query?where=mp_id%3D1005219496+AND+%28mavat_name+LIKE+%27%25%D7%9E%D7%92%D7%95%D7%A8%D7%99%D7%9D%25%27+OR+mavat_name+LIKE+%27%25%D7%93%D7%99%D7%95%D7%A8%25%27%29&outFields=mp_id%2Cpl_id%2Cpl_number%2Cpl_name%2Cnum%2Cmavat_code%2Cmavat_name%2Clegal_area%2Cshape_area%2Cshape_length%2Cstation_desc%2Clast_update_date&returnGeometry=true&outSR=4326&f=geojson,בינונית,"תוקן placeholder: הצמד המקורי זהה אצל 197 פרויקטים; הוזז 5.2 ק״מ למקור המפורט. בדיקה אנושית למגרש יחיד: תכנית 101-1080092 כוללת 2 תאי מגורים (1;3); הנקודה נמצאת בתוך איחוד תאי המגורים הרשמיים, אך אין בעמוד הוכחה איזה תא הוא הפרויקט."
%d7%91%d7%a8-%d7%99%d7%95%d7%97%d7%90%d7%99-18,31.753215,35.193710,https://ags.iplan.gov.il/arcgisiplan/rest/services/PlanningPublic/Xplan/MapServer/4/query?where=mp_id%3D1005240378+AND+%28mavat_name+LIKE+%27%25%D7%9E%D7%92%D7%95%D7%A8%D7%99%D7%9D%25%27+OR+mavat_name+LIKE+%27%25%D7%93%D7%99%D7%95%D7%A8%25%27%29&outFields=mp_id%2Cpl_id%2Cpl_number%2Cpl_name%2Cnum%2Cmavat_code%2Cmavat_name%2Clegal_area%2Cshape_area%2Cshape_length%2Cstation_desc%2Clast_update_date&returnGeometry=true&outSR=4326&f=geojson,גבוהה,תוקן placeholder: הצמד המקורי זהה אצל 197 פרויקטים; הוזז 4.2 ק״מ למקור המפורט. אומת מול תא מגורים רשמי יחיד 1 בתכנית 101-1114305; הנקודה בתוך התא הרשמי.
%d7%a2%d7%9e%d7%a8%d7%9e%d7%99-%d7%a9%d7%a8%d7%aa-%d7%9b%d7%a4%d7%a8-%d7%a1%d7%91%d7%90,32.173768,34.909235,https://ags.iplan.gov.il/arcgisiplan/rest/services/PlanningPublic/Xplan/MapServer/4/query?where=mp_id%3D4005067134+AND+%28mavat_name+LIKE+%27%25%D7%9E%D7%92%D7%95%D7%A8%D7%99%D7%9D%25%27+OR+mavat_name+LIKE+%27%25%D7%93%D7%99%D7%95%D7%A8%25%27%29&outFields=mp_id%2Cpl_id%2Cpl_number%2Cpl_name%2Cnum%2Cmavat_code%2Cmavat_name%2Clegal_area%2Cshape_area%2Cshape_length%2Cstation_desc%2Clast_update_date&returnGeometry=true&outSR=4326&f=geojson,גבוהה,תוקן placeholder: הצמד המקורי זהה אצל 12 פרויקטים; הוזז 432 מ׳ למקור המפורט. אומת מול תא מגורים רשמי יחיד 1 בתכנית 405-0854299; הנקודה בתוך התא הרשמי.
%d7%a8%d7%97%d7%9c-%d7%90%d7%9e%d7%a0%d7%95-46-48,31.765148,35.210330,https://ags.iplan.gov.il/arcgisiplan/rest/services/PlanningPublic/Xplan/MapServer/4/query?where=mp_id%3D1005214136+AND+%28mavat_name+LIKE+%27%25%D7%9E%D7%92%D7%95%D7%A8%D7%99%D7%9D%25%27+OR+mavat_name+LIKE+%27%25%D7%93%D7%99%D7%95%D7%A8%25%27%29&outFields=mp_id%2Cpl_id%2Cpl_number%2Cpl_name%2Cnum%2Cmavat_code%2Cmavat_name%2Clegal_area%2Cshape_area%2Cshape_length%2Cstation_desc%2Clast_update_date&returnGeometry=true&outSR=4326&f=geojson,גבוהה,תוקן placeholder: הצמד המקורי זהה אצל 197 פרויקטים; הוזז 2.1 ק״מ למקור המפורט. אומת מול תא מגורים רשמי יחיד 100 בתכנית 101-1071448; הנקודה בתוך התא הרשמי.
%d7%94%d7%93%d7%95%d7%9b%d7%99%d7%a4%d7%aa,31.878015,34.744355,https://ags.iplan.gov.il/arcgisiplan/rest/services/PlanningPublic/XplanNoKanam/MapServer/1/query?where=mp_id%3D4005322766+AND+%28mavat_name+LIKE+%27%25%D7%9E%D7%92%D7%95%D7%A8%D7%99%D7%9D%25%27+OR+mavat_name+LIKE+%27%25%D7%93%D7%99%D7%95%D7%A8%25%27%29&outFields=mp_id%2Cpl_id%2Cpl_number%2Cpl_name%2Cnum%2Cmavat_code%2Cmavat_name%2Clegal_area%2Cshape_area%2Cshape_length%2Cstation_desc%2Clast_update_date%2Cobjectid&returnGeometry=true&outSR=4326&f=geojson,בינונית,"תוקן placeholder: הצמד המקורי זהה אצל 15 פרויקטים; הוזז 586 מ׳ למקור המפורט. בדיקה אנושית למגרש יחיד: תכנית 404-1244144 כוללת 6 תאי מגורים (1;2;3;4;5;6); הנקודה נמצאת בתוך איחוד תאי המגורים הרשמיים, אך אין בעמוד הוכחה איזה תא הוא הפרויקט."
%d7%a9%d7%a4%d7%99%d7%a8%d7%90-3,31.817507,34.775104,https://ags.iplan.gov.il/arcgisiplan/rest/services/PlanningPublic/XplanNoKanam/MapServer/1/query?where=mp_id%3D4005322538+AND+%28mavat_name+LIKE+%27%25%D7%9E%D7%92%D7%95%D7%A8%D7%99%D7%9D%25%27+OR+mavat_name+LIKE+%27%25%D7%93%D7%99%D7%95%D7%A8%25%27%29&outFields=mp_id%2Cpl_id%2Cpl_number%2Cpl_name%2Cnum%2Cmavat_code%2Cmavat_name%2Clegal_area%2Cshape_area%2Cshape_length%2Cstation_desc%2Clast_update_date%2Cobjectid&returnGeometry=true&outSR=4326&f=geojson,בינונית,"תוקן placeholder: הצמד המקורי זהה אצל 3 פרויקטים; הוזז 810 מ׳ למקור המפורט. בדיקה אנושית למגרש יחיד: תכנית 460-1243724 כוללת 13 תאי מגורים (100;101;102;103;104;105;106;107;108;109;110;111;401); הנקודה נמצאת בתוך איחוד תאי המגורים הרשמיים, אך אין בעמוד הוכחה איזה תא הוא הפרויקט."
%d7%a7%d7%a7%d7%9c,,,,נמוכה,"בדיקה אנושית: לא נמצא מקור שמאפשר למסור נקודה ברמת מגרש בביטחון; lat/lng הושארו ריקים. בדיקה אנושית: נמצאו מועמדי XPLAN חלקיים או מרובים, אך אין התאמת שם+עיר חד-משמעית. מועמדים: 352-0994020 — התחדשות עירונית ברחוב קק""ל בקרית ביאליק; 352-0859306 — מגורים בשד' קק""ל 30, קריית ביאליק; 352-1304674 — מגורים ברח' קק""ל 26, קרית ביאליק"
%d7%9e%d7%aa%d7%97%d7%9d-%d7%94%d7%94%d7%a1%d7%aa%d7%93%d7%a8%d7%95%d7%aa,33.010340,35.099047,https://ags.iplan.gov.il/arcgisiplan/rest/services/PlanningPublic/XplanNoKanam/MapServer/1/query?where=mp_id%3D2005359194&outFields=mp_id%2Cpl_id%2Cpl_number%2Cpl_name%2Cnum%2Cmavat_code%2Cmavat_name%2Clegal_area%2Cshape_area%2Cshape_length%2Cstation_desc%2Clast_update_date%2Cobjectid&returnGeometry=true&outSR=4326&f=geojson,נמוכה,"תוקן placeholder: הצמד המקורי זהה אצל 13 פרויקטים; הוזז 614 מ׳ למקור המפורט. בדיקה אנושית: אותר גבול רשמי של תכנית 210-1301332, אך לא אותר תא מגורים/מגרש יחיד. הנקודה בתוך גבול התכנית בלבד."
%d7%90%d7%9e%d7%99%d7%9c-%d7%96%d7%95%d7%9c%d7%90-2,,,,נמוכה,בדיקה אנושית: לא נמצא מקור שמאפשר למסור נקודה ברמת מגרש בביטחון; lat/lng הושארו ריקים. בדיקה אנושית: לא נמצאה ב-XPLAN תכנית בעיר ששמה תואם באופן מספק לשם הפרויקט.
%d7%91%d7%a8%d7%95%d7%93%d7%a6%d7%a7%d7%99,32.322621,34.854223,https://ags.iplan.gov.il/arcgisiplan/rest/services/PlanningPublic/Xplan/MapServer/4/query?where=mp_id%3D4005227638+AND+%28mavat_name+LIKE+%27%25%D7%9E%D7%92%D7%95%D7%A8%D7%99%D7%9D%25%27+OR+mavat_name+LIKE+%27%25%D7%93%D7%99%D7%95%D7%A8%25%27%29&outFields=mp_id%2Cpl_id%2Cpl_number%2Cpl_name%2Cnum%2Cmavat_code%2Cmavat_name%2Clegal_area%2Cshape_area%2Cshape_length%2Cstation_desc%2Clast_update_date&returnGeometry=true&outSR=4326&f=geojson,בינונית,"תוקן placeholder: הצמד המקורי זהה אצל 40 פרויקטים; הוזז 704 מ׳ למקור המפורט. בדיקה אנושית למגרש יחיד: תכנית 408-1094010 כוללת 3 תאי מגורים (101;102;103); הנקודה נמצאת בתוך איחוד תאי המגורים הרשמיים, אך אין בעמוד הוכחה איזה תא הוא הפרויקט."
%d7%94%d7%a9%d7%a7%d7%9e%d7%94,32.011125,34.744223,https://ags.iplan.gov.il/arcgisiplan/rest/services/PlanningPublic/XplanNoKanam/MapServer/1/query?where=mp_id%3D5005320288&outFields=mp_id%2Cpl_id%2Cpl_number%2Cpl_name%2Cnum%2Cmavat_code%2Cmavat_name%2Clegal_area%2Cshape_area%2Cshape_length%2Cstation_desc%2Clast_update_date%2Cobjectid&returnGeometry=true&outSR=4326&f=geojson,נמוכה,"תוקן placeholder: הצמד המקורי זהה אצל 38 פרויקטים; הוזז 765 מ׳ למקור המפורט. בדיקה אנושית: אותר גבול רשמי של תכנית 502-1239953, אך לא אותר תא מגורים/מגרש יחיד. הנקודה בתוך גבול התכנית בלבד."
%d7%94%d7%a8%d7%90%d7%a9%d7%95%d7%a0%d7%99%d7%9d-%d7%94%d7%a2%d7%a6%d7%9e%d7%90%d7%95%d7%aa-%d7%aa%d7%a9%d7%99%d7%92,32.680826,35.236551,https://ags.iplan.gov.il/arcgisiplan/rest/services/PlanningPublic/XplanNoKanam/MapServer/1/query?where=mp_id%3D2005280780+AND+%28mavat_name+LIKE+%27%25%D7%9E%D7%92%D7%95%D7%A8%D7%99%D7%9D%25%27+OR+mavat_name+LIKE+%27%25%D7%93%D7%99%D7%95%D7%A8%25%27%29&outFields=mp_id%2Cpl_id%2Cpl_number%2Cpl_name%2Cnum%2Cmavat_code%2Cmavat_name%2Clegal_area%2Cshape_area%2Cshape_length%2Cstation_desc%2Clast_update_date%2Cobjectid&returnGeometry=true&outSR=4326&f=geojson,בינונית,"תוקן placeholder: הצמד המקורי זהה אצל 6 פרויקטים; הוזז 650 מ׳ למקור המפורט. בדיקה אנושית למגרש יחיד: תכנית 221-1179811 כוללת 8 תאי מגורים (101;102;103;104;105;106;107;108); הנקודה נמצאת בתוך איחוד תאי המגורים הרשמיים, אך אין בעמוד הוכחה איזה תא הוא הפרויקט."
%d7%94%d7%a4%d7%9c%d7%9e%d7%97,31.520774,34.592100,https://ags.iplan.gov.il/arcgisiplan/rest/services/PlanningPublic/Xplan/MapServer/4/query?where=mp_id%3D6005280582+AND+%28mavat_name+LIKE+%27%25%D7%9E%D7%92%D7%95%D7%A8%D7%99%D7%9D%25%27+OR+mavat_name+LIKE+%27%25%D7%93%D7%99%D7%95%D7%A8%25%27%29&outFields=mp_id%2Cpl_id%2Cpl_number%2Cpl_name%2Cnum%2Cmavat_code%2Cmavat_name%2Clegal_area%2Cshape_area%2Cshape_length%2Cstation_desc%2Clast_update_date&returnGeometry=true&outSR=4326&f=geojson,בינונית,"תוקן placeholder: הצמד המקורי זהה אצל 5 פרויקטים; הוזז 784 מ׳ למקור המפורט. בדיקה אנושית למגרש יחיד: תכנית 611-1179506 כוללת 6 תאי מגורים (101;102;103;104;105;106); הנקודה נמצאת בתוך איחוד תאי המגורים הרשמיים, אך אין בעמוד הוכחה איזה תא הוא הפרויקט."
%d7%91%d7%9f-%d7%92%d7%95%d7%a8%d7%99%d7%95%d7%9f-4,33.069151,35.148292,https://ags.iplan.gov.il/arcgisiplan/rest/services/PlanningPublic/Xplan/MapServer/4/query?where=mp_id%3D2005338482+AND+%28mavat_name+LIKE+%27%25%D7%9E%D7%92%D7%95%D7%A8%D7%99%D7%9D%25%27+OR+mavat_name+LIKE+%27%25%D7%93%D7%99%D7%95%D7%A8%25%27%29&outFields=mp_id%2Cpl_id%2Cpl_number%2Cpl_name%2Cnum%2Cmavat_code%2Cmavat_name%2Clegal_area%2Cshape_area%2Cshape_length%2Cstation_desc%2Clast_update_date&returnGeometry=true&outSR=4326&f=geojson,בינונית,"תוקן מנקודת עיר כללית; הוזז 768 מ׳. בדיקה אנושית למגרש יחיד: תכנית 255-1269463 כוללת 8 תאי מגורים (1;2;3;4;5;6;7;8); הנקודה נמצאת בתוך איחוד תאי המגורים הרשמיים, אך אין בעמוד הוכחה איזה תא הוא הפרויקט."
%d7%94%d7%a8%d7%a6%d7%9c-%d7%a9%d7%a2%d7%a8%d7%99-%d7%94%d7%a2%d7%99%d7%a8,31.937634,34.866811,https://ags.iplan.gov.il/arcgisiplan/rest/services/PlanningPublic/Xplan/MapServer/4/query?where=mp_id%3D4001024943+AND+%28mavat_name+LIKE+%27%25%D7%9E%D7%92%D7%95%D7%A8%D7%99%D7%9D%25%27+OR+mavat_name+LIKE+%27%25%D7%93%D7%99%D7%95%D7%A8%25%27%29&outFields=mp_id%2Cpl_id%2Cpl_number%2Cpl_name%2Cnum%2Cmavat_code%2Cmavat_name%2Clegal_area%2Cshape_area%2Cshape_length%2Cstation_desc%2Clast_update_date&returnGeometry=true&outSR=4326&f=geojson,בינונית,"תוקן placeholder: הצמד המקורי זהה אצל 15 פרויקטים; הוזז 1.2 ק״מ למקור המפורט. בדיקה אנושית למגרש יחיד: תכנית 415-0782672 כוללת 2 תאי מגורים (1;2); הנקודה נמצאת בתוך איחוד תאי המגורים הרשמיים, אך אין בעמוד הוכחה איזה תא הוא הפרויקט."
%d7%97%d7%a1%d7%93%d7%90-%d7%99%d7%94%d7%95%d7%a9%d7%a2-%d7%91%d7%9f-%d7%a0%d7%95%d7%9f,31.759692,35.214212,https://ags.iplan.gov.il/arcgisiplan/rest/services/PlanningPublic/Xplan/MapServer/4/query?where=mp_id%3D1005185990+AND+%28mavat_name+LIKE+%27%25%D7%9E%D7%92%D7%95%D7%A8%D7%99%D7%9D%25%27+OR+mavat_name+LIKE+%27%25%D7%93%D7%99%D7%95%D7%A8%25%27%29&outFields=mp_id%2Cpl_id%2Cpl_number%2Cpl_name%2Cnum%2Cmavat_code%2Cmavat_name%2Clegal_area%2Cshape_area%2Cshape_length%2Cstation_desc%2Clast_update_date&returnGeometry=true&outSR=4326&f=geojson,בינונית,"תוקן placeholder: הצמד המקורי זהה אצל 197 פרויקטים; הוזז 2.4 ק״מ למקור המפורט. בדיקה אנושית למגרש יחיד: תכנית 101-1024645 כוללת 4 תאי מגורים (101;201;202;203); הנקודה נמצאת בתוך איחוד תאי המגורים הרשמיים, אך אין בעמוד הוכחה איזה תא הוא הפרויקט."
%d7%a0%d7%97%d7%95%d7%9d,32.301481,34.858031,https://ags.iplan.gov.il/arcgisiplan/rest/services/PlanningPublic/Xplan/MapServer/4/query?where=mp_id%3D4005261700+AND+%28mavat_name+LIKE+%27%25%D7%9E%D7%92%D7%95%D7%A8%D7%99%D7%9D%25%27+OR+mavat_name+LIKE+%27%25%D7%93%D7%99%D7%95%D7%A8%25%27%29&outFields=mp_id%2Cpl_id%2Cpl_number%2Cpl_name%2Cnum%2Cmavat_code%2Cmavat_name%2Clegal_area%2Cshape_area%2Cshape_length%2Cstation_desc%2Clast_update_date&returnGeometry=true&outSR=4326&f=geojson,בינונית,"תוקן placeholder: הצמד המקורי זהה אצל 40 פרויקטים; הוזז 3.0 ק״מ למקור המפורט. בדיקה אנושית למגרש יחיד: תכנית 408-1147735 כוללת 4 תאי מגורים (1;2;3;4); הנקודה נמצאת בתוך איחוד תאי המגורים הרשמיים, אך אין בעמוד הוכחה איזה תא הוא הפרויקט."
%d7%a1%d7%9e%d7%99%d7%9c%d7%a0%d7%a1%d7%a7%d7%99-29-31,32.325927,34.853700,https://ags.iplan.gov.il/arcgisiplan/rest/services/PlanningPublic/Xplan/MapServer/4/query?where=mp_id%3D4000935705+AND+%28mavat_name+LIKE+%27%25%D7%9E%D7%92%D7%95%D7%A8%D7%99%D7%9D%25%27+OR+mavat_name+LIKE+%27%25%D7%93%D7%99%D7%95%D7%A8%25%27%29&outFields=mp_id%2Cpl_id%2Cpl_number%2Cpl_name%2Cnum%2Cmavat_code%2Cmavat_name%2Clegal_area%2Cshape_area%2Cshape_length%2Cstation_desc%2Clast_update_date&returnGeometry=true&outSR=4326&f=geojson,גבוהה,תוקן placeholder: הצמד המקורי זהה אצל 40 פרויקטים; הוזז 406 מ׳ למקור המפורט. אומת מול תא מגורים רשמי יחיד 201 בתכנית 408-0639328; הנקודה בתוך התא הרשמי.
%d7%a9%d7%93-%d7%99%d7%a8%d7%95%d7%a9%d7%9c%d7%99%d7%9d-23-25-27,32.324157,34.854673,https://mavat.iplan.gov.il/SV4/1/4005115864/310,גבוהה,"תוקן placeholder: הצמד המקורי זהה אצל 40 פרויקטים; הוזז 529 מ׳ למקור המפורט. שדרות ירושלים 23, 25, 27 זהה במדויק; 120 יחידות = 35 מאושרות + 85 תוספת. הנקודה חושבה מתוך גבול התכנית הרשמי ונבדקה כנמצאת בתוכו."
%d7%92%d7%9c%d7%99%d7%a7%d7%a1%d7%95%d7%9f,,,,נמוכה,בדיקה אנושית: לא נמצא מקור שמאפשר למסור נקודה ברמת מגרש בביטחון; lat/lng הושארו ריקים. בדיקה אנושית: לא נמצאה ב-XPLAN תכנית בעיר ששמה תואם באופן מספק לשם הפרויקט.
%d7%93%d7%a8-%d7%a1%d7%98%d7%95%d7%a4-24-%d7%a0%d7%aa%d7%a0%d7%99%d7%94,32.296810,34.851557,https://mavat.iplan.gov.il/SV4/1/4005235140/310,גבוהה,"תוקן placeholder: הצמד המקורי זהה אצל 40 פרויקטים; הוזז 3.6 ק״מ למקור המפורט. ד״ר סטופ 2,4 נתניה זהה במדויק בשם התכנית. הנקודה חושבה מתוך גבול התכנית הרשמי ונבדקה כנמצאת בתוכו."
%d7%94%d7%a0%d7%95%d7%98%d7%a2,32.326752,34.855806,https://mavat.iplan.gov.il/SV4/1/4005101640/310,גבוהה,תוקן placeholder: הצמד המקורי זהה אצל 40 פרויקטים; הוזז 221 מ׳ למקור המפורט. פינוי-בינוי רחוב הנוטע בנתניה; 116 יחידות = 33 מאושרות + 83 תוספת. הנקודה חושבה מתוך גבול התכנית הרשמי ונבדקה כנמצאת בתוכו.
%d7%90%d7%95%d7%a1%d7%99%d7%a9%d7%a7%d7%99%d7%9f-%d7%a8%d7%9e%d7%96,32.329157,34.851565,https://mavat.iplan.gov.il/SV4/1/4005108490/310,גבוהה,תוקן placeholder: הצמד המקורי זהה אצל 40 פרויקטים; הוזז 479 מ׳ למקור המפורט. פינוי-בינוי אוסישקין-רמז בנתניה; שם זהה וכמות התכנית קרובה ביחידה אחת בלבד. הנקודה חושבה מתוך גבול התכנית הרשמי ונבדקה כנמצאת בתוכו.
%d7%94%d7%a2%d7%9c%d7%99%d7%94,32.296411,34.853853,https://mavat.iplan.gov.il/SV4/1/4005266432/310,גבוהה,תוקן placeholder: הצמד המקורי זהה אצל 40 פרויקטים; הוזז 3.6 ק״מ למקור המפורט. מתחם העלייה להתחדשות עירונית בנתניה; 672 יחידות = 168 מאושרות + 504 תוספת. הנקודה חושבה מתוך גבול התכנית הרשמי ונבדקה כנמצאת בתוכו.
%d7%9e%d7%aa%d7%97%d7%9d-%d7%94%d7%92%d7%a4%d7%9f-1-4,32.180911,34.940478,https://ags.iplan.gov.il/arcgisiplan/rest/services/PlanningPublic/Xplan/MapServer/4/query?where=mp_id%3D4005300038+AND+%28mavat_name+LIKE+%27%25%D7%9E%D7%92%D7%95%D7%A8%D7%99%D7%9D%25%27+OR+mavat_name+LIKE+%27%25%D7%93%D7%99%D7%95%D7%A8%25%27%29&outFields=mp_id%2Cpl_id%2Cpl_number%2Cpl_name%2Cnum%2Cmavat_code%2Cmavat_name%2Clegal_area%2Cshape_area%2Cshape_length%2Cstation_desc%2Clast_update_date&returnGeometry=true&outSR=4326&f=geojson,בינונית,"תוקן placeholder: הצמד המקורי זהה אצל 12 פרויקטים; הוזז 3.1 ק״מ למקור המפורט. בדיקה אנושית למגרש יחיד: תכנית 405-1207463 כוללת 2 תאי מגורים (101;102); הנקודה נמצאת בתוך איחוד תאי המגורים הרשמיים, אך אין בעמוד הוכחה איזה תא הוא הפרויקט."
%d7%97%d7%99%d7%99%d7%9d-%d7%97%d7%91%d7%99%d7%91-3,31.767364,35.173311,https://ags.iplan.gov.il/arcgisiplan/rest/services/PlanningPublic/Xplan/MapServer/4/query?where=mp_id%3D1005183484+AND+%28mavat_name+LIKE+%27%25%D7%9E%D7%92%D7%95%D7%A8%D7%99%D7%9D%25%27+OR+mavat_name+LIKE+%27%25%D7%93%D7%99%D7%95%D7%A8%25%27%29&outFields=mp_id%2Cpl_id%2Cpl_number%2Cpl_name%2Cnum%2Cmavat_code%2Cmavat_name%2Clegal_area%2Cshape_area%2Cshape_length%2Cstation_desc%2Clast_update_date&returnGeometry=true&outSR=4326&f=geojson,גבוהה,תוקן placeholder: הצמד המקורי זהה אצל 197 פרויקטים; הוזז 5.1 ק״מ למקור המפורט. אומת מול תא מגורים רשמי יחיד 1 בתכנית 101-1019611; הנקודה בתוך התא הרשמי.
%d7%94%d7%aa%d7%95%d7%aa%d7%97%d7%a0%d7%99%d7%9d,32.029492,34.761103,https://ags.iplan.gov.il/arcgisiplan/rest/services/PlanningPublic/Xplan/MapServer/4/query?where=mp_id%3D5005274750+AND+%28mavat_name+LIKE+%27%25%D7%9E%D7%92%D7%95%D7%A8%D7%99%D7%9D%25%27+OR+mavat_name+LIKE+%27%25%D7%93%D7%99%D7%95%D7%A8%25%27%29&outFields=mp_id%2Cpl_id%2Cpl_number%2Cpl_name%2Cnum%2Cmavat_code%2Cmavat_name%2Clegal_area%2Cshape_area%2Cshape_length%2Cstation_desc%2Clast_update_date&returnGeometry=true&outSR=4326&f=geojson,גבוהה,תוקן placeholder: הצמד המקורי זהה אצל 25 פרויקטים; הוזז 2.1 ק״מ למקור המפורט. אומת מול תא מגורים רשמי יחיד 3 בתכנית 505-1169796; הנקודה בתוך התא הרשמי.
%d7%94%d7%aa%d7%a4%d7%95%d7%96,32.173270,34.914572,https://ags.iplan.gov.il/arcgisiplan/rest/services/PlanningPublic/Xplan/MapServer/4/query?where=mp_id%3D4005264852+AND+%28mavat_name+LIKE+%27%25%D7%9E%D7%92%D7%95%D7%A8%D7%99%D7%9D%25%27+OR+mavat_name+LIKE+%27%25%D7%93%D7%99%D7%95%D7%A8%25%27%29&outFields=mp_id%2Cpl_id%2Cpl_number%2Cpl_name%2Cnum%2Cmavat_code%2Cmavat_name%2Clegal_area%2Cshape_area%2Cshape_length%2Cstation_desc%2Clast_update_date&returnGeometry=true&outSR=4326&f=geojson,בינונית,"תוקן placeholder: הצמד המקורי זהה אצל 12 פרויקטים; הוזז 809 מ׳ למקור המפורט. בדיקה אנושית למגרש יחיד: תכנית 405-1153733 כוללת 3 תאי מגורים (1;2;3); הנקודה נמצאת בתוך איחוד תאי המגורים הרשמיים, אך אין בעמוד הוכחה איזה תא הוא הפרויקט."
%d7%92%d7%95%d7%a9-%d7%a2%d7%a6%d7%99%d7%95%d7%9f,31.893430,34.825027,https://ags.iplan.gov.il/arcgisiplan/rest/services/PlanningPublic/XplanNoKanam/MapServer/1/query?where=mp_id%3D4005321958+AND+%28mavat_name+LIKE+%27%25%D7%9E%D7%92%D7%95%D7%A8%D7%99%D7%9D%25%27+OR+mavat_name+LIKE+%27%25%D7%93%D7%99%D7%95%D7%A8%25%27%29&outFields=mp_id%2Cpl_id%2Cpl_number%2Cpl_name%2Cnum%2Cmavat_code%2Cmavat_name%2Clegal_area%2Cshape_area%2Cshape_length%2Cstation_desc%2Clast_update_date%2Cobjectid&returnGeometry=true&outSR=4326&f=geojson,בינונית,"תוקן placeholder: הצמד המקורי זהה אצל 14 פרויקטים; הוזז 1.4 ק״מ למקור המפורט. בדיקה אנושית למגרש יחיד: תכנית 414-1242668 כוללת 5 תאי מגורים (101;102;103;104;105); הנקודה נמצאת בתוך איחוד תאי המגורים הרשמיים, אך אין בעמוד הוכחה איזה תא הוא הפרויקט."
%d7%9e%d7%aa%d7%97%d7%9d-3-%d7%a8%d7%9e%d7%aa-%d7%95%d7%a8%d7%91%d7%a8,32.090427,34.871749,https://ags.iplan.gov.il/arcgisiplan/rest/services/PlanningPublic/Xplan/MapServer/4/query?where=mp_id%3D4005252750+AND+%28mavat_name+LIKE+%27%25%D7%9E%D7%92%D7%95%D7%A8%D7%99%D7%9D%25%27+OR+mavat_name+LIKE+%27%25%D7%93%D7%99%D7%95%D7%A8%25%27%29&outFields=mp_id%2Cpl_id%2Cpl_number%2Cpl_name%2Cnum%2Cmavat_code%2Cmavat_name%2Clegal_area%2Cshape_area%2Cshape_length%2Cstation_desc%2Clast_update_date&returnGeometry=true&outSR=4326&f=geojson,בינונית,"תוקן placeholder: הצמד המקורי זהה אצל 37 פרויקטים; הוזז 1.4 ק״מ למקור המפורט. בדיקה אנושית למגרש יחיד: תכנית 410-1133313 כוללת 2 תאי מגורים (3A;3B); הנקודה נמצאת בתוך איחוד תאי המגורים הרשמיים, אך אין בעמוד הוכחה איזה תא הוא הפרויקט."
%d7%94%d7%97%d7%99%d7%99%d7%9c-%d7%94%d7%90%d7%9c%d7%9e%d7%95%d7%a0%d7%99-%d7%96%d7%91%d7%95%d7%98%d7%99%d7%a0%d7%a1%d7%a7%d7%99-%d7%94%d7%a8%d7%a6%d7%9c,31.960439,34.801645,https://ags.iplan.gov.il/arcgisiplan/rest/services/PlanningPublic/Xplan/MapServer/4/query?where=mp_id%3D4005266668+AND+%28mavat_name+LIKE+%27%25%D7%9E%D7%92%D7%95%D7%A8%D7%99%D7%9D%25%27+OR+mavat_name+LIKE+%27%25%D7%93%D7%99%D7%95%D7%A8%25%27%29&outFields=mp_id%2Cpl_id%2Cpl_number%2Cpl_name%2Cnum%2Cmavat_code%2Cmavat_name%2Clegal_area%2Cshape_area%2Cshape_length%2Cstation_desc%2Clast_update_date&returnGeometry=true&outSR=4326&f=geojson,בינונית,"תוקן placeholder: הצמד המקורי זהה אצל 19 פרויקטים; הוזז 872 מ׳ למקור המפורט. בדיקה אנושית למגרש יחיד: תכנית 413-1156454 כוללת 2 תאי מגורים (100;101); הנקודה נמצאת בתוך איחוד תאי המגורים הרשמיים, אך אין בעמוד הוכחה איזה תא הוא הפרויקט."
%d7%99%d7%97%d7%91%d7%95%d7%91-%d7%99%d7%a6%d7%97%d7%a7-%d7%a9%d7%93%d7%94-%d7%9e%d7%aa%d7%97%d7%9e%d7%99%d7%9d-910-%d7%a8%d7%9e%d7%aa-%d7%95%d7%a8%d7%91%d7%a8,32.089114,34.878031,https://ags.iplan.gov.il/arcgisiplan/rest/services/PlanningPublic/Xplan/MapServer/4/query?where=mp_id%3D4005121024+AND+%28mavat_name+LIKE+%27%25%D7%9E%D7%92%D7%95%D7%A8%D7%99%D7%9D%25%27+OR+mavat_name+LIKE+%27%25%D7%93%D7%99%D7%95%D7%A8%25%27%29&outFields=mp_id%2Cpl_id%2Cpl_number%2Cpl_name%2Cnum%2Cmavat_code%2Cmavat_name%2Clegal_area%2Cshape_area%2Cshape_length%2Cstation_desc%2Clast_update_date&returnGeometry=true&outSR=4326&f=geojson,בינונית,"תוקן placeholder: הצמד המקורי זהה אצל 37 פרויקטים; הוזז 765 מ׳ למקור המפורט. בדיקה אנושית למגרש יחיד: תכנית 410-0944124 כוללת 2 תאי מגורים (9;10); הנקודה נמצאת בתוך איחוד תאי המגורים הרשמיים, אך אין בעמוד הוכחה איזה תא הוא הפרויקט."
%d7%93%d7%a8%d7%9a-%d7%97%d7%91%d7%a8%d7%95%d7%9f-108-110,31.752857,35.219539,https://ags.iplan.gov.il/arcgisiplan/rest/services/PlanningPublic/Xplan/MapServer/4/query?where=mp_id%3D1005252656+AND+%28mavat_name+LIKE+%27%25%D7%9E%D7%92%D7%95%D7%A8%D7%99%D7%9D%25%27+OR+mavat_name+LIKE+%27%25%D7%93%D7%99%D7%95%D7%A8%25%27%29&outFields=mp_id%2Cpl_id%2Cpl_number%2Cpl_name%2Cnum%2Cmavat_code%2Cmavat_name%2Clegal_area%2Cshape_area%2Cshape_length%2Cstation_desc%2Clast_update_date&returnGeometry=true&outSR=4326&f=geojson,בינונית,"תוקן placeholder: הצמד המקורי זהה אצל 197 פרויקטים; הוזז 2.9 ק״מ למקור המפורט. בדיקה אנושית למגרש יחיד: תכנית 101-1133180 כוללת 2 תאי מגורים (2;3); הנקודה נמצאת בתוך איחוד תאי המגורים הרשמיים, אך אין בעמוד הוכחה איזה תא הוא הפרויקט."
%d7%a9%d7%9c%d7%95%d7%9d-%d7%99%d7%94%d7%95%d7%93%d7%94-%d7%93%d7%a8%d7%9a-%d7%97%d7%91%d7%a8%d7%95%d7%9f,31.751990,35.220112,https://ags.iplan.gov.il/arcgisiplan/rest/services/PlanningPublic/Xplan/MapServer/4/query?where=mp_id%3D1005240844+AND+%28mavat_name+LIKE+%27%25%D7%9E%D7%92%D7%95%D7%A8%D7%99%D7%9D%25%27+OR+mavat_name+LIKE+%27%25%D7%93%D7%99%D7%95%D7%A8%25%27%29&outFields=mp_id%2Cpl_id%2Cpl_number%2Cpl_name%2Cnum%2Cmavat_code%2Cmavat_name%2Clegal_area%2Cshape_area%2Cshape_length%2Cstation_desc%2Clast_update_date&returnGeometry=true&outSR=4326&f=geojson,גבוהה,תוקן placeholder: הצמד המקורי זהה אצל 197 פרויקטים; הוזז 3.0 ק״מ למקור המפורט. אומת מול תא מגורים רשמי יחיד 1 בתכנית 101-1115294; הנקודה בתוך התא הרשמי.
%d7%91%d7%a8-%d7%9b%d7%95%d7%9b%d7%91%d7%90-18-24,31.807099,35.238234,https://ags.iplan.gov.il/arcgisiplan/rest/services/PlanningPublic/Xplan/MapServer/4/query?where=mp_id%3D1005216138+AND+%28mavat_name+LIKE+%27%25%D7%9E%D7%92%D7%95%D7%A8%D7%99%D7%9D%25%27+OR+mavat_name+LIKE+%27%25%D7%93%D7%99%D7%95%D7%A8%25%27%29&outFields=mp_id%2Cpl_id%2Cpl_number%2Cpl_name%2Cnum%2Cmavat_code%2Cmavat_name%2Clegal_area%2Cshape_area%2Cshape_length%2Cstation_desc%2Clast_update_date&returnGeometry=true&outSR=4326&f=geojson,בינונית,"תוקן placeholder: הצמד המקורי זהה אצל 197 פרויקטים; הוזז 3.4 ק״מ למקור המפורט. בדיקה אנושית למגרש יחיד: תכנית 101-1074848 כוללת 2 תאי מגורים (1;2); הנקודה נמצאת בתוך איחוד תאי המגורים הרשמיים, אך אין בעמוד הוכחה איזה תא הוא הפרויקט."
%d7%a7%d7%a9%d7%aa-%d7%92%d7%99%d7%aa%d7%99%d7%aa-%d7%9e%d7%a9%d7%92%d7%91-%d7%a2%d7%9d,32.041813,34.774629,https://ags.iplan.gov.il/arcgisiplan/rest/services/PlanningPublic/Xplan/MapServer/4/query?where=mp_id%3D5005219432+AND+%28mavat_name+LIKE+%27%25%D7%9E%D7%92%D7%95%D7%A8%D7%99%D7%9D%25%27+OR+mavat_name+LIKE+%27%25%D7%93%D7%99%D7%95%D7%A8%25%27%29&outFields=mp_id%2Cpl_id%2Cpl_number%2Cpl_name%2Cnum%2Cmavat_code%2Cmavat_name%2Clegal_area%2Cshape_area%2Cshape_length%2Cstation_desc%2Clast_update_date&returnGeometry=true&outSR=4326&f=geojson,בינונית,"תוקן placeholder: הצמד המקורי זהה אצל 57 פרויקטים; הוזז 4.9 ק״מ למקור המפורט. בדיקה אנושית למגרש יחיד: תכנית 507-1080035 כוללת 3 תאי מגורים (401;402;403); הנקודה נמצאת בתוך איחוד תאי המגורים הרשמיים, אך אין בעמוד הוכחה איזה תא הוא הפרויקט."
%d7%94%d7%aa%d7%95%d7%aa%d7%97%d7%a0%d7%99%d7%9d-9-17,32.030564,34.761341,https://ags.iplan.gov.il/arcgisiplan/rest/services/PlanningPublic/Xplan/MapServer/4/query?where=mp_id%3D5005320284+AND+%28mavat_name+LIKE+%27%25%D7%9E%D7%92%D7%95%D7%A8%D7%99%D7%9D%25%27+OR+mavat_name+LIKE+%27%25%D7%93%D7%99%D7%95%D7%A8%25%27%29&outFields=mp_id%2Cpl_id%2Cpl_number%2Cpl_name%2Cnum%2Cmavat_code%2Cmavat_name%2Clegal_area%2Cshape_area%2Cshape_length%2Cstation_desc%2Clast_update_date&returnGeometry=true&outSR=4326&f=geojson,בינונית,"תוקן placeholder: הצמד המקורי זהה אצל 25 פרויקטים; הוזז 2.2 ק״מ למקור המפורט. בדיקה אנושית למגרש יחיד: תכנית 505-1239946 כוללת 2 תאי מגורים (145;146); הנקודה נמצאת בתוך איחוד תאי המגורים הרשמיים, אך אין בעמוד הוכחה איזה תא הוא הפרויקט."
%d7%a8%d7%92-1865-%d7%92%d7%95%d7%a8%d7%99-%d7%99%d7%94%d7%95%d7%93%d7%94-2468,32.078932,34.821128,https://ags.iplan.gov.il/arcgisiplan/rest/services/PlanningPublic/Xplan/MapServer/4/query?where=mp_id%3D5005200006+AND+%28mavat_name+LIKE+%27%25%D7%9E%D7%92%D7%95%D7%A8%D7%99%D7%9D%25%27+OR+mavat_name+LIKE+%27%25%D7%93%D7%99%D7%95%D7%A8%25%27%29&outFields=mp_id%2Cpl_id%2Cpl_number%2Cpl_name%2Cnum%2Cmavat_code%2Cmavat_name%2Clegal_area%2Cshape_area%2Cshape_length%2Cstation_desc%2Clast_update_date&returnGeometry=true&outSR=4326&f=geojson,גבוהה,תוקן placeholder: הצמד המקורי זהה אצל 76 פרויקטים; הוזז 1.2 ק״מ למקור המפורט. אומת מול תא מגורים רשמי יחיד 1 בתכנית 506-1047059; הנקודה בתוך התא הרשמי.
%d7%93%d7%a8%d7%9a-%d7%97%d7%91%d7%a8%d7%95%d7%9f-%d7%94%d7%92%d7%93%d7%95%d7%9c,31.745779,35.215973,https://ags.iplan.gov.il/arcgisiplan/rest/services/PlanningPublic/Xplan/MapServer/1/query?where=mp_id%3D1001017747&outFields=mp_id%2Cpl_id%2Cpl_number%2Cpl_name%2Cpl_url%2Cstation_desc%2Clast_update_date%2Cpl_area_dunam%2Cshape_area%2Cshape_length&returnGeometry=true&outSR=4326&f=geojson,נמוכה,"תוקן placeholder: הצמד המקורי זהה אצל 197 פרויקטים; הוזז 3.8 ק״מ למקור המפורט. בדיקה אנושית: אותר גבול רשמי של תכנית 101-0771600, אך לא אותר תא מגורים/מגרש יחיד. הנקודה בתוך גבול התכנית בלבד."
%d7%9b%d7%a3-%d7%94%d7%97%d7%99%d7%99%d7%9d,31.844274,35.240729,https://ags.iplan.gov.il/arcgisiplan/rest/services/PlanningPublic/Xplan/MapServer/4/query?where=mp_id%3D1005361058+AND+%28mavat_name+LIKE+%27%25%D7%9E%D7%92%D7%95%D7%A8%D7%99%D7%9D%25%27+OR+mavat_name+LIKE+%27%25%D7%93%D7%99%D7%95%D7%A8%25%27%29&outFields=mp_id%2Cpl_id%2Cpl_number%2Cpl_name%2Cnum%2Cmavat_code%2Cmavat_name%2Clegal_area%2Cshape_area%2Cshape_length%2Cstation_desc%2Clast_update_date&returnGeometry=true&outSR=4326&f=geojson,גבוהה,תוקן placeholder: הצמד המקורי זהה אצל 197 פרויקטים; הוזז 7.4 ק״מ למקור המפורט. אומת מול תא מגורים רשמי יחיד 101 בתכנית 101-1304344; הנקודה בתוך התא הרשמי.
%d7%94%d7%a8%d7%a6%d7%9c-%d7%a2%d7%99%d7%9f-%d7%94%d7%a7%d7%95%d7%a8%d7%90,31.965389,34.802347,https://ags.iplan.gov.il/arcgisiplan/rest/services/PlanningPublic/Xplan/MapServer/4/query?where=mp_id%3D4000927053+AND+%28mavat_name+LIKE+%27%25%D7%9E%D7%92%D7%95%D7%A8%D7%99%D7%9D%25%27+OR+mavat_name+LIKE+%27%25%D7%93%D7%99%D7%95%D7%A8%25%27%29&outFields=mp_id%2Cpl_id%2Cpl_number%2Cpl_name%2Cnum%2Cmavat_code%2Cmavat_name%2Clegal_area%2Cshape_area%2Cshape_length%2Cstation_desc%2Clast_update_date&returnGeometry=true&outSR=4326&f=geojson,בינונית,"תוקן placeholder: הצמד המקורי זהה אצל 19 פרויקטים; הוזז 760 מ׳ למקור המפורט. בדיקה אנושית למגרש יחיד: תכנית 413-0624361 כוללת 2 תאי מגורים (1;2); הנקודה נמצאת בתוך איחוד תאי המגורים הרשמיים, אך אין בעמוד הוכחה איזה תא הוא הפרויקט."
%d7%9e%d7%aa%d7%97%d7%9d-%d7%a8%d7%97%d7%95%d7%91-%d7%99%d7%a8%d7%95%d7%a9%d7%9c%d7%99%d7%9d,31.962166,34.814862,https://ags.iplan.gov.il/arcgisiplan/rest/services/PlanningPublic/Xplan/MapServer/4/query?where=mp_id%3D4005094722+AND+%28mavat_name+LIKE+%27%25%D7%9E%D7%92%D7%95%D7%A8%D7%99%D7%9D%25%27+OR+mavat_name+LIKE+%27%25%D7%93%D7%99%D7%95%D7%A8%25%27%29&outFields=mp_id%2Cpl_id%2Cpl_number%2Cpl_name%2Cnum%2Cmavat_code%2Cmavat_name%2Clegal_area%2Cshape_area%2Cshape_length%2Cstation_desc%2Clast_update_date&returnGeometry=true&outSR=4326&f=geojson,בינונית,"תוקן placeholder: הצמד המקורי זהה אצל 19 פרויקטים; הוזז 474 מ׳ למקור המפורט. בדיקה אנושית למגרש יחיד: תכנית 413-0900753 כוללת 2 תאי מגורים (400;401); הנקודה נמצאת בתוך איחוד תאי המגורים הרשמיים, אך אין בעמוד הוכחה איזה תא הוא הפרויקט."
%d7%9e%d7%aa%d7%97%d7%9d-%d7%90%d7%9c%d7%a7%d7%9c%d7%a2%d7%99,31.963438,34.810992,https://ags.iplan.gov.il/arcgisiplan/rest/services/PlanningPublic/Xplan/MapServer/4/query?where=mp_id%3D4005294288+AND+%28mavat_name+LIKE+%27%25%D7%9E%D7%92%D7%95%D7%A8%D7%99%D7%9D%25%27+OR+mavat_name+LIKE+%27%25%D7%93%D7%99%D7%95%D7%A8%25%27%29&outFields=mp_id%2Cpl_id%2Cpl_number%2Cpl_name%2Cnum%2Cmavat_code%2Cmavat_name%2Clegal_area%2Cshape_area%2Cshape_length%2Cstation_desc%2Clast_update_date&returnGeometry=true&outSR=4326&f=geojson,בינונית,"תוקן placeholder: הצמד המקורי זהה אצל 19 פרויקטים; הוזז 84 מ׳ למקור המפורט. בדיקה אנושית למגרש יחיד: תכנית 413-1202191 כוללת 3 תאי מגורים (1;2;3); הנקודה נמצאת בתוך איחוד תאי המגורים הרשמיים, אך אין בעמוד הוכחה איזה תא הוא הפרויקט."
%d7%a9%d7%93%d7%a8%d7%95%d7%aa-%d7%94%d7%a8%d7%a6%d7%9c-97,31.781543,35.189390,https://ags.iplan.gov.il/arcgisiplan/rest/services/PlanningPublic/Xplan/MapServer/4/query?where=mp_id%3D1005151700+AND+%28mavat_name+LIKE+%27%25%D7%9E%D7%92%D7%95%D7%A8%D7%99%D7%9D%25%27+OR+mavat_name+LIKE+%27%25%D7%93%D7%99%D7%95%D7%A8%25%27%29&outFields=mp_id%2Cpl_id%2Cpl_number%2Cpl_name%2Cnum%2Cmavat_code%2Cmavat_name%2Clegal_area%2Cshape_area%2Cshape_length%2Cstation_desc%2Clast_update_date&returnGeometry=true&outSR=4326&f=geojson,גבוהה,תוקן placeholder: הצמד המקורי זהה אצל 197 פרויקטים; הוזז 3.5 ק״מ למקור המפורט. אומת מול תא מגורים רשמי יחיד 1 בתכנית 101-0995183; הנקודה בתוך התא הרשמי.
%d7%a7%d7%95%d7%a1%d7%98%d7%94-%d7%a8%d7%99%d7%a7%d7%94-22-24,31.753263,35.172609,https://ags.iplan.gov.il/arcgisiplan/rest/services/PlanningPublic/Xplan/MapServer/4/query?where=mp_id%3D1005219264+AND+%28mavat_name+LIKE+%27%25%D7%9E%D7%92%D7%95%D7%A8%D7%99%D7%9D%25%27+OR+mavat_name+LIKE+%27%25%D7%93%D7%99%D7%95%D7%A8%25%27%29&outFields=mp_id%2Cpl_id%2Cpl_number%2Cpl_name%2Cnum%2Cmavat_code%2Cmavat_name%2Clegal_area%2Cshape_area%2Cshape_length%2Cstation_desc%2Clast_update_date&returnGeometry=true&outSR=4326&f=geojson,גבוהה,תוקן placeholder: הצמד המקורי זהה אצל 197 פרויקטים; הוזז 5.8 ק״מ למקור המפורט. אומת מול תא מגורים רשמי יחיד 1 בתכנית 101-1079771; הנקודה בתוך התא הרשמי.
%d7%a1%d7%9f-%d7%9e%d7%a8%d7%98%d7%99%d7%9f-4-6,31.755944,35.193486,https://ags.iplan.gov.il/arcgisiplan/rest/services/PlanningPublic/Xplan/MapServer/1/query?where=mp_id%3D1005213134&outFields=mp_id%2Cpl_id%2Cpl_number%2Cpl_name%2Cpl_url%2Cstation_desc%2Clast_update_date%2Cpl_area_dunam%2Cshape_area%2Cshape_length&returnGeometry=true&outSR=4326&f=geojson,נמוכה,"תוקן placeholder: הצמד המקורי זהה אצל 197 פרויקטים; הוזז 4.0 ק״מ למקור המפורט. בדיקה אנושית: אותר גבול רשמי של תכנית 101-1069764, אך לא אותר תא מגורים/מגרש יחיד. הנקודה בתוך גבול התכנית בלבד."
%d7%91%d7%9f-%d7%96%d7%9b%d7%90%d7%99-31,31.758346,35.207958,https://ags.iplan.gov.il/arcgisiplan/rest/services/PlanningPublic/Xplan/MapServer/1/query?where=mp_id%3D1005186454&outFields=mp_id%2Cpl_id%2Cpl_number%2Cpl_name%2Cpl_url%2Cstation_desc%2Clast_update_date%2Cpl_area_dunam%2Cshape_area%2Cshape_length&returnGeometry=true&outSR=4326&f=geojson,נמוכה,"תוקן placeholder: הצמד המקורי זהה אצל 197 פרויקטים; הוזז 2.8 ק״מ למקור המפורט. בדיקה אנושית: אותר גבול רשמי של תכנית 101-1025295, אך לא אותר תא מגורים/מגרש יחיד. הנקודה בתוך גבול התכנית בלבד."
%d7%94%d7%a8%d7%a6%d7%9c-54-58-%d7%a8%d7%91-%d7%a6%d7%a2%d7%99%d7%a8-3-5%d7%a3-%d7%94%d7%91%d7%a8%d7%95%d7%9f-%d7%94%d7%99%d7%a8%d7%a9-3,31.783405,35.193938,https://ags.iplan.gov.il/arcgisiplan/rest/services/PlanningPublic/Xplan/MapServer/4/query?where=mp_id%3D1005184392+AND+%28mavat_name+LIKE+%27%25%D7%9E%D7%92%D7%95%D7%A8%D7%99%D7%9D%25%27+OR+mavat_name+LIKE+%27%25%D7%93%D7%99%D7%95%D7%A8%25%27%29&outFields=mp_id%2Cpl_id%2Cpl_number%2Cpl_name%2Cnum%2Cmavat_code%2Cmavat_name%2Clegal_area%2Cshape_area%2Cshape_length%2Cstation_desc%2Clast_update_date&returnGeometry=true&outSR=4326&f=geojson,בינונית,"תוקן placeholder: הצמד המקורי זהה אצל 197 פרויקטים; הוזז 3.1 ק״מ למקור המפורט. בדיקה אנושית למגרש יחיד: תכנית 101-1021278 כוללת 2 תאי מגורים (1;2); הנקודה נמצאת בתוך איחוד תאי המגורים הרשמיים, אך אין בעמוד הוכחה איזה תא הוא הפרויקט."
%d7%a9%d7%9e%d7%a2%d7%95%d7%a0%d7%99-30-32,31.764069,35.201820,https://ags.iplan.gov.il/arcgisiplan/rest/services/PlanningPublic/Xplan/MapServer/4/query?where=mp_id%3D1005218424+AND+%28mavat_name+LIKE+%27%25%D7%9E%D7%92%D7%95%D7%A8%D7%99%D7%9D%25%27+OR+mavat_name+LIKE+%27%25%D7%93%D7%99%D7%95%D7%A8%25%27%29&outFields=mp_id%2Cpl_id%2Cpl_number%2Cpl_name%2Cnum%2Cmavat_code%2Cmavat_name%2Clegal_area%2Cshape_area%2Cshape_length%2Cstation_desc%2Clast_update_date&returnGeometry=true&outSR=4326&f=geojson,בינונית,"תוקן placeholder: הצמד המקורי זהה אצל 197 פרויקטים; הוזז 2.8 ק״מ למקור המפורט. בדיקה אנושית למגרש יחיד: תכנית 101-1078476 כוללת 2 תאי מגורים (1;2); הנקודה נמצאת בתוך איחוד תאי המגורים הרשמיים, אך אין בעמוד הוכחה איזה תא הוא הפרויקט."
%d7%9e%d7%a9%d7%95%d7%9c%d7%a9-%d7%a4%d7%aa,31.752753,35.199896,https://ags.iplan.gov.il/arcgisiplan/rest/services/PlanningPublic/Xplan/MapServer/4/query?where=mp_id%3D1005245172+AND+%28mavat_name+LIKE+%27%25%D7%9E%D7%92%D7%95%D7%A8%D7%99%D7%9D%25%27+OR+mavat_name+LIKE+%27%25%D7%93%D7%99%D7%95%D7%A8%25%27%29&outFields=mp_id%2Cpl_id%2Cpl_number%2Cpl_name%2Cnum%2Cmavat_code%2Cmavat_name%2Clegal_area%2Cshape_area%2Cshape_length%2Cstation_desc%2Clast_update_date&returnGeometry=true&outSR=4326&f=geojson,בינונית,"תוקן placeholder: הצמד המקורי זהה אצל 197 פרויקטים; הוזז 3.8 ק״מ למקור המפורט. בדיקה אנושית למגרש יחיד: תכנית 101-1121920 כוללת 3 תאי מגורים (1;2;3); הנקודה נמצאת בתוך איחוד תאי המגורים הרשמיים, אך אין בעמוד הוכחה איזה תא הוא הפרויקט."
%d7%a2%d7%9e%d7%a7-%d7%a8%d7%a4%d7%90%d7%99%d7%9d-59,31.760645,35.216764,https://ags.iplan.gov.il/arcgisiplan/rest/services/PlanningPublic/Xplan/MapServer/4/query?where=mp_id%3D1005359440+AND+%28mavat_name+LIKE+%27%25%D7%9E%D7%92%D7%95%D7%A8%D7%99%D7%9D%25%27+OR+mavat_name+LIKE+%27%25%D7%93%D7%99%D7%95%D7%A8%25%27%29&outFields=mp_id%2Cpl_id%2Cpl_number%2Cpl_name%2Cnum%2Cmavat_code%2Cmavat_name%2Clegal_area%2Cshape_area%2Cshape_length%2Cstation_desc%2Clast_update_date&returnGeometry=true&outSR=4326&f=geojson,גבוהה,תוקן placeholder: הצמד המקורי זהה אצל 197 פרויקטים; הוזז 2.2 ק״מ למקור המפורט. אומת מול תא מגורים רשמי יחיד 101 בתכנית 101-1301753; הנקודה בתוך התא הרשמי.
%d7%93%d7%92%d7%a0%d7%99%d7%94,31.970294,34.810728,https://mavat.iplan.gov.il/SV4/1/4060858/310,בינונית,"תוקן placeholder: הצמד המקורי זהה אצל 19 פרויקטים; הוזז 750 מ׳ למקור המפורט. אותר קו כחול רשמי ב-GovMap לתכנית רצ/ 1/ 8/ 52; לא אותרה חלקה/תא מגורים יחיד, ולכן הנקודה בתוך גבול התכנית ואינה הוכחה למגרש מסוים."
%d7%a6%d7%91%d7%99%d7%94-%d7%95%d7%99%d7%a6%d7%97%d7%a7,31.730292,35.187954,https://ags.iplan.gov.il/arcgisiplan/rest/services/PlanningPublic/Xplan/MapServer/4/query?where=mp_id%3D1005221118+AND+%28mavat_name+LIKE+%27%25%D7%9E%D7%92%D7%95%D7%A8%D7%99%D7%9D%25%27+OR+mavat_name+LIKE+%27%25%D7%93%D7%99%D7%95%D7%A8%25%27%29&outFields=mp_id%2Cpl_id%2Cpl_number%2Cpl_name%2Cnum%2Cmavat_code%2Cmavat_name%2Clegal_area%2Cshape_area%2Cshape_length%2Cstation_desc%2Clast_update_date&returnGeometry=true&outSR=4326&f=geojson,בינונית,"תוקן placeholder: הצמד המקורי זהה אצל 197 פרויקטים; הוזז 6.5 ק״מ למקור המפורט. בדיקה אנושית למגרש יחיד: תכנית 101-1082809 כוללת 2 תאי מגורים (1;2); הנקודה נמצאת בתוך איחוד תאי המגורים הרשמיים, אך אין בעמוד הוכחה איזה תא הוא הפרויקט."
%d7%a9%d7%93-%d7%91%d7%9f-%d7%a6%d7%91%d7%99,32.295017,34.852439,https://ags.iplan.gov.il/arcgisiplan/rest/services/PlanningPublic/Xplan/MapServer/4/query?where=mp_id%3D4005101770+AND+%28mavat_name+LIKE+%27%25%D7%9E%D7%92%D7%95%D7%A8%D7%99%D7%9D%25%27+OR+mavat_name+LIKE+%27%25%D7%93%D7%99%D7%95%D7%A8%25%27%29&outFields=mp_id%2Cpl_id%2Cpl_number%2Cpl_name%2Cnum%2Cmavat_code%2Cmavat_name%2Clegal_area%2Cshape_area%2Cshape_length%2Cstation_desc%2Clast_update_date&returnGeometry=true&outSR=4326&f=geojson,בינונית,"תוקן placeholder: הצמד המקורי זהה אצל 40 פרויקטים; הוזז 3.8 ק״מ למקור המפורט. בדיקה אנושית למגרש יחיד: תכנית 408-0912956 כוללת 4 תאי מגורים (1;2;3;4); הנקודה נמצאת בתוך איחוד תאי המגורים הרשמיים, אך אין בעמוד הוכחה איזה תא הוא הפרויקט."
%d7%a0%d7%92%d7%91-%d7%92%d7%9c%d7%99%d7%9c-%d7%99%d7%a8%d7%95%d7%a9%d7%9c%d7%99%d7%9d,32.324120,34.853756,https://ags.iplan.gov.il/arcgisiplan/rest/services/PlanningPublic/Xplan/MapServer/4/query?where=mp_id%3D4005241810+AND+%28mavat_name+LIKE+%27%25%D7%9E%D7%92%D7%95%D7%A8%D7%99%D7%9D%25%27+OR+mavat_name+LIKE+%27%25%D7%93%D7%99%D7%95%D7%A8%25%27%29&outFields=mp_id%2Cpl_id%2Cpl_number%2Cpl_name%2Cnum%2Cmavat_code%2Cmavat_name%2Clegal_area%2Cshape_area%2Cshape_length%2Cstation_desc%2Clast_update_date&returnGeometry=true&outSR=4326&f=geojson,גבוהה,תוקן placeholder: הצמד המקורי זהה אצל 40 פרויקטים; הוזז 568 מ׳ למקור המפורט. אומת מול תא מגורים רשמי יחיד 1 בתכנית 408-1117050; הנקודה בתוך התא הרשמי.
%d7%99%d7%93%d7%a2-%d7%a2%d7%9d,32.089520,34.802119,https://ags.iplan.gov.il/arcgisiplan/rest/services/PlanningPublic/Xplan/MapServer/4/query?where=mp_id%3D5005130932+AND+%28mavat_name+LIKE+%27%25%D7%9E%D7%92%D7%95%D7%A8%D7%99%D7%9D%25%27+OR+mavat_name+LIKE+%27%25%D7%93%D7%99%D7%95%D7%A8%25%27%29&outFields=mp_id%2Cpl_id%2Cpl_number%2Cpl_name%2Cnum%2Cmavat_code%2Cmavat_name%2Clegal_area%2Cshape_area%2Cshape_length%2Cstation_desc%2Clast_update_date&returnGeometry=true&outSR=4326&f=geojson,גבוהה,תוקן placeholder: הצמד המקורי זהה אצל 76 פרויקטים; הוזז 3.1 ק״מ למקור המפורט. אומת מול תא מגורים רשמי יחיד 101 בתכנית 506-0961169; הנקודה בתוך התא הרשמי.
%d7%a0%d7%95%d7%95%d7%94-%d7%90%d7%9c%d7%99%d7%a2%d7%96%d7%a8,32.415298,34.953802,https://ags.iplan.gov.il/arcgisiplan/rest/services/PlanningPublic/Xplan/MapServer/4/query?where=mp_id%3D3005306556+AND+%28mavat_name+LIKE+%27%25%D7%9E%D7%92%D7%95%D7%A8%D7%99%D7%9D%25%27+OR+mavat_name+LIKE+%27%25%D7%93%D7%99%D7%95%D7%A8%25%27%29&outFields=mp_id%2Cpl_id%2Cpl_number%2Cpl_name%2Cnum%2Cmavat_code%2Cmavat_name%2Clegal_area%2Cshape_area%2Cshape_length%2Cstation_desc%2Clast_update_date&returnGeometry=true&outSR=4326&f=geojson,בינונית,"תוקן placeholder: הצמד המקורי זהה אצל 21 פרויקטים; הוזז 3.1 ק״מ למקור המפורט. בדיקה אנושית למגרש יחיד: תכנית 302-1218403 כוללת 6 תאי מגורים (100;101;102;103;104;105); הנקודה נמצאת בתוך איחוד תאי המגורים הרשמיים, אך אין בעמוד הוכחה איזה תא הוא הפרויקט."
%d7%a7%d7%95%d7%9c%d7%95%d7%9e%d7%91%d7%99%d7%94-6-10,31.758673,35.167268,https://ags.iplan.gov.il/arcgisiplan/rest/services/PlanningPublic/Xplan/MapServer/4/query?where=mp_id%3D1005214716+AND+%28mavat_name+LIKE+%27%25%D7%9E%D7%92%D7%95%D7%A8%D7%99%D7%9D%25%27+OR+mavat_name+LIKE+%27%25%D7%93%D7%99%D7%95%D7%A8%25%27%29&outFields=mp_id%2Cpl_id%2Cpl_number%2Cpl_name%2Cnum%2Cmavat_code%2Cmavat_name%2Clegal_area%2Cshape_area%2Cshape_length%2Cstation_desc%2Clast_update_date&returnGeometry=true&outSR=4326&f=geojson,בינונית,"תוקן placeholder: הצמד המקורי זהה אצל 197 פרויקטים; הוזז 6.0 ק״מ למקור המפורט. בדיקה אנושית למגרש יחיד: תכנית 101-1072446 כוללת 2 תאי מגורים (1;2); הנקודה נמצאת בתוך איחוד תאי המגורים הרשמיים, אך אין בעמוד הוכחה איזה תא הוא הפרויקט."
%d7%90%d7%91%d7%90-%d7%94%d7%9c%d7%9c-%d7%a8%d7%9e%d7%aa-%d7%95%d7%a8%d7%91%d7%a8,32.090583,34.870462,https://ags.iplan.gov.il/arcgisiplan/rest/services/PlanningPublic/Xplan/MapServer/4/query?where=mp_id%3D4005094772+AND+%28mavat_name+LIKE+%27%25%D7%9E%D7%92%D7%95%D7%A8%D7%99%D7%9D%25%27+OR+mavat_name+LIKE+%27%25%D7%93%D7%99%D7%95%D7%A8%25%27%29&outFields=mp_id%2Cpl_id%2Cpl_number%2Cpl_name%2Cnum%2Cmavat_code%2Cmavat_name%2Clegal_area%2Cshape_area%2Cshape_length%2Cstation_desc%2Clast_update_date&returnGeometry=true&outSR=4326&f=geojson,גבוהה,תוקן placeholder: הצמד המקורי זהה אצל 37 פרויקטים; הוזז 1.5 ק״מ למקור המפורט. אומת מול תא מגורים רשמי יחיד 2A בתכנית 410-0900845; הנקודה בתוך התא הרשמי.
%d7%9e%d7%95%d7%a6%d7%a7%d7%99%d7%9f-%d7%a8%d7%95%d7%a4%d7%99%d7%9f,32.092192,34.878980,https://ags.iplan.gov.il/arcgisiplan/rest/services/PlanningPublic/Xplan/MapServer/4/query?where=mp_id%3D4005131590+AND+%28mavat_name+LIKE+%27%25%D7%9E%D7%92%D7%95%D7%A8%D7%99%D7%9D%25%27+OR+mavat_name+LIKE+%27%25%D7%93%D7%99%D7%95%D7%A8%25%27%29&outFields=mp_id%2Cpl_id%2Cpl_number%2Cpl_name%2Cnum%2Cmavat_code%2Cmavat_name%2Clegal_area%2Cshape_area%2Cshape_length%2Cstation_desc%2Clast_update_date&returnGeometry=true&outSR=4326&f=geojson,גבוהה,תוקן placeholder: הצמד המקורי זהה אצל 37 פרויקטים; הוזז 824 מ׳ למקור המפורט. אומת מול תא מגורים רשמי יחיד 1 בתכנית 410-0962290; הנקודה בתוך התא הרשמי.
%d7%9e%d7%aa%d7%97%d7%9d-%d7%94%d7%a8%d7%a9%d7%95%d7%aa,32.159517,34.894864,https://mavat.iplan.gov.il/SV4/1/4005156104/310,גבוהה,תוקן placeholder: הצמד המקורי זהה אצל 6 פרויקטים; הוזז 407 מ׳ למקור המפורט. מתחם הרשות בהוד השרון זהה במדויק ובעל התאמה ייחודית בעיר. הנקודה חושבה מתוך גבול התכנית הרשמי ונבדקה כנמצאת בתוכו.
%d7%aa%d7%90-%d7%9e%d7%a7-5069-%d7%93%d7%a8%d7%9a-%d7%94%d7%a9%d7%9c%d7%95%d7%9d-77-85,32.064668,34.803625,https://ags.iplan.gov.il/arcgisiplan/rest/services/PlanningPublic/Xplan/MapServer/4/query?where=mp_id%3D5005108812+AND+%28mavat_name+LIKE+%27%25%D7%9E%D7%92%D7%95%D7%A8%D7%99%D7%9D%25%27+OR+mavat_name+LIKE+%27%25%D7%93%D7%99%D7%95%D7%A8%25%27%29&outFields=mp_id%2Cpl_id%2Cpl_number%2Cpl_name%2Cnum%2Cmavat_code%2Cmavat_name%2Clegal_area%2Cshape_area%2Cshape_length%2Cstation_desc%2Clast_update_date&returnGeometry=true&outSR=4326&f=geojson,גבוהה,תוקן placeholder: הצמד המקורי זהה אצל 57 פרויקטים; הוזז 3.1 ק״מ למקור המפורט. אומת מול תא מגורים רשמי יחיד 1A בתכנית 507-0923904; הנקודה בתוך התא הרשמי.
%d7%91%d7%a8-%d7%9b%d7%95%d7%9b%d7%91%d7%90-%d7%a4%d7%99%d7%a0%d7%aa-%d7%a1%d7%a2%d7%93%d7%99%d7%94-%d7%92%d7%90%d7%95%d7%9f,32.156351,34.836278,https://ags.iplan.gov.il/arcgisiplan/rest/services/PlanningPublic/Xplan/MapServer/4/query?where=mp_id%3D5005262642+AND+%28mavat_name+LIKE+%27%25%D7%9E%D7%92%D7%95%D7%A8%D7%99%D7%9D%25%27+OR+mavat_name+LIKE+%27%25%D7%93%D7%99%D7%95%D7%A8%25%27%29&outFields=mp_id%2Cpl_id%2Cpl_number%2Cpl_name%2Cnum%2Cmavat_code%2Cmavat_name%2Clegal_area%2Cshape_area%2Cshape_length%2Cstation_desc%2Clast_update_date&returnGeometry=true&outSR=4326&f=geojson,גבוהה,תוקן placeholder: הצמד המקורי זהה אצל 25 פרויקטים; הוזז 1.4 ק״מ למקור המפורט. אומת מול תא מגורים רשמי יחיד 100 בתכנית 504-1150143; הנקודה בתוך התא הרשמי.
%d7%94%d7%92%d7%9c%d7%91%d7%95%d7%a2%d7%99%d7%9d-142627,31.870666,34.751856,https://ags.iplan.gov.il/arcgisiplan/rest/services/PlanningPublic/Xplan/MapServer/4/query?where=mp_id%3D4005264602+AND+%28mavat_name+LIKE+%27%25%D7%9E%D7%92%D7%95%D7%A8%D7%99%D7%9D%25%27+OR+mavat_name+LIKE+%27%25%D7%93%D7%99%D7%95%D7%A8%25%27%29&outFields=mp_id%2Cpl_id%2Cpl_number%2Cpl_name%2Cnum%2Cmavat_code%2Cmavat_name%2Clegal_area%2Cshape_area%2Cshape_length%2Cstation_desc%2Clast_update_date&returnGeometry=true&outSR=4326&f=geojson,בינונית,"תוקן placeholder: הצמד המקורי זהה אצל 15 פרויקטים; הוזז 1.5 ק״מ למקור המפורט. בדיקה אנושית למגרש יחיד: תכנית 404-1153113 כוללת 3 תאי מגורים (140;141;142); הנקודה נמצאת בתוך איחוד תאי המגורים הרשמיים, אך אין בעמוד הוכחה איזה תא הוא הפרויקט."
%d7%9e%d7%aa%d7%97%d7%9d-%d7%91%d7%99%d7%90%d7%9c%d7%99%d7%a7-911,31.965291,34.801596,https://ags.iplan.gov.il/arcgisiplan/rest/services/PlanningPublic/Xplan/MapServer/4/query?where=mp_id%3D4005069706+AND+%28mavat_name+LIKE+%27%25%D7%9E%D7%92%D7%95%D7%A8%D7%99%D7%9D%25%27+OR+mavat_name+LIKE+%27%25%D7%93%D7%99%D7%95%D7%A8%25%27%29&outFields=mp_id%2Cpl_id%2Cpl_number%2Cpl_name%2Cnum%2Cmavat_code%2Cmavat_name%2Clegal_area%2Cshape_area%2Cshape_length%2Cstation_desc%2Clast_update_date&returnGeometry=true&outSR=4326&f=geojson,גבוהה,תוקן placeholder: הצמד המקורי זהה אצל 19 פרויקטים; הוזז 826 מ׳ למקור המפורט. אומת מול תא מגורים רשמי יחיד 1 בתכנית 413-0860734; הנקודה בתוך התא הרשמי.
%d7%92%d7%91%d7%a2%d7%aa-%d7%a7%d7%a0%d7%93%d7%99-%d7%95%d7%a2%d7%99%d7%9f-%d7%9b%d7%a8%d7%9e%d7%9c,32.687649,34.942195,https://ags.iplan.gov.il/arcgisiplan/rest/services/PlanningPublic/Xplan/MapServer/4/query?where=mp_id%3D99005102174+AND+%28mavat_name+LIKE+%27%25%D7%9E%D7%92%D7%95%D7%A8%D7%99%D7%9D%25%27+OR+mavat_name+LIKE+%27%25%D7%93%D7%99%D7%95%D7%A8%25%27%29&outFields=mp_id%2Cpl_id%2Cpl_number%2Cpl_name%2Cnum%2Cmavat_code%2Cmavat_name%2Clegal_area%2Cshape_area%2Cshape_length%2Cstation_desc%2Clast_update_date&returnGeometry=true&outSR=4326&f=geojson,בינונית,"תוקן מנקודת עיר כללית; הוזז 341 מ׳. בדיקה אנושית למגרש יחיד: תכנית תמל/ 2036 כוללת 10 תאי מגורים (65;66;67;72;73;74;77;114;115;216); הנקודה נמצאת בתוך איחוד תאי המגורים הרשמיים, אך אין בעמוד הוכחה איזה תא הוא הפרויקט."
%d7%9e%d7%a8%d7%9b%d7%96%d7%99-%d7%94%d7%a2%d7%99%d7%a8,31.952570,34.893367,https://ags.iplan.gov.il/arcgisiplan/rest/services/PlanningPublic/XplanNoKanam/MapServer/1/query?where=mp_id%3D99005335416+AND+%28mavat_name+LIKE+%27%25%D7%9E%D7%92%D7%95%D7%A8%D7%99%D7%9D%25%27+OR+mavat_name+LIKE+%27%25%D7%93%D7%99%D7%95%D7%A8%25%27%29&outFields=mp_id%2Cpl_id%2Cpl_number%2Cpl_name%2Cnum%2Cmavat_code%2Cmavat_name%2Clegal_area%2Cshape_area%2Cshape_length%2Cstation_desc%2Clast_update_date%2Cobjectid&returnGeometry=true&outSR=4326&f=geojson,גבוהה,תוקן placeholder: הצמד המקורי זהה אצל 13 פרויקטים; הוזז 615 מ׳ למקור המפורט. אומת מול תא מגורים רשמי יחיד 3 בתכנית תמל/ 2060; הנקודה בתוך התא הרשמי.
%d7%91%d7%a8%d7%a0%d7%a8-2-18,32.779373,35.005748,https://ags.iplan.gov.il/arcgisiplan/rest/services/PlanningPublic/Xplan/MapServer/4/query?where=mp_id%3D3005249998+AND+%28mavat_name+LIKE+%27%25%D7%9E%D7%92%D7%95%D7%A8%D7%99%D7%9D%25%27+OR+mavat_name+LIKE+%27%25%D7%93%D7%99%D7%95%D7%A8%25%27%29&outFields=mp_id%2Cpl_id%2Cpl_number%2Cpl_name%2Cnum%2Cmavat_code%2Cmavat_name%2Clegal_area%2Cshape_area%2Cshape_length%2Cstation_desc%2Clast_update_date&returnGeometry=true&outSR=4326&f=geojson,בינונית,"תוקן placeholder: הצמד המקורי זהה אצל 43 פרויקטים; הוזז 4.5 ק״מ למקור המפורט. בדיקה אנושית למגרש יחיד: תכנית 304-1129055 כוללת 3 תאי מגורים (96;97;98); הנקודה נמצאת בתוך איחוד תאי המגורים הרשמיים, אך אין בעמוד הוכחה איזה תא הוא הפרויקט."
%d7%a8%d7%92-1750-%d7%a8%d7%a9%d7%99-%d7%90%d7%91%d7%90-%d7%94%d7%9c%d7%9c-%d7%9e%d7%96%d7%a8%d7%97,32.093339,34.817817,https://ags.iplan.gov.il/arcgisiplan/rest/services/PlanningPublic/Xplan/MapServer/4/query?where=mp_id%3D5000432113+AND+%28mavat_name+LIKE+%27%25%D7%9E%D7%92%D7%95%D7%A8%D7%99%D7%9D%25%27+OR+mavat_name+LIKE+%27%25%D7%93%D7%99%D7%95%D7%A8%25%27%29&outFields=mp_id%2Cpl_id%2Cpl_number%2Cpl_name%2Cnum%2Cmavat_code%2Cmavat_name%2Clegal_area%2Cshape_area%2Cshape_length%2Cstation_desc%2Clast_update_date&returnGeometry=true&outSR=4326&f=geojson,גבוהה,תוקן placeholder: הצמד המקורי זהה אצל 76 פרויקטים; הוזז 2.8 ק״מ למקור המפורט. אומת מול תא מגורים רשמי יחיד 101 בתכנית 506-0460949; הנקודה בתוך התא הרשמי.
%d7%a8%d7%92-1851-%d7%a4%d7%a0%d7%97%d7%a1-%d7%a8%d7%95%d7%98%d7%a0%d7%91%d7%a8%d7%92-79-81-83-85-%d7%94%d7%aa%d7%97%d7%93%d7%a9%d7%95%d7%aa-%d7%a2%d7%99%d7%a8%d7%95%d7%a0%d7%99%d7%aa,32.063736,34.830651,https://ags.iplan.gov.il/arcgisiplan/rest/services/PlanningPublic/Xplan/MapServer/4/query?where=mp_id%3D5005054154+AND+%28mavat_name+LIKE+%27%25%D7%9E%D7%92%D7%95%D7%A8%D7%99%D7%9D%25%27+OR+mavat_name+LIKE+%27%25%D7%93%D7%99%D7%95%D7%A8%25%27%29&outFields=mp_id%2Cpl_id%2Cpl_number%2Cpl_name%2Cnum%2Cmavat_code%2Cmavat_name%2Clegal_area%2Cshape_area%2Cshape_length%2Cstation_desc%2Clast_update_date&returnGeometry=true&outSR=4326&f=geojson,גבוהה,תוקן placeholder: הצמד המקורי זהה אצל 76 פרויקטים; הוזז 787 מ׳ למקור המפורט. אומת מול תא מגורים רשמי יחיד 101 בתכנית 506-0832550; הנקודה בתוך התא הרשמי.
%d7%a8%d7%92-1850-%d7%90%d7%94%d7%a8%d7%95%d7%a0%d7%a1%d7%95%d7%9f-%d7%94%d7%99%d7%a8%d7%93%d7%9f-%d7%94%d7%aa%d7%97%d7%93%d7%a9%d7%95%d7%aa-%d7%a2%d7%99%d7%a8%d7%95%d7%a0%d7%99%d7%aa,32.060717,34.827843,https://ags.iplan.gov.il/arcgisiplan/rest/services/PlanningPublic/Xplan/MapServer/4/query?where=mp_id%3D5005144320+AND+%28mavat_name+LIKE+%27%25%D7%9E%D7%92%D7%95%D7%A8%D7%99%D7%9D%25%27+OR+mavat_name+LIKE+%27%25%D7%93%D7%99%D7%95%D7%A8%25%27%29&outFields=mp_id%2Cpl_id%2Cpl_number%2Cpl_name%2Cnum%2Cmavat_code%2Cmavat_name%2Clegal_area%2Cshape_area%2Cshape_length%2Cstation_desc%2Clast_update_date&returnGeometry=true&outSR=4326&f=geojson,בינונית,"תוקן placeholder: הצמד המקורי זהה אצל 76 פרויקטים; הוזז 935 מ׳ למקור המפורט. בדיקה אנושית למגרש יחיד: תכנית 506-0983502 כוללת 2 תאי מגורים (101;102); הנקודה נמצאת בתוך איחוד תאי המגורים הרשמיים, אך אין בעמוד הוכחה איזה תא הוא הפרויקט."
%d7%90%d7%91%d7%90-%d7%94%d7%9c%d7%9c-%d7%97%d7%a8%d7%95%d7%aa-%d7%94%d7%aa%d7%a7%d7%95%d7%95%d7%94-%d7%9e%d7%aa%d7%97%d7%9d-41,32.090568,34.812427,https://ags.iplan.gov.il/arcgisiplan/rest/services/PlanningPublic/Xplan/MapServer/4/query?where=mp_id%3D5005090412+AND+%28mavat_name+LIKE+%27%25%D7%9E%D7%92%D7%95%D7%A8%D7%99%D7%9D%25%27+OR+mavat_name+LIKE+%27%25%D7%93%D7%99%D7%95%D7%A8%25%27%29&outFields=mp_id%2Cpl_id%2Cpl_number%2Cpl_name%2Cnum%2Cmavat_code%2Cmavat_name%2Clegal_area%2Cshape_area%2Cshape_length%2Cstation_desc%2Clast_update_date&returnGeometry=true&outSR=4326&f=geojson,בינונית,"תוקן placeholder: הצמד המקורי זהה אצל 76 פרויקטים; הוזז 2.7 ק״מ למקור המפורט. בדיקה אנושית למגרש יחיד: תכנית 506-0893594 כוללת 2 תאי מגורים (1;2); הנקודה נמצאת בתוך איחוד תאי המגורים הרשמיים, אך אין בעמוד הוכחה איזה תא הוא הפרויקט."
%d7%a8%d7%92-1849-%d7%94%d7%aa%d7%97%d7%93%d7%a9%d7%95%d7%aa-%d7%a2%d7%99%d7%a8%d7%95%d7%a0%d7%99%d7%aa-%d7%aa%d7%a8%d7%a6%d7%94-%d7%99%d7%a8%d7%95%d7%a9%d7%9c%d7%99%d7%9d,32.074934,34.829161,https://ags.iplan.gov.il/arcgisiplan/rest/services/PlanningPublic/Xplan/MapServer/4/query?where=mp_id%3D5005103194+AND+%28mavat_name+LIKE+%27%25%D7%9E%D7%92%D7%95%D7%A8%D7%99%D7%9D%25%27+OR+mavat_name+LIKE+%27%25%D7%93%D7%99%D7%95%D7%A8%25%27%29&outFields=mp_id%2Cpl_id%2Cpl_number%2Cpl_name%2Cnum%2Cmavat_code%2Cmavat_name%2Clegal_area%2Cshape_area%2Cshape_length%2Cstation_desc%2Clast_update_date&returnGeometry=true&outSR=4326&f=geojson,גבוהה,תוקן placeholder: הצמד המקורי זהה אצל 76 פרויקטים; הוזז 813 מ׳ למקור המפורט. אומת מול תא מגורים רשמי יחיד 1 בתכנית 506-0915140; הנקודה בתוך התא הרשמי.
%d7%94%d7%92%d7%a4%d7%9f-8-10-%d7%a8%d7%92,32.088908,34.811476,https://ags.iplan.gov.il/arcgisiplan/rest/services/PlanningPublic/Xplan/MapServer/4/query?where=mp_id%3D5005067480+AND+%28mavat_name+LIKE+%27%25%D7%9E%D7%92%D7%95%D7%A8%D7%99%D7%9D%25%27+OR+mavat_name+LIKE+%27%25%D7%93%D7%99%D7%95%D7%A8%25%27%29&outFields=mp_id%2Cpl_id%2Cpl_number%2Cpl_name%2Cnum%2Cmavat_code%2Cmavat_name%2Clegal_area%2Cshape_area%2Cshape_length%2Cstation_desc%2Clast_update_date&returnGeometry=true&outSR=4326&f=geojson,גבוהה,תוקן placeholder: הצמד המקורי זהה אצל 76 פרויקטים; הוזז 2.6 ק״מ למקור המפורט. אומת מול תא מגורים רשמי יחיד 1 בתכנית 506-0855098; הנקודה בתוך התא הרשמי.
%d7%98%d7%91%d7%a0%d7%a7%d7%99%d7%9f-7-13-%d7%94%d7%aa%d7%97%d7%93%d7%a9%d7%95%d7%aa-%d7%a2%d7%99%d7%a8%d7%95%d7%a0%d7%99%d7%aa,32.061237,34.820155,https://ags.iplan.gov.il/arcgisiplan/rest/services/PlanningPublic/Xplan/MapServer/4/query?where=mp_id%3D5000640971+AND+%28mavat_name+LIKE+%27%25%D7%9E%D7%92%D7%95%D7%A8%D7%99%D7%9D%25%27+OR+mavat_name+LIKE+%27%25%D7%93%D7%99%D7%95%D7%A8%25%27%29&outFields=mp_id%2Cpl_id%2Cpl_number%2Cpl_name%2Cnum%2Cmavat_code%2Cmavat_name%2Clegal_area%2Cshape_area%2Cshape_length%2Cstation_desc%2Clast_update_date&returnGeometry=true&outSR=4326&f=geojson,גבוהה,תוקן placeholder: הצמד המקורי זהה אצל 76 פרויקטים; הוזז 932 מ׳ למקור המפורט. אומת מול תא מגורים רשמי יחיד 101 בתכנית 506-0494195; הנקודה בתוך התא הרשמי.
%d7%9e%d7%aa%d7%97%d7%9d-48-%d7%96%d7%91%d7%95%d7%98%d7%99%d7%a0%d7%a1%d7%a7%d7%99-89-99-%d7%9e%d7%95%d7%a8%d7%93%d7%99-%d7%94%d7%92%d7%98%d7%90%d7%95%d7%aa-11-13,32.088554,34.814280,https://ags.iplan.gov.il/arcgisiplan/rest/services/PlanningPublic/Xplan/MapServer/4/query?where=mp_id%3D5001017013+AND+%28mavat_name+LIKE+%27%25%D7%9E%D7%92%D7%95%D7%A8%D7%99%D7%9D%25%27+OR+mavat_name+LIKE+%27%25%D7%93%D7%99%D7%95%D7%A8%25%27%29&outFields=mp_id%2Cpl_id%2Cpl_number%2Cpl_name%2Cnum%2Cmavat_code%2Cmavat_name%2Clegal_area%2Cshape_area%2Cshape_length%2Cstation_desc%2Clast_update_date&returnGeometry=true&outSR=4326&f=geojson,בינונית,"תוקן placeholder: הצמד המקורי זהה אצל 76 פרויקטים; הוזז 2.4 ק״מ למקור המפורט. בדיקה אנושית למגרש יחיד: תכנית 506-0770594 כוללת 2 תאי מגורים (1;2); הנקודה נמצאת בתוך איחוד תאי המגורים הרשמיים, אך אין בעמוד הוכחה איזה תא הוא הפרויקט."
%d7%a8%d7%92-1811-%d7%a7%d7%a8%d7%99%d7%a0%d7%99%d7%a6%d7%99-109-111,32.088903,34.819943,https://mavat.iplan.gov.il/SV4/1/5000969891/310,גבוהה,"תוקן placeholder: הצמד המקורי זהה אצל 76 פרויקטים; הוזז 2.3 ק״מ למקור המפורט. מספר רג/1811 והכתובות קריניצי 109,111 זהים במדויק. הנקודה חושבה מתוך גבול התכנית הרשמי ונבדקה כנמצאת בתוכו."
%d7%9e%d7%aa%d7%97%d7%9d-37-%d7%90%d7%91%d7%90-%d7%94%d7%9c%d7%9c-%d7%a8%d7%95%d7%a7%d7%97-%d7%97%d7%99%d7%a8%d7%95%d7%aa-%d7%aa%d7%9b%d7%a0%d7%99%d7%aa-%d7%a8%d7%92-1767,32.089573,34.810239,https://ags.iplan.gov.il/arcgisiplan/rest/services/PlanningPublic/Xplan/MapServer/4/query?where=mp_id%3D5000339227+AND+%28mavat_name+LIKE+%27%25%D7%9E%D7%92%D7%95%D7%A8%D7%99%D7%9D%25%27+OR+mavat_name+LIKE+%27%25%D7%93%D7%99%D7%95%D7%A8%25%27%29&outFields=mp_id%2Cpl_id%2Cpl_number%2Cpl_name%2Cnum%2Cmavat_code%2Cmavat_name%2Clegal_area%2Cshape_area%2Cshape_length%2Cstation_desc%2Clast_update_date&returnGeometry=true&outSR=4326&f=geojson,גבוהה,תוקן placeholder: הצמד המקורי זהה אצל 76 פרויקטים; הוזז 2.7 ק״מ למקור המפורט. אומת מול תא מגורים רשמי יחיד 10 בתכנית 506-0275313; הנקודה בתוך התא הרשמי.
%d7%9e%d7%a8%d7%9b%d7%96-%d7%92%d7%99%d7%9c%d7%aa,31.264901,34.792952,https://ags.iplan.gov.il/arcgisiplan/rest/services/PlanningPublic/XplanNoKanam/MapServer/1/query?where=mp_id%3D6005264836+AND+%28mavat_name+LIKE+%27%25%D7%9E%D7%92%D7%95%D7%A8%D7%99%D7%9D%25%27+OR+mavat_name+LIKE+%27%25%D7%93%D7%99%D7%95%D7%A8%25%27%29&outFields=mp_id%2Cpl_id%2Cpl_number%2Cpl_name%2Cnum%2Cmavat_code%2Cmavat_name%2Clegal_area%2Cshape_area%2Cshape_length%2Cstation_desc%2Clast_update_date%2Cobjectid&returnGeometry=true&outSR=4326&f=geojson,גבוהה,תוקן placeholder: הצמד המקורי זהה אצל 13 פרויקטים; הוזז 2.1 ק״מ למקור המפורט. אומת מול תא מגורים רשמי יחיד 1 בתכנית 605-1153691; הנקודה בתוך התא הרשמי.
%d7%a9%d7%9c%d7%95%d7%9d-%d7%a2%d7%9c%d7%99%d7%9b%d7%9d,32.680018,35.234615,https://ags.iplan.gov.il/arcgisiplan/rest/services/PlanningPublic/XplanNoKanam/MapServer/1/query?where=mp_id%3D2005251560+AND+%28mavat_name+LIKE+%27%25%D7%9E%D7%92%D7%95%D7%A8%D7%99%D7%9D%25%27+OR+mavat_name+LIKE+%27%25%D7%93%D7%99%D7%95%D7%A8%25%27%29&outFields=mp_id%2Cpl_id%2Cpl_number%2Cpl_name%2Cnum%2Cmavat_code%2Cmavat_name%2Clegal_area%2Cshape_area%2Cshape_length%2Cstation_desc%2Clast_update_date%2Cobjectid&returnGeometry=true&outSR=4326&f=geojson,בינונית,"תוקן placeholder: הצמד המקורי זהה אצל 6 פרויקטים; הוזז 735 מ׳ למקור המפורט. בדיקה אנושית למגרש יחיד: תכנית 221-1131655 כוללת 2 תאי מגורים (101;102); הנקודה נמצאת בתוך איחוד תאי המגורים הרשמיים, אך אין בעמוד הוכחה איזה תא הוא הפרויקט."
%d7%9e%d7%a8%d7%9b%d7%96-%d7%97%d7%9f,31.254389,34.790339,https://ags.iplan.gov.il/arcgisiplan/rest/services/PlanningPublic/XplanNoKanam/MapServer/1/query?where=mp_id%3D6005265186+AND+%28mavat_name+LIKE+%27%25%D7%9E%D7%92%D7%95%D7%A8%D7%99%D7%9D%25%27+OR+mavat_name+LIKE+%27%25%D7%93%D7%99%D7%95%D7%A8%25%27%29&outFields=mp_id%2Cpl_id%2Cpl_number%2Cpl_name%2Cnum%2Cmavat_code%2Cmavat_name%2Clegal_area%2Cshape_area%2Cshape_length%2Cstation_desc%2Clast_update_date%2Cobjectid&returnGeometry=true&outSR=4326&f=geojson,גבוהה,תוקן placeholder: הצמד המקורי זהה אצל 13 פרויקטים; הוזז 983 מ׳ למקור המפורט. אומת מול תא מגורים רשמי יחיד 1 בתכנית 605-1154186; הנקודה בתוך התא הרשמי.
%d7%a0%d7%95%d7%a3-%d7%9c%d7%9b%d7%a8%d7%9e%d7%9c,32.657750,35.104206,https://ags.iplan.gov.il/arcgisiplan/rest/services/PlanningPublic/Xplan/MapServer/4/query?where=mp_id%3D99005274888+AND+%28mavat_name+LIKE+%27%25%D7%9E%D7%92%D7%95%D7%A8%D7%99%D7%9D%25%27+OR+mavat_name+LIKE+%27%25%D7%93%D7%99%D7%95%D7%A8%25%27%29&outFields=mp_id%2Cpl_id%2Cpl_number%2Cpl_name%2Cnum%2Cmavat_code%2Cmavat_name%2Clegal_area%2Cshape_area%2Cshape_length%2Cstation_desc%2Clast_update_date&returnGeometry=true&outSR=4326&f=geojson,בינונית,"תוקן placeholder: הצמד המקורי זהה אצל 4 פרויקטים; הוזז 1.4 ק״מ למקור המפורט. בדיקה אנושית למגרש יחיד: תכנית תמל/ 2052 כוללת 22 תאי מגורים (1;2;3;5;6;7;8;9;10;11;12;13;14;15;16;17;18;19;20;21;4A;4B); הנקודה נמצאת בתוך איחוד תאי המגורים הרשמיים, אך אין בעמוד הוכחה איזה תא הוא הפרויקט."
%d7%93%d7%a0%d7%99%d7%94-2,31.892661,34.821090,https://ags.iplan.gov.il/arcgisiplan/rest/services/PlanningPublic/Xplan/MapServer/4/query?where=mp_id%3D99005331070+AND+%28mavat_name+LIKE+%27%25%D7%9E%D7%92%D7%95%D7%A8%D7%99%D7%9D%25%27+OR+mavat_name+LIKE+%27%25%D7%93%D7%99%D7%95%D7%A8%25%27%29&outFields=mp_id%2Cpl_id%2Cpl_number%2Cpl_name%2Cnum%2Cmavat_code%2Cmavat_name%2Clegal_area%2Cshape_area%2Cshape_length%2Cstation_desc%2Clast_update_date&returnGeometry=true&outSR=4326&f=geojson,בינונית,"תוקן placeholder: הצמד המקורי זהה אצל 14 פרויקטים; הוזז 1.0 ק״מ למקור המפורט. בדיקה אנושית למגרש יחיד: תכנית תמל/ 2062 כוללת 14 תאי מגורים (101;102;103;104;105;106;107;108;109;150;151;152;153;154); הנקודה נמצאת בתוך איחוד תאי המגורים הרשמיים, אך אין בעמוד הוכחה איזה תא הוא הפרויקט."
%d7%92%d7%91%d7%a2%d7%aa%d7%99-%d7%91%d7%a8-%d7%9b%d7%95%d7%9b%d7%91%d7%90,31.683493,34.567868,https://ags.iplan.gov.il/arcgisiplan/rest/services/PlanningPublic/XplanNoKanam/MapServer/1/query?where=mp_id%3D6005258504+AND+%28mavat_name+LIKE+%27%25%D7%9E%D7%92%D7%95%D7%A8%D7%99%D7%9D%25%27+OR+mavat_name+LIKE+%27%25%D7%93%D7%99%D7%95%D7%A8%25%27%29&outFields=mp_id%2Cpl_id%2Cpl_number%2Cpl_name%2Cnum%2Cmavat_code%2Cmavat_name%2Clegal_area%2Cshape_area%2Cshape_length%2Cstation_desc%2Clast_update_date%2Cobjectid&returnGeometry=true&outSR=4326&f=geojson,בינונית,"תוקן placeholder: הצמד המקורי זהה אצל 10 פרויקטים; הוזז 2.0 ק״מ למקור המפורט. בדיקה אנושית למגרש יחיד: תכנית 604-1142363 כוללת 8 תאי מגורים (101;102;103;104;105;106;107;108); הנקודה נמצאת בתוך איחוד תאי המגורים הרשמיים, אך אין בעמוד הוכחה איזה תא הוא הפרויקט."
%d7%a8%d7%91%d7%99%d7%9f,31.860619,34.821879,https://ags.iplan.gov.il/arcgisiplan/rest/services/PlanningPublic/Xplan/MapServer/4/query?where=mp_id%3D4005267146+AND+%28mavat_name+LIKE+%27%25%D7%9E%D7%92%D7%95%D7%A8%D7%99%D7%9D%25%27+OR+mavat_name+LIKE+%27%25%D7%93%D7%99%D7%95%D7%A8%25%27%29&outFields=mp_id%2Cpl_id%2Cpl_number%2Cpl_name%2Cnum%2Cmavat_code%2Cmavat_name%2Clegal_area%2Cshape_area%2Cshape_length%2Cstation_desc%2Clast_update_date&returnGeometry=true&outSR=4326&f=geojson,בינונית,"תוקן placeholder: הצמד המקורי זהה אצל 4 פרויקטים; הוזז 139 מ׳ למקור המפורט. בדיקה אנושית למגרש יחיד: תכנית 453-1157189 כוללת 4 תאי מגורים (101;102;103;104); הנקודה נמצאת בתוך איחוד תאי המגורים הרשמיים, אך אין בעמוד הוכחה איזה תא הוא הפרויקט."
%d7%a0%d7%95%d7%95%d7%94-%d7%9e%d7%a8%d7%9e%d7%95%d7%a8%d7%a7,31.881035,34.806371,https://ags.iplan.gov.il/arcgisiplan/rest/services/PlanningPublic/XplanNoKanam/MapServer/1/query?where=mp_id%3D4005233044+AND+%28mavat_name+LIKE+%27%25%D7%9E%D7%92%D7%95%D7%A8%D7%99%D7%9D%25%27+OR+mavat_name+LIKE+%27%25%D7%93%D7%99%D7%95%D7%A8%25%27%29&outFields=mp_id%2Cpl_id%2Cpl_number%2Cpl_name%2Cnum%2Cmavat_code%2Cmavat_name%2Clegal_area%2Cshape_area%2Cshape_length%2Cstation_desc%2Clast_update_date%2Cobjectid&returnGeometry=true&outSR=4326&f=geojson,בינונית,"תוקן placeholder: הצמד המקורי זהה אצל 14 פרויקטים; הוזז 1.6 ק״מ למקור המפורט. בדיקה אנושית למגרש יחיד: תכנית 414-1101948 כוללת 7 תאי מגורים (102;202;203;204;205;206;207); הנקודה נמצאת בתוך איחוד תאי המגורים הרשמיים, אך אין בעמוד הוכחה איזה תא הוא הפרויקט."
%d7%95%d7%99%d7%a6%d7%9e%d7%9f-%d7%91%d7%a8-%d7%90%d7%99%d7%9c%d7%9f,31.929577,34.863426,https://ags.iplan.gov.il/arcgisiplan/rest/services/PlanningPublic/Xplan/MapServer/4/query?where=mp_id%3D4005281326+AND+%28mavat_name+LIKE+%27%25%D7%9E%D7%92%D7%95%D7%A8%D7%99%D7%9D%25%27+OR+mavat_name+LIKE+%27%25%D7%93%D7%99%D7%95%D7%A8%25%27%29&outFields=mp_id%2Cpl_id%2Cpl_number%2Cpl_name%2Cnum%2Cmavat_code%2Cmavat_name%2Clegal_area%2Cshape_area%2Cshape_length%2Cstation_desc%2Clast_update_date&returnGeometry=true&outSR=4326&f=geojson,בינונית,"תוקן placeholder: הצמד המקורי זהה אצל 15 פרויקטים; הוזז 203 מ׳ למקור המפורט. בדיקה אנושית למגרש יחיד: תכנית 415-1180819 כוללת 11 תאי מגורים (140;141;142;143;144;1050;1052;1053;1054;1055;1321); הנקודה נמצאת בתוך איחוד תאי המגורים הרשמיים, אך אין בעמוד הוכחה איזה תא הוא הפרויקט."
%d7%90%d7%a6%d7%9c,32.765206,34.967538,https://ags.iplan.gov.il/arcgisiplan/rest/services/PlanningPublic/XplanNoKanam/MapServer/1/query?where=mp_id%3D3005284322&outFields=mp_id%2Cpl_id%2Cpl_number%2Cpl_name%2Cnum%2Cmavat_code%2Cmavat_name%2Clegal_area%2Cshape_area%2Cshape_length%2Cstation_desc%2Clast_update_date%2Cobjectid&returnGeometry=true&outSR=4326&f=geojson,נמוכה,"תוקן placeholder: הצמד המקורי זהה אצל 14 פרויקטים; הוזז 567 מ׳ למקור המפורט. בדיקה אנושית: אותר גבול רשמי של תכנית 355-1185347, אך לא אותר תא מגורים/מגרש יחיד. הנקודה בתוך גבול התכנית בלבד."
%d7%92%d7%90%d7%95%d7%9c%d7%94,32.096195,34.885359,https://ags.iplan.gov.il/arcgisiplan/rest/services/PlanningPublic/XplanNoKanam/MapServer/1/query?where=mp_id%3D4005264860+AND+%28mavat_name+LIKE+%27%25%D7%9E%D7%92%D7%95%D7%A8%D7%99%D7%9D%25%27+OR+mavat_name+LIKE+%27%25%D7%93%D7%99%D7%95%D7%A8%25%27%29&outFields=mp_id%2Cpl_id%2Cpl_number%2Cpl_name%2Cnum%2Cmavat_code%2Cmavat_name%2Clegal_area%2Cshape_area%2Cshape_length%2Cstation_desc%2Clast_update_date%2Cobjectid&returnGeometry=true&outSR=4326&f=geojson,גבוהה,תוקן placeholder: הצמד המקורי זהה אצל 37 פרויקטים; הוזז 939 מ׳ למקור המפורט. אומת מול תא מגורים רשמי יחיד 1 בתכנית 410-1153758; הנקודה בתוך התא הרשמי.
%d7%94%d7%a8%d7%a6%d7%9c-3,31.749580,34.991513,https://ags.iplan.gov.il/arcgisiplan/rest/services/PlanningPublic/XplanNoKanam/MapServer/1/query?where=mp_id%3D1005234706&outFields=mp_id%2Cpl_id%2Cpl_number%2Cpl_name%2Cnum%2Cmavat_code%2Cmavat_name%2Clegal_area%2Cshape_area%2Cshape_length%2Cstation_desc%2Clast_update_date%2Cobjectid&returnGeometry=true&outSR=4326&f=geojson,נמוכה,"תוקן placeholder: הצמד המקורי זהה אצל 7 פרויקטים; הוזז 460 מ׳ למקור המפורט. בדיקה אנושית: אותר גבול רשמי של תכנית 102-1104629, אך לא אותר תא מגורים/מגרש יחיד. הנקודה בתוך גבול התכנית בלבד."
%d7%9e%d7%a1%d7%93%d7%94,31.920950,34.871923,https://ags.iplan.gov.il/arcgisiplan/rest/services/PlanningPublic/Xplan/MapServer/4/query?where=mp_id%3D99005332412+AND+%28mavat_name+LIKE+%27%25%D7%9E%D7%92%D7%95%D7%A8%D7%99%D7%9D%25%27+OR+mavat_name+LIKE+%27%25%D7%93%D7%99%D7%95%D7%A8%25%27%29&outFields=mp_id%2Cpl_id%2Cpl_number%2Cpl_name%2Cnum%2Cmavat_code%2Cmavat_name%2Clegal_area%2Cshape_area%2Cshape_length%2Cstation_desc%2Clast_update_date&returnGeometry=true&outSR=4326&f=geojson,בינונית,"תוקן placeholder: הצמד המקורי זהה אצל 15 פרויקטים; הוזז 1.2 ק״מ למקור המפורט. בדיקה אנושית למגרש יחיד: תכנית תמל/ 2061 כוללת 44 תאי מגורים (100;101;102;103;104;105;106;107;108;109;110;113;114;200;201;202;203;204;206;207;208;209;210;211;212;213;220;221;222;223;224;225;226;227;228;229;230;231;232;233;115A;115B;205A;205B); הנקודה נמצאת בתוך איחוד תאי המגורים הרשמיים, אך אין בעמוד הוכחה איזה תא הוא הפרויקט."
%d7%9e%d7%a9%d7%9e%d7%a8-%d7%94%d7%92%d7%91%d7%95%d7%9c,32.790607,34.995330,https://ags.iplan.gov.il/arcgisiplan/rest/services/PlanningPublic/Xplan/MapServer/4/query?where=mp_id%3D3005455954+AND+%28mavat_name+LIKE+%27%25%D7%9E%D7%92%D7%95%D7%A8%D7%99%D7%9D%25%27+OR+mavat_name+LIKE+%27%25%D7%93%D7%99%D7%95%D7%A8%25%27%29&outFields=mp_id%2Cpl_id%2Cpl_number%2Cpl_name%2Cnum%2Cmavat_code%2Cmavat_name%2Clegal_area%2Cshape_area%2Cshape_length%2Cstation_desc%2Clast_update_date&returnGeometry=true&outSR=4326&f=geojson,גבוהה,תוקן placeholder: הצמד המקורי זהה אצל 43 פרויקטים; הוזז 3.2 ק״מ למקור המפורט. אומת מול תא מגורים רשמי יחיד 201 בתכנית 304-1458108; הנקודה בתוך התא הרשמי.
%d7%91%d7%9f-%d7%a6%d7%91%d7%99-%d7%9b%d7%a6%d7%a0%d7%9c%d7%a1%d7%95%d7%9f,32.030519,34.896270,https://ags.iplan.gov.il/arcgisiplan/rest/services/PlanningPublic/Xplan/MapServer/4/query?where=mp_id%3D4005201620+AND+%28mavat_name+LIKE+%27%25%D7%9E%D7%92%D7%95%D7%A8%D7%99%D7%9D%25%27+OR+mavat_name+LIKE+%27%25%D7%93%D7%99%D7%95%D7%A8%25%27%29&outFields=mp_id%2Cpl_id%2Cpl_number%2Cpl_name%2Cnum%2Cmavat_code%2Cmavat_name%2Clegal_area%2Cshape_area%2Cshape_length%2Cstation_desc%2Clast_update_date&returnGeometry=true&outSR=4326&f=geojson,בינונית,"תוקן placeholder: הצמד המקורי זהה אצל 11 פרויקטים; הוזז 849 מ׳ למקור המפורט. בדיקה אנושית למגרש יחיד: תכנית 411-1049899 כוללת 6 תאי מגורים (101;102;103;104;105;106); הנקודה נמצאת בתוך איחוד תאי המגורים הרשמיים, אך אין בעמוד הוכחה איזה תא הוא הפרויקט."
%d7%94%d7%9e%d7%a2%d7%a4%d7%99%d7%9c%d7%99%d7%9d-2,32.026434,34.765683,https://ags.iplan.gov.il/arcgisiplan/rest/services/PlanningPublic/Xplan/MapServer/4/query?where=mp_id%3D5005261138+AND+%28mavat_name+LIKE+%27%25%D7%9E%D7%92%D7%95%D7%A8%D7%99%D7%9D%25%27+OR+mavat_name+LIKE+%27%25%D7%93%D7%99%D7%95%D7%A8%25%27%29&outFields=mp_id%2Cpl_id%2Cpl_number%2Cpl_name%2Cnum%2Cmavat_code%2Cmavat_name%2Clegal_area%2Cshape_area%2Cshape_length%2Cstation_desc%2Clast_update_date&returnGeometry=true&outSR=4326&f=geojson,גבוהה,תוקן placeholder: הצמד המקורי זהה אצל 25 פרויקטים; הוזז 1.6 ק״מ למקור המפורט. אומת מול תא מגורים רשמי יחיד 100 בתכנית 505-1146851; הנקודה בתוך התא הרשמי.
%d7%9e%d7%aa%d7%97%d7%9d-%d7%98%d7%95%d7%91%d7%99%d7%94%d7%95-%d7%94%d7%a6%d7%91%d7%99,31.250234,34.775635,https://ags.iplan.gov.il/arcgisiplan/rest/services/PlanningPublic/Xplan/MapServer/4/query?where=mp_id%3D6005381798+AND+%28mavat_name+LIKE+%27%25%D7%9E%D7%92%D7%95%D7%A8%D7%99%D7%9D%25%27+OR+mavat_name+LIKE+%27%25%D7%93%D7%99%D7%95%D7%A8%25%27%29&outFields=mp_id%2Cpl_id%2Cpl_number%2Cpl_name%2Cnum%2Cmavat_code%2Cmavat_name%2Clegal_area%2Cshape_area%2Cshape_length%2Cstation_desc%2Clast_update_date&returnGeometry=true&outSR=4326&f=geojson,בינונית,"תוקן placeholder: הצמד המקורי זהה אצל 13 פרויקטים; הוזז 1.7 ק״מ למקור המפורט. בדיקה אנושית למגרש יחיד: תכנית 605-1337302 כוללת 6 תאי מגורים (101;102;103;104;105;106); הנקודה נמצאת בתוך איחוד תאי המגורים הרשמיים, אך אין בעמוד הוכחה איזה תא הוא הפרויקט."
%d7%9e%d7%aa%d7%97%d7%9d-%d7%91%d7%9f-%d7%92%d7%95%d7%a8%d7%99%d7%95%d7%9f,31.259580,34.808890,https://ags.iplan.gov.il/arcgisiplan/rest/services/PlanningPublic/XplanNoKanam/MapServer/1/query?where=mp_id%3D99005469866+AND+%28mavat_name+LIKE+%27%25%D7%9E%D7%92%D7%95%D7%A8%D7%99%D7%9D%25%27+OR+mavat_name+LIKE+%27%25%D7%93%D7%99%D7%95%D7%A8%25%27%29&outFields=mp_id%2Cpl_id%2Cpl_number%2Cpl_name%2Cnum%2Cmavat_code%2Cmavat_name%2Clegal_area%2Cshape_area%2Cshape_length%2Cstation_desc%2Clast_update_date%2Cobjectid&returnGeometry=true&outSR=4326&f=geojson,בינונית,"תוקן placeholder: הצמד המקורי זהה אצל 13 פרויקטים; הוזז 2.2 ק״מ למקור המפורט. בדיקה אנושית למגרש יחיד: תכנית תמל/ 2074 כוללת 11 תאי מגורים (100;101;102;103;104;105;106;107;108;200;401); הנקודה נמצאת בתוך איחוד תאי המגורים הרשמיים, אך אין בעמוד הוכחה איזה תא הוא הפרויקט."
%d7%a7%d7%94%d7%99%d7%9c%d7%aa-%d7%a6%d7%99%d7%95%d7%9f-%d7%94%d7%a2%d7%a6%d7%9e%d7%90%d7%95%d7%aa,32.165283,34.848925,https://mavat.iplan.gov.il/SV4/1/5005245952/310,גבוהה,תוקן placeholder: הצמד המקורי זהה אצל 25 פרויקטים; הוזז 194 מ׳ למקור המפורט. מתחם העצמאות-קהילת ציון בהרצליה זהה במדויק בשם תכנית ההתחדשות. הנקודה חושבה מתוך גבול התכנית הרשמי ונבדקה כנמצאת בתוכו.
%d7%a7%d7%a6%d7%a0%d7%9c%d7%a1%d7%95%d7%9f,32.284976,34.853114,https://ags.iplan.gov.il/arcgisiplan/rest/services/PlanningPublic/Xplan/MapServer/4/query?where=mp_id%3D4005203338+AND+%28mavat_name+LIKE+%27%25%D7%9E%D7%92%D7%95%D7%A8%D7%99%D7%9D%25%27+OR+mavat_name+LIKE+%27%25%D7%93%D7%99%D7%95%D7%A8%25%27%29&outFields=mp_id%2Cpl_id%2Cpl_number%2Cpl_name%2Cnum%2Cmavat_code%2Cmavat_name%2Clegal_area%2Cshape_area%2Cshape_length%2Cstation_desc%2Clast_update_date&returnGeometry=true&outSR=4326&f=geojson,בינונית,"תוקן placeholder: הצמד המקורי זהה אצל 40 פרויקטים; הוזז 4.9 ק״מ למקור המפורט. בדיקה אנושית למגרש יחיד: תכנית 408-1053339 כוללת 2 תאי מגורים (1;2); הנקודה נמצאת בתוך איחוד תאי המגורים הרשמיים, אך אין בעמוד הוכחה איזה תא הוא הפרויקט."
%d7%91%d7%9f-%d7%92%d7%95%d7%a8%d7%99%d7%95%d7%9f-49-59,32.158473,34.887759,https://ags.iplan.gov.il/arcgisiplan/rest/services/PlanningPublic/Xplan/MapServer/4/query?where=mp_id%3D4005393486+AND+%28mavat_name+LIKE+%27%25%D7%9E%D7%92%D7%95%D7%A8%D7%99%D7%9D%25%27+OR+mavat_name+LIKE+%27%25%D7%93%D7%99%D7%95%D7%A8%25%27%29&outFields=mp_id%2Cpl_id%2Cpl_number%2Cpl_name%2Cnum%2Cmavat_code%2Cmavat_name%2Clegal_area%2Cshape_area%2Cshape_length%2Cstation_desc%2Clast_update_date&returnGeometry=true&outSR=4326&f=geojson,גבוהה,תוקן placeholder: הצמד המקורי זהה אצל 6 פרויקטים; הוזז 557 מ׳ למקור המפורט. אומת מול תא מגורים רשמי יחיד 100 בתכנית 423-1355882; הנקודה בתוך התא הרשמי.
%d7%94%d7%aa%d7%95%d7%9e%d7%a8-8-10,31.778757,35.185270,https://ags.iplan.gov.il/arcgisiplan/rest/services/PlanningPublic/Xplan/MapServer/4/query?where=mp_id%3D1005151226+AND+%28mavat_name+LIKE+%27%25%D7%9E%D7%92%D7%95%D7%A8%D7%99%D7%9D%25%27+OR+mavat_name+LIKE+%27%25%D7%93%D7%99%D7%95%D7%A8%25%27%29&outFields=mp_id%2Cpl_id%2Cpl_number%2Cpl_name%2Cnum%2Cmavat_code%2Cmavat_name%2Clegal_area%2Cshape_area%2Cshape_length%2Cstation_desc%2Clast_update_date&returnGeometry=true&outSR=4326&f=geojson,בינונית,"תוקן placeholder: הצמד המקורי זהה אצל 197 פרויקטים; הוזז 3.8 ק״מ למקור המפורט. בדיקה אנושית למגרש יחיד: תכנית 101-0994301 כוללת 2 תאי מגורים (1;2); הנקודה נמצאת בתוך איחוד תאי המגורים הרשמיים, אך אין בעמוד הוכחה איזה תא הוא הפרויקט."
%d7%94%d7%a8%d7%a6%d7%9c-%d7%9e%d7%95%d7%a6%d7%a7%d7%99%d7%9f-%d7%91%d7%99%d7%90%d7%9c%d7%99%d7%a7,32.767339,34.969971,https://ags.iplan.gov.il/arcgisiplan/rest/services/PlanningPublic/Xplan/MapServer/4/query?where=mp_id%3D3005236922+AND+%28mavat_name+LIKE+%27%25%D7%9E%D7%92%D7%95%D7%A8%D7%99%D7%9D%25%27+OR+mavat_name+LIKE+%27%25%D7%93%D7%99%D7%95%D7%A8%25%27%29&outFields=mp_id%2Cpl_id%2Cpl_number%2Cpl_name%2Cnum%2Cmavat_code%2Cmavat_name%2Clegal_area%2Cshape_area%2Cshape_length%2Cstation_desc%2Clast_update_date&returnGeometry=true&outSR=4326&f=geojson,בינונית,"תוקן placeholder: הצמד המקורי זהה אצל 14 פרויקטים; הוזז 679 מ׳ למקור המפורט. בדיקה אנושית למגרש יחיד: תכנית 355-1108448 כוללת 7 תאי מגורים (201;202;203;204;205;206;207); הנקודה נמצאת בתוך איחוד תאי המגורים הרשמיים, אך אין בעמוד הוכחה איזה תא הוא הפרויקט."
%d7%92%d7%95%d7%90%d7%98%d7%9e%d7%9c%d7%94-252729,31.756091,35.178886,https://ags.iplan.gov.il/arcgisiplan/rest/services/PlanningPublic/Xplan/MapServer/4/query?where=mp_id%3D1005216752+AND+%28mavat_name+LIKE+%27%25%D7%9E%D7%92%D7%95%D7%A8%D7%99%D7%9D%25%27+OR+mavat_name+LIKE+%27%25%D7%93%D7%99%D7%95%D7%A8%25%27%29&outFields=mp_id%2Cpl_id%2Cpl_number%2Cpl_name%2Cnum%2Cmavat_code%2Cmavat_name%2Clegal_area%2Cshape_area%2Cshape_length%2Cstation_desc%2Clast_update_date&returnGeometry=true&outSR=4326&f=geojson,בינונית,"תוקן placeholder: הצמד המקורי זהה אצל 197 פרויקטים; הוזז 5.1 ק״מ למקור המפורט. בדיקה אנושית למגרש יחיד: תכנית 101-1075902 כוללת 2 תאי מגורים (100;101); הנקודה נמצאת בתוך איחוד תאי המגורים הרשמיים, אך אין בעמוד הוכחה איזה תא הוא הפרויקט."
%d7%92%d7%95%d7%a8%d7%93%d7%95%d7%9f-7-9-%d7%a0%d7%aa%d7%a0%d7%99%d7%94,32.330385,34.857517,https://ags.iplan.gov.il/arcgisiplan/rest/services/PlanningPublic/Xplan/MapServer/4/query?where=mp_id%3D4005070792+AND+%28mavat_name+LIKE+%27%25%D7%9E%D7%92%D7%95%D7%A8%D7%99%D7%9D%25%27+OR+mavat_name+LIKE+%27%25%D7%93%D7%99%D7%95%D7%A8%25%27%29&outFields=mp_id%2Cpl_id%2Cpl_number%2Cpl_name%2Cnum%2Cmavat_code%2Cmavat_name%2Clegal_area%2Cshape_area%2Cshape_length%2Cstation_desc%2Clast_update_date&returnGeometry=true&outSR=4326&f=geojson,גבוהה,תוקן placeholder: הצמד המקורי זהה אצל 40 פרויקטים; הוזז 214 מ׳ למקור המפורט. אומת מול תא מגורים רשמי יחיד 1 בתכנית 408-0862524; הנקודה בתוך התא הרשמי.
%d7%96%d7%9c%d7%9e%d7%9f-%d7%a9%d7%a0%d7%99%d7%90%d7%95%d7%a8-7-13,32.775368,35.007676,https://ags.iplan.gov.il/arcgisiplan/rest/services/PlanningPublic/Xplan/MapServer/4/query?where=mp_id%3D3005190596+AND+%28mavat_name+LIKE+%27%25%D7%9E%D7%92%D7%95%D7%A8%D7%99%D7%9D%25%27+OR+mavat_name+LIKE+%27%25%D7%93%D7%99%D7%95%D7%A8%25%27%29&outFields=mp_id%2Cpl_id%2Cpl_number%2Cpl_name%2Cnum%2Cmavat_code%2Cmavat_name%2Clegal_area%2Cshape_area%2Cshape_length%2Cstation_desc%2Clast_update_date&returnGeometry=true&outSR=4326&f=geojson,גבוהה,תוקן placeholder: הצמד המקורי זהה אצל 43 פרויקטים; הוזז 4.9 ק״מ למקור המפורט. אומת מול תא מגורים רשמי יחיד 201 בתכנית 304-1031871; הנקודה בתוך התא הרשמי.
%d7%a8%d7%97-%d7%94%d7%a9%d7%a8-%d7%9e%d7%a9%d7%94-58-60-62-%d7%95%d7%a8%d7%97-%d7%94%d7%a8%d7%90%d7%95%d7%91%d7%a0%d7%99-12-%d7%a8%d7%9e%d7%aa-%d7%92%d7%9f,32.064907,34.825949,https://ags.iplan.gov.il/arcgisiplan/rest/services/PlanningPublic/Xplan/MapServer/4/query?where=mp_id%3D5005109318+AND+%28mavat_name+LIKE+%27%25%D7%9E%D7%92%D7%95%D7%A8%D7%99%D7%9D%25%27+OR+mavat_name+LIKE+%27%25%D7%93%D7%99%D7%95%D7%A8%25%27%29&outFields=mp_id%2Cpl_id%2Cpl_number%2Cpl_name%2Cnum%2Cmavat_code%2Cmavat_name%2Clegal_area%2Cshape_area%2Cshape_length%2Cstation_desc%2Clast_update_date&returnGeometry=true&outSR=4326&f=geojson,גבוהה,תוקן placeholder: הצמד המקורי זהה אצל 76 פרויקטים; הוזז 437 מ׳ למקור המפורט. אומת מול תא מגורים רשמי יחיד 101 בתכנית 506-0924712; הנקודה בתוך התא הרשמי.
%d7%93%d7%99%d7%96%d7%a0%d7%92%d7%95%d7%a3-%d7%94%d7%9e%d7%99%d7%99%d7%a1%d7%93%d7%99%d7%9d,32.330419,34.854848,https://ags.iplan.gov.il/arcgisiplan/rest/services/PlanningPublic/Xplan/MapServer/4/query?where=mp_id%3D4005222602+AND+%28mavat_name+LIKE+%27%25%D7%9E%D7%92%D7%95%D7%A8%D7%99%D7%9D%25%27+OR+mavat_name+LIKE+%27%25%D7%93%D7%99%D7%95%D7%A8%25%27%29&outFields=mp_id%2Cpl_id%2Cpl_number%2Cpl_name%2Cnum%2Cmavat_code%2Cmavat_name%2Clegal_area%2Cshape_area%2Cshape_length%2Cstation_desc%2Clast_update_date&returnGeometry=true&outSR=4326&f=geojson,גבוהה,תוקן placeholder: הצמד המקורי זהה אצל 40 פרויקטים; הוזז 261 מ׳ למקור המפורט. אומת מול תא מגורים רשמי יחיד 1A בתכנית 408-1085331; הנקודה בתוך התא הרשמי.
%d7%a1%d7%95%d7%a7%d7%95%d7%9c%d7%95%d7%91-91-95,32.167615,34.849943,https://ags.iplan.gov.il/arcgisiplan/rest/services/PlanningPublic/Xplan/MapServer/4/query?where=mp_id%3D5005218812+AND+%28mavat_name+LIKE+%27%25%D7%9E%D7%92%D7%95%D7%A8%D7%99%D7%9D%25%27+OR+mavat_name+LIKE+%27%25%D7%93%D7%99%D7%95%D7%A8%25%27%29&outFields=mp_id%2Cpl_id%2Cpl_number%2Cpl_name%2Cnum%2Cmavat_code%2Cmavat_name%2Clegal_area%2Cshape_area%2Cshape_length%2Cstation_desc%2Clast_update_date&returnGeometry=true&outSR=4326&f=geojson,גבוהה,תוקן placeholder: הצמד המקורי זהה אצל 25 פרויקטים; הוזז 362 מ׳ למקור המפורט. אומת מול תא מגורים רשמי יחיד 100 בתכנית 504-1079086; הנקודה בתוך התא הרשמי.
%d7%a8%d7%92-1854-%d7%9e%d7%aa%d7%97%d7%9d-%d7%94%d7%a4%d7%95%d7%93%d7%99%d7%9d-11-13-%d7%a8%d7%a9%d7%99-21-23,32.091837,34.817759,https://ags.iplan.gov.il/arcgisiplan/rest/services/PlanningPublic/Xplan/MapServer/4/query?where=mp_id%3D5005184780+AND+%28mavat_name+LIKE+%27%25%D7%9E%D7%92%D7%95%D7%A8%D7%99%D7%9D%25%27+OR+mavat_name+LIKE+%27%25%D7%93%D7%99%D7%95%D7%A8%25%27%29&outFields=mp_id%2Cpl_id%2Cpl_number%2Cpl_name%2Cnum%2Cmavat_code%2Cmavat_name%2Clegal_area%2Cshape_area%2Cshape_length%2Cstation_desc%2Clast_update_date&returnGeometry=true&outSR=4326&f=geojson,גבוהה,תוקן placeholder: הצמד המקורי זהה אצל 76 פרויקטים; הוזז 2.7 ק״מ למקור המפורט. אומת מול תא מגורים רשמי יחיד 100 בתכנית 506-1022722; הנקודה בתוך התא הרשמי.
%d7%93%d7%91-%d7%94%d7%95%d7%96,32.023717,34.764114,https://ags.iplan.gov.il/arcgisiplan/rest/services/PlanningPublic/Xplan/MapServer/4/query?where=mp_id%3D99005214666+AND+%28mavat_name+LIKE+%27%25%D7%9E%D7%92%D7%95%D7%A8%D7%99%D7%9D%25%27+OR+mavat_name+LIKE+%27%25%D7%93%D7%99%D7%95%D7%A8%25%27%29&outFields=mp_id%2Cpl_id%2Cpl_number%2Cpl_name%2Cnum%2Cmavat_code%2Cmavat_name%2Clegal_area%2Cshape_area%2Cshape_length%2Cstation_desc%2Clast_update_date&returnGeometry=true&outSR=4326&f=geojson,בינונית,"תוקן placeholder: הצמד המקורי זהה אצל 25 פרויקטים; הוזז 1.6 ק״מ למקור המפורט. בדיקה אנושית למגרש יחיד: תכנית תמל/ 2045 כוללת 17 תאי מגורים (101;102;103;104;105;106;107;108;109;110;111;201;202;203;204;205;206); הנקודה נמצאת בתוך איחוד תאי המגורים הרשמיים, אך אין בעמוד הוכחה איזה תא הוא הפרויקט."
%d7%94%d7%a0%d7%a8%d7%a7%d7%99%d7%a1-%d7%94%d7%a8%d7%a7%d7%a4%d7%aa,,,,נמוכה,בדיקה אנושית: לא נמצא מקור שמאפשר למסור נקודה ברמת מגרש בביטחון; lat/lng הושארו ריקים. בדיקה אנושית: לא נמצאה ב-XPLAN תכנית בעיר ששמה תואם באופן מספק לשם הפרויקט.
%d7%93%d7%95%d7%90%d7%a0%d7%99-%d7%94%d7%93%d7%a7%d7%9c,,,,נמוכה,"בדיקה אנושית: לא נמצא מקור שמאפשר למסור נקודה ברמת מגרש בביטחון; lat/lng הושארו ריקים. בדיקה אנושית: נמצאו מועמדי XPLAN חלקיים או מרובים, אך אין התאמת שם+עיר חד-משמעית. מועמדים: 404-1296557 — מתחם דואני הנחל- יבנה; 404-0905216 — התחדשות עירונית מתחם דואני - העצמאות, יבנה; 404-0133314 — פינוי בינוי מתחם העצמאות פינת שד' דואני יב/5/157"
%d7%90%d7%99%d7%9c%d7%aa-22-28,32.020219,34.764553,https://ags.iplan.gov.il/arcgisiplan/rest/services/PlanningPublic/Xplan/MapServer/4/query?where=mp_id%3D5005141152+AND+%28mavat_name+LIKE+%27%25%D7%9E%D7%92%D7%95%D7%A8%D7%99%D7%9D%25%27+OR+mavat_name+LIKE+%27%25%D7%93%D7%99%D7%95%D7%A8%25%27%29&outFields=mp_id%2Cpl_id%2Cpl_number%2Cpl_name%2Cnum%2Cmavat_code%2Cmavat_name%2Clegal_area%2Cshape_area%2Cshape_length%2Cstation_desc%2Clast_update_date&returnGeometry=true&outSR=4326&f=geojson,בינונית,"תוקן placeholder: הצמד המקורי זהה אצל 25 פרויקטים; הוזז 1.5 ק״מ למקור המפורט. בדיקה אנושית למגרש יחיד: תכנית 505-0978825 כוללת 2 תאי מגורים (200;500); הנקודה נמצאת בתוך איחוד תאי המגורים הרשמיים, אך אין בעמוד הוכחה איזה תא הוא הפרויקט."
%d7%90%d7%91%d7%90-%d7%94%d7%9c%d7%9c,32.092797,34.816957,https://ags.iplan.gov.il/arcgisiplan/rest/services/PlanningPublic/Xplan/MapServer/4/query?where=mp_id%3D5005092806+AND+%28mavat_name+LIKE+%27%25%D7%9E%D7%92%D7%95%D7%A8%D7%99%D7%9D%25%27+OR+mavat_name+LIKE+%27%25%D7%93%D7%99%D7%95%D7%A8%25%27%29&outFields=mp_id%2Cpl_id%2Cpl_number%2Cpl_name%2Cnum%2Cmavat_code%2Cmavat_name%2Clegal_area%2Cshape_area%2Cshape_length%2Cstation_desc%2Clast_update_date&returnGeometry=true&outSR=4326&f=geojson,גבוהה,תוקן placeholder: הצמד המקורי זהה אצל 76 פרויקטים; הוזז 2.8 ק״מ למקור המפורט. אומת מול תא מגורים רשמי יחיד 100 בתכנית 506-0897504; הנקודה בתוך התא הרשמי.
%d7%a7%d7%93%d7%95%d7%a9%d7%99-%d7%9e%d7%a6%d7%a8%d7%99%d7%9d-17-23,32.034552,34.889793,https://ags.iplan.gov.il/arcgisiplan/rest/services/PlanningPublic/Xplan/MapServer/4/query?where=mp_id%3D4005041462+AND+%28mavat_name+LIKE+%27%25%D7%9E%D7%92%D7%95%D7%A8%D7%99%D7%9D%25%27+OR+mavat_name+LIKE+%27%25%D7%93%D7%99%D7%95%D7%A8%25%27%29&outFields=mp_id%2Cpl_id%2Cpl_number%2Cpl_name%2Cnum%2Cmavat_code%2Cmavat_name%2Clegal_area%2Cshape_area%2Cshape_length%2Cstation_desc%2Clast_update_date&returnGeometry=true&outSR=4326&f=geojson,גבוהה,תוקן placeholder: הצמד המקורי זהה אצל 11 פרויקטים; הוזז 251 מ׳ למקור המפורט. אומת מול תא מגורים רשמי יחיד 101 בתכנית 411-0810697; הנקודה בתוך התא הרשמי.
%d7%95%d7%99%d7%a6%d7%9e%d7%9f-48-52,32.035446,34.893177,https://ags.iplan.gov.il/arcgisiplan/rest/services/PlanningPublic/Xplan/MapServer/4/query?where=mp_id%3D4005145516+AND+%28mavat_name+LIKE+%27%25%D7%9E%D7%92%D7%95%D7%A8%D7%99%D7%9D%25%27+OR+mavat_name+LIKE+%27%25%D7%93%D7%99%D7%95%D7%A8%25%27%29&outFields=mp_id%2Cpl_id%2Cpl_number%2Cpl_name%2Cnum%2Cmavat_code%2Cmavat_name%2Clegal_area%2Cshape_area%2Cshape_length%2Cstation_desc%2Clast_update_date&returnGeometry=true&outSR=4326&f=geojson,בינונית,"תוקן placeholder: הצמד המקורי זהה אצל 11 פרויקטים; הוזז 573 מ׳ למקור המפורט. בדיקה אנושית למגרש יחיד: תכנית 411-0985259 כוללת 2 תאי מגורים (1;2); הנקודה נמצאת בתוך איחוד תאי המגורים הרשמיים, אך אין בעמוד הוכחה איזה תא הוא הפרויקט."
%d7%a7%d7%95%d7%a1%d7%98%d7%94-%d7%a8%d7%99%d7%a7%d7%94-56,31.753078,35.168722,https://ags.iplan.gov.il/arcgisiplan/rest/services/PlanningPublic/Xplan/MapServer/4/query?where=mp_id%3D1005218124+AND+%28mavat_name+LIKE+%27%25%D7%9E%D7%92%D7%95%D7%A8%D7%99%D7%9D%25%27+OR+mavat_name+LIKE+%27%25%D7%93%D7%99%D7%95%D7%A8%25%27%29&outFields=mp_id%2Cpl_id%2Cpl_number%2Cpl_name%2Cnum%2Cmavat_code%2Cmavat_name%2Clegal_area%2Cshape_area%2Cshape_length%2Cstation_desc%2Clast_update_date&returnGeometry=true&outSR=4326&f=geojson,גבוהה,תוקן placeholder: הצמד המקורי זהה אצל 197 פרויקטים; הוזז 6.1 ק״מ למקור המפורט. אומת מול תא מגורים רשמי יחיד 1 בתכנית 101-1078146; הנקודה בתוך התא הרשמי.
%d7%9c%d7%91-%d7%94%d7%9b%d7%a8%d7%9d,31.778183,35.185947,https://ags.iplan.gov.il/arcgisiplan/rest/services/PlanningPublic/Xplan/MapServer/4/query?where=mp_id%3D1005134268+AND+%28mavat_name+LIKE+%27%25%D7%9E%D7%92%D7%95%D7%A8%D7%99%D7%9D%25%27+OR+mavat_name+LIKE+%27%25%D7%93%D7%99%D7%95%D7%A8%25%27%29&outFields=mp_id%2Cpl_id%2Cpl_number%2Cpl_name%2Cnum%2Cmavat_code%2Cmavat_name%2Clegal_area%2Cshape_area%2Cshape_length%2Cstation_desc%2Clast_update_date&returnGeometry=true&outSR=4326&f=geojson,גבוהה,תוקן placeholder: הצמד המקורי זהה אצל 197 פרויקטים; הוזז 3.8 ק״מ למקור המפורט. אומת מול תא מגורים רשמי יחיד 101 בתכנית 101-0967398; הנקודה בתוך התא הרשמי.
%d7%a8%d7%96%d7%99%d7%90%d7%9c,32.331580,34.863745,https://ags.iplan.gov.il/arcgisiplan/rest/services/PlanningPublic/Xplan/MapServer/4/query?where=mp_id%3D4005193664+AND+%28mavat_name+LIKE+%27%25%D7%9E%D7%92%D7%95%D7%A8%D7%99%D7%9D%25%27+OR+mavat_name+LIKE+%27%25%D7%93%D7%99%D7%95%D7%A8%25%27%29&outFields=mp_id%2Cpl_id%2Cpl_number%2Cpl_name%2Cnum%2Cmavat_code%2Cmavat_name%2Clegal_area%2Cshape_area%2Cshape_length%2Cstation_desc%2Clast_update_date&returnGeometry=true&outSR=4326&f=geojson,גבוהה,תוקן placeholder: הצמד המקורי זהה אצל 40 פרויקטים; הוזז 746 מ׳ למקור המפורט. אומת מול תא מגורים רשמי יחיד 101 בתכנית 408-1036623; הנקודה בתוך התא הרשמי.
%d7%94%d7%93%d7%a8%d7%95%d7%a8,31.873616,34.743895,https://ags.iplan.gov.il/arcgisiplan/rest/services/PlanningPublic/Xplan/MapServer/4/query?where=mp_id%3D4001016385+AND+%28mavat_name+LIKE+%27%25%D7%9E%D7%92%D7%95%D7%A8%D7%99%D7%9D%25%27+OR+mavat_name+LIKE+%27%25%D7%93%D7%99%D7%95%D7%A8%25%27%29&outFields=mp_id%2Cpl_id%2Cpl_number%2Cpl_name%2Cnum%2Cmavat_code%2Cmavat_name%2Clegal_area%2Cshape_area%2Cshape_length%2Cstation_desc%2Clast_update_date&returnGeometry=true&outSR=4326&f=geojson,גבוהה,תוקן placeholder: הצמד המקורי זהה אצל 15 פרויקטים; הוזז 642 מ׳ למקור המפורט. אומת מול תא מגורים רשמי יחיד 9 בתכנית 404-0769760; הנקודה בתוך התא הרשמי.
%d7%9e%d7%a8%d7%97%d7%91-%d7%aa%d7%97%d7%a0%d7%aa-%d7%9e%d7%98%d7%a8%d7%95-%d7%91%d7%9f-%d7%92%d7%95%d7%a8%d7%99%d7%95%d7%9f,32.076166,34.816630,https://ags.iplan.gov.il/arcgisiplan/rest/services/PlanningPublic/XplanNoKanam/MapServer/1/query?where=mp_id%3D5005237224+AND+%28mavat_name+LIKE+%27%25%D7%9E%D7%92%D7%95%D7%A8%D7%99%D7%9D%25%27+OR+mavat_name+LIKE+%27%25%D7%93%D7%99%D7%95%D7%A8%25%27%29&outFields=mp_id%2Cpl_id%2Cpl_number%2Cpl_name%2Cnum%2Cmavat_code%2Cmavat_name%2Clegal_area%2Cshape_area%2Cshape_length%2Cstation_desc%2Clast_update_date%2Cobjectid&returnGeometry=true&outSR=4326&f=geojson,גבוהה,תוקן placeholder: הצמד המקורי זהה אצל 24 פרויקטים; הוזז 614 מ׳ למקור המפורט. אומת מול תא מגורים רשמי יחיד 1 בתכנית 503-1108943; הנקודה בתוך התא הרשמי.
%d7%94%d7%93%d7%a8-6,32.168144,34.849053,https://ags.iplan.gov.il/arcgisiplan/rest/services/PlanningPublic/Xplan/MapServer/4/query?where=mp_id%3D5005058080+AND+%28mavat_name+LIKE+%27%25%D7%9E%D7%92%D7%95%D7%A8%D7%99%D7%9D%25%27+OR+mavat_name+LIKE+%27%25%D7%93%D7%99%D7%95%D7%A8%25%27%29&outFields=mp_id%2Cpl_id%2Cpl_number%2Cpl_name%2Cnum%2Cmavat_code%2Cmavat_name%2Clegal_area%2Cshape_area%2Cshape_length%2Cstation_desc%2Clast_update_date&returnGeometry=true&outSR=4326&f=geojson,גבוהה,תוקן placeholder: הצמד המקורי זהה אצל 25 פרויקטים; הוזז 346 מ׳ למקור המפורט. אומת מול תא מגורים רשמי יחיד 101 בתכנית 504-0839241; הנקודה בתוך התא הרשמי.
%d7%97%d7%9c%d7%9e%d7%99%d7%aa,32.032498,34.757456,https://ags.iplan.gov.il/arcgisiplan/rest/services/PlanningPublic/Xplan/MapServer/4/query?where=mp_id%3D5005207788+AND+%28mavat_name+LIKE+%27%25%D7%9E%D7%92%D7%95%D7%A8%D7%99%D7%9D%25%27+OR+mavat_name+LIKE+%27%25%D7%93%D7%99%D7%95%D7%A8%25%27%29&outFields=mp_id%2Cpl_id%2Cpl_number%2Cpl_name%2Cnum%2Cmavat_code%2Cmavat_name%2Clegal_area%2Cshape_area%2Cshape_length%2Cstation_desc%2Clast_update_date&returnGeometry=true&outSR=4326&f=geojson,בינונית,"תוקן placeholder: הצמד המקורי זהה אצל 38 פרויקטים; הוזז 2.0 ק״מ למקור המפורט. בדיקה אנושית למגרש יחיד: תכנית 502-1060888 כוללת 11 תאי מגורים (101;103;104;105;106;107;108;1050;1051;1052;1053); הנקודה נמצאת בתוך איחוד תאי המגורים הרשמיים, אך אין בעמוד הוכחה איזה תא הוא הפרויקט."
%d7%93%d7%a8%d7%9a-%d7%94%d7%a9%d7%9c%d7%95%d7%9d-71-75,32.065611,34.803407,https://mavat.iplan.gov.il/SV4/1/5005125506/310,גבוהה,תוקן placeholder: הצמד המקורי זהה אצל 57 פרויקטים; הוזז 3.0 ק״מ למקור המפורט. דרך השלום 71-75 זהה במדויק בשם תכנית ההתחדשות. הנקודה חושבה מתוך גבול התכנית הרשמי ונבדקה כנמצאת בתוכו.
%d7%9c%d7%95%d7%93-%d7%93%d7%a8%d7%95%d7%9d,31.944142,34.879509,https://ags.iplan.gov.il/arcgisiplan/rest/services/PlanningPublic/Xplan/MapServer/4/query?where=mp_id%3D99005246926+AND+%28mavat_name+LIKE+%27%25%D7%9E%D7%92%D7%95%D7%A8%D7%99%D7%9D%25%27+OR+mavat_name+LIKE+%27%25%D7%93%D7%99%D7%95%D7%A8%25%27%29&outFields=mp_id%2Cpl_id%2Cpl_number%2Cpl_name%2Cnum%2Cmavat_code%2Cmavat_name%2Clegal_area%2Cshape_area%2Cshape_length%2Cstation_desc%2Clast_update_date&returnGeometry=true&outSR=4326&f=geojson,בינונית,"תוקן placeholder: הצמד המקורי זהה אצל 13 פרויקטים; הוזז 999 מ׳ למקור המפורט. בדיקה אנושית למגרש יחיד: תכנית תמל/ 2053 כוללת 104 תאי מגורים (1101;1102;1103;1104;1105;1106;1107;1108;1109;1110;1111;1112;1113;1114;1115;1116;1117;1118;1119;1120;1121;1122;1123;1124;1125;1126;1127;1210;1220;1221;2201;2202;3250;3251;3253;32…); הנקודה נמצאת בתוך איחוד תאי המגורים הרשמיים, אך אין בעמוד הוכחה איזה תא הוא הפרויקט."
%d7%91%d7%9f-%d7%92%d7%95%d7%a8%d7%99%d7%95%d7%9f-%d7%94%d7%94%d7%a1%d7%aa%d7%93%d7%a8%d7%95%d7%aa-%d7%96%d7%95%d7%9c%d7%95%d7%98%d7%95%d7%91,31.663155,34.564679,https://ags.iplan.gov.il/arcgisiplan/rest/services/PlanningPublic/XplanNoKanam/MapServer/1/query?where=mp_id%3D99005370594+AND+%28mavat_name+LIKE+%27%25%D7%9E%D7%92%D7%95%D7%A8%D7%99%D7%9D%25%27+OR+mavat_name+LIKE+%27%25%D7%93%D7%99%D7%95%D7%A8%25%27%29&outFields=mp_id%2Cpl_id%2Cpl_number%2Cpl_name%2Cnum%2Cmavat_code%2Cmavat_name%2Clegal_area%2Cshape_area%2Cshape_length%2Cstation_desc%2Clast_update_date%2Cobjectid&returnGeometry=true&outSR=4326&f=geojson,בינונית,"תוקן placeholder: הצמד המקורי זהה אצל 10 פרויקטים; הוזז 243 מ׳ למקור המפורט. בדיקה אנושית למגרש יחיד: תכנית תמל/ 2064 כוללת 20 תאי מגורים (1;2;3;4;5;6;7;8;9;10;11;12;13;14;15;16;17;18;20;50); הנקודה נמצאת בתוך איחוד תאי המגורים הרשמיים, אך אין בעמוד הוכחה איזה תא הוא הפרויקט."
%d7%a9%d7%99-%d7%a2%d7%92%d7%a0%d7%95%d7%9f-%d7%94%d7%94%d7%a1%d7%aa%d7%93%d7%a8%d7%95%d7%aa,,,,נמוכה,בדיקה אנושית: לא נמצא מקור שמאפשר למסור נקודה ברמת מגרש בביטחון; lat/lng הושארו ריקים. בדיקה אנושית: לא נמצאה ב-XPLAN תכנית בעיר ששמה תואם באופן מספק לשם הפרויקט.
%d7%99%d7%a2%d7%a7%d7%91-%d7%9e%d7%9c%d7%95%d7%9c-%d7%a7%d7%a8%d7%99%d7%aa-%d7%a9%d7%9e%d7%95%d7%a0%d7%94,33.221284,35.571425,https://ags.iplan.gov.il/arcgisiplan/rest/services/PlanningPublic/Xplan/MapServer/4/query?where=mp_id%3D2005093240+AND+%28mavat_name+LIKE+%27%25%D7%9E%D7%92%D7%95%D7%A8%D7%99%D7%9D%25%27+OR+mavat_name+LIKE+%27%25%D7%93%D7%99%D7%95%D7%A8%25%27%29&outFields=mp_id%2Cpl_id%2Cpl_number%2Cpl_name%2Cnum%2Cmavat_code%2Cmavat_name%2Clegal_area%2Cshape_area%2Cshape_length%2Cstation_desc%2Clast_update_date&returnGeometry=true&outSR=4326&f=geojson,בינונית,"תוקן placeholder: הצמד המקורי זהה אצל 7 פרויקטים; הוזז 1.5 ק״מ למקור המפורט. בדיקה אנושית למגרש יחיד: תכנית 217-0898288 כוללת 4 תאי מגורים (101;102;103;104); הנקודה נמצאת בתוך איחוד תאי המגורים הרשמיים, אך אין בעמוד הוכחה איזה תא הוא הפרויקט."
%d7%a9%d7%93-%d7%91%d7%9f-%d7%a6%d7%91%d7%99-%d7%99%d7%97%d7%99%d7%a2%d7%9d-%d7%94%d7%aa%d7%97%d7%93%d7%a9%d7%95%d7%aa-%d7%a2%d7%99%d7%a8%d7%95%d7%a0%d7%99%d7%aa,33.005574,35.104642,https://ags.iplan.gov.il/arcgisiplan/rest/services/PlanningPublic/Xplan/MapServer/4/query?where=mp_id%3D2005086886+AND+%28mavat_name+LIKE+%27%25%D7%9E%D7%92%D7%95%D7%A8%D7%99%D7%9D%25%27+OR+mavat_name+LIKE+%27%25%D7%93%D7%99%D7%95%D7%A8%25%27%29&outFields=mp_id%2Cpl_id%2Cpl_number%2Cpl_name%2Cnum%2Cmavat_code%2Cmavat_name%2Clegal_area%2Cshape_area%2Cshape_length%2Cstation_desc%2Clast_update_date&returnGeometry=true&outSR=4326&f=geojson,בינונית,"תוקן placeholder: הצמד המקורי זהה אצל 13 פרויקטים; הוזז 944 מ׳ למקור המפורט. בדיקה אנושית למגרש יחיד: תכנית 210-0888883 כוללת 25 תאי מגורים (801;811;812;821;831;832;861;862;871;881;882;883;891;892;911;921;931;941;951;952;953;954;961;991;1001); הנקודה נמצאת בתוך איחוד תאי המגורים הרשמיים, אך אין בעמוד הוכחה איזה תא הוא הפרויקט."
%d7%9e%d7%99%d7%9c%d7%a6%d7%9f,31.882077,34.813986,https://ags.iplan.gov.il/arcgisiplan/rest/services/PlanningPublic/Xplan/MapServer/4/query?where=mp_id%3D4005151222+AND+%28mavat_name+LIKE+%27%25%D7%9E%D7%92%D7%95%D7%A8%D7%99%D7%9D%25%27+OR+mavat_name+LIKE+%27%25%D7%93%D7%99%D7%95%D7%A8%25%27%29&outFields=mp_id%2Cpl_id%2Cpl_number%2Cpl_name%2Cnum%2Cmavat_code%2Cmavat_name%2Clegal_area%2Cshape_area%2Cshape_length%2Cstation_desc%2Clast_update_date&returnGeometry=true&outSR=4326&f=geojson,בינונית,"תוקן placeholder: הצמד המקורי זהה אצל 14 פרויקטים; הוזז 1.5 ק״מ למקור המפורט. בדיקה אנושית למגרש יחיד: תכנית תמל/ 2044 כוללת 11 תאי מגורים (101;102;103;104;107;108;109;105A;105B;106A;106B); הנקודה נמצאת בתוך איחוד תאי המגורים הרשמיים, אך אין בעמוד הוכחה איזה תא הוא הפרויקט."
%d7%94%d7%a0%d7%95%d7%a8%d7%99%d7%aa-8,31.753024,35.170043,https://ags.iplan.gov.il/arcgisiplan/rest/services/PlanningPublic/Xplan/MapServer/4/query?where=mp_id%3D1005132116+AND+%28mavat_name+LIKE+%27%25%D7%9E%D7%92%D7%95%D7%A8%D7%99%D7%9D%25%27+OR+mavat_name+LIKE+%27%25%D7%93%D7%99%D7%95%D7%A8%25%27%29&outFields=mp_id%2Cpl_id%2Cpl_number%2Cpl_name%2Cnum%2Cmavat_code%2Cmavat_name%2Clegal_area%2Cshape_area%2Cshape_length%2Cstation_desc%2Clast_update_date&returnGeometry=true&outSR=4326&f=geojson,גבוהה,תוקן placeholder: הצמד המקורי זהה אצל 197 פרויקטים; הוזז 6.0 ק״מ למקור המפורט. אומת מול תא מגורים רשמי יחיד 1 בתכנית 101-0963124; הנקודה בתוך התא הרשמי.
%d7%94%d7%aa%d7%97%d7%93%d7%a9%d7%95%d7%aa-%d7%a2%d7%99%d7%9f-%d7%92%d7%91-4-10,32.057652,34.795489,https://mavat.iplan.gov.il/SV4/1/5005089016/310,גבוהה,תוקן placeholder: הצמד המקורי זהה אצל 57 פרויקטים; הוזז 3.3 ק״מ למקור המפורט. עין גב 4-10 זהה במדויק; 144 יחידות = 54 מאושרות + 90 תוספת. הנקודה חושבה מתוך גבול התכנית הרשמי ונבדקה כנמצאת בתוכו.
%d7%91%d7%a8%d7%92%d7%a8-%d7%a2%d7%9c-%d7%94%d7%a4%d7%90%d7%a8%d7%a7,31.753171,35.195970,https://ags.iplan.gov.il/arcgisiplan/rest/services/PlanningPublic/Xplan/MapServer/4/query?where=mp_id%3D1005159830+AND+%28mavat_name+LIKE+%27%25%D7%9E%D7%92%D7%95%D7%A8%D7%99%D7%9D%25%27+OR+mavat_name+LIKE+%27%25%D7%93%D7%99%D7%95%D7%A8%25%27%29&outFields=mp_id%2Cpl_id%2Cpl_number%2Cpl_name%2Cnum%2Cmavat_code%2Cmavat_name%2Clegal_area%2Cshape_area%2Cshape_length%2Cstation_desc%2Clast_update_date&returnGeometry=true&outSR=4326&f=geojson,גבוהה,תוקן placeholder: הצמד המקורי זהה אצל 197 פרויקטים; הוזז 4.0 ק״מ למקור המפורט. אומת מול תא מגורים רשמי יחיד 100 בתכנית 101-1008176; הנקודה בתוך התא הרשמי.
%d7%94%d7%a2%d7%9c%d7%99%d7%94-%d7%94%d7%a9%d7%a0%d7%99%d7%94-20,32.832705,34.983364,https://ags.iplan.gov.il/arcgisiplan/rest/services/PlanningPublic/Xplan/MapServer/4/query?where=mp_id%3D3005107076+AND+%28mavat_name+LIKE+%27%25%D7%9E%D7%92%D7%95%D7%A8%D7%99%D7%9D%25%27+OR+mavat_name+LIKE+%27%25%D7%93%D7%99%D7%95%D7%A8%25%27%29&outFields=mp_id%2Cpl_id%2Cpl_number%2Cpl_name%2Cnum%2Cmavat_code%2Cmavat_name%2Clegal_area%2Cshape_area%2Cshape_length%2Cstation_desc%2Clast_update_date&returnGeometry=true&outSR=4326&f=geojson,בינונית,"תוקן placeholder: הצמד המקורי זהה אצל 43 פרויקטים; הוזז 2.1 ק״מ למקור המפורט. בדיקה אנושית למגרש יחיד: תכנית 304-0921189 כוללת 2 תאי מגורים (101;102); הנקודה נמצאת בתוך איחוד תאי המגורים הרשמיים, אך אין בעמוד הוכחה איזה תא הוא הפרויקט."
%d7%aa%d7%95%d7%a8-%d7%94%d7%96%d7%94%d7%91-2-6,32.163867,34.834276,https://ags.iplan.gov.il/arcgisiplan/rest/services/PlanningPublic/Xplan/MapServer/4/query?where=mp_id%3D5005184130+AND+%28mavat_name+LIKE+%27%25%D7%9E%D7%92%D7%95%D7%A8%D7%99%D7%9D%25%27+OR+mavat_name+LIKE+%27%25%D7%93%D7%99%D7%95%D7%A8%25%27%29&outFields=mp_id%2Cpl_id%2Cpl_number%2Cpl_name%2Cnum%2Cmavat_code%2Cmavat_name%2Clegal_area%2Cshape_area%2Cshape_length%2Cstation_desc%2Clast_update_date&returnGeometry=true&outSR=4326&f=geojson,בינונית,"תוקן placeholder: הצמד המקורי זהה אצל 25 פרויקטים; הוזז 1.2 ק״מ למקור המפורט. בדיקה אנושית למגרש יחיד: תכנית 504-1020759 כוללת 2 תאי מגורים (1;2); הנקודה נמצאת בתוך איחוד תאי המגורים הרשמיים, אך אין בעמוד הוכחה איזה תא הוא הפרויקט."
%d7%96%d7%91%d7%95%d7%98%d7%99%d7%a0%d7%a1%d7%a7%d7%99-%d7%9b%d7%9c%d7%a0%d7%99%d7%95%d7%aa,32.759401,34.966647,https://ags.iplan.gov.il/arcgisiplan/rest/services/PlanningPublic/Xplan/MapServer/4/query?where=mp_id%3D3005196532+AND+%28mavat_name+LIKE+%27%25%D7%9E%D7%92%D7%95%D7%A8%D7%99%D7%9D%25%27+OR+mavat_name+LIKE+%27%25%D7%93%D7%99%D7%95%D7%A8%25%27%29&outFields=mp_id%2Cpl_id%2Cpl_number%2Cpl_name%2Cnum%2Cmavat_code%2Cmavat_name%2Clegal_area%2Cshape_area%2Cshape_length%2Cstation_desc%2Clast_update_date&returnGeometry=true&outSR=4326&f=geojson,בינונית,"תוקן placeholder: הצמד המקורי זהה אצל 14 פרויקטים; הוזז 509 מ׳ למקור המפורט. בדיקה אנושית למגרש יחיד: תכנית 355-1041052 כוללת 4 תאי מגורים (6;7;8;9); הנקודה נמצאת בתוך איחוד תאי המגורים הרשמיים, אך אין בעמוד הוכחה איזה תא הוא הפרויקט."
%d7%99%d7%95%d7%a1%d7%a4%d7%98%d7%9c-5,32.093449,34.904280,https://ags.iplan.gov.il/arcgisiplan/rest/services/PlanningPublic/Xplan/MapServer/4/query?where=mp_id%3D4005067830+AND+%28mavat_name+LIKE+%27%25%D7%9E%D7%92%D7%95%D7%A8%D7%99%D7%9D%25%27+OR+mavat_name+LIKE+%27%25%D7%93%D7%99%D7%95%D7%A8%25%27%29&outFields=mp_id%2Cpl_id%2Cpl_number%2Cpl_name%2Cnum%2Cmavat_code%2Cmavat_name%2Clegal_area%2Cshape_area%2Cshape_length%2Cstation_desc%2Clast_update_date&returnGeometry=true&outSR=4326&f=geojson,בינונית,"תוקן placeholder: הצמד המקורי זהה אצל 37 פרויקטים; הוזז 1.8 ק״מ למקור המפורט. בדיקה אנושית למגרש יחיד: תכנית 410-0856021 כוללת 28 תאי מגורים (13;27;68;69;90;101;120;126;128;130;131;134;135;192;197;198;199;1000;1001;1002;1003;1004;1008;1010;1011;1013;1115;1502); הנקודה נמצאת בתוך איחוד תאי המגורים הרשמיים, אך אין בעמוד הוכחה איזה תא הוא הפרויקט."
%d7%91%d7%a8-%d7%99%d7%95%d7%97%d7%90%d7%99-1-3,31.753857,35.199174,https://ags.iplan.gov.il/arcgisiplan/rest/services/PlanningPublic/Xplan/MapServer/4/query?where=mp_id%3D1005191924+AND+%28mavat_name+LIKE+%27%25%D7%9E%D7%92%D7%95%D7%A8%D7%99%D7%9D%25%27+OR+mavat_name+LIKE+%27%25%D7%93%D7%99%D7%95%D7%A8%25%27%29&outFields=mp_id%2Cpl_id%2Cpl_number%2Cpl_name%2Cnum%2Cmavat_code%2Cmavat_name%2Clegal_area%2Cshape_area%2Cshape_length%2Cstation_desc%2Clast_update_date&returnGeometry=true&outSR=4326&f=geojson,גבוהה,תוקן placeholder: הצמד המקורי זהה אצל 197 פרויקטים; הוזז 3.7 ק״מ למקור המפורט. אומת מול תא מגורים רשמי יחיד 1 בתכנית 101-1033869; הנקודה בתוך התא הרשמי.
%d7%93%d7%95%d7%93-%d7%94%d7%9e%d7%9c%d7%9a,31.946669,34.890094,https://ags.iplan.gov.il/arcgisiplan/rest/services/PlanningPublic/Xplan/MapServer/4/query?where=mp_id%3D99005344082+AND+%28mavat_name+LIKE+%27%25%D7%9E%D7%92%D7%95%D7%A8%D7%99%D7%9D%25%27+OR+mavat_name+LIKE+%27%25%D7%93%D7%99%D7%95%D7%A8%25%27%29&outFields=mp_id%2Cpl_id%2Cpl_number%2Cpl_name%2Cnum%2Cmavat_code%2Cmavat_name%2Clegal_area%2Cshape_area%2Cshape_length%2Cstation_desc%2Clast_update_date&returnGeometry=true&outSR=4326&f=geojson,בינונית,"תוקן placeholder: הצמד המקורי זהה אצל 13 פרויקטים; הוזז 291 מ׳ למקור המפורט. בדיקה אנושית למגרש יחיד: תכנית תמל/ 2046/ א כוללת 18 תאי מגורים (101;102;103;104;105;106;107;108;109;110;111;112;113;114;115;116;117;900); הנקודה נמצאת בתוך איחוד תאי המגורים הרשמיים, אך אין בעמוד הוכחה איזה תא הוא הפרויקט."
%d7%92%d7%99%d7%95%d7%a8%d7%90-%d7%93%d7%a8%d7%95%d7%9d,32.152258,34.875577,https://ags.iplan.gov.il/arcgisiplan/rest/services/PlanningPublic/Xplan/MapServer/4/query?where=mp_id%3D4005114166+AND+%28mavat_name+LIKE+%27%25%D7%9E%D7%92%D7%95%D7%A8%D7%99%D7%9D%25%27+OR+mavat_name+LIKE+%27%25%D7%93%D7%99%D7%95%D7%A8%25%27%29&outFields=mp_id%2Cpl_id%2Cpl_number%2Cpl_name%2Cnum%2Cmavat_code%2Cmavat_name%2Clegal_area%2Cshape_area%2Cshape_length%2Cstation_desc%2Clast_update_date&returnGeometry=true&outSR=4326&f=geojson,בינונית,"תוקן placeholder: הצמד המקורי זהה אצל 6 פרויקטים; הוזז 1.7 ק״מ למקור המפורט. בדיקה אנושית למגרש יחיד: תכנית 423-0932863 כוללת 2 תאי מגורים (10;11); הנקודה נמצאת בתוך איחוד תאי המגורים הרשמיים, אך אין בעמוד הוכחה איזה תא הוא הפרויקט."
%d7%92%d7%91-599-%d7%9e%d7%aa%d7%97%d7%9d-%d7%a6%d7%99%d7%a4%d7%95%d7%a8%d7%9f,32.074192,34.801577,https://ags.iplan.gov.il/arcgisiplan/rest/services/PlanningPublic/Xplan/MapServer/4/query?where=mp_id%3D5000275335+AND+%28mavat_name+LIKE+%27%25%D7%9E%D7%92%D7%95%D7%A8%D7%99%D7%9D%25%27+OR+mavat_name+LIKE+%27%25%D7%93%D7%99%D7%95%D7%A8%25%27%29&outFields=mp_id%2Cpl_id%2Cpl_number%2Cpl_name%2Cnum%2Cmavat_code%2Cmavat_name%2Clegal_area%2Cshape_area%2Cshape_length%2Cstation_desc%2Clast_update_date&returnGeometry=true&outSR=4326&f=geojson,בינונית,"תוקן placeholder: הצמד המקורי זהה אצל 24 פרויקטים; הוזז 929 מ׳ למקור המפורט. בדיקה אנושית למגרש יחיד: תכנית 503-0153338 כוללת 2 תאי מגורים (101;102); הנקודה נמצאת בתוך איחוד תאי המגורים הרשמיים, אך אין בעמוד הוכחה איזה תא הוא הפרויקט."
%d7%92%d7%91-661-%d7%92%d7%95%d7%9c%d7%95%d7%9e%d7%91-2-28,32.068899,34.809717,https://ags.iplan.gov.il/arcgisiplan/rest/services/PlanningPublic/Xplan/MapServer/4/query?where=mp_id%3D5000887083+AND+%28mavat_name+LIKE+%27%25%D7%9E%D7%92%D7%95%D7%A8%D7%99%D7%9D%25%27+OR+mavat_name+LIKE+%27%25%D7%93%D7%99%D7%95%D7%A8%25%27%29&outFields=mp_id%2Cpl_id%2Cpl_number%2Cpl_name%2Cnum%2Cmavat_code%2Cmavat_name%2Clegal_area%2Cshape_area%2Cshape_length%2Cstation_desc%2Clast_update_date&returnGeometry=true&outSR=4326&f=geojson,בינונית,"תוקן placeholder: הצמד המקורי זהה אצל 24 פרויקטים; הוזז 477 מ׳ למקור המפורט. בדיקה אנושית למגרש יחיד: תכנית 503-0549048 כוללת 2 תאי מגורים (1;2); הנקודה נמצאת בתוך איחוד תאי המגורים הרשמיים, אך אין בעמוד הוכחה איזה תא הוא הפרויקט."
%d7%99%d7%aa%d7%93-%d7%91%d7%91%d7%a8%d7%96%d7%99%d7%9c,31.764191,35.172137,https://ags.iplan.gov.il/arcgisiplan/rest/services/PlanningPublic/Xplan/MapServer/4/query?where=mp_id%3D1005189618+AND+%28mavat_name+LIKE+%27%25%D7%9E%D7%92%D7%95%D7%A8%D7%99%D7%9D%25%27+OR+mavat_name+LIKE+%27%25%D7%93%D7%99%D7%95%D7%A8%25%27%29&outFields=mp_id%2Cpl_id%2Cpl_number%2Cpl_name%2Cnum%2Cmavat_code%2Cmavat_name%2Clegal_area%2Cshape_area%2Cshape_length%2Cstation_desc%2Clast_update_date&returnGeometry=true&outSR=4326&f=geojson,גבוהה,תוקן placeholder: הצמד המקורי זהה אצל 197 פרויקטים; הוזז 5.3 ק״מ למקור המפורט. אומת מול תא מגורים רשמי יחיד 1 בתכנית 101-1030428; הנקודה בתוך התא הרשמי.
%d7%94%d7%a8%d7%a6%d7%9c-88-%d7%a8%d7%97%d7%9c-%d7%94%d7%9e%d7%a9%d7%95%d7%a8%d7%a8%d7%aa-20,31.782039,35.188839,https://ags.iplan.gov.il/arcgisiplan/rest/services/PlanningPublic/Xplan/MapServer/4/query?where=mp_id%3D1005087060+AND+%28mavat_name+LIKE+%27%25%D7%9E%D7%92%D7%95%D7%A8%D7%99%D7%9D%25%27+OR+mavat_name+LIKE+%27%25%D7%93%D7%99%D7%95%D7%A8%25%27%29&outFields=mp_id%2Cpl_id%2Cpl_number%2Cpl_name%2Cnum%2Cmavat_code%2Cmavat_name%2Clegal_area%2Cshape_area%2Cshape_length%2Cstation_desc%2Clast_update_date&returnGeometry=true&outSR=4326&f=geojson,בינונית,"תוקן placeholder: הצמד המקורי זהה אצל 197 פרויקטים; הוזז 3.5 ק״מ למקור המפורט. בדיקה אנושית למגרש יחיד: תכנית 101-0889154 כוללת 3 תאי מגורים (1;2;3); הנקודה נמצאת בתוך איחוד תאי המגורים הרשמיים, אך אין בעמוד הוכחה איזה תא הוא הפרויקט."
%d7%a8%d7%97%d7%95%d7%91-%d7%91%d7%95%d7%a8%d7%9e%d7%94-20-38,32.042373,34.772731,https://mavat.iplan.gov.il/SV4/1/5005093184/310,גבוהה,"תוקן placeholder: הצמד המקורי זהה אצל 57 פרויקטים; הוזז 4.8 ק״מ למקור המפורט. בורמה 20-38 זהה במדויק; כמות XPLAN היא 198 לעומת 200 בפרויקט, סטייה זניחה של שתי יחידות. הנקודה חושבה מתוך גבול התכנית הרשמי ונבדקה כנמצאת בתוכו."
%d7%94%d7%9e%d7%90%d7%91%d7%a7-4-10,32.065812,34.808401,https://ags.iplan.gov.il/arcgisiplan/rest/services/PlanningPublic/Xplan/MapServer/4/query?where=mp_id%3D5000350505+AND+%28mavat_name+LIKE+%27%25%D7%9E%D7%92%D7%95%D7%A8%D7%99%D7%9D%25%27+OR+mavat_name+LIKE+%27%25%D7%93%D7%99%D7%95%D7%A8%25%27%29&outFields=mp_id%2Cpl_id%2Cpl_number%2Cpl_name%2Cnum%2Cmavat_code%2Cmavat_name%2Clegal_area%2Cshape_area%2Cshape_length%2Cstation_desc%2Clast_update_date&returnGeometry=true&outSR=4326&f=geojson,גבוהה,תוקן placeholder: הצמד המקורי זהה אצל 24 פרויקטים; הוזז 841 מ׳ למקור המפורט. אומת מול תא מגורים רשמי יחיד 1 בתכנית 503-0300525; הנקודה בתוך התא הרשמי.
%d7%90%d7%9c%d7%99-%d7%9b%d7%94%d7%9f-%d7%94%d7%a1%d7%a0%d7%94-%d7%94%d7%a7%d7%99%d7%a7%d7%99%d7%95%d7%9f,31.666516,34.563904,https://ags.iplan.gov.il/arcgisiplan/rest/services/PlanningPublic/Xplan/MapServer/4/query?where=mp_id%3D99005389372+AND+%28mavat_name+LIKE+%27%25%D7%9E%D7%92%D7%95%D7%A8%D7%99%D7%9D%25%27+OR+mavat_name+LIKE+%27%25%D7%93%D7%99%D7%95%D7%A8%25%27%29&outFields=mp_id%2Cpl_id%2Cpl_number%2Cpl_name%2Cnum%2Cmavat_code%2Cmavat_name%2Clegal_area%2Cshape_area%2Cshape_length%2Cstation_desc%2Clast_update_date&returnGeometry=true&outSR=4326&f=geojson,בינונית,"תוקן placeholder: הצמד המקורי זהה אצל 10 פרויקטים; הוזז 171 מ׳ למקור המפורט. בדיקה אנושית למגרש יחיד: תכנית תמל/ 2065 כוללת 8 תאי מגורים (100;101;102;103;104;105;106;107); הנקודה נמצאת בתוך איחוד תאי המגורים הרשמיים, אך אין בעמוד הוכחה איזה תא הוא הפרויקט."
%d7%90%d7%99%d7%9c%d7%aa-38-46,32.016778,34.764359,https://ags.iplan.gov.il/arcgisiplan/rest/services/PlanningPublic/Xplan/MapServer/4/query?where=mp_id%3D5005426398+AND+%28mavat_name+LIKE+%27%25%D7%9E%D7%92%D7%95%D7%A8%D7%99%D7%9D%25%27+OR+mavat_name+LIKE+%27%25%D7%93%D7%99%D7%95%D7%A8%25%27%29&outFields=mp_id%2Cpl_id%2Cpl_number%2Cpl_name%2Cnum%2Cmavat_code%2Cmavat_name%2Clegal_area%2Cshape_area%2Cshape_length%2Cstation_desc%2Clast_update_date&returnGeometry=true&outSR=4326&f=geojson,גבוהה,תוקן placeholder: הצמד המקורי זהה אצל 25 פרויקטים; הוזז 1.5 ק״מ למקור המפורט. אומת מול תא מגורים רשמי יחיד 100 בתכנית 505-1409374; הנקודה בתוך התא הרשמי.
%d7%97%d7%a0%d7%a7%d7%99%d7%9f-57-61,32.021018,34.779136,https://ags.iplan.gov.il/arcgisiplan/rest/services/PlanningPublic/Xplan/MapServer/4/query?where=mp_id%3D5005100976+AND+%28mavat_name+LIKE+%27%25%D7%9E%D7%92%D7%95%D7%A8%D7%99%D7%9D%25%27+OR+mavat_name+LIKE+%27%25%D7%93%D7%99%D7%95%D7%A8%25%27%29&outFields=mp_id%2Cpl_id%2Cpl_number%2Cpl_name%2Cnum%2Cmavat_code%2Cmavat_name%2Clegal_area%2Cshape_area%2Cshape_length%2Cstation_desc%2Clast_update_date&returnGeometry=true&outSR=4326&f=geojson,גבוהה,תוקן placeholder: הצמד המקורי זהה אצל 25 פרויקטים; הוזז 224 מ׳ למקור המפורט. אומת מול תא מגורים רשמי יחיד 1 בתכנית 505-0911826; הנקודה בתוך התא הרשמי.
%d7%94%d7%a8%d7%91-%d7%a9%d7%90%d7%95%d7%9c%d7%99-%d7%90%d7%91%d7%99%d7%a1%d7%a8%d7%95%d7%a8,31.798412,34.643768,https://ags.iplan.gov.il/arcgisiplan/rest/services/PlanningPublic/Xplan/MapServer/4/query?where=mp_id%3D6000974759+AND+%28mavat_name+LIKE+%27%25%D7%9E%D7%92%D7%95%D7%A8%D7%99%D7%9D%25%27+OR+mavat_name+LIKE+%27%25%D7%93%D7%99%D7%95%D7%A8%25%27%29&outFields=mp_id%2Cpl_id%2Cpl_number%2Cpl_name%2Cnum%2Cmavat_code%2Cmavat_name%2Clegal_area%2Cshape_area%2Cshape_length%2Cstation_desc%2Clast_update_date&returnGeometry=true&outSR=4326&f=geojson,בינונית,"תוקן placeholder: הצמד המקורי זהה אצל 17 פרויקטים; הוזז 875 מ׳ למקור המפורט. בדיקה אנושית למגרש יחיד: תכנית 603-0704064 כוללת 3 תאי מגורים (1;2;3); הנקודה נמצאת בתוך איחוד תאי המגורים הרשמיים, אך אין בעמוד הוכחה איזה תא הוא הפרויקט."
%d7%94%d7%a8%d7%91-%d7%9e%d7%99%d7%9e%d7%95%d7%9f-2,31.801621,34.653010,https://ags.iplan.gov.il/arcgisiplan/rest/services/PlanningPublic/Xplan/MapServer/4/query?where=mp_id%3D6001022055+AND+%28mavat_name+LIKE+%27%25%D7%9E%D7%92%D7%95%D7%A8%D7%99%D7%9D%25%27+OR+mavat_name+LIKE+%27%25%D7%93%D7%99%D7%95%D7%A8%25%27%29&outFields=mp_id%2Cpl_id%2Cpl_number%2Cpl_name%2Cnum%2Cmavat_code%2Cmavat_name%2Clegal_area%2Cshape_area%2Cshape_length%2Cstation_desc%2Clast_update_date&returnGeometry=true&outSR=4326&f=geojson,בינונית,"תוקן placeholder: הצמד המקורי זהה אצל 17 פרויקטים; הוזז 433 מ׳ למקור המפורט. בדיקה אנושית למגרש יחיד: תכנית תמל/ 2047 כוללת 12 תאי מגורים (101;102;103;104;105;106;107;108;109;110;111;112); הנקודה נמצאת בתוך איחוד תאי המגורים הרשמיים, אך אין בעמוד הוכחה איזה תא הוא הפרויקט."
%d7%90%d7%99%d7%9c%d7%aa-72-74,32.009944,34.764461,https://ags.iplan.gov.il/arcgisiplan/rest/services/PlanningPublic/Xplan/MapServer/4/query?where=mp_id%3D5005132232+AND+%28mavat_name+LIKE+%27%25%D7%9E%D7%92%D7%95%D7%A8%D7%99%D7%9D%25%27+OR+mavat_name+LIKE+%27%25%D7%93%D7%99%D7%95%D7%A8%25%27%29&outFields=mp_id%2Cpl_id%2Cpl_number%2Cpl_name%2Cnum%2Cmavat_code%2Cmavat_name%2Clegal_area%2Cshape_area%2Cshape_length%2Cstation_desc%2Clast_update_date&returnGeometry=true&outSR=4326&f=geojson,גבוהה,תוקן placeholder: הצמד המקורי זהה אצל 25 פרויקטים; הוזז 1.8 ק״מ למקור המפורט. אומת מול תא מגורים רשמי יחיד 2 בתכנית 505-0963314; הנקודה בתוך התא הרשמי.
%d7%90%d7%91%d7%a9%d7%9c%d7%95%d7%9d-%d7%97%d7%91%d7%99%d7%91-%d7%9e%d7%aa%d7%97%d7%9d-%d7%93,31.751755,35.237085,https://ags.iplan.gov.il/arcgisiplan/rest/services/PlanningPublic/Xplan/MapServer/4/query?where=mp_id%3D1005149986+AND+%28mavat_name+LIKE+%27%25%D7%9E%D7%92%D7%95%D7%A8%D7%99%D7%9D%25%27+OR+mavat_name+LIKE+%27%25%D7%93%D7%99%D7%95%D7%A8%25%27%29&outFields=mp_id%2Cpl_id%2Cpl_number%2Cpl_name%2Cnum%2Cmavat_code%2Cmavat_name%2Clegal_area%2Cshape_area%2Cshape_length%2Cstation_desc%2Clast_update_date&returnGeometry=true&outSR=4326&f=geojson,גבוהה,תוקן placeholder: הצמד המקורי זהה אצל 197 פרויקטים; הוזז 3.2 ק״מ למקור המפורט. אומת מול תא מגורים רשמי יחיד 101 בתכנית 101-0992032; הנקודה בתוך התא הרשמי.
%d7%a2%d7%95%d7%9c%d7%99-%d7%94%d7%92%d7%a8%d7%93%d7%95%d7%9d,31.650772,34.555875,https://ags.iplan.gov.il/arcgisiplan/rest/services/PlanningPublic/Xplan/MapServer/4/query?where=mp_id%3D6005212662+AND+%28mavat_name+LIKE+%27%25%D7%9E%D7%92%D7%95%D7%A8%D7%99%D7%9D%25%27+OR+mavat_name+LIKE+%27%25%D7%93%D7%99%D7%95%D7%A8%25%27%29&outFields=mp_id%2Cpl_id%2Cpl_number%2Cpl_name%2Cnum%2Cmavat_code%2Cmavat_name%2Clegal_area%2Cshape_area%2Cshape_length%2Cstation_desc%2Clast_update_date&returnGeometry=true&outSR=4326&f=geojson,בינונית,"תוקן placeholder: הצמד המקורי זהה אצל 10 פרויקטים; הוזז 1.8 ק״מ למקור המפורט. בדיקה אנושית למגרש יחיד: תכנית תמל/ 2041 כוללת 5 תאי מגורים (101;102;103;104;201); הנקודה נמצאת בתוך איחוד תאי המגורים הרשמיים, אך אין בעמוד הוכחה איזה תא הוא הפרויקט."
%d7%90%d7%93%d7%9e%d7%95%d7%a0%d7%93-%d7%a4%d7%9c%d7%92,32.822851,34.970915,https://ags.iplan.gov.il/arcgisiplan/rest/services/PlanningPublic/Xplan/MapServer/4/query?where=mp_id%3D3005211830+AND+%28mavat_name+LIKE+%27%25%D7%9E%D7%92%D7%95%D7%A8%D7%99%D7%9D%25%27+OR+mavat_name+LIKE+%27%25%D7%93%D7%99%D7%95%D7%A8%25%27%29&outFields=mp_id%2Cpl_id%2Cpl_number%2Cpl_name%2Cnum%2Cmavat_code%2Cmavat_name%2Clegal_area%2Cshape_area%2Cshape_length%2Cstation_desc%2Clast_update_date&returnGeometry=true&outSR=4326&f=geojson,בינונית,"תוקן placeholder: הצמד המקורי זהה אצל 43 פרויקטים; הוזז 2.6 ק״מ למקור המפורט. בדיקה אנושית למגרש יחיד: תכנית 304-1067727 כוללת 2 תאי מגורים (201;202); הנקודה נמצאת בתוך איחוד תאי המגורים הרשמיים, אך אין בעמוד הוכחה איזה תא הוא הפרויקט."
%d7%a8%d7%91%d7%99-%d7%a2%d7%a7%d7%99%d7%91%d7%90,32.154068,34.844812,https://ags.iplan.gov.il/arcgisiplan/rest/services/PlanningPublic/Xplan/MapServer/4/query?where=mp_id%3D5005051574+AND+%28mavat_name+LIKE+%27%25%D7%9E%D7%92%D7%95%D7%A8%D7%99%D7%9D%25%27+OR+mavat_name+LIKE+%27%25%D7%93%D7%99%D7%95%D7%A8%25%27%29&outFields=mp_id%2Cpl_id%2Cpl_number%2Cpl_name%2Cnum%2Cmavat_code%2Cmavat_name%2Clegal_area%2Cshape_area%2Cshape_length%2Cstation_desc%2Clast_update_date&returnGeometry=true&outSR=4326&f=geojson,בינונית,"תוקן placeholder: הצמד המקורי זהה אצל 25 פרויקטים; הוזז 1.3 ק״מ למקור המפורט. בדיקה אנושית למגרש יחיד: תכנית 504-0828335 כוללת 6 תאי מגורים (101;102;103;104;105;106); הנקודה נמצאת בתוך איחוד תאי המגורים הרשמיים, אך אין בעמוד הוכחה איזה תא הוא הפרויקט."
%d7%90%d7%99%d7%a1%d7%9c%d7%a0%d7%93,31.760083,35.165241,https://ags.iplan.gov.il/arcgisiplan/rest/services/PlanningPublic/Xplan/MapServer/4/query?where=mp_id%3D1005208800+AND+%28mavat_name+LIKE+%27%25%D7%9E%D7%92%D7%95%D7%A8%D7%99%D7%9D%25%27+OR+mavat_name+LIKE+%27%25%D7%93%D7%99%D7%95%D7%A8%25%27%29&outFields=mp_id%2Cpl_id%2Cpl_number%2Cpl_name%2Cnum%2Cmavat_code%2Cmavat_name%2Clegal_area%2Cshape_area%2Cshape_length%2Cstation_desc%2Clast_update_date&returnGeometry=true&outSR=4326&f=geojson,בינונית,"תוקן placeholder: הצמד המקורי זהה אצל 197 פרויקטים; הוזז 6.1 ק״מ למקור המפורט. בדיקה אנושית למגרש יחיד: תכנית 101-1062678 כוללת 4 תאי מגורים (140;141;142;143); הנקודה נמצאת בתוך איחוד תאי המגורים הרשמיים, אך אין בעמוד הוכחה איזה תא הוא הפרויקט."
%d7%a4%d7%99%d7%a0%d7%95%d7%99-%d7%91%d7%99%d7%a0%d7%95%d7%99-%d7%9e%d7%aa%d7%97%d7%9d-%d7%9e%d7%92%d7%93%d7%9c-%d7%a8%d7%a2-%d7%9e%d7%a7-859-%d7%90,32.186827,34.865242,https://ags.iplan.gov.il/arcgisiplan/rest/services/PlanningPublic/Xplan/MapServer/4/query?where=mp_id%3D4005052056+AND+%28mavat_name+LIKE+%27%25%D7%9E%D7%92%D7%95%D7%A8%D7%99%D7%9D%25%27+OR+mavat_name+LIKE+%27%25%D7%93%D7%99%D7%95%D7%A8%25%27%29&outFields=mp_id%2Cpl_id%2Cpl_number%2Cpl_name%2Cnum%2Cmavat_code%2Cmavat_name%2Clegal_area%2Cshape_area%2Cshape_length%2Cstation_desc%2Clast_update_date&returnGeometry=true&outSR=4326&f=geojson,גבוהה,תוקן placeholder: הצמד המקורי זהה אצל 6 פרויקטים; הוזז 260 מ׳ למקור המפורט. אומת מול תא מגורים רשמי יחיד 1 בתכנית 416-0829135; הנקודה בתוך התא הרשמי.
%d7%90%d7%a9%d7%a8-2-6,31.758556,35.216219,https://ags.iplan.gov.il/arcgisiplan/rest/services/PlanningPublic/Xplan/MapServer/4/query?where=mp_id%3D1001030381+AND+%28mavat_name+LIKE+%27%25%D7%9E%D7%92%D7%95%D7%A8%D7%99%D7%9D%25%27+OR+mavat_name+LIKE+%27%25%D7%93%D7%99%D7%95%D7%A8%25%27%29&outFields=mp_id%2Cpl_id%2Cpl_number%2Cpl_name%2Cnum%2Cmavat_code%2Cmavat_name%2Clegal_area%2Cshape_area%2Cshape_length%2Cstation_desc%2Clast_update_date&returnGeometry=true&outSR=4326&f=geojson,גבוהה,תוקן placeholder: הצמד המקורי זהה אצל 197 פרויקטים; הוזז 2.4 ק״מ למקור המפורט. אומת מול תא מגורים רשמי יחיד 1 בתכנית 101-0791319; הנקודה בתוך התא הרשמי.
%d7%94%d7%aa%d7%97%d7%93%d7%a9%d7%95%d7%aa-%d7%a2%d7%99%d7%a8%d7%95%d7%a0%d7%99%d7%aa-%d7%91%d7%a8%d7%97%d7%95%d7%91-%d7%91%d7%9f-%d7%99%d7%95%d7%a1%d7%a3-22-48,31.749695,35.235405,https://ags.iplan.gov.il/arcgisiplan/rest/services/PlanningPublic/Xplan/MapServer/4/query?where=mp_id%3D1005162078+AND+%28mavat_name+LIKE+%27%25%D7%9E%D7%92%D7%95%D7%A8%D7%99%D7%9D%25%27+OR+mavat_name+LIKE+%27%25%D7%93%D7%99%D7%95%D7%A8%25%27%29&outFields=mp_id%2Cpl_id%2Cpl_number%2Cpl_name%2Cnum%2Cmavat_code%2Cmavat_name%2Clegal_area%2Cshape_area%2Cshape_length%2Cstation_desc%2Clast_update_date&returnGeometry=true&outSR=4326&f=geojson,בינונית,"תוקן placeholder: הצמד המקורי זהה אצל 197 פרויקטים; הוזז 3.4 ק״מ למקור המפורט. בדיקה אנושית למגרש יחיד: תכנית 101-1011840 כוללת 4 תאי מגורים (1;2;3;4); הנקודה נמצאת בתוך איחוד תאי המגורים הרשמיים, אך אין בעמוד הוכחה איזה תא הוא הפרויקט."
%d7%94%d7%91%d7%99%d7%aa-%d7%91%d7%a9%d7%95%d7%9e%d7%a8,31.754241,35.196742,https://ags.iplan.gov.il/arcgisiplan/rest/services/PlanningPublic/Xplan/MapServer/4/query?where=mp_id%3D1005124814+AND+%28mavat_name+LIKE+%27%25%D7%9E%D7%92%D7%95%D7%A8%D7%99%D7%9D%25%27+OR+mavat_name+LIKE+%27%25%D7%93%D7%99%D7%95%D7%A8%25%27%29&outFields=mp_id%2Cpl_id%2Cpl_number%2Cpl_name%2Cnum%2Cmavat_code%2Cmavat_name%2Clegal_area%2Cshape_area%2Cshape_length%2Cstation_desc%2Clast_update_date&returnGeometry=true&outSR=4326&f=geojson,גבוהה,תוקן placeholder: הצמד המקורי זהה אצל 197 פרויקטים; הוזז 3.9 ק״מ למקור המפורט. אומת מול תא מגורים רשמי יחיד 1 בתכנית 101-0950493; הנקודה בתוך התא הרשמי.
%d7%99%d7%a6%d7%97%d7%a7-%d7%a9%d7%93%d7%94-%d7%94%d7%a9%d7%95%d7%9e%d7%a8,31.753918,35.195738,https://ags.iplan.gov.il/arcgisiplan/rest/services/PlanningPublic/Xplan/MapServer/4/query?where=mp_id%3D1005156158+AND+%28mavat_name+LIKE+%27%25%D7%9E%D7%92%D7%95%D7%A8%D7%99%D7%9D%25%27+OR+mavat_name+LIKE+%27%25%D7%93%D7%99%D7%95%D7%A8%25%27%29&outFields=mp_id%2Cpl_id%2Cpl_number%2Cpl_name%2Cnum%2Cmavat_code%2Cmavat_name%2Clegal_area%2Cshape_area%2Cshape_length%2Cstation_desc%2Clast_update_date&returnGeometry=true&outSR=4326&f=geojson,גבוהה,תוקן placeholder: הצמד המקורי זהה אצל 197 פרויקטים; הוזז 4.0 ק״מ למקור המפורט. אומת מול תא מגורים רשמי יחיד 1 בתכנית 101-1002054; הנקודה בתוך התא הרשמי.
%d7%99%d7%95%d7%90%d7%91,32.829737,34.975711,https://ags.iplan.gov.il/arcgisiplan/rest/services/PlanningPublic/Xplan/MapServer/4/query?where=mp_id%3D3005180338+AND+%28mavat_name+LIKE+%27%25%D7%9E%D7%92%D7%95%D7%A8%D7%99%D7%9D%25%27+OR+mavat_name+LIKE+%27%25%D7%93%D7%99%D7%95%D7%A8%25%27%29&outFields=mp_id%2Cpl_id%2Cpl_number%2Cpl_name%2Cnum%2Cmavat_code%2Cmavat_name%2Clegal_area%2Cshape_area%2Cshape_length%2Cstation_desc%2Clast_update_date&returnGeometry=true&outSR=4326&f=geojson,בינונית,"תוקן placeholder: הצמד המקורי זהה אצל 43 פרויקטים; הוזז 2.4 ק״מ למקור המפורט. בדיקה אנושית למגרש יחיד: תכנית 304-1014257 כוללת 2 תאי מגורים (201;202); הנקודה נמצאת בתוך איחוד תאי המגורים הרשמיים, אך אין בעמוד הוכחה איזה תא הוא הפרויקט."
%d7%92%d7%9f-%d7%a0%d7%93%d7%99%d7%a8,32.762985,34.968246,https://ags.iplan.gov.il/arcgisiplan/rest/services/PlanningPublic/Xplan/MapServer/4/query?where=mp_id%3D3005125128+AND+%28mavat_name+LIKE+%27%25%D7%9E%D7%92%D7%95%D7%A8%D7%99%D7%9D%25%27+OR+mavat_name+LIKE+%27%25%D7%93%D7%99%D7%95%D7%A8%25%27%29&outFields=mp_id%2Cpl_id%2Cpl_number%2Cpl_name%2Cnum%2Cmavat_code%2Cmavat_name%2Clegal_area%2Cshape_area%2Cshape_length%2Cstation_desc%2Clast_update_date&returnGeometry=true&outSR=4326&f=geojson,בינונית,"תוקן placeholder: הצמד המקורי זהה אצל 14 פרויקטים; הוזז 357 מ׳ למקור המפורט. בדיקה אנושית למגרש יחיד: תכנית 355-0951137 כוללת 2 תאי מגורים (98;99); הנקודה נמצאת בתוך איחוד תאי המגורים הרשמיים, אך אין בעמוד הוכחה איזה תא הוא הפרויקט."
%d7%a1%d7%a8%d7%9c%d7%99%d7%9f,32.022762,34.785168,https://mavat.iplan.gov.il/SV4/1/5005214842/310,גבוהה,"תוקן placeholder: הצמד המקורי זהה אצל 25 פרויקטים; הוזז 590 מ׳ למקור המפורט. תכנית ההתחדשות סרלין 36,38 בחולון; 89 יחידות = 32 מאושרות + 57 תוספת. הנקודה חושבה מתוך גבול התכנית הרשמי ונבדקה כנמצאת בתוכו."
%d7%98%d7%a9%d7%a8%d7%a0%d7%99%d7%97%d7%95%d7%91%d7%a1%d7%a7%d7%99-52-54-55,31.764417,35.203701,https://ags.iplan.gov.il/arcgisiplan/rest/services/PlanningPublic/Xplan/MapServer/4/query?where=mp_id%3D1005094114+AND+%28mavat_name+LIKE+%27%25%D7%9E%D7%92%D7%95%D7%A8%D7%99%D7%9D%25%27+OR+mavat_name+LIKE+%27%25%D7%93%D7%99%D7%95%D7%A8%25%27%29&outFields=mp_id%2Cpl_id%2Cpl_number%2Cpl_name%2Cnum%2Cmavat_code%2Cmavat_name%2Clegal_area%2Cshape_area%2Cshape_length%2Cstation_desc%2Clast_update_date&returnGeometry=true&outSR=4326&f=geojson,בינונית,"תוקן placeholder: הצמד המקורי זהה אצל 197 פרויקטים; הוזז 2.6 ק״מ למקור המפורט. בדיקה אנושית למגרש יחיד: תכנית 101-0899880 כוללת 2 תאי מגורים (1;2); הנקודה נמצאת בתוך איחוד תאי המגורים הרשמיים, אך אין בעמוד הוכחה איזה תא הוא הפרויקט."
%d7%a9%d7%9c%d7%95%d7%9d-%d7%a6%d7%90%d7%9c%d7%97,32.077807,34.911538,https://ags.iplan.gov.il/arcgisiplan/rest/services/PlanningPublic/Xplan/MapServer/4/query?where=mp_id%3D4005181232+AND+%28mavat_name+LIKE+%27%25%D7%9E%D7%92%D7%95%D7%A8%D7%99%D7%9D%25%27+OR+mavat_name+LIKE+%27%25%D7%93%D7%99%D7%95%D7%A8%25%27%29&outFields=mp_id%2Cpl_id%2Cpl_number%2Cpl_name%2Cnum%2Cmavat_code%2Cmavat_name%2Clegal_area%2Cshape_area%2Cshape_length%2Cstation_desc%2Clast_update_date&returnGeometry=true&outSR=4326&f=geojson,בינונית,"תוקן placeholder: הצמד המקורי זהה אצל 37 פרויקטים; הוזז 2.6 ק״מ למקור המפורט. בדיקה אנושית למגרש יחיד: תכנית 410-1015734 כוללת 2 תאי מגורים (100;101); הנקודה נמצאת בתוך איחוד תאי המגורים הרשמיים, אך אין בעמוד הוכחה איזה תא הוא הפרויקט."
%d7%a9%d7%9e%d7%95%d7%90%d7%9c-%d7%94%d7%a0%d7%91%d7%99%d7%90-%d7%a2%d7%a5-%d7%94%d7%93%d7%a8,31.795714,35.220652,https://ags.iplan.gov.il/arcgisiplan/rest/services/PlanningPublic/Xplan/MapServer/4/query?where=mp_id%3D1005130630+AND+%28mavat_name+LIKE+%27%25%D7%9E%D7%92%D7%95%D7%A8%D7%99%D7%9D%25%27+OR+mavat_name+LIKE+%27%25%D7%93%D7%99%D7%95%D7%A8%25%27%29&outFields=mp_id%2Cpl_id%2Cpl_number%2Cpl_name%2Cnum%2Cmavat_code%2Cmavat_name%2Clegal_area%2Cshape_area%2Cshape_length%2Cstation_desc%2Clast_update_date&returnGeometry=true&outSR=4326&f=geojson,גבוהה,תוקן placeholder: הצמד המקורי זהה אצל 197 פרויקטים; הוזז 1.9 ק״מ למקור המפורט. אומת מול תא מגורים רשמי יחיד 1 בתכנית 101-0960567; הנקודה בתוך התא הרשמי.
%d7%a9%d7%98%d7%a8%d7%9f-47,31.753262,35.176404,https://ags.iplan.gov.il/arcgisiplan/rest/services/PlanningPublic/Xplan/MapServer/4/query?where=mp_id%3D1000980721+AND+%28mavat_name+LIKE+%27%25%D7%9E%D7%92%D7%95%D7%A8%D7%99%D7%9D%25%27+OR+mavat_name+LIKE+%27%25%D7%93%D7%99%D7%95%D7%A8%25%27%29&outFields=mp_id%2Cpl_id%2Cpl_number%2Cpl_name%2Cnum%2Cmavat_code%2Cmavat_name%2Clegal_area%2Cshape_area%2Cshape_length%2Cstation_desc%2Clast_update_date&returnGeometry=true&outSR=4326&f=geojson,גבוהה,תוקן placeholder: הצמד המקורי זהה אצל 197 פרויקטים; הוזז 5.5 ק״מ למקור המפורט. אומת מול תא מגורים רשמי יחיד 1 בתכנית 101-0714188; הנקודה בתוך התא הרשמי.
%d7%a9%d7%a4%d7%99%d7%a0%d7%95%d7%96%d7%94,32.023660,34.804252,https://ags.iplan.gov.il/arcgisiplan/rest/services/PlanningPublic/Xplan/MapServer/4/query?where=mp_id%3D5005107492+AND+%28mavat_name+LIKE+%27%25%D7%9E%D7%92%D7%95%D7%A8%D7%99%D7%9D%25%27+OR+mavat_name+LIKE+%27%25%D7%93%D7%99%D7%95%D7%A8%25%27%29&outFields=mp_id%2Cpl_id%2Cpl_number%2Cpl_name%2Cnum%2Cmavat_code%2Cmavat_name%2Clegal_area%2Cshape_area%2Cshape_length%2Cstation_desc%2Clast_update_date&returnGeometry=true&outSR=4326&f=geojson,גבוהה,תוקן placeholder: הצמד המקורי זהה אצל 5 פרויקטים; הוזז 529 מ׳ למקור המפורט. אומת מול תא מגורים רשמי יחיד 100 בתכנית 554-0921791; הנקודה בתוך התא הרשמי.
%d7%a9%d7%a4%d7%99%d7%a8%d7%90-2,31.657875,34.553227,https://ags.iplan.gov.il/arcgisiplan/rest/services/PlanningPublic/Xplan/MapServer/4/query?where=mp_id%3D6000954335+AND+%28mavat_name+LIKE+%27%25%D7%9E%D7%92%D7%95%D7%A8%D7%99%D7%9D%25%27+OR+mavat_name+LIKE+%27%25%D7%93%D7%99%D7%95%D7%A8%25%27%29&outFields=mp_id%2Cpl_id%2Cpl_number%2Cpl_name%2Cnum%2Cmavat_code%2Cmavat_name%2Clegal_area%2Cshape_area%2Cshape_length%2Cstation_desc%2Clast_update_date&returnGeometry=true&outSR=4326&f=geojson,בינונית,"תוקן placeholder: הצמד המקורי זהה אצל 10 פרויקטים; הוזז 1.4 ק״מ למקור המפורט. בדיקה אנושית למגרש יחיד: תכנית 604-0669317 כוללת 5 תאי מגורים (55;56;57;58;59); הנקודה נמצאת בתוך איחוד תאי המגורים הרשמיים, אך אין בעמוד הוכחה איזה תא הוא הפרויקט."
%d7%a8%d7%90%d7%a9-%d7%a4%d7%99%d7%a0%d7%94,32.016165,34.780470,https://ags.iplan.gov.il/arcgisiplan/rest/services/PlanningPublic/Xplan/MapServer/4/query?where=mp_id%3D5005136014+AND+%28mavat_name+LIKE+%27%25%D7%9E%D7%92%D7%95%D7%A8%D7%99%D7%9D%25%27+OR+mavat_name+LIKE+%27%25%D7%93%D7%99%D7%95%D7%A8%25%27%29&outFields=mp_id%2Cpl_id%2Cpl_number%2Cpl_name%2Cnum%2Cmavat_code%2Cmavat_name%2Clegal_area%2Cshape_area%2Cshape_length%2Cstation_desc%2Clast_update_date&returnGeometry=true&outSR=4326&f=geojson,בינונית,"תוקן placeholder: הצמד המקורי זהה אצל 25 פרויקטים; הוזז 350 מ׳ למקור המפורט. בדיקה אנושית למגרש יחיד: תכנית 505-0970186 כוללת 4 תאי מגורים (101;102;103;104); הנקודה נמצאת בתוך איחוד תאי המגורים הרשמיים, אך אין בעמוד הוכחה איזה תא הוא הפרויקט."
%d7%94%d7%92%d7%9c%d7%91%d7%95%d7%a2-%d7%94%d7%aa%d7%91%d7%95%d7%a8,31.872790,34.750320,https://ags.iplan.gov.il/arcgisiplan/rest/services/PlanningPublic/Xplan/MapServer/4/query?where=mp_id%3D4005080450+AND+%28mavat_name+LIKE+%27%25%D7%9E%D7%92%D7%95%D7%A8%D7%99%D7%9D%25%27+OR+mavat_name+LIKE+%27%25%D7%93%D7%99%D7%95%D7%A8%25%27%29&outFields=mp_id%2Cpl_id%2Cpl_number%2Cpl_name%2Cnum%2Cmavat_code%2Cmavat_name%2Clegal_area%2Cshape_area%2Cshape_length%2Cstation_desc%2Clast_update_date&returnGeometry=true&outSR=4326&f=geojson,בינונית,"תוקן placeholder: הצמד המקורי זהה אצל 15 פרויקטים; הוזז 1.2 ק״מ למקור המפורט. בדיקה אנושית למגרש יחיד: תכנית 404-0878033 כוללת 6 תאי מגורים (1;2;3;4;5;6); הנקודה נמצאת בתוך איחוד תאי המגורים הרשמיים, אך אין בעמוד הוכחה איזה תא הוא הפרויקט."
%d7%94%d7%9c%d7%99%d7%9c%d7%9a-%d7%94%d7%a2%d7%a6%d7%9e%d7%90%d7%95%d7%aa,31.872115,34.748368,https://ags.iplan.gov.il/arcgisiplan/rest/services/PlanningPublic/Xplan/MapServer/4/query?where=mp_id%3D4005161016+AND+%28mavat_name+LIKE+%27%25%D7%9E%D7%92%D7%95%D7%A8%D7%99%D7%9D%25%27+OR+mavat_name+LIKE+%27%25%D7%93%D7%99%D7%95%D7%A8%25%27%29&outFields=mp_id%2Cpl_id%2Cpl_number%2Cpl_name%2Cnum%2Cmavat_code%2Cmavat_name%2Clegal_area%2Cshape_area%2Cshape_length%2Cstation_desc%2Clast_update_date&returnGeometry=true&outSR=4326&f=geojson,גבוהה,תוקן placeholder: הצמד המקורי זהה אצל 15 פרויקטים; הוזז 1.1 ק״מ למקור המפורט. אומת מול תא מגורים רשמי יחיד 101 בתכנית 404-1010107; הנקודה בתוך התא הרשמי.
%d7%a9%d7%a0%d7%a7%d7%a8-10-14,32.026915,34.776418,https://ags.iplan.gov.il/arcgisiplan/rest/services/PlanningPublic/Xplan/MapServer/4/query?where=mp_id%3D5005185714+AND+%28mavat_name+LIKE+%27%25%D7%9E%D7%92%D7%95%D7%A8%D7%99%D7%9D%25%27+OR+mavat_name+LIKE+%27%25%D7%93%D7%99%D7%95%D7%A8%25%27%29&outFields=mp_id%2Cpl_id%2Cpl_number%2Cpl_name%2Cnum%2Cmavat_code%2Cmavat_name%2Clegal_area%2Cshape_area%2Cshape_length%2Cstation_desc%2Clast_update_date&returnGeometry=true&outSR=4326&f=geojson,גבוהה,תוקן placeholder: הצמד המקורי זהה אצל 25 פרויקטים; הוזז 925 מ׳ למקור המפורט. אומת מול תא מגורים רשמי יחיד 1 בתכנית 505-1024231; הנקודה בתוך התא הרשמי.
%d7%9e%d7%aa%d7%97%d7%9d-%d7%99%d7%95%d7%a1%d7%a4%d7%98%d7%9c,32.848553,35.064166,https://ags.iplan.gov.il/arcgisiplan/rest/services/PlanningPublic/Xplan/MapServer/4/query?where=mp_id%3D99005204816+AND+%28mavat_name+LIKE+%27%25%D7%9E%D7%92%D7%95%D7%A8%D7%99%D7%9D%25%27+OR+mavat_name+LIKE+%27%25%D7%93%D7%99%D7%95%D7%A8%25%27%29&outFields=mp_id%2Cpl_id%2Cpl_number%2Cpl_name%2Cnum%2Cmavat_code%2Cmavat_name%2Clegal_area%2Cshape_area%2Cshape_length%2Cstation_desc%2Clast_update_date&returnGeometry=true&outSR=4326&f=geojson,בינונית,"תוקן placeholder: הצמד המקורי זהה אצל 11 פרויקטים; הוזז 604 מ׳ למקור המפורט. בדיקה אנושית למגרש יחיד: תכנית תמל/ 2039 כוללת 14 תאי מגורים (1;2;3;4;5;6;7;8;9;10;11;40;41;60); הנקודה נמצאת בתוך איחוד תאי המגורים הרשמיים, אך אין בעמוד הוכחה איזה תא הוא הפרויקט."
%d7%94%d7%93%d7%a8%d7%95%d7%a8-%d7%93%d7%95%d7%90%d7%a0%d7%99,31.872156,34.742279,https://ags.iplan.gov.il/arcgisiplan/rest/services/PlanningPublic/Xplan/MapServer/4/query?where=mp_id%3D4005039152+AND+%28mavat_name+LIKE+%27%25%D7%9E%D7%92%D7%95%D7%A8%D7%99%D7%9D%25%27+OR+mavat_name+LIKE+%27%25%D7%93%D7%99%D7%95%D7%A8%25%27%29&outFields=mp_id%2Cpl_id%2Cpl_number%2Cpl_name%2Cnum%2Cmavat_code%2Cmavat_name%2Clegal_area%2Cshape_area%2Cshape_length%2Cstation_desc%2Clast_update_date&returnGeometry=true&outSR=4326&f=geojson,בינונית,"תוקן placeholder: הצמד המקורי זהה אצל 15 פרויקטים; הוזז 647 מ׳ למקור המפורט. בדיקה אנושית למגרש יחיד: תכנית 404-0806786 כוללת 4 תאי מגורים (100;101;102;103); הנקודה נמצאת בתוך איחוד תאי המגורים הרשמיים, אך אין בעמוד הוכחה איזה תא הוא הפרויקט."
%d7%9b%d7%99%d7%a1%d7%95%d7%a4%d7%99%d7%9d,32.179849,34.915011,https://ags.iplan.gov.il/arcgisiplan/rest/services/PlanningPublic/Xplan/MapServer/4/query?where=mp_id%3D4005222318+AND+%28mavat_name+LIKE+%27%25%D7%9E%D7%92%D7%95%D7%A8%D7%99%D7%9D%25%27+OR+mavat_name+LIKE+%27%25%D7%93%D7%99%D7%95%D7%A8%25%27%29&outFields=mp_id%2Cpl_id%2Cpl_number%2Cpl_name%2Cnum%2Cmavat_code%2Cmavat_name%2Clegal_area%2Cshape_area%2Cshape_length%2Cstation_desc%2Clast_update_date&returnGeometry=true&outSR=4326&f=geojson,בינונית,"תוקן placeholder: הצמד המקורי זהה אצל 12 פרויקטים; הוזז 763 מ׳ למקור המפורט. בדיקה אנושית למגרש יחיד: תכנית 405-1084821 כוללת 5 תאי מגורים (100;101;102;103;104); הנקודה נמצאת בתוך איחוד תאי המגורים הרשמיים, אך אין בעמוד הוכחה איזה תא הוא הפרויקט."
%d7%a8%d7%9e%d7%aa-%d7%90%d7%9c%d7%99%d7%94%d7%95-%d7%9e%d7%aa%d7%97%d7%9e%d7%99%d7%9d-6-35-39%d7%9e%d7%aa%d7%97%d7%9e%d7%99-%d7%aa%d7%a9%d7%aa%d7%99%d7%95%d7%aa,,,,נמוכה,"בדיקה אנושית: לא נמצא מקור שמאפשר למסור נקודה ברמת מגרש בביטחון; lat/lng הושארו ריקים. בדיקה אנושית: נמצאו מועמדי XPLAN חלקיים או מרובים, אך אין התאמת שם+עיר חד-משמעית. מועמדים: 413-0931667 — רצ/39/23/1 מתחם אריאב- רמת אליהו; 413-0470476 — רמת אליהו - 77-78; 413-0496505 — מתחם א'-רמת אליהו רצ/מק/7/8/132"
%d7%a1%d7%95%d7%9c%d7%93-%d7%a9%d7%9e%d7%97%d7%95%d7%a0%d7%99,32.076239,34.894049,https://ags.iplan.gov.il/arcgisiplan/rest/services/PlanningPublic/Xplan/MapServer/4/query?where=mp_id%3D4005268192+AND+%28mavat_name+LIKE+%27%25%D7%9E%D7%92%D7%95%D7%A8%D7%99%D7%9D%25%27+OR+mavat_name+LIKE+%27%25%D7%93%D7%99%D7%95%D7%A8%25%27%29&outFields=mp_id%2Cpl_id%2Cpl_number%2Cpl_name%2Cnum%2Cmavat_code%2Cmavat_name%2Clegal_area%2Cshape_area%2Cshape_length%2Cstation_desc%2Clast_update_date&returnGeometry=true&outSR=4326&f=geojson,בינונית,"תוקן placeholder: הצמד המקורי זהה אצל 37 פרויקטים; הוזז 1.5 ק״מ למקור המפורט. בדיקה אנושית למגרש יחיד: תכנית 410-1159052 כוללת 4 תאי מגורים (1;2;3;4); הנקודה נמצאת בתוך איחוד תאי המגורים הרשמיים, אך אין בעמוד הוכחה איזה תא הוא הפרויקט."
%d7%94%d7%a6%d7%93%d7%99%d7%a7-%d7%9e%d7%99%d7%a8%d7%95%d7%a9%d7%9c%d7%99%d7%9d,31.273554,34.792765,https://ags.iplan.gov.il/arcgisiplan/rest/services/PlanningPublic/Xplan/MapServer/4/query?where=mp_id%3D6005149684+AND+%28mavat_name+LIKE+%27%25%D7%9E%D7%92%D7%95%D7%A8%D7%99%D7%9D%25%27+OR+mavat_name+LIKE+%27%25%D7%93%D7%99%D7%95%D7%A8%25%27%29&outFields=mp_id%2Cpl_id%2Cpl_number%2Cpl_name%2Cnum%2Cmavat_code%2Cmavat_name%2Clegal_area%2Cshape_area%2Cshape_length%2Cstation_desc%2Clast_update_date&returnGeometry=true&outSR=4326&f=geojson,בינונית,"תוקן placeholder: הצמד המקורי זהה אצל 13 פרויקטים; הוזז 3.1 ק״מ למקור המפורט. בדיקה אנושית למגרש יחיד: תכנית 605-0991604 כוללת 42 תאי מגורים (100;101;102;103;104;105;106;107;108;200;201;202;203;204;205;206;207;208;209;210;211;212;213;214;215;216;217;218;219;220;221;222;223;224;225;226;227;228;229;230;231;232); הנקודה נמצאת בתוך איחוד תאי המגורים הרשמיים, אך אין בעמוד הוכחה איזה תא הוא הפרויקט."
%d7%a9%d7%a8%d7%aa,32.706688,35.125462,https://ags.iplan.gov.il/arcgisiplan/rest/services/PlanningPublic/XplanNoKanam/MapServer/1/query?where=mp_id%3D3005209564&outFields=mp_id%2Cpl_id%2Cpl_number%2Cpl_name%2Cnum%2Cmavat_code%2Cmavat_name%2Clegal_area%2Cshape_area%2Cshape_length%2Cstation_desc%2Clast_update_date%2Cobjectid&returnGeometry=true&outSR=4326&f=geojson,נמוכה,"תוקן מנקודת עיר כללית; הוזז 1.1 ק״מ. בדיקה אנושית: אותר גבול רשמי של תכנית 306-1063866, אך לא אותר תא מגורים/מגרש יחיד. הנקודה בתוך גבול התכנית בלבד."
%d7%91%d7%9f-%d7%92%d7%95%d7%a8%d7%99%d7%95%d7%9f-3,32.019667,34.814980,https://ags.iplan.gov.il/arcgisiplan/rest/services/PlanningPublic/Xplan/MapServer/4/query?where=mp_id%3D5005135718+AND+%28mavat_name+LIKE+%27%25%D7%9E%D7%92%D7%95%D7%A8%D7%99%D7%9D%25%27+OR+mavat_name+LIKE+%27%25%D7%93%D7%99%D7%95%D7%A8%25%27%29&outFields=mp_id%2Cpl_id%2Cpl_number%2Cpl_name%2Cnum%2Cmavat_code%2Cmavat_name%2Clegal_area%2Cshape_area%2Cshape_length%2Cstation_desc%2Clast_update_date&returnGeometry=true&outSR=4326&f=geojson,בינונית,"תוקן placeholder: הצמד המקורי זהה אצל 5 פרויקטים; הוזז 1.5 ק״מ למקור המפורט. בדיקה אנושית למגרש יחיד: תכנית 554-0969592 כוללת 12 תאי מגורים (101;102;103;104;105;106;107;108;109;110;111;112); הנקודה נמצאת בתוך איחוד תאי המגורים הרשמיים, אך אין בעמוד הוכחה איזה תא הוא הפרויקט."
%d7%99%d7%a6%d7%97%d7%a7-%d7%a9%d7%93%d7%94-2,32.024782,34.809957,https://ags.iplan.gov.il/arcgisiplan/rest/services/PlanningPublic/Xplan/MapServer/4/query?where=mp_id%3D5005211826+AND+%28mavat_name+LIKE+%27%25%D7%9E%D7%92%D7%95%D7%A8%D7%99%D7%9D%25%27+OR+mavat_name+LIKE+%27%25%D7%93%D7%99%D7%95%D7%A8%25%27%29&outFields=mp_id%2Cpl_id%2Cpl_number%2Cpl_name%2Cnum%2Cmavat_code%2Cmavat_name%2Clegal_area%2Cshape_area%2Cshape_length%2Cstation_desc%2Clast_update_date&returnGeometry=true&outSR=4326&f=geojson,בינונית,"תוקן placeholder: הצמד המקורי זהה אצל 5 פרויקטים; הוזז 792 מ׳ למקור המפורט. בדיקה אנושית למגרש יחיד: תכנית תמל/ 2042 כוללת 6 תאי מגורים (11;12;13;21;22;23); הנקודה נמצאת בתוך איחוד תאי המגורים הרשמיים, אך אין בעמוד הוכחה איזה תא הוא הפרויקט."
%d7%90%d7%92%d7%a8%d7%95%d7%9f-%d7%94%d7%a4%d7%a8%d7%93%d7%a1,32.174946,34.898267,https://ags.iplan.gov.il/arcgisiplan/rest/services/PlanningPublic/Xplan/MapServer/4/query?where=mp_id%3D4005061196+AND+%28mavat_name+LIKE+%27%25%D7%9E%D7%92%D7%95%D7%A8%D7%99%D7%9D%25%27+OR+mavat_name+LIKE+%27%25%D7%93%D7%99%D7%95%D7%A8%25%27%29&outFields=mp_id%2Cpl_id%2Cpl_number%2Cpl_name%2Cnum%2Cmavat_code%2Cmavat_name%2Clegal_area%2Cshape_area%2Cshape_length%2Cstation_desc%2Clast_update_date&returnGeometry=true&outSR=4326&f=geojson,בינונית,"תוקן placeholder: הצמד המקורי זהה אצל 12 פרויקטים; הוזז 905 מ׳ למקור המפורט. בדיקה אנושית למגרש יחיד: תכנית 405-0844001 כוללת 3 תאי מגורים (107;108;109); הנקודה נמצאת בתוך איחוד תאי המגורים הרשמיים, אך אין בעמוד הוכחה איזה תא הוא הפרויקט."
%d7%a1%d7%95%d7%a7%d7%95%d7%9c%d7%95%d7%91,32.175640,34.901992,https://ags.iplan.gov.il/arcgisiplan/rest/services/PlanningPublic/Xplan/MapServer/4/query?where=mp_id%3D4005054312+AND+%28mavat_name+LIKE+%27%25%D7%9E%D7%92%D7%95%D7%A8%D7%99%D7%9D%25%27+OR+mavat_name+LIKE+%27%25%D7%93%D7%99%D7%95%D7%A8%25%27%29&outFields=mp_id%2Cpl_id%2Cpl_number%2Cpl_name%2Cnum%2Cmavat_code%2Cmavat_name%2Clegal_area%2Cshape_area%2Cshape_length%2Cstation_desc%2Clast_update_date&returnGeometry=true&outSR=4326&f=geojson,בינונית,"תוקן placeholder: הצמד המקורי זהה אצל 12 פרויקטים; הוזז 548 מ׳ למקור המפורט. בדיקה אנושית למגרש יחיד: תכנית 405-0832915 כוללת 2 תאי מגורים (101;201); הנקודה נמצאת בתוך איחוד תאי המגורים הרשמיים, אך אין בעמוד הוכחה איזה תא הוא הפרויקט."
%d7%94%d7%a2%d7%99%d7%a8-%d7%94%d7%a2%d7%aa%d7%99%d7%a7%d7%94-2,31.239998,34.790105,https://ags.iplan.gov.il/arcgisiplan/rest/services/PlanningPublic/Xplan/MapServer/1/query?where=mp_id%3D6000426573&outFields=mp_id%2Cpl_id%2Cpl_number%2Cpl_name%2Cpl_url%2Cstation_desc%2Clast_update_date%2Cpl_area_dunam%2Cshape_area%2Cshape_length&returnGeometry=true&outSR=4326&f=geojson,נמוכה,"תוקן placeholder: הצמד המקורי זהה אצל 13 פרויקטים; הוזז 679 מ׳ למקור המפורט. בדיקה אנושית: אותר גבול רשמי של תכנית 605-0450627, אך לא אותר תא מגורים/מגרש יחיד. הנקודה בתוך גבול התכנית בלבד."
%d7%90%d7%95%d7%a8%d7%9f,31.270599,34.797238,https://ags.iplan.gov.il/arcgisiplan/rest/services/PlanningPublic/Xplan/MapServer/4/query?where=mp_id%3D6005082674+AND+%28mavat_name+LIKE+%27%25%D7%9E%D7%92%D7%95%D7%A8%D7%99%D7%9D%25%27+OR+mavat_name+LIKE+%27%25%D7%93%D7%99%D7%95%D7%A8%25%27%29&outFields=mp_id%2Cpl_id%2Cpl_number%2Cpl_name%2Cnum%2Cmavat_code%2Cmavat_name%2Clegal_area%2Cshape_area%2Cshape_length%2Cstation_desc%2Clast_update_date&returnGeometry=true&outSR=4326&f=geojson,בינונית,"תוקן placeholder: הצמד המקורי זהה אצל 13 פרויקטים; הוזז 2.8 ק״מ למקור המפורט. בדיקה אנושית למגרש יחיד: תכנית 605-0881524 כוללת 18 תאי מגורים (101;102;103;104;105;106;111;112;113;114;115;116;117;121;122;123;124;125); הנקודה נמצאת בתוך איחוד תאי המגורים הרשמיים, אך אין בעמוד הוכחה איזה תא הוא הפרויקט."
%d7%94%d7%a8%d7%a6%d7%9c-%d7%95%d7%99%d7%a6%d7%9e%d7%9f,31.864514,34.820656,https://ags.iplan.gov.il/arcgisiplan/rest/services/PlanningPublic/Xplan/MapServer/4/query?where=mp_id%3D4005092852+AND+%28mavat_name+LIKE+%27%25%D7%9E%D7%92%D7%95%D7%A8%D7%99%D7%9D%25%27+OR+mavat_name+LIKE+%27%25%D7%93%D7%99%D7%95%D7%A8%25%27%29&outFields=mp_id%2Cpl_id%2Cpl_number%2Cpl_name%2Cnum%2Cmavat_code%2Cmavat_name%2Clegal_area%2Cshape_area%2Cshape_length%2Cstation_desc%2Clast_update_date&returnGeometry=true&outSR=4326&f=geojson,בינונית,"תוקן placeholder: הצמד המקורי זהה אצל 4 פרויקטים; הוזז 486 מ׳ למקור המפורט. בדיקה אנושית למגרש יחיד: תכנית 453-0897611 כוללת 3 תאי מגורים (101;102;103); הנקודה נמצאת בתוך איחוד תאי המגורים הרשמיים, אך אין בעמוד הוכחה איזה תא הוא הפרויקט."
%d7%91%d7%a8%d7%a0%d7%93%d7%99%d7%99%d7%a1,,,,נמוכה,"בדיקה אנושית: לא נמצא מקור שמאפשר למסור נקודה ברמת מגרש בביטחון; lat/lng הושארו ריקים. בדיקה אנושית: נמצאו מועמדי XPLAN חלקיים או מרובים, אך אין התאמת שם+עיר חד-משמעית. מועמדים: 302-0914010 — גוש 10407 חלקה 20 בשכונת ברנדייס; 302-0209270 — שכונת מגורים מערבית לכפר ברנדייס - מתחם 18 בחדרה; 302-1272467 — שינוי הוראות בניה ברח' ברנדייס בחדרה גו""ח 10041/288 10408/34"
%d7%92%d7%99%d7%95%d7%a8%d7%90-2,31.934198,34.856983,https://ags.iplan.gov.il/arcgisiplan/rest/services/PlanningPublic/Xplan/MapServer/4/query?where=mp_id%3D99005246944+AND+%28mavat_name+LIKE+%27%25%D7%9E%D7%92%D7%95%D7%A8%D7%99%D7%9D%25%27+OR+mavat_name+LIKE+%27%25%D7%93%D7%99%D7%95%D7%A8%25%27%29&outFields=mp_id%2Cpl_id%2Cpl_number%2Cpl_name%2Cnum%2Cmavat_code%2Cmavat_name%2Clegal_area%2Cshape_area%2Cshape_length%2Cstation_desc%2Clast_update_date&returnGeometry=true&outSR=4326&f=geojson,בינונית,"תוקן placeholder: הצמד המקורי זהה אצל 15 פרויקטים; הוזז 855 מ׳ למקור המפורט. בדיקה אנושית למגרש יחיד: תכנית תמל/ 2050 כוללת 19 תאי מגורים (400;401;404;405;406;408;409;410;411;412;413;416;417;418;600;601;602;603;604); הנקודה נמצאת בתוך איחוד תאי המגורים הרשמיים, אך אין בעמוד הוכחה איזה תא הוא הפרויקט."
%d7%92%d7%95%d7%a8%d7%93%d7%95%d7%9f,32.159970,34.851117,https://ags.iplan.gov.il/arcgisiplan/rest/services/PlanningPublic/Xplan/MapServer/4/query?where=mp_id%3D5005130582+AND+%28mavat_name+LIKE+%27%25%D7%9E%D7%92%D7%95%D7%A8%D7%99%D7%9D%25%27+OR+mavat_name+LIKE+%27%25%D7%93%D7%99%D7%95%D7%A8%25%27%29&outFields=mp_id%2Cpl_id%2Cpl_number%2Cpl_name%2Cnum%2Cmavat_code%2Cmavat_name%2Clegal_area%2Cshape_area%2Cshape_length%2Cstation_desc%2Clast_update_date&returnGeometry=true&outSR=4326&f=geojson,בינונית,"תוקן placeholder: הצמד המקורי זהה אצל 25 פרויקטים; הוזז 744 מ׳ למקור המפורט. בדיקה אנושית למגרש יחיד: תכנית 504-0960450 כוללת 10 תאי מגורים (101;102;103;104;105;106;107;108;109;110); הנקודה נמצאת בתוך איחוד תאי המגורים הרשמיים, אך אין בעמוד הוכחה איזה תא הוא הפרויקט."
%d7%91%d7%99%d7%aa-%d7%94%d7%a7%d7%a9%d7%aa%d7%95%d7%aa,31.947732,34.910210,https://ags.iplan.gov.il/arcgisiplan/rest/services/PlanningPublic/Xplan/MapServer/4/query?where=mp_id%3D99000893763+AND+%28mavat_name+LIKE+%27%25%D7%9E%D7%92%D7%95%D7%A8%D7%99%D7%9D%25%27+OR+mavat_name+LIKE+%27%25%D7%93%D7%99%D7%95%D7%A8%25%27%29&outFields=mp_id%2Cpl_id%2Cpl_number%2Cpl_name%2Cnum%2Cmavat_code%2Cmavat_name%2Clegal_area%2Cshape_area%2Cshape_length%2Cstation_desc%2Clast_update_date&returnGeometry=true&outSR=4326&f=geojson,בינונית,"תוקן placeholder: הצמד המקורי זהה אצל 13 פרויקטים; הוזז 2.1 ק״מ למקור המפורט. בדיקה אנושית למגרש יחיד: תכנית תמל/ 1064 כוללת 33 תאי מגורים (100;101;102;103;104;105;106;107;108;109;110;111;112;113;114;115;116;117;118;119;120;121;122;123;124;140;141;142;143;144;145;150;1050); הנקודה נמצאת בתוך איחוד תאי המגורים הרשמיים, אך אין בעמוד הוכחה איזה תא הוא הפרויקט."
%d7%9e%d7%a8%d7%9b%d7%96-%d7%94%d7%a2%d7%99%d7%a8,31.418300,34.593730,https://ags.iplan.gov.il/arcgisiplan/rest/services/PlanningPublic/Xplan/MapServer/4/query?where=mp_id%3D99005098358+AND+%28mavat_name+LIKE+%27%25%D7%9E%D7%92%D7%95%D7%A8%D7%99%D7%9D%25%27+OR+mavat_name+LIKE+%27%25%D7%93%D7%99%D7%95%D7%A8%25%27%29&outFields=mp_id%2Cpl_id%2Cpl_number%2Cpl_name%2Cnum%2Cmavat_code%2Cmavat_name%2Clegal_area%2Cshape_area%2Cshape_length%2Cstation_desc%2Clast_update_date&returnGeometry=true&outSR=4326&f=geojson,בינונית,"תוקן מנקודת עיר כללית; הוזז 607 מ׳. בדיקה אנושית למגרש יחיד: תכנית תמל/ 2027 כוללת 139 תאי מגורים (101;102;103;104;105;106;107;108;109;110;111;112;113;114;115;116;117;118;119;120;121;122;123;124;125;126;127;128;129;130;131;132;133;134;135;136;201;202;203;204;205;206;207;208;2…); הנקודה נמצאת בתוך איחוד תאי המגורים הרשמיים, אך אין בעמוד הוכחה איזה תא הוא הפרויקט."
%d7%97%d7%a0%d7%94-%d7%a1%d7%a0%d7%a9-%d7%90%d7%a0%d7%99%d7%9c%d7%91%d7%99%d7%a5,31.987406,34.790442,https://ags.iplan.gov.il/arcgisiplan/rest/services/PlanningPublic/Xplan/MapServer/4/query?where=mp_id%3D4005143534+AND+%28mavat_name+LIKE+%27%25%D7%9E%D7%92%D7%95%D7%A8%D7%99%D7%9D%25%27+OR+mavat_name+LIKE+%27%25%D7%93%D7%99%D7%95%D7%A8%25%27%29&outFields=mp_id%2Cpl_id%2Cpl_number%2Cpl_name%2Cnum%2Cmavat_code%2Cmavat_name%2Clegal_area%2Cshape_area%2Cshape_length%2Cstation_desc%2Clast_update_date&returnGeometry=true&outSR=4326&f=geojson,בינונית,"תוקן placeholder: הצמד המקורי זהה אצל 19 פרויקטים; הוזז 3.2 ק״מ למקור המפורט. בדיקה אנושית למגרש יחיד: תכנית 413-0982066 כוללת 4 תאי מגורים (101;102;103;104); הנקודה נמצאת בתוך איחוד תאי המגורים הרשמיים, אך אין בעמוד הוכחה איזה תא הוא הפרויקט."
%d7%96%d7%95%d7%92%d7%95%d7%aa-%d7%a6%d7%a2%d7%99%d7%a8%d7%99%d7%9d,31.857960,34.824461,https://ags.iplan.gov.il/arcgisiplan/rest/services/PlanningPublic/Xplan/MapServer/4/query?where=mp_id%3D4005092856+AND+%28mavat_name+LIKE+%27%25%D7%9E%D7%92%D7%95%D7%A8%D7%99%D7%9D%25%27+OR+mavat_name+LIKE+%27%25%D7%93%D7%99%D7%95%D7%A8%25%27%29&outFields=mp_id%2Cpl_id%2Cpl_number%2Cpl_name%2Cnum%2Cmavat_code%2Cmavat_name%2Clegal_area%2Cshape_area%2Cshape_length%2Cstation_desc%2Clast_update_date&returnGeometry=true&outSR=4326&f=geojson,בינונית,"תוקן placeholder: הצמד המקורי זהה אצל 4 פרויקטים; הוזז 332 מ׳ למקור המפורט. בדיקה אנושית למגרש יחיד: תכנית 453-0897637 כוללת 8 תאי מגורים (101;102;103;104;105;106;109;110); הנקודה נמצאת בתוך איחוד תאי המגורים הרשמיים, אך אין בעמוד הוכחה איזה תא הוא הפרויקט."
%d7%91%d7%9f-%d7%a6%d7%91%d7%99,32.751883,34.972047,https://ags.iplan.gov.il/arcgisiplan/rest/services/PlanningPublic/Xplan/MapServer/4/query?where=mp_id%3D3005092786+AND+%28mavat_name+LIKE+%27%25%D7%9E%D7%92%D7%95%D7%A8%D7%99%D7%9D%25%27+OR+mavat_name+LIKE+%27%25%D7%93%D7%99%D7%95%D7%A8%25%27%29&outFields=mp_id%2Cpl_id%2Cpl_number%2Cpl_name%2Cnum%2Cmavat_code%2Cmavat_name%2Clegal_area%2Cshape_area%2Cshape_length%2Cstation_desc%2Clast_update_date&returnGeometry=true&outSR=4326&f=geojson,בינונית,"תוקן placeholder: הצמד המקורי זהה אצל 14 פרויקטים; הוזז 1.1 ק״מ למקור המפורט. בדיקה אנושית למגרש יחיד: תכנית 355-0897462 כוללת 5 תאי מגורים (102;103;104;101A;101B); הנקודה נמצאת בתוך איחוד תאי המגורים הרשמיים, אך אין בעמוד הוכחה איזה תא הוא הפרויקט."
%d7%97%d7%99%d7%99%d7%9d-%d7%90%d7%a8%d7%99%d7%90%d7%91-25,31.986944,34.785610,https://ags.iplan.gov.il/arcgisiplan/rest/services/PlanningPublic/Xplan/MapServer/4/query?where=mp_id%3D4005113384+AND+%28mavat_name+LIKE+%27%25%D7%9E%D7%92%D7%95%D7%A8%D7%99%D7%9D%25%27+OR+mavat_name+LIKE+%27%25%D7%93%D7%99%D7%95%D7%A8%25%27%29&outFields=mp_id%2Cpl_id%2Cpl_number%2Cpl_name%2Cnum%2Cmavat_code%2Cmavat_name%2Clegal_area%2Cshape_area%2Cshape_length%2Cstation_desc%2Clast_update_date&returnGeometry=true&outSR=4326&f=geojson,בינונית,"תוקן placeholder: הצמד המקורי זהה אצל 19 פרויקטים; הוזז 3.5 ק״מ למקור המפורט. בדיקה אנושית למגרש יחיד: תכנית 413-0931667 כוללת 8 תאי מגורים (101;102;103;104;105;106;141;142); הנקודה נמצאת בתוך איחוד תאי המגורים הרשמיים, אך אין בעמוד הוכחה איזה תא הוא הפרויקט."
%d7%99%d7%a1%d7%a7%d7%99-%d7%a7%d7%95%d7%9e%d7%9e%d7%99%d7%95%d7%aa,31.607596,34.764514,https://ags.iplan.gov.il/arcgisiplan/rest/services/PlanningPublic/Xplan/MapServer/4/query?where=mp_id%3D99005047258+AND+%28mavat_name+LIKE+%27%25%D7%9E%D7%92%D7%95%D7%A8%D7%99%D7%9D%25%27+OR+mavat_name+LIKE+%27%25%D7%93%D7%99%D7%95%D7%A8%25%27%29&outFields=mp_id%2Cpl_id%2Cpl_number%2Cpl_name%2Cnum%2Cmavat_code%2Cmavat_name%2Clegal_area%2Cshape_area%2Cshape_length%2Cstation_desc%2Clast_update_date&returnGeometry=true&outSR=4326&f=geojson,בינונית,"תוקן placeholder: הצמד המקורי זהה אצל 8 פרויקטים; הוזז 664 מ׳ למקור המפורט. בדיקה אנושית למגרש יחיד: תכנית תמל/ 2014 כוללת 18 תאי מגורים (101;103;104;105;106;107;108;201;203;204;206;207;210;211;212;213;214;215); הנקודה נמצאת בתוך איחוד תאי המגורים הרשמיים, אך אין בעמוד הוכחה איזה תא הוא הפרויקט."
%d7%a9%d7%93%d7%a8%d7%95%d7%aa-%d7%90%d7%9c%d7%99%d7%94%d7%95-%d7%94%d7%a9%d7%99%d7%9b%d7%95%d7%a0%d7%99%d7%9d,31.854264,34.847078,https://ags.iplan.gov.il/arcgisiplan/rest/services/PlanningPublic/Xplan/MapServer/4/query?where=mp_id%3D4005092914+AND+%28mavat_name+LIKE+%27%25%D7%9E%D7%92%D7%95%D7%A8%D7%99%D7%9D%25%27+OR+mavat_name+LIKE+%27%25%D7%93%D7%99%D7%95%D7%A8%25%27%29&outFields=mp_id%2Cpl_id%2Cpl_number%2Cpl_name%2Cnum%2Cmavat_code%2Cmavat_name%2Clegal_area%2Cshape_area%2Cshape_length%2Cstation_desc%2Clast_update_date&returnGeometry=true&outSR=4326&f=geojson,בינונית,"תוקן מנקודת עיר כללית; הוזז 1.6 ק״מ. בדיקה אנושית למגרש יחיד: תכנית 453-0897736 כוללת 6 תאי מגורים (101;102;103;106;107;108); הנקודה נמצאת בתוך איחוד תאי המגורים הרשמיים, אך אין בעמוד הוכחה איזה תא הוא הפרויקט."
%d7%a8%d7%9e%d7%aa-%d7%90%d7%9c%d7%99%d7%94%d7%95-%d7%a9%d7%99-%d7%a2%d7%92%d7%a0%d7%95%d7%9f,31.986060,34.790651,https://ags.iplan.gov.il/arcgisiplan/rest/services/PlanningPublic/Xplan/MapServer/4/query?where=mp_id%3D4005050650+AND+%28mavat_name+LIKE+%27%25%D7%9E%D7%92%D7%95%D7%A8%D7%99%D7%9D%25%27+OR+mavat_name+LIKE+%27%25%D7%93%D7%99%D7%95%D7%A8%25%27%29&outFields=mp_id%2Cpl_id%2Cpl_number%2Cpl_name%2Cnum%2Cmavat_code%2Cmavat_name%2Clegal_area%2Cshape_area%2Cshape_length%2Cstation_desc%2Clast_update_date&returnGeometry=true&outSR=4326&f=geojson,בינונית,"תוקן placeholder: הצמד המקורי זהה אצל 19 פרויקטים; הוזז 3.1 ק״מ למקור המפורט. בדיקה אנושית למגרש יחיד: תכנית 413-0826719 כוללת 6 תאי מגורים (1;2;3;4;5;6); הנקודה נמצאת בתוך איחוד תאי המגורים הרשמיים, אך אין בעמוד הוכחה איזה תא הוא הפרויקט."
%d7%a9%d7%91%d7%96%d7%99,,,,נמוכה,בדיקה אנושית: לא נמצא מקור שמאפשר למסור נקודה ברמת מגרש בביטחון; lat/lng הושארו ריקים. בדיקה אנושית: לא נמצאה ב-XPLAN תכנית בעיר ששמה תואם באופן מספק לשם הפרויקט.
%d7%a9%d7%93%d7%a8%d7%95%d7%aa-%d7%94%d7%aa%d7%9e%d7%a8%d7%99%d7%9d-%d7%a1%d7%99%d7%a0%d7%92-%d7%a1%d7%99%d7%a0%d7%92,29.563451,34.950037,https://ags.iplan.gov.il/arcgisiplan/rest/services/PlanningPublic/Xplan/MapServer/4/query?where=mp_id%3D6005099412+AND+%28mavat_name+LIKE+%27%25%D7%9E%D7%92%D7%95%D7%A8%D7%99%D7%9D%25%27+OR+mavat_name+LIKE+%27%25%D7%93%D7%99%D7%95%D7%A8%25%27%29&outFields=mp_id%2Cpl_id%2Cpl_number%2Cpl_name%2Cnum%2Cmavat_code%2Cmavat_name%2Clegal_area%2Cshape_area%2Cshape_length%2Cstation_desc%2Clast_update_date&returnGeometry=true&outSR=4326&f=geojson,בינונית,"תוקן placeholder: הצמד המקורי זהה אצל 6 פרויקטים; הוזז 725 מ׳ למקור המפורט. בדיקה אנושית למגרש יחיד: תכנית 602-0908897 כוללת 7 תאי מגורים (101;102;103;104;105;106;107); הנקודה נמצאת בתוך איחוד תאי המגורים הרשמיים, אך אין בעמוד הוכחה איזה תא הוא הפרויקט."
%d7%99%d7%98-%d7%90%d7%a8%d7%9e%d7%95%d7%9f-%d7%94%d7%a0%d7%a6%d7%99%d7%91,31.744157,35.237545,https://ags.iplan.gov.il/arcgisiplan/rest/services/PlanningPublic/Xplan/MapServer/4/query?where=mp_id%3D1005396494+AND+%28mavat_name+LIKE+%27%25%D7%9E%D7%92%D7%95%D7%A8%D7%99%D7%9D%25%27+OR+mavat_name+LIKE+%27%25%D7%93%D7%99%D7%95%D7%A8%25%27%29&outFields=mp_id%2Cpl_id%2Cpl_number%2Cpl_name%2Cnum%2Cmavat_code%2Cmavat_name%2Clegal_area%2Cshape_area%2Cshape_length%2Cstation_desc%2Clast_update_date&returnGeometry=true&outSR=4326&f=geojson,בינונית,"תוקן placeholder: הצמד המקורי זהה אצל 197 פרויקטים; הוזז 4.0 ק״מ למקור המפורט. בדיקה אנושית למגרש יחיד: תכנית 101-1360486 כוללת 7 תאי מגורים (101;102;103;104;105;106;107); הנקודה נמצאת בתוך איחוד תאי המגורים הרשמיים, אך אין בעמוד הוכחה איזה תא הוא הפרויקט."
%d7%94%d7%a8%d7%a6%d7%9c-2,31.933027,34.868831,https://ags.iplan.gov.il/arcgisiplan/rest/services/PlanningPublic/Xplan/MapServer/4/query?where=mp_id%3D99005099216+AND+%28mavat_name+LIKE+%27%25%D7%9E%D7%92%D7%95%D7%A8%D7%99%D7%9D%25%27+OR+mavat_name+LIKE+%27%25%D7%93%D7%99%D7%95%D7%A8%25%27%29&outFields=mp_id%2Cpl_id%2Cpl_number%2Cpl_name%2Cnum%2Cmavat_code%2Cmavat_name%2Clegal_area%2Cshape_area%2Cshape_length%2Cstation_desc%2Clast_update_date&returnGeometry=true&outSR=4326&f=geojson,בינונית,"תוקן placeholder: הצמד המקורי זהה אצל 15 פרויקטים; הוזז 829 מ׳ למקור המפורט. בדיקה אנושית למגרש יחיד: תכנית תמל/ 2032 כוללת 5 תאי מגורים (100;101;102;103;200); הנקודה נמצאת בתוך איחוד תאי המגורים הרשמיים, אך אין בעמוד הוכחה איזה תא הוא הפרויקט."
%d7%9c%d7%9b%d7%99%d7%a9-%d7%93%d7%a8%d7%95%d7%9d,32.850331,35.081003,https://ags.iplan.gov.il/arcgisiplan/rest/services/PlanningPublic/Xplan/MapServer/4/query?where=mp_id%3D3005093814+AND+%28mavat_name+LIKE+%27%25%D7%9E%D7%92%D7%95%D7%A8%D7%99%D7%9D%25%27+OR+mavat_name+LIKE+%27%25%D7%93%D7%99%D7%95%D7%A8%25%27%29&outFields=mp_id%2Cpl_id%2Cpl_number%2Cpl_name%2Cnum%2Cmavat_code%2Cmavat_name%2Clegal_area%2Cshape_area%2Cshape_length%2Cstation_desc%2Clast_update_date&returnGeometry=true&outSR=4326&f=geojson,בינונית,"תוקן placeholder: הצמד המקורי זהה אצל 11 פרויקטים; הוזז 998 מ׳ למקור המפורט. בדיקה אנושית למגרש יחיד: תכנית 352-0899195 כוללת 6 תאי מגורים (101;102;103;104;105;106); הנקודה נמצאת בתוך איחוד תאי המגורים הרשמיים, אך אין בעמוד הוכחה איזה תא הוא הפרויקט."
%d7%91%d7%a8%d7%90%d7%a9%d7%99%d7%aa,32.070156,34.816851,https://ags.iplan.gov.il/arcgisiplan/rest/services/PlanningPublic/Xplan/MapServer/4/query?where=mp_id%3D5005092884+AND+%28mavat_name+LIKE+%27%25%D7%9E%D7%92%D7%95%D7%A8%D7%99%D7%9D%25%27+OR+mavat_name+LIKE+%27%25%D7%93%D7%99%D7%95%D7%A8%25%27%29&outFields=mp_id%2Cpl_id%2Cpl_number%2Cpl_name%2Cnum%2Cmavat_code%2Cmavat_name%2Clegal_area%2Cshape_area%2Cshape_length%2Cstation_desc%2Clast_update_date&returnGeometry=true&outSR=4326&f=geojson,בינונית,"תוקן placeholder: הצמד המקורי זהה אצל 24 פרויקטים; הוזז 607 מ׳ למקור המפורט. בדיקה אנושית למגרש יחיד: תכנית 503-0897702 כוללת 5 תאי מגורים (240;241;242;244;2050); הנקודה נמצאת בתוך איחוד תאי המגורים הרשמיים, אך אין בעמוד הוכחה איזה תא הוא הפרויקט."
%d7%a8%d7%99%d7%99%d7%a0%d7%a1,32.133623,34.851069,https://ags.iplan.gov.il/arcgisiplan/rest/services/PlanningPublic/Xplan/MapServer/4/query?where=mp_id%3D5005107722+AND+%28mavat_name+LIKE+%27%25%D7%9E%D7%92%D7%95%D7%A8%D7%99%D7%9D%25%27+OR+mavat_name+LIKE+%27%25%D7%93%D7%99%D7%95%D7%A8%25%27%29&outFields=mp_id%2Cpl_id%2Cpl_number%2Cpl_name%2Cnum%2Cmavat_code%2Cmavat_name%2Clegal_area%2Cshape_area%2Cshape_length%2Cstation_desc%2Clast_update_date&returnGeometry=true&outSR=4326&f=geojson,בינונית,"תוקן placeholder: הצמד המקורי זהה אצל 8 פרויקטים; הוזז 1.6 ק״מ למקור המפורט. בדיקה אנושית למגרש יחיד: תכנית 553-0922054 כוללת 5 תאי מגורים (1;2;3;4;5); הנקודה נמצאת בתוך איחוד תאי המגורים הרשמיים, אך אין בעמוד הוכחה איזה תא הוא הפרויקט."
%d7%91%d7%9f-%d7%97%d7%99%d7%99%d7%9d,32.137330,34.841857,https://ags.iplan.gov.il/arcgisiplan/rest/services/PlanningPublic/Xplan/MapServer/4/query?where=mp_id%3D5005107726+AND+%28mavat_name+LIKE+%27%25%D7%9E%D7%92%D7%95%D7%A8%D7%99%D7%9D%25%27+OR+mavat_name+LIKE+%27%25%D7%93%D7%99%D7%95%D7%A8%25%27%29&outFields=mp_id%2Cpl_id%2Cpl_number%2Cpl_name%2Cnum%2Cmavat_code%2Cmavat_name%2Clegal_area%2Cshape_area%2Cshape_length%2Cstation_desc%2Clast_update_date&returnGeometry=true&outSR=4326&f=geojson,בינונית,"תוקן placeholder: הצמד המקורי זהה אצל 8 פרויקטים; הוזז 736 מ׳ למקור המפורט. בדיקה אנושית למגרש יחיד: תכנית 553-0922070 כוללת 9 תאי מגורים (100;101;102;103;104;105;106;107;108); הנקודה נמצאת בתוך איחוד תאי המגורים הרשמיים, אך אין בעמוד הוכחה איזה תא הוא הפרויקט."
%d7%a8%d7%9e%d7%95%d7%aa-%d7%a4%d7%95%d7%9c%d7%99%d7%9f,31.819253,35.196972,https://ags.iplan.gov.il/arcgisiplan/rest/services/PlanningPublic/Xplan/MapServer/4/query?where=mp_id%3D1005139016+AND+%28mavat_name+LIKE+%27%25%D7%9E%D7%92%D7%95%D7%A8%D7%99%D7%9D%25%27+OR+mavat_name+LIKE+%27%25%D7%93%D7%99%D7%95%D7%A8%25%27%29&outFields=mp_id%2Cpl_id%2Cpl_number%2Cpl_name%2Cnum%2Cmavat_code%2Cmavat_name%2Clegal_area%2Cshape_area%2Cshape_length%2Cstation_desc%2Clast_update_date&returnGeometry=true&outSR=4326&f=geojson,בינונית,"תוקן placeholder: הצמד המקורי זהה אצל 197 פרויקטים; הוזז 5.3 ק״מ למקור המפורט. בדיקה אנושית למגרש יחיד: תכנית 101-0975292 כוללת 16 תאי מגורים (101;102;103;104;105;106;107;108;109;110;112;113;114;117;118;119); הנקודה נמצאת בתוך איחוד תאי המגורים הרשמיים, אך אין בעמוד הוכחה איזה תא הוא הפרויקט."
%d7%95%d7%99%d7%a0%d7%92%d7%99%d7%99%d7%98,31.256116,34.809990,https://ags.iplan.gov.il/arcgisiplan/rest/services/PlanningPublic/Xplan/MapServer/4/query?where=mp_id%3D6005157836+AND+%28mavat_name+LIKE+%27%25%D7%9E%D7%92%D7%95%D7%A8%D7%99%D7%9D%25%27+OR+mavat_name+LIKE+%27%25%D7%93%D7%99%D7%95%D7%A8%25%27%29&outFields=mp_id%2Cpl_id%2Cpl_number%2Cpl_name%2Cnum%2Cmavat_code%2Cmavat_name%2Clegal_area%2Cshape_area%2Cshape_length%2Cstation_desc%2Clast_update_date&returnGeometry=true&outSR=4326&f=geojson,בינונית,"תוקן placeholder: הצמד המקורי זהה אצל 13 פרויקטים; הוזז 2.0 ק״מ למקור המפורט. בדיקה אנושית למגרש יחיד: תכנית 605-1004928 כוללת 9 תאי מגורים (701;702;703;704;705;706;707;708;709); הנקודה נמצאת בתוך איחוד תאי המגורים הרשמיים, אך אין בעמוד הוכחה איזה תא הוא הפרויקט."
%d7%90%d7%99%d7%9c%d7%aa-3,31.947127,34.895729,https://ags.iplan.gov.il/arcgisiplan/rest/services/PlanningPublic/Xplan/MapServer/4/query?where=mp_id%3D99005045116+AND+%28mavat_name+LIKE+%27%25%D7%9E%D7%92%D7%95%D7%A8%D7%99%D7%9D%25%27+OR+mavat_name+LIKE+%27%25%D7%93%D7%99%D7%95%D7%A8%25%27%29&outFields=mp_id%2Cpl_id%2Cpl_number%2Cpl_name%2Cnum%2Cmavat_code%2Cmavat_name%2Clegal_area%2Cshape_area%2Cshape_length%2Cstation_desc%2Clast_update_date&returnGeometry=true&outSR=4326&f=geojson,בינונית,"תוקן placeholder: הצמד המקורי זהה אצל 13 פרויקטים; הוזז 711 מ׳ למקור המפורט. בדיקה אנושית למגרש יחיד: תכנית תמל/ 2013 כוללת 8 תאי מגורים (101;201;202;203;301;302;303;304); הנקודה נמצאת בתוך איחוד תאי המגורים הרשמיים, אך אין בעמוד הוכחה איזה תא הוא הפרויקט."
%d7%a9%d7%9c%d7%9e%d7%94-%d7%94%d7%9e%d7%9c%d7%9a,31.942297,34.890169,https://ags.iplan.gov.il/arcgisiplan/rest/services/PlanningPublic/Xplan/MapServer/4/query?where=mp_id%3D99005070912+AND+%28mavat_name+LIKE+%27%25%D7%9E%D7%92%D7%95%D7%A8%D7%99%D7%9D%25%27+OR+mavat_name+LIKE+%27%25%D7%93%D7%99%D7%95%D7%A8%25%27%29&outFields=mp_id%2Cpl_id%2Cpl_number%2Cpl_name%2Cnum%2Cmavat_code%2Cmavat_name%2Clegal_area%2Cshape_area%2Cshape_length%2Cstation_desc%2Clast_update_date&returnGeometry=true&outSR=4326&f=geojson,בינונית,"תוקן placeholder: הצמד המקורי זהה אצל 13 פרויקטים; הוזז 751 מ׳ למקור המפורט. בדיקה אנושית למגרש יחיד: תכנית תמל/ 2012 כוללת 28 תאי מגורים (601;602;603;604;605;606;701;702;703;704;705;706;707;708;709;710;711;712;713;714;715;716;720;721;722;723;724;725); הנקודה נמצאת בתוך איחוד תאי המגורים הרשמיים, אך אין בעמוד הוכחה איזה תא הוא הפרויקט."
%d7%94%d7%a4%d7%99%d7%90%d7%a6%d7%94,32.439124,34.920489,https://ags.iplan.gov.il/arcgisiplan/rest/services/PlanningPublic/Xplan/MapServer/4/query?where=mp_id%3D3005144842+AND+%28mavat_name+LIKE+%27%25%D7%9E%D7%92%D7%95%D7%A8%D7%99%D7%9D%25%27+OR+mavat_name+LIKE+%27%25%D7%93%D7%99%D7%95%D7%A8%25%27%29&outFields=mp_id%2Cpl_id%2Cpl_number%2Cpl_name%2Cnum%2Cmavat_code%2Cmavat_name%2Clegal_area%2Cshape_area%2Cshape_length%2Cstation_desc%2Clast_update_date&returnGeometry=true&outSR=4326&f=geojson,גבוהה,תוקן placeholder: הצמד המקורי זהה אצל 21 פרויקטים; הוזז 1.8 ק״מ למקור המפורט. אומת מול תא מגורים רשמי יחיד 6 בתכנית 302-0984336; הנקודה בתוך התא הרשמי.
%d7%94%d7%a9%d7%95%d7%a7,32.435460,34.921899,https://ags.iplan.gov.il/arcgisiplan/rest/services/PlanningPublic/Xplan/MapServer/4/query?where=mp_id%3D3005075694+AND+%28mavat_name+LIKE+%27%25%D7%9E%D7%92%D7%95%D7%A8%D7%99%D7%9D%25%27+OR+mavat_name+LIKE+%27%25%D7%93%D7%99%D7%95%D7%A8%25%27%29&outFields=mp_id%2Cpl_id%2Cpl_number%2Cpl_name%2Cnum%2Cmavat_code%2Cmavat_name%2Clegal_area%2Cshape_area%2Cshape_length%2Cstation_desc%2Clast_update_date&returnGeometry=true&outSR=4326&f=geojson,בינונית,"תוקן placeholder: הצמד המקורי זהה אצל 21 פרויקטים; הוזז 1.8 ק״מ למקור המפורט. בדיקה אנושית למגרש יחיד: תכנית 302-0870329 כוללת 5 תאי מגורים (1;4;5;11;13); הנקודה נמצאת בתוך איחוד תאי המגורים הרשמיים, אך אין בעמוד הוכחה איזה תא הוא הפרויקט."
%d7%a7%d7%95%d7%92%d7%9c,32.028613,34.772529,https://ags.iplan.gov.il/arcgisiplan/rest/services/PlanningPublic/Xplan/MapServer/4/query?where=mp_id%3D5005078404+AND+%28mavat_name+LIKE+%27%25%D7%9E%D7%92%D7%95%D7%A8%D7%99%D7%9D%25%27+OR+mavat_name+LIKE+%27%25%D7%93%D7%99%D7%95%D7%A8%25%27%29&outFields=mp_id%2Cpl_id%2Cpl_number%2Cpl_name%2Cnum%2Cmavat_code%2Cmavat_name%2Clegal_area%2Cshape_area%2Cshape_length%2Cstation_desc%2Clast_update_date&returnGeometry=true&outSR=4326&f=geojson,בינונית,"תוקן placeholder: הצמד המקורי זהה אצל 25 פרויקטים; הוזז 1.3 ק״מ למקור המפורט. בדיקה אנושית למגרש יחיד: תכנית 505-0874917 כוללת 10 תאי מגורים (140;141;142;143;144;145;146;147;1200;1201); הנקודה נמצאת בתוך איחוד תאי המגורים הרשמיים, אך אין בעמוד הוכחה איזה תא הוא הפרויקט."
%d7%90%d7%94%d7%95%d7%93-%d7%94%d7%aa%d7%97%d7%99%d7%94,31.655431,34.582694,https://ags.iplan.gov.il/arcgisiplan/rest/services/PlanningPublic/Xplan/MapServer/4/query?where=mp_id%3D6005041754+AND+%28mavat_name+LIKE+%27%25%D7%9E%D7%92%D7%95%D7%A8%D7%99%D7%9D%25%27+OR+mavat_name+LIKE+%27%25%D7%93%D7%99%D7%95%D7%A8%25%27%29&outFields=mp_id%2Cpl_id%2Cpl_number%2Cpl_name%2Cnum%2Cmavat_code%2Cmavat_name%2Clegal_area%2Cshape_area%2Cshape_length%2Cstation_desc%2Clast_update_date&returnGeometry=true&outSR=4326&f=geojson,בינונית,"תוקן placeholder: הצמד המקורי זהה אצל 10 פרויקטים; הוזז 2.0 ק״מ למקור המפורט. בדיקה אנושית למגרש יחיד: תכנית תמל/ 2038 כוללת 11 תאי מגורים (101;102;103;104;105;106;108;100A;100B;107A;107B); הנקודה נמצאת בתוך איחוד תאי המגורים הרשמיים, אך אין בעמוד הוכחה איזה תא הוא הפרויקט."
%d7%91%d7%a0%d7%99%d7%9e%d7%99%d7%9f,31.649653,34.587477,https://ags.iplan.gov.il/arcgisiplan/rest/services/PlanningPublic/Xplan/MapServer/4/query?where=mp_id%3D6005041756+AND+%28mavat_name+LIKE+%27%25%D7%9E%D7%92%D7%95%D7%A8%D7%99%D7%9D%25%27+OR+mavat_name+LIKE+%27%25%D7%93%D7%99%D7%95%D7%A8%25%27%29&outFields=mp_id%2Cpl_id%2Cpl_number%2Cpl_name%2Cnum%2Cmavat_code%2Cmavat_name%2Clegal_area%2Cshape_area%2Cshape_length%2Cstation_desc%2Clast_update_date&returnGeometry=true&outSR=4326&f=geojson,בינונית,"תוקן placeholder: הצמד המקורי זהה אצל 10 פרויקטים; הוזז 2.7 ק״מ למקור המפורט. בדיקה אנושית למגרש יחיד: תכנית תמל/ 2037 כוללת 9 תאי מגורים (101;102;103;104;105;106;107;108;109); הנקודה נמצאת בתוך איחוד תאי המגורים הרשמיים, אך אין בעמוד הוכחה איזה תא הוא הפרויקט."
%d7%94%d7%9e%d7%9c%d7%91%d7%9f,32.026878,34.866875,https://ags.iplan.gov.il/arcgisiplan/rest/services/PlanningPublic/Xplan/MapServer/4/query?where=mp_id%3D5005129408+AND+%28mavat_name+LIKE+%27%25%D7%9E%D7%92%D7%95%D7%A8%D7%99%D7%9D%25%27+OR+mavat_name+LIKE+%27%25%D7%93%D7%99%D7%95%D7%A8%25%27%29&outFields=mp_id%2Cpl_id%2Cpl_number%2Cpl_name%2Cnum%2Cmavat_code%2Cmavat_name%2Clegal_area%2Cshape_area%2Cshape_length%2Cstation_desc%2Clast_update_date&returnGeometry=true&outSR=4326&f=geojson,בינונית,"תוקן placeholder: הצמד המקורי זהה אצל 9 פרויקטים; הוזז 367 מ׳ למקור המפורט. בדיקה אנושית למגרש יחיד: תכנית 555-0958454 כוללת 8 תאי מגורים (101;102;103;104;105;106;107;108); הנקודה נמצאת בתוך איחוד תאי המגורים הרשמיים, אך אין בעמוד הוכחה איזה תא הוא הפרויקט."
%d7%a6%d7%94%d7%9c,32.846526,35.065522,https://ags.iplan.gov.il/arcgisiplan/rest/services/PlanningPublic/Xplan/MapServer/4/query?where=mp_id%3D3005215036+AND+%28mavat_name+LIKE+%27%25%D7%9E%D7%92%D7%95%D7%A8%D7%99%D7%9D%25%27+OR+mavat_name+LIKE+%27%25%D7%93%D7%99%D7%95%D7%A8%25%27%29&outFields=mp_id%2Cpl_id%2Cpl_number%2Cpl_name%2Cnum%2Cmavat_code%2Cmavat_name%2Clegal_area%2Cshape_area%2Cshape_length%2Cstation_desc%2Clast_update_date&returnGeometry=true&outSR=4326&f=geojson,בינונית,"תוקן placeholder: הצמד המקורי זהה אצל 11 פרויקטים; הוזז 608 מ׳ למקור המפורט. בדיקה אנושית למגרש יחיד: תכנית 352-1072834 כוללת 10 תאי מגורים (100;102;103;104;105;106;107;1051;101B;101C); הנקודה נמצאת בתוך איחוד תאי המגורים הרשמיים, אך אין בעמוד הוכחה איזה תא הוא הפרויקט."
%d7%90%d7%95%d7%a8%d7%95%d7%aa,31.252071,34.808469,https://ags.iplan.gov.il/arcgisiplan/rest/services/PlanningPublic/Xplan/MapServer/4/query?where=mp_id%3D6005098954+AND+%28mavat_name+LIKE+%27%25%D7%9E%D7%92%D7%95%D7%A8%D7%99%D7%9D%25%27+OR+mavat_name+LIKE+%27%25%D7%93%D7%99%D7%95%D7%A8%25%27%29&outFields=mp_id%2Cpl_id%2Cpl_number%2Cpl_name%2Cnum%2Cmavat_code%2Cmavat_name%2Clegal_area%2Cshape_area%2Cshape_length%2Cstation_desc%2Clast_update_date&returnGeometry=true&outSR=4326&f=geojson,בינונית,"תוקן placeholder: הצמד המקורי זהה אצל 13 פרויקטים; הוזז 1.7 ק״מ למקור המפורט. בדיקה אנושית למגרש יחיד: תכנית 605-0907691 כוללת 16 תאי מגורים (13;101;102;103;104;105;106;107;108;109;110;112;113;114;111A;111B); הנקודה נמצאת בתוך איחוד תאי המגורים הרשמיים, אך אין בעמוד הוכחה איזה תא הוא הפרויקט."
%d7%94%d7%97%d7%a6%d7%91,32.032777,34.761374,https://ags.iplan.gov.il/arcgisiplan/rest/services/PlanningPublic/Xplan/MapServer/4/query?where=mp_id%3D5005073800+AND+%28mavat_name+LIKE+%27%25%D7%9E%D7%92%D7%95%D7%A8%D7%99%D7%9D%25%27+OR+mavat_name+LIKE+%27%25%D7%93%D7%99%D7%95%D7%A8%25%27%29&outFields=mp_id%2Cpl_id%2Cpl_number%2Cpl_name%2Cnum%2Cmavat_code%2Cmavat_name%2Clegal_area%2Cshape_area%2Cshape_length%2Cstation_desc%2Clast_update_date&returnGeometry=true&outSR=4326&f=geojson,בינונית,"תוקן placeholder: הצמד המקורי זהה אצל 25 פרויקטים; הוזז 2.3 ק״מ למקור המפורט. בדיקה אנושית למגרש יחיד: תכנית 505-0867267 כוללת 2 תאי מגורים (101;102); הנקודה נמצאת בתוך איחוד תאי המגורים הרשמיים, אך אין בעמוד הוכחה איזה תא הוא הפרויקט."
%d7%9e%d7%91%d7%a6%d7%a2-%d7%a1%d7%99%d7%a0%d7%99,32.026746,34.762507,https://ags.iplan.gov.il/arcgisiplan/rest/services/PlanningPublic/Xplan/MapServer/4/query?where=mp_id%3D5005068946+AND+%28mavat_name+LIKE+%27%25%D7%9E%D7%92%D7%95%D7%A8%D7%99%D7%9D%25%27+OR+mavat_name+LIKE+%27%25%D7%93%D7%99%D7%95%D7%A8%25%27%29&outFields=mp_id%2Cpl_id%2Cpl_number%2Cpl_name%2Cnum%2Cmavat_code%2Cmavat_name%2Clegal_area%2Cshape_area%2Cshape_length%2Cstation_desc%2Clast_update_date&returnGeometry=true&outSR=4326&f=geojson,בינונית,"תוקן placeholder: הצמד המקורי זהה אצל 25 פרויקטים; הוזז 1.9 ק״מ למקור המפורט. בדיקה אנושית למגרש יחיד: תכנית 505-0858993 כוללת 6 תאי מגורים (100;101;102;103;104;105); הנקודה נמצאת בתוך איחוד תאי המגורים הרשמיים, אך אין בעמוד הוכחה איזה תא הוא הפרויקט."
%d7%99%d7%95%d7%a1%d7%a4%d7%98%d7%9c-4,32.013653,34.762846,https://ags.iplan.gov.il/arcgisiplan/rest/services/PlanningPublic/Xplan/MapServer/4/query?where=mp_id%3D5005068624+AND+%28mavat_name+LIKE+%27%25%D7%9E%D7%92%D7%95%D7%A8%D7%99%D7%9D%25%27+OR+mavat_name+LIKE+%27%25%D7%93%D7%99%D7%95%D7%A8%25%27%29&outFields=mp_id%2Cpl_id%2Cpl_number%2Cpl_name%2Cnum%2Cmavat_code%2Cmavat_name%2Clegal_area%2Cshape_area%2Cshape_length%2Cstation_desc%2Clast_update_date&returnGeometry=true&outSR=4326&f=geojson,בינונית,"תוקן placeholder: הצמד המקורי זהה אצל 25 פרויקטים; הוזז 1.8 ק״מ למקור המפורט. בדיקה אנושית למגרש יחיד: תכנית 505-0858258 כוללת 9 תאי מגורים (100;110;120;121;123;130;131;111A;111B); הנקודה נמצאת בתוך איחוד תאי המגורים הרשמיים, אך אין בעמוד הוכחה איזה תא הוא הפרויקט."
%d7%94%d7%a2%d7%a6%d7%9e%d7%90%d7%95%d7%aa-5,32.681067,35.237754,https://ags.iplan.gov.il/arcgisiplan/rest/services/PlanningPublic/Xplan/MapServer/4/query?where=mp_id%3D2001012613+AND+%28mavat_name+LIKE+%27%25%D7%9E%D7%92%D7%95%D7%A8%D7%99%D7%9D%25%27+OR+mavat_name+LIKE+%27%25%D7%93%D7%99%D7%95%D7%A8%25%27%29&outFields=mp_id%2Cpl_id%2Cpl_number%2Cpl_name%2Cnum%2Cmavat_code%2Cmavat_name%2Clegal_area%2Cshape_area%2Cshape_length%2Cstation_desc%2Clast_update_date&returnGeometry=true&outSR=4326&f=geojson,בינונית,"תוקן placeholder: הצמד המקורי זהה אצל 6 פרויקטים; הוזז 601 מ׳ למקור המפורט. בדיקה אנושית למגרש יחיד: תכנית 221-0764670 כוללת 4 תאי מגורים (1;2;3;4); הנקודה נמצאת בתוך איחוד תאי המגורים הרשמיים, אך אין בעמוד הוכחה איזה תא הוא הפרויקט."
%d7%94%d7%a0%d7%95%d7%a8%d7%99%d7%aa,31.754242,35.170365,https://ags.iplan.gov.il/arcgisiplan/rest/services/PlanningPublic/Xplan/MapServer/4/query?where=mp_id%3D99005042480+AND+%28mavat_name+LIKE+%27%25%D7%9E%D7%92%D7%95%D7%A8%D7%99%D7%9D%25%27+OR+mavat_name+LIKE+%27%25%D7%93%D7%99%D7%95%D7%A8%25%27%29&outFields=mp_id%2Cpl_id%2Cpl_number%2Cpl_name%2Cnum%2Cmavat_code%2Cmavat_name%2Clegal_area%2Cshape_area%2Cshape_length%2Cstation_desc%2Clast_update_date&returnGeometry=true&outSR=4326&f=geojson,בינונית,"תוקן placeholder: הצמד המקורי זהה אצל 197 פרויקטים; הוזז 5.9 ק״מ למקור המפורט. בדיקה אנושית למגרש יחיד: תכנית תמל/ 2020 כוללת 7 תאי מגורים (1;2;3;4;5;6;7); הנקודה נמצאת בתוך איחוד תאי המגורים הרשמיים, אך אין בעמוד הוכחה איזה תא הוא הפרויקט."
%d7%94%d7%a2%d7%99%d7%a8-%d7%94%d7%a2%d7%aa%d7%99%d7%a7%d7%94,31.951851,34.900318,https://ags.iplan.gov.il/arcgisiplan/rest/services/PlanningPublic/Xplan/MapServer/4/query?where=mp_id%3D99000979661+AND+%28mavat_name+LIKE+%27%25%D7%9E%D7%92%D7%95%D7%A8%D7%99%D7%9D%25%27+OR+mavat_name+LIKE+%27%25%D7%93%D7%99%D7%95%D7%A8%25%27%29&outFields=mp_id%2Cpl_id%2Cpl_number%2Cpl_name%2Cnum%2Cmavat_code%2Cmavat_name%2Clegal_area%2Cshape_area%2Cshape_length%2Cstation_desc%2Clast_update_date&returnGeometry=true&outSR=4326&f=geojson,בינונית,"תוקן placeholder: הצמד המקורי זהה אצל 13 פרויקטים; הוזז 1.2 ק״מ למקור המפורט. בדיקה אנושית למגרש יחיד: תכנית תמל/ 2007 כוללת 32 תאי מגורים (100;101;102;103;104;105;106;107;108;109;110;111;112;113;114;115;116;117;118;119;120;121;122;123;124;126;127;128;905;906;907;908); הנקודה נמצאת בתוך איחוד תאי המגורים הרשמיים, אך אין בעמוד הוכחה איזה תא הוא הפרויקט."
%d7%a0%d7%97%d7%9e%d7%99%d7%94,31.928131,34.809852,https://ags.iplan.gov.il/arcgisiplan/rest/services/PlanningPublic/Xplan/MapServer/4/query?where=mp_id%3D4005076500+AND+%28mavat_name+LIKE+%27%25%D7%9E%D7%92%D7%95%D7%A8%D7%99%D7%9D%25%27+OR+mavat_name+LIKE+%27%25%D7%93%D7%99%D7%95%D7%A8%25%27%29&outFields=mp_id%2Cpl_id%2Cpl_number%2Cpl_name%2Cnum%2Cmavat_code%2Cmavat_name%2Clegal_area%2Cshape_area%2Cshape_length%2Cstation_desc%2Clast_update_date&returnGeometry=true&outSR=4326&f=geojson,בינונית,"תוקן placeholder: הצמד המקורי זהה אצל 9 פרויקטים; הוזז 1.0 ק״מ למקור המפורט. בדיקה אנושית למגרש יחיד: תכנית 407-0871731 כוללת 8 תאי מגורים (101;102;103;104;105;106;107;108); הנקודה נמצאת בתוך איחוד תאי המגורים הרשמיים, אך אין בעמוד הוכחה איזה תא הוא הפרויקט."
%d7%92%d7%99%d7%95%d7%a8%d7%90,32.082075,34.847534,https://ags.iplan.gov.il/arcgisiplan/rest/services/PlanningPublic/Xplan/MapServer/4/query?where=mp_id%3D4000911447+AND+%28mavat_name+LIKE+%27%25%D7%9E%D7%92%D7%95%D7%A8%D7%99%D7%9D%25%27+OR+mavat_name+LIKE+%27%25%D7%93%D7%99%D7%95%D7%A8%25%27%29&outFields=mp_id%2Cpl_id%2Cpl_number%2Cpl_name%2Cnum%2Cmavat_code%2Cmavat_name%2Clegal_area%2Cshape_area%2Cshape_length%2Cstation_desc%2Clast_update_date&returnGeometry=true&outSR=4326&f=geojson,בינונית,"תוקן placeholder: הצמד המקורי זהה אצל 4 פרויקטים; הוזז 736 מ׳ למקור המפורט. בדיקה אנושית למגרש יחיד: תכנית תמל/ 2006 כוללת 11 תאי מגורים (1;2;3;4;5;6;7;8;9;10;11); הנקודה נמצאת בתוך איחוד תאי המגורים הרשמיים, אך אין בעמוד הוכחה איזה תא הוא הפרויקט."
%d7%9b%d7%99%d7%9b%d7%a8-%d7%a7%d7%95%d7%9e%d7%a0%d7%93%d7%95,31.947985,34.892178,https://ags.iplan.gov.il/arcgisiplan/rest/services/PlanningPublic/Xplan/MapServer/4/query?where=mp_id%3D4001015211+AND+%28mavat_name+LIKE+%27%25%D7%9E%D7%92%D7%95%D7%A8%D7%99%D7%9D%25%27+OR+mavat_name+LIKE+%27%25%D7%93%D7%99%D7%95%D7%A8%25%27%29&outFields=mp_id%2Cpl_id%2Cpl_number%2Cpl_name%2Cnum%2Cmavat_code%2Cmavat_name%2Clegal_area%2Cshape_area%2Cshape_length%2Cstation_desc%2Clast_update_date&returnGeometry=true&outSR=4326&f=geojson,בינונית,"תוקן placeholder: הצמד המקורי זהה אצל 13 פרויקטים; הוזז 363 מ׳ למקור המפורט. בדיקה אנושית למגרש יחיד: תכנית 406-0768135 כוללת 12 תאי מגורים (101;103;104;105;106;107;108;109;110;201;102A;102B); הנקודה נמצאת בתוך איחוד תאי המגורים הרשמיים, אך אין בעמוד הוכחה איזה תא הוא הפרויקט."
%d7%a9%d7%98%d7%a8%d7%9f-2,31.754972,35.176342,https://ags.iplan.gov.il/arcgisiplan/rest/services/PlanningPublic/Xplan/MapServer/4/query?where=mp_id%3D1005050634+AND+%28mavat_name+LIKE+%27%25%D7%9E%D7%92%D7%95%D7%A8%D7%99%D7%9D%25%27+OR+mavat_name+LIKE+%27%25%D7%93%D7%99%D7%95%D7%A8%25%27%29&outFields=mp_id%2Cpl_id%2Cpl_number%2Cpl_name%2Cnum%2Cmavat_code%2Cmavat_name%2Clegal_area%2Cshape_area%2Cshape_length%2Cstation_desc%2Clast_update_date&returnGeometry=true&outSR=4326&f=geojson,בינונית,"תוקן placeholder: הצמד המקורי זהה אצל 197 פרויקטים; הוזז 5.4 ק״מ למקור המפורט. בדיקה אנושית למגרש יחיד: תכנית 101-0826685 כוללת 5 תאי מגורים (1;2;3;4;5); הנקודה נמצאת בתוך איחוד תאי המגורים הרשמיים, אך אין בעמוד הוכחה איזה תא הוא הפרויקט."
%d7%9e%d7%95%d7%94%d7%9c%d7%99%d7%91%d7%a8,32.030601,34.898305,https://ags.iplan.gov.il/arcgisiplan/rest/services/PlanningPublic/Xplan/MapServer/4/query?where=mp_id%3D99000978291+AND+%28mavat_name+LIKE+%27%25%D7%9E%D7%92%D7%95%D7%A8%D7%99%D7%9D%25%27+OR+mavat_name+LIKE+%27%25%D7%93%D7%99%D7%95%D7%A8%25%27%29&outFields=mp_id%2Cpl_id%2Cpl_number%2Cpl_name%2Cnum%2Cmavat_code%2Cmavat_name%2Clegal_area%2Cshape_area%2Cshape_length%2Cstation_desc%2Clast_update_date&returnGeometry=true&outSR=4326&f=geojson,בינונית,"תוקן placeholder: הצמד המקורי זהה אצל 11 פרויקטים; הוזז 1.0 ק״מ למקור המפורט. בדיקה אנושית למגרש יחיד: תכנית תמל/ 2004 כוללת 8 תאי מגורים (201;202;203;204;205;206;208;209); הנקודה נמצאת בתוך איחוד תאי המגורים הרשמיים, אך אין בעמוד הוכחה איזה תא הוא הפרויקט."
%d7%91%d7%92%d7%99%d7%9f,32.319418,34.937154,https://ags.iplan.gov.il/arcgisiplan/rest/services/PlanningPublic/Xplan/MapServer/4/query?where=mp_id%3D4000927051+AND+%28mavat_name+LIKE+%27%25%D7%9E%D7%92%D7%95%D7%A8%D7%99%D7%9D%25%27+OR+mavat_name+LIKE+%27%25%D7%93%D7%99%D7%95%D7%A8%25%27%29&outFields=mp_id%2Cpl_id%2Cpl_number%2Cpl_name%2Cnum%2Cmavat_code%2Cmavat_name%2Clegal_area%2Cshape_area%2Cshape_length%2Cstation_desc%2Clast_update_date&returnGeometry=true&outSR=4326&f=geojson,בינונית,"תוקן מנקודת עיר כללית; הוזז 723 מ׳. בדיקה אנושית למגרש יחיד: תכנית 428-0624353 כוללת 7 תאי מגורים (102;103;104;105;200;201;210); הנקודה נמצאת בתוך איחוד תאי המגורים הרשמיים, אך אין בעמוד הוכחה איזה תא הוא הפרויקט."
%d7%94%d7%92%d7%a4%d7%9f-2,31.746949,34.985690,https://ags.iplan.gov.il/arcgisiplan/rest/services/PlanningPublic/XplanNoKanam/MapServer/1/query?where=mp_id%3D1005283826&outFields=mp_id%2Cpl_id%2Cpl_number%2Cpl_name%2Cnum%2Cmavat_code%2Cmavat_name%2Clegal_area%2Cshape_area%2Cshape_length%2Cstation_desc%2Clast_update_date%2Cobjectid&returnGeometry=true&outSR=4326&f=geojson,נמוכה,"תוקן placeholder: הצמד המקורי זהה אצל 7 פרויקטים; הוזז 295 מ׳ למקור המפורט. בדיקה אנושית: אותר גבול רשמי של תכנית 102-1184498, אך לא אותר תא מגורים/מגרש יחיד. הנקודה בתוך גבול התכנית בלבד."
%d7%9c%d7%90%d7%94-%d7%92%d7%95%d7%9c%d7%93%d7%91%d7%a8%d7%92,31.950888,34.884407,https://ags.iplan.gov.il/arcgisiplan/rest/services/PlanningPublic/Xplan/MapServer/4/query?where=mp_id%3D99005050568+AND+%28mavat_name+LIKE+%27%25%D7%9E%D7%92%D7%95%D7%A8%D7%99%D7%9D%25%27+OR+mavat_name+LIKE+%27%25%D7%93%D7%99%D7%95%D7%A8%25%27%29&outFields=mp_id%2Cpl_id%2Cpl_number%2Cpl_name%2Cnum%2Cmavat_code%2Cmavat_name%2Clegal_area%2Cshape_area%2Cshape_length%2Cstation_desc%2Clast_update_date&returnGeometry=true&outSR=4326&f=geojson,בינונית,"תוקן placeholder: הצמד המקורי זהה אצל 13 פרויקטים; הוזז 444 מ׳ למקור המפורט. בדיקה אנושית למגרש יחיד: תכנית תמל/ 2002/ א כוללת 6 תאי מגורים (100;101;102;103;104;105); הנקודה נמצאת בתוך איחוד תאי המגורים הרשמיים, אך אין בעמוד הוכחה איזה תא הוא הפרויקט."
%d7%95%d7%99%d7%a6%d7%9e%d7%9f-%d7%96%d7%91%d7%95%d7%98%d7%99%d7%a0%d7%a1%d7%a7%d7%99-%d7%a9%d7%99%d7%a0%d7%a7%d7%99%d7%9f,,,,נמוכה,"בדיקה אנושית: לא נמצא מקור שמאפשר למסור נקודה ברמת מגרש בביטחון; lat/lng הושארו ריקים. בדיקה אנושית: נמצאו מועמדי XPLAN חלקיים או מרובים, אך אין התאמת שם+עיר חד-משמעית. מועמדים: 503-0614404 — תכנית גב/665 - מתחם שינקין ויצמן ,הודעה לפי 77 ו-78 לחוק; 503-0328641 — גב/מק/623 - רח' שינקין 46, גבעתיים; 503-0897447 — ויצמן 44-46/ רמב""ם 38, גבעתיים- התחדשות עירונית"
%d7%98%d7%a9%d7%a8%d7%a0%d7%99%d7%97%d7%95%d7%91%d7%a1%d7%a7%d7%99,31.762732,35.201504,https://ags.iplan.gov.il/arcgisiplan/rest/services/PlanningPublic/Xplan/MapServer/4/query?where=mp_id%3D1000966579+AND+%28mavat_name+LIKE+%27%25%D7%9E%D7%92%D7%95%D7%A8%D7%99%D7%9D%25%27+OR+mavat_name+LIKE+%27%25%D7%93%D7%99%D7%95%D7%A8%25%27%29&outFields=mp_id%2Cpl_id%2Cpl_number%2Cpl_name%2Cnum%2Cmavat_code%2Cmavat_name%2Clegal_area%2Cshape_area%2Cshape_length%2Cstation_desc%2Clast_update_date&returnGeometry=true&outSR=4326&f=geojson,בינונית,"תוקן placeholder: הצמד המקורי זהה אצל 197 פרויקטים; הוזז 2.9 ק״מ למקור המפורט. בדיקה אנושית למגרש יחיד: תכנית 101-0690859 כוללת 3 תאי מגורים (1;2;3); הנקודה נמצאת בתוך איחוד תאי המגורים הרשמיים, אך אין בעמוד הוכחה איזה תא הוא הפרויקט."
%d7%93%d7%a8%d7%9a-%d7%97%d7%91%d7%a8%d7%95%d7%9f-137-141,31.749638,35.219157,https://ags.iplan.gov.il/arcgisiplan/rest/services/PlanningPublic/Xplan/MapServer/4/query?where=mp_id%3D1000918843+AND+%28mavat_name+LIKE+%27%25%D7%9E%D7%92%D7%95%D7%A8%D7%99%D7%9D%25%27+OR+mavat_name+LIKE+%27%25%D7%93%D7%99%D7%95%D7%A8%25%27%29&outFields=mp_id%2Cpl_id%2Cpl_number%2Cpl_name%2Cnum%2Cmavat_code%2Cmavat_name%2Clegal_area%2Cshape_area%2Cshape_length%2Cstation_desc%2Clast_update_date&returnGeometry=true&outSR=4326&f=geojson,בינונית,"תוקן placeholder: הצמד המקורי זהה אצל 197 פרויקטים; הוזז 3.3 ק״מ למקור המפורט. בדיקה אנושית למגרש יחיד: תכנית 101-0608125 כוללת 3 תאי מגורים (100;101;400); הנקודה נמצאת בתוך איחוד תאי המגורים הרשמיים, אך אין בעמוד הוכחה איזה תא הוא הפרויקט."
%d7%90%d7%92%d7%a9-%d7%9b%d7%9c%d7%9c%d7%99,32.849460,35.067520,https://ags.iplan.gov.il/arcgisiplan/rest/services/PlanningPublic/Xplan/MapServer/4/query?where=mp_id%3D3000893013+AND+%28mavat_name+LIKE+%27%25%D7%9E%D7%92%D7%95%D7%A8%D7%99%D7%9D%25%27+OR+mavat_name+LIKE+%27%25%D7%93%D7%99%D7%95%D7%A8%25%27%29&outFields=mp_id%2Cpl_id%2Cpl_number%2Cpl_name%2Cnum%2Cmavat_code%2Cmavat_name%2Clegal_area%2Cshape_area%2Cshape_length%2Cstation_desc%2Clast_update_date&returnGeometry=true&outSR=4326&f=geojson,בינונית,"תוקן placeholder: הצמד המקורי זהה אצל 11 פרויקטים; הוזז 275 מ׳ למקור המפורט. בדיקה אנושית למגרש יחיד: תכנית 352-0559856 כוללת 12 תאי מגורים (1;2;3;4;5;6;7;11;12;13;14;15); הנקודה נמצאת בתוך איחוד תאי המגורים הרשמיים, אך אין בעמוד הוכחה איזה תא הוא הפרויקט."
%d7%a9%d7%a2%d7%a8-%d7%99%d7%95%d7%a1%d7%a4%d7%98%d7%9c,32.014190,34.760407,https://ags.iplan.gov.il/arcgisiplan/rest/services/PlanningPublic/Xplan/MapServer/4/query?where=mp_id%3D5000991831+AND+%28mavat_name+LIKE+%27%25%D7%9E%D7%92%D7%95%D7%A8%D7%99%D7%9D%25%27+OR+mavat_name+LIKE+%27%25%D7%93%D7%99%D7%95%D7%A8%25%27%29&outFields=mp_id%2Cpl_id%2Cpl_number%2Cpl_name%2Cnum%2Cmavat_code%2Cmavat_name%2Clegal_area%2Cshape_area%2Cshape_length%2Cstation_desc%2Clast_update_date&returnGeometry=true&outSR=4326&f=geojson,בינונית,"תוקן placeholder: הצמד המקורי זהה אצל 38 פרויקטים; הוזז 942 מ׳ למקור המפורט. בדיקה אנושית למגרש יחיד: תכנית 502-0730242 כוללת 6 תאי מגורים (103;301;401;402;405;406); הנקודה נמצאת בתוך איחוד תאי המגורים הרשמיים, אך אין בעמוד הוכחה איזה תא הוא הפרויקט."
%d7%a9%d7%a2%d7%a8%d7%99%d7%99%d7%9d,31.887638,34.813136,https://ags.iplan.gov.il/arcgisiplan/rest/services/PlanningPublic/Xplan/MapServer/1/query?where=mp_id%3D4000365149&outFields=mp_id%2Cpl_id%2Cpl_number%2Cpl_name%2Cpl_url%2Cstation_desc%2Clast_update_date%2Cpl_area_dunam%2Cshape_area%2Cshape_length&returnGeometry=true&outSR=4326&f=geojson,נמוכה,"תוקן placeholder: הצמד המקורי זהה אצל 14 פרויקטים; הוזז 881 מ׳ למקור המפורט. בדיקה אנושית: אותר גבול רשמי של תכנית תמל/ 2033, אך לא אותר תא מגורים/מגרש יחיד. הנקודה בתוך גבול התכנית בלבד."
%d7%94%d7%a2%d7%9c%d7%99%d7%99%d7%94-%d7%94%d7%a9%d7%a0%d7%99%d7%99%d7%94-2,32.441364,34.919367,https://ags.iplan.gov.il/arcgisiplan/rest/services/PlanningPublic/Xplan/MapServer/4/query?where=mp_id%3D3000922195+AND+%28mavat_name+LIKE+%27%25%D7%9E%D7%92%D7%95%D7%A8%D7%99%D7%9D%25%27+OR+mavat_name+LIKE+%27%25%D7%93%D7%99%D7%95%D7%A8%25%27%29&outFields=mp_id%2Cpl_id%2Cpl_number%2Cpl_name%2Cnum%2Cmavat_code%2Cmavat_name%2Clegal_area%2Cshape_area%2Cshape_length%2Cstation_desc%2Clast_update_date&returnGeometry=true&outSR=4326&f=geojson,בינונית,"תוקן placeholder: הצמד המקורי זהה אצל 21 פרויקטים; הוזז 1.9 ק״מ למקור המפורט. בדיקה אנושית למגרש יחיד: תכנית 302-0615021 כוללת 3 תאי מגורים (101;102;103); הנקודה נמצאת בתוך איחוד תאי המגורים הרשמיים, אך אין בעמוד הוכחה איזה תא הוא הפרויקט."
%d7%a9%d7%a4%d7%a8%d7%91%d7%a8,32.003932,34.754168,https://ags.iplan.gov.il/arcgisiplan/rest/services/PlanningPublic/Xplan/MapServer/4/query?where=mp_id%3D5000917981+AND+%28mavat_name+LIKE+%27%25%D7%9E%D7%92%D7%95%D7%A8%D7%99%D7%9D%25%27+OR+mavat_name+LIKE+%27%25%D7%93%D7%99%D7%95%D7%A8%25%27%29&outFields=mp_id%2Cpl_id%2Cpl_number%2Cpl_name%2Cnum%2Cmavat_code%2Cmavat_name%2Clegal_area%2Cshape_area%2Cshape_length%2Cstation_desc%2Clast_update_date&returnGeometry=true&outSR=4326&f=geojson,בינונית,"תוקן placeholder: הצמד המקורי זהה אצל 38 פרויקטים; הוזז 1.3 ק״מ למקור המפורט. בדיקה אנושית למגרש יחיד: תכנית 502-0969345 כוללת 5 תאי מגורים (200;400;401;600;601); הנקודה נמצאת בתוך איחוד תאי המגורים הרשמיים, אך אין בעמוד הוכחה איזה תא הוא הפרויקט."
%d7%9b%d7%93%d7%95%d7%a8%d7%99,32.160854,34.841294,https://ags.iplan.gov.il/arcgisiplan/rest/services/PlanningPublic/Xplan/MapServer/4/query?where=mp_id%3D5005150736+AND+%28mavat_name+LIKE+%27%25%D7%9E%D7%92%D7%95%D7%A8%D7%99%D7%9D%25%27+OR+mavat_name+LIKE+%27%25%D7%93%D7%99%D7%95%D7%A8%25%27%29&outFields=mp_id%2Cpl_id%2Cpl_number%2Cpl_name%2Cnum%2Cmavat_code%2Cmavat_name%2Clegal_area%2Cshape_area%2Cshape_length%2Cstation_desc%2Clast_update_date&returnGeometry=true&outSR=4326&f=geojson,בינונית,"תוקן placeholder: הצמד המקורי זהה אצל 25 פרויקטים; הוזז 748 מ׳ למקור המפורט. בדיקה אנושית למגרש יחיד: תכנית 504-0993386 כוללת 4 תאי מגורים (100;1200;1201;1250); הנקודה נמצאת בתוך איחוד תאי המגורים הרשמיים, אך אין בעמוד הוכחה איזה תא הוא הפרויקט."
%d7%a7%d7%a8%d7%99%d7%aa-%d7%9e%d7%a9%d7%94,31.884908,34.786441,https://ags.iplan.gov.il/arcgisiplan/rest/services/PlanningPublic/Xplan/MapServer/4/query?where=mp_id%3D4000372341+AND+%28mavat_name+LIKE+%27%25%D7%9E%D7%92%D7%95%D7%A8%D7%99%D7%9D%25%27+OR+mavat_name+LIKE+%27%25%D7%93%D7%99%D7%95%D7%A8%25%27%29&outFields=mp_id%2Cpl_id%2Cpl_number%2Cpl_name%2Cnum%2Cmavat_code%2Cmavat_name%2Clegal_area%2Cshape_area%2Cshape_length%2Cstation_desc%2Clast_update_date&returnGeometry=true&outSR=4326&f=geojson,בינונית,"תוקן placeholder: הצמד המקורי זהה אצל 14 פרויקטים; הוזז 2.6 ק״מ למקור המפורט. בדיקה אנושית למגרש יחיד: תכנית תמל/ 1086 כוללת 119 תאי מגורים (101;102;103;104;105;106;107;108;109;110;111;112;113;115;116;117;118;119;120;121;122;123;124;125;126;127;128;129;130;131;132;133;134;135;136;137;138;139;140;141;142;143;144;145;1…); הנקודה נמצאת בתוך איחוד תאי המגורים הרשמיים, אך אין בעמוד הוכחה איזה תא הוא הפרויקט."
%d7%92%d7%95%d7%9c%d7%95%d7%9e%d7%91-%d7%9e%d7%a1%d7%9c%d7%a0%d7%98,32.053355,34.782059,https://ags.iplan.gov.il/arcgisiplan/rest/services/PlanningPublic/Xplan/MapServer/4/query?where=mp_id%3D5000935175+AND+%28mavat_name+LIKE+%27%25%D7%9E%D7%92%D7%95%D7%A8%D7%99%D7%9D%25%27+OR+mavat_name+LIKE+%27%25%D7%93%D7%99%D7%95%D7%A8%25%27%29&outFields=mp_id%2Cpl_id%2Cpl_number%2Cpl_name%2Cnum%2Cmavat_code%2Cmavat_name%2Clegal_area%2Cshape_area%2Cshape_length%2Cstation_desc%2Clast_update_date&returnGeometry=true&outSR=4326&f=geojson,בינונית,"תוקן placeholder: הצמד המקורי זהה אצל 57 פרויקטים; הוזז 3.6 ק״מ למקור המפורט. בדיקה אנושית למגרש יחיד: תכנית 507-0638460 כוללת 7 תאי מגורים (1A;1B;1C;1D;1E;1F;1G); הנקודה נמצאת בתוך איחוד תאי המגורים הרשמיים, אך אין בעמוד הוכחה איזה תא הוא הפרויקט."
%d7%92%d7%95%d7%9c%d7%95%d7%9e%d7%91-23,31.758871,35.179406,https://ags.iplan.gov.il/arcgisiplan/rest/services/PlanningPublic/Xplan/MapServer/4/query?where=mp_id%3D1000421221+AND+%28mavat_name+LIKE+%27%25%D7%9E%D7%92%D7%95%D7%A8%D7%99%D7%9D%25%27+OR+mavat_name+LIKE+%27%25%D7%93%D7%99%D7%95%D7%A8%25%27%29&outFields=mp_id%2Cpl_id%2Cpl_number%2Cpl_name%2Cnum%2Cmavat_code%2Cmavat_name%2Clegal_area%2Cshape_area%2Cshape_length%2Cstation_desc%2Clast_update_date&returnGeometry=true&outSR=4326&f=geojson,בינונית,"תוקן placeholder: הצמד המקורי זהה אצל 197 פרויקטים; הוזז 4.9 ק״מ למקור המפורט. בדיקה אנושית למגרש יחיד: תכנית 101-0440735 כוללת 2 תאי מגורים (101;102); הנקודה נמצאת בתוך איחוד תאי המגורים הרשמיים, אך אין בעמוד הוכחה איזה תא הוא הפרויקט."
%d7%90%d7%a9%d7%a7%d7%95%d7%91%d7%99%d7%95%d7%aa,,,,נמוכה,"בדיקה אנושית: לא נמצא מקור שמאפשר למסור נקודה ברמת מגרש בביטחון; lat/lng הושארו ריקים. בדיקה אנושית: XPLAN לא החזיר תכניות המשויכות לעיר בשם הנתון, ולא נמצאה התאמת שם רשמית ייחודית."
%d7%aa%d7%a7%d7%95%d7%9e%d7%94,32.170693,34.920009,https://ags.iplan.gov.il/arcgisiplan/rest/services/PlanningPublic/Xplan/MapServer/4/query?where=mp_id%3D4000306109+AND+%28mavat_name+LIKE+%27%25%D7%9E%D7%92%D7%95%D7%A8%D7%99%D7%9D%25%27+OR+mavat_name+LIKE+%27%25%D7%93%D7%99%D7%95%D7%A8%25%27%29&outFields=mp_id%2Cpl_id%2Cpl_number%2Cpl_name%2Cnum%2Cmavat_code%2Cmavat_name%2Clegal_area%2Cshape_area%2Cshape_length%2Cstation_desc%2Clast_update_date&returnGeometry=true&outSR=4326&f=geojson,בינונית,"תוקן placeholder: הצמד המקורי זהה אצל 12 פרויקטים; הוזז 1.4 ק״מ למקור המפורט. בדיקה אנושית למגרש יחיד: תכנית 405-0209585 כוללת 24 תאי מגורים (14;15;60;61;62;63;64;65;66;67;68;69;70;71;72;73;74;75;11A;11B;12A;12B;13A;13B); הנקודה נמצאת בתוך איחוד תאי המגורים הרשמיים, אך אין בעמוד הוכחה איזה תא הוא הפרויקט."
%d7%97%d7%99%d7%9c-%d7%94%d7%99%d7%9d,32.831065,34.984581,https://ags.iplan.gov.il/arcgisiplan/rest/services/PlanningPublic/Xplan/MapServer/4/query?where=mp_id%3D3000882579+AND+%28mavat_name+LIKE+%27%25%D7%9E%D7%92%D7%95%D7%A8%D7%99%D7%9D%25%27+OR+mavat_name+LIKE+%27%25%D7%93%D7%99%D7%95%D7%A8%25%27%29&outFields=mp_id%2Cpl_id%2Cpl_number%2Cpl_name%2Cnum%2Cmavat_code%2Cmavat_name%2Clegal_area%2Cshape_area%2Cshape_length%2Cstation_desc%2Clast_update_date&returnGeometry=true&outSR=4326&f=geojson,בינונית,"תוקן placeholder: הצמד המקורי זהה אצל 43 פרויקטים; הוזז 1.9 ק״מ למקור המפורט. בדיקה אנושית למגרש יחיד: תכנית 304-0540567 כוללת 4 תאי מגורים (1;2;3;4); הנקודה נמצאת בתוך איחוד תאי המגורים הרשמיים, אך אין בעמוד הוכחה איזה תא הוא הפרויקט."
%d7%94%d7%a2%d7%9c%d7%99%d7%99%d7%94-%d7%94%d7%a9%d7%a0%d7%99%d7%99%d7%94,32.831427,34.981208,https://ags.iplan.gov.il/arcgisiplan/rest/services/PlanningPublic/Xplan/MapServer/4/query?where=mp_id%3D3000882565+AND+%28mavat_name+LIKE+%27%25%D7%9E%D7%92%D7%95%D7%A8%D7%99%D7%9D%25%27+OR+mavat_name+LIKE+%27%25%D7%93%D7%99%D7%95%D7%A8%25%27%29&outFields=mp_id%2Cpl_id%2Cpl_number%2Cpl_name%2Cnum%2Cmavat_code%2Cmavat_name%2Clegal_area%2Cshape_area%2Cshape_length%2Cstation_desc%2Clast_update_date&returnGeometry=true&outSR=4326&f=geojson,בינונית,"תוקן placeholder: הצמד המקורי זהה אצל 43 פרויקטים; הוזז 2.1 ק״מ למקור המפורט. בדיקה אנושית למגרש יחיד: תכנית 304-0540534 כוללת 7 תאי מגורים (1;2;3;4;5;6;7); הנקודה נמצאת בתוך איחוד תאי המגורים הרשמיים, אך אין בעמוד הוכחה איזה תא הוא הפרויקט."
%d7%9e%d7%a2%d7%95%d7%a0%d7%95%d7%aa-%d7%a9%d7%a8%d7%94,32.162839,34.837268,https://ags.iplan.gov.il/arcgisiplan/rest/services/PlanningPublic/Xplan/MapServer/4/query?where=mp_id%3D5000375991+AND+%28mavat_name+LIKE+%27%25%D7%9E%D7%92%D7%95%D7%A8%D7%99%D7%9D%25%27+OR+mavat_name+LIKE+%27%25%D7%93%D7%99%D7%95%D7%A8%25%27%29&outFields=mp_id%2Cpl_id%2Cpl_number%2Cpl_name%2Cnum%2Cmavat_code%2Cmavat_name%2Clegal_area%2Cshape_area%2Cshape_length%2Cstation_desc%2Clast_update_date&returnGeometry=true&outSR=4326&f=geojson,בינונית,"תוקן placeholder: הצמד המקורי זהה אצל 25 פרויקטים; הוזז 958 מ׳ למקור המפורט. בדיקה אנושית למגרש יחיד: תכנית 504-0351403 כוללת 16 תאי מגורים (140;141;200;201;202;203;204;205;206;207;301;302;303;304;305;306); הנקודה נמצאת בתוך איחוד תאי המגורים הרשמיים, אך אין בעמוד הוכחה איזה תא הוא הפרויקט."
%d7%93%d7%95%d7%a8%d7%94-%d7%a8%d7%9e%d7%aa-%d7%99%d7%93%d7%99%d7%9f,32.301635,34.856077,https://ags.iplan.gov.il/arcgisiplan/rest/services/PlanningPublic/Xplan/MapServer/4/query?where=mp_id%3D4005126762+AND+%28mavat_name+LIKE+%27%25%D7%9E%D7%92%D7%95%D7%A8%D7%99%D7%9D%25%27+OR+mavat_name+LIKE+%27%25%D7%93%D7%99%D7%95%D7%A8%25%27%29&outFields=mp_id%2Cpl_id%2Cpl_number%2Cpl_name%2Cnum%2Cmavat_code%2Cmavat_name%2Clegal_area%2Cshape_area%2Cshape_length%2Cstation_desc%2Clast_update_date&returnGeometry=true&outSR=4326&f=geojson,בינונית,"תוקן placeholder: הצמד המקורי זהה אצל 40 פרויקטים; הוזז 3.0 ק״מ למקור המפורט. בדיקה אנושית למגרש יחיד: תכנית 408-0954123 כוללת 3 תאי מגורים (101;102;103); הנקודה נמצאת בתוך איחוד תאי המגורים הרשמיים, אך אין בעמוד הוכחה איזה תא הוא הפרויקט."
%d7%94%d7%94%d7%a1%d7%aa%d7%93%d7%a8%d7%95%d7%aa-%d7%a6%d7%a4%d7%95%d7%9f,32.064176,34.811079,https://ags.iplan.gov.il/arcgisiplan/rest/services/PlanningPublic/Xplan/MapServer/4/query?where=mp_id%3D5000312195+AND+%28mavat_name+LIKE+%27%25%D7%9E%D7%92%D7%95%D7%A8%D7%99%D7%9D%25%27+OR+mavat_name+LIKE+%27%25%D7%93%D7%99%D7%95%D7%A8%25%27%29&outFields=mp_id%2Cpl_id%2Cpl_number%2Cpl_name%2Cnum%2Cmavat_code%2Cmavat_name%2Clegal_area%2Cshape_area%2Cshape_length%2Cstation_desc%2Clast_update_date&returnGeometry=true&outSR=4326&f=geojson,בינונית,"תוקן placeholder: הצמד המקורי זהה אצל 24 פרויקטים; הוזז 977 מ׳ למקור המפורט. בדיקה אנושית למגרש יחיד: תכנית 503-0220798 כוללת 2 תאי מגורים (1;2); הנקודה נמצאת בתוך איחוד תאי המגורים הרשמיים, אך אין בעמוד הוכחה איזה תא הוא הפרויקט."
%d7%94%d7%90%d7%a8%d7%96%d7%99%d7%9d,31.779812,35.184996,https://ags.iplan.gov.il/arcgisiplan/rest/services/PlanningPublic/Xplan/MapServer/4/query?where=mp_id%3D1000355095+AND+%28mavat_name+LIKE+%27%25%D7%9E%D7%92%D7%95%D7%A8%D7%99%D7%9D%25%27+OR+mavat_name+LIKE+%27%25%D7%93%D7%99%D7%95%D7%A8%25%27%29&outFields=mp_id%2Cpl_id%2Cpl_number%2Cpl_name%2Cnum%2Cmavat_code%2Cmavat_name%2Clegal_area%2Cshape_area%2Cshape_length%2Cstation_desc%2Clast_update_date&returnGeometry=true&outSR=4326&f=geojson,בינונית,"תוקן placeholder: הצמד המקורי זהה אצל 197 פרויקטים; הוזז 3.9 ק״מ למקור המפורט. בדיקה אנושית למגרש יחיד: תכנית 101-0309914 כוללת 6 תאי מגורים (200;201;202;203;400;401); הנקודה נמצאת בתוך איחוד תאי המגורים הרשמיים, אך אין בעמוד הוכחה איזה תא הוא הפרויקט."
%d7%98%d7%94%d7%95%d7%9f-1-2,31.761054,35.175033,https://ags.iplan.gov.il/arcgisiplan/rest/services/PlanningPublic/Xplan/MapServer/4/query?where=mp_id%3D1000335913+AND+%28mavat_name+LIKE+%27%25%D7%9E%D7%92%D7%95%D7%A8%D7%99%D7%9D%25%27+OR+mavat_name+LIKE+%27%25%D7%93%D7%99%D7%95%D7%A8%25%27%29&outFields=mp_id%2Cpl_id%2Cpl_number%2Cpl_name%2Cnum%2Cmavat_code%2Cmavat_name%2Clegal_area%2Cshape_area%2Cshape_length%2Cstation_desc%2Clast_update_date&returnGeometry=true&outSR=4326&f=geojson,בינונית,"תוקן placeholder: הצמד המקורי זהה אצל 197 פרויקטים; הוזז 5.2 ק״מ למקור המפורט. בדיקה אנושית למגרש יחיד: תכנית 101-0268219 כוללת 2 תאי מגורים (2;5); הנקודה נמצאת בתוך איחוד תאי המגורים הרשמיים, אך אין בעמוד הוכחה איזה תא הוא הפרויקט."
%d7%9c%d7%94-%d7%92%d7%95%d7%95%d7%90%d7%a8%d7%93%d7%99%d7%94-%d7%9e%d7%96%d7%a8%d7%97,32.058803,34.793323,https://ags.iplan.gov.il/arcgisiplan/rest/services/PlanningPublic/Xplan/MapServer/4/query?where=mp_id%3D5000293901+AND+%28mavat_name+LIKE+%27%25%D7%9E%D7%92%D7%95%D7%A8%D7%99%D7%9D%25%27+OR+mavat_name+LIKE+%27%25%D7%93%D7%99%D7%95%D7%A8%25%27%29&outFields=mp_id%2Cpl_id%2Cpl_number%2Cpl_name%2Cnum%2Cmavat_code%2Cmavat_name%2Clegal_area%2Cshape_area%2Cshape_length%2Cstation_desc%2Clast_update_date&returnGeometry=true&outSR=4326&f=geojson,בינונית,"תוקן placeholder: הצמד המקורי זהה אצל 57 פרויקטים; הוזז 3.1 ק״מ למקור המפורט. בדיקה אנושית למגרש יחיד: תכנית 507-0187237 כוללת 21 תאי מגורים (101;102;103;104;105;106;107;108;109;110;111;112;113;114;115;116;117;118;119;120;121); הנקודה נמצאת בתוך איחוד תאי המגורים הרשמיים, אך אין בעמוד הוכחה איזה תא הוא הפרויקט."
%d7%91%d7%99%d7%90%d7%9c%d7%99%d7%a7,31.752695,34.983682,https://ags.iplan.gov.il/arcgisiplan/rest/services/PlanningPublic/Xplan/MapServer/4/query?where=mp_id%3D1000235317+AND+%28mavat_name+LIKE+%27%25%D7%9E%D7%92%D7%95%D7%A8%D7%99%D7%9D%25%27+OR+mavat_name+LIKE+%27%25%D7%93%D7%99%D7%95%D7%A8%25%27%29&outFields=mp_id%2Cpl_id%2Cpl_number%2Cpl_name%2Cnum%2Cmavat_code%2Cmavat_name%2Clegal_area%2Cshape_area%2Cshape_length%2Cstation_desc%2Clast_update_date&returnGeometry=true&outSR=4326&f=geojson,בינונית,"תוקן placeholder: הצמד המקורי זהה אצל 7 פרויקטים; הוזז 862 מ׳ למקור המפורט. בדיקה אנושית למגרש יחיד: תכנית 102-0081398 כוללת 39 תאי מגורים (101;102;103;104;105;106;107;108;109;110;111;112;113;114;115;116;117;118;119;120;121;122;123;124;125;201;202;203;204;205;206;207;301;302;303;304;305;401;511); הנקודה נמצאת בתוך איחוד תאי המגורים הרשמיים, אך אין בעמוד הוכחה איזה תא הוא הפרויקט."
%d7%95%d7%99%d7%a0%d7%92%d7%99%d7%99%d7%98-%d7%9c%d7%94-%d7%92%d7%95%d7%95%d7%90%d7%a8%d7%93%d7%99%d7%94,32.059732,34.788412,https://ags.iplan.gov.il/arcgisiplan/rest/services/PlanningPublic/Xplan/MapServer/4/query?where=mp_id%3D5000350841+AND+%28mavat_name+LIKE+%27%25%D7%9E%D7%92%D7%95%D7%A8%D7%99%D7%9D%25%27+OR+mavat_name+LIKE+%27%25%D7%93%D7%99%D7%95%D7%A8%25%27%29&outFields=mp_id%2Cpl_id%2Cpl_number%2Cpl_name%2Cnum%2Cmavat_code%2Cmavat_name%2Clegal_area%2Cshape_area%2Cshape_length%2Cstation_desc%2Clast_update_date&returnGeometry=true&outSR=4326&f=geojson,בינונית,"תוקן placeholder: הצמד המקורי זהה אצל 57 פרויקטים; הוזז 2.9 ק״מ למקור המפורט. בדיקה אנושית למגרש יחיד: תכנית 507-0301101 כוללת 3 תאי מגורים (2;3;4); הנקודה נמצאת בתוך איחוד תאי המגורים הרשמיים, אך אין בעמוד הוכחה איזה תא הוא הפרויקט."
%d7%91%d7%99%d7%9c%d7%95-2,32.031539,34.745255,https://ags.iplan.gov.il/arcgisiplan/rest/services/PlanningPublic/Xplan/MapServer/4/query?where=mp_id%3D5000267529+AND+%28mavat_name+LIKE+%27%25%D7%9E%D7%92%D7%95%D7%A8%D7%99%D7%9D%25%27+OR+mavat_name+LIKE+%27%25%D7%93%D7%99%D7%95%D7%A8%25%27%29&outFields=mp_id%2Cpl_id%2Cpl_number%2Cpl_name%2Cnum%2Cmavat_code%2Cmavat_name%2Clegal_area%2Cshape_area%2Cshape_length%2Cstation_desc%2Clast_update_date&returnGeometry=true&outSR=4326&f=geojson,בינונית,"תוקן placeholder: הצמד המקורי זהה אצל 38 פרויקטים; הוזז 1.9 ק״מ למקור המפורט. בדיקה אנושית למגרש יחיד: תכנית 502-0142976 כוללת 2 תאי מגורים (101;102); הנקודה נמצאת בתוך איחוד תאי המגורים הרשמיים, אך אין בעמוד הוכחה איזה תא הוא הפרויקט."
%d7%a2%d7%9e%d7%a7-%d7%91%d7%a8%d7%9b%d7%94,32.077342,34.796128,https://ags.iplan.gov.il/arcgisiplan/rest/services/PlanningPublic/Xplan/MapServer/1/query?where=mp_id%3D5000287339&outFields=mp_id%2Cpl_id%2Cpl_number%2Cpl_name%2Cpl_url%2Cstation_desc%2Clast_update_date%2Cpl_area_dunam%2Cshape_area%2Cshape_length&returnGeometry=true&outSR=4326&f=geojson,נמוכה,"תוקן placeholder: הצמד המקורי זהה אצל 57 פרויקטים; הוזז 1.6 ק״מ למקור המפורט. בדיקה אנושית: אותר גבול רשמי של תכנית 507-0174052, אך לא אותר תא מגורים/מגרש יחיד. הנקודה בתוך גבול התכנית בלבד."
%d7%92%d7%90%d7%95%d7%9c%d7%99%d7%9d,32.149822,34.844650,https://mavat.iplan.gov.il/SV4/1/5000218027/310,בינונית,תוקן placeholder: הצמד המקורי זהה אצל 8 פרויקטים; הוזז 967 מ׳ למקור המפורט. אומת ברמת חלקה רשומה: גוש 6416 חלקה 401 (מלאה) מתוך רשימת החלקות הרשמית בתכנית רש/ 819/ 1. נבחרה חלקה ממשית הקרובה למרכז המתחם; הפרויקט כולל 25 חלקות ולכן זו נקודה מייצגת בתוך האתר.
%d7%90%d7%9c%d7%99-%d7%9b%d7%94%d7%9f-2,32.436532,34.883398,https://ags.iplan.gov.il/arcgisiplan/rest/services/PlanningPublic/Xplan/MapServer/4/query?where=mp_id%3D3000890673+AND+%28mavat_name+LIKE+%27%25%D7%9E%D7%92%D7%95%D7%A8%D7%99%D7%9D%25%27+OR+mavat_name+LIKE+%27%25%D7%93%D7%99%D7%95%D7%A8%25%27%29&outFields=mp_id%2Cpl_id%2Cpl_number%2Cpl_name%2Cnum%2Cmavat_code%2Cmavat_name%2Clegal_area%2Cshape_area%2Cshape_length%2Cstation_desc%2Clast_update_date&returnGeometry=true&outSR=4326&f=geojson,בינונית,"תוקן placeholder: הצמד המקורי זהה אצל 21 פרויקטים; הוזז 5.3 ק״מ למקור המפורט. בדיקה אנושית למגרש יחיד: תכנית 302-0555813 כוללת 16 תאי מגורים (502;505;511;512;513;601;602;603;604;605;606;607;608;609;610;901); הנקודה נמצאת בתוך איחוד תאי המגורים הרשמיים, אך אין בעמוד הוכחה איזה תא הוא הפרויקט."
%d7%94%d7%92%d7%99%d7%91%d7%95%d7%a8%d7%99%d7%9d,32.029400,34.750608,https://mavat.iplan.gov.il/SV4/1/5000267991/310,בינונית,תוקן placeholder: הצמד המקורי זהה אצל 38 פרויקטים; הוזז 1.6 ק״מ למקור המפורט. אומת ברמת חלקה רשומה: גוש 7153 חלקה 319 (חלקית) מתוך רשימת החלקות הרשמית בתכנית בי/ 515. נבחרה חלקה ממשית הקרובה למרכז המתחם; הפרויקט כולל 27 חלקות ולכן זו נקודה מייצגת בתוך האתר.
%d7%a9%d7%a2%d7%a8-%d7%a6%d7%a4%d7%95%d7%9f-%d7%94%d7%a2%d7%99%d7%a8,32.031902,34.744117,https://ags.iplan.gov.il/arcgisiplan/rest/services/PlanningPublic/Xplan/MapServer/4/query?where=mp_id%3D5000358181+AND+%28mavat_name+LIKE+%27%25%D7%9E%D7%92%D7%95%D7%A8%D7%99%D7%9D%25%27+OR+mavat_name+LIKE+%27%25%D7%93%D7%99%D7%95%D7%A8%25%27%29&outFields=mp_id%2Cpl_id%2Cpl_number%2Cpl_name%2Cnum%2Cmavat_code%2Cmavat_name%2Clegal_area%2Cshape_area%2Cshape_length%2Cstation_desc%2Clast_update_date&returnGeometry=true&outSR=4326&f=geojson,בינונית,"תוקן placeholder: הצמד המקורי זהה אצל 38 פרויקטים; הוזז 1.9 ק״מ למקור המפורט. בדיקה אנושית למגרש יחיד: תכנית 502-0316588 כוללת 5 תאי מגורים (102;103;104;105;106); הנקודה נמצאת בתוך איחוד תאי המגורים הרשמיים, אך אין בעמוד הוכחה איזה תא הוא הפרויקט."
%d7%94%d7%a0%d7%91%d7%99%d7%90%d7%99%d7%9d,32.008475,34.743521,https://mavat.iplan.gov.il/SV4/1/5074114/310,נמוכה,"תוקן placeholder: הצמד המקורי זהה אצל 38 פרויקטים; הוזז 1.0 ק״מ למקור המפורט. בדיקה אנושית: אותר קו כחול רשמי ב-GovMap לתכנית בי/ 456; לא אותרה חלקה/תא מגורים יחיד, ולכן הנקודה בתוך גבול התכנית ואינה הוכחה למגרש מסוים."
%d7%99%d7%95%d7%a1%d7%a4%d7%98%d7%9c-%d7%9e%d7%96%d7%a8%d7%97-2,32.132711,34.858863,https://mavat.iplan.gov.il/SV4/1/5000195781/310,נמוכה,"תוקן placeholder: הצמד המקורי זהה אצל 8 פרויקטים; הוזז 2.3 ק״מ למקור המפורט. בדיקה אנושית: אותר קו כחול רשמי ב-GovMap לתכנית רש/ 991; לא אותרה חלקה/תא מגורים יחיד, ולכן הנקודה בתוך גבול התכנית ואינה הוכחה למגרש מסוים."
%d7%94%d7%90%d7%a6%d7%9c,31.898507,34.799929,https://mavat.iplan.gov.il/SV4/1/4000220649/310,בינונית,תוקן placeholder: הצמד המקורי זהה אצל 14 פרויקטים; הוזז 1.1 ק״מ למקור המפורט. אומת ברמת חלקה רשומה: גוש 3648 חלקה 174 (מלאה) מתוך רשימת החלקות הרשמית בתכנית רח/ 46/ 5/ 2. נבחרה חלקה ממשית הקרובה למרכז המתחם; הפרויקט כולל 14 חלקות ולכן זו נקודה מייצגת בתוך האתר.
%d7%93%d7%a4%d7%a0%d7%94,32.080866,34.793167,https://mavat.iplan.gov.il/SV4/1/5000263383/310,בינונית,תוקן placeholder: הצמד המקורי זהה אצל 57 פרויקטים; הוזז 1.2 ק״מ למקור המפורט. אומת ברמת חלקה רשומה: גוש 6110 חלקה 395 (מלאה) מתוך רשימת החלקות הרשמית בתכנית תא/ 3885. נבחרה חלקה ממשית הקרובה למרכז המתחם; הפרויקט כולל 46 חלקות ולכן זו נקודה מייצגת בתוך האתר.
%d7%90%d7%9c%d7%a2%d7%96%d7%a8-%d7%91%d7%9f-%d7%99%d7%90%d7%99%d7%a8,31.753191,35.201575,https://ags.iplan.gov.il/arcgisiplan/rest/services/PlanningPublic/Xplan/MapServer/4/query?where=mp_id%3D1000249329+AND+%28mavat_name+LIKE+%27%25%D7%9E%D7%92%D7%95%D7%A8%D7%99%D7%9D%25%27+OR+mavat_name+LIKE+%27%25%D7%93%D7%99%D7%95%D7%A8%25%27%29&outFields=mp_id%2Cpl_id%2Cpl_number%2Cpl_name%2Cnum%2Cmavat_code%2Cmavat_name%2Clegal_area%2Cshape_area%2Cshape_length%2Cstation_desc%2Clast_update_date&returnGeometry=true&outSR=4326&f=geojson,בינונית,"תוקן placeholder: הצמד המקורי זהה אצל 197 פרויקטים; הוזז 3.7 ק״מ למקור המפורט. בדיקה אנושית למגרש יחיד: תכנית 101-0112557 כוללת 13 תאי מגורים (62;63;64;65;66;67;68;69;70;71;72;73;74); הנקודה נמצאת בתוך איחוד תאי המגורים הרשמיים, אך אין בעמוד הוכחה איזה תא הוא הפרויקט."
%d7%94%d7%a6%d7%a2%d7%99%d7%a8%d7%99%d7%9d,32.131596,34.851472,https://mavat.iplan.gov.il/SV4/1/5076814/310,נמוכה,"תוקן placeholder: הצמד המקורי זהה אצל 8 פרויקטים; הוזז 1.8 ק״מ למקור המפורט. בדיקה אנושית: אותר קו כחול רשמי ב-GovMap לתכנית רש/ 1054; לא אותרה חלקה/תא מגורים יחיד, ולכן הנקודה בתוך גבול התכנית ואינה הוכחה למגרש מסוים."
%d7%99%d7%a6%d7%99%d7%90%d7%aa-%d7%90%d7%99%d7%a8%d7%95%d7%a4%d7%94,32.819422,34.959025,https://mavat.iplan.gov.il/SV4/1/3073492/310,בינונית,"תוקן placeholder: הצמד המקורי זהה אצל 43 פרויקטים; הוזז 3.7 ק״מ למקור המפורט. אותר קו כחול רשמי ב-GovMap לתכנית חפ/ 2280; לא אותרה חלקה/תא מגורים יחיד, ולכן הנקודה בתוך גבול התכנית ואינה הוכחה למגרש מסוים."
%d7%91%d7%a8%d7%9c-%d7%9b%d7%a6%d7%a0%d7%9c%d7%a1%d7%95%d7%9f,32.784754,35.012432,https://mavat.iplan.gov.il/SV4/1/3075060/310,נמוכה,"תוקן placeholder: הצמד המקורי זהה אצל 43 פרויקטים; הוזז 4.0 ק״מ למקור המפורט. בדיקה אנושית: אותר קו כחול רשמי ב-GovMap לתכנית חפ/ 2281; לא אותרה חלקה/תא מגורים יחיד, ולכן הנקודה בתוך גבול התכנית ואינה הוכחה למגרש מסוים."
%d7%9e%d7%a8%d7%91%d7%93-%d7%94%d7%a7%d7%a1%d7%9e%d7%99%d7%9d,32.561902,34.963884,https://mavat.iplan.gov.il/SV4/1/3073874/310,נמוכה,"תוקן מנקודת עיר כללית; הוזז 1.4 ק״מ. בדיקה אנושית: אותר קו כחול רשמי ב-GovMap לתכנית ש/ 1318; לא אותרה חלקה/תא מגורים יחיד, ולכן הנקודה בתוך גבול התכנית ואינה הוכחה למגרש מסוים."
%d7%94%d7%aa%d7%9e%d7%a8,32.026684,34.874164,https://mavat.iplan.gov.il/SV4/1/4065969/310,נמוכה,"תוקן placeholder: הצמד המקורי זהה אצל 11 פרויקטים; הוזז 1.5 ק״מ למקור המפורט. בדיקה אנושית: אותר קו כחול רשמי ב-GovMap לתכנית יד/ 6185; לא אותרה חלקה/תא מגורים יחיד, ולכן הנקודה בתוך גבול התכנית ואינה הוכחה למגרש מסוים."
%d7%99%d7%95%d7%a1%d7%a4%d7%98%d7%9c-3,32.838109,35.078542,https://mavat.iplan.gov.il/SV4/1/3074287/310,נמוכה,"תוקן מנקודת עיר כללית; הוזז 366 מ׳. בדיקה אנושית: אותר קו כחול רשמי ב-GovMap לתכנית ק/ 440; לא אותרה חלקה/תא מגורים יחיד, ולכן הנקודה בתוך גבול התכנית ואינה הוכחה למגרש מסוים."
%d7%9e%d7%95%d7%a8%d7%93%d7%95%d7%aa-%d7%94%d7%9b%d7%a8%d7%9e%d7%9c-%d7%94%d7%a6%d7%a8%d7%a4%d7%aa%d7%99,32.818248,34.963427,https://mavat.iplan.gov.il/SV4/1/3074147/310,בינונית,תוקן placeholder: הצמד המקורי זהה אצל 43 פרויקטים; הוזז 3.3 ק״מ למקור המפורט. אומת ברמת חלקה רשומה: גוש 10745 חלקה 156 (מלאה) מתוך רשימת החלקות הרשמית בתכנית חפ/ 2278. נבחרה חלקה ממשית הקרובה למרכז המתחם; הפרויקט כולל 31 חלקות ולכן זו נקודה מייצגת בתוך האתר.
%d7%94%d7%9e%d7%a7%d7%a9%d7%a8,31.785160,35.196707,https://mavat.iplan.gov.il/SV4/1/1075470/310,בינונית,"תוקן placeholder: הצמד המקורי זהה אצל 197 פרויקטים; הוזז 2.8 ק״מ למקור המפורט. אותר קו כחול רשמי ב-GovMap לתכנית 11195; לא אותרה חלקה/תא מגורים יחיד, ולכן הנקודה בתוך גבול התכנית ואינה הוכחה למגרש מסוים."
%d7%a9%d7%a9%d7%aa-%d7%94%d7%99%d7%9e%d7%99%d7%9d,32.175443,34.899376,https://mavat.iplan.gov.il/SV4/1/4072082/310,בינונית,"תוקן placeholder: הצמד המקורי זהה אצל 12 פרויקטים; הוזז 790 מ׳ למקור המפורט. אותר קו כחול רשמי ב-GovMap לתכנית כס/ 22/ 5/ ג; לא אותרה חלקה/תא מגורים יחיד, ולכן הנקודה בתוך גבול התכנית ואינה הוכחה למגרש מסוים."
%d7%a9%d7%99%d7%9c%d7%a8-%d7%90%d7%95%d7%a8%d7%9c%d7%95%d7%91,32.092789,34.880093,https://mavat.iplan.gov.il/SV4/1/4072886/310,נמוכה,"תוקן placeholder: הצמד המקורי זהה אצל 37 פרויקטים; הוזז 788 מ׳ למקור המפורט. בדיקה אנושית: אותר קו כחול רשמי ב-GovMap לתכנית פת/ 1269/ 17; לא אותרה חלקה/תא מגורים יחיד, ולכן הנקודה בתוך גבול התכנית ואינה הוכחה למגרש מסוים."
%d7%99%d7%a9%d7%95%d7%a8%d7%95%d7%9f,33.005607,35.093286,https://mavat.iplan.gov.il/SV4/1/2103970/310,בינונית,"תוקן placeholder: הצמד המקורי זהה אצל 13 פרויקטים; הוזז 142 מ׳ למקור המפורט. אותר קו כחול רשמי ב-GovMap לתכנית ג/ 16256; לא אותרה חלקה/תא מגורים יחיד, ולכן הנקודה בתוך גבול התכנית ואינה הוכחה למגרש מסוים."
%d7%94%d7%9e%d7%9c%d7%9a-%d7%97%d7%96%d7%a7%d7%99%d7%94%d7%95,32.808659,34.960837,https://mavat.iplan.gov.il/SV4/1/3073586/310,נמוכה,"תוקן placeholder: הצמד המקורי זהה אצל 43 פרויקטים; הוזז 3.7 ק״מ למקור המפורט. בדיקה אנושית: אותר קו כחול רשמי ב-GovMap לתכנית חפ/ 2277; לא אותרה חלקה/תא מגורים יחיד, ולכן הנקודה בתוך גבול התכנית ואינה הוכחה למגרש מסוים."
%d7%93%d7%a8%d7%9a-%d7%97%d7%91%d7%a8%d7%95%d7%9f-%d7%93%d7%a8%d7%95%d7%9d,31.746619,35.215615,https://mavat.iplan.gov.il/SV4/1/1075709/310,בינונית,תוקן placeholder: הצמד המקורי זהה אצל 197 פרויקטים; הוזז 3.7 ק״מ למקור המפורט. אומת ברמת חלקה רשומה: גוש 30092 חלקה 26 (חלקית) מתוך רשימת החלקות הרשמית בתכנית 11401. נבחרה חלקה ממשית הקרובה למרכז המתחם; הפרויקט כולל 13 חלקות ולכן זו נקודה מייצגת בתוך האתר.
%d7%94%d7%a4%d7%99%d7%a0%d7%94,33.003381,35.092828,https://mavat.iplan.gov.il/SV4/1/2102318/310,בינונית,"תוקן placeholder: הצמד המקורי זהה אצל 13 פרויקטים; הוזז 363 מ׳ למקור המפורט. אותר קו כחול רשמי ב-GovMap לתכנית ג/ 15621; לא אותרה חלקה/תא מגורים יחיד, ולכן הנקודה בתוך גבול התכנית ואינה הוכחה למגרש מסוים."
%d7%94%d7%90%d7%9c%d7%95%d7%9f,31.877147,34.742325,https://ags.iplan.gov.il/arcgisiplan/rest/services/PlanningPublic/Xplan/MapServer/4/query?where=mp_id%3D4000248477+AND+%28mavat_name+LIKE+%27%25%D7%9E%D7%92%D7%95%D7%A8%D7%99%D7%9D%25%27+OR+mavat_name+LIKE+%27%25%D7%93%D7%99%D7%95%D7%A8%25%27%29&outFields=mp_id%2Cpl_id%2Cpl_number%2Cpl_name%2Cnum%2Cmavat_code%2Cmavat_name%2Clegal_area%2Cshape_area%2Cshape_length%2Cstation_desc%2Clast_update_date&returnGeometry=true&outSR=4326&f=geojson,בינונית,"תוקן placeholder: הצמד המקורי זהה אצל 15 פרויקטים; הוזז 381 מ׳ למקור המפורט. בדיקה אנושית למגרש יחיד: תכנית 404-0111179 כוללת 12 תאי מגורים (101;103;104;106;108;110;112;114;116;117;118;119); הנקודה נמצאת בתוך איחוד תאי המגורים הרשמיים, אך אין בעמוד הוכחה איזה תא הוא הפרויקט."
%d7%9e%d7%97%d7%9c,32.836251,35.060912,https://mavat.iplan.gov.il/SV4/1/3072045/310,נמוכה,"תוקן placeholder: הצמד המקורי זהה אצל 43 פרויקטים; הוזז 6.1 ק״מ למקור המפורט. בדיקה אנושית: אותר קו כחול רשמי ב-GovMap לתכנית חפ/ 2218; לא אותרה חלקה/תא מגורים יחיד, ולכן הנקודה בתוך גבול התכנית ואינה הוכחה למגרש מסוים."
%d7%99%d7%95%d7%a1%d7%a4%d7%a1%d7%91%d7%a8%d7%92,32.072327,34.888060,https://mavat.iplan.gov.il/SV4/1/4073742/310,בינונית,"תוקן placeholder: הצמד המקורי זהה אצל 37 פרויקטים; הוזז 1.7 ק״מ למקור המפורט. אותר קו כחול רשמי ב-GovMap לתכנית פת/ 1238/ 16; לא אותרה חלקה/תא מגורים יחיד, ולכן הנקודה בתוך גבול התכנית ואינה הוכחה למגרש מסוים."
%d7%90%d7%a0%d7%93%d7%a8%d7%99%d7%95%d7%a1,32.336044,34.855444,https://mavat.iplan.gov.il/SV4/1/4071674/310,בינונית,תוקן placeholder: הצמד המקורי זהה אצל 40 פרויקטים; הוזז 833 מ׳ למקור המפורט. אומת ברמת חלקה רשומה: גוש 8271 חלקה 130 (מלאה) מתוך רשימת החלקות הרשמית בתכנית נת/ 552/ 41. נבחרה חלקה ממשית הקרובה למרכז המתחם; הפרויקט כולל 17 חלקות ולכן זו נקודה מייצגת בתוך האתר.
%d7%90%d7%99%d7%99%d7%96%d7%a0%d7%91%d7%a8%d7%92,31.900857,34.809103,https://mavat.iplan.gov.il/SV4/1/4066447/310,בינונית,"תוקן placeholder: הצמד המקורי זהה אצל 14 פרויקטים; הוזז 638 מ׳ למקור המפורט. אותר קו כחול רשמי ב-GovMap לתכנית רח/ 2010/ 9/ א; לא אותרה חלקה/תא מגורים יחיד, ולכן הנקודה בתוך גבול התכנית ואינה הוכחה למגרש מסוים."
%d7%94%d7%a8%d7%91-%d7%a7%d7%95%d7%a7-2-%d7%94%d7%94%d7%a1%d7%aa%d7%93%d7%a8%d7%95%d7%aa,32.334683,34.855413,https://mavat.iplan.gov.il/SV4/1/4070903/310,בינונית,תוקן placeholder: הצמד המקורי זהה אצל 40 פרויקטים; הוזז 684 מ׳ למקור המפורט. אומת ברמת חלקה רשומה: גוש 8271 חלקה 102 (חלקית) מתוך רשימת החלקות הרשמית בתכנית נת/ 552/ 36. נבחרה חלקה ממשית הקרובה למרכז המתחם; הפרויקט כולל 5 חלקות ולכן זו נקודה מייצגת בתוך האתר.
%d7%91%d7%a0%d7%99%d7%9e%d7%99%d7%9f-%d7%99%d7%a2%d7%a7%d7%91,31.895496,34.811729,https://mavat.iplan.gov.il/SV4/1/4067121/310,בינונית,תוקן placeholder: הצמד המקורי זהה אצל 14 פרויקטים; הוזז 113 מ׳ למקור המפורט. אומת ברמת חלקה רשומה: גוש 3704 חלקה 155 (מלאה) מתוך רשימת החלקות הרשמית בתכנית רח/ 2010/ 22. נבחרה חלקה ממשית הקרובה למרכז המתחם; הפרויקט כולל 27 חלקות ולכן זו נקודה מייצגת בתוך האתר.
%d7%a4%d7%99%d7%a0%d7%a1%d7%a7%d7%a8-2,33.008196,35.091902,https://mavat.iplan.gov.il/SV4/1/2000204899/310,בינונית,תוקן placeholder: הצמד המקורי זהה אצל 13 פרויקטים; הוזז 325 מ׳ למקור המפורט. אומת ברמת חלקה רשומה: גוש 18169 חלקה 112 (מלאה) מתוך רשימת החלקות הרשמית בתכנית ג/ 19385. נבחרה חלקה ממשית הקרובה למרכז המתחם; הפרויקט כולל 6 חלקות ולכן זו נקודה מייצגת בתוך האתר.
%d7%94%d7%97%d7%a8%d7%a9-%d7%95%d7%94%d7%90%d7%95%d7%9e%d7%9f,32.057743,34.766883,https://mavat.iplan.gov.il/SV4/1/5054336/310,נמוכה,"תוקן placeholder: הצמד המקורי זהה אצל 57 פרויקטים; הוזז 3.4 ק״מ למקור המפורט. בדיקה אנושית: אותר קו כחול רשמי ב-GovMap לתכנית תא/ 2902; לא אותרה חלקה/תא מגורים יחיד, ולכן הנקודה בתוך גבול התכנית ואינה הוכחה למגרש מסוים."
%d7%a9%d7%9c%d7%9e%d7%94-%d7%94%d7%9e%d7%9c%d7%9a-%d7%a6%d7%a4%d7%95%d7%9f,32.054834,34.858976,https://mavat.iplan.gov.il/SV4/1/5051971/310,נמוכה,"תוקן placeholder: הצמד המקורי זהה אצל 17 פרויקטים; הוזז 373 מ׳ למקור המפורט. בדיקה אנושית: אותר קו כחול רשמי ב-GovMap לתכנית קא/ 346; לא אותרה חלקה/תא מגורים יחיד, ולכן הנקודה בתוך גבול התכנית ואינה הוכחה למגרש מסוים."
%d7%a0%d7%95%d7%95%d7%94-%d7%a9%d7%a8%d7%aa-%d7%91%d7%99%d7%aa-%d7%90%d7%9c,32.118884,34.841271,https://mavat.iplan.gov.il/SV4/1/5052815/310,נמוכה,"תוקן placeholder: הצמד המקורי זהה אצל 57 פרויקטים; הוזז 6.7 ק״מ למקור המפורט. בדיקה אנושית: אותר קו כחול רשמי ב-GovMap לתכנית תא/ 3463; לא אותרה חלקה/תא מגורים יחיד, ולכן הנקודה בתוך גבול התכנית ואינה הוכחה למגרש מסוים."
%d7%97%d7%91%d7%99%d7%91%d7%94-%d7%a8%d7%99%d7%99%d7%9a,32.778569,35.008172,https://mavat.iplan.gov.il/SV4/1/3069904/310,נמוכה,"תוקן placeholder: הצמד המקורי זהה אצל 43 פרויקטים; הוזז 4.6 ק״מ למקור המפורט. בדיקה אנושית: אותר קו כחול רשמי ב-GovMap לתכנית חפ/ 2187; לא אותרה חלקה/תא מגורים יחיד, ולכן הנקודה בתוך גבול התכנית ואינה הוכחה למגרש מסוים."
%d7%a9%d7%99%d7%91%d7%aa-%d7%a6%d7%99%d7%95%d7%9f,32.804365,35.093868,https://mavat.iplan.gov.il/SV4/1/3070056/310,בינונית,"תוקן מנקודת עיר כללית; הוזז 2.3 ק״מ. אותר קו כחול רשמי ב-GovMap לתכנית כ/ 408; לא אותרה חלקה/תא מגורים יחיד, ולכן הנקודה בתוך גבול התכנית ואינה הוכחה למגרש מסוים."
%d7%a9%d7%9c%d7%95%d7%9d-%d7%90%d7%a9-%d7%92%d7%9f-%d7%91%d7%95%d7%a2%d7%96,32.092385,34.876980,https://mavat.iplan.gov.il/SV4/1/4065289/310,נמוכה,"תוקן placeholder: הצמד המקורי זהה אצל 37 פרויקטים; הוזז 993 מ׳ למקור המפורט. בדיקה אנושית: אותר קו כחול רשמי ב-GovMap לתכנית פת/ 505/ 12; לא אותרה חלקה/תא מגורים יחיד, ולכן הנקודה בתוך גבול התכנית ואינה הוכחה למגרש מסוים."
%d7%95%d7%99%d7%a6%d7%9e%d7%9f-%d7%a6%d7%a4%d7%95%d7%9f-%d7%91%d7%90%d7%a8%d7%99,32.339186,34.860321,https://mavat.iplan.gov.il/SV4/1/4070902/310,בינונית,תוקן placeholder: הצמד המקורי זהה אצל 40 פרויקטים; הוזז 1.2 ק״מ למקור המפורט. אומת ברמת חלקה רשומה: גוש 8274 חלקה 516 (מלאה) מתוך רשימת החלקות הרשמית בתכנית נת/ 553/ 27. נבחרה חלקה ממשית הקרובה למרכז המתחם; הפרויקט כולל 9 חלקות ולכן זו נקודה מייצגת בתוך האתר.
%d7%95%d7%99%d7%a6%d7%9e%d7%9f-%d7%a1%d7%95%d7%a7%d7%95%d7%9c%d7%95%d7%91,32.341574,34.860936,https://ags.iplan.gov.il/arcgisiplan/rest/services/PlanningPublic/Xplan/MapServer/4/query?where=mp_id%3D4000751335+AND+%28mavat_name+LIKE+%27%25%D7%9E%D7%92%D7%95%D7%A8%D7%99%D7%9D%25%27+OR+mavat_name+LIKE+%27%25%D7%93%D7%99%D7%95%D7%A8%25%27%29&outFields=mp_id%2Cpl_id%2Cpl_number%2Cpl_name%2Cnum%2Cmavat_code%2Cmavat_name%2Clegal_area%2Cshape_area%2Cshape_length%2Cstation_desc%2Clast_update_date&returnGeometry=true&outSR=4326&f=geojson,גבוהה,תוקן placeholder: הצמד המקורי זהה אצל 40 פרויקטים; הוזז 1.5 ק״מ למקור המפורט. אומת מול תא מגורים רשמי יחיד 1A בתכנית 408-0511600; הנקודה בתוך התא הרשמי.
%d7%99%d7%93-%d7%90%d7%9c%d7%99%d7%a2%d7%96%d7%a8,31.934929,34.811140,https://mavat.iplan.gov.il/SV4/1/4005354108/310,גבוהה,תוקן placeholder: הצמד המקורי זהה אצל 9 פרויקטים; הוזז 1.3 ק״מ למקור המפורט. מתחם יד אליעזר נס ציונה זהה במדויק ובעל התאמה ייחודית בעיר. הנקודה חושבה מתוך גבול התכנית הרשמי ונבדקה כנמצאת בתוכו.
%d7%94%d7%a9%d7%95%d7%a7-%d7%94%d7%a2%d7%99%d7%a8%d7%95%d7%a0%d7%99,31.925552,34.799250,https://mavat.iplan.gov.il/SV4/1/4065966/310,בינונית,תוקן placeholder: הצמד המקורי זהה אצל 9 פרויקטים; הוזז 446 מ׳ למקור המפורט. אומת ברמת חלקה רשומה: גוש 3637 חלקה 696 (מלאה) מתוך רשימת החלקות הרשמית בתכנית נס/ 136/ 3. נבחרה חלקה ממשית הקרובה למרכז המתחם; הפרויקט כולל 39 חלקות ולכן זו נקודה מייצגת בתוך האתר.
%d7%94%d7%9c%d7%a4%d7%a8%d7%99%d7%9f,32.319921,34.849815,https://mavat.iplan.gov.il/SV4/1/4065030/310,נמוכה,"תוקן placeholder: הצמד המקורי זהה אצל 40 פרויקטים; הוזז 1.2 ק״מ למקור המפורט. בדיקה אנושית: אותר קו כחול רשמי ב-GovMap לתכנית נת/ 548/ 34; לא אותרה חלקה/תא מגורים יחיד, ולכן הנקודה בתוך גבול התכנית ואינה הוכחה למגרש מסוים."
%d7%94%d7%91%d7%a0%d7%99%d7%9d,31.928863,34.799358,https://mavat.iplan.gov.il/SV4/1/4069698/310,בינונית,"תוקן placeholder: הצמד המקורי זהה אצל 9 פרויקטים; הוזז 82 מ׳ למקור המפורט. אותר קו כחול רשמי ב-GovMap לתכנית נס/ 202; לא אותרה חלקה/תא מגורים יחיד, ולכן הנקודה בתוך גבול התכנית ואינה הוכחה למגרש מסוים."
%d7%9e%d7%a8%d7%9b%d7%96-%d7%99%d7%94%d7%95%d7%93,32.031047,34.888223,https://mavat.iplan.gov.il/SV4/1/4059722/310,נמוכה,"תוקן placeholder: הצמד המקורי זהה אצל 11 פרויקטים; הוזז 228 מ׳ למקור המפורט. בדיקה אנושית: אותר קו כחול רשמי ב-GovMap לתכנית יד/ 6156; לא אותרה חלקה/תא מגורים יחיד, ולכן הנקודה בתוך גבול התכנית ואינה הוכחה למגרש מסוים."
%d7%9e%d7%91%d7%95%d7%90-%d7%97%d7%93%d7%a8%d7%94-%d7%9e%d7%96%d7%a8%d7%97,32.437764,34.927548,https://mavat.iplan.gov.il/SV4/1/3069288/310,בינונית,"תוקן placeholder: הצמד המקורי זהה אצל 21 פרויקטים; הוזז 1.2 ק״מ למקור המפורט. אותר קו כחול רשמי ב-GovMap לתכנית חד/ 1264; לא אותרה חלקה/תא מגורים יחיד, ולכן הנקודה בתוך גבול התכנית ואינה הוכחה למגרש מסוים."
%d7%a9%d7%95%d7%a7-%d7%a4%d7%a8%d7%93%d7%a1-%d7%9b%d7%a5,32.093437,34.831376,https://ags.iplan.gov.il/arcgisiplan/rest/services/PlanningPublic/Xplan/MapServer/4/query?where=mp_id%3D5000297365+AND+%28mavat_name+LIKE+%27%25%D7%9E%D7%92%D7%95%D7%A8%D7%99%D7%9D%25%27+OR+mavat_name+LIKE+%27%25%D7%93%D7%99%D7%95%D7%A8%25%27%29&outFields=mp_id%2Cpl_id%2Cpl_number%2Cpl_name%2Cnum%2Cmavat_code%2Cmavat_name%2Clegal_area%2Cshape_area%2Cshape_length%2Cstation_desc%2Clast_update_date&returnGeometry=true&outSR=4326&f=geojson,בינונית,"תוקן placeholder: הצמד המקורי זהה אצל 3 פרויקטים; הוזז 680 מ׳ למקור המפורט. בדיקה אנושית למגרש יחיד: תכנית 501-0193359 כוללת 3 תאי מגורים (101;102;200); הנקודה נמצאת בתוך איחוד תאי המגורים הרשמיים, אך אין בעמוד הוכחה איזה תא הוא הפרויקט."
%d7%a8%d7%9e%d7%aa-%d7%97%d7%9f,32.520310,34.938685,https://mavat.iplan.gov.il/SV4/1/3068410/310,נמוכה,"תוקן מנקודת עיר כללית; הוזז 459 מ׳. בדיקה אנושית: אותר קו כחול רשמי ב-GovMap לתכנית ש/ 1053; לא אותרה חלקה/תא מגורים יחיד, ולכן הנקודה בתוך גבול התכנית ואינה הוכחה למגרש מסוים."
%d7%93%d7%92%d7%9c-%d7%a8%d7%90%d7%95%d7%91%d7%9f,32.082933,34.869002,https://mavat.iplan.gov.il/SV4/1/4061885/310,נמוכה,"תוקן placeholder: הצמד המקורי זהה אצל 37 פרויקטים; הוזז 1.7 ק״מ למקור המפורט. בדיקה אנושית: אותר קו כחול רשמי ב-GovMap לתכנית פת/ 1215/ 17; לא אותרה חלקה/תא מגורים יחיד, ולכן הנקודה בתוך גבול התכנית ואינה הוכחה למגרש מסוים."
%d7%97%d7%a1%d7%9f-%d7%a2%d7%a8%d7%90%d7%a4%d7%94,32.064561,34.784109,https://mavat.iplan.gov.il/SV4/1/5051002/310,נמוכה,"תוקן placeholder: הצמד המקורי זהה אצל 57 פרויקטים; הוזז 2.3 ק״מ למקור המפורט. בדיקה אנושית: אותר קו כחול רשמי ב-GovMap לתכנית תא/ 3319; לא אותרה חלקה/תא מגורים יחיד, ולכן הנקודה בתוך גבול התכנית ואינה הוכחה למגרש מסוים."
%d7%a9%d7%9b%d7%95%d7%a0%d7%aa-%d7%a2%d7%a7%d7%99%d7%91%d7%90,32.077357,34.894023,https://mavat.iplan.gov.il/SV4/1/4063523/310,נמוכה,"תוקן placeholder: הצמד המקורי זהה אצל 37 פרויקטים; הוזז 1.4 ק״מ למקור המפורט. בדיקה אנושית: אותר קו כחול רשמי ב-GovMap לתכנית פת/ 383/ 3; לא אותרה חלקה/תא מגורים יחיד, ולכן הנקודה בתוך גבול התכנית ואינה הוכחה למגרש מסוים."
%d7%94%d7%a2%d7%a6%d7%9e%d7%90%d7%95%d7%aa-4,32.028751,34.888186,https://mavat.iplan.gov.il/SV4/1/4066227/310,נמוכה,"תוקן placeholder: הצמד המקורי זהה אצל 11 פרויקטים; הוזז 481 מ׳ למקור המפורט. בדיקה אנושית: אותר קו כחול רשמי ב-GovMap לתכנית יד/ 6177; לא אותרה חלקה/תא מגורים יחיד, ולכן הנקודה בתוך גבול התכנית ואינה הוכחה למגרש מסוים."
%d7%99%d7%95%d7%a1%d7%a4%d7%98%d7%9c-2,32.275022,34.907357,https://ags.iplan.gov.il/arcgisiplan/rest/services/PlanningPublic/Xplan/MapServer/4/query?where=mp_id%3D4000342759+AND+%28mavat_name+LIKE+%27%25%D7%9E%D7%92%D7%95%D7%A8%D7%99%D7%9D%25%27+OR+mavat_name+LIKE+%27%25%D7%93%D7%99%D7%95%D7%A8%25%27%29&outFields=mp_id%2Cpl_id%2Cpl_number%2Cpl_name%2Cnum%2Cmavat_code%2Cmavat_name%2Clegal_area%2Cshape_area%2Cshape_length%2Cstation_desc%2Clast_update_date&returnGeometry=true&outSR=4326&f=geojson,בינונית,"תוקן placeholder: הצמד המקורי זהה אצל 2 פרויקטים; הוזז 1.8 ק״מ למקור המפורט. בדיקה אנושית למגרש יחיד: תכנית 457-0282657 כוללת 3 תאי מגורים (1;2;3); הנקודה נמצאת בתוך איחוד תאי המגורים הרשמיים, אך אין בעמוד הוכחה איזה תא הוא הפרויקט."
%d7%94%d7%9e%d7%9c%d7%9a-%d7%90%d7%9e%d7%a6%d7%99%d7%94,32.808993,34.962323,https://ags.iplan.gov.il/arcgisiplan/rest/services/PlanningPublic/Xplan/MapServer/4/query?where=mp_id%3D3000263561+AND+%28mavat_name+LIKE+%27%25%D7%9E%D7%92%D7%95%D7%A8%D7%99%D7%9D%25%27+OR+mavat_name+LIKE+%27%25%D7%93%D7%99%D7%95%D7%A8%25%27%29&outFields=mp_id%2Cpl_id%2Cpl_number%2Cpl_name%2Cnum%2Cmavat_code%2Cmavat_name%2Clegal_area%2Cshape_area%2Cshape_length%2Cstation_desc%2Clast_update_date&returnGeometry=true&outSR=4326&f=geojson,בינונית,"תוקן placeholder: הצמד המקורי זהה אצל 43 פרויקטים; הוזז 3.6 ק״מ למקור המפורט. בדיקה אנושית למגרש יחיד: תכנית 304-0137240 כוללת 3 תאי מגורים (2000;2001;2002); הנקודה נמצאת בתוך איחוד תאי המגורים הרשמיים, אך אין בעמוד הוכחה איזה תא הוא הפרויקט."
%d7%94%d7%a2%d7%99%d7%a8%d7%99%d7%99%d7%94,32.435904,34.914797,https://mavat.iplan.gov.il/SV4/1/3069158/310,נמוכה,"תוקן placeholder: הצמד המקורי זהה אצל 21 פרויקטים; הוזז 2.4 ק״מ למקור המפורט. בדיקה אנושית: אותר קו כחול רשמי ב-GovMap לתכנית חד/ 1212; לא אותרה חלקה/תא מגורים יחיד, ולכן הנקודה בתוך גבול התכנית ואינה הוכחה למגרש מסוים."
%d7%91%d7%95%d7%9c%d7%99%d7%91%d7%99%d7%94,31.755884,35.179469,https://ags.iplan.gov.il/arcgisiplan/rest/services/PlanningPublic/Xplan/MapServer/4/query?where=mp_id%3D1005285324+AND+%28mavat_name+LIKE+%27%25%D7%9E%D7%92%D7%95%D7%A8%D7%99%D7%9D%25%27+OR+mavat_name+LIKE+%27%25%D7%93%D7%99%D7%95%D7%A8%25%27%29&outFields=mp_id%2Cpl_id%2Cpl_number%2Cpl_name%2Cnum%2Cmavat_code%2Cmavat_name%2Clegal_area%2Cshape_area%2Cshape_length%2Cstation_desc%2Clast_update_date&returnGeometry=true&outSR=4326&f=geojson,גבוהה,תוקן placeholder: הצמד המקורי זהה אצל 197 פרויקטים; הוזז 5.1 ק״מ למקור המפורט. אומת מול תא מגורים רשמי יחיד 101 בתכנית 101-1187269; הנקודה בתוך התא הרשמי.
%d7%91%d7%95%d7%a8%d7%95%d7%9b%d7%95%d7%91,31.763157,35.173862,https://ags.iplan.gov.il/arcgisiplan/rest/services/PlanningPublic/Xplan/MapServer/4/query?where=mp_id%3D1005157874+AND+%28mavat_name+LIKE+%27%25%D7%9E%D7%92%D7%95%D7%A8%D7%99%D7%9D%25%27+OR+mavat_name+LIKE+%27%25%D7%93%D7%99%D7%95%D7%A8%25%27%29&outFields=mp_id%2Cpl_id%2Cpl_number%2Cpl_name%2Cnum%2Cmavat_code%2Cmavat_name%2Clegal_area%2Cshape_area%2Cshape_length%2Cstation_desc%2Clast_update_date&returnGeometry=true&outSR=4326&f=geojson,בינונית,"תוקן placeholder: הצמד המקורי זהה אצל 197 פרויקטים; הוזז 5.2 ק״מ למקור המפורט. בדיקה אנושית למגרש יחיד: תכנית 101-1004969 כוללת 2 תאי מגורים (2;4); הנקודה נמצאת בתוך איחוד תאי המגורים הרשמיים, אך אין בעמוד הוכחה איזה תא הוא הפרויקט."
%d7%96%d7%90%d7%91-%d7%97%d7%a7%d7%9c%d7%90%d7%99,31.773140,35.183455,https://ags.iplan.gov.il/arcgisiplan/rest/services/PlanningPublic/Xplan/MapServer/4/query?where=mp_id%3D1005264302+AND+%28mavat_name+LIKE+%27%25%D7%9E%D7%92%D7%95%D7%A8%D7%99%D7%9D%25%27+OR+mavat_name+LIKE+%27%25%D7%93%D7%99%D7%95%D7%A8%25%27%29&outFields=mp_id%2Cpl_id%2Cpl_number%2Cpl_name%2Cnum%2Cmavat_code%2Cmavat_name%2Clegal_area%2Cshape_area%2Cshape_length%2Cstation_desc%2Clast_update_date&returnGeometry=true&outSR=4326&f=geojson,בינונית,"תוקן placeholder: הצמד המקורי זהה אצל 197 פרויקטים; הוזז 4.1 ק״מ למקור המפורט. בדיקה אנושית למגרש יחיד: תכנית 101-1152743 כוללת 2 תאי מגורים (1;400); הנקודה נמצאת בתוך איחוד תאי המגורים הרשמיים, אך אין בעמוד הוכחה איזה תא הוא הפרויקט."
%d7%9e%d7%a2%d7%9c%d7%94-%d7%94%d7%a9%d7%95%d7%90%d7%91%d7%94,32.088920,34.813706,https://ags.iplan.gov.il/arcgisiplan/rest/services/PlanningPublic/Xplan/MapServer/4/query?where=mp_id%3D5000953571+AND+%28mavat_name+LIKE+%27%25%D7%9E%D7%92%D7%95%D7%A8%D7%99%D7%9D%25%27+OR+mavat_name+LIKE+%27%25%D7%93%D7%99%D7%95%D7%A8%25%27%29&outFields=mp_id%2Cpl_id%2Cpl_number%2Cpl_name%2Cnum%2Cmavat_code%2Cmavat_name%2Clegal_area%2Cshape_area%2Cshape_length%2Cstation_desc%2Clast_update_date&returnGeometry=true&outSR=4326&f=geojson,בינונית,"תוקן placeholder: הצמד המקורי זהה אצל 76 פרויקטים; הוזז 2.5 ק״מ למקור המפורט. בדיקה אנושית למגרש יחיד: תכנית 506-0668095 כוללת 2 תאי מגורים (100;101); הנקודה נמצאת בתוך איחוד תאי המגורים הרשמיים, אך אין בעמוד הוכחה איזה תא הוא הפרויקט."
%d7%90%d7%a8%d7%9c%d7%95%d7%96%d7%95%d7%a8%d7%95%d7%91-11-%d7%90,32.078868,34.813359,https://ags.iplan.gov.il/arcgisiplan/rest/services/PlanningPublic/Xplan/MapServer/4/query?where=mp_id%3D5005048484+AND+%28mavat_name+LIKE+%27%25%D7%9E%D7%92%D7%95%D7%A8%D7%99%D7%9D%25%27+OR+mavat_name+LIKE+%27%25%D7%93%D7%99%D7%95%D7%A8%25%27%29&outFields=mp_id%2Cpl_id%2Cpl_number%2Cpl_name%2Cnum%2Cmavat_code%2Cmavat_name%2Clegal_area%2Cshape_area%2Cshape_length%2Cstation_desc%2Clast_update_date&returnGeometry=true&outSR=4326&f=geojson,גבוהה,תוקן placeholder: הצמד המקורי זהה אצל 76 פרויקטים; הוזז 1.6 ק״מ למקור המפורט. אומת מול תא מגורים רשמי יחיד 1 בתכנית 506-0822858; הנקודה בתוך התא הרשמי.
%d7%a7%d7%99%d7%91%d7%95%d7%a5-%d7%92%d7%9c%d7%95%d7%99%d7%95%d7%aa-87-93,32.049068,34.775379,https://ags.iplan.gov.il/arcgisiplan/rest/services/PlanningPublic/Xplan/MapServer/4/query?where=mp_id%3D5005106342+AND+%28mavat_name+LIKE+%27%25%D7%9E%D7%92%D7%95%D7%A8%D7%99%D7%9D%25%27+OR+mavat_name+LIKE+%27%25%D7%93%D7%99%D7%95%D7%A8%25%27%29&outFields=mp_id%2Cpl_id%2Cpl_number%2Cpl_name%2Cnum%2Cmavat_code%2Cmavat_name%2Clegal_area%2Cshape_area%2Cshape_length%2Cstation_desc%2Clast_update_date&returnGeometry=true&outSR=4326&f=geojson,גבוהה,תוקן placeholder: הצמד המקורי זהה אצל 57 פרויקטים; הוזז 4.1 ק״מ למקור המפורט. אומת מול תא מגורים רשמי יחיד 1A בתכנית 507-0919753; הנקודה בתוך התא הרשמי.
%d7%a7%d7%98%d7%9e%d7%95%d7%a0%d7%99%d7%9d-11,31.753982,35.197731,https://ags.iplan.gov.il/arcgisiplan/rest/services/PlanningPublic/Xplan/MapServer/4/query?where=mp_id%3D1005067692+AND+%28mavat_name+LIKE+%27%25%D7%9E%D7%92%D7%95%D7%A8%D7%99%D7%9D%25%27+OR+mavat_name+LIKE+%27%25%D7%93%D7%99%D7%95%D7%A8%25%27%29&outFields=mp_id%2Cpl_id%2Cpl_number%2Cpl_name%2Cnum%2Cmavat_code%2Cmavat_name%2Clegal_area%2Cshape_area%2Cshape_length%2Cstation_desc%2Clast_update_date&returnGeometry=true&outSR=4326&f=geojson,בינונית,"תוקן placeholder: הצמד המקורי זהה אצל 197 פרויקטים; הוזז 3.8 ק״מ למקור המפורט. בדיקה אנושית למגרש יחיד: תכנית 101-0855668 כוללת 2 תאי מגורים (1;2); הנקודה נמצאת בתוך איחוד תאי המגורים הרשמיים, אך אין בעמוד הוכחה איזה תא הוא הפרויקט."
%d7%a1%d7%9f-%d7%9e%d7%a8%d7%98%d7%99%d7%9f-1,31.756429,35.195169,https://ags.iplan.gov.il/arcgisiplan/rest/services/PlanningPublic/Xplan/MapServer/4/query?where=mp_id%3D1005146800+AND+%28mavat_name+LIKE+%27%25%D7%9E%D7%92%D7%95%D7%A8%D7%99%D7%9D%25%27+OR+mavat_name+LIKE+%27%25%D7%93%D7%99%D7%95%D7%A8%25%27%29&outFields=mp_id%2Cpl_id%2Cpl_number%2Cpl_name%2Cnum%2Cmavat_code%2Cmavat_name%2Clegal_area%2Cshape_area%2Cshape_length%2Cstation_desc%2Clast_update_date&returnGeometry=true&outSR=4326&f=geojson,גבוהה,תוקן placeholder: הצמד המקורי זהה אצל 197 פרויקטים; הוזז 3.8 ק״מ למקור המפורט. אומת מול תא מגורים רשמי יחיד 1 בתכנית 101-0987016; הנקודה בתוך התא הרשמי.
%d7%93%d7%95%d7%90%d7%a0%d7%99-%d7%93%d7%a8%d7%95%d7%9d,31.869607,34.744754,https://ags.iplan.gov.il/arcgisiplan/rest/services/PlanningPublic/Xplan/MapServer/4/query?where=mp_id%3D4005097542+AND+%28mavat_name+LIKE+%27%25%D7%9E%D7%92%D7%95%D7%A8%D7%99%D7%9D%25%27+OR+mavat_name+LIKE+%27%25%D7%93%D7%99%D7%95%D7%A8%25%27%29&outFields=mp_id%2Cpl_id%2Cpl_number%2Cpl_name%2Cnum%2Cmavat_code%2Cmavat_name%2Clegal_area%2Cshape_area%2Cshape_length%2Cstation_desc%2Clast_update_date&returnGeometry=true&outSR=4326&f=geojson,בינונית,"תוקן placeholder: הצמד המקורי זהה אצל 15 פרויקטים; הוזז 1.0 ק״מ למקור המפורט. בדיקה אנושית למגרש יחיד: תכנית 404-0905216 כוללת 4 תאי מגורים (101;102;201;202); הנקודה נמצאת בתוך איחוד תאי המגורים הרשמיים, אך אין בעמוד הוכחה איזה תא הוא הפרויקט."
%d7%90%d7%9c%d7%9e%d7%92%d7%95%d7%a8-8-16,32.119391,34.842776,https://ags.iplan.gov.il/arcgisiplan/rest/services/PlanningPublic/Xplan/MapServer/4/query?where=mp_id%3D5005132130+AND+%28mavat_name+LIKE+%27%25%D7%9E%D7%92%D7%95%D7%A8%D7%99%D7%9D%25%27+OR+mavat_name+LIKE+%27%25%D7%93%D7%99%D7%95%D7%A8%25%27%29&outFields=mp_id%2Cpl_id%2Cpl_number%2Cpl_name%2Cnum%2Cmavat_code%2Cmavat_name%2Clegal_area%2Cshape_area%2Cshape_length%2Cstation_desc%2Clast_update_date&returnGeometry=true&outSR=4326&f=geojson,גבוהה,תוקן placeholder: הצמד המקורי זהה אצל 57 פרויקטים; הוזז 6.9 ק״מ למקור המפורט. אומת מול תא מגורים רשמי יחיד 1 בתכנית 507-0963157; הנקודה בתוך התא הרשמי.
%d7%91%d7%91%d7%9c%d7%99,,,,נמוכה,"בדיקה אנושית: לא נמצא מקור שמאפשר למסור נקודה ברמת מגרש בביטחון; lat/lng הושארו ריקים. בדיקה אנושית: נמצאו מועמדי XPLAN חלקיים או מרובים, אך אין התאמת שם+עיר חד-משמעית. מועמדים: 507-0243378 — תא/מק/4402 - מגדל בראשית - בבלי; 507-1576321 — תא/מק/5355 רחוב בבלי שינויי יעוד לדרך; 507-0965137 — תא/מק/5064-ניוד זכויות מביאליק 19 לפעמוני 12 שכונת בבלי, תל-אביב"
%d7%a4%d7%95%d7%92%d7%9c-%d7%a4%d7%99%d7%a0%d7%a1%d7%a7%d7%a8,32.096407,34.883879,https://ags.iplan.gov.il/arcgisiplan/rest/services/PlanningPublic/Xplan/MapServer/4/query?where=mp_id%3D4001003551+AND+%28mavat_name+LIKE+%27%25%D7%9E%D7%92%D7%95%D7%A8%D7%99%D7%9D%25%27+OR+mavat_name+LIKE+%27%25%D7%93%D7%99%D7%95%D7%A8%25%27%29&outFields=mp_id%2Cpl_id%2Cpl_number%2Cpl_name%2Cnum%2Cmavat_code%2Cmavat_name%2Clegal_area%2Cshape_area%2Cshape_length%2Cstation_desc%2Clast_update_date&returnGeometry=true&outSR=4326&f=geojson,בינונית,"תוקן placeholder: הצמד המקורי זהה אצל 37 פרויקטים; הוזז 982 מ׳ למקור המפורט. בדיקה אנושית למגרש יחיד: תכנית 410-0749770 כוללת 4 תאי מגורים (101;102;103;104); הנקודה נמצאת בתוך איחוד תאי המגורים הרשמיים, אך אין בעמוד הוכחה איזה תא הוא הפרויקט."
%d7%a2%d7%9e%d7%99%d7%a9%d7%91-%d7%98%d7%91%d7%a8%d7%99%d7%94,32.071993,34.916775,https://ags.iplan.gov.il/arcgisiplan/rest/services/PlanningPublic/Xplan/MapServer/4/query?where=mp_id%3D4001015497+AND+%28mavat_name+LIKE+%27%25%D7%9E%D7%92%D7%95%D7%A8%D7%99%D7%9D%25%27+OR+mavat_name+LIKE+%27%25%D7%93%D7%99%D7%95%D7%A8%25%27%29&outFields=mp_id%2Cpl_id%2Cpl_number%2Cpl_name%2Cnum%2Cmavat_code%2Cmavat_name%2Clegal_area%2Cshape_area%2Cshape_length%2Cstation_desc%2Clast_update_date&returnGeometry=true&outSR=4326&f=geojson,בינונית,"תוקן placeholder: הצמד המקורי זהה אצל 37 פרויקטים; הוזז 3.4 ק״מ למקור המפורט. בדיקה אנושית למגרש יחיד: תכנית 410-0768564 כוללת 4 תאי מגורים (1;2;3;4); הנקודה נמצאת בתוך איחוד תאי המגורים הרשמיים, אך אין בעמוד הוכחה איזה תא הוא הפרויקט."
%d7%a2%d7%9c%d7%99%d7%99%d7%94-%d7%93%d7%95%d7%93-%d7%a8%d7%9e%d7%96-%d7%93%d7%a8%d7%95%d7%9e%d7%99,32.189689,34.902326,https://ags.iplan.gov.il/arcgisiplan/rest/services/PlanningPublic/Xplan/MapServer/4/query?where=mp_id%3D4005079798+AND+%28mavat_name+LIKE+%27%25%D7%9E%D7%92%D7%95%D7%A8%D7%99%D7%9D%25%27+OR+mavat_name+LIKE+%27%25%D7%93%D7%99%D7%95%D7%A8%25%27%29&outFields=mp_id%2Cpl_id%2Cpl_number%2Cpl_name%2Cnum%2Cmavat_code%2Cmavat_name%2Clegal_area%2Cshape_area%2Cshape_length%2Cstation_desc%2Clast_update_date&returnGeometry=true&outSR=4326&f=geojson,בינונית,"תוקן placeholder: הצמד המקורי זהה אצל 12 פרויקטים; הוזז 1.5 ק״מ למקור המפורט. בדיקה אנושית למגרש יחיד: תכנית 405-0876995 כוללת 3 תאי מגורים (1;2;3); הנקודה נמצאת בתוך איחוד תאי המגורים הרשמיים, אך אין בעמוד הוכחה איזה תא הוא הפרויקט."
%d7%91%d7%99%d7%90%d7%9c%d7%99%d7%a7-%d7%94%d7%a8%d7%a6%d7%9c,32.766309,34.970848,https://ags.iplan.gov.il/arcgisiplan/rest/services/PlanningPublic/Xplan/MapServer/4/query?where=mp_id%3D3005091550+AND+%28mavat_name+LIKE+%27%25%D7%9E%D7%92%D7%95%D7%A8%D7%99%D7%9D%25%27+OR+mavat_name+LIKE+%27%25%D7%93%D7%99%D7%95%D7%A8%25%27%29&outFields=mp_id%2Cpl_id%2Cpl_number%2Cpl_name%2Cnum%2Cmavat_code%2Cmavat_name%2Clegal_area%2Cshape_area%2Cshape_length%2Cstation_desc%2Clast_update_date&returnGeometry=true&outSR=4326&f=geojson,בינונית,"תוקן placeholder: הצמד המקורי זהה אצל 14 פרויקטים; הוזז 552 מ׳ למקור המפורט. בדיקה אנושית למגרש יחיד: תכנית 355-0895417 כוללת 2 תאי מגורים (201;202); הנקודה נמצאת בתוך איחוד תאי המגורים הרשמיים, אך אין בעמוד הוכחה איזה תא הוא הפרויקט."
%d7%a4%d7%99%d7%a0%d7%a1%d7%a7%d7%a8,32.782745,35.017866,https://ags.iplan.gov.il/arcgisiplan/rest/services/PlanningPublic/Xplan/MapServer/4/query?where=mp_id%3D3005143576+AND+%28mavat_name+LIKE+%27%25%D7%9E%D7%92%D7%95%D7%A8%D7%99%D7%9D%25%27+OR+mavat_name+LIKE+%27%25%D7%93%D7%99%D7%95%D7%A8%25%27%29&outFields=mp_id%2Cpl_id%2Cpl_number%2Cpl_name%2Cnum%2Cmavat_code%2Cmavat_name%2Clegal_area%2Cshape_area%2Cshape_length%2Cstation_desc%2Clast_update_date&returnGeometry=true&outSR=4326&f=geojson,גבוהה,תוקן placeholder: הצמד המקורי זהה אצל 43 פרויקטים; הוזז 4.4 ק״מ למקור המפורט. אומת מול תא מגורים רשמי יחיד 1 בתכנית 304-0982157; הנקודה בתוך התא הרשמי.
%d7%90%d7%9e%d7%99%d7%9c-%d7%96%d7%95%d7%9c%d7%90,32.820188,34.966693,https://ags.iplan.gov.il/arcgisiplan/rest/services/PlanningPublic/Xplan/MapServer/4/query?where=mp_id%3D3005135158+AND+%28mavat_name+LIKE+%27%25%D7%9E%D7%92%D7%95%D7%A8%D7%99%D7%9D%25%27+OR+mavat_name+LIKE+%27%25%D7%93%D7%99%D7%95%D7%A8%25%27%29&outFields=mp_id%2Cpl_id%2Cpl_number%2Cpl_name%2Cnum%2Cmavat_code%2Cmavat_name%2Clegal_area%2Cshape_area%2Cshape_length%2Cstation_desc%2Clast_update_date&returnGeometry=true&outSR=4326&f=geojson,בינונית,"תוקן placeholder: הצמד המקורי זהה אצל 43 פרויקטים; הוזז 3.0 ק״מ למקור המפורט. בדיקה אנושית למגרש יחיד: תכנית 304-0968636 כוללת 2 תאי מגורים (101;102); הנקודה נמצאת בתוך איחוד תאי המגורים הרשמיים, אך אין בעמוד הוכחה איזה תא הוא הפרויקט."
%d7%94%d7%a6%d7%a0%d7%97%d7%a0%d7%99%d7%9d-2,31.895822,34.820141,https://ags.iplan.gov.il/arcgisiplan/rest/services/PlanningPublic/Xplan/MapServer/4/query?where=mp_id%3D4005160046+AND+%28mavat_name+LIKE+%27%25%D7%9E%D7%92%D7%95%D7%A8%D7%99%D7%9D%25%27+OR+mavat_name+LIKE+%27%25%D7%93%D7%99%D7%95%D7%A8%25%27%29&outFields=mp_id%2Cpl_id%2Cpl_number%2Cpl_name%2Cnum%2Cmavat_code%2Cmavat_name%2Clegal_area%2Cshape_area%2Cshape_length%2Cstation_desc%2Clast_update_date&returnGeometry=true&outSR=4326&f=geojson,גבוהה,תוקן placeholder: הצמד המקורי זהה אצל 14 פרויקטים; הוזז 907 מ׳ למקור המפורט. אומת מול תא מגורים רשמי יחיד 101 בתכנית 414-1008572; הנקודה בתוך התא הרשמי.
%d7%a1%d7%9e%d7%98%d7%aa-%d7%99%d7%94%d7%95%d7%93%d7%99%d7%aa,32.442433,34.912077,https://ags.iplan.gov.il/arcgisiplan/rest/services/PlanningPublic/Xplan/MapServer/4/query?where=mp_id%3D3005088154+AND+%28mavat_name+LIKE+%27%25%D7%9E%D7%92%D7%95%D7%A8%D7%99%D7%9D%25%27+OR+mavat_name+LIKE+%27%25%D7%93%D7%99%D7%95%D7%A8%25%27%29&outFields=mp_id%2Cpl_id%2Cpl_number%2Cpl_name%2Cnum%2Cmavat_code%2Cmavat_name%2Clegal_area%2Cshape_area%2Cshape_length%2Cstation_desc%2Clast_update_date&returnGeometry=true&outSR=4326&f=geojson,בינונית,"תוקן placeholder: הצמד המקורי זהה אצל 21 פרויקטים; הוזז 2.6 ק״מ למקור המפורט. בדיקה אנושית למגרש יחיד: תכנית 302-0890368 כוללת 2 תאי מגורים (201;202); הנקודה נמצאת בתוך איחוד תאי המגורים הרשמיים, אך אין בעמוד הוכחה איזה תא הוא הפרויקט."
%d7%a9%d7%a0%d7%a7%d7%a8-55,32.021036,34.776375,https://ags.iplan.gov.il/arcgisiplan/rest/services/PlanningPublic/Xplan/MapServer/4/query?where=mp_id%3D5005084272+AND+%28mavat_name+LIKE+%27%25%D7%9E%D7%92%D7%95%D7%A8%D7%99%D7%9D%25%27+OR+mavat_name+LIKE+%27%25%D7%93%D7%99%D7%95%D7%A8%25%27%29&outFields=mp_id%2Cpl_id%2Cpl_number%2Cpl_name%2Cnum%2Cmavat_code%2Cmavat_name%2Clegal_area%2Cshape_area%2Cshape_length%2Cstation_desc%2Clast_update_date&returnGeometry=true&outSR=4326&f=geojson,גבוהה,תוקן placeholder: הצמד המקורי זהה אצל 25 פרויקטים; הוזז 426 מ׳ למקור המפורט. אומת מול תא מגורים רשמי יחיד 1 בתכנית 505-0884395; הנקודה בתוך התא הרשמי.
%d7%9e%d7%90%d7%99%d7%a8-%d7%90%d7%91%d7%a0%d7%a8,31.767025,35.172916,https://ags.iplan.gov.il/arcgisiplan/rest/services/PlanningPublic/Xplan/MapServer/4/query?where=mp_id%3D1005109268+AND+%28mavat_name+LIKE+%27%25%D7%9E%D7%92%D7%95%D7%A8%D7%99%D7%9D%25%27+OR+mavat_name+LIKE+%27%25%D7%93%D7%99%D7%95%D7%A8%25%27%29&outFields=mp_id%2Cpl_id%2Cpl_number%2Cpl_name%2Cnum%2Cmavat_code%2Cmavat_name%2Clegal_area%2Cshape_area%2Cshape_length%2Cstation_desc%2Clast_update_date&returnGeometry=true&outSR=4326&f=geojson,גבוהה,תוקן placeholder: הצמד המקורי זהה אצל 197 פרויקטים; הוזז 5.2 ק״מ למקור המפורט. אומת מול תא מגורים רשמי יחיד 1 בתכנית 101-0924480; הנקודה בתוך התא הרשמי.
%d7%94%d7%90%d7%97%d7%99%d7%9d-%d7%91%d7%9b%d7%a8,32.094585,34.879506,https://ags.iplan.gov.il/arcgisiplan/rest/services/PlanningPublic/Xplan/MapServer/4/query?where=mp_id%3D4000893535+AND+%28mavat_name+LIKE+%27%25%D7%9E%D7%92%D7%95%D7%A8%D7%99%D7%9D%25%27+OR+mavat_name+LIKE+%27%25%D7%93%D7%99%D7%95%D7%A8%25%27%29&outFields=mp_id%2Cpl_id%2Cpl_number%2Cpl_name%2Cnum%2Cmavat_code%2Cmavat_name%2Clegal_area%2Cshape_area%2Cshape_length%2Cstation_desc%2Clast_update_date&returnGeometry=true&outSR=4326&f=geojson,בינונית,"תוקן placeholder: הצמד המקורי זהה אצל 37 פרויקטים; הוזז 974 מ׳ למקור המפורט. בדיקה אנושית למגרש יחיד: תכנית 410-0560862 כוללת 2 תאי מגורים (1;2); הנקודה נמצאת בתוך איחוד תאי המגורים הרשמיים, אך אין בעמוד הוכחה איזה תא הוא הפרויקט."
%d7%94%d7%a9%d7%97%d7%a3,31.872282,34.741364,https://ags.iplan.gov.il/arcgisiplan/rest/services/PlanningPublic/Xplan/MapServer/4/query?where=mp_id%3D4001024109+AND+%28mavat_name+LIKE+%27%25%D7%9E%D7%92%D7%95%D7%A8%D7%99%D7%9D%25%27+OR+mavat_name+LIKE+%27%25%D7%93%D7%99%D7%95%D7%A8%25%27%29&outFields=mp_id%2Cpl_id%2Cpl_number%2Cpl_name%2Cnum%2Cmavat_code%2Cmavat_name%2Clegal_area%2Cshape_area%2Cshape_length%2Cstation_desc%2Clast_update_date&returnGeometry=true&outSR=4326&f=geojson,גבוהה,תוקן placeholder: הצמד המקורי זהה אצל 15 פרויקטים; הוזז 588 מ׳ למקור המפורט. אומת מול תא מגורים רשמי יחיד 10 בתכנית 404-0781385; הנקודה בתוך התא הרשמי.
%d7%9e%d7%a8%d7%92%d7%95%d7%9c%d7%99%d7%9f,31.937119,34.806080,https://ags.iplan.gov.il/arcgisiplan/rest/services/PlanningPublic/Xplan/MapServer/4/query?where=mp_id%3D4005223658+AND+%28mavat_name+LIKE+%27%25%D7%9E%D7%92%D7%95%D7%A8%D7%99%D7%9D%25%27+OR+mavat_name+LIKE+%27%25%D7%93%D7%99%D7%95%D7%A8%25%27%29&outFields=mp_id%2Cpl_id%2Cpl_number%2Cpl_name%2Cnum%2Cmavat_code%2Cmavat_name%2Clegal_area%2Cshape_area%2Cshape_length%2Cstation_desc%2Clast_update_date&returnGeometry=true&outSR=4326&f=geojson,בינונית,"תוקן placeholder: הצמד המקורי זהה אצל 9 פרויקטים; הוזז 1.1 ק״מ למקור המפורט. בדיקה אנושית למגרש יחיד: תכנית 407-1087006 כוללת 11 תאי מגורים (101;102;103;104;105;106;108;110;111;801;802); הנקודה נמצאת בתוך איחוד תאי המגורים הרשמיים, אך אין בעמוד הוכחה איזה תא הוא הפרויקט."
%d7%91%d7%9f-%d7%92%d7%95%d7%a8%d7%99%d7%95%d7%9f-21-39,32.158555,34.889488,https://ags.iplan.gov.il/arcgisiplan/rest/services/PlanningPublic/Xplan/MapServer/4/query?where=mp_id%3D4005131560+AND+%28mavat_name+LIKE+%27%25%D7%9E%D7%92%D7%95%D7%A8%D7%99%D7%9D%25%27+OR+mavat_name+LIKE+%27%25%D7%93%D7%99%D7%95%D7%A8%25%27%29&outFields=mp_id%2Cpl_id%2Cpl_number%2Cpl_name%2Cnum%2Cmavat_code%2Cmavat_name%2Clegal_area%2Cshape_area%2Cshape_length%2Cstation_desc%2Clast_update_date&returnGeometry=true&outSR=4326&f=geojson,גבוהה,תוקן placeholder: הצמד המקורי זהה אצל 6 פרויקטים; הוזז 425 מ׳ למקור המפורט. אומת מול תא מגורים רשמי יחיד 101 בתכנית 423-0962225; הנקודה בתוך התא הרשמי.
%d7%91%d7%9f-%d7%92%d7%95%d7%a8%d7%99%d7%95%d7%9f-10-16,32.076674,34.846671,https://ags.iplan.gov.il/arcgisiplan/rest/services/PlanningPublic/Xplan/MapServer/4/query?where=mp_id%3D4000441105+AND+%28mavat_name+LIKE+%27%25%D7%9E%D7%92%D7%95%D7%A8%D7%99%D7%9D%25%27+OR+mavat_name+LIKE+%27%25%D7%93%D7%99%D7%95%D7%A8%25%27%29&outFields=mp_id%2Cpl_id%2Cpl_number%2Cpl_name%2Cnum%2Cmavat_code%2Cmavat_name%2Clegal_area%2Cshape_area%2Cshape_length%2Cstation_desc%2Clast_update_date&returnGeometry=true&outSR=4326&f=geojson,גבוהה,תוקן placeholder: הצמד המקורי זהה אצל 4 פרויקטים; הוזז 547 מ׳ למקור המפורט. אומת מול תא מגורים רשמי יחיד 701 בתכנית 427-0462259; הנקודה בתוך התא הרשמי.
%d7%a7%d7%a4%d7%9c%d7%9f-%d7%96%d7%91%d7%95%d7%98%d7%99%d7%a0%d7%a1%d7%a7%d7%99,32.090520,34.869485,https://ags.iplan.gov.il/arcgisiplan/rest/services/PlanningPublic/Xplan/MapServer/4/query?where=mp_id%3D4000908329+AND+%28mavat_name+LIKE+%27%25%D7%9E%D7%92%D7%95%D7%A8%D7%99%D7%9D%25%27+OR+mavat_name+LIKE+%27%25%D7%93%D7%99%D7%95%D7%A8%25%27%29&outFields=mp_id%2Cpl_id%2Cpl_number%2Cpl_name%2Cnum%2Cmavat_code%2Cmavat_name%2Clegal_area%2Cshape_area%2Cshape_length%2Cstation_desc%2Clast_update_date&returnGeometry=true&outSR=4326&f=geojson,גבוהה,תוקן placeholder: הצמד המקורי זהה אצל 37 פרויקטים; הוזז 1.6 ק״מ למקור המפורט. אומת מול תא מגורים רשמי יחיד 101 בתכנית 410-0589812; הנקודה בתוך התא הרשמי.
%d7%91%d7%a8%d7%95%d7%93%d7%a6%d7%a7%d7%99-16-18,32.323310,34.854445,https://ags.iplan.gov.il/arcgisiplan/rest/services/PlanningPublic/Xplan/MapServer/4/query?where=mp_id%3D4005237062+AND+%28mavat_name+LIKE+%27%25%D7%9E%D7%92%D7%95%D7%A8%D7%99%D7%9D%25%27+OR+mavat_name+LIKE+%27%25%D7%93%D7%99%D7%95%D7%A8%25%27%29&outFields=mp_id%2Cpl_id%2Cpl_number%2Cpl_name%2Cnum%2Cmavat_code%2Cmavat_name%2Clegal_area%2Cshape_area%2Cshape_length%2Cstation_desc%2Clast_update_date&returnGeometry=true&outSR=4326&f=geojson,גבוהה,תוקן placeholder: הצמד המקורי זהה אצל 40 פרויקטים; הוזז 625 מ׳ למקור המפורט. אומת מול תא מגורים רשמי יחיד 1 בתכנית 408-1108695; הנקודה בתוך התא הרשמי.
%d7%a9%d7%a0%d7%99%d7%90%d7%95%d7%a8-%d7%a9%d7%9c%d7%95%d7%a0%d7%a1%d7%a7%d7%99,32.284789,34.850293,https://ags.iplan.gov.il/arcgisiplan/rest/services/PlanningPublic/Xplan/MapServer/4/query?where=mp_id%3D4005092362+AND+%28mavat_name+LIKE+%27%25%D7%9E%D7%92%D7%95%D7%A8%D7%99%D7%9D%25%27+OR+mavat_name+LIKE+%27%25%D7%93%D7%99%D7%95%D7%A8%25%27%29&outFields=mp_id%2Cpl_id%2Cpl_number%2Cpl_name%2Cnum%2Cmavat_code%2Cmavat_name%2Clegal_area%2Cshape_area%2Cshape_length%2Cstation_desc%2Clast_update_date&returnGeometry=true&outSR=4326&f=geojson,בינונית,"תוקן placeholder: הצמד המקורי זהה אצל 40 פרויקטים; הוזז 4.9 ק״מ למקור המפורט. בדיקה אנושית למגרש יחיד: תכנית 408-0896662 כוללת 9 תאי מגורים (142;143;144;146;148;141A;145A;147A;149A); הנקודה נמצאת בתוך איחוד תאי המגורים הרשמיים, אך אין בעמוד הוכחה איזה תא הוא הפרויקט."
%d7%9e%d7%a2%d7%a4%d7%99%d7%9c%d7%99-%d7%90%d7%92%d7%95%d7%96,32.053022,34.811797,https://ags.iplan.gov.il/arcgisiplan/rest/services/PlanningPublic/Xplan/MapServer/4/query?where=mp_id%3D5005073054+AND+%28mavat_name+LIKE+%27%25%D7%9E%D7%92%D7%95%D7%A8%D7%99%D7%9D%25%27+OR+mavat_name+LIKE+%27%25%D7%93%D7%99%D7%95%D7%A8%25%27%29&outFields=mp_id%2Cpl_id%2Cpl_number%2Cpl_name%2Cnum%2Cmavat_code%2Cmavat_name%2Clegal_area%2Cshape_area%2Cshape_length%2Cstation_desc%2Clast_update_date&returnGeometry=true&outSR=4326&f=geojson,בינונית,"תוקן placeholder: הצמד המקורי זהה אצל 57 פרויקטים; הוזז 4.6 ק״מ למקור המפורט. בדיקה אנושית למגרש יחיד: תכנית 507-0866186 כוללת 2 תאי מגורים (49;50); הנקודה נמצאת בתוך איחוד תאי המגורים הרשמיים, אך אין בעמוד הוכחה איזה תא הוא הפרויקט."
%d7%a9%d7%93%d7%a8%d7%95%d7%aa-%d7%99%d7%a8%d7%95%d7%a9%d7%9c%d7%99%d7%9d,32.323466,34.855738,https://ags.iplan.gov.il/arcgisiplan/rest/services/PlanningPublic/Xplan/MapServer/4/query?where=mp_id%3D4005068104+AND+%28mavat_name+LIKE+%27%25%D7%9E%D7%92%D7%95%D7%A8%D7%99%D7%9D%25%27+OR+mavat_name+LIKE+%27%25%D7%93%D7%99%D7%95%D7%A8%25%27%29&outFields=mp_id%2Cpl_id%2Cpl_number%2Cpl_name%2Cnum%2Cmavat_code%2Cmavat_name%2Clegal_area%2Cshape_area%2Cshape_length%2Cstation_desc%2Clast_update_date&returnGeometry=true&outSR=4326&f=geojson,גבוהה,תוקן placeholder: הצמד המקורי זהה אצל 40 פרויקטים; הוזז 579 מ׳ למקור המפורט. אומת מול תא מגורים רשמי יחיד 101 בתכנית 408-0856955; הנקודה בתוך התא הרשמי.
%d7%9e%d7%a7%d7%a1%d7%99%d7%a7%d7%95,31.757875,35.168974,https://ags.iplan.gov.il/arcgisiplan/rest/services/PlanningPublic/Xplan/MapServer/4/query?where=mp_id%3D1005084796+AND+%28mavat_name+LIKE+%27%25%D7%9E%D7%92%D7%95%D7%A8%D7%99%D7%9D%25%27+OR+mavat_name+LIKE+%27%25%D7%93%D7%99%D7%95%D7%A8%25%27%29&outFields=mp_id%2Cpl_id%2Cpl_number%2Cpl_name%2Cnum%2Cmavat_code%2Cmavat_name%2Clegal_area%2Cshape_area%2Cshape_length%2Cstation_desc%2Clast_update_date&returnGeometry=true&outSR=4326&f=geojson,גבוהה,תוקן placeholder: הצמד המקורי זהה אצל 197 פרויקטים; הוזז 5.9 ק״מ למקור המפורט. אומת מול תא מגורים רשמי יחיד 1 בתכנית 101-0885392; הנקודה בתוך התא הרשמי.
%d7%a6%d7%99%d7%96%d7%9c%d7%99%d7%a0%d7%92-%d7%91%d7%a0%d7%99-%d7%91%d7%a8%d7%99%d7%aa,31.797278,34.654092,https://ags.iplan.gov.il/arcgisiplan/rest/services/PlanningPublic/Xplan/MapServer/4/query?where=mp_id%3D6001023589+AND+%28mavat_name+LIKE+%27%25%D7%9E%D7%92%D7%95%D7%A8%D7%99%D7%9D%25%27+OR+mavat_name+LIKE+%27%25%D7%93%D7%99%D7%95%D7%A8%25%27%29&outFields=mp_id%2Cpl_id%2Cpl_number%2Cpl_name%2Cnum%2Cmavat_code%2Cmavat_name%2Clegal_area%2Cshape_area%2Cshape_length%2Cstation_desc%2Clast_update_date&returnGeometry=true&outSR=4326&f=geojson,בינונית,"תוקן placeholder: הצמד המקורי זהה אצל 17 פרויקטים; הוזז 116 מ׳ למקור המפורט. בדיקה אנושית למגרש יחיד: תכנית 603-0780734 כוללת 5 תאי מגורים (101;102;103;105;106); הנקודה נמצאת בתוך איחוד תאי המגורים הרשמיים, אך אין בעמוד הוכחה איזה תא הוא הפרויקט."
%d7%99%d7%95%d7%a1%d7%a3-%d7%97%d7%99%d7%99%d7%9d-%d7%a9%d7%9c%d7%94%d7%91%d7%aa,32.028759,34.866817,https://ags.iplan.gov.il/arcgisiplan/rest/services/PlanningPublic/Xplan/MapServer/4/query?where=mp_id%3D5005113184+AND+%28mavat_name+LIKE+%27%25%D7%9E%D7%92%D7%95%D7%A8%D7%99%D7%9D%25%27+OR+mavat_name+LIKE+%27%25%D7%93%D7%99%D7%95%D7%A8%25%27%29&outFields=mp_id%2Cpl_id%2Cpl_number%2Cpl_name%2Cnum%2Cmavat_code%2Cmavat_name%2Clegal_area%2Cshape_area%2Cshape_length%2Cstation_desc%2Clast_update_date&returnGeometry=true&outSR=4326&f=geojson,בינונית,"תוקן placeholder: הצמד המקורי זהה אצל 9 פרויקטים; הוזז 410 מ׳ למקור המפורט. בדיקה אנושית למגרש יחיד: תכנית 555-0931287 כוללת 2 תאי מגורים (101;102); הנקודה נמצאת בתוך איחוד תאי המגורים הרשמיים, אך אין בעמוד הוכחה איזה תא הוא הפרויקט."
%d7%94%d7%9b%d7%99%d7%9b%d7%a8,32.027575,34.867784,https://ags.iplan.gov.il/arcgisiplan/rest/services/PlanningPublic/Xplan/MapServer/4/query?where=mp_id%3D5005387140+AND+%28mavat_name+LIKE+%27%25%D7%9E%D7%92%D7%95%D7%A8%D7%99%D7%9D%25%27+OR+mavat_name+LIKE+%27%25%D7%93%D7%99%D7%95%D7%A8%25%27%29&outFields=mp_id%2Cpl_id%2Cpl_number%2Cpl_name%2Cnum%2Cmavat_code%2Cmavat_name%2Clegal_area%2Cshape_area%2Cshape_length%2Cstation_desc%2Clast_update_date&returnGeometry=true&outSR=4326&f=geojson,בינונית,"תוקן placeholder: הצמד המקורי זהה אצל 9 פרויקטים; הוזז 456 מ׳ למקור המפורט. בדיקה אנושית למגרש יחיד: תכנית 555-1346550 כוללת 2 תאי מגורים (101;102); הנקודה נמצאת בתוך איחוד תאי המגורים הרשמיים, אך אין בעמוד הוכחה איזה תא הוא הפרויקט."
%d7%99%d7%95%d7%a1%d7%a4%d7%99,32.089164,34.818619,https://ags.iplan.gov.il/arcgisiplan/rest/services/PlanningPublic/Xplan/MapServer/4/query?where=mp_id%3D5000962831+AND+%28mavat_name+LIKE+%27%25%D7%9E%D7%92%D7%95%D7%A8%D7%99%D7%9D%25%27+OR+mavat_name+LIKE+%27%25%D7%93%D7%99%D7%95%D7%A8%25%27%29&outFields=mp_id%2Cpl_id%2Cpl_number%2Cpl_name%2Cnum%2Cmavat_code%2Cmavat_name%2Clegal_area%2Cshape_area%2Cshape_length%2Cstation_desc%2Clast_update_date&returnGeometry=true&outSR=4326&f=geojson,גבוהה,תוקן placeholder: הצמד המקורי זהה אצל 76 פרויקטים; הוזז 2.3 ק״מ למקור המפורט. אומת מול תא מגורים רשמי יחיד 1 בתכנית 506-0684472; הנקודה בתוך התא הרשמי.
%d7%a0%d7%aa%d7%99%d7%91-%d7%97%d7%9f,32.793852,35.014825,https://ags.iplan.gov.il/arcgisiplan/rest/services/PlanningPublic/Xplan/MapServer/4/query?where=mp_id%3D3001005611+AND+%28mavat_name+LIKE+%27%25%D7%9E%D7%92%D7%95%D7%A8%D7%99%D7%9D%25%27+OR+mavat_name+LIKE+%27%25%D7%93%D7%99%D7%95%D7%A8%25%27%29&outFields=mp_id%2Cpl_id%2Cpl_number%2Cpl_name%2Cnum%2Cmavat_code%2Cmavat_name%2Clegal_area%2Cshape_area%2Cshape_length%2Cstation_desc%2Clast_update_date&returnGeometry=true&outSR=4326&f=geojson,גבוהה,תוקן placeholder: הצמד המקורי זהה אצל 43 פרויקטים; הוזז 3.2 ק״מ למקור המפורט. אומת מול תא מגורים רשמי יחיד 200 בתכנית 304-0753681; הנקודה בתוך התא הרשמי.
%d7%92%d7%95%d7%a8%d7%93%d7%95%d7%9f-%d7%92%d7%99%d7%95%d7%a8%d7%90,32.753380,34.971448,https://ags.iplan.gov.il/arcgisiplan/rest/services/PlanningPublic/Xplan/MapServer/4/query?where=mp_id%3D3005275430+AND+%28mavat_name+LIKE+%27%25%D7%9E%D7%92%D7%95%D7%A8%D7%99%D7%9D%25%27+OR+mavat_name+LIKE+%27%25%D7%93%D7%99%D7%95%D7%A8%25%27%29&outFields=mp_id%2Cpl_id%2Cpl_number%2Cpl_name%2Cnum%2Cmavat_code%2Cmavat_name%2Clegal_area%2Cshape_area%2Cshape_length%2Cstation_desc%2Clast_update_date&returnGeometry=true&outSR=4326&f=geojson,בינונית,"תוקן placeholder: הצמד המקורי זהה אצל 14 פרויקטים; הוזז 890 מ׳ למקור המפורט. בדיקה אנושית למגרש יחיד: תכנית 355-1171016 כוללת 3 תאי מגורים (1;2;4); הנקודה נמצאת בתוך איחוד תאי המגורים הרשמיים, אך אין בעמוד הוכחה איזה תא הוא הפרויקט."
%d7%92%d7%95%d7%95%d7%90%d7%98%d7%9e%d7%9c%d7%94,31.758744,35.179109,https://ags.iplan.gov.il/arcgisiplan/rest/services/PlanningPublic/Xplan/MapServer/4/query?where=mp_id%3D1005200806+AND+%28mavat_name+LIKE+%27%25%D7%9E%D7%92%D7%95%D7%A8%D7%99%D7%9D%25%27+OR+mavat_name+LIKE+%27%25%D7%93%D7%99%D7%95%D7%A8%25%27%29&outFields=mp_id%2Cpl_id%2Cpl_number%2Cpl_name%2Cnum%2Cmavat_code%2Cmavat_name%2Clegal_area%2Cshape_area%2Cshape_length%2Cstation_desc%2Clast_update_date&returnGeometry=true&outSR=4326&f=geojson,בינונית,"תוקן placeholder: הצמד המקורי זהה אצל 197 פרויקטים; הוזז 4.9 ק״מ למקור המפורט. בדיקה אנושית למגרש יחיד: תכנית 101-1048420 כוללת 5 תאי מגורים (101;102;103;104;105); הנקודה נמצאת בתוך איחוד תאי המגורים הרשמיים, אך אין בעמוד הוכחה איזה תא הוא הפרויקט."
%d7%94%d7%a0%d7%a8%d7%99%d7%99%d7%98%d7%94-%d7%a1%d7%90%d7%9c%d7%93,31.759462,35.168494,https://ags.iplan.gov.il/arcgisiplan/rest/services/PlanningPublic/Xplan/MapServer/4/query?where=mp_id%3D1005081390+AND+%28mavat_name+LIKE+%27%25%D7%9E%D7%92%D7%95%D7%A8%D7%99%D7%9D%25%27+OR+mavat_name+LIKE+%27%25%D7%93%D7%99%D7%95%D7%A8%25%27%29&outFields=mp_id%2Cpl_id%2Cpl_number%2Cpl_name%2Cnum%2Cmavat_code%2Cmavat_name%2Clegal_area%2Cshape_area%2Cshape_length%2Cstation_desc%2Clast_update_date&returnGeometry=true&outSR=4326&f=geojson,גבוהה,תוקן placeholder: הצמד המקורי זהה אצל 197 פרויקטים; הוזז 5.8 ק״מ למקור המפורט. אומת מול תא מגורים רשמי יחיד 1 בתכנית 101-0879577; הנקודה בתוך התא הרשמי.
%d7%94%d7%a8%d7%91-%d7%9e%d7%99%d7%9e%d7%95%d7%9f,31.930585,34.865762,https://ags.iplan.gov.il/arcgisiplan/rest/services/PlanningPublic/Xplan/MapServer/4/query?where=mp_id%3D4005110234+AND+%28mavat_name+LIKE+%27%25%D7%9E%D7%92%D7%95%D7%A8%D7%99%D7%9D%25%27+OR+mavat_name+LIKE+%27%25%D7%93%D7%99%D7%95%D7%A8%25%27%29&outFields=mp_id%2Cpl_id%2Cpl_number%2Cpl_name%2Cnum%2Cmavat_code%2Cmavat_name%2Clegal_area%2Cshape_area%2Cshape_length%2Cstation_desc%2Clast_update_date&returnGeometry=true&outSR=4326&f=geojson,בינונית,"תוקן placeholder: הצמד המקורי זהה אצל 15 פרויקטים; הוזז 432 מ׳ למקור המפורט. בדיקה אנושית למגרש יחיד: תכנית תמל/ 2043 כוללת 6 תאי מגורים (101;102;103;104;105;201); הנקודה נמצאת בתוך איחוד תאי המגורים הרשמיים, אך אין בעמוד הוכחה איזה תא הוא הפרויקט."
%d7%a2%d7%9e%d7%99%d7%a0%d7%93%d7%91,32.064452,34.793898,https://mavat.iplan.gov.il/SV4/1/5000926359/310,גבוהה,תוקן placeholder: הצמד המקורי זהה אצל 57 פרויקטים; הוזז 2.6 ק״מ למקור המפורט. תכנית התחדשות עמינדב 10-12 בתל אביב; 136 יחידות = 60 מאושרות + 76 תוספת. הנקודה חושבה מתוך גבול התכנית הרשמי ונבדקה כנמצאת בתוכו.
%d7%90%d7%a4%d7%a8%d7%a1%d7%9e%d7%95%d7%9f-%d7%93%d7%95%d7%93%d7%90%d7%99%d7%9d,31.734391,35.200644,https://ags.iplan.gov.il/arcgisiplan/rest/services/PlanningPublic/Xplan/MapServer/4/query?where=mp_id%3D1005089738+AND+%28mavat_name+LIKE+%27%25%D7%9E%D7%92%D7%95%D7%A8%D7%99%D7%9D%25%27+OR+mavat_name+LIKE+%27%25%D7%93%D7%99%D7%95%D7%A8%25%27%29&outFields=mp_id%2Cpl_id%2Cpl_number%2Cpl_name%2Cnum%2Cmavat_code%2Cmavat_name%2Clegal_area%2Cshape_area%2Cshape_length%2Cstation_desc%2Clast_update_date&returnGeometry=true&outSR=4326&f=geojson,בינונית,"תוקן placeholder: הצמד המקורי זהה אצל 197 פרויקטים; הוזז 5.5 ק״מ למקור המפורט. בדיקה אנושית למגרש יחיד: תכנית 101-0892588 כוללת 4 תאי מגורים (1;2;3;33); הנקודה נמצאת בתוך איחוד תאי המגורים הרשמיים, אך אין בעמוד הוכחה איזה תא הוא הפרויקט."
%d7%93%d7%a8%d7%9a-%d7%97%d7%91%d7%a8%d7%95%d7%9f-116,31.751487,35.219051,https://ags.iplan.gov.il/arcgisiplan/rest/services/PlanningPublic/Xplan/MapServer/4/query?where=mp_id%3D1005115838+AND+%28mavat_name+LIKE+%27%25%D7%9E%D7%92%D7%95%D7%A8%D7%99%D7%9D%25%27+OR+mavat_name+LIKE+%27%25%D7%93%D7%99%D7%95%D7%A8%25%27%29&outFields=mp_id%2Cpl_id%2Cpl_number%2Cpl_name%2Cnum%2Cmavat_code%2Cmavat_name%2Clegal_area%2Cshape_area%2Cshape_length%2Cstation_desc%2Clast_update_date&returnGeometry=true&outSR=4326&f=geojson,גבוהה,תוקן placeholder: הצמד המקורי זהה אצל 197 פרויקטים; הוזז 3.1 ק״מ למקור המפורט. אומת מול תא מגורים רשמי יחיד 1 בתכנית 101-0935189; הנקודה בתוך התא הרשמי.
%d7%94%d7%a2%d7%a6%d7%9e%d7%90%d7%95%d7%aa-3,32.271201,34.884091,https://ags.iplan.gov.il/arcgisiplan/rest/services/PlanningPublic/Xplan/MapServer/4/query?where=mp_id%3D4005328820+AND+%28mavat_name+LIKE+%27%25%D7%9E%D7%92%D7%95%D7%A8%D7%99%D7%9D%25%27+OR+mavat_name+LIKE+%27%25%D7%93%D7%99%D7%95%D7%A8%25%27%29&outFields=mp_id%2Cpl_id%2Cpl_number%2Cpl_name%2Cnum%2Cmavat_code%2Cmavat_name%2Clegal_area%2Cshape_area%2Cshape_length%2Cstation_desc%2Clast_update_date&returnGeometry=true&outSR=4326&f=geojson,בינונית,"תוקן placeholder: הצמד המקורי זהה אצל 2 פרויקטים; הוזז 62.9 ק״מ למקור המפורט. בדיקה אנושית למגרש יחיד: תכנית 457-1253954 כוללת 3 תאי מגורים (100;101;105); הנקודה נמצאת בתוך איחוד תאי המגורים הרשמיים, אך אין בעמוד הוכחה איזה תא הוא הפרויקט."
%d7%a8%d7%91%d7%a0%d7%95-%d7%92%d7%a8%d7%a9%d7%95%d7%9d,31.794231,35.217550,https://ags.iplan.gov.il/arcgisiplan/rest/services/PlanningPublic/Xplan/MapServer/4/query?where=mp_id%3D1005075972+AND+%28mavat_name+LIKE+%27%25%D7%9E%D7%92%D7%95%D7%A8%D7%99%D7%9D%25%27+OR+mavat_name+LIKE+%27%25%D7%93%D7%99%D7%95%D7%A8%25%27%29&outFields=mp_id%2Cpl_id%2Cpl_number%2Cpl_name%2Cnum%2Cmavat_code%2Cmavat_name%2Clegal_area%2Cshape_area%2Cshape_length%2Cstation_desc%2Clast_update_date&returnGeometry=true&outSR=4326&f=geojson,בינונית,"תוקן placeholder: הצמד המקורי זהה אצל 197 פרויקטים; הוזז 1.9 ק״מ למקור המפורט. בדיקה אנושית למגרש יחיד: תכנית 101-0870824 כוללת 2 תאי מגורים (1;2); הנקודה נמצאת בתוך איחוד תאי המגורים הרשמיים, אך אין בעמוד הוכחה איזה תא הוא הפרויקט."
%d7%90%d7%95%d7%a8%d7%9c%d7%95%d7%91,32.091062,34.876866,https://ags.iplan.gov.il/arcgisiplan/rest/services/PlanningPublic/Xplan/MapServer/4/query?where=mp_id%3D4000418413+AND+%28mavat_name+LIKE+%27%25%D7%9E%D7%92%D7%95%D7%A8%D7%99%D7%9D%25%27+OR+mavat_name+LIKE+%27%25%D7%93%D7%99%D7%95%D7%A8%25%27%29&outFields=mp_id%2Cpl_id%2Cpl_number%2Cpl_name%2Cnum%2Cmavat_code%2Cmavat_name%2Clegal_area%2Cshape_area%2Cshape_length%2Cstation_desc%2Clast_update_date&returnGeometry=true&outSR=4326&f=geojson,גבוהה,תוקן placeholder: הצמד המקורי זהה אצל 37 פרויקטים; הוזז 935 מ׳ למקור המפורט. אומת מול תא מגורים רשמי יחיד 3 בתכנית 410-0435453; הנקודה בתוך התא הרשמי.
%d7%94%d7%a2%d7%9e%d7%9c,32.092710,34.818194,https://ags.iplan.gov.il/arcgisiplan/rest/services/PlanningPublic/Xplan/MapServer/4/query?where=mp_id%3D5000945489+AND+%28mavat_name+LIKE+%27%25%D7%9E%D7%92%D7%95%D7%A8%D7%99%D7%9D%25%27+OR+mavat_name+LIKE+%27%25%D7%93%D7%99%D7%95%D7%A8%25%27%29&outFields=mp_id%2Cpl_id%2Cpl_number%2Cpl_name%2Cnum%2Cmavat_code%2Cmavat_name%2Clegal_area%2Cshape_area%2Cshape_length%2Cstation_desc%2Clast_update_date&returnGeometry=true&outSR=4326&f=geojson,גבוהה,תוקן placeholder: הצמד המקורי זהה אצל 76 פרויקטים; הוזז 2.7 ק״מ למקור המפורט. אומת מול תא מגורים רשמי יחיד 362 בתכנית 506-0655068; הנקודה בתוך התא הרשמי.
%d7%a7%d7%98%d7%9e%d7%95%d7%a0%d7%99%d7%9d-06,31.753360,35.192537,https://ags.iplan.gov.il/arcgisiplan/rest/services/PlanningPublic/Xplan/MapServer/4/query?where=mp_id%3D1005067670+AND+%28mavat_name+LIKE+%27%25%D7%9E%D7%92%D7%95%D7%A8%D7%99%D7%9D%25%27+OR+mavat_name+LIKE+%27%25%D7%93%D7%99%D7%95%D7%A8%25%27%29&outFields=mp_id%2Cpl_id%2Cpl_number%2Cpl_name%2Cnum%2Cmavat_code%2Cmavat_name%2Clegal_area%2Cshape_area%2Cshape_length%2Cstation_desc%2Clast_update_date&returnGeometry=true&outSR=4326&f=geojson,בינונית,"תוקן placeholder: הצמד המקורי זהה אצל 197 פרויקטים; הוזז 4.2 ק״מ למקור המפורט. בדיקה אנושית למגרש יחיד: תכנית 101-0855585 כוללת 4 תאי מגורים (1;2;3;4); הנקודה נמצאת בתוך איחוד תאי המגורים הרשמיים, אך אין בעמוד הוכחה איזה תא הוא הפרויקט."
%d7%98%d7%a9%d7%a8%d7%a0%d7%99%d7%97%d7%95%d7%91%d7%a1%d7%a7%d7%99-51-53,31.764283,35.204593,https://ags.iplan.gov.il/arcgisiplan/rest/services/PlanningPublic/Xplan/MapServer/4/query?where=mp_id%3D1005031948+AND+%28mavat_name+LIKE+%27%25%D7%9E%D7%92%D7%95%D7%A8%D7%99%D7%9D%25%27+OR+mavat_name+LIKE+%27%25%D7%93%D7%99%D7%95%D7%A8%25%27%29&outFields=mp_id%2Cpl_id%2Cpl_number%2Cpl_name%2Cnum%2Cmavat_code%2Cmavat_name%2Clegal_area%2Cshape_area%2Cshape_length%2Cstation_desc%2Clast_update_date&returnGeometry=true&outSR=4326&f=geojson,גבוהה,תוקן placeholder: הצמד המקורי זהה אצל 197 פרויקטים; הוזז 2.6 ק״מ למקור המפורט. אומת מול תא מגורים רשמי יחיד 1 בתכנית 101-0794214; הנקודה בתוך התא הרשמי.
%d7%94%d7%a8%d7%99%d7%9e%d7%95%d7%9f,32.054447,34.863493,https://ags.iplan.gov.il/arcgisiplan/rest/services/PlanningPublic/Xplan/MapServer/4/query?where=mp_id%3D5000261807+AND+%28mavat_name+LIKE+%27%25%D7%9E%D7%92%D7%95%D7%A8%D7%99%D7%9D%25%27+OR+mavat_name+LIKE+%27%25%D7%93%D7%99%D7%95%D7%A8%25%27%29&outFields=mp_id%2Cpl_id%2Cpl_number%2Cpl_name%2Cnum%2Cmavat_code%2Cmavat_name%2Clegal_area%2Cshape_area%2Cshape_length%2Cstation_desc%2Clast_update_date&returnGeometry=true&outSR=4326&f=geojson,בינונית,"תוקן placeholder: הצמד המקורי זהה אצל 17 פרויקטים; הוזז 652 מ׳ למקור המפורט. בדיקה אנושית למגרש יחיד: תכנית 508-0134445 כוללת 2 תאי מגורים (101;102); הנקודה נמצאת בתוך איחוד תאי המגורים הרשמיים, אך אין בעמוד הוכחה איזה תא הוא הפרויקט."
%d7%94%d7%aa%d7%90%d7%a0%d7%94,32.053597,34.863219,https://ags.iplan.gov.il/arcgisiplan/rest/services/PlanningPublic/Xplan/MapServer/4/query?where=mp_id%3D5000278523+AND+%28mavat_name+LIKE+%27%25%D7%9E%D7%92%D7%95%D7%A8%D7%99%D7%9D%25%27+OR+mavat_name+LIKE+%27%25%D7%93%D7%99%D7%95%D7%A8%25%27%29&outFields=mp_id%2Cpl_id%2Cpl_number%2Cpl_name%2Cnum%2Cmavat_code%2Cmavat_name%2Clegal_area%2Cshape_area%2Cshape_length%2Cstation_desc%2Clast_update_date&returnGeometry=true&outSR=4326&f=geojson,בינונית,"תוקן placeholder: הצמד המקורי זהה אצל 17 פרויקטים; הוזז 696 מ׳ למקור המפורט. בדיקה אנושית למגרש יחיד: תכנית 508-0158055 כוללת 4 תאי מגורים (101;102;103;104); הנקודה נמצאת בתוך איחוד תאי המגורים הרשמיים, אך אין בעמוד הוכחה איזה תא הוא הפרויקט."
%d7%99%d7%a9%d7%a8%d7%90%d7%9c-%d7%a4%d7%a8%d7%a0%d7%a7%d7%9c,31.934989,34.863944,https://ags.iplan.gov.il/arcgisiplan/rest/services/PlanningPublic/Xplan/MapServer/4/query?where=mp_id%3D4005047252+AND+%28mavat_name+LIKE+%27%25%D7%9E%D7%92%D7%95%D7%A8%D7%99%D7%9D%25%27+OR+mavat_name+LIKE+%27%25%D7%93%D7%99%D7%95%D7%A8%25%27%29&outFields=mp_id%2Cpl_id%2Cpl_number%2Cpl_name%2Cnum%2Cmavat_code%2Cmavat_name%2Clegal_area%2Cshape_area%2Cshape_length%2Cstation_desc%2Clast_update_date&returnGeometry=true&outSR=4326&f=geojson,בינונית,"תוקן placeholder: הצמד המקורי זהה אצל 15 פרויקטים; הוזז 792 מ׳ למקור המפורט. בדיקה אנושית למגרש יחיד: תכנית 415-0820787 כוללת 3 תאי מגורים (100;102;103); הנקודה נמצאת בתוך איחוד תאי המגורים הרשמיים, אך אין בעמוד הוכחה איזה תא הוא הפרויקט."
%d7%90%d7%92%d7%a8%d7%95%d7%9f,31.775742,35.217863,https://ags.iplan.gov.il/arcgisiplan/rest/services/PlanningPublic/Xplan/MapServer/1/query?where=mp_id%3D1000890299&outFields=mp_id%2Cpl_id%2Cpl_number%2Cpl_name%2Cpl_url%2Cstation_desc%2Clast_update_date%2Cpl_area_dunam%2Cshape_area%2Cshape_length&returnGeometry=true&outSR=4326&f=geojson,נמוכה,"תוקן placeholder: הצמד המקורי זהה אצל 197 פרויקטים; הוזז 825 מ׳ למקור המפורט. בדיקה אנושית: אותר גבול רשמי של תכנית 101-0555011, אך לא אותר תא מגורים/מגרש יחיד. הנקודה בתוך גבול התכנית בלבד."
%d7%a2%d7%99%d7%9f-%d7%a6%d7%95%d7%a8%d7%99%d7%9d,31.748910,35.218856,https://ags.iplan.gov.il/arcgisiplan/rest/services/PlanningPublic/Xplan/MapServer/4/query?where=mp_id%3D1001030483+AND+%28mavat_name+LIKE+%27%25%D7%9E%D7%92%D7%95%D7%A8%D7%99%D7%9D%25%27+OR+mavat_name+LIKE+%27%25%D7%93%D7%99%D7%95%D7%A8%25%27%29&outFields=mp_id%2Cpl_id%2Cpl_number%2Cpl_name%2Cnum%2Cmavat_code%2Cmavat_name%2Clegal_area%2Cshape_area%2Cshape_length%2Cstation_desc%2Clast_update_date&returnGeometry=true&outSR=4326&f=geojson,גבוהה,תוקן placeholder: הצמד המקורי זהה אצל 197 פרויקטים; הוזז 3.4 ק״מ למקור המפורט. אומת מול תא מגורים רשמי יחיד 1 בתכנית 101-0791467; הנקודה בתוך התא הרשמי.
%d7%94%d7%9e%d7%97%d7%aa%d7%a8%d7%95%d7%aa,31.745454,35.238962,https://ags.iplan.gov.il/arcgisiplan/rest/services/PlanningPublic/Xplan/MapServer/4/query?where=mp_id%3D1005045634+AND+%28mavat_name+LIKE+%27%25%D7%9E%D7%92%D7%95%D7%A8%D7%99%D7%9D%25%27+OR+mavat_name+LIKE+%27%25%D7%93%D7%99%D7%95%D7%A8%25%27%29&outFields=mp_id%2Cpl_id%2Cpl_number%2Cpl_name%2Cnum%2Cmavat_code%2Cmavat_name%2Clegal_area%2Cshape_area%2Cshape_length%2Cstation_desc%2Clast_update_date&returnGeometry=true&outSR=4326&f=geojson,בינונית,"תוקן placeholder: הצמד המקורי זהה אצל 197 פרויקטים; הוזז 3.9 ק״מ למקור המפורט. בדיקה אנושית למגרש יחיד: תכנית 101-0817742 כוללת 3 תאי מגורים (1;2;3); הנקודה נמצאת בתוך איחוד תאי המגורים הרשמיים, אך אין בעמוד הוכחה איזה תא הוא הפרויקט."
%d7%a7%d7%9c%d7%99%d7%99%d7%a0%d7%9e%d7%9f,31.762691,35.175398,https://ags.iplan.gov.il/arcgisiplan/rest/services/PlanningPublic/Xplan/MapServer/4/query?where=mp_id%3D1001030115+AND+%28mavat_name+LIKE+%27%25%D7%9E%D7%92%D7%95%D7%A8%D7%99%D7%9D%25%27+OR+mavat_name+LIKE+%27%25%D7%93%D7%99%D7%95%D7%A8%25%27%29&outFields=mp_id%2Cpl_id%2Cpl_number%2Cpl_name%2Cnum%2Cmavat_code%2Cmavat_name%2Clegal_area%2Cshape_area%2Cshape_length%2Cstation_desc%2Clast_update_date&returnGeometry=true&outSR=4326&f=geojson,גבוהה,תוקן placeholder: הצמד המקורי זהה אצל 197 פרויקטים; הוזז 5.1 ק״מ למקור המפורט. אומת מול תא מגורים רשמי יחיד 1 בתכנית 101-0790865; הנקודה בתוך התא הרשמי.
%d7%99%d7%a4%d7%95,31.787591,35.208109,https://ags.iplan.gov.il/arcgisiplan/rest/services/PlanningPublic/Xplan/MapServer/4/query?where=mp_id%3D1005033538+AND+%28mavat_name+LIKE+%27%25%D7%9E%D7%92%D7%95%D7%A8%D7%99%D7%9D%25%27+OR+mavat_name+LIKE+%27%25%D7%93%D7%99%D7%95%D7%A8%25%27%29&outFields=mp_id%2Cpl_id%2Cpl_number%2Cpl_name%2Cnum%2Cmavat_code%2Cmavat_name%2Clegal_area%2Cshape_area%2Cshape_length%2Cstation_desc%2Clast_update_date&returnGeometry=true&outSR=4326&f=geojson,גבוהה,תוקן placeholder: הצמד המקורי זהה אצל 197 פרויקטים; הוזז 1.9 ק״מ למקור המפורט. אומת מול תא מגורים רשמי יחיד 1 בתכנית 101-0797167; הנקודה בתוך התא הרשמי.
%d7%94%d7%94%d7%a1%d7%aa%d7%93%d7%a8%d7%95%d7%aa-80,32.016978,34.778209,https://ags.iplan.gov.il/arcgisiplan/rest/services/PlanningPublic/Xplan/MapServer/4/query?where=mp_id%3D5000884593+AND+%28mavat_name+LIKE+%27%25%D7%9E%D7%92%D7%95%D7%A8%D7%99%D7%9D%25%27+OR+mavat_name+LIKE+%27%25%D7%93%D7%99%D7%95%D7%A8%25%27%29&outFields=mp_id%2Cpl_id%2Cpl_number%2Cpl_name%2Cnum%2Cmavat_code%2Cmavat_name%2Clegal_area%2Cshape_area%2Cshape_length%2Cstation_desc%2Clast_update_date&returnGeometry=true&outSR=4326&f=geojson,גבוהה,תוקן placeholder: הצמד המקורי זהה אצל 25 פרויקטים; הוזז 332 מ׳ למקור המפורט. אומת מול תא מגורים רשמי יחיד 101 בתכנית 505-0544395; הנקודה בתוך התא הרשמי.
%d7%a7%d7%a8%d7%9f-%d7%94%d7%99%d7%a1%d7%95%d7%93-%d7%94%d7%a8%d7%a6%d7%9c,31.859803,34.823726,https://ags.iplan.gov.il/arcgisiplan/rest/services/PlanningPublic/Xplan/MapServer/4/query?where=mp_id%3D4001026833+AND+%28mavat_name+LIKE+%27%25%D7%9E%D7%92%D7%95%D7%A8%D7%99%D7%9D%25%27+OR+mavat_name+LIKE+%27%25%D7%93%D7%99%D7%95%D7%A8%25%27%29&outFields=mp_id%2Cpl_id%2Cpl_number%2Cpl_name%2Cnum%2Cmavat_code%2Cmavat_name%2Clegal_area%2Cshape_area%2Cshape_length%2Cstation_desc%2Clast_update_date&returnGeometry=true&outSR=4326&f=geojson,בינונית,"תוקן placeholder: הצמד המקורי זהה אצל 4 פרויקטים; הוזז 115 מ׳ למקור המפורט. בדיקה אנושית למגרש יחיד: תכנית 453-0785717 כוללת 3 תאי מגורים (201;202;411); הנקודה נמצאת בתוך איחוד תאי המגורים הרשמיים, אך אין בעמוד הוכחה איזה תא הוא הפרויקט."
%d7%99%d7%95%d7%a1%d7%a4%d7%91%d7%a8%d7%92,32.072022,34.888765,https://ags.iplan.gov.il/arcgisiplan/rest/services/PlanningPublic/Xplan/MapServer/4/query?where=mp_id%3D4001006625+AND+%28mavat_name+LIKE+%27%25%D7%9E%D7%92%D7%95%D7%A8%D7%99%D7%9D%25%27+OR+mavat_name+LIKE+%27%25%D7%93%D7%99%D7%95%D7%A8%25%27%29&outFields=mp_id%2Cpl_id%2Cpl_number%2Cpl_name%2Cnum%2Cmavat_code%2Cmavat_name%2Clegal_area%2Cshape_area%2Cshape_length%2Cstation_desc%2Clast_update_date&returnGeometry=true&outSR=4326&f=geojson,גבוהה,תוקן placeholder: הצמד המקורי זהה אצל 37 פרויקטים; הוזז 1.8 ק״מ למקור המפורט. אומת מול תא מגורים רשמי יחיד 101 בתכנית 410-0755355; הנקודה בתוך התא הרשמי.
%d7%aa%d7%99%d7%a8%d7%95%d7%a9,32.695407,35.320076,https://ags.iplan.gov.il/arcgisiplan/rest/services/PlanningPublic/Xplan/MapServer/4/query?where=mp_id%3D2005121066+AND+%28mavat_name+LIKE+%27%25%D7%9E%D7%92%D7%95%D7%A8%D7%99%D7%9D%25%27+OR+mavat_name+LIKE+%27%25%D7%93%D7%99%D7%95%D7%A8%25%27%29&outFields=mp_id%2Cpl_id%2Cpl_number%2Cpl_name%2Cnum%2Cmavat_code%2Cmavat_name%2Clegal_area%2Cshape_area%2Cshape_length%2Cstation_desc%2Clast_update_date&returnGeometry=true&outSR=4326&f=geojson,בינונית,"תוקן placeholder: הצמד המקורי זהה אצל 2 פרויקטים; הוזז 784 מ׳ למקור המפורט. בדיקה אנושית למגרש יחיד: תכנית 212-0944231 כוללת 4 תאי מגורים (1;2;3;5); הנקודה נמצאת בתוך איחוד תאי המגורים הרשמיים, אך אין בעמוד הוכחה איזה תא הוא הפרויקט."
%d7%aa%d7%a7%d7%95%d7%a2,32.048070,34.809112,https://ags.iplan.gov.il/arcgisiplan/rest/services/PlanningPublic/Xplan/MapServer/4/query?where=mp_id%3D5000986273+AND+%28mavat_name+LIKE+%27%25%D7%9E%D7%92%D7%95%D7%A8%D7%99%D7%9D%25%27+OR+mavat_name+LIKE+%27%25%D7%93%D7%99%D7%95%D7%A8%25%27%29&outFields=mp_id%2Cpl_id%2Cpl_number%2Cpl_name%2Cnum%2Cmavat_code%2Cmavat_name%2Clegal_area%2Cshape_area%2Cshape_length%2Cstation_desc%2Clast_update_date&returnGeometry=true&outSR=4326&f=geojson,גבוהה,תוקן placeholder: הצמד המקורי זהה אצל 57 פרויקטים; הוזז 4.9 ק״מ למקור המפורט. אומת מול תא מגורים רשמי יחיד 100 בתכנית 507-0722066; הנקודה בתוך התא הרשמי.
%d7%99%d7%a4%d7%aa,32.034622,34.747441,https://ags.iplan.gov.il/arcgisiplan/rest/services/PlanningPublic/Xplan/MapServer/4/query?where=mp_id%3D5005036510+AND+%28mavat_name+LIKE+%27%25%D7%9E%D7%92%D7%95%D7%A8%D7%99%D7%9D%25%27+OR+mavat_name+LIKE+%27%25%D7%93%D7%99%D7%95%D7%A8%25%27%29&outFields=mp_id%2Cpl_id%2Cpl_number%2Cpl_name%2Cnum%2Cmavat_code%2Cmavat_name%2Clegal_area%2Cshape_area%2Cshape_length%2Cstation_desc%2Clast_update_date&returnGeometry=true&outSR=4326&f=geojson,בינונית,"תוקן placeholder: הצמד המקורי זהה אצל 57 פרויקטים; הוזז 6.5 ק״מ למקור המפורט. בדיקה אנושית למגרש יחיד: תכנית 507-0802983 כוללת 3 תאי מגורים (100A;101A;102A); הנקודה נמצאת בתוך איחוד תאי המגורים הרשמיים, אך אין בעמוד הוכחה איזה תא הוא הפרויקט."
%d7%99%d7%93-%d7%9c%d7%91%d7%a0%d7%99%d7%9d,32.085274,34.874166,https://ags.iplan.gov.il/arcgisiplan/rest/services/PlanningPublic/Xplan/MapServer/4/query?where=mp_id%3D4005146792+AND+%28mavat_name+LIKE+%27%25%D7%9E%D7%92%D7%95%D7%A8%D7%99%D7%9D%25%27+OR+mavat_name+LIKE+%27%25%D7%93%D7%99%D7%95%D7%A8%25%27%29&outFields=mp_id%2Cpl_id%2Cpl_number%2Cpl_name%2Cnum%2Cmavat_code%2Cmavat_name%2Clegal_area%2Cshape_area%2Cshape_length%2Cstation_desc%2Clast_update_date&returnGeometry=true&outSR=4326&f=geojson,בינונית,"תוקן placeholder: הצמד המקורי זהה אצל 37 פרויקטים; הוזז 1.1 ק״מ למקור המפורט. בדיקה אנושית למגרש יחיד: תכנית 410-0986984 כוללת 6 תאי מגורים (140;1000;1001;1002;1003;1004); הנקודה נמצאת בתוך איחוד תאי המגורים הרשמיים, אך אין בעמוד הוכחה איזה תא הוא הפרויקט."
%d7%9b%d7%99%d7%9b%d7%a8-%d7%94%d7%aa%d7%a8%d7%91%d7%95%d7%aa,32.094716,34.888321,https://ags.iplan.gov.il/arcgisiplan/rest/services/PlanningPublic/Xplan/MapServer/4/query?where=mp_id%3D4000991301+AND+%28mavat_name+LIKE+%27%25%D7%9E%D7%92%D7%95%D7%A8%D7%99%D7%9D%25%27+OR+mavat_name+LIKE+%27%25%D7%93%D7%99%D7%95%D7%A8%25%27%29&outFields=mp_id%2Cpl_id%2Cpl_number%2Cpl_name%2Cnum%2Cmavat_code%2Cmavat_name%2Clegal_area%2Cshape_area%2Cshape_length%2Cstation_desc%2Clast_update_date&returnGeometry=true&outSR=4326&f=geojson,גבוהה,תוקן placeholder: הצמד המקורי זהה אצל 37 פרויקטים; הוזז 803 מ׳ למקור המפורט. אומת מול תא מגורים רשמי יחיד 100 בתכנית 410-0729491; הנקודה בתוך התא הרשמי.
%d7%a9%d7%9c%d7%95,32.088507,34.816763,https://ags.iplan.gov.il/arcgisiplan/rest/services/PlanningPublic/Xplan/MapServer/4/query?where=mp_id%3D5005343562+AND+%28mavat_name+LIKE+%27%25%D7%9E%D7%92%D7%95%D7%A8%D7%99%D7%9D%25%27+OR+mavat_name+LIKE+%27%25%D7%93%D7%99%D7%95%D7%A8%25%27%29&outFields=mp_id%2Cpl_id%2Cpl_number%2Cpl_name%2Cnum%2Cmavat_code%2Cmavat_name%2Clegal_area%2Cshape_area%2Cshape_length%2Cstation_desc%2Clast_update_date&returnGeometry=true&outSR=4326&f=geojson,גבוהה,תוקן placeholder: הצמד המקורי זהה אצל 76 פרויקטים; הוזז 2.3 ק״מ למקור המפורט. אומת מול תא מגורים רשמי יחיד 101 בתכנית 506-1278092; הנקודה בתוך התא הרשמי.
%d7%91%d7%a8%d7%96%d7%99%d7%9c-4-12,31.767575,35.171904,https://ags.iplan.gov.il/arcgisiplan/rest/services/PlanningPublic/Xplan/MapServer/4/query?where=mp_id%3D1000959627+AND+%28mavat_name+LIKE+%27%25%D7%9E%D7%92%D7%95%D7%A8%D7%99%D7%9D%25%27+OR+mavat_name+LIKE+%27%25%D7%93%D7%99%D7%95%D7%A8%25%27%29&outFields=mp_id%2Cpl_id%2Cpl_number%2Cpl_name%2Cnum%2Cmavat_code%2Cmavat_name%2Clegal_area%2Cshape_area%2Cshape_length%2Cstation_desc%2Clast_update_date&returnGeometry=true&outSR=4326&f=geojson,בינונית,"תוקן placeholder: הצמד המקורי זהה אצל 197 פרויקטים; הוזז 5.2 ק״מ למקור המפורט. בדיקה אנושית למגרש יחיד: תכנית 101-0678920 כוללת 2 תאי מגורים (1;2); הנקודה נמצאת בתוך איחוד תאי המגורים הרשמיים, אך אין בעמוד הוכחה איזה תא הוא הפרויקט."
%d7%90%d7%92%d7%a8%d7%99%d7%a4%d7%a1-92,31.785813,35.209165,https://ags.iplan.gov.il/arcgisiplan/rest/services/PlanningPublic/Xplan/MapServer/4/query?where=mp_id%3D1001017103+AND+%28mavat_name+LIKE+%27%25%D7%9E%D7%92%D7%95%D7%A8%D7%99%D7%9D%25%27+OR+mavat_name+LIKE+%27%25%D7%93%D7%99%D7%95%D7%A8%25%27%29&outFields=mp_id%2Cpl_id%2Cpl_number%2Cpl_name%2Cnum%2Cmavat_code%2Cmavat_name%2Clegal_area%2Cshape_area%2Cshape_length%2Cstation_desc%2Clast_update_date&returnGeometry=true&outSR=4326&f=geojson,גבוהה,תוקן placeholder: הצמד המקורי זהה אצל 197 פרויקטים; הוזז 1.8 ק״מ למקור המפורט. אומת מול תא מגורים רשמי יחיד 1 בתכנית 101-0770743; הנקודה בתוך התא הרשמי.
%d7%93%d7%94%d7%95%d7%9e%d7%99%d7%99-8,31.756576,35.165041,https://ags.iplan.gov.il/arcgisiplan/rest/services/PlanningPublic/Xplan/MapServer/4/query?where=mp_id%3D1000971947+AND+%28mavat_name+LIKE+%27%25%D7%9E%D7%92%D7%95%D7%A8%D7%99%D7%9D%25%27+OR+mavat_name+LIKE+%27%25%D7%93%D7%99%D7%95%D7%A8%25%27%29&outFields=mp_id%2Cpl_id%2Cpl_number%2Cpl_name%2Cnum%2Cmavat_code%2Cmavat_name%2Clegal_area%2Cshape_area%2Cshape_length%2Cstation_desc%2Clast_update_date&returnGeometry=true&outSR=4326&f=geojson,גבוהה,תוקן placeholder: הצמד המקורי זהה אצל 197 פרויקטים; הוזז 6.3 ק״מ למקור המפורט. אומת מול תא מגורים רשמי יחיד 1 בתכנית 101-0699587; הנקודה בתוך התא הרשמי.
%d7%94%d7%90%d7%95%d7%a8%d7%9f,32.060386,34.862795,https://ags.iplan.gov.il/arcgisiplan/rest/services/PlanningPublic/Xplan/MapServer/4/query?where=mp_id%3D5000389371+AND+%28mavat_name+LIKE+%27%25%D7%9E%D7%92%D7%95%D7%A8%D7%99%D7%9D%25%27+OR+mavat_name+LIKE+%27%25%D7%93%D7%99%D7%95%D7%A8%25%27%29&outFields=mp_id%2Cpl_id%2Cpl_number%2Cpl_name%2Cnum%2Cmavat_code%2Cmavat_name%2Clegal_area%2Cshape_area%2Cshape_length%2Cstation_desc%2Clast_update_date&returnGeometry=true&outSR=4326&f=geojson,בינונית,"תוקן placeholder: הצמד המקורי זהה אצל 17 פרויקטים; הוזז 510 מ׳ למקור המפורט. בדיקה אנושית למגרש יחיד: תכנית 508-0377531 כוללת 5 תאי מגורים (1;2;3;11;12); הנקודה נמצאת בתוך איחוד תאי המגורים הרשמיים, אך אין בעמוד הוכחה איזה תא הוא הפרויקט."
%d7%99%d7%95%d7%a1%d7%a4%d7%98%d7%9c,31.935270,34.859352,https://ags.iplan.gov.il/arcgisiplan/rest/services/PlanningPublic/Xplan/MapServer/4/query?where=mp_id%3D4005057742+AND+%28mavat_name+LIKE+%27%25%D7%9E%D7%92%D7%95%D7%A8%D7%99%D7%9D%25%27+OR+mavat_name+LIKE+%27%25%D7%93%D7%99%D7%95%D7%A8%25%27%29&outFields=mp_id%2Cpl_id%2Cpl_number%2Cpl_name%2Cnum%2Cmavat_code%2Cmavat_name%2Clegal_area%2Cshape_area%2Cshape_length%2Cstation_desc%2Clast_update_date&returnGeometry=true&outSR=4326&f=geojson,בינונית,"תוקן placeholder: הצמד המקורי זהה אצל 15 פרויקטים; הוזז 856 מ׳ למקור המפורט. בדיקה אנושית למגרש יחיד: תכנית 415-0838573 כוללת 34 תאי מגורים (1101;1102;1103;1201;1202;1203;1204;1205;1301;1302;1303;1304;1305;1306;1307;1308;1309;1401;1402;1403;1404;1405;1406;1407;1501;1502;1503;1601;1602;1603;1801;1802;1803;8601); הנקודה נמצאת בתוך איחוד תאי המגורים הרשמיים, אך אין בעמוד הוכחה איזה תא הוא הפרויקט."
%d7%a1%d7%95%d7%a7%d7%95%d7%9c%d7%95%d7%91-1012,32.091702,34.820429,https://ags.iplan.gov.il/arcgisiplan/rest/services/PlanningPublic/Xplan/MapServer/4/query?where=mp_id%3D5005056712+AND+%28mavat_name+LIKE+%27%25%D7%9E%D7%92%D7%95%D7%A8%D7%99%D7%9D%25%27+OR+mavat_name+LIKE+%27%25%D7%93%D7%99%D7%95%D7%A8%25%27%29&outFields=mp_id%2Cpl_id%2Cpl_number%2Cpl_name%2Cnum%2Cmavat_code%2Cmavat_name%2Clegal_area%2Cshape_area%2Cshape_length%2Cstation_desc%2Clast_update_date&returnGeometry=true&outSR=4326&f=geojson,גבוהה,תוקן placeholder: הצמד המקורי זהה אצל 76 פרויקטים; הוזז 2.6 ק״מ למקור המפורט. אומת מול תא מגורים רשמי יחיד 101 בתכנית 506-0836981; הנקודה בתוך התא הרשמי.
%d7%a7%d7%94%d7%99%d7%9c%d7%aa-%d7%a7%d7%a0%d7%93%d7%94-%d7%a9%d7%93%d7%a8%d7%95%d7%aa-%d7%99%d7%a8%d7%95%d7%a9%d7%9c%d7%99%d7%9d,32.033066,34.752346,https://ags.iplan.gov.il/arcgisiplan/rest/services/PlanningPublic/Xplan/MapServer/4/query?where=mp_id%3D5000384401+AND+%28mavat_name+LIKE+%27%25%D7%9E%D7%92%D7%95%D7%A8%D7%99%D7%9D%25%27+OR+mavat_name+LIKE+%27%25%D7%93%D7%99%D7%95%D7%A8%25%27%29&outFields=mp_id%2Cpl_id%2Cpl_number%2Cpl_name%2Cnum%2Cmavat_code%2Cmavat_name%2Clegal_area%2Cshape_area%2Cshape_length%2Cstation_desc%2Clast_update_date&returnGeometry=true&outSR=4326&f=geojson,בינונית,"תוקן placeholder: הצמד המקורי זהה אצל 57 פרויקטים; הוזז 6.4 ק״מ למקור המפורט. בדיקה אנושית למגרש יחיד: תכנית 507-0368191 כוללת 3 תאי מגורים (500A;500B;500C); הנקודה נמצאת בתוך איחוד תאי המגורים הרשמיים, אך אין בעמוד הוכחה איזה תא הוא הפרויקט."
%d7%93%d7%a8%d7%9a-%d7%94%d7%a9%d7%9c%d7%95%d7%9d-8789,32.063559,34.804078,https://ags.iplan.gov.il/arcgisiplan/rest/services/PlanningPublic/Xplan/MapServer/4/query?where=mp_id%3D5000402833+AND+%28mavat_name+LIKE+%27%25%D7%9E%D7%92%D7%95%D7%A8%D7%99%D7%9D%25%27+OR+mavat_name+LIKE+%27%25%D7%93%D7%99%D7%95%D7%A8%25%27%29&outFields=mp_id%2Cpl_id%2Cpl_number%2Cpl_name%2Cnum%2Cmavat_code%2Cmavat_name%2Clegal_area%2Cshape_area%2Cshape_length%2Cstation_desc%2Clast_update_date&returnGeometry=true&outSR=4326&f=geojson,גבוהה,תוקן placeholder: הצמד המקורי זהה אצל 57 פרויקטים; הוזז 3.2 ק״מ למקור המפורט. אומת מול תא מגורים רשמי יחיד 101 בתכנית 507-0403873; הנקודה בתוך התא הרשמי.
%d7%91%d7%a8%d7%96%d7%99%d7%9c,32.110732,34.794462,https://ags.iplan.gov.il/arcgisiplan/rest/services/PlanningPublic/Xplan/MapServer/4/query?where=mp_id%3D5001021223+AND+%28mavat_name+LIKE+%27%25%D7%9E%D7%92%D7%95%D7%A8%D7%99%D7%9D%25%27+OR+mavat_name+LIKE+%27%25%D7%93%D7%99%D7%95%D7%A8%25%27%29&outFields=mp_id%2Cpl_id%2Cpl_number%2Cpl_name%2Cnum%2Cmavat_code%2Cmavat_name%2Clegal_area%2Cshape_area%2Cshape_length%2Cstation_desc%2Clast_update_date&returnGeometry=true&outSR=4326&f=geojson,בינונית,"תוקן placeholder: הצמד המקורי זהה אצל 57 פרויקטים; הוזז 3.1 ק״מ למקור המפורט. בדיקה אנושית למגרש יחיד: תכנית 507-0776815 כוללת 2 תאי מגורים (101;102); הנקודה נמצאת בתוך איחוד תאי המגורים הרשמיים, אך אין בעמוד הוכחה איזה תא הוא הפרויקט."
%d7%92%d7%90%d7%a4%d7%a0%d7%95%d7%91,31.796781,34.644257,https://ags.iplan.gov.il/arcgisiplan/rest/services/PlanningPublic/Xplan/MapServer/4/query?where=mp_id%3D6005331994+AND+%28mavat_name+LIKE+%27%25%D7%9E%D7%92%D7%95%D7%A8%D7%99%D7%9D%25%27+OR+mavat_name+LIKE+%27%25%D7%93%D7%99%D7%95%D7%A8%25%27%29&outFields=mp_id%2Cpl_id%2Cpl_number%2Cpl_name%2Cnum%2Cmavat_code%2Cmavat_name%2Clegal_area%2Cshape_area%2Cshape_length%2Cstation_desc%2Clast_update_date&returnGeometry=true&outSR=4326&f=geojson,בינונית,"תוקן placeholder: הצמד המקורי זהה אצל 17 פרויקטים; הוזז 832 מ׳ למקור המפורט. בדיקה אנושית למגרש יחיד: תכנית 603-1259092 כוללת 5 תאי מגורים (1;2;3;4;5); הנקודה נמצאת בתוך איחוד תאי המגורים הרשמיים, אך אין בעמוד הוכחה איזה תא הוא הפרויקט."
%d7%a4%d7%99%d7%99%d7%96%d7%a8,32.794954,35.008584,https://ags.iplan.gov.il/arcgisiplan/rest/services/PlanningPublic/Xplan/MapServer/4/query?where=mp_id%3D3005055436+AND+%28mavat_name+LIKE+%27%25%D7%9E%D7%92%D7%95%D7%A8%D7%99%D7%9D%25%27+OR+mavat_name+LIKE+%27%25%D7%93%D7%99%D7%95%D7%A8%25%27%29&outFields=mp_id%2Cpl_id%2Cpl_number%2Cpl_name%2Cnum%2Cmavat_code%2Cmavat_name%2Clegal_area%2Cshape_area%2Cshape_length%2Cstation_desc%2Clast_update_date&returnGeometry=true&outSR=4326&f=geojson,גבוהה,תוקן placeholder: הצמד המקורי זהה אצל 43 פרויקטים; הוזז 2.9 ק״מ למקור המפורט. אומת מול תא מגורים רשמי יחיד 201 בתכנית 304-0834648; הנקודה בתוך התא הרשמי.
%d7%94%d7%9c%d7%9c-%d7%99%d7%a4%d7%94-%d7%92%d7%91%d7%95%d7%98%d7%99%d7%a0%d7%a1%d7%a7%d7%99,32.434302,34.916677,https://ags.iplan.gov.il/arcgisiplan/rest/services/PlanningPublic/Xplan/MapServer/1/query?where=mp_id%3D3005263032&outFields=mp_id%2Cpl_id%2Cpl_number%2Cpl_name%2Cpl_url%2Cstation_desc%2Clast_update_date%2Cpl_area_dunam%2Cshape_area%2Cshape_length&returnGeometry=true&outSR=4326&f=geojson,נמוכה,"תוקן placeholder: הצמד המקורי זהה אצל 21 פרויקטים; הוזז 2.3 ק״מ למקור המפורט. בדיקה אנושית: אותר גבול רשמי של תכנית 302-1150747, אך לא אותר תא מגורים/מגרש יחיד. הנקודה בתוך גבול התכנית בלבד."
%d7%9e%d7%aa%d7%97%d7%9d-12-%d7%a7%d7%98%d7%9e%d7%95%d7%a0%d7%99%d7%9d,31.754576,35.198841,https://ags.iplan.gov.il/arcgisiplan/rest/services/PlanningPublic/Xplan/MapServer/4/query?where=mp_id%3D1000952339+AND+%28mavat_name+LIKE+%27%25%D7%9E%D7%92%D7%95%D7%A8%D7%99%D7%9D%25%27+OR+mavat_name+LIKE+%27%25%D7%93%D7%99%D7%95%D7%A8%25%27%29&outFields=mp_id%2Cpl_id%2Cpl_number%2Cpl_name%2Cnum%2Cmavat_code%2Cmavat_name%2Clegal_area%2Cshape_area%2Cshape_length%2Cstation_desc%2Clast_update_date&returnGeometry=true&outSR=4326&f=geojson,גבוהה,תוקן placeholder: הצמד המקורי זהה אצל 197 פרויקטים; הוזז 3.7 ק״מ למקור המפורט. אומת מול תא מגורים רשמי יחיד 1 בתכנית 101-0666032; הנקודה בתוך התא הרשמי.
%d7%a4%d7%a0%d7%9e%d7%94-26,31.756860,35.161702,https://ags.iplan.gov.il/arcgisiplan/rest/services/PlanningPublic/Xplan/MapServer/4/query?where=mp_id%3D1000903747+AND+%28mavat_name+LIKE+%27%25%D7%9E%D7%92%D7%95%D7%A8%D7%99%D7%9D%25%27+OR+mavat_name+LIKE+%27%25%D7%93%D7%99%D7%95%D7%A8%25%27%29&outFields=mp_id%2Cpl_id%2Cpl_number%2Cpl_name%2Cnum%2Cmavat_code%2Cmavat_name%2Clegal_area%2Cshape_area%2Cshape_length%2Cstation_desc%2Clast_update_date&returnGeometry=true&outSR=4326&f=geojson,גבוהה,תוקן placeholder: הצמד המקורי זהה אצל 197 פרויקטים; הוזז 6.5 ק״מ למקור המפורט. אומת מול תא מגורים רשמי יחיד 1 בתכנית 101-0581850; הנקודה בתוך התא הרשמי.
%d7%94%d7%91%d7%a8%d7%99%d7%92%d7%93%d7%94-%d7%94%d7%99%d7%94%d7%95%d7%93%d7%99%d7%aa,32.176058,34.847491,https://ags.iplan.gov.il/arcgisiplan/rest/services/PlanningPublic/Xplan/MapServer/4/query?where=mp_id%3D5000383213+AND+%28mavat_name+LIKE+%27%25%D7%9E%D7%92%D7%95%D7%A8%D7%99%D7%9D%25%27+OR+mavat_name+LIKE+%27%25%D7%93%D7%99%D7%95%D7%A8%25%27%29&outFields=mp_id%2Cpl_id%2Cpl_number%2Cpl_name%2Cnum%2Cmavat_code%2Cmavat_name%2Clegal_area%2Cshape_area%2Cshape_length%2Cstation_desc%2Clast_update_date&returnGeometry=true&outSR=4326&f=geojson,בינונית,"תוקן placeholder: הצמד המקורי זהה אצל 25 פרויקטים; הוזז 1.2 ק״מ למקור המפורט. בדיקה אנושית למגרש יחיד: תכנית 504-0365924 כוללת 11 תאי מגורים (1;2;3;4;10;11;12;13;14;15;20); הנקודה נמצאת בתוך איחוד תאי המגורים הרשמיים, אך אין בעמוד הוכחה איזה תא הוא הפרויקט."
%d7%9e%d7%a2%d7%95%d7%96-%d7%90%d7%91%d7%99%d7%91-%d7%a6%d7%a4%d7%95%d7%9f-%d7%9e%d7%a8%d7%9b%d7%96,32.113117,34.816066,https://ags.iplan.gov.il/arcgisiplan/rest/services/PlanningPublic/Xplan/MapServer/4/query?where=mp_id%3D5000884521+AND+%28mavat_name+LIKE+%27%25%D7%9E%D7%92%D7%95%D7%A8%D7%99%D7%9D%25%27+OR+mavat_name+LIKE+%27%25%D7%93%D7%99%D7%95%D7%A8%25%27%29&outFields=mp_id%2Cpl_id%2Cpl_number%2Cpl_name%2Cnum%2Cmavat_code%2Cmavat_name%2Clegal_area%2Cshape_area%2Cshape_length%2Cstation_desc%2Clast_update_date&returnGeometry=true&outSR=4326&f=geojson,גבוהה,תוקן placeholder: הצמד המקורי זהה אצל 57 פרויקטים; הוזז 4.5 ק״מ למקור המפורט. אומת מול תא מגורים רשמי יחיד 1 בתכנית 507-0544247; הנקודה בתוך התא הרשמי.
%d7%98%d7%94%d7%95%d7%9f-4,31.761638,35.175405,https://ags.iplan.gov.il/arcgisiplan/rest/services/PlanningPublic/Xplan/MapServer/4/query?where=mp_id%3D1000324203+AND+%28mavat_name+LIKE+%27%25%D7%9E%D7%92%D7%95%D7%A8%D7%99%D7%9D%25%27+OR+mavat_name+LIKE+%27%25%D7%93%D7%99%D7%95%D7%A8%25%27%29&outFields=mp_id%2Cpl_id%2Cpl_number%2Cpl_name%2Cnum%2Cmavat_code%2Cmavat_name%2Clegal_area%2Cshape_area%2Cshape_length%2Cstation_desc%2Clast_update_date&returnGeometry=true&outSR=4326&f=geojson,גבוהה,תוקן placeholder: הצמד המקורי זהה אצל 197 פרויקטים; הוזז 5.1 ק״מ למקור המפורט. אומת מול תא מגורים רשמי יחיד 100 בתכנית 101-0244947; הנקודה בתוך התא הרשמי.
%d7%98%d7%94%d7%95%d7%9f-3,31.761795,35.173316,https://ags.iplan.gov.il/arcgisiplan/rest/services/PlanningPublic/Xplan/MapServer/4/query?where=mp_id%3D1000301643+AND+%28mavat_name+LIKE+%27%25%D7%9E%D7%92%D7%95%D7%A8%D7%99%D7%9D%25%27+OR+mavat_name+LIKE+%27%25%D7%93%D7%99%D7%95%D7%A8%25%27%29&outFields=mp_id%2Cpl_id%2Cpl_number%2Cpl_name%2Cnum%2Cmavat_code%2Cmavat_name%2Clegal_area%2Cshape_area%2Cshape_length%2Cstation_desc%2Clast_update_date&returnGeometry=true&outSR=4326&f=geojson,גבוהה,תוקן placeholder: הצמד המקורי זהה אצל 197 פרויקטים; הוזז 5.3 ק״מ למקור המפורט. אומת מול תא מגורים רשמי יחיד 100 בתכנית 101-0201467; הנקודה בתוך התא הרשמי.
%d7%98%d7%94%d7%95%d7%9f-5,31.762200,35.175851,https://ags.iplan.gov.il/arcgisiplan/rest/services/PlanningPublic/Xplan/MapServer/4/query?where=mp_id%3D1000364969+AND+%28mavat_name+LIKE+%27%25%D7%9E%D7%92%D7%95%D7%A8%D7%99%D7%9D%25%27+OR+mavat_name+LIKE+%27%25%D7%93%D7%99%D7%95%D7%A8%25%27%29&outFields=mp_id%2Cpl_id%2Cpl_number%2Cpl_name%2Cnum%2Cmavat_code%2Cmavat_name%2Clegal_area%2Cshape_area%2Cshape_length%2Cstation_desc%2Clast_update_date&returnGeometry=true&outSR=4326&f=geojson,גבוהה,תוקן placeholder: הצמד המקורי זהה אצל 197 פרויקטים; הוזז 5.1 ק״מ למקור המפורט. אומת מול תא מגורים רשמי יחיד 100 בתכנית 101-0329516; הנקודה בתוך התא הרשמי.
%d7%94%d7%a9%d7%9b%d7%95%d7%a0%d7%95%d7%aa-%d7%94%d7%93%d7%a8%d7%95%d7%9e%d7%99%d7%95%d7%aa,32.024510,34.857075,https://ags.iplan.gov.il/arcgisiplan/rest/services/PlanningPublic/Xplan/MapServer/4/query?where=mp_id%3D99005043958+AND+%28mavat_name+LIKE+%27%25%D7%9E%D7%92%D7%95%D7%A8%D7%99%D7%9D%25%27+OR+mavat_name+LIKE+%27%25%D7%93%D7%99%D7%95%D7%A8%25%27%29&outFields=mp_id%2Cpl_id%2Cpl_number%2Cpl_name%2Cnum%2Cmavat_code%2Cmavat_name%2Clegal_area%2Cshape_area%2Cshape_length%2Cstation_desc%2Clast_update_date&returnGeometry=true&outSR=4326&f=geojson,בינונית,"תוקן placeholder: הצמד המקורי זהה אצל 9 פרויקטים; הוזז 623 מ׳ למקור המפורט. בדיקה אנושית למגרש יחיד: תכנית תמל/ 2030 כוללת 49 תאי מגורים (101;102;103;104;105;106;107;108;109;110;111;112;113;114;115;116;117;118;119;120;121;122;125;126;127;128;130;131;132;133;134;135;136;137;138;139;140;141;142;143;144;145;146;147;1…); הנקודה נמצאת בתוך איחוד תאי המגורים הרשמיים, אך אין בעמוד הוכחה איזה תא הוא הפרויקט."
%d7%94%d7%98%d7%99%d7%99%d7%a1%d7%99%d7%9d,31.933996,34.795468,https://ags.iplan.gov.il/arcgisiplan/rest/services/PlanningPublic/Xplan/MapServer/4/query?where=mp_id%3D4005140414+AND+%28mavat_name+LIKE+%27%25%D7%9E%D7%92%D7%95%D7%A8%D7%99%D7%9D%25%27+OR+mavat_name+LIKE+%27%25%D7%93%D7%99%D7%95%D7%A8%25%27%29&outFields=mp_id%2Cpl_id%2Cpl_number%2Cpl_name%2Cnum%2Cmavat_code%2Cmavat_name%2Clegal_area%2Cshape_area%2Cshape_length%2Cstation_desc%2Clast_update_date&returnGeometry=true&outSR=4326&f=geojson,בינונית,"תוקן placeholder: הצמד המקורי זהה אצל 9 פרויקטים; הוזז 599 מ׳ למקור המפורט. בדיקה אנושית למגרש יחיד: תכנית 407-0977595 כוללת 2 תאי מגורים (1;2); הנקודה נמצאת בתוך איחוד תאי המגורים הרשמיים, אך אין בעמוד הוכחה איזה תא הוא הפרויקט."
%d7%94%d7%a2%d7%a6%d7%9e%d7%90%d7%95%d7%aa-2,31.932831,34.800539,https://ags.iplan.gov.il/arcgisiplan/rest/services/PlanningPublic/Xplan/MapServer/4/query?where=mp_id%3D4005065094+AND+%28mavat_name+LIKE+%27%25%D7%9E%D7%92%D7%95%D7%A8%D7%99%D7%9D%25%27+OR+mavat_name+LIKE+%27%25%D7%93%D7%99%D7%95%D7%A8%25%27%29&outFields=mp_id%2Cpl_id%2Cpl_number%2Cpl_name%2Cnum%2Cmavat_code%2Cmavat_name%2Clegal_area%2Cshape_area%2Cshape_length%2Cstation_desc%2Clast_update_date&returnGeometry=true&outSR=4326&f=geojson,בינונית,"תוקן placeholder: הצמד המקורי זהה אצל 9 פרויקטים; הוזז 390 מ׳ למקור המפורט. בדיקה אנושית למגרש יחיד: תכנית 407-0850719 כוללת 2 תאי מגורים (1;2); הנקודה נמצאת בתוך איחוד תאי המגורים הרשמיים, אך אין בעמוד הוכחה איזה תא הוא הפרויקט."
%d7%94%d7%97%d7%95%d7%aa%d7%a8%d7%99%d7%9d,32.821421,34.982531,https://ags.iplan.gov.il/arcgisiplan/rest/services/PlanningPublic/Xplan/MapServer/4/query?where=mp_id%3D3005328716+AND+%28mavat_name+LIKE+%27%25%D7%9E%D7%92%D7%95%D7%A8%D7%99%D7%9D%25%27+OR+mavat_name+LIKE+%27%25%D7%93%D7%99%D7%95%D7%A8%25%27%29&outFields=mp_id%2Cpl_id%2Cpl_number%2Cpl_name%2Cnum%2Cmavat_code%2Cmavat_name%2Clegal_area%2Cshape_area%2Cshape_length%2Cstation_desc%2Clast_update_date&returnGeometry=true&outSR=4326&f=geojson,בינונית,"תוקן placeholder: הצמד המקורי זהה אצל 43 פרויקטים; הוזז 1.5 ק״מ למקור המפורט. בדיקה אנושית למגרש יחיד: תכנית 304-1253764 כוללת 5 תאי מגורים (2001;2003;3001;3002;3003); הנקודה נמצאת בתוך איחוד תאי המגורים הרשמיים, אך אין בעמוד הוכחה איזה תא הוא הפרויקט."
%d7%90%d7%a8%d7%92%d7%95%d7%91,32.076833,34.890306,https://ags.iplan.gov.il/arcgisiplan/rest/services/PlanningPublic/Xplan/MapServer/4/query?where=mp_id%3D99005094696+AND+%28mavat_name+LIKE+%27%25%D7%9E%D7%92%D7%95%D7%A8%D7%99%D7%9D%25%27+OR+mavat_name+LIKE+%27%25%D7%93%D7%99%D7%95%D7%A8%25%27%29&outFields=mp_id%2Cpl_id%2Cpl_number%2Cpl_name%2Cnum%2Cmavat_code%2Cmavat_name%2Clegal_area%2Cshape_area%2Cshape_length%2Cstation_desc%2Clast_update_date&returnGeometry=true&outSR=4326&f=geojson,בינונית,"תוקן placeholder: הצמד המקורי זהה אצל 37 פרויקטים; הוזז 1.3 ק״מ למקור המפורט. בדיקה אנושית למגרש יחיד: תכנית תמל/ 2034 כוללת 8 תאי מגורים (100;101;102;103;104;105;106;107); הנקודה נמצאת בתוך איחוד תאי המגורים הרשמיים, אך אין בעמוד הוכחה איזה תא הוא הפרויקט."
%d7%99%d7%a2%d7%a7%d7%91-%d7%a7%d7%a8%d7%95%d7%9c,32.091503,34.878372,https://ags.iplan.gov.il/arcgisiplan/rest/services/PlanningPublic/Xplan/MapServer/4/query?where=mp_id%3D4000892679+AND+%28mavat_name+LIKE+%27%25%D7%9E%D7%92%D7%95%D7%A8%D7%99%D7%9D%25%27+OR+mavat_name+LIKE+%27%25%D7%93%D7%99%D7%95%D7%A8%25%27%29&outFields=mp_id%2Cpl_id%2Cpl_number%2Cpl_name%2Cnum%2Cmavat_code%2Cmavat_name%2Clegal_area%2Cshape_area%2Cshape_length%2Cstation_desc%2Clast_update_date&returnGeometry=true&outSR=4326&f=geojson,גבוהה,תוקן placeholder: הצמד המקורי זהה אצל 37 פרויקטים; הוזז 830 מ׳ למקור המפורט. אומת מול תא מגורים רשמי יחיד 1 בתכנית 410-0559195; הנקודה בתוך התא הרשמי.
%d7%94%d7%97%d7%a9%d7%9e%d7%95%d7%a0%d7%90%d7%99%d7%9d-%d7%99%d7%95%d7%a1%d7%a4%d7%98%d7%9c,32.015276,34.749209,https://ags.iplan.gov.il/arcgisiplan/rest/services/PlanningPublic/Xplan/MapServer/4/query?where=mp_id%3D5000920885+AND+%28mavat_name+LIKE+%27%25%D7%9E%D7%92%D7%95%D7%A8%D7%99%D7%9D%25%27+OR+mavat_name+LIKE+%27%25%D7%93%D7%99%D7%95%D7%A8%25%27%29&outFields=mp_id%2Cpl_id%2Cpl_number%2Cpl_name%2Cnum%2Cmavat_code%2Cmavat_name%2Clegal_area%2Cshape_area%2Cshape_length%2Cstation_desc%2Clast_update_date&returnGeometry=true&outSR=4326&f=geojson,בינונית,"תוקן placeholder: הצמד המקורי זהה אצל 38 פרויקטים; הוזז 126 מ׳ למקור המפורט. בדיקה אנושית למגרש יחיד: תכנית 502-0612366 כוללת 2 תאי מגורים (3A;4A); הנקודה נמצאת בתוך איחוד תאי המגורים הרשמיים, אך אין בעמוד הוכחה איזה תא הוא הפרויקט."
%d7%93%d7%a8%d7%9a-%d7%94%d7%a9%d7%9c%d7%95%d7%9d-%d7%91%d7%a8-%d7%9e%d7%95%d7%97%d7%90,32.771227,35.044689,https://ags.iplan.gov.il/arcgisiplan/rest/services/PlanningPublic/Xplan/MapServer/4/query?where=mp_id%3D3005290850+AND+%28mavat_name+LIKE+%27%25%D7%9E%D7%92%D7%95%D7%A8%D7%99%D7%9D%25%27+OR+mavat_name+LIKE+%27%25%D7%93%D7%99%D7%95%D7%A8%25%27%29&outFields=mp_id%2Cpl_id%2Cpl_number%2Cpl_name%2Cnum%2Cmavat_code%2Cmavat_name%2Clegal_area%2Cshape_area%2Cshape_length%2Cstation_desc%2Clast_update_date&returnGeometry=true&outSR=4326&f=geojson,בינונית,"תוקן placeholder: הצמד המקורי זהה אצל 4 פרויקטים; הוזז 615 מ׳ למקור המפורט. בדיקה אנושית למגרש יחיד: תכנית תמל/ 2031/ א כוללת 4 תאי מגורים (11;12;13;14); הנקודה נמצאת בתוך איחוד תאי המגורים הרשמיים, אך אין בעמוד הוכחה איזה תא הוא הפרויקט."
%d7%90%d7%9c%d7%9b%d7%a1%d7%a0%d7%93%d7%a8%d7%99%d7%95%d7%9f,31.752068,35.204844,https://ags.iplan.gov.il/arcgisiplan/rest/services/PlanningPublic/Xplan/MapServer/4/query?where=mp_id%3D1005121260+AND+%28mavat_name+LIKE+%27%25%D7%9E%D7%92%D7%95%D7%A8%D7%99%D7%9D%25%27+OR+mavat_name+LIKE+%27%25%D7%93%D7%99%D7%95%D7%A8%25%27%29&outFields=mp_id%2Cpl_id%2Cpl_number%2Cpl_name%2Cnum%2Cmavat_code%2Cmavat_name%2Clegal_area%2Cshape_area%2Cshape_length%2Cstation_desc%2Clast_update_date&returnGeometry=true&outSR=4326&f=geojson,גבוהה,תוקן placeholder: הצמד המקורי זהה אצל 197 פרויקטים; הוזז 3.6 ק״מ למקור המפורט. אומת מול תא מגורים רשמי יחיד 1 בתכנית 101-0944512; הנקודה בתוך התא הרשמי.
%d7%a9%d7%9c%d7%95%d7%9d-%d7%99%d7%94%d7%95%d7%93%d7%94-26,31.751267,35.219775,https://ags.iplan.gov.il/arcgisiplan/rest/services/PlanningPublic/Xplan/MapServer/4/query?where=mp_id%3D1001025521+AND+%28mavat_name+LIKE+%27%25%D7%9E%D7%92%D7%95%D7%A8%D7%99%D7%9D%25%27+OR+mavat_name+LIKE+%27%25%D7%93%D7%99%D7%95%D7%A8%25%27%29&outFields=mp_id%2Cpl_id%2Cpl_number%2Cpl_name%2Cnum%2Cmavat_code%2Cmavat_name%2Clegal_area%2Cshape_area%2Cshape_length%2Cstation_desc%2Clast_update_date&returnGeometry=true&outSR=4326&f=geojson,בינונית,"תוקן placeholder: הצמד המקורי זהה אצל 197 פרויקטים; הוזז 3.1 ק״מ למקור המפורט. בדיקה אנושית למגרש יחיד: תכנית 101-0783548 כוללת 4 תאי מגורים (1;2;3;4); הנקודה נמצאת בתוך איחוד תאי המגורים הרשמיים, אך אין בעמוד הוכחה איזה תא הוא הפרויקט."
%d7%a9%d7%9c%d7%95%d7%9d-%d7%99%d7%94%d7%95%d7%93%d7%94,31.751043,35.220395,https://ags.iplan.gov.il/arcgisiplan/rest/services/PlanningPublic/Xplan/MapServer/4/query?where=mp_id%3D1005161020+AND+%28mavat_name+LIKE+%27%25%D7%9E%D7%92%D7%95%D7%A8%D7%99%D7%9D%25%27+OR+mavat_name+LIKE+%27%25%D7%93%D7%99%D7%95%D7%A8%25%27%29&outFields=mp_id%2Cpl_id%2Cpl_number%2Cpl_name%2Cnum%2Cmavat_code%2Cmavat_name%2Clegal_area%2Cshape_area%2Cshape_length%2Cstation_desc%2Clast_update_date&returnGeometry=true&outSR=4326&f=geojson,גבוהה,תוקן placeholder: הצמד המקורי זהה אצל 197 פרויקטים; הוזז 3.1 ק״מ למקור המפורט. אומת מול תא מגורים רשמי יחיד 13 בתכנית 101-1010123; הנקודה בתוך התא הרשמי.
%d7%99%d7%a6%d7%97%d7%a7-%d7%a9%d7%93%d7%94,32.087153,34.877842,https://ags.iplan.gov.il/arcgisiplan/rest/services/PlanningPublic/Xplan/MapServer/4/query?where=mp_id%3D4000372381+AND+%28mavat_name+LIKE+%27%25%D7%9E%D7%92%D7%95%D7%A8%D7%99%D7%9D%25%27+OR+mavat_name+LIKE+%27%25%D7%93%D7%99%D7%95%D7%A8%25%27%29&outFields=mp_id%2Cpl_id%2Cpl_number%2Cpl_name%2Cnum%2Cmavat_code%2Cmavat_name%2Clegal_area%2Cshape_area%2Cshape_length%2Cstation_desc%2Clast_update_date&returnGeometry=true&outSR=4326&f=geojson,גבוהה,תוקן placeholder: הצמד המקורי זהה אצל 37 פרויקטים; הוזז 771 מ׳ למקור המפורט. אומת מול תא מגורים רשמי יחיד 680B בתכנית 410-0344531; הנקודה בתוך התא הרשמי.
%d7%a4%d7%a0%d7%99%d7%a0%d7%aa-%d7%91%d7%a0%d7%99%d7%9e%d7%99%d7%9f,31.614384,34.770101,https://ags.iplan.gov.il/arcgisiplan/rest/services/PlanningPublic/Xplan/MapServer/4/query?where=mp_id%3D99005051860+AND+%28mavat_name+LIKE+%27%25%D7%9E%D7%92%D7%95%D7%A8%D7%99%D7%9D%25%27+OR+mavat_name+LIKE+%27%25%D7%93%D7%99%D7%95%D7%A8%25%27%29&outFields=mp_id%2Cpl_id%2Cpl_number%2Cpl_name%2Cnum%2Cmavat_code%2Cmavat_name%2Clegal_area%2Cshape_area%2Cshape_length%2Cstation_desc%2Clast_update_date&returnGeometry=true&outSR=4326&f=geojson,בינונית,"תוקן placeholder: הצמד המקורי זהה אצל 8 פרויקטים; הוזז 564 מ׳ למקור המפורט. בדיקה אנושית למגרש יחיד: תכנית תמל/ 2026 כוללת 6 תאי מגורים (100;101;102;103;104;105); הנקודה נמצאת בתוך איחוד תאי המגורים הרשמיים, אך אין בעמוד הוכחה איזה תא הוא הפרויקט."
%d7%91%d7%99%d7%aa-%d7%97%d7%95%d7%a8%d7%95%d7%9f,32.084299,34.811110,https://ags.iplan.gov.il/arcgisiplan/rest/services/PlanningPublic/Xplan/MapServer/4/query?where=mp_id%3D6000352789+AND+%28mavat_name+LIKE+%27%25%D7%9E%D7%92%D7%95%D7%A8%D7%99%D7%9D%25%27+OR+mavat_name+LIKE+%27%25%D7%93%D7%99%D7%95%D7%A8%25%27%29&outFields=mp_id%2Cpl_id%2Cpl_number%2Cpl_name%2Cnum%2Cmavat_code%2Cmavat_name%2Clegal_area%2Cshape_area%2Cshape_length%2Cstation_desc%2Clast_update_date&returnGeometry=true&outSR=4326&f=geojson,גבוהה,תוקן placeholder: הצמד המקורי זהה אצל 76 פרויקטים; הוזז 2.2 ק״מ למקור המפורט. אומת מול תא מגורים רשמי יחיד 101 בתכנית 506-0305425; הנקודה בתוך התא הרשמי.
%d7%a8%d7%95%d7%98%d7%a9%d7%99%d7%9c%d7%93-2,32.822283,34.983838,https://ags.iplan.gov.il/arcgisiplan/rest/services/PlanningPublic/Xplan/MapServer/4/query?where=mp_id%3D3000927011+AND+%28mavat_name+LIKE+%27%25%D7%9E%D7%92%D7%95%D7%A8%D7%99%D7%9D%25%27+OR+mavat_name+LIKE+%27%25%D7%93%D7%99%D7%95%D7%A8%25%27%29&outFields=mp_id%2Cpl_id%2Cpl_number%2Cpl_name%2Cnum%2Cmavat_code%2Cmavat_name%2Clegal_area%2Cshape_area%2Cshape_length%2Cstation_desc%2Clast_update_date&returnGeometry=true&outSR=4326&f=geojson,בינונית,"תוקן placeholder: הצמד המקורי זהה אצל 43 פרויקטים; הוזז 1.4 ק״מ למקור המפורט. בדיקה אנושית למגרש יחיד: תכנית 304-0624213 כוללת 3 תאי מגורים (2001;2002;2003); הנקודה נמצאת בתוך איחוד תאי המגורים הרשמיים, אך אין בעמוד הוכחה איזה תא הוא הפרויקט."
%d7%a6%d7%95%d7%a3,31.733258,35.197314,https://ags.iplan.gov.il/arcgisiplan/rest/services/PlanningPublic/Xplan/MapServer/4/query?where=mp_id%3D1000973217+AND+%28mavat_name+LIKE+%27%25%D7%9E%D7%92%D7%95%D7%A8%D7%99%D7%9D%25%27+OR+mavat_name+LIKE+%27%25%D7%93%D7%99%D7%95%D7%A8%25%27%29&outFields=mp_id%2Cpl_id%2Cpl_number%2Cpl_name%2Cnum%2Cmavat_code%2Cmavat_name%2Clegal_area%2Cshape_area%2Cshape_length%2Cstation_desc%2Clast_update_date&returnGeometry=true&outSR=4326&f=geojson,בינונית,"תוקן placeholder: הצמד המקורי זהה אצל 197 פרויקטים; הוזז 5.7 ק״מ למקור המפורט. בדיקה אנושית למגרש יחיד: תכנית 101-0701391 כוללת 2 תאי מגורים (1;2); הנקודה נמצאת בתוך איחוד תאי המגורים הרשמיים, אך אין בעמוד הוכחה איזה תא הוא הפרויקט."
%d7%a9%d7%a4%d7%99%d7%a8%d7%90,32.843434,35.061344,https://ags.iplan.gov.il/arcgisiplan/rest/services/PlanningPublic/Xplan/MapServer/4/query?where=mp_id%3D99005369748+AND+%28mavat_name+LIKE+%27%25%D7%9E%D7%92%D7%95%D7%A8%D7%99%D7%9D%25%27+OR+mavat_name+LIKE+%27%25%D7%93%D7%99%D7%95%D7%A8%25%27%29&outFields=mp_id%2Cpl_id%2Cpl_number%2Cpl_name%2Cnum%2Cmavat_code%2Cmavat_name%2Clegal_area%2Cshape_area%2Cshape_length%2Cstation_desc%2Clast_update_date&returnGeometry=true&outSR=4326&f=geojson,בינונית,"תוקן placeholder: הצמד המקורי זהה אצל 11 פרויקטים; הוזז 1.1 ק״מ למקור המפורט. בדיקה אנושית למגרש יחיד: תכנית תמל/ 2063 כוללת 6 תאי מגורים (1;2;3;4;5;6); הנקודה נמצאת בתוך איחוד תאי המגורים הרשמיים, אך אין בעמוד הוכחה איזה תא הוא הפרויקט."
%d7%91%d7%a8%d7%96%d7%99%d7%9c-14,31.766409,35.172593,https://ags.iplan.gov.il/arcgisiplan/rest/services/PlanningPublic/Xplan/MapServer/4/query?where=mp_id%3D1001012763+AND+%28mavat_name+LIKE+%27%25%D7%9E%D7%92%D7%95%D7%A8%D7%99%D7%9D%25%27+OR+mavat_name+LIKE+%27%25%D7%93%D7%99%D7%95%D7%A8%25%27%29&outFields=mp_id%2Cpl_id%2Cpl_number%2Cpl_name%2Cnum%2Cmavat_code%2Cmavat_name%2Clegal_area%2Cshape_area%2Cshape_length%2Cstation_desc%2Clast_update_date&returnGeometry=true&outSR=4326&f=geojson,גבוהה,תוקן placeholder: הצמד המקורי זהה אצל 197 פרויקטים; הוזז 5.2 ק״מ למקור המפורט. אומת מול תא מגורים רשמי יחיד 1 בתכנית 101-0764878; הנקודה בתוך התא הרשמי.
%d7%a0%d7%95%d7%95%d7%94-%d7%99%d7%a2%d7%a7%d7%91-28-32,31.837701,35.237454,https://ags.iplan.gov.il/arcgisiplan/rest/services/PlanningPublic/Xplan/MapServer/4/query?where=mp_id%3D1000995643+AND+%28mavat_name+LIKE+%27%25%D7%9E%D7%92%D7%95%D7%A8%D7%99%D7%9D%25%27+OR+mavat_name+LIKE+%27%25%D7%93%D7%99%D7%95%D7%A8%25%27%29&outFields=mp_id%2Cpl_id%2Cpl_number%2Cpl_name%2Cnum%2Cmavat_code%2Cmavat_name%2Clegal_area%2Cshape_area%2Cshape_length%2Cstation_desc%2Clast_update_date&returnGeometry=true&outSR=4326&f=geojson,גבוהה,תוקן placeholder: הצמד המקורי זהה אצל 197 פרויקטים; הוזז 6.6 ק״מ למקור המפורט. אומת מול תא מגורים רשמי יחיד 1 בתכנית 101-0736884; הנקודה בתוך התא הרשמי.
%d7%94%d7%92%d7%a4%d7%9f,31.727943,35.192256,https://ags.iplan.gov.il/arcgisiplan/rest/services/PlanningPublic/Xplan/MapServer/4/query?where=mp_id%3D1000996145+AND+%28mavat_name+LIKE+%27%25%D7%9E%D7%92%D7%95%D7%A8%D7%99%D7%9D%25%27+OR+mavat_name+LIKE+%27%25%D7%93%D7%99%D7%95%D7%A8%25%27%29&outFields=mp_id%2Cpl_id%2Cpl_number%2Cpl_name%2Cnum%2Cmavat_code%2Cmavat_name%2Clegal_area%2Cshape_area%2Cshape_length%2Cstation_desc%2Clast_update_date&returnGeometry=true&outSR=4326&f=geojson,בינונית,"תוקן placeholder: הצמד המקורי זהה אצל 197 פרויקטים; הוזז 6.5 ק״מ למקור המפורט. בדיקה אנושית למגרש יחיד: תכנית 101-0737866 כוללת 3 תאי מגורים (100;101;102); הנקודה נמצאת בתוך איחוד תאי המגורים הרשמיים, אך אין בעמוד הוכחה איזה תא הוא הפרויקט."
%d7%9e%d7%91%d7%a6%d7%a2-%d7%99%d7%95%d7%a0%d7%aa%d7%9f,31.926100,34.855935,https://ags.iplan.gov.il/arcgisiplan/rest/services/PlanningPublic/Xplan/MapServer/4/query?where=mp_id%3D99005097414+AND+%28mavat_name+LIKE+%27%25%D7%9E%D7%92%D7%95%D7%A8%D7%99%D7%9D%25%27+OR+mavat_name+LIKE+%27%25%D7%93%D7%99%D7%95%D7%A8%25%27%29&outFields=mp_id%2Cpl_id%2Cpl_number%2Cpl_name%2Cnum%2Cmavat_code%2Cmavat_name%2Clegal_area%2Cshape_area%2Cshape_length%2Cstation_desc%2Clast_update_date&returnGeometry=true&outSR=4326&f=geojson,בינונית,"תוקן placeholder: הצמד המקורי זהה אצל 15 פרויקטים; הוזז 641 מ׳ למקור המפורט. בדיקה אנושית למגרש יחיד: תכנית תמל/ 2029 כוללת 13 תאי מגורים (101;102;103;104;105;106;107;108;109;110;200;201;202); הנקודה נמצאת בתוך איחוד תאי המגורים הרשמיים, אך אין בעמוד הוכחה איזה תא הוא הפרויקט."
%d7%91%d7%9f-%d7%92%d7%95%d7%a8%d7%99%d7%95%d7%9f-2,31.925694,34.862506,https://ags.iplan.gov.il/arcgisiplan/rest/services/PlanningPublic/Xplan/MapServer/4/query?where=mp_id%3D99005054212+AND+%28mavat_name+LIKE+%27%25%D7%9E%D7%92%D7%95%D7%A8%D7%99%D7%9D%25%27+OR+mavat_name+LIKE+%27%25%D7%93%D7%99%D7%95%D7%A8%25%27%29&outFields=mp_id%2Cpl_id%2Cpl_number%2Cpl_name%2Cnum%2Cmavat_code%2Cmavat_name%2Clegal_area%2Cshape_area%2Cshape_length%2Cstation_desc%2Clast_update_date&returnGeometry=true&outSR=4326&f=geojson,בינונית,"תוקן placeholder: הצמד המקורי זהה אצל 15 פרויקטים; הוזז 257 מ׳ למקור המפורט. בדיקה אנושית למגרש יחיד: תכנית תמל/ 2028 כוללת 25 תאי מגורים (100;101;102;105;106;107;108;109;110;112;113;130;140;141;142;143;144;145;146;147;148;149;150;1001;1011); הנקודה נמצאת בתוך איחוד תאי המגורים הרשמיים, אך אין בעמוד הוכחה איזה תא הוא הפרויקט."
%d7%92%d7%a0%d7%99%d7%a9,32.030609,34.847066,https://ags.iplan.gov.il/arcgisiplan/rest/services/PlanningPublic/Xplan/MapServer/4/query?where=mp_id%3D5000475101+AND+%28mavat_name+LIKE+%27%25%D7%9E%D7%92%D7%95%D7%A8%D7%99%D7%9D%25%27+OR+mavat_name+LIKE+%27%25%D7%93%D7%99%D7%95%D7%A8%25%27%29&outFields=mp_id%2Cpl_id%2Cpl_number%2Cpl_name%2Cnum%2Cmavat_code%2Cmavat_name%2Clegal_area%2Cshape_area%2Cshape_length%2Cstation_desc%2Clast_update_date&returnGeometry=true&outSR=4326&f=geojson,בינונית,"תוקן placeholder: הצמד המקורי זהה אצל 9 פרויקטים; הוזז 1.6 ק״מ למקור המפורט. בדיקה אנושית למגרש יחיד: תכנית 555-0469163 כוללת 5 תאי מגורים (101;102;103;104;105); הנקודה נמצאת בתוך איחוד תאי המגורים הרשמיים, אך אין בעמוד הוכחה איזה תא הוא הפרויקט."
%d7%90%d7%a9%d7%9b%d7%a0%d7%96%d7%99,32.028695,34.890447,https://ags.iplan.gov.il/arcgisiplan/rest/services/PlanningPublic/Xplan/MapServer/4/query?where=mp_id%3D4000996669+AND+%28mavat_name+LIKE+%27%25%D7%9E%D7%92%D7%95%D7%A8%D7%99%D7%9D%25%27+OR+mavat_name+LIKE+%27%25%D7%93%D7%99%D7%95%D7%A8%25%27%29&outFields=mp_id%2Cpl_id%2Cpl_number%2Cpl_name%2Cnum%2Cmavat_code%2Cmavat_name%2Clegal_area%2Cshape_area%2Cshape_length%2Cstation_desc%2Clast_update_date&returnGeometry=true&outSR=4326&f=geojson,בינונית,"תוקן placeholder: הצמד המקורי זהה אצל 11 פרויקטים; הוזז 547 מ׳ למקור המפורט. בדיקה אנושית למגרש יחיד: תכנית 411-0738609 כוללת 4 תאי מגורים (10;11;12;13); הנקודה נמצאת בתוך איחוד תאי המגורים הרשמיים, אך אין בעמוד הוכחה איזה תא הוא הפרויקט."
%d7%9e%d7%a8%d7%9b%d7%96-%d7%a7%d7%9c%d7%99%d7%98%d7%94-%d7%92%d7%99%d7%9c%d7%94,31.737113,35.197304,https://ags.iplan.gov.il/arcgisiplan/rest/services/PlanningPublic/Xplan/MapServer/4/query?where=mp_id%3D1000876429+AND+%28mavat_name+LIKE+%27%25%D7%9E%D7%92%D7%95%D7%A8%D7%99%D7%9D%25%27+OR+mavat_name+LIKE+%27%25%D7%93%D7%99%D7%95%D7%A8%25%27%29&outFields=mp_id%2Cpl_id%2Cpl_number%2Cpl_name%2Cnum%2Cmavat_code%2Cmavat_name%2Clegal_area%2Cshape_area%2Cshape_length%2Cstation_desc%2Clast_update_date&returnGeometry=true&outSR=4326&f=geojson,בינונית,"תוקן placeholder: הצמד המקורי זהה אצל 197 פרויקטים; הוזז 5.4 ק״מ למקור המפורט. בדיקה אנושית למגרש יחיד: תכנית 101-0532325 כוללת 12 תאי מגורים (601;703;1000;1001;1002;1004;2000;2001;2002;2003;3004;3005); הנקודה נמצאת בתוך איחוד תאי המגורים הרשמיים, אך אין בעמוד הוכחה איזה תא הוא הפרויקט."
%d7%a0%d7%94%d7%95%d7%a8%d7%90%d7%99,31.754151,35.208886,https://ags.iplan.gov.il/arcgisiplan/rest/services/PlanningPublic/Xplan/MapServer/4/query?where=mp_id%3D1001022041+AND+%28mavat_name+LIKE+%27%25%D7%9E%D7%92%D7%95%D7%A8%D7%99%D7%9D%25%27+OR+mavat_name+LIKE+%27%25%D7%93%D7%99%D7%95%D7%A8%25%27%29&outFields=mp_id%2Cpl_id%2Cpl_number%2Cpl_name%2Cnum%2Cmavat_code%2Cmavat_name%2Clegal_area%2Cshape_area%2Cshape_length%2Cstation_desc%2Clast_update_date&returnGeometry=true&outSR=4326&f=geojson,בינונית,"תוקן placeholder: הצמד המקורי זהה אצל 197 פרויקטים; הוזז 3.2 ק״מ למקור המפורט. בדיקה אנושית למגרש יחיד: תכנית 101-0778035 כוללת 2 תאי מגורים (1;2); הנקודה נמצאת בתוך איחוד תאי המגורים הרשמיים, אך אין בעמוד הוכחה איזה תא הוא הפרויקט."
%d7%a9%d7%9c%d7%9d-%d7%91,32.050898,34.814402,https://ags.iplan.gov.il/arcgisiplan/rest/services/PlanningPublic/Xplan/MapServer/4/query?where=mp_id%3D5000398943+AND+%28mavat_name+LIKE+%27%25%D7%9E%D7%92%D7%95%D7%A8%D7%99%D7%9D%25%27+OR+mavat_name+LIKE+%27%25%D7%93%D7%99%D7%95%D7%A8%25%27%29&outFields=mp_id%2Cpl_id%2Cpl_number%2Cpl_name%2Cnum%2Cmavat_code%2Cmavat_name%2Clegal_area%2Cshape_area%2Cshape_length%2Cstation_desc%2Clast_update_date&returnGeometry=true&outSR=4326&f=geojson,גבוהה,תוקן placeholder: הצמד המקורי זהה אצל 76 פרויקטים; הוזז 2.2 ק״מ למקור המפורט. אומת מול תא מגורים רשמי יחיד 101 בתכנית 506-0395871; הנקודה בתוך התא הרשמי.
%d7%94%d7%a2%d7%a6%d7%9e%d7%90%d7%95%d7%aa-%d7%91%d7%9c%d7%a4%d7%95%d7%a8,32.022372,34.745821,https://ags.iplan.gov.il/arcgisiplan/rest/services/PlanningPublic/Xplan/MapServer/4/query?where=mp_id%3D5000269355+AND+%28mavat_name+LIKE+%27%25%D7%9E%D7%92%D7%95%D7%A8%D7%99%D7%9D%25%27+OR+mavat_name+LIKE+%27%25%D7%93%D7%99%D7%95%D7%A8%25%27%29&outFields=mp_id%2Cpl_id%2Cpl_number%2Cpl_name%2Cnum%2Cmavat_code%2Cmavat_name%2Clegal_area%2Cshape_area%2Cshape_length%2Cstation_desc%2Clast_update_date&returnGeometry=true&outSR=4326&f=geojson,גבוהה,תוקן placeholder: הצמד המקורי זהה אצל 38 פרויקטים; הוזז 888 מ׳ למקור המפורט. אומת מול תא מגורים רשמי יחיד 215 בתכנית 502-0145177; הנקודה בתוך התא הרשמי.
%d7%91%d7%99%d7%aa-%d7%94%d7%93%d7%95%d7%99%d7%93%d7%a7%d7%94,31.784747,35.215499,https://ags.iplan.gov.il/arcgisiplan/rest/services/PlanningPublic/Xplan/MapServer/1/query?where=mp_id%3D1005224214&outFields=mp_id%2Cpl_id%2Cpl_number%2Cpl_name%2Cpl_url%2Cstation_desc%2Clast_update_date%2Cpl_area_dunam%2Cshape_area%2Cshape_length&returnGeometry=true&outSR=4326&f=geojson,נמוכה,"תוקן placeholder: הצמד המקורי זהה אצל 197 פרויקטים; הוזז 1.2 ק״מ למקור המפורט. בדיקה אנושית: אותר גבול רשמי של תכנית 101-1087774, אך לא אותר תא מגורים/מגרש יחיד. הנקודה בתוך גבול התכנית בלבד."
%d7%90%d7%a8%d7%91%d7%a8,32.042658,34.767327,https://ags.iplan.gov.il/arcgisiplan/rest/services/PlanningPublic/Xplan/MapServer/4/query?where=mp_id%3D5000946235+AND+%28mavat_name+LIKE+%27%25%D7%9E%D7%92%D7%95%D7%A8%D7%99%D7%9D%25%27+OR+mavat_name+LIKE+%27%25%D7%93%D7%99%D7%95%D7%A8%25%27%29&outFields=mp_id%2Cpl_id%2Cpl_number%2Cpl_name%2Cnum%2Cmavat_code%2Cmavat_name%2Clegal_area%2Cshape_area%2Cshape_length%2Cstation_desc%2Clast_update_date&returnGeometry=true&outSR=4326&f=geojson,גבוהה,תוקן placeholder: הצמד המקורי זהה אצל 57 פרויקטים; הוזז 4.9 ק״מ למקור המפורט. אומת מול תא מגורים רשמי יחיד 1 בתכנית 507-0656181; הנקודה בתוך התא הרשמי.
%d7%9e%d7%a8%d7%9b%d7%96-%d7%9e%d7%a1%d7%97%d7%a8%d7%99-%d7%a8%d7%95%d7%91%d7%a2-%d7%90,31.806676,34.645499,https://ags.iplan.gov.il/arcgisiplan/rest/services/PlanningPublic/Xplan/MapServer/4/query?where=mp_id%3D6000396757+AND+%28mavat_name+LIKE+%27%25%D7%9E%D7%92%D7%95%D7%A8%D7%99%D7%9D%25%27+OR+mavat_name+LIKE+%27%25%D7%93%D7%99%D7%95%D7%A8%25%27%29&outFields=mp_id%2Cpl_id%2Cpl_number%2Cpl_name%2Cnum%2Cmavat_code%2Cmavat_name%2Clegal_area%2Cshape_area%2Cshape_length%2Cstation_desc%2Clast_update_date&returnGeometry=true&outSR=4326&f=geojson,בינונית,"תוקן placeholder: הצמד המקורי זהה אצל 17 פרויקטים; הוזז 1.2 ק״מ למקור המפורט. בדיקה אנושית למגרש יחיד: תכנית 603-0391219 כוללת 4 תאי מגורים (2;3;5;11); הנקודה נמצאת בתוך איחוד תאי המגורים הרשמיים, אך אין בעמוד הוכחה איזה תא הוא הפרויקט."
%d7%9b%d7%a6%d7%a0%d7%9c%d7%a1%d7%95%d7%9f-2,31.953631,34.893704,https://ags.iplan.gov.il/arcgisiplan/rest/services/PlanningPublic/Xplan/MapServer/4/query?where=mp_id%3D4000971911+AND+%28mavat_name+LIKE+%27%25%D7%9E%D7%92%D7%95%D7%A8%D7%99%D7%9D%25%27+OR+mavat_name+LIKE+%27%25%D7%93%D7%99%D7%95%D7%A8%25%27%29&outFields=mp_id%2Cpl_id%2Cpl_number%2Cpl_name%2Cnum%2Cmavat_code%2Cmavat_name%2Clegal_area%2Cshape_area%2Cshape_length%2Cstation_desc%2Clast_update_date&returnGeometry=true&outSR=4326&f=geojson,בינונית,"תוקן placeholder: הצמד המקורי זהה אצל 13 פרויקטים; הוזז 720 מ׳ למקור המפורט. בדיקה אנושית למגרש יחיד: תכנית 406-0699488 כוללת 3 תאי מגורים (3;4;5); הנקודה נמצאת בתוך איחוד תאי המגורים הרשמיים, אך אין בעמוד הוכחה איזה תא הוא הפרויקט."
%d7%97%d7%98%d7%99%d7%91%d7%aa-%d7%99%d7%a4%d7%aa%d7%97,31.948594,34.882790,https://ags.iplan.gov.il/arcgisiplan/rest/services/PlanningPublic/Xplan/MapServer/4/query?where=mp_id%3D4005061842+AND+%28mavat_name+LIKE+%27%25%D7%9E%D7%92%D7%95%D7%A8%D7%99%D7%9D%25%27+OR+mavat_name+LIKE+%27%25%D7%93%D7%99%D7%95%D7%A8%25%27%29&outFields=mp_id%2Cpl_id%2Cpl_number%2Cpl_name%2Cnum%2Cmavat_code%2Cmavat_name%2Clegal_area%2Cshape_area%2Cshape_length%2Cstation_desc%2Clast_update_date&returnGeometry=true&outSR=4326&f=geojson,בינונית,"תוקן placeholder: הצמד המקורי זהה אצל 13 פרויקטים; הוזז 539 מ׳ למקור המפורט. בדיקה אנושית למגרש יחיד: תכנית 406-0845198 כוללת 5 תאי מגורים (101;300;301;302;303); הנקודה נמצאת בתוך איחוד תאי המגורים הרשמיים, אך אין בעמוד הוכחה איזה תא הוא הפרויקט."
%d7%92%d7%99%d7%95%d7%a8%d7%90-%d7%a7%d7%93%d7%95%d7%a9%d7%99-%d7%9e%d7%a6%d7%a8%d7%99%d7%9d-%d7%94%d7%a8%d7%a6%d7%9c-%d7%91%d7%99%d7%90%d7%a7%d7%95%d7%91%d7%a1%d7%a7%d7%99,32.034051,34.891782,https://ags.iplan.gov.il/arcgisiplan/rest/services/PlanningPublic/Xplan/MapServer/4/query?where=mp_id%3D99001013147+AND+%28mavat_name+LIKE+%27%25%D7%9E%D7%92%D7%95%D7%A8%D7%99%D7%9D%25%27+OR+mavat_name+LIKE+%27%25%D7%93%D7%99%D7%95%D7%A8%25%27%29&outFields=mp_id%2Cpl_id%2Cpl_number%2Cpl_name%2Cnum%2Cmavat_code%2Cmavat_name%2Clegal_area%2Cshape_area%2Cshape_length%2Cstation_desc%2Clast_update_date&returnGeometry=true&outSR=4326&f=geojson,בינונית,"תוקן placeholder: הצמד המקורי זהה אצל 11 פרויקטים; הוזז 393 מ׳ למקור המפורט. בדיקה אנושית למגרש יחיד: תכנית תמל/ 2016 כוללת 7 תאי מגורים (101;102;103;104;105;106;107); הנקודה נמצאת בתוך איחוד תאי המגורים הרשמיים, אך אין בעמוד הוכחה איזה תא הוא הפרויקט."
%d7%9c%d7%95%d7%99-%d7%90%d7%a9%d7%9b%d7%95%d7%9c-%d7%93%d7%a8%d7%95%d7%9d,32.051094,34.864693,https://ags.iplan.gov.il/arcgisiplan/rest/services/PlanningPublic/Xplan/MapServer/4/query?where=mp_id%3D5000328377+AND+%28mavat_name+LIKE+%27%25%D7%9E%D7%92%D7%95%D7%A8%D7%99%D7%9D%25%27+OR+mavat_name+LIKE+%27%25%D7%93%D7%99%D7%95%D7%A8%25%27%29&outFields=mp_id%2Cpl_id%2Cpl_number%2Cpl_name%2Cnum%2Cmavat_code%2Cmavat_name%2Clegal_area%2Cshape_area%2Cshape_length%2Cstation_desc%2Clast_update_date&returnGeometry=true&outSR=4326&f=geojson,בינונית,"תוקן placeholder: הצמד המקורי זהה אצל 17 פרויקטים; הוזז 997 מ׳ למקור המפורט. בדיקה אנושית למגרש יחיד: תכנית 508-0252536 כוללת 5 תאי מגורים (301;302;303;304;305); הנקודה נמצאת בתוך איחוד תאי המגורים הרשמיים, אך אין בעמוד הוכחה איזה תא הוא הפרויקט."
%d7%91%d7%a8%d7%95%d7%98-2-6,32.092804,34.833615,https://ags.iplan.gov.il/arcgisiplan/rest/services/PlanningPublic/Xplan/MapServer/4/query?where=mp_id%3D5000410447+AND+%28mavat_name+LIKE+%27%25%D7%9E%D7%92%D7%95%D7%A8%D7%99%D7%9D%25%27+OR+mavat_name+LIKE+%27%25%D7%93%D7%99%D7%95%D7%A8%25%27%29&outFields=mp_id%2Cpl_id%2Cpl_number%2Cpl_name%2Cnum%2Cmavat_code%2Cmavat_name%2Clegal_area%2Cshape_area%2Cshape_length%2Cstation_desc%2Clast_update_date&returnGeometry=true&outSR=4326&f=geojson,גבוהה,תוקן placeholder: הצמד המקורי זהה אצל 3 פרויקטים; הוזז 612 מ׳ למקור המפורט. אומת מול תא מגורים רשמי יחיד 1 בתכנית 501-0418848; הנקודה בתוך התא הרשמי.
%d7%94%d7%a4%d7%a8%d7%a1%d7%94,32.157284,34.896469,https://ags.iplan.gov.il/arcgisiplan/rest/services/PlanningPublic/Xplan/MapServer/4/query?where=mp_id%3D4005070174+AND+%28mavat_name+LIKE+%27%25%D7%9E%D7%92%D7%95%D7%A8%D7%99%D7%9D%25%27+OR+mavat_name+LIKE+%27%25%D7%93%D7%99%D7%95%D7%A8%25%27%29&outFields=mp_id%2Cpl_id%2Cpl_number%2Cpl_name%2Cnum%2Cmavat_code%2Cmavat_name%2Clegal_area%2Cshape_area%2Cshape_length%2Cstation_desc%2Clast_update_date&returnGeometry=true&outSR=4326&f=geojson,בינונית,"תוקן placeholder: הצמד המקורי זהה אצל 6 פרויקטים; הוזז 345 מ׳ למקור המפורט. בדיקה אנושית למגרש יחיד: תכנית 423-0861534 כוללת 2 תאי מגורים (101;102); הנקודה נמצאת בתוך איחוד תאי המגורים הרשמיים, אך אין בעמוד הוכחה איזה תא הוא הפרויקט."
%d7%9b%d7%a6%d7%a0%d7%9c%d7%a1%d7%95%d7%9f-61-57,32.016817,34.755127,https://ags.iplan.gov.il/arcgisiplan/rest/services/PlanningPublic/Xplan/MapServer/4/query?where=mp_id%3D5000927495+AND+%28mavat_name+LIKE+%27%25%D7%9E%D7%92%D7%95%D7%A8%D7%99%D7%9D%25%27+OR+mavat_name+LIKE+%27%25%D7%93%D7%99%D7%95%D7%A8%25%27%29&outFields=mp_id%2Cpl_id%2Cpl_number%2Cpl_name%2Cnum%2Cmavat_code%2Cmavat_name%2Clegal_area%2Cshape_area%2Cshape_length%2Cstation_desc%2Clast_update_date&returnGeometry=true&outSR=4326&f=geojson,גבוהה,תוקן placeholder: הצמד המקורי זהה אצל 38 פרויקטים; הוזז 459 מ׳ למקור המפורט. אומת מול תא מגורים רשמי יחיד 100 בתכנית 502-0624999; הנקודה בתוך התא הרשמי.
%d7%a7%d7%95%d7%a1%d7%98%d7%94-%d7%a8%d7%99%d7%a7%d7%94,31.753018,35.173367,https://ags.iplan.gov.il/arcgisiplan/rest/services/PlanningPublic/Xplan/MapServer/4/query?where=mp_id%3D1000893701+AND+%28mavat_name+LIKE+%27%25%D7%9E%D7%92%D7%95%D7%A8%D7%99%D7%9D%25%27+OR+mavat_name+LIKE+%27%25%D7%93%D7%99%D7%95%D7%A8%25%27%29&outFields=mp_id%2Cpl_id%2Cpl_number%2Cpl_name%2Cnum%2Cmavat_code%2Cmavat_name%2Clegal_area%2Cshape_area%2Cshape_length%2Cstation_desc%2Clast_update_date&returnGeometry=true&outSR=4326&f=geojson,בינונית,"תוקן placeholder: הצמד המקורי זהה אצל 197 פרויקטים; הוזז 5.7 ק״מ למקור המפורט. בדיקה אנושית למגרש יחיד: תכנית 101-0561167 כוללת 2 תאי מגורים (1;2); הנקודה נמצאת בתוך איחוד תאי המגורים הרשמיים, אך אין בעמוד הוכחה איזה תא הוא הפרויקט."
%d7%a4-%d7%a6-%d7%97%d7%99%d7%95%d7%aa-24,31.842730,35.241382,https://ags.iplan.gov.il/arcgisiplan/rest/services/PlanningPublic/Xplan/MapServer/4/query?where=mp_id%3D1000427577+AND+%28mavat_name+LIKE+%27%25%D7%9E%D7%92%D7%95%D7%A8%D7%99%D7%9D%25%27+OR+mavat_name+LIKE+%27%25%D7%93%D7%99%D7%95%D7%A8%25%27%29&outFields=mp_id%2Cpl_id%2Cpl_number%2Cpl_name%2Cnum%2Cmavat_code%2Cmavat_name%2Clegal_area%2Cshape_area%2Cshape_length%2Cstation_desc%2Clast_update_date&returnGeometry=true&outSR=4326&f=geojson,בינונית,"תוקן placeholder: הצמד המקורי זהה אצל 197 פרויקטים; הוזז 7.3 ק״מ למקור המפורט. בדיקה אנושית למגרש יחיד: תכנית 101-0452490 כוללת 3 תאי מגורים (1;3;4); הנקודה נמצאת בתוך איחוד תאי המגורים הרשמיים, אך אין בעמוד הוכחה איזה תא הוא הפרויקט."
%d7%99%d7%a2%d7%a7%d7%91-%d7%90%d7%91%d7%99%d7%a0%d7%95-%d7%a8%d7%92%d7%a8,31.258770,34.797591,https://ags.iplan.gov.il/arcgisiplan/rest/services/PlanningPublic/Xplan/MapServer/4/query?where=mp_id%3D99005368340+AND+%28mavat_name+LIKE+%27%25%D7%9E%D7%92%D7%95%D7%A8%D7%99%D7%9D%25%27+OR+mavat_name+LIKE+%27%25%D7%93%D7%99%D7%95%D7%A8%25%27%29&outFields=mp_id%2Cpl_id%2Cpl_number%2Cpl_name%2Cnum%2Cmavat_code%2Cmavat_name%2Clegal_area%2Cshape_area%2Cshape_length%2Cstation_desc%2Clast_update_date&returnGeometry=true&outSR=4326&f=geojson,בינונית,"תוקן placeholder: הצמד המקורי זהה אצל 13 פרויקטים; הוזז 1.5 ק״מ למקור המפורט. בדיקה אנושית למגרש יחיד: תכנית תמל/ 2049/ א כוללת 5 תאי מגורים (1;2;3;4;6); הנקודה נמצאת בתוך איחוד תאי המגורים הרשמיים, אך אין בעמוד הוכחה איזה תא הוא הפרויקט."
%d7%90%d7%a8%d7%a5-%d7%97%d7%a4%d7%a5,31.795626,35.223097,https://ags.iplan.gov.il/arcgisiplan/rest/services/PlanningPublic/Xplan/MapServer/4/query?where=mp_id%3D1000578555+AND+%28mavat_name+LIKE+%27%25%D7%9E%D7%92%D7%95%D7%A8%D7%99%D7%9D%25%27+OR+mavat_name+LIKE+%27%25%D7%93%D7%99%D7%95%D7%A8%25%27%29&outFields=mp_id%2Cpl_id%2Cpl_number%2Cpl_name%2Cnum%2Cmavat_code%2Cmavat_name%2Clegal_area%2Cshape_area%2Cshape_length%2Cstation_desc%2Clast_update_date&returnGeometry=true&outSR=4326&f=geojson,בינונית,"תוקן placeholder: הצמד המקורי זהה אצל 197 פרויקטים; הוזז 1.9 ק״מ למקור המפורט. בדיקה אנושית למגרש יחיד: תכנית 101-0484477 כוללת 3 תאי מגורים (1;2;5); הנקודה נמצאת בתוך איחוד תאי המגורים הרשמיים, אך אין בעמוד הוכחה איזה תא הוא הפרויקט."
%d7%a4%d7%a1%d7%97-%d7%97%d7%91%d7%a8%d7%95%d7%a0%d7%99-120,31.762896,35.170357,https://ags.iplan.gov.il/arcgisiplan/rest/services/PlanningPublic/Xplan/MapServer/4/query?where=mp_id%3D1005041902+AND+%28mavat_name+LIKE+%27%25%D7%9E%D7%92%D7%95%D7%A8%D7%99%D7%9D%25%27+OR+mavat_name+LIKE+%27%25%D7%93%D7%99%D7%95%D7%A8%25%27%29&outFields=mp_id%2Cpl_id%2Cpl_number%2Cpl_name%2Cnum%2Cmavat_code%2Cmavat_name%2Clegal_area%2Cshape_area%2Cshape_length%2Cstation_desc%2Clast_update_date&returnGeometry=true&outSR=4326&f=geojson,גבוהה,תוקן placeholder: הצמד המקורי זהה אצל 197 פרויקטים; הוזז 5.5 ק״מ למקור המפורט. אומת מול תא מגורים רשמי יחיד 1 בתכנית 101-0811653; הנקודה בתוך התא הרשמי.
%d7%91%d7%95%d7%9c%d7%99%d7%91%d7%99%d7%94-1,31.757436,35.180523,https://ags.iplan.gov.il/arcgisiplan/rest/services/PlanningPublic/Xplan/MapServer/4/query?where=mp_id%3D1000912175+AND+%28mavat_name+LIKE+%27%25%D7%9E%D7%92%D7%95%D7%A8%D7%99%D7%9D%25%27+OR+mavat_name+LIKE+%27%25%D7%93%D7%99%D7%95%D7%A8%25%27%29&outFields=mp_id%2Cpl_id%2Cpl_number%2Cpl_name%2Cnum%2Cmavat_code%2Cmavat_name%2Clegal_area%2Cshape_area%2Cshape_length%2Cstation_desc%2Clast_update_date&returnGeometry=true&outSR=4326&f=geojson,גבוהה,תוקן placeholder: הצמד המקורי זהה אצל 197 פרויקטים; הוזז 4.9 ק״מ למקור המפורט. אומת מול תא מגורים רשמי יחיד 1 בתכנית 101-0596270; הנקודה בתוך התא הרשמי.
%d7%94%d7%a6%d7%a4%d7%99%d7%a8%d7%94,32.467833,34.987451,https://ags.iplan.gov.il/arcgisiplan/rest/services/PlanningPublic/Xplan/MapServer/4/query?where=mp_id%3D3005121882+AND+%28mavat_name+LIKE+%27%25%D7%9E%D7%92%D7%95%D7%A8%D7%99%D7%9D%25%27+OR+mavat_name+LIKE+%27%25%D7%93%D7%99%D7%95%D7%A8%25%27%29&outFields=mp_id%2Cpl_id%2Cpl_number%2Cpl_name%2Cnum%2Cmavat_code%2Cmavat_name%2Clegal_area%2Cshape_area%2Cshape_length%2Cstation_desc%2Clast_update_date&returnGeometry=true&outSR=4326&f=geojson,בינונית,"תוקן placeholder: הצמד המקורי זהה אצל 3 פרויקטים; הוזז 1.4 ק״מ למקור המפורט. בדיקה אנושית למגרש יחיד: תכנית 308-0945691 כוללת 12 תאי מגורים (100;301;302;303;304;307;308;309;310;311;312;808); הנקודה נמצאת בתוך איחוד תאי המגורים הרשמיים, אך אין בעמוד הוכחה איזה תא הוא הפרויקט."
%d7%90%d7%a0%d7%a1%d7%a7%d7%99,32.085307,34.866779,https://ags.iplan.gov.il/arcgisiplan/rest/services/PlanningPublic/Xplan/MapServer/4/query?where=mp_id%3D99005052494+AND+%28mavat_name+LIKE+%27%25%D7%9E%D7%92%D7%95%D7%A8%D7%99%D7%9D%25%27+OR+mavat_name+LIKE+%27%25%D7%93%D7%99%D7%95%D7%A8%25%27%29&outFields=mp_id%2Cpl_id%2Cpl_number%2Cpl_name%2Cnum%2Cmavat_code%2Cmavat_name%2Clegal_area%2Cshape_area%2Cshape_length%2Cstation_desc%2Clast_update_date&returnGeometry=true&outSR=4326&f=geojson,בינונית,"תוקן placeholder: הצמד המקורי זהה אצל 37 פרויקטים; הוזז 1.8 ק״מ למקור המפורט. בדיקה אנושית למגרש יחיד: תכנית תמל/ 2017 כוללת 7 תאי מגורים (101;102;103;104;105;106;107); הנקודה נמצאת בתוך איחוד תאי המגורים הרשמיים, אך אין בעמוד הוכחה איזה תא הוא הפרויקט."
%d7%9e%d7%9c%d7%9b%d7%99-%d7%a6%d7%93%d7%a7-5-7,32.049515,34.817130,https://ags.iplan.gov.il/arcgisiplan/rest/services/PlanningPublic/Xplan/MapServer/4/query?where=mp_id%3D5005032276+AND+%28mavat_name+LIKE+%27%25%D7%9E%D7%92%D7%95%D7%A8%D7%99%D7%9D%25%27+OR+mavat_name+LIKE+%27%25%D7%93%D7%99%D7%95%D7%A8%25%27%29&outFields=mp_id%2Cpl_id%2Cpl_number%2Cpl_name%2Cnum%2Cmavat_code%2Cmavat_name%2Clegal_area%2Cshape_area%2Cshape_length%2Cstation_desc%2Clast_update_date&returnGeometry=true&outSR=4326&f=geojson,גבוהה,תוקן placeholder: הצמד המקורי זהה אצל 76 פרויקטים; הוזז 2.2 ק״מ למקור המפורט. אומת מול תא מגורים רשמי יחיד 101 בתכנית 506-0794875; הנקודה בתוך התא הרשמי.
%d7%a9%d7%9c%d7%9d-16-18,32.050318,34.814479,https://ags.iplan.gov.il/arcgisiplan/rest/services/PlanningPublic/Xplan/MapServer/4/query?where=mp_id%3D5000879385+AND+%28mavat_name+LIKE+%27%25%D7%9E%D7%92%D7%95%D7%A8%D7%99%D7%9D%25%27+OR+mavat_name+LIKE+%27%25%D7%93%D7%99%D7%95%D7%A8%25%27%29&outFields=mp_id%2Cpl_id%2Cpl_number%2Cpl_name%2Cnum%2Cmavat_code%2Cmavat_name%2Clegal_area%2Cshape_area%2Cshape_length%2Cstation_desc%2Clast_update_date&returnGeometry=true&outSR=4326&f=geojson,גבוהה,תוקן placeholder: הצמד המקורי זהה אצל 76 פרויקטים; הוזז 2.3 ק״מ למקור המפורט. אומת מול תא מגורים רשמי יחיד 2 בתכנית 506-0538405; הנקודה בתוך התא הרשמי.
%d7%9e%d7%aa%d7%a0%d7%99%d7%941-10,32.048324,34.818917,https://ags.iplan.gov.il/arcgisiplan/rest/services/PlanningPublic/Xplan/MapServer/4/query?where=mp_id%3D5005032454+AND+%28mavat_name+LIKE+%27%25%D7%9E%D7%92%D7%95%D7%A8%D7%99%D7%9D%25%27+OR+mavat_name+LIKE+%27%25%D7%93%D7%99%D7%95%D7%A8%25%27%29&outFields=mp_id%2Cpl_id%2Cpl_number%2Cpl_name%2Cnum%2Cmavat_code%2Cmavat_name%2Clegal_area%2Cshape_area%2Cshape_length%2Cstation_desc%2Clast_update_date&returnGeometry=true&outSR=4326&f=geojson,בינונית,"תוקן placeholder: הצמד המקורי זהה אצל 76 פרויקטים; הוזז 2.3 ק״מ למקור המפורט. בדיקה אנושית למגרש יחיד: תכנית 506-0795039 כוללת 2 תאי מגורים (101;102); הנקודה נמצאת בתוך איחוד תאי המגורים הרשמיים, אך אין בעמוד הוכחה איזה תא הוא הפרויקט."
%d7%a6%d7%91%d7%90-%d7%94%d7%a7%d7%91%d7%a2,32.844258,35.068929,https://ags.iplan.gov.il/arcgisiplan/rest/services/PlanningPublic/Xplan/MapServer/4/query?where=mp_id%3D3001029873+AND+%28mavat_name+LIKE+%27%25%D7%9E%D7%92%D7%95%D7%A8%D7%99%D7%9D%25%27+OR+mavat_name+LIKE+%27%25%D7%93%D7%99%D7%95%D7%A8%25%27%29&outFields=mp_id%2Cpl_id%2Cpl_number%2Cpl_name%2Cnum%2Cmavat_code%2Cmavat_name%2Clegal_area%2Cshape_area%2Cshape_length%2Cstation_desc%2Clast_update_date&returnGeometry=true&outSR=4326&f=geojson,בינונית,"תוקן placeholder: הצמד המקורי זהה אצל 11 פרויקטים; הוזז 676 מ׳ למקור המפורט. בדיקה אנושית למגרש יחיד: תכנית 352-0790477 כוללת 6 תאי מגורים (100;101;102;104;105;106); הנקודה נמצאת בתוך איחוד תאי המגורים הרשמיים, אך אין בעמוד הוכחה איזה תא הוא הפרויקט."
%d7%9e%d7%aa%d7%a0%d7%99%d7%94-11-20,32.048992,34.820634,https://ags.iplan.gov.il/arcgisiplan/rest/services/PlanningPublic/Xplan/MapServer/4/query?where=mp_id%3D5005032458+AND+%28mavat_name+LIKE+%27%25%D7%9E%D7%92%D7%95%D7%A8%D7%99%D7%9D%25%27+OR+mavat_name+LIKE+%27%25%D7%93%D7%99%D7%95%D7%A8%25%27%29&outFields=mp_id%2Cpl_id%2Cpl_number%2Cpl_name%2Cnum%2Cmavat_code%2Cmavat_name%2Clegal_area%2Cshape_area%2Cshape_length%2Cstation_desc%2Clast_update_date&returnGeometry=true&outSR=4326&f=geojson,בינונית,"תוקן placeholder: הצמד המקורי זהה אצל 76 פרויקטים; הוזז 2.2 ק״מ למקור המפורט. בדיקה אנושית למגרש יחיד: תכנית 506-0795047 כוללת 2 תאי מגורים (101;102); הנקודה נמצאת בתוך איחוד תאי המגורים הרשמיים, אך אין בעמוד הוכחה איזה תא הוא הפרויקט."
%d7%91%d7%a8-%d7%9b%d7%95%d7%9b%d7%91%d7%90,32.092174,34.823435,https://ags.iplan.gov.il/arcgisiplan/rest/services/PlanningPublic/Xplan/MapServer/4/query?where=mp_id%3D5000372443+AND+%28mavat_name+LIKE+%27%25%D7%9E%D7%92%D7%95%D7%A8%D7%99%D7%9D%25%27+OR+mavat_name+LIKE+%27%25%D7%93%D7%99%D7%95%D7%A8%25%27%29&outFields=mp_id%2Cpl_id%2Cpl_number%2Cpl_name%2Cnum%2Cmavat_code%2Cmavat_name%2Clegal_area%2Cshape_area%2Cshape_length%2Cstation_desc%2Clast_update_date&returnGeometry=true&outSR=4326&f=geojson,גבוהה,תוקן placeholder: הצמד המקורי זהה אצל 3 פרויקטים; הוזז 1.0 ק״מ למקור המפורט. אומת מול תא מגורים רשמי יחיד 200 בתכנית 501-0344648; הנקודה בתוך התא הרשמי.
%d7%90%d7%91%d7%90-%d7%94%d7%9c%d7%9c-%d7%97%d7%a8%d7%95%d7%aa-%d7%9e%d7%aa%d7%97%d7%9d-5842,32.090113,34.811056,https://ags.iplan.gov.il/arcgisiplan/rest/services/PlanningPublic/Xplan/MapServer/4/query?where=mp_id%3D5000950855+AND+%28mavat_name+LIKE+%27%25%D7%9E%D7%92%D7%95%D7%A8%D7%99%D7%9D%25%27+OR+mavat_name+LIKE+%27%25%D7%93%D7%99%D7%95%D7%A8%25%27%29&outFields=mp_id%2Cpl_id%2Cpl_number%2Cpl_name%2Cnum%2Cmavat_code%2Cmavat_name%2Clegal_area%2Cshape_area%2Cshape_length%2Cstation_desc%2Clast_update_date&returnGeometry=true&outSR=4326&f=geojson,גבוהה,תוקן placeholder: הצמד המקורי זהה אצל 76 פרויקטים; הוזז 2.7 ק״מ למקור המפורט. אומת מול תא מגורים רשמי יחיד 5 בתכנית 506-0663609; הנקודה בתוך התא הרשמי.
%d7%a9%d7%91%d7%98%d7%99-%d7%99%d7%a9%d7%a8%d7%90%d7%9c,31.618803,34.770591,https://ags.iplan.gov.il/arcgisiplan/rest/services/PlanningPublic/Xplan/MapServer/4/query?where=mp_id%3D6000969921+AND+%28mavat_name+LIKE+%27%25%D7%9E%D7%92%D7%95%D7%A8%D7%99%D7%9D%25%27+OR+mavat_name+LIKE+%27%25%D7%93%D7%99%D7%95%D7%A8%25%27%29&outFields=mp_id%2Cpl_id%2Cpl_number%2Cpl_name%2Cnum%2Cmavat_code%2Cmavat_name%2Clegal_area%2Cshape_area%2Cshape_length%2Cstation_desc%2Clast_update_date&returnGeometry=true&outSR=4326&f=geojson,בינונית,"תוקן placeholder: הצמד המקורי זהה אצל 8 פרויקטים; הוזז 1.0 ק״מ למקור המפורט. בדיקה אנושית למגרש יחיד: תכנית תמל/ 2010 כוללת 35 תאי מגורים (101;102;103;104;105;106;107;108;109;110;111;112;113;114;115;116;117;118;119;120;121;122;123;124;125;126;127;128;129;130;131;132;133;134;301); הנקודה נמצאת בתוך איחוד תאי המגורים הרשמיים, אך אין בעמוד הוכחה איזה תא הוא הפרויקט."
%d7%92%d7%95%d7%9c%d7%9f,32.182923,34.865668,https://ags.iplan.gov.il/arcgisiplan/rest/services/PlanningPublic/Xplan/MapServer/4/query?where=mp_id%3D4000273289+AND+%28mavat_name+LIKE+%27%25%D7%9E%D7%92%D7%95%D7%A8%D7%99%D7%9D%25%27+OR+mavat_name+LIKE+%27%25%D7%93%D7%99%D7%95%D7%A8%25%27%29&outFields=mp_id%2Cpl_id%2Cpl_number%2Cpl_name%2Cnum%2Cmavat_code%2Cmavat_name%2Clegal_area%2Cshape_area%2Cshape_length%2Cstation_desc%2Clast_update_date&returnGeometry=true&outSR=4326&f=geojson,גבוהה,תוקן placeholder: הצמד המקורי זהה אצל 6 פרויקטים; הוזז 401 מ׳ למקור המפורט. אומת מול תא מגורים רשמי יחיד 410 בתכנית 416-0150110; הנקודה בתוך התא הרשמי.
%d7%96%d7%91%d7%95%d7%98%d7%99%d7%a0%d7%a1%d7%a7%d7%99-19,32.090071,34.875591,https://ags.iplan.gov.il/arcgisiplan/rest/services/PlanningPublic/Xplan/MapServer/4/query?where=mp_id%3D4000540481+AND+%28mavat_name+LIKE+%27%25%D7%9E%D7%92%D7%95%D7%A8%D7%99%D7%9D%25%27+OR+mavat_name+LIKE+%27%25%D7%93%D7%99%D7%95%D7%A8%25%27%29&outFields=mp_id%2Cpl_id%2Cpl_number%2Cpl_name%2Cnum%2Cmavat_code%2Cmavat_name%2Clegal_area%2Cshape_area%2Cshape_length%2Cstation_desc%2Clast_update_date&returnGeometry=true&outSR=4326&f=geojson,בינונית,"תוקן placeholder: הצמד המקורי זהה אצל 37 פרויקטים; הוזז 1.0 ק״מ למקור המפורט. בדיקה אנושית למגרש יחיד: תכנית 410-0478206 כוללת 2 תאי מגורים (1A;1B); הנקודה נמצאת בתוך איחוד תאי המגורים הרשמיים, אך אין בעמוד הוכחה איזה תא הוא הפרויקט."
%d7%94%d7%a1%d7%91%d7%99%d7%95%d7%9f-2,32.031761,34.865232,https://ags.iplan.gov.il/arcgisiplan/rest/services/PlanningPublic/Xplan/MapServer/4/query?where=mp_id%3D5000659159+AND+%28mavat_name+LIKE+%27%25%D7%9E%D7%92%D7%95%D7%A8%D7%99%D7%9D%25%27+OR+mavat_name+LIKE+%27%25%D7%93%D7%99%D7%95%D7%A8%25%27%29&outFields=mp_id%2Cpl_id%2Cpl_number%2Cpl_name%2Cnum%2Cmavat_code%2Cmavat_name%2Clegal_area%2Cshape_area%2Cshape_length%2Cstation_desc%2Clast_update_date&returnGeometry=true&outSR=4326&f=geojson,בינונית,"תוקן placeholder: הצמד המקורי זהה אצל 9 פרויקטים; הוזז 570 מ׳ למקור המפורט. בדיקה אנושית למגרש יחיד: תכנית תמל/ 2009 כוללת 3 תאי מגורים (100;101;102); הנקודה נמצאת בתוך איחוד תאי המגורים הרשמיים, אך אין בעמוד הוכחה איזה תא הוא הפרויקט."
%d7%a7%d7%94%d7%99%d7%9c%d7%aa-%d7%95%d7%a8%d7%a9%d7%94-737779,,,,נמוכה,"בדיקה אנושית: לא נמצא מקור שמאפשר למסור נקודה ברמת מגרש בביטחון; lat/lng הושארו ריקים. בדיקה אנושית: נמצאו מועמדי XPLAN חלקיים או מרובים, אך אין התאמת שם+עיר חד-משמעית. מועמדים: 507-0381764 — קהילת ורשה 41 - תוספת זיקת הנאה למעבר כלי רכב; 507-0346510 — תא/מק/4524 קהילת עדן 2, 4; 507-0258020 — תא/ 4364 - נווה שרת פרסום סעיף 77 +78"
%d7%9c%d7%91%d7%a0%d7%94-%d7%9e%d7%a2%d7%a8%d7%91,32.044856,34.803457,https://ags.iplan.gov.il/arcgisiplan/rest/services/PlanningPublic/Xplan/MapServer/4/query?where=mp_id%3D5000347483+AND+%28mavat_name+LIKE+%27%25%D7%9E%D7%92%D7%95%D7%A8%D7%99%D7%9D%25%27+OR+mavat_name+LIKE+%27%25%D7%93%D7%99%D7%95%D7%A8%25%27%29&outFields=mp_id%2Cpl_id%2Cpl_number%2Cpl_name%2Cnum%2Cmavat_code%2Cmavat_name%2Clegal_area%2Cshape_area%2Cshape_length%2Cstation_desc%2Clast_update_date&returnGeometry=true&outSR=4326&f=geojson,בינונית,"תוקן placeholder: הצמד המקורי זהה אצל 57 פרויקטים; הוזז 4.9 ק״מ למקור המפורט. בדיקה אנושית למגרש יחיד: תכנית 507-0293894 כוללת 5 תאי מגורים (1001;1002;1003;1004;1005); הנקודה נמצאת בתוך איחוד תאי המגורים הרשמיים, אך אין בעמוד הוכחה איזה תא הוא הפרויקט."
%d7%9e%d7%a2%d7%92%d7%9c%d7%99-%d7%99%d7%91%d7%a0%d7%94,31.758800,35.212568,https://ags.iplan.gov.il/arcgisiplan/rest/services/PlanningPublic/Xplan/MapServer/4/query?where=mp_id%3D1005056616+AND+%28mavat_name+LIKE+%27%25%D7%9E%D7%92%D7%95%D7%A8%D7%99%D7%9D%25%27+OR+mavat_name+LIKE+%27%25%D7%93%D7%99%D7%95%D7%A8%25%27%29&outFields=mp_id%2Cpl_id%2Cpl_number%2Cpl_name%2Cnum%2Cmavat_code%2Cmavat_name%2Clegal_area%2Cshape_area%2Cshape_length%2Cstation_desc%2Clast_update_date&returnGeometry=true&outSR=4326&f=geojson,בינונית,"תוקן placeholder: הצמד המקורי זהה אצל 197 פרויקטים; הוזז 2.6 ק״מ למקור המפורט. בדיקה אנושית למגרש יחיד: תכנית 101-0836809 כוללת 8 תאי מגורים (1;2;4;5;6;7;8;9); הנקודה נמצאת בתוך איחוד תאי המגורים הרשמיים, אך אין בעמוד הוכחה איזה תא הוא הפרויקט."
%d7%91%d7%95%d7%a8%d7%95%d7%9b%d7%95%d7%91-2-4,31.768111,35.177667,https://ags.iplan.gov.il/arcgisiplan/rest/services/PlanningPublic/Xplan/MapServer/4/query?where=mp_id%3D1000427661+AND+%28mavat_name+LIKE+%27%25%D7%9E%D7%92%D7%95%D7%A8%D7%99%D7%9D%25%27+OR+mavat_name+LIKE+%27%25%D7%93%D7%99%D7%95%D7%A8%25%27%29&outFields=mp_id%2Cpl_id%2Cpl_number%2Cpl_name%2Cnum%2Cmavat_code%2Cmavat_name%2Clegal_area%2Cshape_area%2Cshape_length%2Cstation_desc%2Clast_update_date&returnGeometry=true&outSR=4326&f=geojson,גבוהה,תוקן placeholder: הצמד המקורי זהה אצל 197 פרויקטים; הוזז 4.7 ק״מ למקור המפורט. אומת מול תא מגורים רשמי יחיד 701 בתכנית 101-0452615; הנקודה בתוך התא הרשמי.
%d7%92%d7%91%d7%a2%d7%aa-%d7%90%d7%95%d7%9c%d7%92%d7%94-%d7%90%d7%96%d7%95%d7%a8%d7%99%d7%9d,32.440773,34.891010,https://ags.iplan.gov.il/arcgisiplan/rest/services/PlanningPublic/Xplan/MapServer/4/query?where=mp_id%3D99005044078+AND+%28mavat_name+LIKE+%27%25%D7%9E%D7%92%D7%95%D7%A8%D7%99%D7%9D%25%27+OR+mavat_name+LIKE+%27%25%D7%93%D7%99%D7%95%D7%A8%25%27%29&outFields=mp_id%2Cpl_id%2Cpl_number%2Cpl_name%2Cnum%2Cmavat_code%2Cmavat_name%2Clegal_area%2Cshape_area%2Cshape_length%2Cstation_desc%2Clast_update_date&returnGeometry=true&outSR=4326&f=geojson,בינונית,"תוקן placeholder: הצמד המקורי זהה אצל 21 פרויקטים; הוזז 4.6 ק״מ למקור המפורט. בדיקה אנושית למגרש יחיד: תכנית תמל/ 2015 כוללת 7 תאי מגורים (101;102;103;104;105;106;107); הנקודה נמצאת בתוך איחוד תאי המגורים הרשמיים, אך אין בעמוד הוכחה איזה תא הוא הפרויקט."
%d7%91%d7%a8%d7%a7%d7%90%d7%99,32.123616,34.808244,https://ags.iplan.gov.il/arcgisiplan/rest/services/PlanningPublic/Xplan/MapServer/4/query?where=mp_id%3D5000891085+AND+%28mavat_name+LIKE+%27%25%D7%9E%D7%92%D7%95%D7%A8%D7%99%D7%9D%25%27+OR+mavat_name+LIKE+%27%25%D7%93%D7%99%D7%95%D7%A8%25%27%29&outFields=mp_id%2Cpl_id%2Cpl_number%2Cpl_name%2Cnum%2Cmavat_code%2Cmavat_name%2Clegal_area%2Cshape_area%2Cshape_length%2Cstation_desc%2Clast_update_date&returnGeometry=true&outSR=4326&f=geojson,בינונית,"תוקן placeholder: הצמד המקורי זהה אצל 57 פרויקטים; הוזז 4.9 ק״מ למקור המפורט. בדיקה אנושית למגרש יחיד: תכנית 507-0556530 כוללת 3 תאי מגורים (101A;101B;102A); הנקודה נמצאת בתוך איחוד תאי המגורים הרשמיים, אך אין בעמוד הוכחה איזה תא הוא הפרויקט."
%d7%a8%d7%9e%d7%aa-%d7%9c%d7%97%d7%99,31.749350,34.983189,https://ags.iplan.gov.il/arcgisiplan/rest/services/PlanningPublic/Xplan/MapServer/4/query?where=mp_id%3D1000896869+AND+%28mavat_name+LIKE+%27%25%D7%9E%D7%92%D7%95%D7%A8%D7%99%D7%9D%25%27+OR+mavat_name+LIKE+%27%25%D7%93%D7%99%D7%95%D7%A8%25%27%29&outFields=mp_id%2Cpl_id%2Cpl_number%2Cpl_name%2Cnum%2Cmavat_code%2Cmavat_name%2Clegal_area%2Cshape_area%2Cshape_length%2Cstation_desc%2Clast_update_date&returnGeometry=true&outSR=4326&f=geojson,בינונית,"תוקן placeholder: הצמד המקורי זהה אצל 7 פרויקטים; הוזז 626 מ׳ למקור המפורט. בדיקה אנושית למגרש יחיד: תכנית תמל/ 2008 כוללת 5 תאי מגורים (100;121;131;150;151); הנקודה נמצאת בתוך איחוד תאי המגורים הרשמיים, אך אין בעמוד הוכחה איזה תא הוא הפרויקט."
%d7%94%d7%9e%d7%a7%d7%95%d7%a8,32.091949,34.817457,https://ags.iplan.gov.il/arcgisiplan/rest/services/PlanningPublic/Xplan/MapServer/4/query?where=mp_id%3D5000622047+AND+%28mavat_name+LIKE+%27%25%D7%9E%D7%92%D7%95%D7%A8%D7%99%D7%9D%25%27+OR+mavat_name+LIKE+%27%25%D7%93%D7%99%D7%95%D7%A8%25%27%29&outFields=mp_id%2Cpl_id%2Cpl_number%2Cpl_name%2Cnum%2Cmavat_code%2Cmavat_name%2Clegal_area%2Cshape_area%2Cshape_length%2Cstation_desc%2Clast_update_date&returnGeometry=true&outSR=4326&f=geojson,גבוהה,תוקן placeholder: הצמד המקורי זהה אצל 76 פרויקטים; הוזז 2.7 ק״מ למקור המפורט. אומת מול תא מגורים רשמי יחיד 101 בתכנית 506-0489682; הנקודה בתוך התא הרשמי.
%d7%a0%d7%95%d7%a8%d7%95%d7%a7-%d7%98%d7%94%d7%95%d7%9f,32.340664,34.854806,https://ags.iplan.gov.il/arcgisiplan/rest/services/PlanningPublic/Xplan/MapServer/4/query?where=mp_id%3D4000717889+AND+%28mavat_name+LIKE+%27%25%D7%9E%D7%92%D7%95%D7%A8%D7%99%D7%9D%25%27+OR+mavat_name+LIKE+%27%25%D7%93%D7%99%D7%95%D7%A8%25%27%29&outFields=mp_id%2Cpl_id%2Cpl_number%2Cpl_name%2Cnum%2Cmavat_code%2Cmavat_name%2Clegal_area%2Cshape_area%2Cshape_length%2Cstation_desc%2Clast_update_date&returnGeometry=true&outSR=4326&f=geojson,בינונית,"תוקן placeholder: הצמד המקורי זהה אצל 40 פרויקטים; הוזז 1.4 ק״מ למקור המפורט. בדיקה אנושית למגרש יחיד: תכנית תמל/ 2025 כוללת 3 תאי מגורים (100;101;102); הנקודה נמצאת בתוך איחוד תאי המגורים הרשמיים, אך אין בעמוד הוכחה איזה תא הוא הפרויקט."
%d7%9c%d7%94-%d7%92%d7%95%d7%90%d7%a8%d7%93%d7%99%d7%94-24-28,32.058921,34.790141,https://ags.iplan.gov.il/arcgisiplan/rest/services/PlanningPublic/Xplan/MapServer/4/query?where=mp_id%3D5000423177+AND+%28mavat_name+LIKE+%27%25%D7%9E%D7%92%D7%95%D7%A8%D7%99%D7%9D%25%27+OR+mavat_name+LIKE+%27%25%D7%93%D7%99%D7%95%D7%A8%25%27%29&outFields=mp_id%2Cpl_id%2Cpl_number%2Cpl_name%2Cnum%2Cmavat_code%2Cmavat_name%2Clegal_area%2Cshape_area%2Cshape_length%2Cstation_desc%2Clast_update_date&returnGeometry=true&outSR=4326&f=geojson,גבוהה,תוקן placeholder: הצמד המקורי זהה אצל 57 פרויקטים; הוזז 3.0 ק״מ למקור המפורט. אומת מול תא מגורים רשמי יחיד 101 בתכנית 507-0444315; הנקודה בתוך התא הרשמי.
%d7%90%d7%a8%d7%99%d7%94-%d7%9c%d7%95%d7%99%d7%9f,32.840868,35.071669,https://ags.iplan.gov.il/arcgisiplan/rest/services/PlanningPublic/Xplan/MapServer/4/query?where=mp_id%3D3000998037+AND+%28mavat_name+LIKE+%27%25%D7%9E%D7%92%D7%95%D7%A8%D7%99%D7%9D%25%27+OR+mavat_name+LIKE+%27%25%D7%93%D7%99%D7%95%D7%A8%25%27%29&outFields=mp_id%2Cpl_id%2Cpl_number%2Cpl_name%2Cnum%2Cmavat_code%2Cmavat_name%2Clegal_area%2Cshape_area%2Cshape_length%2Cstation_desc%2Clast_update_date&returnGeometry=true&outSR=4326&f=geojson,גבוהה,תוקן placeholder: הצמד המקורי זהה אצל 43 פרויקטים; הוזז 7.3 ק״מ למקור המפורט. אומת מול תא מגורים רשמי יחיד 100 בתכנית 304-0740860; הנקודה בתוך התא הרשמי.
%d7%94%d7%93%d7%a7%d7%9c%d7%99%d7%9d-%d7%90%d7%91%d7%90-%d7%94%d7%9c%d7%9c,32.088814,34.808901,https://ags.iplan.gov.il/arcgisiplan/rest/services/PlanningPublic/Xplan/MapServer/4/query?where=mp_id%3D5000361063+AND+%28mavat_name+LIKE+%27%25%D7%9E%D7%92%D7%95%D7%A8%D7%99%D7%9D%25%27+OR+mavat_name+LIKE+%27%25%D7%93%D7%99%D7%95%D7%A8%25%27%29&outFields=mp_id%2Cpl_id%2Cpl_number%2Cpl_name%2Cnum%2Cmavat_code%2Cmavat_name%2Clegal_area%2Cshape_area%2Cshape_length%2Cstation_desc%2Clast_update_date&returnGeometry=true&outSR=4326&f=geojson,גבוהה,תוקן placeholder: הצמד המקורי זהה אצל 76 פרויקטים; הוזז 2.7 ק״מ למקור המפורט. אומת מול תא מגורים רשמי יחיד 101 בתכנית 506-0322149; הנקודה בתוך התא הרשמי.
%d7%a9%d7%9e%d7%a2%d7%95%d7%a0%d7%99-%d7%94%d7%aa%d7%a7%d7%95%d7%a4%d7%94,31.761917,35.200467,https://ags.iplan.gov.il/arcgisiplan/rest/services/PlanningPublic/Xplan/MapServer/4/query?where=mp_id%3D1000887983+AND+%28mavat_name+LIKE+%27%25%D7%9E%D7%92%D7%95%D7%A8%D7%99%D7%9D%25%27+OR+mavat_name+LIKE+%27%25%D7%93%D7%99%D7%95%D7%A8%25%27%29&outFields=mp_id%2Cpl_id%2Cpl_number%2Cpl_name%2Cnum%2Cmavat_code%2Cmavat_name%2Clegal_area%2Cshape_area%2Cshape_length%2Cstation_desc%2Clast_update_date&returnGeometry=true&outSR=4326&f=geojson,בינונית,"תוקן placeholder: הצמד המקורי זהה אצל 197 פרויקטים; הוזז 3.0 ק״מ למקור המפורט. בדיקה אנושית למגרש יחיד: תכנית 101-0550541 כוללת 2 תאי מגורים (1;2); הנקודה נמצאת בתוך איחוד תאי המגורים הרשמיים, אך אין בעמוד הוכחה איזה תא הוא הפרויקט."
%d7%a1%d7%9f-%d7%9e%d7%a8%d7%98%d7%99%d7%9f-3,31.755543,35.194002,https://ags.iplan.gov.il/arcgisiplan/rest/services/PlanningPublic/Xplan/MapServer/4/query?where=mp_id%3D1000895925+AND+%28mavat_name+LIKE+%27%25%D7%9E%D7%92%D7%95%D7%A8%D7%99%D7%9D%25%27+OR+mavat_name+LIKE+%27%25%D7%93%D7%99%D7%95%D7%A8%25%27%29&outFields=mp_id%2Cpl_id%2Cpl_number%2Cpl_name%2Cnum%2Cmavat_code%2Cmavat_name%2Clegal_area%2Cshape_area%2Cshape_length%2Cstation_desc%2Clast_update_date&returnGeometry=true&outSR=4326&f=geojson,גבוהה,תוקן placeholder: הצמד המקורי זהה אצל 197 פרויקטים; הוזז 4.0 ק״מ למקור המפורט. אומת מול תא מגורים רשמי יחיד 1 בתכנית 101-0565317; הנקודה בתוך התא הרשמי.
%d7%94%d7%9e%d7%a8%d7%99-%d7%a0%d7%99%d7%a6%d7%a0%d7%94,32.072046,34.814544,https://ags.iplan.gov.il/arcgisiplan/rest/services/PlanningPublic/Xplan/MapServer/4/query?where=mp_id%3D5000398009+AND+%28mavat_name+LIKE+%27%25%D7%9E%D7%92%D7%95%D7%A8%D7%99%D7%9D%25%27+OR+mavat_name+LIKE+%27%25%D7%93%D7%99%D7%95%D7%A8%25%27%29&outFields=mp_id%2Cpl_id%2Cpl_number%2Cpl_name%2Cnum%2Cmavat_code%2Cmavat_name%2Clegal_area%2Cshape_area%2Cshape_length%2Cstation_desc%2Clast_update_date&returnGeometry=true&outSR=4326&f=geojson,גבוהה,תוקן placeholder: הצמד המקורי זהה אצל 24 פרויקטים; הוזז 320 מ׳ למקור המפורט. אומת מול תא מגורים רשמי יחיד 1 בתכנית 503-0393967; הנקודה בתוך התא הרשמי.
%d7%94%d7%9e%d7%90%d7%91%d7%a7,32.059505,34.810003,https://ags.iplan.gov.il/arcgisiplan/rest/services/PlanningPublic/Xplan/MapServer/4/query?where=mp_id%3D5000331463+AND+%28mavat_name+LIKE+%27%25%D7%9E%D7%92%D7%95%D7%A8%D7%99%D7%9D%25%27+OR+mavat_name+LIKE+%27%25%D7%93%D7%99%D7%95%D7%A8%25%27%29&outFields=mp_id%2Cpl_id%2Cpl_number%2Cpl_name%2Cnum%2Cmavat_code%2Cmavat_name%2Clegal_area%2Cshape_area%2Cshape_length%2Cstation_desc%2Clast_update_date&returnGeometry=true&outSR=4326&f=geojson,בינונית,"תוקן placeholder: הצמד המקורי זהה אצל 57 פרויקטים; הוזז 3.9 ק״מ למקור המפורט. בדיקה אנושית למגרש יחיד: תכנית 507-0259184 כוללת 2 תאי מגורים (3;4); הנקודה נמצאת בתוך איחוד תאי המגורים הרשמיים, אך אין בעמוד הוכחה איזה תא הוא הפרויקט."
%d7%9c%d7%95%d7%99-%d7%90%d7%a9%d7%9b%d7%95%d7%9c-125-127,32.053176,34.864745,https://ags.iplan.gov.il/arcgisiplan/rest/services/PlanningPublic/Xplan/MapServer/4/query?where=mp_id%3D5000347347+AND+%28mavat_name+LIKE+%27%25%D7%9E%D7%92%D7%95%D7%A8%D7%99%D7%9D%25%27+OR+mavat_name+LIKE+%27%25%D7%93%D7%99%D7%95%D7%A8%25%27%29&outFields=mp_id%2Cpl_id%2Cpl_number%2Cpl_name%2Cnum%2Cmavat_code%2Cmavat_name%2Clegal_area%2Cshape_area%2Cshape_length%2Cstation_desc%2Clast_update_date&returnGeometry=true&outSR=4326&f=geojson,גבוהה,תוקן placeholder: הצמד המקורי זהה אצל 17 פרויקטים; הוזז 833 מ׳ למקור המפורט. אומת מול תא מגורים רשמי יחיד 101A בתכנית 508-0293589; הנקודה בתוך התא הרשמי.
%d7%a4%d7%99%d7%9b%d7%9e%d7%9f,32.016799,34.775993,https://ags.iplan.gov.il/arcgisiplan/rest/services/PlanningPublic/Xplan/MapServer/4/query?where=mp_id%3D5000886511+AND+%28mavat_name+LIKE+%27%25%D7%9E%D7%92%D7%95%D7%A8%D7%99%D7%9D%25%27+OR+mavat_name+LIKE+%27%25%D7%93%D7%99%D7%95%D7%A8%25%27%29&outFields=mp_id%2Cpl_id%2Cpl_number%2Cpl_name%2Cnum%2Cmavat_code%2Cmavat_name%2Clegal_area%2Cshape_area%2Cshape_length%2Cstation_desc%2Clast_update_date&returnGeometry=true&outSR=4326&f=geojson,גבוהה,תוקן placeholder: הצמד המקורי זהה אצל 25 פרויקטים; הוזז 501 מ׳ למקור המפורט. אומת מול תא מגורים רשמי יחיד 100A בתכנית 505-0548057; הנקודה בתוך התא הרשמי.
%d7%94%d7%a4%d7%95%d7%93%d7%99%d7%9d-30,32.092389,34.820177,https://ags.iplan.gov.il/arcgisiplan/rest/services/PlanningPublic/Xplan/MapServer/4/query?where=mp_id%3D5000753741+AND+%28mavat_name+LIKE+%27%25%D7%9E%D7%92%D7%95%D7%A8%D7%99%D7%9D%25%27+OR+mavat_name+LIKE+%27%25%D7%93%D7%99%D7%95%D7%A8%25%27%29&outFields=mp_id%2Cpl_id%2Cpl_number%2Cpl_name%2Cnum%2Cmavat_code%2Cmavat_name%2Clegal_area%2Cshape_area%2Cshape_length%2Cstation_desc%2Clast_update_date&returnGeometry=true&outSR=4326&f=geojson,גבוהה,תוקן placeholder: הצמד המקורי זהה אצל 76 פרויקטים; הוזז 2.7 ק״מ למקור המפורט. אומת מול תא מגורים רשמי יחיד 101 בתכנית 506-0511766; הנקודה בתוך התא הרשמי.
%d7%a7%d7%95%d7%9c%d7%95%d7%9e%d7%91%d7%99%d7%94-28-29,31.758306,35.166366,https://ags.iplan.gov.il/arcgisiplan/rest/services/PlanningPublic/Xplan/MapServer/4/query?where=mp_id%3D1000655097+AND+%28mavat_name+LIKE+%27%25%D7%9E%D7%92%D7%95%D7%A8%D7%99%D7%9D%25%27+OR+mavat_name+LIKE+%27%25%D7%93%D7%99%D7%95%D7%A8%25%27%29&outFields=mp_id%2Cpl_id%2Cpl_number%2Cpl_name%2Cnum%2Cmavat_code%2Cmavat_name%2Clegal_area%2Cshape_area%2Cshape_length%2Cstation_desc%2Clast_update_date&returnGeometry=true&outSR=4326&f=geojson,בינונית,"תוקן placeholder: הצמד המקורי זהה אצל 197 פרויקטים; הוזז 6.1 ק״מ למקור המפורט. בדיקה אנושית למגרש יחיד: תכנית 101-0496463 כוללת 3 תאי מגורים (1;2;4); הנקודה נמצאת בתוך איחוד תאי המגורים הרשמיים, אך אין בעמוד הוכחה איזה תא הוא הפרויקט."
%d7%94%d7%a0%d7%a9%d7%99%d7%90-%d7%a9%d7%a9%d7%aa-%d7%94%d7%99%d7%9e%d7%99%d7%9d,32.440445,34.915802,https://ags.iplan.gov.il/arcgisiplan/rest/services/PlanningPublic/Xplan/MapServer/4/query?where=mp_id%3D3000637021+AND+%28mavat_name+LIKE+%27%25%D7%9E%D7%92%D7%95%D7%A8%D7%99%D7%9D%25%27+OR+mavat_name+LIKE+%27%25%D7%93%D7%99%D7%95%D7%A8%25%27%29&outFields=mp_id%2Cpl_id%2Cpl_number%2Cpl_name%2Cnum%2Cmavat_code%2Cmavat_name%2Clegal_area%2Cshape_area%2Cshape_length%2Cstation_desc%2Clast_update_date&returnGeometry=true&outSR=4326&f=geojson,גבוהה,תוקן placeholder: הצמד המקורי זהה אצל 21 פרויקטים; הוזז 2.3 ק״מ למקור המפורט. אומת מול תא מגורים רשמי יחיד 1 בתכנית 302-0493205; הנקודה בתוך התא הרשמי.
%d7%a9%d7%99-%d7%a2%d7%92%d7%a0%d7%95%d7%9f,32.283261,34.849338,https://ags.iplan.gov.il/arcgisiplan/rest/services/PlanningPublic/Xplan/MapServer/4/query?where=mp_id%3D4000746583+AND+%28mavat_name+LIKE+%27%25%D7%9E%D7%92%D7%95%D7%A8%D7%99%D7%9D%25%27+OR+mavat_name+LIKE+%27%25%D7%93%D7%99%D7%95%D7%A8%25%27%29&outFields=mp_id%2Cpl_id%2Cpl_number%2Cpl_name%2Cnum%2Cmavat_code%2Cmavat_name%2Clegal_area%2Cshape_area%2Cshape_length%2Cstation_desc%2Clast_update_date&returnGeometry=true&outSR=4326&f=geojson,בינונית,"תוקן placeholder: הצמד המקורי זהה אצל 40 פרויקטים; הוזז 5.1 ק״מ למקור המפורט. בדיקה אנושית למגרש יחיד: תכנית תמל/ 2001 כוללת 4 תאי מגורים (100;101;102;103); הנקודה נמצאת בתוך איחוד תאי המגורים הרשמיים, אך אין בעמוד הוכחה איזה תא הוא הפרויקט."
%d7%94%d7%94%d7%a1%d7%aa%d7%93%d7%a8%d7%95%d7%aa-%d7%93%d7%a8%d7%95%d7%9d,32.061429,34.811296,https://ags.iplan.gov.il/arcgisiplan/rest/services/PlanningPublic/Xplan/MapServer/4/query?where=mp_id%3D5000303305+AND+%28mavat_name+LIKE+%27%25%D7%9E%D7%92%D7%95%D7%A8%D7%99%D7%9D%25%27+OR+mavat_name+LIKE+%27%25%D7%93%D7%99%D7%95%D7%A8%25%27%29&outFields=mp_id%2Cpl_id%2Cpl_number%2Cpl_name%2Cnum%2Cmavat_code%2Cmavat_name%2Clegal_area%2Cshape_area%2Cshape_length%2Cstation_desc%2Clast_update_date&returnGeometry=true&outSR=4326&f=geojson,בינונית,"תוקן placeholder: הצמד המקורי זהה אצל 24 פרויקטים; הוזז 1.3 ק״מ למקור המפורט. בדיקה אנושית למגרש יחיד: תכנית 503-0204412 כוללת 14 תאי מגורים (101;102;103;104;105;106;107;108;110;111;112;109A;109B;109C); הנקודה נמצאת בתוך איחוד תאי המגורים הרשמיים, אך אין בעמוד הוכחה איזה תא הוא הפרויקט."
%d7%94%d7%a8%d7%a6%d7%9c,31.943674,34.833507,https://ags.iplan.gov.il/arcgisiplan/rest/services/PlanningPublic/Xplan/MapServer/4/query?where=mp_id%3D4000360913+AND+%28mavat_name+LIKE+%27%25%D7%9E%D7%92%D7%95%D7%A8%D7%99%D7%9D%25%27+OR+mavat_name+LIKE+%27%25%D7%93%D7%99%D7%95%D7%A8%25%27%29&outFields=mp_id%2Cpl_id%2Cpl_number%2Cpl_name%2Cnum%2Cmavat_code%2Cmavat_name%2Clegal_area%2Cshape_area%2Cshape_length%2Cstation_desc%2Clast_update_date&returnGeometry=true&outSR=4326&f=geojson,בינונית,"תוקן placeholder: הצמד המקורי זהה אצל 3 פרויקטים; הוזז 605 מ׳ למקור המפורט. בדיקה אנושית למגרש יחיד: תכנית 455-0321877 כוללת 18 תאי מגורים (111;112;113;114;115;116;117;119;120;121;122;123;124;125;126;127;201;204); הנקודה נמצאת בתוך איחוד תאי המגורים הרשמיים, אך אין בעמוד הוכחה איזה תא הוא הפרויקט."
%d7%94%d7%9b%d7%95%d7%96%d7%a8%d7%99,32.163619,34.848270,https://ags.iplan.gov.il/arcgisiplan/rest/services/PlanningPublic/Xplan/MapServer/4/query?where=mp_id%3D5000264303+AND+%28mavat_name+LIKE+%27%25%D7%9E%D7%92%D7%95%D7%A8%D7%99%D7%9D%25%27+OR+mavat_name+LIKE+%27%25%D7%93%D7%99%D7%95%D7%A8%25%27%29&outFields=mp_id%2Cpl_id%2Cpl_number%2Cpl_name%2Cnum%2Cmavat_code%2Cmavat_name%2Clegal_area%2Cshape_area%2Cshape_length%2Cstation_desc%2Clast_update_date&returnGeometry=true&outSR=4326&f=geojson,בינונית,"תוקן placeholder: הצמד המקורי זהה אצל 25 פרויקטים; הוזז 258 מ׳ למקור המפורט. בדיקה אנושית למגרש יחיד: תכנית 504-0138628 כוללת 6 תאי מגורים (101A;101C;102A;102C;103A;103C); הנקודה נמצאת בתוך איחוד תאי המגורים הרשמיים, אך אין בעמוד הוכחה איזה תא הוא הפרויקט."
%d7%94%d7%9b%d7%9c%d7%a0%d7%99%d7%aa,32.031400,34.867343,https://ags.iplan.gov.il/arcgisiplan/rest/services/PlanningPublic/Xplan/MapServer/4/query?where=mp_id%3D5000499601+AND+%28mavat_name+LIKE+%27%25%D7%9E%D7%92%D7%95%D7%A8%D7%99%D7%9D%25%27+OR+mavat_name+LIKE+%27%25%D7%93%D7%99%D7%95%D7%A8%25%27%29&outFields=mp_id%2Cpl_id%2Cpl_number%2Cpl_name%2Cnum%2Cmavat_code%2Cmavat_name%2Clegal_area%2Cshape_area%2Cshape_length%2Cstation_desc%2Clast_update_date&returnGeometry=true&outSR=4326&f=geojson,בינונית,"תוקן placeholder: הצמד המקורי זהה אצל 9 פרויקטים; הוזז 638 מ׳ למקור המפורט. בדיקה אנושית למגרש יחיד: תכנית תמל/ 2005 כוללת 2 תאי מגורים (1;2); הנקודה נמצאת בתוך איחוד תאי המגורים הרשמיים, אך אין בעמוד הוכחה איזה תא הוא הפרויקט."
%d7%90%d7%97%d7%93-%d7%94%d7%a2%d7%9d,31.801335,34.647240,https://ags.iplan.gov.il/arcgisiplan/rest/services/PlanningPublic/Xplan/MapServer/4/query?where=mp_id%3D6000397461+AND+%28mavat_name+LIKE+%27%25%D7%9E%D7%92%D7%95%D7%A8%D7%99%D7%9D%25%27+OR+mavat_name+LIKE+%27%25%D7%93%D7%99%D7%95%D7%A8%25%27%29&outFields=mp_id%2Cpl_id%2Cpl_number%2Cpl_name%2Cnum%2Cmavat_code%2Cmavat_name%2Clegal_area%2Cshape_area%2Cshape_length%2Cstation_desc%2Clast_update_date&returnGeometry=true&outSR=4326&f=geojson,בינונית,"תוקן placeholder: הצמד המקורי זהה אצל 17 פרויקטים; הוזז 675 מ׳ למקור המפורט. בדיקה אנושית למגרש יחיד: תכנית תמל/ 2023 כוללת 3 תאי מגורים (1;2;3); הנקודה נמצאת בתוך איחוד תאי המגורים הרשמיים, אך אין בעמוד הוכחה איזה תא הוא הפרויקט."
%d7%90%d7%9c%d7%99-%d7%9b%d7%94%d7%9f,32.246612,34.916068,https://ags.iplan.gov.il/arcgisiplan/rest/services/PlanningPublic/Xplan/MapServer/4/query?where=mp_id%3D4001030447+AND+%28mavat_name+LIKE+%27%25%D7%9E%D7%92%D7%95%D7%A8%D7%99%D7%9D%25%27+OR+mavat_name+LIKE+%27%25%D7%93%D7%99%D7%95%D7%A8%25%27%29&outFields=mp_id%2Cpl_id%2Cpl_number%2Cpl_name%2Cnum%2Cmavat_code%2Cmavat_name%2Clegal_area%2Cshape_area%2Cshape_length%2Cstation_desc%2Clast_update_date&returnGeometry=true&outSR=4326&f=geojson,בינונית,"תוקן מנקודת עיר כללית; הוזז 816 מ׳. בדיקה אנושית למגרש יחיד: תכנית 457-0791384 כוללת 3 תאי מגורים (100;101;102); הנקודה נמצאת בתוך איחוד תאי המגורים הרשמיים, אך אין בעמוד הוכחה איזה תא הוא הפרויקט."
%d7%91%d7%a8-%d7%99%d7%95%d7%97%d7%90%d7%99-5-15,31.752683,35.196166,https://ags.iplan.gov.il/arcgisiplan/rest/services/PlanningPublic/Xplan/MapServer/4/query?where=mp_id%3D1000753843+AND+%28mavat_name+LIKE+%27%25%D7%9E%D7%92%D7%95%D7%A8%D7%99%D7%9D%25%27+OR+mavat_name+LIKE+%27%25%D7%93%D7%99%D7%95%D7%A8%25%27%29&outFields=mp_id%2Cpl_id%2Cpl_number%2Cpl_name%2Cnum%2Cmavat_code%2Cmavat_name%2Clegal_area%2Cshape_area%2Cshape_length%2Cstation_desc%2Clast_update_date&returnGeometry=true&outSR=4326&f=geojson,בינונית,"תוקן placeholder: הצמד המקורי זהה אצל 197 פרויקטים; הוזז 4.0 ק״מ למקור המפורט. בדיקה אנושית למגרש יחיד: תכנית 101-0511923 כוללת 5 תאי מגורים (1;3;6;8;9); הנקודה נמצאת בתוך איחוד תאי המגורים הרשמיים, אך אין בעמוד הוכחה איזה תא הוא הפרויקט."
%d7%91%d7%95%d7%9c%d7%99%d7%91%d7%99%d7%94-14,31.754989,35.178316,https://ags.iplan.gov.il/arcgisiplan/rest/services/PlanningPublic/Xplan/MapServer/4/query?where=mp_id%3D1000900251+AND+%28mavat_name+LIKE+%27%25%D7%9E%D7%92%D7%95%D7%A8%D7%99%D7%9D%25%27+OR+mavat_name+LIKE+%27%25%D7%93%D7%99%D7%95%D7%A8%25%27%29&outFields=mp_id%2Cpl_id%2Cpl_number%2Cpl_name%2Cnum%2Cmavat_code%2Cmavat_name%2Clegal_area%2Cshape_area%2Cshape_length%2Cstation_desc%2Clast_update_date&returnGeometry=true&outSR=4326&f=geojson,גבוהה,תוקן placeholder: הצמד המקורי זהה אצל 197 פרויקטים; הוזז 5.2 ק״מ למקור המפורט. אומת מול תא מגורים רשמי יחיד 1 בתכנית 101-0574178; הנקודה בתוך התא הרשמי.
%d7%a9%d7%a8%d7%aa-41-45,32.761809,34.969470,https://ags.iplan.gov.il/arcgisiplan/rest/services/PlanningPublic/Xplan/MapServer/4/query?where=mp_id%3D3005325678+AND+%28mavat_name+LIKE+%27%25%D7%9E%D7%92%D7%95%D7%A8%D7%99%D7%9D%25%27+OR+mavat_name+LIKE+%27%25%D7%93%D7%99%D7%95%D7%A8%25%27%29&outFields=mp_id%2Cpl_id%2Cpl_number%2Cpl_name%2Cnum%2Cmavat_code%2Cmavat_name%2Clegal_area%2Cshape_area%2Cshape_length%2Cstation_desc%2Clast_update_date&returnGeometry=true&outSR=4326&f=geojson,גבוהה,תוקן placeholder: הצמד המקורי זהה אצל 14 פרויקטים; הוזז 200 מ׳ למקור המפורט. אומת מול תא מגורים רשמי יחיד 100 בתכנית 355-1248947; הנקודה בתוך התא הרשמי.
%d7%96%d7%9c%d7%9e%d7%9f-%d7%a9%d7%a0%d7%99%d7%90%d7%95%d7%a8,32.283241,34.847702,https://ags.iplan.gov.il/arcgisiplan/rest/services/PlanningPublic/Xplan/MapServer/4/query?where=mp_id%3D4000404727+AND+%28mavat_name+LIKE+%27%25%D7%9E%D7%92%D7%95%D7%A8%D7%99%D7%9D%25%27+OR+mavat_name+LIKE+%27%25%D7%93%D7%99%D7%95%D7%A8%25%27%29&outFields=mp_id%2Cpl_id%2Cpl_number%2Cpl_name%2Cnum%2Cmavat_code%2Cmavat_name%2Clegal_area%2Cshape_area%2Cshape_length%2Cstation_desc%2Clast_update_date&returnGeometry=true&outSR=4326&f=geojson,בינונית,"תוקן placeholder: הצמד המקורי זהה אצל 40 פרויקטים; הוזז 5.1 ק״מ למקור המפורט. בדיקה אנושית למגרש יחיד: תכנית 408-0407718 כוללת 2 תאי מגורים (101;102); הנקודה נמצאת בתוך איחוד תאי המגורים הרשמיים, אך אין בעמוד הוכחה איזה תא הוא הפרויקט."
%d7%90%d7%a0%d7%98%d7%99%d7%92%d7%95%d7%a0%d7%95%d7%a1,31.757927,35.208141,https://ags.iplan.gov.il/arcgisiplan/rest/services/PlanningPublic/Xplan/MapServer/4/query?where=mp_id%3D1000779705+AND+%28mavat_name+LIKE+%27%25%D7%9E%D7%92%D7%95%D7%A8%D7%99%D7%9D%25%27+OR+mavat_name+LIKE+%27%25%D7%93%D7%99%D7%95%D7%A8%25%27%29&outFields=mp_id%2Cpl_id%2Cpl_number%2Cpl_name%2Cnum%2Cmavat_code%2Cmavat_name%2Clegal_area%2Cshape_area%2Cshape_length%2Cstation_desc%2Clast_update_date&returnGeometry=true&outSR=4326&f=geojson,גבוהה,תוקן placeholder: הצמד המקורי זהה אצל 197 פרויקטים; הוזז 2.9 ק״מ למקור המפורט. אומת מול תא מגורים רשמי יחיד 1 בתכנית 101-0515635; הנקודה בתוך התא הרשמי.
%d7%a1%d7%99%d7%a0%d7%99-%d7%a7%d7%93%d7%a9,31.803788,34.647908,https://ags.iplan.gov.il/arcgisiplan/rest/services/PlanningPublic/Xplan/MapServer/4/query?where=mp_id%3D6005150934+AND+%28mavat_name+LIKE+%27%25%D7%9E%D7%92%D7%95%D7%A8%D7%99%D7%9D%25%27+OR+mavat_name+LIKE+%27%25%D7%93%D7%99%D7%95%D7%A8%25%27%29&outFields=mp_id%2Cpl_id%2Cpl_number%2Cpl_name%2Cnum%2Cmavat_code%2Cmavat_name%2Clegal_area%2Cshape_area%2Cshape_length%2Cstation_desc%2Clast_update_date&returnGeometry=true&outSR=4326&f=geojson,גבוהה,תוקן placeholder: הצמד המקורי זהה אצל 17 פרויקטים; הוזז 827 מ׳ למקור המפורט. אומת מול תא מגורים רשמי יחיד 1 בתכנית 603-0993790; הנקודה בתוך התא הרשמי.
%d7%94%d7%a8%d7%95%d7%aa%d7%9d-%d7%a4%d7%9c%d7%93%d7%95%d7%aa,31.788167,34.655049,https://ags.iplan.gov.il/arcgisiplan/rest/services/PlanningPublic/Xplan/MapServer/4/query?where=mp_id%3D6000383399+AND+%28mavat_name+LIKE+%27%25%D7%9E%D7%92%D7%95%D7%A8%D7%99%D7%9D%25%27+OR+mavat_name+LIKE+%27%25%D7%93%D7%99%D7%95%D7%A8%25%27%29&outFields=mp_id%2Cpl_id%2Cpl_number%2Cpl_name%2Cnum%2Cmavat_code%2Cmavat_name%2Clegal_area%2Cshape_area%2Cshape_length%2Cstation_desc%2Clast_update_date&returnGeometry=true&outSR=4326&f=geojson,בינונית,"תוקן placeholder: הצמד המקורי זהה אצל 17 פרויקטים; הוזז 1.1 ק״מ למקור המפורט. בדיקה אנושית למגרש יחיד: תכנית תמל/ 2021 כוללת 15 תאי מגורים (201;202;203;204;205;206;207;208;209;210;211;212;213;214;215); הנקודה נמצאת בתוך איחוד תאי המגורים הרשמיים, אך אין בעמוד הוכחה איזה תא הוא הפרויקט."
%d7%94%d7%98%d7%99%d7%99%d7%a1%d7%99%d7%9d-6810,32.060916,34.803959,https://ags.iplan.gov.il/arcgisiplan/rest/services/PlanningPublic/Xplan/MapServer/4/query?where=mp_id%3D5000387525+AND+%28mavat_name+LIKE+%27%25%D7%9E%D7%92%D7%95%D7%A8%D7%99%D7%9D%25%27+OR+mavat_name+LIKE+%27%25%D7%93%D7%99%D7%95%D7%A8%25%27%29&outFields=mp_id%2Cpl_id%2Cpl_number%2Cpl_name%2Cnum%2Cmavat_code%2Cmavat_name%2Clegal_area%2Cshape_area%2Cshape_length%2Cstation_desc%2Clast_update_date&returnGeometry=true&outSR=4326&f=geojson,גבוהה,תוקן placeholder: הצמד המקורי זהה אצל 57 פרויקטים; הוזז 3.4 ק״מ למקור המפורט. אומת מול תא מגורים רשמי יחיד 101 בתכנית 507-0373712; הנקודה בתוך התא הרשמי.
%d7%94%d7%90%d7%a6%d7%98%d7%93%d7%99%d7%95%d7%9f,31.810647,34.648414,https://ags.iplan.gov.il/arcgisiplan/rest/services/PlanningPublic/Xplan/MapServer/4/query?where=mp_id%3D6000373087+AND+%28mavat_name+LIKE+%27%25%D7%9E%D7%92%D7%95%D7%A8%D7%99%D7%9D%25%27+OR+mavat_name+LIKE+%27%25%D7%93%D7%99%D7%95%D7%A8%25%27%29&outFields=mp_id%2Cpl_id%2Cpl_number%2Cpl_name%2Cnum%2Cmavat_code%2Cmavat_name%2Clegal_area%2Cshape_area%2Cshape_length%2Cstation_desc%2Clast_update_date&returnGeometry=true&outSR=4326&f=geojson,בינונית,"תוקן placeholder: הצמד המקורי זהה אצל 17 פרויקטים; הוזז 1.5 ק״מ למקור המפורט. בדיקה אנושית למגרש יחיד: תכנית 603-0346031 כוללת 9 תאי מגורים (1;2;3;11;13;14;15;20;21); הנקודה נמצאת בתוך איחוד תאי המגורים הרשמיים, אך אין בעמוד הוכחה איזה תא הוא הפרויקט."
%d7%93%d7%95%d7%90%d7%a0%d7%99-%d7%94%d7%a2%d7%a6%d7%9e%d7%90%d7%95%d7%aa,31.870541,34.747422,https://ags.iplan.gov.il/arcgisiplan/rest/services/PlanningPublic/Xplan/MapServer/4/query?where=mp_id%3D4000261159+AND+%28mavat_name+LIKE+%27%25%D7%9E%D7%92%D7%95%D7%A8%D7%99%D7%9D%25%27+OR+mavat_name+LIKE+%27%25%D7%93%D7%99%D7%95%D7%A8%25%27%29&outFields=mp_id%2Cpl_id%2Cpl_number%2Cpl_name%2Cnum%2Cmavat_code%2Cmavat_name%2Clegal_area%2Cshape_area%2Cshape_length%2Cstation_desc%2Clast_update_date&returnGeometry=true&outSR=4326&f=geojson,בינונית,"תוקן placeholder: הצמד המקורי זהה אצל 15 פרויקטים; הוזז 1.1 ק״מ למקור המפורט. בדיקה אנושית למגרש יחיד: תכנית 404-0133314 כוללת 3 תאי מגורים (1;6;7); הנקודה נמצאת בתוך איחוד תאי המגורים הרשמיים, אך אין בעמוד הוכחה איזה תא הוא הפרויקט."
%d7%a1%d7%9f-%d7%9e%d7%a8%d7%98%d7%99%d7%9f-23-25,31.753538,35.194495,https://ags.iplan.gov.il/arcgisiplan/rest/services/PlanningPublic/Xplan/MapServer/4/query?where=mp_id%3D1000533605+AND+%28mavat_name+LIKE+%27%25%D7%9E%D7%92%D7%95%D7%A8%D7%99%D7%9D%25%27+OR+mavat_name+LIKE+%27%25%D7%93%D7%99%D7%95%D7%A8%25%27%29&outFields=mp_id%2Cpl_id%2Cpl_number%2Cpl_name%2Cnum%2Cmavat_code%2Cmavat_name%2Clegal_area%2Cshape_area%2Cshape_length%2Cstation_desc%2Clast_update_date&returnGeometry=true&outSR=4326&f=geojson,גבוהה,תוקן placeholder: הצמד המקורי זהה אצל 197 פרויקטים; הוזז 4.1 ק״מ למקור המפורט. אומת מול תא מגורים רשמי יחיד 1 בתכנית 101-0477240; הנקודה בתוך התא הרשמי.
%d7%a8%d7%97%d7%91%d7%aa-%d7%94%d7%a9%d7%a7%d7%93,32.065820,34.859831,https://ags.iplan.gov.il/arcgisiplan/rest/services/PlanningPublic/Xplan/MapServer/4/query?where=mp_id%3D5000322603+AND+%28mavat_name+LIKE+%27%25%D7%9E%D7%92%D7%95%D7%A8%D7%99%D7%9D%25%27+OR+mavat_name+LIKE+%27%25%D7%93%D7%99%D7%95%D7%A8%25%27%29&outFields=mp_id%2Cpl_id%2Cpl_number%2Cpl_name%2Cnum%2Cmavat_code%2Cmavat_name%2Clegal_area%2Cshape_area%2Cshape_length%2Cstation_desc%2Clast_update_date&returnGeometry=true&outSR=4326&f=geojson,גבוהה,תוקן placeholder: הצמד המקורי זהה אצל 17 פרויקטים; הוזז 873 מ׳ למקור המפורט. אומת מול תא מגורים רשמי יחיד 2 בתכנית 508-0241869; הנקודה בתוך התא הרשמי.
%d7%94%d7%a1%d7%91%d7%99%d7%95%d7%9f,31.738131,34.981719,https://ags.iplan.gov.il/arcgisiplan/rest/services/PlanningPublic/Xplan/MapServer/4/query?where=mp_id%3D1000652767+AND+%28mavat_name+LIKE+%27%25%D7%9E%D7%92%D7%95%D7%A8%D7%99%D7%9D%25%27+OR+mavat_name+LIKE+%27%25%D7%93%D7%99%D7%95%D7%A8%25%27%29&outFields=mp_id%2Cpl_id%2Cpl_number%2Cpl_name%2Cnum%2Cmavat_code%2Cmavat_name%2Clegal_area%2Cshape_area%2Cshape_length%2Cstation_desc%2Clast_update_date&returnGeometry=true&outSR=4326&f=geojson,בינונית,"תוקן placeholder: הצמד המקורי זהה אצל 7 פרויקטים; הוזז 1.1 ק״מ למקור המפורט. בדיקה אנושית למגרש יחיד: תכנית 102-0496190 כוללת 7 תאי מגורים (1;2;3;4;6;7;10); הנקודה נמצאת בתוך איחוד תאי המגורים הרשמיים, אך אין בעמוד הוכחה איזה תא הוא הפרויקט."
%d7%a1%d7%95%d7%a7%d7%95%d7%9c%d7%95%d7%91-46,32.091410,34.820893,https://ags.iplan.gov.il/arcgisiplan/rest/services/PlanningPublic/Xplan/MapServer/4/query?where=mp_id%3D5001003499+AND+%28mavat_name+LIKE+%27%25%D7%9E%D7%92%D7%95%D7%A8%D7%99%D7%9D%25%27+OR+mavat_name+LIKE+%27%25%D7%93%D7%99%D7%95%D7%A8%25%27%29&outFields=mp_id%2Cpl_id%2Cpl_number%2Cpl_name%2Cnum%2Cmavat_code%2Cmavat_name%2Clegal_area%2Cshape_area%2Cshape_length%2Cstation_desc%2Clast_update_date&returnGeometry=true&outSR=4326&f=geojson,בינונית,"תוקן placeholder: הצמד המקורי זהה אצל 76 פרויקטים; הוזז 2.6 ק״מ למקור המפורט. בדיקה אנושית למגרש יחיד: תכנית 506-0749705 כוללת 2 תאי מגורים (100;102); הנקודה נמצאת בתוך איחוד תאי המגורים הרשמיים, אך אין בעמוד הוכחה איזה תא הוא הפרויקט."
%d7%94%d7%a6%d7%91%d7%a8-%d7%a8%d7%a7%d7%a4%d7%aa,32.048177,34.864294,https://ags.iplan.gov.il/arcgisiplan/rest/services/PlanningPublic/Xplan/MapServer/4/query?where=mp_id%3D5000324587+AND+%28mavat_name+LIKE+%27%25%D7%9E%D7%92%D7%95%D7%A8%D7%99%D7%9D%25%27+OR+mavat_name+LIKE+%27%25%D7%93%D7%99%D7%95%D7%A8%25%27%29&outFields=mp_id%2Cpl_id%2Cpl_number%2Cpl_name%2Cnum%2Cmavat_code%2Cmavat_name%2Clegal_area%2Cshape_area%2Cshape_length%2Cstation_desc%2Clast_update_date&returnGeometry=true&outSR=4326&f=geojson,בינונית,"תוקן placeholder: הצמד המקורי זהה אצל 17 פרויקטים; הוזז 1.2 ק״מ למקור המפורט. בדיקה אנושית למגרש יחיד: תכנית 508-0245696 כוללת 11 תאי מגורים (101;102;103;104;105;106;107;108;109;110;111); הנקודה נמצאת בתוך איחוד תאי המגורים הרשמיים, אך אין בעמוד הוכחה איזה תא הוא הפרויקט."
%d7%90%d7%97%d7%90%d7%91,32.056902,34.862468,https://ags.iplan.gov.il/arcgisiplan/rest/services/PlanningPublic/Xplan/MapServer/4/query?where=mp_id%3D5000370961+AND+%28mavat_name+LIKE+%27%25%D7%9E%D7%92%D7%95%D7%A8%D7%99%D7%9D%25%27+OR+mavat_name+LIKE+%27%25%D7%93%D7%99%D7%95%D7%A8%25%27%29&outFields=mp_id%2Cpl_id%2Cpl_number%2Cpl_name%2Cnum%2Cmavat_code%2Cmavat_name%2Clegal_area%2Cshape_area%2Cshape_length%2Cstation_desc%2Clast_update_date&returnGeometry=true&outSR=4326&f=geojson,בינונית,"תוקן placeholder: הצמד המקורי זהה אצל 17 פרויקטים; הוזז 433 מ׳ למקור המפורט. בדיקה אנושית למגרש יחיד: תכנית 508-0341891 כוללת 2 תאי מגורים (16;17); הנקודה נמצאת בתוך איחוד תאי המגורים הרשמיים, אך אין בעמוד הוכחה איזה תא הוא הפרויקט."
%d7%a4%d7%95%d7%a8%d7%98%d7%94-%d7%93%d7%9c-%d7%a1%d7%95%d7%9c,31.684979,34.566799,https://ags.iplan.gov.il/arcgisiplan/rest/services/PlanningPublic/Xplan/MapServer/4/query?where=mp_id%3D6000295769+AND+%28mavat_name+LIKE+%27%25%D7%9E%D7%92%D7%95%D7%A8%D7%99%D7%9D%25%27+OR+mavat_name+LIKE+%27%25%D7%93%D7%99%D7%95%D7%A8%25%27%29&outFields=mp_id%2Cpl_id%2Cpl_number%2Cpl_name%2Cnum%2Cmavat_code%2Cmavat_name%2Clegal_area%2Cshape_area%2Cshape_length%2Cstation_desc%2Clast_update_date&returnGeometry=true&outSR=4326&f=geojson,בינונית,"תוקן placeholder: הצמד המקורי זהה אצל 10 פרויקטים; הוזז 2.2 ק״מ למקור המפורט. בדיקה אנושית למגרש יחיד: תכנית 604-0190652 כוללת 3 תאי מגורים (42;43;44); הנקודה נמצאת בתוך איחוד תאי המגורים הרשמיים, אך אין בעמוד הוכחה איזה תא הוא הפרויקט."
%d7%a0%d7%90%d7%95%d7%aa-%d7%a1%d7%a4%d7%99%d7%a8,31.800142,34.646963,https://ags.iplan.gov.il/arcgisiplan/rest/services/PlanningPublic/Xplan/MapServer/4/query?where=mp_id%3D99005083836+AND+%28mavat_name+LIKE+%27%25%D7%9E%D7%92%D7%95%D7%A8%D7%99%D7%9D%25%27+OR+mavat_name+LIKE+%27%25%D7%93%D7%99%D7%95%D7%A8%25%27%29&outFields=mp_id%2Cpl_id%2Cpl_number%2Cpl_name%2Cnum%2Cmavat_code%2Cmavat_name%2Clegal_area%2Cshape_area%2Cshape_length%2Cstation_desc%2Clast_update_date&returnGeometry=true&outSR=4326&f=geojson,בינונית,"תוקן placeholder: הצמד המקורי זהה אצל 17 פרויקטים; הוזז 630 מ׳ למקור המפורט. בדיקה אנושית למגרש יחיד: תכנית תמל/ 2024 כוללת 6 תאי מגורים (1;2;3;4;5;6); הנקודה נמצאת בתוך איחוד תאי המגורים הרשמיים, אך אין בעמוד הוכחה איזה תא הוא הפרויקט."
%d7%92%d7%a8%d7%99%d7%a0%d7%91%d7%95%d7%99%d7%9d-%d7%94%d7%a6%d7%99%d7%95%d7%a0%d7%95%d7%aa,31.944299,34.895368,https://ags.iplan.gov.il/arcgisiplan/rest/services/PlanningPublic/Xplan/MapServer/4/query?where=mp_id%3D4000607371+AND+%28mavat_name+LIKE+%27%25%D7%9E%D7%92%D7%95%D7%A8%D7%99%D7%9D%25%27+OR+mavat_name+LIKE+%27%25%D7%93%D7%99%D7%95%D7%A8%25%27%29&outFields=mp_id%2Cpl_id%2Cpl_number%2Cpl_name%2Cnum%2Cmavat_code%2Cmavat_name%2Clegal_area%2Cshape_area%2Cshape_length%2Cstation_desc%2Clast_update_date&returnGeometry=true&outSR=4326&f=geojson,בינונית,"תוקן placeholder: הצמד המקורי זהה אצל 13 פרויקטים; הוזז 827 מ׳ למקור המפורט. בדיקה אנושית למגרש יחיד: תכנית 406-0488072 כוללת 3 תאי מגורים (101;102;201); הנקודה נמצאת בתוך איחוד תאי המגורים הרשמיים, אך אין בעמוד הוכחה איזה תא הוא הפרויקט."
%d7%91%d7%9c%d7%a4%d7%95%d7%a8-81,32.021654,34.745754,https://ags.iplan.gov.il/arcgisiplan/rest/services/PlanningPublic/Xplan/MapServer/4/query?where=mp_id%3D5000373071+AND+%28mavat_name+LIKE+%27%25%D7%9E%D7%92%D7%95%D7%A8%D7%99%D7%9D%25%27+OR+mavat_name+LIKE+%27%25%D7%93%D7%99%D7%95%D7%A8%25%27%29&outFields=mp_id%2Cpl_id%2Cpl_number%2Cpl_name%2Cnum%2Cmavat_code%2Cmavat_name%2Clegal_area%2Cshape_area%2Cshape_length%2Cstation_desc%2Clast_update_date&returnGeometry=true&outSR=4326&f=geojson,גבוהה,תוקן placeholder: הצמד המקורי זהה אצל 38 פרויקטים; הוזז 823 מ׳ למקור המפורט. אומת מול תא מגורים רשמי יחיד 1 בתכנית 502-0346007; הנקודה בתוך התא הרשמי.
%d7%a9%d7%9e%d7%a9%d7%95%d7%9f-%d7%94%d7%9e%d7%a9%d7%97%d7%a8%d7%a8%d7%99%d7%9d,31.251833,34.785809,https://ags.iplan.gov.il/arcgisiplan/rest/services/PlanningPublic/Xplan/MapServer/4/query?where=mp_id%3D6000292255+AND+%28mavat_name+LIKE+%27%25%D7%9E%D7%92%D7%95%D7%A8%D7%99%D7%9D%25%27+OR+mavat_name+LIKE+%27%25%D7%93%D7%99%D7%95%D7%A8%25%27%29&outFields=mp_id%2Cpl_id%2Cpl_number%2Cpl_name%2Cnum%2Cmavat_code%2Cmavat_name%2Clegal_area%2Cshape_area%2Cshape_length%2Cstation_desc%2Clast_update_date&returnGeometry=true&outSR=4326&f=geojson,בינונית,"תוקן placeholder: הצמד המקורי זהה אצל 13 פרויקטים; הוזז 930 מ׳ למקור המפורט. בדיקה אנושית למגרש יחיד: תכנית 605-0184234 כוללת 2 תאי מגורים (100;101); הנקודה נמצאת בתוך איחוד תאי המגורים הרשמיים, אך אין בעמוד הוכחה איזה תא הוא הפרויקט."
%d7%9b%d7%a4%d7%a8-%d7%a9%d7%9c%d7%9d,,,,נמוכה,"בדיקה אנושית: לא נמצא מקור שמאפשר למסור נקודה ברמת מגרש בביטחון; lat/lng הושארו ריקים. בדיקה אנושית: נמצאו מועמדי XPLAN חלקיים או מרובים, אך אין התאמת שם+עיר חד-משמעית. מועמדים: 507-0973321 — תא/מק/5025 - דרום ניר אביב, כפר שלם; 507-0866186 — תא/מק/4970 - מעפילי אגוז 60-64 נווה חן, כפר שלם"
%d7%a8%d7%a1%d7%a7%d7%95,32.439952,34.907292,https://ags.iplan.gov.il/arcgisiplan/rest/services/PlanningPublic/Xplan/MapServer/4/query?where=mp_id%3D3005089774+AND+%28mavat_name+LIKE+%27%25%D7%9E%D7%92%D7%95%D7%A8%D7%99%D7%9D%25%27+OR+mavat_name+LIKE+%27%25%D7%93%D7%99%D7%95%D7%A8%25%27%29&outFields=mp_id%2Cpl_id%2Cpl_number%2Cpl_name%2Cnum%2Cmavat_code%2Cmavat_name%2Clegal_area%2Cshape_area%2Cshape_length%2Cstation_desc%2Clast_update_date&returnGeometry=true&outSR=4326&f=geojson,בינונית,"תוקן placeholder: הצמד המקורי זהה אצל 21 פרויקטים; הוזז 3.1 ק״מ למקור המפורט. בדיקה אנושית למגרש יחיד: תכנית 302-0892729 כוללת 2 תאי מגורים (11;12); הנקודה נמצאת בתוך איחוד תאי המגורים הרשמיים, אך אין בעמוד הוכחה איזה תא הוא הפרויקט."
%d7%a1%d7%9c%d7%a2-%d7%91%d7%99%d7%aa%d7%a8,32.440449,34.905698,https://ags.iplan.gov.il/arcgisiplan/rest/services/PlanningPublic/Xplan/MapServer/4/query?where=mp_id%3D3000401295+AND+%28mavat_name+LIKE+%27%25%D7%9E%D7%92%D7%95%D7%A8%D7%99%D7%9D%25%27+OR+mavat_name+LIKE+%27%25%D7%93%D7%99%D7%95%D7%A8%25%27%29&outFields=mp_id%2Cpl_id%2Cpl_number%2Cpl_name%2Cnum%2Cmavat_code%2Cmavat_name%2Clegal_area%2Cshape_area%2Cshape_length%2Cstation_desc%2Clast_update_date&returnGeometry=true&outSR=4326&f=geojson,בינונית,"תוקן placeholder: הצמד המקורי זהה אצל 21 פרויקטים; הוזז 3.2 ק״מ למקור המפורט. בדיקה אנושית למגרש יחיד: תכנית 302-0400754 כוללת 7 תאי מגורים (01;02;03;05;06;4A;4B); הנקודה נמצאת בתוך איחוד תאי המגורים הרשמיים, אך אין בעמוד הוכחה איזה תא הוא הפרויקט."
%d7%94%d7%98%d7%99%d7%99%d7%a1%d7%99%d7%9d-92,32.050721,34.813263,https://ags.iplan.gov.il/arcgisiplan/rest/services/PlanningPublic/Xplan/MapServer/4/query?where=mp_id%3D5000319875+AND+%28mavat_name+LIKE+%27%25%D7%9E%D7%92%D7%95%D7%A8%D7%99%D7%9D%25%27+OR+mavat_name+LIKE+%27%25%D7%93%D7%99%D7%95%D7%A8%25%27%29&outFields=mp_id%2Cpl_id%2Cpl_number%2Cpl_name%2Cnum%2Cmavat_code%2Cmavat_name%2Clegal_area%2Cshape_area%2Cshape_length%2Cstation_desc%2Clast_update_date&returnGeometry=true&outSR=4326&f=geojson,גבוהה,תוקן placeholder: הצמד המקורי זהה אצל 57 פרויקטים; הוזז 4.9 ק״מ למקור המפורט. אומת מול תא מגורים רשמי יחיד 101 בתכנית 507-0236349; הנקודה בתוך התא הרשמי.
%d7%a0%d7%95%d7%a8%d7%93%d7%90%d7%95,32.279952,34.856079,https://ags.iplan.gov.il/arcgisiplan/rest/services/PlanningPublic/Xplan/MapServer/4/query?where=mp_id%3D4000783119+AND+%28mavat_name+LIKE+%27%25%D7%9E%D7%92%D7%95%D7%A8%D7%99%D7%9D%25%27+OR+mavat_name+LIKE+%27%25%D7%93%D7%99%D7%95%D7%A8%25%27%29&outFields=mp_id%2Cpl_id%2Cpl_number%2Cpl_name%2Cnum%2Cmavat_code%2Cmavat_name%2Clegal_area%2Cshape_area%2Cshape_length%2Cstation_desc%2Clast_update_date&returnGeometry=true&outSR=4326&f=geojson,בינונית,"תוקן placeholder: הצמד המקורי זהה אצל 40 פרויקטים; הוזז 5.4 ק״מ למקור המפורט. בדיקה אנושית למגרש יחיד: תכנית 408-0517458 כוללת 3 תאי מגורים (100;101;102); הנקודה נמצאת בתוך איחוד תאי המגורים הרשמיים, אך אין בעמוד הוכחה איזה תא הוא הפרויקט."
%d7%97%d7%a9%d7%9e%d7%95%d7%a0%d7%90%d7%99%d7%9d-%d7%91%d7%a2%d7%96,32.079999,34.808809,https://ags.iplan.gov.il/arcgisiplan/rest/services/PlanningPublic/Xplan/MapServer/4/query?where=mp_id%3D5000415587+AND+%28mavat_name+LIKE+%27%25%D7%9E%D7%92%D7%95%D7%A8%D7%99%D7%9D%25%27+OR+mavat_name+LIKE+%27%25%D7%93%D7%99%D7%95%D7%A8%25%27%29&outFields=mp_id%2Cpl_id%2Cpl_number%2Cpl_name%2Cnum%2Cmavat_code%2Cmavat_name%2Clegal_area%2Cshape_area%2Cshape_length%2Cstation_desc%2Clast_update_date&returnGeometry=true&outSR=4326&f=geojson,גבוהה,תוקן placeholder: הצמד המקורי זהה אצל 76 פרויקטים; הוזז 2.0 ק״מ למקור המפורט. אומת מול תא מגורים רשמי יחיד 1 בתכנית 506-0429415; הנקודה בתוך התא הרשמי.
%d7%94%d7%9e%d7%9c%d7%9a-%d7%a9%d7%9c%d7%9e%d7%94,32.806152,34.963728,https://ags.iplan.gov.il/arcgisiplan/rest/services/PlanningPublic/Xplan/MapServer/4/query?where=mp_id%3D3000935179+AND+%28mavat_name+LIKE+%27%25%D7%9E%D7%92%D7%95%D7%A8%D7%99%D7%9D%25%27+OR+mavat_name+LIKE+%27%25%D7%93%D7%99%D7%95%D7%A8%25%27%29&outFields=mp_id%2Cpl_id%2Cpl_number%2Cpl_name%2Cnum%2Cmavat_code%2Cmavat_name%2Clegal_area%2Cshape_area%2Cshape_length%2Cstation_desc%2Clast_update_date&returnGeometry=true&outSR=4326&f=geojson,בינונית,"תוקן placeholder: הצמד המקורי זהה אצל 43 פרויקטים; הוזז 3.5 ק״מ למקור המפורט. בדיקה אנושית למגרש יחיד: תכנית 304-0638478 כוללת 4 תאי מגורים (101;102;103;901); הנקודה נמצאת בתוך איחוד תאי המגורים הרשמיים, אך אין בעמוד הוכחה איזה תא הוא הפרויקט."
%d7%93%d7%91-%d7%a7%d7%9e%d7%97%d7%99,31.766494,35.206400,https://ags.iplan.gov.il/arcgisiplan/rest/services/PlanningPublic/Xplan/MapServer/4/query?where=mp_id%3D1000697003+AND+%28mavat_name+LIKE+%27%25%D7%9E%D7%92%D7%95%D7%A8%D7%99%D7%9D%25%27+OR+mavat_name+LIKE+%27%25%D7%93%D7%99%D7%95%D7%A8%25%27%29&outFields=mp_id%2Cpl_id%2Cpl_number%2Cpl_name%2Cnum%2Cmavat_code%2Cmavat_name%2Clegal_area%2Cshape_area%2Cshape_length%2Cstation_desc%2Clast_update_date&returnGeometry=true&outSR=4326&f=geojson,גבוהה,תוקן placeholder: הצמד המקורי זהה אצל 197 פרויקטים; הוזז 2.3 ק״מ למקור המפורט. אומת מול תא מגורים רשמי יחיד 1 בתכנית 101-0502948; הנקודה בתוך התא הרשמי.
%d7%94%d7%a8%d7%9b%d7%91%d7%aa,32.059490,34.782733,https://ags.iplan.gov.il/arcgisiplan/rest/services/PlanningPublic/Xplan/MapServer/1/query?where=mp_id%3D5000388947&outFields=mp_id%2Cpl_id%2Cpl_number%2Cpl_name%2Cpl_url%2Cstation_desc%2Clast_update_date%2Cpl_area_dunam%2Cshape_area%2Cshape_length&returnGeometry=true&outSR=4326&f=geojson,נמוכה,"תוקן placeholder: הצמד המקורי זהה אצל 57 פרויקטים; הוזז 2.9 ק״מ למקור המפורט. בדיקה אנושית: אותר גבול רשמי של תכנית 507-0376731, אך לא אותר תא מגורים/מגרש יחיד. הנקודה בתוך גבול התכנית בלבד."
%d7%a9%d7%99%d7%9b%d7%95%d7%9f-%d7%93%d7%a8%d7%95%d7%9d,32.152714,34.843415,https://ags.iplan.gov.il/arcgisiplan/rest/services/PlanningPublic/Xplan/MapServer/4/query?where=mp_id%3D5000357895+AND+%28mavat_name+LIKE+%27%25%D7%9E%D7%92%D7%95%D7%A8%D7%99%D7%9D%25%27+OR+mavat_name+LIKE+%27%25%D7%93%D7%99%D7%95%D7%A8%25%27%29&outFields=mp_id%2Cpl_id%2Cpl_number%2Cpl_name%2Cnum%2Cmavat_code%2Cmavat_name%2Clegal_area%2Cshape_area%2Cshape_length%2Cstation_desc%2Clast_update_date&returnGeometry=true&outSR=4326&f=geojson,בינונית,"תוקן placeholder: הצמד המקורי זהה אצל 25 פרויקטים; הוזז 1.5 ק״מ למקור המפורט. בדיקה אנושית למגרש יחיד: תכנית 504-0315895 כוללת 10 תאי מגורים (100;101;102;400;401;500;501;600;601;602); הנקודה נמצאת בתוך איחוד תאי המגורים הרשמיים, אך אין בעמוד הוכחה איזה תא הוא הפרויקט."
%d7%94%d7%9b%d7%a8%d7%9e%d7%9c,31.876492,34.750196,https://ags.iplan.gov.il/arcgisiplan/rest/services/PlanningPublic/Xplan/MapServer/4/query?where=mp_id%3D4000252361+AND+%28mavat_name+LIKE+%27%25%D7%9E%D7%92%D7%95%D7%A8%D7%99%D7%9D%25%27+OR+mavat_name+LIKE+%27%25%D7%93%D7%99%D7%95%D7%A8%25%27%29&outFields=mp_id%2Cpl_id%2Cpl_number%2Cpl_name%2Cnum%2Cmavat_code%2Cmavat_name%2Clegal_area%2Cshape_area%2Cshape_length%2Cstation_desc%2Clast_update_date&returnGeometry=true&outSR=4326&f=geojson,בינונית,"תוקן placeholder: הצמד המקורי זהה אצל 15 פרויקטים; הוזז 1.1 ק״מ למקור המפורט. בדיקה אנושית למגרש יחיד: תכנית 404-0117507 כוללת 4 תאי מגורים (1;2;3;4); הנקודה נמצאת בתוך איחוד תאי המגורים הרשמיים, אך אין בעמוד הוכחה איזה תא הוא הפרויקט."
%d7%99%d7%9c%d7%93%d7%99-%d7%98%d7%94%d7%a8%d7%9f,32.065459,34.806163,https://ags.iplan.gov.il/arcgisiplan/rest/services/PlanningPublic/Xplan/MapServer/4/query?where=mp_id%3D5000340191+AND+%28mavat_name+LIKE+%27%25%D7%9E%D7%92%D7%95%D7%A8%D7%99%D7%9D%25%27+OR+mavat_name+LIKE+%27%25%D7%93%D7%99%D7%95%D7%A8%25%27%29&outFields=mp_id%2Cpl_id%2Cpl_number%2Cpl_name%2Cnum%2Cmavat_code%2Cmavat_name%2Clegal_area%2Cshape_area%2Cshape_length%2Cstation_desc%2Clast_update_date&returnGeometry=true&outSR=4326&f=geojson,בינונית,"תוקן placeholder: הצמד המקורי זהה אצל 24 פרויקטים; הוזז 966 מ׳ למקור המפורט. בדיקה אנושית למגרש יחיד: תכנית 503-0277228 כוללת 3 תאי מגורים (3A;3B;3C); הנקודה נמצאת בתוך איחוד תאי המגורים הרשמיים, אך אין בעמוד הוכחה איזה תא הוא הפרויקט."
%d7%a9%d7%98%d7%a8%d7%9f-373941,31.752292,35.177152,https://ags.iplan.gov.il/arcgisiplan/rest/services/PlanningPublic/Xplan/MapServer/4/query?where=mp_id%3D1000405813+AND+%28mavat_name+LIKE+%27%25%D7%9E%D7%92%D7%95%D7%A8%D7%99%D7%9D%25%27+OR+mavat_name+LIKE+%27%25%D7%93%D7%99%D7%95%D7%A8%25%27%29&outFields=mp_id%2Cpl_id%2Cpl_number%2Cpl_name%2Cnum%2Cmavat_code%2Cmavat_name%2Clegal_area%2Cshape_area%2Cshape_length%2Cstation_desc%2Clast_update_date&returnGeometry=true&outSR=4326&f=geojson,בינונית,"תוקן placeholder: הצמד המקורי זהה אצל 197 פרויקטים; הוזז 5.5 ק״מ למקור המפורט. בדיקה אנושית למגרש יחיד: תכנית 101-0409656 כוללת 2 תאי מגורים (1;3); הנקודה נמצאת בתוך איחוד תאי המגורים הרשמיים, אך אין בעמוד הוכחה איזה תא הוא הפרויקט."
%d7%90%d7%95%d7%a8-%d7%92%d7%a0%d7%99%d7%9d,31.758741,35.176956,https://ags.iplan.gov.il/arcgisiplan/rest/services/PlanningPublic/Xplan/MapServer/4/query?where=mp_id%3D1000372755+AND+%28mavat_name+LIKE+%27%25%D7%9E%D7%92%D7%95%D7%A8%D7%99%D7%9D%25%27+OR+mavat_name+LIKE+%27%25%D7%93%D7%99%D7%95%D7%A8%25%27%29&outFields=mp_id%2Cpl_id%2Cpl_number%2Cpl_name%2Cnum%2Cmavat_code%2Cmavat_name%2Clegal_area%2Cshape_area%2Cshape_length%2Cstation_desc%2Clast_update_date&returnGeometry=true&outSR=4326&f=geojson,בינונית,"תוקן placeholder: הצמד המקורי זהה אצל 197 פרויקטים; הוזז 5.1 ק״מ למקור המפורט. בדיקה אנושית למגרש יחיד: תכנית 101-0345298 כוללת 3 תאי מגורים (100;101;102); הנקודה נמצאת בתוך איחוד תאי המגורים הרשמיים, אך אין בעמוד הוכחה איזה תא הוא הפרויקט."
%d7%a2%d7%9e%d7%a7-%d7%94%d7%99%d7%95%d7%91%d7%9c,31.767201,35.179377,https://ags.iplan.gov.il/arcgisiplan/rest/services/PlanningPublic/Xplan/MapServer/4/query?where=mp_id%3D1000387429+AND+%28mavat_name+LIKE+%27%25%D7%9E%D7%92%D7%95%D7%A8%D7%99%D7%9D%25%27+OR+mavat_name+LIKE+%27%25%D7%93%D7%99%D7%95%D7%A8%25%27%29&outFields=mp_id%2Cpl_id%2Cpl_number%2Cpl_name%2Cnum%2Cmavat_code%2Cmavat_name%2Clegal_area%2Cshape_area%2Cshape_length%2Cstation_desc%2Clast_update_date&returnGeometry=true&outSR=4326&f=geojson,בינונית,"תוקן placeholder: הצמד המקורי זהה אצל 197 פרויקטים; הוזז 4.6 ק״מ למקור המפורט. בדיקה אנושית למגרש יחיד: תכנית 101-0373522 כוללת 2 תאי מגורים (100A;100B); הנקודה נמצאת בתוך איחוד תאי המגורים הרשמיים, אך אין בעמוד הוכחה איזה תא הוא הפרויקט."
%d7%a7%d7%9c%d7%a0%d7%a8,31.768049,35.171064,https://ags.iplan.gov.il/arcgisiplan/rest/services/PlanningPublic/Xplan/MapServer/4/query?where=mp_id%3D1000474471+AND+%28mavat_name+LIKE+%27%25%D7%9E%D7%92%D7%95%D7%A8%D7%99%D7%9D%25%27+OR+mavat_name+LIKE+%27%25%D7%93%D7%99%D7%95%D7%A8%25%27%29&outFields=mp_id%2Cpl_id%2Cpl_number%2Cpl_name%2Cnum%2Cmavat_code%2Cmavat_name%2Clegal_area%2Cshape_area%2Cshape_length%2Cstation_desc%2Clast_update_date&returnGeometry=true&outSR=4326&f=geojson,בינונית,"תוקן placeholder: הצמד המקורי זהה אצל 197 פרויקטים; הוזז 5.3 ק״מ למקור המפורט. בדיקה אנושית למגרש יחיד: תכנית 101-0468355 כוללת 2 תאי מגורים (1;2); הנקודה נמצאת בתוך איחוד תאי המגורים הרשמיים, אך אין בעמוד הוכחה איזה תא הוא הפרויקט."
%d7%91%d7%a8%d7%9c-%d7%9c%d7%95%d7%a7%d7%a8-13,31.750773,35.202560,https://ags.iplan.gov.il/arcgisiplan/rest/services/PlanningPublic/Xplan/MapServer/4/query?where=mp_id%3D1000399927+AND+%28mavat_name+LIKE+%27%25%D7%9E%D7%92%D7%95%D7%A8%D7%99%D7%9D%25%27+OR+mavat_name+LIKE+%27%25%D7%93%D7%99%D7%95%D7%A8%25%27%29&outFields=mp_id%2Cpl_id%2Cpl_number%2Cpl_name%2Cnum%2Cmavat_code%2Cmavat_name%2Clegal_area%2Cshape_area%2Cshape_length%2Cstation_desc%2Clast_update_date&returnGeometry=true&outSR=4326&f=geojson,גבוהה,תוקן placeholder: הצמד המקורי זהה אצל 197 פרויקטים; הוזז 3.8 ק״מ למקור המפורט. אומת מול תא מגורים רשמי יחיד 100 בתכנית 101-0397752; הנקודה בתוך התא הרשמי.
%d7%91%d7%99%d7%9c%d7%95,32.154612,34.841072,https://ags.iplan.gov.il/arcgisiplan/rest/services/PlanningPublic/Xplan/MapServer/4/query?where=mp_id%3D5000407579+AND+%28mavat_name+LIKE+%27%25%D7%9E%D7%92%D7%95%D7%A8%D7%99%D7%9D%25%27+OR+mavat_name+LIKE+%27%25%D7%93%D7%99%D7%95%D7%A8%25%27%29&outFields=mp_id%2Cpl_id%2Cpl_number%2Cpl_name%2Cnum%2Cmavat_code%2Cmavat_name%2Clegal_area%2Cshape_area%2Cshape_length%2Cstation_desc%2Clast_update_date&returnGeometry=true&outSR=4326&f=geojson,בינונית,"תוקן placeholder: הצמד המקורי זהה אצל 25 פרויקטים; הוזז 1.3 ק״מ למקור המפורט. בדיקה אנושית למגרש יחיד: תכנית 504-0413336 כוללת 4 תאי מגורים (101;102;200;201); הנקודה נמצאת בתוך איחוד תאי המגורים הרשמיים, אך אין בעמוד הוכחה איזה תא הוא הפרויקט."
%d7%9e%d7%91%d7%a6%d7%a2-%d7%a1%d7%99%d7%a0%d7%99-25-27,32.020612,34.758987,https://ags.iplan.gov.il/arcgisiplan/rest/services/PlanningPublic/Xplan/MapServer/4/query?where=mp_id%3D5000370659+AND+%28mavat_name+LIKE+%27%25%D7%9E%D7%92%D7%95%D7%A8%D7%99%D7%9D%25%27+OR+mavat_name+LIKE+%27%25%D7%93%D7%99%D7%95%D7%A8%25%27%29&outFields=mp_id%2Cpl_id%2Cpl_number%2Cpl_name%2Cnum%2Cmavat_code%2Cmavat_name%2Clegal_area%2Cshape_area%2Cshape_length%2Cstation_desc%2Clast_update_date&returnGeometry=true&outSR=4326&f=geojson,גבוהה,תוקן placeholder: הצמד המקורי זהה אצל 38 פרויקטים; הוזז 982 מ׳ למקור המפורט. אומת מול תא מגורים רשמי יחיד 11 בתכנית 502-0341255; הנקודה בתוך התא הרשמי.
%d7%a4%d7%a8%d7%91%d7%a9%d7%98%d7%99%d7%99%d7%9f-%d7%97%d7%93%d7%a9,31.783552,35.192056,https://ags.iplan.gov.il/arcgisiplan/rest/services/PlanningPublic/Xplan/MapServer/4/query?where=mp_id%3D1000398673+AND+%28mavat_name+LIKE+%27%25%D7%9E%D7%92%D7%95%D7%A8%D7%99%D7%9D%25%27+OR+mavat_name+LIKE+%27%25%D7%93%D7%99%D7%95%D7%A8%25%27%29&outFields=mp_id%2Cpl_id%2Cpl_number%2Cpl_name%2Cnum%2Cmavat_code%2Cmavat_name%2Clegal_area%2Cshape_area%2Cshape_length%2Cstation_desc%2Clast_update_date&returnGeometry=true&outSR=4326&f=geojson,גבוהה,תוקן placeholder: הצמד המקורי זהה אצל 197 פרויקטים; הוזז 3.2 ק״מ למקור המפורט. אומת מול תא מגורים רשמי יחיד 1 בתכנית 101-0395152; הנקודה בתוך התא הרשמי.
%d7%99%d7%a6%d7%97%d7%a7-%d7%94%d7%a0%d7%a9%d7%99%d7%90,31.803551,34.646167,https://ags.iplan.gov.il/arcgisiplan/rest/services/PlanningPublic/Xplan/MapServer/4/query?where=mp_id%3D6005230368+AND+%28mavat_name+LIKE+%27%25%D7%9E%D7%92%D7%95%D7%A8%D7%99%D7%9D%25%27+OR+mavat_name+LIKE+%27%25%D7%93%D7%99%D7%95%D7%A8%25%27%29&outFields=mp_id%2Cpl_id%2Cpl_number%2Cpl_name%2Cnum%2Cmavat_code%2Cmavat_name%2Clegal_area%2Cshape_area%2Cshape_length%2Cstation_desc%2Clast_update_date&returnGeometry=true&outSR=4326&f=geojson,בינונית,"תוקן placeholder: הצמד המקורי זהה אצל 17 פרויקטים; הוזז 914 מ׳ למקור המפורט. בדיקה אנושית למגרש יחיד: תכנית 603-1097815 כוללת 5 תאי מגורים (2;3;4;5;6); הנקודה נמצאת בתוך איחוד תאי המגורים הרשמיים, אך אין בעמוד הוכחה איזה תא הוא הפרויקט."
%d7%94%d7%a8-%d7%9e%d7%99%d7%a8%d7%95%d7%9f-%d7%a0%d7%95%d7%95%d7%94-%d7%99%d7%a9%d7%a8%d7%90%d7%9c,32.157966,34.836218,https://ags.iplan.gov.il/arcgisiplan/rest/services/PlanningPublic/Xplan/MapServer/4/query?where=mp_id%3D5000387377+AND+%28mavat_name+LIKE+%27%25%D7%9E%D7%92%D7%95%D7%A8%D7%99%D7%9D%25%27+OR+mavat_name+LIKE+%27%25%D7%93%D7%99%D7%95%D7%A8%25%27%29&outFields=mp_id%2Cpl_id%2Cpl_number%2Cpl_name%2Cnum%2Cmavat_code%2Cmavat_name%2Clegal_area%2Cshape_area%2Cshape_length%2Cstation_desc%2Clast_update_date&returnGeometry=true&outSR=4326&f=geojson,בינונית,"תוקן placeholder: הצמד המקורי זהה אצל 25 פרויקטים; הוזז 1.3 ק״מ למקור המפורט. בדיקה אנושית למגרש יחיד: תכנית 504-0373290 כוללת 5 תאי מגורים (11;12;20;13A;13B); הנקודה נמצאת בתוך איחוד תאי המגורים הרשמיים, אך אין בעמוד הוכחה איזה תא הוא הפרויקט."
%d7%94%d7%92%d7%93%d7%95%d7%93-%d7%94%d7%a2%d7%91%d7%a8%d7%99,32.439770,34.888635,https://ags.iplan.gov.il/arcgisiplan/rest/services/PlanningPublic/Xplan/MapServer/4/query?where=mp_id%3D3000976677+AND+%28mavat_name+LIKE+%27%25%D7%9E%D7%92%D7%95%D7%A8%D7%99%D7%9D%25%27+OR+mavat_name+LIKE+%27%25%D7%93%D7%99%D7%95%D7%A8%25%27%29&outFields=mp_id%2Cpl_id%2Cpl_number%2Cpl_name%2Cnum%2Cmavat_code%2Cmavat_name%2Clegal_area%2Cshape_area%2Cshape_length%2Cstation_desc%2Clast_update_date&returnGeometry=true&outSR=4326&f=geojson,גבוהה,תוקן placeholder: הצמד המקורי זהה אצל 21 פרויקטים; הוזז 4.8 ק״מ למקור המפורט. אומת מול תא מגורים רשמי יחיד 101 בתכנית 302-0707414; הנקודה בתוך התא הרשמי.
%d7%94%d7%a8%d7%91-%d7%9e%d7%99%d7%9e%d7%95%d7%9f-%d7%90%d7%a0%d7%94-%d7%a4%d7%a8%d7%a0%d7%a7,32.007677,34.754065,https://ags.iplan.gov.il/arcgisiplan/rest/services/PlanningPublic/Xplan/MapServer/4/query?where=mp_id%3D5000355463+AND+%28mavat_name+LIKE+%27%25%D7%9E%D7%92%D7%95%D7%A8%D7%99%D7%9D%25%27+OR+mavat_name+LIKE+%27%25%D7%93%D7%99%D7%95%D7%A8%25%27%29&outFields=mp_id%2Cpl_id%2Cpl_number%2Cpl_name%2Cnum%2Cmavat_code%2Cmavat_name%2Clegal_area%2Cshape_area%2Cshape_length%2Cstation_desc%2Clast_update_date&returnGeometry=true&outSR=4326&f=geojson,גבוהה,תוקן placeholder: הצמד המקורי זהה אצל 38 פרויקטים; הוזז 927 מ׳ למקור המפורט. אומת מול תא מגורים רשמי יחיד 201 בתכנית 502-0310714; הנקודה בתוך התא הרשמי.
%d7%a9%d7%98%d7%a8%d7%9f-293133,31.752822,35.178986,https://ags.iplan.gov.il/arcgisiplan/rest/services/PlanningPublic/Xplan/MapServer/4/query?where=mp_id%3D1000367057+AND+%28mavat_name+LIKE+%27%25%D7%9E%D7%92%D7%95%D7%A8%D7%99%D7%9D%25%27+OR+mavat_name+LIKE+%27%25%D7%93%D7%99%D7%95%D7%A8%25%27%29&outFields=mp_id%2Cpl_id%2Cpl_number%2Cpl_name%2Cnum%2Cmavat_code%2Cmavat_name%2Clegal_area%2Cshape_area%2Cshape_length%2Cstation_desc%2Clast_update_date&returnGeometry=true&outSR=4326&f=geojson,בינונית,"תוקן placeholder: הצמד המקורי זהה אצל 197 פרויקטים; הוזז 5.3 ק״מ למקור המפורט. בדיקה אנושית למגרש יחיד: תכנית 101-0334334 כוללת 3 תאי מגורים (1;2;3); הנקודה נמצאת בתוך איחוד תאי המגורים הרשמיים, אך אין בעמוד הוכחה איזה תא הוא הפרויקט."
%d7%94%d7%a7%d7%a6%d7%99%d7%9f-%d7%a1%d7%99%d7%9c%d7%91%d7%a8,31.747755,35.216895,https://ags.iplan.gov.il/arcgisiplan/rest/services/PlanningPublic/Xplan/MapServer/4/query?where=mp_id%3D1005111370+AND+%28mavat_name+LIKE+%27%25%D7%9E%D7%92%D7%95%D7%A8%D7%99%D7%9D%25%27+OR+mavat_name+LIKE+%27%25%D7%93%D7%99%D7%95%D7%A8%25%27%29&outFields=mp_id%2Cpl_id%2Cpl_number%2Cpl_name%2Cnum%2Cmavat_code%2Cmavat_name%2Clegal_area%2Cshape_area%2Cshape_length%2Cstation_desc%2Clast_update_date&returnGeometry=true&outSR=4326&f=geojson,בינונית,"תוקן placeholder: הצמד המקורי זהה אצל 197 פרויקטים; הוזז 3.6 ק״מ למקור המפורט. בדיקה אנושית למגרש יחיד: תכנית 101-0928176 כוללת 2 תאי מגורים (1;2); הנקודה נמצאת בתוך איחוד תאי המגורים הרשמיים, אך אין בעמוד הוכחה איזה תא הוא הפרויקט."
%d7%9e%d7%aa%d7%97%d7%9d-%d7%94%d7%a8%d7%95%d7%90%d7%94-757779,32.083270,34.824913,https://ags.iplan.gov.il/arcgisiplan/rest/services/PlanningPublic/Xplan/MapServer/4/query?where=mp_id%3D5000342525+AND+%28mavat_name+LIKE+%27%25%D7%9E%D7%92%D7%95%D7%A8%D7%99%D7%9D%25%27+OR+mavat_name+LIKE+%27%25%D7%93%D7%99%D7%95%D7%A8%25%27%29&outFields=mp_id%2Cpl_id%2Cpl_number%2Cpl_name%2Cnum%2Cmavat_code%2Cmavat_name%2Clegal_area%2Cshape_area%2Cshape_length%2Cstation_desc%2Clast_update_date&returnGeometry=true&outSR=4326&f=geojson,גבוהה,תוקן placeholder: הצמד המקורי זהה אצל 76 פרויקטים; הוזז 1.6 ק״מ למקור המפורט. אומת מול תא מגורים רשמי יחיד 100 בתכנית 506-0282186; הנקודה בתוך התא הרשמי.
%d7%9b%d7%98-%d7%91%d7%a0%d7%95%d7%91%d7%9e%d7%91%d7%a8-%d7%9e%d7%90%d7%95%d7%97%d7%93,32.007895,34.760257,https://ags.iplan.gov.il/arcgisiplan/rest/services/PlanningPublic/Xplan/MapServer/4/query?where=mp_id%3D5001003681+AND+%28mavat_name+LIKE+%27%25%D7%9E%D7%92%D7%95%D7%A8%D7%99%D7%9D%25%27+OR+mavat_name+LIKE+%27%25%D7%93%D7%99%D7%95%D7%A8%25%27%29&outFields=mp_id%2Cpl_id%2Cpl_number%2Cpl_name%2Cnum%2Cmavat_code%2Cmavat_name%2Clegal_area%2Cshape_area%2Cshape_length%2Cstation_desc%2Clast_update_date&returnGeometry=true&outSR=4326&f=geojson,בינונית,"תוקן placeholder: הצמד המקורי זהה אצל 38 פרויקטים; הוזז 1.2 ק״מ למקור המפורט. בדיקה אנושית למגרש יחיד: תכנית 502-0749986 כוללת 2 תאי מגורים (300;301); הנקודה נמצאת בתוך איחוד תאי המגורים הרשמיים, אך אין בעמוד הוכחה איזה תא הוא הפרויקט."
%d7%a8%d7%9e%d7%aa-%d7%94%d7%a9%d7%a7%d7%9e%d7%94-%d7%a8%d7%97-%d7%a9%d7%9c%d7%9d,32.047514,34.815885,https://ags.iplan.gov.il/arcgisiplan/rest/services/PlanningPublic/Xplan/MapServer/4/query?where=mp_id%3D5000302483+AND+%28mavat_name+LIKE+%27%25%D7%9E%D7%92%D7%95%D7%A8%D7%99%D7%9D%25%27+OR+mavat_name+LIKE+%27%25%D7%93%D7%99%D7%95%D7%A8%25%27%29&outFields=mp_id%2Cpl_id%2Cpl_number%2Cpl_name%2Cnum%2Cmavat_code%2Cmavat_name%2Clegal_area%2Cshape_area%2Cshape_length%2Cstation_desc%2Clast_update_date&returnGeometry=true&outSR=4326&f=geojson,גבוהה,תוקן placeholder: הצמד המקורי זהה אצל 76 פרויקטים; הוזז 2.5 ק״מ למקור המפורט. אומת מול תא מגורים רשמי יחיד 101 בתכנית 506-0202762; הנקודה בתוך התא הרשמי.
%d7%90%d7%99%d7%9c%d7%aa-2,32.020921,34.759700,https://ags.iplan.gov.il/arcgisiplan/rest/services/PlanningPublic/Xplan/MapServer/4/query?where=mp_id%3D5000636831+AND+%28mavat_name+LIKE+%27%25%D7%9E%D7%92%D7%95%D7%A8%D7%99%D7%9D%25%27+OR+mavat_name+LIKE+%27%25%D7%93%D7%99%D7%95%D7%A8%25%27%29&outFields=mp_id%2Cpl_id%2Cpl_number%2Cpl_name%2Cnum%2Cmavat_code%2Cmavat_name%2Clegal_area%2Cshape_area%2Cshape_length%2Cstation_desc%2Clast_update_date&returnGeometry=true&outSR=4326&f=geojson,בינונית,"תוקן placeholder: הצמד המקורי זהה אצל 38 פרויקטים; הוזז 1.1 ק״מ למקור המפורט. בדיקה אנושית למגרש יחיד: תכנית 502-0492876 כוללת 7 תאי מגורים (2;3;4;6;7;8;9); הנקודה נמצאת בתוך איחוד תאי המגורים הרשמיים, אך אין בעמוד הוכחה איזה תא הוא הפרויקט."
%d7%90%d7%99%d7%9c%d7%aa-%d7%90%d7%9c%d7%99%d7%a4%d7%9c%d7%98,32.057472,34.763774,https://ags.iplan.gov.il/arcgisiplan/rest/services/PlanningPublic/Xplan/MapServer/4/query?where=mp_id%3D5000263543+AND+%28mavat_name+LIKE+%27%25%D7%9E%D7%92%D7%95%D7%A8%D7%99%D7%9D%25%27+OR+mavat_name+LIKE+%27%25%D7%93%D7%99%D7%95%D7%A8%25%27%29&outFields=mp_id%2Cpl_id%2Cpl_number%2Cpl_name%2Cnum%2Cmavat_code%2Cmavat_name%2Clegal_area%2Cshape_area%2Cshape_length%2Cstation_desc%2Clast_update_date&returnGeometry=true&outSR=4326&f=geojson,בינונית,"תוקן placeholder: הצמד המקורי זהה אצל 57 פרויקטים; הוזז 3.5 ק״מ למקור המפורט. בדיקה אנושית למגרש יחיד: תכנית 507-0137190 כוללת 2 תאי מגורים (101;601); הנקודה נמצאת בתוך איחוד תאי המגורים הרשמיים, אך אין בעמוד הוכחה איזה תא הוא הפרויקט."
%d7%94%d7%a2%d7%a6%d7%9e%d7%90%d7%95%d7%aa,32.028585,34.862603,https://ags.iplan.gov.il/arcgisiplan/rest/services/PlanningPublic/Xplan/MapServer/4/query?where=mp_id%3D5000343541+AND+%28mavat_name+LIKE+%27%25%D7%9E%D7%92%D7%95%D7%A8%D7%99%D7%9D%25%27+OR+mavat_name+LIKE+%27%25%D7%93%D7%99%D7%95%D7%A8%25%27%29&outFields=mp_id%2Cpl_id%2Cpl_number%2Cpl_name%2Cnum%2Cmavat_code%2Cmavat_name%2Clegal_area%2Cshape_area%2Cshape_length%2Cstation_desc%2Clast_update_date&returnGeometry=true&outSR=4326&f=geojson,בינונית,"תוקן placeholder: הצמד המקורי זהה אצל 9 פרויקטים; הוזז 180 מ׳ למקור המפורט. בדיקה אנושית למגרש יחיד: תכנית 552-0284398 כוללת 12 תאי מגורים (101;102;103;104;105;106;107;108;109;110;111;112); הנקודה נמצאת בתוך איחוד תאי המגורים הרשמיים, אך אין בעמוד הוכחה איזה תא הוא הפרויקט."
%d7%9c%d7%9e%d7%a8%d7%97%d7%91,32.471751,34.961891,https://ags.iplan.gov.il/arcgisiplan/rest/services/PlanningPublic/Xplan/MapServer/4/query?where=mp_id%3D3000547177+AND+%28mavat_name+LIKE+%27%25%D7%9E%D7%92%D7%95%D7%A8%D7%99%D7%9D%25%27+OR+mavat_name+LIKE+%27%25%D7%93%D7%99%D7%95%D7%A8%25%27%29&outFields=mp_id%2Cpl_id%2Cpl_number%2Cpl_name%2Cnum%2Cmavat_code%2Cmavat_name%2Clegal_area%2Cshape_area%2Cshape_length%2Cstation_desc%2Clast_update_date&returnGeometry=true&outSR=4326&f=geojson,גבוהה,תוקן placeholder: הצמד המקורי זהה אצל 3 פרויקטים; הוזז 1.3 ק״מ למקור המפורט. אומת מול תא מגורים רשמי יחיד 501 בתכנית 308-0479873; הנקודה בתוך התא הרשמי.
%d7%91%d7%a8%d7%90%d7%a9%d7%99%d7%aa-3-7,32.070088,34.815859,https://ags.iplan.gov.il/arcgisiplan/rest/services/PlanningPublic/Xplan/MapServer/4/query?where=mp_id%3D5000271073+AND+%28mavat_name+LIKE+%27%25%D7%9E%D7%92%D7%95%D7%A8%D7%99%D7%9D%25%27+OR+mavat_name+LIKE+%27%25%D7%93%D7%99%D7%95%D7%A8%25%27%29&outFields=mp_id%2Cpl_id%2Cpl_number%2Cpl_name%2Cnum%2Cmavat_code%2Cmavat_name%2Clegal_area%2Cshape_area%2Cshape_length%2Cstation_desc%2Clast_update_date&returnGeometry=true&outSR=4326&f=geojson,גבוהה,תוקן placeholder: הצמד המקורי זהה אצל 24 פרויקטים; הוזז 533 מ׳ למקור המפורט. אומת מול תא מגורים רשמי יחיד 1 בתכנית 503-0147389; הנקודה בתוך התא הרשמי.
%d7%a9%d7%98%d7%a8%d7%9f-34-42,31.753356,35.176891,https://ags.iplan.gov.il/arcgisiplan/rest/services/PlanningPublic/Xplan/MapServer/4/query?where=mp_id%3D1000358453+AND+%28mavat_name+LIKE+%27%25%D7%9E%D7%92%D7%95%D7%A8%D7%99%D7%9D%25%27+OR+mavat_name+LIKE+%27%25%D7%93%D7%99%D7%95%D7%A8%25%27%29&outFields=mp_id%2Cpl_id%2Cpl_number%2Cpl_name%2Cnum%2Cmavat_code%2Cmavat_name%2Clegal_area%2Cshape_area%2Cshape_length%2Cstation_desc%2Clast_update_date&returnGeometry=true&outSR=4326&f=geojson,גבוהה,תוקן placeholder: הצמד המקורי זהה אצל 197 פרויקטים; הוזז 5.4 ק״מ למקור המפורט. אומת מול תא מגורים רשמי יחיד 1 בתכנית 101-0317016; הנקודה בתוך התא הרשמי.
%d7%a9%d7%99%d7%a0%d7%93%d7%9c%d7%a8,32.030128,34.743166,https://ags.iplan.gov.il/arcgisiplan/rest/services/PlanningPublic/Xplan/MapServer/4/query?where=mp_id%3D5000289357+AND+%28mavat_name+LIKE+%27%25%D7%9E%D7%92%D7%95%D7%A8%D7%99%D7%9D%25%27+OR+mavat_name+LIKE+%27%25%D7%93%D7%99%D7%95%D7%A8%25%27%29&outFields=mp_id%2Cpl_id%2Cpl_number%2Cpl_name%2Cnum%2Cmavat_code%2Cmavat_name%2Clegal_area%2Cshape_area%2Cshape_length%2Cstation_desc%2Clast_update_date&returnGeometry=true&outSR=4326&f=geojson,גבוהה,תוקן placeholder: הצמד המקורי זהה אצל 38 פרויקטים; הוזז 1.8 ק״מ למקור המפורט. אומת מול תא מגורים רשמי יחיד 103 בתכנית 502-0178285; הנקודה בתוך התא הרשמי.
%d7%a9%d7%99%d7%9b%d7%95%d7%9f-%d7%95%d7%99%d7%a6%d7%9e%d7%9f,32.163039,34.833328,https://ags.iplan.gov.il/arcgisiplan/rest/services/PlanningPublic/Xplan/MapServer/4/query?where=mp_id%3D5000313125+AND+%28mavat_name+LIKE+%27%25%D7%9E%D7%92%D7%95%D7%A8%D7%99%D7%9D%25%27+OR+mavat_name+LIKE+%27%25%D7%93%D7%99%D7%95%D7%A8%25%27%29&outFields=mp_id%2Cpl_id%2Cpl_number%2Cpl_name%2Cnum%2Cmavat_code%2Cmavat_name%2Clegal_area%2Cshape_area%2Cshape_length%2Cstation_desc%2Clast_update_date&returnGeometry=true&outSR=4326&f=geojson,בינונית,"תוקן placeholder: הצמד המקורי זהה אצל 25 פרויקטים; הוזז 1.3 ק״מ למקור המפורט. בדיקה אנושית למגרש יחיד: תכנית 504-0222943 כוללת 7 תאי מגורים (10;11;12;13;14;15A;15B); הנקודה נמצאת בתוך איחוד תאי המגורים הרשמיים, אך אין בעמוד הוכחה איזה תא הוא הפרויקט."
%d7%90%d7%91%d7%9f-%d7%a2%d7%96%d7%a8%d7%90,31.794779,34.646743,https://ags.iplan.gov.il/arcgisiplan/rest/services/PlanningPublic/Xplan/MapServer/4/query?where=mp_id%3D6000337311+AND+%28mavat_name+LIKE+%27%25%D7%9E%D7%92%D7%95%D7%A8%D7%99%D7%9D%25%27+OR+mavat_name+LIKE+%27%25%D7%93%D7%99%D7%95%D7%A8%25%27%29&outFields=mp_id%2Cpl_id%2Cpl_number%2Cpl_name%2Cnum%2Cmavat_code%2Cmavat_name%2Clegal_area%2Cshape_area%2Cshape_length%2Cstation_desc%2Clast_update_date&returnGeometry=true&outSR=4326&f=geojson,בינונית,"תוקן placeholder: הצמד המקורי זהה אצל 17 פרויקטים; הוזז 676 מ׳ למקור המפורט. בדיקה אנושית למגרש יחיד: תכנית 603-0271296 כוללת 3 תאי מגורים (1;2;3); הנקודה נמצאת בתוך איחוד תאי המגורים הרשמיים, אך אין בעמוד הוכחה איזה תא הוא הפרויקט."
%d7%90%d7%a4%d7%a8%d7%a1%d7%9e%d7%95%d7%9f,31.735104,35.202409,https://ags.iplan.gov.il/arcgisiplan/rest/services/PlanningPublic/Xplan/MapServer/4/query?where=mp_id%3D1000402571+AND+%28mavat_name+LIKE+%27%25%D7%9E%D7%92%D7%95%D7%A8%D7%99%D7%9D%25%27+OR+mavat_name+LIKE+%27%25%D7%93%D7%99%D7%95%D7%A8%25%27%29&outFields=mp_id%2Cpl_id%2Cpl_number%2Cpl_name%2Cnum%2Cmavat_code%2Cmavat_name%2Clegal_area%2Cshape_area%2Cshape_length%2Cstation_desc%2Clast_update_date&returnGeometry=true&outSR=4326&f=geojson,בינונית,"תוקן placeholder: הצמד המקורי זהה אצל 197 פרויקטים; הוזז 5.3 ק״מ למקור המפורט. בדיקה אנושית למגרש יחיד: תכנית 101-0403428 כוללת 5 תאי מגורים (101;102;103;104;105); הנקודה נמצאת בתוך איחוד תאי המגורים הרשמיים, אך אין בעמוד הוכחה איזה תא הוא הפרויקט."
%d7%9e%d7%a6%d7%93%d7%94,32.013669,34.758153,https://ags.iplan.gov.il/arcgisiplan/rest/services/PlanningPublic/Xplan/MapServer/4/query?where=mp_id%3D5000267757+AND+%28mavat_name+LIKE+%27%25%D7%9E%D7%92%D7%95%D7%A8%D7%99%D7%9D%25%27+OR+mavat_name+LIKE+%27%25%D7%93%D7%99%D7%95%D7%A8%25%27%29&outFields=mp_id%2Cpl_id%2Cpl_number%2Cpl_name%2Cnum%2Cmavat_code%2Cmavat_name%2Clegal_area%2Cshape_area%2Cshape_length%2Cstation_desc%2Clast_update_date&returnGeometry=true&outSR=4326&f=geojson,בינונית,"תוקן placeholder: הצמד המקורי זהה אצל 38 פרויקטים; הוזז 746 מ׳ למקור המפורט. בדיקה אנושית למגרש יחיד: תכנית 502-0143628 כוללת 4 תאי מגורים (101;102;104;105); הנקודה נמצאת בתוך איחוד תאי המגורים הרשמיים, אך אין בעמוד הוכחה איזה תא הוא הפרויקט."
%d7%90%d7%99%d7%99%d7%9c%d7%95%d7%9f-%d7%99%d7%95%d7%a1%d7%a4%d7%98%d7%9c,32.015733,34.760455,https://ags.iplan.gov.il/arcgisiplan/rest/services/PlanningPublic/Xplan/MapServer/4/query?where=mp_id%3D5000418807+AND+%28mavat_name+LIKE+%27%25%D7%9E%D7%92%D7%95%D7%A8%D7%99%D7%9D%25%27+OR+mavat_name+LIKE+%27%25%D7%93%D7%99%D7%95%D7%A8%25%27%29&outFields=mp_id%2Cpl_id%2Cpl_number%2Cpl_name%2Cnum%2Cmavat_code%2Cmavat_name%2Clegal_area%2Cshape_area%2Cshape_length%2Cstation_desc%2Clast_update_date&returnGeometry=true&outSR=4326&f=geojson,בינונית,"תוקן placeholder: הצמד המקורי זהה אצל 38 פרויקטים; הוזז 936 מ׳ למקור המפורט. בדיקה אנושית למגרש יחיד: תכנית 502-0436261 כוללת 2 תאי מגורים (101;301); הנקודה נמצאת בתוך איחוד תאי המגורים הרשמיים, אך אין בעמוד הוכחה איזה תא הוא הפרויקט."
%d7%94%d7%a6%d7%a0%d7%97%d7%a0%d7%99%d7%9d,32.116323,34.841562,https://ags.iplan.gov.il/arcgisiplan/rest/services/PlanningPublic/Xplan/MapServer/4/query?where=mp_id%3D5000329183+AND+%28mavat_name+LIKE+%27%25%D7%9E%D7%92%D7%95%D7%A8%D7%99%D7%9D%25%27+OR+mavat_name+LIKE+%27%25%D7%93%D7%99%D7%95%D7%A8%25%27%29&outFields=mp_id%2Cpl_id%2Cpl_number%2Cpl_name%2Cnum%2Cmavat_code%2Cmavat_name%2Clegal_area%2Cshape_area%2Cshape_length%2Cstation_desc%2Clast_update_date&returnGeometry=true&outSR=4326&f=geojson,גבוהה,תוקן placeholder: הצמד המקורי זהה אצל 57 פרויקטים; הוזז 6.6 ק״מ למקור המפורט. אומת מול תא מגורים רשמי יחיד 401 בתכנית 507-0254292; הנקודה בתוך התא הרשמי.
%d7%94%d7%a9%d7%91%d7%98%d7%99%d7%9d,32.004380,34.748774,https://ags.iplan.gov.il/arcgisiplan/rest/services/PlanningPublic/Xplan/MapServer/4/query?where=mp_id%3D5000274343+AND+%28mavat_name+LIKE+%27%25%D7%9E%D7%92%D7%95%D7%A8%D7%99%D7%9D%25%27+OR+mavat_name+LIKE+%27%25%D7%93%D7%99%D7%95%D7%A8%25%27%29&outFields=mp_id%2Cpl_id%2Cpl_number%2Cpl_name%2Cnum%2Cmavat_code%2Cmavat_name%2Clegal_area%2Cshape_area%2Cshape_length%2Cstation_desc%2Clast_update_date&returnGeometry=true&outSR=4326&f=geojson,בינונית,"תוקן placeholder: הצמד המקורי זהה אצל 38 פרויקטים; הוזז 1.2 ק״מ למקור המפורט. בדיקה אנושית למגרש יחיד: תכנית 502-0151878 כוללת 5 תאי מגורים (202;101A;101B;102A;102B); הנקודה נמצאת בתוך איחוד תאי המגורים הרשמיים, אך אין בעמוד הוכחה איזה תא הוא הפרויקט."
%d7%a9%d7%a2%d7%a8-%d7%94%d7%a2%d7%99%d7%a8-%d7%91%d7%9f-%d7%92%d7%95%d7%a8%d7%99%d7%95%d7%9f,32.077281,34.845977,https://ags.iplan.gov.il/arcgisiplan/rest/services/PlanningPublic/Xplan/MapServer/4/query?where=mp_id%3D4000284839+AND+%28mavat_name+LIKE+%27%25%D7%9E%D7%92%D7%95%D7%A8%D7%99%D7%9D%25%27+OR+mavat_name+LIKE+%27%25%D7%93%D7%99%D7%95%D7%A8%25%27%29&outFields=mp_id%2Cpl_id%2Cpl_number%2Cpl_name%2Cnum%2Cmavat_code%2Cmavat_name%2Clegal_area%2Cshape_area%2Cshape_length%2Cstation_desc%2Clast_update_date&returnGeometry=true&outSR=4326&f=geojson,בינונית,"תוקן placeholder: הצמד המקורי זהה אצל 4 פרויקטים; הוזז 613 מ׳ למקור המפורט. בדיקה אנושית למגרש יחיד: תכנית 427-0169672 כוללת 2 תאי מגורים (1;2A); הנקודה נמצאת בתוך איחוד תאי המגורים הרשמיים, אך אין בעמוד הוכחה איזה תא הוא הפרויקט."
%d7%91%d7%9f-%d7%92%d7%95%d7%a8%d7%99%d7%95%d7%9f,32.075729,34.846256,https://ags.iplan.gov.il/arcgisiplan/rest/services/PlanningPublic/Xplan/MapServer/4/query?where=mp_id%3D4000256053+AND+%28mavat_name+LIKE+%27%25%D7%9E%D7%92%D7%95%D7%A8%D7%99%D7%9D%25%27+OR+mavat_name+LIKE+%27%25%D7%93%D7%99%D7%95%D7%A8%25%27%29&outFields=mp_id%2Cpl_id%2Cpl_number%2Cpl_name%2Cnum%2Cmavat_code%2Cmavat_name%2Clegal_area%2Cshape_area%2Cshape_length%2Cstation_desc%2Clast_update_date&returnGeometry=true&outSR=4326&f=geojson,גבוהה,תוקן placeholder: הצמד המקורי זהה אצל 4 פרויקטים; הוזז 601 מ׳ למקור המפורט. אומת מול תא מגורים רשמי יחיד 101 בתכנית 427-0124453; הנקודה בתוך התא הרשמי.
%d7%a9%d7%9b%d7%95%d7%a0%d7%94-%d7%92,31.254933,34.807890,https://ags.iplan.gov.il/arcgisiplan/rest/services/PlanningPublic/Xplan/MapServer/4/query?where=mp_id%3D6000294087+AND+%28mavat_name+LIKE+%27%25%D7%9E%D7%92%D7%95%D7%A8%D7%99%D7%9D%25%27+OR+mavat_name+LIKE+%27%25%D7%93%D7%99%D7%95%D7%A8%25%27%29&outFields=mp_id%2Cpl_id%2Cpl_number%2Cpl_name%2Cnum%2Cmavat_code%2Cmavat_name%2Clegal_area%2Cshape_area%2Cshape_length%2Cstation_desc%2Clast_update_date&returnGeometry=true&outSR=4326&f=geojson,גבוהה,תוקן placeholder: הצמד המקורי זהה אצל 13 פרויקטים; הוזז 1.8 ק״מ למקור המפורט. אומת מול תא מגורים רשמי יחיד 470A בתכנית 605-0187609; הנקודה בתוך התא הרשמי.
%d7%a9%d7%93%d7%a8%d7%95%d7%aa-%d7%92%d7%aa,31.615312,34.771140,https://ags.iplan.gov.il/arcgisiplan/rest/services/PlanningPublic/Xplan/MapServer/4/query?where=mp_id%3D6000394673+AND+%28mavat_name+LIKE+%27%25%D7%9E%D7%92%D7%95%D7%A8%D7%99%D7%9D%25%27+OR+mavat_name+LIKE+%27%25%D7%93%D7%99%D7%95%D7%A8%25%27%29&outFields=mp_id%2Cpl_id%2Cpl_number%2Cpl_name%2Cnum%2Cmavat_code%2Cmavat_name%2Clegal_area%2Cshape_area%2Cshape_length%2Cstation_desc%2Clast_update_date&returnGeometry=true&outSR=4326&f=geojson,בינונית,"תוקן placeholder: הצמד המקורי זהה אצל 8 פרויקטים; הוזז 657 מ׳ למקור המפורט. בדיקה אנושית למגרש יחיד: תכנית 606-0387407 כוללת 2 תאי מגורים (101;102); הנקודה נמצאת בתוך איחוד תאי המגורים הרשמיים, אך אין בעמוד הוכחה איזה תא הוא הפרויקט."
%d7%97%d7%a0%d7%94-%d7%a1%d7%a0%d7%a9,32.028870,34.744692,https://ags.iplan.gov.il/arcgisiplan/rest/services/PlanningPublic/Xplan/MapServer/4/query?where=mp_id%3D5000295273+AND+%28mavat_name+LIKE+%27%25%D7%9E%D7%92%D7%95%D7%A8%D7%99%D7%9D%25%27+OR+mavat_name+LIKE+%27%25%D7%93%D7%99%D7%95%D7%A8%25%27%29&outFields=mp_id%2Cpl_id%2Cpl_number%2Cpl_name%2Cnum%2Cmavat_code%2Cmavat_name%2Clegal_area%2Cshape_area%2Cshape_length%2Cstation_desc%2Clast_update_date&returnGeometry=true&outSR=4326&f=geojson,בינונית,"תוקן placeholder: הצמד המקורי זהה אצל 38 פרויקטים; הוזז 1.6 ק״מ למקור המפורט. בדיקה אנושית למגרש יחיד: תכנית 502-0189720 כוללת 2 תאי מגורים (101;201); הנקודה נמצאת בתוך איחוד תאי המגורים הרשמיים, אך אין בעמוד הוכחה איזה תא הוא הפרויקט."
%d7%a1%d7%95%d7%a7%d7%95%d7%9c%d7%95%d7%91-%d7%99%d7%a8%d7%95%d7%a9%d7%9c%d7%99%d7%9d,32.024901,34.741671,https://ags.iplan.gov.il/arcgisiplan/rest/services/PlanningPublic/Xplan/MapServer/4/query?where=mp_id%3D5000301647+AND+%28mavat_name+LIKE+%27%25%D7%9E%D7%92%D7%95%D7%A8%D7%99%D7%9D%25%27+OR+mavat_name+LIKE+%27%25%D7%93%D7%99%D7%95%D7%A8%25%27%29&outFields=mp_id%2Cpl_id%2Cpl_number%2Cpl_name%2Cnum%2Cmavat_code%2Cmavat_name%2Clegal_area%2Cshape_area%2Cshape_length%2Cstation_desc%2Clast_update_date&returnGeometry=true&outSR=4326&f=geojson,גבוהה,תוקן placeholder: הצמד המקורי זהה אצל 38 פרויקטים; הוזז 1.3 ק״מ למקור המפורט. אומת מול תא מגורים רשמי יחיד 100 בתכנית 502-0201483; הנקודה בתוך התא הרשמי.
%d7%a8%d7%9e%d7%91%d7%9d,32.163719,34.843440,https://ags.iplan.gov.il/arcgisiplan/rest/services/PlanningPublic/Xplan/MapServer/4/query?where=mp_id%3D5000288809+AND+%28mavat_name+LIKE+%27%25%D7%9E%D7%92%D7%95%D7%A8%D7%99%D7%9D%25%27+OR+mavat_name+LIKE+%27%25%D7%93%D7%99%D7%95%D7%A8%25%27%29&outFields=mp_id%2Cpl_id%2Cpl_number%2Cpl_name%2Cnum%2Cmavat_code%2Cmavat_name%2Clegal_area%2Cshape_area%2Cshape_length%2Cstation_desc%2Clast_update_date&returnGeometry=true&outSR=4326&f=geojson,גבוהה,תוקן placeholder: הצמד המקורי זהה אצל 25 פרויקטים; הוזז 389 מ׳ למקור המפורט. אומת מול תא מגורים רשמי יחיד 101 בתכנית 504-0177014; הנקודה בתוך התא הרשמי.
%d7%94%d7%99%d7%a1%d7%9e%d7%99%d7%9f,31.610842,34.766798,https://ags.iplan.gov.il/arcgisiplan/rest/services/PlanningPublic/Xplan/MapServer/4/query?where=mp_id%3D6000317783+AND+%28mavat_name+LIKE+%27%25%D7%9E%D7%92%D7%95%D7%A8%D7%99%D7%9D%25%27+OR+mavat_name+LIKE+%27%25%D7%93%D7%99%D7%95%D7%A8%25%27%29&outFields=mp_id%2Cpl_id%2Cpl_number%2Cpl_name%2Cnum%2Cmavat_code%2Cmavat_name%2Clegal_area%2Cshape_area%2Cshape_length%2Cstation_desc%2Clast_update_date&returnGeometry=true&outSR=4326&f=geojson,בינונית,"תוקן placeholder: הצמד המקורי זהה אצל 8 פרויקטים; הוזז 446 מ׳ למקור המפורט. בדיקה אנושית למגרש יחיד: תכנית 606-0232397 כוללת 3 תאי מגורים (102;201;202); הנקודה נמצאת בתוך איחוד תאי המגורים הרשמיים, אך אין בעמוד הוכחה איזה תא הוא הפרויקט."
%d7%a7%d7%94%d7%99%d7%9c%d7%aa-%d7%a7%d7%a0%d7%93%d7%94,32.031548,34.751951,https://ags.iplan.gov.il/arcgisiplan/rest/services/PlanningPublic/Xplan/MapServer/4/query?where=mp_id%3D5000301029+AND+%28mavat_name+LIKE+%27%25%D7%9E%D7%92%D7%95%D7%A8%D7%99%D7%9D%25%27+OR+mavat_name+LIKE+%27%25%D7%93%D7%99%D7%95%D7%A8%25%27%29&outFields=mp_id%2Cpl_id%2Cpl_number%2Cpl_name%2Cnum%2Cmavat_code%2Cmavat_name%2Clegal_area%2Cshape_area%2Cshape_length%2Cstation_desc%2Clast_update_date&returnGeometry=true&outSR=4326&f=geojson,בינונית,"תוקן placeholder: הצמד המקורי זהה אצל 57 פרויקטים; הוזז 6.6 ק״מ למקור המפורט. בדיקה אנושית למגרש יחיד: תכנית 507-0200352 כוללת 12 תאי מגורים (1;2;3;4;5;6;7;8;9;10;11;12); הנקודה נמצאת בתוך איחוד תאי המגורים הרשמיים, אך אין בעמוד הוכחה איזה תא הוא הפרויקט."
%d7%94%d7%97%d7%a8%d7%9e%d7%95%d7%9f,31.876172,34.750586,https://ags.iplan.gov.il/arcgisiplan/rest/services/PlanningPublic/Xplan/MapServer/4/query?where=mp_id%3D4000270803+AND+%28mavat_name+LIKE+%27%25%D7%9E%D7%92%D7%95%D7%A8%D7%99%D7%9D%25%27+OR+mavat_name+LIKE+%27%25%D7%93%D7%99%D7%95%D7%A8%25%27%29&outFields=mp_id%2Cpl_id%2Cpl_number%2Cpl_name%2Cnum%2Cmavat_code%2Cmavat_name%2Clegal_area%2Cshape_area%2Cshape_length%2Cstation_desc%2Clast_update_date&returnGeometry=true&outSR=4326&f=geojson,בינונית,"תוקן placeholder: הצמד המקורי זהה אצל 15 פרויקטים; הוזז 1.2 ק״מ למקור המפורט. בדיקה אנושית למגרש יחיד: תכנית 404-0147124 כוללת 5 תאי מגורים (101;102;103;104;201); הנקודה נמצאת בתוך איחוד תאי המגורים הרשמיים, אך אין בעמוד הוכחה איזה תא הוא הפרויקט."
%d7%90%d7%99%d7%9c%d7%aa,32.128746,34.853900,https://ags.iplan.gov.il/arcgisiplan/rest/services/PlanningPublic/Xplan/MapServer/4/query?where=mp_id%3D5000288187+AND+%28mavat_name+LIKE+%27%25%D7%9E%D7%92%D7%95%D7%A8%D7%99%D7%9D%25%27+OR+mavat_name+LIKE+%27%25%D7%93%D7%99%D7%95%D7%A8%25%27%29&outFields=mp_id%2Cpl_id%2Cpl_number%2Cpl_name%2Cnum%2Cmavat_code%2Cmavat_name%2Clegal_area%2Cshape_area%2Cshape_length%2Cstation_desc%2Clast_update_date&returnGeometry=true&outSR=4326&f=geojson,בינונית,"תוקן placeholder: הצמד המקורי זהה אצל 8 פרויקטים; הוזז 2.2 ק״מ למקור המפורט. בדיקה אנושית למגרש יחיד: תכנית 553-0175711 כוללת 2 תאי מגורים (51;61); הנקודה נמצאת בתוך איחוד תאי המגורים הרשמיים, אך אין בעמוד הוכחה איזה תא הוא הפרויקט."
%d7%94%d7%aa%d7%9e%d7%a8%d7%99%d7%9d-%d7%9e%d7%92%d7%93%d7%99%d7%9d,32.088806,34.822013,https://ags.iplan.gov.il/arcgisiplan/rest/services/PlanningPublic/Xplan/MapServer/4/query?where=mp_id%3D5000327697+AND+%28mavat_name+LIKE+%27%25%D7%9E%D7%92%D7%95%D7%A8%D7%99%D7%9D%25%27+OR+mavat_name+LIKE+%27%25%D7%93%D7%99%D7%95%D7%A8%25%27%29&outFields=mp_id%2Cpl_id%2Cpl_number%2Cpl_name%2Cnum%2Cmavat_code%2Cmavat_name%2Clegal_area%2Cshape_area%2Cshape_length%2Cstation_desc%2Clast_update_date&returnGeometry=true&outSR=4326&f=geojson,גבוהה,תוקן placeholder: הצמד המקורי זהה אצל 76 פרויקטים; הוזז 2.3 ק״מ למקור המפורט. אומת מול תא מגורים רשמי יחיד 1B בתכנית 506-0251132; הנקודה בתוך התא הרשמי.
%d7%94%d7%a8%d7%95%d7%90%d7%94-90-102,32.080188,34.825244,https://ags.iplan.gov.il/arcgisiplan/rest/services/PlanningPublic/Xplan/MapServer/4/query?where=mp_id%3D5000277237+AND+%28mavat_name+LIKE+%27%25%D7%9E%D7%92%D7%95%D7%A8%D7%99%D7%9D%25%27+OR+mavat_name+LIKE+%27%25%D7%93%D7%99%D7%95%D7%A8%25%27%29&outFields=mp_id%2Cpl_id%2Cpl_number%2Cpl_name%2Cnum%2Cmavat_code%2Cmavat_name%2Clegal_area%2Cshape_area%2Cshape_length%2Cstation_desc%2Clast_update_date&returnGeometry=true&outSR=4326&f=geojson,גבוהה,תוקן placeholder: הצמד המקורי זהה אצל 76 פרויקטים; הוזז 1.3 ק״מ למקור המפורט. אומת מול תא מגורים רשמי יחיד 1 בתכנית 506-0155838; הנקודה בתוך התא הרשמי.
%d7%90%d7%97%d7%99-%d7%93%d7%a7%d7%a8,32.119051,34.838493,https://ags.iplan.gov.il/arcgisiplan/rest/services/PlanningPublic/Xplan/MapServer/4/query?where=mp_id%3D5000822871+AND+%28mavat_name+LIKE+%27%25%D7%9E%D7%92%D7%95%D7%A8%D7%99%D7%9D%25%27+OR+mavat_name+LIKE+%27%25%D7%93%D7%99%D7%95%D7%A8%25%27%29&outFields=mp_id%2Cpl_id%2Cpl_number%2Cpl_name%2Cnum%2Cmavat_code%2Cmavat_name%2Clegal_area%2Cshape_area%2Cshape_length%2Cstation_desc%2Clast_update_date&returnGeometry=true&outSR=4326&f=geojson,בינונית,"תוקן placeholder: הצמד המקורי זהה אצל 57 פרויקטים; הוזז 6.5 ק״מ למקור המפורט. בדיקה אנושית למגרש יחיד: תכנית 507-0523845 כוללת 9 תאי מגורים (1;2;3;4;5;6;8;9;10); הנקודה נמצאת בתוך איחוד תאי המגורים הרשמיים, אך אין בעמוד הוכחה איזה תא הוא הפרויקט."
%d7%94%d7%aa%d7%a0%d7%95%d7%a4%d7%94,31.749452,35.218246,https://ags.iplan.gov.il/arcgisiplan/rest/services/PlanningPublic/Xplan/MapServer/4/query?where=mp_id%3D1000243383+AND+%28mavat_name+LIKE+%27%25%D7%9E%D7%92%D7%95%D7%A8%D7%99%D7%9D%25%27+OR+mavat_name+LIKE+%27%25%D7%93%D7%99%D7%95%D7%A8%25%27%29&outFields=mp_id%2Cpl_id%2Cpl_number%2Cpl_name%2Cnum%2Cmavat_code%2Cmavat_name%2Clegal_area%2Cshape_area%2Cshape_length%2Cstation_desc%2Clast_update_date&returnGeometry=true&outSR=4326&f=geojson,בינונית,"תוקן placeholder: הצמד המקורי זהה אצל 197 פרויקטים; הוזז 3.3 ק״מ למקור המפורט. בדיקה אנושית למגרש יחיד: תכנית 101-0098251 כוללת 4 תאי מגורים (1;3;21;22); הנקודה נמצאת בתוך איחוד תאי המגורים הרשמיים, אך אין בעמוד הוכחה איזה תא הוא הפרויקט."
%d7%94%d7%a8%d7%9b%d7%a1%d7%99%d7%9d,32.073125,34.822170,https://mavat.iplan.gov.il/SV4/1/5074367/310,בינונית,"תוקן placeholder: הצמד המקורי זהה אצל 76 פרויקטים; הוזז 547 מ׳ למקור המפורט. אותר קו כחול רשמי ב-GovMap לתכנית רג/ 1393; לא אותרה חלקה/תא מגורים יחיד, ולכן הנקודה בתוך גבול התכנית ואינה הוכחה למגרש מסוים."
%d7%94%d7%a8%d7%91-%d7%a7%d7%95%d7%a7%d7%99%d7%a1,32.020977,34.742895,https://ags.iplan.gov.il/arcgisiplan/rest/services/PlanningPublic/Xplan/MapServer/4/query?where=mp_id%3D5000279489+AND+%28mavat_name+LIKE+%27%25%D7%9E%D7%92%D7%95%D7%A8%D7%99%D7%9D%25%27+OR+mavat_name+LIKE+%27%25%D7%93%D7%99%D7%95%D7%A8%25%27%29&outFields=mp_id%2Cpl_id%2Cpl_number%2Cpl_name%2Cnum%2Cmavat_code%2Cmavat_name%2Clegal_area%2Cshape_area%2Cshape_length%2Cstation_desc%2Clast_update_date&returnGeometry=true&outSR=4326&f=geojson,גבוהה,תוקן placeholder: הצמד המקורי זהה אצל 38 פרויקטים; הוזז 946 מ׳ למקור המפורט. אומת מול תא מגורים רשמי יחיד 1 בתכנית 502-0160044; הנקודה בתוך התא הרשמי.
%d7%94%d7%91%d7%99%d7%aa-%d7%94%d7%9c%d7%91%d7%9f,32.342432,34.855666,https://mavat.iplan.gov.il/SV4/1/4062021/310,בינונית,"תוקן placeholder: הצמד המקורי זהה אצל 40 פרויקטים; הוזז 1.5 ק״מ למקור המפורט. אותר קו כחול רשמי ב-GovMap לתכנית נת/ 555/ 10; לא אותרה חלקה/תא מגורים יחיד, ולכן הנקודה בתוך גבול התכנית ואינה הוכחה למגרש מסוים."
%d7%93%d7%9c%d7%99%d7%94,32.007218,34.756269,https://ags.iplan.gov.il/arcgisiplan/rest/services/PlanningPublic/Xplan/MapServer/4/query?where=mp_id%3D99005056678+AND+%28mavat_name+LIKE+%27%25%D7%9E%D7%92%D7%95%D7%A8%D7%99%D7%9D%25%27+OR+mavat_name+LIKE+%27%25%D7%93%D7%99%D7%95%D7%A8%25%27%29&outFields=mp_id%2Cpl_id%2Cpl_number%2Cpl_name%2Cnum%2Cmavat_code%2Cmavat_name%2Clegal_area%2Cshape_area%2Cshape_length%2Cstation_desc%2Clast_update_date&returnGeometry=true&outSR=4326&f=geojson,בינונית,"תוקן placeholder: הצמד המקורי זהה אצל 38 פרויקטים; הוזז 1.1 ק״מ למקור המפורט. בדיקה אנושית למגרש יחיד: תכנית תמל/ 2035 כוללת 8 תאי מגורים (100;101;102;103;104;105;106;107); הנקודה נמצאת בתוך איחוד תאי המגורים הרשמיים, אך אין בעמוד הוכחה איזה תא הוא הפרויקט."
%d7%99%d7%a4%d7%aa%d7%97,32.058868,34.799413,https://mavat.iplan.gov.il/SV4/1/5000280533/310,בינונית,תוקן placeholder: הצמד המקורי זהה אצל 57 פרויקטים; הוזז 3.4 ק״מ למקור המפורט. אומת ברמת חלקה רשומה: גוש 6133 חלקה 885 (חלקית) מתוך רשימת החלקות הרשמית בתכנית תא/ 4040. נבחרה חלקה ממשית הקרובה למרכז המתחם; הפרויקט כולל 9 חלקות ולכן זו נקודה מייצגת בתוך האתר.
%d7%94%d7%a8%d7%a6%d7%9c-59-61,32.020906,34.743728,https://ags.iplan.gov.il/arcgisiplan/rest/services/PlanningPublic/Xplan/MapServer/4/query?where=mp_id%3D5000276583+AND+%28mavat_name+LIKE+%27%25%D7%9E%D7%92%D7%95%D7%A8%D7%99%D7%9D%25%27+OR+mavat_name+LIKE+%27%25%D7%93%D7%99%D7%95%D7%A8%25%27%29&outFields=mp_id%2Cpl_id%2Cpl_number%2Cpl_name%2Cnum%2Cmavat_code%2Cmavat_name%2Clegal_area%2Cshape_area%2Cshape_length%2Cstation_desc%2Clast_update_date&returnGeometry=true&outSR=4326&f=geojson,גבוהה,תוקן placeholder: הצמד המקורי זהה אצל 38 פרויקטים; הוזז 882 מ׳ למקור המפורט. אומת מול תא מגורים רשמי יחיד 1 בתכנית 502-0154997; הנקודה בתוך התא הרשמי.
%d7%94%d7%a0%d7%95%d7%a8%d7%99%d7%aa-%d7%a7%d7%95%d7%a1%d7%98%d7%94-%d7%a8%d7%99%d7%a7%d7%94,31.752571,35.170536,https://ags.iplan.gov.il/arcgisiplan/rest/services/PlanningPublic/Xplan/MapServer/4/query?where=mp_id%3D1000247779+AND+%28mavat_name+LIKE+%27%25%D7%9E%D7%92%D7%95%D7%A8%D7%99%D7%9D%25%27+OR+mavat_name+LIKE+%27%25%D7%93%D7%99%D7%95%D7%A8%25%27%29&outFields=mp_id%2Cpl_id%2Cpl_number%2Cpl_name%2Cnum%2Cmavat_code%2Cmavat_name%2Clegal_area%2Cshape_area%2Cshape_length%2Cstation_desc%2Clast_update_date&returnGeometry=true&outSR=4326&f=geojson,בינונית,"תוקן placeholder: הצמד המקורי זהה אצל 197 פרויקטים; הוזז 6.0 ק״מ למקור המפורט. בדיקה אנושית למגרש יחיד: תכנית 101-0109876 כוללת 3 תאי מגורים (1;2;3); הנקודה נמצאת בתוך איחוד תאי המגורים הרשמיים, אך אין בעמוד הוכחה איזה תא הוא הפרויקט."
%d7%9e%d7%a9%d7%95%d7%9c%d7%a9-%d7%90%d7%9c%d7%97%d7%a0%d7%9f,32.065091,34.767777,https://mavat.iplan.gov.il/SV4/1/5000267331/310,בינונית,תוקן placeholder: הצמד המקורי זהה אצל 57 פרויקטים; הוזז 2.6 ק״מ למקור המפורט. אומת ברמת חלקה רשומה: גוש 7228 חלקה 65 (חלקית) מתוך רשימת החלקות הרשמית בתכנית תא/ 2615/ ב/ 1. נבחרה חלקה ממשית הקרובה למרכז המתחם; הפרויקט כולל 15 חלקות ולכן זו נקודה מייצגת בתוך האתר.
%d7%9e%d7%aa%d7%97%d7%9d-%d7%a9%d7%9c%d7%9d,32.052709,34.813410,https://ags.iplan.gov.il/arcgisiplan/rest/services/PlanningPublic/Xplan/MapServer/4/query?where=mp_id%3D5000246783+AND+%28mavat_name+LIKE+%27%25%D7%9E%D7%92%D7%95%D7%A8%D7%99%D7%9D%25%27+OR+mavat_name+LIKE+%27%25%D7%93%D7%99%D7%95%D7%A8%25%27%29&outFields=mp_id%2Cpl_id%2Cpl_number%2Cpl_name%2Cnum%2Cmavat_code%2Cmavat_name%2Clegal_area%2Cshape_area%2Cshape_length%2Cstation_desc%2Clast_update_date&returnGeometry=true&outSR=4326&f=geojson,בינונית,"תוקן placeholder: הצמד המקורי זהה אצל 76 פרויקטים; הוזז 2.1 ק״מ למקור המפורט. בדיקה אנושית למגרש יחיד: תכנית 506-0107094 כוללת 3 תאי מגורים (100;101;102); הנקודה נמצאת בתוך איחוד תאי המגורים הרשמיים, אך אין בעמוד הוכחה איזה תא הוא הפרויקט."
%d7%a2%d7%95%d7%96%d7%99%d7%90%d7%9c,32.077662,34.823648,https://ags.iplan.gov.il/arcgisiplan/rest/services/PlanningPublic/Xplan/MapServer/4/query?where=mp_id%3D5000312997+AND+%28mavat_name+LIKE+%27%25%D7%9E%D7%92%D7%95%D7%A8%D7%99%D7%9D%25%27+OR+mavat_name+LIKE+%27%25%D7%93%D7%99%D7%95%D7%A8%25%27%29&outFields=mp_id%2Cpl_id%2Cpl_number%2Cpl_name%2Cnum%2Cmavat_code%2Cmavat_name%2Clegal_area%2Cshape_area%2Cshape_length%2Cstation_desc%2Clast_update_date&returnGeometry=true&outSR=4326&f=geojson,גבוהה,תוקן placeholder: הצמד המקורי זהה אצל 76 פרויקטים; הוזז 1.0 ק״מ למקור המפורט. אומת מול תא מגורים רשמי יחיד 701 בתכנית 506-0222778; הנקודה בתוך התא הרשמי.
%d7%90%d7%a8%d7%91%d7%a2-%d7%90%d7%a8%d7%a6%d7%95%d7%aa,32.077425,34.913666,https://ags.iplan.gov.il/arcgisiplan/rest/services/PlanningPublic/Xplan/MapServer/4/query?where=mp_id%3D4000278731+AND+%28mavat_name+LIKE+%27%25%D7%9E%D7%92%D7%95%D7%A8%D7%99%D7%9D%25%27+OR+mavat_name+LIKE+%27%25%D7%93%D7%99%D7%95%D7%A8%25%27%29&outFields=mp_id%2Cpl_id%2Cpl_number%2Cpl_name%2Cnum%2Cmavat_code%2Cmavat_name%2Clegal_area%2Cshape_area%2Cshape_length%2Cstation_desc%2Clast_update_date&returnGeometry=true&outSR=4326&f=geojson,בינונית,"תוקן placeholder: הצמד המקורי זהה אצל 37 פרויקטים; הוזז 2.8 ק״מ למקור המפורט. בדיקה אנושית למגרש יחיד: תכנית 410-0158550 כוללת 2 תאי מגורים (1;2); הנקודה נמצאת בתוך איחוד תאי המגורים הרשמיים, אך אין בעמוד הוכחה איזה תא הוא הפרויקט."
%d7%a9%d7%91%d7%98-%d7%93%d7%9f,32.071225,34.914276,https://ags.iplan.gov.il/arcgisiplan/rest/services/PlanningPublic/Xplan/MapServer/4/query?where=mp_id%3D4001004761+AND+%28mavat_name+LIKE+%27%25%D7%9E%D7%92%D7%95%D7%A8%D7%99%D7%9D%25%27+OR+mavat_name+LIKE+%27%25%D7%93%D7%99%D7%95%D7%A8%25%27%29&outFields=mp_id%2Cpl_id%2Cpl_number%2Cpl_name%2Cnum%2Cmavat_code%2Cmavat_name%2Clegal_area%2Cshape_area%2Cshape_length%2Cstation_desc%2Clast_update_date&returnGeometry=true&outSR=4326&f=geojson,בינונית,"תוקן placeholder: הצמד המקורי זהה אצל 37 פרויקטים; הוזז 3.2 ק״מ למקור המפורט. בדיקה אנושית למגרש יחיד: תכנית 410-0752113 כוללת 3 תאי מגורים (101;102;602); הנקודה נמצאת בתוך איחוד תאי המגורים הרשמיים, אך אין בעמוד הוכחה איזה תא הוא הפרויקט."
%d7%a9%d7%96%d7%a8,32.511417,34.913773,https://ags.iplan.gov.il/arcgisiplan/rest/services/PlanningPublic/Xplan/MapServer/4/query?where=mp_id%3D3000238621+AND+%28mavat_name+LIKE+%27%25%D7%9E%D7%92%D7%95%D7%A8%D7%99%D7%9D%25%27+OR+mavat_name+LIKE+%27%25%D7%93%D7%99%D7%95%D7%A8%25%27%29&outFields=mp_id%2Cpl_id%2Cpl_number%2Cpl_name%2Cnum%2Cmavat_code%2Cmavat_name%2Clegal_area%2Cshape_area%2Cshape_length%2Cstation_desc%2Clast_update_date&returnGeometry=true&outSR=4326&f=geojson,בינונית,"תוקן מנקודת עיר כללית; הוזז 605 מ׳. בדיקה אנושית למגרש יחיד: תכנית 353-0087494 כוללת 17 תאי מגורים (200;201;202;203;204;205;206;207;208;209;210;211;212;213;214;215;216); הנקודה נמצאת בתוך איחוד תאי המגורים הרשמיים, אך אין בעמוד הוכחה איזה תא הוא הפרויקט."
%d7%95%d7%99%d7%a6%d7%9e%d7%9f,32.192164,34.869773,https://ags.iplan.gov.il/arcgisiplan/rest/services/PlanningPublic/Xplan/MapServer/4/query?where=mp_id%3D4000252823+AND+%28mavat_name+LIKE+%27%25%D7%9E%D7%92%D7%95%D7%A8%D7%99%D7%9D%25%27+OR+mavat_name+LIKE+%27%25%D7%93%D7%99%D7%95%D7%A8%25%27%29&outFields=mp_id%2Cpl_id%2Cpl_number%2Cpl_name%2Cnum%2Cmavat_code%2Cmavat_name%2Clegal_area%2Cshape_area%2Cshape_length%2Cstation_desc%2Clast_update_date&returnGeometry=true&outSR=4326&f=geojson,גבוהה,תוקן placeholder: הצמד המקורי זהה אצל 6 פרויקטים; הוזז 707 מ׳ למקור המפורט. אומת מול תא מגורים רשמי יחיד 3 בתכנית 416-0118315; הנקודה בתוך התא הרשמי.
%d7%a8%d7%9e%d7%aa-%d7%94%d7%a9%d7%a7%d7%9e%d7%94-%d7%a9%d7%a7%d7%9e%d7%94-%d7%a2%d7%9c-%d7%94%d7%a4%d7%90%d7%a8%d7%a7,32.050106,34.822075,https://ags.iplan.gov.il/arcgisiplan/rest/services/PlanningPublic/Xplan/MapServer/4/query?where=mp_id%3D5000307789+AND+%28mavat_name+LIKE+%27%25%D7%9E%D7%92%D7%95%D7%A8%D7%99%D7%9D%25%27+OR+mavat_name+LIKE+%27%25%D7%93%D7%99%D7%95%D7%A8%25%27%29&outFields=mp_id%2Cpl_id%2Cpl_number%2Cpl_name%2Cnum%2Cmavat_code%2Cmavat_name%2Clegal_area%2Cshape_area%2Cshape_length%2Cstation_desc%2Clast_update_date&returnGeometry=true&outSR=4326&f=geojson,בינונית,"תוקן placeholder: הצמד המקורי זהה אצל 76 פרויקטים; הוזז 2.1 ק״מ למקור המפורט. בדיקה אנושית למגרש יחיד: תכנית 506-0212712 כוללת 3 תאי מגורים (101;102;103); הנקודה נמצאת בתוך איחוד תאי המגורים הרשמיים, אך אין בעמוד הוכחה איזה תא הוא הפרויקט."
%d7%94%d7%9e%d7%91%d7%93%d7%99%d7%9c,32.092338,34.816237,https://ags.iplan.gov.il/arcgisiplan/rest/services/PlanningPublic/Xplan/MapServer/4/query?where=mp_id%3D5000293063+AND+%28mavat_name+LIKE+%27%25%D7%9E%D7%92%D7%95%D7%A8%D7%99%D7%9D%25%27+OR+mavat_name+LIKE+%27%25%D7%93%D7%99%D7%95%D7%A8%25%27%29&outFields=mp_id%2Cpl_id%2Cpl_number%2Cpl_name%2Cnum%2Cmavat_code%2Cmavat_name%2Clegal_area%2Cshape_area%2Cshape_length%2Cstation_desc%2Clast_update_date&returnGeometry=true&outSR=4326&f=geojson,גבוהה,תוקן placeholder: הצמד המקורי זהה אצל 76 פרויקטים; הוזז 2.7 ק״מ למקור המפורט. אומת מול תא מגורים רשמי יחיד 2 בתכנית 506-0185744; הנקודה בתוך התא הרשמי.
%d7%94%d7%a0%d7%98%d7%a7%d7%94,31.763341,35.172488,https://ags.iplan.gov.il/arcgisiplan/rest/services/PlanningPublic/Xplan/MapServer/4/query?where=mp_id%3D1000747565+AND+%28mavat_name+LIKE+%27%25%D7%9E%D7%92%D7%95%D7%A8%D7%99%D7%9D%25%27+OR+mavat_name+LIKE+%27%25%D7%93%D7%99%D7%95%D7%A8%25%27%29&outFields=mp_id%2Cpl_id%2Cpl_number%2Cpl_name%2Cnum%2Cmavat_code%2Cmavat_name%2Clegal_area%2Cshape_area%2Cshape_length%2Cstation_desc%2Clast_update_date&returnGeometry=true&outSR=4326&f=geojson,בינונית,"תוקן placeholder: הצמד המקורי זהה אצל 197 פרויקטים; הוזז 5.3 ק״מ למקור המפורט. בדיקה אנושית למגרש יחיד: תכנית 101-0510610 כוללת 2 תאי מגורים (1;2); הנקודה נמצאת בתוך איחוד תאי המגורים הרשמיים, אך אין בעמוד הוכחה איזה תא הוא הפרויקט."
%d7%94%d7%a8%d7%91-%d7%9c%d7%95%d7%99-%d7%a0%d7%99%d7%a1%d7%a0%d7%91%d7%95%d7%99%d7%9d,32.014872,34.753888,https://ags.iplan.gov.il/arcgisiplan/rest/services/PlanningPublic/Xplan/MapServer/4/query?where=mp_id%3D5000296305+AND+%28mavat_name+LIKE+%27%25%D7%9E%D7%92%D7%95%D7%A8%D7%99%D7%9D%25%27+OR+mavat_name+LIKE+%27%25%D7%93%D7%99%D7%95%D7%A8%25%27%29&outFields=mp_id%2Cpl_id%2Cpl_number%2Cpl_name%2Cnum%2Cmavat_code%2Cmavat_name%2Clegal_area%2Cshape_area%2Cshape_length%2Cstation_desc%2Clast_update_date&returnGeometry=true&outSR=4326&f=geojson,בינונית,"תוקן placeholder: הצמד המקורי זהה אצל 38 פרויקטים; הוזז 323 מ׳ למקור המפורט. בדיקה אנושית למגרש יחיד: תכנית 502-0191270 כוללת 14 תאי מגורים (1;2;3;4;5;6;7;8;9;10;11;12;13;14); הנקודה נמצאת בתוך איחוד תאי המגורים הרשמיים, אך אין בעמוד הוכחה איזה תא הוא הפרויקט."
%d7%a9%d7%a4%d7%99%d7%a8%d7%90-%d7%a4%d7%a2%d7%9e%d7%95%d7%a0%d7%99-%d7%94%d7%a2%d7%99%d7%a8,31.799013,34.644389,https://mavat.iplan.gov.il/SV4/1/6000261531/310,בינונית,תוקן placeholder: הצמד המקורי זהה אצל 17 פרויקטים; הוזז 825 מ׳ למקור המפורט. אומת ברמת חלקה רשומה: גוש 2190 חלקה 10 (מלאה) מתוך רשימת החלקות הרשמית בתכנית 3/ 03/ 104/ 66. נבחרה חלקה ממשית הקרובה למרכז המתחם; הפרויקט כולל 3 חלקות ולכן זו נקודה מייצגת בתוך האתר.
%d7%a7%d7%94%d7%99%d7%9c%d7%aa-%d7%95%d7%a8%d7%a9%d7%94-2,32.111490,34.822545,https://mavat.iplan.gov.il/SV4/1/5048060/310,נמוכה,"תוקן placeholder: הצמד המקורי זהה אצל 57 פרויקטים; הוזז 4.8 ק״מ למקור המפורט. בדיקה אנושית: אותר קו כחול רשמי ב-GovMap לתכנית תא/ 2479; לא אותרה חלקה/תא מגורים יחיד, ולכן הנקודה בתוך גבול התכנית ואינה הוכחה למגרש מסוים."
%d7%94%d7%a8%d7%a8%d7%99,32.058635,34.830131,https://ags.iplan.gov.il/arcgisiplan/rest/services/PlanningPublic/Xplan/MapServer/4/query?where=mp_id%3D5000329803+AND+%28mavat_name+LIKE+%27%25%D7%9E%D7%92%D7%95%D7%A8%D7%99%D7%9D%25%27+OR+mavat_name+LIKE+%27%25%D7%93%D7%99%D7%95%D7%A8%25%27%29&outFields=mp_id%2Cpl_id%2Cpl_number%2Cpl_name%2Cnum%2Cmavat_code%2Cmavat_name%2Clegal_area%2Cshape_area%2Cshape_length%2Cstation_desc%2Clast_update_date&returnGeometry=true&outSR=4326&f=geojson,בינונית,"תוקן placeholder: הצמד המקורי זהה אצל 76 פרויקטים; הוזז 1.2 ק״מ למקור המפורט. בדיקה אנושית למגרש יחיד: תכנית 506-0255620 כוללת 3 תאי מגורים (2;3;4); הנקודה נמצאת בתוך איחוד תאי המגורים הרשמיים, אך אין בעמוד הוכחה איזה תא הוא הפרויקט."
%d7%94%d7%9e%d7%a2%d7%a4%d7%99%d7%9c%d7%99%d7%9d,31.805870,34.649873,https://ags.iplan.gov.il/arcgisiplan/rest/services/PlanningPublic/Xplan/MapServer/4/query?where=mp_id%3D6000390881+AND+%28mavat_name+LIKE+%27%25%D7%9E%D7%92%D7%95%D7%A8%D7%99%D7%9D%25%27+OR+mavat_name+LIKE+%27%25%D7%93%D7%99%D7%95%D7%A8%25%27%29&outFields=mp_id%2Cpl_id%2Cpl_number%2Cpl_name%2Cnum%2Cmavat_code%2Cmavat_name%2Clegal_area%2Cshape_area%2Cshape_length%2Cstation_desc%2Clast_update_date&returnGeometry=true&outSR=4326&f=geojson,בינונית,"תוקן placeholder: הצמד המקורי זהה אצל 17 פרויקטים; הוזז 952 מ׳ למקור המפורט. בדיקה אנושית למגרש יחיד: תכנית תמל/ 2022 כוללת 7 תאי מגורים (101;102;103;104;105;106;107); הנקודה נמצאת בתוך איחוד תאי המגורים הרשמיים, אך אין בעמוד הוכחה איזה תא הוא הפרויקט."
%d7%a0%d7%95%d7%95%d7%94-%d7%99%d7%94%d7%95%d7%a9%d7%a2-%d7%9e%d7%a8%d7%9b%d7%96,32.060934,34.834433,https://mavat.iplan.gov.il/SV4/1/5000258581/310,בינונית,תוקן placeholder: הצמד המקורי זהה אצל 76 פרויקטים; הוזז 1.3 ק״מ למקור המפורט. אומת ברמת חלקה רשומה: גוש 6180 חלקה 513 (מלאה) מתוך רשימת החלקות הרשמית בתכנית רג/ 1255/ 3/ א. נבחרה חלקה ממשית הקרובה למרכז המתחם; הפרויקט כולל 5 חלקות ולכן זו נקודה מייצגת בתוך האתר.
%d7%9b%d7%a6%d7%a0%d7%9c%d7%a1%d7%95%d7%9f,32.019235,34.754879,https://mavat.iplan.gov.il/SV4/1/5000270103/310,בינונית,תוקן placeholder: הצמד המקורי זהה אצל 38 פרויקטים; הוזז 587 מ׳ למקור המפורט. אומת ברמת חלקה רשומה: גוש 7131 חלקה 118 (מלאה) מתוך רשימת החלקות הרשמית בתכנית בי/ 517. נבחרה חלקה ממשית הקרובה למרכז המתחם; הפרויקט כולל 15 חלקות ולכן זו נקודה מייצגת בתוך האתר.
%d7%94%d7%a7%d7%a8%d7%9f,,,,נמוכה,"בדיקה אנושית: לא נמצא מקור שמאפשר למסור נקודה ברמת מגרש בביטחון; lat/lng הושארו ריקים. בדיקה אנושית: XPLAN לא החזיר תכניות המשויכות לעיר בשם הנתון, ולא נמצאה התאמת שם רשמית ייחודית."
%d7%9e%d7%a0%d7%93%d7%9c%d7%91%d7%9c%d7%98,32.167248,34.832122,https://ags.iplan.gov.il/arcgisiplan/rest/services/PlanningPublic/Xplan/MapServer/4/query?where=mp_id%3D5000353425+AND+%28mavat_name+LIKE+%27%25%D7%9E%D7%92%D7%95%D7%A8%D7%99%D7%9D%25%27+OR+mavat_name+LIKE+%27%25%D7%93%D7%99%D7%95%D7%A8%25%27%29&outFields=mp_id%2Cpl_id%2Cpl_number%2Cpl_name%2Cnum%2Cmavat_code%2Cmavat_name%2Clegal_area%2Cshape_area%2Cshape_length%2Cstation_desc%2Clast_update_date&returnGeometry=true&outSR=4326&f=geojson,בינונית,"תוקן placeholder: הצמד המקורי זהה אצל 25 פרויקטים; הוזז 1.4 ק״מ למקור המפורט. בדיקה אנושית למגרש יחיד: תכנית 504-0306563 כוללת 4 תאי מגורים (12;11A;13A;14A); הנקודה נמצאת בתוך איחוד תאי המגורים הרשמיים, אך אין בעמוד הוכחה איזה תא הוא הפרויקט."
%d7%94%d7%96%d7%9e%d7%99%d7%a8,32.057320,34.859831,https://mavat.iplan.gov.il/SV4/1/5000199087/310,נמוכה,"תוקן placeholder: הצמד המקורי זהה אצל 17 פרויקטים; הוזז 186 מ׳ למקור המפורט. בדיקה אנושית: אותר קו כחול רשמי ב-GovMap לתכנית קא/ מק/ 213; לא אותרה חלקה/תא מגורים יחיד, ולכן הנקודה בתוך גבול התכנית ואינה הוכחה למגרש מסוים."
%d7%9e%d7%aa%d7%97%d7%9d-%d7%90%d7%a8%d7%9c%d7%95%d7%96%d7%95%d7%a8%d7%95%d7%91-%d7%94%d7%9e%d7%aa%d7%9e%d7%99%d7%93,32.083081,34.806102,https://ags.iplan.gov.il/arcgisiplan/rest/services/PlanningPublic/Xplan/MapServer/4/query?where=mp_id%3D5005374872+AND+%28mavat_name+LIKE+%27%25%D7%9E%D7%92%D7%95%D7%A8%D7%99%D7%9D%25%27+OR+mavat_name+LIKE+%27%25%D7%93%D7%99%D7%95%D7%A8%25%27%29&outFields=mp_id%2Cpl_id%2Cpl_number%2Cpl_name%2Cnum%2Cmavat_code%2Cmavat_name%2Clegal_area%2Cshape_area%2Cshape_length%2Cstation_desc%2Clast_update_date&returnGeometry=true&outSR=4326&f=geojson,גבוהה,תוקן placeholder: הצמד המקורי זהה אצל 76 פרויקטים; הוזז 2.4 ק״מ למקור המפורט. אומת מול תא מגורים רשמי יחיד 101 בתכנית 506-1325265; הנקודה בתוך התא הרשמי.
%d7%9b%d7%a0%d7%a8%d7%aa,32.190580,34.878904,https://mavat.iplan.gov.il/SV4/1/4000236919/310,בינונית,תוקן placeholder: הצמד המקורי זהה אצל 6 פרויקטים; הוזז 1.2 ק״מ למקור המפורט. אומת ברמת חלקה רשומה: גוש 7655 חלקה 311 (מלאה) מתוך רשימת החלקות הרשמית בתכנית רע/ 720. נבחרה חלקה ממשית הקרובה למרכז המתחם; הפרויקט כולל 3 חלקות ולכן זו נקודה מייצגת בתוך האתר.
%d7%9c%d7%91%d7%99%d7%90,32.078551,34.819869,https://ags.iplan.gov.il/arcgisiplan/rest/services/PlanningPublic/Xplan/MapServer/4/query?where=mp_id%3D5000987083+AND+%28mavat_name+LIKE+%27%25%D7%9E%D7%92%D7%95%D7%A8%D7%99%D7%9D%25%27+OR+mavat_name+LIKE+%27%25%D7%93%D7%99%D7%95%D7%A8%25%27%29&outFields=mp_id%2Cpl_id%2Cpl_number%2Cpl_name%2Cnum%2Cmavat_code%2Cmavat_name%2Clegal_area%2Cshape_area%2Cshape_length%2Cstation_desc%2Clast_update_date&returnGeometry=true&outSR=4326&f=geojson,גבוהה,תוקן placeholder: הצמד המקורי זהה אצל 24 פרויקטים; הוזז 1.0 ק״מ למקור המפורט. אומת מול תא מגורים רשמי יחיד 101 בתכנית 503-0723387; הנקודה בתוך התא הרשמי.
%d7%91%d7%99%d7%90%d7%9c%d7%99%d7%a7-%d7%91%d7%a0%d7%99%d7%9e%d7%99%d7%9f,32.086749,34.806780,https://ags.iplan.gov.il/arcgisiplan/rest/services/PlanningPublic/Xplan/MapServer/4/query?where=mp_id%3D5001005751+AND+%28mavat_name+LIKE+%27%25%D7%9E%D7%92%D7%95%D7%A8%D7%99%D7%9D%25%27+OR+mavat_name+LIKE+%27%25%D7%93%D7%99%D7%95%D7%A8%25%27%29&outFields=mp_id%2Cpl_id%2Cpl_number%2Cpl_name%2Cnum%2Cmavat_code%2Cmavat_name%2Clegal_area%2Cshape_area%2Cshape_length%2Cstation_desc%2Clast_update_date&returnGeometry=true&outSR=4326&f=geojson,גבוהה,תוקן placeholder: הצמד המקורי זהה אצל 76 פרויקטים; הוזז 2.6 ק״מ למקור המפורט. אומת מול תא מגורים רשמי יחיד 1 בתכנית 506-0753913; הנקודה בתוך התא הרשמי.
%d7%94%d7%97%d7%9c%d7%95%d7%a5,32.131225,34.858514,https://mavat.iplan.gov.il/SV4/1/5077861/310,בינונית,"תוקן placeholder: הצמד המקורי זהה אצל 8 פרויקטים; הוזז 2.3 ק״מ למקור המפורט. אותר קו כחול רשמי ב-GovMap לתכנית רש/ 1066; לא אותרה חלקה/תא מגורים יחיד, ולכן הנקודה בתוך גבול התכנית ואינה הוכחה למגרש מסוים."
%d7%a2%d7%9c%d7%99%d7%aa-%d7%94%d7%9e%d7%aa%d7%9e%d7%99%d7%93-%d7%90%d7%a8%d7%9c%d7%95%d7%96%d7%95%d7%a8%d7%95%d7%91,,,https://mavat.iplan.gov.il/SV4/1/5000208547/310,נמוכה,"בדיקה אנושית: לא נמצא מקור שמאפשר למסור נקודה ברמת מגרש בביטחון; lat/lng הושארו ריקים. מקור מבא״ת מזוהה לתכנית רג/ 1423/ א, אך לא נמצא גבול זמין או גוש/חלקה שניתן לאתר חד-משמעית ב-GovMap."
%d7%a0%d7%97%d7%9c%d7%aa-%d7%99%d7%94%d7%95%d7%93%d7%94-%d7%91,31.985049,34.809467,https://ags.iplan.gov.il/arcgisiplan/rest/services/PlanningPublic/Xplan/MapServer/4/query?where=mp_id%3D4000269173+AND+%28mavat_name+LIKE+%27%25%D7%9E%D7%92%D7%95%D7%A8%D7%99%D7%9D%25%27+OR+mavat_name+LIKE+%27%25%D7%93%D7%99%D7%95%D7%A8%25%27%29&outFields=mp_id%2Cpl_id%2Cpl_number%2Cpl_name%2Cnum%2Cmavat_code%2Cmavat_name%2Clegal_area%2Cshape_area%2Cshape_length%2Cstation_desc%2Clast_update_date&returnGeometry=true&outSR=4326&f=geojson,בינונית,"תוקן placeholder: הצמד המקורי זהה אצל 19 פרויקטים; הוזז 2.4 ק״מ למקור המפורט. בדיקה אנושית למגרש יחיד: תכנית 413-0144980 כוללת 11 תאי מגורים (101;102;103;104;105;106;111;112A;112B;113A;113B); הנקודה נמצאת בתוך איחוד תאי המגורים הרשמיים, אך אין בעמוד הוכחה איזה תא הוא הפרויקט."
%d7%99%d7%95%d7%a1%d7%a4%d7%98%d7%9c-%d7%9e%d7%96%d7%a8%d7%97,32.016668,34.757660,https://ags.iplan.gov.il/arcgisiplan/rest/services/PlanningPublic/Xplan/MapServer/4/query?where=mp_id%3D5000295037+AND+%28mavat_name+LIKE+%27%25%D7%9E%D7%92%D7%95%D7%A8%D7%99%D7%9D%25%27+OR+mavat_name+LIKE+%27%25%D7%93%D7%99%D7%95%D7%A8%25%27%29&outFields=mp_id%2Cpl_id%2Cpl_number%2Cpl_name%2Cnum%2Cmavat_code%2Cmavat_name%2Clegal_area%2Cshape_area%2Cshape_length%2Cstation_desc%2Clast_update_date&returnGeometry=true&outSR=4326&f=geojson,בינונית,"תוקן placeholder: הצמד המקורי זהה אצל 38 פרויקטים; הוזז 686 מ׳ למקור המפורט. בדיקה אנושית למגרש יחיד: תכנית 502-0189183 כוללת 8 תאי מגורים (202;203;204;301;1001B;101B;102B;103B); הנקודה נמצאת בתוך איחוד תאי המגורים הרשמיים, אך אין בעמוד הוכחה איזה תא הוא הפרויקט."
%d7%94%d7%a8%d7%a6%d7%95%d7%92-%d7%9e%d7%a2%d7%a8%d7%91,32.341292,34.855808,https://ags.iplan.gov.il/arcgisiplan/rest/services/PlanningPublic/Xplan/MapServer/4/query?where=mp_id%3D4000367195+AND+%28mavat_name+LIKE+%27%25%D7%9E%D7%92%D7%95%D7%A8%D7%99%D7%9D%25%27+OR+mavat_name+LIKE+%27%25%D7%93%D7%99%D7%95%D7%A8%25%27%29&outFields=mp_id%2Cpl_id%2Cpl_number%2Cpl_name%2Cnum%2Cmavat_code%2Cmavat_name%2Clegal_area%2Cshape_area%2Cshape_length%2Cstation_desc%2Clast_update_date&returnGeometry=true&outSR=4326&f=geojson,גבוהה,תוקן placeholder: הצמד המקורי זהה אצל 40 פרויקטים; הוזז 1.4 ק״מ למקור המפורט. אומת מול תא מגורים רשמי יחיד 1 בתכנית 408-0334599; הנקודה בתוך התא הרשמי.
%d7%94%d7%a8%d7%95%d7%92%d7%99-%d7%9e%d7%9c%d7%9b%d7%95%d7%aa-%d7%91%d7%91%d7%9c-%d7%94%d7%9b%d7%9c%d7%a0%d7%99%d7%aa,32.056781,34.863739,https://mavat.iplan.gov.il/SV4/1/5000196457/310,בינונית,"תוקן placeholder: הצמד המקורי זהה אצל 17 פרויקטים; הוזז 552 מ׳ למקור המפורט. אותר קו כחול רשמי ב-GovMap לתכנית קא/ 402; לא אותרה חלקה/תא מגורים יחיד, ולכן הנקודה בתוך גבול התכנית ואינה הוכחה למגרש מסוים."
%d7%9c%d7%95%d7%99-%d7%90%d7%a9%d7%9b%d7%95%d7%9c-%d7%a6%d7%a4%d7%95%d7%9f,32.059505,34.864178,https://ags.iplan.gov.il/arcgisiplan/rest/services/PlanningPublic/Xplan/MapServer/4/query?where=mp_id%3D5000303841+AND+%28mavat_name+LIKE+%27%25%D7%9E%D7%92%D7%95%D7%A8%D7%99%D7%9D%25%27+OR+mavat_name+LIKE+%27%25%D7%93%D7%99%D7%95%D7%A8%25%27%29&outFields=mp_id%2Cpl_id%2Cpl_number%2Cpl_name%2Cnum%2Cmavat_code%2Cmavat_name%2Clegal_area%2Cshape_area%2Cshape_length%2Cstation_desc%2Clast_update_date&returnGeometry=true&outSR=4326&f=geojson,בינונית,"תוקן placeholder: הצמד המקורי זהה אצל 17 פרויקטים; הוזז 594 מ׳ למקור המפורט. בדיקה אנושית למגרש יחיד: תכנית 508-0205393 כוללת 11 תאי מגורים (101;102;103;104;105;106;107;108;109;110;111); הנקודה נמצאת בתוך איחוד תאי המגורים הרשמיים, אך אין בעמוד הוכחה איזה תא הוא הפרויקט."
%d7%91%d7%a8-%d7%99%d7%94%d7%95%d7%93%d7%94,32.055154,34.865102,https://ags.iplan.gov.il/arcgisiplan/rest/services/PlanningPublic/Xplan/MapServer/4/query?where=mp_id%3D5000320893+AND+%28mavat_name+LIKE+%27%25%D7%9E%D7%92%D7%95%D7%A8%D7%99%D7%9D%25%27+OR+mavat_name+LIKE+%27%25%D7%93%D7%99%D7%95%D7%A8%25%27%29&outFields=mp_id%2Cpl_id%2Cpl_number%2Cpl_name%2Cnum%2Cmavat_code%2Cmavat_name%2Clegal_area%2Cshape_area%2Cshape_length%2Cstation_desc%2Clast_update_date&returnGeometry=true&outSR=4326&f=geojson,בינונית,"תוקן placeholder: הצמד המקורי זהה אצל 17 פרויקטים; הוזז 738 מ׳ למקור המפורט. בדיקה אנושית למגרש יחיד: תכנית 508-0238428 כוללת 9 תאי מגורים (600;1000;1001;1002;1003;1004;1005;1006;1007); הנקודה נמצאת בתוך איחוד תאי המגורים הרשמיים, אך אין בעמוד הוכחה איזה תא הוא הפרויקט."
%d7%94%d7%a8%d7%91-%d7%a9%d7%90%d7%95%d7%9c%d7%99,31.796648,34.642860,https://mavat.iplan.gov.il/SV4/1/6000262185/310,בינונית,תוקן placeholder: הצמד המקורי זהה אצל 17 פרויקטים; הוזז 965 מ׳ למקור המפורט. אומת ברמת חלקה רשומה: גוש 2190 חלקה 15 (מלאה) מתוך רשימת החלקות הרשמית בתכנית 3/ 03/ 104/ 67. נבחרה חלקה ממשית הקרובה למרכז המתחם; הפרויקט כולל 20 חלקות ולכן זו נקודה מייצגת בתוך האתר.
%d7%94%d7%93%d7%a7%d7%9c,31.805541,34.641104,https://mavat.iplan.gov.il/SV4/1/6072140/310,נמוכה,"תוקן placeholder: הצמד המקורי זהה אצל 17 פרויקטים; הוזז 1.4 ק״מ למקור המפורט. בדיקה אנושית: אותר קו כחול רשמי ב-GovMap לתכנית 3/ 03/ 102/ 94; לא אותרה חלקה/תא מגורים יחיד, ולכן הנקודה בתוך גבול התכנית ואינה הוכחה למגרש מסוים."
%d7%91%d7%9c%d7%a4%d7%95%d7%a8,32.011305,34.742572,https://mavat.iplan.gov.il/SV4/1/5076396/310,בינונית,"תוקן placeholder: הצמד המקורי זהה אצל 38 פרויקטים; הוזז 881 מ׳ למקור המפורט. אותר קו כחול רשמי ב-GovMap לתכנית בי/ 479; לא אותרה חלקה/תא מגורים יחיד, ולכן הנקודה בתוך גבול התכנית ואינה הוכחה למגרש מסוים."
%d7%9e%d7%92%d7%93%d7%9c-%d7%94%d7%99%d7%9d-%d7%a8%d7%95%d7%98%d7%a9%d7%99%d7%9c%d7%93-2,32.026318,34.741711,https://ags.iplan.gov.il/arcgisiplan/rest/services/PlanningPublic/Xplan/MapServer/4/query?where=mp_id%3D5000271293+AND+%28mavat_name+LIKE+%27%25%D7%9E%D7%92%D7%95%D7%A8%D7%99%D7%9D%25%27+OR+mavat_name+LIKE+%27%25%D7%93%D7%99%D7%95%D7%A8%25%27%29&outFields=mp_id%2Cpl_id%2Cpl_number%2Cpl_name%2Cnum%2Cmavat_code%2Cmavat_name%2Clegal_area%2Cshape_area%2Cshape_length%2Cstation_desc%2Clast_update_date&returnGeometry=true&outSR=4326&f=geojson,גבוהה,תוקן placeholder: הצמד המקורי זהה אצל 38 פרויקטים; הוזז 1.5 ק״מ למקור המפורט. אומת מול תא מגורים רשמי יחיד 1001A בתכנית 502-0147678; הנקודה בתוך התא הרשמי.
%d7%a8%d7%95%d7%98%d7%a9%d7%99%d7%9c%d7%93,32.027080,34.742448,https://ags.iplan.gov.il/arcgisiplan/rest/services/PlanningPublic/Xplan/MapServer/4/query?where=mp_id%3D5000299051+AND+%28mavat_name+LIKE+%27%25%D7%9E%D7%92%D7%95%D7%A8%D7%99%D7%9D%25%27+OR+mavat_name+LIKE+%27%25%D7%93%D7%99%D7%95%D7%A8%25%27%29&outFields=mp_id%2Cpl_id%2Cpl_number%2Cpl_name%2Cnum%2Cmavat_code%2Cmavat_name%2Clegal_area%2Cshape_area%2Cshape_length%2Cstation_desc%2Clast_update_date&returnGeometry=true&outSR=4326&f=geojson,בינונית,"תוקן placeholder: הצמד המקורי זהה אצל 38 פרויקטים; הוזז 1.5 ק״מ למקור המפורט. בדיקה אנושית למגרש יחיד: תכנית 502-0196659 כוללת 3 תאי מגורים (101;102;201); הנקודה נמצאת בתוך איחוד תאי המגורים הרשמיים, אך אין בעמוד הוכחה איזה תא הוא הפרויקט."
%d7%a9%d7%95%d7%a7-%d7%90%d7%a9%d7%9b%d7%a0%d7%96%d7%99,32.029647,34.890872,https://mavat.iplan.gov.il/SV4/1/4072383/310,בינונית,"תוקן placeholder: הצמד המקורי זהה אצל 11 פרויקטים; הוזז 479 מ׳ למקור המפורט. אותר קו כחול רשמי ב-GovMap לתכנית יד/ מק/ 6175; לא אותרה חלקה/תא מגורים יחיד, ולכן הנקודה בתוך גבול התכנית ואינה הוכחה למגרש מסוים."
%d7%a2%d7%9e%d7%a7-%d7%94%d7%97%d7%95%d7%9c%d7%94,32.061379,34.833650,https://mavat.iplan.gov.il/SV4/1/5051676/310,בינונית,"תוקן placeholder: הצמד המקורי זהה אצל 76 פרויקטים; הוזז 1.2 ק״מ למקור המפורט. אותר קו כחול רשמי ב-GovMap לתכנית רג/ 1255/ 2; לא אותרה חלקה/תא מגורים יחיד, ולכן הנקודה בתוך גבול התכנית ואינה הוכחה למגרש מסוים."
%d7%94%d7%a8%d7%95%d7%9e%d7%a0%d7%99%d7%9d,32.314343,34.859890,https://mavat.iplan.gov.il/SV4/1/4104784/310,בינונית,תוקן placeholder: הצמד המקורי זהה אצל 40 פרויקטים; הוזז 1.6 ק״מ למקור המפורט. אומת ברמת חלקה רשומה: גוש 8242 חלקה 116 (מלאה) מתוך רשימת החלקות הרשמית בתכנית נת/ 542/ ו. נבחרה חלקה ממשית הקרובה למרכז המתחם; הפרויקט כולל 26 חלקות ולכן זו נקודה מייצגת בתוך האתר.
%d7%9e%d7%92%d7%93%d7%9c%d7%99-%d7%94%d7%92%d7%a4%d7%9f-2,32.090134,34.813693,https://mavat.iplan.gov.il/SV4/1/5074394/310,בינונית,"תוקן placeholder: הצמד המקורי זהה אצל 76 פרויקטים; הוזז 2.6 ק״מ למקור המפורט. אותר קו כחול רשמי ב-GovMap לתכנית רג/ 1416; לא אותרה חלקה/תא מגורים יחיד, ולכן הנקודה בתוך גבול התכנית ואינה הוכחה למגרש מסוים."
%d7%a7%d7%a4%d7%9c%d7%9f,32.020461,34.809906,https://mavat.iplan.gov.il/SV4/1/5073412/310,נמוכה,"תוקן placeholder: הצמד המקורי זהה אצל 5 פרויקטים; הוזז 1.1 ק״מ למקור המפורט. בדיקה אנושית: אותר קו כחול רשמי ב-GovMap לתכנית מאא/ 234; לא אותרה חלקה/תא מגורים יחיד, ולכן הנקודה בתוך גבול התכנית ואינה הוכחה למגרש מסוים."
%d7%9b%d7%a4%d7%a8-%d7%92%d7%91%d7%99%d7%a8%d7%95%d7%9c,31.894729,34.773394,https://mavat.iplan.gov.il/SV4/1/4065751/310,נמוכה,"תוקן placeholder: הצמד המקורי זהה אצל 14 פרויקטים; הוזז 3.5 ק״מ למקור המפורט. בדיקה אנושית: אותר קו כחול רשמי ב-GovMap לתכנית רח/ 2001/ 8/ ב; לא אותרה חלקה/תא מגורים יחיד, ולכן הנקודה בתוך גבול התכנית ואינה הוכחה למגרש מסוים."
%d7%95%d7%95%d7%9c%d7%a4%d7%a1%d7%95%d7%9f,32.088139,34.892869,https://mavat.iplan.gov.il/SV4/1/4099338/310,בינונית,"תוקן placeholder: הצמד המקורי זהה אצל 37 פרויקטים; הוזז 649 מ׳ למקור המפורט. אותר קו כחול רשמי ב-GovMap לתכנית פת/ 1210/ 52/ א; לא אותרה חלקה/תא מגורים יחיד, ולכן הנקודה בתוך גבול התכנית ואינה הוכחה למגרש מסוים."
%d7%a9%d7%98%d7%a8%d7%9f,,,,נמוכה,בדיקה אנושית: לא נמצא מקור שמאפשר למסור נקודה ברמת מגרש בביטחון; lat/lng הושארו ריקים. בדיקה אנושית: לא נמצאה ב-XPLAN תכנית בעיר ששמה תואם באופן מספק לשם הפרויקט.
%d7%91%d7%9c%d7%95%d7%a7-101,31.728612,34.745500,https://ags.iplan.gov.il/arcgisiplan/rest/services/PlanningPublic/Xplan/MapServer/4/query?where=mp_id%3D6000390577+AND+%28mavat_name+LIKE+%27%25%D7%9E%D7%92%D7%95%D7%A8%D7%99%D7%9D%25%27+OR+mavat_name+LIKE+%27%25%D7%93%D7%99%D7%95%D7%A8%25%27%29&outFields=mp_id%2Cpl_id%2Cpl_number%2Cpl_name%2Cnum%2Cmavat_code%2Cmavat_name%2Clegal_area%2Cshape_area%2Cshape_length%2Cstation_desc%2Clast_update_date&returnGeometry=true&outSR=4326&f=geojson,גבוהה,תוקן placeholder: הצמד המקורי זהה אצל 4 פרויקטים; הוזז 343 מ׳ למקור המפורט. אומת מול תא מגורים רשמי יחיד 1 בתכנית 617-0379792; הנקודה בתוך התא הרשמי.
%d7%94%d7%93%d7%a8-%d7%99%d7%95%d7%a1%d7%a3-%d7%9c%d7%95%d7%93%d7%92,32.107392,34.818783,https://mavat.iplan.gov.il/SV4/1/5053862/310,בינונית,"תוקן placeholder: הצמד המקורי זהה אצל 57 פרויקטים; הוזז 4.3 ק״מ למקור המפורט. אותר קו כחול רשמי ב-GovMap לתכנית תא/ מק/ 3569; לא אותרה חלקה/תא מגורים יחיד, ולכן הנקודה בתוך גבול התכנית ואינה הוכחה למגרש מסוים."
%d7%98%d7%90%d7%92%d7%95%d7%a8,32.113723,34.796397,https://mavat.iplan.gov.il/SV4/1/5075936/310,בינונית,"תוקן placeholder: הצמד המקורי זהה אצל 57 פרויקטים; הוזז 3.4 ק״מ למקור המפורט. אותר קו כחול רשמי ב-GovMap לתכנית תא/ 3853/ מח; לא אותרה חלקה/תא מגורים יחיד, ולכן הנקודה בתוך גבול התכנית ואינה הוכחה למגרש מסוים."
%d7%a8%d7%a7%d7%90%d7%a0%d7%98%d7%99,32.123519,34.802253,https://mavat.iplan.gov.il/SV4/1/5075751/310,בינונית,"תוקן placeholder: הצמד המקורי זהה אצל 57 פרויקטים; הוזז 4.7 ק״מ למקור המפורט. אותר קו כחול רשמי ב-GovMap לתכנית תא/ 3850/ מח; לא אותרה חלקה/תא מגורים יחיד, ולכן הנקודה בתוך גבול התכנית ואינה הוכחה למגרש מסוים."
%d7%91%d7%a8%d7%a0%d7%93%d7%99%d7%a1,,,https://mavat.iplan.gov.il/SV4/1/4060866/310,נמוכה,"בדיקה אנושית: לא נמצא מקור שמאפשר למסור נקודה ברמת מגרש בביטחון; lat/lng הושארו ריקים. מקור מבא״ת מזוהה לתכנית רע/ 1/ 511, אך לא נמצא גבול זמין או גוש/חלקה שניתן לאתר חד-משמעית ב-GovMap."
%d7%a1%d7%9c%d7%a2,31.966534,34.818620,https://mavat.iplan.gov.il/SV4/1/4097824/310,נמוכה,"תוקן placeholder: הצמד המקורי זהה אצל 19 פרויקטים; הוזז 867 מ׳ למקור המפורט. בדיקה אנושית: אותר קו כחול רשמי ב-GovMap לתכנית רצ/ מק/ 1/ 13/ 19/ 4; לא אותרה חלקה/תא מגורים יחיד, ולכן הנקודה בתוך גבול התכנית ואינה הוכחה למגרש מסוים."
%d7%a8%d7%9e%d7%aa-%d7%90%d7%9c%d7%99%d7%94%d7%95-%d7%a4%d7%95%d7%96%d7%a0%d7%a0%d7%a1%d7%a7%d7%99,31.982589,34.785371,https://ags.iplan.gov.il/arcgisiplan/rest/services/PlanningPublic/Xplan/MapServer/4/query?where=mp_id%3D4000346997+AND+%28mavat_name+LIKE+%27%25%D7%9E%D7%92%D7%95%D7%A8%D7%99%D7%9D%25%27+OR+mavat_name+LIKE+%27%25%D7%93%D7%99%D7%95%D7%A8%25%27%29&outFields=mp_id%2Cpl_id%2Cpl_number%2Cpl_name%2Cnum%2Cmavat_code%2Cmavat_name%2Clegal_area%2Cshape_area%2Cshape_length%2Cstation_desc%2Clast_update_date&returnGeometry=true&outSR=4326&f=geojson,בינונית,"תוקן placeholder: הצמד המקורי זהה אצל 19 פרויקטים; הוזז 3.1 ק״מ למקור המפורט. בדיקה אנושית למגרש יחיד: תכנית 413-0292680 כוללת 5 תאי מגורים (1;2A;3A;4A;5A); הנקודה נמצאת בתוך איחוד תאי המגורים הרשמיים, אך אין בעמוד הוכחה איזה תא הוא הפרויקט."
%d7%a9%d7%90%d7%95%d7%9c-%d7%94%d7%9e%d7%9c%d7%9a,,,https://mavat.iplan.gov.il/SV4/1/5052333/310,נמוכה,"בדיקה אנושית: לא נמצא מקור שמאפשר למסור נקודה ברמת מגרש בביטחון; lat/lng הושארו ריקים. מקור מבא״ת מזוהה לתכנית קא/ מק/ 61/ 285/ א, אך לא נמצא גבול זמין או גוש/חלקה שניתן לאתר חד-משמעית ב-GovMap."
%d7%99%d7%a9%d7%a2%d7%99%d7%94%d7%95,32.060455,34.865932,https://mavat.iplan.gov.il/SV4/1/5048159/310,בינונית,"תוקן placeholder: הצמד המקורי זהה אצל 17 פרויקטים; הוזז 783 מ׳ למקור המפורט. אותר קו כחול רשמי ב-GovMap לתכנית תממ/ 284; לא אותרה חלקה/תא מגורים יחיד, ולכן הנקודה בתוך גבול התכנית ואינה הוכחה למגרש מסוים."
%d7%a2%d7%a8%d7%91%d7%99-%d7%a0%d7%97%d7%9c,32.079249,34.800469,https://mavat.iplan.gov.il/SV4/1/5073314/310,בינונית,"תוקן placeholder: הצמד המקורי זהה אצל 24 פרויקטים; הוזז 1.2 ק״מ למקור המפורט. אותר קו כחול רשמי ב-GovMap לתכנית גב/ 490; לא אותרה חלקה/תא מגורים יחיד, ולכן הנקודה בתוך גבול התכנית ואינה הוכחה למגרש מסוים."
